ticker,name,price,fetched_at,c1_price_vs_52w_low_passes,c1_price_vs_52w_low_value,c2_market_cap_passes,c2_market_cap_value,c3_eps_growth_passes,c3_eps_growth_value,c4_avg_volume_passes,c4_avg_volume_value,c5_price_vs_sma50_passes,c5_price_vs_sma50_value,c6_volatility_1m_passes,c6_volatility_1m_value,c7_revenue_growth_passes,c7_revenue_growth_value,c8_float_passes,c8_float_value,c9_us_market_passes,c9_us_market_value,passes_all,error
AACI,Armada Acquisition Corp. III,10.06,2026-10-03T00:59:39.683095+00:00,False,+3.3%,True,$342.3M,,N/A,False,26.2K,True,$10.06 / SMA $10.03,False,0.15%,,N/A,True,23.1M,True,NGM,False,
AAUKF,Anglo American plc,51.65,2026-10-03T00:50:21.611713+00:00,False,+45.7%,True,$55342.4M,,N/A,False,1.1K,False,$51.65 / SMA $53.75,False,0.23%,,N/A,False,951.8M,False,OQX,False,
AAVMY,ABN AMRO Bank N.V.,47.45,2026-10-03T00:50:27.501115+00:00,False,+66.7%,True,$38668.7M,True,+34.3%,False,19.9K,False,$47.45 / SMA $47.49,False,1.12%,False,+13.1%,False,550.0M,False,PNK,False,
AB,AllianceBernstein Holding L.P.,35.0,2026-10-03T00:54:12.009737+00:00,False,+1.2%,True,$3257.6M,False,+20.3%,False,284.0K,False,$35.00 / SMA $36.24,False,1.64%,,N/A,True,92.3M,True,NYQ,False,
ABBRF,AbraSilver Resource Corp.,8.51,2026-10-03T00:55:57.363813+00:00,True,+119.9%,True,$1408.3M,False,+-150.0%,False,193.1K,False,$8.51 / SMA $10.54,True,5.79%,,N/A,True,143.8M,False,OQX,False,
ABM,ABM Industries Incorporated,48.97,2026-10-03T00:54:20.583244+00:00,False,+32.5%,True,$2870.4M,True,+25.4%,False,446.4K,True,$48.97 / SMA $48.10,False,2.86%,False,+4.2%,True,57.9M,True,NYQ,False,
ABR,"Arbor Realty Trust, Inc.",3.56,2026-10-03T00:57:41.981642+00:00,False,+0.3%,True,$721.7M,False,+-100.0%,True,4257.2K,False,$3.56 / SMA $4.79,True,3.99%,False,+-12.3%,False,178.1M,True,NYQ,False,
ACA,"Arcosa, Inc.",146.5,2026-10-03T00:52:28.621714+00:00,False,+64.6%,True,$7194.1M,True,+446.7%,True,678.7K,True,$146.50 / SMA $145.45,False,0.26%,False,+1.7%,True,48.2M,True,NYQ,False,
ACAA,Averin Capital Acquisition Corp.,10.05,2026-10-03T00:59:38.072051+00:00,False,+5.1%,True,$358.6M,,N/A,False,32.5K,True,$10.05 / SMA $10.00,False,0.02%,,N/A,True,28.3M,True,NGM,False,
ACCO,ACCO Brands Corporation,4.3,2026-10-03T00:59:38.369649+00:00,False,+53.0%,True,$396.9M,False,+-51.6%,True,679.4K,True,$4.30 / SMA $4.24,False,2.74%,,N/A,True,88.1M,True,NYQ,False,
ACGBF,Agricultural Bank of China Limited,0.79,2026-10-03T00:50:13.405095+00:00,False,+27.4%,True,$276486.6M,,N/A,False,0.4K,True,$0.79 / SMA $0.78,False,0.30%,False,+11.9%,False,200428.3M,False,PNK,False,
ACGLO,Arch Capital Group Ltd.,18.4794,2026-10-03T00:50:27.069289+00:00,False,+2.3%,,N/A,,N/A,False,35.2K,False,$18.48 / SMA $18.74,False,1.78%,False,+-9.7%,False,326.9M,True,NMS,False,
ACI,"Albertsons Companies, Inc.",11.75,2026-10-03T00:50:50.413045+00:00,False,+8.2%,True,$5754.9M,False,+-58.5%,True,8279.8K,False,$11.75 / SMA $12.09,True,3.07%,False,+0.2%,False,325.0M,True,NYQ,False,
ACIC,American Coastal Insurance Corporation,9.33,2026-10-03T00:59:29.129195+00:00,False,+3.6%,True,$441.0M,False,+-17.0%,False,265.9K,False,$9.33 / SMA $9.67,False,2.09%,False,+-4.5%,True,22.8M,True,NCM,False,
ACNDF,CapitaLand India Trust,0.73,2026-10-03T00:56:05.813372+00:00,False,+5.8%,True,$1085.4M,,N/A,False,36.2K,False,$0.73 / SMA $0.78,True,4.81%,,N/A,False,1131.9M,False,PNK,False,
ACRFF,Accor SA,49.82,2026-10-03T00:50:42.112444+00:00,False,+10.6%,True,$11426.2M,,N/A,False,0.2K,False,$49.82 / SMA $53.02,False,0.00%,,N/A,False,160.0M,False,PNK,False,
ACRXF,"Acerinox, S.A.",19.365,2026-10-03T00:54:10.693751+00:00,False,+62.5%,True,$4825.0M,,N/A,False,0.1K,False,$19.36 / SMA $19.39,False,0.00%,False,+5.0%,False,177.9M,False,PNK,False,
ADAMN,"Adamas Trust, Inc.",24.23,2026-10-03T00:57:48.320759+00:00,False,+15.3%,,N/A,,N/A,False,7.4K,True,$24.23 / SMA $24.02,False,0.89%,True,+100.7%,True,84.3M,True,NMS,False,
ADBE,Adobe Inc.,237.69,2026-10-03T00:50:17.209266+00:00,False,+25.0%,True,$94481.8M,False,+10.5%,True,5161.8K,False,$237.69 / SMA $258.91,True,3.35%,False,+12.9%,False,388.1M,True,NMS,False,
ADTTF,Advantest Corporation,249.79,2026-10-03T00:50:16.460721+00:00,True,+212.4%,True,$180336.6M,,N/A,False,1.8K,True,$249.79 / SMA $210.58,True,7.45%,,N/A,False,723.5M,False,PNK,False,
AEOXF,Aeroports de Paris SA,132.12,2026-10-03T00:50:41.596763+00:00,False,+17.4%,True,$13069.7M,,N/A,False,0.1K,True,$132.12 / SMA $131.26,False,0.00%,,N/A,True,31.5M,False,PNK,False,
AFB,"AllianceBernstein National Municipal Income Fund, Inc.",9.59,2026-10-03T01:01:13.641505+00:00,False,+3.3%,False,$275.7M,,N/A,False,89.7K,False,$9.59 / SMA $10.46,False,1.30%,,N/A,,N/A,True,NYQ,False,
AFRAF,Air France-KLM SA,13.38,2026-10-03T00:54:14.636162+00:00,False,+26.5%,True,$3511.4M,,N/A,False,0.0K,False,$13.38 / SMA $14.16,False,0.00%,False,+9.9%,True,114.4M,False,OID,False,
AFRM,"Affirm Holdings, Inc.",70.77,2026-10-03T00:50:32.844220+00:00,False,+68.1%,True,$23879.3M,True,+2210.0%,True,4259.5K,False,$70.77 / SMA $73.36,True,4.28%,True,+33.0%,False,283.8M,True,NMS,False,
AGCC,Agencia Comercial Spirits Ltd,15.0,2026-10-03T00:57:52.347280+00:00,True,+309.8%,True,$341.8M,,N/A,False,38.8K,True,$15.00 / SMA $14.49,True,6.24%,,N/A,True,3.1M,True,NCM,False,
AGLXY,AGL Energy Limited,5.71,2026-10-03T00:52:35.546464+00:00,False,+3.1%,True,$3841.4M,,N/A,False,2.3K,False,$5.71 / SMA $5.96,False,2.15%,,N/A,False,1207.9M,False,PNK,False,
AGMB,AgomAb Therapeutics NV,8.56,2026-10-03T00:57:54.874204+00:00,False,+7.0%,True,$421.6M,,N/A,False,131.1K,False,$8.56 / SMA $12.99,True,10.54%,,N/A,True,11.5M,True,NMS,False,
AGNCP,AGNC Investment Corp.,24.89,2026-10-03T00:50:42.910211+00:00,False,+5.4%,,N/A,,N/A,False,48.8K,True,$24.89 / SMA $24.75,False,0.48%,True,+710.7%,False,1177.9M,True,NMS,False,
AHG,Akso Health Group,1.15,2026-10-03T00:56:04.901010+00:00,False,+68.9%,True,$985.2M,,N/A,False,107.3K,True,$1.15 / SMA $1.04,True,13.08%,,N/A,False,854.0M,True,NCM,False,
AHR,"American Healthcare REIT, Inc.",50.75,2026-10-03T00:50:46.134861+00:00,False,+26.9%,True,$11063.4M,True,+166.7%,True,2904.0K,False,$50.75 / SMA $54.25,False,1.88%,False,+24.3%,False,216.6M,True,NYQ,False,
AI,"C3.ai, Inc.",11.01,2026-10-03T00:56:04.830237+00:00,False,+43.5%,True,$1770.2M,True,+30.2%,True,4986.7K,True,$11.01 / SMA $10.21,True,4.69%,False,+-25.5%,True,144.2M,True,NYQ,False,
AINSF,Ainsworth Game Technology Limited,0.76,2026-10-03T00:59:40.557976+00:00,False,+24.2%,False,$256.0M,,N/A,False,7.9K,False,$0.76 / SMA $0.81,False,0.86%,,N/A,True,31.2M,False,PNK,False,
AIO,Virtus Artificial Intelligence & Technology Opportunities Fund,25.48,2026-10-03T00:57:46.297530+00:00,False,+21.9%,True,$877.5M,,N/A,False,70.3K,True,$25.48 / SMA $25.41,False,2.11%,,N/A,,N/A,True,NYQ,False,
AIOT,"PowerFleet, Inc.",2.81,2026-10-03T00:59:32.363751+00:00,False,+10.2%,True,$377.2M,True,+25.0%,True,1739.2K,False,$2.81 / SMA $3.20,True,3.75%,False,+6.4%,True,124.0M,True,NGM,False,
AIRS,"AirSculpt Technologies, Inc.",1.77,2026-10-03T00:59:36.634465+00:00,False,+17.2%,False,$127.6M,False,+-100.0%,True,808.7K,False,$1.77 / SMA $3.02,True,8.85%,False,+-2.5%,True,16.8M,True,NGM,False,
AJNMY,"Ajinomoto Co., Inc.",33.48,2026-10-03T00:50:27.876749+00:00,False,+62.7%,True,$31898.3M,,N/A,False,41.0K,True,$33.48 / SMA $32.74,False,2.10%,,N/A,False,948.1M,False,PNK,False,
AKAAF,Aker ASA,154.0,2026-10-03T00:50:44.801978+00:00,True,+121.4%,True,$11353.5M,,N/A,False,0.1K,True,$154.00 / SMA $153.14,False,0.15%,,N/A,True,21.8M,False,PNK,False,
ALDF,Aldel Financial II Inc.,10.8201,2026-10-03T01:01:16.547403+00:00,False,+3.6%,True,$323.2M,False,+-11.7%,False,32.8K,True,$10.82 / SMA $10.78,False,0.04%,,N/A,True,19.0M,True,NGM,False,
ALGM,"Allegro MicroSystems, Inc.",39.53,2026-10-03T00:50:48.856404+00:00,True,+76.4%,True,$7368.5M,True,+214.3%,True,2359.1K,True,$39.53 / SMA $38.48,True,4.11%,True,+27.5%,True,125.0M,True,NMS,True,
ALGN,"Align Technology, Inc.",143.74,2026-10-03T00:50:43.042578+00:00,False,+15.1%,True,$10211.3M,False,+-12.2%,True,896.4K,False,$143.74 / SMA $160.50,False,2.82%,False,+4.3%,True,66.8M,True,NMS,False,
ALK,"Alaska Air Group, Inc.",39.53,2026-10-03T00:52:34.172667+00:00,False,+19.7%,True,$4410.2M,False,+-147.9%,True,2778.7K,False,$39.53 / SMA $43.43,True,3.50%,False,+9.7%,True,110.8M,True,NYQ,False,
ALLE,Allegion plc,154.21,2026-10-03T00:50:43.880675+00:00,False,+23.4%,True,$13113.5M,False,+16.2%,True,1300.8K,False,$154.21 / SMA $157.95,False,1.90%,False,+12.7%,True,84.6M,True,NYQ,False,
ALLO,"Allogene Therapeutics, Inc.",1.5,2026-10-03T00:57:51.052142+00:00,False,+44.2%,True,$518.2M,True,+43.5%,True,6055.2K,False,$1.50 / SMA $1.88,True,4.85%,,N/A,False,262.4M,True,NMS,False,
ALM,Almonty Industries Inc.,13.4,2026-10-03T00:52:31.493053+00:00,True,+146.6%,True,$3802.1M,True,+306.7%,True,6669.8K,False,$13.40 / SMA $15.02,True,7.02%,True,+497.7%,False,219.0M,True,NCM,False,
ALMR,"Alamar Biosciences, Inc.",34.36,2026-10-03T00:56:04.003564+00:00,True,+82.3%,True,$2384.3M,,N/A,False,357.9K,True,$34.36 / SMA $30.68,True,6.89%,,N/A,True,36.2M,True,NMS,False,
ALMS,Alumis Inc.,6.85,2026-10-03T00:54:16.969163+00:00,True,+72.8%,True,$886.6M,False,+-294.1%,True,2421.2K,False,$6.85 / SMA $17.93,True,7.08%,False,+-37.7%,True,97.2M,True,NMS,False,
ALPMY,Astellas Pharma Inc.,14.32,2026-10-03T00:50:30.420023+00:00,False,+42.8%,True,$25676.0M,,N/A,False,133.7K,False,$14.32 / SMA $14.65,True,3.20%,,N/A,False,1792.7M,False,PNK,False,
ALT,"Altimmune, Inc.",2.735,2026-10-03T00:57:54.840737+00:00,False,+6.8%,True,$532.0M,True,+55.6%,True,4145.4K,False,$2.73 / SMA $3.09,True,4.31%,False,+-100.0%,False,164.4M,True,NGM,False,
ALTI,"AlTi Global, Inc.",2.91,2026-10-03T00:59:30.929492+00:00,False,+5.8%,True,$453.8M,False,+16.2%,False,177.8K,False,$2.91 / SMA $3.64,True,5.77%,False,+10.8%,True,52.4M,True,NCM,False,
ALTO,"Alto Ingredients, Inc.",3.77,2026-10-03T00:59:37.308272+00:00,True,+280.8%,False,$292.4M,True,+200.0%,True,1796.2K,False,$3.77 / SMA $4.16,True,3.62%,False,+12.5%,True,69.3M,True,NCM,False,
AMCR,Amcor plc,41.86,2026-10-03T00:50:35.792695+00:00,False,+15.5%,True,$19337.0M,True,+973.7%,True,3536.2K,False,$41.86 / SMA $44.64,False,2.03%,True,+25.9%,False,459.7M,True,NYQ,False,
AMGDF,Aston Martin Lagonda Global Holdings plc,0.46,2026-10-03T00:57:52.398087+00:00,False,+15.0%,True,$466.9M,,N/A,False,11.7K,False,$0.46 / SMA $0.48,False,2.78%,True,+62.4%,False,348.6M,False,PNK,False,
AMIGF,Admiral Group plc,53.0,2026-10-03T00:50:40.565405+00:00,False,+40.4%,True,$15841.8M,,N/A,False,0.0K,True,$53.00 / SMA $51.45,False,0.00%,,N/A,False,262.5M,False,PNK,False,
AMKR,"Amkor Technology, Inc.",56.02,2026-10-03T00:50:37.000738+00:00,True,+98.7%,True,$13885.8M,True,+218.2%,True,4781.1K,True,$56.02 / SMA $51.57,True,4.06%,True,+25.6%,True,108.7M,True,NMS,True,
AMNF,"Armanino Foods of Distinction, Inc.",12.05,2026-10-03T00:59:40.532395+00:00,False,+37.7%,True,$369.2M,False,+2.4%,False,19.1K,True,$12.05 / SMA $11.37,False,1.20%,,N/A,,N/A,False,OQX,False,
AMP,"Ameriprise Financial, Inc.",490.91,2026-10-03T00:50:24.746754+00:00,False,+16.2%,True,$43396.4M,False,+11.6%,True,555.8K,False,$490.91 / SMA $544.34,False,2.68%,False,+12.9%,True,88.0M,True,NYQ,False,
AMR,"Alpha Metallurgical Resources, Inc.",171.54,2026-10-03T00:54:21.500064+00:00,False,+28.4%,True,$2175.0M,False,+-152.6%,False,321.9K,False,$171.54 / SMA $182.34,True,5.16%,False,+-10.4%,True,10.7M,True,NYQ,False,
AMRZ,AMRZ,37.26,2026-10-03T00:50:29.569298+00:00,False,+1.9%,True,$20378.4M,False,+14.7%,True,3739.0K,False,$37.26 / SMA $43.83,False,2.53%,False,+8.6%,False,486.6M,True,NYQ,False,
AMVOY,Aumovio SE,8.29,2026-10-03T00:52:36.047810+00:00,False,+16.4%,True,$4147.1M,False,+-2834.8%,False,4.7K,False,$8.29 / SMA $8.48,True,3.51%,False,+-10.5%,False,270.0M,False,PNK,False,
AMXEF,Amex Gold Mining Inc.,2.84,2026-10-03T00:59:31.856810+00:00,False,+63.2%,True,$456.6M,True,+150.0%,False,25.1K,False,$2.84 / SMA $3.09,True,3.64%,,N/A,True,109.6M,False,OQX,False,
AMXOF,"América Móvil, S.A.B. de C.V.",0.988,2026-10-03T00:50:18.471685+00:00,False,+0.8%,True,$59061.6M,False,+8.1%,False,145.7K,False,$0.99 / SMA $1.19,False,1.21%,False,+3.1%,False,18779.6M,False,PNK,False,
ANCTF,Alimentation Couche-Tard Inc.,53.85,2026-10-03T00:50:21.957992+00:00,False,+12.1%,True,$49432.3M,False,+9.8%,False,172.7K,False,$53.85 / SMA $60.71,False,1.87%,True,+25.1%,False,743.7M,False,PNK,False,
ANZFF,Air New Zealand Limited,0.2295,2026-10-03T00:57:48.838195+00:00,False,+26.3%,True,$742.1M,,N/A,False,4.2K,False,$0.23 / SMA $0.24,False,1.42%,,N/A,False,1534.6M,False,PNK,False,
ANZGY,ANZ Group Holdings Limited,26.1,2026-10-03T00:50:19.268021+00:00,False,+19.0%,True,$78587.9M,,N/A,False,141.6K,False,$26.10 / SMA $26.55,False,2.54%,,N/A,False,3009.8M,False,PNK,False,
AONNF,"Aeon Co., Ltd.",8.39,2026-10-03T00:50:29.745860+00:00,False,+0.0%,True,$23212.0M,,N/A,False,0.0K,True,$8.39 / SMA $4.77,False,0.00%,,N/A,False,2559.3M,False,PNK,False,
AORT,"Artivion, Inc.",22.31,2026-10-03T00:56:08.712380+00:00,False,+16.4%,True,$1087.8M,,N/A,True,640.8K,False,$22.31 / SMA $25.99,True,3.95%,,N/A,True,46.3M,True,NYQ,False,
APAM,Artisan Partners Asset Management Inc.,34.88,2026-10-03T00:54:15.180357+00:00,False,+2.7%,True,$2476.4M,False,+18.1%,True,857.3K,False,$34.88 / SMA $39.90,False,2.63%,False,+8.9%,True,64.2M,True,NYQ,False,
APELY,"Alps Alpine Co., Ltd.",29.58,2026-10-03T00:54:18.240205+00:00,False,+25.1%,True,$2857.9M,,N/A,False,0.3K,True,$29.58 / SMA $27.85,False,0.02%,,N/A,True,88.5M,False,PNK,False,
APG,APi Group Corporation,40.48,2026-10-03T00:50:35.383188+00:00,False,+20.8%,True,$17493.8M,True,+25.0%,True,3017.0K,True,$40.48 / SMA $39.93,True,3.15%,False,+13.3%,False,354.6M,True,NYQ,False,
APGE,Apogee Therapeutics Inc,135.07,2026-10-03T00:52:27.997762+00:00,True,+281.7%,True,$10223.1M,False,+-2.8%,True,2953.6K,False,$135.07 / SMA_short $135.07,,N/A,,N/A,True,58.4M,True,NGM,False,
APLE,"Apple Hospitality REIT, Inc.",16.51,2026-10-03T00:54:12.783272+00:00,False,+52.2%,True,$3897.7M,False,+3.7%,True,2720.2K,True,$16.51 / SMA $15.96,False,1.90%,False,+4.7%,False,218.4M,True,NYQ,False,
APPS,"Digital Turbine, Inc.",11.17,2026-10-03T00:57:55.244231+00:00,True,+307.7%,True,$1351.8M,,N/A,True,3339.4K,True,$11.17 / SMA $11.10,True,7.59%,,N/A,True,109.2M,True,NCM,True,
APXT,Apex Treasury Corporation,10.15,2026-10-03T00:59:32.037802+00:00,False,+2.8%,True,$466.5M,,N/A,False,249.3K,True,$10.15 / SMA $10.12,False,0.10%,,N/A,True,34.5M,True,NGM,False,
AQN,Algonquin Power & Utilities Corp.,5.1,2026-10-03T00:52:34.213555+00:00,False,+3.9%,True,$3926.5M,False,+-100.0%,True,4126.3K,False,$5.10 / SMA $5.52,False,2.03%,False,+3.1%,False,623.8M,True,NYQ,False,
AQST,"Aquestive Therapeutics, Inc.",4.55,2026-10-03T00:59:29.540495+00:00,False,+55.3%,True,$571.1M,False,+-28.6%,True,2669.6K,False,$4.55 / SMA $4.56,True,5.02%,True,+38.1%,True,114.6M,True,NGM,False,
ARCB,ArcBest Corporation,132.61,2026-10-03T00:54:17.337749+00:00,True,+123.1%,True,$2964.0M,False,+-155.4%,False,300.3K,False,$132.61 / SMA $136.86,True,3.45%,False,+15.9%,True,22.0M,True,NMS,False,
AROW,Arrow Financial Corporation,37.79,2026-10-03T00:57:53.201514+00:00,False,+46.0%,True,$700.0M,False,+1.5%,False,89.3K,False,$37.79 / SMA $38.64,False,2.17%,False,+10.1%,True,16.2M,True,NMS,False,
ARRY,"Array Technologies, Inc.",4.08,2026-10-03T00:56:04.854815+00:00,False,+8.5%,True,$628.4M,False,+-73.7%,True,6734.0K,False,$4.08 / SMA $4.70,True,4.77%,False,+-5.6%,True,139.9M,True,NGM,False,
ARX,Accelerant Holdings,19.73,2026-10-03T00:54:10.740074+00:00,True,+114.9%,True,$4285.1M,True,+800.0%,True,3705.9K,True,$19.73 / SMA $17.73,False,0.42%,True,+78.0%,True,56.8M,True,NYQ,False,
ARXCY,ARC Resources Ltd.,26.96,2026-10-03T00:50:41.010105+00:00,True,+114.3%,True,$15256.0M,False,+-8.8%,False,0.1K,True,$26.96 / SMA $24.74,False,0.00%,True,+57.0%,False,565.9M,False,PNK,False,
ARXS,"Arxis, Inc.",50.03,2026-10-03T00:50:39.375388+00:00,False,+50.9%,True,$21554.2M,,N/A,True,835.4K,False,$50.03 / SMA $52.39,True,4.69%,,N/A,True,78.2M,True,NMS,False,
ARYTF,Aryt Industries Ltd.,5.715,2026-10-03T00:56:07.534695+00:00,False,+9.9%,True,$582.4M,,N/A,False,0.1K,True,$5.71 / SMA $4.97,False,0.00%,,N/A,True,55.3M,False,PNK,False,
ASA,ASA Gold and Precious Metals Limited,56.69,2026-10-03T00:56:07.934660+00:00,False,+31.2%,True,$1040.6M,,N/A,False,55.7K,False,$56.69 / SMA $58.14,True,3.58%,,N/A,True,10.7M,True,NYQ,False,
ASAAF,AT & S Austria Technologie & Systemtechnik Aktiengesellschaft,225.9,2026-10-03T00:52:29.187662+00:00,True,+783.8%,True,$8776.2M,,N/A,False,0.1K,True,$225.90 / SMA $183.16,False,0.46%,True,+39.7%,True,25.1M,False,PNK,False,
ASAZY,ASSA ABLOY AB (publ),17.66,2026-10-03T00:50:24.864092+00:00,False,+5.0%,True,$39232.6M,True,+80.1%,False,313.6K,False,$17.66 / SMA $18.25,False,1.07%,False,+3.5%,False,2035.8M,False,PNK,False,
ASGLY,AGC Inc.,7.22,2026-10-03T00:50:48.733724+00:00,False,+19.3%,True,$7668.4M,,N/A,False,4.6K,False,$7.22 / SMA $7.28,True,3.61%,,N/A,False,932.4M,False,PNK,False,
ASMLF,ASML Holding N.V.,1861.0,2026-10-03T00:50:12.858215+00:00,True,+100.0%,True,$714810.1M,True,+28.5%,False,4.9K,True,$1861.00 / SMA $1720.62,True,3.06%,False,+21.3%,False,384.0M,False,PNK,False,
ASO,"Academy Sports and Outdoors, Inc.",48.73,2026-10-03T00:54:12.847424+00:00,False,+18.0%,True,$3000.7M,False,+17.3%,True,1652.6K,True,$48.73 / SMA $47.69,True,4.03%,False,+3.0%,True,60.7M,True,NMS,False,
ASOMF,ASOS Plc,3.7,2026-10-03T00:59:33.973242+00:00,False,+27.1%,True,$442.7M,,N/A,False,0.0K,False,$3.70 / SMA $3.70,False,0.00%,,N/A,True,33.4M,False,PNK,False,
ASRHF,Astroscale Holdings Inc.,7.3,2026-10-03T00:55:54.480390+00:00,True,+83.6%,,N/A,,N/A,False,1.1K,True,$7.30 / SMA_short $7.25,False,2.78%,,N/A,True,99.0M,False,PNK,False,
ATAT,Atour Lifestyle Holdings Limited,32.26,2026-10-03T00:52:33.762799+00:00,False,+4.8%,True,$4457.9M,True,+31.7%,True,920.5K,False,$32.26 / SMA $33.91,False,2.74%,True,+41.4%,True,91.9M,True,NMS,False,
ATAZF,Atea ASA,17.79,2026-10-03T00:55:59.091652+00:00,False,+46.4%,True,$1984.7M,True,+33.3%,False,0.0K,False,$17.79 / SMA $17.79,False,0.00%,False,+21.9%,True,70.8M,False,PNK,False,
ATKR,Atkore Inc.,94.62,2026-10-03T00:54:16.779267+00:00,True,+76.0%,True,$3195.6M,False,+-98.4%,True,867.1K,True,$94.62 / SMA $91.44,False,0.21%,False,+8.1%,True,31.8M,True,NYQ,False,
ATLCP,Atlanticus Holdings Corporation,23.5101,2026-10-03T00:56:05.809830+00:00,False,+14.9%,,N/A,,N/A,False,4.0K,False,$23.51 / SMA $23.89,False,1.01%,True,+86.1%,True,5.5M,True,NMS,False,
ATLCY,Atlas Copco AB (publ),18.17,2026-10-03T00:50:17.941779+00:00,False,+29.1%,True,$88644.5M,False,+7.4%,False,23.7K,False,$18.17 / SMA $18.39,False,1.57%,False,+5.3%,False,3947.5M,False,PNK,False,
ATO,Atmos Energy Corporation,157.17,2026-10-03T00:50:28.669939+00:00,False,+1.6%,True,$26559.9M,False,+23.3%,True,1027.8K,False,$157.17 / SMA $166.49,False,1.31%,False,+4.8%,False,168.2M,True,NYQ,False,
AUGO,Aura Minerals Inc.,81.95,2026-10-03T00:52:27.945427+00:00,True,+181.5%,True,$6870.4M,True,+2236.4%,True,968.9K,True,$81.95 / SMA $78.04,True,4.37%,True,+76.4%,True,40.3M,True,NMS,True,
AUPH,Aurinia Pharmaceuticals Inc.,15.83,2026-10-03T00:55:56.885305+00:00,False,+45.2%,True,$2106.2M,True,+75.0%,True,1059.7K,False,$15.83 / SMA $16.00,False,2.47%,False,+18.9%,True,129.2M,True,NGM,False,
AVA,Avista Corporation,35.31,2026-10-03T00:54:12.733562+00:00,False,+2.5%,True,$2957.3M,True,+152.9%,True,649.6K,False,$35.31 / SMA $37.65,False,1.49%,,N/A,True,83.0M,True,NYQ,False,
AVCTF,Avacta Group Plc,0.9376,2026-10-03T00:59:32.669375+00:00,False,+27.0%,True,$428.4M,,N/A,False,0.7K,False,$0.94 / SMA $0.94,False,0.55%,,N/A,False,440.8M,False,PNK,False,
AVGO,Broadcom Inc.,355.14,2026-10-03T00:50:12.963181+00:00,False,+22.5%,True,$1695307.0M,True,+215.3%,True,22483.5K,False,$355.14 / SMA $373.03,False,2.39%,True,+85.5%,False,4715.7M,True,NMS,False,
AVNT,Avient Corporation,41.17,2026-10-03T00:54:14.198437+00:00,False,+49.8%,True,$3776.1M,False,+22.8%,True,786.3K,False,$41.17 / SMA $41.66,False,2.46%,False,+5.8%,True,91.1M,True,NYQ,False,
AWTRF,Air Water Inc.,13.91,2026-10-03T00:54:13.155618+00:00,False,+3.1%,True,$3189.1M,,N/A,False,0.0K,True,$13.91 / SMA $13.91,False,0.00%,,N/A,False,182.2M,False,PNK,False,
AX,"Axos Financial, Inc.",88.93,2026-10-03T00:52:32.951830+00:00,False,+18.7%,True,$5045.4M,,N/A,False,350.0K,False,$88.93 / SMA $95.79,False,2.43%,False,+18.3%,True,54.2M,True,NYQ,False,
AXAHY,AXA SA,47.48,2026-10-03T00:50:17.531583+00:00,False,+10.3%,True,$99278.8M,,N/A,False,90.8K,False,$47.48 / SMA $50.83,False,1.26%,,N/A,False,1592.2M,False,OQX,False,
AXG,Solowin Holdings,0.115,2026-10-03T00:57:51.475719+00:00,False,+8.5%,False,$22.4M,,N/A,True,3183.0K,False,$0.12 / SMA $2.19,True,48.38%,,N/A,True,55.6M,True,NCM,False,
AXIA,AXIA Energia,10.22,2026-10-03T00:50:30.792758+00:00,True,+70.9%,True,$23290.9M,,N/A,True,2549.3K,False,$10.22 / SMA_short $10.22,,N/A,False,+9.7%,False,1641.9M,True,NYQ,False,
AXSM,"Axsome Therapeutics, Inc.",179.25,2026-10-03T00:50:42.257202+00:00,False,+52.8%,True,$9389.3M,False,+-2.1%,True,693.8K,False,$179.25 / SMA $210.03,True,3.87%,True,+45.5%,True,44.5M,True,NGM,False,
AXTA,Axalta Coating Systems Ltd.,32.2,2026-10-03T00:52:27.478775+00:00,False,+29.1%,True,$6891.4M,False,+-18.0%,True,1717.4K,False,$32.20 / SMA $35.08,False,2.11%,False,+3.1%,False,212.8M,True,NYQ,False,
BAESY,BAE Systems plc,102.0,2026-10-03T00:50:19.020098+00:00,False,+20.7%,True,$74641.1M,,N/A,False,250.2K,False,$102.00 / SMA $110.91,False,1.40%,,N/A,False,715.8M,False,PNK,False,
BAK,Braskem S.A.,1.55,2026-10-03T00:56:01.689892+00:00,False,+10.7%,True,$350.2M,True,+1345.3%,True,2086.9K,False,$1.55 / SMA $1.94,True,5.84%,False,+21.6%,True,44.6M,True,NYQ,False,
BALY,Bally's Corporation,14.09,2026-10-03T00:57:52.262909+00:00,False,+66.9%,True,$711.1M,,N/A,False,102.5K,True,$14.09 / SMA $11.59,True,7.81%,,N/A,True,11.7M,True,NYQ,False,
BAND,Bandwidth Inc.,63.74,2026-10-03T00:55:56.963643+00:00,True,+409.9%,True,$2051.2M,True,+143.8%,True,1042.8K,True,$63.74 / SMA $51.06,True,8.81%,False,+22.2%,True,29.0M,True,NMS,False,
BANF,BancFirst Corporation,108.08,2026-10-03T00:54:11.032435+00:00,False,+6.5%,True,$3630.0M,False,+5.9%,False,133.7K,False,$108.08 / SMA $110.99,False,1.87%,False,+10.7%,True,23.3M,True,NMS,False,
BBAI,"BigBear.ai Holdings, Inc.",2.65,2026-10-03T00:55:56.015430+00:00,False,+2.7%,True,$1270.7M,True,+93.0%,True,20132.7K,False,$2.65 / SMA $2.96,True,4.27%,False,+13.2%,False,475.3M,True,NYQ,False,
BBAJF,"Banco del Bajío, S.A., Institución de Banca Múltiple",3.3804,2026-10-03T00:54:10.658255+00:00,False,+39.7%,True,$4022.4M,False,+-11.0%,False,0.2K,True,$3.38 / SMA $2.21,False,0.00%,False,+-6.1%,False,737.8M,False,PNK,False,
BBBY,"Bed Bath & Beyond, Inc.",4.35,2026-10-03T00:59:34.398146+00:00,False,+6.4%,True,$414.4M,False,+-55.9%,True,2583.9K,True,$4.35 / SMA $4.06,True,5.70%,True,+28.0%,,N/A,True,NYQ,False,
BBCQU,Bleichroeder Acquisition Corp II,10.09,2026-10-03T00:59:33.100388+00:00,False,+1.9%,,N/A,,N/A,False,0.7K,False,$10.09 / SMA_short $10.09,,N/A,,N/A,True,20.9M,True,NGM,False,
BBN,BlackRock Taxable Municipal Bond Trust,14.42,2026-10-03T00:57:44.620763+00:00,False,+1.1%,True,$891.0M,,N/A,False,172.4K,False,$14.42 / SMA $15.33,False,1.20%,,N/A,,N/A,True,NYQ,False,
BBOT,"BridgeBio Oncology Therapeutics, Inc.",3.89,2026-10-03T00:57:51.170502+00:00,False,+2.6%,True,$311.9M,False,+-196311.0%,False,466.9K,False,$3.89 / SMA $7.45,True,8.95%,,N/A,True,35.8M,True,NGM,False,
BBT,Beacon Financial Corporation,28.34,2026-10-03T00:54:20.107657+00:00,False,+24.2%,True,$2375.3M,True,+29.4%,True,898.8K,False,$28.34 / SMA $30.68,False,2.19%,True,+131.7%,True,77.4M,True,NYQ,False,
BBWI,"Bath & Body Works, Inc.",16.06,2026-10-03T00:54:11.949021+00:00,False,+12.5%,True,$3238.4M,True,+93.3%,True,6007.5K,False,$16.06 / SMA $18.53,True,4.20%,False,+-2.3%,False,200.7M,True,NYQ,False,
BC,Brunswick Corporation,65.43,2026-10-03T00:52:31.375826+00:00,False,+11.7%,True,$4239.7M,True,+88.8%,True,726.7K,False,$65.43 / SMA $75.09,True,3.29%,False,+7.7%,True,63.9M,True,NYQ,False,
BCAR,D Boral ARC Acquisition I Corp,4.72,2026-10-03T00:59:32.759730+00:00,False,+38.8%,False,$194.5M,True,+5228.2%,False,492.4K,True,$4.72 / SMA $4.54,True,17.87%,,N/A,True,25.9M,True,NGM,False,
BCDRF,"Banco Santander, S.A.",12.59,2026-10-03T00:50:14.696321+00:00,False,+33.1%,True,$182509.7M,,N/A,True,548.2K,False,$12.59 / SMA $14.39,True,5.86%,False,+8.3%,False,14087.9M,False,PNK,False,
BCEFF,BCE Inc.,15.4,2026-10-03T00:50:31.894610+00:00,False,+12.7%,,N/A,,N/A,False,0.0K,True,$15.40 / SMA $15.25,False,0.00%,False,+1.5%,False,931.4M,False,PNK,False,
BCPC,Balchem Corporation,166.56,2026-10-03T00:52:31.834583+00:00,False,+19.7%,True,$5309.6M,False,+18.8%,False,202.5K,False,$166.56 / SMA $172.05,False,1.89%,,N/A,True,31.7M,True,NMS,False,
BCTCF,OSL Group Limited,1.25,2026-10-03T00:56:04.388093+00:00,True,+12400.0%,True,$1123.9M,,N/A,False,0.0K,False,$1.25 / SMA $1.45,False,1.05%,,N/A,False,639.6M,False,PNK,False,
BDC,Belden Inc.,112.46,2026-10-03T00:52:36.967492+00:00,False,+14.8%,True,$4394.7M,False,+13.7%,False,460.5K,False,$112.46 / SMA $118.81,True,3.34%,False,+11.6%,True,38.3M,True,NYQ,False,
BDCIU,BTC Development Corp.,10.265,2026-10-03T00:59:38.584676+00:00,False,+1.6%,,N/A,,N/A,False,1.2K,True,$10.27 / SMA $10.25,False,0.05%,,N/A,True,23.6M,True,NGM,False,
BDJ,BlackRock Enhanced Equity Dividend Trust,9.41,2026-10-03T00:56:01.152964+00:00,False,+11.8%,True,$1665.0M,,N/A,False,440.8K,False,$9.41 / SMA $9.66,False,1.20%,,N/A,,N/A,True,NYQ,False,
BDOUY,"BDO Unibank, Inc.",17.64,2026-10-03T00:50:45.946124+00:00,False,+3.4%,True,$9412.7M,False,+5.5%,False,79.9K,False,$17.64 / SMA $19.14,False,2.32%,False,+13.9%,False,227.1M,False,PNK,False,
BDWBY,Budweiser Brewing Company APAC Limited,3.15,2026-10-03T00:50:42.682265+00:00,False,+12.5%,True,$10418.4M,,N/A,False,1.3K,False,$3.15 / SMA $3.19,False,1.46%,,N/A,False,418.6M,False,PNK,False,
BECTY,Bechtle AG,8.17,2026-10-03T00:52:34.588723+00:00,False,+36.2%,True,$5147.1M,False,+21.1%,False,0.0K,False,$8.17 / SMA $8.45,False,0.01%,False,+16.5%,False,409.2M,False,PNK,False,
BEP,Brookfield Renewable Partners L.P.,28.35,2026-10-03T00:50:44.218979+00:00,False,+7.8%,True,$13820.4M,False,+-68.2%,True,999.2K,False,$28.35 / SMA $31.30,False,2.58%,False,+1.1%,True,144.2M,True,NYQ,False,
BEVFF,Diversified Royalty Corp.,2.89,2026-10-03T00:57:53.546842+00:00,False,+28.4%,True,$545.5M,False,+-60.0%,False,236.2K,False,$2.89 / SMA $3.01,False,0.76%,False,+21.5%,False,184.7M,False,PNK,False,
BFLBF,Bilfinger SE,84.7567,2026-10-03T00:54:10.133076+00:00,False,+0.0%,True,$3130.9M,,N/A,False,0.1K,False,$84.76 / SMA $91.17,False,0.00%,False,+7.2%,True,31.3M,False,PNK,False,
BFLBY,Bilfinger SE,11.9,2026-10-03T00:54:10.271542+00:00,False,+0.0%,True,$2197.9M,,N/A,False,0.2K,False,$11.90 / SMA $17.33,False,0.00%,False,+7.2%,False,156.6M,False,PNK,False,
BFLY,"Butterfly Network, Inc.",8.95,2026-10-03T00:56:07.126139+00:00,True,+371.1%,True,$2383.3M,False,+16.7%,True,6370.4K,True,$8.95 / SMA $8.36,True,7.19%,True,+39.5%,False,219.9M,True,NYQ,False,
BHE,"Benchmark Electronics, Inc.",87.39,2026-10-03T00:54:14.991998+00:00,True,+143.4%,True,$3139.0M,True,+1733.3%,False,393.6K,True,$87.39 / SMA $77.38,True,3.44%,False,+17.7%,True,35.2M,True,NYQ,False,
BHF,"Brighthouse Financial, Inc.",50.02,2026-10-03T00:54:11.739856+00:00,False,+12.4%,True,$2876.7M,True,+1520.6%,True,922.4K,False,$50.02 / SMA $55.08,True,3.31%,True,+103.8%,True,56.7M,True,NMS,False,
BHVN,Biohaven Ltd.,12.87,2026-10-03T00:56:03.586343+00:00,True,+72.1%,True,$1943.9M,True,+53.1%,True,2655.1K,False,$12.87 / SMA $14.12,True,6.79%,,N/A,True,116.6M,True,NYQ,False,
BIIB,Biogen Inc.,219.88,2026-10-03T00:50:29.094585+00:00,False,+59.3%,True,$32488.2M,False,+-84.8%,True,1088.2K,True,$219.88 / SMA $215.20,False,2.43%,False,+3.4%,True,147.2M,True,NMS,False,
BILL,"BILL Holdings, Inc.",43.62,2026-10-03T00:54:11.563235+00:00,False,+38.9%,True,$4344.4M,False,+-171.4%,True,2185.5K,False,$43.62 / SMA $47.40,True,3.63%,False,+13.8%,True,75.5M,True,NYQ,False,
BIP,Brookfield Infrastructure Partners L.P.,36.52,2026-10-03T00:50:35.267970+00:00,False,+10.0%,True,$28917.4M,,N/A,True,912.9K,False,$36.52 / SMA $37.72,False,2.25%,False,+19.4%,False,451.4M,True,NYQ,False,
BJ,"BJ's Wholesale Club Holdings, Inc.",94.96,2026-10-03T00:50:43.915977+00:00,False,+14.1%,True,$11994.8M,False,+19.3%,True,1766.2K,True,$94.96 / SMA $93.79,False,2.67%,False,+15.7%,True,125.6M,True,NYQ,False,
BJCHY,Beijing Capital International Airport Company Limited,0.8261,2026-10-03T00:57:42.332069+00:00,False,+0.0%,True,$756.6M,,N/A,False,0.1K,False,$0.83 / SMA $0.96,False,0.01%,,N/A,False,336.9M,False,PNK,False,
BKE,"The Buckle, Inc.",42.9,2026-10-03T00:54:19.136300+00:00,False,+8.8%,True,$2209.9M,False,+-2.2%,False,473.5K,False,$42.90 / SMA $43.14,False,2.40%,False,+4.6%,True,30.8M,True,NYQ,False,
BKGFF,The Berkeley Group Holdings plc,44.795,2026-10-03T00:52:35.597203+00:00,False,+5.8%,True,$4069.2M,,N/A,False,0.0K,False,$44.80 / SMA $46.33,False,0.00%,,N/A,True,91.0M,False,PNK,False,
BKHPF,Bank Hapoalim B.M.,26.71,2026-10-03T00:50:26.212714+00:00,False,+46.1%,True,$34900.7M,False,+-1.0%,False,0.0K,True,$26.71 / SMA $24.54,False,0.00%,False,+2.5%,False,1305.6M,False,PNK,False,
BKKT,"Bakkt, Inc.",7.75,2026-10-03T00:59:28.542914+00:00,False,+15.5%,True,$349.3M,True,+189.8%,True,1248.6K,False,$7.75 / SMA $7.86,True,7.59%,False,+-70.0%,True,35.8M,True,NYQ,False,
BKR,Baker Hughes Company,56.0,2026-10-03T00:50:20.285227+00:00,False,+27.5%,True,$55589.7M,False,+-4.2%,True,8237.1K,False,$56.00 / SMA $60.67,False,2.96%,False,+-2.4%,False,990.6M,True,NMS,False,
BKRIF,Bank of Ireland Group plc,22.35,2026-10-03T00:50:34.773120+00:00,False,+49.1%,True,$21076.0M,,N/A,False,0.7K,True,$22.35 / SMA $22.01,False,0.17%,,N/A,False,942.9M,False,PNK,False,
BLMN,"Bloomin' Brands, Inc.",8.48,2026-10-03T00:57:51.472743+00:00,False,+63.4%,True,$726.1M,False,+20.0%,True,2158.7K,False,$8.48 / SMA $9.53,True,5.52%,False,+1.3%,True,83.2M,True,NMS,False,
BLTE,"Belite Bio, Inc",159.56,2026-10-03T00:52:30.488950+00:00,True,+119.6%,True,$6425.8M,False,+-40.0%,False,184.0K,False,$159.56 / SMA $165.80,True,4.39%,,N/A,True,19.6M,True,NCM,False,
BMA,Banco Macro S.A.,64.55,2026-10-03T00:52:31.870828+00:00,False,+57.0%,True,$4127.3M,False,+3.5%,False,284.9K,False,$64.55 / SMA $79.01,True,3.74%,False,+-20.6%,True,21.1M,True,NYQ,False,
BMBLF,Brambles Limited,12.93,2026-10-03T00:50:36.647916+00:00,False,+19.4%,True,$17182.6M,,N/A,False,5.3K,False,$12.93 / SMA $13.72,False,0.95%,,N/A,False,1334.1M,False,PNK,False,
BMO,Bank of Montreal,165.7,2026-10-03T00:50:16.734206+00:00,False,+38.3%,True,$115176.8M,False,+-24.2%,True,770.2K,False,$165.70 / SMA $175.65,False,1.61%,False,+10.8%,False,696.3M,True,NYQ,False,
BN,Brookfield Corporation,36.92,2026-10-03T00:50:17.146586+00:00,False,+3.4%,True,$82418.4M,False,+-6.7%,True,4334.8K,False,$36.92 / SMA $40.53,False,1.91%,False,+7.3%,False,1733.4M,True,NYQ,False,
BNED,"Barnes & Noble Education, Inc.",11.71,2026-10-03T00:59:40.605231+00:00,True,+98.5%,True,$405.9M,True,+31.5%,False,287.8K,False,$11.71 / SMA $11.91,True,4.09%,False,+0.8%,True,17.6M,True,NYQ,False,
BNKHF,BOC Hong Kong (Holdings) Limited,5.95,2026-10-03T00:50:20.548803+00:00,False,+40.0%,True,$62908.0M,,N/A,False,0.0K,True,$5.95 / SMA $5.94,False,0.00%,,N/A,False,3588.1M,False,PNK,False,
BNTGF,Brenntag SE,69.0,2026-10-03T00:50:46.592823+00:00,False,+33.2%,True,$9962.6M,True,+310.0%,False,0.0K,False,$69.00 / SMA $69.09,False,0.00%,False,+10.2%,True,115.5M,False,PNK,False,
BNTGY,Brenntag SE,13.13,2026-10-03T00:50:46.477422+00:00,False,+28.9%,True,$9478.9M,True,+310.0%,False,20.8K,False,$13.13 / SMA $14.00,False,0.97%,False,+10.2%,False,577.5M,False,PNK,False,
BORAY,"Bora Pharmaceuticals Co., Ltd.",2.45,2026-10-03T00:56:02.099702+00:00,False,+2.5%,True,$312.5M,False,+-13.1%,False,0.1K,False,$2.45 / SMA $3.25,False,1.67%,False,+21.0%,False,371.5M,False,OQX,False,
BORR,Borr Drilling Limited,3.91,2026-10-03T00:56:00.139289+00:00,False,+60.2%,True,$1206.3M,False,+-664.3%,True,5286.5K,False,$3.91 / SMA $4.26,True,4.67%,False,+-13.2%,False,232.5M,True,NYQ,False,
BOW,Bowhead Specialty Holdings Inc.,33.77,2026-10-03T00:57:45.571481+00:00,False,+59.2%,True,$1112.5M,True,+33.3%,False,329.4K,True,$33.77 / SMA $33.35,False,0.33%,False,+23.0%,True,31.5M,True,NYQ,False,
BPCGF,"Banco Comercial Português, S.A.",1.33,2026-10-03T00:50:36.929521+00:00,False,+47.8%,True,$19375.1M,False,+1.4%,False,1.8K,True,$1.33 / SMA $1.28,False,0.00%,False,+4.7%,False,8777.6M,False,PNK,False,
BPCGY,"Banco Comercial Português, S.A.",14.75,2026-10-03T00:50:36.775394+00:00,False,+69.3%,True,$21487.4M,False,+1.4%,False,0.7K,True,$14.75 / SMA $13.39,False,2.09%,False,+4.7%,False,877.8M,False,PNK,False,
BPOP,"Popular, Inc.",158.14,2026-10-03T00:50:46.474233+00:00,False,+45.4%,True,$10085.9M,True,+40.8%,False,495.8K,False,$158.14 / SMA $167.87,False,1.79%,False,+9.8%,True,62.0M,True,NMS,False,
BRAI,Braiin Limited,4.63,2026-10-03T00:56:02.818961+00:00,False,+10.6%,True,$954.2M,,N/A,False,210.6K,False,$4.63 / SMA $5.59,True,4.97%,,N/A,True,40.0M,True,NGM,False,
BRBI,BRBI BR Partners S.A.,11.237,2026-10-03T00:57:47.667317+00:00,False,+23.6%,False,$295.0M,False,+-21.4%,False,0.6K,True,$11.24 / SMA $10.66,False,0.38%,False,+-31.4%,True,26.2M,True,NCM,False,
BRDCF,Bridgestone Corporation,26.3,2026-10-03T00:50:29.248689+00:00,False,+45.3%,True,$32466.5M,,N/A,False,0.9K,True,$26.30 / SMA $24.97,False,2.18%,,N/A,False,1169.7M,False,PNK,False,
BRELY,Brazilian Rare Earths Limited,12.15,2026-10-03T00:56:05.099387+00:00,False,+3.6%,True,$680.8M,,N/A,False,0.3K,False,$12.15 / SMA $12.96,False,2.18%,,N/A,True,19.5M,False,OQX,False,
BRKR,Bruker Corporation,63.24,2026-10-03T00:52:25.185602+00:00,True,+95.4%,True,$9635.2M,False,+-920.0%,True,2206.2K,True,$63.24 / SMA $58.77,True,4.92%,False,+5.2%,True,103.7M,True,NMS,False,
BRLGF,Dominion Lending Centres Inc.,6.09,2026-10-03T00:59:30.371977+00:00,False,+7.4%,True,$469.1M,False,+-10.0%,False,0.0K,True,$6.09 / SMA $6.06,False,0.00%,False,+1.3%,True,35.4M,False,PNK,False,
BRRLY,Barry Callebaut AG,12.72,2026-10-03T00:50:49.198967+00:00,False,+3.2%,True,$6974.0M,,N/A,False,22.6K,False,$12.72 / SMA $13.65,False,2.45%,,N/A,False,380.9M,False,PNK,False,
BRZE,"Braze, Inc.",25.42,2026-10-03T00:54:17.738393+00:00,False,+66.6%,True,$2887.3M,True,+34.6%,True,2543.0K,False,$25.42 / SMA $27.50,True,5.60%,True,+26.2%,True,94.1M,True,NMS,False,
BSAC,Banco Santander-Chile,31.99,2026-10-03T00:50:38.866594+00:00,False,+22.9%,True,$15071.0M,True,+40.0%,False,291.5K,False,$31.99 / SMA $34.72,False,2.17%,False,+13.6%,False,305.6M,True,NYQ,False,
BSBR,Banco Santander (Brasil) S.A.,5.4,2026-10-03T00:50:34.095944+00:00,False,+9.3%,True,$40432.6M,False,+-7.1%,True,3545.2K,False,$5.40 / SMA $5.71,False,1.82%,False,+-3.0%,False,1870.1M,True,NYQ,False,
BSDGY,Bosideng International Holdings Limited,25.27,2026-10-03T00:52:27.747980+00:00,False,+10.0%,True,$5884.2M,,N/A,False,0.0K,False,$25.27 / SMA $27.90,False,0.00%,,N/A,True,104.0M,False,PNK,False,
BSY,"Bentley Systems, Incorporated",32.23,2026-10-03T00:50:45.538642+00:00,False,+14.8%,True,$9736.5M,False,+13.6%,True,2594.2K,False,$32.23 / SMA $34.26,True,3.55%,False,+12.8%,False,155.7M,True,NMS,False,
BTDPY,Barratt Redrow plc,8.58,2026-10-03T00:52:33.354983+00:00,False,+34.5%,True,$5910.3M,,N/A,False,29.9K,True,$8.58 / SMA $8.29,False,1.54%,,N/A,False,663.2M,False,PNK,False,
BTT,Blackrock Municipal 2030 Target Term Trust,21.94,2026-10-03T00:56:03.086751+00:00,False,+3.0%,True,$1395.9M,,N/A,False,90.3K,False,$21.94 / SMA $22.31,False,0.92%,,N/A,,N/A,True,NYQ,False,
BULL,Webull Corporation,7.34,2026-10-03T00:54:13.655898+00:00,False,+63.1%,True,$3961.3M,True,+103.3%,True,12951.2K,False,$7.34 / SMA $8.15,True,5.29%,True,+51.2%,False,317.4M,True,NCM,False,
BV,"BrightView Holdings, Inc.",10.28,2026-10-03T00:56:07.079035+00:00,False,+4.7%,True,$951.9M,False,+-120.0%,True,1056.4K,False,$10.28 / SMA $11.40,True,3.12%,False,+1.3%,True,67.8M,True,NYQ,False,
BVHMY,Vistry Group PLC,3.5,2026-10-03T00:56:07.820014+00:00,False,+17.6%,True,$1112.5M,,N/A,False,0.3K,False,$3.50 / SMA $3.63,False,0.62%,,N/A,False,222.6M,False,PNK,False,
BVS,Bioventus Inc.,13.13,2026-10-03T00:57:49.054274+00:00,True,+106.1%,True,$896.8M,True,+327.3%,True,663.2K,False,$13.13 / SMA $13.67,True,3.54%,False,+3.8%,True,34.3M,True,NMS,False,
BVVBY,Bureau Veritas SA,59.64,2026-10-03T00:50:39.753045+00:00,False,+4.0%,True,$13237.1M,,N/A,False,18.4K,False,$59.64 / SMA $63.51,False,0.85%,,N/A,False,171.9M,False,PNK,False,
BWB,"Bridgewater Bancshares, Inc.",20.71,2026-10-03T00:59:29.377706+00:00,False,+29.0%,True,$577.5M,False,+18.4%,False,146.4K,False,$20.71 / SMA $21.19,False,2.54%,False,+13.9%,True,22.5M,True,NCM,False,
BZLYF,Beazley plc,17.27,2026-10-03T00:50:45.662694+00:00,True,+73.3%,True,$10305.9M,,N/A,False,0.7K,False,$17.27 / SMA $17.34,False,0.46%,,N/A,False,531.6M,False,PNK,False,
BZZUY,Buzzi S.p.A.,21.4,2026-10-03T00:50:46.980797+00:00,False,+2.6%,True,$7554.7M,,N/A,False,2.5K,False,$21.40 / SMA $23.18,False,2.70%,,N/A,True,105.9M,False,PNK,False,
CAC,Camden National Corporation,57.19,2026-10-03T00:57:47.480059+00:00,False,+63.4%,True,$966.3M,True,+62.7%,False,95.6K,False,$57.19 / SMA $57.41,False,2.67%,False,+8.5%,True,16.5M,True,NMS,False,
CAH,"Cardinal Health, Inc.",228.3,2026-10-03T00:50:23.406756+00:00,False,+51.4%,True,$52865.0M,True,+70.0%,True,1983.6K,False,$228.30 / SMA $232.23,False,2.18%,False,+5.8%,False,232.0M,True,NYQ,False,
CALY,Callaway Golf Company,14.45,2026-10-03T00:54:17.417911+00:00,True,+72.2%,True,$2597.5M,True,+281.8%,True,1942.2K,False,$14.45 / SMA $16.11,False,2.57%,False,+2.0%,False,154.7M,True,NYQ,False,
CAPL,CrossAmerica Partners LP,21.78,2026-10-03T00:57:46.864270+00:00,False,+10.7%,True,$831.4M,False,+-18.8%,False,37.5K,False,$21.78 / SMA $22.45,False,2.35%,False,+22.6%,True,18.3M,True,NYQ,False,
CASBF,CanSino Biologics Inc.,4.653,2026-10-03T00:56:00.604681+00:00,True,+79.0%,True,$1149.5M,,N/A,False,0.1K,True,$4.65 / SMA $3.60,False,0.37%,,N/A,False,159.9M,False,PNK,False,
CASH,"Pathward Financial, Inc.",73.96,2026-10-03T00:55:59.738736+00:00,False,+12.3%,True,$1536.4M,False,+-24.3%,False,213.7K,False,$73.96 / SMA $81.89,False,2.09%,False,+-0.4%,True,20.5M,True,NMS,False,
CB,Chubb Limited,330.89,2026-10-03T00:50:15.975917+00:00,False,+24.7%,True,$127657.3M,False,+-0.7%,True,1765.3K,False,$330.89 / SMA $342.32,False,1.48%,False,+7.2%,False,349.9M,True,NYQ,False,
CBLL,CBLL,23.69,2026-10-03T00:57:50.349907+00:00,True,+118.3%,True,$909.2M,False,+-34.2%,False,374.5K,True,$23.69 / SMA $22.60,True,3.69%,True,+32.5%,True,26.5M,True,NMS,False,
CBYDF,Corby Spirit and Wine Limited,10.88,2026-10-03T01:01:15.004534+00:00,False,+13.6%,True,$309.7M,,N/A,False,0.6K,False,$10.88 / SMA $11.19,False,0.40%,False,+-1.3%,True,15.8M,False,PNK,False,
CCAP,"Crescent Capital BDC, Inc.",9.02,2026-10-03T00:59:34.059814+00:00,False,+1.0%,True,$332.4M,False,+-122.0%,False,256.9K,False,$9.02 / SMA $10.13,False,2.07%,False,+-100.5%,,N/A,True,NGM,False,
CCBG,"Capital City Bank Group, Inc.",49.66,2026-10-03T00:57:48.590348+00:00,False,+29.8%,True,$849.8M,False,+8.0%,False,77.5K,False,$49.66 / SMA $50.87,False,1.94%,False,+2.7%,True,13.7M,True,NMS,False,
CCEC,Capital Clean Energy Carriers Corp.,20.99,2026-10-03T00:56:04.464898+00:00,False,+25.2%,True,$1263.9M,False,+-5.9%,False,8.5K,False,$20.99 / SMA $22.33,False,2.50%,False,+8.5%,True,7.6M,True,NMS,False,
CCEP,Coca-Cola Europacific Partners PLC,101.06,2026-10-03T00:50:24.365515+00:00,False,+19.4%,True,$44439.2M,,N/A,True,1800.1K,False,$101.06 / SMA $105.90,False,1.80%,,N/A,False,196.9M,True,NMS,False,
CCII,Cohen Circle Acquisition Corp. II,10.31,2026-10-03T00:59:37.969842+00:00,False,+1.9%,True,$357.7M,True,+5614.7%,False,53.2K,False,$10.31 / SMA $10.32,False,0.08%,,N/A,True,21.2M,True,NGM,False,
CCPPF,Shaftesbury Capital PLC,1.835,2026-10-03T00:54:12.225826+00:00,False,+4.9%,True,$3359.4M,,N/A,False,0.0K,True,$1.83 / SMA $1.81,False,0.00%,,N/A,False,1346.2M,False,PNK,False,
CCRDF,"Yokohama Financial Group, Inc.",12.13,2026-10-03T00:50:41.992530+00:00,False,+65.5%,True,$13464.0M,,N/A,False,0.3K,True,$12.13 / SMA $-9.06,,N/A,,N/A,False,1111.3M,False,PNK,False,
CCSI,"Consensus Cloud Solutions, Inc.",35.36,2026-10-03T00:59:29.357208+00:00,True,+75.0%,True,$648.0M,True,+33.6%,False,151.9K,False,$35.36 / SMA $36.80,True,3.79%,False,+4.1%,True,15.7M,True,NMS,False,
CCU,Compañía Cervecerías Unidas S.A.,10.59,2026-10-03T00:54:22.389183+00:00,False,+3.3%,True,$1960.6M,False,+-84.6%,False,146.8K,False,$10.59 / SMA $11.63,False,2.48%,False,+4.8%,True,60.2M,True,NYQ,False,
CCXI,Churchill Capital Corp XI,11.99,2026-10-03T00:57:54.646756+00:00,False,+19.1%,True,$667.8M,,N/A,True,2723.3K,False,$11.99 / SMA $13.97,True,5.28%,,N/A,True,35.0M,True,NGM,False,
CDNTF,"Canadian Tire Corporation, Limited",155.7,2026-10-03T00:50:50.168585+00:00,False,+3.7%,True,$8120.2M,True,+444.8%,False,0.0K,True,$155.70 / SMA $155.55,False,0.00%,False,+24.5%,True,48.1M,False,PNK,False,
CDP,COPT Defense Properties,33.57,2026-10-03T00:52:26.722390+00:00,False,+24.1%,True,$3888.9M,False,+17.6%,True,873.7K,False,$33.57 / SMA $35.76,False,1.99%,,N/A,True,112.1M,True,NYQ,False,
CDW,CDW Corporation,133.29,2026-10-03T00:50:39.423865+00:00,False,+37.2%,True,$16663.6M,False,+4.9%,True,1788.3K,False,$133.29 / SMA $142.30,True,3.97%,False,+10.0%,True,124.5M,True,NMS,False,
CDZIP,Cadiz Inc.,22.2,2026-10-03T00:59:37.702656+00:00,False,+18.1%,,N/A,,N/A,False,5.5K,True,$22.20 / SMA $22.20,False,1.95%,False,+-76.3%,True,56.9M,True,NGM,False,
CEIEF,Coelacanth Energy Inc.,0.4551,2026-10-03T00:59:35.344287+00:00,False,+0.0%,False,$288.5M,True,+163.8%,False,30.1K,False,$0.46 / SMA $0.53,False,1.26%,True,+380.5%,False,332.5M,False,PNK,False,
CELH,"Celsius Holdings, Inc.",26.75,2026-10-03T00:50:51.102520+00:00,False,+13.5%,True,$6768.7M,False,+-57.6%,True,9284.3K,False,$26.75 / SMA $29.44,True,3.76%,False,+10.6%,False,193.2M,True,NCM,False,
CEPF,"Cantor Equity Partners IV, Inc.",10.27,2026-10-03T00:57:54.099509+00:00,False,+1.4%,True,$586.9M,True,+23278.8%,False,64.5K,False,$10.27 / SMA $10.37,False,0.33%,,N/A,True,41.3M,True,NGM,False,
CERS,Cerus Corporation,2.28,2026-10-03T00:59:27.482683+00:00,False,+65.2%,True,$459.5M,True,+66.7%,True,2179.1K,False,$2.28 / SMA $2.61,True,3.82%,False,+9.5%,,N/A,True,NGM,False,
CEVA,"CEVA, Inc.",37.1,2026-10-03T00:56:08.486997+00:00,True,+118.0%,True,$1044.5M,True,+33.3%,True,775.2K,True,$37.10 / SMA $30.99,True,4.80%,False,+13.1%,True,25.6M,True,NMS,False,
CEVMY,CTS Eventim AG & Co. KGaA,15.0,2026-10-03T00:52:27.351611+00:00,False,+16.6%,True,$5759.5M,True,+31.1%,False,0.6K,False,$15.00 / SMA $16.15,False,0.06%,False,+13.0%,False,234.6M,False,PNK,False,
CGC,Canopy Growth Corporation,0.8754,2026-10-03T00:59:31.829951+00:00,False,+3.7%,True,$393.3M,True,+86.4%,True,2853.1K,False,$0.88 / SMA $0.96,True,3.09%,False,+12.5%,False,422.2M,True,NMS,False,
CGCT,CGCT,,2026-10-03T00:59:39.741389+00:00,False,N/A,False,N/A,False,N/A,False,N/A,False,N/A,False,N/A,False,N/A,False,N/A,False,Unknown,False,No price data available
CGEAF,Cogeco Communications Inc.,36.54,2026-10-03T00:55:56.223590+00:00,False,+1.2%,True,$1535.2M,False,+-1934.1%,False,8.3K,False,$36.54 / SMA $42.14,False,0.67%,False,+-4.9%,True,29.8M,False,PNK,False,
CHKGF,CK Asset Holdings Limited,5.83,2026-10-03T00:50:33.473240+00:00,False,+32.8%,True,$20403.7M,,N/A,False,0.4K,False,$5.83 / SMA $6.03,False,0.14%,,N/A,False,1893.9M,False,PNK,False,
CHSCO,CHS Inc.,25.68,2026-10-03T00:59:39.319341+00:00,False,+1.0%,,N/A,,N/A,False,17.2K,True,$25.68 / SMA $25.43,False,0.74%,,N/A,,N/A,True,NMS,False,
CHVKF,"China Vanke Co., Ltd.",0.37,2026-10-03T00:52:25.629499+00:00,False,+25.4%,True,$6098.1M,,N/A,False,1.6K,True,$0.37 / SMA $0.31,False,0.58%,False,+-38.7%,False,8678.3M,False,PNK,False,
CHXMF,Troilus Mining Corp.,1.31,2026-10-03T00:57:50.138100+00:00,False,+48.9%,True,$739.9M,False,+-100.0%,False,236.6K,False,$1.31 / SMA $1.46,True,5.29%,,N/A,False,535.2M,False,OQX,False,
CIG,Companhia Energética de Minas Gerais - CEMIG,2.15,2026-10-03T00:50:51.859132+00:00,False,+15.0%,True,$6150.5M,False,+-20.5%,True,4963.0K,True,$2.15 / SMA $2.08,False,2.60%,False,+3.2%,False,2373.1M,True,NYQ,False,
CIGI,Colliers International Group Inc.,89.78,2026-10-03T00:52:32.880760+00:00,False,+2.8%,True,$4588.1M,True,+600.0%,False,237.4K,False,$89.78 / SMA $98.33,True,3.03%,False,+16.7%,True,40.4M,True,NMS,False,
CIHHF,"China Merchants Bank Co., Ltd.",6.84,2026-10-03T00:50:15.662570+00:00,False,+21.7%,True,$172503.7M,,N/A,False,4.1K,True,$6.84 / SMA $6.38,False,0.23%,False,+4.9%,False,15365.9M,False,PNK,False,
CIMN,CIMN,25.1502,2026-10-03T00:56:08.055611+00:00,False,+3.2%,,N/A,,N/A,False,10.1K,True,$25.15 / SMA $25.08,False,0.43%,,N/A,,N/A,True,NYQ,False,
CITAF,"COSCO SHIPPING Development Co., Ltd.",0.11464,2026-10-03T00:52:36.072829+00:00,False,+11.3%,True,$1505.5M,,N/A,False,0.1K,True,$0.11 / SMA $0.09,False,0.67%,True,+40.9%,False,6782.2M,False,PNK,False,
CIVB,"Civista Bancshares, Inc.",26.98,2026-10-03T00:59:28.904663+00:00,False,+36.1%,True,$561.0M,False,+-2.8%,False,142.2K,False,$26.98 / SMA $27.74,False,2.04%,False,+15.1%,True,20.3M,True,NCM,False,
CKHGY,Capitec Limited,127.711,2026-10-03T00:50:28.002196+00:00,False,+25.5%,True,$29583.7M,,N/A,False,1.9K,False,$127.71 / SMA $142.99,False,1.57%,,N/A,False,173.8M,False,PNK,False,
CLDHF,CapitaLand China Trust,0.49,2026-10-03T00:57:46.776365+00:00,False,+0.0%,True,$861.0M,,N/A,False,0.1K,True,$0.49 / SMA $0.48,False,0.00%,,N/A,False,1299.1M,False,PNK,False,
CLDX,"Celldex Therapeutics, Inc.",31.65,2026-10-03T00:54:20.079402+00:00,False,+43.2%,True,$2485.5M,False,+-10.6%,True,1237.3K,False,$31.65 / SMA $38.42,True,5.48%,False,+-97.0%,True,73.0M,True,NCM,False,
CLPBY,Coloplast A/S,6.19,2026-10-03T00:50:39.398900+00:00,False,+9.8%,True,$13950.3M,True,+60.2%,False,204.2K,False,$6.19 / SMA $6.72,False,1.73%,False,+6.1%,False,1445.7M,False,PNK,False,
CLS,Celestica Inc.,387.32,2026-10-03T00:50:24.360108+00:00,False,+68.2%,True,$48845.4M,True,+76.2%,True,2516.1K,True,$387.32 / SMA $329.03,True,5.49%,True,+62.4%,True,114.1M,True,NYQ,False,
CLYM,Climb Bio Inc,10.94,2026-10-03T00:57:52.704974+00:00,True,+610.4%,True,$628.4M,False,+-38.5%,True,1408.3K,False,$10.94 / SMA $14.13,True,7.36%,,N/A,True,41.3M,True,NGM,False,
CMC,Commercial Metals Company,63.58,2026-10-03T00:50:50.763972+00:00,False,+19.8%,True,$7033.5M,True,+112.3%,True,1112.9K,False,$63.58 / SMA $68.17,False,2.71%,False,+22.9%,True,109.8M,True,NYQ,False,
CMI,Cummins Inc.,528.32,2026-10-03T00:50:17.995824+00:00,False,+31.8%,True,$72902.4M,False,+-21.0%,True,1012.4K,False,$528.32 / SMA $580.84,False,2.35%,False,+2.7%,True,137.1M,True,NYQ,False,
CMII,Columbus Circle Capital Corp II,10.06,2026-10-03T01:01:14.571728+00:00,False,+3.1%,True,$315.2M,True,+5982.4%,False,172.9K,True,$10.06 / SMA_short $10.06,,N/A,,N/A,True,19.7M,True,NGM,False,
CMOPF,Cosmo N.V.,65.5,2026-10-03T00:56:00.272354+00:00,False,+3.2%,True,$1126.0M,,N/A,False,0.3K,False,$65.50 / SMA $71.70,True,3.48%,,N/A,True,9.7M,False,PNK,False,
CMP,"Compass Minerals International, Inc.",22.2,2026-10-03T00:56:05.262557+00:00,False,+35.4%,True,$932.0M,True,+68.3%,False,423.6K,False,$22.20 / SMA $25.57,False,2.85%,False,+0.3%,True,39.3M,True,NYQ,False,
CMPR,Cimpress plc,75.04,2026-10-03T00:54:19.564156+00:00,False,+23.8%,True,$1827.2M,,N/A,False,190.2K,False,$75.04 / SMA $88.81,True,3.68%,False,+8.7%,True,15.0M,True,NMS,False,
CMXHF,CSL Limited,127.5,2026-10-03T00:50:27.091953+00:00,True,+99.7%,True,$61185.2M,,N/A,False,1.2K,True,$127.50 / SMA $110.38,False,0.10%,,N/A,False,478.5M,False,OQX,False,
CNGKY,CK Asset Holdings Limited,12.12,2026-10-03T00:50:31.932723+00:00,False,+32.0%,True,$21208.7M,,N/A,False,5.6K,True,$12.12 / SMA $11.93,True,3.34%,,N/A,False,946.9M,False,PNK,False,
CNH,CNH Industrial N.V.,13.47,2026-10-03T00:50:41.550904+00:00,False,+49.7%,True,$21661.9M,False,+-35.3%,True,17567.0K,True,$13.47 / SMA $12.08,True,3.67%,False,+2.0%,False,1233.3M,True,NYQ,False,
CNK,"Cinemark Holdings, Inc.",36.05,2026-10-03T00:54:14.759397+00:00,False,+66.9%,True,$4178.6M,,N/A,True,2442.1K,False,$36.05 / SMA $36.24,True,3.33%,False,+15.5%,True,102.3M,True,NYQ,False,
CNMD,CONMED Corporation,46.32,2026-10-03T00:56:08.019005+00:00,False,+47.3%,True,$1387.3M,False,+11.6%,True,503.0K,False,$46.32 / SMA $47.95,True,3.15%,False,+0.3%,True,29.7M,True,NYQ,False,
COCO,"The Vita Coco Company, Inc.",55.97,2026-10-03T00:52:35.210467+00:00,False,+47.0%,True,$3238.7M,True,+115.8%,True,1186.1K,False,$55.97 / SMA $60.76,True,4.29%,True,+28.1%,True,51.9M,True,NMS,False,
COIHY,Croda International Plc,21.72,2026-10-03T00:52:30.011660+00:00,False,+30.2%,True,$6053.5M,,N/A,False,6.6K,False,$21.72 / SMA $21.79,False,0.67%,,N/A,False,255.8M,False,PNK,False,
CORT,Corcept Therapeutics Incorporated,116.23,2026-10-03T00:52:26.806593+00:00,True,+305.5%,True,$12564.3M,False,+24.1%,True,1319.5K,True,$116.23 / SMA $112.93,True,4.79%,True,+31.7%,True,96.5M,True,NCM,False,
COVCF,COVER Corporation,10.2,2026-10-03T00:57:50.164116+00:00,False,+39.7%,True,$650.5M,,N/A,False,0.2K,True,$10.20 / SMA $10.08,False,0.00%,,N/A,True,36.8M,False,PNK,False,
CPYYF,Centrica plc,2.0,2026-10-03T00:50:42.593695+00:00,False,+3.1%,True,$9058.2M,,N/A,False,0.3K,False,$2.00 / SMA $2.10,False,0.15%,,N/A,False,4230.4M,False,PNK,False,
CRAN,Crane Harbor Acquisition Corp. II,10.1,2026-10-03T00:59:37.270466+00:00,False,+10.6%,True,$473.7M,,N/A,False,56.7K,False,$10.10 / SMA $10.13,False,0.57%,,N/A,True,29.3M,True,NGM,False,
CRARF,Crédit Agricole S.A.,18.8,2026-10-03T00:50:20.735019+00:00,False,+3.9%,True,$57026.8M,False,+5.4%,False,0.7K,False,$18.80 / SMA $21.38,False,0.27%,False,+-3.6%,False,883.4M,False,PNK,False,
CRD.A,CRD.A,,2026-10-03T00:59:30.187778+00:00,False,N/A,False,N/A,False,N/A,False,N/A,False,N/A,False,N/A,False,N/A,False,N/A,False,Unknown,False,No price data available
CRERF,Carrefour SA,18.5,2026-10-03T00:50:39.285917+00:00,False,+30.3%,True,$13090.8M,,N/A,False,0.2K,True,$18.50 / SMA $18.41,False,0.00%,,N/A,False,588.4M,False,PNK,False,
CRHKY,China Resources Beer (Holdings) Company Limited,4.76,2026-10-03T00:50:44.884764+00:00,False,+6.2%,True,$7720.7M,,N/A,False,279.6K,False,$4.76 / SMA $5.17,False,2.83%,,N/A,False,779.8M,False,PNK,False,
CRK,"Comstock Resources, Inc.",12.78,2026-10-03T00:52:36.894741+00:00,False,+5.4%,True,$3752.5M,False,+-93.2%,True,2523.4K,False,$12.78 / SMA $13.79,True,4.84%,False,+-25.2%,True,63.5M,True,NYQ,False,
CRLFF,Cardinal Energy Ltd.,8.54,2026-10-03T00:56:01.501706+00:00,False,+67.5%,True,$1497.0M,True,+280.0%,False,476.4K,True,$8.54 / SMA $8.43,False,2.09%,True,+81.3%,True,136.6M,False,PNK,False,
CRM,"Salesforce, Inc.",234.69,2026-10-03T00:50:15.293448+00:00,False,+60.4%,True,$193149.9M,True,+118.9%,True,13711.9K,True,$234.69 / SMA $219.47,True,3.18%,False,+10.8%,False,797.5M,True,NYQ,False,
CRNC,Cerence Inc.,8.09,2026-10-03T00:59:30.879434+00:00,False,+38.3%,True,$365.9M,True,+150.0%,True,676.6K,False,$8.09 / SMA $8.33,True,4.34%,False,+11.8%,True,43.9M,True,NMS,False,
CRNCY,Capricorn Energy PLC,11.07,2026-10-03T01:01:15.240019+00:00,True,+135.5%,True,$380.1M,,N/A,False,0.1K,True,$11.07 / SMA $10.20,False,0.42%,,N/A,True,19.6M,False,PNK,False,
CRPAY,"Corporación Acciona Energías Renovables, S.A.",12.33,2026-10-03T00:50:48.243216+00:00,False,+2.8%,True,$8003.4M,,N/A,False,0.0K,True,$12.33 / SMA $12.33,False,0.00%,,N/A,True,57.1M,False,PNK,False,
CRUS,"Cirrus Logic, Inc.",121.17,2026-10-03T00:50:48.639216+00:00,False,+14.0%,True,$6072.7M,True,+28.9%,True,800.6K,True,$121.17 / SMA $119.96,True,3.06%,False,+12.9%,True,49.6M,True,NMS,False,
CRVS,"Corvus Pharmaceuticals, Inc.",10.9,2026-10-03T00:57:41.955854+00:00,True,+70.6%,True,$916.9M,False,+-90.0%,True,993.1K,False,$10.90 / SMA $13.54,True,5.66%,,N/A,True,72.8M,True,NGM,False,
CSHR,CoinShares PLC,4.95,2026-10-03T00:57:51.087258+00:00,False,+41.0%,True,$652.3M,,N/A,False,258.7K,False,$4.95 / SMA $5.28,True,7.24%,,N/A,True,44.6M,True,NMS,False,
CSL,Carlisle Companies Incorporated,329.34,2026-10-03T00:50:40.319114+00:00,False,+12.2%,True,$13079.5M,False,+7.1%,True,559.4K,False,$329.34 / SMA $348.56,True,3.01%,False,+8.3%,True,39.1M,True,NYQ,False,
CSPKF,COSCO SHIPPING Ports Limited,0.64123,2026-10-03T00:54:17.652932+00:00,False,+0.0%,True,$2575.6M,,N/A,False,0.0K,True,$0.64 / SMA $0.53,False,0.00%,,N/A,False,1154.7M,False,PNK,False,
CSR,Centerspace,54.5,2026-10-03T00:56:07.574289+00:00,False,+4.8%,True,$964.6M,True,+92.0%,False,223.4K,True,$54.50 / SMA $54.39,False,2.07%,False,+-4.0%,True,15.4M,True,NYQ,False,
CTVA,"Corteva, Inc.",11.92,2026-10-03T00:50:22.005767+00:00,False,+0.7%,True,$7953.0M,False,+-9.9%,True,5798.3K,False,$11.92 / SMA $80.13,True,3.76%,,N/A,,N/A,True,NYQ,False,
CUBE,CubeSmart,37.52,2026-10-03T00:50:47.929795+00:00,False,+6.9%,True,$8506.4M,,N/A,True,2318.4K,False,$37.52 / SMA $39.68,False,1.91%,False,+1.5%,False,210.8M,True,NYQ,False,
CURB,Curbline Properties Corp.,28.27,2026-10-03T00:54:15.583255+00:00,False,+27.1%,True,$3223.8M,False,+-39.2%,True,1416.1K,False,$28.27 / SMA $29.40,False,2.08%,True,+52.9%,True,107.2M,True,NYQ,False,
CVCCF,CVC Capital Partners plc,14.84,2026-10-03T00:50:36.431022+00:00,False,+18.7%,True,$16163.6M,,N/A,False,0.2K,False,$14.84 / SMA $16.04,False,0.00%,,N/A,False,935.3M,False,PNK,False,
CVGW,CVGW,,2026-10-03T00:59:31.604680+00:00,False,N/A,False,N/A,False,N/A,False,N/A,False,N/A,False,N/A,False,N/A,False,N/A,False,Unknown,False,No price data available
CWH,"Camping World Holdings, Inc.",5.03,2026-10-03T00:57:49.178153+00:00,False,+5.1%,True,$321.1M,False,+-12.5%,True,2025.2K,False,$5.03 / SMA $6.12,True,5.61%,False,+-2.1%,True,55.3M,True,NYQ,False,
CXDO,"Crexendo, Inc.",5.92,2026-10-03T01:01:14.150135+00:00,False,+6.8%,False,$191.9M,False,+-25.0%,False,371.0K,False,$5.92 / SMA $6.24,True,3.28%,True,+48.9%,True,21.7M,True,NCM,False,
CXIIU,Churchill Capital Corp XII,11.11,2026-10-03T00:59:37.194872+00:00,False,+10.2%,,N/A,,N/A,False,25.9K,True,$11.11 / SMA $11.05,False,0.60%,,N/A,True,41.8M,True,NGM,False,
CYAGF,"CyberAgent, Inc.",8.064,2026-10-03T00:52:35.594340+00:00,False,+11.3%,True,$4089.2M,,N/A,False,0.0K,True,$8.06 / SMA $-11.23,,N/A,,N/A,False,409.3M,False,PNK,False,
CYGIY,"CyberAgent, Inc.",3.75,2026-10-03T00:52:35.087451+00:00,False,+0.0%,True,$3803.2M,,N/A,False,0.0K,False,$3.75 / SMA $4.21,False,0.00%,,N/A,False,818.6M,False,PNK,False,
CYRBY,Cyrela Brazil Realty S.A. Empreendimentos e Participações,5.46,2026-10-03T00:55:58.599938+00:00,False,+49.6%,True,$1970.4M,False,+16.4%,False,12.0K,True,$5.46 / SMA $4.77,True,6.55%,False,+17.7%,False,266.4M,False,PNK,False,
CYRX,"Cryoport, Inc.",17.43,2026-10-03T00:57:50.575045+00:00,True,+129.0%,True,$882.8M,False,+-109.8%,True,603.8K,True,$17.43 / SMA $16.01,True,3.41%,False,+7.7%,True,45.9M,True,NCM,False,
CZMWY,Carl Zeiss Meditec AG,35.16,2026-10-03T00:54:17.771492+00:00,False,+31.9%,True,$3077.8M,,N/A,False,2.7K,False,$35.16 / SMA $35.51,False,1.48%,,N/A,True,34.2M,False,PNK,False,
D,"Dominion Energy, Inc.",61.31,2026-10-03T00:50:20.717935+00:00,False,+9.8%,True,$53923.7M,False,+-58.0%,True,4371.5K,False,$61.31 / SMA $65.62,False,1.64%,,N/A,False,877.8M,True,NYQ,False,
DAN,Dana Incorporated,27.88,2026-10-03T00:54:11.133692+00:00,False,+57.2%,True,$2999.2M,False,+-126.3%,True,1447.9K,False,$27.88 / SMA $29.36,True,3.34%,False,+3.9%,True,105.9M,True,NYQ,False,
DAR,Darling Ingredients Inc.,62.94,2026-10-03T00:50:47.299637+00:00,True,+115.9%,True,$9932.1M,True,+2912.5%,True,2368.9K,False,$62.94 / SMA $63.48,True,3.43%,False,+16.4%,False,155.6M,True,NYQ,False,
DASTY,Dassault Systèmes SE,23.21,2026-10-03T00:50:27.741390+00:00,False,+22.2%,True,$30499.2M,,N/A,False,163.7K,False,$23.21 / SMA $24.57,False,1.82%,False,+2.1%,False,669.3M,False,PNK,False,
DBCA,D. Boral Acquisition I Corp.,10.015,2026-10-03T00:59:33.490544+00:00,False,+1.9%,True,$556.8M,,N/A,False,63.0K,True,$10.02 / SMA $10.01,False,0.09%,,N/A,True,28.7M,True,NGM,False,
DBI,Designer Brands Inc.,6.06,2026-10-03T00:59:37.739606+00:00,True,+94.9%,True,$309.8M,True,+47.6%,True,582.3K,True,$6.06 / SMA $5.94,True,5.98%,False,+-1.2%,True,29.1M,True,NYQ,False,
DBSDF,DBS Group Holdings Ltd,60.24,2026-10-03T00:50:15.678310+00:00,False,+59.3%,True,$171322.6M,,N/A,False,5.1K,True,$60.24 / SMA $60.02,True,3.58%,False,+3.2%,False,2041.6M,False,PNK,False,
DC,Dakota Gold Corp.,5.92,2026-10-03T00:57:50.693308+00:00,False,+56.2%,True,$794.3M,False,+0.0%,True,1395.1K,True,$5.92 / SMA $5.88,True,4.71%,,N/A,True,124.1M,True,ASE,False,
DCBO,Docebo Inc.,23.33,2026-10-03T00:59:30.417021+00:00,False,+62.1%,True,$582.0M,False,+-20.0%,False,72.0K,True,$23.33 / SMA $23.15,True,3.25%,False,+13.0%,True,8.7M,True,NMS,False,
DCI,"Donaldson Company, Inc.",88.65,2026-10-03T00:50:46.393595+00:00,False,+11.6%,True,$10275.4M,False,+13.4%,True,677.7K,False,$88.65 / SMA $91.52,False,1.73%,,N/A,True,115.1M,True,NYQ,False,
DCO,Ducommun Incorporated,175.39,2026-10-03T00:54:21.936476+00:00,True,+106.9%,True,$2648.4M,True,+59.8%,False,256.3K,False,$175.39 / SMA $180.09,True,3.66%,False,+11.8%,True,14.5M,True,NYQ,False,
DD,"DuPont de Nemours, Inc.",129.98,2026-10-03T00:50:34.360971+00:00,False,+40.5%,True,$17549.8M,True,+150.0%,True,1343.1K,False,$129.98 / SMA $135.26,False,1.93%,,N/A,True,134.5M,True,NYQ,False,
DDD,3D Systems Corporation,3.78,2026-10-03T00:59:31.981913+00:00,True,+122.4%,True,$628.0M,True,+89.3%,True,2681.9K,True,$3.78 / SMA $3.32,True,5.58%,False,+1.1%,False,160.5M,True,NYQ,False,
DDOG,"Datadog, Inc.",277.22,2026-10-03T00:50:18.866195+00:00,True,+182.8%,True,$99542.8M,True,+1100.0%,True,4255.3K,True,$277.22 / SMA $244.00,True,4.63%,True,+35.6%,False,333.0M,True,NMS,False,
DEA,"Easterly Government Properties, Inc.",23.4,2026-10-03T00:56:08.423124+00:00,False,+13.8%,True,$1146.7M,False,+-33.3%,False,398.0K,False,$23.40 / SMA $24.14,False,1.87%,False,+9.7%,True,44.7M,True,NYQ,False,
DELHY,Delivery Hero SE,4.05,2026-10-03T00:50:42.861849+00:00,True,+141.1%,True,$12411.2M,,N/A,False,98.7K,False,$4.05 / SMA $4.20,False,1.42%,,N/A,False,2549.7M,False,PNK,False,
DEUZF,DEUTZ Aktiengesellschaft,13.15,2026-10-03T00:56:00.212676+00:00,False,+48.5%,True,$2007.2M,,N/A,False,0.1K,True,$13.15 / SMA $12.45,False,0.23%,False,+19.7%,True,140.0M,False,PNK,False,
DFDDF,DFDS A/S,21.5,2026-10-03T00:56:05.502912+00:00,False,+51.7%,True,$1161.4M,True,+149.8%,False,0.0K,True,$21.50 / SMA $21.21,False,0.00%,False,+13.9%,True,32.0M,False,PNK,False,
DFH,"Dream Finders Homes, Inc.",10.75,2026-10-03T00:56:04.503676+00:00,False,+5.6%,True,$973.3M,False,+-51.8%,True,757.9K,False,$10.75 / SMA $13.50,True,5.70%,False,+-7.6%,True,26.7M,True,NYQ,False,
DFKCY,Daifuku Co Ltd,18.33,2026-10-03T00:50:36.261019+00:00,False,+63.4%,True,$13645.4M,,N/A,False,48.1K,True,$18.33 / SMA_short $18.33,,N/A,,N/A,False,692.5M,False,PNK,False,
DGIPF,DigiPlus Interactive Corp.,0.1306,2026-10-03T00:57:43.485460+00:00,False,+17.0%,,N/A,,N/A,False,100.3K,False,$0.13 / SMA $0.15,True,14.34%,,N/A,,N/A,False,PNK,False,
DGX,Quest Diagnostics Incorporated,233.33,2026-10-03T00:50:33.181984+00:00,False,+36.3%,True,$25753.4M,False,+15.0%,True,1018.1K,False,$233.33 / SMA $237.88,False,2.27%,False,+10.2%,True,109.8M,True,NYQ,False,
DHR,Danaher Corporation,214.06,2026-10-03T00:50:16.178185+00:00,False,+33.0%,True,$150481.2M,True,+59.7%,True,4710.0K,True,$214.06 / SMA $208.33,False,2.66%,False,+5.5%,False,625.9M,True,NYQ,False,
DINO,HF Sinclair Corporation,113.36,2026-10-03T00:50:41.592503+00:00,True,+148.0%,True,$20153.6M,True,+348.2%,True,2780.6K,True,$113.36 / SMA $98.95,True,4.45%,,N/A,False,167.9M,True,NYQ,False,
DJT,Trump Media & Technology Group Corp.,8.91,2026-10-03T00:54:21.664040+00:00,False,+28.0%,True,$2476.5M,False,+-975.0%,True,4000.1K,False,$8.91 / SMA $9.16,True,3.97%,True,+89.0%,False,160.9M,True,NGM,False,
DKILF,"Daikin Industries,Ltd.",128.5,2026-10-03T00:50:23.857387+00:00,False,+18.2%,True,$35766.2M,,N/A,False,34.7K,False,$128.50 / SMA $133.21,True,8.19%,,N/A,False,278.3M,False,PNK,False,
DKNG,DraftKings Inc.,18.59,2026-10-03T00:50:41.687550+00:00,False,+0.4%,True,$9229.1M,False,+-146.7%,True,12458.4K,False,$18.59 / SMA $23.65,True,4.95%,False,+-4.6%,False,424.2M,True,NMS,False,
DKS,"DICK'S Sporting Goods, Inc.",136.08,2026-10-03T00:50:33.722427+00:00,False,+13.3%,True,$13407.5M,False,+-25.7%,True,3015.6K,False,$136.08 / SMA $160.87,True,3.67%,True,+53.2%,True,60.4M,True,NYQ,False,
DLMAF,Dollarama Inc.,128.36,2026-10-03T00:50:26.410075+00:00,False,+14.2%,True,$34447.9M,False,+11.2%,False,37.4K,False,$128.36 / SMA $130.49,False,0.47%,False,+17.6%,False,264.3M,False,PNK,False,
DLR,"Digital Realty Trust, Inc.",178.55,2026-10-03T00:50:19.906516+00:00,False,+22.1%,True,$67431.9M,True,+64.6%,True,2371.4K,False,$178.55 / SMA $187.40,False,2.31%,,N/A,False,350.4M,True,NYQ,False,
DLX,Deluxe Corporation,22.61,2026-10-03T00:57:43.654695+00:00,False,+27.3%,True,$1036.8M,False,+-17.8%,False,420.5K,False,$22.61 / SMA $24.22,False,2.53%,False,+-4.2%,True,44.4M,True,NYQ,False,
DMII,Drugs Made In America Acquisition II Corp.,10.19,2026-10-03T00:57:52.310702+00:00,False,+3.3%,True,$649.1M,True,+11805.7%,False,52.6K,True,$10.19 / SMA $10.14,False,0.18%,,N/A,True,54.0M,True,NGM,False,
DNBBF,DNB Bank ASA,33.576,2026-10-03T00:50:22.835453+00:00,False,+31.6%,True,$47759.5M,False,+-7.7%,False,2.3K,False,$33.58 / SMA $34.02,True,3.01%,False,+-0.5%,False,703.9M,False,PNK,False,
DNOPY,Dino Polska S.A.,8.88,2026-10-03T00:50:49.058452+00:00,False,+24.0%,True,$8706.0M,False,+0.0%,False,76.1K,False,$8.88 / SMA $9.03,True,3.55%,False,+10.5%,False,475.8M,False,PNK,False,
DNP,DNP Select Income Fund Inc.,9.57,2026-10-03T00:52:37.082201+00:00,False,+3.7%,True,$3625.1M,,N/A,True,719.8K,False,$9.57 / SMA $10.47,False,1.87%,,N/A,,N/A,True,NYQ,False,
DNTH,"Dianthus Therapeutics, Inc.",88.21,2026-10-03T00:52:33.568259+00:00,True,+173.8%,True,$4822.1M,False,+-2.3%,True,821.1K,False,$88.21 / SMA $105.03,True,4.88%,True,+294.3%,True,55.8M,True,NCM,False,
DNTUY,Dentsu Group Inc.,23.9,2026-10-03T00:52:32.576413+00:00,False,+45.9%,True,$6204.1M,,N/A,False,0.2K,True,$23.90 / SMA $21.92,False,0.00%,,N/A,False,214.7M,False,PNK,False,
DOC,"Healthpeak Properties, Inc.",19.49,2026-10-03T00:50:39.843984+00:00,False,+24.1%,True,$13817.4M,True,+60.0%,True,5382.2K,False,$19.49 / SMA $20.83,False,1.80%,False,+11.1%,False,686.7M,True,NYQ,False,
DOCS,"Doximity, Inc.",27.93,2026-10-03T00:54:11.505632+00:00,False,+62.9%,True,$4978.4M,False,+-51.9%,True,4442.6K,True,$27.93 / SMA $25.02,True,3.92%,False,+7.3%,True,123.6M,True,NYQ,False,
DOLE,Dole plc,12.75,2026-10-03T00:56:03.970564+00:00,False,+1.8%,True,$1204.3M,True,+170.0%,True,983.1K,False,$12.75 / SMA $13.42,False,1.98%,False,+2.9%,True,75.7M,True,NYQ,False,
DPSTF,DHL AG,64.5,2026-10-03T00:50:20.313725+00:00,False,+46.6%,True,$72191.2M,True,+34.3%,False,2.1K,False,$64.50 / SMA $64.82,False,0.32%,False,+7.5%,False,910.6M,False,OID,False,
DQJCF,Pan Pacific International Holdings Corporation,4.3625,2026-10-03T00:50:36.331612+00:00,False,+4.6%,True,$13047.6M,,N/A,False,9.7K,False,$4.36 / SMA $5.12,False,1.94%,,N/A,False,1989.1M,False,PNK,False,
DRTS,Alpha Tau Medical Ltd.,14.77,2026-10-03T00:57:46.437947+00:00,True,+330.6%,True,$1365.9M,,N/A,True,603.0K,True,$14.77 / SMA $14.11,True,4.47%,,N/A,True,64.1M,True,NCM,True,
DRXGF,Drax Group plc,9.7755,2026-10-03T00:54:11.566867+00:00,False,+30.3%,True,$3293.0M,,N/A,False,0.0K,True,$9.78 / SMA $9.66,False,0.00%,,N/A,False,333.4M,False,PNK,False,
DSL,DoubleLine Income Solutions Fund,9.96,2026-10-03T00:56:05.850747+00:00,False,+1.3%,True,$1141.1M,,N/A,True,611.7K,False,$9.96 / SMA $10.35,False,1.05%,,N/A,,N/A,True,NYQ,False,
DSU,"BlackRock Debt Strategies Fund, Inc.",8.93,2026-10-03T00:59:30.422471+00:00,False,+1.1%,True,$578.5M,,N/A,False,316.6K,False,$8.93 / SMA $9.20,False,0.85%,,N/A,,N/A,True,NYQ,False,
DTEGY,Deutsche Telekom AG,29.85,2026-10-03T00:50:15.214104+00:00,False,+11.0%,True,$142760.9M,False,+-5.6%,True,641.1K,False,$29.85 / SMA $32.26,False,1.43%,False,+4.3%,False,4122.1M,False,OQX,False,
DTTLF,Datatec Limited,5.58,2026-10-03T00:56:06.664886+00:00,False,+61.3%,True,$1354.0M,,N/A,False,0.0K,True,$5.58 / SMA $5.58,False,0.00%,,N/A,False,167.2M,False,OQX,False,
DUAVF,Dassault Aviation société anonyme,320.556,2026-10-03T00:50:29.764190+00:00,False,+6.1%,True,$24698.0M,,N/A,False,0.2K,False,$320.56 / SMA $340.70,False,2.56%,,N/A,True,16.6M,False,PNK,False,
DVCMY,Davide Campari-Milano N.V.,6.77,2026-10-03T00:50:50.889738+00:00,False,+12.8%,True,$8119.7M,,N/A,False,203.1K,True,$6.77 / SMA $6.76,False,1.62%,,N/A,False,576.3M,False,PNK,False,
DWHHF,Deutsche Wohnen SE,24.38,2026-10-03T00:50:46.937738+00:00,False,+2.4%,True,$9677.3M,,N/A,False,0.0K,True,$24.38 / SMA $23.82,False,0.00%,,N/A,True,30.3M,False,PNK,False,
DXC,DXC Technology Company,11.1,2026-10-03T00:56:01.943630+00:00,False,+40.5%,True,$1773.5M,True,+711.1%,True,3244.6K,True,$11.10 / SMA $11.02,True,4.06%,,N/A,False,157.1M,True,NYQ,False,
EBAY,eBay Inc.,106.4,2026-10-03T00:50:22.358412+00:00,False,+36.4%,True,$47348.0M,True,+53.2%,True,4420.5K,False,$106.40 / SMA $107.17,True,3.22%,False,+14.8%,False,399.8M,True,NMS,False,
EBKDY,Erste Group Bank AG,64.24,2026-10-03T00:50:23.241927+00:00,False,+36.6%,True,$49908.2M,False,+18.9%,False,120.9K,False,$64.24 / SMA $69.42,False,1.66%,True,+40.5%,False,673.2M,False,PNK,False,
ECO,Okeanis Eco Tankers Corp.,87.28,2026-10-03T00:55:55.817082+00:00,True,+214.6%,True,$3407.8M,True,+602.4%,True,599.9K,True,$87.28 / SMA $67.65,True,4.26%,True,+239.4%,True,20.8M,True,NYQ,True,
ECRAF,Ecora Royalties PLC,2.15,2026-10-03T00:59:31.383133+00:00,True,+90.3%,True,$536.8M,,N/A,False,32.7K,False,$2.15 / SMA $2.20,True,5.17%,,N/A,False,195.1M,False,OQX,False,
EEX,EEX,,2026-10-03T00:57:44.694652+00:00,False,N/A,False,N/A,False,N/A,False,N/A,False,N/A,False,N/A,False,N/A,False,N/A,False,Unknown,False,No price data available
EH,EHang Holdings Limited,4.14,2026-10-03T00:57:49.861878+00:00,False,+2.2%,True,$314.0M,False,+-18.3%,True,774.2K,False,$4.14 / SMA $4.96,True,4.19%,False,+-31.3%,True,54.6M,True,NGM,False,
ELMT,The Elmet Group Co.,22.13,2026-10-03T00:59:34.457303+00:00,True,+77.2%,True,$674.1M,False,+-480.4%,True,675.2K,True,$22.13 / SMA $17.57,True,9.73%,True,+35.2%,True,10.1M,True,NCM,False,
ELMTY,Elementis plc,9.0,2026-10-03T00:56:07.359084+00:00,False,+23.1%,True,$1272.3M,,N/A,False,0.0K,True,$9.00 / SMA $8.31,False,0.00%,,N/A,True,141.0M,False,PNK,False,
ELTP,"Elite Pharmaceuticals, Inc.",0.22,2026-10-03T00:59:36.873531+00:00,False,+1.9%,False,$237.0M,True,+200.0%,True,735.7K,False,$0.22 / SMA $0.30,True,5.26%,False,+-19.5%,False,836.1M,False,OQB,False,
ELV,"Elevance Health, Inc.",386.43,2026-10-03T00:50:18.289830+00:00,False,+40.6%,True,$83804.8M,False,+-13.1%,True,1216.3K,False,$386.43 / SMA $396.29,False,2.48%,False,+1.4%,False,216.4M,True,NYQ,False,
EMBJ,EMBJ,75.21,2026-10-03T00:50:45.130713+00:00,False,+40.4%,True,$13384.2M,True,+197.3%,True,1190.1K,True,$75.21 / SMA $73.59,False,3.00%,True,+102.7%,False,168.0M,True,NYQ,False,
EME,"EMCOR Group, Inc.",786.61,2026-10-03T00:50:25.406799+00:00,False,+39.2%,True,$34697.3M,True,+34.8%,False,403.7K,True,$786.61 / SMA $771.62,False,2.78%,False,+19.8%,True,43.8M,True,NYQ,False,
EMO,ClearBridge Energy Midstream Opportunity Fund Inc,50.31,2026-10-03T00:56:05.783344+00:00,False,+21.1%,True,$1006.9M,,N/A,False,39.6K,False,$50.31 / SMA $52.56,False,2.68%,,N/A,,N/A,True,NYQ,False,
ENGQF,Engie SA,25.347,2026-10-03T00:50:18.770746+00:00,False,+21.0%,True,$64396.8M,,N/A,False,28.0K,False,$25.35 / SMA $28.58,True,4.53%,,N/A,False,1809.9M,False,PNK,False,
ENIC,Enel Chile S.A.,4.17,2026-10-03T00:52:29.461962+00:00,False,+15.2%,True,$5768.5M,True,+60.0%,True,623.4K,False,$4.17 / SMA $4.40,False,2.23%,False,+-8.9%,False,485.2M,True,NYQ,False,
ENLT,Enlight Renewable Energy Ltd,66.58,2026-10-03T00:50:41.056114+00:00,True,+115.1%,True,$9314.8M,True,+1900.0%,False,189.4K,False,$66.58 / SMA $78.54,False,2.31%,True,+43.0%,True,137.6M,True,NMS,False,
ENPSF,Enplas Corporation,63.25,2026-10-03T00:57:49.472363+00:00,True,+112.9%,True,$571.3M,,N/A,False,0.1K,True,$63.25 / SMA $21.99,False,0.00%,,N/A,True,6.7M,False,PNK,False,
ENS,EnerSys,196.3,2026-10-03T00:50:49.141288+00:00,True,+80.3%,True,$7079.6M,True,+111.6%,True,515.4K,True,$196.30 / SMA $184.84,False,2.44%,False,+4.8%,True,35.9M,True,NYQ,False,
ENVA,"Enova International, Inc.",172.89,2026-10-03T00:54:10.381623+00:00,False,+67.8%,True,$4304.7M,True,+39.9%,False,354.8K,False,$172.89 / SMA $225.02,True,3.04%,False,+21.6%,True,23.8M,True,NYQ,False,
ENVX,Enovix Corporation,2.8,2026-10-03T00:56:03.129122+00:00,False,+12.9%,True,$614.5M,False,+9.1%,True,7299.4K,False,$2.80 / SMA $3.53,True,6.39%,False,+20.8%,False,189.6M,True,NMS,False,
EOG,"EOG Resources, Inc.",141.38,2026-10-03T00:50:19.374495+00:00,False,+39.2%,True,$75303.0M,True,+109.3%,True,3060.1K,False,$141.38 / SMA $144.40,False,2.33%,,N/A,False,522.8M,True,NYQ,False,
EPMLF,Empire Metals Limited,0.59,2026-10-03T00:59:40.906351+00:00,True,+116.6%,,N/A,,N/A,False,2.8K,True,$0.59 / SMA_short $0.56,True,8.44%,,N/A,False,685.5M,False,OQX,False,
EQBK,"Equity Bancshares, Inc.",47.73,2026-10-03T00:57:45.121147+00:00,False,+23.7%,True,$982.9M,True,+47.7%,False,114.6K,False,$47.73 / SMA $49.71,False,2.25%,True,+40.0%,True,17.7M,True,NYQ,False,
ERAS,"Erasca, Inc.",14.74,2026-10-03T00:54:12.223148+00:00,True,+600.2%,True,$5155.5M,False,+-16.7%,True,4263.8K,False,$14.74 / SMA $16.95,True,6.43%,,N/A,False,242.9M,True,NMS,False,
ERBKY,Eurobank S.A.,10.7,2026-10-03T00:50:37.857952+00:00,False,+19.8%,True,$38392.8M,False,+10.0%,False,1.6K,False,$10.70 / SMA $11.38,False,1.62%,False,+6.7%,False,1224.5M,False,PNK,False,
ERIE,Erie Indemnity Company,221.09,2026-10-03T00:50:45.054224+00:00,False,+8.0%,True,$11560.8M,False,+3.3%,False,274.1K,False,$221.09 / SMA $245.92,False,2.84%,False,+1.7%,True,25.1M,True,NMS,False,
ESE,ESCO Technologies Inc.,274.95,2026-10-03T00:50:51.367624+00:00,False,+42.0%,True,$7123.3M,True,+25.3%,False,214.5K,False,$274.95 / SMA $285.89,False,2.82%,False,+14.4%,True,25.8M,True,NYQ,False,
ESLOF,EssilorLuxottica Société anonyme,164.75,2026-10-03T00:50:17.516583+00:00,False,+5.4%,True,$75575.5M,,N/A,False,5.0K,False,$164.75 / SMA $180.73,True,5.85%,,N/A,False,266.8M,False,PNK,False,
ESPR,ESPR,,2026-10-03T00:57:48.402889+00:00,False,N/A,False,N/A,False,N/A,False,N/A,False,N/A,False,N/A,False,N/A,False,N/A,False,Unknown,False,No price data available
ET,Energy Transfer LP,20.47,2026-10-03T00:50:19.793447+00:00,False,+26.5%,True,$70484.3M,True,+84.4%,True,8857.7K,False,$20.47 / SMA $20.78,False,1.64%,True,+78.4%,False,2944.6M,True,NYQ,False,
ETD,Ethan Allen Interiors Inc.,21.06,2026-10-03T00:59:30.317425+00:00,False,+15.2%,True,$530.8M,False,+-4.2%,True,539.0K,True,$21.06 / SMA $20.76,False,2.62%,False,+-8.5%,True,23.4M,True,NYQ,False,
ETN,Eaton Corporation plc,436.11,2026-10-03T00:50:15.252627+00:00,False,+39.8%,True,$169341.5M,False,+-15.9%,True,2096.3K,True,$436.11 / SMA $421.43,False,2.75%,,N/A,False,387.7M,True,NYQ,False,
EVAC.U,EVAC.U,,2026-10-03T00:57:54.019116+00:00,False,N/A,False,N/A,False,N/A,False,N/A,False,N/A,False,N/A,False,N/A,False,N/A,False,Unknown,False,No price data available
EVH,"Evolent Health, Inc.",3.46,2026-10-03T00:59:32.801019+00:00,False,+65.2%,True,$391.2M,True,+43.2%,True,3013.3K,False,$3.46 / SMA $4.00,True,5.26%,True,+46.9%,True,94.2M,True,NYQ,False,
EVOX,Evolution Global Acquisition Corp,10.13,2026-10-03T00:59:41.026703+00:00,False,+2.7%,True,$324.2M,,N/A,False,47.1K,True,$10.13 / SMA $10.10,False,0.03%,,N/A,True,21.2M,True,NGM,False,
EVTL,Vertical Aerospace Ltd.,0.5939,2026-10-03T00:59:40.072999+00:00,False,+14.7%,False,$100.2M,,N/A,True,6169.5K,False,$0.59 / SMA $0.83,True,10.77%,,N/A,True,83.8M,True,NYQ,False,
EWIIF,Edinburgh Worldwide Investment Trust Plc,3.587,2026-10-03T00:56:06.190529+00:00,True,+79.4%,,N/A,,N/A,,N/A,,N/A,,N/A,,N/A,,N/A,False,PNK,False,
EXETF,Extendicare Inc.,19.93,2026-10-03T00:54:20.871299+00:00,True,+92.7%,True,$1894.3M,False,+-14.5%,False,83.5K,False,$19.93 / SMA $22.93,False,1.41%,True,+59.4%,True,93.9M,False,PNK,False,
EXPE,"Expedia Group, Inc.",265.0,2026-10-03T00:50:30.413030+00:00,False,+43.0%,True,$31805.1M,True,+188.7%,True,1826.2K,False,$265.00 / SMA $298.48,True,4.35%,False,+14.0%,True,113.6M,True,NMS,False,
EZPW,"EZCORP, Inc.",30.2,2026-10-03T00:55:57.861973+00:00,True,+83.0%,True,$1855.6M,True,+41.2%,True,929.0K,False,$30.20 / SMA $30.82,True,3.43%,True,+34.7%,True,55.6M,True,NMS,False,
FANDY,FirstRand Limited,56.2,2026-10-03T00:50:28.259597+00:00,False,+23.4%,True,$31255.4M,,N/A,False,0.1K,False,$56.20 / SMA $59.84,False,0.00%,,N/A,False,555.0M,False,PNK,False,
FANUY,Fanuc Corporation,19.68,2026-10-03T00:50:22.924044+00:00,False,+35.4%,True,$36573.3M,,N/A,True,513.6K,True,$19.68 / SMA $19.35,False,2.50%,,N/A,False,1866.0M,False,PNK,False,
FBIZ,"First Business Financial Services, Inc.",70.93,2026-10-03T00:59:31.427508+00:00,False,+54.0%,True,$593.6M,True,+36.3%,False,62.4K,True,$70.93 / SMA $70.43,False,1.85%,,N/A,True,7.8M,True,NMS,False,
FCELB,"FuelCell Energy, Inc.",475.0,2026-10-03T00:56:04.649353+00:00,False,+59.7%,,N/A,,N/A,False,0.2K,False,$475.00 / SMA $486.83,True,3.02%,False,+-29.4%,True,76.1M,False,PNK,False,
FCNCB,"First Citizens BancShares, Inc.",1675.01,2026-10-03T00:50:32.253132+00:00,False,+16.3%,True,$18916.1M,True,+31.1%,False,0.1K,False,$1675.01 / SMA $1796.22,False,1.09%,False,+2.5%,True,8.1M,False,PNK,False,
FCPT,"Four Corners Property Trust, Inc.",21.55,2026-10-03T00:54:17.446591+00:00,False,+0.9%,True,$2365.1M,False,+-3.6%,True,882.0K,False,$21.55 / SMA $24.17,False,1.88%,False,+7.7%,True,108.4M,True,NYQ,False,
FDMDF,4DMedical Limited,3.0,2026-10-03T00:56:01.591405+00:00,True,+244.8%,True,$1804.8M,,N/A,False,0.6K,True,$3.00 / SMA $2.74,False,0.00%,,N/A,False,498.9M,False,PNK,False,
FDMT,"4D Molecular Therapeutics, Inc.",13.67,2026-10-03T00:59:32.637773+00:00,True,+96.4%,True,$755.2M,False,+-6.1%,True,894.4K,True,$13.67 / SMA $13.40,True,6.33%,True,+25106.7%,True,42.5M,True,NMS,False,
FDP,FDP,,2026-10-03T00:56:01.734536+00:00,False,N/A,False,N/A,False,N/A,False,N/A,False,N/A,False,N/A,False,N/A,False,N/A,False,Unknown,False,No price data available
FERG,Ferguson Enterprises Inc.,223.33,2026-10-03T00:50:23.932175+00:00,False,+5.3%,True,$43203.8M,False,+-3.4%,True,2333.8K,False,$223.33 / SMA $231.78,False,2.32%,False,+3.0%,False,193.0M,True,NYQ,False,
FFIC,FFIC,,2026-10-03T00:59:29.611396+00:00,False,N/A,False,N/A,False,N/A,False,N/A,False,N/A,False,N/A,False,N/A,False,N/A,False,Unknown,False,No price data available
FFIN,"First Financial Bankshares, Inc.",32.15,2026-10-03T00:52:33.923206+00:00,False,+14.3%,True,$4607.7M,False,+6.4%,True,745.9K,False,$32.15 / SMA $33.56,False,1.90%,,N/A,True,136.9M,True,NMS,False,
FGROY,FirstGroup plc,2.35,2026-10-03T00:56:06.261238+00:00,False,+17.5%,True,$1216.0M,,N/A,False,0.1K,True,$2.35 / SMA $2.34,False,0.00%,,N/A,False,477.5M,False,PNK,False,
FHB,"First Hawaiian, Inc.",25.26,2026-10-03T00:54:13.171718+00:00,False,+11.5%,True,$3073.7M,False,+3.4%,True,2237.7K,False,$25.26 / SMA $26.32,False,1.72%,False,+6.6%,True,120.4M,True,NMS,False,
FIGR,"Figure Technology Solutions, Inc.",28.53,2026-10-03T00:50:51.810589+00:00,False,+18.3%,True,$6401.5M,True,+881.5%,True,4117.0K,False,$28.53 / SMA $32.81,True,7.10%,True,+97.2%,True,145.7M,True,NMS,False,
FIP,FTAI Infrastructure Inc.,2.685,2026-10-03T00:59:27.872303+00:00,False,+3.7%,True,$317.3M,False,+-93.2%,True,1292.4K,False,$2.69 / SMA $3.56,True,6.92%,True,+52.7%,True,108.7M,True,NMS,False,
FITBP,FITBP,,2026-10-03T00:50:23.701075+00:00,False,N/A,False,N/A,False,N/A,False,N/A,False,N/A,False,N/A,False,N/A,False,N/A,False,Unknown,False,No price data available
FIVN,"Five9, Inc.",34.36,2026-10-03T00:55:59.700165+00:00,True,+158.5%,True,$2567.5M,True,+300.0%,True,2598.6K,True,$34.36 / SMA $32.32,True,5.82%,False,+10.3%,True,66.8M,True,NGM,False,
FLEX,Flex Ltd.,116.61,2026-10-03T00:50:22.877275+00:00,True,+119.7%,True,$43076.1M,True,+52.0%,True,3745.5K,True,$116.61 / SMA $114.05,True,4.39%,,N/A,False,366.6M,True,NMS,False,
FLGZY,Flughafen Zürich AG,9.45,2026-10-03T00:50:48.271050+00:00,False,+0.0%,True,$7252.4M,,N/A,False,0.5K,False,$9.45 / SMA $10.75,False,0.26%,,N/A,False,470.1M,False,PNK,False,
FLIDY,FLSmidth & Co. A/S,9.21,2026-10-03T00:52:34.318978+00:00,False,+41.0%,True,$4889.1M,True,+200.0%,False,0.2K,True,$9.21 / SMA $8.46,False,0.18%,False,+16.8%,False,450.2M,False,PNK,False,
FLOC,FLOC,18.46,2026-10-03T00:54:19.753904+00:00,False,+31.6%,True,$2008.4M,True,+33.3%,True,560.1K,False,$18.46 / SMA $20.74,True,3.99%,False,+22.1%,True,10.0M,True,NYQ,False,
FMBRF,FMBRF,,2026-10-03T01:01:15.370872+00:00,False,N/A,False,N/A,False,N/A,False,N/A,False,N/A,False,N/A,False,N/A,False,N/A,False,Unknown,False,No price data available
FMCCK,Federal Home Loan Mortgage Corporation,10.41,2026-10-03T00:52:36.161259+00:00,False,+0.0%,,N/A,,N/A,False,0.6K,False,$10.41 / SMA $12.71,False,0.15%,False,+2.4%,False,650.1M,False,OQB,False,
FMCCN,Federal Home Loan Mortgage Corporation,8.75,2026-10-03T00:52:36.416211+00:00,False,+0.0%,,N/A,,N/A,False,0.6K,False,$8.75 / SMA $11.37,False,1.18%,False,+2.4%,False,650.1M,False,OQB,False,
FMCCP,Federal Home Loan Mortgage Corporation,10.5,2026-10-03T00:52:36.424734+00:00,False,+1.2%,,N/A,,N/A,False,3.9K,False,$10.50 / SMA $13.80,False,1.30%,False,+2.4%,False,650.1M,False,OQB,False,
FMCKN,Federal Home Loan Mortgage Corporation,6.15,2026-10-03T00:52:36.570675+00:00,False,+5.1%,,N/A,,N/A,False,4.9K,False,$6.15 / SMA $7.73,False,1.74%,False,+2.4%,False,650.1M,False,OQB,False,
FMNB,Farmers National Banc Corp.,15.34,2026-10-03T00:57:47.362571+00:00,False,+26.6%,True,$908.9M,False,+5.4%,False,396.2K,False,$15.34 / SMA $15.58,False,1.73%,True,+49.7%,True,57.3M,True,NCM,False,
FMS,Fresenius Medical Care AG,22.25,2026-10-03T00:50:43.326132+00:00,False,+11.1%,True,$11841.9M,False,+5.2%,True,696.5K,False,$22.25 / SMA $23.34,False,1.32%,,N/A,False,397.1M,True,NYQ,False,
FNBKY,FinecoBank Banca Fineco S.p.A.,45.13,2026-10-03T00:50:38.591471+00:00,False,+5.3%,True,$13805.7M,,N/A,False,0.5K,False,$45.13 / SMA $54.43,False,0.73%,,N/A,False,305.9M,False,PNK,False,
FNCSF,North American Financial 15 Split Corp.,6.29,2026-10-03T00:59:32.743167+00:00,False,+44.1%,True,$432.3M,,N/A,False,0.5K,False,$6.29 / SMA $7.11,False,0.30%,,N/A,,N/A,False,PNK,False,
FNF,"Fidelity National Financial, Inc.",39.26,2026-10-03T00:50:40.705742+00:00,False,+3.2%,True,$10529.3M,False,+5.9%,True,2013.9K,False,$39.26 / SMA $46.22,False,2.74%,False,+11.0%,False,253.4M,True,NYQ,False,
FNLC,"The First Bancorp, Inc.",34.21,2026-10-03T00:59:41.121251+00:00,False,+42.1%,True,$386.0M,False,+18.1%,False,32.6K,False,$34.21 / SMA $34.87,False,2.73%,False,+14.6%,True,10.7M,True,NMS,False,
FNMAH,Federal National Mortgage Association,5.62,2026-10-03T00:50:49.584920+00:00,False,+8.7%,,N/A,,N/A,False,10.1K,False,$5.62 / SMA $7.05,True,6.58%,False,+4.6%,False,1158.1M,False,OQB,False,
FNMAS,Federal National Mortgage Association,7.51,2026-10-03T00:50:49.666100+00:00,False,+2.7%,,N/A,,N/A,True,637.2K,False,$7.51 / SMA $9.48,True,4.61%,False,+4.6%,False,1158.1M,False,OQB,False,
FNMFN,Federal National Mortgage Association,12.5,2026-10-03T00:50:49.571068+00:00,False,+1.5%,,N/A,,N/A,False,5.5K,False,$12.50 / SMA $15.16,False,2.59%,False,+4.6%,False,1158.1M,False,OQB,False,
FOJCF,Fortum Oyj,26.74,2026-10-03T00:50:33.302672+00:00,False,+44.7%,True,$23992.9M,False,+0.0%,False,0.1K,True,$26.74 / SMA $24.38,False,0.00%,False,+15.4%,False,412.7M,False,PNK,False,
FPAFF,First Pacific Company Limited,0.61,2026-10-03T00:54:16.457105+00:00,False,+3.4%,True,$2599.9M,,N/A,False,32.1K,False,$0.61 / SMA $0.64,False,1.24%,,N/A,False,2294.7M,False,PNK,False,
FPS,"Forgent Power Solutions, Inc.",40.35,2026-10-03T00:50:39.025162+00:00,False,+55.5%,True,$12871.0M,,N/A,True,8780.9K,True,$40.35 / SMA $34.83,True,6.35%,True,+94.3%,False,170.6M,True,NYQ,False,
FRA,"BlackRock Floating Rate Income Strategies Fund, Inc.",10.49,2026-10-03T00:59:35.619104+00:00,False,+1.2%,True,$371.7M,,N/A,False,151.1K,False,$10.49 / SMA $10.67,False,1.03%,,N/A,,N/A,True,NYQ,False,
FRBP,FRBP,10.25,2026-10-03T00:56:06.017166+00:00,False,+46.4%,True,$1371.7M,False,+5.6%,False,0.3K,True,$10.25 / SMA $8.23,False,0.63%,False,+-3.8%,,N/A,False,PNK,False,
FRCOF,"Fast Retailing Co., Ltd.",438.97,2026-10-03T00:50:15.123310+00:00,False,+52.0%,True,$134698.4M,,N/A,False,0.4K,False,$438.97 / SMA $456.33,True,7.56%,,N/A,False,187.9M,False,PNK,False,
FRME,First Merchants Corporation,40.15,2026-10-03T00:54:19.371412+00:00,False,+15.8%,True,$2521.5M,False,+-28.6%,False,446.6K,False,$40.15 / SMA $41.66,False,1.78%,,N/A,True,61.6M,True,NMS,False,
FRO,Frontline plc,52.74,2026-10-03T00:50:49.896116+00:00,True,+157.6%,True,$11741.1M,True,+745.7%,True,2711.4K,True,$52.74 / SMA $42.29,True,3.43%,True,+96.5%,True,142.9M,True,NYQ,True,
FRUYF,"Furuya Metal Co., Ltd.",20.72,2026-10-03T00:56:02.404058+00:00,False,+1.0%,True,$509.7M,,N/A,False,0.0K,True,$20.72 / SMA $20.72,False,0.00%,,N/A,True,16.0M,False,PNK,False,
FSK,FS KKR Capital Corp.,10.97,2026-10-03T00:54:15.245550+00:00,False,+12.9%,True,$3031.5M,True,+82.7%,True,2088.0K,False,$10.97 / SMA $11.37,False,2.29%,True,+82.6%,,N/A,True,NYQ,False,
FSUN,FirstSun Capital Bancorp,39.52,2026-10-03T00:56:01.867366+00:00,False,+32.0%,True,$1736.9M,False,+-152.7%,False,317.5K,False,$39.52 / SMA $39.61,False,2.03%,True,+71.8%,True,33.9M,True,NMS,False,
FTI,TechnipFMC plc,68.82,2026-10-03T00:50:29.149833+00:00,True,+95.0%,True,$26988.8M,True,+40.6%,True,3118.1K,False,$68.82 / SMA $74.15,False,2.81%,False,+9.0%,False,387.7M,True,NYQ,False,
FTNT,"Fortinet, Inc.",180.95,2026-10-03T00:50:17.410847+00:00,True,+146.0%,True,$132765.5M,True,+43.9%,True,4699.6K,True,$180.95 / SMA $163.29,True,3.64%,True,+25.6%,False,618.9M,True,NMS,False,
FUEMF,FUEMF,,2026-10-03T00:57:49.803260+00:00,False,N/A,False,N/A,False,N/A,False,N/A,False,N/A,False,N/A,False,N/A,False,N/A,False,Unknown,False,No price data available
FUGRF,Fugro N.V.,9.36,2026-10-03T00:56:02.655915+00:00,False,+0.0%,True,$1042.1M,,N/A,False,0.0K,False,$9.36 / SMA $10.23,False,0.00%,,N/A,True,106.8M,False,PNK,False,
FUJHY,Subaru Corporation,7.85,2026-10-03T00:50:44.262705+00:00,False,+10.6%,True,$10920.4M,,N/A,False,281.8K,False,$7.85 / SMA $8.23,True,3.57%,,N/A,False,1084.7M,False,PNK,False,
FUJIF,FUJIFILM Holdings Corporation,20.51,2026-10-03T00:50:31.343618+00:00,False,+20.6%,True,$24529.8M,,N/A,False,0.3K,False,$20.51 / SMA $20.83,False,0.48%,,N/A,False,1194.9M,False,PNK,False,
FULTP,Fulton Financial Corporation,17.2,2026-10-03T00:52:36.818244+00:00,False,+1.7%,,N/A,,N/A,False,12.6K,False,$17.20 / SMA $17.41,False,1.41%,False,+12.2%,False,188.3M,True,NMS,False,
FUWAF,"Furukawa Electric Co., Ltd.",23.91,2026-10-03T00:50:32.691188+00:00,False,+20.9%,True,$16820.6M,,N/A,False,2.7K,True,$23.91 / SMA $22.64,False,0.00%,,N/A,False,650.7M,False,PNK,False,
FVRR,Fiverr International Ltd.,8.54,2026-10-03T00:59:34.890216+00:00,False,+2.8%,True,$307.0M,True,+33.3%,True,685.4K,False,$8.54 / SMA $9.16,False,2.97%,False,+-10.0%,True,30.8M,True,NYQ,False,
FWRG,"First Watch Restaurant Group, Inc.",10.57,2026-10-03T00:57:50.656018+00:00,False,+7.0%,True,$652.3M,True,+33.3%,True,1116.1K,False,$10.57 / SMA $11.84,True,4.65%,False,+15.2%,True,60.8M,True,NMS,False,
FXCNF,FIH Mobile Limited,3.0,2026-10-03T00:54:18.517250+00:00,False,+53.8%,True,$2347.9M,,N/A,False,0.0K,True,$3.00 / SMA $3.00,False,0.00%,,N/A,False,258.7M,False,PNK,False,
FYGGY,"Fuyao Glass Industry Group Co., Ltd.",1.89,2026-10-03T00:50:33.682409+00:00,False,+26.0%,True,$19729.7M,,N/A,False,24.4K,True,$1.89 / SMA $1.79,True,4.55%,False,+0.2%,False,7691.3M,False,PNK,False,
GAIN,Gladstone Investment Corporation,15.66,2026-10-03T00:57:52.594916+00:00,False,+19.5%,True,$623.6M,False,+-242.9%,False,188.3K,False,$15.66 / SMA $16.11,False,1.72%,False,+-313.6%,,N/A,True,NMS,False,
GAM,"General American Investors Company, Inc.",63.76,2026-10-03T00:56:02.618142+00:00,False,+13.4%,True,$1519.5M,,N/A,False,19.2K,False,$63.76 / SMA $65.91,False,1.40%,,N/A,True,21.2M,True,NYQ,False,
GASNF,"Naturgy Energy Group, S.A.",33.53,2026-10-03T00:50:28.104935+00:00,False,+14.2%,True,$32200.1M,,N/A,False,0.1K,False,$33.53 / SMA $33.77,False,0.00%,,N/A,False,258.5M,False,PNK,False,
GBERY,Geberit AG,65.01,2026-10-03T00:50:33.915531+00:00,False,+5.9%,True,$21036.2M,,N/A,False,18.6K,False,$65.01 / SMA $67.67,False,1.08%,,N/A,False,322.3M,False,PNK,False,
GBTG,"Global Business Travel Group, Inc.",9.5,2026-10-03T00:52:32.823569+00:00,True,+91.7%,True,$4962.5M,False,+0.0%,True,1739.6K,True,$9.50 / SMA_short $9.50,,N/A,True,+37.9%,False,197.0M,True,NYQ,False,
GEAGF,GEA Group Aktiengesellschaft,67.0,2026-10-03T00:50:45.438966+00:00,False,+6.0%,True,$10907.7M,False,+13.6%,False,0.0K,False,$67.00 / SMA $70.28,False,0.00%,False,+10.0%,True,145.7M,False,PNK,False,
GEAHF,Great Eagle Holdings Limited,2.21,2026-10-03T00:55:58.427936+00:00,False,+22.8%,True,$1656.9M,,N/A,False,0.0K,False,$2.21 / SMA $2.21,False,0.00%,,N/A,False,214.7M,False,PNK,False,
GENSY,Genus plc,28.38,2026-10-03T00:54:21.690050+00:00,False,+16.6%,True,$1877.4M,,N/A,False,0.0K,True,$28.38 / SMA $28.38,False,0.00%,,N/A,True,65.1M,False,PNK,False,
GEV,GE Vernova Inc.,988.7,2026-10-03T00:50:13.745973+00:00,True,+86.5%,True,$263324.0M,True,+32.8%,True,2389.1K,True,$988.70 / SMA $964.56,True,3.21%,False,+21.9%,False,265.8M,True,NYQ,False,
GGAZF,GGAZF,,2026-10-03T00:59:39.357516+00:00,False,N/A,False,N/A,False,N/A,False,N/A,False,N/A,False,N/A,False,N/A,False,N/A,False,Unknown,False,No price data available
GGGSY,Greggs plc,8.7,2026-10-03T00:54:20.464689+00:00,False,+39.2%,True,$2661.0M,,N/A,False,0.2K,True,$8.70 / SMA $8.19,False,0.46%,,N/A,False,301.3M,False,PNK,False,
GHRS,GH Research PLC,22.94,2026-10-03T00:56:02.386945+00:00,True,+90.5%,True,$1574.7M,False,+-53.3%,False,289.3K,False,$22.94 / SMA $27.83,True,5.13%,,N/A,True,32.4M,True,NGM,False,
GIL,Gildan Activewear Inc.,41.0,2026-10-03T00:50:44.409742+00:00,False,+2.7%,True,$7592.9M,False,+-129.7%,True,1437.1K,False,$41.00 / SMA $51.29,True,3.97%,True,+72.3%,False,183.1M,True,NYQ,False,
GIW,GigCapital8 Corp.,10.185,2026-10-03T00:59:37.330020+00:00,False,+3.2%,True,$481.6M,True,+29685.8%,False,64.4K,True,$10.19 / SMA $10.15,False,0.05%,,N/A,True,20.2M,True,NGM,False,
GJNSY,Gjensidige Forsikring ASA,25.42,2026-10-03T00:50:39.749796+00:00,False,+7.1%,True,$12709.1M,True,+60.8%,False,1.4K,False,$25.42 / SMA $29.37,True,3.21%,False,+15.9%,False,187.6M,False,PNK,False,
GLAD,Gladstone Capital Corporation,19.15,2026-10-03T00:59:33.639883+00:00,False,+15.8%,True,$432.7M,True,+78.8%,False,163.5K,False,$19.15 / SMA $19.21,False,1.54%,,N/A,,N/A,True,NMS,False,
GLASF,GLASF,,2026-10-03T00:57:48.935927+00:00,False,N/A,False,N/A,False,N/A,False,N/A,False,N/A,False,N/A,False,N/A,False,N/A,False,Unknown,False,No price data available
GLIBK,Liberty Capital Corporation,23.24,2026-10-03T00:57:43.996736+00:00,False,+20.4%,True,$927.4M,False,+-54.7%,False,419.6K,False,$23.24 / SMA $24.80,True,3.02%,False,+0.0%,True,32.5M,True,NMS,False,
GLNG,Golar LNG Limited,49.21,2026-10-03T00:52:31.336089+00:00,False,+40.5%,True,$5024.2M,False,+-54.1%,True,1292.5K,False,$49.21 / SMA $50.59,False,2.52%,False,+-5.1%,True,87.0M,True,NMS,False,
GLNLF,Galan Lithium Limited,0.1849,2026-10-03T00:59:36.894375+00:00,True,+117.8%,False,$234.4M,,N/A,False,154.2K,False,$0.18 / SMA $0.25,True,5.01%,,N/A,False,850.4M,False,PNK,False,
GLSI,"Greenwich LifeSciences, Inc.",16.98,2026-10-03T00:59:36.324423+00:00,True,+118.3%,False,$249.2M,False,+3.6%,False,142.2K,True,$16.98 / SMA $16.19,True,7.29%,,N/A,True,7.6M,True,NCM,False,
GLW,Corning Incorporated,164.19,2026-10-03T00:50:14.962815+00:00,True,+112.2%,True,$141143.9M,False,+18.5%,True,10535.3K,True,$164.19 / SMA $152.57,True,4.50%,False,+16.6%,False,790.6M,True,NYQ,False,
GMAB,Genmab A/S,34.75,2026-10-03T00:50:37.457583+00:00,False,+47.1%,True,$21686.0M,False,+-9.4%,True,2488.5K,True,$34.75 / SMA $32.63,False,2.18%,False,+24.9%,False,589.6M,True,NMS,False,
GMTL,Guardian Metal Resources PLC,8.63,2026-10-03T00:57:52.723185+00:00,False,+2.7%,True,$336.2M,,N/A,False,200.5K,False,$8.63 / SMA $11.30,True,8.70%,,N/A,True,24.2M,True,ASE,False,
GMTLF,Guardian Metal Resources PLC,1.73,2026-10-03T00:57:53.126367+00:00,False,+41.8%,True,$337.0M,,N/A,False,46.4K,False,$1.73 / SMA $2.25,True,7.00%,,N/A,True,121.2M,False,OQB,False,
GNMSF,Genmab A/S,355.0,2026-10-03T00:50:38.308316+00:00,False,+52.8%,True,$22154.1M,False,+-9.4%,False,0.8K,True,$355.00 / SMA $323.41,False,0.05%,False,+24.9%,True,59.0M,False,PNK,False,
GNNDY,GN Store Nord A/S,47.62,2026-10-03T00:54:22.329096+00:00,False,+20.7%,True,$2311.4M,False,+-130.6%,False,0.4K,True,$47.62 / SMA $45.52,False,0.53%,False,+-4.9%,True,48.5M,False,PNK,False,
GOFPY,Allwyn AG,6.25,2026-10-03T00:50:44.700155+00:00,False,+0.8%,True,$9638.1M,False,+-80.6%,False,110.2K,False,$6.25 / SMA $7.52,True,3.27%,True,+205.9%,True,0.3M,False,PNK,False,
GONYF,GO Residential Real Estate Investment Trust,7.4,2026-10-03T00:59:36.402672+00:00,False,+1.2%,False,$275.1M,True,+51.8%,False,25.7K,False,$7.40 / SMA_short $8.01,False,2.95%,False,+14.6%,True,30.0M,False,OQB,False,
GOODN,Gladstone Commercial Corporation,20.56,2026-10-03T00:57:53.047935+00:00,False,+0.0%,,N/A,,N/A,False,3.2K,False,$20.56 / SMA $22.68,False,1.89%,False,+11.3%,True,47.8M,True,NMS,False,
GPAT,GP-Act III Acquisition Corp.,11.03,2026-10-03T00:59:35.739538+00:00,False,+4.4%,False,$178.3M,False,+-87.5%,False,11.0K,True,$11.03 / SMA $11.02,False,0.10%,,N/A,True,4.5M,True,NGM,False,
GPK,Graphic Packaging Holding Company,8.78,2026-10-03T00:54:15.502366+00:00,False,+0.9%,True,$2597.9M,False,+-76.5%,True,5343.6K,False,$8.78 / SMA $10.58,True,3.90%,False,+-0.7%,False,270.9M,True,NYQ,False,
GRC,The Gorman-Rupp Company,77.26,2026-10-03T00:55:57.569641+00:00,True,+82.6%,True,$2040.5M,False,+23.3%,False,188.6K,False,$77.26 / SMA $77.47,False,2.72%,False,+3.9%,True,20.8M,True,NYQ,False,
GRIQ,"GrocerIQ Holdings, Inc.",1.72,2026-10-03T01:01:13.907344+00:00,True,+70.3%,False,$125.5M,,N/A,False,2.6K,False,$1.72 / SMA $2.43,True,17.04%,,N/A,,N/A,False,OID,False,
GROY,Gold Royalty Corp.,2.97,2026-10-03T00:57:50.203734+00:00,False,+21.2%,True,$688.1M,,N/A,True,2022.5K,False,$2.97 / SMA $3.14,True,3.29%,True,+76.1%,False,171.9M,True,ASE,False,
GRYRF,Geo Energy Resources Limited,0.36465,2026-10-03T00:57:52.753320+00:00,False,+19.2%,True,$647.9M,,N/A,False,0.0K,True,$0.36 / SMA $0.36,False,0.00%,False,+-9.6%,False,803.6M,False,PNK,False,
GSHD,"Goosehead Insurance, Inc.",45.51,2026-10-03T00:56:02.861964+00:00,False,+35.1%,True,$1626.4M,True,+127.8%,False,498.6K,False,$45.51 / SMA $61.48,True,6.58%,False,+20.6%,True,20.7M,True,NMS,False,
GSHRF,Gold X2 Mining Inc.,4.71,2026-10-03T00:57:51.729398+00:00,False,+0.0%,True,$476.6M,False,+-100.0%,False,40.1K,False,$4.71 / SMA_short $5.23,,N/A,,N/A,True,91.7M,False,PNK,False,
GSIT,"GSI Technology, Inc.",5.61,2026-10-03T00:59:38.491554+00:00,False,+38.5%,False,$215.6M,False,+-62.5%,True,571.9K,False,$5.61 / SMA $5.80,True,4.61%,False,+0.5%,True,32.6M,True,NMS,False,
GSL,"Global Ship Lease, Inc.",45.79,2026-10-03T00:56:04.120378+00:00,False,+67.9%,True,$1650.1M,False,+-5.0%,False,317.6K,True,$45.79 / SMA $43.90,False,2.19%,False,+2.0%,True,31.9M,True,NYQ,False,
GSM,Ferroglobe PLC,4.26,2026-10-03T00:57:48.287839+00:00,False,+38.3%,True,$796.0M,True,+633.3%,True,1531.8K,True,$4.26 / SMA $4.06,True,4.38%,False,+-2.1%,False,172.9M,True,NCM,False,
GT,The Goodyear Tire & Rubber Company,4.84,2026-10-03T00:56:00.267951+00:00,False,+0.2%,True,$1393.4M,False,+-181.6%,True,9068.2K,False,$4.84 / SMA $6.00,True,4.28%,False,+-4.8%,False,274.8M,True,NMS,False,
GTLB,GitLab Inc.,49.78,2026-10-03T00:52:34.359276+00:00,True,+165.8%,True,$8294.1M,False,+-266.7%,True,4751.3K,True,$49.78 / SMA $43.32,True,3.94%,False,+21.3%,True,137.7M,True,NMS,False,
GYRE,"Gyre Therapeutics, Inc.",7.11,2026-10-03T00:57:54.187988+00:00,False,+30.7%,True,$753.9M,False,+-300.0%,False,103.7K,True,$7.11 / SMA $6.72,True,5.02%,False,+-2.1%,True,35.9M,True,NCM,False,
HACQ,HCM IV Acquisition Corp.,10.035,2026-10-03T00:59:36.834843+00:00,False,+1.8%,True,$375.1M,,N/A,False,34.4K,False,$10.04 / SMA $10.06,False,0.02%,,N/A,True,28.7M,True,NGM,False,
HAE,Haemonetics Corporation,104.68,2026-10-03T00:54:15.608150+00:00,True,+117.3%,True,$4762.6M,False,+2.9%,True,682.3K,True,$104.68 / SMA $98.76,False,2.40%,False,+5.6%,True,44.9M,True,NYQ,False,
HALO,"Halozyme Therapeutics, Inc.",109.86,2026-10-03T00:50:50.201084+00:00,True,+79.4%,True,$12468.9M,True,+42.9%,True,2181.7K,True,$109.86 / SMA $102.79,False,2.72%,True,+47.7%,True,112.2M,True,NMS,False,
HAWK,"HawkEye 360, Inc.",14.81,2026-10-03T00:54:16.716555+00:00,False,+2.1%,True,$1450.9M,,N/A,True,1134.1K,False,$14.81 / SMA $19.50,True,4.87%,,N/A,True,67.4M,True,NYQ,False,
HBANM,Huntington Bancshares Incorporated,19.52,2026-10-03T00:50:27.407724+00:00,False,+0.0%,,N/A,,N/A,False,19.9K,False,$19.52 / SMA $20.36,False,1.93%,True,+46.4%,False,2007.2M,True,NMS,False,
HBGRF,Heidelberger Druckmaschinen Aktiengesellschaft,1.6,2026-10-03T00:59:31.354829+00:00,False,+1.3%,True,$486.9M,False,+-175.0%,False,0.0K,False,$1.60 / SMA $1.68,False,0.00%,False,+-13.3%,False,244.1M,False,PNK,False,
HCHDF,Hochschild Mining plc,7.1,2026-10-03T00:52:37.399888+00:00,True,+72.7%,True,$3652.7M,,N/A,False,4.1K,False,$7.10 / SMA $7.53,True,3.11%,,N/A,False,315.2M,False,OQX,False,
HCMLY,Holcim AG,15.62,2026-10-03T00:50:22.373842+00:00,False,+1.7%,True,$43199.1M,,N/A,False,145.0K,False,$15.62 / SMA $17.29,False,1.87%,,N/A,False,2520.0M,False,PNK,False,
HD,"The Home Depot, Inc.",282.85,2026-10-03T00:50:13.424083+00:00,False,+2.1%,True,$282196.5M,False,+4.6%,True,4176.8K,False,$282.85 / SMA $321.93,False,1.96%,False,+5.7%,False,996.0M,True,NYQ,False,
HDALF,Haidilao International Holding Ltd.,1.15,2026-10-03T00:50:47.750173+00:00,False,+3.6%,True,$6684.6M,,N/A,False,16.9K,False,$1.15 / SMA $1.43,False,2.33%,,N/A,False,1996.2M,False,PNK,False,
HEI.A,HEI.A,,2026-10-03T00:50:26.229368+00:00,False,N/A,False,N/A,False,N/A,False,N/A,False,N/A,False,N/A,False,N/A,False,N/A,False,Unknown,False,No price data available
HELE,Helen of Troy Limited,26.74,2026-10-03T00:57:53.653038+00:00,True,+93.1%,True,$622.8M,True,+107.7%,False,438.2K,False,$26.74 / SMA $28.45,True,4.30%,False,+8.2%,True,21.5M,True,NMS,False,
HENKY,Henkel AG & Co. KGaA,18.67,2026-10-03T00:50:28.404558+00:00,False,+10.9%,True,$30234.3M,,N/A,False,67.5K,False,$18.67 / SMA $20.13,False,1.21%,,N/A,False,978.7M,False,PNK,False,
HGV,Hilton Grand Vacations Inc.,34.86,2026-10-03T00:54:09.783270+00:00,False,+2.5%,True,$2709.5M,False,+-40.0%,True,1110.6K,False,$34.86 / SMA $42.23,True,3.47%,False,+7.3%,True,47.7M,True,NYQ,False,
HHUSF,Hua Hong Grace Semiconductor Limited,14.15,2026-10-03T00:50:27.234066+00:00,True,+87.4%,True,$33057.9M,True,+1000.0%,False,0.1K,False,$14.15 / SMA $15.84,False,0.00%,,N/A,False,928.2M,False,PNK,False,
HIFS,Hingham Institution for Savings,287.78,2026-10-03T00:57:52.886827+00:00,False,+15.8%,True,$632.3M,True,+168.5%,False,43.7K,False,$287.78 / SMA $298.83,True,3.10%,True,+105.9%,True,1.6M,True,NGM,False,
HIMS,"Hims & Hers Health, Inc.",29.0,2026-10-03T00:52:30.909666+00:00,True,+111.1%,True,$6766.1M,False,+-317.6%,True,12247.5K,False,$29.00 / SMA $29.30,True,5.15%,True,+38.2%,False,213.7M,True,NYQ,False,
HIPO,Hippo Holdings Inc.,32.24,2026-10-03T00:57:51.118603+00:00,False,+33.9%,True,$850.8M,True,+660.0%,False,175.0K,True,$32.24 / SMA $32.10,True,3.02%,False,+23.4%,True,22.4M,True,NYQ,False,
HL,Hecla Mining Company,17.2,2026-10-03T00:50:43.556881+00:00,False,+48.5%,True,$11536.3M,True,+88.9%,True,37774.6K,False,$17.20 / SMA $18.27,True,3.99%,,N/A,False,668.3M,True,NYQ,False,
HLDCY,Henderson Land Development Company Limited,3.4,2026-10-03T00:50:34.150409+00:00,False,+10.4%,True,$16460.7M,,N/A,False,141.3K,False,$3.40 / SMA $3.49,True,3.23%,,N/A,False,1331.9M,False,PNK,False,
HLFFF,HelloFresh SE,2.887,2026-10-03T00:57:49.659402+00:00,False,+0.0%,True,$418.5M,False,+-75.0%,False,1.6K,False,$2.89 / SMA $3.50,False,0.97%,False,+-8.8%,True,116.1M,False,PNK,False,
HLMAF,Halma plc,44.843,2026-10-03T00:50:31.442558+00:00,False,+4.7%,True,$16936.2M,,N/A,False,9.4K,False,$44.84 / SMA $48.06,True,4.53%,,N/A,False,373.2M,False,PNK,False,
HLN,Haleon plc,8.8,2026-10-03T00:50:24.616923+00:00,False,+1.7%,True,$38699.2M,,N/A,True,13187.6K,False,$8.80 / SMA $9.65,False,1.68%,,N/A,False,4427.4M,True,NYQ,False,
HLPPY,Hang Lung Properties Limited,4.22,2026-10-03T00:52:31.117962+00:00,False,+4.7%,True,$4391.4M,,N/A,False,9.8K,False,$4.22 / SMA $4.47,False,1.70%,,N/A,False,345.8M,False,OID,False,
HLTFF,Hilton Food Group plc,9.21,2026-10-03T00:57:51.774694+00:00,False,+43.9%,True,$828.5M,,N/A,False,0.0K,True,$9.21 / SMA $8.33,False,0.00%,,N/A,True,74.7M,False,PNK,False,
HMC,"Honda Motor Co., Ltd.",31.35,2026-10-03T00:50:26.705453+00:00,False,+34.8%,True,$40677.5M,True,+147.5%,True,1004.5K,False,$31.35 / SMA $31.64,False,1.28%,False,+13.5%,False,1297.2M,True,NYQ,False,
HMDPF,Hammond Power Solutions Inc.,208.78,2026-10-03T00:54:18.794118+00:00,True,+131.0%,True,$2485.5M,False,+-64.1%,False,5.3K,True,$208.78 / SMA $182.49,False,1.70%,True,+61.3%,True,8.7M,False,PNK,False,
HMMCF,Hemlo Mining Corp.,3.95,2026-10-03T00:56:04.896896+00:00,True,+376.3%,True,$1170.7M,True,+600.0%,False,53.1K,False,$3.95 / SMA $4.98,True,4.77%,,N/A,False,280.5M,False,OQX,False,
HNNMY,H & M Hennes & Mauritz AB (publ),3.14,2026-10-03T00:50:29.400152+00:00,False,+2.3%,True,$25063.1M,False,+0.4%,False,201.4K,False,$3.14 / SMA $3.51,False,1.35%,False,+-3.3%,False,2307.7M,False,PNK,False,
HNRG,Hallador Energy Company,13.49,2026-10-03T00:57:47.314458+00:00,False,+2.3%,True,$636.0M,False,+-268.4%,True,732.6K,False,$13.49 / SMA $15.34,True,4.20%,False,+-1.3%,True,36.2M,True,NCM,False,
HOCPF,HOYA Corporation,146.72,2026-10-03T00:50:21.550670+00:00,False,+7.5%,True,$48940.2M,,N/A,False,0.1K,False,$146.72 / SMA $153.83,False,0.13%,,N/A,False,334.6M,False,PNK,False,
HOCPY,HOYA Corporation,155.67,2026-10-03T00:50:21.519076+00:00,False,+12.1%,True,$51925.6M,,N/A,False,38.6K,True,$155.67 / SMA $154.03,False,2.02%,,N/A,False,334.6M,False,PNK,False,
HOG,"Harley-Davidson, Inc.",24.55,2026-10-03T00:54:19.603083+00:00,False,+43.7%,True,$2555.0M,False,+-14.8%,True,2110.7K,False,$24.55 / SMA $26.41,True,3.59%,False,+-5.9%,True,102.9M,True,NYQ,False,
HOOD,"Robinhood Markets, Inc.",112.74,2026-10-03T00:50:20.038641+00:00,True,+77.5%,True,$101362.5M,True,+47.6%,True,21019.7K,True,$112.74 / SMA $105.25,True,5.34%,True,+32.3%,False,784.3M,True,NMS,False,
HPE,Hewlett Packard Enterprise Company,69.33,2026-10-03T00:50:22.461388+00:00,True,+249.4%,True,$92033.1M,True,+404.8%,True,20239.3K,True,$69.33 / SMA $55.34,True,6.38%,True,+33.7%,False,1321.4M,True,NYQ,False,
HPGLY,Hapag-Lloyd Aktiengesellschaft,77.31,2026-10-03T00:50:31.929114+00:00,False,+22.1%,True,$27176.1M,False,+-73.5%,False,0.7K,True,$77.31 / SMA $76.23,False,0.17%,False,+8.4%,True,12.7M,False,PNK,False,
HPHTF,Hamamatsu Photonics K.K.,14.675,2026-10-03T00:52:29.488950+00:00,False,+60.4%,True,$4237.2M,,N/A,False,0.2K,False,$14.68 / SMA $14.68,False,0.04%,,N/A,False,280.0M,False,PNK,False,
HPHTY,Hamamatsu Photonics K.K.,7.9,2026-10-03T00:52:29.837151+00:00,False,+60.2%,True,$4562.0M,,N/A,False,0.3K,True,$7.90 / SMA $7.25,False,0.00%,,N/A,False,559.9M,False,PNK,False,
HPK,"HighPeak Energy, Inc.",7.85,2026-10-03T00:57:44.042281+00:00,True,+103.9%,True,$992.7M,True,+210.5%,False,483.3K,True,$7.85 / SMA $7.77,True,5.65%,True,+25.8%,True,21.8M,True,NGM,False,
HQH,Abrdn Healthcare Investors,19.8,2026-10-03T00:56:07.961722+00:00,False,+15.5%,True,$1132.4M,,N/A,False,206.9K,False,$19.80 / SMA $22.10,False,2.23%,,N/A,,N/A,True,NYQ,False,
HR,Healthcare Realty Trust Incorporated,17.47,2026-10-03T00:52:24.357544+00:00,False,+7.1%,True,$6127.6M,True,+71.1%,True,3750.6K,False,$17.47 / SMA $19.23,False,1.70%,False,+-5.3%,False,340.4M,True,NYQ,False,
HRIBF,"HORIBA, Ltd.",137.0,2026-10-03T00:52:26.401748+00:00,True,+85.1%,True,$5757.0M,,N/A,False,0.0K,False,$137.00 / SMA $153.81,False,0.00%,,N/A,True,34.4M,False,PNK,False,
HRZRF,Horizon Robotics,0.55,2026-10-03T00:50:43.860570+00:00,False,+7.8%,,N/A,,N/A,False,16.8K,False,$0.55 / SMA_short $0.60,False,1.69%,,N/A,False,10642.1M,False,PNK,False,
HSAI,Hesai Group,15.38,2026-10-03T00:54:13.115941+00:00,False,+7.6%,True,$19334.8M,True,+25.0%,True,1493.1K,False,$15.38 / SMA $17.33,True,3.18%,False,+21.9%,True,126.2M,True,NMS,False,
HSHCY,"Haier Smart Home Co., Ltd.",10.14,2026-10-03T00:50:29.918703+00:00,False,+4.6%,True,$23583.3M,,N/A,False,82.3K,False,$10.14 / SMA $10.59,False,2.75%,False,+1.4%,False,1377.5M,False,PNK,False,
HSIC,"Henry Schein, Inc.",84.88,2026-10-03T00:50:49.194489+00:00,False,+37.0%,True,$9669.3M,False,+17.1%,True,1184.4K,False,$84.88 / SMA $87.77,False,1.94%,False,+6.7%,True,91.7M,True,NMS,False,
HSY,The Hershey Company,160.19,2026-10-03T00:50:25.127164+00:00,False,+2.6%,True,$32186.3M,True,+629.0%,True,1513.7K,False,$160.19 / SMA $176.11,False,1.97%,False,+6.6%,True,144.8M,True,NYQ,False,
HTCMY,"Hitachi Construction Machinery Co., Ltd.",72.6,2026-10-03T00:52:26.350190+00:00,False,+29.8%,True,$7563.2M,,N/A,False,0.0K,True,$72.60 / SMA $69.31,False,0.00%,,N/A,True,70.8M,False,PNK,False,
HTD,John Hancock Tax-Advantaged Dividend Income Fund,22.25,2026-10-03T00:57:46.114673+00:00,False,+1.4%,True,$788.4M,,N/A,False,65.8K,False,$22.25 / SMA $24.56,False,2.00%,,N/A,,N/A,True,NYQ,False,
HTHIY,"Hitachi, Ltd.",35.6,2026-10-03T00:50:15.596803+00:00,False,+30.8%,True,$158974.1M,,N/A,True,543.7K,True,$35.60 / SMA $34.25,False,2.94%,,N/A,False,4404.4M,False,PNK,False,
HTZ,"Hertz Global Holdings, Inc.",1.76,2026-10-03T00:56:00.553812+00:00,False,+21.4%,True,$627.4M,True,+105.3%,True,28348.7K,False,$1.76 / SMA $1.99,True,5.31%,False,+9.7%,False,170.6M,True,NMS,False,
HUBS,"HubSpot, Inc.",214.53,2026-10-03T00:50:45.177290+00:00,False,+26.5%,True,$10697.8M,True,+1533.3%,True,1773.7K,False,$214.53 / SMA $231.02,True,5.62%,False,+19.8%,True,48.0M,True,NYQ,False,
HUNGF,"Huaneng Power International, Inc.",0.7295,2026-10-03T00:50:37.345132+00:00,False,+4.5%,True,$11537.5M,,N/A,False,1.1K,False,$0.73 / SMA $0.74,False,0.00%,False,+-16.9%,False,7436.3M,False,PNK,False,
HUYA,HUYA Inc.,2.3,2026-10-03T00:57:54.460004+00:00,False,+13.9%,True,$525.2M,True,+150.0%,True,947.0K,True,$2.30 / SMA $2.26,False,2.99%,False,+11.0%,True,77.9M,True,NYQ,False,
HYLN,Hyliion Holdings Corp.,4.53,2026-10-03T00:57:41.191393+00:00,True,+190.4%,True,$809.0M,False,+0.0%,True,2590.7K,True,$4.53 / SMA $3.82,True,6.51%,True,+226.3%,True,125.5M,True,ASE,False,
HYMC,Hycroft Mining Holding Corporation,18.71,2026-10-03T00:54:15.939294+00:00,True,+200.8%,True,$1743.4M,True,+46.5%,True,1857.2K,False,$18.71 / SMA $22.91,True,5.93%,,N/A,True,55.0M,True,NCM,False,
HYPMY,Hypera S.A.,4.89,2026-10-03T00:54:14.166039+00:00,False,+31.8%,True,$3442.5M,False,+4.5%,False,9.7K,True,$4.89 / SMA $4.33,True,3.47%,False,+8.5%,False,305.7M,False,OID,False,
IACOU,Idea Acquisition Corp.,10.05,2026-10-03T00:59:33.086905+00:00,False,+1.8%,,N/A,,N/A,False,7.7K,True,$10.05 / SMA $10.04,False,0.00%,,N/A,True,32.7M,True,NGM,False,
IBN,ICICI Bank Limited,27.44,2026-10-03T00:50:17.612622+00:00,False,+9.4%,True,$98487.8M,False,+13.8%,True,5722.2K,False,$27.44 / SMA $29.33,False,1.32%,False,+7.7%,False,3572.2M,True,NYQ,False,
ICE,"Intercontinental Exchange, Inc.",150.15,2026-10-03T00:50:18.061744+00:00,False,+23.3%,True,$84293.4M,,N/A,True,3588.8K,False,$150.15 / SMA $155.03,False,2.11%,False,+10.7%,False,557.5M,True,NYQ,False,
ICHGF,InterContinental Hotels Group PLC,158.0,2026-10-03T00:50:32.097587+00:00,False,+35.1%,True,$23087.1M,,N/A,False,0.1K,True,$158.00 / SMA $156.30,False,0.30%,,N/A,True,139.7M,False,PNK,False,
ICTEF,"International Container Terminal Services, Inc.",13.8,2026-10-03T00:50:29.480900+00:00,False,+65.2%,True,$27860.0M,True,+25.9%,False,3.6K,False,$13.80 / SMA $15.61,True,5.35%,True,+26.6%,False,505.4M,False,PNK,False,
IDCBY,Industrial and Commercial Bank of China Limited,18.97,2026-10-03T00:50:13.378717+00:00,False,+36.3%,True,$441644.8M,,N/A,False,44.9K,False,$18.97 / SMA $19.00,False,2.91%,False,+10.8%,False,10484.0M,False,PNK,False,
IE,Ivanhoe Electric Inc.,10.44,2026-10-03T00:55:58.290059+00:00,False,+32.9%,True,$1666.1M,False,+11.1%,True,2123.8K,True,$10.44 / SMA $10.31,True,6.79%,False,+-32.2%,True,127.2M,True,ASE,False,
ILKAY,Iluka Resources Limited,19.82,2026-10-03T00:54:19.636201+00:00,False,+16.5%,True,$1709.5M,,N/A,False,1.2K,False,$19.82 / SMA $23.22,False,0.21%,,N/A,True,82.7M,False,PNK,False,
ILLU,Illumination Acquisition Corp I,9.98,2026-10-03T00:59:36.061982+00:00,False,+1.6%,True,$312.3M,,N/A,False,46.1K,True,$9.98 / SMA $9.96,False,0.05%,,N/A,,N/A,True,NGM,False,
IMAX,IMAX Corporation,52.72,2026-10-03T00:54:22.128369+00:00,True,+71.5%,True,$2891.3M,True,+35.0%,True,1266.4K,True,$52.72 / SMA $51.76,True,3.54%,False,+12.2%,True,41.9M,True,NYQ,False,
IMNM,"Immunome, Inc.",20.9,2026-10-03T00:54:19.883863+00:00,True,+81.0%,True,$2373.8M,False,+-30.0%,True,1203.6K,False,$20.90 / SMA $25.34,True,4.74%,False,+-100.0%,True,108.7M,True,NCM,False,
IMPUF,Impala Platinum Holdings Limited,12.3,2026-10-03T00:50:42.155294+00:00,False,+20.6%,True,$11040.1M,,N/A,False,0.5K,True,$12.30 / SMA $11.92,False,0.39%,,N/A,False,743.0M,False,OQX,False,
INDV,"Indivior Pharmaceuticals, Inc.",35.71,2026-10-03T00:52:34.133318+00:00,False,+58.3%,True,$4214.9M,,N/A,True,2049.3K,False,$35.71 / SMA $36.84,False,2.61%,False,+13.6%,True,115.8M,True,NMS,False,
INNV,InnovAge Holding Corp.,8.96,2026-10-03T00:57:44.433399+00:00,True,+127.7%,True,$1222.6M,True,+700.0%,False,420.6K,False,$8.96 / SMA $10.64,True,5.28%,False,+18.3%,True,32.4M,True,NMS,False,
INRE,"Inland Real Estate Income Trust, Inc.",9.6,2026-10-03T00:59:35.897123+00:00,True,+1599900.0%,True,$346.7M,,N/A,False,1.7K,False,$9.60 / SMA_short $9.98,,N/A,,N/A,,N/A,False,PNK,False,
INV,"Innventure, Inc.",0.5039,2026-10-03T00:57:55.057396+00:00,False,+10.9%,False,$42.6M,True,+80.0%,True,5210.5K,False,$0.50 / SMA $1.74,True,14.30%,True,+100.2%,True,68.3M,True,NGM,False,
IPGLF,Interpump Group S.p.A.,51.0,2026-10-03T00:54:09.838353+00:00,False,+36.9%,True,$5359.8M,False,+8.0%,False,0.0K,True,$51.00 / SMA $51.00,False,0.00%,False,+1.1%,True,78.0M,False,PNK,False,
IPGP,IPG Photonics Corporation,84.05,2026-10-03T00:52:32.425605+00:00,False,+21.1%,True,$3567.4M,False,+-25.0%,False,465.0K,True,$84.05 / SMA $80.49,True,3.52%,False,+11.1%,True,27.8M,True,NMS,False,
IPI,"Intrepid Potash, Inc.",32.76,2026-10-03T00:59:28.306280+00:00,False,+45.3%,True,$440.8M,True,+368.0%,False,194.2K,False,$32.76 / SMA $36.85,True,4.45%,False,+-1.3%,True,10.6M,True,NYQ,False,
IPSC,"Century Therapeutics, Inc.",1.53,2026-10-03T00:59:34.685726+00:00,True,+251.7%,False,$277.0M,True,+55.3%,True,641.3K,False,$1.53 / SMA $1.97,True,5.57%,,N/A,True,101.3M,True,NCM,False,
IPXHY,Inpex Corporation,23.6,2026-10-03T00:50:28.883540+00:00,False,+39.1%,True,$27289.2M,,N/A,False,56.5K,False,$23.60 / SMA $23.94,False,2.98%,,N/A,False,858.4M,False,PNK,False,
IPZYF,IP Group Plc,0.9054,2026-10-03T00:57:49.210771+00:00,False,+33.5%,True,$799.9M,,N/A,False,0.0K,True,$0.91 / SMA $0.91,False,0.00%,,N/A,False,865.9M,False,PNK,False,
IQI,Invesco Quality Municipal Income Trust,8.94,2026-10-03T00:59:29.852459+00:00,False,+5.5%,True,$472.8M,,N/A,False,203.3K,False,$8.94 / SMA $9.73,False,1.93%,,N/A,,N/A,True,NYQ,False,
IRCUF,Irish Continental Group plc,8.91,2026-10-03T00:56:08.493414+00:00,False,+38.4%,True,$1322.5M,,N/A,False,12.6K,True,$8.91 / SMA $8.66,False,0.31%,,N/A,True,91.5M,False,PNK,False,
IRMD,IRADIMED CORPORATION,85.4,2026-10-03T00:56:07.039066+00:00,False,+20.6%,True,$1092.0M,False,+-8.9%,False,127.8K,False,$85.40 / SMA $87.37,False,2.62%,False,+0.3%,True,8.3M,True,NGM,False,
ISLMF,InSilico Medicine Cayman TopCo,7.35,2026-10-03T00:54:11.140229+00:00,False,+41.9%,,N/A,,N/A,False,208.1K,True,$7.35 / SMA_short $6.72,True,7.60%,,N/A,False,502.9M,False,PNK,False,
ISTR,Investar Holding Corporation,29.41,2026-10-03T00:59:35.391672+00:00,False,+37.2%,True,$405.2M,True,+32.6%,False,135.6K,False,$29.41 / SMA $30.05,False,1.91%,True,+64.1%,True,12.5M,True,NGM,False,
ITFS,Itafos Inc.,1.59,2026-10-03T00:59:36.497687+00:00,False,+9.7%,True,$309.7M,False,+-123.1%,False,25.0K,False,$1.59 / SMA $1.66,False,2.34%,False,+13.6%,True,66.5M,False,OQX,False,
ITGR,Integer Holdings Corporation,126.45,2026-10-03T00:54:15.156267+00:00,True,+104.0%,True,$4298.9M,False,+-33.7%,True,996.6K,True,$126.45 / SMA $122.94,False,0.21%,,N/A,True,33.7M,True,NYQ,False,
ITRI,"Itron, Inc.",86.51,2026-10-03T00:54:11.183579+00:00,False,+11.2%,True,$3788.0M,False,+-19.0%,True,738.4K,False,$86.51 / SMA $96.33,False,2.68%,,N/A,True,43.0M,True,NMS,False,
ITRN,Ituran Location and Control Ltd.,52.53,2026-10-03T00:56:06.705125+00:00,False,+50.1%,True,$1042.0M,True,+31.3%,False,132.5K,True,$52.53 / SMA $52.05,False,2.02%,False,+20.7%,True,15.5M,True,NMS,False,
IVSXF,Investor AB (publ),40.2,2026-10-03T00:50:16.200627+00:00,False,+29.0%,True,$123153.9M,,N/A,False,0.5K,False,$40.20 / SMA $41.69,False,0.32%,,N/A,False,2441.5M,False,PNK,False,
IVT,InvenTrust Properties Corp.,30.4,2026-10-03T00:54:19.009273+00:00,False,+13.4%,True,$2370.5M,False,+-98.4%,True,637.8K,False,$30.40 / SMA $32.42,False,1.86%,False,+12.6%,True,77.3M,True,NYQ,False,
JAPAY,Japan Tobacco Inc.,21.66,2026-10-03T00:50:19.807064+00:00,False,+38.4%,True,$76908.5M,,N/A,False,58.1K,False,$21.66 / SMA $21.74,False,1.90%,,N/A,False,2193.3M,False,PNK,False,
JAZZ,Jazz Pharmaceuticals plc,235.67,2026-10-03T00:50:38.357565+00:00,True,+83.0%,True,$15298.4M,True,+123.7%,True,861.7K,False,$235.67 / SMA $247.45,False,2.18%,False,+15.5%,True,63.0M,True,NMS,False,
JBARF,Julius Bär Gruppe AG,90.31,2026-10-03T00:50:37.068945+00:00,False,+39.6%,True,$18582.5M,,N/A,False,1.2K,False,$90.31 / SMA $91.14,False,0.72%,,N/A,False,205.0M,False,PNK,False,
JBIO,"Jade Biosciences, Inc.",14.12,2026-10-03T00:56:08.385345+00:00,True,+72.2%,True,$898.0M,False,+11.6%,True,899.8K,False,$14.12 / SMA $19.57,True,6.46%,,N/A,True,52.0M,True,NCM,False,
JBLU,JetBlue Airways Corporation,4.15,2026-10-03T00:55:58.146774+00:00,False,+7.2%,True,$1565.8M,False,+-214.3%,True,26332.1K,False,$4.15 / SMA $5.01,True,3.67%,False,+14.5%,False,337.9M,True,NMS,False,
JBSS,"John B. Sanfilippo & Son, Inc.",68.52,2026-10-03T00:57:46.225677+00:00,False,+16.0%,True,$801.2M,False,+-38.3%,False,134.8K,False,$68.52 / SMA $75.11,False,2.59%,False,+4.2%,True,9.0M,True,NMS,False,
JCAP,"Jefferson Capital, Inc.",19.25,2026-10-03T00:57:44.912778+00:00,False,+24.2%,True,$1105.4M,False,+-96.0%,False,321.3K,False,$19.25 / SMA $20.86,True,3.06%,False,+16.3%,True,16.8M,True,NMS,False,
JGCCY,JGC Holdings Corporation,29.0,2026-10-03T00:52:37.128947+00:00,False,+52.2%,True,$3510.1M,,N/A,False,0.1K,True,$29.00 / SMA $27.22,False,0.00%,,N/A,True,110.6M,False,PNK,False,
JGHAF,Jungheinrich Aktiengesellschaft,33.84,2026-10-03T00:54:16.215613+00:00,False,+0.0%,True,$3451.7M,,N/A,False,0.0K,False,$33.84 / SMA $33.84,False,0.00%,,N/A,True,48.0M,False,PNK,False,
JJSF,J&J Snack Foods Corp.,78.25,2026-10-03T00:56:03.717754+00:00,False,+13.6%,True,$1461.8M,False,+-16.8%,False,213.8K,False,$78.25 / SMA $82.95,False,2.39%,False,+-6.2%,True,14.8M,True,NMS,False,
JOUT,Johnson Outdoors Inc.,44.91,2026-10-03T00:59:32.405786+00:00,False,+26.0%,True,$470.6M,True,+90.2%,False,45.7K,False,$44.91 / SMA $46.03,False,2.84%,False,+5.0%,True,5.8M,True,NMS,False,
JPC,Nuveen Preferred & Income Opportunities Fund,6.91,2026-10-03T00:54:17.265160+00:00,False,+4.2%,True,$2592.8M,,N/A,True,1381.8K,False,$6.91 / SMA $7.30,False,1.47%,,N/A,,N/A,True,NYQ,False,
JPNPY,"Japan Post Insurance Co., Ltd.",10.13,2026-10-03T00:50:44.706956+00:00,False,+9.5%,True,$10977.6M,,N/A,False,0.0K,False,$10.13 / SMA $10.16,False,0.00%,,N/A,False,517.5M,False,PNK,False,
JPPHY,"Japan Post Holdings Co., Ltd.",16.48,2026-10-03T00:50:25.575960+00:00,True,+85.6%,True,$45062.8M,,N/A,False,1.5K,True,$16.48 / SMA $15.44,True,5.26%,,N/A,False,1572.4M,False,PNK,False,
JPPTY,"JAPAN POST BANK Co., Ltd.",21.97,2026-10-03T00:50:19.800035+00:00,True,+132.2%,True,$78256.8M,,N/A,False,68.1K,True,$21.97 / SMA $20.63,True,4.33%,,N/A,False,1777.7M,False,PNK,False,
JRI,Nuveen Real Asset Income and Growth Fund,10.9,2026-10-03T00:59:38.165225+00:00,False,+3.2%,True,$394.6M,,N/A,False,157.8K,False,$10.90 / SMA $11.99,False,1.61%,,N/A,,N/A,True,NYQ,False,
JXHLY,"ENEOS Holdings, Inc.",17.78,2026-10-03T00:50:32.852287+00:00,False,+50.6%,True,$23615.7M,,N/A,False,0.6K,True,$17.78 / SMA $17.13,False,1.52%,,N/A,False,1319.6M,False,PNK,False,
KBONU,Karbon Capital Partners Corp.,10.3,2026-10-03T00:59:38.395449+00:00,False,+2.9%,,N/A,,N/A,False,5.0K,True,$10.30 / SMA $10.29,False,0.00%,,N/A,True,29.2M,True,NGM,False,
KBR,"KBR, Inc.",34.24,2026-10-03T00:52:35.699953+00:00,False,+14.4%,True,$4316.6M,True,+33.9%,True,1476.0K,False,$34.24 / SMA $36.71,False,2.87%,False,+1.6%,True,124.4M,True,NYQ,False,
KDDIF,KDDI Corporation,19.74,2026-10-03T00:50:20.239065+00:00,False,+39.2%,True,$72958.3M,,N/A,False,0.4K,True,$19.74 / SMA $18.23,False,0.23%,,N/A,False,2988.8M,False,PNK,False,
KEEL,Keel Infrastructure Corp.,3.62,2026-10-03T00:54:16.395383+00:00,True,+115.5%,True,$2235.6M,False,+-1000.0%,True,33414.7K,True,$3.62 / SMA $3.60,True,6.84%,False,+-50.0%,False,589.8M,True,NGM,False,
KELYA,"Kelly Services, Inc.",15.72,2026-10-03T00:59:35.525735+00:00,True,+97.0%,True,$546.0M,False,+-40.4%,False,322.1K,False,$15.72 / SMA $16.16,False,2.43%,False,+-5.8%,True,29.5M,True,NMS,False,
KGC,Kinross Gold Corporation,24.06,2026-10-03T00:50:27.039487+00:00,False,+9.3%,True,$28541.0M,True,+65.1%,True,8025.4K,False,$24.06 / SMA $27.68,True,3.30%,True,+29.5%,False,1179.6M,True,NYQ,False,
KKKUF,"Kakaku.com, Inc.",24.363,2026-10-03T00:52:35.958648+00:00,True,+118.5%,True,$4883.2M,,N/A,False,0.0K,True,$24.36 / SMA $23.53,False,0.00%,,N/A,True,83.0M,False,PNK,False,
KKPNF,Koninklijke KPN N.V.,4.45,2026-10-03T00:50:33.770542+00:00,False,+4.7%,True,$16785.9M,False,+0.0%,False,26.4K,False,$4.45 / SMA $4.71,True,8.59%,False,+0.5%,False,3768.2M,False,PNK,False,
KLAC,KLA Corporation,206.89,2026-10-03T00:50:13.913865+00:00,True,+110.9%,True,$269992.8M,False,+14.8%,True,10456.4K,True,$206.89 / SMA $186.75,True,3.78%,False,+15.2%,False,1303.5M,True,NMS,False,
KNCRY,Konecranes Plc,9.1,2026-10-03T00:50:51.564358+00:00,True,+191.1%,True,$8650.2M,False,+-9.5%,False,0.3K,True,$9.10 / SMA $8.31,False,0.70%,False,+-3.1%,False,743.0M,False,PNK,False,
KNRRY,Knorr-Bremse AG,27.9,2026-10-03T00:50:35.032829+00:00,False,+23.3%,True,$17989.9M,,N/A,False,19.0K,False,$27.90 / SMA $29.82,False,1.10%,False,+9.4%,False,244.4M,False,PNK,False,
KNYJF,KONE Oyj,58.05,2026-10-03T00:50:28.533103+00:00,False,+10.2%,True,$30086.4M,False,+12.2%,False,0.3K,False,$58.05 / SMA $58.15,False,0.12%,False,+9.9%,False,367.0M,False,PNK,False,
KOD,Kodiak Sciences Inc.,94.45,2026-10-03T00:54:21.128577+00:00,True,+763.3%,True,$5936.1M,False,+-1.9%,True,1481.2K,True,$94.45 / SMA $42.61,True,9.09%,,N/A,True,39.6M,True,NGM,False,
KOF,"Coca-Cola FEMSA, S.A.B. de C.V.",106.5,2026-10-03T00:52:30.085512+00:00,False,+32.8%,True,$22373.9M,False,+-85.4%,False,130.8K,False,$106.50 / SMA $110.30,False,2.02%,False,+4.7%,True,52.4M,True,NYQ,False,
KOS,Kosmos Energy Ltd.,2.51,2026-10-03T00:55:58.812896+00:00,True,+198.8%,True,$1494.7M,True,+272.2%,True,14050.9K,False,$2.51 / SMA $2.70,True,5.28%,True,+54.7%,False,581.6M,True,NYQ,False,
KOYNU,"CSLM Digital Asset Acquisition Corp III, Ltd",10.32,2026-10-03T00:59:41.086978+00:00,False,+2.3%,,N/A,,N/A,False,0.3K,True,$10.32 / SMA $10.29,False,0.02%,,N/A,True,23.3M,True,NGM,False,
KPLUF,K+S Aktiengesellschaft,18.65,2026-10-03T00:54:13.636841+00:00,False,+41.7%,True,$3368.0M,True,+136.7%,False,0.0K,True,$18.65 / SMA $17.96,False,0.16%,False,+12.3%,False,179.1M,False,OQX,False,
KRC,Kilroy Realty Corporation,33.63,2026-10-03T00:54:09.703525+00:00,False,+22.9%,True,$3949.6M,False,+-70.2%,True,1273.9K,False,$33.63 / SMA $35.76,False,2.10%,,N/A,True,103.8M,True,NYQ,False,
KRNT,Kornit Digital Ltd.,17.49,2026-10-03T00:57:51.449372+00:00,False,+46.6%,True,$751.5M,False,+-52.9%,False,283.3K,True,$17.49 / SMA $16.24,True,3.67%,False,+11.2%,True,38.6M,True,NMS,False,
KRSP.U,KRSP.U,,2026-10-03T00:59:31.565636+00:00,False,N/A,False,N/A,False,N/A,False,N/A,False,N/A,False,N/A,False,N/A,False,N/A,False,Unknown,False,No price data available
KRUS,"Kura Sushi USA, Inc.",41.53,2026-10-03T00:57:51.823538+00:00,False,+22.3%,True,$504.6M,False,+-40.0%,False,243.9K,False,$41.53 / SMA $44.59,True,5.12%,False,+16.2%,True,7.0M,True,NGM,False,
KRYAF,Kerry Group plc,96.405,2026-10-03T00:50:40.173768+00:00,False,+27.5%,True,$15321.7M,,N/A,False,0.1K,True,$96.41 / SMA $95.89,False,0.00%,,N/A,False,158.6M,False,OID,False,
KSRYY,KOSE Holdings Corporation,6.65,2026-10-03T00:55:57.800096+00:00,False,+12.1%,True,$1887.0M,,N/A,False,0.1K,False,$6.65 / SMA $7.12,False,0.00%,,N/A,False,161.4M,False,PNK,False,
KTWIY,Kurita Water Industries Ltd.,97.0,2026-10-03T00:52:27.753645+00:00,True,+2609.5%,True,$5223.3M,,N/A,False,0.3K,False,$97.00 / SMA $102.95,False,0.52%,,N/A,True,52.5M,False,PNK,False,
KVYO,"Klaviyo, Inc.",15.71,2026-10-03T00:52:34.737549+00:00,False,+25.4%,True,$4473.1M,True,+66.7%,True,5990.0K,False,$15.71 / SMA $17.62,True,5.28%,True,+26.4%,True,125.4M,True,NYQ,False,
KXHCF,Kioxia Holdings Corporation,124.21,2026-10-03T00:50:14.145446+00:00,False,+24.2%,True,$198427.3M,,N/A,False,20.1K,False,$124.21 / SMA_short $254.96,False,2.56%,,N/A,False,1152.1M,False,PNK,False,
KXSCF,Kinaxis Inc.,124.25,2026-10-03T00:54:16.418071+00:00,False,+46.7%,True,$3378.1M,True,+38.2%,False,9.1K,True,$124.25 / SMA $123.88,False,0.95%,False,+19.6%,True,27.1M,False,PNK,False,
KYKOF,"Kyowa Kirin Co., Ltd.",14.05,2026-10-03T00:50:51.347251+00:00,False,+13.1%,True,$7356.4M,,N/A,False,3.8K,False,$14.05 / SMA $14.74,False,1.56%,,N/A,False,229.5M,False,PNK,False,
KYN,"Kayne Anderson Energy Infrastructure Fund, Inc.",13.91,2026-10-03T00:54:20.234292+00:00,False,+23.0%,True,$2352.5M,,N/A,False,330.4K,False,$13.91 / SMA $14.42,False,1.64%,,N/A,,N/A,True,NYQ,False,
KYTX,"Kyverna Therapeutics, Inc.",6.22,2026-10-03T00:59:28.936034+00:00,False,+17.4%,True,$384.7M,True,+35.1%,True,912.3K,False,$6.22 / SMA $7.74,True,5.49%,,N/A,True,39.7M,True,NMS,False,
LAB,Standard BioTools Inc.,0.7447,2026-10-03T00:59:34.948078+00:00,False,+18.2%,False,$292.4M,False,+22.2%,True,1693.3K,True,$0.74 / SMA $0.73,True,5.16%,False,+-7.6%,False,184.6M,True,NMS,False,
LANDO,Gladstone Land Corporation,20.06,2026-10-03T00:59:34.227120+00:00,False,+8.4%,,N/A,,N/A,False,15.4K,False,$20.06 / SMA $20.75,False,1.53%,False,+3.2%,True,41.5M,True,NGM,False,
LAUR,"Laureate Education, Inc.",38.62,2026-10-03T00:52:33.816123+00:00,False,+54.6%,True,$5319.9M,True,+50.8%,True,1010.8K,True,$38.62 / SMA $37.32,False,2.69%,False,+17.5%,True,126.2M,True,NMS,False,
LB,LandBridge Company LLC,83.79,2026-10-03T00:52:28.140255+00:00,True,+91.5%,True,$6563.7M,True,+45.9%,False,279.6K,True,$83.79 / SMA $82.41,True,3.43%,True,+40.6%,True,28.1M,True,NYQ,False,
LCII,LCI Industries,82.81,2026-10-03T00:54:17.876044+00:00,False,+1.4%,True,$2013.2M,False,+20.1%,False,328.1K,False,$82.81 / SMA $97.90,True,3.27%,False,+-12.5%,True,23.4M,True,NYQ,False,
LDSVF,Chocoladefabriken Lindt & Sprüngli AG,9200.0,2026-10-03T00:50:29.330184+00:00,False,+3.7%,True,$21013.7M,,N/A,False,0.0K,False,$9200.00 / SMA $10883.24,False,0.79%,,N/A,True,0.2M,False,PNK,False,
LEGN,Legend Biotech Corporation,18.57,2026-10-03T00:52:30.794952+00:00,False,+14.3%,True,$3611.6M,True,+126.5%,True,2339.9K,False,$18.57 / SMA $19.87,True,4.39%,True,+51.9%,True,90.6M,True,NMS,False,
LGYRF,Landis+Gyr Group AG,54.62,2026-10-03T00:55:58.305833+00:00,False,+6.5%,True,$1454.2M,,N/A,False,0.1K,True,$54.62 / SMA $54.07,False,0.00%,,N/A,True,23.8M,False,PNK,False,
LIN,Linde plc,479.48,2026-10-03T00:50:13.963171+00:00,False,+23.6%,True,$221030.8M,False,+11.3%,True,2047.5K,False,$479.48 / SMA $479.62,False,1.55%,False,+9.3%,False,459.4M,True,NMS,False,
LIND,"Lindblad Expeditions Holdings, Inc.",34.78,2026-10-03T00:56:04.374031+00:00,True,+205.9%,True,$2282.3M,True,+88.9%,True,850.2K,True,$34.78 / SMA $29.74,True,4.72%,False,+18.6%,True,49.4M,True,NCM,False,
LION,Lionsgate Studios Corp.,11.16,2026-10-03T00:52:35.295910+00:00,True,+90.0%,True,$3320.8M,True,+75.0%,True,2673.6K,False,$11.16 / SMA $11.78,True,3.74%,True,+47.7%,,N/A,True,NYQ,False,
LKTEF,L.K. Technology Holdings Limited,0.15,2026-10-03T00:57:55.062743+00:00,False,+0.0%,False,$204.7M,,N/A,False,0.8K,False,$0.15 / SMA $0.24,False,0.00%,,N/A,False,506.8M,False,PNK,False,
LLESY,Lendlease Group,1.74,2026-10-03T00:56:04.030706+00:00,False,+0.0%,True,$1203.0M,,N/A,False,0.2K,False,$1.74 / SMA $2.06,False,0.24%,,N/A,False,654.7M,False,PNK,False,
LLOBF,Lloyds Banking Group plc 9.25% NON-CUM IRR PRF SHS GBP0.25,1.93,2026-10-03T00:50:18.893267+00:00,False,+3.8%,,N/A,,N/A,False,0.0K,False,$1.93 / SMA $2.00,False,0.00%,False,+14.7%,,N/A,False,PNK,False,
LLY,Eli Lilly and Company,1142.85,2026-10-03T00:50:13.006912+00:00,False,+45.8%,True,$1018687.4M,True,+26.2%,True,2503.3K,False,$1142.85 / SMA $1176.96,False,2.44%,True,+47.7%,False,889.0M,True,NYQ,False,
LNC,Lincoln National Corporation,40.3,2026-10-03T00:52:25.590323+00:00,False,+25.2%,True,$7715.3M,True,+76.8%,True,1996.2K,False,$40.30 / SMA $43.40,False,2.72%,False,+12.5%,False,171.6M,True,NYQ,False,
LNT,Alliant Energy Corporation,64.33,2026-10-03T00:50:34.856864+00:00,False,+2.9%,True,$16679.8M,False,+4.8%,True,2477.4K,False,$64.33 / SMA $68.14,False,1.65%,False,+5.0%,False,258.4M,True,NMS,False,
LNTH,"Lantheus Holdings, Inc.",99.96,2026-10-03T00:52:26.020398+00:00,True,+101.2%,True,$6527.4M,False,+-0.9%,True,1348.4K,False,$99.96 / SMA $100.80,False,0.42%,False,+2.7%,True,58.6M,True,NGM,False,
LOB,"Live Oak Bancshares, Inc.",36.68,2026-10-03T00:55:59.870134+00:00,False,+24.9%,True,$1697.7M,True,+45.1%,False,216.4K,False,$36.68 / SMA $40.29,False,2.21%,False,+9.6%,True,36.1M,True,NYQ,False,
LOKVU,LOKVU,,2026-10-03T01:01:15.762393+00:00,False,N/A,False,N/A,False,N/A,False,N/A,False,N/A,False,N/A,False,N/A,False,N/A,False,Unknown,False,No price data available
LOPE,"Grand Canyon Education, Inc.",155.79,2026-10-03T00:52:36.497553+00:00,False,+16.0%,True,$4060.7M,False,+18.2%,False,333.9K,True,$155.79 / SMA $149.19,False,2.83%,False,+6.7%,True,25.1M,True,NMS,False,
LPAAU,Launch One Acquisition Corp.,11.13,2026-10-03T01:01:14.651394+00:00,False,+5.4%,,N/A,,N/A,False,0.0K,True,$11.13 / SMA $11.11,False,0.00%,,N/A,True,1.8M,True,NGM,False,
LPTH,"LightPath Technologies, Inc.",11.04,2026-10-03T00:57:41.612942+00:00,True,+89.4%,True,$773.2M,True,+62.5%,True,2970.5K,False,$11.04 / SMA $11.28,True,5.98%,True,+73.3%,True,69.3M,True,NCM,False,
LRCX,Lam Research Corporation,347.49,2026-10-03T00:50:13.359426+00:00,True,+165.2%,True,$434857.4M,True,+34.1%,True,9668.4K,True,$347.49 / SMA $304.93,True,3.90%,True,+30.0%,False,1246.5M,True,NMS,False,
LRLCY,L'Oréal S.A.,83.87,2026-10-03T00:50:14.165419+00:00,False,+6.4%,True,$223256.3M,,N/A,False,148.5K,False,$83.87 / SMA $88.18,False,1.35%,,N/A,False,1158.4M,False,PNK,False,
LSAK,"Lesaka Technologies, Inc.",4.33,2026-10-03T00:59:33.767173+00:00,False,+19.6%,True,$371.6M,True,+111.4%,False,133.6K,False,$4.33 / SMA $4.50,True,4.22%,False,+-18.7%,True,53.1M,True,NMS,False,
LSCC,Lattice Semiconductor Corporation,134.0,2026-10-03T00:50:34.385963+00:00,True,+121.5%,True,$18994.4M,True,+600.0%,True,1710.9K,True,$134.00 / SMA $120.69,True,3.96%,True,+62.2%,True,140.9M,True,NMS,True,
LTH,"Life Time Group Holdings, Inc.",40.99,2026-10-03T00:52:23.601741+00:00,False,+69.8%,True,$9159.7M,True,+40.6%,True,2966.4K,False,$40.99 / SMA $42.85,True,3.51%,False,+13.7%,False,206.9M,True,NYQ,False,
LUNMF,Lundin Mining Corporation,24.51,2026-10-03T00:50:31.664623+00:00,True,+75.4%,True,$20866.8M,True,+126.7%,False,171.3K,False,$24.51 / SMA $25.55,True,3.34%,True,+31.9%,False,672.2M,False,PNK,False,
LWLG,"Lightwave Logic, Inc.",5.7,2026-10-03T00:55:56.503189+00:00,True,+100.7%,True,$878.8M,False,+0.0%,True,2941.1K,False,$5.70 / SMA $5.97,True,5.58%,True,+27.9%,False,152.4M,True,NCM,False,
LYV,"Live Nation Entertainment, Inc.",168.77,2026-10-03T00:50:25.221225+00:00,False,+34.6%,True,$39316.6M,True,+156.1%,True,1941.8K,False,$168.77 / SMA $177.41,False,2.38%,False,+9.4%,False,157.2M,True,NYQ,False,
LZAGY,Lonza Group AG,68.29,2026-10-03T00:50:24.275781+00:00,False,+16.7%,True,$48590.6M,,N/A,False,45.3K,False,$68.29 / SMA $69.50,False,1.31%,,N/A,False,697.4M,False,PNK,False,
MAIFF,Mining Americas Inc.,3.75,2026-10-03T00:59:30.972991+00:00,True,+694.5%,True,$412.4M,False,+-620.0%,False,131.9K,False,$3.75 / SMA $4.08,True,4.93%,True,+1333.2%,True,107.0M,False,OQX,False,
MALJF,Magellan Aerospace Corporation,23.34,2026-10-03T00:56:06.452291+00:00,True,+106.9%,True,$1371.2M,True,+288.9%,False,4.4K,False,$23.34 / SMA $25.07,False,0.42%,False,+22.3%,True,11.8M,False,PNK,False,
MANH,"Manhattan Associates, Inc.",204.145,2026-10-03T00:50:49.973705+00:00,True,+71.5%,True,$11902.7M,False,+-8.6%,True,788.2K,True,$204.15 / SMA $202.73,True,3.08%,False,+9.3%,True,54.4M,True,NMS,False,
MARIF,Marimaca Copper Corp.,5.99,2026-10-03T00:57:49.122112+00:00,False,+22.5%,True,$809.6M,True,+50.0%,False,25.2K,True,$5.99 / SMA $5.87,False,2.39%,,N/A,True,104.4M,False,OQX,False,
MCEM,The Monarch Cement Company,262.02,2026-10-03T00:57:49.957315+00:00,False,+26.6%,True,$972.2M,False,+13.2%,False,0.5K,False,$262.02 / SMA $266.06,True,3.44%,False,+2.8%,True,2.8M,False,OQX,False,
MDA,MDA Space Ltd.,29.89,2026-10-03T00:52:28.371890+00:00,False,+28.7%,True,$4846.1M,,N/A,True,1514.0K,False,$29.89 / SMA $30.98,True,4.18%,True,+33.6%,False,160.2M,True,NYQ,False,
MDDNF,Meridian Energy Limited,3.025,2026-10-03T00:50:47.473713+00:00,False,+6.5%,True,$8012.0M,,N/A,False,0.2K,False,$3.02 / SMA $3.04,False,0.00%,,N/A,False,1294.8M,False,PNK,False,
MEDP,"Medpace Holdings, Inc.",599.47,2026-10-03T00:50:41.849863+00:00,False,+60.7%,True,$16732.2M,True,+37.1%,False,277.6K,False,$599.47 / SMA $600.15,False,2.45%,False,+17.2%,True,22.6M,True,NMS,False,
MEGI,NYLI CBRE Global Infrastructure Megatrends Term Fund,13.35,2026-10-03T00:57:48.292383+00:00,False,+0.8%,True,$694.8M,,N/A,False,129.0K,False,$13.35 / SMA $14.48,False,1.95%,,N/A,,N/A,True,NYQ,False,
MELI,"MercadoLibre, Inc.",1696.56,2026-10-03T00:50:18.425487+00:00,False,+13.5%,True,$86010.2M,False,+-10.9%,False,491.5K,False,$1696.56 / SMA $1863.60,False,2.98%,True,+49.8%,True,50.6M,True,NMS,False,
MESHU,Meshflow Acquisition Corp.,10.245,2026-10-03T00:59:32.377814+00:00,False,+3.0%,,N/A,,N/A,False,7.4K,True,$10.24 / SMA $10.15,False,0.08%,,N/A,True,33.3M,True,NGM,False,
MFG,"Mizuho Financial Group, Inc.",10.89,2026-10-03T00:50:16.544619+00:00,True,+78.8%,True,$131802.1M,True,+49.7%,True,3515.5K,True,$10.89 / SMA $10.73,False,1.57%,True,+35.7%,False,12165.7M,True,NYQ,False,
MFIC,MidCap Financial Investment Corporation,8.62,2026-10-03T00:57:46.695959+00:00,False,+0.2%,True,$710.1M,False,+-210.5%,True,548.4K,False,$8.62 / SMA $9.24,False,1.84%,False,+-169.7%,,N/A,True,NMS,False,
MGA,Magna International Inc.,64.57,2026-10-03T00:50:35.484761+00:00,False,+49.8%,True,$17273.8M,,N/A,True,1233.0K,False,$64.57 / SMA $66.87,False,2.34%,False,+3.3%,False,264.8M,True,NYQ,False,
MGDDY,Compagnie Générale des Établissements Michelin Société en commandite par actions,18.61,2026-10-03T00:50:30.619440+00:00,False,+25.6%,False,$0.0M,,N/A,False,199.6K,False,$18.61 / SMA $19.66,False,1.19%,,N/A,,N/A,False,PNK,False,
MGRC,McGrath RentCorp,117.56,2026-10-03T00:54:17.914314+00:00,False,+23.8%,True,$2871.5M,False,+-6.2%,False,149.9K,True,$117.56 / SMA $115.32,False,1.96%,False,+-6.2%,True,24.1M,True,NMS,False,
MGRT,Mega Fortune Company Limited,103.01,2026-10-03T00:56:06.917568+00:00,True,+2449.8%,True,$1416.4M,,N/A,False,16.9K,False,$103.01 / SMA $105.33,True,4.67%,,N/A,True,4.1M,True,NCM,False,
MH,"McGraw Hill, Inc.",12.85,2026-10-03T00:54:20.916394+00:00,False,+43.7%,True,$2458.3M,True,+11315.5%,True,630.3K,True,$12.85 / SMA $12.53,True,4.46%,False,+2.6%,True,25.0M,True,NYQ,False,
MHEYF,Keo Capital AB (publ),0.83,2026-10-03T00:59:36.172810+00:00,False,+13.7%,,N/A,,N/A,False,42.1K,False,$0.83 / SMA_short $0.98,False,1.49%,,N/A,True,116.1M,False,PNK,False,
MICC,The Magnum Ice Cream Company N.V.,17.48,2026-10-03T00:50:45.994663+00:00,False,+35.1%,True,$10555.7M,,N/A,True,892.7K,False,$17.48 / SMA $19.19,False,1.86%,,N/A,False,489.5M,True,NYQ,False,
MINBY,MINEBEA MITSUMI Inc.,23.91,2026-10-03T00:50:45.400679+00:00,False,+56.6%,True,$9602.1M,,N/A,False,2.4K,True,$23.91 / SMA $22.52,True,3.29%,,N/A,False,363.1M,False,PNK,False,
MIY,"BlackRock MuniYield Michigan Quality Fund, Inc.",11.17,2026-10-03T00:59:38.587445+00:00,False,+0.5%,True,$323.5M,,N/A,False,66.4K,False,$11.17 / SMA $12.14,False,2.01%,,N/A,,N/A,True,NYQ,False,
MKEWF,Makita Corporation,31.02,2026-10-03T00:50:45.143781+00:00,False,+6.6%,True,$7992.5M,,N/A,False,0.0K,False,$31.02 / SMA $37.43,False,0.00%,,N/A,False,242.4M,False,PNK,False,
MKL,Markel Group Inc.,1737.18,2026-10-03T00:50:31.765618+00:00,False,+1.9%,True,$21523.6M,True,+86.8%,False,66.3K,False,$1737.18 / SMA $1822.77,False,1.37%,False,+17.8%,True,12.1M,True,NYQ,False,
MKTX,MarketAxess Holdings Inc.,164.14,2026-10-03T00:52:33.020808+00:00,False,+50.9%,True,$5777.3M,False,+1.0%,True,1058.9K,True,$164.14 / SMA $159.21,False,0.24%,False,+-0.5%,True,29.6M,True,NMS,False,
MLAAU,Mountain Lake Acquisition Corp. II,10.0801,2026-10-03T00:59:29.890356+00:00,False,+1.5%,,N/A,,N/A,False,0.1K,True,$10.08 / SMA $10.08,False,0.02%,,N/A,True,36.5M,True,NGM,False,
MLCO,Melco Resorts & Entertainment Limited,4.19,2026-10-03T00:55:54.070950+00:00,False,+3.2%,True,$1593.2M,True,+115.0%,True,2099.8K,False,$4.19 / SMA $5.19,True,3.41%,False,+-8.3%,True,139.4M,True,NMS,False,
MLFNF,Maple Leaf Foods Inc.,17.84,2026-10-03T00:54:18.483558+00:00,False,+7.0%,True,$2225.3M,False,+-20.0%,False,24.1K,False,$17.84 / SMA $19.29,False,0.31%,False,+12.5%,True,74.6M,False,PNK,False,
MLXEF,Metals X Limited,1.45,2026-10-03T00:57:42.395366+00:00,True,+187.1%,True,$1285.3M,,N/A,False,23.1K,True,$1.45 / SMA $1.28,True,3.79%,,N/A,False,629.4M,False,PNK,False,
MMSMY,"Mitsui Kinzoku Company, Limited",15.685,2026-10-03T00:50:35.641953+00:00,True,+84.5%,True,$8974.0M,,N/A,False,40.5K,False,$15.69 / SMA $17.15,True,3.38%,,N/A,False,2766.2M,False,PNK,False,
MNDY,monday.com Ltd.,78.8,2026-10-03T00:52:37.282056+00:00,False,+37.0%,True,$3331.2M,True,+166.7%,True,1389.0K,False,$78.80 / SMA $88.89,True,5.72%,False,+21.9%,True,33.1M,True,NMS,False,
MOBI,"Mobia Medical, Inc.",9.18,2026-10-03T00:59:34.078285+00:00,False,+8.6%,True,$305.6M,,N/A,False,177.6K,False,$9.18 / SMA $10.88,True,7.75%,,N/A,True,13.7M,True,NMS,False,
MONDY,Mondi plc,20.95,2026-10-03T00:52:35.036881+00:00,False,+17.2%,True,$4617.4M,,N/A,False,25.8K,False,$20.95 / SMA $22.87,False,1.76%,,N/A,False,218.6M,False,PNK,False,
MONRF,Moncler S.p.A.,52.64,2026-10-03T00:50:36.175885+00:00,False,+7.8%,True,$14317.5M,,N/A,False,1.2K,False,$52.64 / SMA $54.81,False,0.66%,,N/A,False,222.0M,False,PNK,False,
MPFRY,"Mapfre, S.A.",9.97,2026-10-03T00:50:38.963537+00:00,False,+25.3%,True,$15300.6M,,N/A,False,0.1K,True,$9.97 / SMA $9.71,False,0.33%,,N/A,False,460.9M,False,PNK,False,
MPJPY,Metaplanet Inc.,1.83,2026-10-03T00:54:18.678910+00:00,False,+51.5%,,N/A,,N/A,True,948.7K,True,$1.83 / SMA $1.67,True,5.68%,,N/A,False,1134.2M,False,OQX,False,
MPT,"Medical Properties Trust, Inc.",3.27,2026-10-03T00:54:15.062961+00:00,False,+0.6%,True,$1952.8M,True,+93.8%,True,8294.1K,False,$3.27 / SMA $3.97,True,3.53%,False,+7.9%,False,489.8M,True,NYQ,False,
MQBKY,Macquarie Group Limited,170.78,2026-10-03T00:50:20.288604+00:00,False,+39.6%,True,$65090.8M,,N/A,False,12.2K,False,$170.78 / SMA $177.84,False,2.75%,,N/A,False,363.4M,False,PNK,False,
MRAAY,"Murata Manufacturing Co., Ltd.",27.44,2026-10-03T00:50:18.495593+00:00,True,+210.1%,True,$99479.5M,,N/A,True,689.4K,True,$27.44 / SMA $23.81,False,2.47%,,N/A,False,3634.1M,False,PNK,False,
MRAM,"Everspin Technologies, Inc.",18.83,2026-10-03T00:57:48.735176+00:00,True,+156.2%,True,$458.5M,False,+-400.0%,True,1105.3K,True,$18.83 / SMA $16.51,True,5.32%,True,+41.9%,True,23.5M,True,NGM,False,
MRVL,"Marvell Technology, Inc.",272.29,2026-10-03T00:50:14.783969+00:00,True,+285.2%,True,$244708.3M,True,+50.0%,True,22371.1K,True,$272.29 / SMA $225.80,True,4.55%,True,+36.5%,False,873.9M,True,NMS,False,
MSBI,"Midland States Bancorp, Inc.",33.14,2026-10-03T00:57:54.682086+00:00,True,+132.7%,True,$687.7M,True,+86.4%,False,175.6K,True,$33.14 / SMA $33.11,False,2.35%,False,+0.4%,True,19.5M,True,NMS,False,
MSBPF,"Mitsubishi Pencil Co., Ltd.",14.66,2026-10-03T00:57:47.796668+00:00,False,+19.8%,True,$733.1M,,N/A,False,0.0K,True,$14.66 / SMA $14.66,False,0.00%,,N/A,True,46.6M,False,PNK,False,
MSCI,MSCI Inc.,535.95,2026-10-03T00:50:24.195987+00:00,False,+7.0%,True,$38963.6M,False,+19.6%,True,626.9K,False,$535.95 / SMA $560.44,False,2.12%,False,+12.2%,True,69.0M,True,NYQ,False,
MSSMY,MISUMI Group Inc.,12.34,2026-10-03T00:52:29.556403+00:00,True,+85.8%,True,$6459.6M,,N/A,False,0.4K,True,$12.34 / SMA $11.50,False,0.02%,,N/A,False,525.8M,False,PNK,False,
MT,ArcelorMittal S.A.,64.51,2026-10-03T00:50:22.918425+00:00,True,+75.8%,True,$48540.0M,False,+-62.0%,True,1451.4K,False,$64.51 / SMA $72.55,False,2.12%,False,+5.2%,False,826.4M,True,NYQ,False,
MTASF,Montana Aerospace AG,27.9,2026-10-03T00:55:59.283299+00:00,False,+8.5%,True,$1749.4M,True,+1400.0%,False,0.1K,False,$27.90 / SMA $30.61,False,0.02%,False,+19.8%,,N/A,False,PNK,False,
MTD,Mettler-Toledo International Inc.,1486.19,2026-10-03T00:50:32.534942+00:00,False,+45.3%,True,$29778.1M,False,+18.3%,False,183.5K,True,$1486.19 / SMA $1406.89,False,3.00%,False,+4.5%,True,19.9M,True,NYQ,False,
MTLPF,Metlen Energy & Metals PLC,57.3,2026-10-03T00:52:27.087297+00:00,False,+0.0%,True,$8151.0M,,N/A,False,0.0K,True,$57.30 / SMA_short $57.30,False,0.00%,,N/A,True,111.0M,False,PNK,False,
MTNOY,MTN Group Limited,11.14,2026-10-03T00:50:32.855068+00:00,False,+33.1%,True,$20413.2M,,N/A,False,26.6K,False,$11.14 / SMA $12.30,False,1.96%,,N/A,False,1356.3M,False,PNK,False,
MTRX,Matrix Service Company,10.28,2026-10-03T00:59:37.857258+00:00,False,+9.6%,False,$290.8M,True,+110.0%,False,312.5K,False,$10.28 / SMA $10.89,True,4.01%,False,+13.0%,True,27.0M,True,NMS,False,
MTUAF,MTU Aero Engines AG,423.99,2026-10-03T00:50:35.005309+00:00,False,+34.8%,True,$22840.6M,,N/A,False,2.1K,True,$423.99 / SMA $415.53,True,3.52%,,N/A,True,52.2M,False,PNK,False,
MVBF,MVB Financial Corp.,30.46,2026-10-03T00:59:40.158044+00:00,False,+27.0%,True,$395.0M,True,+520.0%,False,49.4K,True,$30.46 / SMA $30.30,False,2.53%,True,+56.8%,True,11.8M,True,NCM,False,
MVST,"Microvast Holdings, Inc.",0.6448,2026-10-03T00:59:30.835539+00:00,False,+14.9%,False,$247.9M,True,+90.9%,True,6275.9K,False,$0.64 / SMA $0.74,True,6.92%,False,+-4.5%,False,209.8M,True,NCM,False,
MXF,"The Mexico Fund, Inc.",19.93,2026-10-03T01:01:14.153590+00:00,False,+8.9%,False,$287.4M,,N/A,False,32.1K,False,$19.93 / SMA $21.36,False,2.36%,,N/A,,N/A,True,NYQ,False,
MZHOF,"Mizuho Financial Group, Inc.",54.67,2026-10-03T00:50:16.592744+00:00,True,+83.5%,True,$132334.6M,True,+49.7%,False,8.6K,True,$54.67 / SMA $53.09,False,1.13%,True,+35.7%,False,2433.1M,False,PNK,False,
NAC,Nuveen California Quality Municipal Income Fund,10.23,2026-10-03T00:55:58.639445+00:00,False,+0.4%,True,$1599.2M,,N/A,True,719.8K,False,$10.23 / SMA $11.24,False,2.11%,,N/A,,N/A,True,NYQ,False,
NAMS,NewAmsterdam Pharma Company N.V.,23.2,2026-10-03T00:52:36.633922+00:00,False,+10.4%,True,$2773.3M,False,+-253.2%,True,1323.8K,False,$23.20 / SMA $25.69,True,6.28%,False,+-80.7%,True,81.5M,True,NGM,False,
NATL,NCR Atleos Corporation,45.42,2026-10-03T00:54:13.338684+00:00,False,+36.4%,True,$3356.4M,True,+43.3%,True,675.1K,False,$45.42 / SMA $46.32,False,1.23%,False,+0.1%,True,73.4M,True,NYQ,False,
NBH,Neuberger Berman Income Funds - Neuberger Municipal Fund Inc.,9.15,2026-10-03T01:01:15.186123+00:00,False,+1.6%,False,$271.0M,,N/A,False,102.8K,False,$9.15 / SMA $9.85,False,1.79%,,N/A,,N/A,True,ASE,False,
NCLTF,"Nitori Holdings Co., Ltd.",18.23,2026-10-03T00:50:48.408069+00:00,False,+37.6%,True,$10301.0M,,N/A,False,0.1K,True,$18.23 / SMA $16.34,False,0.00%,,N/A,False,441.6M,False,PNK,False,
NDGPY,Nine Dragons Paper (Holdings) Limited,15.5,2026-10-03T00:54:09.349822+00:00,False,+24.0%,True,$3636.5M,,N/A,False,0.0K,False,$15.50 / SMA $17.66,False,0.00%,,N/A,True,76.4M,False,PNK,False,
NE,Noble Corporation plc,40.7,2026-10-03T00:50:49.747498+00:00,False,+52.5%,True,$6497.4M,False,+-185.2%,True,1333.7K,False,$40.70 / SMA $43.82,True,3.60%,False,+-15.2%,False,158.0M,True,NYQ,False,
NEO,"NeoGenomics, Inc.",18.47,2026-10-03T00:56:06.594908+00:00,True,+161.2%,True,$2405.0M,True,+105.7%,True,2338.3K,True,$18.47 / SMA $17.18,True,4.57%,False,+11.2%,True,117.0M,True,NCM,False,
NETLF,NetLink NBN Trust,0.74525,2026-10-03T00:54:15.504969+00:00,False,+0.0%,True,$2904.2M,,N/A,False,0.0K,False,$0.75 / SMA $0.77,False,0.00%,,N/A,False,2928.3M,False,PNK,False,
NEWTG,"NewtekOne, Inc. 8.50% Fixed Rate Senior Notes due 2029",25.1,2026-10-03T00:59:35.975171+00:00,False,+2.4%,,N/A,,N/A,False,2.6K,False,$25.10 / SMA $25.15,False,0.44%,,N/A,,N/A,True,NGM,False,
NGL,NGL Energy Partners LP,16.29,2026-10-03T00:54:21.537729+00:00,True,+177.0%,True,$2016.9M,True,+1100.0%,False,215.0K,False,$16.29 / SMA $16.75,True,3.75%,True,+59.1%,True,111.3M,True,NYQ,False,
NGLOY,Anglo American plc,27.66,2026-10-03T00:50:21.531263+00:00,False,+58.1%,True,$59274.7M,,N/A,False,375.9K,True,$27.66 / SMA $26.96,False,2.26%,,N/A,False,1903.6M,False,OQX,False,
NGXXF,NGEx Minerals Ltd.,17.67,2026-10-03T00:54:09.011310+00:00,False,+18.4%,True,$3831.9M,False,+10.0%,False,37.1K,False,$17.67 / SMA $19.02,True,3.51%,,N/A,True,137.3M,False,OQX,False,
NHPEF,New Hope Corporation Limited,4.38,2026-10-03T00:54:13.658627+00:00,True,+74.5%,True,$3749.7M,,N/A,False,8.0K,True,$4.38 / SMA $4.15,False,2.48%,,N/A,False,485.4M,False,PNK,False,
NICE,NICE Ltd.,113.9,2026-10-03T00:52:31.039234+00:00,False,+37.1%,True,$6656.7M,False,+-52.7%,True,560.6K,True,$113.90 / SMA $104.01,True,4.47%,False,+7.6%,False,1458.3M,True,NMS,False,
NIKA,NIKA,0.41,2026-10-03T00:59:28.691213+00:00,True,+105.0%,True,$429.9M,,N/A,False,0.1K,False,$0.41 / SMA $0.47,False,0.00%,,N/A,False,285.2M,False,OQB,False,
NKOKF,"Noritsu Koki Co., Ltd.",12.445,2026-10-03T00:56:03.056993+00:00,True,+86.7%,True,$1301.7M,,N/A,False,0.0K,True,$12.45 / SMA $12.44,False,0.00%,,N/A,True,52.2M,False,PNK,False,
NKX,Nuveen California AMT-Free Quality Municipal Income Fund,10.53,2026-10-03T00:57:51.887845+00:00,False,+0.9%,True,$593.2M,,N/A,False,185.8K,False,$10.53 / SMA $11.71,False,1.43%,,N/A,,N/A,True,NYQ,False,
NL,"NLI Holdings, Inc.",6.98,2026-10-03T00:59:39.124410+00:00,False,+38.5%,True,$341.3M,True,+1700.0%,False,34.6K,True,$6.98 / SMA $6.52,True,3.58%,False,+8.0%,True,8.3M,True,NYQ,False,
NMG,Nouveau Monde Graphite Inc.,1.18,2026-10-03T01:01:14.741465+00:00,False,+3.1%,True,$388.7M,True,+128.6%,False,433.3K,False,$1.18 / SMA $1.37,True,3.95%,,N/A,False,192.0M,True,NYQ,False,
NML,Neuberger Berman Income Funds - Neuberger Energy Infrastructure and Income Fund Inc.,10.03,2026-10-03T00:57:54.025964+00:00,False,+27.1%,True,$568.3M,,N/A,False,135.4K,False,$10.03 / SMA $10.38,False,2.32%,,N/A,,N/A,True,ASE,False,
NMRSF,"Namura Shipbuilding Co., Ltd.",30.1228,2026-10-03T00:56:00.738961+00:00,False,+36.3%,True,$2094.9M,,N/A,False,0.1K,True,$30.12 / SMA $1.91,False,0.00%,,N/A,True,49.9M,False,PNK,False,
NMZ,Nuveen Municipal High Income Opportunity Fund,8.95,2026-10-03T00:54:22.009746+00:00,False,+2.9%,True,$1927.5M,,N/A,True,876.0K,False,$8.95 / SMA $9.72,False,1.80%,,N/A,,N/A,True,NYQ,False,
NNDM,Nano Dimension Ltd.,1.63,2026-10-03T00:59:38.807461+00:00,False,+37.0%,True,$343.7M,True,+96.4%,True,2086.8K,True,$1.63 / SMA $1.56,False,2.92%,False,+12.1%,False,201.6M,True,NCM,False,
NOA,North American Construction Group Ltd.,12.18,2026-10-03T00:59:34.031106+00:00,False,+2.3%,True,$327.8M,False,+3.0%,False,98.3K,False,$12.18 / SMA $13.36,False,2.54%,True,+25.1%,True,24.0M,True,NYQ,False,
NOG,"Northern Oil and Gas, Inc.",23.83,2026-10-03T00:54:19.479675+00:00,False,+38.7%,True,$2539.1M,True,+119.0%,True,2507.4K,True,$23.83 / SMA $23.71,True,3.27%,False,+16.8%,True,103.0M,True,NYQ,False,
NONOF,Novo Nordisk A/S,37.14,2026-10-03T00:50:14.352378+00:00,False,+9.2%,True,$163994.6M,False,+-20.5%,False,98.0K,False,$37.14 / SMA $44.39,True,4.40%,False,+2.1%,False,3173.0M,False,PNK,False,
NOW,"ServiceNow, Inc.",134.38,2026-10-03T00:50:17.059072+00:00,False,+65.4%,True,$138930.4M,False,+-21.2%,True,18356.7K,True,$134.38 / SMA $129.08,True,3.81%,False,+24.0%,False,1031.3M,True,NYQ,False,
NPACU,New Providence Acquisition Corp. III,10.59,2026-10-03T00:59:35.124656+00:00,False,+3.0%,,N/A,,N/A,False,1.3K,True,$10.59 / SMA $10.51,False,0.00%,,N/A,True,28.1M,True,NGM,False,
NPKYY,"Nippon Kayaku Co., Ltd.",13.16,2026-10-03T00:55:57.396568+00:00,False,+55.6%,True,$1897.4M,,N/A,False,0.0K,True,$13.16 / SMA $13.16,False,0.00%,,N/A,,N/A,False,PNK,False,
NPPXF,"NTT, Inc.",1.06,2026-10-03T00:50:18.811887+00:00,False,+24.7%,True,$85789.0M,,N/A,False,76.8K,True,$1.06 / SMA $1.00,True,3.00%,,N/A,False,49592.5M,False,PNK,False,
NPWR,NET Power Inc.,1.39,2026-10-03T00:59:33.610690+00:00,False,+3.0%,False,$123.0M,False,+-152.8%,True,759.0K,False,$1.39 / SMA $1.68,True,5.70%,,N/A,True,46.3M,True,NYQ,False,
NRKBF,NKT A/S,138.1,2026-10-03T00:50:47.887245+00:00,False,+36.7%,True,$7381.5M,False,+-2.1%,False,0.0K,False,$138.10 / SMA $152.68,False,0.00%,False,+0.2%,True,50.9M,False,PNK,False,
NSA,NSA,,2026-10-03T00:52:29.707972+00:00,False,N/A,False,N/A,False,N/A,False,N/A,False,N/A,False,N/A,False,N/A,False,N/A,False,Unknown,False,No price data available
NSP,"Insperity, Inc.",46.48,2026-10-03T00:56:06.369912+00:00,True,+150.3%,True,$1775.3M,True,+171.4%,True,509.5K,False,$46.48 / SMA $50.60,True,4.08%,False,+1.7%,True,35.8M,True,NYQ,False,
NSRGY,Nestlé S.A.,90.24,2026-10-03T00:50:13.870444+00:00,False,+0.8%,True,$232117.1M,,N/A,False,390.4K,False,$90.24 / SMA $96.89,False,1.05%,,N/A,False,2570.9M,False,OID,False,
NTCT,"NetScout Systems, Inc.",40.96,2026-10-03T00:54:16.078119+00:00,False,+62.5%,True,$2978.1M,True,+680.0%,True,610.4K,True,$40.96 / SMA $38.97,False,2.42%,False,+12.7%,True,69.0M,True,NMS,False,
NTRS,Northern Trust Corporation,171.4,2026-10-03T00:50:28.127696+00:00,False,+41.5%,True,$31358.6M,True,+98.6%,True,1042.5K,False,$171.40 / SMA $182.09,False,2.21%,False,+8.7%,False,179.8M,True,NMS,False,
NUFMF,Nufarm Limited,2.13,2026-10-03T00:57:50.285601+00:00,True,+115.2%,True,$818.5M,,N/A,False,0.5K,True,$2.13 / SMA $2.10,False,0.52%,,N/A,False,378.9M,False,OQX,False,
NURAF,"Nomura Research Institute, Ltd.",32.11,2026-10-03T00:50:36.620952+00:00,False,+37.5%,True,$17984.8M,,N/A,False,0.1K,True,$32.11 / SMA $-7.03,,N/A,,N/A,False,384.9M,False,PNK,False,
NUTX,Nutex Health Inc.,216.5,2026-10-03T00:57:47.788982+00:00,True,+157.8%,True,$1482.6M,True,+418.0%,False,147.7K,True,$216.50 / SMA $187.10,True,5.35%,False,+-13.6%,True,4.1M,True,NCM,False,
NUVB,Nuvation Bio Inc.,5.14,2026-10-03T00:56:00.721367+00:00,False,+53.0%,True,$1804.8M,False,+-5.9%,True,5519.1K,False,$5.14 / SMA $6.37,True,4.42%,True,+555.6%,False,263.6M,True,NYQ,False,
NUVL,Nuvalent Inc,123.96,2026-10-03T00:50:50.528861+00:00,True,+74.3%,True,$9792.6M,,N/A,True,2330.0K,True,$123.96 / SMA_short $123.96,,N/A,,N/A,True,49.1M,True,NGM,False,
NVDA,NVIDIA Corporation,233.95,2026-10-03T00:50:12.880410+00:00,False,+42.4%,True,$5649190.6M,True,+127.8%,True,122420.4K,True,$233.95 / SMA $217.80,False,2.04%,True,+105.9%,False,23132.6M,True,NMS,False,
NVO,Novo Nordisk A/S,37.32,2026-10-03T00:50:14.429856+00:00,False,+6.3%,True,$164789.5M,False,+-20.5%,True,12379.3K,False,$37.32 / SMA $44.63,False,2.08%,False,+2.1%,False,3173.0M,True,NYQ,False,
NWE,"NorthWestern Energy Group, Inc.",69.27,2026-10-03T00:52:34.868737+00:00,False,+21.6%,True,$4261.3M,False,+14.3%,False,399.7K,False,$69.27 / SMA $69.84,False,2.08%,False,+14.6%,True,61.1M,True,NMS,False,
NWL,Newell Brands Inc.,5.4,2026-10-03T00:56:02.213720+00:00,True,+75.9%,True,$2299.9M,True,+127.3%,True,7949.9K,False,$5.40 / SMA $5.78,True,4.35%,False,+3.0%,False,391.1M,True,NMS,False,
NXPRF,Nexans S.A.,155.11,2026-10-03T00:50:50.629303+00:00,False,+13.4%,True,$6765.7M,,N/A,False,0.1K,False,$155.11 / SMA $158.13,False,0.13%,,N/A,True,37.9M,False,PNK,False,
NXSNF,"NextVision Stabilized Systems, Ltd.",76.5,2026-10-03T00:50:47.355474+00:00,True,+73.9%,True,$7079.7M,True,+105.5%,False,0.2K,True,$76.50 / SMA $74.43,False,0.15%,True,+137.7%,True,77.1M,False,PNK,False,
O,Realty Income Corporation,54.13,2026-10-03T00:50:21.047403+00:00,False,+1.5%,True,$51218.8M,True,+68.2%,True,6358.6K,False,$54.13 / SMA $60.28,False,1.51%,False,+6.6%,False,944.1M,True,NYQ,False,
OCDDY,Ocado Group plc,6.92,2026-10-03T00:54:21.095905+00:00,True,+74.7%,True,$2894.6M,,N/A,False,9.9K,True,$6.92 / SMA $6.03,False,1.27%,,N/A,False,270.3M,False,PNK,False,
OCFC,OceanFirst Financial Corp.,16.78,2026-10-03T00:57:40.807243+00:00,False,+3.8%,True,$1621.7M,False,+-114.3%,True,968.4K,False,$16.78 / SMA $18.69,False,2.20%,True,+32.6%,True,84.5M,True,NMS,False,
OCPNF,Olympus Corporation,12.13,2026-10-03T00:50:41.975050+00:00,False,+51.6%,True,$12892.4M,,N/A,False,0.7K,False,$12.13 / SMA $12.46,False,0.00%,,N/A,False,1062.4M,False,PNK,False,
OCSL,Oaktree Specialty Lending Corporation,11.905,2026-10-03T00:57:43.070311+00:00,False,+12.0%,True,$1048.7M,False,+-20.5%,False,491.2K,False,$11.90 / SMA $12.31,False,1.79%,False,+-5.1%,,N/A,True,NMS,False,
ODFL,"Old Dominion Freight Line, Inc.",180.48,2026-10-03T00:50:23.878424+00:00,False,+43.2%,True,$37423.7M,True,+32.3%,True,1715.5K,False,$180.48 / SMA $196.72,False,2.85%,False,+10.4%,False,185.7M,True,NMS,False,
OGC,OceanaGold Corporation,27.11,2026-10-03T00:52:26.774299+00:00,False,+34.3%,True,$6030.6M,True,+102.0%,True,549.7K,False,$27.11 / SMA $28.28,True,3.43%,True,+49.7%,False,221.5M,True,NYQ,False,
OGCP,"Empire State Realty OP, L.P.",3.9,2026-10-03T00:56:02.174266+00:00,False,+3.7%,True,$1092.8M,False,+-475.0%,False,1.1K,False,$3.90 / SMA $4.51,False,0.38%,False,+3.0%,True,22.5M,True,PCX,False,
OGS,"ONE Gas, Inc.",72.57,2026-10-03T00:52:31.750225+00:00,False,+3.1%,True,$4561.5M,True,+39.6%,True,540.9K,False,$72.57 / SMA $77.83,False,1.85%,False,+-2.9%,True,62.2M,True,NYQ,False,
OKLO,Oklo Inc.,35.87,2026-10-03T00:50:43.370497+00:00,False,+4.3%,True,$6672.5M,False,+-55.6%,True,9491.7K,False,$35.87 / SMA $40.70,True,5.23%,,N/A,True,149.5M,True,NYQ,False,
OKTA,"Okta, Inc.",211.49,2026-10-03T00:50:37.157613+00:00,True,+237.5%,True,$36972.9M,True,+75.7%,True,3503.0K,True,$211.49 / SMA $163.80,True,5.07%,False,+10.6%,False,166.7M,True,NMS,False,
OLED,Universal Display Corporation,80.37,2026-10-03T00:52:35.081840+00:00,False,+9.8%,True,$3694.4M,False,+-24.8%,True,746.9K,False,$80.37 / SMA $82.17,True,3.61%,False,+-11.4%,True,42.1M,True,NMS,False,
OLN,Olin Corporation,15.9,2026-10-03T00:54:15.788685+00:00,False,+6.4%,True,$1812.3M,False,+-1100.0%,True,2984.3K,False,$15.90 / SMA $17.95,True,3.71%,False,+-0.9%,True,107.6M,True,NYQ,False,
OMCL,"Omnicell, Inc.",33.6,2026-10-03T00:55:55.189746+00:00,False,+15.6%,True,$1532.7M,True,+333.3%,True,688.9K,False,$33.60 / SMA $35.27,False,2.89%,False,+7.4%,True,44.4M,True,NMS,False,
OMRNY,OMRON Corporation,41.22,2026-10-03T00:52:25.983262+00:00,True,+77.4%,True,$8105.1M,,N/A,False,20.4K,True,$41.22 / SMA $39.44,False,1.44%,,N/A,False,192.6M,False,PNK,False,
OMVJF,OMV Aktiengesellschaft,81.95,2026-10-03T00:50:31.087814+00:00,False,+63.2%,True,$26727.5M,True,+268.2%,False,0.2K,True,$81.95 / SMA $77.30,False,0.06%,True,+29.6%,True,141.1M,False,OQX,False,
OMVKY,OMV Aktiengesellschaft,19.96,2026-10-03T00:50:31.402659+00:00,False,+59.4%,True,$26039.4M,True,+268.2%,False,22.5K,True,$19.96 / SMA $19.65,False,1.04%,True,+29.6%,True,141.1M,False,OQX,False,
ONDS,Ondas Inc.,7.24,2026-10-03T00:52:34.642490+00:00,False,+46.3%,True,$4215.9M,False,+-137.5%,True,80648.2K,False,$7.24 / SMA $8.01,True,4.87%,True,+1235.4%,False,533.4M,True,NCM,False,
OPAL,OPAL Fuels Inc.,1.74,2026-10-03T00:59:36.797982+00:00,False,+5.5%,True,$304.0M,False,+-266.7%,False,257.5K,False,$1.74 / SMA $2.07,True,5.73%,False,+3.7%,True,16.9M,True,NCM,False,
OPMXF,"Operadora de Sites Mexicanos, S.A.B. de C.V.",0.9,2026-10-03T00:54:15.979116+00:00,False,+27.9%,True,$2621.7M,True,+58.3%,False,3.3K,False,$0.90 / SMA $0.97,False,0.76%,False,+3.5%,False,2914.5M,False,PNK,False,
OPTU,OPTU,0.9158,2026-10-03T01:01:14.295348+00:00,False,+57.1%,True,$349.3M,False,+-219.0%,True,3700.1K,False,$0.92 / SMA $0.93,True,7.74%,False,+-5.8%,False,277.6M,True,NYQ,False,
OPY,Oppenheimer Holdings Inc.,120.13,2026-10-03T00:57:44.127702+00:00,True,+88.3%,True,$1286.4M,False,+24.6%,False,122.8K,True,$120.13 / SMA $116.37,True,4.22%,False,+21.9%,True,6.1M,True,NYQ,False,
ORANY,Orange S.A.,15.76,2026-10-03T00:50:21.149214+00:00,False,+2.6%,True,$41886.5M,,N/A,False,212.8K,False,$15.76 / SMA $17.96,False,1.14%,False,+9.2%,False,1919.6M,False,PNK,False,
ORC,"Orchid Island Capital, Inc.",5.11,2026-10-03T00:56:04.208879+00:00,False,+2.4%,True,$1008.8M,True,+251.7%,True,4951.9K,False,$5.11 / SMA $6.20,False,2.50%,True,+435.7%,False,199.2M,True,NYQ,False,
ORGO,Organogenesis Holdings Inc.,1.33,2026-10-03T00:59:39.173386+00:00,False,+0.8%,False,$171.1M,False,+-670.0%,True,755.4K,False,$1.33 / SMA $1.78,True,4.84%,False,+-57.5%,True,61.1M,True,NCM,False,
ORKLY,Orkla ASA,9.52,2026-10-03T00:50:43.646888+00:00,False,+1.3%,True,$9133.1M,False,+-72.7%,False,113.3K,False,$9.52 / SMA $10.32,False,1.04%,False,+-5.4%,False,648.8M,False,PNK,False,
ORZCF,Orezone Gold Corporation,2.29,2026-10-03T00:56:07.512164+00:00,True,+157.3%,True,$1530.0M,True,+100.0%,False,199.9K,True,$2.29 / SMA $1.98,True,3.18%,True,+187.4%,False,465.4M,False,OQX,False,
OSIS,"OSI Systems, Inc.",196.78,2026-10-03T00:54:11.375190+00:00,False,+5.5%,True,$3137.1M,False,+7.9%,False,234.6K,False,$196.78 / SMA $212.01,True,3.09%,False,+-4.1%,True,15.0M,True,NMS,False,
OSW,OneSpaWorld Holdings Limited,23.62,2026-10-03T00:54:19.974715+00:00,False,+23.9%,True,$2397.4M,False,+21.1%,True,926.5K,False,$23.62 / SMA $24.50,True,3.07%,False,+8.5%,True,98.8M,True,NCM,False,
OUTKY,Outokumpu Oyj,3.18,2026-10-03T00:54:14.515630+00:00,False,+67.4%,True,$2998.0M,True,+225.0%,False,0.4K,True,$3.18 / SMA $3.16,False,0.02%,False,+3.8%,False,775.5M,False,PNK,False,
OVHFF,OVH Groupe S.A.,19.59,2026-10-03T00:54:22.561995+00:00,True,+134.9%,True,$2963.8M,,N/A,False,0.5K,True,$19.59 / SMA $17.10,False,0.00%,,N/A,True,26.5M,False,PNK,False,
OWL,Blue Owl Capital Inc.,9.08,2026-10-03T00:50:37.752133+00:00,False,+14.2%,True,$14229.8M,False,+0.0%,True,18618.0K,False,$9.08 / SMA $10.81,True,3.77%,False,+7.1%,False,648.5M,True,NYQ,False,
PAG,"Penske Automotive Group, Inc.",204.03,2026-10-03T00:50:44.367229+00:00,False,+45.6%,True,$13397.2M,False,+4.8%,False,413.4K,False,$204.03 / SMA $215.06,False,1.56%,False,+6.0%,True,17.5M,True,NYQ,False,
PAKTY,PT Map Aktif Adiperkasa Tbk,1.23,2026-10-03T00:57:45.675195+00:00,False,+69.7%,True,$1753.0M,,N/A,False,0.0K,False,$1.23 / SMA $1.23,False,0.00%,False,+15.5%,False,437.5M,False,PNK,False,
PARXF,Parex Resources Inc.,18.56,2026-10-03T00:55:58.739287+00:00,False,+52.1%,True,$1785.1M,True,+462.2%,False,174.3K,False,$18.56 / SMA $19.03,False,2.21%,True,+74.9%,True,95.4M,False,PNK,False,
PAX,Patria Investments Limited,10.21,2026-10-03T00:55:59.235358+00:00,False,+3.2%,True,$1647.8M,False,+-86.3%,True,1059.5K,False,$10.21 / SMA $10.90,False,2.52%,False,+22.0%,True,60.8M,True,NMS,False,
PB,"Prosperity Bancshares, Inc.",67.38,2026-10-03T00:52:25.092496+00:00,False,+10.3%,True,$8097.5M,False,+17.6%,True,1048.4K,False,$67.38 / SMA $71.48,False,1.78%,True,+25.6%,True,109.5M,True,NYQ,False,
PBCRF,PT Bank Central Asia Tbk,0.349,2026-10-03T00:50:25.287718+00:00,False,+29.3%,True,$42883.8M,,N/A,False,4.7K,False,$0.35 / SMA $0.36,False,0.00%,False,+4.4%,False,48199.4M,False,PNK,False,
PBF,PBF Energy Inc.,80.78,2026-10-03T00:52:33.413151+00:00,True,+215.3%,True,$9575.4M,,N/A,True,3342.6K,True,$80.78 / SMA $71.42,True,6.10%,True,+56.2%,True,102.1M,True,NYQ,True,
PBH,Prestige Consumer Healthcare Inc.,45.26,2026-10-03T00:54:21.231825+00:00,False,+6.2%,True,$2144.2M,False,+-35.8%,True,542.5K,False,$45.26 / SMA $50.00,True,3.14%,False,+6.5%,True,46.7M,True,NYQ,False,
PCFBY,Pacific Basin Shipping Limited,10.04,2026-10-03T00:55:56.792769+00:00,True,+83.9%,True,$2587.0M,,N/A,False,0.8K,True,$10.04 / SMA $9.57,False,0.30%,,N/A,False,201.0M,False,PNK,False,
PCG,PG&E Corporation,12.32,2026-10-03T00:50:25.909154+00:00,False,+4.7%,True,$36989.2M,True,+37.5%,True,35777.2K,False,$12.32 / SMA $15.48,True,3.43%,False,+0.1%,False,2082.4M,True,NYQ,False,
PCN,PIMCO Corporate & Income Strategy Fund,10.87,2026-10-03T00:57:46.983630+00:00,False,+4.1%,True,$822.8M,,N/A,False,414.7K,False,$10.87 / SMA $11.37,False,1.39%,,N/A,,N/A,True,NYQ,False,
PCOR,"Procore Technologies, Inc.",50.95,2026-10-03T00:52:24.317509+00:00,False,+34.0%,True,$7742.1M,True,+178.6%,True,3084.3K,False,$50.95 / SMA $55.69,True,4.10%,False,+15.8%,True,136.4M,True,NYQ,False,
PCRHY,Panasonic Holdings Corporation,29.55,2026-10-03T00:50:22.018867+00:00,True,+174.6%,True,$68997.0M,,N/A,False,379.5K,True,$29.55 / SMA $27.37,False,2.68%,,N/A,False,2296.2M,False,PNK,False,
PCRX,"Pacira BioSciences, Inc.",25.21,2026-10-03T00:57:45.731841+00:00,False,+34.1%,True,$992.0M,True,+209.1%,True,578.8K,False,$25.21 / SMA $25.26,True,3.13%,False,+6.2%,True,36.2M,True,NMS,False,
PDD,PDD Holdings Inc.,75.38,2026-10-03T00:50:15.788440+00:00,False,+4.8%,True,$107295.6M,False,+-11.2%,True,6470.7K,False,$75.38 / SMA $83.94,False,1.95%,False,+8.1%,False,753.9M,True,NMS,False,
PECO,"Phillips Edison & Company, Inc.",37.76,2026-10-03T00:52:30.190419+00:00,False,+14.5%,True,$5330.6M,True,+230.0%,True,911.7K,False,$37.76 / SMA $39.36,False,1.60%,False,+6.7%,True,127.9M,True,NMS,False,
PEGRF,Pennon Group Plc,5.748,2026-10-03T00:54:14.126004+00:00,False,+0.0%,True,$2711.5M,,N/A,False,0.1K,False,$5.75 / SMA $6.33,False,0.06%,,N/A,False,470.2M,False,PNK,False,
PFG,"Principal Financial Group, Inc.",111.96,2026-10-03T00:50:32.363064+00:00,False,+43.7%,True,$23971.2M,False,+2.8%,True,1380.5K,False,$111.96 / SMA $113.27,False,2.21%,False,+6.4%,False,212.8M,True,NMS,False,
PFS,"Provident Financial Services, Inc.",22.58,2026-10-03T00:54:16.580958+00:00,False,+27.6%,True,$2944.9M,False,+9.1%,True,899.8K,False,$22.58 / SMA $23.62,False,1.77%,False,+9.6%,True,126.3M,True,NYQ,False,
PFSTY,PFISTERER Holding SE,12.0,2026-10-03T00:54:22.510820+00:00,False,+0.0%,False,$217.1M,,N/A,False,0.0K,True,$12.00 / SMA_short $12.00,False,0.00%,False,+14.4%,True,89.4M,False,PNK,False,
PGNY,"Progyny, Inc.",25.23,2026-10-03T00:55:56.985868+00:00,False,+56.7%,True,$1935.8M,True,+78.9%,True,1154.0K,False,$25.23 / SMA $27.28,False,2.82%,False,+5.3%,True,70.2M,True,NMS,False,
PGPEF,Publicis Groupe S.A.,108.7,2026-10-03T00:50:31.229086+00:00,False,+32.5%,True,$27144.7M,,N/A,False,4.1K,False,$108.70 / SMA $111.96,False,0.00%,,N/A,False,217.1M,False,OQX,False,
PHG,Koninklijke Philips N.V.,23.92,2026-10-03T00:50:30.247409+00:00,False,+0.9%,True,$23380.1M,True,+60.0%,True,975.8K,False,$23.92 / SMA $25.97,False,1.31%,False,+0.5%,False,976.6M,True,NYQ,False,
PHIG,"PHI Group, Inc.",30.05,2026-10-03T00:57:49.345574+00:00,False,+20.2%,True,$730.5M,,N/A,False,4.0K,False,$30.05 / SMA $31.10,False,0.01%,,N/A,True,24.2M,False,PNK,False,
PHK,PIMCO High Income Fund,4.15,2026-10-03T00:57:47.319187+00:00,False,+2.7%,True,$776.8M,,N/A,True,1139.7K,False,$4.15 / SMA $4.42,False,1.73%,,N/A,,N/A,True,NYQ,False,
PINE,"Alpine Income Property Trust, Inc.",17.68,2026-10-03T01:01:14.340834+00:00,False,+35.0%,True,$338.7M,True,+233.3%,False,144.3K,False,$17.68 / SMA $18.86,False,2.39%,True,+34.6%,True,16.3M,True,NYQ,False,
PL,Planet Labs PBC,17.5,2026-10-03T00:50:38.100811+00:00,False,+66.3%,True,$6367.3M,True,+57.1%,True,8676.7K,False,$17.50 / SMA $19.85,True,6.00%,True,+58.1%,False,302.2M,True,NYQ,False,
PLOW,"Douglas Dynamics, Inc.",40.51,2026-10-03T00:57:43.594752+00:00,False,+42.0%,True,$934.9M,False,+-1.8%,False,260.3K,False,$40.51 / SMA $41.46,False,2.39%,False,+10.5%,True,22.6M,True,NYQ,False,
PM,Philip Morris International Inc.,187.46,2026-10-03T00:50:13.793235+00:00,False,+31.9%,True,$292177.7M,False,+-7.7%,True,4647.8K,False,$187.46 / SMA $190.03,False,2.22%,False,+10.4%,False,1554.7M,True,NYQ,False,
PMCUF,Pro Medicus Limited,114.05,2026-10-03T00:50:46.493661+00:00,False,+53.0%,True,$12477.0M,,N/A,False,0.2K,False,$114.05 / SMA $121.29,False,0.77%,,N/A,True,53.3M,False,PNK,False,
PMETF,PMET Resources Inc.,3.0,2026-10-03T00:57:46.513679+00:00,False,+38.2%,True,$557.8M,False,+0.0%,False,34.8K,False,$3.00 / SMA $3.26,False,2.64%,,N/A,False,166.7M,False,OQX,False,
PMMAF,PUMA SE,23.6,2026-10-03T00:52:33.271694+00:00,False,+35.6%,True,$3506.0M,,N/A,False,0.1K,False,$23.60 / SMA $28.95,False,0.30%,False,+-15.0%,True,97.8M,False,PNK,False,
PMNXF,Perseus Mining Limited,4.74,2026-10-03T00:52:32.184831+00:00,True,+47300.0%,True,$6290.6M,,N/A,False,13.9K,True,$4.74 / SMA $4.25,False,0.98%,,N/A,False,1325.3M,False,PNK,False,
PODD,Insulet Corporation,131.69,2026-10-03T00:50:44.547937+00:00,False,+4.2%,True,$9133.3M,True,+328.1%,True,1633.4K,False,$131.69 / SMA $145.51,True,3.29%,False,+23.5%,True,69.1M,True,NMS,False,
POOL,Pool Corporation,161.42,2026-10-03T00:52:26.111887+00:00,False,+1.9%,True,$5866.1M,False,+0.0%,True,778.8K,False,$161.42 / SMA $182.79,False,2.75%,False,+2.2%,True,35.1M,True,NMS,False,
POPMF,Pop Mart International Group Limited,18.1,2026-10-03T00:50:30.569219+00:00,False,+8.4%,,N/A,,N/A,False,1.2K,False,$18.10 / SMA_short $19.44,,N/A,,N/A,False,652.0M,False,PNK,False,
PPAAF,PT Perusahaan Gas Negara (Persero) Tbk,0.08334,2026-10-03T00:54:19.177219+00:00,False,+8.8%,True,$2020.3M,True,+42.3%,False,0.3K,False,$0.08 / SMA $0.08,False,0.00%,False,+-3.8%,False,10427.5M,False,PNK,False,
PPERY,PT Bank Mandiri (Persero) Tbk,8.92,2026-10-03T00:50:33.383761+00:00,False,+8.8%,True,$20813.3M,,N/A,False,92.5K,False,$8.92 / SMA $9.31,False,1.79%,False,+-5.3%,False,943.0M,False,PNK,False,
PPL,PPL Corporation,32.8,2026-10-03T00:50:29.732811+00:00,False,+3.9%,True,$24683.5M,False,+20.0%,True,7496.6K,False,$32.80 / SMA $34.28,False,1.49%,False,+4.2%,False,750.4M,True,NYQ,False,
PPLFF,PT Perusahaan Perkebunan London Sumatra Indonesia Tbk,0.08588,2026-10-03T00:57:54.407544+00:00,False,+17.6%,True,$585.7M,,N/A,False,0.0K,True,$0.09 / SMA $0.09,False,0.00%,False,+5.7%,False,2753.8M,False,PNK,False,
PPTA,Perpetua Resources Corp.,20.38,2026-10-03T00:54:14.084261+00:00,False,+24.0%,True,$2549.5M,False,+-875.0%,True,1096.1K,False,$20.38 / SMA $23.21,True,3.83%,,N/A,True,83.9M,True,NCM,False,
PPTDF,PeptiDream Inc.,7.29,2026-10-03T00:57:45.833084+00:00,False,+24.0%,True,$937.3M,,N/A,False,0.4K,True,$7.29 / SMA $6.60,False,0.27%,,N/A,True,95.4M,False,PNK,False,
PRA,PRA,,2026-10-03T00:56:05.630184+00:00,False,N/A,False,N/A,False,N/A,False,N/A,False,N/A,False,N/A,False,N/A,False,N/A,False,Unknown,False,No price data available
PRDSY,Prada S.p.A.,9.44,2026-10-03T00:50:42.544661+00:00,False,+6.1%,True,$12141.5M,,N/A,False,11.4K,False,$9.44 / SMA $10.20,False,1.65%,,N/A,False,256.2M,False,PNK,False,
PREKF,PrairieSky Royalty Ltd.,23.32,2026-10-03T00:52:28.991754+00:00,False,+36.5%,True,$5420.6M,True,+64.0%,False,51.0K,False,$23.32 / SMA $24.95,False,1.93%,True,+39.0%,False,230.7M,False,PNK,False,
PRKS,United Parks & Resorts Inc.,32.46,2026-10-03T00:55:59.773082+00:00,False,+12.8%,True,$1471.8M,False,+-7.6%,True,655.6K,False,$32.46 / SMA $40.66,True,4.27%,False,+-1.4%,True,17.2M,True,NYQ,False,
PRNDY,Pernod Ricard SA,13.2,2026-10-03T00:50:34.941280+00:00,False,+0.7%,True,$16619.7M,,N/A,True,686.8K,False,$13.20 / SMA $14.78,False,1.31%,,N/A,False,950.4M,False,PNK,False,
PRTA,Prothena Corporation plc,8.36,2026-10-03T00:59:29.820805+00:00,False,+8.2%,True,$429.2M,True,+84.6%,False,470.3K,False,$8.36 / SMA $8.89,True,4.29%,False,+-77.1%,True,34.8M,True,NMS,False,
PSNL,"Personalis, Inc.",16.28,2026-10-03T00:57:46.395640+00:00,True,+228.6%,True,$1737.9M,False,+-30.4%,True,3647.9K,True,$16.28 / SMA $15.38,False,2.74%,True,+30.0%,True,86.4M,True,NGM,False,
PSPSF,PSP Swiss Property AG,171.11,2026-10-03T00:50:48.779095+00:00,False,+2.9%,True,$7900.9M,True,+28.1%,False,0.0K,False,$171.11 / SMA $179.26,False,0.12%,True,+171.8%,True,45.6M,False,PNK,False,
PSX,Phillips 66,264.58,2026-10-03T00:50:19.543117+00:00,True,+108.8%,True,$105573.0M,True,+344.2%,True,2901.1K,True,$264.58 / SMA $239.76,True,3.31%,True,+53.1%,False,398.1M,True,NYQ,False,
PSZKY,Powszechna Kasa Oszczednosci Bank Polski Spólka Akcyjna,30.5,2026-10-03T00:50:26.550352+00:00,True,+72.9%,True,$38125.0M,False,+3.8%,False,35.9K,False,$30.50 / SMA $30.91,True,5.00%,False,+2.0%,False,880.8M,False,PNK,False,
PTOR,Praetorian Acquisition Corp.,9.96,2026-10-03T00:59:39.737564+00:00,False,+1.9%,True,$421.9M,,N/A,False,36.1K,False,$9.96 / SMA $9.97,False,0.08%,,N/A,True,23.7M,True,NGM,False,
PURR,Hyperliquid Strategies Inc.,11.89,2026-10-03T00:57:43.137707+00:00,True,+295.0%,True,$2352.3M,,N/A,True,17965.1K,True,$11.89 / SMA $10.04,True,8.40%,,N/A,False,195.4M,True,NCM,False,
PUTRY,PTT Public Company Limited,6.18,2026-10-03T00:50:27.561006+00:00,False,+32.6%,True,$35008.9M,True,+143.4%,False,0.1K,True,$6.18 / SMA $5.96,False,0.00%,False,+22.7%,False,2601.7M,False,PNK,False,
PVLA,"Palvella Therapeutics, Inc.",132.47,2026-10-03T00:56:00.882726+00:00,True,+114.6%,True,$1908.7M,False,+-76.7%,False,208.2K,False,$132.47 / SMA $149.05,True,4.17%,,N/A,True,10.7M,True,NGM,False,
PWCDF,Power Corporation of Canada,63.26,2026-10-03T00:50:25.696460+00:00,False,+54.3%,True,$39710.0M,False,+-9.2%,False,216.4K,False,$63.26 / SMA $66.26,False,2.15%,True,+29.6%,False,578.9M,False,PNK,False,
PWR,"Quanta Services, Inc.",676.56,2026-10-03T00:50:16.963002+00:00,False,+67.3%,True,$101716.3M,True,+94.7%,True,1020.8K,True,$676.56 / SMA $642.25,True,3.17%,True,+41.1%,True,149.0M,True,NYQ,False,
PXED,"Phoenix Education Partners, Inc.",25.11,2026-10-03T00:57:43.679748+00:00,False,+6.8%,True,$905.1M,False,+-33.2%,False,107.3K,False,$25.11 / SMA $27.80,True,3.66%,False,+0.0%,True,5.8M,True,NYQ,False,
PZAKY,Powszechny Zaklad Ubezpieczen SA,19.46,2026-10-03T00:50:38.394192+00:00,False,+27.6%,True,$17983.5M,False,+12.4%,False,0.1K,False,$19.46 / SMA $19.51,False,1.09%,False,+2.0%,False,568.0M,False,PNK,False,
QDEL,QuidelOrtho Corporation,10.77,2026-10-03T00:57:48.080810+00:00,False,+8.6%,True,$738.6M,True,+63.9%,True,1405.7K,False,$10.77 / SMA $13.65,True,5.60%,False,+2.8%,True,61.2M,True,NMS,False,
QFIN,"Qfin Holdings, Inc.",6.46,2026-10-03T00:56:02.506403+00:00,False,+3.4%,True,$785.4M,False,+-74.3%,True,2024.8K,False,$6.46 / SMA $9.90,True,3.57%,False,+-39.7%,True,91.3M,True,NMS,False,
QNTQY,QinetiQ Group plc,26.16,2026-10-03T00:54:13.264562+00:00,False,+22.7%,True,$3336.0M,,N/A,False,1.3K,False,$26.16 / SMA $27.58,False,0.47%,,N/A,True,105.2M,False,PNK,False,
QXO,"QXO, Inc.",12.06,2026-10-03T00:50:42.471734+00:00,False,+8.3%,True,$12512.1M,False,+6.7%,True,20499.6K,False,$12.06 / SMA $13.38,True,4.32%,True,+70.3%,False,1035.0M,True,NYQ,False,
RADLY,Raia Drogasil S.A.,3.76,2026-10-03T00:52:27.279208+00:00,False,+21.3%,True,$6574.5M,False,+14.4%,False,101.4K,True,$3.76 / SMA $3.67,False,2.59%,False,+9.8%,False,1310.5M,False,PNK,False,
RAIFF,Raiffeisen Bank International AG,76.75,2026-10-03T00:50:35.971056+00:00,True,+139.8%,True,$25199.9M,True,+241.1%,False,0.0K,True,$76.75 / SMA $71.96,False,0.00%,False,+-1.5%,True,127.2M,False,PNK,False,
RAIFY,Raiffeisen Bank International AG,15.24,2026-10-03T00:50:35.840926+00:00,True,+84.7%,True,$20015.5M,,N/A,False,25.9K,False,$15.24 / SMA $17.94,True,4.29%,False,+-1.5%,False,508.9M,False,PNK,False,
RBA,"RB Global, Inc.",81.88,2026-10-03T00:50:34.554162+00:00,False,+4.9%,True,$15254.2M,True,+34.0%,True,1664.5K,False,$81.88 / SMA $89.37,False,2.38%,False,+11.1%,False,175.2M,True,NYQ,False,
RBGLY,Reckitt Benckiser Group plc,13.18,2026-10-03T00:50:24.832011+00:00,False,+9.7%,True,$41774.7M,,N/A,True,502.7K,False,$13.18 / SMA $13.78,False,1.50%,,N/A,False,3150.7M,False,OQX,False,
RBGPF,Reckitt Benckiser Group plc,65.0,2026-10-03T00:50:24.749749+00:00,False,+10.8%,True,$41204.1M,,N/A,False,1.0K,False,$65.00 / SMA $68.91,False,0.37%,,N/A,False,630.1M,False,OQX,False,
RBSFY,Rubis,7.78,2026-10-03T00:52:35.506380+00:00,False,+19.0%,True,$4020.6M,,N/A,False,0.4K,False,$7.78 / SMA $7.95,False,0.21%,,N/A,False,378.6M,False,PNK,False,
RBTEF,Robertet SA,862.69,2026-10-03T00:55:58.322412+00:00,False,+0.0%,True,$1809.9M,,N/A,False,0.0K,False,$862.69 / SMA $899.34,False,0.00%,,N/A,True,1.3M,False,PNK,False,
RDN,Radian Group Inc.,32.57,2026-10-03T00:52:33.327637+00:00,False,+6.7%,True,$4309.1M,False,+-16.7%,True,1270.3K,False,$32.57 / SMA $36.13,False,2.42%,True,+92.6%,True,130.0M,True,NYQ,False,
REEMF,Rare Element Resources Ltd.,0.77,2026-10-03T00:59:33.538295+00:00,True,+108.1%,True,$496.9M,,N/A,True,995.4K,False,$0.77 / SMA $0.85,True,8.29%,,N/A,False,179.7M,False,OQB,False,
REGCO,Regency Centers Corporation,20.78,2026-10-03T00:50:38.988386+00:00,False,+3.4%,,N/A,,N/A,False,2.8K,False,$20.78 / SMA $21.73,False,1.11%,False,+8.3%,False,164.4M,True,NMS,False,
REPL,"Replimune Group, Inc.",13.07,2026-10-03T00:59:34.865630+00:00,True,+771.3%,True,$1231.5M,False,+24.2%,True,4223.4K,False,$13.07 / SMA $13.15,True,5.85%,,N/A,True,67.7M,True,NMS,False,
RERE,ATRenew Inc.,3.64,2026-10-03T00:57:43.482754+00:00,False,+3.9%,True,$806.2M,True,+81.8%,True,891.9K,False,$3.64 / SMA $4.14,False,2.41%,True,+32.4%,True,131.7M,True,NYQ,False,
REXR,"Rexford Industrial Realty, Inc.",36.69,2026-10-03T00:50:50.045942+00:00,False,+14.2%,True,$8388.6M,False,+-570.8%,True,2690.8K,False,$36.69 / SMA $37.00,False,2.01%,False,+-1.6%,False,220.7M,True,NYQ,False,
RFI,"Cohen & Steers Total Return Realty Fund, Inc.",10.49,2026-10-03T01:01:15.635665+00:00,False,+1.2%,False,$280.7M,,N/A,False,92.3K,False,$10.49 / SMA $11.13,False,1.25%,,N/A,,N/A,True,NYQ,False,
RFMZ,"RiverNorth Flexible Municipal Income Fund II, Inc.",11.81,2026-10-03T01:01:13.255930+00:00,False,+3.9%,False,$287.6M,,N/A,False,66.6K,False,$11.81 / SMA $12.70,False,1.86%,,N/A,,N/A,True,NYQ,False,
RFNDF,Rural Funds Group,1.5,2026-10-03T00:57:55.065986+00:00,False,+25.0%,True,$647.3M,,N/A,False,0.1K,True,$1.50 / SMA $1.46,False,0.00%,,N/A,False,372.8M,False,PNK,False,
RGEN,Repligen Corporation,181.7,2026-10-03T00:52:26.881674+00:00,True,+79.9%,True,$10254.4M,False,+-65.4%,True,1101.5K,True,$181.70 / SMA $169.42,True,3.93%,False,+11.9%,True,53.5M,True,NMS,False,
RHHBY,Roche Holding AG,52.23,2026-10-03T00:50:13.427760+00:00,False,+30.3%,True,$332920.7M,,N/A,True,1962.5K,False,$52.23 / SMA $55.10,False,1.43%,,N/A,False,5232.7M,False,OQX,False,
RICOY,"Ricoh Company, Ltd.",10.52,2026-10-03T00:52:31.546928+00:00,False,+31.5%,True,$5887.9M,,N/A,False,0.1K,True,$10.52 / SMA $9.96,False,0.00%,,N/A,False,423.5M,False,PNK,False,
RIG,Transocean Ltd.,5.17,2026-10-03T00:50:51.337653+00:00,False,+68.4%,True,$5774.3M,True,+103.8%,True,42355.3K,False,$5.17 / SMA $5.57,True,3.90%,False,+-2.2%,False,923.6M,True,NYQ,False,
RILY,"BRC Group Holdings, Inc.",4.86,2026-10-03T00:59:35.188116+00:00,False,+33.5%,False,$195.4M,False,+-90.0%,True,566.2K,False,$4.86 / SMA $6.69,True,5.04%,False,+4.6%,True,28.2M,True,NGM,False,
RIOT,"Riot Platforms, Inc.",19.73,2026-10-03T00:50:47.411847+00:00,True,+71.6%,True,$7403.9M,False,+-217.2%,True,18488.5K,False,$19.73 / SMA $20.95,True,6.47%,False,+13.9%,False,349.1M,True,NCM,False,
RKT,"Rocket Companies, Inc.",11.7,2026-10-03T00:50:25.176193+00:00,False,+4.0%,True,$33130.2M,True,+900.0%,True,30161.5K,False,$11.70 / SMA $13.40,True,4.23%,True,+86.0%,False,1881.1M,True,NYQ,False,
RKUSF,"Rakus Co., Ltd.",6.12,2026-10-03T00:55:56.562018+00:00,False,+28.0%,True,$2167.1M,,N/A,False,0.0K,True,$6.12 / SMA $6.12,False,0.00%,,N/A,False,248.2M,False,PNK,False,
RLMD,"Relmada Therapeutics, Inc.",3.6,2026-10-03T00:57:49.703875+00:00,True,+99.7%,True,$384.0M,True,+63.3%,True,1342.2K,False,$3.60 / SMA $4.55,True,5.26%,,N/A,True,82.6M,True,NCM,False,
RLXXF,RELX PLC,33.6,2026-10-03T00:50:20.851014+00:00,False,+24.7%,True,$58404.4M,,N/A,False,18.3K,False,$33.60 / SMA $34.79,True,5.36%,,N/A,False,1734.6M,False,PNK,False,
RMBS,Rambus Inc.,111.97,2026-10-03T00:50:37.901954+00:00,False,+43.8%,True,$12108.1M,False,+15.1%,True,2523.8K,True,$111.97 / SMA $93.15,True,4.75%,False,+20.4%,True,107.6M,True,NMS,False,
RMGGF,Resolute Mining Limited,0.78,2026-10-03T00:55:57.906464+00:00,False,+52.9%,True,$1667.2M,,N/A,False,1.9K,False,$0.78 / SMA $0.86,False,2.60%,,N/A,False,1728.6M,False,PNK,False,
RMLRF,Ramelius Resources Limited,2.7,2026-10-03T00:52:34.602878+00:00,False,+47.5%,True,$5095.6M,,N/A,False,9.7K,True,$2.70 / SMA $2.62,True,4.85%,,N/A,False,1872.3M,False,PNK,False,
RMR,The RMR Group Inc.,17.73,2026-10-03T00:57:52.145555+00:00,False,+24.2%,True,$302.8M,False,+-28.0%,False,130.1K,False,$17.73 / SMA $19.32,False,2.02%,False,+-0.8%,True,13.3M,True,NCM,False,
RMT,"Royce Micro-Cap Trust, Inc.",13.6,2026-10-03T00:57:50.659012+00:00,False,+42.9%,True,$737.0M,,N/A,False,109.2K,False,$13.60 / SMA $13.67,False,1.63%,,N/A,,N/A,True,NYQ,False,
RNGT,Range Capital Acquisition Corp II,10.19,2026-10-03T01:01:13.529865+00:00,False,+3.0%,True,$319.2M,,N/A,False,11.5K,True,$10.19 / SMA $10.15,False,0.02%,,N/A,True,21.5M,True,NGM,False,
RNLSY,Renault SA,5.52,2026-10-03T00:50:46.999887+00:00,False,+0.5%,True,$7986.7M,,N/A,False,130.0K,False,$5.52 / SMA $6.41,False,1.75%,,N/A,False,880.1M,False,PNK,False,
RNSHF,Renishaw plc,67.06,2026-10-03T00:52:31.909385+00:00,False,+1.1%,True,$4879.1M,,N/A,False,0.0K,False,$67.06 / SMA_short $68.69,False,0.19%,,N/A,True,33.9M,False,PNK,False,
RNW,ReNew Energy Global Plc,6.84,2026-10-03T00:54:22.245890+00:00,False,+56.0%,True,$2493.6M,False,+18.3%,True,2159.1K,True,$6.84 / SMA $6.66,False,0.32%,False,+14.3%,True,66.7M,True,NMS,False,
ROK,"Rockwell Automation, Inc.",454.35,2026-10-03T00:50:22.524863+00:00,False,+36.6%,True,$50455.0M,True,+40.4%,True,750.4K,True,$454.35 / SMA $437.00,False,2.17%,False,+7.9%,True,110.7M,True,NYQ,False,
ROKU,"Roku, Inc.",152.39,2026-10-03T00:50:35.174902+00:00,True,+94.1%,True,$22617.6M,True,+1442.9%,True,2356.3K,False,$152.39 / SMA $153.19,False,1.16%,False,+21.9%,True,131.0M,True,NMS,False,
ROOT,"Root, Inc.",46.26,2026-10-03T00:57:46.068418+00:00,False,+13.1%,True,$716.7M,False,+15.5%,False,235.0K,False,$46.26 / SMA $53.33,True,3.96%,False,+1.6%,True,12.3M,True,NMS,False,
RPGSF,Rockpoint Gas Storage Inc.,17.19,2026-10-03T00:56:06.880643+00:00,False,+5.9%,,N/A,False,+17.2%,False,7.6K,True,$17.19 / SMA_short $16.87,False,0.07%,,N/A,True,52.8M,False,PNK,False,
RPHCF,"Rohto Pharmaceutical Co.,Ltd.",15.0,2026-10-03T00:54:12.335706+00:00,False,+4.6%,True,$3381.5M,,N/A,False,0.0K,True,$15.00 / SMA $-8.50,,N/A,,N/A,False,200.8M,False,PNK,False,
RR,Richtech Robotics Inc.,1.68,2026-10-03T00:57:53.585000+00:00,False,+29.2%,True,$378.2M,False,+-300.0%,True,5777.1K,True,$1.68 / SMA $1.67,True,5.46%,False,+16.7%,False,183.2M,True,NCM,False,
RREV,RRE Ventures Acquisition Corp.,9.92,2026-10-03T00:59:40.203253+00:00,False,+0.6%,True,$330.7M,,N/A,False,30.6K,True,$9.92 / SMA $9.91,False,0.01%,,N/A,,N/A,True,NGM,False,
RUSHA,"Rush Enterprises, Inc.",47.18,2026-10-03T00:52:31.260313+00:00,False,+55.0%,True,$5507.3M,False,+1.1%,True,668.0K,False,$47.18 / SMA $50.84,False,2.47%,False,+-1.6%,True,102.8M,True,NMS,False,
RVRF,River Financial Corporation,46.774,2026-10-03T00:59:35.589983+00:00,False,+43.9%,True,$365.4M,False,+13.0%,False,0.0K,True,$46.77 / SMA $46.55,False,0.00%,False,+17.0%,True,6.9M,False,PNK,False,
RXRX,"Recursion Pharmaceuticals, Inc.",4.12,2026-10-03T00:56:01.413604+00:00,False,+48.7%,True,$2209.4M,True,+39.0%,True,19171.2K,True,$4.12 / SMA $3.40,True,6.71%,False,+-61.8%,False,518.5M,True,NMS,False,
RYTM,"Rhythm Pharmaceuticals, Inc.",92.83,2026-10-03T00:52:28.161891+00:00,False,+24.6%,True,$6367.5M,False,+2.7%,True,643.0K,False,$92.83 / SMA $105.67,True,3.61%,True,+46.9%,True,56.0M,True,NGM,False,
SA,Seabridge Gold Inc.,26.97,2026-10-03T00:54:13.747234+00:00,False,+24.5%,True,$2909.3M,True,+800.0%,True,629.4K,False,$26.97 / SMA $30.40,True,3.92%,,N/A,True,107.6M,True,NYQ,False,
SAAQU,Space Asset Acquisition Corp.,10.17,2026-10-03T00:59:40.171740+00:00,False,+2.5%,,N/A,,N/A,False,1.3K,False,$10.17 / SMA $10.36,False,0.28%,,N/A,True,18.6M,True,NGM,False,
SANA,"Sana Biotechnology, Inc.",2.89,2026-10-03T00:57:47.192868+00:00,False,+10.7%,True,$865.2M,True,+43.6%,True,3047.8K,False,$2.89 / SMA $3.44,True,6.48%,,N/A,False,190.9M,True,NMS,False,
SAPGF,SAP SE,201.8,2026-10-03T00:50:14.262037+00:00,False,+38.9%,True,$232918.4M,True,+30.6%,False,99.0K,False,$201.80 / SMA $206.07,False,2.40%,False,+9.4%,False,1029.5M,False,PNK,False,
SARTF,Sartorius Aktiengesellschaft,243.86,2026-10-03T00:50:37.633385+00:00,False,+26.7%,True,$16839.1M,True,+35.7%,False,0.0K,True,$243.86 / SMA $218.36,False,0.00%,False,+3.3%,True,27.5M,False,PNK,False,
SATS,SATS,,2026-10-03T00:50:26.077027+00:00,False,N/A,False,N/A,False,N/A,False,N/A,False,N/A,False,N/A,False,N/A,False,N/A,False,Unknown,False,No price data available
SBFFY,SBM Offshore N.V.,41.7,2026-10-03T00:52:26.033116+00:00,True,+77.3%,True,$6892.1M,,N/A,False,0.1K,True,$41.70 / SMA $40.36,False,0.00%,,N/A,True,131.2M,False,PNK,False,
SBGSY,Schneider Electric S.E.,68.4,2026-10-03T00:50:14.735518+00:00,False,+35.2%,True,$192649.0M,,N/A,False,250.7K,True,$68.40 / SMA $67.18,False,1.41%,,N/A,False,2752.5M,False,PNK,False,
SBKFF,State Bank of India,104.26,2026-10-03T00:50:17.580011+00:00,False,+11.8%,True,$96238.4M,False,+9.9%,False,0.2K,False,$104.26 / SMA $107.05,False,0.00%,False,+10.2%,False,407.0M,False,PNK,False,
SBS,Companhia de Saneamento Básico do Estado de São Paulo - SABESP,5.38,2026-10-03T00:50:34.244365+00:00,False,+21.6%,True,$18919.3M,False,+-32.3%,True,8039.9K,True,$5.38 / SMA $5.12,False,2.58%,False,+13.9%,False,2354.6M,True,NYQ,False,
SBSI,"Southside Bancshares, Inc.",30.73,2026-10-03T00:57:44.533985+00:00,False,+16.8%,True,$914.3M,True,+25.0%,False,134.6K,False,$30.73 / SMA $31.87,False,2.12%,False,+7.6%,True,28.2M,True,NYQ,False,
SBUX,Starbucks Corporation,94.71,2026-10-03T00:50:16.622004+00:00,False,+21.4%,True,$107969.4M,True,+85.7%,True,6855.8K,False,$94.71 / SMA $102.27,False,2.12%,False,+-1.4%,False,1137.6M,True,NMS,False,
SCBFY,Standard Chartered PLC,58.3,2026-10-03T00:50:21.135006+00:00,False,+56.2%,True,$63430.3M,,N/A,False,148.5K,False,$58.30 / SMA $60.09,False,1.45%,False,+6.0%,False,17518.2M,False,PNK,False,
SCRPF,Sembcorp Industries Ltd,4.95,2026-10-03T00:50:47.469292+00:00,False,+20.4%,True,$8813.1M,,N/A,False,0.4K,True,$4.95 / SMA $4.57,False,0.00%,,N/A,False,869.7M,False,PNK,False,
SCTBY,Securitas AB (publ),16.405,2026-10-03T00:50:46.977892+00:00,False,+16.8%,True,$9390.9M,False,+12.5%,False,0.3K,True,$16.41 / SMA $15.83,False,0.00%,False,+-1.9%,False,467.6M,False,PNK,False,
SDHI,Siddhi Acquisition Corp.,10.56,2026-10-03T00:59:37.579992+00:00,False,+4.0%,True,$367.9M,True,+4940.9%,False,34.6K,True,$10.56 / SMA $10.51,False,0.06%,,N/A,True,25.9M,True,NGM,False,
SEG,Seaport Entertainment Group Inc.,22.38,2026-10-03T01:01:14.694972+00:00,False,+26.2%,False,$286.7M,True,+29.3%,False,67.6K,False,$22.38 / SMA $26.02,True,3.12%,False,+-13.8%,True,7.4M,True,NYQ,False,
SEI,"Solaris Energy Infrastructure, Inc.",74.93,2026-10-03T00:52:30.679437+00:00,True,+94.6%,True,$7539.9M,False,+-13.3%,True,3048.5K,True,$74.93 / SMA $59.42,True,5.58%,True,+46.9%,True,62.8M,True,NYQ,False,
SENEA,Seneca Foods Corporation,177.66,2026-10-03T00:57:45.280417+00:00,True,+78.4%,True,$1202.8M,True,+33.2%,False,99.6K,False,$177.66 / SMA $184.74,True,3.27%,True,+36.2%,True,4.8M,True,NMS,False,
SENEB,Seneca Foods Corporation,174.2206,2026-10-03T00:57:44.577659+00:00,False,+60.3%,True,$1179.6M,True,+33.2%,False,0.2K,False,$174.22 / SMA $184.76,False,0.10%,True,+36.2%,True,4.8M,True,NMS,False,
SEPN,"Septerna, Inc.",37.71,2026-10-03T00:56:05.299268+00:00,True,+114.9%,True,$1760.2M,True,+48.2%,False,401.4K,False,$37.71 / SMA $39.11,True,4.77%,True,+22375.6%,True,26.4M,True,NGM,False,
SESPF,SeSa S.p.A.,104.0,2026-10-03T00:56:01.098552+00:00,False,+16.9%,True,$1574.8M,True,+232.7%,False,0.0K,True,$104.00 / SMA $102.91,False,0.00%,False,+6.9%,True,15.1M,False,PNK,False,
SGGEF,The Sage Group plc,13.04,2026-10-03T00:50:45.492257+00:00,False,+23.6%,True,$11743.1M,,N/A,False,0.9K,False,$13.04 / SMA $13.68,False,0.56%,,N/A,False,853.5M,False,PNK,False,
SGMT,Sagimet Biosciences Inc.,9.14,2026-10-03T00:59:33.308352+00:00,True,+103.1%,True,$648.1M,False,+18.8%,True,1230.1K,False,$9.14 / SMA $9.76,True,6.89%,,N/A,True,55.8M,True,NGM,False,
SGRY,"Surgery Partners, Inc.",13.32,2026-10-03T00:55:59.496857+00:00,False,+16.7%,True,$1743.8M,False,+-500.0%,True,2159.1K,False,$13.32 / SMA $14.55,True,5.41%,False,+2.7%,True,65.8M,True,NMS,False,
SHBBF,Syensqo SA/NV,88.38,2026-10-03T00:50:50.434859+00:00,True,+83.8%,True,$9011.8M,,N/A,False,0.4K,False,$88.38 / SMA $91.38,False,0.40%,,N/A,True,69.2M,False,PNK,False,
SHCAF,Sharp Corporation,4.325,2026-10-03T00:54:20.356344+00:00,False,+18.6%,True,$2808.3M,,N/A,False,0.0K,True,$4.33 / SMA $3.82,False,0.00%,,N/A,False,238.7M,False,PNK,False,
SHECY,"Shin-Etsu Chemical Co., Ltd.",19.38,2026-10-03T00:50:17.911114+00:00,False,+42.1%,True,$70351.9M,,N/A,True,560.8K,True,$19.38 / SMA $18.86,False,2.79%,,N/A,False,3716.8M,False,PNK,False,
SHMDF,Shimano Inc.,114.38,2026-10-03T00:50:48.655154+00:00,False,+21.5%,True,$9645.3M,,N/A,False,0.1K,False,$114.38 / SMA $118.57,False,0.04%,,N/A,True,70.8M,False,PNK,False,
SHWDY,Resonac Holdings Corporation,98.0,2026-10-03T00:50:33.824617+00:00,True,+178.8%,True,$18591.3M,,N/A,False,0.1K,True,$98.00 / SMA $96.78,False,0.17%,,N/A,False,189.5M,False,PNK,False,
SHWGY,Shandong Weigao Group Medical Polymer Company Limited,1.45,2026-10-03T00:55:55.556685+00:00,False,+0.0%,True,$1627.5M,,N/A,False,0.1K,False,$1.45 / SMA $1.62,False,0.13%,,N/A,False,591.2M,False,PNK,False,
SIELF,"Shanghai Electric Group Co., Ltd.",0.3716,2026-10-03T00:50:37.414645+00:00,False,+6.1%,True,$12505.6M,,N/A,False,0.0K,False,$0.37 / SMA $0.45,False,0.00%,False,+21.7%,False,7823.1M,False,PNK,False,
SIGA,"SIGA Technologies, Inc.",3.38,2026-10-03T00:59:39.772674+00:00,False,+19.4%,False,$242.9M,False,+-65.3%,True,719.4K,True,$3.38 / SMA $3.14,True,4.77%,False,+-49.5%,True,41.1M,True,NGM,False,
SIGCY,SIG Group AG,16.12,2026-10-03T00:52:29.586095+00:00,False,+65.7%,True,$6229.3M,,N/A,False,0.9K,False,$16.12 / SMA $17.09,False,0.80%,,N/A,False,315.1M,False,PNK,False,
SIGIP,"Selective Insurance Group, Inc.",15.0,2026-10-03T00:52:30.888291+00:00,False,+1.7%,,N/A,,N/A,False,18.3K,False,$15.00 / SMA $15.40,False,1.57%,False,+4.5%,True,55.7M,True,NMS,False,
SITM,SiTime Corporation,709.44,2026-10-03T00:50:34.680173+00:00,True,+191.1%,True,$21333.6M,True,+178.6%,False,451.7K,True,$709.44 / SMA $608.33,True,5.83%,True,+126.5%,True,23.1M,True,NGM,False,
SIVEF,Sivers Semiconductors AB (publ),3.13,2026-10-03T00:54:21.872701+00:00,True,+226.0%,True,$998.0M,False,+-100.0%,True,2441.1K,False,$3.13 / SMA $3.39,True,8.36%,False,+-12.2%,False,231.7M,False,PNK,False,
SJM,The J. M. Smucker Company,117.19,2026-10-03T00:50:44.164134+00:00,False,+32.8%,True,$12518.6M,True,+839.0%,True,1371.0K,False,$117.19 / SMA $122.28,False,2.15%,False,+5.0%,True,104.5M,True,NYQ,False,
SJMHY,SJM Holdings Limited,0.74,2026-10-03T00:55:59.943867+00:00,False,+7.2%,True,$1313.8M,,N/A,False,0.1K,True,$0.74 / SMA $0.74,False,0.00%,,N/A,False,607.3M,False,PNK,False,
SKLTY,SEEK Limited,16.62,2026-10-03T00:54:13.661617+00:00,False,+7.7%,True,$2974.7M,,N/A,False,5.5K,False,$16.62 / SMA $19.07,False,1.37%,,N/A,False,171.4M,False,PNK,False,
SKYW,"SkyWest, Inc.",96.43,2026-10-03T00:54:12.904608+00:00,False,+23.8%,True,$3824.4M,False,+-12.7%,False,368.0K,False,$96.43 / SMA $102.39,False,2.78%,False,+6.5%,True,38.1M,True,NMS,False,
SLAB,Silicon Laboratories Inc.,222.76,2026-10-03T00:52:23.919557+00:00,True,+92.8%,True,$7432.8M,True,+52.2%,False,283.7K,True,$222.76 / SMA $219.28,False,0.52%,False,+18.3%,True,32.8M,True,NMS,False,
SLDB,Solid Biosciences Inc.,6.85,2026-10-03T00:57:51.939922+00:00,True,+80.7%,True,$734.5M,False,+9.5%,True,1126.1K,False,$6.85 / SMA $8.79,True,5.49%,,N/A,True,64.8M,True,NMS,False,
SLDP,"Solid Power, Inc.",2.33,2026-10-03T00:57:51.029906+00:00,False,+17.7%,True,$531.7M,False,+21.4%,True,3289.6K,False,$2.33 / SMA $2.34,True,4.58%,False,+-115.7%,False,208.4M,True,NMS,False,
SLI,Standard Lithium Ltd.,1.74,2026-10-03T00:57:45.946146+00:00,False,+0.6%,True,$429.4M,True,+66.7%,True,1784.0K,False,$1.74 / SMA $2.24,True,5.79%,,N/A,False,239.3M,True,ASE,False,
SLS,"SELLAS Life Sciences Group, Inc.",11.74,2026-10-03T00:56:03.213146+00:00,True,+744.6%,True,$2370.8M,True,+28.6%,True,6947.5K,False,$11.74 / SMA $12.32,True,7.47%,,N/A,False,201.1M,True,NCM,False,
SLSR,Solaris Resources Inc.,7.09,2026-10-03T00:56:01.223974+00:00,False,+36.6%,True,$1184.5M,True,+33.3%,False,167.2K,False,$7.09 / SMA $7.86,True,4.57%,,N/A,True,79.7M,True,ASE,False,
SMG,The Scotts Miracle-Gro Company,49.02,2026-10-03T00:54:12.700044+00:00,False,+2.3%,True,$2854.0M,False,+-25.2%,True,1017.0K,False,$49.02 / SMA $59.18,True,3.23%,False,+1.1%,True,44.6M,True,NYQ,False,
SMGKF,Smiths Group plc,35.29,2026-10-03T00:50:45.870131+00:00,False,+24.5%,True,$9876.6M,,N/A,False,0.1K,False,$35.29 / SMA $35.94,False,0.00%,,N/A,False,290.9M,False,PNK,False,
SMNNY,Shimano Inc.,11.09,2026-10-03T00:50:47.768092+00:00,False,+18.5%,True,$9351.8M,,N/A,False,59.7K,False,$11.09 / SMA $12.07,True,3.26%,,N/A,False,707.7M,False,PNK,False,
SMOPF,Smartoptics Group ASA,5.05,2026-10-03T00:57:54.144748+00:00,True,+173.0%,True,$495.1M,True,+600.0%,False,5.1K,True,$5.05 / SMA $5.00,False,2.11%,True,+54.6%,True,44.0M,False,PNK,False,
SMPNY,"Sompo Holdings, Inc.",20.83,2026-10-03T00:50:27.163071+00:00,False,+44.6%,True,$36943.5M,,N/A,False,116.2K,False,$20.83 / SMA $21.69,True,3.29%,,N/A,False,1633.2M,False,PNK,False,
SMSMY,Sims Limited,16.79,2026-10-03T00:54:13.995585+00:00,True,+96.6%,True,$3298.2M,,N/A,False,2.2K,False,$16.79 / SMA $17.46,False,2.45%,,N/A,False,158.1M,False,PNK,False,
SMSOF,Samsonite Group S.A.,1.58,2026-10-03T00:54:18.959015+00:00,False,+5.3%,True,$2154.8M,,N/A,False,1.1K,False,$1.58 / SMA $1.65,False,0.00%,,N/A,False,1232.0M,False,PNK,False,
SMTEF,Smart Eye AB (publ),5.16,2026-10-03T00:59:37.088609+00:00,False,+0.0%,False,$202.3M,True,+31.0%,False,0.3K,False,$5.16 / SMA $7.47,False,0.00%,True,+52.9%,True,33.4M,False,PNK,False,
SMWB,Similarweb Ltd.,7.96,2026-10-03T00:59:37.629157+00:00,True,+258.6%,True,$702.5M,True,+71.4%,True,849.7K,False,$7.96 / SMA $8.13,True,5.25%,False,+8.8%,True,42.6M,True,NYQ,False,
SN,"SharkNinja, Inc.",182.57,2026-10-03T00:50:37.657037+00:00,True,+119.6%,True,$25718.9M,False,+-6.1%,True,1791.1K,True,$182.57 / SMA $175.23,True,3.93%,False,+22.2%,True,86.3M,True,NYQ,False,
SNCAF,AtkinsRéalis Group Inc.,61.64,2026-10-03T00:50:46.105957+00:00,False,+8.8%,True,$9864.5M,False,+-95.6%,False,51.0K,False,$61.64 / SMA $62.26,False,2.00%,False,+10.0%,False,159.5M,False,PNK,False,
SNEX,StoneX Group Inc.,65.81,2026-10-03T00:50:48.194192+00:00,True,+80.6%,True,$7937.8M,False,+23.0%,True,976.2K,False,$65.81 / SMA $69.01,True,3.54%,False,+15.4%,True,109.1M,True,NMS,False,
SNHIY,"Sany Heavy Industry Co.,Ltd",9.4425,2026-10-03T00:50:31.493722+00:00,False,+5.2%,True,$86823.8M,,N/A,False,0.0K,False,$9.44 / SMA $9.66,False,0.00%,True,+38.6%,False,1554.9M,False,PNK,False,
SNLGF,San Lorenzo Gold Corp.,4.92,2026-10-03T00:59:40.634146+00:00,True,+1004.9%,True,$534.3M,,N/A,False,37.0K,True,$4.92 / SMA $4.39,True,6.18%,,N/A,True,93.7M,False,PNK,False,
SNMCY,Suncorp Group Limited,13.03,2026-10-03T00:50:40.176269+00:00,False,+38.2%,True,$13812.5M,,N/A,False,66.2K,False,$13.03 / SMA $13.51,True,3.25%,,N/A,False,1053.8M,False,PNK,False,
SNMRF,Snam S.p.A.,6.216,2026-10-03T00:50:30.177598+00:00,False,+4.6%,True,$20863.5M,,N/A,False,1.0K,False,$6.22 / SMA $6.53,False,0.00%,False,+8.7%,False,2054.4M,False,PNK,False,
SNMRY,Snam S.p.A.,12.6,2026-10-03T00:50:30.904274+00:00,False,+7.5%,True,$21145.4M,,N/A,False,72.0K,False,$12.60 / SMA $13.16,False,1.00%,False,+8.7%,False,1027.2M,False,PNK,False,
SNNUF,Smith & Nephew plc,13.2,2026-10-03T00:50:41.436108+00:00,False,+0.8%,True,$11048.8M,,N/A,False,0.5K,False,$13.20 / SMA $14.92,False,0.04%,,N/A,False,842.2M,False,PNK,False,
SNPMF,China Petroleum & Chemical Corporation,0.52,2026-10-03T00:50:17.847956+00:00,False,+8.3%,True,$62754.7M,,N/A,False,16.8K,False,$0.52 / SMA $0.57,False,1.04%,,N/A,False,33695.9M,False,PNK,False,
SNROF,"Sanrio Company, Ltd.",7.2,2026-10-03T00:52:26.422193+00:00,False,+42.9%,True,$8729.5M,,N/A,False,0.6K,False,$7.20 / SMA $7.80,False,0.54%,,N/A,False,980.0M,False,PNK,False,
SOCNF,Socionext Inc.,14.0,2026-10-03T00:54:14.549291+00:00,False,+27.3%,True,$2454.0M,,N/A,False,0.3K,True,$14.00 / SMA $-9.01,,N/A,,N/A,False,175.1M,False,PNK,False,
SOHU,Sohu.com Limited,12.45,2026-10-03T00:59:38.161885+00:00,False,+7.2%,True,$374.3M,True,+105.8%,False,64.4K,False,$12.45 / SMA $13.73,True,3.31%,False,+7.3%,True,14.2M,True,NMS,False,
SOLS,"Solstice Advanced Materials, Inc.",57.7,2026-10-03T00:50:40.938317+00:00,False,+42.7%,True,$9165.5M,False,+22.7%,True,3409.0K,False,$57.70 / SMA $59.49,True,3.36%,False,+11.1%,False,158.7M,True,NMS,False,
SOLV,Solventum Corporation,87.85,2026-10-03T00:50:40.611691+00:00,False,+40.8%,True,$14954.2M,False,+3.9%,True,1029.2K,False,$87.85 / SMA $88.13,False,2.11%,False,+2.2%,True,144.1M,True,NYQ,False,
SOMMY,"Sumitomo Chemical Company, Limited",18.36,2026-10-03T00:52:28.184956+00:00,False,+32.8%,True,$6065.7M,,N/A,False,0.7K,True,$18.36 / SMA $17.34,False,0.70%,,N/A,False,323.6M,False,PNK,False,
SONVY,Sonova Holding AG,59.945,2026-10-03T00:50:38.122617+00:00,False,+41.8%,True,$17805.0M,,N/A,False,13.1K,True,$59.95 / SMA $57.79,False,0.98%,,N/A,False,296.1M,False,PNK,False,
SORNU,Soren Acquisition Corp.,10.2,2026-10-03T00:59:38.761351+00:00,False,+2.8%,,N/A,,N/A,False,0.3K,False,$10.20 / SMA $10.21,False,0.07%,,N/A,True,20.7M,True,NGM,False,
SOTDF,Ströer SE & Co. KGaA,41.8429,2026-10-03T00:54:20.662556+00:00,False,+3.3%,True,$2334.0M,False,+-5.9%,False,0.0K,True,$41.84 / SMA $41.23,False,0.00%,False,+7.3%,True,31.1M,False,PNK,False,
SPGI,S&P Global Inc.,386.27,2026-10-03T00:50:16.224692+00:00,False,+7.0%,True,$113872.4M,False,+17.7%,True,1948.3K,False,$386.27 / SMA $417.34,False,2.14%,False,+10.4%,False,294.1M,True,NYQ,False,
SPHXF,"SM Prime Holdings, Inc.",0.2672,2026-10-03T00:50:48.365107+00:00,False,+0.0%,True,$7601.1M,False,+0.9%,False,0.1K,False,$0.27 / SMA $0.27,False,0.00%,False,+8.8%,False,9681.0M,False,PNK,False,
SPOT,Spotify Technology S.A.,472.89,2026-10-03T00:50:17.081940+00:00,False,+16.8%,True,$97235.7M,True,+721.4%,True,1677.5K,False,$472.89 / SMA $517.39,True,3.19%,False,+13.9%,False,157.1M,True,NYQ,False,
SPXSY,Spirax Group plc,48.94,2026-10-03T00:52:25.188542+00:00,False,+15.0%,True,$7223.1M,,N/A,False,10.5K,True,$48.94 / SMA $48.25,False,1.63%,,N/A,True,146.0M,False,PNK,False,
SQNNY,"Square Enix Holdings Co., Ltd.",9.28,2026-10-03T00:52:27.685257+00:00,False,+37.5%,True,$6694.1M,,N/A,False,0.5K,True,$9.28 / SMA $9.23,False,1.26%,,N/A,False,331.4M,False,PNK,False,
SR,Spire Inc.,77.54,2026-10-03T00:52:32.044778+00:00,False,+3.6%,True,$4583.6M,True,+1131.0%,False,491.8K,False,$77.54 / SMA $80.43,False,2.07%,False,+19.2%,True,57.7M,True,NYQ,False,
SRAD,Sportradar Group AG,11.76,2026-10-03T00:52:37.307499+00:00,False,+3.2%,True,$3480.4M,False,+-106.7%,True,2413.0K,False,$11.76 / SMA $13.06,True,4.87%,False,+18.9%,False,182.7M,True,NMS,False,
SRBIF,Serabi Gold plc,2.95,2026-10-03T00:59:40.119880+00:00,False,+3.5%,False,$225.1M,False,+-10.4%,False,2.7K,False,$2.95 / SMA $3.89,False,1.70%,True,+41.7%,True,55.3M,False,OQX,False,
SRPT,"Sarepta Therapeutics, Inc.",17.5,2026-10-03T00:55:59.156156+00:00,False,+19.2%,True,$1848.5M,False,+-102.6%,True,3004.3K,False,$17.50 / SMA $18.88,True,5.80%,False,+-34.3%,True,100.5M,True,NMS,False,
SSII,"SS Innovations International, Inc.",2.67,2026-10-03T00:57:48.791065+00:00,False,+0.0%,True,$535.0M,,N/A,False,64.5K,False,$2.67 / SMA $3.48,True,5.82%,True,+39.4%,True,40.6M,True,NCM,False,
SSSAF,Shurgard Self Storage Ltd,23.52,2026-10-03T00:54:16.888879+00:00,False,+0.0%,True,$2374.9M,,N/A,False,1.6K,False,$23.52 / SMA $27.09,False,1.73%,,N/A,True,33.0M,False,PNK,False,
SSUMY,Sumitomo Corporation,11.13,2026-10-03T00:50:21.787456+00:00,False,+55.9%,True,$52610.7M,,N/A,False,253.4K,False,$11.13 / SMA $11.13,True,4.11%,,N/A,False,4736.5M,False,PNK,False,
STAA,STAAR Surgical Company,22.47,2026-10-03T00:56:00.971011+00:00,False,+44.1%,True,$1126.7M,True,+147.1%,True,1022.9K,False,$22.47 / SMA $23.05,True,4.69%,True,+111.0%,True,26.1M,True,NGM,False,
STAG,"STAG Industrial, Inc.",36.05,2026-10-03T00:52:24.572043+00:00,False,+1.9%,True,$7094.7M,False,+3.7%,True,1679.7K,False,$36.05 / SMA $37.02,False,1.56%,False,+8.1%,False,191.9M,True,NYQ,False,
STBGY,Scandinavian Tobacco Group A/S,5.6,2026-10-03T00:57:46.930948+00:00,False,+15.5%,True,$882.1M,False,+-3.4%,False,0.4K,True,$5.60 / SMA $5.58,False,0.00%,False,+-1.2%,True,117.6M,False,PNK,False,
STBMF,St Barbara Limited,0.562,2026-10-03T00:59:32.211803+00:00,True,+89.2%,True,$689.0M,,N/A,False,2.7K,True,$0.56 / SMA $0.48,False,0.74%,,N/A,False,1151.4M,False,PNK,False,
STC,Stewart Information Services Corporation,51.55,2026-10-03T00:55:56.520290+00:00,False,+5.8%,True,$1569.7M,False,+7.1%,False,249.6K,False,$51.55 / SMA $65.59,True,3.45%,False,+24.5%,True,29.9M,True,NYQ,False,
STCGF,Stack Capital Group Inc.,12.0985,2026-10-03T00:59:36.372170+00:00,False,+40.0%,False,$189.7M,True,+62.6%,False,9.3K,False,$12.10 / SMA $12.63,False,1.30%,True,+4208.5%,True,14.4M,False,PNK,False,
STEL,STEL,,2026-10-03T00:55:57.714844+00:00,False,N/A,False,N/A,False,N/A,False,N/A,False,N/A,False,N/A,False,N/A,False,N/A,False,Unknown,False,No price data available
STJPF,St. James's Place plc,14.0,2026-10-03T00:50:49.333409+00:00,False,+0.0%,True,$6896.4M,,N/A,False,0.0K,False,$14.00 / SMA $14.18,False,0.00%,,N/A,False,476.4M,False,PNK,False,
STK,Columbia Seligman Premium Technology Growth Fund,55.05,2026-10-03T00:57:45.059305+00:00,False,+69.4%,True,$974.1M,,N/A,False,57.4K,True,$55.05 / SMA $51.62,False,2.15%,,N/A,,N/A,True,NYQ,False,
STLD,"Steel Dynamics, Inc.",231.99,2026-10-03T00:50:26.805628+00:00,False,+64.7%,True,$33250.7M,True,+83.6%,True,1129.2K,False,$231.99 / SMA $242.54,True,3.02%,True,+33.4%,True,133.5M,True,NMS,False,
STMNF,"Sumitomo Metal Mining Co., Ltd.",71.6,2026-10-03T00:50:36.840689+00:00,True,+211.3%,True,$19223.7M,,N/A,False,0.0K,True,$71.60 / SMA $60.54,False,0.00%,,N/A,False,253.6M,False,PNK,False,
STOSF,Santos Limited,5.89,2026-10-03T00:50:34.605474+00:00,False,+61.4%,True,$19129.4M,,N/A,False,7.1K,True,$5.89 / SMA $5.76,False,1.13%,,N/A,False,3196.5M,False,PNK,False,
STRK,Strategy Inc,76.25,2026-10-03T00:50:21.192069+00:00,False,+53.1%,,N/A,,N/A,False,93.2K,True,$76.25 / SMA $69.19,True,3.38%,False,+6.9%,False,363.6M,True,NMS,False,
STRL,"Sterling Infrastructure, Inc.",533.42,2026-10-03T00:50:32.444690+00:00,True,+89.4%,True,$16316.5M,True,+116.5%,True,653.7K,True,$533.42 / SMA $521.13,True,4.42%,True,+90.1%,True,29.9M,True,NMS,True,
STX,Seagate Technology Holdings plc,848.99,2026-10-03T00:50:14.732545+00:00,True,+306.2%,True,$193054.4M,True,+149.1%,True,4408.5K,False,$848.99 / SMA $854.24,True,5.39%,True,+48.5%,False,225.8M,True,NMS,False,
SUCEF,"Sumitomo Osaka Cement Co., Ltd.",32.44,2026-10-03T00:57:44.853731+00:00,False,+28.9%,True,$3084.2M,,N/A,False,0.0K,True,$32.44 / SMA $30.88,False,0.00%,,N/A,True,95.0M,False,PNK,False,
SUN,Sunoco LP,74.73,2026-10-03T00:50:39.355429+00:00,False,+53.8%,True,$14080.2M,True,+184.8%,True,531.0K,False,$74.73 / SMA $75.34,False,2.82%,True,+164.5%,True,107.7M,True,NYQ,False,
SVAQU,Silicon Valley Acquisition Corp.,10.48,2026-10-03T01:01:15.632876+00:00,False,+5.5%,,N/A,,N/A,False,0.3K,True,$10.48 / SMA $10.43,False,0.00%,,N/A,True,21.7M,True,NGM,False,
SVC,Service Properties Trust,6.38,2026-10-03T00:56:08.490121+00:00,False,+12.9%,True,$826.3M,False,+-3704.3%,True,1667.1K,False,$6.38 / SMA $7.52,True,3.41%,False,+-16.4%,True,107.9M,True,NMS,False,
SVCBF,Svenska Cellulosa Aktiebolaget SCA (publ),12.29,2026-10-03T00:50:51.764814+00:00,False,+23.3%,True,$8631.8M,False,+-52.3%,False,1.2K,True,$12.29 / SMA $11.55,False,0.06%,False,+-4.2%,False,651.2M,False,PNK,False,
SVCTF,Senvest Capital Inc.,317.8,2026-10-03T00:57:51.429134+00:00,False,+32.5%,True,$768.0M,True,+84.9%,False,0.0K,True,$317.80 / SMA $307.61,False,0.00%,True,+86.1%,True,0.9M,False,PNK,False,
SVM,Silvercorp Metals Inc.,10.58,2026-10-03T00:54:18.673455+00:00,True,+77.8%,True,$2340.4M,True,+200.0%,True,2361.4K,False,$10.58 / SMA $11.58,True,3.87%,True,+70.5%,False,189.7M,True,ASE,False,
SVNLY,Svenska Handelsbanken AB (publ),7.57,2026-10-03T00:50:28.707559+00:00,False,+23.3%,True,$30002.8M,False,+-6.1%,False,125.9K,False,$7.57 / SMA $7.68,False,1.04%,False,+-2.4%,False,3243.1M,False,PNK,False,
SWDBY,Swedbank AB (publ),40.51,2026-10-03T00:50:24.388776+00:00,False,+35.9%,True,$45521.7M,False,+-12.3%,False,26.3K,True,$40.51 / SMA $40.09,False,0.99%,False,+4.6%,False,854.9M,False,PNK,False,
SWGAF,The Swatch Group AG,211.1,2026-10-03T00:50:40.727681+00:00,False,+11.7%,True,$10976.4M,,N/A,False,0.0K,False,$211.10 / SMA $216.12,False,0.37%,,N/A,True,36.8M,False,PNK,False,
SWK,"Stanley Black & Decker, Inc.",91.34,2026-10-03T00:50:42.856603+00:00,False,+47.6%,True,$13793.9M,True,+247.8%,True,1738.8K,False,$91.34 / SMA $94.90,False,2.71%,False,+0.4%,False,150.5M,True,NYQ,False,
SWZCF,Swisscom AG,745.82,2026-10-03T00:50:23.848438+00:00,False,+9.7%,True,$40088.2M,,N/A,False,0.1K,False,$745.82 / SMA $785.43,False,0.18%,False,+-2.0%,True,25.4M,False,OID,False,
SXGCF,Southern Cross Gold Consolidated Ltd.,7.97,2026-10-03T00:55:59.452847+00:00,True,+82.8%,True,$2149.1M,,N/A,False,67.3K,False,$7.97 / SMA $8.34,True,4.96%,,N/A,False,220.8M,False,OQX,False,
SXT,Sensient Technologies Corporation,128.59,2026-10-03T00:52:33.048842+00:00,False,+55.7%,True,$5473.9M,True,+36.4%,False,424.9K,False,$128.59 / SMA $130.45,False,2.10%,False,+11.6%,True,41.9M,True,NYQ,False,
TAK,Takeda Pharmaceutical Company Limited,17.86,2026-10-03T00:50:22.396454+00:00,False,+37.5%,True,$57055.1M,False,+-9.8%,True,3013.4K,False,$17.86 / SMA $18.03,False,1.21%,False,+10.2%,False,3156.8M,True,NYQ,False,
TAL,TAL Education Group,12.06,2026-10-03T00:52:28.664372+00:00,False,+35.8%,True,$6689.7M,True,+1360.0%,True,4624.1K,True,$12.06 / SMA $11.81,False,2.90%,True,+31.9%,False,361.0M,True,NYQ,False,
TCEHY,Tencent Holdings Limited,53.11,2026-10-03T00:50:12.920084+00:00,False,+0.5%,True,$478358.9M,False,+1.8%,True,3497.6K,False,$53.11 / SMA $56.96,False,1.42%,False,+11.0%,False,6211.1M,False,PNK,False,
TCKRF,Teck Resources Limited,64.41,2026-10-03T00:50:27.622022+00:00,True,+79.1%,True,$31599.5M,True,+324.4%,False,0.1K,False,$64.41 / SMA $66.21,False,0.03%,True,+78.2%,False,469.3M,False,PNK,False,
TE,T1 Energy Inc.,3.92,2026-10-03T00:54:21.272168+00:00,False,+66.1%,True,$1154.3M,False,+23.8%,True,29782.8K,False,$3.92 / SMA $4.55,True,6.19%,True,+88.4%,False,193.5M,True,NYQ,False,
TECK,Teck Resources Limited,68.56,2026-10-03T00:50:28.184743+00:00,True,+80.4%,True,$33635.5M,True,+324.4%,True,3170.5K,True,$68.56 / SMA $65.81,False,2.73%,True,+78.2%,False,469.3M,True,NYQ,False,
TEFOF,"Telefónica, S.A.",3.8,2026-10-03T00:50:30.995890+00:00,False,+3.8%,True,$21387.4M,True,+62.5%,False,5.5K,False,$3.80 / SMA $4.10,False,1.49%,,N/A,False,3925.3M,False,PNK,False,
TELDY,Telefónica Deutschland Holding AG,11.75,2026-10-03T00:52:23.922046+00:00,False,+1.7%,True,$6990.2M,,N/A,False,0.0K,True,$11.75 / SMA $11.75,False,0.00%,,N/A,True,18.7M,False,PNK,False,
TGTX,"TG Therapeutics, Inc.",54.29,2026-10-03T00:52:28.564518+00:00,True,+102.9%,True,$8310.1M,False,+-70.6%,True,2036.1K,True,$54.29 / SMA $53.70,True,4.02%,True,+70.3%,True,135.2M,True,NCM,False,
THC,Tenet Healthcare Corporation,258.62,2026-10-03T00:50:38.566639+00:00,False,+64.1%,True,$20823.8M,True,+213.4%,True,994.5K,False,$258.62 / SMA $261.80,True,3.01%,False,+14.6%,True,79.7M,True,NYQ,False,
THG,"The Hanover Insurance Group, Inc.",219.43,2026-10-03T00:52:25.646976+00:00,False,+31.8%,True,$7640.6M,False,+22.9%,False,311.5K,False,$219.43 / SMA $224.31,False,1.99%,False,+4.3%,True,34.5M,True,NYQ,False,
THNPF,Technip Energies N.V.,33.9,2026-10-03T00:52:25.559575+00:00,False,+0.0%,True,$5871.7M,,N/A,False,0.0K,False,$33.90 / SMA $34.88,False,0.00%,,N/A,True,94.0M,False,PNK,False,
THRM,Gentherm Incorporated,31.3,2026-10-03T00:57:43.924267+00:00,False,+15.9%,True,$962.1M,True,+600.0%,False,437.1K,False,$31.30 / SMA $39.45,True,3.81%,False,+11.0%,True,30.1M,True,NMS,False,
TISCY,Taisei Corporation,18.925,2026-10-03T00:50:39.812629+00:00,False,+12.2%,True,$12339.8M,,N/A,False,1.2K,False,$18.93 / SMA $19.69,False,2.60%,,N/A,False,602.1M,False,PNK,False,
TITN,Titan Machinery Inc.,25.42,2026-10-03T00:59:33.145093+00:00,True,+92.4%,True,$598.2M,False,+-53.8%,False,226.6K,True,$25.42 / SMA $20.96,True,5.12%,False,+-9.2%,True,20.4M,True,NMS,False,
TKAMY,thyssenkrupp AG,15.73,2026-10-03T00:50:50.939916+00:00,True,+92.8%,True,$9898.7M,True,+100.0%,False,24.6K,False,$15.73 / SMA $15.95,False,1.93%,False,+7.8%,False,608.2M,False,PNK,False,
TKC,Turkcell Iletisim Hizmetleri A.S.,5.04,2026-10-03T00:52:32.531167+00:00,False,+4.6%,True,$4387.7M,True,+30.3%,True,2354.2K,False,$5.04 / SMA $5.30,False,1.71%,False,+14.4%,False,351.7M,True,NYQ,False,
TKECY,"Tokyo Electric Power Company Holdings, Incorporated",3.26,2026-10-03T00:52:30.458108+00:00,False,+18.1%,True,$5224.8M,,N/A,False,1.2K,False,$3.26 / SMA $3.34,False,0.26%,,N/A,False,1510.6M,False,PNK,False,
TKMCY,TKMS AG & Co KGaA,9.3,2026-10-03T00:52:29.151770+00:00,False,+11.9%,,N/A,,N/A,False,0.7K,False,$9.30 / SMA_short $10.15,False,2.26%,,N/A,True,31.4M,False,PNK,False,
TKMTY,"Tokyo Metro Co., Ltd.",8.87,2026-10-03T00:52:30.557219+00:00,False,+6.2%,True,$5149.9M,,N/A,False,0.1K,True,$8.87 / SMA $8.87,False,0.00%,,N/A,False,271.8M,False,PNK,False,
TLN,Talen Energy Corporation,320.77,2026-10-03T00:50:36.374656+00:00,False,+14.7%,True,$15172.4M,False,+-233.3%,True,793.6K,True,$320.77 / SMA $319.00,True,3.94%,True,+111.2%,True,38.1M,True,NMS,False,
TLPFY,Teleperformance SE,38.9,2026-10-03T00:52:32.317022+00:00,False,+51.4%,True,$4522.8M,,N/A,False,6.5K,False,$38.90 / SMA $39.73,False,1.52%,,N/A,True,80.7M,False,PNK,False,
TMICY,Trend Micro Incorporated,43.18,2026-10-03T00:52:32.203172+00:00,False,+38.9%,True,$5604.4M,,N/A,False,10.0K,True,$43.18 / SMA $39.36,False,1.55%,,N/A,True,122.8M,False,PNK,False,
TMNSF,Temenos AG,85.63,2026-10-03T00:52:27.311695+00:00,False,+13.7%,True,$5819.3M,True,+150.0%,False,0.0K,True,$85.63 / SMA $80.19,False,0.16%,False,+21.2%,True,50.0M,False,PNK,False,
TMTNY,Toromont Industries Ltd.,31.44,2026-10-03T00:50:40.662836+00:00,False,+31.0%,True,$12817.1M,False,+-0.7%,False,47.7K,True,$31.44 / SMA $30.26,True,3.52%,False,+16.1%,False,407.2M,False,PNK,False,
TMVWY,TeamViewer SE,3.84,2026-10-03T00:57:42.734385+00:00,False,+60.0%,True,$1207.5M,,N/A,False,0.4K,True,$3.84 / SMA $3.66,False,0.15%,,N/A,False,297.2M,False,PNK,False,
TNABF,Tenaga Nasional Berhad,3.095,2026-10-03T00:50:33.060672+00:00,False,+14.6%,True,$19189.1M,False,+-23.4%,False,6.7K,True,$3.10 / SMA $3.09,False,1.32%,False,+8.3%,False,3391.6M,False,PNK,False,
TNABY,Tenaga Nasional Berhad,13.06,2026-10-03T00:50:33.246800+00:00,False,+11.6%,True,$19032.2M,False,+-23.4%,False,0.2K,False,$13.06 / SMA $13.88,False,1.10%,False,+8.3%,False,847.9M,False,PNK,False,
TNC,Tennant Company,67.12,2026-10-03T00:56:03.556544+00:00,False,+11.5%,True,$1144.3M,False,+-59.3%,False,198.4K,False,$67.12 / SMA $71.86,False,2.99%,False,+1.7%,True,16.6M,True,NYQ,False,
TNGZF,Tivan Limited,0.1432,2026-10-03T00:59:33.147853+00:00,True,+134.8%,True,$336.2M,,N/A,False,6.6K,False,$0.14 / SMA $0.17,False,0.31%,,N/A,False,1641.0M,False,PNK,False,
TNISY,"Técnicas Reunidas, S.A.",6.085,2026-10-03T00:54:17.245269+00:00,False,+0.0%,True,$2368.9M,,N/A,False,0.0K,False,$6.08 / SMA $6.51,False,0.00%,False,+3.0%,False,213.9M,False,PNK,False,
TNK,Teekay Tankers Ltd.,103.1,2026-10-03T00:54:18.150752+00:00,True,+118.5%,True,$3571.8M,True,+259.4%,False,430.4K,True,$103.10 / SMA $88.86,True,3.55%,True,+63.0%,True,23.9M,True,NYQ,False,
TOELF,Tokyo Electron Limited,79.0,2026-10-03T00:50:15.472146+00:00,True,+119.0%,True,$179447.3M,,N/A,False,31.0K,True,$79.00 / SMA $68.36,True,6.52%,,N/A,False,2196.5M,False,PNK,False,
TOITF,Topicus.com Inc.,62.4,2026-10-03T00:52:29.093478+00:00,False,+5.3%,True,$13314.3M,False,+16.1%,False,29.6K,False,$62.40 / SMA $69.72,False,2.71%,False,+17.5%,True,41.8M,False,PNK,False,
TOL,"Toll Brothers, Inc.",136.61,2026-10-03T00:50:41.217515+00:00,False,+10.9%,True,$12588.2M,False,+-20.4%,True,969.7K,False,$136.61 / SMA $143.33,False,2.61%,False,+-9.7%,True,91.4M,True,NYQ,False,
TOPPY,TOPPAN Holdings Inc.,15.03,2026-10-03T00:50:51.250711+00:00,True,+83.3%,True,$16914.8M,,N/A,False,1.9K,False,$15.03 / SMA $15.34,True,6.11%,,N/A,False,1017.8M,False,PNK,False,
TORXF,Torex Gold Resources Inc.,48.97,2026-10-03T00:52:37.341737+00:00,False,+51.6%,True,$4534.4M,True,+166.7%,False,41.4K,True,$48.97 / SMA $46.90,False,2.32%,True,+139.4%,True,92.3M,False,OQX,False,
TOST,"Toast, Inc.",29.79,2026-10-03T00:50:40.260853+00:00,False,+33.8%,True,$17218.6M,True,+100.0%,True,9312.2K,False,$29.79 / SMA $33.01,True,3.24%,False,+23.1%,False,485.0M,True,NYQ,False,
TPC,Tutor Perini Corporation,86.73,2026-10-03T00:54:10.192443+00:00,False,+49.8%,True,$4559.3M,True,+223.7%,True,659.9K,False,$86.73 / SMA $88.00,True,3.03%,False,+19.2%,True,47.3M,True,NYQ,False,
TR,"Tootsie Roll Industries, Inc.",37.99,2026-10-03T00:54:16.031239+00:00,False,+13.6%,True,$2855.4M,False,+-22.8%,False,164.7K,False,$37.99 / SMA $39.30,False,1.96%,False,+-0.6%,True,21.0M,True,NYQ,False,
TRAUF,Transurban Group,9.32,2026-10-03T00:50:26.765294+00:00,False,+5.4%,True,$29083.5M,,N/A,False,1.2K,False,$9.32 / SMA $10.02,False,1.14%,,N/A,False,3119.4M,False,PNK,False,
TRPRF,TRPRF,,2026-10-03T00:50:19.462509+00:00,False,N/A,False,N/A,False,N/A,False,N/A,False,N/A,False,N/A,False,N/A,False,N/A,False,Unknown,False,No price data available
TRRSF,Trisura Group Ltd.,28.94,2026-10-03T00:56:03.520602+00:00,False,+11.7%,True,$1366.4M,True,+48.3%,False,7.2K,False,$28.94 / SMA $30.11,False,0.14%,True,+242.0%,True,46.1M,False,PNK,False,
TRS,TriMas Corporation,39.12,2026-10-03T00:56:03.251538+00:00,False,+28.6%,True,$1403.4M,False,+-9.8%,False,382.7K,False,$39.12 / SMA $39.22,False,2.30%,False,+1.6%,True,26.9M,True,NMS,False,
TSSI,"TSS, Inc.",10.24,2026-10-03T00:59:39.720450+00:00,False,+49.1%,False,$289.0M,False,+-16.7%,True,885.5K,True,$10.24 / SMA $9.39,True,5.64%,False,+-20.1%,True,21.6M,True,NCM,False,
TSYHF,TravelSky Technology Limited,1.17,2026-10-03T00:54:12.407079+00:00,False,+30.0%,True,$3423.7M,,N/A,False,37.6K,True,$1.17 / SMA $1.11,True,4.57%,,N/A,False,932.6M,False,PNK,False,
TSYHY,TravelSky Technology Limited,11.322,2026-10-03T00:54:12.398460+00:00,False,+12.0%,True,$3338.4M,,N/A,False,3.9K,True,$11.32 / SMA $11.09,False,2.88%,,N/A,True,93.3M,False,PNK,False,
TUWLF,Tullow Oil plc,0.17,2026-10-03T00:59:36.002004+00:00,True,+240.0%,False,$257.6M,,N/A,False,5.0K,False,$0.17 / SMA $0.24,True,3.72%,,N/A,False,1084.0M,False,PNK,False,
TWODY,Taylor Wimpey plc,10.7,2026-10-03T00:54:10.988960+00:00,False,+9.3%,True,$3693.0M,,N/A,False,17.5K,False,$10.70 / SMA $11.10,False,1.52%,,N/A,False,347.2M,False,PNK,False,
TXRH,"Texas Roadhouse, Inc.",156.14,2026-10-03T00:50:43.119163+00:00,False,+1.5%,True,$10249.2M,False,+-0.5%,True,929.1K,False,$156.14 / SMA $189.81,False,2.68%,False,+11.1%,True,61.2M,True,NMS,False,
TYHOY,Toyota Tsusho Corporation,23.36,2026-10-03T00:50:23.295296+00:00,True,+90.7%,True,$43808.4M,,N/A,False,28.2K,True,$23.36 / SMA $23.08,True,3.63%,,N/A,False,1397.2M,False,PNK,False,
UAA,"Under Armour, Inc.",4.71,2026-10-03T00:54:20.729688+00:00,False,+14.0%,True,$2023.2M,True,+100.0%,True,8693.9K,False,$4.71 / SMA $5.41,True,4.21%,False,+-3.2%,False,302.7M,True,NYQ,False,
UELKY,Ülker Bisküvi Sanayi A.S.,18.5,2026-10-03T00:57:45.554201+00:00,False,+8.8%,True,$683.2M,True,+45.7%,False,0.0K,False,$18.50 / SMA $20.62,False,0.00%,False,+-11.4%,True,19.5M,False,PNK,False,
UGP,Ultrapar Participações S.A.,7.45,2026-10-03T00:52:27.584539+00:00,True,+106.9%,True,$7938.9M,True,+44.3%,True,3878.8K,True,$7.45 / SMA $6.74,False,2.71%,False,+21.9%,False,634.7M,True,NYQ,False,
UMBFO,UMB Financial Corporation,25.38,2026-10-03T00:50:45.750430+00:00,False,+1.0%,,N/A,,N/A,False,21.2K,False,$25.38 / SMA $25.81,False,1.27%,False,+14.2%,True,73.0M,True,NMS,False,
UMICF,Umicore SA,24.55,2026-10-03T00:52:24.653102+00:00,False,+51.7%,True,$5908.4M,,N/A,False,1.5K,False,$24.55 / SMA $25.63,False,0.11%,,N/A,False,215.9M,False,PNK,False,
UNCRY,UniCredit S.p.A.,44.48,2026-10-03T00:50:16.105029+00:00,False,+32.3%,True,$134147.5M,False,+-10.2%,False,331.1K,False,$44.48 / SMA $48.05,False,1.46%,False,+-6.5%,False,2991.0M,False,PNK,False,
UNIT,Uniti Group Inc.,8.04,2026-10-03T00:54:18.202151+00:00,False,+51.7%,True,$1951.5M,False,+-871.4%,True,2177.8K,False,$8.04 / SMA $9.72,True,3.51%,True,+202.5%,False,178.9M,True,NMS,False,
UNLRY,PT Unilever Indonesia Tbk,1.85,2026-10-03T00:54:10.718114+00:00,False,+6.9%,True,$3753.4M,,N/A,False,4.5K,False,$1.85 / SMA $1.97,False,0.87%,False,+3.0%,False,277.9M,False,PNK,False,
UNTY,"Unity Bancorp, Inc.",55.34,2026-10-03T00:57:55.320933+00:00,False,+24.8%,True,$555.8M,False,+-11.8%,False,60.5K,False,$55.34 / SMA $58.64,False,2.26%,False,+-7.7%,True,7.3M,True,NGM,False,
UPB,"Upstream Bio, Inc.",5.04,2026-10-03T00:59:32.282164+00:00,False,+3.5%,False,$276.0M,False,+2.4%,True,585.9K,False,$5.04 / SMA $6.28,True,5.64%,False,+-17.5%,True,42.8M,True,NMS,False,
UROY,Uranium Royalty Corp.,3.97,2026-10-03T00:59:30.790030+00:00,False,+55.1%,True,$1512.8M,True,+900.0%,True,3418.5K,False,$3.97 / SMA $4.07,True,5.53%,True,+112.9%,False,374.0M,True,NCM,False,
USAC,"USA Compression Partners, LP",25.42,2026-10-03T00:52:35.927745+00:00,False,+16.3%,True,$3684.5M,True,+40.9%,False,336.7K,False,$25.42 / SMA $26.36,False,2.34%,True,+36.8%,True,97.1M,True,NYQ,False,
USAR,"USA Rare Earth, Inc.",13.59,2026-10-03T00:52:29.945342+00:00,False,+18.7%,True,$5101.6M,True,+96.8%,True,12220.6K,False,$13.59 / SMA $16.78,True,5.02%,,N/A,False,164.8M,True,NGM,False,
USAS,Americas Gold and Silver Corporation,4.42,2026-10-03T00:55:58.001668+00:00,False,+25.6%,True,$1494.7M,True,+66.7%,True,4295.3K,False,$4.42 / SMA $4.90,True,5.01%,True,+72.1%,False,280.7M,True,ASE,False,
USPH,"U.S. Physical Therapy, Inc.",83.72,2026-10-03T00:57:45.155783+00:00,False,+43.9%,True,$1249.3M,False,+-56.9%,False,204.8K,True,$83.72 / SMA $79.86,False,2.93%,False,+8.5%,True,14.5M,True,NYQ,False,
UWMC,UWM Holdings Corporation,1.26,2026-10-03T00:52:32.564172+00:00,False,+35.5%,True,$2024.8M,False,+-318.2%,True,16716.5K,False,$1.26 / SMA $1.46,True,6.10%,False,+-117.2%,False,291.4M,True,NYQ,False,
UXIN,Uxin Limited,1.275,2026-10-03T00:59:31.890806+00:00,False,+42.3%,False,$280.5M,,N/A,False,460.7K,True,$1.27 / SMA $1.21,True,7.64%,True,+112.9%,True,65.3M,True,NMS,False,
UZAPF,Flughafen Zürich AG,242.81,2026-10-03T00:50:47.891157+00:00,False,+5.5%,True,$7453.8M,,N/A,False,0.1K,False,$242.81 / SMA $270.86,False,1.27%,,N/A,True,18.8M,False,PNK,False,
VACI.U,VACI.U,,2026-10-03T00:59:41.090582+00:00,False,N/A,False,N/A,False,N/A,False,N/A,False,N/A,False,N/A,False,N/A,False,N/A,False,Unknown,False,No price data available
VAL,Valaris Limited,78.39,2026-10-03T00:52:24.843128+00:00,False,+67.9%,True,$5443.1M,False,+-55.3%,True,1089.1K,False,$78.39 / SMA $83.08,True,3.87%,False,+-12.4%,True,61.1M,True,NYQ,False,
VARRY,Vår Energi ASA,11.0,2026-10-03T00:50:41.150026+00:00,True,+82.5%,True,$13729.4M,True,+312.5%,False,30.9K,True,$11.00 / SMA $10.41,False,1.64%,True,+102.7%,False,451.9M,False,PNK,False,
VBNK,VersaBank,22.4,2026-10-03T00:57:54.573458+00:00,True,+99.1%,True,$726.2M,True,+55.0%,False,123.7K,True,$22.40 / SMA $20.77,True,4.07%,False,+22.9%,True,20.9M,True,NMS,False,
VBVBF,Verbio SE,36.985,2026-10-03T00:54:18.357795+00:00,True,+205.7%,True,$2367.4M,True,+263.6%,False,0.0K,False,$36.98 / SMA $39.53,False,0.00%,False,+13.2%,True,41.3M,False,PNK,False,
VCHYF,"V Technology Co., Ltd.",38.725,2026-10-03T01:01:13.168490+00:00,True,+86.8%,True,$366.2M,,N/A,False,0.0K,True,$38.73 / SMA $1.14,,N/A,,N/A,True,8.2M,False,PNK,False,
VEEV,Veeva Systems Inc.,273.33,2026-10-03T00:50:30.133620+00:00,True,+84.6%,True,$44254.5M,True,+39.5%,True,1721.2K,True,$273.33 / SMA $250.27,False,2.89%,False,+17.6%,True,148.3M,True,NYQ,False,
VEOEY,Veolia Environnement SA,17.33,2026-10-03T00:50:28.621743+00:00,False,+7.4%,True,$25720.0M,,N/A,False,234.9K,False,$17.33 / SMA $19.10,False,1.02%,,N/A,False,1131.2M,False,PNK,False,
VG,"Venture Global, Inc.",13.13,2026-10-03T00:50:26.654132+00:00,True,+129.5%,True,$32826.2M,True,+264.3%,True,14749.2K,False,$13.13 / SMA $13.84,True,4.32%,True,+47.6%,False,521.6M,True,NYQ,False,
VKI,Invesco Advantage Municipal Income Trust II,7.67,2026-10-03T00:59:35.844254+00:00,False,+5.8%,True,$340.8M,,N/A,False,117.7K,False,$7.67 / SMA $8.58,False,1.99%,,N/A,,N/A,True,ASE,False,
VKTX,"Viking Therapeutics, Inc.",29.94,2026-10-03T00:54:11.824959+00:00,False,+16.2%,True,$3763.1M,False,+-89.7%,True,3844.9K,False,$29.94 / SMA $33.42,True,6.46%,,N/A,True,113.7M,True,NCM,False,
VLERF,Valeura Energy Inc.,10.77,2026-10-03T00:57:45.348937+00:00,True,+148.2%,True,$1143.9M,True,+900.7%,False,41.1K,True,$10.77 / SMA $9.67,False,2.67%,True,+101.0%,True,85.0M,False,OQX,False,
VLOWY,Vallourec S.A.,4.1,2026-10-03T00:52:26.558153+00:00,False,+17.1%,True,$5464.2M,False,+-6.3%,False,95.0K,False,$4.10 / SMA $4.37,True,3.47%,False,+-11.7%,False,905.3M,False,PNK,False,
VLVCY,Volvo Car AB (publ.),3.25,2026-10-03T00:50:51.942030+00:00,False,+8.3%,True,$4911.4M,,N/A,False,0.3K,False,$3.25 / SMA $4.00,False,1.49%,,N/A,False,298.2M,False,PNK,False,
VLXGF,Volex plc,8.5,2026-10-03T00:56:00.429990+00:00,True,+77.1%,True,$1555.7M,,N/A,False,1.3K,True,$8.50 / SMA $7.89,False,0.10%,,N/A,True,132.3M,False,PNK,False,
VMET,Versamet Royalties Corporation,8.51,2026-10-03T00:57:53.292068+00:00,False,+0.8%,True,$926.1M,,N/A,False,309.8K,False,$8.51 / SMA $9.73,True,4.16%,True,+391.9%,True,44.8M,True,NCM,False,
VODPF,Vodafone Group Public Limited Company,1.63,2026-10-03T00:50:26.118318+00:00,False,+55.2%,True,$37762.6M,,N/A,False,2.4K,True,$1.63 / SMA $1.61,False,0.00%,,N/A,False,19695.2M,False,PNK,False,
VOLAF,AB Volvo (publ),28.5,2026-10-03T00:50:19.413473+00:00,False,+6.0%,True,$57953.4M,True,+40.1%,False,0.0K,False,$28.50 / SMA $36.03,False,0.00%,False,+2.7%,False,1942.5M,False,PNK,False,
VOXR,Vox Royalty Corp.,5.03,2026-10-03T00:59:34.645031+00:00,False,+32.2%,True,$349.6M,True,+2500.0%,False,437.7K,False,$5.03 / SMA $5.27,True,3.52%,True,+122.6%,True,64.1M,True,NCM,False,
VOYA,"Voya Financial, Inc.",96.65,2026-10-03T00:50:51.732105+00:00,False,+49.8%,True,$8756.1M,False,+-41.6%,True,1033.5K,False,$96.65 / SMA $99.80,False,2.56%,False,+-1.3%,True,90.2M,True,NYQ,False,
VRNS,"Varonis Systems, Inc.",47.57,2026-10-03T00:54:11.987966+00:00,True,+141.5%,True,$5463.9M,False,+-28.1%,True,1823.9K,True,$47.57 / SMA $44.59,True,3.77%,False,+18.3%,True,111.4M,True,NMS,False,
VSH,"Vishay Intertechnology, Inc.",38.18,2026-10-03T00:52:27.014829+00:00,True,+224.4%,True,$5856.0M,True,+1800.0%,True,4444.0K,True,$38.18 / SMA $32.62,True,4.32%,False,+16.6%,True,140.7M,True,NYQ,False,
VTEX,VTEX,3.65,2026-10-03T00:57:53.148647+00:00,False,+28.5%,True,$622.3M,True,+262.5%,True,797.6K,False,$3.65 / SMA $3.79,False,2.31%,False,+9.5%,True,39.6M,True,NYQ,False,
VWAGY,Volkswagen AG,7.56,2026-10-03T00:50:21.902615+00:00,False,+0.0%,True,$37897.9M,False,+-41.0%,False,321.7K,False,$7.56 / SMA $8.72,False,2.14%,False,+2.0%,False,2346.8M,False,PNK,False,
WEBNF,Westpac Banking Corporation,22.75,2026-10-03T00:50:18.304630+00:00,False,+3.1%,True,$77689.1M,,N/A,False,2.0K,False,$22.75 / SMA $24.48,False,1.15%,,N/A,False,3411.3M,False,PNK,False,
WEC,"WEC Energy Group, Inc.",101.59,2026-10-03T00:50:25.732193+00:00,False,+1.8%,True,$33103.0M,False,+19.7%,True,2407.7K,False,$101.59 / SMA $106.44,False,1.51%,False,+2.6%,False,324.9M,True,NYQ,False,
WERN,"Werner Enterprises, Inc.",35.35,2026-10-03T00:54:20.305482+00:00,False,+53.3%,True,$2119.2M,False,+-85.3%,True,1036.5K,False,$35.35 / SMA $37.32,True,3.51%,False,+24.0%,True,58.8M,True,NMS,False,
WEST,Westrock Coffee Company,8.14,2026-10-03T00:57:47.871180+00:00,True,+126.7%,True,$794.7M,True,+39.1%,False,386.8K,True,$8.14 / SMA $8.04,True,3.63%,False,+8.8%,True,36.1M,True,NGM,False,
WFAFY,Wesfarmers Limited,26.5,2026-10-03T00:50:20.653197+00:00,False,+8.2%,True,$60170.0M,,N/A,False,95.4K,False,$26.50 / SMA $28.39,False,1.54%,,N/A,False,2263.2M,False,PNK,False,
WGS,GeneDx Holdings Corp.,73.09,2026-10-03T00:56:03.628505+00:00,True,+126.9%,True,$2179.7M,False,+-266.7%,True,723.5K,False,$73.09 / SMA $81.43,True,7.20%,False,+11.4%,True,20.4M,True,NMS,False,
WHGRF,WH Group Limited,0.866,2026-10-03T00:50:40.170540+00:00,False,+8.1%,True,$11462.7M,,N/A,False,24.0K,True,$0.87 / SMA $0.79,False,0.10%,,N/A,False,7467.3M,False,PNK,False,
WILWY,Wallenius Wilhelmsen ASA,37.0,2026-10-03T00:52:30.273733+00:00,True,+164.1%,True,$7823.1M,False,+-67.8%,False,0.0K,True,$37.00 / SMA $30.06,False,0.00%,False,+-3.3%,True,130.4M,False,PNK,False,
WILYY,Demant A/S,25.81,2026-10-03T00:50:50.850707+00:00,True,+91.9%,True,$10886.6M,,N/A,False,0.2K,True,$25.81 / SMA $22.64,False,0.00%,,N/A,False,167.7M,False,PNK,False,
WK,Workiva Inc.,71.23,2026-10-03T00:54:16.839746+00:00,False,+64.4%,True,$3997.4M,,N/A,True,862.6K,True,$71.23 / SMA $69.88,True,4.05%,False,+18.6%,True,45.6M,True,NYQ,False,
WKCMF,Wacker Chemie AG,98.65,2026-10-03T00:52:28.943584+00:00,False,+34.8%,True,$4900.7M,,N/A,False,0.0K,False,$98.65 / SMA $104.47,False,0.10%,False,+7.4%,True,18.9M,False,PNK,False,
WLMIY,Wilmar International Limited,27.05,2026-10-03T00:50:35.881184+00:00,False,+23.4%,True,$16890.6M,,N/A,False,42.9K,False,$27.05 / SMA $29.28,False,2.00%,,N/A,False,178.0M,False,PNK,False,
WMG,Warner Music Group Corp.,26.815,2026-10-03T00:50:35.545192+00:00,False,+14.9%,True,$14027.2M,True,+1366.7%,True,2092.4K,False,$26.82 / SMA $27.28,True,3.04%,False,+10.4%,True,146.1M,True,NMS,False,
WMK,"Weis Markets, Inc.",74.04,2026-10-03T00:55:59.068505+00:00,False,+23.4%,True,$1832.1M,False,+-8.9%,False,178.6K,True,$74.04 / SMA $72.63,False,2.24%,False,+4.6%,True,13.5M,True,NYQ,False,
WMMVY,"Wal-Mart de México, S.A.B. de C.V.",25.43,2026-10-03T00:50:21.385068+00:00,False,+3.2%,True,$43791.0M,False,+-8.5%,False,187.3K,False,$25.43 / SMA $27.46,False,2.87%,False,+4.1%,False,490.5M,False,OQX,False,
WNC,Wabash National Corporation,14.04,2026-10-03T01:01:13.789697+00:00,True,+111.8%,True,$571.9M,False,+-143.5%,True,1063.9K,True,$14.04 / SMA $12.63,True,5.45%,False,+-9.1%,True,37.5M,True,NYQ,False,
WNGRF,George Weston Limited,70.22,2026-10-03T00:50:30.011214+00:00,False,+16.2%,True,$26283.3M,False,+-47.7%,False,8.2K,False,$70.22 / SMA $72.02,False,0.05%,False,+4.1%,False,152.4M,False,PNK,False,
WOLWF,Woolworths Group Limited,18.9,2026-10-03T00:50:28.851659+00:00,False,+18.1%,True,$25955.8M,,N/A,False,0.1K,False,$18.90 / SMA $29.48,False,0.00%,,N/A,False,1217.1M,False,PNK,False,
WPPGF,WPP plc,4.96,2026-10-03T00:54:10.569089+00:00,False,+68.7%,True,$5349.5M,,N/A,False,0.3K,False,$4.96 / SMA $5.00,False,0.30%,,N/A,False,1074.5M,False,PNK,False,
WRTBY,Wärtsilä Oyj Abp,6.6,2026-10-03T00:50:31.065024+00:00,False,+14.4%,True,$19455.0M,,N/A,False,88.1K,False,$6.60 / SMA $6.63,False,2.69%,False,+-0.1%,False,2342.3M,False,PNK,False,
WS,"Worthington Steel, Inc.",36.97,2026-10-03T00:55:54.863138+00:00,False,+35.8%,True,$1883.5M,False,+-189.1%,False,262.0K,True,$36.97 / SMA $35.44,True,4.09%,False,+11.6%,True,45.1M,True,NYQ,False,
WST,"West Pharmaceutical Services, Inc.",364.98,2026-10-03T00:50:32.509014+00:00,False,+63.1%,True,$25685.7M,False,+18.1%,True,642.8K,True,$364.98 / SMA $351.55,False,2.30%,False,+13.8%,True,69.8M,True,NYQ,False,
WTBFB,W.T.B. Financial Corporation,460.25,2026-10-03T00:57:43.948067+00:00,False,+45.4%,True,$1160.2M,True,+84.1%,False,1.3K,True,$460.25 / SMA $452.84,False,1.17%,False,+24.5%,,N/A,False,OID,False,
WTCHF,WiseTech Global Limited,22.09,2026-10-03T00:50:46.883426+00:00,False,+16.6%,True,$7428.9M,,N/A,False,0.7K,False,$22.09 / SMA $26.16,False,0.20%,,N/A,False,189.4M,False,PNK,False,
WULF,TeraWulf Inc.,15.49,2026-10-03T00:50:43.857885+00:00,False,+47.9%,True,$7729.0M,False,+-3780.0%,True,32394.2K,False,$15.49 / SMA $16.45,True,6.08%,False,+-6.0%,False,384.1M,True,NCM,False,
WUXAY,"WuXi AppTec Co., Ltd.",26.676,2026-10-03T00:50:23.289396+00:00,True,+114.3%,True,$80959.1M,,N/A,False,1.8K,True,$26.68 / SMA $24.55,False,1.17%,True,+47.7%,False,2462.3M,False,PNK,False,
WXIBF,WuXi Biologics (Cayman) Inc.,6.77,2026-10-03T00:50:36.080345+00:00,True,+73.6%,True,$27867.6M,,N/A,False,2.0K,True,$6.77 / SMA $5.77,False,0.03%,,N/A,False,3706.3M,False,PNK,False,
WZZAF,Wizz Air Holdings Plc,14.96,2026-10-03T00:56:07.447798+00:00,False,+34.3%,True,$1548.8M,,N/A,False,0.0K,True,$14.96 / SMA $11.14,False,0.00%,,N/A,True,87.0M,False,PNK,False,
XIORF,Xior Student Housing NV,25.586,2026-10-03T00:56:02.780677+00:00,False,+4.2%,True,$1194.7M,,N/A,False,0.3K,False,$25.59 / SMA $30.69,False,0.82%,,N/A,True,38.6M,False,PNK,False,
XJNGF,"Goldwind Science&Technology Co., Ltd.",1.24,2026-10-03T00:50:39.789142+00:00,False,+17.0%,True,$5235.9M,True,+61.0%,False,0.2K,True,$1.24 / SMA $1.20,False,0.00%,True,+63.5%,False,3102.9M,False,PNK,False,
XMTR,"Xometry, Inc.",102.53,2026-10-03T00:52:33.740553+00:00,True,+185.9%,True,$5664.4M,True,+80.8%,True,751.4K,True,$102.53 / SMA $91.68,True,5.24%,True,+41.1%,True,52.1M,True,NMS,True,
XPEL,"XPEL, Inc.",44.97,2026-10-03T00:56:06.234977+00:00,False,+41.1%,True,$1239.9M,False,+10.2%,False,212.4K,False,$44.97 / SMA $47.37,True,3.15%,False,+14.7%,True,23.0M,True,NCM,False,
XPNGF,XPeng Inc.,4.64,2026-10-03T00:50:38.782604+00:00,False,+6.7%,True,$8890.0M,False,+-180.0%,False,0.0K,False,$4.64 / SMA $5.89,False,0.43%,False,+8.0%,False,1420.4M,False,PNK,False,
XPRO,Expro Ltd,16.3,2026-10-03T00:55:58.789243+00:00,False,+36.7%,True,$1848.4M,False,+-87.5%,True,896.3K,False,$16.30 / SMA $17.16,True,3.98%,False,+-7.0%,True,99.7M,True,NYQ,False,
XRN,Chiron Real Estate Inc.,34.01,2026-10-03T00:59:28.111647+00:00,False,+17.1%,True,$492.5M,True,+9660.0%,False,90.3K,False,$34.01 / SMA $36.10,False,2.11%,False,+2.7%,True,12.2M,True,NYQ,False,
XRPN,Armada Acquisition Corp. II,39.42,2026-10-03T00:59:40.475746+00:00,True,+290.3%,True,$1245.3M,True,+192407.7%,False,240.2K,True,$39.42 / SMA $10.95,True,8.05%,,N/A,True,19.1M,True,NGM,False,
YAMCY,Yamaha Corporation,7.95,2026-10-03T00:54:14.522020+00:00,False,+25.6%,True,$3497.2M,,N/A,False,2.0K,False,$7.95 / SMA $8.14,False,2.18%,,N/A,False,425.2M,False,PNK,False,
YASKY,YASKAWA Electric Corporation,62.3,2026-10-03T00:50:43.334396+00:00,False,+35.9%,True,$8079.3M,,N/A,False,12.8K,True,$62.30 / SMA $60.73,False,2.22%,,N/A,True,129.6M,False,PNK,False,
YNAJF,"Yantai North Andre Juice Co., Ltd.",1.1,2026-10-03T00:54:21.621373+00:00,False,+0.0%,True,$360.7M,,N/A,False,0.0K,False,$1.10 / SMA $2.09,False,0.00%,,N/A,True,57.7M,False,PNK,False,
YNGFF,Yangzijiang Financial Holding Ltd.,0.1548,2026-10-03T00:57:50.729289+00:00,False,+6.8%,True,$538.1M,,N/A,False,0.3K,False,$0.15 / SMA $0.16,False,0.00%,,N/A,False,1847.2M,False,PNK,False,
YSHLF,Yangzijiang Shipbuilding (Holdings) Ltd.,4.08,2026-10-03T00:50:42.336289+00:00,False,+63.2%,True,$16079.2M,,N/A,False,1.0K,True,$4.08 / SMA $3.59,False,0.66%,,N/A,False,2537.7M,False,PNK,False,
YZCHF,Yankuang Energy Group Company Limited,1.4,2026-10-03T00:50:30.565828+00:00,False,+22.8%,True,$14051.6M,,N/A,False,0.0K,False,$1.40 / SMA $1.49,False,0.00%,False,+20.9%,False,4727.5M,False,OQX,False,
ZG,"Zillow Group, Inc.",28.095,2026-10-03T00:50:49.453732+00:00,False,+3.1%,True,$6317.9M,False,+-300.0%,True,1112.2K,False,$28.09 / SMA $33.57,True,4.26%,False,+17.9%,False,207.0M,True,NMS,False,
ZLAB,Zai Lab Limited,24.33,2026-10-03T00:54:22.470263+00:00,False,+52.4%,True,$2731.4M,False,+-25.0%,True,947.8K,True,$24.33 / SMA $24.20,True,3.35%,False,+-3.3%,True,97.1M,True,NGM,False,
ZLDSF,Zalando SE,26.4,2026-10-03T00:52:28.702385+00:00,False,+16.2%,True,$6447.5M,False,+-21.6%,False,0.0K,True,$26.40 / SMA $26.24,False,0.00%,False,+20.8%,False,221.4M,False,PNK,False,
ZNZNF,Zinzino AB (publ),13.37,2026-10-03T00:57:53.617683+00:00,False,+14.1%,True,$526.8M,,N/A,False,0.6K,False,$13.37 / SMA $14.02,False,0.15%,False,+17.9%,True,22.7M,False,PNK,False,
ZUMZ,Zumiez Inc.,13.29,2026-10-03T00:59:34.419252+00:00,False,+1.7%,False,$203.7M,False,+-183.3%,False,280.4K,False,$13.29 / SMA $17.18,True,4.71%,False,+-2.5%,True,11.4M,True,NMS,False,
