ticker,name,price,fetched_at,c1_price_vs_52w_low_passes,c1_price_vs_52w_low_value,c2_market_cap_passes,c2_market_cap_value,c3_eps_growth_passes,c3_eps_growth_value,c4_avg_volume_passes,c4_avg_volume_value,c5_price_vs_sma50_passes,c5_price_vs_sma50_value,c6_volatility_1m_passes,c6_volatility_1m_value,c7_revenue_growth_passes,c7_revenue_growth_value,c8_float_passes,c8_float_value,c9_us_market_passes,c9_us_market_value,passes_all,error
AACI,Armada Acquisition Corp. III,10.06,2026-10-08T01:36:42.899406+00:00,False,+3.3%,True,$342.3M,,N/A,False,25.9K,True,$10.06 / SMA $10.03,False,0.16%,,N/A,True,23.1M,True,NGM,False,
AAUKF,Anglo American plc,53.81,2026-10-08T01:27:01.868516+00:00,False,+51.7%,True,$57656.8M,,N/A,False,1.1K,False,$53.81 / SMA $54.06,False,0.16%,,N/A,False,951.8M,False,OQX,False,
AAVMY,ABN AMRO Bank N.V.,45.41,2026-10-08T01:27:08.986013+00:00,False,+59.6%,True,$37006.2M,True,+34.3%,False,19.6K,False,$45.41 / SMA $47.76,False,1.31%,False,+13.1%,False,550.0M,False,PNK,False,
AB,AllianceBernstein Holding L.P.,35.1,2026-10-08T01:31:04.963582+00:00,False,+1.5%,True,$3266.9M,False,+20.3%,False,282.7K,False,$35.10 / SMA $36.14,False,1.50%,,N/A,True,92.3M,True,NYQ,False,
ABBRF,AbraSilver Resource Corp.,8.0,2026-10-08T01:31:20.711033+00:00,True,+106.7%,True,$1323.9M,False,+-150.0%,False,190.6K,False,$8.00 / SMA $10.40,True,5.93%,,N/A,True,143.8M,False,OQX,False,
ABM,ABM Industries Incorporated,48.75,2026-10-08T01:31:16.009738+00:00,False,+31.9%,True,$2857.5M,True,+25.4%,False,446.2K,True,$48.75 / SMA $48.12,False,2.41%,False,+4.2%,True,57.9M,True,NYQ,False,
ABR,"Arbor Realty Trust, Inc.",3.25,2026-10-08T01:33:08.081560+00:00,False,+0.8%,True,$658.9M,False,+-100.0%,True,4354.6K,False,$3.25 / SMA $4.71,True,4.26%,False,+-12.3%,False,178.1M,True,NYQ,False,
ACA,"Arcosa, Inc.",146.4,2026-10-08T01:29:19.029653+00:00,False,+64.4%,True,$7189.2M,True,+446.7%,True,676.0K,True,$146.40 / SMA $145.53,False,0.29%,False,+1.7%,True,48.2M,True,NYQ,False,
ACAA,Averin Capital Acquisition Corp.,10.02,2026-10-08T01:36:40.967577+00:00,False,+4.8%,True,$357.5M,,N/A,False,32.2K,True,$10.02 / SMA $10.00,False,0.02%,,N/A,True,28.3M,True,NGM,False,
ACCO,ACCO,4.42,2026-10-08T01:36:41.640767+00:00,False,+57.3%,True,$408.0M,False,+-51.6%,True,668.6K,True,$4.42 / SMA $4.26,False,2.58%,,N/A,True,88.1M,True,NYQ,False,
ACGBF,Agricultural Bank of China Limited,0.79,2026-10-08T01:26:52.240681+00:00,False,+27.4%,True,$276486.6M,,N/A,False,0.1K,True,$0.79 / SMA $0.79,False,0.30%,False,+11.9%,False,200428.3M,False,PNK,False,
ACGLO,Arch Capital Group Ltd.,18.14,2026-10-08T01:27:08.717856+00:00,False,+0.7%,,N/A,,N/A,False,34.9K,False,$18.14 / SMA $18.69,False,1.86%,False,+-9.7%,False,326.9M,True,NMS,False,
ACI,"Albertsons Companies, Inc.",11.74,2026-10-08T01:27:38.911546+00:00,False,+8.1%,True,$5697.7M,False,+-58.5%,True,8255.2K,False,$11.74 / SMA $12.10,False,2.98%,False,+0.2%,False,325.0M,True,NYQ,False,
ACIC,American Coastal Insurance Corporation,9.51,2026-10-08T01:34:57.747102+00:00,False,+5.5%,True,$449.5M,False,+-17.0%,False,265.6K,False,$9.51 / SMA $9.60,False,2.07%,False,+-4.5%,True,22.8M,True,NCM,False,
ACNDF,CapitaLand India Trust,0.74,2026-10-08T01:33:04.210523+00:00,False,+7.2%,True,$1100.3M,,N/A,False,37.1K,False,$0.74 / SMA $0.77,True,4.92%,,N/A,False,1131.9M,False,PNK,False,
ACRFF,Accor SA,48.95,2026-10-08T01:27:28.453321+00:00,False,+8.7%,True,$11226.7M,,N/A,False,0.2K,False,$48.95 / SMA $52.84,False,0.00%,,N/A,False,181.3M,False,PNK,False,
ACRXF,"Acerinox, S.A.",19.365,2026-10-08T01:29:30.243711+00:00,False,+62.5%,True,$4825.0M,,N/A,False,0.1K,False,$19.36 / SMA $19.46,False,0.00%,False,+5.0%,False,177.9M,False,PNK,False,
ADAMN,"Adamas Trust, Inc.",23.56,2026-10-08T01:34:47.281459+00:00,False,+12.1%,,N/A,,N/A,False,7.7K,False,$23.56 / SMA $24.06,False,1.63%,True,+100.7%,True,84.3M,True,NMS,False,
ADBE,Adobe Inc.,232.77,2026-10-08T01:26:56.604708+00:00,False,+22.4%,True,$90594.1M,False,+10.5%,True,5012.9K,False,$232.77 / SMA $258.96,True,3.14%,False,+12.9%,False,388.1M,True,NMS,False,
ADTTF,Advantest Corporation,266.94,2026-10-08T01:26:55.560776+00:00,True,+152.6%,True,$192718.1M,,N/A,False,1.8K,True,$266.94 / SMA $214.21,True,7.45%,,N/A,False,723.5M,False,PNK,False,
AEOXF,Aeroports de Paris SA,116.14,2026-10-08T01:27:27.595165+00:00,False,+3.2%,True,$11488.9M,,N/A,False,0.1K,False,$116.14 / SMA $131.26,False,0.00%,,N/A,True,31.5M,False,PNK,False,
AFB,"AllianceBernstein National Municipal Income Fund, Inc.",9.31,2026-10-08T01:36:45.988368+00:00,False,+0.3%,,N/A,,N/A,False,94.8K,False,$9.31 / SMA $10.38,False,1.43%,,N/A,,N/A,True,NYQ,False,
AFRAF,Air France-KLM SA,12.91,2026-10-08T01:31:08.689709+00:00,False,+22.0%,True,$3388.1M,,N/A,False,0.0K,False,$12.91 / SMA $14.07,False,0.00%,False,+9.9%,False,189.1M,False,OID,False,
AFRM,"Affirm Holdings, Inc.",75.31,2026-10-08T01:27:16.125304+00:00,True,+78.9%,True,$25411.2M,True,+2210.0%,True,4222.3K,True,$75.31 / SMA $73.45,True,4.50%,True,+33.0%,False,283.8M,True,NMS,False,
AGCC,Agencia Comercial Spirits Ltd,15.5,2026-10-08T01:34:52.327213+00:00,True,+323.5%,True,$663.2M,,N/A,False,37.5K,True,$15.50 / SMA $14.51,True,6.08%,,N/A,True,3.1M,True,NCM,False,
AGLXY,AGL Energy Limited,5.69,2026-10-08T01:29:27.420372+00:00,False,+2.7%,True,$3827.9M,,N/A,False,2.3K,False,$5.69 / SMA $5.96,False,2.32%,,N/A,False,1207.9M,False,PNK,False,
AGMB,AgomAb Therapeutics NV,8.8,2026-10-08T01:34:55.749580+00:00,False,+10.4%,True,$433.4M,,N/A,False,135.6K,False,$8.80 / SMA $12.68,True,10.41%,,N/A,True,11.5M,True,NMS,False,
AGNCP,AGNC Investment Corp.,24.12,2026-10-08T01:27:29.460766+00:00,False,+2.1%,,N/A,,N/A,False,51.9K,False,$24.12 / SMA $24.76,False,0.65%,True,+710.7%,False,1177.9M,True,NMS,False,
AHG,Akso Health Group,1.21,2026-10-08T01:33:02.742673+00:00,True,+77.7%,True,$1036.6M,,N/A,False,107.4K,True,$1.21 / SMA $1.02,True,12.60%,,N/A,False,854.0M,True,NCM,False,
AHR,"American Healthcare REIT, Inc.",49.37,2026-10-08T01:27:33.657981+00:00,False,+23.4%,True,$10762.6M,True,+166.7%,True,2879.0K,False,$49.37 / SMA $53.84,False,1.82%,False,+24.3%,False,216.6M,True,NYQ,False,
AI,"C3.ai, Inc.",11.23,2026-10-08T01:33:02.916219+00:00,False,+46.3%,True,$1805.6M,True,+30.2%,True,4950.1K,True,$11.23 / SMA $10.37,True,4.30%,False,+-25.5%,True,144.2M,True,NYQ,False,
AINSF,Ainsworth Game Technology Limited,0.75,2026-10-08T01:36:44.381616+00:00,False,+22.5%,False,$252.6M,,N/A,False,7.8K,False,$0.75 / SMA $0.79,False,0.80%,,N/A,True,27.8M,False,PNK,False,
AIO,Virtus Artificial Intelligence & Technology Opportunities Fund,25.5,2026-10-08T01:34:44.482262+00:00,False,+22.0%,True,$878.2M,,N/A,False,71.3K,True,$25.50 / SMA $25.45,False,2.13%,,N/A,,N/A,True,NYQ,False,
AIOT,"PowerFleet, Inc.",2.63,2026-10-08T01:36:33.308380+00:00,False,+3.1%,True,$353.0M,True,+25.0%,True,1736.8K,False,$2.63 / SMA $3.13,True,3.90%,False,+6.4%,True,124.0M,True,NGM,False,
AIRS,"AirSculpt Technologies, Inc.",1.82,2026-10-08T01:36:39.337758+00:00,False,+20.5%,False,$131.2M,False,+-100.0%,True,819.8K,False,$1.82 / SMA $2.83,True,8.51%,False,+-2.5%,True,16.8M,True,NGM,False,
AJNMY,"Ajinomoto Co., Inc.",33.74,2026-10-08T01:27:09.635685+00:00,False,+63.9%,True,$32146.0M,,N/A,False,40.4K,True,$33.74 / SMA $32.92,False,2.13%,,N/A,False,948.1M,False,PNK,False,
AKAAF,Aker ASA,154.0,2026-10-08T01:27:31.683824+00:00,True,+121.4%,True,$11353.5M,,N/A,False,0.1K,False,$154.00 / SMA $154.90,False,0.12%,,N/A,True,23.6M,False,PNK,False,
ALDF,Aldel Financial II Inc.,10.8201,2026-10-08T01:36:45.373666+00:00,False,+3.6%,True,$323.2M,False,+-11.7%,False,32.6K,True,$10.82 / SMA $10.79,False,0.03%,,N/A,True,19.0M,True,NGM,False,
ALGM,"Allegro MicroSystems, Inc.",37.03,2026-10-08T01:27:36.821852+00:00,False,+65.2%,True,$6902.5M,True,+214.3%,True,2388.8K,False,$37.03 / SMA $38.06,True,4.14%,True,+27.5%,True,125.0M,True,NMS,False,
ALGN,"Align Technology, Inc.",139.87,2026-10-08T01:27:29.631760+00:00,False,+12.0%,True,$9936.3M,False,+-12.2%,True,901.6K,False,$139.87 / SMA $158.77,False,2.69%,False,+4.3%,True,66.8M,True,NMS,False,
ALK,"Alaska Air Group, Inc.",39.59,2026-10-08T01:29:25.864007+00:00,False,+19.9%,True,$4418.4M,False,+-147.9%,True,2777.8K,False,$39.59 / SMA $42.95,True,3.51%,False,+9.7%,True,110.8M,True,NYQ,False,
ALLE,Allegion plc,147.91,2026-10-08T01:27:30.500158+00:00,False,+18.3%,True,$12577.8M,False,+16.2%,True,1276.0K,False,$147.91 / SMA $157.79,False,1.87%,False,+12.7%,True,84.6M,True,NYQ,False,
ALLO,"Allogene Therapeutics, Inc.",1.43,2026-10-08T01:34:50.768184+00:00,False,+37.5%,True,$494.1M,True,+43.5%,True,5780.4K,False,$1.43 / SMA $1.86,True,4.91%,,N/A,False,281.1M,True,NMS,False,
ALM,Almonty Industries Inc.,12.1,2026-10-08T01:29:22.669606+00:00,True,+122.6%,True,$3490.6M,True,+306.7%,True,6531.0K,False,$12.10 / SMA $15.04,True,6.65%,True,+497.7%,False,219.0M,True,NCM,False,
ALMR,"Alamar Biosciences, Inc.",27.77,2026-10-08T01:33:01.610678+00:00,False,+47.3%,True,$1927.0M,,N/A,False,383.9K,False,$27.77 / SMA $31.28,True,8.63%,,N/A,True,36.2M,True,NMS,False,
ALMS,Alumis Inc.,6.77,2026-10-08T01:31:11.589907+00:00,False,+58.4%,True,$876.3M,False,+-294.1%,True,2441.4K,False,$6.77 / SMA $16.68,True,6.59%,False,+-37.7%,True,97.2M,True,NMS,False,
ALPMY,Astellas Pharma Inc.,14.2,2026-10-08T01:27:13.037563+00:00,False,+41.6%,True,$25460.8M,,N/A,False,128.8K,False,$14.20 / SMA $14.69,True,3.04%,,N/A,False,1792.7M,False,PNK,False,
ALT,"Altimmune, Inc.",2.66,2026-10-08T01:34:55.535181+00:00,False,+3.9%,True,$517.4M,True,+55.6%,True,4186.0K,False,$2.66 / SMA $3.07,True,4.00%,False,+-100.0%,False,164.4M,True,NGM,False,
ALTI,"AlTi Global, Inc.",2.76,2026-10-08T01:34:59.227728+00:00,False,+1.1%,True,$430.4M,False,+16.2%,False,176.5K,False,$2.76 / SMA $3.58,True,4.58%,False,+10.8%,True,52.4M,True,NCM,False,
ALTO,"Alto Ingredients, Inc.",3.645,2026-10-08T01:36:40.530148+00:00,True,+268.2%,False,$282.7M,True,+200.0%,True,1759.2K,False,$3.65 / SMA $4.10,True,3.58%,False,+12.5%,True,69.3M,True,NCM,False,
AMCR,Amcor plc,41.26,2026-10-08T01:27:19.800892+00:00,False,+13.8%,True,$19059.9M,True,+973.7%,True,3522.2K,False,$41.26 / SMA $44.46,False,2.00%,True,+25.9%,False,460.2M,True,NYQ,False,
AMGDF,Aston Martin Lagonda Global Holdings plc,0.483,2026-10-08T01:34:52.723630+00:00,False,+20.7%,True,$490.2M,,N/A,False,11.3K,True,$0.48 / SMA $0.47,True,3.26%,True,+62.4%,False,348.6M,False,PNK,False,
AMIGF,Admiral Group plc,48.66,2026-10-08T01:27:26.474152+00:00,False,+28.9%,True,$14544.6M,,N/A,False,0.0K,False,$48.66 / SMA $51.41,False,0.00%,,N/A,False,262.4M,False,PNK,False,
AMKR,"Amkor Technology, Inc.",52.27,2026-10-08T01:27:21.684659+00:00,True,+85.4%,True,$12986.6M,True,+218.2%,True,4723.9K,True,$52.27 / SMA $51.43,True,4.08%,True,+25.6%,True,108.7M,True,NMS,True,
AMNF,"Armanino Foods of Distinction, Inc.",12.03,2026-10-08T01:36:44.178058+00:00,False,+37.5%,True,$368.6M,False,+2.4%,False,18.9K,True,$12.03 / SMA $11.47,False,1.07%,,N/A,,N/A,False,OQX,False,
AMP,"Ameriprise Financial, Inc.",490.56,2026-10-08T01:27:05.664592+00:00,False,+16.1%,True,$43332.7M,False,+11.6%,True,551.8K,False,$490.56 / SMA $541.77,False,2.65%,False,+12.9%,True,88.0M,True,NYQ,False,
AMR,"Alpha Metallurgical Resources, Inc.",170.21,2026-10-08T01:31:17.255184+00:00,False,+27.4%,True,$2158.1M,False,+-152.6%,False,319.4K,False,$170.21 / SMA $184.15,True,4.69%,False,+-10.4%,True,10.7M,True,NYQ,False,
AMRZ,AMRZ,36.39,2026-10-08T01:27:11.846794+00:00,False,+0.6%,True,$19902.6M,False,+14.7%,True,3717.6K,False,$36.39 / SMA $43.06,False,2.38%,False,+8.6%,False,486.6M,True,NYQ,False,
AMVOY,Aumovio SE,8.34,2026-10-08T01:29:28.170292+00:00,False,+17.1%,True,$4172.1M,False,+-2834.8%,False,4.9K,False,$8.34 / SMA $8.46,True,3.79%,False,+-10.5%,False,270.0M,False,PNK,False,
AMXEF,Amex Gold Mining Inc.,2.77,2026-10-08T01:36:34.485512+00:00,False,+59.2%,True,$445.4M,True,+150.0%,False,25.4K,False,$2.77 / SMA $3.10,True,3.64%,,N/A,True,109.6M,False,OQX,False,
AMXOF,"América Móvil, S.A.B. de C.V.",0.988,2026-10-08T01:26:58.171048+00:00,False,+0.8%,True,$59030.0M,False,+8.1%,False,143.4K,False,$0.99 / SMA $1.17,False,1.21%,False,+3.1%,False,18779.6M,False,PNK,False,
ANCTF,Alimentation Couche-Tard Inc.,54.49,2026-10-08T01:27:02.307140+00:00,False,+13.4%,True,$50019.8M,False,+9.8%,False,174.1K,False,$54.49 / SMA $60.15,False,1.65%,True,+25.1%,False,743.7M,False,PNK,False,
ANZFF,Air New Zealand Limited,0.1787,2026-10-08T01:34:48.129434+00:00,False,+0.0%,True,$577.8M,,N/A,False,4.1K,False,$0.18 / SMA $0.24,False,1.49%,,N/A,False,1534.6M,False,PNK,False,
ANZGY,ANZ Group Holdings Limited,26.3,2026-10-08T01:26:58.784273+00:00,False,+19.9%,True,$79190.1M,,N/A,False,141.7K,False,$26.30 / SMA $26.58,False,2.65%,,N/A,False,3009.8M,False,PNK,False,
AONNF,"Aeon Co., Ltd.",8.39,2026-10-08T01:27:12.055488+00:00,False,+0.0%,True,$23212.0M,,N/A,False,0.0K,True,$8.39 / SMA $5.17,False,0.00%,,N/A,False,2559.3M,False,PNK,False,
AORT,"Artivion, Inc.",21.61,2026-10-08T01:33:07.673593+00:00,False,+12.8%,True,$1053.6M,False,+-1033.3%,True,639.0K,False,$21.61 / SMA $25.75,True,4.22%,False,+11.3%,True,46.3M,True,NYQ,False,
APAM,Artisan Partners Asset Management Inc.,33.75,2026-10-08T01:31:08.852539+00:00,False,+1.1%,True,$2396.1M,False,+18.1%,True,914.2K,False,$33.75 / SMA $39.62,False,2.69%,False,+8.9%,True,64.2M,True,NYQ,False,
APELY,"Alps Alpine Co., Ltd.",29.58,2026-10-08T01:31:13.207374+00:00,False,+25.1%,True,$2833.2M,,N/A,False,0.2K,True,$29.58 / SMA $28.06,False,0.00%,,N/A,True,88.5M,False,PNK,False,
APG,APi Group Corporation,40.21,2026-10-08T01:27:19.255887+00:00,False,+20.0%,True,$17377.2M,True,+25.0%,True,3028.6K,True,$40.21 / SMA $40.00,True,3.14%,False,+13.3%,False,355.7M,True,NYQ,False,
APGE,Apogee Therapeutics Inc,135.07,2026-10-08T01:29:18.174536+00:00,True,+281.7%,True,$10223.1M,False,+-2.8%,True,2953.6K,False,$135.07 / SMA_short $135.07,,N/A,,N/A,True,58.4M,True,NGM,False,
APLE,"Apple Hospitality REIT, Inc.",16.04,2026-10-08T01:31:06.394190+00:00,False,+47.8%,True,$3786.8M,False,+3.7%,True,2723.7K,True,$16.04 / SMA $15.95,False,1.87%,False,+4.7%,False,218.4M,True,NYQ,False,
APPS,"Digital Turbine, Inc.",10.63,2026-10-08T01:34:56.210785+00:00,True,+288.0%,True,$1293.9M,True,+76.9%,True,3246.1K,False,$10.63 / SMA $11.24,True,7.46%,True,+26.8%,True,109.2M,True,NCM,False,
APXT,Apex Treasury Corporation,10.15,2026-10-08T01:36:32.644895+00:00,False,+2.8%,True,$466.5M,,N/A,False,246.2K,True,$10.15 / SMA $10.13,False,0.09%,,N/A,True,34.5M,True,NGM,False,
AQN,Algonquin Power & Utilities Corp.,5.06,2026-10-08T01:29:25.991200+00:00,False,+3.1%,True,$3895.7M,False,+-100.0%,True,4061.4K,False,$5.06 / SMA $5.46,False,2.03%,False,+3.1%,False,623.8M,True,NYQ,False,
AQST,"Aquestive Therapeutics, Inc.",4.62,2026-10-08T01:34:57.931714+00:00,False,+57.7%,True,$579.9M,False,+-28.6%,True,2655.2K,True,$4.62 / SMA $4.61,True,4.86%,True,+38.1%,True,114.6M,True,NGM,False,
ARCB,ArcBest Corporation,126.87,2026-10-08T01:31:12.096717+00:00,True,+113.5%,True,$2835.7M,False,+-155.4%,False,297.0K,False,$126.87 / SMA $135.63,True,3.32%,False,+15.9%,True,22.0M,True,NMS,False,
AROW,Arrow Financial Corporation,36.6,2026-10-08T01:34:53.847369+00:00,False,+41.4%,True,$678.0M,False,+1.5%,False,87.9K,False,$36.60 / SMA $38.47,False,2.04%,False,+10.1%,True,16.2M,True,NMS,False,
ARRY,"Array Technologies, Inc.",3.82,2026-10-08T01:33:03.041308+00:00,False,+1.6%,True,$587.6M,False,+-73.7%,True,6695.9K,False,$3.82 / SMA $4.62,True,4.85%,False,+-5.6%,True,139.9M,True,NGM,False,
ARX,Accelerant Holdings,19.75,2026-10-08T01:29:31.557233+00:00,True,+115.1%,True,$4289.5M,True,+800.0%,True,3652.6K,True,$19.75 / SMA $18.04,False,0.37%,True,+78.0%,True,56.8M,True,NYQ,False,
ARXCY,ARC Resources Ltd.,26.96,2026-10-08T01:27:26.969392+00:00,True,+114.3%,True,$15256.0M,False,+-8.8%,False,0.1K,True,$26.96 / SMA $24.98,False,0.00%,True,+57.0%,False,565.9M,False,PNK,False,
ARXS,"Arxis, Inc.",47.05,2026-10-08T01:27:25.146050+00:00,False,+41.9%,True,$20270.4M,,N/A,True,855.0K,False,$47.05 / SMA $52.79,True,4.65%,,N/A,True,78.2M,True,NMS,False,
ARYTF,Aryt Industries Ltd.,4.67,2026-10-08T01:33:06.437280+00:00,False,+0.0%,True,$475.9M,,N/A,False,0.1K,False,$4.67 / SMA $4.98,False,0.00%,,N/A,True,55.3M,False,PNK,False,
ASA,ASA Gold and Precious Metals Limited,54.78,2026-10-08T01:33:06.628313+00:00,False,+26.8%,True,$1005.6M,,N/A,False,54.0K,False,$54.78 / SMA $58.47,True,3.11%,,N/A,True,10.7M,True,NYQ,False,
ASAAF,AT & S Austria Technologie & Systemtechnik Aktiengesellschaft,258.55,2026-10-08T01:29:19.822931+00:00,True,+911.5%,True,$10044.7M,,N/A,False,0.1K,True,$258.55 / SMA $186.95,False,0.70%,True,+39.7%,True,25.1M,False,PNK,False,
ASAZY,ASSA ABLOY AB (publ),17.0,2026-10-08T01:27:05.906298+00:00,False,+1.1%,True,$37766.4M,True,+80.1%,False,312.2K,False,$17.00 / SMA $18.21,False,1.09%,False,+3.5%,False,2035.8M,False,PNK,False,
ASGLY,AGC Inc.,7.66,2026-10-08T01:27:36.622205+00:00,False,+26.6%,True,$8134.7M,,N/A,False,4.5K,True,$7.66 / SMA $7.26,True,3.58%,,N/A,False,1021.1M,False,PNK,False,
ASMLF,ASML Holding N.V.,1800.0,2026-10-08T01:26:51.558810+00:00,True,+93.4%,True,$691380.0M,,N/A,False,4.9K,True,$1800.00 / SMA $1730.97,True,3.05%,False,+21.3%,False,384.0M,False,PNK,False,
ASO,"Academy Sports and Outdoors, Inc.",52.62,2026-10-08T01:31:06.344665+00:00,False,+27.4%,True,$3240.3M,False,+17.3%,True,1671.9K,True,$52.62 / SMA $47.82,True,4.31%,False,+3.0%,True,60.7M,True,NMS,False,
ASOMF,ASOS Plc,3.7,2026-10-08T01:36:35.920524+00:00,False,+27.1%,True,$442.7M,,N/A,False,0.0K,False,$3.70 / SMA $3.70,False,0.00%,,N/A,True,34.4M,False,PNK,False,
ASRHF,Astroscale Holdings Inc.,7.8,2026-10-08T01:31:19.120466+00:00,True,+96.2%,,N/A,,N/A,False,1.1K,True,$7.80 / SMA_short $7.28,False,2.69%,,N/A,True,99.0M,False,PNK,False,
ATAT,Atour Lifestyle Holdings Limited,31.92,2026-10-08T01:29:25.478364+00:00,False,+3.7%,True,$4410.9M,True,+31.7%,True,920.1K,False,$31.92 / SMA $33.83,False,2.52%,True,+41.4%,True,91.9M,True,NMS,False,
ATAZF,Atea ASA,17.79,2026-10-08T01:32:55.157733+00:00,False,+46.4%,True,$1984.7M,True,+33.3%,False,0.0K,False,$17.79 / SMA $17.79,False,0.00%,False,+21.9%,True,70.8M,False,PNK,False,
ATKR,Atkore Inc.,94.85,2026-10-08T01:31:11.440683+00:00,True,+76.5%,True,$3203.4M,False,+-98.4%,True,879.5K,True,$94.85 / SMA $92.57,False,0.21%,False,+8.1%,True,31.8M,True,NYQ,False,
ATLCP,Atlanticus Holdings Corporation,23.585,2026-10-08T01:33:04.108636+00:00,False,+15.3%,,N/A,,N/A,False,4.0K,False,$23.59 / SMA $23.85,False,1.01%,True,+86.1%,True,5.5M,True,NMS,False,
ATLCY,Atlas Copco AB (publ),18.04,2026-10-08T01:26:57.253557+00:00,False,+28.2%,True,$88010.3M,False,+7.4%,False,24.8K,False,$18.04 / SMA $18.38,False,1.53%,False,+5.3%,False,4877.5M,False,PNK,False,
ATO,Atmos Energy Corporation,159.21,2026-10-08T01:27:10.647754+00:00,False,+2.9%,True,$26904.7M,False,+23.3%,True,1013.7K,False,$159.21 / SMA $165.30,False,1.33%,False,+4.8%,False,168.2M,True,NYQ,False,
AUGO,Aura Minerals Inc.,82.02,2026-10-08T01:29:18.265715+00:00,True,+181.8%,True,$6876.3M,True,+2236.4%,True,951.8K,True,$82.02 / SMA $79.87,True,4.64%,True,+76.4%,True,40.3M,True,NMS,True,
AUPH,Aurinia Pharmaceuticals Inc.,16.01,2026-10-08T01:31:20.173499+00:00,False,+46.9%,True,$2130.1M,True,+75.0%,True,1009.4K,False,$16.01 / SMA $16.03,False,2.40%,False,+18.9%,True,129.2M,True,NGM,False,
AVA,Avista Corporation,35.23,2026-10-08T01:31:06.108028+00:00,False,+2.2%,True,$2950.6M,True,+152.9%,True,655.3K,False,$35.23 / SMA $37.28,False,1.56%,,N/A,True,83.0M,True,NYQ,False,
AVCTF,Avacta Group Plc,0.9376,2026-10-08T01:36:34.127107+00:00,False,+27.0%,True,$410.3M,,N/A,False,0.7K,False,$0.94 / SMA $0.94,False,0.55%,,N/A,False,440.9M,False,PNK,False,
AVGO,Broadcom Inc.,376.51,2026-10-08T01:26:51.480559+00:00,False,+29.8%,True,$1797319.4M,True,+215.3%,True,22575.0K,True,$376.51 / SMA $372.00,False,2.40%,True,+85.5%,False,4715.7M,True,NMS,False,
AVNT,Avient Corporation,41.0,2026-10-08T01:31:08.172486+00:00,False,+49.2%,True,$3760.5M,False,+22.8%,True,761.1K,False,$41.00 / SMA $41.94,False,2.32%,False,+5.8%,True,91.1M,True,NYQ,False,
AWTRF,Air Water Inc.,13.91,2026-10-08T01:31:06.639096+00:00,False,+3.1%,True,$3189.1M,,N/A,False,0.0K,True,$13.91 / SMA $13.91,False,0.00%,,N/A,False,182.2M,False,PNK,False,
AX,"Axos Financial, Inc.",87.68,2026-10-08T01:29:24.361381+00:00,False,+17.1%,True,$4985.3M,,N/A,False,348.7K,False,$87.68 / SMA $95.29,False,2.42%,False,+18.3%,True,54.2M,True,NYQ,False,
AXAHY,AXA SA,47.07,2026-10-08T01:26:56.697167+00:00,False,+9.4%,True,$98421.5M,,N/A,False,96.5K,False,$47.07 / SMA $50.59,False,1.25%,,N/A,False,1592.2M,False,OQX,False,
AXG,Solowin Holdings,0.0987,2026-10-08T01:34:51.708578+00:00,False,+5.2%,False,$21.0M,,N/A,True,5993.1K,False,$0.10 / SMA $1.97,True,47.80%,,N/A,True,21.7M,True,NCM,False,
AXIA,AXIA Energia,10.22,2026-10-08T01:27:13.395930+00:00,True,+70.9%,True,$23290.9M,,N/A,True,2549.3K,False,$10.22 / SMA_short $10.22,,N/A,False,+9.7%,False,1641.9M,True,NYQ,False,
AXSM,"Axsome Therapeutics, Inc.",172.97,2026-10-08T01:27:28.645195+00:00,False,+47.5%,True,$9060.3M,False,+-2.1%,True,703.4K,False,$172.97 / SMA $206.30,True,4.01%,True,+45.5%,True,44.5M,True,NGM,False,
AXTA,Axalta Coating Systems Ltd.,32.79,2026-10-08T01:29:17.639396+00:00,False,+31.5%,True,$7017.7M,False,+-18.0%,True,1791.4K,False,$32.79 / SMA $35.01,False,2.09%,False,+3.1%,False,212.8M,True,NYQ,False,
BAESY,BAE Systems plc,96.6,2026-10-08T01:26:58.559230+00:00,False,+14.3%,True,$70667.1M,,N/A,False,254.8K,False,$96.60 / SMA $110.48,False,1.47%,,N/A,False,715.8M,False,PNK,False,
BAK,Braskem S.A.,1.77,2026-10-08T01:32:58.623607+00:00,False,+26.4%,True,$705.3M,True,+1345.3%,True,2038.4K,False,$1.77 / SMA $1.89,True,5.82%,False,+21.6%,True,44.6M,True,NYQ,False,
BALY,Bally's Corporation,13.82,2026-10-08T01:34:52.309262+00:00,False,+63.7%,True,$697.5M,,N/A,False,105.3K,True,$13.82 / SMA $11.63,True,7.20%,,N/A,True,11.7M,True,NYQ,False,
BAND,Bandwidth Inc.,57.47,2026-10-08T01:31:20.084629+00:00,True,+359.8%,True,$1849.4M,True,+143.8%,True,1019.3K,True,$57.47 / SMA $51.41,True,8.76%,False,+22.2%,True,29.0M,True,NMS,False,
BANF,BancFirst Corporation,106.01,2026-10-08T01:29:31.693684+00:00,False,+4.5%,True,$3561.8M,False,+5.9%,False,133.7K,False,$106.01 / SMA $110.50,False,1.88%,False,+10.7%,True,23.3M,True,NMS,False,
BBAI,"BigBear.ai Holdings, Inc.",2.51,2026-10-08T01:31:19.596384+00:00,False,+1.2%,True,$1203.5M,True,+93.0%,True,19743.7K,False,$2.51 / SMA $2.95,True,4.62%,False,+13.2%,False,475.4M,True,NYQ,False,
BBAJF,"Banco del Bajío, S.A., Institución de Banca Múltiple",3.3804,2026-10-08T01:29:31.341042+00:00,False,+39.7%,True,$4022.4M,False,+-11.0%,False,0.2K,True,$3.38 / SMA $2.33,False,0.00%,False,+-6.1%,False,737.8M,False,PNK,False,
BBBY,"Bed Bath & Beyond, Inc.",4.35,2026-10-08T01:36:36.780044+00:00,False,+6.4%,True,$414.7M,False,+-55.9%,True,2583.9K,True,$4.35 / SMA $3.82,True,7.74%,True,+28.0%,,N/A,True,NYQ,False,
BBCQU,Bleichroeder Acquisition Corp II,10.09,2026-10-08T01:36:34.894286+00:00,False,+1.9%,,N/A,,N/A,False,0.7K,False,$10.09 / SMA_short $10.09,,N/A,,N/A,True,20.9M,True,NGM,False,
BBN,BlackRock Taxable Municipal Bond Trust,14.3,2026-10-08T01:33:10.280857+00:00,False,+1.0%,True,$883.6M,,N/A,False,182.4K,False,$14.30 / SMA $15.26,False,1.23%,,N/A,,N/A,True,NYQ,False,
BBOT,"BridgeBio Oncology Therapeutics, Inc.",3.44,2026-10-08T01:34:51.065095+00:00,False,+2.4%,False,$275.8M,False,+-196311.0%,False,475.1K,False,$3.44 / SMA $7.06,True,9.17%,,N/A,True,35.8M,True,NGM,False,
BBT,Beacon Financial Corporation,27.31,2026-10-08T01:31:15.294131+00:00,False,+19.7%,True,$2289.0M,True,+29.4%,True,891.9K,False,$27.31 / SMA $30.59,False,2.18%,True,+131.7%,True,77.4M,True,NYQ,False,
BBWI,"Bath & Body Works, Inc.",17.81,2026-10-08T01:31:04.746700+00:00,False,+24.7%,True,$3591.3M,True,+93.3%,True,6162.1K,False,$17.81 / SMA $18.35,True,3.99%,False,+-2.3%,False,200.7M,True,NYQ,False,
BC,Brunswick Corporation,63.36,2026-10-08T01:29:22.611715+00:00,False,+8.2%,True,$4105.6M,True,+88.8%,True,732.0K,False,$63.36 / SMA $74.15,False,2.96%,False,+7.7%,True,63.9M,True,NYQ,False,
BCAR,D Boral ARC Acquisition I Corp,4.72,2026-10-08T01:36:34.503507+00:00,False,+38.8%,False,$194.5M,True,+5228.2%,False,492.4K,True,$4.72 / SMA $3.96,True,18.80%,,N/A,True,25.9M,True,NGM,False,
BCDRF,"Banco Santander, S.A.",14.44,2026-10-08T01:26:53.661244+00:00,False,+52.6%,True,$209075.4M,,N/A,True,540.4K,True,$14.44 / SMA $14.39,True,6.06%,False,+8.3%,False,14087.6M,False,PNK,False,
BCEFF,BCE Inc.,15.4,2026-10-08T01:27:14.725942+00:00,False,+12.7%,,N/A,,N/A,False,0.0K,True,$15.40 / SMA $15.27,False,0.00%,False,+1.5%,False,931.4M,False,PNK,False,
BCPC,Balchem Corporation,166.41,2026-10-08T01:29:22.949430+00:00,False,+19.6%,True,$5304.8M,False,+18.8%,False,199.6K,False,$166.41 / SMA $172.14,False,1.87%,,N/A,True,31.7M,True,NMS,False,
BCTCF,OSL Group Limited,1.25,2026-10-08T01:33:02.127500+00:00,True,+12400.0%,True,$1123.9M,,N/A,False,0.0K,False,$1.25 / SMA $1.43,False,1.05%,,N/A,False,639.6M,False,PNK,False,
BDC,Belden Inc.,109.41,2026-10-08T01:29:29.002772+00:00,False,+11.6%,True,$4275.5M,False,+13.7%,False,453.4K,False,$109.41 / SMA $119.29,True,3.31%,False,+11.6%,True,38.3M,True,NYQ,False,
BDCIU,BTC Development Corp.,10.265,2026-10-08T01:36:41.833248+00:00,False,+1.6%,,N/A,,N/A,False,1.2K,True,$10.27 / SMA $10.26,False,0.05%,,N/A,True,23.6M,True,NGM,False,
BDJ,BlackRock Enhanced Equity Dividend Trust,9.41,2026-10-08T01:32:57.841339+00:00,False,+11.8%,True,$1665.0M,,N/A,False,439.5K,False,$9.41 / SMA $9.65,False,1.30%,,N/A,,N/A,True,NYQ,False,
BDOUY,"BDO Unibank, Inc.",17.51,2026-10-08T01:27:33.189351+00:00,False,+2.6%,True,$9343.3M,False,+5.5%,False,81.1K,False,$17.51 / SMA $18.96,False,2.27%,False,+13.9%,False,227.3M,False,PNK,False,
BDWBY,Budweiser Brewing Company APAC Limited,2.85,2026-10-08T01:27:29.095713+00:00,False,+1.8%,True,$9426.2M,,N/A,False,1.7K,False,$2.85 / SMA $3.16,False,1.52%,,N/A,False,3306.3M,False,PNK,False,
BECTY,Bechtle AG,7.6,2026-10-08T01:29:26.467130+00:00,False,+26.7%,True,$4788.0M,False,+21.1%,False,0.1K,False,$7.60 / SMA $8.48,False,0.01%,False,+16.5%,False,409.2M,False,PNK,False,
BEP,Brookfield Renewable Partners L.P.,29.43,2026-10-08T01:27:31.022442+00:00,False,+11.9%,True,$14316.8M,False,+-68.2%,True,1012.1K,False,$29.43 / SMA $31.10,False,2.58%,False,+1.1%,True,144.2M,True,NYQ,False,
BEVFF,Diversified Royalty Corp.,2.9,2026-10-08T01:34:53.991412+00:00,False,+28.9%,True,$547.4M,False,+-60.0%,False,228.5K,False,$2.90 / SMA $2.99,False,0.76%,False,+21.5%,False,184.7M,False,PNK,False,
BFLBF,Bilfinger SE,84.7567,2026-10-08T01:29:30.975854+00:00,False,+0.0%,True,$3130.9M,,N/A,False,0.1K,False,$84.76 / SMA $90.57,False,0.00%,False,+7.2%,True,31.3M,False,PNK,False,
BFLBY,Bilfinger SE,12.76,2026-10-08T01:29:31.078784+00:00,False,+7.2%,True,$2356.8M,,N/A,False,0.2K,False,$12.76 / SMA $16.93,False,0.01%,False,+7.2%,False,156.6M,False,PNK,False,
BFLY,"Butterfly Network, Inc.",8.27,2026-10-08T01:33:06.029089+00:00,True,+335.3%,True,$2202.2M,False,+16.7%,True,6243.5K,False,$8.27 / SMA $8.49,True,8.08%,True,+39.5%,False,219.9M,True,NYQ,False,
BHE,"Benchmark Electronics, Inc.",83.23,2026-10-08T01:31:09.034022+00:00,True,+131.8%,True,$2989.6M,True,+1733.3%,False,385.6K,True,$83.23 / SMA $77.84,True,3.37%,False,+17.7%,True,35.2M,True,NYQ,False,
BHF,"Brighthouse Financial, Inc.",49.66,2026-10-08T01:31:04.207663+00:00,False,+11.6%,True,$2856.0M,True,+1520.6%,True,913.9K,False,$49.66 / SMA $54.26,True,3.23%,True,+103.8%,True,56.7M,True,NMS,False,
BHVN,Biohaven Ltd.,11.88,2026-10-08T01:33:00.776104+00:00,False,+58.8%,True,$1794.4M,True,+53.1%,True,2638.1K,False,$11.88 / SMA $14.03,True,7.00%,,N/A,True,116.6M,True,NYQ,False,
BIIB,Biogen Inc.,222.15,2026-10-08T01:27:11.150107+00:00,False,+61.0%,True,$32823.5M,False,+-84.8%,True,1076.9K,True,$222.15 / SMA $216.39,False,2.48%,False,+3.4%,True,147.2M,True,NMS,False,
BILL,"BILL Holdings, Inc.",44.0,2026-10-08T01:31:05.942524+00:00,False,+40.1%,True,$3752.2M,False,+-171.4%,True,2154.7K,False,$44.00 / SMA $47.34,True,3.52%,False,+13.8%,True,75.5M,True,NYQ,False,
BIP,Brookfield Infrastructure Partners L.P.,37.45,2026-10-08T01:27:19.152415+00:00,False,+12.8%,True,$29653.8M,,N/A,True,906.3K,False,$37.45 / SMA $37.48,False,2.33%,False,+19.4%,False,453.8M,True,NYQ,False,
BJ,"BJ's Wholesale Club Holdings, Inc.",95.9,2026-10-08T01:27:30.734259+00:00,False,+15.2%,True,$12113.6M,False,+19.3%,True,1777.9K,True,$95.90 / SMA $93.78,False,2.66%,False,+15.7%,True,125.6M,True,NYQ,False,
BJCHY,Beijing Capital International Airport Company Limited,0.8773,2026-10-08T01:33:08.471548+00:00,False,+3.0%,True,$803.5M,,N/A,False,0.1K,False,$0.88 / SMA $0.96,False,0.07%,,N/A,False,336.9M,False,PNK,False,
BKE,"The Buckle, Inc.",43.63,2026-10-08T01:31:14.208944+00:00,False,+10.6%,True,$2247.5M,False,+-2.2%,False,466.6K,True,$43.63 / SMA $43.10,False,2.27%,False,+4.6%,True,30.8M,True,NYQ,False,
BKGFF,The Berkeley Group Holdings plc,44.795,2026-10-08T01:29:27.603682+00:00,False,+5.8%,True,$4069.2M,,N/A,False,0.0K,False,$44.80 / SMA $46.48,False,0.00%,,N/A,True,91.0M,False,PNK,False,
BKHPF,Bank Hapoalim B.M.,26.71,2026-10-08T01:27:07.656828+00:00,False,+46.1%,True,$34900.7M,False,+-1.0%,False,0.0K,True,$26.71 / SMA $24.81,False,0.00%,False,+2.5%,False,1305.6M,False,PNK,False,
BKKT,"Bakkt, Inc.",7.27,2026-10-08T01:34:57.171461+00:00,False,+8.3%,True,$327.7M,True,+189.8%,True,1248.5K,False,$7.27 / SMA $7.86,True,7.53%,False,+-70.0%,True,35.9M,True,NYQ,False,
BKR,Baker Hughes Company,55.41,2026-10-08T01:27:00.028994+00:00,False,+26.2%,True,$55004.1M,False,+-4.2%,True,7978.6K,False,$55.41 / SMA $60.57,True,3.08%,False,+-2.4%,False,990.6M,True,NMS,False,
BKRIF,Bank of Ireland Group plc,21.4,2026-10-08T01:27:18.584435+00:00,False,+42.8%,True,$20180.2M,,N/A,False,0.6K,False,$21.40 / SMA $22.10,False,0.14%,,N/A,False,942.7M,False,PNK,False,
BLMN,"Bloomin' Brands, Inc.",8.17,2026-10-08T01:34:51.312377+00:00,False,+57.4%,True,$699.5M,False,+20.0%,True,2158.3K,False,$8.17 / SMA $9.50,True,5.58%,False,+1.3%,True,83.2M,True,NMS,False,
BLTE,"Belite Bio, Inc",156.08,2026-10-08T01:29:21.534189+00:00,True,+104.0%,True,$6285.7M,False,+-40.0%,False,182.2K,False,$156.08 / SMA $165.94,True,3.58%,,N/A,True,19.6M,True,NCM,False,
BMA,Banco Macro S.A.,65.91,2026-10-08T01:29:23.181617+00:00,False,+56.7%,True,$4214.2M,False,+3.5%,False,291.5K,False,$65.91 / SMA $77.57,True,3.61%,False,+-20.6%,True,21.1M,True,NYQ,False,
BMBLF,Brambles Limited,13.08,2026-10-08T01:27:21.151904+00:00,False,+20.8%,True,$17374.5M,,N/A,False,5.2K,False,$13.08 / SMA $13.71,False,1.03%,,N/A,False,1334.1M,False,PNK,False,
BMO,Bank of Montreal,161.75,2026-10-08T01:26:56.071887+00:00,False,+35.0%,True,$112431.2M,False,+-24.2%,True,772.5K,False,$161.75 / SMA $174.89,False,1.56%,False,+10.8%,False,696.3M,True,NYQ,False,
BN,Brookfield Corporation,36.98,2026-10-08T01:26:56.420069+00:00,False,+3.6%,True,$82552.4M,False,+-6.7%,True,4454.4K,False,$36.98 / SMA $40.23,False,1.83%,False,+7.3%,False,1733.4M,True,NYQ,False,
BNED,"Barnes & Noble Education, Inc.",11.66,2026-10-08T01:36:44.133472+00:00,True,+97.6%,True,$404.2M,True,+31.5%,False,273.2K,False,$11.66 / SMA $11.85,True,3.50%,False,+0.8%,True,18.6M,True,NYQ,False,
BNKHF,BOC Hong Kong (Holdings) Limited,5.95,2026-10-08T01:27:00.332648+00:00,False,+32.2%,True,$62908.0M,,N/A,False,0.0K,True,$5.95 / SMA $5.93,False,0.00%,,N/A,False,3588.1M,False,PNK,False,
BNTGF,Brenntag SE,64.81,2026-10-08T01:27:34.095836+00:00,False,+25.1%,True,$9357.6M,True,+310.0%,False,0.0K,False,$64.81 / SMA $69.01,False,0.00%,False,+10.2%,True,115.5M,False,PNK,False,
BNTGY,Brenntag SE,13.75,2026-10-08T01:27:33.897533+00:00,False,+35.0%,True,$9926.5M,True,+310.0%,False,19.9K,False,$13.75 / SMA $14.00,False,1.04%,False,+10.2%,False,577.5M,False,PNK,False,
BORAY,"Bora Pharmaceuticals Co., Ltd.",2.45,2026-10-08T01:32:59.118805+00:00,False,+2.5%,True,$312.5M,False,+-13.1%,False,0.1K,False,$2.45 / SMA $3.24,False,1.67%,False,+21.0%,False,371.5M,False,OQX,False,
BORR,Borr Drilling Limited,4.3,2026-10-08T01:32:56.856466+00:00,True,+76.2%,True,$1326.6M,False,+-664.3%,True,5397.0K,True,$4.30 / SMA $4.26,True,4.85%,False,+-13.2%,False,234.5M,True,NYQ,False,
BOW,Bowhead Specialty Holdings Inc.,34.03,2026-10-08T01:34:42.903013+00:00,False,+60.4%,True,$1121.1M,True,+33.3%,False,329.6K,True,$34.03 / SMA $33.49,False,0.33%,False,+23.0%,True,31.5M,True,NYQ,False,
BPCGF,"Banco Comercial Português, S.A.",1.33,2026-10-08T01:27:21.727377+00:00,False,+47.8%,True,$19344.1M,False,+1.4%,False,1.7K,True,$1.33 / SMA $1.29,False,0.00%,False,+4.7%,False,8777.6M,False,PNK,False,
BPCGY,"Banco Comercial Português, S.A.",13.97,2026-10-08T01:27:21.136076+00:00,False,+60.4%,True,$20318.6M,False,+1.4%,False,0.7K,True,$13.97 / SMA $13.45,False,2.18%,False,+4.7%,False,877.8M,False,PNK,False,
BPOP,"Popular, Inc.",155.52,2026-10-08T01:27:33.711677+00:00,False,+43.0%,True,$9918.8M,True,+40.8%,True,500.7K,False,$155.52 / SMA $167.07,False,1.80%,False,+9.8%,True,62.0M,True,NMS,False,
BRAI,Braiin Limited,4.51,2026-10-08T01:33:00.253268+00:00,False,+7.7%,True,$929.5M,,N/A,False,210.7K,False,$4.51 / SMA $5.49,True,7.12%,,N/A,True,40.0M,True,NGM,False,
BRBI,BRBI BR Partners S.A.,14.0,2026-10-08T01:34:46.657971+00:00,False,+54.0%,True,$367.5M,False,+-21.4%,False,0.6K,True,$14.00 / SMA $10.81,False,0.63%,False,+-31.4%,True,26.2M,True,NCM,False,
BRDCF,Bridgestone Corporation,23.0,2026-10-08T01:27:11.204249+00:00,False,+27.1%,True,$28392.7M,,N/A,False,1.0K,False,$23.00 / SMA $25.01,False,2.18%,,N/A,False,1211.7M,False,PNK,False,
BRELY,Brazilian Rare Earths Limited,12.19,2026-10-08T01:33:03.005913+00:00,False,+3.9%,True,$683.0M,,N/A,False,0.3K,False,$12.19 / SMA $13.01,False,2.18%,,N/A,True,19.5M,False,OQX,False,
BRKR,Bruker Corporation,59.72,2026-10-08T01:29:15.764202+00:00,True,+84.5%,True,$9098.9M,False,+-920.0%,True,2208.7K,True,$59.72 / SMA $58.86,True,5.30%,False,+5.2%,True,103.7M,True,NMS,False,
BRLGF,Dominion Lending Centres Inc.,5.67,2026-10-08T01:34:58.743272+00:00,False,+0.0%,True,$436.7M,False,+-10.0%,False,0.0K,False,$5.67 / SMA $6.04,False,0.00%,False,+1.3%,True,35.4M,False,PNK,False,
BRRLY,Barry Callebaut AG,12.54,2026-10-08T01:27:37.359631+00:00,False,+1.7%,True,$6875.3M,,N/A,False,23.4K,False,$12.54 / SMA $13.62,False,2.63%,,N/A,False,380.9M,False,PNK,False,
BRZE,"Braze, Inc.",28.46,2026-10-08T01:31:12.544619+00:00,True,+86.5%,True,$3232.6M,True,+34.6%,True,2527.9K,True,$28.46 / SMA $27.67,True,5.35%,True,+26.2%,True,94.1M,True,NMS,True,
BSAC,Banco Santander-Chile,31.64,2026-10-08T01:27:24.731290+00:00,False,+20.4%,True,$14906.1M,True,+40.0%,False,310.3K,False,$31.64 / SMA $34.62,False,2.27%,False,+13.6%,False,309.3M,True,NYQ,False,
BSBR,Banco Santander (Brasil) S.A.,5.88,2026-10-08T01:27:17.449195+00:00,False,+19.0%,True,$44026.7M,False,+-7.1%,True,3793.6K,True,$5.88 / SMA $5.74,False,2.11%,False,+-3.0%,False,1870.1M,True,NYQ,False,
BSDGY,Bosideng International Holdings Limited,25.27,2026-10-08T01:29:18.015857+00:00,False,+10.0%,True,$5877.1M,,N/A,False,0.0K,False,$25.27 / SMA $27.68,False,0.00%,,N/A,True,104.0M,False,PNK,False,
BSY,"Bentley Systems, Incorporated",35.15,2026-10-08T01:27:32.894222+00:00,False,+25.2%,True,$10618.6M,False,+13.6%,True,2605.0K,True,$35.15 / SMA $34.30,True,3.60%,False,+12.8%,False,155.8M,True,NMS,False,
BTDPY,Barratt Redrow plc,7.91,2026-10-08T01:29:24.895471+00:00,False,+24.0%,True,$5432.2M,,N/A,False,28.2K,False,$7.91 / SMA $8.30,False,1.57%,,N/A,False,663.2M,False,PNK,False,
BTT,Blackrock Municipal 2030 Target Term Trust,21.63,2026-10-08T01:33:00.273987+00:00,False,+1.5%,True,$1376.2M,,N/A,False,90.6K,False,$21.63 / SMA $22.27,False,0.94%,,N/A,,N/A,True,NYQ,False,
BULL,Webull Corporation,5.89,2026-10-08T01:31:07.360455+00:00,False,+30.9%,True,$3178.8M,True,+103.3%,True,12911.1K,False,$5.89 / SMA $8.14,True,4.82%,True,+51.2%,False,322.2M,True,NCM,False,
BV,"BrightView Holdings, Inc.",10.4,2026-10-08T01:33:05.652417+00:00,False,+6.0%,True,$963.0M,False,+-120.0%,True,1058.2K,False,$10.40 / SMA $11.17,True,3.07%,False,+1.3%,True,67.9M,True,NYQ,False,
BVHMY,Vistry Group PLC,3.15,2026-10-08T01:33:06.468129+00:00,False,+5.9%,True,$1001.3M,,N/A,False,0.3K,False,$3.15 / SMA $3.62,False,0.63%,,N/A,False,222.6M,False,PNK,False,
BVS,Bioventus Inc.,12.77,2026-10-08T01:34:48.285807+00:00,True,+100.5%,True,$872.3M,True,+327.3%,True,627.4K,False,$12.77 / SMA $13.70,True,3.63%,False,+3.8%,True,34.3M,True,NMS,False,
BVVBY,Bureau Veritas SA,58.34,2026-10-08T01:27:25.669894+00:00,False,+1.7%,True,$12948.5M,,N/A,False,19.0K,False,$58.34 / SMA $63.34,False,0.88%,,N/A,False,171.8M,False,PNK,False,
BWB,"Bridgewater Bancshares, Inc.",20.21,2026-10-08T01:34:57.710137+00:00,False,+25.8%,True,$563.5M,False,+18.4%,False,142.7K,False,$20.21 / SMA $21.15,False,2.42%,False,+13.9%,True,22.5M,True,NCM,False,
BZLYF,Beazley PLC,17.27,2026-10-08T01:27:32.722139+00:00,True,+73.3%,True,$10305.9M,,N/A,False,0.7K,False,$17.27 / SMA $17.35,False,0.46%,,N/A,False,531.6M,False,PNK,False,
BZZUY,Buzzi S.p.A.,21.3,2026-10-08T01:27:34.574589+00:00,False,+2.2%,True,$7519.4M,,N/A,False,2.6K,False,$21.30 / SMA $23.07,False,2.80%,,N/A,True,106.2M,False,PNK,False,
CAC,Camden National Corporation,55.96,2026-10-08T01:34:46.451767+00:00,False,+59.9%,True,$945.6M,True,+62.7%,False,94.9K,False,$55.96 / SMA $57.45,False,2.29%,False,+8.5%,True,16.5M,True,NMS,False,
CAH,"Cardinal Health, Inc.",232.16,2026-10-08T01:27:03.789517+00:00,False,+52.9%,True,$53758.8M,True,+70.0%,True,1937.3K,False,$232.16 / SMA $232.36,False,2.26%,False,+5.8%,False,232.0M,True,NYQ,False,
CALY,Callaway Golf Company,13.91,2026-10-08T01:31:12.141662+00:00,False,+65.8%,True,$2483.1M,True,+281.8%,True,1934.6K,False,$13.91 / SMA $15.87,False,2.54%,False,+2.0%,False,154.7M,True,NYQ,False,
CAPL,CrossAmerica Partners LP,21.54,2026-10-08T01:34:45.541272+00:00,False,+9.5%,True,$822.3M,False,+-18.8%,False,37.9K,False,$21.54 / SMA $22.45,False,2.37%,False,+22.6%,True,18.3M,True,NYQ,False,
CASBF,CanSino Biologics Inc.,4.9,2026-10-08T01:32:57.450508+00:00,True,+88.5%,True,$1210.5M,,N/A,False,0.1K,True,$4.90 / SMA $3.69,False,0.37%,,N/A,False,160.0M,False,PNK,False,
CASH,"Pathward Financial, Inc.",71.14,2026-10-08T01:32:56.208595+00:00,False,+8.0%,True,$1477.8M,False,+-24.3%,False,217.2K,False,$71.14 / SMA $81.07,False,2.16%,False,+-0.4%,True,20.5M,True,NMS,False,
CB,Chubb Limited,334.7,2026-10-08T01:26:55.029319+00:00,False,+26.2%,True,$129127.2M,False,+-0.7%,True,1772.3K,False,$334.70 / SMA $340.62,False,1.40%,False,+7.2%,False,349.9M,True,NYQ,False,
CBLL,CBLL,23.48,2026-10-08T01:34:50.151621+00:00,True,+116.4%,True,$901.1M,False,+-34.2%,False,368.1K,True,$23.48 / SMA $23.02,True,3.91%,True,+32.5%,True,26.5M,True,NMS,False,
CBYDF,Corby Spirit and Wine Limited,10.88,2026-10-08T01:36:47.590898+00:00,False,+13.6%,True,$309.7M,,N/A,False,0.6K,False,$10.88 / SMA $11.18,False,0.21%,False,+-1.3%,True,15.8M,False,PNK,False,
CCAP,"Crescent Capital BDC, Inc.",9.01,2026-10-08T01:36:36.137769+00:00,False,+1.6%,True,$332.0M,False,+-122.0%,False,259.9K,False,$9.01 / SMA $10.02,False,2.12%,False,+-100.5%,,N/A,True,NGM,False,
CCBG,"Capital City Bank Group, Inc.",48.78,2026-10-08T01:34:47.702287+00:00,False,+27.5%,True,$834.8M,False,+8.0%,False,76.4K,False,$48.78 / SMA $50.68,False,1.76%,False,+2.7%,True,13.7M,True,NMS,False,
CCEC,Capital Clean Energy Carriers Corp.,20.57,2026-10-08T01:33:02.229373+00:00,False,+22.7%,True,$1238.6M,False,+-5.9%,False,8.1K,False,$20.57 / SMA $22.19,True,3.12%,False,+8.5%,True,7.6M,True,NMS,False,
CCEP,Coca-Cola Europacific Partners PLC,100.86,2026-10-08T01:27:05.265909+00:00,False,+19.1%,True,$44343.2M,,N/A,True,1807.9K,False,$100.86 / SMA $105.47,False,1.81%,,N/A,False,196.9M,True,NMS,False,
CCII,Cohen Circle Acquisition Corp. II,10.29,2026-10-08T01:36:41.043999+00:00,False,+1.7%,True,$357.0M,True,+5614.7%,False,54.4K,False,$10.29 / SMA $10.32,False,0.09%,,N/A,True,21.2M,True,NGM,False,
CCPPF,Shaftesbury Capital PLC,1.705,2026-10-08T01:31:05.314145+00:00,False,+0.0%,True,$3121.4M,,N/A,False,0.1K,False,$1.71 / SMA $1.80,False,0.00%,,N/A,False,1346.2M,False,PNK,False,
CCRDF,"Yokohama Financial Group, Inc.",12.13,2026-10-08T01:27:28.332282+00:00,False,+65.5%,True,$13464.0M,,N/A,False,0.3K,True,$12.13 / SMA $-7.71,,N/A,,N/A,False,1111.3M,False,PNK,False,
CCSI,"Consensus Cloud Solutions, Inc.",35.87,2026-10-08T01:34:57.786961+00:00,True,+77.6%,True,$657.3M,True,+33.6%,False,148.7K,False,$35.87 / SMA $36.74,True,3.56%,False,+4.1%,True,15.7M,True,NMS,False,
CCU,Compañía Cervecerías Unidas S.A.,10.95,2026-10-08T01:31:18.409839+00:00,False,+6.8%,,N/A,False,+-84.6%,False,142.9K,False,$10.95 / SMA $11.56,False,2.58%,False,+4.8%,True,60.2M,True,NYQ,False,
CCXI,Churchill Capital Corp XI,11.24,2026-10-08T01:34:55.301404+00:00,False,+11.6%,True,$626.1M,,N/A,True,2618.5K,False,$11.24 / SMA $13.80,True,5.39%,,N/A,True,35.0M,True,NGM,False,
CDNTF,"Canadian Tire Corporation, Limited",155.7,2026-10-08T01:27:38.697829+00:00,False,+3.7%,True,$8120.2M,True,+444.8%,False,0.0K,True,$155.70 / SMA $155.62,False,0.00%,False,+24.5%,True,48.1M,False,PNK,False,
CDP,COPT Defense Properties,33.39,2026-10-08T01:27:41.281227+00:00,False,+23.4%,True,$3868.0M,False,+17.6%,True,867.2K,False,$33.39 / SMA $35.49,False,1.88%,False,+3.9%,True,112.1M,True,NYQ,False,
CDW,CDW Corporation,136.82,2026-10-08T01:27:25.198866+00:00,False,+40.9%,True,$17104.9M,False,+4.9%,True,1757.6K,False,$136.82 / SMA $142.08,True,3.68%,False,+10.0%,True,124.5M,True,NMS,False,
CDZIP,Cadiz Inc.,21.4,2026-10-08T01:36:40.994186+00:00,False,+13.7%,,N/A,,N/A,False,5.8K,False,$21.40 / SMA $21.64,False,2.16%,False,+-76.3%,True,56.9M,True,NGM,False,
CEIEF,Coelacanth Energy Inc.,0.4845,2026-10-08T01:36:37.679270+00:00,False,+6.5%,True,$307.1M,True,+163.8%,False,31.3K,False,$0.48 / SMA $0.52,False,1.64%,True,+380.5%,False,332.2M,False,PNK,False,
CELH,"Celsius Holdings, Inc.",26.92,2026-10-08T01:27:39.704202+00:00,False,+14.3%,True,$6811.7M,False,+-57.6%,True,9197.1K,False,$26.92 / SMA $29.36,True,3.84%,False,+10.6%,False,216.2M,True,NCM,False,
CEPF,"Cantor Equity Partners IV, Inc.",10.27,2026-10-08T01:34:54.976289+00:00,False,+1.4%,True,$586.9M,True,+23278.8%,False,68.5K,False,$10.27 / SMA $10.36,False,0.22%,,N/A,True,41.3M,True,NGM,False,
CERS,Cerus Corporation,2.29,2026-10-08T01:34:56.403299+00:00,False,+65.9%,True,$461.5M,True,+66.7%,True,2151.3K,False,$2.29 / SMA $2.57,True,3.97%,False,+9.5%,False,195.3M,True,NGM,False,
CEVA,"CEVA, Inc.",35.48,2026-10-08T01:33:07.160714+00:00,True,+108.5%,True,$998.9M,True,+33.3%,True,761.2K,True,$35.48 / SMA $31.13,True,4.51%,False,+13.1%,True,25.6M,True,NMS,False,
CEVMY,CTS Eventim AG & Co. KGaA,15.51,2026-10-08T01:29:17.501696+00:00,False,+20.5%,True,$5955.3M,True,+31.1%,False,0.6K,False,$15.51 / SMA $16.15,False,0.17%,False,+13.0%,False,194.5M,False,PNK,False,
CGC,Canopy Growth Corporation,0.8765,2026-10-08T01:34:59.947801+00:00,False,+3.9%,True,$393.8M,,N/A,True,2766.7K,False,$0.88 / SMA $0.96,True,3.12%,,N/A,False,422.1M,True,NMS,False,
CGCT,CGCT,,2026-10-08T01:36:43.095338+00:00,False,N/A,False,N/A,False,N/A,False,N/A,False,N/A,False,N/A,False,N/A,False,N/A,False,Unknown,False,No price data available
CGEAF,Cogeco Communications Inc.,36.64,2026-10-08T01:31:19.824867+00:00,False,+1.5%,True,$1539.4M,False,+-1934.1%,False,9.6K,False,$36.64 / SMA $41.64,False,0.65%,False,+-4.9%,True,29.8M,False,PNK,False,
CHKGF,CK Asset Holdings Limited,5.998,2026-10-08T01:27:16.689847+00:00,False,+36.6%,True,$20991.7M,,N/A,False,1.6K,False,$6.00 / SMA $6.03,False,1.12%,,N/A,False,1893.9M,False,PNK,False,
CHSCO,CHS Inc.,25.7,2026-10-08T01:36:42.736295+00:00,False,+1.1%,,N/A,,N/A,False,17.0K,True,$25.70 / SMA $25.46,False,0.74%,,N/A,,N/A,True,NMS,False,
CHVKF,"China Vanke Co., Ltd.",0.34759,2026-10-08T01:29:16.489114+00:00,False,+17.8%,True,$5728.8M,,N/A,False,1.6K,True,$0.35 / SMA $0.32,False,0.58%,False,+-38.7%,False,8678.3M,False,PNK,False,
CHXMF,Troilus Mining Corp.,1.25,2026-10-08T01:34:49.703662+00:00,False,+42.0%,True,$706.0M,False,+-100.0%,False,236.9K,False,$1.25 / SMA $1.47,True,5.69%,,N/A,False,535.2M,False,OQX,False,
CIG,Companhia Energética de Minas Gerais - CEMIG,2.32,2026-10-08T01:27:40.826326+00:00,False,+24.1%,True,$6636.8M,False,+-20.5%,True,5070.9K,True,$2.32 / SMA $2.09,False,2.68%,False,+3.2%,False,2373.1M,True,NYQ,False,
CIGI,Colliers International Group Inc.,85.88,2026-10-08T01:29:24.290211+00:00,False,+2.6%,True,$4388.8M,True,+600.0%,False,238.4K,False,$85.88 / SMA $97.57,True,3.08%,False,+16.7%,True,40.4M,True,NMS,False,
CIHHF,"China Merchants Bank Co., Ltd.",6.84,2026-10-08T01:26:54.713607+00:00,False,+21.7%,True,$172503.7M,,N/A,False,4.0K,True,$6.84 / SMA $6.43,False,0.23%,False,+4.9%,False,15441.6M,False,PNK,False,
CIMN,CIMN,25.01,2026-10-08T01:33:06.911024+00:00,False,+2.6%,,N/A,,N/A,False,10.3K,False,$25.01 / SMA $25.09,False,0.42%,,N/A,,N/A,True,NYQ,False,
CITAF,"COSCO SHIPPING Development Co., Ltd.",0.11464,2026-10-08T01:29:28.323846+00:00,False,+11.3%,True,$1508.2M,,N/A,False,0.1K,True,$0.11 / SMA $0.09,False,0.67%,True,+40.9%,False,6782.6M,False,PNK,False,
CIVB,"Civista Bancshares, Inc.",26.6,2026-10-08T01:34:57.420483+00:00,False,+34.2%,True,$553.1M,False,+-2.8%,False,140.2K,False,$26.60 / SMA $27.61,False,1.98%,False,+15.1%,True,20.3M,True,NCM,False,
CKHGY,Capitec Limited,126.0,2026-10-08T01:27:09.826636+00:00,False,+22.4%,True,$29187.3M,,N/A,False,1.9K,False,$126.00 / SMA $142.12,False,1.84%,,N/A,False,173.8M,False,PNK,False,
CLDHF,CapitaLand China Trust,0.4831,2026-10-08T01:34:45.543996+00:00,False,+0.0%,True,$848.9M,,N/A,False,0.1K,False,$0.48 / SMA $0.48,False,0.00%,,N/A,False,1299.1M,False,PNK,False,
CLDX,"Celldex Therapeutics, Inc.",30.43,2026-10-08T01:31:15.438843+00:00,False,+37.7%,True,$2389.7M,False,+-10.6%,True,1268.9K,False,$30.43 / SMA $38.19,True,5.84%,False,+-97.0%,True,73.0M,True,NCM,False,
CLPBY,Coloplast A/S,6.41,2026-10-08T01:27:25.169615+00:00,False,+13.7%,True,$14446.1M,True,+60.2%,False,212.3K,False,$6.41 / SMA $6.72,False,1.63%,False,+6.1%,False,1445.7M,False,PNK,False,
CLS,Celestica Inc.,371.57,2026-10-08T01:27:05.132159+00:00,False,+56.0%,True,$46859.1M,True,+76.2%,True,2501.0K,True,$371.57 / SMA $332.80,True,4.98%,True,+62.4%,True,114.1M,True,NYQ,False,
CLYM,"Climb Bio, Inc.",10.71,2026-10-08T01:34:52.852881+00:00,True,+555.0%,True,$615.1M,False,+-38.5%,True,1386.1K,False,$10.71 / SMA $13.96,True,6.54%,,N/A,True,38.7M,True,NGM,False,
CMC,Commercial Metals Company,63.25,2026-10-08T01:27:39.188894+00:00,False,+19.2%,,N/A,True,+112.3%,True,1106.0K,False,$63.25 / SMA $67.89,False,2.79%,False,+22.9%,True,109.8M,True,NYQ,False,
CMI,Cummins Inc.,517.32,2026-10-08T01:26:57.523688+00:00,False,+29.1%,True,$71216.6M,False,+4.7%,True,1010.9K,False,$517.32 / SMA $573.22,False,2.47%,False,+9.4%,True,137.1M,True,NYQ,False,
CMII,Columbus Circle Capital Corp II,10.06,2026-10-08T01:36:46.342729+00:00,False,+3.1%,True,$315.2M,True,+5982.4%,False,172.9K,False,$10.06 / SMA_short $10.06,,N/A,,N/A,True,19.7M,True,NGM,False,
CMOPF,Cosmo N.V.,64.0,2026-10-08T01:32:56.904356+00:00,False,+1.8%,True,$1100.2M,,N/A,False,0.3K,False,$64.00 / SMA $70.73,False,2.76%,,N/A,True,9.7M,False,PNK,False,
CMP,"Compass Minerals International, Inc.",22.57,2026-10-08T01:33:03.531298+00:00,False,+37.6%,True,$947.5M,True,+68.3%,False,420.6K,False,$22.57 / SMA $25.13,False,2.78%,False,+0.3%,True,39.3M,True,NYQ,False,
CMPR,Cimpress plc,73.59,2026-10-08T01:31:14.727502+00:00,False,+21.5%,True,$1791.9M,,N/A,False,189.5K,False,$73.59 / SMA $87.34,True,3.45%,False,+8.7%,True,15.0M,True,NMS,False,
CMXHF,CSL Limited,127.68,2026-10-08T01:27:08.720864+00:00,True,+100.0%,True,$61271.6M,,N/A,False,0.7K,True,$127.68 / SMA $113.22,False,0.16%,,N/A,False,478.5M,False,OQX,False,
CNGKY,CK Asset Holdings Limited,11.638,2026-10-08T01:27:15.020553+00:00,False,+26.7%,True,$20365.2M,,N/A,False,5.5K,False,$11.64 / SMA $11.87,True,3.15%,,N/A,False,946.9M,False,PNK,False,
CNH,CNH Industrial N.V.,12.46,2026-10-08T01:27:28.079545+00:00,False,+38.4%,True,$20037.7M,False,+-35.3%,True,17656.7K,True,$12.46 / SMA $12.21,True,3.59%,False,+2.0%,False,1233.3M,True,NYQ,False,
CNK,"Cinemark Holdings, Inc.",36.42,2026-10-08T01:31:08.645870+00:00,False,+68.6%,True,$4221.5M,,N/A,True,2380.8K,True,$36.42 / SMA $36.36,True,3.26%,False,+15.5%,True,102.3M,True,NYQ,False,
CNMD,CONMED Corporation,44.23,2026-10-08T01:33:06.625713+00:00,False,+40.7%,True,$1324.7M,False,+11.6%,False,493.8K,False,$44.23 / SMA $48.10,True,3.25%,False,+0.3%,True,29.7M,True,NYQ,False,
COCO,"The Vita Coco Company, Inc.",50.65,2026-10-08T01:29:27.070150+00:00,False,+33.0%,True,$2930.8M,True,+115.8%,True,1181.2K,False,$50.65 / SMA $60.01,True,4.36%,True,+28.1%,True,51.9M,True,NMS,False,
COIHY,Croda International Plc,22.1,2026-10-08T01:29:21.000415+00:00,False,+32.5%,True,$6159.5M,,N/A,False,6.6K,True,$22.10 / SMA $21.90,False,0.70%,,N/A,False,255.8M,False,PNK,False,
CORT,Corcept Therapeutics Incorporated,119.6,2026-10-08T01:29:16.852129+00:00,True,+317.3%,True,$12928.6M,False,+24.1%,True,1305.8K,True,$119.60 / SMA $114.51,True,4.89%,True,+31.7%,True,96.5M,True,NCM,False,
COVCF,COVER Corporation,9.5,2026-10-08T01:34:49.716872+00:00,False,+30.1%,True,$605.8M,,N/A,False,0.2K,False,$9.50 / SMA $10.10,False,0.04%,,N/A,True,37.1M,False,PNK,False,
CPYYF,Centrica plc,2.0,2026-10-08T01:27:28.848631+00:00,False,+3.1%,True,$9058.2M,,N/A,False,0.3K,False,$2.00 / SMA $2.08,False,0.15%,,N/A,False,4230.4M,False,PNK,False,
CRAN,Crane Harbor Acquisition Corp. II,10.1,2026-10-08T01:36:40.309772+00:00,False,+10.6%,True,$473.7M,,N/A,False,52.1K,False,$10.10 / SMA $10.13,False,0.54%,,N/A,True,29.3M,True,NGM,False,
CRARF,Crédit Agricole S.A.,18.23,2026-10-08T01:27:00.735020+00:00,False,+0.7%,True,$55297.8M,False,+5.4%,False,0.7K,False,$18.23 / SMA $21.21,False,0.17%,False,+-3.6%,False,883.4M,False,PNK,False,
CRD.A,CRD.A,,2026-10-08T01:34:58.617678+00:00,False,N/A,False,N/A,False,N/A,False,N/A,False,N/A,False,N/A,False,N/A,False,N/A,False,Unknown,False,No price data available
CRERF,Carrefour SA,18.5,2026-10-08T01:27:24.584434+00:00,False,+30.3%,True,$13090.8M,,N/A,False,0.2K,True,$18.50 / SMA $18.43,False,0.00%,,N/A,False,588.4M,False,PNK,False,
CRHKY,China Resources Beer (Holdings) Company Limited,4.79,2026-10-08T01:27:31.839142+00:00,False,+6.9%,True,$7769.4M,,N/A,False,291.0K,False,$4.79 / SMA $5.11,False,2.67%,,N/A,False,779.8M,False,PNK,False,
CRK,"Comstock Resources, Inc.",13.78,2026-10-08T01:29:29.329505+00:00,False,+13.7%,True,$4046.1M,False,+-93.2%,True,2539.5K,False,$13.78 / SMA $13.80,True,4.90%,False,+-25.2%,True,63.5M,True,NYQ,False,
CRLFF,Cardinal Energy Ltd.,8.66,2026-10-08T01:32:58.300852+00:00,False,+69.8%,True,$1522.0M,True,+280.0%,False,467.2K,True,$8.66 / SMA $8.47,False,2.23%,True,+81.3%,True,136.6M,False,PNK,False,
CRM,"Salesforce, Inc.",224.56,2026-10-08T01:26:54.320655+00:00,False,+53.5%,True,$184812.9M,True,+118.9%,True,13465.0K,True,$224.56 / SMA $222.97,True,3.28%,False,+10.8%,False,797.5M,True,NYQ,False,
CRNC,Cerence Inc.,8.29,2026-10-08T01:34:58.789728+00:00,False,+41.7%,True,$375.0M,True,+150.0%,True,677.3K,False,$8.29 / SMA $8.31,True,4.29%,False,+11.8%,True,43.9M,True,NMS,False,
CRNCY,Capricorn Energy PLC,11.01,2026-10-08T01:36:47.768128+00:00,True,+134.3%,True,$378.0M,,N/A,False,0.1K,True,$11.01 / SMA $10.25,False,0.42%,,N/A,True,19.6M,False,PNK,False,
CRPAY,"Corporación Acciona Energías Renovables, S.A.",12.33,2026-10-08T01:27:36.067632+00:00,False,+2.8%,True,$8003.4M,,N/A,False,0.0K,True,$12.33 / SMA $12.33,False,0.00%,,N/A,True,57.1M,False,PNK,False,
CRUS,"Cirrus Logic, Inc.",112.68,2026-10-08T01:27:36.768356+00:00,False,+6.0%,True,$5647.2M,True,+28.9%,True,805.4K,False,$112.68 / SMA $119.06,True,3.05%,False,+12.9%,True,49.6M,True,NMS,False,
CRVS,"Corvus Pharmaceuticals, Inc.",10.41,2026-10-08T01:33:08.540977+00:00,False,+62.9%,True,$875.7M,False,+-90.0%,True,996.1K,False,$10.41 / SMA $13.40,True,6.01%,,N/A,True,72.8M,True,NGM,False,
CSHR,CoinShares PLC,4.82,2026-10-08T01:34:50.705028+00:00,False,+37.3%,True,$635.2M,,N/A,False,264.4K,False,$4.82 / SMA $5.32,True,6.88%,,N/A,True,44.6M,True,NMS,False,
CSL,Carlisle Companies Incorporated,318.22,2026-10-08T01:27:26.286396+00:00,False,+8.4%,True,$12637.8M,False,+7.1%,True,553.9K,False,$318.22 / SMA $347.85,False,2.95%,False,+8.3%,True,39.1M,True,NYQ,False,
CSPKF,COSCO SHIPPING Ports Limited,0.64123,2026-10-08T01:31:12.357507+00:00,False,+0.0%,True,$2575.6M,,N/A,False,0.0K,True,$0.64 / SMA $0.54,False,0.00%,,N/A,False,1154.7M,False,PNK,False,
CSR,Centerspace,54.42,2026-10-08T01:33:06.247385+00:00,False,+4.7%,True,$963.2M,True,+92.0%,False,228.2K,True,$54.42 / SMA $54.39,False,2.10%,False,+-4.0%,True,15.4M,True,NYQ,False,
CTVA,"Corteva, Inc.",14.45,2026-10-08T01:27:02.463785+00:00,False,+23.1%,True,$9641.0M,False,+-9.9%,True,10397.0K,False,$14.45 / SMA $74.15,True,4.60%,,N/A,,N/A,True,NYQ,False,
CUBE,CUBE,37.23,2026-10-08T01:27:35.664475+00:00,False,+6.1%,True,$8427.3M,,N/A,True,2368.5K,False,$37.23 / SMA $39.43,False,1.95%,False,+1.5%,False,210.8M,True,NYQ,False,
CURB,Curbline Properties Corp.,27.26,2026-10-08T01:31:09.720498+00:00,False,+22.5%,True,$3135.9M,False,+-39.2%,True,1428.2K,False,$27.26 / SMA $29.19,False,1.93%,True,+52.9%,True,107.2M,True,NYQ,False,
CVCCF,CVC Capital Partners plc,14.84,2026-10-08T01:27:20.708038+00:00,False,+18.7%,True,$16163.6M,,N/A,False,0.2K,False,$14.84 / SMA $15.97,False,0.00%,,N/A,False,935.3M,False,PNK,False,
CVGW,CVGW,,2026-10-08T01:36:33.085982+00:00,False,N/A,False,N/A,False,N/A,False,N/A,False,N/A,False,N/A,False,N/A,False,N/A,False,Unknown,False,No price data available
CWH,"Camping World Holdings, Inc.",4.52,2026-10-08T01:34:48.503144+00:00,False,+14.0%,False,$288.5M,False,+-12.5%,True,2129.7K,False,$4.52 / SMA $6.01,True,6.51%,False,+-2.1%,True,54.0M,True,NYQ,False,
CXDO,"Crexendo, Inc.",5.95,2026-10-08T01:36:46.543761+00:00,False,+7.4%,False,$197.9M,False,+-25.0%,False,362.0K,False,$5.95 / SMA $6.19,True,3.10%,True,+48.9%,True,21.7M,True,NCM,False,
CXIIU,Churchill Capital Corp XII,10.9,2026-10-08T01:36:40.070618+00:00,False,+8.1%,,N/A,,N/A,False,25.4K,False,$10.90 / SMA $11.05,False,0.81%,,N/A,True,41.8M,True,NGM,False,
CYAGF,"CyberAgent, Inc.",8.064,2026-10-08T01:29:27.716015+00:00,False,+11.3%,True,$4089.2M,,N/A,False,0.0K,True,$8.06 / SMA $-9.96,,N/A,,N/A,False,409.3M,False,PNK,False,
CYGIY,"CyberAgent, Inc.",3.75,2026-10-08T01:29:26.937004+00:00,False,+0.0%,True,$3803.2M,,N/A,False,0.0K,False,$3.75 / SMA $4.16,False,0.00%,,N/A,False,818.6M,False,PNK,False,
CYRBY,Cyrela Brazil Realty S.A. Empreendimentos e Participações,6.73,2026-10-08T01:32:54.079556+00:00,True,+84.4%,True,$2428.7M,False,+16.4%,False,13.6K,True,$6.73 / SMA $4.92,True,6.69%,False,+17.7%,False,266.4M,False,PNK,False,
CYRX,"Cryoport, Inc.",17.35,2026-10-08T01:34:50.173875+00:00,True,+128.0%,True,$878.8M,False,+-109.8%,True,619.5K,True,$17.35 / SMA $16.19,True,3.54%,False,+7.7%,True,45.9M,True,NCM,False,
CZMWY,Carl Zeiss Meditec AG,35.2,2026-10-08T01:31:12.398568+00:00,False,+32.1%,True,$3081.3M,,N/A,False,2.9K,False,$35.20 / SMA $35.68,False,1.30%,,N/A,True,34.2M,False,PNK,False,
D,"Dominion Energy, Inc.",61.53,2026-10-08T01:27:00.773888+00:00,False,+10.2%,True,$54117.2M,False,+-58.0%,True,4191.3K,False,$61.53 / SMA $65.10,False,1.70%,False,+17.6%,False,877.8M,True,NYQ,False,
DAN,Dana Incorporated,28.02,2026-10-08T01:29:31.802161+00:00,False,+57.9%,True,$3014.3M,False,+-126.3%,True,1404.1K,False,$28.02 / SMA $29.42,True,3.23%,False,+3.9%,True,105.9M,True,NYQ,False,
DAR,Darling Ingredients Inc.,60.02,2026-10-08T01:27:35.058585+00:00,True,+105.9%,True,$9471.3M,True,+2912.5%,True,2352.3K,False,$60.02 / SMA $63.59,True,3.57%,False,+16.4%,False,155.6M,True,NYQ,False,
DASTY,Dassault Systèmes SE,24.19,2026-10-08T01:27:09.378311+00:00,False,+27.4%,True,$31787.0M,,N/A,False,163.2K,False,$24.19 / SMA $24.62,False,1.78%,False,+2.1%,False,1204.7M,False,PNK,False,
DBCA,D. Boral Acquisition I Corp.,10.02,2026-10-08T01:36:35.174726+00:00,False,+1.9%,True,$433.6M,,N/A,False,76.5K,True,$10.02 / SMA $10.02,False,0.11%,,N/A,True,28.7M,True,NGM,False,
DBI,Designer Brands Inc.,5.89,2026-10-08T01:36:40.475450+00:00,True,+89.4%,True,$301.1M,True,+47.6%,True,585.2K,False,$5.89 / SMA $5.95,True,5.67%,False,+-1.2%,True,29.1M,True,NYQ,False,
DBSDF,DBS Group Holdings Ltd,61.43,2026-10-08T01:26:54.861572+00:00,False,+62.5%,True,$174707.0M,,N/A,False,5.1K,True,$61.43 / SMA $60.18,True,3.86%,False,+3.2%,False,2041.6M,False,PNK,False,
DC,Dakota Gold Corp.,5.61,2026-10-08T01:34:50.458032+00:00,False,+48.0%,True,$752.7M,False,+0.0%,True,1378.8K,False,$5.61 / SMA $5.94,True,4.79%,,N/A,True,124.1M,True,ASE,False,
DCBO,Docebo Inc.,23.88,2026-10-08T01:34:58.615836+00:00,False,+65.9%,True,$595.7M,False,+-20.0%,False,70.3K,True,$23.88 / SMA $23.38,True,3.03%,False,+13.0%,True,8.7M,True,NMS,False,
DCI,"Donaldson Company, Inc.",87.26,2026-10-08T01:27:33.752261+00:00,False,+9.9%,True,$10114.3M,False,+13.4%,True,673.6K,False,$87.26 / SMA $91.27,False,1.78%,,N/A,True,115.1M,True,NYQ,False,
DCO,Ducommun Incorporated,165.69,2026-10-08T01:31:17.790047+00:00,True,+95.5%,True,$2501.9M,True,+59.8%,False,249.3K,False,$165.69 / SMA $179.78,True,3.60%,False,+11.8%,True,14.5M,True,NYQ,False,
DD,"DuPont de Nemours, Inc.",131.08,2026-10-08T01:27:18.255901+00:00,False,+41.7%,True,$17701.4M,True,+150.0%,True,1312.1K,False,$131.08 / SMA $134.80,False,1.88%,False,+4.0%,True,134.5M,True,NYQ,False,
DDD,3D Systems Corporation,3.41,2026-10-08T01:36:31.906713+00:00,True,+100.6%,True,$566.6M,True,+89.3%,True,2657.1K,True,$3.41 / SMA $3.39,True,5.62%,False,+1.1%,False,160.5M,True,NYQ,False,
DDOG,"Datadog, Inc.",271.34,2026-10-08T01:26:58.619310+00:00,True,+176.8%,True,$97431.4M,True,+1100.0%,True,4127.2K,True,$271.34 / SMA $245.68,True,4.53%,True,+35.6%,False,333.0M,True,NMS,False,
DEA,"Easterly Government Properties, Inc.",22.99,2026-10-08T01:33:07.099579+00:00,False,+11.8%,True,$1126.6M,False,+-33.3%,False,403.8K,False,$22.99 / SMA $24.04,False,1.89%,False,+9.7%,True,44.7M,True,NYQ,False,
DELHY,Delivery Hero SE,4.04,2026-10-08T01:27:29.348026+00:00,True,+140.5%,True,$12380.6M,,N/A,False,96.7K,False,$4.04 / SMA $4.19,False,1.51%,,N/A,False,2549.7M,False,PNK,False,
DEUZF,DEUTZ Aktiengesellschaft,13.15,2026-10-08T01:32:56.694856+00:00,False,+48.5%,True,$2007.2M,,N/A,False,0.1K,True,$13.15 / SMA $12.58,False,0.23%,False,+19.7%,True,140.0M,False,PNK,False,
DFDDF,DFDS A/S,21.5,2026-10-08T01:33:03.808535+00:00,False,+51.7%,True,$1161.4M,True,+149.8%,False,0.0K,True,$21.50 / SMA $21.26,False,0.00%,False,+13.9%,True,53.9M,False,PNK,False,
DFH,"Dream Finders Homes, Inc.",9.5,2026-10-08T01:33:02.442360+00:00,False,+3.9%,True,$860.1M,False,+-51.8%,True,781.9K,False,$9.50 / SMA $13.15,True,6.06%,False,+-7.6%,True,26.7M,True,NYQ,False,
DFKCY,Daifuku Co Ltd,18.33,2026-10-08T01:27:20.615154+00:00,False,+63.4%,True,$13645.4M,,N/A,False,48.1K,True,$18.33 / SMA_short $18.33,,N/A,,N/A,False,692.5M,False,PNK,False,
DGIPF,DigiPlus Interactive Corp.,0.1343,2026-10-08T01:33:07.657201+00:00,False,+20.3%,,N/A,,N/A,False,101.4K,False,$0.13 / SMA $0.15,True,14.89%,,N/A,,N/A,False,PNK,False,
DGX,Quest Diagnostics Incorporated,227.06,2026-10-08T01:27:16.312377+00:00,False,+32.6%,True,$25061.4M,False,+15.0%,True,1036.1K,False,$227.06 / SMA $236.98,False,2.27%,False,+10.2%,True,109.8M,True,NYQ,False,
DHR,Danaher Corporation,218.49,2026-10-08T01:26:55.390351+00:00,False,+35.8%,True,$153595.4M,True,+59.7%,True,4679.3K,True,$218.49 / SMA $209.66,False,2.86%,False,+5.5%,False,625.9M,True,NYQ,False,
DINO,HF Sinclair Corporation,115.63,2026-10-08T01:27:27.799769+00:00,True,+153.0%,True,$20557.1M,True,+348.2%,True,2764.3K,True,$115.63 / SMA $100.51,True,4.56%,,N/A,False,167.9M,True,NYQ,False,
DJT,Trump Media & Technology Group Corp.,8.22,2026-10-08T01:31:17.231033+00:00,False,+18.1%,True,$2284.7M,False,+-975.0%,True,3974.8K,False,$8.22 / SMA $9.12,True,3.85%,True,+89.0%,False,160.9M,True,NGM,False,
DKILF,"Daikin Industries,Ltd.",131.57,2026-10-08T01:27:04.517450+00:00,False,+21.0%,True,$36620.7M,,N/A,False,34.1K,False,$131.57 / SMA $132.33,True,8.28%,,N/A,False,278.3M,False,PNK,False,
DKNG,DraftKings Inc.,19.15,2026-10-08T01:27:27.982145+00:00,False,+3.4%,True,$9507.1M,False,+-146.7%,True,12887.1K,False,$19.15 / SMA $23.36,True,5.36%,False,+-4.6%,False,424.2M,True,NMS,False,
DKS,"DICK'S Sporting Goods, Inc.",131.18,2026-10-08T01:27:17.224122+00:00,False,+9.2%,True,$12924.7M,False,+-25.7%,True,3093.7K,False,$131.18 / SMA $156.61,True,3.49%,True,+53.2%,True,60.4M,True,NYQ,False,
DLMAF,Dollarama Inc.,129.77,2026-10-08T01:27:07.621636+00:00,False,+15.4%,True,$34826.3M,False,+11.2%,False,37.1K,False,$129.77 / SMA $130.41,False,0.44%,False,+17.6%,False,264.3M,False,PNK,False,
DLR,"Digital Realty Trust, Inc.",180.47,2026-10-08T01:26:59.738811+00:00,False,+23.4%,True,$68157.0M,True,+64.6%,True,2296.0K,False,$180.47 / SMA $186.56,False,2.21%,,N/A,False,350.4M,True,NYQ,False,
DLX,Deluxe Corporation,22.37,2026-10-08T01:33:07.628922+00:00,False,+26.0%,True,$1025.8M,False,+-17.8%,False,423.3K,False,$22.37 / SMA $24.00,False,2.54%,False,+-4.2%,True,44.4M,True,NYQ,False,
DMII,Drugs Made In America Acquisition II Corp.,10.19,2026-10-08T01:34:52.817533+00:00,False,+3.3%,True,$649.1M,True,+11805.7%,False,53.5K,True,$10.19 / SMA $10.15,False,0.19%,,N/A,True,54.0M,True,NGM,False,
DNBBF,DNB Bank ASA,32.415,2026-10-08T01:27:03.419710+00:00,False,+27.1%,True,$46082.7M,False,+-7.7%,False,2.3K,False,$32.41 / SMA $34.13,True,3.53%,False,+-0.5%,False,703.9M,False,PNK,False,
DNOPY,Dino Polska S.A.,8.405,2026-10-08T01:27:37.230711+00:00,False,+17.3%,True,$8240.3M,False,+0.0%,False,74.2K,False,$8.40 / SMA $9.08,True,3.83%,False,+10.5%,False,475.8M,False,PNK,False,
DNP,DNP Select Income Fund Inc.,9.66,2026-10-08T01:29:29.556037+00:00,False,+4.7%,True,$3659.2M,,N/A,True,729.9K,False,$9.66 / SMA $10.40,False,2.00%,,N/A,,N/A,True,NYQ,False,
DNTH,"Dianthus Therapeutics, Inc.",84.88,2026-10-08T01:29:25.254240+00:00,True,+163.4%,True,$4747.7M,False,+-2.3%,True,824.2K,False,$84.88 / SMA $104.04,True,4.95%,True,+294.3%,True,55.8M,True,NCM,False,
DNTUY,Dentsu Group Inc.,23.9,2026-10-08T01:29:23.868893+00:00,False,+45.9%,True,$6204.1M,,N/A,False,0.2K,True,$23.90 / SMA $22.10,False,0.00%,,N/A,False,219.7M,False,PNK,False,
DOC,"Healthpeak Properties, Inc.",18.66,2026-10-08T01:27:25.338605+00:00,False,+18.9%,True,$13229.0M,True,+60.0%,True,5438.8K,False,$18.66 / SMA $20.64,False,1.92%,False,+11.1%,False,686.7M,True,NYQ,False,
DOCS,"Doximity, Inc.",27.69,2026-10-08T01:31:03.861370+00:00,False,+61.5%,True,$4935.6M,False,+-51.9%,True,4396.0K,True,$27.69 / SMA $25.46,True,4.04%,False,+7.3%,True,123.6M,True,NYQ,False,
DOLE,Dole plc,12.8,2026-10-08T01:33:01.717552+00:00,False,+2.2%,True,$1209.1M,True,+170.0%,True,974.0K,False,$12.80 / SMA $13.34,False,1.98%,False,+2.9%,True,75.7M,True,NYQ,False,
DPSTF,DHL AG,61.89,2026-10-08T01:27:00.157013+00:00,False,+40.7%,True,$68697.9M,True,+34.3%,False,1.2K,False,$61.89 / SMA $64.74,False,0.42%,False,+7.5%,False,910.6M,False,OID,False,
DQJCF,Pan Pacific International Holdings Corporation,4.65,2026-10-08T01:27:20.298002+00:00,False,+13.4%,True,$13907.4M,,N/A,False,9.6K,False,$4.65 / SMA $5.07,False,2.20%,,N/A,False,1989.1M,False,PNK,False,
DRTS,Alpha Tau Medical Ltd.,14.25,2026-10-08T01:34:44.959490+00:00,True,+315.5%,True,$1317.8M,,N/A,True,568.2K,False,$14.25 / SMA $14.27,True,4.09%,,N/A,True,64.1M,True,NCM,False,
DRXGF,Drax Group plc,9.7755,2026-10-08T01:31:03.756112+00:00,False,+30.3%,True,$3293.0M,,N/A,False,0.0K,True,$9.78 / SMA $9.67,False,0.00%,,N/A,False,333.4M,False,PNK,False,
DSL,DoubleLine Income Solutions Fund,9.8,2026-10-08T01:33:04.355963+00:00,False,+0.3%,True,$1122.8M,,N/A,True,628.1K,False,$9.80 / SMA $10.32,False,1.14%,,N/A,,N/A,True,NYQ,False,
DSU,"BlackRock Debt Strategies Fund, Inc.",8.88,2026-10-08T01:34:56.639045+00:00,False,+0.9%,True,$575.3M,,N/A,False,319.4K,False,$8.88 / SMA $9.18,False,0.89%,,N/A,,N/A,True,NYQ,False,
DTEGY,Deutsche Telekom AG,30.21,2026-10-08T01:26:54.166291+00:00,False,+12.3%,True,$146156.7M,False,+-5.6%,True,643.1K,False,$30.21 / SMA $32.21,False,1.40%,False,+4.3%,False,4122.1M,False,OQX,False,
DTTLF,Datatec Limited,5.58,2026-10-08T01:33:04.943006+00:00,False,+61.3%,True,$1354.0M,,N/A,False,0.0K,True,$5.58 / SMA $5.58,False,0.00%,,N/A,False,167.2M,False,OQX,False,
DUAVF,Dassault Aviation société anonyme,317.215,2026-10-08T01:27:12.121891+00:00,False,+5.0%,True,$24440.6M,,N/A,False,0.2K,False,$317.21 / SMA $339.16,False,2.56%,,N/A,True,16.6M,False,PNK,False,
DVCMY,Davide Campari-Milano N.V.,6.82,2026-10-08T01:27:39.618732+00:00,False,+13.7%,True,$8179.7M,,N/A,False,203.0K,True,$6.82 / SMA $6.78,False,1.66%,,N/A,False,576.3M,False,PNK,False,
DWHHF,Deutsche Wohnen SE,24.38,2026-10-08T01:27:34.429185+00:00,False,+2.4%,True,$9677.3M,,N/A,False,0.0K,True,$24.38 / SMA $23.82,False,0.00%,,N/A,True,30.3M,False,PNK,False,
DXC,DXC Technology Company,12.02,2026-10-08T01:32:59.081806+00:00,False,+52.2%,True,$1920.5M,True,+711.1%,True,3192.4K,True,$12.02 / SMA $11.08,True,4.24%,,N/A,False,157.1M,True,NYQ,False,
EBAY,eBay Inc.,107.6,2026-10-08T01:27:02.963092+00:00,False,+37.9%,True,$47882.0M,True,+53.2%,True,4413.2K,True,$107.60 / SMA $106.80,True,3.03%,False,+14.8%,False,399.8M,True,NMS,False,
EBKDY,Erste Group Bank AG,61.7,2026-10-08T01:27:04.067931+00:00,False,+31.2%,True,$47934.9M,False,+18.9%,False,119.6K,False,$61.70 / SMA $69.32,False,1.80%,True,+40.5%,False,672.7M,False,PNK,False,
ECO,Okeanis Eco Tankers Corp.,88.04,2026-10-08T01:31:18.893056+00:00,True,+215.2%,True,$3437.5M,True,+602.4%,True,612.2K,True,$88.04 / SMA $69.76,True,4.40%,True,+239.4%,True,20.8M,True,NYQ,True,
ECRAF,Ecora Royalties PLC,2.19,2026-10-08T01:34:59.674637+00:00,True,+93.8%,True,$546.3M,,N/A,False,31.3K,False,$2.19 / SMA $2.23,True,5.36%,,N/A,False,195.1M,False,OQX,False,
EEX,EEX,,2026-10-08T01:33:09.971861+00:00,False,N/A,False,N/A,False,N/A,False,N/A,False,N/A,False,N/A,False,N/A,False,N/A,False,Unknown,False,No price data available
EH,EHang Holdings Limited,4.14,2026-10-08T01:34:49.389523+00:00,False,+4.7%,True,$314.0M,False,+-18.3%,True,731.6K,False,$4.14 / SMA $4.88,True,4.18%,False,+-31.3%,True,54.6M,True,NGM,False,
ELMT,The Elmet Group Co.,21.62,2026-10-08T01:36:36.658528+00:00,True,+73.1%,True,$658.5M,False,+-480.4%,True,684.2K,True,$21.62 / SMA $18.11,True,10.37%,True,+35.2%,True,10.1M,True,NCM,False,
ELMTY,Elementis plc,9.0,2026-10-08T01:33:05.914486+00:00,False,+23.1%,True,$1271.5M,,N/A,False,0.0K,True,$9.00 / SMA $8.40,False,0.00%,,N/A,True,141.0M,False,PNK,False,
ELTP,"Elite Pharmaceuticals, Inc.",0.256,2026-10-08T01:36:39.919672+00:00,False,+21.9%,False,$275.7M,True,+200.0%,True,761.6K,False,$0.26 / SMA $0.29,True,5.69%,False,+-19.5%,False,836.1M,False,OQB,False,
ELV,"Elevance Health, Inc.",404.31,2026-10-08T01:26:57.679502+00:00,False,+47.1%,True,$87682.4M,False,+-13.1%,True,1196.2K,True,$404.31 / SMA $397.19,False,2.47%,False,+1.4%,False,216.4M,True,NYQ,False,
EMBJ,EMBJ,71.81,2026-10-08T01:27:32.103018+00:00,False,+34.1%,True,$12779.2M,True,+197.3%,True,1207.4K,False,$71.81 / SMA $74.08,True,3.26%,True,+102.7%,False,168.0M,True,NYQ,False,
EME,"EMCOR Group, Inc.",784.66,2026-10-08T01:27:06.552641+00:00,False,+38.9%,True,$34611.3M,True,+34.8%,False,401.6K,True,$784.66 / SMA $775.64,True,3.00%,False,+19.8%,True,43.8M,True,NYQ,False,
EMO,ClearBridge Energy Midstream Opportunity Fund Inc,50.34,2026-10-08T01:33:03.752230+00:00,False,+21.2%,,N/A,,N/A,False,39.4K,False,$50.34 / SMA $52.54,False,2.62%,,N/A,,N/A,True,NYQ,False,
ENGQF,Engie SA,26.83,2026-10-08T01:26:58.186515+00:00,False,+26.2%,True,$68164.5M,,N/A,False,28.4K,False,$26.83 / SMA $28.28,True,4.78%,,N/A,False,1908.2M,False,PNK,False,
ENIC,Enel Chile S.A.,4.32,2026-10-08T01:29:20.142766+00:00,False,+19.3%,True,$5976.0M,True,+60.0%,True,617.8K,False,$4.32 / SMA $4.40,False,2.38%,False,+-8.9%,False,485.2M,True,NYQ,False,
ENLT,Enlight Renewable Energy Ltd,66.08,2026-10-08T01:27:27.261433+00:00,True,+104.5%,True,$9244.9M,True,+1900.0%,False,186.1K,False,$66.08 / SMA $77.21,False,2.25%,True,+43.0%,True,137.6M,True,NMS,False,
ENPSF,Enplas Corporation,63.25,2026-10-08T01:34:48.886577+00:00,True,+112.9%,True,$571.3M,,N/A,False,0.1K,True,$63.25 / SMA $24.40,False,0.00%,,N/A,True,6.7M,False,PNK,False,
ENS,EnerSys,182.49,2026-10-08T01:27:37.192636+00:00,False,+67.6%,True,$6581.5M,True,+111.6%,True,516.1K,False,$182.49 / SMA $185.21,False,2.50%,False,+4.8%,True,35.9M,True,NYQ,False,
ENVA,"Enova International, Inc.",184.12,2026-10-08T01:29:30.418794+00:00,True,+78.7%,True,$4584.3M,True,+39.9%,False,356.8K,False,$184.12 / SMA $220.85,True,3.09%,False,+21.6%,True,23.8M,True,NYQ,False,
ENVX,Enovix Corporation,2.55,2026-10-08T01:33:00.574509+00:00,False,+2.8%,True,$559.6M,False,+9.1%,True,7170.4K,False,$2.55 / SMA $3.45,True,6.41%,False,+20.8%,False,189.6M,True,NMS,False,
EOG,"EOG Resources, Inc.",144.21,2026-10-08T01:26:58.871879+00:00,False,+42.0%,True,$75642.4M,True,+109.3%,True,3073.7K,False,$144.21 / SMA $144.47,False,2.32%,True,+58.6%,False,522.7M,True,NYQ,False,
EPMLF,Empire Metals Limited,0.6,2026-10-08T01:36:44.549593+00:00,True,+120.3%,,N/A,,N/A,False,2.8K,True,$0.60 / SMA_short $0.56,True,7.71%,,N/A,False,685.5M,False,OQX,False,
EQBK,"Equity Bancshares, Inc.",47.0,2026-10-08T01:34:45.379499+00:00,False,+21.8%,True,$967.8M,True,+47.7%,False,115.5K,False,$47.00 / SMA $49.49,False,2.05%,True,+40.0%,True,17.7M,True,NYQ,False,
ERAS,"Erasca, Inc.",14.12,2026-10-08T01:31:05.310581+00:00,True,+570.8%,True,$4938.6M,False,+-16.7%,True,4315.6K,False,$14.12 / SMA $16.70,True,6.78%,,N/A,False,255.2M,True,NMS,False,
ERBKY,Eurobank S.A.,11.72,2026-10-08T01:27:22.978649+00:00,False,+31.2%,True,$42052.7M,False,+10.0%,False,1.6K,True,$11.72 / SMA $11.42,False,2.30%,False,+6.7%,False,1224.5M,False,PNK,False,
ERIE,Erie Indemnity Company,217.77,2026-10-08T01:27:32.192805+00:00,False,+6.4%,True,$11387.2M,False,+3.3%,False,266.0K,False,$217.77 / SMA $243.78,False,2.75%,False,+1.7%,True,25.1M,True,NMS,False,
ESE,ESCO Technologies Inc.,256.9,2026-10-08T01:27:39.907381+00:00,False,+32.6%,True,$6655.7M,True,+25.3%,False,216.7K,False,$256.90 / SMA $282.78,False,2.79%,False,+14.4%,True,25.8M,True,NYQ,False,
ESLOF,EssilorLuxottica Société anonyme,165.0,2026-10-08T01:26:56.907491+00:00,False,+5.5%,True,$75690.2M,,N/A,False,5.3K,False,$165.00 / SMA $179.36,True,6.03%,,N/A,False,274.7M,False,PNK,False,
ESPR,ESPR,,2026-10-08T01:34:47.603756+00:00,False,N/A,False,N/A,False,N/A,False,N/A,False,N/A,False,N/A,False,N/A,False,N/A,False,Unknown,False,No price data available
ET,Energy Transfer LP,20.48,2026-10-08T01:26:59.432232+00:00,False,+26.6%,True,$70518.8M,True,+84.4%,True,8914.5K,False,$20.48 / SMA_short $20.61,,N/A,True,+78.4%,False,2944.6M,True,ASE,False,
ETD,Ethan Allen Interiors Inc.,20.76,2026-10-08T01:34:58.405427+00:00,False,+13.6%,True,$523.2M,False,+-4.2%,True,539.7K,False,$20.76 / SMA $20.83,False,2.26%,False,+-8.5%,True,23.4M,True,NYQ,False,
ETN,Eaton Corporation plc,431.33,2026-10-08T01:26:54.253015+00:00,False,+38.3%,True,$167528.6M,False,+-15.9%,True,2079.5K,True,$431.33 / SMA $424.04,False,2.77%,False,+21.4%,False,387.7M,True,NYQ,False,
EVAC.U,EVAC.U,,2026-10-08T01:34:54.811788+00:00,False,N/A,False,N/A,False,N/A,False,N/A,False,N/A,False,N/A,False,N/A,False,N/A,False,Unknown,False,No price data available
EVH,"Evolent Health, Inc.",4.14,2026-10-08T01:36:34.328906+00:00,True,+97.6%,True,$468.1M,True,+43.2%,True,2966.7K,True,$4.14 / SMA $3.99,True,5.66%,True,+46.9%,True,94.2M,True,NYQ,True,
EVOX,Evolution Global Acquisition Corp,10.12,2026-10-08T01:36:44.897704+00:00,False,+2.6%,True,$323.8M,,N/A,False,46.2K,True,$10.12 / SMA $10.10,False,0.03%,,N/A,True,21.2M,True,NGM,False,
EVTL,Vertical Aerospace Ltd.,0.5525,2026-10-08T01:36:43.563420+00:00,False,+6.7%,False,$93.2M,,N/A,True,6240.4K,False,$0.55 / SMA $0.77,True,10.75%,,N/A,True,84.7M,True,NYQ,False,
EWIIF,Edinburgh Worldwide Investment Trust Plc,3.81,2026-10-08T01:33:04.668506+00:00,True,+90.5%,,N/A,,N/A,False,0.1K,True,$3.81 / SMA_short $3.81,,N/A,,N/A,,N/A,False,PNK,False,
EXETF,Extendicare Inc.,18.89,2026-10-08T01:31:16.130591+00:00,True,+82.7%,True,$1795.4M,False,+-14.5%,False,87.9K,False,$18.89 / SMA $22.62,False,0.60%,True,+59.4%,True,93.9M,False,PNK,False,
EXPE,"Expedia Group, Inc.",258.86,2026-10-08T01:27:12.757421+00:00,False,+39.7%,True,$31068.9M,True,+188.7%,True,1825.5K,False,$258.86 / SMA $297.50,True,4.19%,False,+14.0%,True,113.6M,True,NMS,False,
EZPW,"EZCORP, Inc.",30.44,2026-10-08T01:31:19.053461+00:00,True,+84.5%,True,$1870.3M,True,+41.2%,True,905.8K,False,$30.44 / SMA $30.86,True,3.44%,True,+34.7%,True,55.7M,True,NMS,False,
FANDY,FirstRand Limited,53.85,2026-10-08T01:27:10.098360+00:00,False,+18.2%,True,$29948.5M,,N/A,False,0.1K,False,$53.85 / SMA $59.52,False,0.00%,,N/A,False,554.9M,False,PNK,False,
FANUY,Fanuc Corporation,19.35,2026-10-08T01:27:03.607071+00:00,False,+31.2%,True,$35960.1M,,N/A,True,508.3K,True,$19.35 / SMA $19.33,False,2.42%,,N/A,False,1866.0M,False,PNK,False,
FBIZ,"First Business Financial Services, Inc.",70.1,2026-10-08T01:34:59.945526+00:00,False,+52.2%,True,$586.6M,True,+36.3%,False,62.5K,False,$70.10 / SMA $70.62,False,1.91%,False,+13.8%,True,7.8M,True,NMS,False,
FCELB,"FuelCell Energy, Inc.",480.0,2026-10-08T01:33:02.530854+00:00,False,+61.3%,,N/A,,N/A,False,0.2K,False,$480.00 / SMA $485.86,True,3.10%,False,+-29.4%,True,76.1M,False,PNK,False,
FCNCB,"First Citizens BancShares, Inc.",1653.01,2026-10-08T01:27:15.110337+00:00,False,+14.8%,True,$18667.6M,True,+31.1%,False,0.1K,False,$1653.01 / SMA $1783.06,False,1.31%,False,+2.5%,True,8.1M,False,PNK,False,
FCPT,"Four Corners Property Trust, Inc.",21.03,2026-10-08T01:31:12.167237+00:00,False,+0.0%,True,$2308.2M,False,+-3.6%,True,900.4K,False,$21.03 / SMA $23.91,False,1.95%,False,+7.7%,True,108.4M,True,NYQ,False,
FDMDF,4DMedical Limited,2.9,2026-10-08T01:32:58.437312+00:00,True,+233.3%,True,$1745.9M,,N/A,False,0.7K,True,$2.90 / SMA $2.77,False,0.00%,,N/A,False,498.9M,False,PNK,False,
FDMT,"4D Molecular Therapeutics, Inc.",12.59,2026-10-08T01:36:34.029484+00:00,True,+80.9%,True,$695.5M,False,+-6.1%,True,924.1K,False,$12.59 / SMA $13.56,True,6.42%,True,+25106.7%,True,42.5M,True,NMS,False,
FDP,FDP,,2026-10-08T01:32:58.555986+00:00,False,N/A,False,N/A,False,N/A,False,N/A,False,N/A,False,N/A,False,N/A,False,N/A,False,Unknown,False,No price data available
FERG,Ferguson Enterprises Inc.,215.06,2026-10-08T01:27:04.753873+00:00,False,+1.4%,True,$41603.9M,False,+-3.4%,True,2319.4K,False,$215.06 / SMA $231.28,False,2.29%,False,+3.0%,False,193.0M,True,NYQ,False,
FFIC,FFIC,,2026-10-08T01:34:57.173511+00:00,False,N/A,False,N/A,False,N/A,False,N/A,False,N/A,False,N/A,False,N/A,False,N/A,False,Unknown,False,No price data available
FFIN,"First Financial Bankshares, Inc.",31.39,2026-10-08T01:29:25.680656+00:00,False,+11.6%,True,$4499.1M,False,+6.4%,True,752.9K,False,$31.39 / SMA $33.40,False,1.92%,False,+10.8%,True,136.9M,True,NMS,False,
FGROY,FirstGroup plc,2.35,2026-10-08T01:33:04.777059+00:00,False,+17.5%,True,$1213.3M,,N/A,False,0.1K,True,$2.35 / SMA $2.35,False,0.00%,,N/A,False,477.5M,False,PNK,False,
FHB,"First Hawaiian, Inc.",24.64,2026-10-08T01:31:06.942719+00:00,False,+8.8%,True,$2998.2M,False,+3.4%,True,2268.0K,False,$24.64 / SMA $26.16,False,1.76%,False,+6.6%,True,120.4M,True,NMS,False,
FIGR,"Figure Technology Solutions, Inc.",27.68,2026-10-08T01:27:40.548768+00:00,False,+14.8%,True,$6210.8M,True,+881.5%,True,4133.6K,False,$27.68 / SMA $32.81,True,6.51%,True,+97.2%,True,145.7M,True,NMS,False,
FIP,FTAI Infrastructure Inc.,2.84,2026-10-08T01:34:56.999215+00:00,False,+9.7%,True,$335.6M,False,+-93.2%,True,1288.9K,False,$2.84 / SMA $3.45,True,7.10%,True,+52.7%,True,108.7M,True,NMS,False,
FITBP,FITBP,,2026-10-08T01:27:04.809556+00:00,False,N/A,False,N/A,False,N/A,False,N/A,False,N/A,False,N/A,False,N/A,False,N/A,False,Unknown,False,No price data available
FIVN,"Five9, Inc.",33.78,2026-10-08T01:32:56.248917+00:00,True,+154.2%,True,$2524.2M,True,+300.0%,True,2573.6K,True,$33.78 / SMA $32.86,True,5.88%,False,+10.3%,True,66.8M,True,NGM,False,
FLEX,Flex Ltd.,119.34,2026-10-08T01:27:03.746658+00:00,True,+124.9%,True,$44091.4M,True,+52.0%,True,3654.4K,True,$119.34 / SMA $114.19,True,4.26%,,N/A,False,366.6M,True,NMS,False,
FLGZY,Flughafen Zürich AG,9.67,2026-10-08T01:27:36.054874+00:00,False,+2.9%,True,$7421.2M,,N/A,False,0.5K,False,$9.67 / SMA $10.69,False,0.45%,,N/A,False,510.7M,False,PNK,False,
FLIDY,FLSmidth & Co. A/S,9.21,2026-10-08T01:29:25.927113+00:00,False,+41.0%,True,$4884.0M,True,+200.0%,False,0.2K,True,$9.21 / SMA $8.56,False,0.11%,False,+16.8%,False,450.2M,False,PNK,False,
FLOC,FLOC,19.09,2026-10-08T01:31:14.970195+00:00,False,+36.1%,True,$2076.9M,True,+33.3%,True,554.5K,False,$19.09 / SMA $20.69,True,4.12%,False,+22.1%,True,10.0M,True,NYQ,False,
FMBRF,FMBRF,,2026-10-08T01:36:47.348340+00:00,False,N/A,False,N/A,False,N/A,False,N/A,False,N/A,False,N/A,False,N/A,False,N/A,False,Unknown,False,No price data available
FMCCK,Federal Home Loan Mortgage Corporation,9.96,2026-10-08T01:29:28.364709+00:00,False,+0.0%,,N/A,,N/A,False,0.6K,False,$9.96 / SMA $12.55,False,0.22%,False,+2.4%,False,650.1M,False,OQB,False,
FMCCN,Federal Home Loan Mortgage Corporation,9.09,2026-10-08T01:29:28.429804+00:00,False,+3.9%,,N/A,,N/A,False,0.7K,False,$9.09 / SMA $11.26,False,1.11%,False,+2.4%,False,650.1M,False,OQB,False,
FMCCP,Federal Home Loan Mortgage Corporation,10.15,2026-10-08T01:29:28.634779+00:00,False,+0.4%,,N/A,,N/A,False,3.9K,False,$10.15 / SMA $13.55,False,1.20%,False,+2.4%,False,650.1M,False,OQB,False,
FMCKN,Federal Home Loan Mortgage Corporation,6.15,2026-10-08T01:29:28.699990+00:00,False,+2.5%,,N/A,,N/A,False,4.8K,False,$6.15 / SMA $7.60,False,1.70%,False,+2.4%,False,650.1M,False,OQB,False,
FMNB,Farmers National Banc Corp.,15.06,2026-10-08T01:34:46.295983+00:00,False,+24.3%,True,$892.3M,False,+5.4%,False,392.4K,False,$15.06 / SMA $15.57,False,1.70%,True,+49.7%,True,57.3M,True,NCM,False,
FMS,Fresenius Medical Care AG,20.69,2026-10-08T01:27:29.921795+00:00,False,+3.3%,True,$11011.6M,False,+5.2%,True,696.4K,False,$20.69 / SMA $23.20,False,1.24%,False,+1.4%,False,397.1M,True,NYQ,False,
FNBKY,FinecoBank Banca Fineco S.p.A.,51.45,2026-10-08T01:27:24.015430+00:00,False,+20.1%,True,$15739.0M,,N/A,False,0.5K,False,$51.45 / SMA $54.09,False,0.73%,,N/A,False,305.9M,False,PNK,False,
FNCSF,North American Financial 15 Split Corp.,6.38,2026-10-08T01:36:34.332973+00:00,False,+46.2%,True,$438.5M,,N/A,False,0.4K,False,$6.38 / SMA $7.05,False,0.31%,,N/A,,N/A,False,PNK,False,
FNF,"Fidelity National Financial, Inc.",39.02,2026-10-08T01:27:26.902236+00:00,False,+3.0%,True,$10464.9M,False,+5.9%,True,2072.9K,False,$39.02 / SMA $45.43,False,2.56%,False,+11.0%,False,253.4M,True,NYQ,False,
FNLC,"The First Bancorp, Inc.",33.31,2026-10-08T01:36:44.874153+00:00,False,+38.3%,True,$375.8M,False,+18.1%,False,33.5K,False,$33.31 / SMA $34.42,False,2.62%,False,+14.6%,True,10.7M,True,NMS,False,
FNMAH,Federal National Mortgage Association,5.74,2026-10-08T01:27:37.795143+00:00,False,+11.0%,,N/A,,N/A,False,10.0K,False,$5.74 / SMA $6.93,True,6.39%,False,+4.6%,False,1158.1M,False,OQB,False,
FNMAS,Federal National Mortgage Association,7.55,2026-10-08T01:27:37.877090+00:00,False,+3.3%,,N/A,,N/A,True,562.5K,False,$7.55 / SMA $9.39,True,4.62%,False,+4.6%,False,1158.1M,False,OQB,False,
FNMFN,Federal National Mortgage Association,12.1,2026-10-08T01:27:38.102307+00:00,False,+0.8%,,N/A,,N/A,False,5.5K,False,$12.10 / SMA $14.93,False,2.54%,False,+4.6%,False,1158.1M,False,OQB,False,
FOJCF,Fortum Oyj,26.74,2026-10-08T01:27:16.736176+00:00,False,+44.7%,True,$23992.9M,False,+0.0%,False,0.1K,True,$26.74 / SMA $24.64,False,0.00%,False,+15.4%,False,429.8M,False,PNK,False,
FPAFF,First Pacific Company Limited,0.63,2026-10-08T01:31:10.707651+00:00,False,+6.8%,,N/A,,N/A,False,31.5K,False,$0.63 / SMA $0.64,False,0.79%,,N/A,False,2294.7M,False,PNK,False,
FPS,"Forgent Power Solutions, Inc.",40.65,2026-10-08T01:27:24.618020+00:00,False,+56.6%,True,$12966.7M,,N/A,True,8534.0K,True,$40.65 / SMA $35.16,True,6.22%,True,+94.3%,False,170.6M,True,NYQ,False,
FRA,"BlackRock Floating Rate Income Strategies Fund, Inc.",10.31,2026-10-08T01:36:37.810878+00:00,False,+1.0%,,N/A,,N/A,False,153.2K,False,$10.31 / SMA $10.66,False,1.12%,,N/A,,N/A,True,NYQ,False,
FRBP,FRBP,10.25,2026-10-08T01:33:04.293529+00:00,False,+46.4%,True,$1371.7M,False,+5.6%,False,0.2K,True,$10.25 / SMA $8.24,False,0.00%,False,+-3.8%,,N/A,False,PNK,False,
FRCOF,"Fast Retailing Co., Ltd.",474.43,2026-10-08T01:26:54.278510+00:00,False,+52.1%,True,$145579.3M,,N/A,False,0.4K,True,$474.43 / SMA $455.52,True,8.19%,,N/A,False,187.9M,False,PNK,False,
FRME,First Merchants Corporation,39.29,2026-10-08T01:31:14.403128+00:00,False,+13.4%,True,$2467.5M,False,+-28.6%,False,457.5K,False,$39.29 / SMA $41.49,False,1.73%,,N/A,True,61.6M,True,NMS,False,
FRO,Frontline plc,53.06,2026-10-08T01:27:38.406369+00:00,True,+159.2%,True,$11812.4M,True,+745.7%,True,2806.7K,True,$53.06 / SMA $43.31,True,3.63%,True,+96.5%,True,142.9M,True,NYQ,True,
FRUYF,"Furuya Metal Co., Ltd.",20.72,2026-10-08T01:32:59.712055+00:00,False,+1.0%,True,$509.7M,,N/A,False,0.0K,True,$20.72 / SMA $20.72,False,0.00%,,N/A,True,16.0M,False,PNK,False,
FSK,FS KKR Capital Corp.,10.75,2026-10-08T01:31:09.277765+00:00,False,+10.6%,True,$2970.7M,True,+82.7%,True,2071.1K,False,$10.75 / SMA $11.40,False,2.27%,True,+82.6%,,N/A,True,NYQ,False,
FSUN,FirstSun Capital Bancorp,38.48,2026-10-08T01:32:58.886615+00:00,False,+28.5%,True,$1691.2M,False,+-152.7%,False,317.9K,False,$38.48 / SMA $39.81,False,2.16%,True,+71.8%,True,33.9M,True,NMS,False,
FTI,TechnipFMC plc,68.4,2026-10-08T01:27:11.245570+00:00,True,+93.8%,True,$26824.0M,True,+40.6%,True,3047.9K,False,$68.40 / SMA $73.84,False,2.99%,False,+9.0%,False,387.7M,True,NYQ,False,
FTNT,"Fortinet, Inc.",189.28,2026-10-08T01:26:56.694212+00:00,True,+157.3%,True,$138877.3M,True,+43.9%,True,4621.8K,True,$189.28 / SMA $165.37,True,3.56%,True,+25.6%,False,618.9M,True,NMS,False,
FUEMF,FUEMF,,2026-10-08T01:34:49.178249+00:00,False,N/A,False,N/A,False,N/A,False,N/A,False,N/A,False,N/A,False,N/A,False,N/A,False,Unknown,False,No price data available
FUGRF,Fugro N.V.,9.36,2026-10-08T01:32:59.686393+00:00,False,+0.0%,True,$1042.1M,,N/A,False,0.0K,False,$9.36 / SMA $9.98,False,0.00%,,N/A,True,106.8M,False,PNK,False,
FUJHY,Subaru Corporation,7.95,2026-10-08T01:27:30.973185+00:00,False,+12.0%,True,$11059.5M,,N/A,False,271.4K,False,$7.95 / SMA $8.22,True,3.03%,,N/A,False,1084.7M,False,PNK,False,
FUJIF,FUJIFILM Holdings Corporation,21.5,2026-10-08T01:27:13.899234+00:00,False,+26.5%,True,$25713.8M,,N/A,False,0.3K,True,$21.50 / SMA $20.78,False,0.48%,,N/A,False,1194.9M,False,PNK,False,
FULTP,Fulton Financial Corporation,17.08,2026-10-08T01:29:29.203703+00:00,False,+1.7%,,N/A,,N/A,False,11.7K,False,$17.08 / SMA $17.37,False,1.62%,False,+12.2%,False,188.3M,True,NMS,False,
FUWAF,"Furukawa Electric Co., Ltd.",23.91,2026-10-08T01:27:15.705134+00:00,False,+20.9%,True,$16820.6M,,N/A,False,2.7K,True,$23.91 / SMA $22.79,False,0.00%,,N/A,False,650.7M,False,PNK,False,
FVRR,Fiverr International Ltd.,8.5,2026-10-08T01:36:37.379597+00:00,False,+2.3%,True,$305.6M,True,+33.3%,True,685.7K,False,$8.50 / SMA $9.00,False,2.72%,False,+-10.0%,True,30.8M,True,NYQ,False,
FWRG,"First Watch Restaurant Group, Inc.",10.5,2026-10-08T01:34:50.197056+00:00,False,+6.3%,True,$648.0M,True,+33.3%,True,1137.5K,False,$10.50 / SMA $11.69,True,4.46%,False,+15.2%,True,60.8M,True,NMS,False,
FXCNF,FIH Mobile Limited,2.04,2026-10-08T01:31:13.364652+00:00,False,+4.6%,True,$1596.5M,,N/A,False,0.0K,False,$2.04 / SMA $2.98,False,0.00%,,N/A,False,258.7M,False,PNK,False,
FYGGY,"Fuyao Glass Industry Group Co., Ltd.",1.85,2026-10-08T01:27:16.969682+00:00,False,+23.3%,True,$19312.1M,,N/A,False,27.3K,True,$1.85 / SMA $1.80,True,4.65%,False,+0.2%,False,7691.3M,False,PNK,False,
GAIN,GAIN,15.29,2026-10-08T01:34:52.783240+00:00,False,+16.6%,,N/A,False,+-242.9%,False,185.8K,False,$15.29 / SMA $16.07,False,1.77%,False,+-313.6%,,N/A,True,NMS,False,
GAM,"General American Investors Company, Inc.",64.13,2026-10-08T01:32:59.827803+00:00,False,+14.0%,True,$1528.4M,,N/A,False,19.0K,False,$64.13 / SMA $65.91,False,1.40%,,N/A,True,21.2M,True,NYQ,False,
GASNF,"Naturgy Energy Group, S.A.",33.53,2026-10-08T01:27:09.909359+00:00,False,+14.2%,True,$32200.1M,,N/A,False,0.1K,False,$33.53 / SMA $33.74,False,0.00%,,N/A,False,298.5M,False,PNK,False,
GBERY,Geberit AG,63.33,2026-10-08T01:27:17.488019+00:00,False,+3.1%,True,$20492.6M,,N/A,False,19.4K,False,$63.33 / SMA $67.68,False,0.99%,,N/A,False,322.3M,False,PNK,False,
GBTG,"Global Business Travel Group, Inc.",9.5,2026-10-08T01:29:24.204348+00:00,True,+91.7%,True,$4962.5M,False,+0.0%,True,1731.3K,True,$9.50 / SMA_short $9.46,,N/A,True,+37.9%,False,522.4M,True,NYQ,False,
GEAGF,GEA Group Aktiengesellschaft,67.0,2026-10-08T01:27:32.451215+00:00,False,+6.0%,True,$10907.7M,False,+13.6%,False,0.0K,False,$67.00 / SMA $70.37,False,0.00%,False,+10.0%,True,145.7M,False,PNK,False,
GEAHF,Great Eagle Holdings Limited,2.21,2026-10-08T01:32:54.028839+00:00,False,+22.8%,True,$1656.9M,,N/A,False,0.0K,False,$2.21 / SMA $2.21,False,0.00%,,N/A,False,214.7M,False,PNK,False,
GENSY,Genus plc,28.38,2026-10-08T01:31:17.235408+00:00,False,+16.6%,True,$1855.3M,,N/A,False,0.0K,True,$28.38 / SMA $28.38,False,0.00%,,N/A,True,65.1M,False,PNK,False,
GEV,GE Vernova Inc.,997.09,2026-10-08T01:26:52.577236+00:00,True,+88.1%,True,$265558.6M,True,+32.8%,True,2339.9K,True,$997.09 / SMA $965.64,True,3.37%,False,+21.9%,False,265.8M,True,NYQ,False,
GGAZF,GGAZF,,2026-10-08T01:36:42.755698+00:00,False,N/A,False,N/A,False,N/A,False,N/A,False,N/A,False,N/A,False,N/A,False,N/A,False,Unknown,False,No price data available
GGGSY,Greggs plc,8.865,2026-10-08T01:31:15.714278+00:00,False,+41.8%,True,$2711.5M,,N/A,False,0.2K,True,$8.87 / SMA $8.29,False,0.53%,,N/A,False,301.3M,False,PNK,False,
GHRS,GH Research PLC,21.06,2026-10-08T01:32:59.459065+00:00,True,+74.9%,True,$1445.6M,False,+-53.3%,False,295.1K,False,$21.06 / SMA $27.49,True,5.28%,,N/A,True,32.4M,True,NGM,False,
GIL,Gildan Activewear Inc.,41.26,2026-10-08T01:27:31.361255+00:00,False,+3.3%,True,$7641.0M,False,+-129.7%,True,1499.4K,False,$41.26 / SMA $50.72,True,3.84%,True,+72.3%,False,183.1M,True,NYQ,False,
GIW,GigCapital8 Corp.,10.17,2026-10-08T01:36:39.876926+00:00,False,+3.0%,True,$370.9M,True,+29685.8%,False,60.3K,True,$10.17 / SMA $10.15,False,0.07%,,N/A,True,20.2M,True,NGM,False,
GJNSY,Gjensidige Forsikring ASA,26.058,2026-10-08T01:27:25.272282+00:00,False,+9.8%,True,$13028.1M,True,+60.8%,False,1.4K,False,$26.06 / SMA $29.21,True,3.93%,False,+15.9%,False,187.7M,False,PNK,False,
GLAD,Gladstone Capital Corporation,18.72,2026-10-08T01:36:35.474605+00:00,False,+13.2%,True,$422.9M,True,+78.8%,False,164.4K,False,$18.72 / SMA $19.23,False,1.53%,True,+87.2%,,N/A,True,NMS,False,
GLASF,GLASF,,2026-10-08T01:34:47.997072+00:00,False,N/A,False,N/A,False,N/A,False,N/A,False,N/A,False,N/A,False,N/A,False,N/A,False,Unknown,False,No price data available
GLIBK,Liberty Capital Corporation,23.68,2026-10-08T01:33:09.477118+00:00,False,+22.7%,True,$945.0M,False,+-54.7%,False,397.7K,False,$23.68 / SMA $24.86,True,3.08%,False,+0.0%,True,32.5M,True,NMS,False,
GLNG,Golar LNG Limited,49.14,2026-10-08T01:29:22.311754+00:00,False,+40.3%,True,$5017.0M,False,+-54.1%,True,1302.1K,False,$49.14 / SMA $50.66,False,2.52%,False,+-5.1%,True,87.0M,True,NMS,False,
GLNLF,Galan Lithium Limited,0.22,2026-10-08T01:36:39.777895+00:00,True,+159.1%,False,$279.9M,,N/A,False,150.1K,False,$0.22 / SMA $0.25,True,5.53%,,N/A,False,901.2M,False,PNK,False,
GLSI,"Greenwich LifeSciences, Inc.",15.39,2026-10-08T01:36:38.849612+00:00,True,+97.8%,False,$225.9M,False,+3.6%,False,139.1K,False,$15.39 / SMA $16.37,True,8.19%,,N/A,True,7.6M,True,NCM,False,
GLW,Corning Incorporated,163.25,2026-10-08T01:26:53.973560+00:00,True,+110.9%,True,$140621.6M,False,+18.5%,True,10332.5K,True,$163.25 / SMA $154.14,True,4.34%,False,+16.6%,False,790.6M,True,NYQ,False,
GMAB,Genmab A/S,36.65,2026-10-08T01:27:22.414341+00:00,False,+55.2%,True,$22536.2M,False,+-9.4%,True,2779.6K,True,$36.65 / SMA $33.13,True,3.14%,False,+24.9%,False,557.8M,True,NMS,False,
GMTL,Guardian Metal Resources PLC,7.73,2026-10-08T01:34:52.856105+00:00,False,+2.7%,True,$307.3M,,N/A,False,204.6K,False,$7.73 / SMA $11.09,True,7.89%,,N/A,True,24.2M,True,ASE,False,
GMTLF,Guardian Metal Resources PLC,1.59,2026-10-08T01:34:53.326203+00:00,False,+30.3%,True,$316.1M,,N/A,False,44.9K,False,$1.59 / SMA $2.22,True,6.16%,,N/A,True,121.2M,False,OQB,False,
GNMSF,Genmab A/S,376.0,2026-10-08T01:27:23.449016+00:00,False,+61.8%,True,$23120.3M,False,+-9.4%,False,1.4K,True,$376.00 / SMA $329.27,False,0.77%,False,+24.9%,True,55.8M,False,PNK,False,
GNNDY,GN Store Nord A/S,47.3,2026-10-08T01:31:17.866565+00:00,False,+19.9%,True,$2295.8M,False,+-130.6%,False,0.4K,True,$47.30 / SMA $45.85,False,0.55%,False,+-4.9%,True,48.5M,False,PNK,False,
GOFPY,Allwyn AG,6.48,2026-10-08T01:27:31.680485+00:00,False,+4.5%,True,$9992.8M,False,+-80.6%,False,111.6K,False,$6.48 / SMA $7.47,True,3.20%,True,+205.9%,True,0.3M,False,PNK,False,
GONYF,GO Residential Real Estate Investment Trust,7.03,2026-10-08T01:36:38.942061+00:00,False,+0.0%,False,$261.3M,True,+51.8%,False,24.7K,False,$7.03 / SMA_short $7.91,False,2.91%,False,+14.6%,True,30.0M,False,OQB,False,
GOODN,Gladstone Commercial Corporation,20.1055,2026-10-08T01:34:53.322773+00:00,False,+0.5%,,N/A,,N/A,False,3.2K,False,$20.11 / SMA $22.52,False,2.20%,False,+11.3%,True,47.8M,True,NMS,False,
GPAT,GP-Act III Acquisition Corp.,11.02,2026-10-08T01:36:38.345566+00:00,False,+4.3%,False,$178.1M,False,+-87.5%,False,10.9K,False,$11.02 / SMA $11.03,False,0.10%,,N/A,True,4.5M,True,NGM,False,
GPK,Graphic Packaging Holding Company,8.52,2026-10-08T01:31:09.336388+00:00,False,+1.4%,True,$2522.5M,False,+-76.5%,True,5556.8K,False,$8.52 / SMA $10.43,True,3.85%,False,+-0.7%,False,270.9M,True,NYQ,False,
GRC,The Gorman-Rupp Company,74.21,2026-10-08T01:31:20.736543+00:00,True,+75.4%,True,$1959.9M,False,+23.3%,False,184.6K,False,$74.21 / SMA $77.22,False,2.79%,False,+3.9%,True,20.8M,True,NYQ,False,
GRIQ,"GrocerIQ Holdings, Inc.",1.15,2026-10-08T01:36:45.892335+00:00,False,+13.9%,False,$83.9M,,N/A,False,2.5K,False,$1.15 / SMA $2.29,True,15.34%,,N/A,,N/A,False,OID,False,
GROY,Gold Royalty Corp.,2.88,2026-10-08T01:34:49.588757+00:00,False,+17.6%,True,$667.2M,,N/A,True,1976.1K,False,$2.88 / SMA $3.16,True,3.36%,True,+76.1%,False,171.9M,True,ASE,False,
GRYRF,Geo Energy Resources Limited,0.36465,2026-10-08T01:34:53.282090+00:00,False,+19.2%,True,$645.8M,,N/A,False,0.0K,True,$0.36 / SMA $0.36,False,0.00%,False,+-9.6%,False,803.6M,False,PNK,False,
GSHD,"Goosehead Insurance, Inc.",43.72,2026-10-08T01:33:00.096645+00:00,False,+29.8%,True,$1562.5M,True,+127.8%,False,497.1K,False,$43.72 / SMA $60.36,True,6.29%,False,+20.6%,True,20.7M,True,NMS,False,
GSHRF,Gold X2 Mining Inc.,4.9,2026-10-08T01:34:51.755674+00:00,False,+13.4%,True,$495.8M,False,+-100.0%,False,37.6K,False,$4.90 / SMA_short $5.19,,N/A,,N/A,True,91.7M,False,PNK,False,
GSIT,"GSI Technology, Inc.",5.385,2026-10-08T01:36:41.527777+00:00,False,+19.4%,False,$207.0M,False,+-62.5%,True,543.1K,False,$5.38 / SMA $5.79,True,4.37%,False,+0.5%,True,32.6M,True,NMS,False,
GSL,"Global Ship Lease, Inc.",44.72,2026-10-08T01:33:01.969093+00:00,False,+63.9%,,N/A,False,+-5.0%,False,321.3K,True,$44.72 / SMA $44.07,False,2.23%,False,+2.0%,True,31.9M,True,NYQ,False,
GSM,Ferroglobe PLC,4.32,2026-10-08T01:34:47.236938+00:00,False,+40.3%,,N/A,True,+633.3%,True,1512.9K,True,$4.32 / SMA $4.13,True,4.12%,False,+-2.1%,False,172.9M,True,NCM,False,
GT,The Goodyear Tire & Rubber Company,4.69,2026-10-08T01:32:56.817058+00:00,False,+1.7%,True,$1350.2M,False,+-181.6%,True,9108.8K,False,$4.69 / SMA $5.84,True,4.17%,False,+-4.8%,False,274.8M,True,NMS,False,
GTLB,GitLab Inc.,51.99,2026-10-08T01:29:26.252695+00:00,True,+177.6%,True,$8662.3M,False,+-266.7%,True,4739.1K,True,$51.99 / SMA $44.46,True,3.91%,False,+21.3%,True,137.7M,True,NMS,False,
GYRE,"Gyre Therapeutics, Inc.",7.04,2026-10-08T01:34:54.798381+00:00,False,+29.4%,True,$746.5M,False,+-300.0%,False,105.8K,True,$7.04 / SMA $6.79,True,4.85%,False,+-2.1%,True,35.9M,True,NCM,False,
HACQ,HCM IV Acquisition Corp.,10.035,2026-10-08T01:36:39.482470+00:00,False,+1.8%,True,$375.1M,,N/A,False,33.8K,False,$10.04 / SMA $10.06,False,0.02%,,N/A,True,28.7M,True,NGM,False,
HAE,Haemonetics Corporation,101.71,2026-10-08T01:31:09.800113+00:00,True,+111.1%,True,$4627.5M,False,+2.9%,True,678.8K,True,$101.71 / SMA $100.23,False,2.44%,False,+5.6%,True,44.9M,True,NYQ,False,
HALO,"Halozyme Therapeutics, Inc.",110.79,2026-10-08T01:27:38.934587+00:00,True,+80.9%,True,$12574.4M,True,+42.9%,True,2174.0K,True,$110.79 / SMA $104.45,False,2.76%,True,+47.7%,True,112.2M,True,NMS,False,
HAWK,"HawkEye 360, Inc.",14.08,2026-10-08T01:31:11.090667+00:00,False,+1.8%,True,$1379.4M,,N/A,True,1146.9K,False,$14.08 / SMA $19.18,True,4.92%,,N/A,True,67.4M,True,NYQ,False,
HBANM,Huntington Bancshares Incorporated,19.28,2026-10-08T01:27:09.301626+00:00,False,+0.6%,,N/A,,N/A,False,20.0K,False,$19.28 / SMA $20.30,False,2.03%,True,+46.4%,False,2007.2M,True,NMS,False,
HBGRF,Heidelberger Druckmaschinen Aktiengesellschaft,1.6,2026-10-08T01:34:59.428879+00:00,False,+1.3%,True,$486.9M,False,+-175.0%,False,0.0K,False,$1.60 / SMA $1.67,False,0.00%,False,+-13.3%,False,244.1M,False,PNK,False,
HCHDF,Hochschild Mining plc,6.9,2026-10-08T01:29:30.059533+00:00,False,+67.9%,True,$3549.8M,,N/A,False,4.1K,False,$6.90 / SMA $7.57,True,3.23%,,N/A,False,315.2M,False,OQX,False,
HCMLY,Holcim AG,15.27,2026-10-08T01:27:03.156434+00:00,False,+0.2%,True,$42231.1M,,N/A,False,150.4K,False,$15.27 / SMA $17.14,False,1.73%,,N/A,False,2520.0M,False,PNK,False,
HD,"The Home Depot, Inc.",285.77,2026-10-08T01:26:52.141569+00:00,False,+3.1%,True,$285109.7M,False,+4.6%,True,4197.5K,False,$285.77 / SMA $318.76,False,1.93%,False,+5.7%,False,996.0M,True,NYQ,False,
HDALF,Haidilao International Holding Ltd.,1.235,2026-10-08T01:27:35.487512+00:00,False,+11.3%,True,$7178.7M,,N/A,False,16.7K,False,$1.24 / SMA $1.41,False,2.39%,,N/A,False,1996.2M,False,PNK,False,
HEI.A,HEI.A,,2026-10-08T01:27:07.625542+00:00,False,N/A,False,N/A,False,N/A,False,N/A,False,N/A,False,N/A,False,N/A,False,N/A,False,Unknown,False,No price data available
HELE,Helen of Troy Limited,25.55,2026-10-08T01:34:54.224807+00:00,True,+84.5%,True,$595.1M,True,+107.7%,False,433.0K,False,$25.55 / SMA $28.23,True,4.53%,False,+8.2%,True,21.5M,True,NMS,False,
HENKY,Henkel AG & Co. KGaA,18.94,2026-10-08T01:27:10.285555+00:00,False,+12.5%,True,$30671.5M,,N/A,False,68.2K,False,$18.94 / SMA $20.04,False,1.27%,,N/A,False,978.7M,False,PNK,False,
HGV,Hilton Grand Vacations Inc.,34.59,2026-10-08T01:29:30.625571+00:00,False,+1.8%,True,$2688.5M,False,+-40.0%,True,1099.0K,False,$34.59 / SMA $41.23,True,3.52%,False,+7.3%,True,47.7M,True,NYQ,False,
HHUSF,Hua Hong Grace Semiconductor Limited,14.15,2026-10-08T01:27:08.672096+00:00,False,+50.9%,True,$33057.9M,True,+1000.0%,False,0.1K,False,$14.15 / SMA $15.41,False,0.00%,,N/A,False,956.2M,False,PNK,False,
HIFS,Hingham Institution for Savings,285.95,2026-10-08T01:34:53.375879+00:00,False,+15.1%,True,$628.3M,True,+168.5%,False,43.5K,False,$285.95 / SMA $298.84,True,3.01%,True,+105.9%,True,1.6M,True,NGM,False,
HIMS,"Hims & Hers Health, Inc.",29.54,2026-10-08T01:29:22.052184+00:00,True,+115.0%,True,$6892.1M,False,+-317.6%,True,12069.7K,True,$29.54 / SMA $29.31,True,5.38%,True,+38.2%,False,213.7M,True,NYQ,False,
HIPO,Hippo Holdings Inc.,32.41,2026-10-08T01:34:51.154619+00:00,False,+34.6%,True,$855.3M,True,+660.0%,False,173.9K,True,$32.41 / SMA $32.30,False,2.80%,False,+23.4%,True,22.4M,True,NYQ,False,
HL,Hecla Mining Company,16.39,2026-10-08T01:27:30.199828+00:00,False,+38.8%,True,$11010.3M,True,+88.9%,True,37623.7K,False,$16.39 / SMA $18.40,True,4.04%,True,+52.4%,False,668.3M,True,NYQ,False,
HLDCY,Henderson Land Development Company Limited,3.36,2026-10-08T01:27:17.847096+00:00,False,+9.1%,True,$16267.1M,,N/A,False,151.1K,False,$3.36 / SMA $3.48,False,2.86%,,N/A,False,1331.9M,False,PNK,False,
HLFFF,HelloFresh SE,2.887,2026-10-08T01:34:48.951623+00:00,False,+0.0%,True,$418.5M,False,+-75.0%,False,1.5K,False,$2.89 / SMA $3.40,False,0.65%,False,+-8.8%,True,116.1M,False,PNK,False,
HLMAF,Halma plc,45.786,2026-10-08T01:27:14.172382+00:00,False,+6.9%,True,$17292.4M,,N/A,False,9.4K,False,$45.79 / SMA $47.93,True,4.69%,,N/A,False,373.2M,False,PNK,False,
HLN,Haleon plc,9.02,2026-10-08T01:27:05.508981+00:00,False,+4.3%,True,$39666.7M,,N/A,True,13504.4K,False,$9.02 / SMA $9.58,False,1.57%,,N/A,False,4427.4M,True,NYQ,False,
HLPPY,Hang Lung Properties Limited,4.24,2026-10-08T01:29:22.167771+00:00,False,+5.2%,True,$4412.2M,,N/A,False,9.7K,False,$4.24 / SMA $4.43,False,1.69%,,N/A,False,345.8M,False,OID,False,
HLTFF,Hilton Food Group plc,9.21,2026-10-08T01:34:51.852008+00:00,False,+43.9%,True,$828.5M,,N/A,False,0.0K,True,$9.21 / SMA $8.47,False,0.00%,,N/A,True,74.7M,False,PNK,False,
HMC,"Honda Motor Co., Ltd.",31.67,2026-10-08T01:27:08.208026+00:00,False,+36.2%,True,$41097.3M,True,+147.5%,True,997.8K,False,$31.67 / SMA $31.79,False,1.26%,False,+13.5%,False,1297.2M,True,NYQ,False,
HMDPF,Hammond Power Solutions Inc.,204.8,2026-10-08T01:31:13.799641+00:00,True,+126.6%,True,$2438.1M,False,+-64.1%,False,5.1K,True,$204.80 / SMA $183.88,False,2.35%,True,+61.3%,True,8.7M,False,PNK,False,
HMMCF,Hemlo Mining Corp.,3.79,2026-10-08T01:33:03.095517+00:00,True,+357.0%,True,$1123.2M,True,+600.0%,False,54.8K,False,$3.79 / SMA $4.98,True,4.71%,,N/A,False,280.5M,False,OQX,False,
HNNMY,H & M Hennes & Mauritz AB (publ),3.2,2026-10-08T01:27:11.559313+00:00,False,+4.2%,True,$25542.0M,False,+0.4%,False,216.2K,False,$3.20 / SMA $3.49,False,1.39%,False,+-3.3%,False,2307.7M,False,PNK,False,
HNRG,Hallador Energy Company,13.65,2026-10-08T01:34:46.034074+00:00,False,+3.5%,True,$643.5M,False,+-268.4%,True,727.9K,False,$13.65 / SMA $15.25,True,4.73%,False,+-1.3%,True,37.4M,True,NCM,False,
HOCPF,HOYA Corporation,155.97,2026-10-08T01:27:01.852672+00:00,False,+14.3%,True,$52025.6M,,N/A,False,0.1K,True,$155.97 / SMA $153.56,False,0.13%,,N/A,False,334.6M,False,PNK,False,
HOCPY,HOYA Corporation,158.17,2026-10-08T01:27:01.862145+00:00,False,+13.9%,True,$52759.5M,,N/A,False,38.1K,True,$158.17 / SMA $154.63,False,1.81%,,N/A,False,334.6M,False,PNK,False,
HOG,"Harley-Davidson, Inc.",26.95,2026-10-08T01:31:14.485393+00:00,False,+57.7%,True,$2804.8M,False,+-14.8%,True,2132.7K,True,$26.95 / SMA $26.46,True,3.42%,False,+-5.9%,True,102.9M,True,NYQ,False,
HOOD,"Robinhood Markets, Inc.",109.51,2026-10-08T01:26:59.682115+00:00,True,+72.4%,True,$98458.5M,True,+47.6%,True,20989.3K,True,$109.51 / SMA $106.38,True,4.90%,True,+32.3%,False,784.3M,True,NMS,False,
HPE,Hewlett Packard Enterprise Company,72.09,2026-10-08T01:27:03.233581+00:00,True,+263.4%,True,$95696.9M,True,+404.8%,True,20371.0K,True,$72.09 / SMA $56.71,True,5.33%,True,+33.7%,False,1321.4M,True,NYQ,False,
HPGLY,Hapag-Lloyd Aktiengesellschaft,77.31,2026-10-08T01:27:14.767371+00:00,False,+22.1%,True,$27176.1M,False,+-73.5%,False,0.7K,True,$77.31 / SMA $76.53,False,0.10%,False,+8.4%,True,12.7M,False,PNK,False,
HPHTF,Hamamatsu Photonics K.K.,14.675,2026-10-08T01:29:20.017838+00:00,False,+60.4%,True,$4237.2M,,N/A,False,0.2K,False,$14.68 / SMA $14.68,False,0.04%,,N/A,False,280.0M,False,PNK,False,
HPHTY,Hamamatsu Photonics K.K.,7.815,2026-10-08T01:29:20.549108+00:00,False,+58.5%,True,$4513.0M,,N/A,False,0.3K,True,$7.82 / SMA $7.29,False,0.00%,,N/A,False,559.9M,False,PNK,False,
HPK,"HighPeak Energy, Inc.",8.52,2026-10-08T01:33:09.802799+00:00,True,+121.3%,True,$1077.4M,True,+210.5%,False,484.5K,True,$8.52 / SMA $7.84,True,6.05%,True,+25.8%,True,21.8M,True,NGM,False,
HQH,Abrdn Healthcare Investors,19.27,2026-10-08T01:33:06.749410+00:00,False,+12.4%,,N/A,,N/A,False,216.3K,False,$19.27 / SMA $22.00,False,2.48%,,N/A,,N/A,True,NYQ,False,
HR,Healthcare Realty Trust Incorporated,16.88,2026-10-08T01:27:41.905206+00:00,False,+3.5%,True,$5857.3M,True,+71.1%,True,3814.5K,False,$16.88 / SMA $18.98,False,1.84%,False,+-5.3%,False,340.4M,True,NYQ,False,
HRIBF,"HORIBA, Ltd.",137.0,2026-10-08T01:29:16.248031+00:00,True,+85.1%,True,$5757.0M,,N/A,False,0.0K,False,$137.00 / SMA $152.28,False,0.00%,,N/A,True,34.4M,False,PNK,False,
HRZRF,Horizon Robotics,0.55,2026-10-08T01:27:30.465276+00:00,False,+10.0%,,N/A,,N/A,False,16.9K,False,$0.55 / SMA_short $0.60,False,1.95%,,N/A,False,11071.1M,False,PNK,False,
HSAI,Hesai Group,16.0,2026-10-08T01:31:06.627387+00:00,False,+12.0%,True,$20114.2M,True,+25.0%,True,1441.5K,False,$16.00 / SMA $17.36,False,2.96%,False,+21.9%,True,126.2M,True,NMS,False,
HSHCY,"Haier Smart Home Co., Ltd.",9.95,2026-10-08T01:27:12.249047+00:00,False,+2.7%,True,$23141.4M,,N/A,False,82.6K,False,$9.95 / SMA $10.56,True,3.13%,False,+1.4%,False,1377.5M,False,PNK,False,
HSIC,"Henry Schein, Inc.",83.66,2026-10-08T01:27:37.356145+00:00,False,+35.0%,True,$9323.6M,False,+17.1%,True,1199.9K,False,$83.66 / SMA $87.73,False,2.07%,False,+6.7%,True,91.7M,True,NMS,False,
HSY,The Hershey Company,160.34,2026-10-08T01:27:06.108543+00:00,False,+2.7%,True,$32216.4M,True,+629.0%,True,1483.4K,False,$160.34 / SMA $175.06,False,1.90%,False,+6.6%,True,144.9M,True,NYQ,False,
HTCMY,"Hitachi Construction Machinery Co., Ltd.",72.6,2026-10-08T01:29:16.149237+00:00,False,+29.8%,True,$7563.2M,,N/A,False,0.0K,True,$72.60 / SMA $69.72,False,0.00%,,N/A,True,70.8M,False,PNK,False,
HTD,John Hancock Tax-Advantaged Dividend Income Fund,22.28,2026-10-08T01:34:44.262786+00:00,False,+1.7%,True,$789.4M,,N/A,False,68.1K,False,$22.28 / SMA $24.36,False,2.21%,,N/A,,N/A,True,NYQ,False,
HTHIY,"Hitachi, Ltd.",35.6,2026-10-08T01:26:54.844906+00:00,False,+30.8%,True,$158974.1M,,N/A,False,490.5K,True,$35.60 / SMA $34.60,True,3.12%,,N/A,False,4404.4M,False,PNK,False,
HTZ,"Hertz Global Holdings, Inc.",2.07,2026-10-08T01:32:57.322014+00:00,False,+42.8%,True,$737.9M,True,+105.3%,True,28427.4K,True,$2.07 / SMA $1.99,True,5.82%,False,+9.7%,False,170.6M,True,NMS,False,
HUBS,"HubSpot, Inc.",220.27,2026-10-08T01:27:32.131515+00:00,False,+29.9%,True,$11275.8M,True,+1533.3%,True,1756.3K,False,$220.27 / SMA $230.74,True,5.60%,False,+19.8%,True,48.0M,True,NYQ,False,
HUNGF,"Huaneng Power International, Inc.",0.77,2026-10-08T01:27:22.235258+00:00,False,+10.3%,True,$12178.0M,,N/A,False,2.4K,True,$0.77 / SMA $0.74,False,0.00%,False,+-16.9%,False,7436.3M,False,PNK,False,
HUYA,HUYA Inc.,2.29,2026-10-08T01:34:55.268049+00:00,False,+13.4%,True,$523.0M,True,+150.0%,True,934.8K,True,$2.29 / SMA $2.25,False,2.95%,False,+11.0%,True,77.6M,True,NYQ,False,
HYLN,Hyliion Holdings Corp.,3.85,2026-10-08T01:33:08.299220+00:00,True,+146.8%,True,$687.6M,False,+0.0%,True,2550.6K,False,$3.85 / SMA $3.85,True,6.84%,True,+226.3%,True,124.7M,True,ASE,False,
HYMC,Hycroft Mining Holding Corporation,17.96,2026-10-08T01:31:10.208025+00:00,True,+177.2%,True,$1673.5M,True,+46.5%,True,1857.9K,False,$17.96 / SMA $22.82,True,5.80%,,N/A,True,55.0M,True,NCM,False,
HYPMY,Hypera S.A.,5.34,2026-10-08T01:31:08.020360+00:00,False,+43.9%,True,$3759.3M,False,+4.5%,False,74.9K,True,$5.34 / SMA $4.37,True,4.23%,False,+8.5%,False,305.7M,False,OID,False,
IACOU,Idea Acquisition Corp.,10.05,2026-10-08T01:36:34.720812+00:00,False,+1.8%,,N/A,,N/A,False,7.5K,True,$10.05 / SMA $10.04,False,0.00%,,N/A,True,32.7M,True,NGM,False,
IBN,ICICI Bank Limited,27.86,2026-10-08T01:26:56.853657+00:00,False,+11.1%,True,$99998.1M,False,+13.8%,True,5448.7K,False,$27.86 / SMA $29.22,False,1.28%,False,+7.7%,False,3572.2M,True,NYQ,False,
ICE,"Intercontinental Exchange, Inc.",152.59,2026-10-08T01:26:57.645313+00:00,False,+25.3%,True,$85663.2M,,N/A,True,3453.6K,False,$152.59 / SMA $155.23,False,2.12%,False,+10.7%,False,557.5M,True,NYQ,False,
ICHGF,InterContinental Hotels Group PLC,158.0,2026-10-08T01:27:14.990514+00:00,False,+35.1%,True,$23086.8M,,N/A,False,0.1K,True,$158.00 / SMA $156.73,False,0.12%,,N/A,True,139.7M,False,PNK,False,
ICTEF,"International Container Terminal Services, Inc.",14.8,2026-10-08T01:27:11.763889+00:00,True,+72.7%,True,$29875.2M,True,+25.9%,False,3.8K,False,$14.80 / SMA $15.54,True,5.86%,True,+26.6%,False,505.4M,False,PNK,False,
IDCBY,Industrial and Commercial Bank of China Limited,19.23,2026-10-08T01:26:52.041771+00:00,False,+38.1%,True,$447697.9M,,N/A,False,45.3K,True,$19.23 / SMA $19.04,False,2.71%,False,+10.8%,False,10484.0M,False,PNK,False,
IE,Ivanhoe Electric Inc.,9.77,2026-10-08T01:32:54.723232+00:00,False,+24.4%,True,$1559.2M,False,+11.1%,True,2104.2K,False,$9.77 / SMA $10.38,True,6.28%,False,+-32.2%,True,127.2M,True,ASE,False,
ILKAY,Iluka Resources Limited,20.35,2026-10-08T01:31:14.870054+00:00,False,+19.6%,True,$1755.2M,,N/A,False,1.2K,False,$20.35 / SMA $23.23,False,0.31%,,N/A,True,82.7M,False,PNK,False,
ILLU,Illumination Acquisition Corp I,9.97,2026-10-08T01:36:38.820793+00:00,False,+1.5%,True,$312.0M,,N/A,False,46.5K,True,$9.97 / SMA $9.96,False,0.03%,,N/A,,N/A,True,NGM,False,
IMAX,IMAX Corporation,51.45,2026-10-08T01:31:17.836741+00:00,False,+67.4%,True,$2821.6M,True,+35.0%,True,1253.8K,False,$51.45 / SMA $52.17,True,3.59%,False,+12.2%,True,41.9M,True,NYQ,False,
IMNM,"Immunome, Inc.",19.095,2026-10-08T01:31:14.924934+00:00,False,+41.5%,True,$2253.3M,False,+-30.0%,True,1206.0K,False,$19.09 / SMA $25.21,True,5.10%,False,+-100.0%,True,108.7M,True,NCM,False,
IMPUF,Impala Platinum Holdings Limited,11.5,2026-10-08T01:27:28.671766+00:00,False,+12.7%,True,$10322.0M,,N/A,False,0.5K,False,$11.50 / SMA $12.00,False,0.39%,,N/A,False,743.0M,False,OQX,False,
INDV,"Indivior Pharmaceuticals, Inc.",36.13,2026-10-08T01:29:26.033035+00:00,False,+57.4%,True,$4264.5M,,N/A,True,2068.1K,False,$36.13 / SMA $36.56,False,2.62%,False,+13.6%,True,109.5M,True,NMS,False,
INNV,InnovAge Holding Corp.,9.13,2026-10-08T01:33:09.969231+00:00,True,+132.0%,True,$1245.8M,True,+700.0%,False,439.7K,False,$9.13 / SMA $10.48,True,5.17%,False,+18.3%,True,32.4M,True,NMS,False,
INRE,"Inland Real Estate Income Trust, Inc.",9.5,2026-10-08T01:36:38.348212+00:00,True,+1583233.3%,True,$343.1M,,N/A,False,1.5K,False,$9.50 / SMA_short $9.91,,N/A,,N/A,,N/A,False,PNK,False,
INV,"Innventure, Inc.",0.2686,2026-10-08T01:34:55.937650+00:00,False,+6.6%,False,$22.7M,True,+80.0%,True,5260.5K,False,$0.27 / SMA $1.57,True,19.52%,True,+100.2%,True,68.2M,True,NGM,False,
IPGLF,Interpump Group S.p.A.,51.0,2026-10-08T01:29:29.998253+00:00,False,+36.9%,True,$5359.8M,False,+8.0%,False,0.0K,True,$51.00 / SMA $51.00,False,0.00%,False,+1.1%,True,105.1M,False,PNK,False,
IPGP,IPG Photonics Corporation,80.89,2026-10-08T01:29:23.714775+00:00,False,+16.5%,True,$3440.6M,False,+-25.0%,False,471.4K,True,$80.89 / SMA $80.20,True,3.43%,False,+11.1%,True,27.8M,True,NMS,False,
IPI,"Intrepid Potash, Inc.",33.07,2026-10-08T01:34:57.241284+00:00,False,+46.7%,True,$445.0M,True,+368.0%,False,192.8K,False,$33.07 / SMA $36.69,True,4.11%,False,+-1.3%,True,10.6M,True,NYQ,False,
IPSC,"Century Therapeutics, Inc.",1.28,2026-10-08T01:36:36.767595+00:00,True,+194.3%,False,$231.8M,True,+55.3%,True,658.6K,False,$1.28 / SMA $1.92,True,6.75%,,N/A,True,101.3M,True,NCM,False,
IPXHY,Inpex Corporation,22.99,2026-10-08T01:27:10.968831+00:00,False,+35.5%,True,$26583.9M,,N/A,False,51.3K,False,$22.99 / SMA $24.00,True,3.26%,,N/A,False,858.4M,False,PNK,False,
IPZYF,IP Group Plc,0.9054,2026-10-08T01:34:48.457244+00:00,False,+33.5%,True,$799.9M,,N/A,False,0.0K,True,$0.91 / SMA $0.91,False,0.00%,,N/A,False,865.9M,False,PNK,False,
IQI,Invesco Quality Municipal Income Trust,8.68,2026-10-08T01:34:58.231905+00:00,False,+2.5%,,N/A,,N/A,False,210.0K,False,$8.68 / SMA $9.67,False,2.11%,,N/A,,N/A,True,NYQ,False,
IRCUF,Irish Continental Group plc,8.91,2026-10-08T01:33:07.428659+00:00,False,+38.4%,True,$1322.8M,,N/A,False,12.4K,True,$8.91 / SMA $8.76,False,0.31%,,N/A,True,91.5M,False,PNK,False,
IRMD,IRADIMED CORPORATION,85.47,2026-10-08T01:33:05.552458+00:00,False,+19.8%,True,$1092.9M,False,+-8.9%,False,127.2K,False,$85.47 / SMA $86.81,False,2.49%,False,+0.3%,True,8.3M,True,NGM,False,
ISLMF,InSilico Medicine Cayman TopCo,6.71,2026-10-08T01:31:05.566976+00:00,False,+29.5%,,N/A,,N/A,False,194.7K,False,$6.71 / SMA_short $6.77,True,8.01%,,N/A,False,502.9M,False,PNK,False,
ISTR,Investar Holding Corporation,28.99,2026-10-08T01:36:37.765754+00:00,False,+35.3%,True,$399.4M,True,+32.6%,False,132.4K,False,$28.99 / SMA $30.00,False,1.87%,True,+64.1%,True,12.5M,True,NGM,False,
ITFS,Itafos Inc.,1.53,2026-10-08T01:36:39.281535+00:00,False,+5.5%,False,$298.0M,False,+-123.1%,False,24.8K,False,$1.53 / SMA $1.66,False,2.52%,False,+13.6%,False,191.5M,False,OQX,False,
ITGR,Integer Holdings Corporation,126.59,2026-10-08T01:31:09.386599+00:00,True,+104.2%,True,$4303.7M,False,+-33.7%,True,986.1K,True,$126.59 / SMA $124.59,False,0.17%,False,+-2.6%,True,33.7M,True,NYQ,False,
ITRI,"Itron, Inc.",85.58,2026-10-08T01:29:32.068936+00:00,False,+10.0%,True,$3747.3M,,N/A,True,744.4K,False,$85.58 / SMA $96.06,False,2.59%,,N/A,True,43.0M,True,NMS,False,
ITRN,Ituran Location and Control Ltd.,52.2,2026-10-08T01:33:05.407383+00:00,False,+49.1%,True,$1035.4M,True,+31.3%,False,128.8K,True,$52.20 / SMA $51.93,False,2.09%,False,+20.7%,True,15.5M,True,NMS,False,
IVSXF,Investor AB (publ),40.2,2026-10-08T01:26:55.424651+00:00,False,+29.0%,True,$123153.9M,,N/A,False,0.5K,False,$40.20 / SMA $41.70,False,0.32%,,N/A,False,2441.5M,False,PNK,False,
IVT,InvenTrust Properties Corp.,29.31,2026-10-08T01:31:13.895259+00:00,False,+9.3%,True,$2285.5M,False,+-98.4%,True,634.8K,False,$29.31 / SMA $32.05,False,1.85%,False,+12.6%,True,77.3M,True,NYQ,False,
JAPAY,Japan Tobacco Inc.,21.98,2026-10-08T01:26:59.884922+00:00,False,+40.5%,True,$78044.7M,,N/A,False,58.2K,True,$21.98 / SMA $21.85,False,1.91%,,N/A,False,2193.3M,False,PNK,False,
JAZZ,Jazz Pharmaceuticals plc,231.19,2026-10-08T01:27:24.002557+00:00,True,+79.5%,True,$15007.6M,True,+123.7%,True,854.9K,False,$231.19 / SMA $246.16,False,2.23%,False,+15.5%,True,63.0M,True,NMS,False,
JBARF,Julius Bär Gruppe AG,85.51,2026-10-08T01:27:21.901655+00:00,False,+32.2%,True,$17594.9M,,N/A,False,1.3K,False,$85.51 / SMA $91.17,False,0.65%,,N/A,False,205.0M,False,PNK,False,
JBIO,"Jade Biosciences, Inc.",13.77,2026-10-08T01:33:07.261754+00:00,False,+64.7%,True,$875.7M,False,+11.6%,True,887.5K,False,$13.77 / SMA $19.20,True,6.72%,,N/A,True,52.0M,True,NCM,False,
JBLU,JetBlue Airways Corporation,3.97,2026-10-08T01:32:53.514921+00:00,False,+2.6%,True,$1497.9M,False,+-214.3%,True,25880.4K,False,$3.97 / SMA $4.92,True,3.83%,False,+14.5%,False,337.9M,True,NMS,False,
JBSS,"John B. Sanfilippo & Son, Inc.",67.95,2026-10-08T01:34:44.373344+00:00,False,+15.0%,True,$794.6M,False,+-38.3%,False,135.9K,False,$67.95 / SMA $74.30,False,2.52%,False,+4.2%,True,9.0M,True,NMS,False,
JCAP,"Jefferson Capital, Inc.",20.02,2026-10-08T01:33:10.602450+00:00,False,+29.2%,True,$1149.7M,False,+-96.0%,False,323.2K,False,$20.02 / SMA $20.83,False,2.93%,False,+16.3%,True,16.8M,True,NMS,False,
JGCCY,JGC Holdings Corporation,29.0,2026-10-08T01:29:29.538067+00:00,False,+44.2%,True,$3510.1M,,N/A,False,0.1K,True,$29.00 / SMA $27.37,False,0.00%,,N/A,True,110.6M,False,PNK,False,
JGHAF,Jungheinrich Aktiengesellschaft,33.84,2026-10-08T01:31:10.613570+00:00,False,+0.0%,True,$3451.7M,,N/A,False,0.0K,False,$33.84 / SMA $33.84,False,0.00%,,N/A,True,48.0M,False,PNK,False,
JJSF,J&J Snack Foods Corp.,79.33,2026-10-08T01:33:01.365217+00:00,False,+15.2%,True,$1482.0M,False,+-16.8%,False,216.3K,False,$79.33 / SMA $83.04,False,2.31%,False,+-6.2%,True,14.8M,True,NMS,False,
JOUT,Johnson Outdoors Inc.,43.96,2026-10-08T01:36:33.802972+00:00,False,+23.3%,True,$460.7M,True,+90.2%,False,45.1K,False,$43.96 / SMA $45.86,False,2.54%,False,+5.0%,True,5.8M,True,NMS,False,
JPC,Nuveen Preferred & Income Opportunities Fund,6.64,2026-10-08T01:31:11.699369+00:00,False,+1.2%,True,$2495.8M,,N/A,True,1477.8K,False,$6.64 / SMA $7.24,False,1.80%,,N/A,,N/A,True,NYQ,False,
JPNPY,"Japan Post Insurance Co., Ltd.",11.0,2026-10-08T01:27:31.633788+00:00,False,+18.9%,True,$11920.4M,,N/A,False,0.0K,True,$11.00 / SMA $10.17,False,0.00%,,N/A,False,517.5M,False,PNK,False,
JPPHY,"Japan Post Holdings Co., Ltd.",16.74,2026-10-08T01:27:06.671274+00:00,True,+88.5%,True,$45773.7M,,N/A,False,1.2K,True,$16.74 / SMA $15.52,True,5.03%,,N/A,False,1572.4M,False,PNK,False,
JPPTY,"JAPAN POST BANK Co., Ltd.",21.16,2026-10-08T01:26:59.250488+00:00,True,+123.7%,True,$75371.6M,,N/A,False,67.1K,True,$21.16 / SMA $20.69,True,4.52%,,N/A,False,1777.7M,False,PNK,False,
JRI,Nuveen Real Asset Income and Growth Fund,10.49,2026-10-08T01:36:41.300610+00:00,False,+0.2%,True,$379.7M,,N/A,False,164.4K,False,$10.49 / SMA $11.87,False,1.74%,,N/A,,N/A,True,NYQ,False,
JXHLY,"ENEOS Holdings, Inc.",17.78,2026-10-08T01:27:16.163463+00:00,False,+50.6%,True,$23615.7M,,N/A,False,0.5K,True,$17.78 / SMA $17.22,False,0.81%,,N/A,False,1319.6M,False,PNK,False,
KBONU,Karbon Capital Partners Corp.,10.23,2026-10-08T01:36:41.596720+00:00,False,+2.2%,,N/A,,N/A,False,7.9K,False,$10.23 / SMA $10.29,False,0.01%,,N/A,True,29.2M,True,NGM,False,
KBR,"KBR, Inc.",33.89,2026-10-08T01:29:27.963084+00:00,False,+13.2%,True,$4272.4M,True,+33.9%,True,1463.5K,False,$33.89 / SMA $36.56,True,3.01%,False,+1.6%,True,124.4M,True,NYQ,False,
KDDIF,KDDI Corporation,19.74,2026-10-08T01:27:00.196199+00:00,False,+39.2%,True,$72958.3M,,N/A,False,0.4K,True,$19.74 / SMA $18.35,False,0.23%,,N/A,False,2988.8M,False,PNK,False,
KEEL,Keel Infrastructure Corp.,3.33,2026-10-08T01:31:10.837915+00:00,True,+98.2%,True,$2056.5M,False,+-1000.0%,True,32946.9K,False,$3.33 / SMA $3.57,True,6.41%,False,+-50.0%,False,589.8M,True,NGM,False,
KELYA,"Kelly Services, Inc.",15.9,2026-10-08T01:36:37.949377+00:00,True,+99.2%,True,$552.2M,False,+-40.4%,False,312.4K,False,$15.90 / SMA $16.16,False,2.42%,False,+-5.8%,True,29.5M,True,NMS,False,
KGC,Kinross Gold Corporation,23.18,2026-10-08T01:27:08.438902+00:00,False,+5.3%,True,$27497.1M,True,+65.1%,True,8073.3K,False,$23.18 / SMA $27.69,True,3.26%,True,+29.5%,False,1179.6M,True,NYQ,False,
KKKUF,"Kakaku.com, Inc.",24.363,2026-10-08T01:29:27.915703+00:00,True,+118.5%,True,$4883.2M,,N/A,False,0.0K,True,$24.36 / SMA $23.63,False,0.00%,,N/A,True,83.0M,False,PNK,False,
KKPNF,Koninklijke KPN N.V.,4.41,2026-10-08T01:27:17.307151+00:00,False,+5.0%,True,$16635.1M,False,+0.0%,False,26.4K,False,$4.41 / SMA $4.69,True,8.58%,False,+0.5%,False,3768.1M,False,PNK,False,
KLAC,KLA Corporation,196.83,2026-10-08T01:26:52.700865+00:00,True,+100.6%,True,$256864.4M,False,+14.8%,True,10216.4K,True,$196.83 / SMA $186.89,True,3.64%,False,+15.2%,False,1303.5M,True,NMS,False,
KNCRY,Konecranes Plc,9.3,2026-10-08T01:27:40.259389+00:00,True,+197.5%,True,$8840.3M,False,+-9.5%,False,0.3K,True,$9.30 / SMA $8.42,False,0.70%,False,+-3.1%,False,743.0M,False,PNK,False,
KNRRY,Knorr-Bremse AG,27.92,2026-10-08T01:27:19.022910+00:00,False,+23.4%,True,$18002.8M,,N/A,False,19.5K,False,$27.92 / SMA $29.67,False,1.10%,False,+9.4%,False,244.4M,False,PNK,False,
KNYJF,KONE Oyj,58.12,2026-10-08T01:27:10.488706+00:00,False,+10.3%,True,$30122.6M,False,+12.2%,False,0.3K,False,$58.12 / SMA $58.58,False,0.12%,False,+9.9%,False,367.3M,False,PNK,False,
KOD,Kodiak Sciences Inc.,91.08,2026-10-08T01:31:16.634518+00:00,True,+732.5%,True,$5724.3M,False,+-1.9%,True,1557.8K,True,$91.08 / SMA $45.82,True,9.89%,,N/A,True,36.9M,True,NGM,False,
KOF,"Coca-Cola FEMSA, S.A.B. de C.V.",107.54,2026-10-08T01:29:20.997427+00:00,False,+34.1%,,N/A,False,+-85.4%,False,129.9K,False,$107.54 / SMA $110.33,False,2.10%,False,+4.7%,True,52.4M,True,NYQ,False,
KOS,Kosmos Energy Ltd.,2.59,2026-10-08T01:32:55.136113+00:00,True,+208.3%,True,$1542.3M,True,+272.2%,True,14080.7K,False,$2.59 / SMA $2.70,True,5.56%,True,+54.7%,False,581.6M,True,NYQ,False,
KOYNU,"CSLM Digital Asset Acquisition Corp III, Ltd",10.3201,2026-10-08T01:36:45.444355+00:00,False,+2.2%,,N/A,,N/A,False,0.3K,True,$10.32 / SMA $10.29,False,0.01%,,N/A,True,23.3M,True,NGM,False,
KPLUF,K+S Aktiengesellschaft,18.65,2026-10-08T01:31:07.455802+00:00,False,+41.7%,True,$3368.0M,True,+136.7%,False,0.0K,True,$18.65 / SMA $18.12,False,0.16%,False,+12.3%,False,179.1M,False,OQX,False,
KRC,Kilroy Realty Corporation,34.01,2026-10-08T01:29:30.055902+00:00,False,+24.3%,True,$3994.2M,False,+-70.2%,True,1276.7K,False,$34.01 / SMA $35.46,False,2.04%,,N/A,True,103.8M,True,NYQ,False,
KRNT,Kornit Digital Ltd.,17.93,2026-10-08T01:34:51.179926+00:00,False,+50.3%,True,$770.4M,False,+-52.9%,False,292.2K,True,$17.93 / SMA $16.43,True,3.57%,False,+11.2%,True,38.6M,True,NMS,False,
KRSP.U,KRSP.U,,2026-10-08T01:36:32.290763+00:00,False,N/A,False,N/A,False,N/A,False,N/A,False,N/A,False,N/A,False,N/A,False,N/A,False,Unknown,False,No price data available
KRUS,"Kura Sushi USA, Inc.",39.95,2026-10-08T01:34:51.842734+00:00,False,+17.6%,True,$485.4M,False,+-40.0%,False,242.2K,False,$39.95 / SMA $44.16,True,5.10%,False,+16.2%,True,7.0M,True,NGM,False,
KRYAF,Kerry Group plc,96.405,2026-10-08T01:27:25.767165+00:00,False,+27.5%,True,$15321.7M,,N/A,False,0.1K,True,$96.41 / SMA $96.03,False,0.00%,,N/A,False,158.6M,False,OID,False,
KSRYY,KOSE Holdings Corporation,6.65,2026-10-08T01:31:21.039714+00:00,False,+12.1%,True,$1887.0M,,N/A,False,0.1K,False,$6.65 / SMA $7.12,False,0.00%,,N/A,False,158.0M,False,PNK,False,
KTWIY,Kurita Water Industries Ltd.,97.0,2026-10-08T01:29:18.073578+00:00,True,+2609.5%,True,$5223.3M,,N/A,False,0.3K,False,$97.00 / SMA $102.16,False,0.52%,,N/A,True,54.0M,False,PNK,False,
KVYO,"Klaviyo, Inc.",17.41,2026-10-08T01:29:26.565291+00:00,False,+38.9%,True,$5210.5M,True,+66.7%,True,5928.2K,False,$17.41 / SMA $17.54,True,5.25%,True,+26.4%,True,125.4M,True,NYQ,False,
KXHCF,Kioxia Holdings Corporation,114.366,2026-10-08T01:26:53.139278+00:00,False,+14.4%,True,$182701.4M,,N/A,False,17.9K,False,$114.37 / SMA_short $239.84,True,3.82%,,N/A,False,1152.1M,False,PNK,False,
KXSCF,Kinaxis Inc.,123.74,2026-10-08T01:31:10.596086+00:00,False,+46.1%,True,$3364.2M,True,+38.2%,False,9.1K,False,$123.74 / SMA $124.59,False,0.82%,False,+19.6%,True,27.1M,False,PNK,False,
KYKOF,"Kyowa Kirin Co., Ltd.",14.1,2026-10-08T01:27:40.144184+00:00,True,+235.7%,True,$7382.6M,,N/A,False,3.9K,False,$14.10 / SMA $14.72,True,14.37%,,N/A,False,234.5M,False,PNK,False,
KYN,"Kayne Anderson Energy Infrastructure Fund, Inc.",14.0,2026-10-08T01:31:15.547590+00:00,False,+23.8%,True,$2367.8M,,N/A,False,330.2K,False,$14.00 / SMA $14.40,False,1.75%,,N/A,,N/A,True,NYQ,False,
KYTX,"Kyverna Therapeutics, Inc.",6.17,2026-10-08T01:34:57.471759+00:00,False,+4.0%,True,$381.6M,True,+35.1%,True,907.1K,False,$6.17 / SMA $7.63,True,5.97%,,N/A,True,39.7M,True,NMS,False,
LAB,Standard BioTools Inc.,0.6787,2026-10-08T01:36:37.232487+00:00,False,+7.7%,False,$266.4M,False,+22.2%,True,1570.9K,False,$0.68 / SMA $0.73,True,5.44%,False,+-7.6%,False,184.6M,True,NMS,False,
LANDO,Gladstone Land Corporation,19.9,2026-10-08T01:36:36.113267+00:00,False,+7.6%,,N/A,,N/A,False,15.5K,False,$19.90 / SMA $20.67,False,1.47%,False,+3.2%,True,41.5M,True,NGM,False,
LAUR,"Laureate Education, Inc.",38.56,2026-10-08T01:29:25.447119+00:00,False,+54.4%,True,$5311.6M,True,+50.8%,True,1031.9K,True,$38.56 / SMA $37.38,False,2.58%,False,+17.5%,True,126.2M,True,NMS,False,
LB,LandBridge Company LLC,85.72,2026-10-08T01:29:18.320013+00:00,True,+95.9%,True,$6714.9M,True,+45.9%,False,274.3K,True,$85.72 / SMA $82.95,True,3.50%,True,+40.6%,True,28.1M,True,NYQ,False,
LCII,LCI Industries,80.12,2026-10-08T01:31:12.764362+00:00,False,+1.1%,True,$1947.8M,False,+20.1%,False,328.6K,False,$80.12 / SMA $96.60,True,3.09%,False,+-12.5%,True,23.4M,True,NYQ,False,
LDSVF,Chocoladefabriken Lindt & Sprüngli AG,9378.3,2026-10-08T01:27:11.437680+00:00,False,+7.7%,True,$21420.9M,,N/A,False,0.0K,False,$9378.30 / SMA $10749.72,False,0.97%,,N/A,True,0.2M,False,PNK,False,
LEGN,Legend Biotech Corporation,19.12,2026-10-08T01:29:21.735422+00:00,False,+17.7%,True,$3718.6M,True,+126.5%,True,2349.2K,False,$19.12 / SMA $19.78,True,4.51%,True,+51.9%,False,193.5M,True,NMS,False,
LGYRF,Landis+Gyr Group AG,54.62,2026-10-08T01:32:53.512939+00:00,False,+6.5%,True,$1454.2M,,N/A,False,0.1K,True,$54.62 / SMA $54.22,False,0.00%,,N/A,True,23.8M,False,PNK,False,
LIN,Linde plc,483.98,2026-10-08T01:26:52.827366+00:00,False,+24.8%,True,$223105.2M,False,+11.3%,True,2079.5K,True,$483.98 / SMA $478.12,False,1.61%,False,+9.3%,False,459.5M,True,NMS,False,
LIND,"Lindblad Expeditions Holdings, Inc.",35.01,2026-10-08T01:33:02.121763+00:00,True,+207.9%,True,$2297.3M,True,+88.9%,True,866.2K,True,$35.01 / SMA $30.18,True,4.58%,False,+18.6%,True,49.4M,True,NCM,False,
LION,Lionsgate Studios Corp.,11.31,2026-10-08T01:29:27.398633+00:00,True,+92.5%,True,$3365.4M,True,+75.0%,True,2693.4K,False,$11.31 / SMA $11.66,True,3.69%,True,+47.7%,,N/A,True,NYQ,False,
LKTEF,L.K. Technology Holdings Limited,0.15,2026-10-08T01:34:56.042234+00:00,False,+0.0%,False,$204.7M,,N/A,False,1.2K,False,$0.15 / SMA $0.23,False,0.00%,,N/A,False,506.8M,False,PNK,False,
LLESY,Lendlease Group,1.74,2026-10-08T01:33:01.507866+00:00,False,+0.0%,True,$1203.0M,,N/A,False,0.1K,False,$1.74 / SMA $2.05,False,0.24%,,N/A,False,654.7M,False,PNK,False,
LLOBF,Lloyds Banking Group plc 9.25% NON-CUM IRR PRF SHS GBP0.25,2.1,2026-10-08T01:26:58.676485+00:00,False,+12.9%,,N/A,,N/A,False,0.0K,True,$2.10 / SMA $1.99,False,0.00%,False,+14.7%,,N/A,False,PNK,False,
LLY,Eli Lilly and Company,1188.72,2026-10-08T01:26:51.654159+00:00,False,+51.7%,True,$1060030.8M,True,+26.2%,True,2477.8K,True,$1188.72 / SMA $1173.58,False,2.51%,True,+47.7%,False,889.0M,True,NYQ,False,
LNC,Lincoln National Corporation,41.0,2026-10-08T01:29:15.093897+00:00,False,+27.4%,True,$7849.3M,True,+76.8%,True,2011.5K,False,$41.00 / SMA $43.36,False,2.69%,False,+12.5%,False,171.6M,True,NYQ,False,
LNT,Alliant Energy Corporation,65.21,2026-10-08T01:27:18.549264+00:00,False,+4.3%,True,$16908.0M,False,+4.8%,True,2543.9K,False,$65.21 / SMA $67.59,False,1.68%,False,+5.0%,False,258.4M,True,NMS,False,
LNTH,"Lantheus Holdings, Inc.",100.18,2026-10-08T01:29:15.911442+00:00,True,+101.7%,True,$6541.7M,False,+-0.9%,True,1326.0K,False,$100.18 / SMA $100.49,False,0.42%,False,+2.7%,True,58.6M,True,NGM,False,
LOB,"Live Oak Bancshares, Inc.",34.26,2026-10-08T01:32:56.268316+00:00,False,+16.7%,True,$1585.7M,True,+45.1%,False,214.9K,False,$34.26 / SMA $39.93,False,2.25%,False,+9.6%,True,36.1M,True,NYQ,False,
LOKVU,LOKVU,,2026-10-08T01:36:47.973263+00:00,False,N/A,False,N/A,False,N/A,False,N/A,False,N/A,False,N/A,False,N/A,False,N/A,False,Unknown,False,No price data available
LOPE,"Grand Canyon Education, Inc.",155.68,2026-10-08T01:29:28.899025+00:00,False,+15.9%,True,$4057.8M,False,+18.2%,False,332.2K,True,$155.68 / SMA $149.82,False,2.67%,False,+6.7%,True,25.1M,True,NMS,False,
LPAAU,Launch One Acquisition Corp.,10.83,2026-10-08T01:36:46.994041+00:00,False,+2.6%,,N/A,,N/A,False,0.0K,False,$10.83 / SMA $11.10,False,0.09%,,N/A,True,1.8M,True,NGM,False,
LPTH,"LightPath Technologies, Inc.",10.4,2026-10-08T01:33:08.342066+00:00,True,+78.4%,True,$728.4M,True,+62.5%,True,2960.1K,False,$10.40 / SMA $11.29,True,5.86%,True,+73.3%,True,69.3M,True,NCM,False,
LRCX,Lam Research Corporation,329.51,2026-10-08T01:26:52.009519+00:00,True,+151.5%,True,$412356.9M,True,+34.1%,True,9394.4K,True,$329.51 / SMA $308.23,True,3.76%,True,+30.0%,False,1246.5M,True,NMS,False,
LRLCY,L'Oréal S.A.,83.82,2026-10-08T01:26:53.174171+00:00,False,+6.3%,True,$223233.5M,,N/A,False,149.1K,False,$83.82 / SMA $88.08,False,1.29%,,N/A,False,1158.4M,False,PNK,False,
LSAK,"Lesaka Technologies, Inc.",4.69,2026-10-08T01:36:35.573492+00:00,False,+29.6%,True,$402.4M,True,+111.4%,False,137.3K,True,$4.69 / SMA $4.50,True,4.56%,False,+-18.7%,True,54.0M,True,NMS,False,
LSCC,Lattice Semiconductor Corporation,130.99,2026-10-08T01:27:17.906232+00:00,True,+116.5%,True,$18604.5M,True,+600.0%,True,1727.3K,True,$130.99 / SMA $121.30,True,3.91%,True,+62.2%,True,140.9M,True,NMS,True,
LTH,"Life Time Group Holdings, Inc.",40.5,2026-10-08T01:27:41.401038+00:00,False,+67.8%,True,$9050.2M,True,+40.6%,True,2967.7K,False,$40.50 / SMA $42.64,True,3.48%,False,+13.7%,False,206.9M,True,NYQ,False,
LUNMF,Lundin Mining Corporation,23.82,2026-10-08T01:27:14.400219+00:00,True,+70.5%,True,$20279.4M,True,+126.7%,False,170.5K,False,$23.82 / SMA $25.51,True,3.18%,True,+31.9%,False,672.2M,False,PNK,False,
LWLG,"Lightwave Logic, Inc.",5.43,2026-10-08T01:31:20.001415+00:00,True,+91.2%,True,$837.1M,False,+0.0%,True,2941.6K,False,$5.43 / SMA $5.94,True,5.76%,True,+27.9%,False,152.4M,True,NCM,False,
LYV,"Live Nation Entertainment, Inc.",170.84,2026-10-08T01:27:06.262175+00:00,False,+36.3%,True,$39798.8M,True,+156.1%,True,1944.0K,False,$170.84 / SMA $176.88,False,2.30%,False,+9.4%,False,157.2M,True,NYQ,False,
LZAGY,Lonza Group AG,69.08,2026-10-08T01:27:04.992242+00:00,False,+18.0%,True,$49152.7M,,N/A,False,44.8K,False,$69.08 / SMA $69.58,False,1.34%,,N/A,False,697.4M,False,PNK,False,
MAIFF,Mining Americas Inc.,3.55,2026-10-08T01:34:59.368939+00:00,True,+652.1%,True,$390.4M,False,+-620.0%,False,128.9K,False,$3.55 / SMA $4.11,True,4.33%,True,+1333.2%,True,107.0M,False,OQX,False,
MALJF,Magellan Aerospace Corporation,22.47,2026-10-08T01:33:04.898910+00:00,True,+99.2%,True,$1320.1M,True,+288.9%,False,4.3K,False,$22.47 / SMA $24.91,False,0.35%,False,+22.3%,True,11.8M,False,PNK,False,
MANH,"Manhattan Associates, Inc.",202.11,2026-10-08T01:27:38.337807+00:00,False,+69.8%,True,$11784.0M,False,+-8.6%,True,776.8K,False,$202.11 / SMA $205.45,False,2.78%,False,+9.3%,True,54.4M,True,NMS,False,
MARIF,Marimaca Copper Corp.,5.55,2026-10-08T01:34:48.328421+00:00,False,+13.5%,True,$750.1M,True,+50.0%,False,24.0K,False,$5.55 / SMA $5.91,False,2.30%,,N/A,True,104.4M,False,OQX,False,
MCEM,The Monarch Cement Company,264.0,2026-10-08T01:34:49.484488+00:00,False,+27.5%,True,$979.6M,False,+13.2%,False,0.5K,False,$264.00 / SMA $265.77,False,2.95%,False,+2.8%,True,2.8M,False,OQX,False,
MDA,MDA Space Ltd.,29.0,2026-10-08T01:29:18.695865+00:00,False,+24.8%,True,$4701.8M,,N/A,True,1486.6K,False,$29.00 / SMA $30.99,True,4.12%,True,+33.6%,False,160.2M,True,NYQ,False,
MDDNF,Meridian Energy Limited,3.025,2026-10-08T01:27:35.262708+00:00,False,+6.5%,True,$8039.8M,,N/A,False,0.2K,False,$3.02 / SMA $3.04,False,0.00%,,N/A,False,1294.8M,False,PNK,False,
MEDP,"Medpace Holdings, Inc.",604.25,2026-10-08T01:27:28.026211+00:00,False,+62.0%,True,$16865.6M,True,+37.1%,False,277.5K,True,$604.25 / SMA $601.40,False,2.88%,False,+17.2%,True,22.7M,True,NMS,False,
MEGI,NYLI CBRE Global Infrastructure Megatrends Term Fund,13.49,2026-10-08T01:34:47.386418+00:00,False,+1.8%,True,$702.1M,,N/A,False,135.7K,False,$13.49 / SMA $14.39,False,2.00%,,N/A,,N/A,True,NYQ,False,
MELI,"MercadoLibre, Inc.",1872.78,2026-10-08T01:26:57.977459+00:00,False,+25.3%,True,$94944.0M,False,+-10.9%,True,508.3K,True,$1872.78 / SMA $1862.20,True,3.04%,True,+49.8%,True,50.6M,True,NMS,False,
MESHU,Meshflow Acquisition Corp.,10.245,2026-10-08T01:36:33.608863+00:00,False,+3.0%,,N/A,,N/A,False,7.4K,True,$10.24 / SMA $10.16,False,0.04%,,N/A,True,33.3M,True,NGM,False,
MFG,"Mizuho Financial Group, Inc.",10.77,2026-10-08T01:26:55.829000+00:00,True,+76.8%,True,$130349.7M,True,+49.7%,True,3487.2K,True,$10.77 / SMA $10.76,False,1.54%,True,+35.7%,False,12165.7M,True,NYQ,False,
MFIC,MidCap Financial Investment Corporation,8.44,2026-10-08T01:34:45.394348+00:00,False,+1.5%,True,$695.2M,False,+-210.5%,True,559.5K,False,$8.44 / SMA $9.19,False,1.89%,False,+-169.7%,,N/A,True,NMS,False,
MGA,Magna International Inc.,65.03,2026-10-08T01:27:19.715539+00:00,False,+50.8%,True,$17396.8M,True,+27.4%,True,1201.9K,False,$65.03 / SMA $66.77,False,2.15%,False,+3.3%,False,264.8M,True,NYQ,False,
MGDDY,Compagnie Générale des Établissements Michelin Société en commandite par actions,18.77,2026-10-08T01:27:13.340182+00:00,False,+26.7%,False,$0.0M,,N/A,False,200.7K,False,$18.77 / SMA $19.61,False,1.18%,,N/A,,N/A,False,PNK,False,
MGRC,McGrath RentCorp,114.26,2026-10-08T01:31:12.717717+00:00,False,+20.3%,True,$2790.9M,False,+-6.2%,False,149.9K,False,$114.26 / SMA $115.16,False,1.96%,False,+-6.2%,True,24.1M,True,NMS,False,
MGRT,Mega Fortune Company Limited,102.0,2026-10-08T01:33:05.483879+00:00,True,+2424.8%,True,$1402.5M,,N/A,False,15.9K,False,$102.00 / SMA $105.73,True,4.55%,,N/A,True,4.1M,True,NCM,False,
MH,"McGraw Hill, Inc.",13.1,2026-10-08T01:31:16.229498+00:00,False,+46.5%,True,$2506.1M,True,+11315.5%,True,613.9K,True,$13.10 / SMA $12.68,True,4.42%,False,+2.6%,True,25.0M,True,NYQ,False,
MHEYF,Keo Capital AB (publ),0.8169,2026-10-08T01:36:38.731282+00:00,False,+11.9%,,N/A,,N/A,False,40.1K,False,$0.82 / SMA_short $0.96,False,1.66%,,N/A,True,121.4M,False,PNK,False,
MICC,The Magnum Ice Cream Company N.V.,16.96,2026-10-08T01:27:33.241140+00:00,False,+31.1%,True,$10241.7M,,N/A,True,881.2K,False,$16.96 / SMA $19.14,False,1.74%,,N/A,False,489.7M,True,NYQ,False,
MINBY,MINEBEA MITSUMI Inc.,23.9,2026-10-08T01:27:32.679031+00:00,False,+56.5%,True,$9598.1M,,N/A,False,2.4K,True,$23.90 / SMA $22.56,True,3.07%,,N/A,False,363.1M,False,PNK,False,
MIY,"BlackRock MuniYield Michigan Quality Fund, Inc.",11.22,2026-10-08T01:36:42.015720+00:00,False,+1.9%,True,$325.2M,,N/A,False,67.1K,False,$11.22 / SMA $12.09,False,2.02%,,N/A,,N/A,True,NYQ,False,
MKEWF,Makita Corporation,31.02,2026-10-08T01:27:32.109290+00:00,False,+6.6%,True,$7992.5M,,N/A,False,0.0K,False,$31.02 / SMA $37.46,False,0.00%,,N/A,False,242.4M,False,PNK,False,
MKL,Markel Group Inc.,1728.2,2026-10-08T01:27:14.461147+00:00,False,+1.4%,True,$21412.3M,True,+86.8%,False,67.4K,False,$1728.20 / SMA $1805.49,False,1.41%,False,+17.8%,True,12.1M,True,NYQ,False,
MKTX,MarketAxess Holdings Inc.,164.17,2026-10-08T01:29:24.667781+00:00,False,+51.0%,True,$5778.3M,False,+1.0%,True,1048.3K,True,$164.17 / SMA $162.01,False,0.22%,False,+-0.5%,True,29.6M,True,NMS,False,
MLAAU,Mountain Lake Acquisition Corp. II,10.0801,2026-10-08T01:34:58.229335+00:00,False,+1.5%,,N/A,,N/A,False,0.1K,True,$10.08 / SMA $10.08,False,0.00%,,N/A,True,36.5M,True,NGM,False,
MLCO,Melco Resorts & Entertainment Limited,4.17,2026-10-08T01:31:18.830484+00:00,False,+2.7%,True,$1585.6M,True,+115.0%,True,2024.1K,False,$4.17 / SMA $5.11,True,3.55%,False,+-8.3%,True,139.4M,True,NMS,False,
MLFNF,Maple Leaf Foods Inc.,17.25,2026-10-08T01:31:13.323382+00:00,False,+3.4%,True,$2151.7M,False,+-20.0%,False,25.4K,False,$17.25 / SMA $19.07,False,0.24%,False,+12.5%,True,74.6M,False,PNK,False,
MLXEF,Metals X Limited,1.38,2026-10-08T01:33:08.564882+00:00,True,+173.3%,True,$1223.2M,,N/A,False,22.9K,True,$1.38 / SMA $1.31,True,4.07%,,N/A,False,629.4M,False,PNK,False,
MMSMY,"Mitsui Kinzoku Company, Limited",17.39,2026-10-08T01:27:19.580681+00:00,False,+25.4%,True,$9949.5M,,N/A,False,20.3K,False,$17.39 / SMA $32.83,True,4.52%,,N/A,False,553.2M,False,PNK,False,
MNDY,monday.com Ltd.,83.51,2026-10-08T01:29:29.653137+00:00,False,+45.2%,True,$3530.3M,True,+166.7%,True,1380.3K,False,$83.51 / SMA $88.87,True,5.30%,False,+21.9%,True,33.1M,True,NMS,False,
MOBI,"Mobia Medical, Inc.",8.51,2026-10-08T01:36:36.232511+00:00,False,+0.7%,False,$283.3M,,N/A,False,181.2K,False,$8.51 / SMA $10.73,True,8.16%,,N/A,True,13.7M,True,NMS,False,
MONDY,Mondi plc,20.64,2026-10-08T01:29:27.116514+00:00,False,+15.5%,True,$4549.0M,,N/A,False,25.4K,False,$20.64 / SMA $22.94,False,1.74%,,N/A,False,218.6M,False,PNK,False,
MONRF,Moncler S.p.A.,52.64,2026-10-08T01:27:23.602691+00:00,False,+7.8%,True,$14317.5M,,N/A,False,1.2K,False,$52.64 / SMA $54.67,False,0.66%,,N/A,False,222.0M,False,PNK,False,
MPFRY,"Mapfre, S.A.",9.64,2026-10-08T01:27:24.008430+00:00,False,+21.1%,True,$14794.1M,,N/A,False,0.1K,False,$9.64 / SMA $9.73,False,0.25%,,N/A,False,460.9M,False,PNK,False,
MPJPY,Metaplanet Inc.,1.75,2026-10-08T01:31:13.640669+00:00,False,+44.9%,,N/A,,N/A,True,950.9K,True,$1.75 / SMA $1.69,True,5.41%,,N/A,False,1134.2M,False,OQX,False,
MPT,"Medical Properties Trust, Inc.",3.23,2026-10-08T01:31:09.164769+00:00,False,+0.9%,True,$1929.0M,True,+93.8%,True,8609.8K,False,$3.23 / SMA $3.89,True,3.83%,False,+7.9%,False,489.8M,True,NYQ,False,
MQBKY,Macquarie Group Limited,172.56,2026-10-08T01:27:00.303634+00:00,False,+41.0%,True,$65769.2M,,N/A,False,12.3K,False,$172.56 / SMA $177.45,True,3.54%,,N/A,False,363.4M,False,PNK,False,
MRAAY,"Murata Manufacturing Co., Ltd.",27.23,2026-10-08T01:26:58.130831+00:00,True,+207.7%,True,$98718.2M,,N/A,True,675.4K,True,$27.23 / SMA $24.05,False,2.41%,,N/A,False,3634.1M,False,PNK,False,
MRAM,"Everspin Technologies, Inc.",17.23,2026-10-08T01:34:47.722265+00:00,True,+134.4%,True,$419.6M,False,+-400.0%,True,1084.2K,True,$17.23 / SMA $16.74,True,5.38%,True,+41.9%,True,23.5M,True,NGM,False,
MRVL,"Marvell Technology, Inc.",284.68,2026-10-08T01:26:53.810606+00:00,True,+302.7%,True,$255843.2M,True,+50.0%,True,22305.0K,True,$284.68 / SMA $231.36,True,4.75%,True,+36.5%,False,873.9M,True,NMS,False,
MSBI,"Midland States Bancorp, Inc.",32.25,2026-10-08T01:34:55.350356+00:00,True,+126.5%,True,$669.3M,True,+86.4%,False,172.2K,False,$32.25 / SMA $33.11,False,2.27%,False,+0.4%,True,19.5M,True,NMS,False,
MSBPF,"Mitsubishi Pencil Co., Ltd.",14.66,2026-10-08T01:34:46.790714+00:00,False,+19.8%,True,$733.1M,,N/A,False,0.0K,True,$14.66 / SMA $14.66,False,0.00%,,N/A,True,46.6M,False,PNK,False,
MSCI,MSCI Inc.,555.38,2026-10-08T01:27:05.040617+00:00,False,+10.8%,True,$40376.1M,False,+19.6%,True,624.2K,False,$555.38 / SMA $559.38,False,2.11%,False,+12.2%,True,69.0M,True,NYQ,False,
MSSMY,MISUMI Group Inc.,13.03,2026-10-08T01:29:20.410779+00:00,True,+96.2%,True,$6820.8M,,N/A,False,0.4K,True,$13.03 / SMA $11.55,False,0.12%,,N/A,False,525.8M,False,PNK,False,
MT,ArcelorMittal S.A.,62.32,2026-10-08T01:27:03.522902+00:00,False,+69.8%,True,$46892.2M,False,+-62.0%,True,1451.2K,False,$62.32 / SMA $72.40,False,2.11%,False,+5.2%,False,826.4M,True,NYQ,False,
MTASF,Montana Aerospace AG,27.9,2026-10-08T01:32:55.745326+00:00,False,+8.5%,True,$1749.4M,True,+1400.0%,False,0.1K,False,$27.90 / SMA $30.60,False,0.02%,False,+19.8%,,N/A,False,PNK,False,
MTD,Mettler-Toledo International Inc.,1533.48,2026-10-08T01:27:15.594799+00:00,False,+49.9%,True,$30725.7M,False,+18.3%,False,183.0K,True,$1533.48 / SMA $1417.28,True,3.17%,False,+4.5%,True,19.9M,True,NYQ,False,
MTLPF,Metlen Energy & Metals PLC,57.3,2026-10-08T01:29:17.109759+00:00,False,+0.0%,True,$8150.4M,,N/A,False,0.0K,True,$57.30 / SMA_short $57.30,False,0.00%,,N/A,True,111.0M,False,PNK,False,
MTNOY,MTN Group Limited,11.12,2026-10-08T01:27:16.091415+00:00,False,+27.4%,True,$20383.5M,,N/A,False,27.9K,False,$11.12 / SMA $12.13,False,1.96%,,N/A,False,1356.3M,False,PNK,False,
MTRX,Matrix Service Company,10.48,2026-10-08T01:36:40.837790+00:00,False,+11.7%,False,$296.5M,True,+110.0%,False,327.3K,False,$10.48 / SMA $10.79,True,3.68%,False,+13.0%,True,27.0M,True,NMS,False,
MTUAF,MTU Aero Engines AG,421.014,2026-10-08T01:27:18.988940+00:00,False,+33.8%,True,$22680.3M,,N/A,False,2.0K,True,$421.01 / SMA $416.83,True,3.61%,,N/A,True,53.9M,False,PNK,False,
MVBF,MVB Financial Corp.,29.58,2026-10-08T01:36:43.650858+00:00,False,+23.3%,True,$383.0M,True,+520.0%,False,50.6K,False,$29.58 / SMA $30.34,False,2.46%,True,+56.8%,True,11.8M,True,NCM,False,
MVST,"Microvast Holdings, Inc.",0.6156,2026-10-08T01:34:59.145274+00:00,False,+9.7%,False,$236.7M,True,+90.9%,True,6180.0K,False,$0.62 / SMA $0.73,True,6.93%,False,+-4.5%,False,209.8M,True,NCM,False,
MXF,"The Mexico Fund, Inc.",20.08,2026-10-08T01:36:46.005831+00:00,False,+9.7%,False,$289.6M,,N/A,False,33.0K,False,$20.08 / SMA $21.28,False,2.33%,,N/A,,N/A,True,NYQ,False,
MZHOF,"Mizuho Financial Group, Inc.",54.01,2026-10-08T01:26:55.924555+00:00,True,+81.3%,True,$130737.0M,True,+49.7%,False,9.0K,True,$54.01 / SMA $53.19,False,1.52%,True,+35.7%,False,2433.1M,False,PNK,False,
NAC,Nuveen California Quality Municipal Income Fund,9.93,2026-10-08T01:32:54.472334+00:00,False,+1.3%,,N/A,,N/A,True,787.1K,False,$9.93 / SMA $11.14,False,2.28%,,N/A,,N/A,True,NYQ,False,
NAMS,NewAmsterdam Pharma Company N.V.,22.13,2026-10-08T01:29:28.857310+00:00,False,+5.3%,True,$2587.1M,False,+-253.2%,True,1336.0K,False,$22.13 / SMA $25.29,True,6.46%,False,+-80.7%,True,81.5M,True,NGM,False,
NATL,NCR Atleos Corporation,45.47,2026-10-08T01:31:07.095072+00:00,False,+36.5%,True,$3360.1M,True,+43.3%,True,695.4K,False,$45.47 / SMA $46.21,False,1.18%,False,+0.1%,True,73.4M,True,NYQ,False,
NBH,Neuberger Berman Income Funds - Neuberger Municipal Fund Inc.,8.84,2026-10-08T01:36:47.256186+00:00,False,+0.0%,,N/A,,N/A,False,101.2K,False,$8.84 / SMA $9.78,False,1.95%,,N/A,,N/A,True,ASE,False,
NCLTF,"Nitori Holdings Co., Ltd.",18.23,2026-10-08T01:27:36.353803+00:00,False,+37.6%,True,$10301.0M,,N/A,False,0.1K,True,$18.23 / SMA $16.60,False,0.00%,,N/A,False,441.6M,False,PNK,False,
NDGPY,Nine Dragons Paper (Holdings) Limited,15.5,2026-10-08T01:29:30.628491+00:00,False,+22.2%,True,$3636.5M,,N/A,False,0.0K,False,$15.50 / SMA $17.48,False,0.00%,,N/A,True,76.4M,False,PNK,False,
NE,Noble Corporation plc,40.97,2026-10-08T01:27:38.066149+00:00,False,+53.5%,True,$6540.5M,False,+-185.2%,True,1341.3K,False,$40.97 / SMA $43.83,True,3.72%,False,+-15.2%,False,158.0M,True,NYQ,False,
NEO,"NeoGenomics, Inc.",15.97,2026-10-08T01:33:05.104490+00:00,True,+125.9%,True,$2051.8M,True,+105.7%,True,2355.0K,False,$15.97 / SMA $17.46,True,5.44%,False,+11.2%,True,117.0M,True,NCM,False,
NETLF,NetLink NBN Trust,0.74525,2026-10-08T01:31:09.563170+00:00,False,+0.0%,True,$2904.2M,,N/A,False,0.0K,False,$0.75 / SMA $0.77,False,0.00%,,N/A,False,2928.3M,False,PNK,False,
NEWTG,"NewtekOne, Inc. 8.50% Fixed Rate Senior Notes due 2029",24.8,2026-10-08T01:36:38.432635+00:00,False,+1.4%,,N/A,,N/A,False,2.8K,False,$24.80 / SMA $25.14,False,0.56%,,N/A,,N/A,True,NGM,False,
NGL,NGL Energy Partners LP,15.23,2026-10-08T01:31:16.737557+00:00,True,+153.0%,,N/A,True,+1100.0%,False,216.2K,False,$15.23 / SMA $16.76,True,4.01%,True,+59.1%,True,111.3M,True,NYQ,False,
NGLOY,Anglo American plc,26.74,2026-10-08T01:27:02.467642+00:00,False,+52.9%,True,$57303.2M,,N/A,False,379.7K,False,$26.74 / SMA $27.14,False,2.11%,,N/A,False,1903.6M,False,OQX,False,
NGXXF,NGEx Minerals Ltd.,16.56,2026-10-08T01:29:30.575091+00:00,False,+10.9%,True,$3591.2M,False,+10.0%,False,36.8K,False,$16.56 / SMA $18.95,True,3.50%,,N/A,True,137.3M,False,OQX,False,
NHPEF,New Hope Corporation Limited,4.2,2026-10-08T01:31:07.417301+00:00,False,+67.3%,True,$3595.6M,,N/A,False,7.8K,True,$4.20 / SMA $4.19,True,3.27%,,N/A,False,485.4M,False,PNK,False,
NICE,NICE Ltd.,116.42,2026-10-08T01:29:22.029625+00:00,False,+40.1%,True,$6821.9M,False,+-52.7%,True,558.4K,True,$116.42 / SMA $105.20,True,4.46%,False,+7.6%,False,1458.3M,True,NMS,False,
NIKA,NIKA,0.41,2026-10-08T01:34:56.828146+00:00,True,+105.0%,True,$429.9M,,N/A,False,0.1K,False,$0.41 / SMA $0.44,False,0.00%,,N/A,False,285.2M,False,OQB,False,
NKOKF,"Noritsu Koki Co., Ltd.",12.445,2026-10-08T01:33:00.209766+00:00,True,+86.7%,True,$1301.7M,,N/A,False,0.0K,True,$12.45 / SMA $12.44,False,0.00%,,N/A,True,52.2M,False,PNK,False,
NKX,Nuveen California AMT-Free Quality Municipal Income Fund,10.42,2026-10-08T01:34:52.223723+00:00,False,+0.9%,True,$587.0M,,N/A,False,203.4K,False,$10.42 / SMA $11.62,False,1.56%,,N/A,,N/A,True,NYQ,False,
NL,"NLI Holdings, Inc.",6.95,2026-10-08T01:36:42.224250+00:00,False,+37.9%,,N/A,True,+1700.0%,False,33.4K,True,$6.95 / SMA $6.60,True,3.33%,False,+8.0%,True,8.3M,True,NYQ,False,
NMG,Nouveau Monde Graphite Inc.,1.08,2026-10-08T01:36:46.633169+00:00,False,+1.9%,True,$355.5M,True,+128.6%,False,429.0K,False,$1.08 / SMA $1.36,True,4.20%,,N/A,False,192.0M,True,NYQ,False,
NML,Neuberger Berman Income Funds - Neuberger Energy Infrastructure and Income Fund Inc.,10.08,2026-10-08T01:34:54.439715+00:00,False,+27.8%,True,$571.1M,,N/A,False,136.9K,False,$10.08 / SMA $10.38,False,2.41%,,N/A,,N/A,True,ASE,False,
NMRSF,"Namura Shipbuilding Co., Ltd.",30.1228,2026-10-08T01:32:57.222984+00:00,False,+36.3%,True,$2094.9M,,N/A,False,0.1K,True,$30.12 / SMA $3.72,False,0.00%,,N/A,True,49.9M,False,PNK,False,
NMZ,Nuveen Municipal High Income Opportunity Fund,8.96,2026-10-08T01:31:17.840726+00:00,False,+3.2%,True,$1929.7M,,N/A,True,928.4K,False,$8.96 / SMA $9.65,False,2.04%,,N/A,,N/A,True,NYQ,False,
NNDM,Nano Dimension Ltd.,1.55,2026-10-08T01:36:42.275744+00:00,False,+30.3%,True,$326.8M,True,+96.4%,True,2090.7K,False,$1.55 / SMA $1.57,False,2.69%,False,+12.1%,False,201.6M,True,NCM,False,
NOA,North American Construction Group Ltd.,11.88,2026-10-08T01:36:35.848713+00:00,False,+1.3%,True,$319.7M,False,+3.0%,False,97.6K,False,$11.88 / SMA $13.24,False,2.66%,True,+25.1%,True,24.0M,True,NYQ,False,
NOG,"Northern Oil and Gas, Inc.",24.18,2026-10-08T01:31:14.354604+00:00,False,+40.7%,True,$2576.4M,True,+119.0%,True,2418.0K,True,$24.18 / SMA $23.95,True,3.33%,False,+16.8%,True,103.0M,True,NYQ,False,
NONOF,Novo Nordisk A/S,38.06,2026-10-08T01:26:53.365073+00:00,False,+11.9%,True,$168010.4M,False,+-20.5%,False,103.3K,False,$38.06 / SMA $43.67,True,4.29%,False,+2.1%,False,3173.0M,False,PNK,False,
NOW,"ServiceNow, Inc.",137.87,2026-10-08T01:26:56.362808+00:00,False,+69.7%,True,$142538.6M,False,+-21.2%,True,17871.4K,True,$137.87 / SMA $130.99,True,3.72%,False,+24.0%,False,1031.3M,True,NYQ,False,
NPACU,New Providence Acquisition Corp. III,10.59,2026-10-08T01:36:37.336567+00:00,False,+2.7%,,N/A,,N/A,False,1.2K,True,$10.59 / SMA $10.52,False,0.00%,,N/A,True,28.1M,True,NGM,False,
NPKYY,"Nippon Kayaku Co., Ltd.",13.16,2026-10-08T01:31:20.741801+00:00,False,+55.6%,True,$1897.4M,,N/A,False,0.0K,True,$13.16 / SMA $13.16,False,0.00%,,N/A,,N/A,False,PNK,False,
NPPXF,"NTT, Inc.",1.06,2026-10-08T01:26:58.338723+00:00,False,+24.7%,True,$85789.0M,,N/A,False,75.8K,True,$1.06 / SMA $1.01,True,3.04%,,N/A,False,49592.5M,False,PNK,False,
NPWR,NET Power Inc.,1.23,2026-10-08T01:36:35.398734+00:00,False,+0.8%,False,$108.8M,False,+-152.8%,True,754.4K,False,$1.23 / SMA $1.67,True,5.74%,,N/A,True,46.8M,True,NYQ,False,
NRKBF,NKT A/S,138.1,2026-10-08T01:27:35.538840+00:00,False,+36.7%,True,$7381.5M,False,+-2.1%,False,0.0K,False,$138.10 / SMA $151.47,False,0.00%,False,+0.2%,True,50.9M,False,PNK,False,
NSA,NSA,,2026-10-08T01:29:20.426197+00:00,False,N/A,False,N/A,False,N/A,False,N/A,False,N/A,False,N/A,False,N/A,False,N/A,False,Unknown,False,No price data available
NSP,"Insperity, Inc.",48.23,2026-10-08T01:33:05.035895+00:00,True,+159.7%,True,$1842.2M,True,+171.4%,True,503.0K,False,$48.23 / SMA $50.42,True,4.11%,False,+1.7%,True,35.8M,True,NYQ,False,
NSRGY,Nestlé S.A.,90.62,2026-10-08T01:26:52.606094+00:00,False,+1.3%,True,$233094.6M,,N/A,False,391.0K,False,$90.62 / SMA $96.37,False,0.94%,,N/A,False,2570.9M,False,OID,False,
NTCT,"NetScout Systems, Inc.",40.07,2026-10-08T01:31:10.316862+00:00,False,+59.0%,True,$2913.4M,True,+680.0%,True,607.2K,True,$40.07 / SMA $39.04,False,2.37%,False,+12.7%,True,69.0M,True,NMS,False,
NTRS,Northern Trust Corporation,168.18,2026-10-08T01:27:09.986827+00:00,False,+38.9%,True,$30769.5M,True,+98.6%,True,1051.1K,False,$168.18 / SMA $181.48,False,2.09%,False,+8.7%,False,179.8M,True,NMS,False,
NUFMF,Nufarm Limited,2.1,2026-10-08T01:34:49.911474+00:00,True,+112.1%,True,$806.9M,,N/A,False,0.6K,False,$2.10 / SMA $2.11,False,0.63%,,N/A,False,378.9M,False,OQX,False,
NURAF,"Nomura Research Institute, Ltd.",32.11,2026-10-08T01:27:21.311780+00:00,False,+37.5%,True,$17984.8M,,N/A,False,0.1K,True,$32.11 / SMA $-4.53,,N/A,,N/A,False,416.5M,False,PNK,False,
NUTX,Nutex Health Inc.,213.02,2026-10-08T01:34:46.697037+00:00,True,+153.6%,True,$1458.8M,True,+418.0%,False,149.9K,True,$213.02 / SMA $191.95,True,5.26%,False,+-13.6%,True,4.1M,True,NCM,False,
NUVB,Nuvation Bio Inc.,4.86,2026-10-08T01:32:57.348077+00:00,False,+44.6%,True,$1706.5M,False,+-5.9%,True,5726.3K,False,$4.86 / SMA $6.27,True,5.02%,True,+555.6%,False,263.6M,True,NYQ,False,
NUVL,Nuvalent Inc,123.96,2026-10-08T01:27:38.937186+00:00,True,+74.3%,True,$9808.7M,,N/A,True,2330.0K,True,$123.96 / SMA_short $123.96,,N/A,,N/A,True,49.1M,True,NGM,False,
NVDA,NVIDIA Corporation,237.47,2026-10-08T01:26:51.381964+00:00,False,+44.6%,True,$5734188.2M,True,+127.8%,True,122543.1K,True,$237.47 / SMA $220.09,False,1.89%,True,+105.9%,False,23132.6M,True,NMS,False,
NVO,Novo Nordisk A/S,38.26,2026-10-08T01:26:53.305365+00:00,False,+8.9%,True,$168893.2M,False,+-20.5%,True,12469.0K,False,$38.26 / SMA $43.92,False,2.02%,False,+2.1%,False,3173.0M,True,NYQ,False,
NWE,"NorthWestern Energy Group, Inc.",73.97,2026-10-08T01:29:26.827094+00:00,False,+29.5%,True,$4550.5M,False,+14.3%,False,411.9K,True,$73.97 / SMA $69.66,False,2.06%,False,+14.6%,True,61.1M,True,NMS,False,
NWL,Newell Brands Inc.,5.72,2026-10-08T01:32:59.230877+00:00,True,+86.3%,True,$2436.1M,True,+127.3%,True,7661.3K,False,$5.72 / SMA $5.80,True,3.94%,False,+3.0%,False,391.1M,True,NMS,False,
NXPRF,Nexans S.A.,155.78,2026-10-08T01:27:39.324634+00:00,False,+13.9%,True,$6794.9M,,N/A,False,0.1K,False,$155.78 / SMA $158.17,False,0.09%,,N/A,True,37.9M,False,PNK,False,
NXSNF,"NextVision Stabilized Systems, Ltd.",76.5,2026-10-08T01:27:34.719786+00:00,True,+70.0%,True,$7079.7M,True,+105.5%,False,0.2K,True,$76.50 / SMA $74.46,False,0.15%,True,+137.7%,True,77.1M,False,PNK,False,
O,Realty Income Corporation,53.35,2026-10-08T01:27:00.932447+00:00,False,+0.1%,True,$50480.7M,True,+68.2%,True,6459.9K,False,$53.35 / SMA $59.63,False,1.54%,False,+6.6%,False,944.1M,True,NYQ,False,
OCDDY,Ocado Group plc,7.5,2026-10-08T01:31:16.499190+00:00,True,+89.4%,True,$3137.2M,,N/A,False,9.2K,True,$7.50 / SMA $6.15,False,1.43%,,N/A,False,270.3M,False,PNK,False,
OCFC,OceanFirst Financial Corp.,16.46,2026-10-08T01:33:07.930731+00:00,False,+1.9%,True,$1590.8M,False,+-114.3%,True,973.5K,False,$16.46 / SMA $18.52,False,2.21%,True,+32.6%,True,84.5M,True,NMS,False,
OCPNF,Olympus Corporation,12.13,2026-10-08T01:27:28.268676+00:00,False,+51.6%,True,$12892.4M,,N/A,False,0.5K,False,$12.13 / SMA $12.52,False,0.00%,,N/A,False,1062.4M,False,PNK,False,
OCSL,Oaktree Specialty Lending Corporation,11.65,2026-10-08T01:33:08.947370+00:00,False,+9.6%,True,$1026.2M,False,+-20.5%,False,490.7K,False,$11.65 / SMA $12.33,False,1.81%,False,+-5.1%,,N/A,True,NMS,False,
ODFL,"Old Dominion Freight Line, Inc.",175.61,2026-10-08T01:27:04.717125+00:00,False,+39.4%,True,$36521.3M,True,+32.3%,True,1741.3K,False,$175.61 / SMA $193.72,False,2.65%,False,+10.4%,False,185.7M,True,NMS,False,
OGC,OceanaGold Corporation,26.38,2026-10-08T01:29:16.736673+00:00,False,+30.7%,True,$5868.2M,True,+102.0%,True,554.2K,False,$26.38 / SMA $28.45,True,3.43%,True,+49.7%,False,221.5M,True,NYQ,False,
OGCP,"Empire State Realty OP, L.P.",4.1,2026-10-08T01:32:59.158868+00:00,False,+9.0%,True,$1148.8M,False,+-475.0%,False,1.1K,False,$4.10 / SMA $4.46,False,0.38%,False,+3.0%,True,22.5M,True,PCX,False,
OGS,"ONE Gas, Inc.",72.65,2026-10-08T01:29:22.890758+00:00,False,+3.2%,True,$4566.5M,True,+39.6%,True,543.0K,False,$72.65 / SMA $77.31,False,1.80%,False,+-2.9%,True,62.2M,True,NYQ,False,
OKLO,Oklo Inc.,36.82,2026-10-08T01:27:30.007865+00:00,False,+7.1%,True,$6849.2M,False,+-55.6%,True,9566.4K,False,$36.82 / SMA $40.47,True,5.18%,,N/A,True,149.6M,True,NYQ,False,
OKTA,"Okta, Inc.",218.0,2026-10-08T01:27:21.813226+00:00,True,+247.9%,True,$38111.0M,True,+75.7%,True,3489.8K,True,$218.00 / SMA $168.62,True,5.14%,False,+10.6%,False,166.7M,True,NMS,False,
OLED,OLED,77.22,2026-10-08T01:29:26.959825+00:00,False,+5.4%,True,$3549.6M,False,+-24.8%,True,738.0K,False,$77.22 / SMA $82.14,True,3.58%,False,+-11.4%,True,42.1M,True,NMS,False,
OLN,Olin Corporation,15.92,2026-10-08T01:31:09.856472+00:00,False,+6.5%,True,$1814.6M,False,+-1100.0%,True,3295.2K,False,$15.92 / SMA $17.60,True,3.57%,False,+-0.9%,True,107.6M,True,NYQ,False,
OMCL,"Omnicell, Inc.",35.21,2026-10-08T01:31:19.557965+00:00,False,+21.2%,True,$1601.3M,True,+333.3%,True,677.9K,True,$35.21 / SMA $34.83,False,2.91%,False,+7.4%,True,44.4M,True,NMS,False,
OMRNY,OMRON Corporation,40.75,2026-10-08T01:29:14.740927+00:00,True,+75.4%,True,$8012.6M,,N/A,False,20.0K,True,$40.75 / SMA $39.94,False,1.41%,,N/A,False,192.6M,False,PNK,False,
OMVJF,OMV Aktiengesellschaft,78.29,2026-10-08T01:27:13.645597+00:00,False,+56.0%,True,$25533.9M,True,+268.2%,False,0.2K,True,$78.29 / SMA $77.85,False,0.03%,True,+29.6%,True,141.4M,False,OQX,False,
OMVKY,OMV Aktiengesellschaft,20.43,2026-10-08T01:27:14.145472+00:00,False,+63.2%,True,$26652.5M,True,+268.2%,False,20.1K,True,$20.43 / SMA $19.79,False,1.05%,True,+29.6%,True,141.4M,False,OQX,False,
ONDS,Ondas Inc.,7.19,2026-10-08T01:29:26.434350+00:00,False,+45.3%,True,$4186.8M,False,+-137.5%,True,79301.4K,False,$7.19 / SMA $7.98,True,4.87%,True,+1235.4%,False,533.4M,True,NCM,False,
OPAL,OPAL Fuels Inc.,1.72,2026-10-08T01:36:39.443382+00:00,False,+4.2%,True,$300.5M,False,+-266.7%,False,255.4K,False,$1.72 / SMA $2.04,True,5.31%,False,+3.7%,True,16.9M,True,NCM,False,
OPMXF,"Operadora de Sites Mexicanos, S.A.B. de C.V.",0.9161,2026-10-08T01:31:10.257696+00:00,False,+30.2%,True,$2668.6M,True,+58.3%,False,2.8K,False,$0.92 / SMA $0.96,False,0.86%,False,+3.5%,False,2914.5M,False,PNK,False,
OPTU,OPTU,1.0,2026-10-08T01:36:46.451186+00:00,True,+71.5%,True,$381.4M,False,+-219.0%,True,2994.0K,True,$1.00 / SMA $0.94,True,8.30%,False,+-5.8%,False,277.6M,True,NYQ,False,
OPY,Oppenheimer Holdings Inc.,118.22,2026-10-08T01:33:09.696270+00:00,True,+85.3%,True,$1265.9M,False,+24.6%,False,121.0K,True,$118.22 / SMA $117.01,True,4.09%,False,+21.9%,True,6.1M,True,NYQ,False,
ORANY,Orange S.A.,15.94,2026-10-08T01:27:01.373968+00:00,False,+3.6%,True,$42364.9M,,N/A,False,216.6K,False,$15.94 / SMA $17.78,False,1.12%,False,+9.2%,False,1919.6M,False,PNK,False,
ORC,"Orchid Island Capital, Inc.",5.0,2026-10-08T01:33:01.889839+00:00,False,+1.6%,True,$987.0M,True,+251.7%,True,5145.1K,False,$5.00 / SMA $6.13,False,2.88%,True,+435.7%,False,199.2M,True,NYQ,False,
ORGO,Organogenesis Holdings Inc.,1.32,2026-10-08T01:36:42.666467+00:00,False,+3.5%,False,$169.9M,False,+-670.0%,True,771.2K,False,$1.32 / SMA $1.70,True,4.73%,False,+-57.5%,True,61.1M,True,NCM,False,
ORKLY,Orkla ASA,9.67,2026-10-08T01:27:30.112057+00:00,False,+2.9%,True,$9277.0M,False,+-72.7%,False,120.9K,False,$9.67 / SMA $10.25,False,1.12%,False,+-5.4%,False,732.1M,False,PNK,False,
ORZCF,Orezone Gold Corporation,2.28,2026-10-08T01:33:06.111505+00:00,True,+156.2%,True,$1523.3M,True,+100.0%,False,204.8K,True,$2.28 / SMA $2.02,True,3.55%,True,+187.4%,False,479.7M,False,OQX,False,
OSIS,"OSI Systems, Inc.",194.05,2026-10-08T01:31:04.250095+00:00,False,+4.0%,True,$3093.5M,False,+7.9%,False,231.7K,False,$194.05 / SMA $210.76,False,2.92%,False,+-4.1%,True,15.0M,True,NMS,False,
OSW,OneSpaWorld Holdings Limited,23.3,2026-10-08T01:31:14.950312+00:00,False,+22.2%,True,$2364.9M,False,+21.1%,True,921.6K,False,$23.30 / SMA $24.27,False,2.95%,False,+8.5%,True,98.8M,True,NCM,False,
OUTKY,Outokumpu Oyj,2.9,2026-10-08T01:31:08.523591+00:00,False,+52.6%,True,$2734.0M,True,+225.0%,False,0.4K,False,$2.90 / SMA $3.14,False,0.05%,False,+3.8%,False,780.4M,False,PNK,False,
OVHFF,OVH Groupe S.A.,19.59,2026-10-08T01:31:18.434408+00:00,True,+134.9%,True,$2963.8M,,N/A,False,0.5K,True,$19.59 / SMA $17.30,False,0.00%,,N/A,True,26.5M,False,PNK,False,
OWL,Blue Owl Capital Inc.,9.11,2026-10-08T01:27:22.932613+00:00,False,+14.6%,True,$14276.8M,False,+0.0%,True,18884.4K,False,$9.11 / SMA $10.78,True,3.61%,False,+7.1%,False,648.5M,True,NYQ,False,
PAG,"Penske Automotive Group, Inc.",194.22,2026-10-08T01:27:31.074631+00:00,False,+38.6%,True,$12753.0M,False,+4.8%,False,417.1K,False,$194.22 / SMA $214.13,False,1.56%,False,+6.0%,True,17.5M,True,NYQ,False,
PAKTY,PT Map Aktif Adiperkasa Tbk,1.23,2026-10-08T01:34:43.122515+00:00,False,+69.7%,True,$1753.0M,,N/A,False,0.0K,False,$1.23 / SMA $1.23,False,0.00%,False,+15.5%,False,437.5M,False,PNK,False,
PARXF,Parex Resources Inc.,19.3,2026-10-08T01:32:54.620847+00:00,False,+58.2%,True,$1856.3M,True,+462.2%,False,164.4K,True,$19.30 / SMA $19.23,False,2.27%,True,+74.9%,True,95.4M,False,PNK,False,
PAX,Patria Investments Limited,11.11,2026-10-08T01:32:55.283106+00:00,False,+12.3%,True,$1821.5M,False,+-86.3%,True,1109.4K,True,$11.11 / SMA $10.90,False,2.74%,False,+22.0%,True,60.8M,True,NMS,False,
PB,"Prosperity Bancshares, Inc.",65.95,2026-10-08T01:27:42.153274+00:00,False,+8.0%,True,$7925.7M,False,+17.6%,True,1010.5K,False,$65.95 / SMA $71.16,False,1.77%,True,+25.6%,True,109.5M,True,NYQ,False,
PBCRF,PT Bank Central Asia Tbk,0.337,2026-10-08T01:27:06.435119+00:00,False,+24.8%,True,$41397.7M,,N/A,False,4.7K,False,$0.34 / SMA $0.36,False,0.00%,False,+4.4%,False,48609.7M,False,PNK,False,
PBF,PBF Energy Inc.,83.68,2026-10-08T01:29:25.166577+00:00,True,+226.6%,True,$9919.2M,,N/A,True,3364.1K,True,$83.68 / SMA $72.71,True,6.43%,True,+56.2%,True,102.1M,True,NYQ,True,
PBH,Prestige Consumer Healthcare Inc.,47.57,2026-10-08T01:31:16.654319+00:00,False,+11.6%,True,$2253.6M,False,+-35.8%,True,545.7K,False,$47.57 / SMA $49.70,True,3.05%,False,+6.5%,True,46.7M,True,NYQ,False,
PCFBY,Pacific Basin Shipping Limited,9.73,2026-10-08T01:31:18.450550+00:00,True,+78.2%,True,$2507.1M,,N/A,False,0.8K,True,$9.73 / SMA $9.66,False,0.30%,,N/A,False,201.0M,False,PNK,False,
PCG,PG&E Corporation,12.79,2026-10-08T01:27:07.076149+00:00,False,+8.7%,True,$38400.3M,True,+37.5%,True,36182.2K,False,$12.79 / SMA $15.15,True,3.06%,False,+0.1%,False,2082.4M,True,NYQ,False,
PCN,PIMCO Corporate & Income Strategy Fund,10.64,2026-10-08T01:34:45.811081+00:00,False,+1.9%,True,$805.4M,,N/A,False,424.4K,False,$10.64 / SMA $11.32,False,1.60%,,N/A,,N/A,True,NYQ,False,
PCOR,"Procore Technologies, Inc.",54.8,2026-10-08T01:27:41.937104+00:00,False,+44.1%,True,$8327.2M,True,+178.6%,True,3093.5K,False,$54.80 / SMA $56.12,True,4.13%,False,+15.8%,True,136.4M,True,NYQ,False,
PCRHY,Panasonic Holdings Corporation,29.28,2026-10-08T01:27:02.670424+00:00,True,+172.1%,True,$68366.6M,,N/A,False,380.2K,True,$29.28 / SMA $27.78,False,2.50%,,N/A,False,2304.4M,False,PNK,False,
PCRX,"Pacira BioSciences, Inc.",25.2,2026-10-08T01:34:43.460065+00:00,False,+34.0%,True,$1004.5M,True,+209.1%,True,581.5K,True,$25.20 / SMA $25.18,True,3.34%,False,+6.2%,True,36.2M,True,NMS,False,
PDD,PDD Holdings Inc.,78.5,2026-10-08T01:26:54.794130+00:00,False,+9.1%,True,$111736.6M,False,+-11.2%,True,6401.5K,False,$78.50 / SMA $83.50,False,2.05%,False,+8.1%,False,753.9M,True,NMS,False,
PECO,"Phillips Edison & Company, Inc.",37.05,2026-10-08T01:29:20.959397+00:00,False,+12.3%,True,$5240.6M,True,+230.0%,True,951.8K,False,$37.05 / SMA $39.03,False,1.68%,False,+6.7%,True,127.9M,True,NMS,False,
PEGRF,Pennon Group Plc,5.748,2026-10-08T01:31:07.936496+00:00,False,+0.0%,True,$2712.9M,,N/A,False,0.1K,False,$5.75 / SMA $6.30,False,0.06%,,N/A,False,470.2M,False,PNK,False,
PFG,"Principal Financial Group, Inc.",108.73,2026-10-08T01:27:15.557822+00:00,False,+39.6%,True,$23279.6M,False,+2.8%,True,1392.6K,False,$108.73 / SMA $113.28,False,2.06%,False,+6.4%,False,212.8M,True,NMS,False,
PFS,"Provident Financial Services, Inc.",21.97,2026-10-08T01:31:10.913239+00:00,False,+24.2%,True,$2865.4M,False,+9.1%,True,902.1K,False,$21.97 / SMA $23.53,False,1.83%,False,+9.6%,True,126.3M,True,NYQ,False,
PFSTY,PFISTERER Holding SE,12.0,2026-10-08T01:31:18.368091+00:00,False,+0.0%,False,$217.1M,,N/A,False,0.0K,True,$12.00 / SMA_short $12.00,False,0.00%,False,+14.4%,True,89.4M,False,PNK,False,
PGNY,"Progyny, Inc.",27.55,2026-10-08T01:31:20.522081+00:00,True,+71.1%,True,$2113.8M,True,+78.9%,True,1137.4K,True,$27.55 / SMA $26.94,False,2.62%,False,+5.3%,True,70.2M,True,NMS,False,
PGPEF,Publicis Groupe S.A.,104.53,2026-10-08T01:27:13.933933+00:00,False,+27.4%,True,$26103.3M,,N/A,False,4.2K,False,$104.53 / SMA $111.90,False,0.19%,,N/A,False,235.7M,False,OQX,False,
PHG,Koninklijke Philips N.V.,24.09,2026-10-08T01:27:12.797228+00:00,False,+2.0%,True,$23546.2M,True,+60.0%,True,984.2K,False,$24.09 / SMA $25.87,False,1.25%,False,+0.5%,False,976.8M,True,NYQ,False,
PHIG,"PHI Group, Inc.",31.25,2026-10-08T01:34:48.799221+00:00,False,+25.0%,True,$759.7M,,N/A,False,3.9K,True,$31.25 / SMA $31.05,False,0.01%,,N/A,True,24.2M,False,PNK,False,
PHK,PIMCO High Income Fund,4.13,2026-10-08T01:34:46.089983+00:00,False,+2.2%,True,$773.1M,,N/A,True,1175.2K,False,$4.13 / SMA $4.39,False,1.99%,,N/A,,N/A,True,NYQ,False,
PINE,"Alpine Income Property Trust, Inc.",17.63,2026-10-08T01:36:45.197647+00:00,False,+34.6%,True,$337.8M,True,+233.3%,False,144.5K,False,$17.63 / SMA $18.68,False,2.39%,True,+34.6%,True,16.3M,True,NYQ,False,
PL,Planet Labs PBC,17.75,2026-10-08T01:27:23.543660+00:00,False,+68.7%,True,$6458.3M,True,+57.1%,True,8870.9K,False,$17.75 / SMA $19.68,True,5.25%,True,+58.1%,False,302.2M,True,NYQ,False,
PLOW,"Douglas Dynamics, Inc.",39.74,2026-10-08T01:33:09.119828+00:00,False,+39.3%,True,$917.1M,False,+-1.8%,False,250.8K,False,$39.74 / SMA $41.19,False,2.32%,False,+10.5%,True,22.6M,True,NYQ,False,
PM,Philip Morris International Inc.,192.69,2026-10-08T01:26:52.602503+00:00,False,+35.6%,True,$300329.2M,False,+-7.7%,True,4647.5K,True,$192.69 / SMA $188.08,False,2.19%,False,+10.4%,False,1554.7M,True,NYQ,False,
PMCUF,Pro Medicus Limited,103.76,2026-10-08T01:27:34.132372+00:00,False,+39.2%,True,$11351.3M,,N/A,False,0.2K,False,$103.76 / SMA $120.91,False,0.76%,,N/A,True,53.3M,False,PNK,False,
PMETF,PMET Resources Inc.,2.94,2026-10-08T01:34:44.996135+00:00,False,+35.5%,True,$546.7M,False,+0.0%,False,34.3K,False,$2.94 / SMA $3.26,False,2.47%,,N/A,False,166.7M,False,OQX,False,
PMMAF,PUMA SE,23.6,2026-10-08T01:29:24.759239+00:00,False,+35.6%,True,$3506.0M,,N/A,False,0.1K,False,$23.60 / SMA $28.41,False,0.30%,False,+-15.0%,True,97.8M,False,PNK,False,
PMNXF,Perseus Mining Limited,4.26,2026-10-08T01:29:23.539588+00:00,True,+42500.0%,True,$5649.2M,,N/A,False,13.6K,False,$4.26 / SMA $4.31,False,0.64%,,N/A,False,1325.3M,False,PNK,False,
PODD,Insulet Corporation,134.36,2026-10-08T01:27:31.627046+00:00,False,+6.3%,True,$9318.4M,True,+328.1%,True,1676.8K,False,$134.36 / SMA $143.60,True,3.06%,False,+23.5%,True,69.1M,True,NMS,False,
POOL,Pool Corporation,154.14,2026-10-08T01:29:15.598835+00:00,False,+0.4%,True,$5601.6M,False,+0.0%,True,777.0K,False,$154.14 / SMA $181.21,False,2.73%,False,+2.2%,True,35.1M,True,NMS,False,
POPMF,Pop Mart International Group Limited,19.825,2026-10-08T01:27:13.098702+00:00,False,+18.7%,,N/A,,N/A,False,0.5K,True,$19.82 / SMA_short $19.35,,N/A,,N/A,,N/A,False,PNK,False,
PPAAF,PT Perusahaan Gas Negara (Persero) Tbk,0.08334,2026-10-08T01:31:14.178207+00:00,False,+8.8%,True,$2020.3M,True,+42.3%,False,0.3K,False,$0.08 / SMA $0.08,False,0.00%,False,+-3.8%,False,10427.5M,False,PNK,False,
PPERY,PT Bank Mandiri (Persero) Tbk,9.06,2026-10-08T01:27:16.843822+00:00,False,+10.5%,True,$21058.5M,,N/A,False,90.7K,False,$9.06 / SMA $9.31,False,1.71%,False,+-5.3%,False,943.0M,False,PNK,False,
PPL,PPL Corporation,33.95,2026-10-08T01:27:11.742923+00:00,False,+7.6%,True,$25548.9M,False,+20.0%,True,7474.5K,False,$33.95 / SMA $34.11,False,1.53%,False,+4.2%,False,750.4M,True,NYQ,False,
PPLFF,PT Perusahaan Perkebunan London Sumatra Indonesia Tbk,0.08588,2026-10-08T01:34:55.006649+00:00,False,+17.6%,True,$585.7M,,N/A,False,0.0K,True,$0.09 / SMA $0.09,False,0.00%,False,+5.7%,False,2753.8M,False,PNK,False,
PPTA,Perpetua Resources Corp.,19.99,2026-10-08T01:31:07.970935+00:00,False,+21.6%,True,$2500.7M,False,+-875.0%,True,1095.6K,False,$19.99 / SMA $23.37,True,4.04%,,N/A,True,83.9M,True,NCM,False,
PPTDF,PeptiDream Inc.,6.95,2026-10-08T01:34:43.882587+00:00,False,+18.2%,True,$893.5M,,N/A,False,0.5K,True,$6.95 / SMA $6.66,False,0.41%,,N/A,True,95.4M,False,PNK,False,
PRA,PRA,,2026-10-08T01:33:03.978358+00:00,False,N/A,False,N/A,False,N/A,False,N/A,False,N/A,False,N/A,False,N/A,False,N/A,False,Unknown,False,No price data available
PRDSY,Prada S.p.A.,9.3,2026-10-08T01:27:29.098742+00:00,False,+4.5%,True,$11961.5M,,N/A,False,10.4K,False,$9.30 / SMA $10.17,False,2.18%,,N/A,False,256.2M,False,PNK,False,
PREKF,PrairieSky Royalty Ltd.,23.24,2026-10-08T01:29:19.500400+00:00,False,+36.0%,True,$5402.0M,True,+64.0%,False,51.7K,False,$23.24 / SMA $24.90,False,1.60%,True,+39.0%,False,230.7M,False,PNK,False,
PRKS,United Parks & Resorts Inc.,32.77,2026-10-08T01:32:56.289506+00:00,False,+13.9%,True,$1485.8M,False,+-7.6%,True,664.4K,False,$32.77 / SMA $39.92,True,4.55%,False,+-1.4%,True,17.2M,True,NYQ,False,
PRNDY,Pernod Ricard SA,13.61,2026-10-08T01:27:18.800569+00:00,False,+5.1%,True,$17135.9M,,N/A,True,702.5K,False,$13.61 / SMA $14.69,False,1.26%,,N/A,False,950.4M,False,PNK,False,
PRTA,Prothena Corporation plc,8.48,2026-10-08T01:34:58.033620+00:00,False,+9.7%,True,$435.3M,True,+84.6%,False,478.2K,False,$8.48 / SMA $8.86,True,4.77%,False,+-77.1%,True,34.5M,True,NMS,False,
PSNL,"Personalis, Inc.",16.0,2026-10-08T01:34:44.770561+00:00,True,+222.9%,True,$1708.8M,False,+-30.4%,True,3598.1K,True,$16.00 / SMA $15.64,False,2.55%,True,+30.0%,True,86.4M,True,NGM,False,
PSPSF,PSP Swiss Property AG,167.36,2026-10-08T01:27:36.900090+00:00,False,+0.2%,True,$7727.8M,True,+28.1%,False,0.0K,False,$167.36 / SMA $178.48,False,0.12%,True,+171.8%,True,45.9M,False,PNK,False,
PSX,Phillips 66,271.62,2026-10-08T01:26:59.138132+00:00,True,+114.3%,True,$108902.0M,True,+344.2%,True,2875.0K,True,$271.62 / SMA $243.58,True,3.45%,True,+53.1%,False,398.1M,True,NYQ,False,
PSZKY,Powszechna Kasa Oszczednosci Bank Polski Spólka Akcyjna,31.46,2026-10-08T01:27:07.923320+00:00,True,+78.3%,True,$39325.0M,False,+3.8%,False,35.7K,True,$31.46 / SMA $31.08,True,4.99%,False,+2.0%,False,880.8M,False,PNK,False,
PTOR,Praetorian Acquisition Corp.,9.95,2026-10-08T01:36:43.278205+00:00,False,+1.8%,True,$337.5M,,N/A,False,38.6K,False,$9.95 / SMA $9.97,False,0.08%,,N/A,True,23.7M,True,NGM,False,
PURR,Hyperliquid Strategies Inc.,11.73,2026-10-08T01:33:08.973188+00:00,True,+289.7%,True,$3264.1M,,N/A,True,17990.1K,True,$11.73 / SMA $10.42,True,7.86%,,N/A,False,195.4M,True,NCM,False,
PUTRY,PTT Public Company Limited,6.1,2026-10-08T01:27:09.344708+00:00,False,+30.9%,True,$34555.7M,True,+143.4%,False,0.1K,True,$6.10 / SMA $6.02,False,0.00%,False,+22.7%,False,2601.7M,False,PNK,False,
PVLA,"Palvella Therapeutics, Inc.",130.59,2026-10-08T01:32:57.798484+00:00,True,+98.1%,True,$1881.6M,False,+-76.7%,False,211.9K,False,$130.59 / SMA $148.43,True,4.53%,,N/A,True,10.7M,True,NGM,False,
PWCDF,Power Corporation of Canada,61.48,2026-10-08T01:27:06.785653+00:00,False,+46.7%,True,$38592.7M,False,+-9.2%,False,194.7K,False,$61.48 / SMA $66.06,False,2.21%,True,+29.6%,False,578.9M,False,PNK,False,
PWR,"Quanta Services, Inc.",701.07,2026-10-08T01:26:56.096035+00:00,True,+73.3%,True,$105401.2M,True,+94.7%,True,1014.6K,True,$701.07 / SMA $647.25,True,3.22%,True,+41.1%,True,149.0M,True,NYQ,True,
PXED,"Phoenix Education Partners, Inc.",25.72,2026-10-08T01:33:07.954747+00:00,False,+9.4%,True,$927.1M,False,+-33.2%,False,107.3K,False,$25.72 / SMA $27.54,True,3.57%,False,+0.0%,True,5.8M,True,NYQ,False,
PZAKY,Powszechny Zaklad Ubezpieczen SA,19.46,2026-10-08T01:27:23.590066+00:00,False,+27.6%,True,$17983.5M,False,+12.4%,False,0.1K,False,$19.46 / SMA $19.59,False,1.09%,False,+2.0%,False,568.0M,False,PNK,False,
QDEL,QuidelOrtho Corporation,12.31,2026-10-08T01:34:47.096235+00:00,False,+24.1%,True,$844.2M,True,+63.9%,True,1478.9K,False,$12.31 / SMA $13.34,True,6.29%,False,+2.8%,True,61.2M,True,NMS,False,
QFIN,"Qfin Holdings, Inc.",6.18,2026-10-08T01:32:59.660085+00:00,False,+0.8%,True,$751.4M,False,+-74.3%,True,2071.8K,False,$6.18 / SMA $9.51,True,3.63%,False,+-39.7%,True,91.3M,True,NMS,False,
QNTQY,QinetiQ Group plc,24.21,2026-10-08T01:31:06.955403+00:00,False,+13.6%,True,$3085.3M,,N/A,False,1.1K,False,$24.21 / SMA $27.55,False,0.68%,,N/A,True,105.1M,False,PNK,False,
QXO,"QXO, Inc.",11.31,2026-10-08T01:27:28.920721+00:00,False,+5.0%,True,$11734.0M,False,+6.7%,True,20375.9K,False,$11.31 / SMA $13.26,True,4.44%,True,+70.3%,False,1035.0M,True,NYQ,False,
RADLY,Raia Drogasil S.A.,4.25,2026-10-08T01:29:17.388358+00:00,False,+37.1%,True,$7431.3M,False,+14.4%,False,148.6K,True,$4.25 / SMA $3.70,False,2.99%,False,+9.8%,False,1310.5M,False,PNK,False,
RAIFF,Raiffeisen Bank International AG,76.75,2026-10-08T01:27:20.132909+00:00,True,+112.8%,True,$25199.9M,True,+241.1%,False,0.0K,True,$76.75 / SMA $72.73,False,0.00%,False,+-1.5%,True,127.2M,False,PNK,False,
RAIFY,Raiffeisen Bank International AG,16.08,2026-10-08T01:27:19.840633+00:00,True,+94.9%,True,$21118.7M,,N/A,False,26.0K,False,$16.08 / SMA $17.98,True,5.30%,False,+-1.5%,False,508.9M,False,PNK,False,
RBA,"RB Global, Inc.",80.4,2026-10-08T01:27:17.966413+00:00,False,+3.0%,True,$14890.1M,True,+34.0%,True,1678.1K,False,$80.40 / SMA $87.37,False,2.38%,False,+11.1%,False,175.2M,True,NYQ,False,
RBGLY,Reckitt Benckiser Group plc,13.6,2026-10-08T01:27:05.978782+00:00,False,+13.1%,True,$43096.6M,,N/A,False,490.1K,False,$13.60 / SMA $13.78,False,1.46%,,N/A,False,3150.7M,False,OQX,False,
RBGPF,Reckitt Benckiser Group plc,64.05,2026-10-08T01:27:05.780752+00:00,False,+9.2%,True,$40593.2M,,N/A,False,1.0K,False,$64.05 / SMA $68.77,False,0.64%,,N/A,False,630.1M,False,OQX,False,
RBSFY,Rubis,7.71,2026-10-08T01:29:27.435630+00:00,False,+17.9%,True,$3984.4M,,N/A,False,0.4K,False,$7.71 / SMA $7.96,False,0.03%,,N/A,False,378.8M,False,PNK,False,
RBTEF,Robertet SA,862.69,2026-10-08T01:32:52.986531+00:00,False,+0.0%,True,$1809.9M,,N/A,False,0.0K,False,$862.69 / SMA $896.72,False,0.00%,,N/A,True,1.3M,False,PNK,False,
RDN,Radian Group Inc.,33.7,2026-10-08T01:29:24.892214+00:00,False,+10.4%,True,$4458.6M,False,+-16.7%,True,1354.9K,False,$33.70 / SMA $35.76,False,2.70%,True,+92.6%,True,130.0M,True,NYQ,False,
REEMF,Rare Element Resources Ltd.,0.93,2026-10-08T01:36:35.525908+00:00,True,+151.4%,True,$600.2M,,N/A,True,997.4K,True,$0.93 / SMA $0.88,True,8.12%,,N/A,False,179.7M,False,OQB,False,
REGCO,Regency Centers Corporation,20.8,2026-10-08T01:27:24.674513+00:00,False,+3.5%,,N/A,,N/A,False,2.9K,False,$20.80 / SMA $21.69,False,1.06%,False,+8.3%,False,164.4M,True,NMS,False,
REPL,"Replimune Group, Inc.",13.2,2026-10-08T01:36:37.020787+00:00,True,+780.0%,True,$1243.7M,False,+24.2%,True,4195.9K,False,$13.20 / SMA $13.47,True,6.09%,,N/A,True,67.7M,True,NMS,False,
RERE,ATRenew Inc.,3.73,2026-10-08T01:33:09.191855+00:00,False,+6.5%,True,$826.2M,True,+81.8%,True,874.1K,False,$3.73 / SMA $4.11,False,2.37%,True,+32.4%,True,131.7M,True,NYQ,False,
REXR,"Rexford Industrial Realty, Inc.",36.16,2026-10-08T01:27:38.382822+00:00,False,+12.5%,True,$8267.4M,False,+-570.8%,True,2736.4K,False,$36.16 / SMA $36.90,False,2.12%,False,+-1.6%,False,220.7M,True,NYQ,False,
RFI,"Cohen & Steers Total Return Realty Fund, Inc.",10.3,2026-10-08T01:36:47.934093+00:00,False,+0.0%,False,$275.6M,,N/A,False,93.3K,False,$10.30 / SMA $11.07,False,1.37%,,N/A,,N/A,True,NYQ,False,
RFMZ,"RiverNorth Flexible Municipal Income Fund II, Inc.",11.41,2026-10-08T01:36:45.464519+00:00,False,+0.4%,False,$277.9M,,N/A,False,69.8K,False,$11.41 / SMA $12.61,False,1.87%,,N/A,,N/A,True,NYQ,False,
RFNDF,Rural Funds Group,1.5,2026-10-08T01:34:55.818012+00:00,False,+25.0%,True,$647.3M,,N/A,False,0.1K,True,$1.50 / SMA $1.46,False,0.00%,,N/A,False,372.8M,False,PNK,False,
RGEN,Repligen Corporation,167.22,2026-10-08T01:29:16.812040+00:00,False,+65.6%,True,$10616.9M,False,+-65.4%,True,1138.9K,False,$167.22 / SMA $172.23,True,4.51%,False,+11.9%,True,53.5M,True,NMS,False,
RHHBY,Roche Holding AG,53.97,2026-10-08T01:26:52.071174+00:00,False,+34.7%,True,$344011.6M,,N/A,True,1907.2K,False,$53.97 / SMA $54.96,False,1.45%,,N/A,False,5789.4M,False,OQX,False,
RICOY,"Ricoh Company, Ltd.",10.94,2026-10-08T01:29:22.678178+00:00,False,+36.7%,True,$6123.0M,,N/A,False,0.1K,True,$10.94 / SMA $10.07,False,0.00%,,N/A,False,423.5M,False,PNK,False,
RIG,Transocean Ltd.,5.39,2026-10-08T01:27:40.046376+00:00,True,+75.6%,True,$6020.0M,True,+103.8%,True,42451.4K,False,$5.39 / SMA $5.58,True,3.93%,False,+-2.2%,False,923.6M,True,NYQ,False,
RILY,"BRC Group Holdings, Inc.",4.99,2026-10-08T01:36:37.425782+00:00,False,+37.1%,False,$167.2M,False,+-90.0%,True,570.8K,False,$4.99 / SMA $6.54,True,5.08%,False,+4.6%,True,28.2M,True,NGM,False,
RIOT,"Riot Platforms, Inc.",18.54,2026-10-08T01:27:34.885612+00:00,False,+61.2%,True,$6957.3M,False,+-217.2%,True,18427.0K,False,$18.54 / SMA $20.79,True,6.08%,False,+13.9%,False,349.1M,True,NCM,False,
RKT,"Rocket Companies, Inc.",11.44,2026-10-08T01:27:06.211454+00:00,False,+4.1%,True,$32394.0M,True,+900.0%,True,30445.4K,False,$11.44 / SMA $13.29,True,4.48%,True,+86.0%,False,1881.3M,True,NYQ,False,
RKUSF,"Rakus Co., Ltd.",6.12,2026-10-08T01:31:20.006992+00:00,False,+28.0%,True,$2167.1M,,N/A,False,0.0K,True,$6.12 / SMA $6.12,False,0.00%,,N/A,False,248.2M,False,PNK,False,
RLMD,"Relmada Therapeutics, Inc.",3.25,2026-10-08T01:34:49.142023+00:00,True,+80.3%,True,$346.7M,True,+63.3%,True,1338.6K,False,$3.25 / SMA $4.42,True,5.35%,,N/A,True,82.6M,True,NCM,False,
RLXXF,RELX PLC,34.3,2026-10-08T01:27:01.880044+00:00,False,+27.3%,True,$59601.0M,,N/A,False,18.5K,False,$34.30 / SMA $34.72,True,5.07%,,N/A,False,1734.6M,False,PNK,False,
RMBS,Rambus Inc.,111.48,2026-10-08T01:27:23.129124+00:00,False,+43.1%,True,$12091.3M,False,+15.1%,True,2446.8K,True,$111.48 / SMA $94.29,True,4.82%,False,+20.4%,True,107.6M,True,NMS,False,
RMGGF,Resolute Mining Limited,0.78,2026-10-08T01:32:56.039872+00:00,False,+52.9%,True,$1667.2M,,N/A,False,2.0K,False,$0.78 / SMA $0.86,False,1.95%,,N/A,False,1728.6M,False,PNK,False,
RMLRF,Ramelius Resources Limited,2.65,2026-10-08T01:29:26.543532+00:00,False,+44.8%,True,$4997.2M,,N/A,False,6.7K,True,$2.65 / SMA $2.65,True,4.84%,,N/A,False,1872.3M,False,PNK,False,
RMR,The RMR Group Inc.,17.63,2026-10-08T01:34:52.373342+00:00,False,+23.5%,True,$301.1M,False,+-28.0%,False,129.2K,False,$17.63 / SMA $19.14,False,2.17%,False,+-0.8%,True,13.3M,True,NCM,False,
RMT,"Royce Micro-Cap Trust, Inc.",13.39,2026-10-08T01:34:50.046154+00:00,False,+40.7%,True,$725.6M,,N/A,False,107.4K,False,$13.39 / SMA $13.68,False,1.61%,,N/A,,N/A,True,NYQ,False,
RNGT,Range Capital Acquisition Corp II,10.19,2026-10-08T01:36:45.875206+00:00,False,+3.0%,True,$319.2M,,N/A,False,10.9K,True,$10.19 / SMA $10.16,False,0.01%,,N/A,True,21.5M,True,NGM,False,
RNLSY,Renault SA,5.95,2026-10-08T01:27:34.745298+00:00,False,+8.4%,True,$8608.9M,,N/A,False,133.0K,False,$5.95 / SMA $6.39,False,1.67%,,N/A,False,880.1M,False,PNK,False,
RNSHF,Renishaw plc,67.06,2026-10-08T01:29:23.289595+00:00,False,+1.1%,True,$4879.1M,,N/A,False,0.0K,False,$67.06 / SMA_short $68.59,False,0.19%,,N/A,True,35.8M,False,PNK,False,
RNW,ReNew Energy Global Plc,6.89,2026-10-08T01:31:17.755306+00:00,False,+57.1%,True,$2511.8M,False,+18.3%,True,2138.6K,True,$6.89 / SMA $6.71,False,0.29%,False,+14.3%,True,66.7M,True,NMS,False,
ROK,"Rockwell Automation, Inc.",441.9,2026-10-08T01:27:03.151434+00:00,False,+32.8%,True,$49172.0M,True,+40.4%,True,744.6K,True,$441.90 / SMA $436.29,False,2.25%,False,+7.9%,True,110.7M,True,NYQ,False,
ROKU,"Roku, Inc.",152.725,2026-10-08T01:27:19.043679+00:00,True,+94.5%,True,$22681.3M,True,+1442.9%,True,2316.5K,False,$152.72 / SMA $153.79,False,1.19%,False,+21.9%,True,131.0M,True,NMS,False,
ROOT,"Root, Inc.",47.74,2026-10-08T01:34:43.784795+00:00,False,+16.7%,True,$739.6M,False,+15.5%,False,230.3K,False,$47.74 / SMA $52.55,True,3.66%,False,+1.6%,True,12.3M,True,NMS,False,
RPGSF,Rockpoint Gas Storage Inc.,17.19,2026-10-08T01:33:05.480563+00:00,False,+5.9%,,N/A,False,+17.2%,False,6.3K,True,$17.19 / SMA_short $16.93,False,0.06%,,N/A,True,52.8M,False,PNK,False,
RPHCF,"Rohto Pharmaceutical Co.,Ltd.",17.1959,2026-10-08T01:31:05.412203+00:00,False,+19.9%,True,$3876.5M,,N/A,False,0.0K,True,$17.20 / SMA $-6.91,,N/A,,N/A,False,200.8M,False,PNK,False,
RR,Richtech Robotics Inc.,1.65,2026-10-08T01:34:53.811826+00:00,False,+26.9%,True,$371.4M,False,+-300.0%,True,5527.1K,False,$1.65 / SMA $1.68,True,5.18%,False,+16.7%,False,183.2M,True,NCM,False,
RREV,RRE Ventures Acquisition Corp.,9.92,2026-10-08T01:36:43.919072+00:00,False,+0.6%,True,$330.7M,,N/A,False,30.2K,True,$9.92 / SMA $9.92,False,0.01%,,N/A,,N/A,True,NGM,False,
RUSHA,"Rush Enterprises, Inc.",45.13,2026-10-08T01:29:22.434462+00:00,False,+48.2%,True,$5268.0M,False,+1.1%,True,671.1K,False,$45.13 / SMA $50.58,False,2.38%,False,+-1.6%,True,102.8M,True,NMS,False,
RVRF,River Financial Corporation,47.0,2026-10-08T01:36:37.908399+00:00,False,+44.6%,True,$367.2M,False,+13.0%,False,0.0K,True,$47.00 / SMA $46.48,False,0.00%,False,+17.0%,True,6.9M,False,PNK,False,
RXRX,"Recursion Pharmaceuticals, Inc.",4.27,2026-10-08T01:32:58.463307+00:00,False,+54.2%,True,$2289.9M,True,+39.0%,True,20281.7K,True,$4.27 / SMA $3.50,True,8.11%,False,+-61.8%,False,518.5M,True,NMS,False,
RYTM,"Rhythm Pharmaceuticals, Inc.",88.45,2026-10-08T01:29:18.653073+00:00,False,+18.7%,True,$6090.0M,False,+2.7%,True,646.3K,False,$88.45 / SMA $104.85,True,3.75%,True,+46.9%,True,56.0M,True,NGM,False,
SA,Seabridge Gold Inc.,26.68,2026-10-08T01:31:07.629826+00:00,False,+23.1%,True,$2878.0M,True,+800.0%,True,622.9K,False,$26.68 / SMA $30.49,True,4.04%,,N/A,True,107.6M,True,NYQ,False,
SAAQU,Space Asset Acquisition Corp.,10.19,2026-10-08T01:36:43.892266+00:00,False,+2.7%,,N/A,,N/A,False,1.3K,False,$10.19 / SMA $10.34,False,0.25%,,N/A,True,18.6M,True,NGM,False,
SANA,"Sana Biotechnology, Inc.",2.72,2026-10-08T01:34:46.082597+00:00,False,+4.2%,True,$814.3M,True,+43.6%,True,3085.9K,False,$2.72 / SMA $3.40,True,6.32%,,N/A,False,190.9M,True,NMS,False,
SAPGF,SAP SE,210.0,2026-10-08T01:26:53.089545+00:00,False,+44.6%,True,$242382.9M,True,+30.6%,False,102.0K,True,$210.00 / SMA $208.51,False,2.52%,False,+9.4%,False,1029.5M,False,PNK,False,
SARTF,Sartorius Aktiengesellschaft,243.86,2026-10-08T01:27:22.890317+00:00,False,+26.7%,True,$16839.1M,True,+35.7%,False,0.0K,True,$243.86 / SMA $220.22,False,0.00%,False,+3.3%,True,27.5M,False,PNK,False,
SATS,SATS,,2026-10-08T01:27:07.385544+00:00,False,N/A,False,N/A,False,N/A,False,N/A,False,N/A,False,N/A,False,N/A,False,N/A,False,Unknown,False,No price data available
SBFFY,SBM Offshore N.V.,38.19,2026-10-08T01:29:15.317760+00:00,False,+62.4%,True,$6308.3M,,N/A,False,0.1K,False,$38.19 / SMA $40.61,False,0.00%,,N/A,True,131.2M,False,PNK,False,
SBGSY,Schneider Electric S.E.,57.01,2026-10-08T01:26:53.664595+00:00,False,+12.6%,True,$160569.0M,,N/A,False,261.4K,False,$57.01 / SMA $67.09,False,1.47%,,N/A,False,2752.5M,False,PNK,False,
SBKFF,State Bank of India,104.26,2026-10-08T01:26:57.057579+00:00,False,+7.3%,True,$96238.4M,False,+9.9%,False,0.2K,False,$104.26 / SMA $106.85,False,0.00%,False,+10.2%,False,407.0M,False,PNK,False,
SBS,Companhia de Saneamento Básico do Estado de São Paulo - SABESP,6.37,2026-10-08T01:27:18.029056+00:00,False,+43.9%,True,$22400.7M,False,+-32.3%,True,8566.1K,True,$6.37 / SMA $5.15,False,2.56%,False,+13.9%,False,2354.6M,True,NYQ,False,
SBSI,"Southside Bancshares, Inc.",30.1,2026-10-08T01:33:10.277153+00:00,False,+14.4%,True,$897.2M,True,+25.0%,False,135.2K,False,$30.10 / SMA $31.73,False,2.09%,False,+7.6%,True,28.2M,True,NYQ,False,
SBUX,Starbucks Corporation,93.58,2026-10-08T01:26:55.662598+00:00,False,+20.0%,True,$106681.2M,True,+85.7%,True,6881.3K,False,$93.58 / SMA $101.80,False,2.06%,False,+-1.4%,False,1137.6M,True,NMS,False,
SCBFY,Standard Chartered PLC,57.31,2026-10-08T01:27:01.038082+00:00,False,+53.6%,True,$62249.6M,,N/A,False,153.6K,False,$57.31 / SMA $60.26,False,1.53%,False,+6.0%,False,17515.2M,False,PNK,False,
SCRPF,Sembcorp Industries Ltd,4.95,2026-10-08T01:27:35.092844+00:00,False,+20.4%,True,$8813.1M,,N/A,False,0.3K,True,$4.95 / SMA $4.62,False,0.00%,,N/A,False,869.7M,False,PNK,False,
SCTBY,Securitas AB (publ),16.405,2026-10-08T01:27:34.408169+00:00,False,+16.8%,True,$9390.9M,False,+12.5%,False,0.3K,True,$16.41 / SMA $15.83,False,0.00%,False,+-1.9%,False,467.6M,False,PNK,False,
SDHI,Siddhi Acquisition Corp.,10.59,2026-10-08T01:36:40.494658+00:00,False,+4.2%,True,$368.9M,True,+4940.9%,False,39.1K,True,$10.59 / SMA $10.52,False,0.06%,,N/A,True,25.9M,True,NGM,False,
SEG,Seaport Entertainment Group Inc.,22.5,2026-10-08T01:36:47.032805+00:00,False,+26.8%,False,$288.2M,True,+29.3%,False,69.8K,False,$22.50 / SMA $25.73,True,3.14%,False,+-13.8%,True,7.4M,True,NYQ,False,
SEI,"Solaris Energy Infrastructure, Inc.",76.46,2026-10-08T01:29:21.477792+00:00,True,+98.6%,True,$7693.9M,False,+-13.3%,True,3038.2K,True,$76.46 / SMA $60.97,True,5.41%,True,+46.9%,True,62.8M,True,NYQ,False,
SENEA,Seneca Foods Corporation,171.61,2026-10-08T01:34:45.426848+00:00,True,+72.3%,True,$1161.9M,True,+33.2%,False,100.4K,False,$171.61 / SMA $184.96,True,3.19%,True,+36.2%,True,4.8M,True,NMS,False,
SENEB,Seneca Foods Corporation,175.58,2026-10-08T01:33:10.313729+00:00,False,+61.6%,True,$1188.8M,True,+33.2%,False,0.2K,False,$175.58 / SMA $186.13,False,0.01%,True,+36.2%,True,4.8M,True,NMS,False,
SEPN,"Septerna, Inc.",36.0,2026-10-08T01:33:03.582431+00:00,True,+105.1%,True,$1680.4M,True,+48.2%,False,392.7K,False,$36.00 / SMA $39.33,True,5.01%,True,+22375.6%,True,26.4M,True,NGM,False,
SESPF,SeSa S.p.A.,104.0,2026-10-08T01:32:58.012800+00:00,False,+16.9%,True,$1574.8M,True,+232.7%,False,0.0K,True,$104.00 / SMA $102.99,False,0.00%,False,+6.9%,True,15.1M,False,PNK,False,
SGGEF,The Sage Group plc,12.88,2026-10-08T01:27:32.711074+00:00,False,+22.1%,True,$11599.1M,,N/A,False,0.8K,False,$12.88 / SMA $13.80,False,0.15%,,N/A,False,853.3M,False,PNK,False,
SGMT,Sagimet Biosciences Inc.,8.88,2026-10-08T01:36:34.923069+00:00,True,+97.3%,True,$629.7M,False,+18.8%,True,1241.5K,False,$8.88 / SMA $9.84,True,6.97%,,N/A,True,56.6M,True,NGM,False,
SGRY,"Surgery Partners, Inc.",13.71,2026-10-08T01:32:55.786588+00:00,False,+20.2%,True,$1794.9M,False,+-500.0%,True,2144.8K,False,$13.71 / SMA $14.42,True,5.32%,False,+2.7%,True,65.8M,True,NMS,False,
SHBBF,Syensqo SA/NV,87.8425,2026-10-08T01:27:39.039456+00:00,True,+82.7%,True,$8957.0M,,N/A,False,0.4K,False,$87.84 / SMA $91.73,False,0.40%,,N/A,True,69.2M,False,PNK,False,
SHCAF,Sharp Corporation,4.325,2026-10-08T01:31:15.554172+00:00,False,+18.6%,True,$2808.3M,,N/A,False,0.0K,True,$4.33 / SMA $3.86,False,0.00%,,N/A,False,238.7M,False,PNK,False,
SHECY,"Shin-Etsu Chemical Co., Ltd.",19.55,2026-10-08T01:26:57.417125+00:00,False,+43.3%,True,$70969.0M,,N/A,True,587.4K,True,$19.55 / SMA $18.93,False,2.72%,,N/A,False,3718.3M,False,PNK,False,
SHMDF,Shimano Inc.,108.15,2026-10-08T01:27:36.703070+00:00,False,+14.9%,True,$9119.9M,,N/A,False,0.1K,False,$108.15 / SMA $118.87,False,0.16%,,N/A,True,73.2M,False,PNK,False,
SHWDY,Resonac Holdings Corporation,104.54,2026-10-08T01:27:17.484574+00:00,True,+197.4%,True,$19832.0M,,N/A,False,0.1K,True,$104.54 / SMA $97.96,False,0.17%,,N/A,False,189.5M,False,PNK,False,
SHWGY,Shandong Weigao Group Medical Polymer Company Limited,1.45,2026-10-08T01:31:19.613484+00:00,False,+0.0%,True,$1627.4M,,N/A,False,0.1K,False,$1.45 / SMA $1.61,False,0.13%,,N/A,False,591.2M,False,PNK,False,
SIELF,"Shanghai Electric Group Co., Ltd.",0.3716,2026-10-08T01:27:22.330674+00:00,False,+6.1%,True,$12505.6M,,N/A,False,0.0K,False,$0.37 / SMA $0.44,False,0.00%,False,+21.7%,False,7823.1M,False,PNK,False,
SIGA,"SIGA Technologies, Inc.",3.26,2026-10-08T01:36:43.370098+00:00,False,+15.2%,False,$234.2M,False,+-65.3%,True,729.0K,True,$3.26 / SMA $3.15,True,4.95%,False,+-49.5%,True,41.1M,True,NGM,False,
SIGCY,SIG Group AG,15.54,2026-10-08T01:29:20.077776+00:00,False,+55.6%,True,$6005.1M,,N/A,False,0.9K,False,$15.54 / SMA $16.97,False,0.77%,,N/A,False,315.1M,False,PNK,False,
SIGIP,"Selective Insurance Group, Inc.",15.14,2026-10-08T01:29:21.870862+00:00,False,+2.6%,,N/A,,N/A,False,7.2K,False,$15.14 / SMA $15.38,False,1.64%,False,+4.5%,True,55.7M,True,NMS,False,
SITM,SiTime Corporation,665.16,2026-10-08T01:27:18.524226+00:00,True,+173.0%,True,$19925.2M,True,+178.6%,False,440.0K,True,$665.16 / SMA $619.80,True,5.50%,True,+126.5%,True,23.1M,True,NGM,False,
SIVEF,Sivers Semiconductors AB (publ),3.5,2026-10-08T01:31:17.291134+00:00,True,+264.6%,True,$1115.9M,False,+-100.0%,True,2295.0K,True,$3.50 / SMA $3.40,True,6.99%,False,+-12.2%,False,231.7M,False,PNK,False,
SJM,The J. M. Smucker Company,115.93,2026-10-08T01:27:30.937811+00:00,False,+31.4%,True,$12384.0M,True,+839.0%,True,1343.5K,False,$115.93 / SMA $122.10,False,2.12%,False,+5.0%,True,104.5M,True,NYQ,False,
SJMHY,SJM Holdings Limited,0.74,2026-10-08T01:32:56.667407+00:00,False,+7.2%,True,$1313.8M,,N/A,False,0.0K,False,$0.74 / SMA $0.74,False,0.00%,,N/A,False,607.3M,False,PNK,False,
SKLTY,SEEK Limited,16.8,2026-10-08T01:31:07.504417+00:00,False,+8.9%,True,$3006.9M,,N/A,False,5.4K,False,$16.80 / SMA $19.02,False,1.64%,,N/A,False,171.4M,False,PNK,False,
SKYW,"SkyWest, Inc.",96.64,2026-10-08T01:31:06.534021+00:00,False,+24.1%,True,$3752.4M,False,+-12.7%,False,364.4K,False,$96.64 / SMA $101.62,False,2.75%,False,+6.5%,True,38.1M,True,NMS,False,
SLAB,Silicon Laboratories Inc.,221.945,2026-10-08T01:27:41.330422+00:00,True,+92.1%,True,$7405.6M,True,+52.2%,False,285.3K,True,$221.94 / SMA $219.62,False,0.48%,False,+18.3%,True,32.8M,True,NMS,False,
SLDB,Solid Biosciences Inc.,6.85,2026-10-08T01:34:52.193506+00:00,True,+80.7%,True,$734.5M,False,+9.5%,True,1100.5K,False,$6.85 / SMA $8.69,True,5.83%,,N/A,True,64.8M,True,NMS,False,
SLDP,"Solid Power, Inc.",2.4,2026-10-08T01:34:50.746644+00:00,False,+21.2%,True,$547.6M,False,+21.4%,True,3205.3K,True,$2.40 / SMA $2.35,True,4.61%,False,+-115.7%,False,208.0M,True,NMS,False,
SLI,Standard Lithium Ltd.,1.65,2026-10-08T01:34:43.967847+00:00,False,+0.0%,True,$407.2M,True,+66.7%,True,1786.2K,False,$1.65 / SMA $2.22,True,5.65%,,N/A,False,239.2M,True,ASE,False,
SLS,"SELLAS Life Sciences Group, Inc.",11.31,2026-10-08T01:33:00.685592+00:00,True,+713.7%,True,$2284.0M,True,+28.6%,True,6751.4K,False,$11.31 / SMA $12.37,True,7.15%,,N/A,False,201.1M,True,NCM,False,
SLSR,Solaris Resources Inc.,6.83,2026-10-08T01:32:57.905013+00:00,False,+31.6%,True,$1141.1M,True,+33.3%,False,166.3K,False,$6.83 / SMA $7.83,True,4.27%,,N/A,True,79.7M,True,ASE,False,
SMG,The Scotts Miracle-Gro Company,49.4,2026-10-08T01:31:06.011059+00:00,False,+3.1%,True,$2876.1M,False,+-25.2%,True,1022.6K,False,$49.40 / SMA $57.93,True,3.16%,False,+1.1%,True,44.6M,True,NYQ,False,
SMGKF,Smiths Group plc,37.63,2026-10-08T01:27:33.306611+00:00,False,+32.7%,True,$10490.5M,,N/A,False,0.1K,True,$37.63 / SMA $36.03,False,0.00%,,N/A,False,290.9M,False,OID,False,
SMNNY,Shimano Inc.,11.02,2026-10-08T01:27:35.441517+00:00,False,+17.7%,True,$9292.8M,,N/A,False,58.3K,False,$11.02 / SMA $12.03,True,3.32%,,N/A,False,731.8M,False,PNK,False,
SMOPF,Smartoptics Group ASA,5.2,2026-10-08T01:34:54.755528+00:00,True,+181.1%,True,$509.8M,True,+600.0%,False,4.7K,True,$5.20 / SMA $5.02,False,1.77%,True,+54.6%,True,47.9M,False,PNK,False,
SMPNY,"Sompo Holdings, Inc.",20.59,2026-10-08T01:27:08.735122+00:00,False,+42.9%,True,$36457.5M,,N/A,False,112.8K,False,$20.59 / SMA $21.62,True,3.33%,,N/A,False,1633.2M,False,PNK,False,
SMSMY,Sims Limited,16.0,2026-10-08T01:31:08.033600+00:00,True,+82.9%,True,$3143.0M,,N/A,False,1.8K,False,$16.00 / SMA $17.45,False,2.21%,,N/A,False,158.1M,False,PNK,False,
SMSOF,Samsonite Group S.A.,1.65,2026-10-08T01:31:13.806372+00:00,False,+10.0%,True,$2250.3M,,N/A,False,2.6K,True,$1.65 / SMA $1.65,False,0.00%,,N/A,False,1232.0M,False,PNK,False,
SMTEF,Smart Eye AB (publ),5.16,2026-10-08T01:36:39.957784+00:00,False,+0.0%,False,$202.3M,True,+31.0%,False,0.2K,False,$5.16 / SMA $7.25,False,0.00%,True,+52.9%,True,34.0M,False,PNK,False,
SMWB,Similarweb Ltd.,8.13,2026-10-08T01:36:40.631027+00:00,True,+266.2%,True,$717.5M,True,+71.4%,True,820.4K,False,$8.13 / SMA $8.21,True,5.13%,False,+8.8%,True,42.7M,True,NYQ,False,
SN,"SharkNinja, Inc.",185.19,2026-10-08T01:27:22.522578+00:00,True,+122.8%,True,$26208.2M,False,+-6.1%,True,1765.4K,True,$185.19 / SMA $177.03,True,3.79%,False,+22.2%,True,86.3M,True,NYQ,False,
SNCAF,AtkinsRéalis Group Inc.,59.65,2026-10-08T01:27:33.436653+00:00,False,+5.2%,True,$9546.0M,False,+-95.6%,False,50.9K,False,$59.65 / SMA $62.12,False,2.04%,False,+10.0%,False,159.5M,False,PNK,False,
SNEX,StoneX Group Inc.,61.46,2026-10-08T01:27:36.115649+00:00,False,+68.6%,True,$7413.1M,False,+23.0%,True,972.6K,False,$61.46 / SMA $68.52,True,3.65%,False,+15.4%,True,109.1M,True,NMS,False,
SNHIY,"Sany Heavy Industry Co.,Ltd",9.4425,2026-10-08T01:27:14.442747+00:00,False,+5.2%,True,$86823.8M,,N/A,False,0.0K,False,$9.44 / SMA $9.65,False,0.00%,True,+38.6%,False,1554.9M,False,PNK,False,
SNLGF,San Lorenzo Gold Corp.,4.53,2026-10-08T01:36:44.647927+00:00,True,+917.3%,True,$491.9M,,N/A,False,37.2K,True,$4.53 / SMA $4.45,True,5.72%,,N/A,True,93.7M,False,PNK,False,
SNMCY,Suncorp Group Limited,13.0,2026-10-08T01:27:26.289263+00:00,False,+37.9%,True,$13780.7M,,N/A,False,67.1K,False,$13.00 / SMA $13.49,True,3.35%,,N/A,False,1053.8M,False,PNK,False,
SNMRF,Snam S.p.A.,6.216,2026-10-08T01:27:12.642386+00:00,False,+4.6%,True,$20863.5M,,N/A,False,0.9K,False,$6.22 / SMA $6.47,False,0.00%,False,+8.7%,False,2054.4M,False,PNK,False,
SNMRY,Snam S.p.A.,12.4,2026-10-08T01:27:13.451734+00:00,False,+5.4%,True,$20809.8M,,N/A,False,76.8K,False,$12.40 / SMA $13.06,False,1.05%,False,+8.7%,False,1027.2M,False,PNK,False,
SNNUF,Smith & Nephew plc,12.83,2026-10-08T01:27:27.518086+00:00,False,+0.0%,True,$10739.1M,,N/A,False,0.5K,False,$12.83 / SMA $14.83,False,0.04%,,N/A,False,842.2M,False,PNK,False,
SNPMF,China Petroleum & Chemical Corporation,0.56,2026-10-08T01:26:57.174603+00:00,False,+16.7%,True,$67582.0M,,N/A,False,16.3K,False,$0.56 / SMA $0.57,False,0.96%,,N/A,False,34088.6M,False,PNK,False,
SNROF,"Sanrio Company, Ltd.",7.2,2026-10-08T01:29:16.335090+00:00,False,+42.9%,True,$8729.5M,,N/A,False,0.6K,False,$7.20 / SMA $7.78,False,0.54%,,N/A,False,980.0M,False,PNK,False,
SOCNF,Socionext Inc.,14.0,2026-10-08T01:31:08.479401+00:00,False,+27.3%,True,$2454.0M,,N/A,False,0.3K,True,$14.00 / SMA $-7.52,,N/A,,N/A,False,175.1M,False,PNK,False,
SOHU,Sohu.com Limited,12.66,2026-10-08T01:36:41.179177+00:00,False,+9.0%,True,$380.6M,True,+105.8%,False,64.1K,False,$12.66 / SMA $13.67,True,3.30%,False,+7.3%,True,14.2M,True,NMS,False,
SOLS,"Solstice Advanced Materials, Inc.",60.36,2026-10-08T01:27:26.753188+00:00,False,+49.3%,True,$9588.0M,False,+22.7%,True,3029.1K,True,$60.36 / SMA $59.47,True,3.35%,False,+11.1%,False,158.7M,True,NMS,False,
SOLV,Solventum Corporation,85.88,2026-10-08T01:27:26.332522+00:00,False,+37.7%,True,$14618.8M,False,+3.9%,True,1021.1K,False,$85.88 / SMA $88.50,False,2.10%,False,+2.2%,True,144.1M,True,NYQ,False,
SOMMY,"Sumitomo Chemical Company, Limited",19.05,2026-10-08T01:29:18.500801+00:00,False,+37.7%,True,$6293.6M,,N/A,False,0.6K,True,$19.05 / SMA $17.46,False,1.09%,,N/A,False,323.6M,False,PNK,False,
SONVY,Sonova Holding AG,60.5,2026-10-08T01:27:23.506494+00:00,False,+43.2%,True,$17969.9M,,N/A,False,14.2K,True,$60.50 / SMA $58.24,False,0.95%,,N/A,False,296.1M,False,PNK,False,
SORNU,Soren Acquisition Corp.,10.2,2026-10-08T01:36:42.098823+00:00,False,+2.8%,,N/A,,N/A,False,0.3K,False,$10.20 / SMA $10.22,False,0.07%,,N/A,True,20.7M,True,NGM,False,
SOTDF,Ströer SE & Co. KGaA,41.8429,2026-10-08T01:31:16.044103+00:00,False,+3.3%,True,$2334.0M,False,+-5.9%,False,0.0K,True,$41.84 / SMA $41.31,False,0.00%,False,+7.3%,True,31.1M,False,PNK,False,
SPGI,S&P Global Inc.,395.18,2026-10-08T01:26:55.346538+00:00,False,+9.5%,True,$116499.1M,False,+17.7%,True,1922.3K,False,$395.18 / SMA $415.01,False,2.02%,False,+10.4%,False,294.1M,True,NYQ,False,
SPHXF,"SM Prime Holdings, Inc.",0.2672,2026-10-08T01:27:36.305468+00:00,False,+0.0%,True,$7601.1M,False,+0.9%,False,0.1K,False,$0.27 / SMA $0.27,False,0.00%,False,+8.8%,False,9681.0M,False,PNK,False,
SPOT,Spotify Technology S.A.,512.92,2026-10-08T01:26:56.174647+00:00,False,+26.6%,True,$105448.3M,True,+721.4%,True,1663.0K,False,$512.92 / SMA $516.47,True,3.23%,False,+13.9%,False,157.1M,True,NYQ,False,
SPXSY,Spirax Group plc,47.95,2026-10-08T01:29:14.319784+00:00,False,+12.7%,True,$7077.0M,,N/A,False,10.5K,False,$47.95 / SMA $48.33,False,1.63%,,N/A,True,146.0M,False,PNK,False,
SQNNY,"Square Enix Holdings Co., Ltd.",9.11,2026-10-08T01:29:17.788742+00:00,False,+35.0%,True,$6571.5M,,N/A,False,0.5K,False,$9.11 / SMA $9.31,False,0.80%,,N/A,False,331.4M,False,PNK,False,
SR,Spire Inc.,77.82,2026-10-08T01:29:23.443762+00:00,False,+4.0%,True,$4600.2M,True,+1131.0%,False,482.9K,False,$77.82 / SMA $80.17,False,2.01%,False,+19.2%,True,57.7M,True,NYQ,False,
SRAD,Sportradar Group AG,12.06,2026-10-08T01:29:29.498443+00:00,False,+5.9%,True,$3569.2M,False,+-106.7%,True,2376.0K,False,$12.06 / SMA $12.90,True,5.06%,False,+18.9%,False,182.7M,True,NMS,False,
SRBIF,Serabi Gold plc,3.055,2026-10-08T01:36:43.611683+00:00,False,+7.2%,False,$233.1M,False,+-10.4%,False,2.8K,False,$3.06 / SMA $3.87,False,1.40%,True,+41.7%,True,55.9M,False,OQX,False,
SRPT,"Sarepta Therapeutics, Inc.",17.5,2026-10-08T01:32:55.672317+00:00,False,+19.2%,True,$1848.5M,False,+-102.6%,True,2991.0K,False,$17.50 / SMA $18.99,True,5.45%,False,+-34.3%,True,100.5M,True,NMS,False,
SSII,"SS Innovations International, Inc.",2.74,2026-10-08T01:34:47.987662+00:00,False,+4.6%,True,$548.0M,,N/A,False,64.7K,False,$2.74 / SMA $3.40,True,6.32%,True,+39.4%,True,40.6M,True,NCM,False,
SSSAF,Shurgard Self Storage Ltd,24.5,2026-10-08T01:31:11.257770+00:00,False,+4.2%,True,$2473.8M,,N/A,False,1.6K,False,$24.50 / SMA $26.79,False,1.65%,,N/A,True,33.0M,False,PNK,False,
SSUMY,Sumitomo Corporation,10.83,2026-10-08T01:27:02.409355+00:00,False,+51.7%,True,$51192.6M,,N/A,False,247.4K,False,$10.83 / SMA $11.20,True,4.02%,,N/A,False,4736.5M,False,PNK,False,
STAA,STAAR Surgical Company,22.36,2026-10-08T01:32:57.753546+00:00,False,+43.4%,True,$1121.2M,True,+147.1%,True,1009.9K,False,$22.36 / SMA $23.01,True,4.38%,True,+111.0%,True,26.1M,True,NGM,False,
STAG,"STAG Industrial, Inc.",35.28,2026-10-08T01:27:41.117829+00:00,False,+0.1%,True,$6943.4M,False,+3.7%,True,1673.4K,False,$35.28 / SMA $36.75,False,1.60%,False,+8.1%,False,191.9M,True,NYQ,False,
STBGY,Scandinavian Tobacco Group A/S,5.6,2026-10-08T01:34:45.951329+00:00,False,+15.5%,True,$882.1M,False,+-3.4%,False,0.4K,False,$5.60 / SMA $5.61,False,0.00%,False,+-1.2%,True,117.6M,False,PNK,False,
STBMF,St Barbara Limited,0.572,2026-10-08T01:36:33.116357+00:00,True,+92.6%,True,$701.3M,,N/A,False,2.7K,True,$0.57 / SMA $0.51,False,0.66%,,N/A,False,1151.4M,False,PNK,False,
STC,Stewart Information Services Corporation,50.4,2026-10-08T01:31:18.974306+00:00,False,+3.4%,True,$1538.3M,False,+7.1%,False,254.5K,False,$50.40 / SMA $64.62,True,3.45%,False,+24.5%,True,29.9M,True,NYQ,False,
STCGF,Stack Capital Group Inc.,12.5,2026-10-08T01:36:39.370374+00:00,False,+44.7%,False,$196.0M,True,+62.6%,False,9.3K,False,$12.50 / SMA $12.59,False,1.38%,True,+4208.5%,True,14.3M,False,PNK,False,
STEL,STEL,,2026-10-08T01:31:21.005476+00:00,False,N/A,False,N/A,False,N/A,False,N/A,False,N/A,False,N/A,False,N/A,False,N/A,False,Unknown,False,No price data available
STJPF,St. James's Place plc,14.0,2026-10-08T01:27:37.490352+00:00,False,+0.0%,True,$6896.4M,,N/A,False,0.0K,False,$14.00 / SMA $14.12,False,0.00%,,N/A,False,475.5M,False,PNK,False,
STK,Columbia Seligman Premium Technology Growth Fund,55.57,2026-10-08T01:33:10.703899+00:00,True,+71.0%,True,$983.3M,,N/A,False,56.7K,True,$55.57 / SMA $52.16,False,2.19%,,N/A,,N/A,True,NYQ,False,
STLD,"Steel Dynamics, Inc.",234.09,2026-10-08T01:27:08.080085+00:00,False,+66.2%,True,$33551.7M,True,+83.6%,True,1115.8K,False,$234.09 / SMA $241.64,True,3.06%,True,+33.4%,True,133.5M,True,NMS,False,
STMNF,"Sumitomo Metal Mining Co., Ltd.",71.6,2026-10-08T01:27:21.306679+00:00,True,+211.3%,True,$19223.7M,,N/A,False,0.0K,True,$71.60 / SMA $62.23,False,0.00%,,N/A,False,253.6M,False,PNK,False,
STOSF,Santos Limited,5.89,2026-10-08T01:27:18.467897+00:00,False,+61.4%,True,$19129.4M,,N/A,False,6.4K,True,$5.89 / SMA $5.77,False,1.18%,,N/A,False,3196.5M,False,PNK,False,
STRK,Strategy Inc,75.29,2026-10-08T01:27:01.361574+00:00,False,+51.2%,,N/A,,N/A,False,92.3K,True,$75.29 / SMA $70.18,True,3.06%,False,+6.9%,False,363.6M,True,NMS,False,
STRL,"Sterling Infrastructure, Inc.",534.13,2026-10-08T01:27:15.521920+00:00,True,+89.7%,True,$16338.2M,True,+116.5%,True,652.8K,True,$534.13 / SMA $516.77,True,4.75%,True,+90.1%,True,29.9M,True,NMS,True,
STX,Seagate Technology Holdings plc,807.57,2026-10-08T01:26:53.601397+00:00,True,+286.4%,True,$183635.8M,True,+149.1%,True,4633.6K,False,$807.57 / SMA $856.84,True,5.37%,True,+48.5%,False,225.9M,True,NMS,False,
SUCEF,"Sumitomo Osaka Cement Co., Ltd.",32.44,2026-10-08T01:33:10.523550+00:00,False,+28.9%,True,$3084.2M,,N/A,False,0.0K,True,$32.44 / SMA $31.02,False,0.00%,,N/A,True,95.0M,False,PNK,False,
SUN,Sunoco LP,71.99,2026-10-08T01:27:24.581222+00:00,False,+48.1%,True,$13563.9M,True,+184.8%,True,539.0K,False,$71.99 / SMA $75.22,True,3.10%,True,+164.5%,True,107.7M,True,ASE,False,
SVAQU,Silicon Valley Acquisition Corp.,10.48,2026-10-08T01:36:47.826599+00:00,False,+5.5%,,N/A,,N/A,False,0.3K,True,$10.48 / SMA $10.44,False,0.00%,,N/A,True,21.7M,True,NGM,False,
SVC,Service Properties Trust,6.38,2026-10-08T01:33:07.061243+00:00,False,+12.9%,True,$826.3M,False,+-3704.3%,True,1627.2K,False,$6.38 / SMA $7.40,True,3.52%,False,+-16.4%,True,107.9M,True,NMS,False,
SVCBF,Svenska Cellulosa Aktiebolaget SCA (publ),12.29,2026-10-08T01:27:40.781404+00:00,False,+23.3%,True,$8631.8M,False,+-52.3%,False,1.2K,True,$12.29 / SMA $11.66,False,0.00%,False,+-4.2%,False,651.3M,False,PNK,False,
SVCTF,Senvest Capital Inc.,309.0,2026-10-08T01:34:51.636691+00:00,False,+28.8%,True,$746.8M,True,+84.9%,False,0.0K,False,$309.00 / SMA $309.80,False,0.00%,True,+86.1%,True,0.9M,False,PNK,False,
SVM,Silvercorp Metals Inc.,10.04,2026-10-08T01:31:13.597333+00:00,False,+68.7%,True,$2220.9M,True,+200.0%,True,2322.9K,False,$10.04 / SMA $11.64,True,3.81%,True,+70.5%,False,189.7M,True,ASE,False,
SVNLY,Svenska Handelsbanken AB (publ),7.48,2026-10-08T01:27:10.755815+00:00,False,+21.8%,True,$29646.1M,False,+-6.1%,False,154.2K,False,$7.48 / SMA $7.69,False,1.08%,False,+-2.4%,False,3243.1M,False,PNK,False,
SWDBY,Swedbank AB (publ),40.03,2026-10-08T01:27:05.381261+00:00,False,+34.3%,True,$44982.3M,False,+-12.3%,False,26.6K,False,$40.03 / SMA $40.21,False,0.97%,False,+4.6%,False,854.9M,False,PNK,False,
SWGAF,The Swatch Group AG,208.9,2026-10-08T01:27:26.767911+00:00,False,+10.5%,True,$10862.0M,,N/A,False,0.0K,False,$208.90 / SMA $215.23,False,0.37%,,N/A,True,36.9M,False,PNK,False,
SWK,"Stanley Black & Decker, Inc.",88.31,2026-10-08T01:27:29.344119+00:00,False,+42.7%,True,$13336.3M,True,+247.8%,True,1753.1K,False,$88.31 / SMA $94.77,False,2.65%,False,+0.4%,False,150.5M,True,NYQ,False,
SWZCF,Swisscom AG,745.82,2026-10-08T01:27:04.484709+00:00,False,+9.7%,True,$40088.2M,,N/A,False,0.1K,False,$745.82 / SMA $783.18,False,0.18%,False,+-2.0%,True,25.4M,False,OID,False,
SXGCF,Southern Cross Gold Consolidated Ltd.,7.47,2026-10-08T01:32:55.699739+00:00,True,+71.3%,True,$2014.3M,,N/A,False,66.3K,False,$7.47 / SMA $8.41,True,4.98%,,N/A,False,220.8M,False,OQX,False,
SXT,Sensient Technologies Corporation,132.0,2026-10-08T01:29:24.693830+00:00,False,+59.8%,True,$5618.3M,True,+36.4%,False,426.6K,True,$132.00 / SMA $130.77,False,2.13%,False,+11.6%,True,41.9M,True,NYQ,False,
TAK,Takeda Pharmaceutical Company Limited,18.37,2026-10-08T01:27:02.924969+00:00,False,+41.4%,True,$58684.3M,False,+-9.8%,True,3014.7K,True,$18.37 / SMA $18.06,False,1.11%,False,+10.2%,False,3156.8M,True,NYQ,False,
TAL,TAL Education Group,12.76,2026-10-08T01:29:18.986122+00:00,False,+43.7%,True,$7078.0M,True,+1360.0%,True,4592.1K,True,$12.76 / SMA $11.92,False,2.69%,True,+31.9%,False,361.0M,True,NYQ,False,
TCEHY,Tencent Holdings Limited,53.5,2026-10-08T01:26:51.438544+00:00,False,+1.2%,True,$481833.6M,False,+1.8%,True,3484.8K,False,$53.50 / SMA $56.81,False,1.47%,False,+11.0%,False,6211.1M,False,PNK,False,
TCKRF,Teck Resources Limited,64.41,2026-10-08T01:27:09.279911+00:00,True,+79.1%,True,$31599.5M,True,+324.4%,False,0.1K,False,$64.41 / SMA $66.78,False,0.03%,True,+78.2%,False,469.3M,False,PNK,False,
TE,T1 Energy Inc.,3.73,2026-10-08T01:31:16.697618+00:00,False,+48.0%,True,$1098.6M,False,+23.8%,True,29157.2K,False,$3.73 / SMA $4.50,True,6.03%,True,+88.4%,False,193.5M,True,NYQ,False,
TECK,Teck Resources Limited,65.39,2026-10-08T01:27:10.091890+00:00,True,+72.1%,True,$32080.3M,True,+324.4%,True,3163.3K,False,$65.39 / SMA $66.33,False,2.74%,True,+78.2%,False,469.3M,True,NYQ,False,
TEFOF,"Telefónica, S.A.",3.8,2026-10-08T01:27:13.605005+00:00,False,+3.8%,True,$21387.4M,True,+62.5%,False,5.4K,False,$3.80 / SMA $4.07,False,0.97%,,N/A,False,3925.3M,False,PNK,False,
TELDY,Telefónica Deutschland Holding AG,11.75,2026-10-08T01:27:41.619600+00:00,False,+1.7%,True,$6990.2M,,N/A,False,0.0K,True,$11.75 / SMA $11.75,False,0.00%,,N/A,True,18.7M,False,PNK,False,
TGTX,"TG Therapeutics, Inc.",52.95,2026-10-08T01:29:18.755504+00:00,True,+97.9%,True,$8105.8M,False,+-70.6%,True,2016.8K,False,$52.95 / SMA $53.57,True,4.12%,True,+70.3%,True,135.2M,True,NCM,False,
THC,Tenet Healthcare Corporation,259.83,2026-10-08T01:27:24.056059+00:00,False,+64.9%,True,$20921.2M,True,+213.4%,True,974.8K,False,$259.83 / SMA $262.56,False,2.94%,False,+14.6%,True,79.7M,True,NYQ,False,
THG,"The Hanover Insurance Group, Inc.",217.61,2026-10-08T01:29:15.843518+00:00,False,+30.7%,True,$7577.2M,False,+22.9%,False,311.0K,False,$217.61 / SMA $224.33,False,1.96%,False,+4.3%,True,34.5M,True,NYQ,False,
THNPF,Technip Energies N.V.,31.41,2026-10-08T01:27:41.225492+00:00,False,+0.0%,True,$5408.1M,,N/A,False,0.0K,False,$31.41 / SMA $34.54,False,0.12%,,N/A,True,121.4M,False,PNK,False,
THRM,Gentherm Incorporated,30.38,2026-10-08T01:33:09.547035+00:00,False,+12.5%,True,$1654.9M,True,+600.0%,True,767.0K,False,$30.38 / SMA $36.52,True,4.70%,False,+11.0%,True,30.1M,True,NMS,False,
TISCY,Taisei Corporation,20.49,2026-10-08T01:27:25.647624+00:00,False,+21.5%,,N/A,,N/A,False,1.1K,True,$20.49 / SMA $19.59,False,2.44%,,N/A,False,602.1M,False,PNK,False,
TITN,Titan Machinery Inc.,24.04,2026-10-08T01:36:34.880117+00:00,True,+82.0%,True,$565.7M,False,+-53.8%,False,225.9K,True,$24.04 / SMA $21.35,True,4.42%,False,+-9.2%,True,20.4M,True,NMS,False,
TKAMY,thyssenkrupp AG,14.93,2026-10-08T01:27:39.655239+00:00,True,+83.0%,True,$9395.3M,True,+100.0%,False,23.2K,False,$14.93 / SMA $16.04,False,1.90%,False,+7.8%,False,608.2M,False,PNK,False,
TKC,Turkcell Iletisim Hizmetleri A.S.,5.12,2026-10-08T01:29:24.058431+00:00,False,+6.2%,True,$4457.4M,True,+30.3%,True,2303.7K,False,$5.12 / SMA $5.28,False,1.69%,False,+14.4%,False,351.7M,True,NYQ,False,
TKECY,"Tokyo Electric Power Company Holdings, Incorporated",3.3,2026-10-08T01:29:21.179564+00:00,False,+19.6%,True,$5288.9M,,N/A,False,1.2K,False,$3.30 / SMA $3.35,False,0.18%,,N/A,False,1510.6M,False,PNK,False,
TKMCY,TKMS AG & Co KGaA,8.44,2026-10-08T01:29:19.481026+00:00,False,+1.6%,,N/A,,N/A,False,0.7K,False,$8.44 / SMA_short $10.05,False,2.12%,,N/A,True,31.4M,False,PNK,False,
TKMTY,"Tokyo Metro Co., Ltd.",8.87,2026-10-08T01:29:21.482882+00:00,False,+6.2%,True,$5149.9M,,N/A,False,0.1K,True,$8.87 / SMA $8.87,False,0.00%,,N/A,False,271.8M,False,PNK,False,
TLN,Talen Energy Corporation,378.32,2026-10-08T01:27:20.704847+00:00,False,+35.2%,True,$17894.5M,False,+-233.3%,True,840.8K,True,$378.32 / SMA $318.85,True,4.37%,True,+111.2%,True,38.1M,True,NMS,False,
TLPFY,Teleperformance SE,39.61,2026-10-08T01:29:23.762329+00:00,False,+54.1%,True,$4730.6M,,N/A,False,6.7K,False,$39.61 / SMA $40.10,False,1.60%,,N/A,True,80.7M,False,PNK,False,
TMICY,Trend Micro Incorporated,43.86,2026-10-08T01:29:23.456172+00:00,False,+41.1%,True,$5692.7M,,N/A,False,9.8K,True,$43.86 / SMA $39.61,False,1.58%,,N/A,True,122.8M,False,PNK,False,
TMNSF,Temenos AG,85.63,2026-10-08T01:29:17.409779+00:00,False,+13.7%,True,$5764.8M,True,+150.0%,False,0.0K,True,$85.63 / SMA $80.45,False,0.16%,False,+21.2%,True,50.0M,False,PNK,False,
TMTNY,Toromont Industries Ltd.,32.28,2026-10-08T01:27:26.850624+00:00,False,+34.5%,True,$13164.2M,False,+-0.7%,False,46.3K,True,$32.28 / SMA $30.40,True,3.23%,False,+16.1%,False,407.2M,False,PNK,False,
TMVWY,TeamViewer SE,3.84,2026-10-08T01:33:08.733315+00:00,False,+60.0%,True,$1207.5M,,N/A,False,0.4K,True,$3.84 / SMA $3.69,False,0.15%,,N/A,False,297.2M,False,PNK,False,
TNABF,Tenaga Nasional Berhad,3.025,2026-10-08T01:27:16.185035+00:00,False,+5.2%,True,$18755.1M,False,+-23.4%,False,6.9K,False,$3.02 / SMA $3.08,False,1.33%,False,+8.3%,False,3391.2M,False,PNK,False,
TNABY,Tenaga Nasional Berhad,13.55,2026-10-08T01:27:16.755699+00:00,False,+15.8%,True,$19746.2M,False,+-23.4%,False,0.2K,False,$13.55 / SMA $13.76,False,0.98%,False,+8.3%,False,847.8M,False,PNK,False,
TNC,Tennant Company,65.87,2026-10-08T01:33:00.915247+00:00,False,+9.5%,True,$1123.0M,False,+-59.3%,False,199.3K,False,$65.87 / SMA $70.67,True,3.03%,False,+1.7%,True,16.6M,True,NYQ,False,
TNGZF,Tivan Limited,0.1201,2026-10-08T01:36:34.993651+00:00,False,+59.1%,False,$281.9M,,N/A,False,8.6K,False,$0.12 / SMA $0.17,False,0.31%,,N/A,False,1728.8M,False,PNK,False,
TNISY,"Técnicas Reunidas, S.A.",6.14,2026-10-08T01:31:11.762614+00:00,False,+0.9%,True,$2383.8M,,N/A,False,0.0K,False,$6.14 / SMA $6.44,False,0.00%,False,+3.0%,False,227.2M,False,PNK,False,
TNK,Teekay Tankers Ltd.,102.12,2026-10-08T01:31:12.964547+00:00,True,+116.4%,True,$3541.5M,True,+259.4%,False,436.6K,True,$102.12 / SMA $90.49,True,3.87%,True,+63.0%,True,23.9M,True,NYQ,False,
TOELF,Tokyo Electron Limited,82.7,2026-10-08T01:26:54.425201+00:00,True,+129.2%,True,$187851.7M,,N/A,False,30.5K,True,$82.70 / SMA $69.08,True,6.89%,,N/A,False,2196.5M,False,PNK,False,
TOITF,Topicus.com Inc.,62.06,2026-10-08T01:29:19.474291+00:00,False,+4.7%,True,$13230.0M,False,+16.1%,False,29.5K,False,$62.06 / SMA $69.25,False,2.76%,False,+17.5%,True,41.9M,False,PNK,False,
TOL,"Toll Brothers, Inc.",133.86,2026-10-08T01:27:27.474911+00:00,False,+8.7%,True,$12334.8M,False,+-20.4%,True,973.3K,False,$133.86 / SMA $142.40,False,2.60%,False,+-9.7%,True,91.4M,True,NYQ,False,
TOPPY,TOPPAN Holdings Inc.,8.01,2026-10-08T01:27:40.209644+00:00,True,+95.4%,True,$9014.5M,,N/A,False,3.8K,True,$8.01 / SMA $7.74,True,10.85%,,N/A,False,1017.8M,False,PNK,False,
TORXF,Torex Gold Resources Inc.,50.16,2026-10-08T01:29:29.868761+00:00,False,+55.3%,True,$4644.5M,True,+166.7%,False,42.0K,True,$50.16 / SMA $47.60,False,2.59%,True,+139.4%,True,92.3M,False,OQX,False,
TOST,"Toast, Inc.",30.55,2026-10-08T01:27:26.185043+00:00,False,+37.2%,True,$17657.9M,True,+100.0%,True,9259.2K,False,$30.55 / SMA $32.96,True,3.38%,False,+23.1%,False,485.0M,True,NYQ,False,
TPC,Tutor Perini Corporation,85.91,2026-10-08T01:29:30.914377+00:00,False,+48.4%,True,$4520.1M,True,+223.7%,True,655.1K,False,$85.91 / SMA $88.17,False,2.98%,False,+19.2%,True,47.3M,True,NYQ,False,
TR,"Tootsie Roll Industries, Inc.",36.91,2026-10-08T01:31:10.122213+00:00,False,+10.4%,True,$2774.3M,False,+-22.8%,False,162.5K,False,$36.91 / SMA $39.25,False,1.86%,False,+-0.6%,True,21.0M,True,NYQ,False,
TRAUF,Transurban Group,9.41,2026-10-08T01:27:08.141486+00:00,False,+6.9%,True,$29364.4M,,N/A,False,1.1K,False,$9.41 / SMA $9.97,False,1.03%,,N/A,False,3119.4M,False,PNK,False,
TRPRF,TRPRF,,2026-10-08T01:26:59.528896+00:00,False,N/A,False,N/A,False,N/A,False,N/A,False,N/A,False,N/A,False,N/A,False,N/A,False,Unknown,False,No price data available
TRRSF,Trisura Group Ltd.,28.42,2026-10-08T01:33:01.318398+00:00,False,+9.7%,True,$1341.8M,True,+48.3%,False,7.2K,False,$28.42 / SMA $30.04,False,0.28%,True,+242.0%,True,46.1M,False,PNK,False,
TRS,TriMas Corporation,38.25,2026-10-08T01:33:00.881043+00:00,False,+25.7%,True,$1372.2M,False,+-9.8%,False,370.5K,False,$38.25 / SMA $39.14,False,2.17%,False,+1.6%,True,26.9M,True,NMS,False,
TSSI,"TSS, Inc.",10.34,2026-10-08T01:36:43.140581+00:00,False,+50.5%,False,$291.8M,False,+-16.7%,True,887.0K,True,$10.34 / SMA $9.44,True,5.43%,False,+-20.1%,True,21.6M,True,NCM,False,
TSYHF,TravelSky Technology Limited,1.13,2026-10-08T01:31:05.725029+00:00,False,+25.6%,True,$3306.6M,,N/A,False,36.1K,True,$1.13 / SMA $1.11,True,4.65%,,N/A,False,932.6M,False,PNK,False,
TSYHY,TravelSky Technology Limited,11.805,2026-10-08T01:31:05.746081+00:00,False,+16.8%,True,$3480.8M,,N/A,False,3.8K,True,$11.80 / SMA $11.13,False,2.85%,,N/A,True,93.3M,False,PNK,False,
TUWLF,Tullow Oil plc,0.17,2026-10-08T01:36:38.790875+00:00,True,+240.0%,False,$257.6M,,N/A,False,4.0K,False,$0.17 / SMA $0.24,True,3.72%,,N/A,False,1084.0M,False,PNK,False,
TWODY,Taylor Wimpey plc,10.19,2026-10-08T01:29:31.611425+00:00,False,+4.1%,True,$3515.3M,,N/A,False,17.0K,False,$10.19 / SMA $11.05,False,1.50%,,N/A,False,347.2M,False,PNK,False,
TXRH,"Texas Roadhouse, Inc.",162.48,2026-10-08T01:27:29.593782+00:00,False,+5.6%,True,$10665.3M,False,+-0.5%,True,966.0K,False,$162.48 / SMA $187.40,False,2.77%,False,+11.1%,True,61.2M,True,NMS,False,
TYHOY,Toyota Tsusho Corporation,24.13,2026-10-08T01:27:03.912021+00:00,True,+97.0%,True,$45252.5M,,N/A,False,27.7K,True,$24.13 / SMA $23.23,True,3.94%,,N/A,False,1397.2M,False,PNK,False,
UAA,"Under Armour, Inc.",4.82,2026-10-08T01:31:16.079155+00:00,False,+16.7%,True,$2070.4M,True,+100.0%,True,8814.3K,False,$4.82 / SMA $5.27,True,4.25%,False,+-3.2%,False,286.1M,True,NYQ,False,
UELKY,Ülker Bisküvi Sanayi A.S.,18.5,2026-10-08T01:34:42.578228+00:00,False,+8.8%,True,$683.2M,True,+45.7%,False,0.0K,False,$18.50 / SMA $20.12,False,0.00%,False,+-11.4%,True,19.5M,False,PNK,False,
UGP,Ultrapar Participações S.A.,7.74,2026-10-08T01:29:17.613112+00:00,True,+115.0%,True,$8247.9M,True,+44.3%,True,4033.0K,True,$7.74 / SMA $6.83,True,3.04%,False,+21.9%,False,634.7M,True,NYQ,False,
UMBFO,UMB Financial Corporation,25.25,2026-10-08T01:27:32.996826+00:00,False,+0.5%,,N/A,,N/A,False,20.9K,False,$25.25 / SMA $25.78,False,1.20%,False,+14.2%,True,73.0M,True,NMS,False,
UMICF,Umicore SA,24.55,2026-10-08T01:27:41.908542+00:00,False,+51.7%,True,$5908.4M,,N/A,False,1.5K,False,$24.55 / SMA $25.73,False,0.00%,,N/A,False,215.9M,False,PNK,False,
UNCRY,UniCredit S.p.A.,43.47,2026-10-08T01:26:55.168391+00:00,False,+29.3%,True,$131101.4M,False,+-10.2%,False,299.9K,False,$43.47 / SMA $47.95,False,1.50%,False,+-6.5%,False,2991.0M,False,PNK,False,
UNIT,Uniti Group Inc.,7.84,2026-10-08T01:31:12.830376+00:00,False,+47.9%,True,$1903.0M,False,+-871.4%,True,2213.5K,False,$7.84 / SMA $9.55,True,3.82%,True,+202.5%,False,178.9M,True,NMS,False,
UNLRY,PT Unilever Indonesia Tbk,1.79,2026-10-08T01:29:31.843881+00:00,False,+3.5%,,N/A,,N/A,False,4.4K,False,$1.79 / SMA $1.95,False,0.90%,False,+3.0%,False,277.9M,False,PNK,False,
UNTY,"Unity Bancorp, Inc.",54.61,2026-10-08T01:34:56.134714+00:00,False,+23.2%,True,$548.4M,False,+-11.8%,False,59.3K,False,$54.61 / SMA $58.38,False,2.11%,False,+-7.7%,True,7.3M,True,NGM,False,
UPB,"Upstream Bio, Inc.",4.61,2026-10-08T01:36:33.642767+00:00,False,+2.4%,False,$252.5M,False,+2.4%,True,605.8K,False,$4.61 / SMA $6.15,True,5.57%,False,+-17.5%,True,42.8M,True,NMS,False,
UROY,Uranium Royalty Corp.,4.19,2026-10-08T01:34:59.053525+00:00,False,+63.7%,True,$1596.7M,True,+900.0%,True,3448.4K,True,$4.19 / SMA $4.15,True,4.99%,True,+112.9%,False,374.0M,True,NCM,False,
USAC,"USA Compression Partners, LP",25.52,2026-10-08T01:29:27.910014+00:00,False,+16.8%,True,$3699.0M,True,+40.9%,False,331.0K,False,$25.52 / SMA $26.34,False,2.39%,True,+36.8%,True,97.1M,True,ASE,False,
USAR,"USA Rare Earth, Inc.",13.23,2026-10-08T01:29:20.619970+00:00,False,+15.5%,True,$4962.3M,True,+96.8%,True,12212.6K,False,$13.23 / SMA $16.74,True,4.50%,,N/A,False,164.8M,True,NGM,False,
USAS,Americas Gold and Silver Corporation,4.17,2026-10-08T01:32:54.014973+00:00,False,+18.5%,True,$1410.1M,True,+66.7%,True,4233.3K,False,$4.17 / SMA $4.93,True,4.95%,True,+72.1%,False,280.8M,True,ASE,False,
USPH,"U.S. Physical Therapy, Inc.",82.96,2026-10-08T01:34:42.301899+00:00,False,+42.6%,True,$1238.0M,False,+-56.9%,False,203.4K,True,$82.96 / SMA $80.32,True,3.01%,False,+8.5%,True,14.5M,True,NYQ,False,
UWMC,UWM Holdings Corporation,1.13,2026-10-08T01:29:24.143383+00:00,False,+21.5%,True,$1815.9M,False,+-318.2%,True,16457.5K,False,$1.13 / SMA $1.43,True,6.98%,False,+-117.2%,False,269.4M,True,NYQ,False,
UXIN,Uxin Limited,1.21,2026-10-08T01:36:33.852908+00:00,False,+35.0%,False,$266.2M,,N/A,False,454.6K,True,$1.21 / SMA $1.19,True,8.03%,True,+112.9%,True,65.3M,True,NMS,False,
UZAPF,Flughafen Zürich AG,235.24,2026-10-08T01:27:35.775613+00:00,False,+3.7%,True,$7221.4M,,N/A,False,0.1K,False,$235.24 / SMA $267.73,False,1.76%,,N/A,True,20.4M,False,PNK,False,
VACI.U,VACI.U,,2026-10-08T01:36:44.971999+00:00,False,N/A,False,N/A,False,N/A,False,N/A,False,N/A,False,N/A,False,N/A,False,N/A,False,Unknown,False,No price data available
VAL,Valaris Limited,81.85,2026-10-08T01:27:42.066406+00:00,True,+75.3%,True,$5683.3M,False,+-55.3%,True,1080.4K,False,$81.85 / SMA $83.31,True,3.84%,False,+-12.4%,True,61.1M,True,NYQ,False,
VARRY,Vår Energi ASA,11.0,2026-10-08T01:27:27.515020+00:00,True,+82.5%,True,$13729.4M,True,+312.5%,False,30.2K,True,$11.00 / SMA $10.47,False,2.05%,True,+102.7%,False,451.9M,False,PNK,False,
VBNK,VersaBank,21.9,2026-10-08T01:34:55.510635+00:00,True,+94.7%,True,$710.0M,True,+55.0%,False,125.6K,True,$21.90 / SMA $20.96,True,3.02%,False,+22.9%,True,20.9M,True,NMS,False,
VBVBF,Verbio SE,36.985,2026-10-08T01:31:13.294246+00:00,True,+157.2%,True,$2367.4M,True,+263.6%,False,0.0K,False,$36.98 / SMA $39.10,False,0.00%,False,+13.2%,True,41.2M,False,PNK,False,
VCHYF,"V Technology Co., Ltd.",38.725,2026-10-08T01:36:45.450152+00:00,True,+86.8%,True,$366.2M,,N/A,False,0.0K,True,$38.73 / SMA $3.54,,N/A,,N/A,True,8.2M,False,PNK,False,
VEEV,Veeva Systems Inc.,282.5,2026-10-08T01:27:12.400118+00:00,True,+90.8%,True,$45739.2M,True,+39.5%,True,1677.3K,True,$282.50 / SMA $255.55,False,2.96%,False,+17.6%,True,148.3M,True,NYQ,False,
VEOEY,Veolia Environnement SA,17.34,2026-10-08T01:27:10.663574+00:00,False,+7.4%,True,$25734.9M,,N/A,False,246.7K,False,$17.34 / SMA $18.91,False,1.03%,,N/A,False,1131.2M,False,PNK,False,
VG,"Venture Global, Inc.",13.05,2026-10-08T01:27:08.182832+00:00,True,+128.1%,True,$32626.2M,True,+264.3%,True,14702.8K,False,$13.05 / SMA $13.86,True,4.66%,True,+47.6%,False,521.6M,True,NYQ,False,
VKI,Invesco Advantage Municipal Income Trust II,7.64,2026-10-08T01:36:38.241017+00:00,False,+5.4%,True,$339.5M,,N/A,False,130.5K,False,$7.64 / SMA $8.51,False,2.17%,,N/A,,N/A,True,ASE,False,
VKTX,"Viking Therapeutics, Inc.",28.54,2026-10-08T01:31:04.384344+00:00,False,+10.7%,True,$3629.3M,False,+-89.7%,True,3992.4K,False,$28.54 / SMA $33.09,True,6.68%,,N/A,True,113.7M,True,NCM,False,
VLERF,Valeura Energy Inc.,11.25,2026-10-08T01:34:43.285289+00:00,True,+159.2%,True,$1194.9M,True,+900.7%,False,40.3K,True,$11.25 / SMA $9.82,True,3.04%,True,+101.0%,True,85.0M,False,OQX,False,
VLOWY,Vallourec S.A.,4.02,2026-10-08T01:29:16.526230+00:00,False,+14.9%,True,$5357.6M,False,+-6.3%,False,95.6K,False,$4.02 / SMA $4.33,True,3.21%,False,+-11.7%,False,905.3M,False,PNK,False,
VLVCY,Volvo Car AB (publ.),2.7376,2026-10-08T01:27:40.849629+00:00,False,+0.0%,True,$4137.1M,False,+5.0%,False,0.4K,False,$2.74 / SMA $3.92,False,1.95%,False,+-6.4%,False,298.6M,False,PNK,False,
VLXGF,Volex plc,9.1,2026-10-08T01:32:57.325181+00:00,True,+89.6%,True,$1652.4M,,N/A,False,5.1K,True,$9.10 / SMA $7.99,False,0.44%,,N/A,True,132.3M,False,PNK,False,
VMET,Versamet Royalties Corporation,8.505,2026-10-08T01:34:53.912149+00:00,False,+2.7%,True,$925.6M,,N/A,False,297.6K,False,$8.51 / SMA $9.67,True,4.14%,True,+391.9%,True,44.8M,True,NCM,False,
VODPF,Vodafone Group Public Limited Company,1.63,2026-10-08T01:27:07.228980+00:00,False,+55.2%,True,$37762.6M,,N/A,False,2.3K,True,$1.63 / SMA $1.62,False,0.00%,,N/A,False,19695.2M,False,PNK,False,
VOLAF,AB Volvo (publ),28.5,2026-10-08T01:26:59.201500+00:00,False,+6.0%,True,$57953.4M,True,+40.1%,False,0.0K,False,$28.50 / SMA $36.13,False,0.00%,False,+2.7%,False,1942.5M,False,PNK,False,
VOXR,Vox Royalty Corp.,5.01,2026-10-08T01:36:36.703355+00:00,False,+31.7%,True,$348.2M,True,+2500.0%,False,434.7K,False,$5.01 / SMA $5.31,True,3.58%,True,+122.6%,True,64.1M,True,NCM,False,
VOYA,"Voya Financial, Inc.",96.77,2026-10-08T01:27:40.708599+00:00,False,+50.0%,True,$8767.0M,False,+-41.6%,True,1035.0K,False,$96.77 / SMA $99.73,False,2.65%,False,+-1.3%,True,90.2M,True,NYQ,False,
VRNS,"Varonis Systems, Inc.",48.96,2026-10-08T01:31:04.809225+00:00,True,+148.5%,True,$5623.6M,False,+-28.1%,True,1756.2K,True,$48.96 / SMA $44.75,True,3.63%,False,+18.3%,True,111.4M,True,NMS,False,
VSH,"Vishay Intertechnology, Inc.",36.87,2026-10-08T01:29:17.104414+00:00,True,+213.3%,True,$5655.1M,True,+1800.0%,True,4365.4K,True,$36.87 / SMA $32.73,True,4.59%,False,+16.6%,True,140.7M,True,NYQ,False,
VTEX,VTEX,3.84,2026-10-08T01:34:53.578076+00:00,False,+35.2%,True,$634.9M,True,+262.5%,True,803.0K,True,$3.84 / SMA $3.77,False,2.52%,False,+9.5%,True,39.6M,True,NYQ,False,
VWAGY,Volkswagen AG,7.78,2026-10-08T01:27:02.508832+00:00,False,+2.9%,True,$39000.8M,False,+-41.0%,False,325.5K,False,$7.78 / SMA $8.68,False,1.82%,False,+2.0%,False,2848.5M,False,PNK,False,
WEBNF,Westpac Banking Corporation,24.5,2026-10-08T01:26:57.805572+00:00,False,+11.1%,True,$83665.2M,,N/A,False,1.9K,True,$24.50 / SMA $24.34,False,1.15%,,N/A,False,3411.3M,False,PNK,False,
WEC,"WEC Energy Group, Inc.",103.18,2026-10-08T01:27:06.926476+00:00,False,+3.4%,True,$33621.1M,False,+19.7%,True,2438.5K,False,$103.18 / SMA $105.74,False,1.54%,False,+2.6%,False,324.9M,True,NYQ,False,
WERN,"Werner Enterprises, Inc.",32.34,2026-10-08T01:31:15.467132+00:00,False,+40.2%,True,$1939.7M,False,+-85.3%,True,1034.7K,False,$32.34 / SMA $36.79,True,3.47%,False,+24.0%,True,58.8M,True,NMS,False,
WEST,Westrock Coffee Company,8.17,2026-10-08T01:34:46.735458+00:00,True,+127.6%,True,$797.6M,True,+39.1%,False,374.1K,True,$8.17 / SMA $8.06,True,3.22%,False,+8.8%,True,36.1M,True,NGM,False,
WFAFY,Wesfarmers Limited,26.43,2026-10-08T01:27:00.422935+00:00,False,+7.9%,True,$60011.0M,,N/A,False,99.0K,False,$26.43 / SMA $28.16,False,1.38%,,N/A,False,2263.2M,False,PNK,False,
WGS,GeneDx Holdings Corp.,68.53,2026-10-08T01:33:01.165126+00:00,True,+112.8%,True,$2043.7M,False,+-266.7%,True,726.8K,False,$68.53 / SMA $82.23,True,7.82%,False,+11.4%,True,20.4M,True,NMS,False,
WHGRF,WH Group Limited,0.86,2026-10-08T01:27:25.882717+00:00,False,+7.4%,True,$11383.3M,,N/A,False,23.7K,True,$0.86 / SMA $0.80,False,0.08%,,N/A,False,7467.3M,False,PNK,False,
WILWY,Wallenius Wilhelmsen ASA,37.0,2026-10-08T01:29:21.239577+00:00,True,+164.1%,True,$7823.1M,False,+-67.8%,False,0.0K,True,$37.00 / SMA $30.78,False,0.00%,False,+-3.3%,True,130.4M,False,PNK,False,
WILYY,Demant A/S,24.16,2026-10-08T01:27:39.440146+00:00,True,+79.6%,True,$10190.6M,,N/A,False,0.2K,True,$24.16 / SMA $22.74,False,0.30%,,N/A,False,167.7M,False,PNK,False,
WK,Workiva Inc.,71.53,2026-10-08T01:31:11.380437+00:00,False,+65.0%,True,$3892.4M,,N/A,True,1039.8K,True,$71.53 / SMA $70.83,True,4.26%,False,+18.6%,True,45.6M,True,NYQ,False,
WKCMF,Wacker Chemie AG,99.41,2026-10-08T01:29:19.243725+00:00,False,+35.8%,True,$4938.5M,,N/A,False,0.0K,False,$99.41 / SMA $104.03,False,0.10%,False,+7.4%,True,18.9M,False,PNK,False,
WLMIY,Wilmar International Limited,28.03,2026-10-08T01:27:20.078626+00:00,False,+27.6%,True,$17502.5M,,N/A,False,43.5K,False,$28.03 / SMA $29.17,False,1.85%,,N/A,False,178.0M,False,PNK,False,
WMG,Warner Music Group Corp.,28.16,2026-10-08T01:27:19.547521+00:00,False,+20.7%,True,$14730.8M,True,+1366.7%,True,2089.0K,True,$28.16 / SMA $27.28,True,3.01%,False,+10.4%,True,146.1M,True,NMS,False,
WMK,"Weis Markets, Inc.",73.26,2026-10-08T01:32:55.203397+00:00,False,+22.1%,,N/A,False,+-8.9%,False,177.5K,True,$73.26 / SMA $72.55,False,2.24%,False,+4.6%,True,13.5M,True,NYQ,False,
WMMVY,"Wal-Mart de México, S.A.B. de C.V.",25.94,2026-10-08T01:27:01.441697+00:00,False,+4.6%,True,$44669.3M,False,+-8.5%,False,190.8K,False,$25.94 / SMA $27.35,False,2.68%,False,+4.1%,False,490.5M,False,OQX,False,
WNC,Wabash National Corporation,13.71,2026-10-08T01:36:45.766060+00:00,True,+106.8%,True,$558.5M,False,+-143.5%,True,1075.4K,True,$13.71 / SMA $12.69,True,5.41%,False,+-9.1%,True,37.5M,True,NYQ,False,
WNGRF,George Weston Limited,70.22,2026-10-08T01:27:12.377896+00:00,False,+16.0%,True,$26276.6M,False,+-47.7%,False,7.5K,False,$70.22 / SMA $71.88,False,0.01%,False,+4.1%,False,152.4M,False,PNK,False,
WOLWF,Woolworths Group Limited,18.9,2026-10-08T01:27:10.824010+00:00,False,+18.1%,True,$25955.8M,,N/A,False,0.1K,False,$18.90 / SMA $29.29,False,0.00%,,N/A,False,1217.1M,False,PNK,False,
WPPGF,WPP plc,4.96,2026-10-08T01:29:31.180052+00:00,False,+68.7%,True,$5349.5M,,N/A,False,0.3K,False,$4.96 / SMA $5.07,False,0.30%,,N/A,False,1074.5M,False,PNK,False,
WRTBY,Wärtsilä Oyj Abp,6.72,2026-10-08T01:27:13.891093+00:00,False,+16.1%,True,$19808.8M,,N/A,False,93.1K,True,$6.72 / SMA $6.64,False,2.99%,False,+-0.1%,False,2352.1M,False,PNK,False,
WS,"Worthington Steel, Inc.",35.56,2026-10-08T01:31:19.424927+00:00,False,+30.6%,True,$1811.7M,False,+-189.1%,False,272.8K,True,$35.56 / SMA $35.52,True,4.24%,False,+11.6%,True,44.3M,True,NYQ,False,
WST,"West Pharmaceutical Services, Inc.",366.48,2026-10-08T01:27:15.634177+00:00,False,+63.7%,True,$25791.3M,False,+18.1%,True,634.6K,True,$366.48 / SMA $353.97,False,2.49%,False,+13.8%,True,69.8M,True,NYQ,False,
WTBFB,W.T.B. Financial Corporation,460.0,2026-10-08T01:33:09.258374+00:00,False,+45.3%,True,$1159.6M,True,+84.1%,False,1.3K,True,$460.00 / SMA $456.41,False,0.89%,False,+24.5%,,N/A,False,OID,False,
WTCHF,WiseTech Global Limited,22.275,2026-10-08T01:27:34.252092+00:00,False,+17.5%,True,$7491.2M,,N/A,False,0.6K,False,$22.27 / SMA $26.11,False,0.20%,,N/A,False,189.4M,False,PNK,False,
WULF,TeraWulf Inc.,14.4,2026-10-08T01:27:30.425698+00:00,False,+37.5%,True,$7185.1M,False,+-3780.0%,True,31336.6K,False,$14.40 / SMA $16.28,True,5.96%,False,+-6.0%,False,383.4M,True,NCM,False,
WUXAY,"WuXi AppTec Co., Ltd.",27.9,2026-10-08T01:27:04.185766+00:00,True,+124.1%,True,$84673.8M,,N/A,False,1.8K,True,$27.90 / SMA $25.15,False,1.08%,True,+47.7%,False,2462.3M,False,PNK,False,
WXIBF,WuXi Biologics (Cayman) Inc.,6.77,2026-10-08T01:27:20.356083+00:00,True,+73.6%,True,$27867.6M,,N/A,False,1.7K,True,$6.77 / SMA $5.91,False,0.03%,,N/A,False,3706.3M,False,PNK,False,
WZZAF,Wizz Air Holdings Plc,14.96,2026-10-08T01:33:05.951180+00:00,False,+34.3%,True,$1548.8M,,N/A,False,0.0K,True,$14.96 / SMA $11.14,False,0.00%,,N/A,True,87.0M,False,PNK,False,
XIORF,Xior Student Housing NV,25.955,2026-10-08T01:33:00.058474+00:00,False,+5.7%,True,$1212.0M,,N/A,False,0.3K,False,$25.95 / SMA $30.34,False,0.82%,,N/A,True,38.6M,False,PNK,False,
XJNGF,"Goldwind Science&Technology Co., Ltd.",1.24,2026-10-08T01:27:25.712588+00:00,False,+17.0%,True,$5235.9M,True,+61.0%,False,0.1K,True,$1.24 / SMA $1.21,False,0.00%,True,+63.5%,False,3102.9M,False,PNK,False,
XMTR,"Xometry, Inc.",107.8,2026-10-08T01:29:25.360022+00:00,True,+200.6%,True,$6179.5M,True,+80.8%,True,758.8K,True,$107.80 / SMA $93.02,True,5.55%,True,+41.1%,True,52.1M,True,NMS,True,
XPEL,"XPEL, Inc.",44.32,2026-10-08T01:33:04.471730+00:00,False,+39.0%,True,$1221.9M,False,+10.2%,False,211.7K,False,$44.32 / SMA $47.48,True,3.07%,False,+14.7%,True,23.0M,True,NCM,False,
XPNGF,XPeng Inc.,4.35,2026-10-08T01:27:24.113494+00:00,False,+0.0%,True,$8334.4M,False,+-180.0%,False,0.0K,False,$4.35 / SMA $5.77,False,0.86%,False,+8.0%,False,1420.4M,False,PNK,False,
XPRO,Expro Ltd,15.55,2026-10-08T01:32:54.594219+00:00,False,+30.5%,True,$1747.0M,False,+-87.5%,True,891.2K,False,$15.55 / SMA $17.21,True,4.10%,False,+-7.0%,True,99.7M,True,NYQ,False,
XRN,Chiron Real Estate Inc.,34.1,2026-10-08T01:34:56.547606+00:00,False,+17.4%,True,$493.8M,True,+9660.0%,False,91.7K,False,$34.10 / SMA $35.88,False,2.11%,False,+2.7%,True,12.2M,True,NYQ,False,
XRPN,Armada Acquisition Corp. II,25.01,2026-10-08T01:36:44.043322+00:00,True,+147.6%,True,$790.1M,True,+192407.7%,False,470.2K,True,$25.01 / SMA $12.55,True,18.88%,,N/A,True,19.1M,True,NGM,False,
YAMCY,Yamaha Corporation,7.69,2026-10-08T01:31:08.396251+00:00,False,+21.5%,True,$3382.8M,,N/A,False,2.3K,False,$7.69 / SMA $8.16,False,2.13%,,N/A,False,425.2M,False,PNK,False,
YASKY,YASKAWA Electric Corporation,62.19,2026-10-08T01:27:29.927541+00:00,False,+34.3%,True,$8065.0M,,N/A,False,12.9K,True,$62.19 / SMA $60.79,False,2.17%,,N/A,True,129.6M,False,PNK,False,
YNAJF,"Yantai North Andre Juice Co., Ltd.",1.1,2026-10-08T01:31:17.187140+00:00,False,+0.0%,True,$360.7M,,N/A,False,0.0K,False,$1.10 / SMA $2.09,False,0.00%,,N/A,True,57.7M,False,PNK,False,
YNGFF,Yangzijiang Financial Holding Ltd.,0.1548,2026-10-08T01:34:50.594872+00:00,False,+6.8%,True,$538.1M,,N/A,False,0.3K,False,$0.15 / SMA $0.16,False,0.00%,,N/A,False,1847.2M,False,PNK,False,
YSHLF,Yangzijiang Shipbuilding (Holdings) Ltd.,3.98,2026-10-08T01:27:28.801061+00:00,False,+59.2%,True,$15685.1M,,N/A,False,1.0K,True,$3.98 / SMA $3.65,False,0.43%,,N/A,False,2537.7M,False,PNK,False,
YZCHF,Yankuang Energy Group Company Limited,1.4,2026-10-08T01:27:12.962642+00:00,False,+22.8%,True,$14051.6M,,N/A,False,0.0K,False,$1.40 / SMA $1.47,False,0.00%,False,+20.9%,False,4728.0M,False,OQX,False,
ZG,"Zillow Group, Inc.",27.97,2026-10-08T01:27:37.779750+00:00,False,+2.6%,True,$6289.8M,False,+-300.0%,True,1092.7K,False,$27.97 / SMA $33.33,True,3.90%,False,+17.9%,False,207.0M,True,NMS,False,
ZLAB,Zai Lab Limited,25.31,2026-10-08T01:31:18.570778+00:00,False,+58.6%,True,$2841.5M,False,+-25.0%,True,961.4K,True,$25.31 / SMA $24.59,True,3.56%,False,+-3.3%,True,97.1M,True,NGM,False,
ZLDSF,Zalando SE,26.4,2026-10-08T01:29:19.384064+00:00,False,+16.2%,True,$6447.5M,False,+-21.6%,False,0.0K,True,$26.40 / SMA $26.26,False,0.00%,False,+20.8%,False,221.4M,False,PNK,False,
ZNZNF,Zinzino AB (publ),13.37,2026-10-08T01:34:54.436633+00:00,False,+14.1%,True,$526.8M,,N/A,False,0.6K,False,$13.37 / SMA $13.99,False,0.15%,False,+17.9%,True,22.8M,False,PNK,False,
ZUMZ,Zumiez Inc.,14.12,2026-10-08T01:36:36.490333+00:00,False,+8.0%,False,$216.5M,False,+-183.3%,False,283.6K,False,$14.12 / SMA $16.76,True,4.66%,False,+-2.5%,True,11.4M,True,NMS,False,
