ticker,name,price,fetched_at,c1_price_vs_52w_low_passes,c1_price_vs_52w_low_value,c2_market_cap_passes,c2_market_cap_value,c3_eps_growth_passes,c3_eps_growth_value,c4_avg_volume_passes,c4_avg_volume_value,c5_price_vs_sma50_passes,c5_price_vs_sma50_value,c6_volatility_1m_passes,c6_volatility_1m_value,c7_revenue_growth_passes,c7_revenue_growth_value,c8_float_passes,c8_float_value,c9_us_market_passes,c9_us_market_value,passes_all,error
AACI,Armada Acquisition Corp. III,10.05,2026-08-24T22:26:07.786082+00:00,False,+3.2%,True,$342.0M,,,False,23.7K,True,$10.05 / SMA $9.99,False,0.03%,,,True,23.1M,True,NGM,False,
AAOI,"Applied Optoelectronics, Inc.",107.63,2026-08-24T22:27:16.412914+00:00,True,+481.8%,True,$9102.2M,False,+-75.0%,True,12210.2K,False,$107.63 / SMA $127.60,True,12.86%,True,+86.4%,True,80.5M,True,NGM,False,
AAUKF,Anglo American plc,56.5,2026-08-24T22:16:00.926961+00:00,True,+96.7%,True,$60539.1M,,,False,3.1K,True,$56.50 / SMA $50.59,False,0.60%,,,False,951.8M,False,OQX,False,
AAVMY,ABN AMRO Bank N.V.,47.43,2026-08-24T22:16:09.055563+00:00,False,+66.9%,True,$38652.4M,False,+13.0%,False,27.3K,True,$47.43 / SMA $44.25,False,1.13%,False,+6.8%,False,550.0M,False,PNK,False,
AB,AllianceBernstein Holding L.P.,36.36,2026-08-24T22:18:41.815461+00:00,False,+4.1%,True,$3384.2M,False,+20.3%,False,295.7K,True,$36.36 / SMA $36.03,False,1.55%,,,True,92.3M,True,NYQ,False,
ABBRF,AbraSilver Resource Corp.,11.4,2026-08-24T22:20:32.886283+00:00,True,+194.6%,True,$1886.6M,False,+-50.0%,False,184.8K,True,$11.40 / SMA $10.52,True,5.63%,,,True,143.8M,False,OQX,False,
ABEO,Abeona Therapeutics Inc.,6.06,2026-08-24T22:35:57.000876+00:00,False,+51.5%,True,$346.5M,False,+-25.0%,True,1384.8K,False,$6.06 / SMA $6.36,True,4.76%,,N/A,True,36.8M,True,NCM,False,
ABG,"Asbury Automotive Group, Inc.",210.86,2026-08-24T22:29:10.111608+00:00,False,+22.6%,True,$3785.3M,False,+-19.5%,False,257.2K,False,$210.86 / SMA $212.61,True,3.38%,,N/A,True,14.7M,True,NYQ,False,
ABLZF,ABB Ltd,98.0,2026-08-24T22:26:57.816798+00:00,False,+49.2%,True,$177665.7M,False,+13.3%,False,11.1K,False,$98.00 / SMA $101.74,False,1.26%,True,+28.4%,False,1814.0M,False,PNK,False,
ABM,ABM Industries Incorporated,46.86,2026-08-24T22:20:27.358640+00:00,False,+26.8%,True,$2745.1M,False,+9.0%,True,554.4K,True,$46.86 / SMA $46.41,False,2.11%,False,+8.4%,True,57.9M,True,NYQ,False,
ABR,"Arbor Realty Trust, Inc.",5.25,2026-08-24T22:22:22.972252+00:00,False,+11.0%,True,$1064.3M,False,+-100.0%,True,4116.8K,True,$5.25 / SMA $4.98,True,3.52%,False,+-12.3%,False,178.1M,True,NYQ,False,
ABTC,American Bitcoin Corp,8.64,2026-08-24T22:30:57.103570+00:00,True,+75.6%,True,$1052.5M,False,+-1512.3%,True,1390.7K,True,$8.64 / SMA $7.81,True,9.89%,True,+121.3%,True,23.3M,True,NCM,False,
ACA,"Arcosa, Inc.",145.27,2026-08-24T22:18:24.544047+00:00,False,+63.2%,True,$7133.7M,True,+446.7%,True,740.0K,True,$145.27 / SMA $143.69,False,0.31%,False,+1.7%,True,48.1M,True,NYQ,False,
ACAA,Averin Capital Acquisition Corp.,10.02,2026-08-24T22:26:02.356146+00:00,False,+4.8%,True,$357.5M,,,False,20.0K,True,$10.02 / SMA $10.02,False,0.02%,,,True,28.3M,True,NGM,False,
ACAD,ACADIA Pharmaceuticals Inc.,29.65,2026-08-24T22:29:09.674179+00:00,False,+50.6%,True,$5077.1M,False,+12.5%,True,1616.8K,True,$29.65 / SMA $26.02,True,3.37%,False,+16.4%,True,128.4M,True,NMS,False,
ACCO,ACCO Brands Corporation,4.19,2026-08-24T22:26:02.974524+00:00,False,+49.1%,True,$386.8M,False,+-51.6%,True,799.8K,True,$4.19 / SMA $4.06,True,3.09%,,,True,88.1M,True,NYQ,False,
ACGAF,ACG Metals Limited,26.65,2026-08-24T22:34:15.113732+00:00,True,+158.7%,True,$616.8M,,N/A,False,0.0K,True,$26.65 / SMA $24.03,False,0.00%,,N/A,True,6.8M,False,OQX,False,
ACGBF,Agricultural Bank of China Limited,0.69,2026-08-24T22:15:49.090264+00:00,False,+11.3%,True,$241488.3M,False,+5.3%,False,1.1K,False,$0.69 / SMA $0.72,False,0.00%,False,+10.5%,False,200428.3M,False,PNK,False,
ACGL,Arch Capital Group Ltd.,101.14,2026-08-24T22:27:07.182939+00:00,False,+22.7%,True,$34488.7M,False,+-7.1%,True,2048.8K,True,$101.14 / SMA $98.92,False,2.05%,False,+-9.7%,False,327.3M,True,NMS,False,
ACGLO,Arch Capital Group Ltd.,19.0,2026-08-24T22:16:08.569642+00:00,False,+1.5%,,,,,False,32.7K,False,$19.00 / SMA $19.26,False,0.66%,False,+-9.7%,False,327.3M,True,NMS,False,
ACI,"Albertsons Companies, Inc.",12.61,2026-08-24T22:16:43.050647+00:00,False,+16.1%,True,$6176.1M,False,+-58.5%,True,8520.4K,False,$12.61 / SMA $13.12,True,3.61%,False,+0.2%,False,325.0M,True,NYQ,False,
ACIC,American Coastal Insurance Corporation,9.34,2026-08-24T22:24:16.625378+00:00,False,+2.6%,True,$441.5M,False,+-17.0%,False,303.0K,False,$9.34 / SMA $10.50,True,3.61%,False,+-4.5%,True,22.7M,True,NCM,False,
ACLIF,Accelleron Industries AG,94.7,2026-08-24T22:27:22.512484+00:00,False,+23.0%,True,$8905.7M,,N/A,False,0.0K,False,$94.70 / SMA $97.31,False,0.00%,,N/A,True,93.8M,False,PNK,False,
ACLS,"Axcelis Technologies, Inc.",123.49,2026-08-24T22:27:32.184888+00:00,False,+67.8%,True,$3813.6M,False,+-23.5%,True,527.4K,False,$123.49 / SMA $146.76,True,6.01%,False,+10.6%,True,30.7M,True,NMS,False,
ACM,AECOM,64.99,2026-08-24T22:27:22.510897+00:00,False,+7.7%,True,$8364.0M,True,+28.7%,True,2158.3K,False,$64.99 / SMA $68.94,True,3.51%,False,+0.8%,True,128.0M,True,NYQ,False,
ACNDF,CapitaLand India Trust,0.78,2026-08-24T22:22:18.036913+00:00,False,+6.8%,True,$1159.8M,,,False,11.5K,False,$0.78 / SMA $0.80,True,3.86%,,,False,624.9M,False,PNK,False,
ACNFF,Acomo N.V.,27.53,2026-08-24T22:34:07.897096+00:00,False,+9.8%,True,$817.7M,,N/A,False,0.2K,True,$27.53 / SMA $26.37,False,0.00%,,N/A,True,17.1M,False,PNK,False,
ACOPF,The a2 Milk Company Limited,4.81,2026-08-24T22:29:12.854919+00:00,False,+31.8%,True,$3489.3M,,N/A,False,0.4K,True,$4.81 / SMA $4.59,False,0.57%,,N/A,False,723.0M,False,PNK,False,
ACPIF,Acen Corporation,0.02,2026-08-24T22:30:49.398368+00:00,False,+2.0%,True,$799.0M,False,+-85.0%,False,0.0K,True,$0.02 / SMA $0.02,False,0.00%,True,+42.7%,False,9320.7M,False,PNK,False,
ACRFF,Accor SA,56.09,2026-08-24T22:16:30.670605+00:00,False,+24.5%,True,$12932.3M,,,False,0.4K,True,$56.09 / SMA $54.67,False,0.03%,,,False,160.0M,False,PNK,False,
ACRXF,"Acerinox, S.A.",19.365,2026-08-24T22:18:38.196474+00:00,False,+62.5%,True,$4825.0M,,,False,0.1K,True,$19.36 / SMA $18.72,False,0.00%,False,+5.0%,False,177.9M,False,PNK,False,
ACSAY,"ACS, Actividades de Construcción y Servicios, S.A.",24.39,2026-08-24T22:27:05.684570+00:00,False,+66.8%,True,$32108.8M,,N/A,False,49.1K,False,$24.39 / SMA $26.93,False,1.55%,False,+12.2%,False,902.7M,False,PNK,False,
ADAML,"Adamas Trust, Inc.",24.81,2026-08-24T22:34:09.775219+00:00,False,+14.1%,,N/A,,N/A,False,11.9K,True,$24.81 / SMA $24.40,False,0.50%,True,+100.7%,True,83.8M,True,NMS,False,
ADAMN,"Adamas Trust, Inc.",25.002,2026-08-24T22:24:06.056654+00:00,False,+19.0%,,,,,False,7.9K,True,$25.00 / SMA $23.90,False,0.95%,True,+100.7%,True,83.8M,True,NMS,False,
ADBE,Adobe Inc.,276.27,2026-08-24T22:15:54.680857+00:00,False,+45.3%,True,$109817.3M,False,+7.9%,True,6400.8K,True,$276.27 / SMA $233.90,True,4.16%,False,+12.7%,False,396.2M,True,NMS,False,
ADBRF,Aldebaran Resources Inc.,2.41,2026-08-24T22:34:20.901860+00:00,True,+70.9%,True,$446.7M,False,+-100.0%,False,45.8K,True,$2.41 / SMA $2.00,True,5.98%,,N/A,True,48.9M,False,OQX,False,
ADC,Agree Realty Corporation,74.58,2026-08-24T22:27:22.904176+00:00,False,+7.2%,True,$9302.3M,False,+2.3%,True,1327.7K,False,$74.58 / SMA $76.55,False,1.58%,False,+16.8%,True,121.9M,True,NYQ,False,
ADDDF,adidas AG,180.9,2026-08-24T22:27:07.988128+00:00,False,+24.2%,True,$31668.9M,False,+-2.4%,False,1.1K,False,$180.90 / SMA $195.62,False,2.40%,False,+13.3%,False,169.0M,False,OQX,False,
ADDHY,Addtech AB (publ.),17.72,2026-08-24T22:27:21.571718+00:00,False,+16.8%,True,$9571.6M,False,+17.9%,False,4.0K,False,$17.72 / SMA $17.84,False,0.77%,False,+7.3%,False,505.0M,False,PNK,False,
ADEA,Adeia Inc.,26.28,2026-08-24T22:29:12.403963+00:00,True,+126.4%,True,$2898.2M,False,+0.0%,True,1679.5K,False,$26.28 / SMA $28.59,True,6.56%,False,+12.1%,True,107.7M,True,NMS,False,
ADM,Archer-Daniels-Midland Company,78.16,2026-08-24T22:27:06.467621+00:00,False,+40.6%,True,$37669.7M,,N/A,True,3687.3K,False,$78.16 / SMA $79.56,True,3.17%,False,+7.2%,False,477.8M,True,NYQ,False,
ADNT,Adient plc,18.98,2026-08-24T22:30:51.940505+00:00,False,+7.4%,True,$1463.3M,False,+-25.6%,True,1039.3K,False,$18.98 / SMA $20.04,True,5.11%,False,+5.0%,True,75.9M,True,NYQ,False,
ADRZY,Andritz AG,18.51,2026-08-24T22:27:23.218773+00:00,False,+36.2%,True,$9069.8M,False,+22.0%,False,0.8K,True,$18.51 / SMA $18.11,False,0.00%,False,+16.4%,False,336.3M,False,PNK,False,
ADSGF,adesso SE,60.0,2026-08-24T22:34:17.306050+00:00,False,+0.0%,True,$384.4M,True,+138.2%,False,0.0K,False,$60.00 / SMA $61.37,False,0.00%,False,+13.3%,True,1.3M,False,PNK,False,
ADTN,"ADTRAN Holdings, Inc.",7.71,2026-08-24T22:30:56.100235+00:00,False,+8.4%,True,$628.2M,,N/A,True,2429.3K,False,$7.71 / SMA $11.07,True,6.07%,False,+6.1%,True,79.4M,True,NMS,False,
ADTTF,Advantest Corporation,239.0,2026-08-24T22:15:53.524855+00:00,True,+215.6%,True,$172625.3M,,,False,1.6K,True,$239.00 / SMA $191.63,True,7.65%,,,False,723.5M,False,PNK,False,
AEBZY,Anadolu Efes Biracilik ve Malt Sanayii Anonim Sirketi,0.3194,2026-08-24T22:29:15.271992+00:00,False,+22.8%,True,$1891.2M,,N/A,False,22.9K,False,$0.32 / SMA $0.38,True,5.18%,False,+20.5%,False,1951.1M,False,PNK,False,
AEE,Ameren Corporation,107.16,2026-08-24T22:27:08.074157+00:00,False,+11.0%,True,$29666.5M,False,+11.9%,True,1703.5K,False,$107.16 / SMA $110.94,False,1.93%,,N/A,False,275.1M,True,NYQ,False,
AEGOF,Aegon Ltd.,9.5,2026-08-24T22:27:18.324149+00:00,False,+39.7%,True,$14046.9M,,N/A,False,0.1K,True,$9.50 / SMA $8.60,False,0.21%,,N/A,False,1207.7M,False,PNK,False,
AEHR,"Aehr Test Systems, Inc.",96.43,2026-08-24T22:29:12.240487+00:00,True,+415.7%,True,$3145.6M,True,+140.0%,True,2515.8K,True,$96.43 / SMA $95.03,True,12.54%,True,+33.7%,True,31.3M,True,NCM,True,
AEIS,"Advanced Energy Industries, Inc.",274.67,2026-08-24T22:27:18.422942+00:00,True,+90.6%,True,$11000.7M,True,+143.1%,True,858.9K,False,$274.67 / SMA $319.58,True,6.12%,True,+26.3%,True,39.6M,True,NMS,False,
AEM,Agnico Eagle Mines Limited,217.89,2026-08-24T22:27:00.852267+00:00,False,+62.1%,True,$110331.8M,True,+49.5%,True,2999.5K,True,$217.89 / SMA $162.21,True,3.43%,True,+35.0%,False,505.7M,True,NYQ,False,
AEOXF,Aeroports de Paris SA,128.675,2026-08-24T22:16:29.757360+00:00,False,+14.3%,True,$12731.0M,,,False,0.1K,False,$128.68 / SMA $129.68,False,0.42%,,,True,31.5M,False,PNK,False,
AEVA,"Aeva Technologies, Inc.",16.46,2026-08-24T22:30:52.716283+00:00,True,+86.4%,True,$1147.4M,True,+64.8%,True,2125.6K,False,$16.46 / SMA $20.95,True,10.45%,False,+11.3%,True,41.4M,True,NMS,False,
AFB,"AllianceBernstein National Municipal Income Fund, Inc.",10.93,2026-08-24T22:26:09.577916+00:00,False,+6.6%,True,$314.2M,,,False,83.1K,False,$10.93 / SMA $11.09,False,0.70%,,,,,True,NYQ,False,
AFRAF,Air France-KLM SA,13.2,2026-08-24T22:20:18.685997+00:00,False,+24.8%,True,$3464.2M,,,False,0.1K,False,$13.20 / SMA $14.36,False,0.00%,False,+9.9%,True,114.4M,False,OID,False,
AFRM,"Affirm Holdings, Inc.",76.88,2026-08-24T22:16:17.556305+00:00,True,+82.6%,True,$25747.0M,True,+2900.0%,True,3935.2K,True,$76.88 / SMA $76.71,True,4.62%,True,+32.6%,False,281.2M,True,NMS,False,
AG,First Majestic Silver Corp.,20.83,2026-08-24T22:27:21.840073+00:00,True,+138.9%,True,$10267.2M,True,+100.0%,True,11171.5K,True,$20.83 / SMA $17.46,True,4.68%,True,+56.5%,False,487.6M,True,NYQ,False,
AGCC,Agencia Comercial Spirits Ltd,14.8,2026-08-24T22:24:10.495026+00:00,True,+304.4%,True,$337.2M,,,False,48.8K,False,$14.80 / SMA $14.99,True,3.86%,,,True,8.3M,True,NCM,False,
AGD,Abrdn Global Dynamic Dividend Fund,12.21,2026-08-24T22:35:56.865139+00:00,False,+17.3%,True,$318.9M,,N/A,False,114.8K,True,$12.21 / SMA $12.11,False,1.19%,,N/A,,N/A,True,NYQ,False,
AGIO,"Agios Pharmaceuticals, Inc.",32.64,2026-08-24T22:30:52.199175+00:00,False,+46.8%,True,$1948.7M,,N/A,True,1167.2K,False,$32.64 / SMA $35.64,True,5.15%,True,+259.3%,True,50.0M,True,NMS,False,
AGLXY,AGL Energy Limited,6.41,2026-08-24T22:18:34.540345+00:00,False,+23.0%,True,$4312.3M,,,False,1.1K,True,$6.41 / SMA $5.97,False,0.56%,,,False,1195.5M,False,PNK,False,
AGM,Federal Agricultural Mortgage Corporation,219.71,2026-08-24T22:30:50.337747+00:00,False,+60.9%,True,$2384.6M,False,+20.8%,False,130.1K,True,$219.71 / SMA $208.29,True,3.20%,False,+21.8%,True,10.2M,True,NYQ,False,
AGMB,AgomAb Therapeutics NV,12.82,2026-08-24T22:24:14.420475+00:00,False,+46.5%,True,$631.4M,,,False,101.2K,False,$12.82 / SMA $12.86,True,7.44%,,,True,11.5M,True,NMS,False,
AGMJF,Algoma Central Corporation,17.67,2026-08-24T22:34:12.213072+00:00,False,+51.8%,True,$716.8M,True,+254.4%,False,0.2K,True,$17.67 / SMA $16.34,False,0.00%,True,+140.9%,True,18.4M,False,PNK,False,
AGNCN,AGNC Investment Corp.,25.86,2026-08-24T22:27:19.318902+00:00,False,+4.9%,,N/A,,N/A,False,25.7K,True,$25.86 / SMA $25.57,False,0.35%,True,+710.7%,False,1177.9M,True,NMS,False,
AGNCP,AGNC Investment Corp.,25.45,2026-08-24T22:16:31.891633+00:00,False,+7.7%,,,,,False,54.0K,True,$25.45 / SMA $25.01,False,0.29%,True,+710.7%,False,1177.9M,True,NMS,False,
AGNT,"AGNT, Inc",4.55,2026-08-24T22:34:09.414944+00:00,False,+23.5%,True,$747.7M,False,+-100.0%,True,1439.5K,True,$4.55 / SMA $4.52,True,6.59%,False,+10.7%,True,99.9M,True,NGM,False,
AGRO,Adecoagro S.A.,11.26,2026-08-24T22:30:50.562657+00:00,False,+63.4%,True,$1624.9M,True,+55.6%,True,851.4K,True,$11.26 / SMA $9.94,True,4.55%,False,+22.5%,True,32.8M,True,NYQ,False,
AHCO,AdaptHealth Corp.,5.63,2026-08-24T22:30:54.758415+00:00,False,+8.1%,True,$766.0M,False,+-1090.0%,True,2329.3K,False,$5.63 / SMA $9.03,True,5.91%,False,+15.2%,True,85.8M,True,NCM,False,
AHG,Akso Health Group,0.943,2026-08-24T22:22:16.795442+00:00,False,+4.2%,True,$807.9M,,,False,13.6K,False,$0.94 / SMA $1.39,True,9.58%,,,False,854.0M,True,NCM,False,
AHR,"American Healthcare REIT, Inc.",56.19,2026-08-24T22:16:36.990481+00:00,False,+40.5%,True,$12249.4M,True,+166.7%,True,3333.6K,True,$56.19 / SMA $53.71,False,2.33%,False,+24.3%,False,216.6M,True,NYQ,False,
AI,"C3.ai, Inc.",10.11,2026-08-24T22:22:16.655648+00:00,False,+31.7%,True,$1571.6M,False,+-31.7%,True,6270.5K,True,$10.11 / SMA $9.49,True,4.89%,False,+-52.5%,True,138.9M,True,NYQ,False,
AIG,"American International Group, Inc.",77.38,2026-08-24T22:27:05.379188+00:00,False,+8.6%,True,$40461.5M,False,+-10.1%,True,3753.0K,False,$77.38 / SMA $77.68,False,1.76%,False,+0.6%,False,521.4M,True,NYQ,False,
AINSF,Ainsworth Game Technology Limited,0.79,2026-08-24T22:26:07.541689+00:00,False,+29.1%,False,$266.1M,,,False,16.4K,False,$0.79 / SMA $0.91,False,0.00%,,,True,29.6M,False,PNK,False,
AIO,Virtus Artificial Intelligence & Technology Opportunities Fund,25.59,2026-08-24T22:22:28.231105+00:00,False,+22.4%,True,$881.3M,,,False,75.8K,False,$25.59 / SMA $26.29,False,1.96%,,,,,True,NYQ,False,
AIOT,"PowerFleet, Inc.",3.01,2026-08-24T22:24:20.619836+00:00,False,+8.3%,True,$404.0M,True,+77.8%,True,1947.6K,False,$3.01 / SMA $3.86,True,6.02%,False,+10.5%,True,124.0M,True,NGM,False,
AIRS,"AirSculpt Technologies, Inc.",2.64,2026-08-24T22:26:00.393643+00:00,True,+74.8%,False,$190.3M,True,+40.0%,True,689.6K,False,$2.64 / SMA $4.26,True,9.59%,False,+0.0%,True,16.8M,True,NGM,False,
AIV,Apartment Investment and Management Company,2.6,2026-08-24T22:34:13.197294+00:00,False,+0.4%,True,$401.1M,True,+2700.0%,True,1257.6K,False,$2.60 / SMA $2.75,False,1.99%,False,+-36.1%,True,105.2M,True,NYQ,False,
AJNMY,"Ajinomoto Co., Inc.",33.76,2026-08-24T22:16:09.855054+00:00,False,+64.0%,True,$32184.6M,,,False,48.0K,False,$33.76 / SMA $33.88,False,1.52%,,,False,948.1M,False,PNK,False,
AKAAF,Aker ASA,149.0,2026-08-24T22:16:35.083364+00:00,True,+115.9%,True,$11010.1M,,,False,0.1K,True,$149.00 / SMA $128.00,False,0.00%,,,True,21.8M,False,PNK,False,
AKBLF,ALK-Abelló A/S,37.915,2026-08-24T22:27:23.500239+00:00,False,+31.0%,True,$8401.4M,False,+25.0%,False,0.0K,False,$37.91 / SMA $39.07,False,0.00%,False,+16.4%,True,132.1M,False,PNK,False,
AKRBY,Aker BP ASA,19.0,2026-08-24T22:27:10.976935+00:00,False,+59.9%,True,$23987.1M,True,+64.0%,False,1.7K,True,$19.00 / SMA $16.73,False,0.78%,False,+14.2%,False,526.8M,False,OQX,False,
AKRTF,Aker Solutions ASA,4.25,2026-08-24T22:29:15.713308+00:00,False,+60.4%,True,$2065.7M,,N/A,False,0.3K,False,$4.25 / SMA $4.52,False,0.00%,,N/A,False,231.2M,False,PNK,False,
ALCO,"Alico, Inc.",41.22,2026-08-24T22:35:57.402532+00:00,False,+31.6%,True,$305.8M,True,+110.2%,False,21.0K,True,$41.22 / SMA $40.10,False,2.32%,False,+-70.3%,True,5.6M,True,NMS,False,
ALDF,Aldel Financial II Inc.,10.78,2026-08-24T22:26:08.527917+00:00,False,+4.2%,True,$322.0M,False,+-11.7%,False,21.8K,True,$10.78 / SMA $10.72,False,0.05%,,,True,19.0M,True,NGM,False,
ALGM,"Allegro MicroSystems, Inc.",35.63,2026-08-24T22:16:40.690448+00:00,False,+59.0%,True,$6641.5M,True,+214.3%,True,2815.3K,False,$35.63 / SMA $49.08,True,6.46%,True,+27.5%,True,125.0M,True,NMS,False,
ALGN,"Align Technology, Inc.",159.64,2026-08-24T22:16:32.008549+00:00,False,+30.9%,True,$11340.8M,False,+-12.2%,True,1001.3K,False,$159.64 / SMA $174.38,True,4.00%,False,+4.3%,True,66.9M,True,NMS,False,
ALH,Alliance Laundry Holdings Inc.,23.84,2026-08-24T22:27:31.786924+00:00,False,+27.9%,True,$4739.1M,True,+228.4%,True,914.7K,False,$23.84 / SMA $25.83,True,4.02%,False,+9.6%,True,70.7M,True,NYQ,False,
ALK,"Alaska Air Group, Inc.",41.56,2026-08-24T22:18:32.045115+00:00,False,+25.8%,True,$4636.7M,False,+-147.9%,True,3103.1K,False,$41.56 / SMA $47.85,True,3.58%,False,+9.7%,True,110.9M,True,NYQ,False,
ALLE,Allegion plc,162.63,2026-08-24T22:16:33.451860+00:00,False,+30.1%,True,$13829.5M,False,+16.2%,True,1220.9K,True,$162.63 / SMA $148.39,False,2.36%,False,+12.7%,True,84.6M,True,NYQ,False,
ALLO,"Allogene Therapeutics, Inc.",2.03,2026-08-24T22:24:08.524029+00:00,True,+95.2%,True,$701.3M,True,+35.7%,True,7905.4K,True,$2.03 / SMA $1.98,True,6.49%,,,False,267.3M,True,NMS,False,
ALLY,Ally Financial Inc.,42.45,2026-08-24T22:27:17.860463+00:00,False,+18.2%,True,$12913.3M,False,+13.5%,True,3174.5K,False,$42.45 / SMA $44.54,False,2.02%,False,+11.4%,False,271.9M,True,NYQ,False,
ALM,Almonty Industries Inc.,18.28,2026-08-24T22:18:28.211455+00:00,True,+360.5%,True,$5186.8M,True,+84.6%,True,6469.0K,True,$18.28 / SMA $15.22,True,8.47%,True,+221.2%,False,218.9M,True,NCM,False,
ALMR,"Alamar Biosciences, Inc.",32.7,2026-08-24T22:22:15.449764+00:00,True,+73.5%,True,$2269.1M,,,False,320.7K,True,$32.70 / SMA $27.05,True,8.83%,,,True,36.2M,True,NMS,False,
ALMS,Alumis Inc.,23.03,2026-08-24T22:20:21.825908+00:00,True,+512.5%,True,$2980.9M,True,+59.3%,True,1310.0K,False,$23.03 / SMA $26.48,True,7.05%,False,+-90.0%,True,104.0M,True,NMS,False,
ALPMF,Astellas Pharma Inc.,14.9,2026-08-24T22:27:09.169346+00:00,False,+51.3%,True,$26715.9M,,N/A,False,3.5K,True,$14.90 / SMA $14.13,False,2.43%,,N/A,False,1792.7M,False,PNK,False,
ALPMY,Astellas Pharma Inc.,15.02,2026-08-24T22:16:13.547907+00:00,False,+49.8%,True,$26931.1M,,,False,189.2K,True,$15.02 / SMA $13.76,False,2.00%,,,False,1792.7M,False,PNK,False,
ALRM,"Alarm.com Holdings, Inc.",57.58,2026-08-24T22:29:16.697302+00:00,False,+38.8%,True,$2826.6M,False,+-23.8%,True,501.7K,True,$57.58 / SMA $51.84,False,2.55%,False,+9.2%,True,46.6M,True,NMS,False,
ALT,"Altimmune, Inc.",3.11,2026-08-24T22:24:14.391121+00:00,False,+21.5%,True,$605.0M,True,+30.8%,True,4384.6K,True,$3.11 / SMA $2.94,True,5.85%,False,+-100.0%,False,164.4M,True,NGM,False,
ALTI,"AlTi Global, Inc.",4.11,2026-08-24T22:24:18.361652+00:00,False,+49.5%,True,$640.9M,True,+111.1%,False,218.7K,True,$4.11 / SMA $3.64,True,6.72%,True,+28.1%,True,52.4M,True,NCM,False,
ALTO,"Alto Ingredients, Inc.",4.19,2026-08-24T22:26:01.624800+00:00,True,+355.4%,True,$325.0M,True,+200.0%,True,2522.1K,False,$4.19 / SMA $4.97,True,5.81%,False,+12.5%,True,69.3M,True,NCM,False,
ALV,"Autoliv, Inc.",123.18,2026-08-24T22:27:22.853374+00:00,False,+24.2%,True,$9021.4M,False,+-37.5%,True,695.4K,True,$123.18 / SMA $120.66,False,2.04%,False,+3.3%,True,72.9M,True,NYQ,False,
AMCR,Amcor plc,47.91,2026-08-24T22:16:21.493810+00:00,False,+32.2%,True,$22151.0M,False,+-11.8%,True,3668.4K,True,$47.91 / SMA $44.40,False,2.38%,True,+77.4%,False,459.8M,True,NYQ,False,
AMDLY,"Amada Co., Ltd.",74.66,2026-08-24T22:27:30.845788+00:00,False,+62.3%,True,$5753.7M,,N/A,False,0.0K,False,$74.66 / SMA $74.66,False,0.00%,,N/A,True,77.5M,False,PNK,False,
AMFN,American Fusion Inc.,0.1679,2026-08-24T22:34:19.558258+00:00,True,+167800.0%,False,$271.8M,,N/A,True,6782.3K,True,$0.17 / SMA $0.13,True,18.76%,,N/A,,N/A,False,OQB,False,
AMFPY,Amplifon S.p.A.,46.67,2026-08-24T22:29:13.986186+00:00,False,+0.2%,True,$3094.8M,False,+-0.1%,False,0.0K,False,$46.67 / SMA $46.75,False,0.00%,False,+3.1%,True,25.6M,False,PNK,False,
AMGDF,Aston Martin Lagonda Global Holdings plc,0.49,2026-08-24T22:24:10.819994+00:00,False,+22.5%,True,$497.3M,,,False,33.7K,False,$0.49 / SMA $0.51,True,3.41%,True,+62.4%,False,348.6M,False,PNK,False,
AMIGF,Admiral Group plc,43.53,2026-08-24T22:16:28.576142+00:00,False,+15.3%,True,$13011.2M,,,False,0.1K,False,$43.53 / SMA $48.80,False,0.00%,,,False,262.6M,False,PNK,False,
AMIGY,Admiral Group plc,55.34,2026-08-24T22:27:16.678545+00:00,False,+53.5%,True,$16541.2M,,N/A,False,21.5K,True,$55.34 / SMA $49.48,False,1.88%,,N/A,False,262.6M,False,PNK,False,
AMIVF,Atrium Mortgage Investment Corporation,8.242,2026-08-24T22:34:18.346382+00:00,False,+10.3%,True,$398.5M,False,+-11.1%,False,3.4K,False,$8.24 / SMA $8.31,False,0.11%,False,+-9.2%,True,46.0M,False,PNK,False,
AMKR,"Amkor Technology, Inc.",47.9,2026-08-24T22:16:23.411157+00:00,True,+105.0%,True,$11873.1M,True,+218.2%,True,5768.7K,False,$47.90 / SMA $65.82,True,6.99%,True,+25.6%,True,108.7M,True,NMS,False,
AMLX,"Amylyx Pharmaceuticals, Inc.",38.15,2026-08-24T22:30:53.672645+00:00,True,+350.4%,True,$4250.8M,False,+15.2%,True,2333.1K,True,$38.15 / SMA $20.75,True,8.03%,,N/A,True,83.5M,True,NMS,False,
AMNF,"Armanino Foods of Distinction, Inc.",11.92,2026-08-24T22:26:06.879745+00:00,False,+36.2%,True,$365.2M,False,+22.2%,False,46.8K,True,$11.92 / SMA $10.50,False,2.10%,False,+8.3%,,,False,OQX,False,
AMP,"Ameriprise Financial, Inc.",561.13,2026-08-24T22:16:05.276834+00:00,False,+32.9%,True,$49603.9M,False,+11.6%,True,631.0K,True,$561.13 / SMA $517.82,False,1.88%,False,+12.9%,True,88.0M,True,NYQ,False,
AMR,"Alpha Metallurgical Resources, Inc.",209.93,2026-08-24T22:20:28.664437+00:00,False,+57.1%,True,$2661.7M,False,+-152.6%,False,293.4K,True,$209.93 / SMA $160.77,True,5.56%,False,+-10.4%,True,10.8M,True,NYQ,False,
AMRQF,Amaroq Ltd.,1.392,2026-08-24T22:34:13.466632+00:00,True,+75.1%,True,$649.0M,,N/A,False,42.4K,True,$1.39 / SMA $1.24,True,5.45%,,N/A,False,388.1M,False,OQX,False,
AMRX,"Amneal Pharmaceuticals, Inc.",17.78,2026-08-24T22:29:08.574202+00:00,True,+93.3%,True,$6192.7M,True,+157.1%,True,2032.3K,True,$17.78 / SMA $17.54,True,3.51%,False,+9.9%,False,186.1M,True,NMS,False,
AMRZ,AMRZ,45.18,2026-08-24T22:16:12.446478+00:00,False,+2.0%,True,$24710.1M,False,+-33.4%,True,3385.0K,False,$45.18 / SMA $50.20,False,2.58%,False,+4.7%,False,486.6M,True,NYQ,False,
AMSYF,ArcelorMittal S.A.,66.45,2026-08-24T22:27:04.421526+00:00,True,+100.2%,True,$50106.1M,False,+-62.0%,False,8.1K,True,$66.45 / SMA $65.03,False,0.00%,False,+5.2%,False,413.2M,False,PNK,False,
AMT,American Tower Corporation,178.39,2026-08-24T22:27:00.918162+00:00,False,+11.5%,True,$83122.6M,True,+76.9%,True,3121.0K,True,$178.39 / SMA $171.73,False,2.71%,False,+6.8%,False,464.5M,True,NYQ,False,
AMVOY,Aumovio SE,8.18,2026-08-24T22:18:35.367476+00:00,False,+14.9%,True,$4092.1M,True,+27.6%,False,4.5K,False,$8.18 / SMA $8.56,True,3.63%,False,+-8.3%,False,270.0M,False,PNK,False,
AMWD,AMWD,,2026-08-24T22:34:14.198023+00:00,False,N/A,False,N/A,False,N/A,False,N/A,False,N/A,False,N/A,False,N/A,False,N/A,False,Unknown,False,No price data available
AMXEF,Amex Gold Mining Inc.,3.33,2026-08-24T22:24:19.902415+00:00,True,+110.8%,True,$518.1M,True,+150.0%,False,26.7K,True,$3.33 / SMA $2.99,True,4.33%,,,True,107.3M,False,OQX,False,
AMXOF,"América Móvil, S.A.B. de C.V.",1.18,2026-08-24T22:15:56.686624+00:00,False,+24.9%,True,$70702.1M,False,+8.1%,False,0.8K,True,$1.18 / SMA $1.17,False,0.00%,False,+3.1%,False,17029.7M,False,PNK,False,
ANCTF,Alimentation Couche-Tard Inc.,61.97,2026-08-24T22:16:01.449435+00:00,False,+31.2%,True,$56886.1M,,,False,175.3K,False,$61.97 / SMA $63.86,False,1.55%,False,+19.8%,False,744.0M,False,PNK,False,
ANET,"Arista Networks, Inc.",188.15,2026-08-24T22:26:57.753114+00:00,False,+64.3%,True,$237299.4M,True,+35.7%,True,8181.6K,True,$188.15 / SMA $177.99,True,4.95%,True,+37.7%,False,1049.2M,True,NYQ,False,
ANGPY,Valterra Platinum Limited,14.92,2026-08-24T22:27:12.715171+00:00,True,+99.5%,True,$23639.5M,,N/A,False,165.8K,True,$14.92 / SMA $12.05,False,2.95%,,N/A,False,1571.5M,False,PNK,False,
ANL,Adlai Nortye Group Ltd.,14.16,2026-08-24T22:34:16.137736+00:00,True,+1510.9%,True,$911.9M,,N/A,False,176.3K,True,$14.16 / SMA $11.87,True,8.17%,,N/A,True,44.8M,True,NGM,False,
ANSLY,Ansell Limited,81.94,2026-08-24T22:29:14.281640+00:00,False,+10.2%,True,$2883.4M,,N/A,False,0.0K,False,$81.94 / SMA $83.70,False,0.00%,,N/A,True,35.1M,False,PNK,False,
ANZFF,Air New Zealand Limited,0.24,2026-08-24T22:24:04.145688+00:00,False,+7.3%,True,$776.1M,,,False,1.5K,False,$0.24 / SMA $0.25,False,0.10%,,,False,1590.3M,False,PNK,False,
ANZGY,ANZ Group Holdings Limited,26.36,2026-08-24T22:15:57.493925+00:00,False,+25.4%,True,$79370.8M,,,False,120.8K,True,$26.36 / SMA $25.42,False,0.89%,,,False,3009.8M,False,PNK,False,
AONC,"American Oncology Network, Inc.",11.5,2026-08-24T22:34:14.965489+00:00,True,+1149900.0%,True,$336.4M,,N/A,False,0.1K,True,$11.50 / SMA $10.58,True,1140.13%,,N/A,True,10.3M,False,PNK,False,
AONNF,"Aeon Co., Ltd.",8.39,2026-08-24T22:16:12.569246+00:00,False,+0.0%,True,$23212.0M,,,False,0.0K,False,$8.39 / SMA $9.26,False,0.00%,,,False,2559.3M,False,PNK,False,
AORT,"Artivion, Inc.",26.89,2026-08-24T22:22:22.357885+00:00,False,+40.3%,True,$1311.1M,False,+-1033.3%,True,742.6K,True,$26.89 / SMA $25.09,True,4.40%,False,+11.3%,True,46.3M,True,NYQ,False,
AOSL,Alpha and Omega Semiconductor Limited,25.89,2026-08-24T22:30:56.320913+00:00,False,+52.2%,True,$783.3M,False,+-24.3%,True,780.5K,False,$25.89 / SMA $35.93,True,7.20%,False,+-0.5%,True,24.9M,True,NMS,False,
APAM,Artisan Partners Asset Management Inc.,42.98,2026-08-24T22:20:18.587019+00:00,False,+26.6%,True,$3051.4M,False,+18.1%,True,866.8K,True,$42.98 / SMA $38.20,False,2.79%,False,+8.9%,True,64.2M,True,NYQ,False,
APELY,"Alps Alpine Co., Ltd.",27.33,2026-08-24T22:20:23.730579+00:00,False,+19.4%,True,$2666.7M,,,False,0.4K,True,$27.33 / SMA $26.29,False,1.39%,,,True,88.5M,False,PNK,False,
APG,APi Group Corporation,40.72,2026-08-24T22:16:20.884962+00:00,False,+21.9%,True,$17597.6M,True,+25.0%,True,2904.2K,False,$40.72 / SMA $41.40,True,3.03%,False,+13.3%,False,354.6M,True,NYQ,False,
APGE,"Apogee Therapeutics, Inc.",134.79,2026-08-24T22:18:23.323447+00:00,True,+280.9%,True,$10201.9M,False,+-14.0%,True,2787.6K,True,$134.79 / SMA $129.31,False,0.14%,,,True,58.4M,True,NGM,False,
APH,Amphenol Corporation,155.55,2026-08-24T22:26:58.352366+00:00,False,+47.5%,True,$191790.6M,True,+59.3%,True,8098.1K,False,$155.55 / SMA $160.96,True,3.88%,,N/A,False,1225.0M,True,NYQ,False,
APLE,"Apple Hospitality REIT, Inc.",16.59,2026-08-24T22:20:17.370358+00:00,False,+52.9%,True,$3916.6M,False,+3.7%,True,3025.8K,True,$16.59 / SMA $16.42,False,2.22%,False,+4.7%,False,219.1M,True,NYQ,False,
APPN,Appian Corporation,39.17,2026-08-24T22:30:53.071102+00:00,True,+110.3%,True,$2805.7M,,N/A,True,886.9K,True,$39.17 / SMA $27.41,True,6.81%,False,+19.1%,True,37.8M,True,NGM,False,
APPS,"Digital Turbine, Inc.",10.74,2026-08-24T22:24:15.006393+00:00,True,+292.0%,True,$1299.7M,True,+30.8%,True,6407.2K,True,$10.74 / SMA $10.50,True,8.58%,True,+26.8%,True,109.5M,True,NCM,True,
APTV,Aptiv PLC,47.34,2026-08-24T22:27:18.725709+00:00,False,+2.6%,True,$10018.1M,False,+-35.0%,True,3650.3K,False,$47.34 / SMA $56.50,True,3.67%,False,+2.3%,False,205.1M,True,NYQ,False,
APXT,Apex Treasury Corporation,10.1,2026-08-24T22:24:20.243551+00:00,False,+2.3%,True,$464.2M,,,False,235.3K,True,$10.10 / SMA $10.09,False,0.17%,,,True,34.5M,True,NGM,False,
APXTU,Apex Treasury Corporation,10.26,2026-08-24T22:34:16.505408+00:00,False,+2.5%,,N/A,,N/A,False,9.2K,False,$10.26 / SMA $10.26,False,0.21%,,N/A,True,34.5M,True,NGM,False,
APYRF,Allied Properties Real Estate Investment Trust,6.6,2026-08-24T22:30:59.480546+00:00,False,+2.2%,True,$1370.0M,False,+-461.2%,False,35.1K,False,$6.60 / SMA $7.02,False,0.79%,False,+-3.1%,False,183.3M,False,PNK,False,
AQN,Algonquin Power & Utilities Corp.,5.69,2026-08-24T22:18:31.991786+00:00,False,+7.0%,True,$4380.7M,False,+-100.0%,True,4351.9K,False,$5.69 / SMA $5.81,False,2.08%,False,+3.1%,False,623.8M,True,NYQ,False,
AQST,"Aquestive Therapeutics, Inc.",4.8,2026-08-24T22:24:17.011914+00:00,False,+63.8%,True,$602.5M,True,+70.8%,True,2513.7K,True,$4.80 / SMA $4.18,True,5.70%,True,+65.7%,True,114.7M,True,NGM,False,
AR,Antero Resources Corporation,37.9,2026-08-24T22:27:19.749601+00:00,False,+30.2%,True,$11651.9M,True,+80.0%,True,4636.0K,True,$37.90 / SMA $35.15,False,2.86%,False,+11.1%,False,296.2M,True,NYQ,False,
ARAFF,Arafura Rare Earths Limited,0.1566,2026-08-24T22:30:57.683309+00:00,False,+56.6%,True,$951.0M,,N/A,False,379.4K,False,$0.16 / SMA $0.16,True,12.68%,,N/A,False,3730.6M,False,PNK,False,
ARCB,ArcBest Corporation,134.45,2026-08-24T22:20:22.546104+00:00,True,+126.2%,True,$3005.1M,False,+-155.4%,False,406.3K,False,$134.45 / SMA $146.57,True,5.20%,False,+15.9%,True,22.0M,True,NMS,False,
ARCO,Arcos Dorados Holdings Inc.,8.09,2026-08-24T22:30:50.672727+00:00,False,+23.7%,True,$1704.3M,True,+142.9%,True,1278.1K,False,$8.09 / SMA $8.22,False,2.34%,False,+12.9%,True,120.2M,True,NYQ,False,
ARCVF,Arcadis NV,48.09,2026-08-24T22:29:10.497997+00:00,False,+56.3%,True,$4129.3M,,N/A,False,0.2K,True,$48.09 / SMA $43.02,False,0.19%,,N/A,True,67.9M,False,PNK,False,
ARDT,"Ardent Health, Inc.",11.25,2026-08-24T22:30:55.573578+00:00,False,+45.9%,True,$1586.8M,False,+-76.9%,True,548.4K,True,$11.25 / SMA $10.37,True,4.55%,,N/A,True,52.1M,True,NYQ,False,
ARI,"Apollo Commercial Real Estate Finance, Inc.",6.89,2026-08-24T22:30:54.454822+00:00,False,+7.2%,True,$883.4M,False,+0.0%,True,4221.7K,True,$6.89 / SMA $6.80,False,2.11%,False,+-13.8%,True,102.1M,True,NYQ,False,
ARLUF,Aristocrat Leisure Limited,45.0,2026-08-24T22:27:12.173127+00:00,False,+48.5%,True,$26866.6M,,N/A,False,0.7K,True,$45.00 / SMA $43.33,False,0.19%,,N/A,False,602.3M,False,PNK,False,
AROW,Arrow Financial Corporation,38.34,2026-08-24T22:24:12.176023+00:00,False,+48.1%,True,$710.2M,False,+1.5%,False,97.4K,False,$38.34 / SMA $39.77,False,2.20%,False,+10.1%,True,16.2M,True,NMS,False,
ARR,"ARMOUR Residential REIT, Inc.",16.38,2026-08-24T22:30:49.053715+00:00,False,+17.2%,True,$2318.6M,True,+191.5%,True,3745.4K,False,$16.38 / SMA $16.41,False,1.47%,True,+265.2%,True,141.3M,True,NYQ,False,
ARREF,Amerigo Resources Ltd.,5.92,2026-08-24T22:34:10.591758+00:00,True,+270.0%,True,$955.7M,True,+450.0%,False,136.7K,True,$5.92 / SMA $5.02,True,6.58%,True,+89.5%,True,140.1M,False,OQX,False,
ARRY,"Array Technologies, Inc.",4.57,2026-08-24T22:22:17.078326+00:00,False,+2.0%,True,$703.8M,False,+-73.7%,True,6739.9K,False,$4.57 / SMA $6.17,True,6.67%,False,+-5.6%,True,140.1M,True,NGM,False,
ARSRF,Aeris Resources Limited,0.32675,2026-08-24T22:34:20.211489+00:00,True,+152.9%,True,$489.2M,,N/A,False,1.2K,True,$0.33 / SMA $0.27,False,0.01%,,N/A,False,910.8M,False,PNK,False,
ARSTY,Ariston Holding N.V.,15.865,2026-08-24T22:30:55.742871+00:00,False,+0.5%,True,$5830.5M,,N/A,False,0.0K,True,$15.87 / SMA $15.84,False,0.00%,,N/A,True,13.7M,False,PNK,False,
ARTCU,Art Technology Acquisition Corp.,10.05,2026-08-24T22:34:21.025339+00:00,False,+1.7%,,N/A,,N/A,False,1.4K,False,$10.05 / SMA $10.13,False,0.17%,,N/A,True,24.6M,True,NGM,False,
ARX,Accelerant Holdings,19.66,2026-08-24T22:18:39.799291+00:00,True,+114.2%,True,$4269.9M,False,+-166.7%,True,3746.9K,True,$19.66 / SMA $14.07,True,4.65%,True,+58.8%,True,56.8M,True,NYQ,False,
ARXCY,ARC Resources Ltd.,24.5,2026-08-24T22:16:29.142981+00:00,True,+94.8%,True,$13863.9M,False,+-8.8%,False,0.2K,True,$24.50 / SMA $22.11,False,0.02%,True,+57.0%,False,564.1M,False,PNK,False,
ARXS,"Arxis, Inc.",53.06,2026-08-24T22:16:26.693655+00:00,False,+60.1%,True,$22859.6M,,,True,1036.4K,True,$53.06 / SMA $47.87,True,6.36%,,,True,74.0M,True,NMS,False,
ARYTF,Aryt Industries Ltd.,7.18,2026-08-24T22:22:21.030866+00:00,True,+7080.0%,True,$730.4M,,,False,0.0K,False,$7.18 / SMA $8.98,False,0.05%,,,True,55.3M,False,PNK,False,
ASA,ASA Gold and Precious Metals Limited,63.47,2026-08-24T22:22:21.034037+00:00,True,+76.3%,True,$1192.5M,,,False,81.8K,True,$63.47 / SMA $54.56,True,3.06%,,,True,10.7M,True,NYQ,False,
ASAAF,AT & S Austria Technologie & Systemtechnik Aktiengesellschaft,202.5,2026-08-24T22:18:25.292311+00:00,True,+1517.4%,True,$7867.1M,,,False,0.1K,True,$202.50 / SMA $201.90,False,0.86%,True,+39.7%,True,25.1M,False,PNK,False,
ASAZY,ASSA ABLOY AB (publ),18.46,2026-08-24T22:16:05.455813+00:00,False,+10.5%,True,$41009.9M,True,+80.1%,False,472.7K,True,$18.46 / SMA $17.93,False,1.07%,False,+3.5%,False,2035.8M,False,PNK,False,
ASGLY,AGC Inc.,6.95,2026-08-24T22:16:40.649064+00:00,False,+15.4%,True,$7381.6M,,,False,5.8K,False,$6.95 / SMA $7.98,True,3.94%,,,False,932.4M,False,PNK,False,
ASIC,Ategrity Specialty Insurance Company Holdings,26.33,2026-08-24T22:30:59.735881+00:00,False,+61.0%,True,$1261.9M,True,+71.8%,False,76.9K,True,$26.33 / SMA $23.81,True,4.27%,,N/A,True,8.9M,True,NYQ,False,
ASMIY,ASM International NV,960.06,2026-08-24T22:27:03.900768+00:00,True,+107.0%,True,$47025.2M,True,+1083.1%,False,16.0K,False,$960.06 / SMA $1030.69,True,3.09%,False,+19.5%,True,46.6M,False,OQX,False,
ASML,ASML Holding N.V.,1740.13,2026-08-24T22:26:56.522503+00:00,True,+143.0%,True,$668383.9M,True,+28.5%,True,1878.3K,False,$1740.13 / SMA $1776.95,True,3.19%,False,+21.3%,False,21331.6M,True,NMS,False,
ASMLF,ASML Holding N.V.,1755.55,2026-08-24T22:15:48.305032+00:00,True,+145.2%,True,$674306.8M,True,+28.5%,False,8.8K,False,$1755.55 / SMA $1777.83,True,3.09%,False,+21.3%,False,384.0M,False,PNK,False,
ASMOF,Asmodee Group AB (publ),17.23,2026-08-24T22:29:09.928793+00:00,True,+84.1%,,N/A,,N/A,False,7.6K,True,$17.23 / SMA_short $16.20,,N/A,,N/A,,N/A,False,PNK,False,
ASMVY,ASMPT Limited,60.31,2026-08-24T22:27:21.552873+00:00,True,+139.6%,True,$8431.1M,True,+300.0%,False,11.3K,False,$60.31 / SMA $68.22,False,2.89%,,N/A,True,105.2M,False,PNK,False,
ASO,"Academy Sports and Outdoors, Inc.",46.15,2026-08-24T22:20:14.589786+00:00,False,+11.8%,True,$2862.1M,False,+17.6%,True,1511.8K,False,$46.15 / SMA $48.06,True,3.65%,False,+6.7%,True,61.0M,True,NMS,False,
ASOMF,ASOS Plc,3.64,2026-08-24T22:24:23.119992+00:00,False,+25.1%,True,$435.5M,,,False,0.0K,False,$3.64 / SMA $3.70,False,0.00%,,,True,32.1M,False,PNK,False,
ASPI,ASP Isotopes Inc.,3.89,2026-08-24T22:34:11.454548+00:00,False,+10.8%,True,$596.4M,True,+50.0%,True,4739.6K,False,$3.89 / SMA $4.90,True,7.06%,True,+279.3%,True,132.7M,True,NCM,False,
ASRHF,Astroscale Holdings Inc.,7.0,2026-08-24T22:20:31.226624+00:00,True,+76.1%,,,,,False,7.5K,False,$7.00 / SMA_short $9.00,False,2.31%,,,True,98.8M,False,PNK,False,
ASST,"Strive, Inc.",19.73,2026-08-24T22:30:56.197018+00:00,True,+181.1%,True,$1697.5M,,N/A,True,4273.5K,True,$19.73 / SMA $13.03,True,7.27%,True,+166.6%,True,72.9M,True,NGM,True,
ASTH,"Astrana Health, Inc.",38.11,2026-08-24T22:30:50.541057+00:00,True,+110.8%,True,$1890.4M,True,+110.5%,True,609.0K,False,$38.11 / SMA $41.16,True,5.34%,,N/A,True,38.8M,True,NCM,False,
ASTS,"AST SpaceMobile, Inc.",62.35,2026-08-24T22:27:05.130492+00:00,True,+72.8%,True,$24264.6M,False,+-230.0%,True,19313.3K,False,$62.35 / SMA $69.83,True,7.54%,True,+1952.2%,False,266.4M,True,NMS,False,
ASUUY,ASUSTeK Computer Inc.,115.0,2026-08-24T22:27:15.324424+00:00,False,+46.5%,True,$17154.7M,False,+-23.5%,False,0.0K,True,$115.00 / SMA $106.58,False,0.00%,True,+41.1%,True,135.8M,False,PNK,False,
ATAI,AtaiBeckley Inc.,7.38,2026-08-24T22:30:52.973068+00:00,True,+126.0%,True,$2737.0M,True,+46.7%,True,12034.1K,True,$7.38 / SMA $6.14,False,0.68%,False,+-38.6%,False,308.4M,True,NGM,False,
ATAT,Atour Lifestyle Holdings Limited,34.75,2026-08-24T22:18:31.377933+00:00,False,+12.9%,True,$4802.0M,True,+91.4%,True,979.7K,True,$34.75 / SMA $33.28,True,3.21%,True,+47.5%,True,91.9M,True,NMS,False,
ATAZF,Atea ASA,17.79,2026-08-24T22:20:34.969347+00:00,False,+46.4%,True,$1984.7M,True,+33.3%,False,0.0K,True,$17.79 / SMA $17.77,False,0.00%,False,+21.9%,True,70.8M,False,PNK,False,
ATHOF,Athabasca Oil Corporation,7.69,2026-08-24T22:29:07.613945+00:00,True,+78.4%,True,$3701.2M,False,+-7.1%,False,356.7K,True,$7.69 / SMA $7.50,False,2.86%,False,+-6.9%,False,470.9M,False,PNK,False,
ATKR,Atkore Inc.,93.49,2026-08-24T22:20:21.366074+00:00,True,+73.9%,True,$3157.4M,False,+-98.4%,True,731.5K,True,$93.49 / SMA $80.50,False,1.37%,False,+8.1%,True,31.7M,True,NYQ,False,
ATLC,Atlanticus Holdings Corporation,95.15,2026-08-24T22:30:56.353943+00:00,True,+100.3%,True,$1443.4M,True,+65.6%,False,173.3K,False,$95.15 / SMA $100.22,True,5.50%,True,+86.1%,True,5.5M,True,NMS,False,
ATLCP,Atlanticus Holdings Corporation,24.2,2026-08-24T22:22:17.848172+00:00,False,+18.3%,,,,,False,5.1K,False,$24.20 / SMA $24.29,False,0.58%,True,+86.1%,True,5.5M,True,NMS,False,
ATLCY,Atlas Copco AB (publ),18.66,2026-08-24T22:15:55.611999+00:00,False,+34.3%,True,$91035.1M,False,+7.4%,False,20.8K,True,$18.66 / SMA $18.11,False,1.19%,False,+5.3%,False,3947.5M,False,PNK,False,
ATLKY,Atlas Copco AB (publ),21.48,2026-08-24T22:27:00.827041+00:00,False,+38.2%,True,$104792.8M,False,+7.4%,False,492.6K,True,$21.48 / SMA $20.69,False,1.47%,False,+5.3%,False,3947.5M,False,PNK,False,
ATMU,Atmus Filtration Technologies Inc.,48.13,2026-08-24T22:29:08.510959+00:00,False,+13.0%,True,$3927.2M,False,+8.3%,True,783.3K,False,$48.13 / SMA $51.35,True,3.92%,False,+16.4%,True,80.9M,True,NYQ,False,
ATO,Atmos Energy Corporation,167.82,2026-08-24T22:16:10.754620+00:00,False,+4.8%,True,$28359.7M,False,+23.3%,True,1355.0K,False,$167.82 / SMA $173.40,False,1.72%,False,+4.8%,False,168.2M,True,NYQ,False,
ATS,ATS Corporation,19.23,2026-08-24T22:29:10.724809+00:00,False,+1.0%,True,$1887.0M,False,+-100.0%,False,215.3K,False,$19.23 / SMA $25.57,True,4.75%,False,+-5.8%,True,73.3M,True,NYQ,False,
ATXRF,ATEX Resources Inc.,1.99,2026-08-24T22:34:09.762594+00:00,False,+39.2%,True,$749.2M,True,+30.0%,False,117.2K,True,$1.99 / SMA $1.79,True,3.70%,,N/A,False,268.7M,False,OQX,False,
ATZAF,Aritzia Inc.,97.0,2026-08-24T22:27:19.403013+00:00,True,+71.6%,True,$11114.3M,False,+17.9%,False,71.4K,False,$97.00 / SMA $104.43,True,3.31%,False,+6.2%,True,96.1M,False,PNK,False,
AUB,Atlantic Union Bankshares Corporation,40.92,2026-08-24T22:27:30.534862+00:00,False,+32.6%,True,$5844.0M,,N/A,True,1118.0K,False,$40.92 / SMA $41.53,False,1.77%,False,+2.7%,True,141.4M,True,NYQ,False,
AUGO,Aura Minerals Inc.,87.37,2026-08-24T22:18:23.612852+00:00,True,+220.3%,True,$7324.8M,True,+357.0%,True,1070.4K,True,$87.37 / SMA $63.80,True,5.00%,True,+107.6%,True,34.9M,True,NMS,True,
AUKNY,Auckland International Airport Limited,26.4,2026-08-24T22:27:24.750281+00:00,False,+27.6%,True,$8975.8M,,N/A,False,0.1K,True,$26.40 / SMA $25.08,False,0.00%,,N/A,False,339.9M,False,PNK,False,
AUPH,Aurinia Pharmaceuticals Inc.,16.57,2026-08-24T22:20:32.281049+00:00,False,+60.3%,True,$2204.7M,True,+75.0%,True,1498.4K,True,$16.57 / SMA $15.96,True,3.63%,False,+18.9%,True,128.8M,True,NGM,False,
AVA,Avista Corporation,37.93,2026-08-24T22:20:14.045517+00:00,False,+6.8%,True,$3176.7M,True,+152.9%,True,748.7K,False,$37.93 / SMA $39.95,False,1.98%,,,True,83.0M,True,NYQ,False,
AVB,AvalonBay Communities Inc,184.06,2026-08-24T22:27:10.343775+00:00,True,+221.1%,True,$26283.4M,False,+-41.0%,True,2727.5K,True,$184.06 / SMA $67.04,False,1.42%,False,+2.3%,True,133.8M,True,NYQ,False,
AVBP,"ArriVent BioPharma, Inc.",28.26,2026-08-24T22:30:56.433301+00:00,False,+66.2%,True,$1393.4M,True,+49.5%,True,567.1K,False,$28.26 / SMA $31.53,True,4.99%,,N/A,True,32.1M,True,NGM,False,
AVCTF,Avacta Group Plc,0.9283,2026-08-24T22:24:21.209244+00:00,False,+30.5%,True,$435.0M,,,False,0.8K,False,$0.93 / SMA $0.96,False,0.00%,,,False,427.2M,False,PNK,False,
AVEXF,Avex Inc.,7.49,2026-08-24T22:34:21.884323+00:00,False,+5.6%,True,$319.7M,,N/A,False,0.0K,True,$7.49 / SMA $7.49,False,0.00%,,N/A,True,28.1M,False,PNK,False,
AVGO,Broadcom Inc.,358.76,2026-08-24T22:15:48.359904+00:00,False,+24.9%,True,$1706829.5M,True,+85.4%,True,26326.2K,False,$358.76 / SMA $387.90,True,3.51%,True,+47.9%,False,4698.9M,True,NMS,False,
AVNBF,Avon Technologies Plc,24.0,2026-08-24T22:34:11.925244+00:00,False,+12.8%,True,$706.8M,,N/A,False,0.0K,True,$24.00 / SMA $22.52,False,0.00%,,N/A,True,24.0M,False,PNK,False,
AVNS,Avanos Medical Inc,24.99,2026-08-24T22:30:57.436287+00:00,True,+161.7%,True,$1170.7M,,N/A,True,1053.0K,True,$24.99 / SMA_short $24.98,,N/A,False,+8.8%,True,46.0M,True,NYQ,False,
AVNT,Avient Corporation,44.42,2026-08-24T22:20:17.976244+00:00,False,+61.6%,True,$4074.2M,False,+22.8%,True,909.6K,True,$44.42 / SMA $39.00,True,3.43%,False,+5.8%,True,91.1M,True,NYQ,False,
AVY,Avery Dennison Corporation,183.69,2026-08-24T22:27:18.780448+00:00,False,+20.5%,True,$14050.5M,False,+10.8%,True,777.5K,True,$183.69 / SMA $167.17,False,2.96%,False,+10.9%,True,75.2M,True,NYQ,False,
AWTRF,Air Water Inc.,13.69,2026-08-24T22:20:14.821457+00:00,False,+1.5%,True,$3138.6M,,,False,0.0K,False,$13.69 / SMA $14.23,False,0.00%,,,False,182.2M,False,PNK,False,
AX,"Axos Financial, Inc.",96.94,2026-08-24T22:18:30.353855+00:00,False,+29.4%,True,$5499.8M,,,False,373.3K,False,$96.94 / SMA $97.21,False,2.57%,,,True,54.2M,True,NYQ,False,
AXAHY,AXA SA,51.44,2026-08-24T22:15:55.120182+00:00,False,+19.5%,True,$107556.0M,,,False,120.3K,True,$51.44 / SMA $50.65,False,0.84%,,,False,1592.2M,False,OQX,False,
AXG,Solowin Holdings,2.355,2026-08-24T22:24:09.408396+00:00,False,+0.2%,True,$454.8M,,,False,159.7K,False,$2.35 / SMA $3.07,True,3.81%,,,True,55.6M,True,NCM,False,
AXIA,AXIA Energia,10.22,2026-08-24T22:16:14.351745+00:00,True,+70.9%,True,$23290.9M,,,True,2549.3K,True,$10.22 / SMA_short $9.71,,,False,+9.7%,False,1641.9M,True,NYQ,False,
AXSM,"Axsome Therapeutics, Inc.",205.4,2026-08-24T22:16:30.824026+00:00,True,+81.9%,True,$10759.0M,False,+-3.3%,True,874.1K,False,$205.40 / SMA $231.44,True,3.77%,True,+57.4%,True,44.5M,True,NGM,False,
AXTA,Axalta Coating Systems Ltd.,36.06,2026-08-24T22:18:22.594802+00:00,False,+44.6%,True,$7717.6M,False,+-18.0%,True,2236.0K,True,$36.06 / SMA $34.69,False,2.18%,False,+3.1%,False,212.7M,True,NYQ,False,
AYALY,Ayala Corporation,9.2,2026-08-24T22:29:06.038468+00:00,False,+45.1%,True,$5804.3M,False,+-7.4%,False,0.7K,True,$9.20 / SMA $7.48,False,1.89%,False,+0.9%,False,286.3M,False,PNK,False,
AYI,Acuity Inc.,336.59,2026-08-24T22:27:23.530231+00:00,False,+30.9%,True,$10076.0M,True,+46.2%,False,372.1K,False,$336.59 / SMA $338.83,False,2.90%,False,+1.6%,True,29.5M,True,NYQ,False,
AZZ,AZZ Inc.,140.76,2026-08-24T22:29:07.886420+00:00,False,+51.4%,True,$4230.0M,False,+-69.6%,False,302.1K,False,$140.76 / SMA $149.57,True,3.07%,False,+6.3%,True,29.5M,True,NYQ,False,
BACHF,Bank of China Limited,0.703,2026-08-24T22:26:57.492861+00:00,False,+40.6%,True,$226515.3M,False,+0.0%,False,58.7K,True,$0.70 / SMA $0.67,False,0.23%,False,+8.6%,False,105595.5M,False,PNK,False,
BAESF,BAE Systems plc,29.5,2026-08-24T22:27:01.442482+00:00,False,+39.7%,True,$86416.7M,,N/A,False,26.2K,True,$29.50 / SMA $26.91,True,3.60%,,N/A,False,2863.3M,False,PNK,False,
BAESY,BAE Systems plc,114.14,2026-08-24T22:15:57.167029+00:00,False,+35.1%,True,$83589.8M,,,False,277.8K,True,$114.14 / SMA $107.01,False,1.49%,,,False,715.8M,False,PNK,False,
BAK,Braskem S.A.,1.84,2026-08-24T22:22:12.462818+00:00,False,+0.5%,True,$415.8M,True,+107.1%,True,2219.8K,False,$1.84 / SMA $2.47,True,7.45%,False,+-20.4%,True,44.6M,True,NYQ,False,
BALY,Bally's Corporation,9.26,2026-08-24T22:24:10.368369+00:00,False,+9.7%,True,$467.3M,,,False,75.4K,False,$9.26 / SMA $13.32,True,9.57%,,,True,11.7M,True,NYQ,False,
BAMIF,Blue Ant Media Corporation,4.25,2026-08-24T22:34:17.440159+00:00,False,+22.8%,False,$117.7M,False,+-19.7%,False,4.9K,True,$4.25 / SMA $3.78,False,1.10%,True,+124.2%,True,18.7M,False,PNK,False,
BAND,Bandwidth Inc.,46.35,2026-08-24T22:20:32.206927+00:00,True,+270.8%,True,$1491.6M,True,+143.8%,True,1312.1K,False,$46.35 / SMA $56.83,True,8.27%,False,+22.2%,True,29.1M,True,NMS,False,
BANF,BancFirst Corporation,112.53,2026-08-24T22:18:40.011322+00:00,False,+10.9%,True,$3779.5M,False,+5.9%,False,166.8K,False,$112.53 / SMA $114.02,False,1.79%,False,+10.7%,True,23.3M,True,NMS,False,
BAYZF,Bayer Aktiengesellschaft,55.03,2026-08-24T22:27:04.738597+00:00,True,+83.4%,True,$54062.8M,True,+215.0%,False,4.8K,True,$55.03 / SMA $53.15,False,0.32%,False,+1.2%,False,982.4M,False,OQX,False,
BB,BlackBerry Limited,7.65,2026-08-24T22:27:32.458383+00:00,True,+145.2%,True,$4483.7M,,N/A,True,28614.1K,False,$7.65 / SMA $9.44,True,4.99%,True,+25.6%,False,584.6M,True,NYQ,False,
BBAI,"BigBear.ai Holdings, Inc.",3.07,2026-08-24T22:20:31.593466+00:00,False,+18.5%,True,$1472.0M,True,+93.0%,True,31654.6K,False,$3.07 / SMA $3.26,True,5.90%,False,+13.2%,False,475.3M,True,NYQ,False,
BBAJF,"Banco del Bajío, S.A., Institución de Banca Múltiple",3.25,2026-08-24T22:18:39.533426+00:00,False,+45.4%,True,$3867.3M,False,+-11.0%,False,0.4K,True,$3.25 / SMA $3.20,False,0.00%,False,+-6.1%,False,737.8M,False,PNK,False,
BBAR,Banco BBVA Argentina S.A.,14.76,2026-08-24T22:29:10.755445+00:00,True,+90.2%,True,$3014.5M,False,+0.0%,True,708.7K,False,$14.76 / SMA $18.60,True,5.32%,True,+26.3%,True,53.0M,True,NYQ,False,
BBBY,"Bed Bath & Beyond, Inc.",4.35,2026-08-24T22:24:23.699296+00:00,False,+6.4%,True,$414.4M,False,+-55.9%,True,2583.9K,False,$4.35 / SMA_short $4.75,True,6.08%,True,+28.0%,,,True,NYQ,False,
BBCQU,Bleichroeder Acquisition Corp. II,10.5,2026-08-24T22:24:21.891758+00:00,False,+4.8%,,,,,False,1.5K,False,$10.50 / SMA $10.96,False,0.73%,,,True,20.9M,True,NGM,False,
BBN,BlackRock Taxable Municipal Bond Trust,15.75,2026-08-24T22:22:25.610393+00:00,False,+1.8%,True,$973.2M,,,False,133.8K,False,$15.75 / SMA $15.79,False,0.76%,,,,,True,NYQ,False,
BBNX,"Beta Bionics, Inc.",19.73,2026-08-24T22:34:15.110224+00:00,True,+124.2%,True,$887.6M,False,+-35.9%,True,1164.9K,True,$19.73 / SMA $16.21,True,8.32%,True,+37.8%,True,26.4M,True,NGM,False,
BBOT,"BridgeBio Oncology Therapeutics, Inc.",9.14,2026-08-24T22:24:08.721160+00:00,False,+30.6%,True,$732.8M,False,+-188819.3%,False,375.6K,True,$9.14 / SMA $8.49,True,5.75%,,,True,35.8M,True,NGM,False,
BBSEY,BB Seguridade Participações S.A.,7.44,2026-08-24T22:27:17.561350+00:00,False,+27.2%,True,$14442.9M,False,+22.8%,False,179.8K,False,$7.44 / SMA $7.46,True,3.25%,False,+-0.2%,False,616.1M,False,PNK,False,
BBSI,"Barrett Business Services, Inc.",33.42,2026-08-24T22:34:10.358792+00:00,False,+31.9%,True,$809.9M,False,+-25.7%,False,252.9K,False,$33.42 / SMA $36.19,True,3.97%,False,+3.8%,True,23.2M,True,NMS,False,
BBT,Beacon Financial Corporation,31.58,2026-08-24T22:20:26.229124+00:00,False,+38.4%,True,$2646.9M,True,+208.0%,True,832.4K,True,$31.58 / SMA $30.55,False,1.93%,True,+131.7%,True,77.9M,True,NYQ,False,
BBUC,Brookfield Business Corporation,28.24,2026-08-24T22:27:26.700241+00:00,False,+0.9%,True,$5801.7M,True,+50.0%,False,461.4K,False,$28.24 / SMA $30.58,True,3.51%,False,+-3.0%,True,10.3M,True,NYQ,False,
BBVA,"Banco Bilbao Vizcaya Argentaria, S.A.",29.21,2026-08-24T22:26:59.156383+00:00,False,+64.4%,True,$161189.7M,False,+15.2%,True,1604.2K,True,$29.21 / SMA $26.20,False,1.18%,False,+20.6%,False,5738.2M,True,NYQ,False,
BBWI,"Bath & Body Works, Inc.",19.17,2026-08-24T22:18:41.357090+00:00,False,+34.2%,True,$3863.9M,True,+83.7%,True,5764.8K,False,$19.17 / SMA $20.19,True,3.97%,False,+-3.2%,False,200.7M,True,NYQ,False,
BC,Brunswick Corporation,81.25,2026-08-24T22:18:28.363838+00:00,False,+38.7%,True,$5264.8M,True,+88.8%,True,683.0K,True,$81.25 / SMA $80.68,True,3.56%,False,+7.7%,True,64.0M,True,NYQ,False,
BCAR,D. Boral ARC Acquisition I Corp.,5.54,2026-08-24T22:24:22.013623+00:00,False,+38.5%,False,$228.2M,,,True,501.8K,False,$5.54 / SMA $8.28,True,20.12%,,,True,25.9M,True,NGM,False,
BCARU,D. Boral ARC Acquisition I Corp.,5.87,2026-08-24T22:34:17.248341+00:00,True,+95.7%,,N/A,,N/A,False,7.7K,False,$5.87 / SMA $9.33,True,12.37%,,N/A,True,25.9M,True,NGM,False,
BCCMY,BAIC Motor Corporation Limited,1.135,2026-08-24T22:30:56.717260+00:00,False,+10.2%,True,$909.7M,,N/A,False,0.3K,False,$1.14 / SMA $1.18,False,0.00%,,N/A,False,175.5M,False,PNK,False,
BCDRF,"Banco Santander, S.A.",14.8,2026-08-24T22:15:51.087282+00:00,False,+62.6%,True,$215286.8M,,,True,614.0K,True,$14.80 / SMA $13.98,True,4.77%,False,+8.3%,False,14088.7M,False,PNK,False,
BCEFF,BCE Inc.,15.4,2026-08-24T22:16:16.168987+00:00,False,+12.7%,,,,,False,0.0K,True,$15.40 / SMA $15.31,False,0.00%,False,+1.5%,False,931.4M,False,PNK,False,
BCKIF,Babcock International Group PLC,15.45,2026-08-24T22:27:27.091951+00:00,False,+25.1%,True,$7608.7M,,N/A,False,1.2K,True,$15.45 / SMA $14.36,False,0.11%,,N/A,False,459.1M,False,PNK,False,
BCNAF,Barco NV,9.0,2026-08-24T22:34:08.105999+00:00,False,+1.0%,True,$732.5M,,N/A,False,0.0K,False,$9.00 / SMA $9.71,False,0.00%,,N/A,True,51.7M,False,PNK,False,
BCPC,Balchem Corporation,177.5,2026-08-24T22:18:28.750658+00:00,False,+27.5%,True,$5658.3M,False,+18.8%,False,222.6K,True,$177.50 / SMA $169.38,False,2.43%,,,True,31.7M,True,NMS,False,
BCS,Barclays PLC,26.97,2026-08-24T22:27:01.312083+00:00,False,+39.8%,True,$90703.6M,True,+42.7%,True,4673.7K,False,$26.97 / SMA $27.14,False,1.52%,False,+16.0%,False,3180.7M,True,NYQ,False,
BCSF,"Bain Capital Specialty Finance, Inc.",12.12,2026-08-24T22:34:08.911448+00:00,False,+2.5%,True,$786.2M,False,+-88.6%,False,355.3K,False,$12.12 / SMA $12.53,False,2.37%,False,+-78.1%,,N/A,True,NYQ,False,
BCTCF,OSL Group Limited,1.5,2026-08-24T22:22:16.113946+00:00,True,+14900.0%,True,$1348.9M,,,False,0.0K,True,$1.50 / SMA $1.50,False,0.00%,,,False,563.3M,False,PNK,False,
BCYC,Bicycle Therapeutics plc,4.33,2026-08-24T22:35:56.080428+00:00,False,+15.6%,True,$302.3M,True,+36.8%,False,427.5K,True,$4.33 / SMA $4.11,True,3.60%,False,+-78.5%,,N/A,True,NMS,False,
BDC,Belden Inc.,116.76,2026-08-24T22:18:36.598536+00:00,False,+19.1%,True,$4562.8M,False,+13.7%,True,546.4K,False,$116.76 / SMA $117.22,True,3.95%,False,+11.6%,True,38.3M,True,NYQ,False,
BDCI,BTC Development Corp.,10.12,2026-08-24T22:34:20.973854+00:00,False,+1.6%,True,$351.6M,True,+4358.9%,False,42.3K,True,$10.12 / SMA $10.08,False,0.04%,,N/A,True,23.6M,True,NGM,False,
BDCIU,BTC Development Corp.,10.25,2026-08-24T22:26:03.394289+00:00,False,+1.6%,,,,,False,1.3K,True,$10.25 / SMA $10.21,False,0.07%,,,True,23.6M,True,NGM,False,
BDJ,BlackRock Enhanced Equity Dividend Trust,9.73,2026-08-24T22:22:10.700253+00:00,False,+15.6%,True,$1721.7M,,,True,504.4K,True,$9.73 / SMA $9.56,False,0.84%,,,,,True,NYQ,False,
BDNNY,Boliden AB (publ),119.82,2026-08-24T22:27:15.144522+00:00,True,+76.9%,True,$17012.2M,False,+-2.3%,False,18.6K,True,$119.82 / SMA $108.70,False,1.59%,False,+21.8%,True,139.4M,False,PNK,False,
BDOUY,"BDO Unibank, Inc.",19.81,2026-08-24T22:16:36.639759+00:00,False,+7.7%,True,$10569.8M,False,+5.5%,False,62.3K,False,$19.81 / SMA $20.52,False,2.00%,False,+13.9%,False,227.2M,False,PNK,False,
BDRBF,Bombardier Inc.,231.35,2026-08-24T22:27:12.466105+00:00,True,+122.7%,True,$22823.4M,False,+-2.3%,False,27.0K,False,$231.35 / SMA $239.76,True,5.33%,False,+6.0%,True,87.0M,False,PNK,False,
BDRFY,Beiersdorf Aktiengesellschaft,18.96,2026-08-24T22:27:13.729379+00:00,False,+21.9%,True,$20716.1M,,N/A,False,281.1K,True,$18.96 / SMA $17.80,False,1.38%,,N/A,False,445.4M,False,PNK,False,
BDVSY,The Bidvest Group Limited,30.09,2026-08-24T22:27:32.032209+00:00,False,+25.0%,True,$5113.6M,,N/A,False,11.7K,True,$30.09 / SMA $29.66,False,1.31%,,N/A,False,161.2M,False,PNK,False,
BDWBY,Budweiser Brewing Company APAC Limited,3.3,2026-08-24T22:16:31.380867+00:00,False,+8.8%,True,$10914.6M,,,False,0.9K,False,$3.30 / SMA $3.33,False,0.00%,,,False,414.5M,False,PNK,False,
BE,Bloom Energy Corporation,204.02,2026-08-24T22:27:00.818128+00:00,True,+326.6%,True,$60089.5M,True,+444.4%,True,14478.9K,False,$204.02 / SMA $241.33,True,10.23%,True,+165.5%,False,289.0M,True,NYQ,False,
BEAG,Bold Eagle Acquisition Corp.,10.8,2026-08-24T22:34:13.257413+00:00,False,+4.5%,True,$338.2M,False,+-12.5%,False,32.3K,True,$10.80 / SMA $10.68,False,0.32%,,N/A,True,21.9M,True,NGM,False,
BECTY,Bechtle AG,8.1,2026-08-24T22:18:32.831498+00:00,False,+35.0%,True,$5103.0M,False,+16.1%,False,0.1K,True,$8.10 / SMA $7.78,False,0.68%,False,+7.6%,False,409.2M,False,PNK,False,
BELFB,Bel Fuse Inc.,247.98,2026-08-24T22:29:09.199546+00:00,True,+90.8%,True,$3526.9M,False,+-6.9%,False,281.3K,False,$247.98 / SMA $281.70,True,5.66%,True,+25.2%,True,13.6M,True,NMS,False,
BEN,Franklin Templeton Inc.,34.62,2026-08-24T22:27:15.460038+00:00,False,+64.0%,True,$17589.6M,True,+88.5%,True,4457.9K,True,$34.62 / SMA $33.43,False,2.46%,False,+8.7%,False,290.8M,True,NYQ,False,
BEP,Brookfield Renewable Partners L.P.,32.35,2026-08-24T22:16:34.247763+00:00,False,+32.1%,True,$15770.4M,False,+-68.2%,True,906.0K,False,$32.35 / SMA $33.45,True,3.11%,False,+1.1%,True,144.2M,True,NYQ,False,
BEVFF,Diversified Royalty Corp.,3.04,2026-08-24T22:24:12.243118+00:00,False,+35.1%,True,$573.8M,False,+-20.0%,False,236.6K,False,$3.04 / SMA $3.22,False,1.79%,False,+11.8%,False,184.7M,False,PNK,False,
BFC,Bank First Corporation,154.08,2026-08-24T22:30:52.981512+00:00,False,+29.4%,True,$1708.1M,True,+29.2%,False,94.5K,True,$154.08 / SMA $149.91,False,2.19%,True,+58.0%,True,9.9M,True,NCM,False,
BFLBF,Bilfinger SE,88.0125,2026-08-24T22:18:38.877119+00:00,False,+0.0%,True,$3251.2M,False,+17.9%,False,0.0K,False,$88.01 / SMA $95.50,False,0.00%,False,+3.6%,True,31.3M,False,PNK,False,
BFLBY,Bilfinger SE,16.8,2026-08-24T22:18:39.500775+00:00,False,+0.0%,True,$3102.9M,False,+17.9%,False,0.2K,False,$16.80 / SMA $18.61,False,0.00%,False,+3.6%,False,156.6M,False,PNK,False,
BFLY,"Butterfly Network, Inc.",8.95,2026-08-24T22:22:20.149556+00:00,True,+508.8%,True,$2383.3M,False,+16.7%,True,8317.1K,True,$8.95 / SMA $7.87,True,8.83%,True,+39.5%,False,220.0M,True,NYQ,False,
BFST,"Business First Bancshares, Inc.",31.3,2026-08-24T22:34:06.979365+00:00,False,+38.7%,True,$1018.8M,False,+0.0%,False,254.4K,True,$31.30 / SMA $30.73,False,1.68%,False,+16.5%,True,30.9M,True,NMS,False,
BGIN,Bgin Blockchain Limited,2.1,2026-08-24T22:34:19.721247+00:00,False,+30.4%,False,$237.6M,,N/A,False,40.5K,True,$2.10 / SMA $1.93,True,12.19%,,N/A,True,43.4M,True,NGM,False,
BGY,BlackRock Enhanced International Dividend Trust,5.85,2026-08-24T22:34:14.901521+00:00,False,+12.7%,True,$530.1M,,N/A,False,264.9K,True,$5.85 / SMA $5.70,False,0.99%,,N/A,,N/A,True,NYQ,False,
BH,Biglari Holdings Inc.,378.04,2026-08-24T22:34:08.382314+00:00,False,+60.9%,True,$1203.9M,False,+-18.7%,False,127.1K,False,$378.04 / SMA $384.51,True,5.26%,False,+7.9%,True,0.2M,True,NYQ,False,
BHE,"Benchmark Electronics, Inc.",71.72,2026-08-24T22:20:18.805893+00:00,True,+99.7%,True,$2576.2M,True,+1733.3%,False,463.0K,False,$71.72 / SMA $83.82,True,5.08%,False,+17.7%,True,35.2M,True,NYQ,False,
BHF,"Brighthouse Financial, Inc.",51.9,2026-08-24T22:18:41.045439+00:00,False,+23.4%,True,$2984.9M,True,+1520.6%,True,689.1K,False,$51.90 / SMA $62.02,False,2.73%,True,+103.8%,True,56.7M,True,NMS,False,
BHFAO,"Brighthouse Financial, Inc.",14.57,2026-08-24T22:29:09.851960+00:00,False,+6.0%,,N/A,,N/A,False,42.3K,False,$14.57 / SMA $14.67,False,1.10%,True,+103.8%,True,56.7M,True,NMS,False,
BHPLF,BHP Group Limited,48.26,2026-08-24T22:26:57.653598+00:00,True,+101.7%,True,$245168.7M,,N/A,False,142.0K,True,$48.26 / SMA $42.37,False,0.38%,,N/A,False,4927.7M,False,PNK,False,
BHVN,Biohaven Ltd.,13.68,2026-08-24T22:22:14.940479+00:00,True,+82.9%,True,$2066.3M,True,+59.4%,True,2871.7K,False,$13.68 / SMA $14.50,True,5.06%,,,True,116.6M,True,NYQ,False,
BIDU,"Baidu, Inc.",92.18,2026-08-24T22:27:04.557237+00:00,False,+4.0%,True,$31266.2M,False,+-59.3%,True,2615.5K,False,$92.18 / SMA $108.40,False,2.80%,False,+-1.2%,False,265.1M,True,NMS,False,
BIIB,Biogen Inc.,218.12,2026-08-24T22:16:11.516500+00:00,False,+65.8%,True,$32228.1M,False,+-84.8%,True,1170.1K,True,$218.12 / SMA $205.64,False,2.89%,False,+3.4%,True,147.2M,True,NMS,False,
BILL,"BILL Holdings, Inc.",48.16,2026-08-24T22:18:41.006620+00:00,False,+53.3%,True,$4796.6M,True,+209.1%,True,2678.9K,True,$48.16 / SMA $42.50,True,4.35%,False,+13.5%,True,74.3M,True,NYQ,False,
BIOA,"BioAge Labs, Inc.",9.38,2026-08-24T22:34:10.711795+00:00,True,+112.2%,True,$430.5M,False,+3.3%,True,853.8K,False,$9.38 / SMA $18.49,True,8.92%,False,+1.6%,True,39.2M,True,NMS,False,
BIP,Brookfield Infrastructure Partners L.P.,38.56,2026-08-24T22:16:20.846442+00:00,False,+28.1%,True,$30414.2M,,,True,874.2K,False,$38.56 / SMA $38.69,False,2.93%,False,+19.4%,False,451.4M,True,NYQ,False,
BIXIU,Bitcoin Infrastructure Acquisition Corp Ltd.,10.26,2026-08-24T22:35:57.655347+00:00,False,+3.2%,,N/A,,N/A,False,0.8K,True,$10.26 / SMA $10.12,False,0.07%,,N/A,True,21.0M,True,NGM,False,
BJ,"BJ's Wholesale Club Holdings, Inc.",98.49,2026-08-24T22:16:33.669243+00:00,False,+18.4%,True,$12576.4M,False,+-2.7%,True,2056.6K,True,$98.49 / SMA $91.78,False,2.73%,False,+9.9%,True,126.5M,True,NYQ,False,
BJCHY,Beijing Capital International Airport Company Limited,0.9818,2026-08-24T22:22:23.540669+00:00,False,+10.3%,True,$899.2M,,,False,0.2K,True,$0.98 / SMA $0.96,False,0.00%,,,False,340.8M,False,PNK,False,
BKE,"The Buckle, Inc.",44.41,2026-08-24T22:20:25.153988+00:00,False,+9.0%,True,$2287.9M,True,+31.4%,True,511.9K,True,$44.41 / SMA $43.55,False,2.59%,False,+6.1%,True,30.8M,True,NYQ,False,
BKGFF,The Berkeley Group Holdings plc,50.67,2026-08-24T22:18:34.873724+00:00,False,+19.7%,True,$4633.5M,,,False,0.0K,True,$50.67 / SMA $45.13,False,0.00%,,,True,91.0M,False,PNK,False,
BKH,Black Hills Corporation,72.03,2026-08-24T22:27:29.771509+00:00,False,+24.1%,True,$5492.5M,True,+31.6%,True,915.0K,False,$72.03 / SMA $73.08,False,2.03%,False,+3.1%,True,75.9M,True,NYQ,False,
BKHPF,Bank Hapoalim B.M.,25.19,2026-08-24T22:16:07.361977+00:00,False,+37.8%,True,$32930.8M,False,+-11.5%,False,0.0K,True,$25.19 / SMA $23.44,False,0.00%,False,+-3.2%,False,1305.6M,False,PNK,False,
BKHYY,Bank Hapoalim B.M.,127.85,2026-08-24T22:27:07.163502+00:00,False,+42.2%,True,$33427.6M,False,+-11.5%,False,25.3K,True,$127.85 / SMA $120.57,False,2.63%,False,+-3.2%,False,261.1M,False,PNK,False,
BKKT,"Bakkt, Inc.",8.18,2026-08-24T22:24:16.292730+00:00,False,+21.9%,True,$368.7M,False,+-136.3%,True,1457.9K,True,$8.18 / SMA $7.96,True,8.31%,False,+-77.1%,True,35.9M,True,NYQ,False,
BKNIY,"Bankinter, S.A.",19.35,2026-08-24T22:27:16.391647+00:00,False,+33.2%,True,$17417.0M,False,+20.7%,False,70.8K,True,$19.35 / SMA $17.89,False,1.78%,False,+13.0%,False,639.2M,False,PNK,False,
BKR,Baker Hughes Company,61.985,2026-08-24T22:15:58.903902+00:00,False,+41.1%,True,$61530.9M,False,+-4.2%,True,8508.5K,True,$61.98 / SMA $59.19,False,2.67%,False,+-2.4%,False,990.6M,True,NMS,False,
BKRIF,Bank of Ireland Group plc,22.29,2026-08-24T22:16:20.199436+00:00,False,+54.3%,True,$21019.5M,,,False,1.0K,True,$22.29 / SMA $20.71,False,1.07%,,,False,942.9M,False,PNK,False,
BLBD,Blue Bird Corporation,58.95,2026-08-24T22:30:48.414342+00:00,False,+27.8%,True,$1867.3M,True,+370.5%,False,493.1K,False,$58.95 / SMA $73.29,True,4.76%,True,+29.9%,True,31.3M,True,NGM,False,
BLCO,Bausch + Lomb Corporation,17.32,2026-08-24T22:27:29.530188+00:00,False,+25.8%,True,$6186.1M,True,+77.8%,False,422.7K,True,$17.32 / SMA $16.38,True,3.04%,False,+9.1%,True,45.5M,True,NYQ,False,
BLKLF,Blackline Safety Corp,6.35,2026-08-24T22:34:14.328414+00:00,False,+47.0%,True,$555.2M,,N/A,False,23.8K,,N/A,,N/A,,N/A,True,0.0M,False,PNK,False,
BLLN,"BillionToOne, Inc.",96.74,2026-08-24T22:29:08.526425+00:00,False,+56.1%,True,$4564.9M,True,+2826.8%,True,768.7K,False,$96.74 / SMA $115.21,True,6.16%,True,+64.4%,True,25.3M,True,NMS,False,
BLMIF,Bank Leumi le-Israel B.M.,25.39,2026-08-24T22:27:06.595603+00:00,False,+46.1%,True,$37353.0M,False,+-1.3%,False,0.1K,True,$25.39 / SMA $23.31,False,0.10%,False,+0.6%,False,1471.2M,False,PNK,False,
BLMN,"Bloomin' Brands, Inc.",11.44,2026-08-24T22:24:09.401161+00:00,True,+120.4%,True,$979.5M,False,+20.0%,True,2144.9K,True,$11.44 / SMA $9.15,True,5.80%,False,+1.3%,True,83.2M,True,NMS,False,
BLTE,"Belite Bio, Inc",158.87,2026-08-24T22:18:26.965538+00:00,True,+155.5%,True,$6398.0M,False,+-51.1%,False,211.4K,True,$158.87 / SMA $155.08,True,4.10%,,,True,19.4M,True,NCM,False,
BMA,Banco Macro S.A.,76.65,2026-08-24T22:18:28.869091+00:00,True,+100.1%,True,$4900.9M,True,+135.8%,False,295.3K,False,$76.65 / SMA $89.15,True,4.97%,True,+30.7%,True,21.1M,True,NYQ,False,
BMBLF,Brambles Limited,16.95,2026-08-24T22:16:22.734572+00:00,False,+56.5%,True,$22640.3M,,,False,3.2K,True,$16.95 / SMA $13.76,False,1.13%,,,False,1334.2M,False,PNK,False,
BMCLF,BAIC Motor Corporation Limited,0.1495,2026-08-24T22:30:55.014377+00:00,False,+38.4%,True,$1198.3M,,N/A,False,0.2K,True,$0.15 / SMA $0.13,False,0.00%,,N/A,False,1754.9M,False,PNK,False,
BMNR,"Bitmine Immersion Technologies, Inc.",24.14,2026-08-24T22:27:20.377450+00:00,True,+88.6%,True,$14561.9M,True,+51.6%,True,37410.5K,True,$24.14 / SMA $16.80,True,6.37%,True,+2167.8%,False,594.5M,True,NYQ,False,
BMO,Bank of Montreal,172.35,2026-08-24T22:15:54.001365+00:00,False,+51.7%,True,$120716.8M,True,+41.2%,True,770.6K,False,$172.35 / SMA $176.78,False,1.78%,False,+9.9%,False,699.6M,True,NYQ,False,
BMY,Bristol-Myers Squibb Company,67.28,2026-08-24T22:26:59.514121+00:00,False,+58.2%,True,$137433.8M,True,+153.1%,True,12453.7K,True,$67.28 / SMA $60.61,False,2.72%,False,+5.7%,False,2039.5M,True,NYQ,False,
BN,Brookfield Corporation,41.97,2026-08-24T22:15:54.313797+00:00,False,+10.7%,True,$93691.8M,True,+200.0%,True,4070.9K,False,$41.97 / SMA $43.32,False,2.20%,False,+3.5%,False,1733.4M,True,NYQ,False,
BNDSF,"Banco de Sabadell, S.A.",4.04,2026-08-24T22:27:12.633102+00:00,False,+22.6%,True,$19171.3M,True,+37.5%,False,2.8K,True,$4.04 / SMA $3.70,False,0.00%,False,+0.8%,False,4910.1M,False,PNK,False,
BNED,"Barnes & Noble Education, Inc.",12.41,2026-08-24T22:26:06.782908+00:00,True,+110.3%,True,$430.2M,,,False,329.7K,True,$12.41 / SMA $12.17,True,4.16%,False,+-4.0%,True,14.4M,True,NYQ,False,
BNKHF,BOC Hong Kong (Holdings) Limited,5.45,2026-08-24T22:15:59.139121+00:00,False,+28.2%,True,$57621.7M,,,False,0.0K,False,$5.45 / SMA $6.04,False,0.00%,,,False,3588.1M,False,PNK,False,
BNTGF,Brenntag SE,71.8,2026-08-24T22:16:37.598464+00:00,False,+38.6%,True,$10366.9M,False,+-26.9%,False,0.0K,True,$71.80 / SMA $66.83,False,0.00%,False,+-10.1%,True,115.5M,False,PNK,False,
BNTGY,Brenntag SE,14.05,2026-08-24T22:16:37.377235+00:00,False,+37.9%,True,$10143.1M,False,+-26.9%,False,33.6K,True,$14.05 / SMA $13.38,False,1.05%,False,+-10.1%,False,577.5M,False,PNK,False,
BNY,The Bank of New York Mellon Corporation,162.14,2026-08-24T22:27:00.514279+00:00,False,+59.4%,True,$110012.7M,True,+26.9%,True,3626.2K,True,$162.14 / SMA $153.81,False,1.83%,,N/A,False,676.8M,True,NYQ,False,
BOE,BlackRock Enhanced Global Dividend Trust,12.41,2026-08-24T22:34:11.905846+00:00,False,+17.2%,True,$690.0M,,N/A,False,98.7K,True,$12.41 / SMA $12.02,False,1.30%,,N/A,,N/A,True,NYQ,False,
BOPCF,BioPharma Credit PLC,0.9903,2026-08-24T22:30:58.652366+00:00,False,+16.5%,,N/A,,N/A,False,477.7K,True,$0.99 / SMA_short $0.96,,N/A,,N/A,,N/A,False,PNK,False,
BORAY,"Bora Pharmaceuticals Co., Ltd.",2.39,2026-08-24T22:22:12.730023+00:00,False,+6.2%,True,$304.8M,False,+-98.2%,False,0.0K,False,$2.39 / SMA_short $2.55,False,0.00%,False,+-10.7%,False,372.1M,False,OQX,False,
BORR,Borr Drilling Limited,4.38,2026-08-24T22:20:36.561637+00:00,True,+79.5%,True,$1351.3M,False,+-28.6%,True,6384.6K,True,$4.38 / SMA $4.25,True,5.23%,False,+14.0%,False,234.0M,True,NYQ,False,
BORUF,Borussia Dortmund GmbH & Co. Kommanditgesellschaft auf Aktien,3.8,2026-08-24T22:34:18.854028+00:00,False,+17.3%,True,$419.4M,False,+-340.0%,False,0.6K,True,$3.80 / SMA $3.56,False,0.50%,False,+-16.1%,True,72.0M,False,PNK,False,
BOUYF,Bouygues SA,48.65,2026-08-24T22:27:11.463485+00:00,False,+18.5%,True,$18786.7M,True,+339.0%,False,0.0K,False,$48.65 / SMA $59.34,False,0.00%,False,+12.4%,False,200.6M,False,PNK,False,
BOW,Bowhead Specialty Holdings Inc.,33.75,2026-08-24T22:22:27.055357+00:00,False,+59.1%,True,$1111.8M,True,+33.3%,False,281.1K,True,$33.75 / SMA $31.18,False,1.97%,False,+23.0%,True,30.9M,True,NYQ,False,
BOZTY,Boozt AB (publ),15.5,2026-08-24T22:34:09.986286+00:00,True,+71.3%,True,$903.7M,True,+183.3%,False,0.0K,True,$15.50 / SMA $14.96,False,0.00%,False,+0.6%,True,58.1M,False,PNK,False,
BPCGF,"Banco Comercial Português, S.A.",1.24,2026-08-24T22:16:23.198421+00:00,False,+47.6%,True,$18200.3M,False,+1.4%,False,1.8K,True,$1.24 / SMA $1.15,False,0.19%,False,+4.7%,False,8777.6M,False,PNK,False,
BPCGY,"Banco Comercial Português, S.A.",13.195,2026-08-24T22:16:22.990073+00:00,False,+57.1%,True,$19367.2M,False,+1.4%,False,0.4K,True,$13.20 / SMA $12.39,False,0.13%,False,+4.7%,False,877.8M,False,PNK,False,
BPOP,"Popular, Inc.",168.43,2026-08-24T22:16:37.353729+00:00,False,+54.9%,True,$10742.2M,True,+40.8%,True,508.9K,False,$168.43 / SMA $170.04,False,1.95%,False,+9.8%,True,62.0M,True,NMS,False,
BPOPO,"Popular, Inc.",25.17,2026-08-24T22:27:21.739114+00:00,False,+1.7%,,N/A,,N/A,False,0.6K,True,$25.17 / SMA $25.14,False,0.06%,False,+9.8%,True,62.0M,False,PNK,False,
BPOSY,bpost NV/SA,1.55,2026-08-24T22:34:18.271603+00:00,False,+0.0%,True,$310.0M,True,+100.0%,False,0.1K,False,$1.55 / SMA $1.75,False,0.00%,False,+-20.4%,True,83.2M,False,PNK,False,
BPXXY,BPER Banca SpA,35.71,2026-08-24T22:27:09.151703+00:00,False,+63.0%,True,$37242.9M,False,+-14.4%,False,0.1K,True,$35.71 / SMA $32.16,False,0.07%,,N/A,False,829.1M,False,PNK,False,
BRAI,Braiin Limited,5.31,2026-08-24T22:22:13.767735+00:00,False,+26.8%,True,$1094.3M,,,False,434.8K,False,$5.31 / SMA $6.00,True,7.96%,,,True,40.0M,True,NGM,False,
BRBI,BRBI BR Partners S.A.,9.54,2026-08-24T22:22:29.693052+00:00,False,+5.0%,False,$250.4M,False,+-21.4%,False,0.7K,False,$9.54 / SMA $10.96,False,0.50%,False,+-31.4%,True,26.2M,True,NCM,False,
BRBR,"BellRing Brands, Inc.",10.85,2026-08-24T22:30:58.988654+00:00,False,+38.7%,True,$1261.6M,True,+81.2%,True,5145.9K,False,$10.85 / SMA $11.79,True,6.78%,False,+4.2%,True,108.4M,True,NYQ,False,
BRDCF,Bridgestone Corporation,27.0,2026-08-24T22:16:11.797596+00:00,False,+49.2%,True,$33461.6M,,,False,1.2K,True,$27.00 / SMA $23.31,False,2.64%,,,False,1169.7M,False,PNK,False,
BRELY,Brazilian Rare Earths Limited,15.7,2026-08-24T22:22:17.229735+00:00,True,+127.7%,True,$879.7M,,,False,0.2K,True,$15.70 / SMA $15.30,False,0.85%,,,True,15.9M,False,OQX,False,
BRKR,Bruker Corporation,56.98,2026-08-24T22:16:46.984160+00:00,True,+99.7%,True,$8681.4M,False,+-920.0%,True,2506.6K,False,$56.98 / SMA $58.51,True,5.23%,False,+5.2%,True,103.7M,True,NMS,False,
BRLGF,Dominion Lending Centres Inc.,6.09,2026-08-24T22:24:17.946107+00:00,False,+4.1%,True,$469.1M,False,+-10.0%,False,0.0K,False,$6.09 / SMA $6.11,False,0.00%,False,+1.3%,True,35.4M,False,PNK,False,
BROS,Dutch Bros Inc.,51.95,2026-08-24T22:27:23.475276+00:00,False,+16.5%,True,$9111.8M,True,+40.0%,True,3613.9K,False,$51.95 / SMA $62.65,True,3.85%,True,+32.5%,True,130.2M,True,NYQ,False,
BRRLY,Barry Callebaut AG,14.29,2026-08-24T22:16:41.255738+00:00,False,+15.9%,True,$7834.8M,,,False,38.6K,True,$14.29 / SMA $13.93,False,2.08%,,,False,380.9M,False,PNK,False,
BRSL,Brightstar Lottery PLC,11.82,2026-08-24T22:30:48.777349+00:00,False,+19.4%,True,$2160.0M,True,+162.1%,True,1731.3K,True,$11.82 / SMA $10.82,True,3.69%,False,+-7.3%,True,94.5M,True,NYQ,False,
BRTHY,"Brother Industries, Ltd.",58.15,2026-08-24T22:27:29.826509+00:00,True,+83.1%,True,$7187.8M,,N/A,False,0.1K,True,$58.15 / SMA $49.48,False,0.00%,,N/A,True,110.7M,False,PNK,False,
BRZE,"Braze, Inc.",31.44,2026-08-24T22:20:23.097733+00:00,True,+106.0%,True,$3541.1M,True,+29.4%,True,2681.3K,True,$31.44 / SMA $24.86,True,5.68%,True,+30.2%,True,92.7M,True,NMS,True,
BSAC,Banco Santander-Chile,36.1,2026-08-24T22:16:26.154300+00:00,False,+54.9%,True,$17007.3M,True,+40.4%,False,341.1K,True,$36.10 / SMA $33.79,False,2.25%,False,+13.6%,False,305.6M,True,NYQ,False,
BSBR,Banco Santander (Brasil) S.A.,5.78,2026-08-24T22:16:19.078398+00:00,False,+17.0%,True,$43277.9M,False,+-7.1%,True,2718.8K,True,$5.78 / SMA $5.36,False,2.18%,False,+-3.0%,False,1870.3M,True,NYQ,False,
BSDGY,Bosideng International Holdings Limited,31.0,2026-08-24T22:18:23.360875+00:00,False,+34.9%,True,$7231.4M,,,False,0.0K,True,$31.00 / SMA $28.82,False,0.00%,,,True,103.9M,False,PNK,False,
BSLAF,Basler Aktiengesellschaft,29.38,2026-08-24T22:34:08.687473+00:00,True,+97.2%,True,$903.7M,,N/A,False,0.0K,False,$29.38 / SMA $30.96,False,0.00%,True,+28.9%,True,12.7M,False,PNK,False,
BSM,"Black Stone Minerals, L.P.",15.05,2026-08-24T22:29:12.582463+00:00,False,+27.8%,True,$3198.1M,False,+-11.3%,False,372.9K,True,$15.05 / SMA $14.07,False,1.95%,False,+14.4%,False,164.3M,True,NYQ,False,
BSVN,Bank7 Corp.,52.16,2026-08-24T22:34:18.003195+00:00,False,+36.2%,True,$496.9M,False,+-25.0%,False,30.3K,True,$52.16 / SMA $49.80,False,2.71%,,N/A,True,4.0M,True,NMS,False,
BSXGF,Belo Sun Mining Corp,1.17,2026-08-24T22:34:15.408575+00:00,True,+550.0%,True,$664.8M,False,+0.0%,False,162.3K,True,$1.17 / SMA $0.78,True,9.48%,,N/A,False,329.7M,False,OQX,False,
BSY,"Bentley Systems, Incorporated",37.68,2026-08-24T22:16:36.305046+00:00,False,+34.2%,True,$11382.9M,False,+13.6%,True,3041.1K,True,$37.68 / SMA $32.90,True,4.43%,False,+12.8%,False,155.8M,True,NMS,False,
BTDPY,Barratt Redrow plc,8.47,2026-08-24T22:18:31.295060+00:00,False,+32.8%,True,$5883.4M,,,False,103.5K,True,$8.47 / SMA $7.74,False,1.02%,,,False,672.5M,False,PNK,False,
BTLCY,British Land Company PLC,5.77,2026-08-24T22:27:30.443933+00:00,False,+35.4%,True,$5913.9M,,N/A,False,9.8K,True,$5.77 / SMA $5.67,False,1.07%,,N/A,False,987.5M,False,PNK,False,
BTSG,"BrightSpring Health Services, Inc.",59.49,2026-08-24T22:27:19.782551+00:00,True,+160.2%,True,$11770.9M,True,+192.3%,True,3814.5K,False,$59.49 / SMA $66.20,True,4.92%,False,+23.0%,False,150.4M,True,NMS,False,
BTT,Blackrock Municipal 2030 Target Term Trust,22.49,2026-08-24T22:22:14.199656+00:00,False,+1.4%,True,$1430.9M,,,False,80.7K,False,$22.49 / SMA $22.57,False,0.65%,,,,,True,NYQ,False,
BULL,Webull Corporation,8.53,2026-08-24T22:20:16.163657+00:00,True,+89.6%,True,$4536.4M,False,+-113.2%,True,12188.4K,True,$8.53 / SMA $7.41,True,5.29%,True,+36.3%,False,313.4M,True,NCM,False,
BV,"BrightView Holdings, Inc.",10.94,2026-08-24T22:22:19.974410+00:00,False,+5.0%,True,$1013.0M,False,+-166.7%,True,973.0K,False,$10.94 / SMA $13.17,True,3.81%,False,+6.1%,True,67.8M,True,NYQ,False,
BVHMY,Vistry Group PLC,3.435,2026-08-24T22:22:21.000392+00:00,False,+15.5%,True,$1090.9M,,,False,0.2K,False,$3.44 / SMA $3.47,False,0.00%,,,False,222.4M,False,PNK,False,
BVNRY,Bavarian Nordic A/S,11.0,2026-08-24T22:29:15.261439+00:00,False,+26.9%,True,$2497.4M,False,+-92.6%,False,3.0K,True,$11.00 / SMA $9.34,False,0.31%,False,+-21.4%,False,226.9M,False,PNK,False,
BVS,Bioventus Inc.,14.02,2026-08-24T22:24:04.811603+00:00,True,+124.1%,True,$957.6M,True,+327.3%,True,756.1K,True,$14.02 / SMA $11.97,True,5.52%,False,+3.8%,True,34.3M,True,NMS,False,
BVVBY,Bureau Veritas SA,64.78,2026-08-24T22:16:27.230075+00:00,False,+13.0%,True,$14384.1M,,,False,21.7K,True,$64.78 / SMA $62.40,False,0.93%,,,False,171.9M,False,PNK,False,
BWB,"Bridgewater Bancshares, Inc.",21.68,2026-08-24T22:24:16.591702+00:00,False,+36.3%,True,$604.5M,False,+18.4%,False,198.5K,True,$21.68 / SMA $21.16,False,2.42%,False,+13.9%,True,22.5M,True,NCM,False,
BWBBP,"Bridgewater Bancshares, Inc.",19.77,2026-08-24T22:34:15.214463+00:00,False,+5.4%,,N/A,,N/A,False,2.5K,True,$19.77 / SMA $19.69,False,0.57%,False,+13.9%,True,22.5M,True,NCM,False,
BXBLY,Brambles Limited,27.42,2026-08-24T22:27:14.973644+00:00,False,+20.8%,True,$18312.6M,,N/A,False,126.2K,True,$27.42 / SMA $27.15,False,2.79%,,N/A,False,667.1M,False,PNK,False,
BYND,"Beyond Meat, Inc.",14.15,2026-08-24T22:34:18.786843+00:00,False,+32.1%,False,$243.3M,True,+85.7%,True,1376.5K,True,$14.15 / SMA $4.84,True,9.79%,False,+-8.2%,True,16.7M,True,NMS,False,
BZH,"Beazer Homes USA, Inc.",33.11,2026-08-24T22:34:12.022001+00:00,True,+85.7%,True,$883.4M,False,+-1500.0%,True,606.2K,True,$33.11 / SMA $31.15,False,1.57%,False,+-5.3%,True,23.6M,True,NYQ,False,
BZLYF,Beazley plc,17.695,2026-08-24T22:16:36.374410+00:00,True,+77.6%,True,$10538.1M,,,False,0.5K,True,$17.70 / SMA $17.16,False,0.18%,,,False,534.3M,False,PNK,False,
BZZUY,Buzzi S.p.A.,22.81,2026-08-24T22:16:38.251809+00:00,False,+0.0%,True,$8052.5M,,,False,2.2K,False,$22.81 / SMA $25.09,False,1.04%,,,True,105.9M,False,PNK,False,
CABA,"Cabaletta Bio, Inc.",3.1,2026-08-24T22:34:13.527579+00:00,True,+121.4%,True,$525.6M,True,+45.1%,True,4665.3K,True,$3.10 / SMA $2.88,True,5.87%,,N/A,True,141.5M,True,NMS,True,
CABGY,Carlsberg A/S,27.82,2026-08-24T22:27:13.635170+00:00,False,+20.4%,True,$18385.1M,,N/A,False,42.3K,False,$27.82 / SMA $27.92,False,1.29%,,N/A,False,462.0M,False,PNK,False,
CABJF,Carlsberg A/S,140.0,2026-08-24T22:27:14.175193+00:00,False,+23.7%,True,$18504.1M,,N/A,False,0.0K,True,$140.00 / SMA $136.00,False,0.00%,,N/A,True,92.4M,False,PNK,False,
CAC,Camden National Corporation,56.88,2026-08-24T22:22:29.734750+00:00,False,+62.5%,True,$961.1M,True,+62.7%,False,104.6K,True,$56.88 / SMA $55.25,False,2.69%,False,+8.5%,True,16.5M,True,NMS,False,
CACC,Credit Acceptance Corporation,603.07,2026-08-24T22:27:29.498870+00:00,False,+50.1%,True,$6308.2M,True,+43.2%,False,156.7K,True,$603.07 / SMA $598.18,True,3.21%,False,+2.2%,True,5.1M,True,NMS,False,
CAE,CAE Inc.,24.74,2026-08-24T22:27:25.940461+00:00,False,+8.7%,True,$7962.5M,,N/A,True,707.5K,False,$24.74 / SMA $25.63,False,2.99%,False,+4.0%,False,289.2M,True,NMS,False,
CAH,"Cardinal Health, Inc.",232.37,2026-08-24T22:16:02.901603+00:00,False,+59.3%,True,$54043.6M,False,+-19.5%,True,2241.9K,True,$232.37 / SMA $231.79,False,2.60%,False,+11.0%,False,232.0M,True,NYQ,False,
CAJPY,Canon Inc.,29.11,2026-08-24T22:27:10.483826+00:00,False,+16.1%,True,$24567.5M,,N/A,False,76.6K,True,$29.11 / SMA $27.56,False,1.34%,,N/A,False,810.0M,False,PNK,False,
CAKE,The Cheesecake Factory Incorporated,114.61,2026-08-24T22:29:11.970695+00:00,True,+166.1%,True,$5703.1M,False,+23.7%,True,1597.8K,True,$114.61 / SMA $90.80,True,4.11%,,N/A,True,45.9M,True,NMS,False,
CALY,Callaway Golf Company,15.79,2026-08-24T22:20:22.468538+00:00,True,+88.2%,True,$2838.4M,True,+281.8%,True,2184.7K,False,$15.79 / SMA $17.93,True,3.55%,False,+2.0%,False,154.7M,True,NYQ,False,
CAMLF,Central Asia Metals plc,2.315,2026-08-24T22:34:20.976110+00:00,False,+37.8%,True,$394.5M,,N/A,False,2.9K,True,$2.31 / SMA $1.92,False,1.12%,,N/A,False,155.6M,False,PNK,False,
CAPL,CrossAmerica Partners LP,23.48,2026-08-24T22:22:28.803210+00:00,False,+19.4%,True,$896.3M,False,+-18.8%,False,44.8K,True,$23.48 / SMA $22.03,False,2.90%,False,+22.6%,True,18.3M,True,NYQ,False,
CAR,"Avis Budget Group, Inc.",146.88,2026-08-24T22:27:28.961478+00:00,True,+70.9%,True,$5188.6M,True,+880.0%,True,612.5K,False,$146.88 / SMA $156.70,True,4.90%,False,+-0.9%,True,14.9M,True,NMS,False,
CARL,"Carlsmed, Inc.",15.8,2026-08-24T22:34:21.975682+00:00,True,+85.9%,True,$431.4M,False,+-52.8%,False,151.5K,True,$15.80 / SMA $12.35,True,6.03%,True,+56.7%,True,15.7M,True,NMS,False,
CART,Maplebear Inc.,51.78,2026-08-24T22:27:21.857877+00:00,False,+58.2%,True,$11987.1M,False,+9.8%,True,4285.5K,True,$51.78 / SMA $46.67,True,3.84%,False,+14.1%,False,163.6M,True,NMS,False,
CASBF,CanSino Biologics Inc.,3.9,2026-08-24T22:22:11.896987+00:00,False,+50.0%,True,$963.5M,,,False,0.1K,True,$3.90 / SMA $2.99,False,0.00%,,,False,159.9M,False,PNK,False,
CASH,"Pathward Financial, Inc.",82.99,2026-08-24T22:20:35.769010+00:00,False,+26.0%,True,$1724.0M,False,+-24.3%,False,214.2K,False,$82.99 / SMA $87.09,False,2.04%,False,+-0.4%,True,20.5M,True,NMS,False,
CASY,"Casey's General Stores, Inc.",854.21,2026-08-24T22:27:08.262477+00:00,True,+74.3%,True,$31610.0M,True,+66.2%,False,491.7K,True,$854.21 / SMA $839.06,False,2.95%,False,+14.5%,True,36.7M,True,NMS,False,
CB,Chubb Limited,345.83,2026-08-24T22:15:52.947871+00:00,False,+30.4%,True,$133421.2M,False,+-0.7%,True,1842.7K,True,$345.83 / SMA $345.67,False,1.61%,False,+7.2%,False,349.9M,True,NYQ,False,
CBC,"Central Bancompany, Inc.",32.46,2026-08-24T22:27:27.033819+00:00,False,+44.3%,True,$7774.3M,,N/A,True,759.3K,True,$32.46 / SMA $31.27,True,3.21%,,N/A,True,79.7M,True,NMS,False,
CBLL,CBLL,23.94,2026-08-24T22:24:07.466040+00:00,True,+120.6%,True,$918.8M,False,+-44.4%,False,381.8K,True,$23.94 / SMA $19.64,True,4.80%,True,+29.3%,True,26.5M,True,NMS,False,
CBLUY,China BlueChemical Ltd.,16.95,2026-08-24T22:30:54.505278+00:00,False,+51.5%,True,$1562.8M,,N/A,False,0.0K,False,$16.95 / SMA $16.95,False,0.00%,,N/A,True,32.0M,False,PNK,False,
CBYDF,Corby Spirit and Wine Limited,11.61,2026-08-24T22:26:10.538259+00:00,False,+21.2%,True,$330.5M,True,+100.0%,False,0.1K,True,$11.61 / SMA $11.33,False,0.29%,False,+21.3%,True,15.8M,False,PNK,False,
CC,The Chemours Company,15.39,2026-08-24T22:29:11.278574+00:00,False,+47.4%,True,$2316.2M,True,+28.5%,True,2632.7K,False,$15.39 / SMA $17.87,True,4.75%,False,+-1.5%,True,149.6M,True,NYQ,False,
CCAP,"Crescent Capital BDC, Inc.",10.75,2026-08-24T22:24:23.351918+00:00,False,+1.6%,True,$396.1M,False,+-481.8%,False,237.2K,False,$10.75 / SMA $11.03,False,2.47%,False,+-295.2%,,,True,NGM,False,
CCARF,Colonial Coal International Corp.,1.9,2026-08-24T22:34:21.846422+00:00,True,+111.1%,True,$351.8M,,N/A,False,4.9K,True,$1.90 / SMA $1.65,False,0.49%,,N/A,True,110.8M,False,PNK,False,
CCBG,"Capital City Bank Group, Inc.",51.61,2026-08-24T22:24:03.515181+00:00,False,+34.9%,True,$883.2M,False,+8.0%,False,95.1K,True,$51.61 / SMA $50.37,False,2.16%,False,+2.7%,True,13.7M,True,NMS,False,
CCCC,"C4 Therapeutics, Inc.",4.1,2026-08-24T22:34:18.836374+00:00,True,+142.6%,True,$504.4M,True,+45.9%,True,3076.8K,True,$4.10 / SMA $3.94,True,6.15%,False,+-15.0%,True,94.5M,True,NMS,False,
CCEC,Capital Clean Energy Carriers Corp.,22.85,2026-08-24T22:22:16.158886+00:00,False,+36.3%,True,$1375.8M,False,+-5.9%,False,13.3K,True,$22.85 / SMA $22.00,False,2.60%,False,+8.5%,True,7.6M,True,NMS,False,
CCEP,Coca-Cola Europacific Partners PLC,110.12,2026-08-24T22:16:04.795132+00:00,False,+30.1%,True,$48637.4M,,,True,1992.4K,True,$110.12 / SMA $105.10,False,1.93%,,,False,196.9M,True,NMS,False,
CCHBF,Coca-Cola HBC AG,67.0,2026-08-24T22:27:12.974180+00:00,False,+46.0%,True,$24419.1M,,N/A,False,0.8K,True,$67.00 / SMA $64.92,False,0.57%,,N/A,False,192.2M,False,PNK,False,
CCHGY,Coca-Cola HBC AG,63.18,2026-08-24T22:27:12.500825+00:00,False,+42.4%,True,$23026.9M,,N/A,False,6.2K,False,$63.18 / SMA $64.48,False,1.13%,,N/A,False,192.2M,False,PNK,False,
CCII,Cohen Circle Acquisition Corp. II,10.33,2026-08-24T22:26:02.481586+00:00,False,+2.6%,True,$358.4M,True,+28033.0%,False,27.6K,False,$10.33 / SMA $10.34,False,0.04%,,,True,21.2M,True,NGM,False,
CCIIU,Cohen Circle Acquisition Corp. II,10.58,2026-08-24T22:34:20.674718+00:00,False,+3.8%,,N/A,,N/A,False,0.6K,True,$10.58 / SMA $10.52,False,0.00%,,N/A,True,21.2M,True,NGM,False,
CCJ,Cameco Corporation,102.27,2026-08-24T22:27:04.603833+00:00,False,+39.7%,True,$44542.0M,True,+87.5%,True,3350.7K,True,$102.27 / SMA $96.21,True,3.67%,False,+7.1%,False,434.5M,True,NYQ,False,
CCL,Carnival Corporation Ltd.,25.71,2026-08-24T22:27:06.393931+00:00,False,+9.6%,True,$35213.7M,False,+-7.1%,True,21309.4K,False,$25.71 / SMA $27.68,False,2.89%,False,+5.3%,False,1364.8M,True,NYQ,False,
CCPPF,Shaftesbury Capital PLC,1.82,2026-08-24T22:18:41.587369+00:00,False,+4.1%,True,$3332.0M,,,False,0.0K,False,$1.82 / SMA $1.82,False,0.00%,,,False,1342.7M,False,PNK,False,
CCRDF,"Yokohama Financial Group, Inc.",11.2125,2026-08-24T22:16:30.502781+00:00,False,+53.0%,True,$12462.4M,,,False,0.1K,True,$11.21 / SMA $11.07,False,0.00%,,,False,1111.3M,False,PNK,False,
CCRN,Cross Country Healthcare Inc,13.25,2026-08-24T22:34:18.056359+00:00,True,+78.3%,True,$428.1M,,N/A,True,763.3K,True,$13.25 / SMA_short $13.25,,N/A,False,+-17.8%,True,29.7M,True,NMS,False,
CCSI,"Consensus Cloud Solutions, Inc.",38.7,2026-08-24T22:24:16.843003+00:00,True,+91.6%,True,$709.2M,True,+33.6%,False,157.9K,True,$38.70 / SMA $36.76,True,4.48%,False,+4.1%,True,15.7M,True,NMS,False,
CCU,Compañía Cervecerías Unidas S.A.,12.66,2026-08-24T22:20:30.247046+00:00,False,+18.2%,True,$2343.9M,False,+-84.6%,False,163.7K,True,$12.66 / SMA $11.52,True,3.10%,False,+4.8%,True,60.2M,True,NYQ,False,
CCXI,Churchill Capital Corp XI,14.09,2026-08-24T22:24:13.872071+00:00,False,+39.9%,True,$784.8M,,,True,2872.1K,False,$14.09 / SMA $14.58,True,8.70%,,,True,35.0M,True,NGM,False,
CDNTF,"Canadian Tire Corporation, Limited",167.0,2026-08-24T22:16:42.594572+00:00,False,+11.2%,True,$8709.5M,,,False,0.0K,False,$167.00 / SMA $169.14,False,0.00%,False,+-20.8%,True,48.1M,False,PNK,False,
CDP,COPT Defense Properties,37.46,2026-08-24T22:16:45.749306+00:00,False,+38.4%,True,$4339.5M,False,+17.6%,True,980.3K,True,$37.46 / SMA $36.57,False,1.73%,,,True,112.1M,True,NYQ,False,
CDRO,"Codere Online Luxembourg, S.A.",9.07,2026-08-24T22:34:17.717495+00:00,True,+75.1%,True,$412.4M,,N/A,False,31.8K,False,$9.07 / SMA $9.36,False,2.80%,,N/A,True,14.8M,True,NCM,False,
CDW,CDW Corporation,132.51,2026-08-24T22:16:27.002273+00:00,False,+36.4%,True,$16566.1M,False,+4.9%,True,2043.4K,False,$132.51 / SMA $136.42,True,5.10%,False,+10.0%,True,124.5M,True,NMS,False,
CDZI,Cadiz Inc.,3.77,2026-08-24T22:34:20.630361+00:00,False,+31.4%,True,$319.2M,False,+14.3%,True,993.5K,True,$3.77 / SMA $3.61,True,7.35%,False,+-44.8%,True,56.9M,True,NGM,False,
CDZIP,Cadiz Inc.,22.16,2026-08-24T22:26:02.232813+00:00,False,+21.4%,,,,,False,6.7K,False,$22.16 / SMA $22.34,False,1.01%,False,+-44.8%,True,56.9M,True,NGM,False,
CECO,CECO Environmental Corp.,71.3,2026-08-24T22:29:12.563179+00:00,False,+66.7%,True,$4176.0M,False,+-101.0%,True,982.8K,False,$71.30 / SMA $80.46,True,7.18%,False,+16.5%,True,51.7M,True,NMS,False,
CEIEF,Coelacanth Energy Inc.,0.5713,2026-08-24T22:24:25.163230+00:00,False,+11.4%,True,$362.0M,True,+200.0%,False,25.5K,True,$0.57 / SMA $0.57,False,0.23%,True,+731.3%,False,331.2M,False,PNK,False,
CELH,"Celsius Holdings, Inc.",35.03,2026-08-24T22:16:43.947485+00:00,False,+48.7%,True,$8863.8M,False,+-57.6%,True,10302.7K,True,$35.03 / SMA $29.62,True,5.94%,False,+10.6%,False,193.3M,True,NCM,False,
CEPF,"Cantor Equity Partners IV, Inc.",10.385,2026-08-24T22:24:13.695791+00:00,False,+2.9%,True,$593.5M,True,+13233.2%,False,48.3K,False,$10.38 / SMA $10.40,False,0.37%,,,True,41.3M,True,NGM,False,
CEPV,"Cantor Equity Partners V, Inc.",10.38,2026-08-24T22:35:55.980106+00:00,False,+3.2%,True,$330.0M,True,+437600.0%,False,47.4K,False,$10.38 / SMA $10.38,False,0.16%,,N/A,True,25.0M,True,NGM,False,
CERS,Cerus Corporation,2.69,2026-08-24T22:24:15.071625+00:00,True,+129.9%,True,$542.1M,True,+66.7%,True,2756.3K,False,$2.69 / SMA $2.82,True,6.98%,False,+9.5%,False,195.3M,True,NGM,False,
CESDF,CES Energy Solutions Corp.,13.81,2026-08-24T22:29:13.155336+00:00,True,+146.2%,True,$2896.5M,False,+-21.7%,False,110.0K,True,$13.81 / SMA $12.13,False,1.82%,False,+24.4%,False,162.1M,False,OID,False,
CEVA,"CEVA, Inc.",26.68,2026-08-24T22:22:22.106114+00:00,False,+56.8%,True,$751.2M,False,+-14.3%,True,901.5K,False,$26.68 / SMA $38.61,True,7.30%,False,+11.5%,True,25.6M,True,NMS,False,
CEVMY,CTS Eventim AG & Co. KGaA,15.9,2026-08-24T22:18:22.425464+00:00,False,+23.5%,True,$6105.0M,True,+37.5%,False,1.3K,True,$15.90 / SMA $15.63,False,0.22%,False,+23.0%,False,234.6M,False,PNK,False,
CFEIY,China Feihe Limited,4.39,2026-08-24T22:29:09.760300+00:00,False,+0.0%,True,$3866.6M,,N/A,False,0.0K,True,$4.39 / SMA $4.39,False,0.00%,,N/A,False,380.6M,False,PNK,False,
CFG,"Citizens Financial Group, Inc.",70.23,2026-08-24T22:27:09.608406+00:00,False,+46.4%,True,$29579.2M,True,+41.3%,True,4411.9K,False,$70.23 / SMA $70.86,False,2.09%,False,+12.1%,False,417.1M,True,NYQ,False,
CFR,"Cullen/Frost Bankers, Inc.",164.39,2026-08-24T22:27:23.323171+00:00,False,+38.1%,True,$10216.6M,False,+13.0%,True,601.0K,True,$164.39 / SMA $159.85,False,2.00%,False,+5.3%,True,61.3M,True,NYQ,False,
CFRHF,Compagnie Financière Richemont SA,237.5,2026-08-24T22:26:59.578424+00:00,False,+45.7%,True,$139635.8M,,N/A,False,1.8K,True,$237.50 / SMA $232.09,True,4.25%,,N/A,False,534.6M,False,PNK,False,
CGC,Canopy Growth Corporation,1.05,2026-08-24T22:24:19.661087+00:00,False,+24.4%,True,$499.3M,True,+87.5%,True,4783.3K,True,$1.05 / SMA $0.96,True,4.48%,False,+12.5%,False,422.2M,True,NMS,False,
CGCT,CGCT,,2026-08-24T22:26:04.721076+00:00,False,,False,,False,,False,,False,,False,,False,,False,,False,Unknown,False,No price data available
CGEAF,Cogeco Communications Inc.,43.51,2026-08-24T22:20:31.740909+00:00,False,+10.9%,True,$1828.1M,False,+-1934.1%,False,3.9K,False,$43.51 / SMA $43.94,False,0.15%,False,+-4.9%,True,29.8M,False,PNK,False,
CHBJF,China CITIC Bank Corporation Limited,0.904,2026-08-24T22:27:02.991840+00:00,False,+7.5%,True,$50303.2M,,N/A,False,0.2K,True,$0.90 / SMA $0.89,False,0.00%,False,+6.3%,False,13139.5M,False,PNK,False,
CHKGF,CK Asset Holdings Limited,6.0,2026-08-24T22:16:18.105605+00:00,False,+41.2%,True,$20998.7M,,,False,0.3K,True,$6.00 / SMA $5.94,False,0.83%,,,False,1893.9M,False,PNK,False,
CHKP,Check Point Software Technologies Ltd.,130.5,2026-08-24T22:27:17.027425+00:00,False,+16.3%,True,$13324.1M,False,+1.6%,True,1276.0K,True,$130.50 / SMA $130.12,True,3.32%,False,+1.3%,True,77.7M,True,NMS,False,
CHNFF,China Foods Limited,0.4707,2026-08-24T22:30:55.587954+00:00,False,+10.8%,,N/A,,N/A,False,0.0K,True,$0.47 / SMA $0.46,False,0.00%,,N/A,False,724.5M,False,PNK,False,
CHOLF,China Oilfield Services Limited,0.8767,2026-08-24T22:27:24.600571+00:00,False,+1.9%,True,$4183.3M,,N/A,False,0.1K,False,$0.88 / SMA $0.91,False,0.00%,False,+-22.8%,False,2344.7M,False,PNK,False,
CHRHF,Chervon Holdings Limited,2.55,2026-08-24T22:30:57.499017+00:00,False,+32.5%,True,$1297.3M,,N/A,False,0.0K,True,$2.55 / SMA $2.34,False,0.00%,,N/A,True,124.8M,False,PNK,False,
CHRW,"C.H. Robinson Worldwide, Inc.",142.86,2026-08-24T22:27:12.773320+00:00,False,+15.5%,True,$16693.4M,False,+23.8%,True,1763.4K,False,$142.86 / SMA $174.85,True,4.09%,,N/A,True,116.4M,True,NMS,False,
CHSCM,CHS Inc.,24.38,2026-08-24T22:34:21.362195+00:00,False,+1.1%,,N/A,,N/A,False,29.9K,False,$24.38 / SMA $24.47,False,0.83%,,N/A,,N/A,True,NMS,False,
CHSCO,CHS Inc.,25.87,2026-08-24T22:26:04.452143+00:00,False,+1.4%,,,,,False,25.9K,True,$25.87 / SMA $25.80,False,0.57%,,,,,True,NMS,False,
CHVKF,"China Vanke Co., Ltd.",0.3,2026-08-24T22:16:47.234467+00:00,False,+1.7%,True,$4944.4M,False,+5.7%,False,0.5K,False,$0.30 / SMA $0.32,False,0.00%,False,+-23.9%,False,8678.3M,False,PNK,False,
CHXMF,Troilus Mining Corp.,1.6,2026-08-24T22:24:07.195620+00:00,True,+188.3%,True,$886.8M,False,+-100.0%,False,152.6K,True,$1.60 / SMA $1.28,True,3.17%,,,True,35.3M,False,OQX,False,
CHYM,"Chime Financial, Inc.",32.7,2026-08-24T22:27:26.998825+00:00,True,+105.9%,True,$12379.7M,True,+101.0%,True,6751.0K,True,$32.70 / SMA $23.61,True,5.43%,True,+26.8%,False,228.4M,True,NMS,False,
CIEN,Ciena Corporation,371.95,2026-08-24T22:27:01.139141+00:00,True,+316.0%,True,$52650.6M,True,+2383.3%,True,2775.3K,False,$371.95 / SMA $420.09,True,6.91%,True,+39.5%,True,140.9M,True,NYQ,False,
CIG,Companhia Energética de Minas Gerais - CEMIG,1.95,2026-08-24T22:16:45.263933+00:00,False,+4.3%,True,$5578.3M,False,+-5.8%,True,6177.6K,False,$1.95 / SMA $2.07,False,2.74%,False,+6.6%,False,2373.1M,True,NYQ,False,
CIG.C,CIG.C,,2026-08-24T22:27:25.984090+00:00,False,N/A,False,N/A,False,N/A,False,N/A,False,N/A,False,N/A,False,N/A,False,N/A,False,Unknown,False,No price data available
CIGI,Colliers International Group Inc.,107.86,2026-08-24T22:18:30.102337+00:00,False,+22.0%,True,$5512.1M,True,+600.0%,False,218.1K,True,$107.86 / SMA $98.81,True,3.51%,False,+16.7%,True,40.8M,True,NMS,False,
CIHHF,"China Merchants Bank Co., Ltd.",6.3,2026-08-24T22:15:52.371022+00:00,False,+12.1%,True,$158885.0M,,,False,4.1K,True,$6.30 / SMA $5.90,False,0.00%,False,+5.8%,False,15365.9M,False,PNK,False,
CIHKY,"China Merchants Bank Co., Ltd.",31.61,2026-08-24T22:26:58.763681+00:00,False,+16.0%,True,$159439.9M,,N/A,False,39.2K,True,$31.61 / SMA $30.18,False,1.00%,False,+5.8%,False,3073.2M,False,PNK,False,
CIM,Chimera Investment Corporation,11.62,2026-08-24T22:30:57.925677+00:00,False,+1.4%,True,$972.7M,False,+-129.4%,True,729.4K,False,$11.62 / SMA $12.58,False,1.99%,False,+18.0%,True,81.3M,True,NYQ,False,
CIMN,CIMN,25.15,2026-08-24T22:22:21.560804+00:00,False,+3.2%,,,,,False,7.3K,True,$25.15 / SMA $24.86,False,0.29%,,,,,True,NYQ,False,
CITAF,"COSCO SHIPPING Development Co., Ltd.",0.1154,2026-08-24T22:18:35.938035+00:00,False,+4.9%,True,$1515.4M,,,False,0.7K,True,$0.12 / SMA $0.11,False,0.00%,False,+-22.8%,False,6778.5M,False,PNK,False,
CIVB,"Civista Bancshares, Inc.",27.54,2026-08-24T22:24:16.332608+00:00,False,+39.0%,True,$572.7M,False,+-2.8%,False,137.4K,False,$27.54 / SMA $28.03,False,2.09%,False,+15.1%,True,20.3M,True,NCM,False,
CJEWF,Chow Tai Fook Jewellery Group Limited,1.58,2026-08-24T22:27:16.807498+00:00,False,+12.9%,True,$15588.8M,,N/A,False,0.1K,True,$1.58 / SMA $1.39,False,0.00%,,N/A,False,2094.9M,False,PNK,False,
CKHGY,Capitec Limited,143.42,2026-08-24T22:16:09.968545+00:00,False,+51.5%,True,$33222.6M,,,False,2.3K,False,$143.42 / SMA $144.32,False,1.01%,,,False,174.5M,False,PNK,False,
CKHUY,CK Hutchison Holdings Limited,8.88,2026-08-24T22:27:06.652545+00:00,False,+41.0%,True,$34010.8M,,N/A,False,221.3K,True,$8.88 / SMA $8.88,False,0.96%,,N/A,False,2650.5M,False,PNK,False,
CKNHF,Clarkson PLC,65.89,2026-08-24T22:30:49.075822+00:00,False,+39.8%,True,$2024.2M,,N/A,False,0.1K,True,$65.89 / SMA $62.18,False,0.00%,,N/A,True,23.9M,False,PNK,False,
CLCMF,Sinch AB (publ),3.81,2026-08-24T22:29:10.745943+00:00,False,+62.1%,True,$2676.8M,True,+366.7%,False,0.9K,False,$3.81 / SMA $3.91,False,0.00%,False,+-2.6%,False,529.6M,False,PNK,False,
CLDHF,CapitaLand China Trust,0.49,2026-08-24T22:22:28.807362+00:00,False,+0.0%,True,$861.0M,,,False,0.1K,True,$0.49 / SMA $0.47,False,0.00%,,,False,1299.1M,False,PNK,False,
CLDX,"Celldex Therapeutics, Inc.",40.57,2026-08-24T22:20:26.485026+00:00,True,+90.1%,True,$3185.9M,False,+-10.6%,True,1048.2K,True,$40.57 / SMA $37.74,True,4.21%,False,+-97.0%,True,73.0M,True,NCM,False,
CLM,"Cornerstone Strategic Investment Fund, Inc.",6.74,2026-08-24T22:30:48.125086+00:00,False,+0.7%,True,$2103.8M,,N/A,True,1835.9K,False,$6.74 / SMA $7.23,False,1.28%,,N/A,,N/A,True,ASE,False,
CLNE,Clean Energy Fuels Corp.,1.59,2026-08-24T22:34:17.009723+00:00,False,+3.2%,True,$350.5M,False,+22.2%,True,1765.4K,False,$1.59 / SMA $1.93,True,5.03%,False,+3.7%,False,174.2M,True,NMS,False,
CLPBY,Coloplast A/S,7.25,2026-08-24T22:16:26.847277+00:00,False,+28.5%,True,$16339.2M,False,+-193.1%,False,345.3K,True,$7.25 / SMA $6.33,False,1.61%,False,+0.8%,False,1445.7M,False,PNK,False,
CLPHY,CLP Holdings Limited,10.17,2026-08-24T22:27:10.628807+00:00,False,+27.3%,True,$25694.0M,,N/A,False,91.2K,True,$10.17 / SMA $9.80,False,2.64%,,N/A,False,1812.3M,False,PNK,False,
CLS,Celestica Inc.,294.57,2026-08-24T22:16:04.621985+00:00,False,+60.4%,True,$37148.6M,True,+74.2%,True,2499.4K,False,$294.57 / SMA $340.63,True,6.94%,True,+62.4%,True,114.0M,True,NYQ,False,
CLYM,Climb Bio Inc,16.4,2026-08-24T22:24:11.000531+00:00,True,+964.9%,True,$942.0M,False,+-38.5%,True,1331.8K,True,$16.40 / SMA $13.42,True,7.92%,,,True,41.6M,True,NGM,False,
CMC,Commercial Metals Company,64.87,2026-08-24T22:16:43.418372+00:00,False,+22.2%,True,$7176.2M,True,+112.3%,True,1282.6K,False,$64.87 / SMA $68.83,True,3.67%,False,+22.9%,True,109.9M,True,NYQ,False,
CMCLF,CMOC Group Limited,2.35,2026-08-24T22:27:03.376693+00:00,True,+128.2%,True,$56586.4M,,N/A,False,25.1K,True,$2.35 / SMA $2.17,True,9.50%,,N/A,False,11002.7M,False,PNK,False,
CMCO,Columbus McKinnon Corporation,17.95,2026-08-24T22:34:17.675202+00:00,False,+49.7%,True,$518.1M,False,+-2828.6%,True,685.7K,True,$17.95 / SMA $16.14,True,6.34%,True,+125.3%,True,27.7M,True,NMS,False,
CMG,"Chipotle Mexican Grill, Inc.",38.02,2026-08-24T22:27:05.074236+00:00,False,+35.6%,True,$48111.2M,False,+0.0%,True,20169.8K,True,$38.02 / SMA $33.85,True,3.87%,False,+9.3%,False,1255.8M,True,NYQ,False,
CMHHY,China Merchants Port Holdings Company Limited,20.1,2026-08-24T22:27:23.834190+00:00,False,+22.2%,True,$8438.0M,,N/A,False,0.1K,True,$20.10 / SMA $17.60,False,0.28%,,N/A,True,116.9M,False,PNK,False,
CMI,Cummins Inc.,571.62,2026-08-24T22:15:55.850046+00:00,False,+46.7%,True,$78877.3M,False,+-21.0%,True,1014.7K,False,$571.62 / SMA $655.55,True,3.41%,False,+2.7%,True,137.1M,True,NYQ,False,
CMII,Columbus Circle Capital Corp II,10.04,2026-08-24T22:26:10.098654+00:00,False,+2.9%,True,$314.6M,,,False,165.5K,False,$10.04 / SMA $10.05,False,0.18%,,,True,19.7M,True,NGM,False,
CMOPF,Cosmo N.V.,72.04,2026-08-24T22:22:09.515831+00:00,False,+3.3%,True,$1238.4M,,,False,0.3K,False,$72.04 / SMA $79.12,False,1.01%,,,True,9.7M,False,PNK,False,
CMP,"Compass Minerals International, Inc.",24.5,2026-08-24T22:22:17.273990+00:00,False,+49.4%,True,$1028.5M,True,+68.3%,True,512.8K,False,$24.50 / SMA $28.84,True,5.36%,False,+0.3%,True,39.3M,True,NYQ,False,
CMPGY,Compass Group PLC,31.4,2026-08-24T22:27:03.654244+00:00,False,+16.5%,True,$53389.8M,,N/A,False,277.3K,False,$31.40 / SMA $32.15,False,1.69%,,N/A,False,1691.1M,False,OQX,False,
CMPNF,Champion Real Estate Investment Trust,0.31,2026-08-24T22:30:52.239511+00:00,False,+34.8%,True,$1907.4M,,N/A,False,0.0K,False,$0.31 / SMA $0.34,False,0.00%,,N/A,False,2466.8M,False,PNK,False,
CMPR,Cimpress plc,87.52,2026-08-24T22:20:25.594515+00:00,False,+55.3%,True,$2131.1M,,,False,215.5K,False,$87.52 / SMA $95.33,True,4.82%,False,+8.7%,True,15.0M,True,NMS,False,
CMPX,"Compass Therapeutics, Inc.",2.4,2026-08-24T22:34:19.777523+00:00,False,+49.1%,True,$432.2M,False,+7.1%,True,3383.2K,True,$2.40 / SMA $2.15,True,6.21%,,N/A,True,132.4M,True,NCM,False,
CMXHF,CSL Limited,120.0,2026-08-24T22:16:08.688122+00:00,True,+88.0%,True,$57469.4M,,,False,2.5K,True,$120.00 / SMA $87.25,False,0.58%,,,False,478.5M,False,OQX,False,
CNGKY,CK Asset Holdings Limited,11.85,2026-08-24T22:16:16.033341+00:00,False,+33.9%,True,$20736.2M,,,False,5.4K,False,$11.85 / SMA $11.90,False,2.77%,,,False,946.9M,False,PNK,False,
CNH,CNH Industrial N.V.,11.76,2026-08-24T22:16:30.020161+00:00,False,+30.7%,True,$18911.9M,False,+-35.3%,True,12737.4K,True,$11.76 / SMA $10.68,True,4.50%,False,+2.0%,False,1233.3M,True,NYQ,False,
CNK,"Cinemark Holdings, Inc.",38.4,2026-08-24T22:20:18.427552+00:00,True,+77.8%,True,$4451.0M,,,True,2502.0K,True,$38.40 / SMA $33.86,True,3.45%,False,+15.5%,True,102.0M,True,NYQ,False,
CNL,Collective Mining Ltd.,16.13,2026-08-24T22:30:55.348209+00:00,False,+65.1%,True,$1495.9M,True,+40.9%,False,65.5K,True,$16.13 / SMA $13.42,True,6.13%,,N/A,True,50.1M,True,NMS,False,
CNMD,CONMED Corporation,51.49,2026-08-24T22:22:21.486539+00:00,False,+63.8%,True,$1542.2M,False,+11.6%,True,620.9K,True,$51.49 / SMA $42.12,True,4.01%,False,+0.3%,True,29.7M,True,NYQ,False,
CNOB,"ConnectOne Bancorp, Inc.",32.19,2026-08-24T22:30:53.995561+00:00,False,+38.7%,True,$1619.8M,True,+253.8%,False,452.6K,False,$32.19 / SMA $32.65,False,1.69%,,N/A,True,47.5M,True,NMS,False,
CNPPF,China Overseas Property Holdings Limited,0.4806,2026-08-24T22:30:51.482371+00:00,False,+11.7%,True,$1578.3M,,N/A,False,0.1K,True,$0.48 / SMA $0.43,False,0.00%,,N/A,False,1272.9M,False,PNK,False,
CNQ,Canadian Natural Resources Limited,50.68,2026-08-24T22:27:00.196885+00:00,True,+70.8%,True,$104476.8M,True,+83.8%,True,8011.0K,True,$50.68 / SMA $44.39,False,2.14%,True,+77.9%,False,2015.0M,True,NYQ,False,
CNR,"Core Natural Resources, Inc.",96.21,2026-08-24T22:29:06.993313+00:00,False,+36.7%,True,$4775.5M,True,+458.6%,True,631.0K,True,$96.21 / SMA $85.55,True,3.76%,False,+3.5%,True,48.5M,True,NYQ,False,
CNXC,Concentrix Corporation,26.03,2026-08-24T22:30:52.506456+00:00,False,+36.1%,True,$1588.3M,True,+36.5%,True,1701.1K,True,$26.03 / SMA $24.27,True,6.27%,False,+1.9%,True,47.1M,True,NMS,False,
COCO,"The Vita Coco Company, Inc.",63.36,2026-08-24T22:18:34.306624+00:00,True,+90.9%,True,$3666.3M,True,+115.8%,True,1088.2K,False,$63.36 / SMA $70.71,True,4.19%,True,+28.1%,True,51.8M,True,NMS,False,
COCSF,"Coca-Cola FEMSA, S.A.B. de C.V.",11.5,2026-08-24T22:27:29.850915+00:00,False,+51.9%,True,$24159.6M,False,+-85.4%,False,1.0K,True,$11.50 / SMA $10.88,False,2.57%,False,+4.7%,False,524.3M,False,PNK,False,
CODI,Compass Diversified,11.55,2026-08-24T22:34:09.028313+00:00,True,+152.2%,True,$869.0M,False,+-5.1%,True,854.8K,True,$11.55 / SMA $10.63,True,4.61%,False,+-5.9%,True,66.9M,True,NYQ,False,
COF,Capital One Financial Corporation,216.27,2026-08-24T22:26:59.664844+00:00,False,+24.1%,True,$132681.7M,True,+155.1%,True,4418.9K,True,$216.27 / SMA $207.93,False,2.24%,True,+26.9%,False,604.9M,True,NYQ,False,
COGNY,Cogna Educação S.A.,0.4273,2026-08-24T22:30:59.459937+00:00,False,+22.1%,True,$855.4M,True,+40.0%,False,5.7K,True,$0.43 / SMA $0.42,True,5.08%,True,+31.9%,False,1683.6M,False,PNK,False,
COHR,Coherent Corp.,275.49,2026-08-24T22:27:01.721713+00:00,True,+220.6%,True,$53949.8M,True,+981.8%,True,6185.2K,False,$275.49 / SMA $327.81,True,9.75%,False,+20.5%,False,195.1M,True,NYQ,False,
COIHY,Croda International Plc,23.57,2026-08-24T22:18:26.440417+00:00,False,+45.0%,True,$6569.2M,,,False,6.9K,True,$23.57 / SMA $20.77,False,0.79%,,,False,255.4M,False,PNK,False,
COLL,"Collegium Pharmaceutical, Inc.",27.35,2026-08-24T22:30:58.037242+00:00,False,+7.4%,True,$847.8M,False,+-235.3%,True,532.8K,False,$27.35 / SMA $33.49,True,4.77%,False,+6.3%,True,32.2M,True,NMS,False,
COMP,"Compass, Inc.",11.55,2026-08-24T22:27:27.865511+00:00,True,+81.3%,True,$8866.3M,True,+57.1%,True,13114.0K,False,$11.55 / SMA $11.63,True,5.05%,True,+109.0%,False,736.0M,True,NYQ,False,
COR,"Cencora, Inc.",323.77,2026-08-24T22:27:03.641279+00:00,False,+32.2%,True,$61784.1M,False,+11.9%,True,1530.0K,True,$323.77 / SMA $302.78,False,2.59%,False,+5.1%,False,180.2M,True,NYQ,False,
CORT,Corcept Therapeutics Incorporated,123.24,2026-08-24T22:18:20.973569+00:00,True,+330.0%,True,$13322.0M,False,+24.1%,True,1104.4K,True,$123.24 / SMA $98.11,True,4.31%,True,+31.7%,True,96.5M,True,NCM,False,
COSO,"CoastalSouth Bancshares, Inc.",27.54,2026-08-24T22:35:56.668346+00:00,False,+32.4%,True,$329.2M,False,+3.5%,False,115.7K,True,$27.54 / SMA $27.05,False,2.26%,False,+15.1%,True,8.9M,True,NYQ,False,
COTY,Coty Inc.,2.79,2026-08-24T22:30:51.056226+00:00,False,+53.3%,True,$2456.5M,False,+0.0%,True,11867.6K,True,$2.79 / SMA $2.46,True,5.57%,False,+-1.3%,False,376.4M,True,NYQ,False,
COUR,"Coursera, Inc.",6.02,2026-08-24T22:30:53.594902+00:00,False,+20.4%,True,$1591.7M,False,+-580.0%,True,6858.6K,True,$6.02 / SMA $5.66,True,4.87%,True,+59.6%,False,235.0M,True,NYQ,False,
COVCF,COVER Corporation,9.75,2026-08-24T22:24:07.294090+00:00,False,+33.6%,True,$621.8M,,,False,0.2K,True,$9.75 / SMA $9.49,False,0.12%,,,True,33.7M,False,PNK,False,
CPA,"Copa Holdings, S.A.",131.5,2026-08-24T22:27:29.780626+00:00,False,+22.4%,True,$5947.2M,False,+-53.7%,False,313.4K,False,$131.50 / SMA $143.39,False,2.71%,True,+25.7%,True,28.3M,True,NYQ,False,
CPAY,"Corpay, Inc.",413.92,2026-08-24T22:27:11.508427+00:00,False,+63.7%,True,$27177.8M,False,+-7.0%,True,614.8K,True,$413.92 / SMA $373.08,False,2.68%,,N/A,True,63.0M,True,NYQ,False,
CPB,The Campbell's Company,24.16,2026-08-24T22:27:28.411728+00:00,False,+23.5%,True,$7204.7M,True,+86.4%,True,8304.5K,True,$24.16 / SMA $22.37,False,2.81%,False,+-4.4%,False,192.3M,True,NMS,False,
CPKRF,Canada Packers Inc.,12.39,2026-08-24T22:34:19.038789+00:00,False,+23.5%,,N/A,,N/A,False,11.4K,False,$12.39 / SMA_short $13.04,False,0.45%,,N/A,True,15.2M,False,PNK,False,
CPPKF,Faraday Copper Corp.,4.29,2026-08-24T22:30:57.883156+00:00,True,+385.8%,True,$1262.6M,False,+-66.7%,False,82.1K,True,$4.29 / SMA $4.03,True,7.36%,,N/A,False,231.6M,False,OQX,False,
CPYYF,Centrica plc,2.65,2026-08-24T22:16:31.331153+00:00,False,+32.5%,True,$12241.5M,,,False,0.4K,True,$2.65 / SMA $2.25,False,0.00%,,,False,4230.6M,False,PNK,False,
CPYYY,Centrica plc,8.66,2026-08-24T22:27:18.687948+00:00,False,+5.7%,True,$10001.1M,,N/A,False,91.5K,False,$8.66 / SMA $8.88,False,1.48%,,N/A,False,1057.7M,False,PNK,False,
CR,Crane Company,206.33,2026-08-24T22:27:20.835131+00:00,False,+29.3%,True,$11925.9M,False,+10.9%,False,476.4K,False,$206.33 / SMA $216.82,True,3.15%,,N/A,True,49.4M,True,NYQ,False,
CRAN,Crane Harbor Acquisition Corp. II,10.135,2026-08-24T22:26:01.578062+00:00,False,+2.6%,True,$475.3M,,,False,49.1K,False,$10.13 / SMA $10.14,False,0.03%,,,True,29.3M,True,NGM,False,
CRARF,Crédit Agricole S.A.,22.84,2026-08-24T22:15:59.525230+00:00,False,+26.2%,True,$69105.5M,False,+5.4%,False,0.7K,True,$22.84 / SMA $20.75,False,0.31%,False,+-8.6%,False,906.1M,False,PNK,False,
CRCL,Circle Internet Group,87.72,2026-08-24T22:27:09.069219+00:00,True,+75.8%,True,$23912.0M,True,+104.0%,True,13704.4K,True,$87.72 / SMA $69.58,True,6.92%,False,+6.6%,False,201.4M,True,NYQ,False,
CRD.A,CRD.A,,2026-08-24T22:24:17.740830+00:00,False,,False,,False,,False,,False,,False,,False,,False,,False,Unknown,False,No price data available
CRDIY,"Yokohama Financial Group, Inc.",38.43,2026-08-24T22:27:19.082954+00:00,True,+92.8%,True,$14238.0M,,N/A,False,5.0K,True,$38.43 / SMA $34.66,False,1.39%,,N/A,False,370.4M,False,PNK,False,
CRERF,Carrefour SA,17.86,2026-08-24T22:16:26.600619+00:00,False,+29.0%,True,$12638.0M,,,False,0.2K,False,$17.86 / SMA $18.31,False,0.13%,,,False,588.4M,False,PNK,False,
CRHKY,China Resources Beer (Holdings) Company Limited,5.33,2026-08-24T22:16:35.367600+00:00,False,+2.7%,True,$8645.3M,,,False,191.1K,False,$5.33 / SMA $5.78,False,2.10%,,,False,779.9M,False,PNK,False,
CRK,"Comstock Resources, Inc.",14.28,2026-08-24T22:18:36.993469+00:00,False,+17.8%,True,$4192.9M,False,+-93.2%,True,2458.1K,True,$14.28 / SMA $13.58,True,4.23%,False,+-25.2%,True,63.5M,True,NYQ,False,
CRLFF,Cardinal Energy Ltd.,8.54,2026-08-24T22:22:11.777410+00:00,False,+67.5%,True,$1497.0M,True,+280.0%,False,379.2K,True,$8.54 / SMA $7.88,False,1.87%,True,+81.3%,True,136.6M,False,PNK,False,
CRM,"Salesforce, Inc.",209.06,2026-08-24T22:15:52.131268+00:00,False,+42.9%,True,$171220.1M,True,+52.2%,True,14961.1K,True,$209.06 / SMA $175.45,True,3.74%,False,+13.3%,False,793.6M,True,NYQ,False,
CRMD,CorMedix Inc.,8.28,2026-08-24T22:34:12.847819+00:00,False,+35.1%,True,$645.4M,True,+43.3%,True,1326.1K,True,$8.28 / SMA $8.08,True,5.11%,True,+226.1%,True,66.0M,True,NGM,False,
CRNC,Cerence Inc.,7.57,2026-08-24T22:24:18.189943+00:00,False,+29.4%,True,$342.4M,True,+150.0%,True,873.9K,False,$7.57 / SMA $9.45,True,6.28%,False,+11.8%,True,43.9M,True,NMS,False,
CRNCY,Capricorn Energy PLC,10.12,2026-08-24T22:26:11.748152+00:00,True,+115.3%,True,$347.4M,,,False,0.0K,True,$10.12 / SMA $9.36,False,0.01%,,,True,19.8M,False,PNK,False,
CRPAY,"Corporación Acciona Energías Renovables, S.A.",12.33,2026-08-24T22:16:39.669809+00:00,False,+2.8%,True,$8003.4M,,,False,0.0K,False,$12.33 / SMA $12.56,False,0.00%,,,True,57.0M,False,PNK,False,
CRUS,"Cirrus Logic, Inc.",111.64,2026-08-24T22:16:40.642996+00:00,False,+1.6%,True,$5595.1M,True,+28.9%,True,669.9K,False,$111.64 / SMA $138.43,True,3.51%,False,+12.9%,True,49.6M,True,NMS,False,
CRVS,"Corvus Pharmaceuticals, Inc.",14.09,2026-08-24T22:22:23.517113+00:00,True,+166.9%,True,$1185.3M,False,+-90.0%,True,1175.7K,True,$14.09 / SMA $14.03,True,5.05%,,,True,72.6M,True,NGM,False,
CRZBY,Commerzbank AG,46.0,2026-08-24T22:27:04.374818+00:00,False,+36.8%,True,$49719.0M,,N/A,False,45.6K,True,$46.00 / SMA $43.61,False,1.33%,False,+-4.7%,False,824.9M,False,PNK,False,
CSCCF,Capstone Copper Corp.,12.03,2026-08-24T22:27:26.156336+00:00,True,+82.5%,True,$9190.3M,True,+233.3%,False,348.2K,True,$12.03 / SMA $9.91,True,5.07%,True,+36.2%,False,689.9M,False,PNK,False,
CSHR,CoinShares PLC,5.98,2026-08-24T22:24:08.565864+00:00,True,+70.4%,True,$788.0M,,,False,225.2K,True,$5.98 / SMA $4.46,True,8.18%,,,True,38.0M,True,NMS,False,
CSIOY,"Casio Computer Co.,Ltd.",118.62,2026-08-24T22:29:15.984963+00:00,False,+56.3%,True,$2601.4M,,N/A,False,0.1K,False,$118.62 / SMA $124.71,False,1.22%,,N/A,True,21.6M,False,PNK,False,
CSL,Carlisle Companies Incorporated,362.52,2026-08-24T22:16:28.277562+00:00,False,+23.5%,True,$14397.2M,False,+7.1%,False,471.2K,True,$362.52 / SMA $356.99,True,3.32%,False,+8.3%,True,39.1M,True,NYQ,False,
CSPKF,COSCO SHIPPING Ports Limited,0.64123,2026-08-24T22:20:22.690324+00:00,False,+0.0%,True,$2575.6M,,,False,0.0K,False,$0.64 / SMA $0.69,False,0.00%,,,False,1138.4M,False,PNK,False,
CSR,Centerspace,54.6,2026-08-24T22:22:20.810712+00:00,False,+2.4%,True,$966.2M,True,+92.0%,False,165.2K,False,$54.60 / SMA $55.61,False,2.64%,False,+-4.0%,True,15.4M,True,NYQ,False,
CSUAY,China Shenhua Energy Company Limited,23.29,2026-08-24T22:26:59.015375+00:00,False,+31.8%,True,$126286.7M,False,+-11.8%,False,22.1K,True,$23.29 / SMA $21.57,False,0.88%,False,+1.2%,False,1481.0M,False,PNK,False,
CTBI,"Community Trust Bancorp, Inc.",76.65,2026-08-24T22:30:56.859954+00:00,False,+52.5%,True,$1392.6M,False,+18.8%,False,119.7K,True,$76.65 / SMA $74.66,False,1.77%,False,+11.8%,True,16.7M,True,NMS,False,
CTNM,"Contineum Therapeutics, Inc.",16.63,2026-08-24T22:34:15.310198+00:00,True,+93.4%,True,$625.6M,True,+35.5%,False,409.6K,True,$16.63 / SMA $14.51,True,7.82%,,N/A,True,27.8M,True,NMS,False,
CTS,CTS Corporation,56.13,2026-08-24T22:30:51.201360+00:00,False,+55.8%,True,$1602.9M,False,+6.5%,False,289.0K,False,$56.13 / SMA $62.63,True,3.63%,False,+7.0%,True,28.1M,True,NYQ,False,
CTTAF,Continental Aktiengesellschaft,81.844,2026-08-24T22:27:15.529320+00:00,False,+32.9%,True,$16369.3M,False,+-45.8%,False,0.6K,False,$81.84 / SMA $82.35,True,4.11%,False,+-11.3%,True,108.0M,False,PNK,False,
CTVA,"Corteva, Inc.",82.81,2026-08-24T22:16:01.206254+00:00,False,+36.8%,True,$55250.5M,False,+-9.9%,True,4269.0K,True,$82.81 / SMA $82.02,False,2.71%,,,False,665.5M,True,NYQ,False,
CUBE,CubeSmart,40.91,2026-08-24T22:16:39.477271+00:00,False,+16.6%,True,$9275.0M,,,True,2098.7K,False,$40.91 / SMA $40.99,False,1.88%,False,+1.5%,False,210.8M,True,NYQ,False,
CURB,Curbline Properties Corp.,29.78,2026-08-24T22:20:19.818624+00:00,False,+35.8%,True,$3396.0M,False,+-39.2%,True,1356.7K,False,$29.78 / SMA $30.49,False,2.25%,True,+52.9%,True,106.5M,True,NYQ,False,
CUSI,"Cuisine Solutions, Inc.",19.25,2026-08-24T22:34:20.978266+00:00,False,+7.0%,True,$338.0M,,N/A,False,0.0K,False,$19.25 / SMA $20.69,False,0.00%,,N/A,,N/A,False,PNK,False,
CV,"CapsoVision, Inc.",5.83,2026-08-24T22:34:21.878684+00:00,False,+69.8%,False,$291.8M,False,+-29.3%,False,148.3K,False,$5.83 / SMA $6.65,True,5.51%,False,+0.3%,True,31.5M,True,NCM,False,
CVCCF,CVC Capital Partners plc,16.43,2026-08-24T22:16:22.603445+00:00,False,+31.4%,True,$17945.8M,,,False,0.2K,True,$16.43 / SMA $14.96,False,0.00%,,,False,935.8M,False,PNK,False,
CVGW,CVGW,,2026-08-24T22:24:19.505658+00:00,False,,False,,False,,False,,False,,False,,False,,False,,False,Unknown,False,No price data available
CVI,"CVR Energy, Inc.",38.03,2026-08-24T22:29:11.086158+00:00,True,+93.8%,True,$3823.2M,True,+97.4%,True,964.5K,True,$38.03 / SMA $32.22,True,5.77%,True,+55.5%,True,29.3M,True,NYQ,True,
CVLT,"Commvault Systems, Inc.",131.13,2026-08-24T22:29:06.373956+00:00,True,+82.8%,True,$5434.6M,False,+-3.8%,True,754.5K,False,$131.13 / SMA $138.19,True,4.28%,False,+11.4%,True,40.9M,True,NMS,False,
CVX,Chevron Corporation,203.09,2026-08-24T22:26:57.006920+00:00,False,+38.6%,True,$398382.0M,True,+321.4%,True,8695.8K,True,$203.09 / SMA $184.55,False,1.97%,True,+51.4%,False,1868.5M,True,NYQ,False,
CW,Curtiss-Wright Corporation,614.97,2026-08-24T22:27:09.489194+00:00,False,+32.1%,True,$22713.6M,True,+27.6%,False,298.2K,False,$614.97 / SMA $731.34,True,4.24%,False,+5.4%,True,36.7M,True,NYQ,False,
CWBC,Community West Bancshares,26.01,2026-08-24T22:34:12.503385+00:00,False,+31.4%,True,$705.8M,False,+-75.6%,False,377.2K,False,$26.01 / SMA $26.06,False,2.30%,,N/A,True,24.7M,True,NCM,False,
CWH,"Camping World Holdings, Inc.",6.42,2026-08-24T22:24:05.427039+00:00,False,+17.0%,True,$663.2M,False,+-12.5%,True,2290.5K,False,$6.42 / SMA $6.67,True,5.34%,False,+-2.1%,True,55.3M,True,NYQ,False,
CWST,"Casella Waste Systems, Inc.",94.78,2026-08-24T22:27:30.163847+00:00,False,+28.0%,True,$6031.8M,False,+-25.0%,True,655.9K,True,$94.78 / SMA $92.14,False,2.94%,False,+16.9%,True,62.3M,True,NMS,False,
CWXZF,Doman Building Materials Group Ltd.,8.03,2026-08-24T22:34:12.239813+00:00,False,+50.1%,True,$705.8M,False,+0.0%,False,11.1K,False,$8.03 / SMA $8.06,False,0.38%,False,+-3.9%,True,86.8M,False,PNK,False,
CXDO,"Crexendo, Inc.",6.27,2026-08-24T22:26:09.737103+00:00,False,+13.0%,False,$203.2M,False,+-25.0%,True,626.8K,False,$6.27 / SMA $7.14,True,4.35%,True,+48.9%,True,21.7M,True,NCM,False,
CXIIU,Churchill Capital Corp XII,11.5,2026-08-24T22:26:01.233352+00:00,False,+14.1%,,,,,False,29.7K,True,$11.50 / SMA $10.76,False,1.08%,,,True,41.8M,True,NGM,False,
CXMSF,"CEMEX, S.A.B. de C.V.",1.1,2026-08-24T22:27:13.901797+00:00,False,+26.4%,True,$15872.5M,False,+9.1%,False,41.4K,False,$1.10 / SMA $1.21,False,0.38%,False,+12.2%,False,14119.5M,False,PNK,False,
CXT,"Crane NXT, Co.",49.8,2026-08-24T22:29:15.655789+00:00,False,+39.5%,True,$2866.6M,True,+41.9%,True,904.9K,False,$49.80 / SMA $50.23,True,3.97%,False,+22.0%,True,57.4M,True,NYQ,False,
CYAGF,"CyberAgent, Inc.",8.4,2026-08-24T22:18:34.854656+00:00,False,+15.9%,True,$4259.6M,,,False,0.0K,False,$8.40 / SMA $8.77,False,0.00%,,,False,409.1M,False,PNK,False,
CYGIY,"CyberAgent, Inc.",5.0,2026-08-24T22:18:33.556018+00:00,False,+33.3%,True,$5071.0M,,,False,0.0K,True,$5.00 / SMA $4.32,False,0.28%,,,False,818.3M,False,PNK,False,
CYRBY,Cyrela Brazil Realty S.A. Empreendimentos e Participações,4.69,2026-08-24T22:20:34.230795+00:00,False,+28.5%,True,$1718.0M,False,+-23.5%,False,11.3K,True,$4.69 / SMA $4.37,True,5.95%,False,+3.7%,False,266.4M,False,PNK,False,
CYRX,"Cryoport, Inc.",16.34,2026-08-24T22:24:08.038484+00:00,True,+114.7%,True,$827.6M,False,+-109.4%,True,779.4K,True,$16.34 / SMA $15.52,True,4.20%,False,+7.7%,True,45.9M,True,NCM,False,
CZMWY,Carl Zeiss Meditec AG,37.695,2026-08-24T22:20:22.671637+00:00,False,+41.4%,True,$3299.7M,False,+-133.3%,False,3.2K,True,$37.70 / SMA $33.04,False,1.40%,False,+-4.8%,True,34.2M,False,PNK,False,
D,"Dominion Energy, Inc.",66.61,2026-08-24T22:15:59.655942+00:00,False,+19.3%,True,$58585.2M,False,+-58.0%,True,5538.4K,False,$66.61 / SMA $69.13,False,1.78%,,,False,877.8M,True,NYQ,False,
DAN,Dana Incorporated,30.15,2026-08-24T22:18:40.266545+00:00,False,+70.0%,True,$3243.4M,False,+-126.3%,True,1674.2K,True,$30.15 / SMA $28.09,True,4.39%,False,+3.9%,True,105.9M,True,NYQ,False,
DAO,"Youdao, Inc.",16.72,2026-08-24T22:30:53.294862+00:00,True,+101.4%,True,$2017.0M,False,+-50.0%,False,78.6K,True,$16.72 / SMA $14.71,True,6.81%,False,+3.8%,True,27.2M,True,NYQ,False,
DAR,Darling Ingredients Inc.,62.32,2026-08-24T22:16:38.642747+00:00,True,+113.8%,True,$9834.3M,True,+2912.5%,True,2335.1K,True,$62.32 / SMA $60.06,True,4.03%,False,+16.4%,False,155.6M,True,NYQ,False,
DASTY,Dassault Systèmes SE,26.36,2026-08-24T22:16:09.520068+00:00,False,+38.8%,True,$34637.4M,,,False,202.5K,True,$26.36 / SMA $22.34,False,1.83%,False,+2.1%,False,669.3M,False,PNK,False,
DBCA,D. Boral Acquisition I Corp.,10.0,2026-08-24T22:24:22.446054+00:00,False,+1.7%,True,$555.9M,,,False,69.2K,True,$10.00 / SMA $9.99,False,0.12%,,,True,28.7M,True,NGM,False,
DBI,Designer Brands Inc.,5.85,2026-08-24T22:26:01.836438+00:00,True,+88.1%,False,$297.0M,True,+105.6%,True,630.0K,False,$5.85 / SMA $6.00,True,4.81%,False,+1.4%,True,28.7M,True,NYQ,False,
DBLVF,Doubleview Gold Corp.,1.34,2026-08-24T22:34:17.420720+00:00,False,+8.1%,True,$315.5M,,N/A,False,169.4K,False,$1.34 / SMA_short $1.47,True,5.50%,,N/A,False,203.9M,False,OQX,False,
DBOEF,Deutsche Börse AG,339.3,2026-08-24T22:27:03.524553+00:00,False,+46.5%,True,$61171.6M,,N/A,False,6.6K,True,$339.30 / SMA $295.60,True,3.37%,False,+7.8%,False,180.3M,False,PNK,False,
DBSDF,DBS Group Holdings Ltd,59.03,2026-08-24T22:15:52.387804+00:00,False,+61.5%,True,$167881.3M,,,False,5.1K,True,$59.03 / SMA $55.52,True,4.31%,False,+3.2%,False,2041.6M,False,PNK,False,
DC,Dakota Gold Corp.,6.18,2026-08-24T22:24:07.991838+00:00,False,+63.1%,True,$829.2M,False,+-75.0%,True,1546.8K,True,$6.18 / SMA $4.96,True,4.44%,,,True,124.1M,True,ASE,False,
DCBO,Docebo Inc.,24.51,2026-08-24T22:24:17.736453+00:00,True,+70.3%,True,$610.0M,False,+-20.0%,False,98.7K,True,$24.51 / SMA $19.89,True,4.59%,False,+13.0%,True,8.7M,True,NMS,False,
DCI,"Donaldson Company, Inc.",92.43,2026-08-24T22:16:37.633756+00:00,False,+22.8%,True,$10713.7M,True,+108.3%,True,776.8K,True,$92.43 / SMA $91.10,False,2.31%,False,+5.9%,True,115.1M,True,NYQ,False,
DCO,Ducommun Incorporated,183.96,2026-08-24T22:20:29.385300+00:00,True,+117.0%,True,$2777.8M,True,+56.0%,False,274.9K,True,$183.96 / SMA $180.64,True,4.29%,False,+11.8%,True,14.5M,True,NYQ,False,
DD,"DuPont de Nemours, Inc.",136.67,2026-08-24T22:16:19.548148+00:00,False,+47.8%,True,$18453.1M,True,+150.0%,True,1462.8K,False,$136.67 / SMA $139.70,False,2.84%,,,True,134.5M,True,NYQ,False,
DDD,3D Systems Corporation,3.12,2026-08-24T22:24:20.223088+00:00,True,+83.5%,True,$518.4M,True,+89.3%,True,4206.0K,True,$3.12 / SMA $3.09,True,7.68%,False,+1.1%,False,160.1M,True,NYQ,False,
DDL,Dingdong (Cayman) Limited,2.36,2026-08-24T22:34:14.280419+00:00,False,+43.0%,True,$516.0M,True,+2400.0%,False,459.2K,True,$2.36 / SMA $2.24,True,5.22%,True,+195.2%,True,119.6M,True,NYQ,False,
DDOG,"Datadog, Inc.",225.77,2026-08-24T22:15:57.236911+00:00,True,+130.4%,True,$81068.4M,True,+1100.0%,True,5168.8K,False,$225.77 / SMA $249.25,True,5.62%,True,+35.6%,False,333.0M,True,NMS,False,
DDWWF,Dividend Growth Split Corp.,4.1244,2026-08-24T22:34:20.351321+00:00,False,+0.0%,False,$229.1M,,N/A,False,0.0K,True,$4.12 / SMA $4.03,False,0.00%,,N/A,,N/A,False,PNK,False,
DEA,"Easterly Government Properties, Inc.",24.96,2026-08-24T22:22:21.727542+00:00,False,+21.4%,True,$1223.2M,False,+-33.3%,False,398.3K,True,$24.96 / SMA $24.37,False,2.28%,False,+9.7%,True,44.7M,True,NYQ,False,
DELHY,Delivery Hero SE,4.27,2026-08-24T22:16:31.677672+00:00,True,+154.2%,True,$13085.4M,,,False,126.6K,True,$4.27 / SMA $4.22,False,1.10%,,,False,2118.4M,False,PNK,False,
DELKY,Delek Group Ltd.,28.25,2026-08-24T22:27:28.348526+00:00,False,+31.2%,True,$5129.3M,True,+400.0%,False,0.6K,True,$28.25 / SMA $27.04,False,0.39%,True,+51.3%,True,91.2M,False,PNK,False,
DEUZF,DEUTZ Aktiengesellschaft,12.25,2026-08-24T22:20:36.487600+00:00,False,+38.3%,True,$1869.8M,,,False,0.1K,True,$12.25 / SMA $11.41,False,0.10%,False,+19.7%,True,140.0M,False,PNK,False,
DFDDF,DFDS A/S,21.5,2026-08-24T22:22:17.723573+00:00,False,+51.7%,True,$1161.4M,,,False,0.1K,True,$21.50 / SMA $20.72,False,0.00%,False,+2.2%,True,32.0M,False,PNK,False,
DFH,"Dream Finders Homes, Inc.",14.76,2026-08-24T22:22:16.296383+00:00,False,+21.0%,True,$1339.1M,False,+-51.8%,True,660.5K,False,$14.76 / SMA $15.29,True,6.53%,False,+-7.6%,True,27.2M,True,NYQ,False,
DFKCY,Daifuku Co Ltd,18.55,2026-08-24T22:16:22.303697+00:00,False,+65.3%,True,$13809.1M,,,False,47.9K,False,$18.55 / SMA $20.87,True,3.59%,,,False,692.5M,False,PNK,False,
DFP,Flaherty & Crumrine Dynamic Preferred and Income Fund Inc.,20.63,2026-08-24T22:34:17.951248+00:00,False,+5.5%,True,$423.7M,,N/A,False,52.9K,True,$20.63 / SMA $20.62,False,0.87%,,N/A,,N/A,True,NYQ,False,
DGIPF,DigiPlus Interactive Corp.,0.1845,2026-08-24T22:22:22.627334+00:00,False,+35.4%,,,,,False,34.4K,True,$0.18 / SMA $0.18,True,12.95%,,,,,False,PNK,False,
DGX,Quest Diagnostics Incorporated,243.87,2026-08-24T22:16:17.698542+00:00,False,+42.5%,True,$26916.8M,False,+15.0%,True,936.3K,True,$243.87 / SMA $219.84,False,2.00%,False,+10.2%,True,109.8M,True,NYQ,False,
DHR,Danaher Corporation,215.11,2026-08-24T22:15:53.081521+00:00,False,+33.7%,True,$151219.3M,True,+59.7%,True,4904.7K,True,$215.11 / SMA $196.05,True,3.14%,False,+5.5%,False,625.8M,True,NYQ,False,
DHTRF,DRI Healthcare Trust,12.7,2026-08-24T22:34:12.576196+00:00,False,+29.2%,True,$698.0M,True,+1000.0%,False,10.5K,True,$12.70 / SMA $12.69,False,0.00%,True,+26.0%,,N/A,False,PNK,False,
DINO,HF Sinclair Corporation,95.18,2026-08-24T22:16:29.947892+00:00,True,+108.2%,True,$16921.5M,True,+348.2%,True,2625.7K,True,$95.18 / SMA $81.70,True,4.37%,,,False,167.9M,True,NYQ,False,
DJT,Trump Media & Technology Group Corp.,9.3,2026-08-24T22:20:28.880663+00:00,False,+33.6%,True,$2584.9M,False,+-950.0%,True,4893.5K,True,$9.30 / SMA $8.81,True,5.97%,False,+6.1%,False,160.2M,True,NGM,False,
DKILF,"Daikin Industries,Ltd.",129.0,2026-08-24T22:16:03.839428+00:00,False,+18.6%,True,$35905.4M,,,False,35.5K,False,$129.00 / SMA $144.84,True,8.97%,,,False,278.3M,False,PNK,False,
DKNG,DraftKings Inc.,25.97,2026-08-24T22:16:30.300491+00:00,False,+26.9%,True,$12892.9M,False,+-146.7%,True,12809.1K,True,$25.97 / SMA $25.13,True,4.80%,False,+-4.6%,False,423.5M,True,NMS,False,
DKS,"DICK'S Sporting Goods, Inc.",179.33,2026-08-24T22:16:18.391501+00:00,False,+2.1%,True,$16050.5M,False,+9.3%,True,1375.5K,False,$179.33 / SMA $212.60,True,3.28%,True,+62.7%,True,61.0M,True,NYQ,False,
DLAKF,Deutsche Lufthansa AG,9.33,2026-08-24T22:27:19.581838+00:00,False,+19.2%,True,$11215.1M,False,+-88.1%,False,2.1K,False,$9.33 / SMA $9.95,False,1.34%,False,+7.9%,False,1021.6M,False,OQX,False,
DLAKY,Deutsche Lufthansa AG,9.05,2026-08-24T22:27:20.072890+00:00,False,+14.4%,True,$10878.5M,False,+-88.1%,False,103.4K,False,$9.05 / SMA $10.20,False,1.84%,False,+7.9%,False,1021.6M,False,OQX,False,
DLB,"Dolby Laboratories, Inc.",66.05,2026-08-24T22:27:31.137606+00:00,False,+36.9%,True,$6186.8M,False,+-37.5%,True,903.8K,True,$66.05 / SMA $54.56,False,2.73%,False,+-3.3%,True,58.8M,True,NYQ,False,
DLKGF,Delek Group Ltd.,340.0,2026-08-24T22:27:28.085905+00:00,True,+1192.3%,True,$61733.3M,True,+400.0%,False,0.0K,True,$340.00 / SMA $155.95,False,0.00%,True,+51.3%,True,91.2M,False,PNK,False,
DLMAF,Dollarama Inc.,140.39,2026-08-24T22:16:07.402609+00:00,False,+24.9%,True,$38014.7M,False,+13.3%,False,26.0K,True,$140.39 / SMA $134.52,False,0.07%,False,+21.4%,False,266.7M,False,PNK,False,
DLO,DLocal Limited,15.12,2026-08-24T22:29:09.952085+00:00,False,+42.1%,True,$4449.3M,False,+-6.7%,True,2632.9K,True,$15.12 / SMA $14.17,True,3.71%,True,+54.9%,True,95.4M,True,NMS,False,
DLR,"Digital Realty Trust, Inc.",188.55,2026-08-24T22:15:58.599303+00:00,False,+28.9%,True,$71027.0M,False,+-58.8%,True,2973.8K,True,$188.55 / SMA $187.10,False,2.68%,,,False,350.4M,True,NYQ,False,
DLX,Deluxe Corporation,24.08,2026-08-24T22:22:22.594342+00:00,False,+35.6%,True,$1104.2M,False,+-18.0%,False,432.6K,False,$24.08 / SMA $24.43,True,3.19%,False,+-4.2%,True,44.4M,True,NYQ,False,
DMAC,DiaMedica Therapeutics Inc.,6.52,2026-08-24T22:35:55.561042+00:00,False,+26.8%,True,$351.6M,False,+-5.6%,False,197.3K,False,$6.52 / SMA $6.78,True,4.86%,,N/A,True,25.3M,True,NCM,False,
DMII,Drugs Made In America Acquisition II Corp.,10.15,2026-08-24T22:24:10.749013+00:00,False,+2.9%,True,$646.6M,True,+7618.8%,False,60.5K,True,$10.15 / SMA $10.10,False,0.09%,,,True,50.3M,True,NGM,False,
DNACF,"DeNA Co., Ltd.",16.0,2026-08-24T22:30:50.214195+00:00,False,+14.3%,True,$1498.3M,,N/A,False,0.0K,True,$16.00 / SMA $15.37,False,0.00%,,N/A,True,45.9M,False,PNK,False,
DNBBF,DNB Bank ASA,32.1,2026-08-24T22:16:02.528465+00:00,False,+25.9%,True,$45820.1M,False,+-7.7%,False,2.7K,True,$32.10 / SMA $32.03,False,1.96%,False,+-0.5%,False,703.9M,False,PNK,False,
DNEMF,Dunelm Group plc,10.535,2026-08-24T22:30:49.926512+00:00,False,+9.7%,True,$2123.9M,,N/A,False,0.0K,True,$10.54 / SMA $10.50,False,0.00%,,N/A,False,163.1M,False,PNK,False,
DNLMY,Dunelm Group plc,11.63,2026-08-24T22:30:48.366599+00:00,False,+23.7%,True,$2344.6M,,N/A,False,0.1K,True,$11.63 / SMA $11.06,False,0.00%,,N/A,False,163.1M,False,PNK,False,
DNN,Denison Mines Corp.,3.54,2026-08-24T22:29:12.723995+00:00,True,+73.5%,True,$3204.2M,False,+-160.0%,True,24846.2K,True,$3.54 / SMA $3.12,True,5.33%,False,+-19.6%,False,902.2M,True,ASE,False,
DNOPY,Dino Polska S.A.,9.49,2026-08-24T22:16:40.982686+00:00,False,+32.5%,True,$9304.0M,False,+0.0%,False,93.4K,True,$9.49 / SMA $8.12,True,3.84%,False,+14.8%,False,475.8M,False,PNK,False,
DNP,DNP Select Income Fund Inc.,10.91,2026-08-24T22:18:37.477674+00:00,False,+12.6%,True,$4132.7M,,,True,646.1K,True,$10.91 / SMA $10.84,False,1.07%,,,,,True,NYQ,False,
DNPLY,"Dai Nippon Printing Co., Ltd.",10.5,2026-08-24T22:27:26.279479+00:00,False,+37.1%,True,$9012.8M,,N/A,False,10.0K,True,$10.50 / SMA $9.38,True,3.19%,False,+3.7%,False,815.8M,False,PNK,False,
DNTH,"Dianthus Therapeutics, Inc.",110.07,2026-08-24T22:18:31.499708+00:00,True,+382.6%,True,$6017.1M,False,+-2.3%,True,1069.7K,True,$110.07 / SMA $101.05,True,5.14%,True,+294.3%,True,55.5M,True,NCM,False,
DNTUY,Dentsu Group Inc.,23.0,2026-08-24T22:18:30.154059+00:00,False,+40.4%,True,$5970.5M,,,False,1.0K,True,$23.00 / SMA $20.53,False,0.01%,,,False,214.7M,False,PNK,False,
DNUT,"Krispy Kreme, Inc.",3.61,2026-08-24T22:34:14.087875+00:00,False,+25.3%,True,$626.3M,True,+95.3%,True,2948.7K,True,$3.61 / SMA $3.40,True,5.05%,False,+-12.8%,True,91.5M,True,NMS,False,
DOC,"Healthpeak Properties, Inc.",21.63,2026-08-24T22:16:27.348473+00:00,False,+37.8%,True,$15334.5M,True,+60.0%,True,7287.0K,True,$21.63 / SMA $21.26,False,2.12%,False,+11.1%,False,686.7M,True,NYQ,False,
DOCS,"Doximity, Inc.",25.3,2026-08-24T22:18:40.588187+00:00,False,+47.5%,True,$4509.6M,False,+-51.9%,True,4863.1K,True,$25.30 / SMA $22.28,True,6.97%,False,+7.3%,True,123.7M,True,NYQ,False,
DOLE,Dole plc,13.46,2026-08-24T22:22:15.488691+00:00,False,+7.5%,True,$1271.4M,False,+-19.5%,True,1140.1K,False,$13.46 / SMA $13.89,False,2.21%,False,+11.6%,True,75.7M,True,NYQ,False,
DOW,Dow Inc.,31.44,2026-08-24T22:27:09.825345+00:00,False,+52.3%,True,$22710.4M,True,+183.9%,True,11160.8K,True,$31.44 / SMA $30.22,True,3.24%,False,+19.7%,False,720.6M,True,NYQ,False,
DPSTF,Deutsche Post AG,62.8,2026-08-24T22:15:58.944865+00:00,False,+45.0%,True,$70288.5M,True,+34.3%,False,2.2K,False,$62.80 / SMA $63.24,False,0.32%,False,+7.5%,False,910.6M,False,OID,False,
DQJCF,Pan Pacific International Holdings Corporation,4.8,2026-08-24T22:16:22.308598+00:00,False,+5.5%,True,$14349.5M,,,False,2.0K,True,$4.80 / SMA $3.92,False,1.05%,,,False,1989.1M,False,PNK,False,
DRD,DRDGOLD Limited,30.92,2026-08-24T22:29:16.521441+00:00,True,+79.2%,True,$2682.0M,,N/A,False,329.7K,True,$30.92 / SMA $22.62,True,3.23%,,N/A,True,43.2M,True,NYQ,False,
DRDGF,DRDGOLD Limited,2.95,2026-08-24T22:29:16.749046+00:00,True,+113.8%,True,$2558.8M,,N/A,False,0.1K,True,$2.95 / SMA $2.24,False,0.35%,,N/A,False,431.6M,False,PNK,False,
DRI,"Darden Restaurants, Inc.",225.56,2026-08-24T22:27:11.238700+00:00,False,+33.5%,True,$25610.5M,True,+36.0%,True,1331.3K,True,$225.56 / SMA $208.06,False,2.50%,False,+13.7%,True,113.6M,True,NYQ,False,
DRTS,Alpha Tau Medical Ltd.,14.7,2026-08-24T22:22:28.068451+00:00,True,+375.7%,True,$1359.4M,False,+-116.7%,True,779.0K,True,$14.70 / SMA $12.46,True,5.43%,,,True,64.1M,True,NCM,False,
DRUG,Bright Minds Biosciences Inc.,77.025,2026-08-24T22:34:09.520303+00:00,True,+102.7%,True,$755.8M,False,+-159.5%,False,300.4K,True,$77.03 / SMA $72.63,True,5.13%,,N/A,True,6.2M,True,NCM,False,
DRVN,Driven Brands Holdings Inc.,13.03,2026-08-24T22:29:16.056736+00:00,False,+33.0%,True,$2149.7M,False,+-36.4%,True,920.2K,False,$13.03 / SMA $13.90,True,4.13%,False,+6.8%,False,161.4M,True,NMS,False,
DRXGF,Drax Group plc,9.7755,2026-08-24T22:18:40.852263+00:00,False,+30.3%,True,$3291.3M,,,False,0.1K,False,$9.78 / SMA $9.87,False,0.00%,,,False,333.4M,False,PNK,False,
DSAC,Daedalus Special Acquisition Corp.,10.16,2026-08-24T22:34:21.521243+00:00,False,+2.6%,True,$345.6M,,N/A,False,53.7K,True,$10.16 / SMA $10.14,False,0.04%,,N/A,True,14.8M,True,NGM,False,
DSEEY,Daiwa Securities Group Inc.,11.28,2026-08-24T22:27:18.161923+00:00,False,+53.1%,True,$15663.1M,,N/A,False,41.7K,True,$11.28 / SMA $10.91,False,1.93%,,N/A,False,1367.9M,False,PNK,False,
DSL,DoubleLine Income Solutions Fund,10.6,2026-08-24T22:22:18.094535+00:00,False,+1.0%,True,$1214.5M,,,True,514.8K,False,$10.60 / SMA $10.64,False,0.99%,,,,,True,NYQ,False,
DSU,"BlackRock Debt Strategies Fund, Inc.",9.38,2026-08-24T22:24:15.648818+00:00,False,+0.8%,True,$590.3M,,,False,325.7K,False,$9.38 / SMA $9.43,False,0.56%,,,,,True,NYQ,False,
DTEGY,Deutsche Telekom AG,33.97,2026-08-24T22:15:51.755372+00:00,False,+26.3%,True,$162465.3M,False,+-5.6%,True,725.1K,True,$33.97 / SMA $31.12,False,1.12%,False,+4.3%,False,4122.1M,False,OQX,False,
DTRUY,Daimler Truck Holding AG,26.99,2026-08-24T22:27:06.378283+00:00,False,+38.9%,True,$41036.3M,True,+92.9%,False,38.8K,True,$26.99 / SMA $25.46,False,1.33%,False,+6.8%,False,984.4M,False,PNK,False,
DTTLF,Datatec Limited,5.58,2026-08-24T22:22:19.163010+00:00,False,+61.7%,True,$1354.0M,,,False,0.0K,True,$5.58 / SMA $4.55,False,0.00%,,,False,167.2M,False,OQX,False,
DTTLY,Datatec Limited,9.03,2026-08-24T22:30:56.627755+00:00,False,+50.5%,True,$1095.5M,,N/A,False,0.0K,True,$9.03 / SMA $8.90,False,0.00%,,N/A,True,83.6M,False,OQX,False,
DUAVF,Dassault Aviation société anonyme,359.0,2026-08-24T22:16:12.908028+00:00,False,+18.8%,True,$27660.0M,,,False,0.2K,True,$359.00 / SMA $342.42,True,3.67%,,,True,16.6M,False,PNK,False,
DUK,Duke Energy Corporation,121.97,2026-08-24T22:27:00.293899+00:00,False,+7.1%,True,$95100.3M,False,+10.4%,True,4037.5K,False,$121.97 / SMA $124.58,False,1.86%,,N/A,False,777.5M,True,NYQ,False,
DVCMY,Davide Campari-Milano N.V.,6.97,2026-08-24T22:16:43.754508+00:00,False,+16.2%,True,$8359.6M,,,False,145.3K,True,$6.97 / SMA $6.48,False,2.53%,,,False,573.7M,False,PNK,False,
DWHHF,Deutsche Wohnen SE,24.38,2026-08-24T22:16:38.247735+00:00,False,+2.4%,True,$9677.3M,,,False,0.0K,True,$24.38 / SMA $23.82,False,0.00%,,,True,30.3M,False,PNK,False,
DXC,DXC Technology Company,10.63,2026-08-24T22:22:12.560317+00:00,False,+34.6%,True,$1698.4M,True,+711.1%,True,4696.8K,True,$10.63 / SMA $9.91,True,5.11%,,,False,157.1M,True,NYQ,False,
EBAY,eBay Inc.,107.08,2026-08-24T22:16:01.815632+00:00,False,+37.2%,True,$47650.6M,True,+55.1%,True,4045.2K,False,$107.08 / SMA $109.97,True,3.26%,False,+14.8%,False,399.8M,True,NMS,False,
EBC,"Eastern Bankshares, Inc.",22.64,2026-08-24T22:29:05.148307+00:00,False,+37.2%,True,$5173.5M,False,+-4.0%,True,3290.7K,True,$22.64 / SMA $22.48,False,1.99%,True,+26.8%,False,200.3M,True,NMS,False,
EBF,"Ennis, Inc.",21.52,2026-08-24T22:34:15.471848+00:00,False,+32.0%,True,$544.4M,False,+2.6%,False,152.1K,True,$21.52 / SMA $21.43,False,2.00%,False,+1.5%,True,24.2M,True,NYQ,False,
EBGEF,Enbridge Inc.,25.15,2026-08-24T22:26:59.283172+00:00,False,+4.8%,,N/A,,N/A,False,0.8K,True,$25.15 / SMA $24.93,False,0.16%,False,+20.8%,False,2180.1M,False,PNK,False,
EBKDY,Erste Group Bank AG,71.45,2026-08-24T22:16:03.233938+00:00,False,+52.5%,True,$55509.7M,False,+18.9%,False,50.2K,True,$71.45 / SMA $67.08,False,1.29%,True,+40.5%,False,673.2M,False,PNK,False,
ECHQF,Echo IQ Limited,1.1,2026-08-24T22:34:14.967051+00:00,True,+832.2%,True,$814.7M,,N/A,False,1.8K,False,$1.10 / SMA $1.15,False,0.00%,,N/A,,N/A,False,OQB,False,
ECO,Okeanis Eco Tankers Corp.,65.14,2026-08-24T22:20:30.798548+00:00,True,+149.7%,True,$2543.4M,True,+602.4%,False,493.1K,True,$65.14 / SMA $53.18,True,3.51%,True,+239.4%,True,9.9M,True,NYQ,False,
ECRAF,Ecora Royalties PLC,2.35,2026-08-24T22:24:19.508600+00:00,True,+144.8%,True,$586.2M,,,False,57.0K,True,$2.35 / SMA $1.91,True,4.84%,,,False,194.8M,False,OQX,False,
ECX,ECARX Holdings Inc.,1.09,2026-08-24T22:34:20.752909+00:00,False,+24.0%,True,$428.4M,True,+62.5%,True,1566.1K,False,$1.09 / SMA $1.13,True,5.33%,False,+-21.6%,True,116.4M,True,NGM,False,
EDD,"Morgan Stanley Emerging Markets Domestic Debt Fund, Inc.",5.96,2026-08-24T22:34:20.736955+00:00,False,+20.2%,True,$384.2M,,N/A,False,428.7K,True,$5.96 / SMA $5.79,False,1.35%,,N/A,,N/A,True,NYQ,False,
EDPFY,"EDP, S.A.",54.21,2026-08-24T22:27:12.338614+00:00,False,+26.3%,True,$22457.0M,True,+28.6%,False,26.0K,True,$54.21 / SMA $51.87,False,0.96%,False,+4.0%,False,254.8M,False,PNK,False,
EDRVF,"EDP Renewables, S.A.",15.13,2026-08-24T22:27:13.998186+00:00,False,+36.1%,True,$16033.2M,,N/A,False,0.2K,False,$15.13 / SMA $16.43,False,0.00%,,N/A,False,303.4M,False,PNK,False,
EDVGF,Endeavour Group Limited,2.25,2026-08-24T22:29:08.527843+00:00,False,+18.4%,True,$4040.4M,,N/A,False,0.0K,True,$2.25 / SMA $2.23,False,0.00%,,N/A,False,1518.7M,False,PNK,False,
EEX,Emerald Holding Inc,5.03,2026-08-24T22:22:25.198225+00:00,False,+51.5%,True,$995.5M,,,False,312.8K,False,$5.03 / SMA_short $5.04,,,False,+5.2%,True,12.7M,True,NYQ,False,
EGO,Eldorado Gold Corporation,46.37,2026-08-24T22:27:24.379437+00:00,True,+98.8%,True,$12093.8M,False,+1.5%,True,2671.5K,True,$46.37 / SMA $33.77,True,4.56%,False,+7.9%,False,257.7M,True,NYQ,False,
EH,EHang Holdings Limited,5.2,2026-08-24T22:24:06.612454+00:00,False,+6.4%,True,$394.4M,False,+-53.7%,True,1095.4K,False,$5.20 / SMA $5.80,True,4.93%,False,+-1.7%,True,54.3M,True,NGM,False,
EHGRF,The Star Entertainment Group Limited,0.11,2026-08-24T22:34:16.249204+00:00,True,+175.0%,True,$730.0M,,N/A,False,1.5K,False,$0.11 / SMA $0.12,False,0.00%,,N/A,False,2072.7M,False,PNK,False,
EKTAY,Elekta AB (publ),5.87,2026-08-24T22:29:15.016100+00:00,False,+34.9%,True,$2242.8M,False,+-124.8%,False,3.9K,True,$5.87 / SMA $5.17,False,0.38%,False,+-7.6%,False,311.1M,False,PNK,False,
EKZRF,Eckert & Ziegler SE,18.0,2026-08-24T22:30:57.665604+00:00,False,+0.0%,True,$1126.4M,False,+6.3%,False,0.0K,True,$18.00 / SMA $17.96,False,0.00%,False,+7.0%,True,42.8M,False,PNK,False,
ELAN,Elanco Animal Health Incorporated,24.42,2026-08-24T22:27:20.185712+00:00,False,+42.7%,True,$12200.8M,True,+450.0%,True,6312.8K,False,$24.42 / SMA $24.55,True,4.12%,False,+10.2%,False,495.1M,True,NYQ,False,
ELE,Elemental Royalty Corporation,22.52,2026-08-24T22:30:58.464109+00:00,True,+79.0%,True,$1448.2M,False,+-85.7%,False,388.0K,True,$22.52 / SMA $17.19,True,4.08%,True,+109.0%,True,39.6M,True,NCM,False,
ELEEF,Element Fleet Management Corp.,20.47,2026-08-24T22:27:24.803640+00:00,False,+10.8%,True,$8010.3M,False,+0.0%,False,99.3K,False,$20.47 / SMA $20.97,False,1.13%,False,+7.7%,False,390.5M,False,PNK,False,
ELEZY,"Endesa, S.A.",24.19,2026-08-24T22:27:04.863007+00:00,False,+63.6%,True,$49316.0M,,N/A,False,26.8K,True,$24.19 / SMA $22.95,False,2.14%,False,+3.5%,False,585.6M,False,PNK,False,
ELF,"e.l.f. Beauty, Inc.",105.95,2026-08-24T22:29:11.562213+00:00,True,+117.0%,True,$6251.9M,True,+93.1%,True,3169.9K,True,$105.95 / SMA $79.98,True,5.12%,True,+35.5%,True,21.9M,True,NYQ,True,
ELMD,"Electromed, Inc.",40.29,2026-08-24T22:35:56.136829+00:00,True,+102.2%,True,$333.6M,True,+66.7%,False,89.7K,False,$40.29 / SMA $41.32,True,3.64%,False,+18.4%,True,6.8M,True,ASE,False,
ELMT,The Elmet Group Co.,17.66,2026-08-24T22:24:23.863768+00:00,False,+41.4%,True,$537.9M,,,True,599.6K,True,$17.66 / SMA $16.75,True,8.37%,,,True,10.1M,True,NCM,False,
ELMTY,Elementis plc,7.46,2026-08-24T22:22:20.191953+00:00,False,+2.1%,True,$1058.5M,,,False,0.0K,True,$7.46 / SMA $7.41,False,0.00%,,,True,141.0M,False,PNK,False,
ELTP,"Elite Pharmaceuticals, Inc.",0.2885,2026-08-24T22:26:00.646950+00:00,False,+6.9%,True,$310.8M,,,True,698.0K,False,$0.29 / SMA $0.36,True,5.97%,True,+27.4%,False,836.1M,False,OQB,False,
ELV,"Elevance Health, Inc.",402.63,2026-08-24T22:15:56.039535+00:00,False,+46.5%,True,$87318.1M,False,+-13.1%,True,1498.7K,True,$402.63 / SMA $394.81,False,2.64%,False,+1.4%,False,216.4M,True,NYQ,False,
EMBJ,EMBJ,76.26,2026-08-24T22:16:35.408673+00:00,False,+42.4%,True,$13571.1M,False,+-25.3%,True,1222.2K,True,$76.26 / SMA $67.38,True,3.06%,False,+-37.4%,False,168.0M,True,NYQ,False,
EME,"EMCOR Group, Inc.",764.9,2026-08-24T22:16:06.029500+00:00,False,+35.4%,True,$33739.7M,True,+34.8%,False,439.0K,False,$764.90 / SMA $796.31,True,3.55%,False,+19.8%,True,43.5M,True,NYQ,False,
EMO,ClearBridge Energy Midstream Opportunity Fund Inc,54.15,2026-08-24T22:22:19.188226+00:00,False,+30.4%,True,$1083.8M,,,False,43.8K,True,$54.15 / SMA $51.13,False,1.84%,,,,,True,NYQ,False,
ENGIY,Engie SA,29.4,2026-08-24T22:27:01.350551+00:00,False,+45.7%,True,$74697.4M,,N/A,False,204.3K,False,$29.40 / SMA $30.72,False,1.29%,,N/A,False,1809.9M,False,PNK,False,
ENGQF,Engie SA,29.5,2026-08-24T22:15:56.878180+00:00,False,+49.2%,True,$74951.4M,,,False,26.6K,False,$29.50 / SMA $30.69,True,4.14%,,,False,1809.9M,False,PNK,False,
ENIC,Enel Chile S.A.,4.53,2026-08-24T22:18:25.518033+00:00,False,+33.2%,True,$6266.5M,True,+53.4%,True,572.1K,True,$4.53 / SMA $4.46,False,2.84%,False,+-11.3%,False,484.1M,True,NYQ,False,
ENLT,Enlight Renewable Energy Ltd,77.635,2026-08-24T22:16:29.269116+00:00,True,+187.3%,True,$10854.0M,True,+1900.0%,False,243.8K,False,$77.64 / SMA $86.08,True,3.47%,True,+43.0%,True,137.6M,True,NMS,False,
ENPSF,Enplas Corporation,63.6,2026-08-24T22:24:06.072306+00:00,True,+114.1%,True,$574.4M,,,False,0.2K,False,$63.60 / SMA $77.39,False,0.07%,,,True,6.7M,False,PNK,False,
ENS,EnerSys,187.49,2026-08-24T22:16:41.351823+00:00,True,+90.4%,True,$6761.9M,False,+-14.9%,True,542.3K,False,$187.49 / SMA $202.91,True,4.31%,False,+1.3%,True,35.9M,True,NYQ,False,
ENVA,"Enova International, Inc.",247.66,2026-08-24T22:18:38.278848+00:00,True,+140.4%,True,$6166.3M,True,+39.9%,False,366.2K,True,$247.66 / SMA $236.63,True,3.37%,False,+21.6%,True,23.8M,True,NYQ,False,
ENVX,Enovix Corporation,3.27,2026-08-24T22:22:14.528941+00:00,False,+6.9%,True,$717.6M,False,+-50.0%,True,7254.8K,False,$3.27 / SMA $4.94,True,8.47%,True,+49.1%,False,189.6M,True,NMS,False,
EOG,"EOG Resources, Inc.",150.21,2026-08-24T22:15:57.707537+00:00,False,+47.9%,True,$80006.1M,True,+109.3%,True,3443.0K,True,$150.21 / SMA $138.81,False,2.47%,,,False,522.7M,True,NYQ,False,
EOGSF,Emerald Resources NL,4.3,2026-08-24T22:29:14.873104+00:00,True,+77.7%,True,$2849.3M,,N/A,False,1.3K,True,$4.30 / SMA $3.95,False,0.38%,,N/A,False,529.1M,False,PNK,False,
EONGY,E.ON SE,20.3,2026-08-24T22:27:03.337419+00:00,False,+19.1%,True,$53070.0M,True,+325.0%,False,248.0K,False,$20.30 / SMA $21.24,False,1.10%,False,+-13.5%,False,2139.5M,False,PNK,False,
EOPSF,Electro Optic Systems Holdings Limited,6.0,2026-08-24T22:30:55.316867+00:00,False,+49.6%,True,$1330.2M,,N/A,False,66.7K,True,$6.00 / SMA $5.90,True,6.89%,,N/A,False,163.0M,False,PNK,False,
EPMLF,Empire Metals Limited,0.7,2026-08-24T22:26:07.534257+00:00,True,+157.0%,,,,,False,10.8K,True,$0.70 / SMA_short $0.52,False,2.31%,,,False,616.6M,False,OQX,False,
EPOAY,Epiroc AB (publ),27.86,2026-08-24T22:27:07.652258+00:00,False,+42.5%,True,$33708.9M,,N/A,False,142.9K,True,$27.86 / SMA $26.42,False,1.39%,False,+7.5%,False,1002.0M,False,PNK,False,
EQBK,"Equity Bancshares, Inc.",50.0,2026-08-24T22:22:26.235826+00:00,False,+29.5%,True,$1029.6M,True,+47.7%,False,129.8K,True,$50.00 / SMA $49.62,False,1.99%,True,+40.0%,True,17.7M,True,NYQ,False,
EQNR,Equinor ASA,42.37,2026-08-24T22:27:00.260507+00:00,True,+90.3%,True,$100598.5M,True,+298.0%,True,3578.1K,True,$42.37 / SMA $36.79,False,2.01%,True,+37.4%,False,1033.0M,True,NYQ,False,
EQT,EQT Corporation,53.79,2026-08-24T22:27:06.230191+00:00,False,+12.2%,True,$33646.5M,False,+-73.8%,True,7226.0K,True,$53.79 / SMA $51.91,False,2.37%,False,+-3.9%,False,619.1M,True,NYQ,False,
EQX,Equinox Gold Corp.,13.76,2026-08-24T22:27:22.083777+00:00,True,+70.7%,True,$16064.2M,True,+400.0%,True,14340.7K,True,$13.76 / SMA $10.26,True,4.52%,True,+169.3%,False,1132.6M,True,ASE,False,
ERAS,"Erasca, Inc.",17.6,2026-08-24T22:18:41.706457+00:00,True,+1223.3%,True,$6155.8M,False,+-445.5%,True,4866.9K,False,$17.60 / SMA $17.73,True,5.76%,,,False,242.5M,True,NMS,False,
ERBKY,Eurobank S.A.,12.12,2026-08-24T22:16:24.731004+00:00,False,+35.7%,True,$43487.9M,False,+10.0%,False,1.7K,True,$12.12 / SMA $11.41,True,5.11%,False,+6.7%,False,1230.1M,False,PNK,False,
ERIE,Erie Indemnity Company,268.64,2026-08-24T22:16:35.634842+00:00,False,+31.3%,True,$14047.2M,False,+3.3%,False,252.7K,True,$268.64 / SMA $240.00,True,4.07%,False,+1.7%,True,25.1M,True,NMS,False,
ESE,ESCO Technologies Inc.,275.62,2026-08-24T22:16:44.114135+00:00,False,+43.5%,True,$7140.6M,True,+25.3%,False,242.1K,False,$275.62 / SMA $322.07,True,3.73%,,,True,25.8M,True,NYQ,False,
ESI,Element Solutions Inc,34.98,2026-08-24T22:27:21.269998+00:00,False,+53.0%,True,$8524.1M,True,+60.0%,True,4632.0K,False,$34.98 / SMA $40.17,True,3.53%,True,+56.4%,False,229.3M,True,NYQ,False,
ESLOF,EssilorLuxottica Société anonyme,190.5,2026-08-24T22:15:55.105969+00:00,False,+5.0%,True,$87552.2M,,,False,5.6K,False,$190.50 / SMA $193.54,True,4.19%,,,False,292.1M,False,PNK,False,
ESOA,ESOA,11.529999732971191,2026-08-24T22:34:22.253045+00:00,,N/A,,N/A,True,+102.4%,False,152.3K,False,$11.53 / SMA $15.72,True,5.32%,False,+21.5%,,N/A,,Unknown,False,
ESOCF,Enel SpA,11.11,2026-08-24T22:26:59.871113+00:00,False,+23.0%,True,$110231.6M,,N/A,False,9.5K,False,$11.11 / SMA $11.31,False,2.40%,True,+30.3%,False,7525.4M,False,PNK,False,
ESPR,"Esperion Therapeutics, Inc. Common Stock",3.18,2026-08-24T22:22:30.287422+00:00,True,+162.8%,True,$819.5M,,,True,14520.3K,False,$3.18 / SMA_short $3.18,,,False,+23.2%,False,234.9M,True,NGM,False,
ESRT,"Empire State Realty Trust, Inc.",4.73,2026-08-24T22:31:00.065669+00:00,False,+2.6%,True,$1449.0M,False,+-475.0%,True,2157.6K,False,$4.73 / SMA $5.23,True,3.59%,False,+3.2%,True,142.1M,True,NYQ,False,
ESYJY,easyJet plc,9.12,2026-08-24T22:29:09.310625+00:00,True,+99.6%,True,$6817.4M,,N/A,False,32.8K,True,$9.12 / SMA $8.22,False,1.33%,,N/A,False,613.8M,False,PNK,False,
ET,Energy Transfer LP,21.08,2026-08-24T22:15:58.375063+00:00,False,+30.3%,True,$72584.8M,True,+84.4%,True,9107.3K,True,$21.08 / SMA $19.77,False,1.64%,True,+78.4%,False,2944.6M,True,NYQ,False,
ETD,Ethan Allen Interiors Inc.,23.28,2026-08-24T22:24:17.649150+00:00,False,+27.4%,True,$592.4M,False,+-4.2%,True,580.4K,True,$23.28 / SMA $22.03,False,2.69%,,,True,23.7M,True,NYQ,False,
ETN,Eaton Corporation plc,408.67,2026-08-24T22:15:51.791431+00:00,False,+31.0%,True,$158686.6M,False,+-15.9%,True,2351.4K,False,$408.67 / SMA $415.84,True,3.63%,,,False,387.7M,True,NYQ,False,
ETO,Eaton Vance Tax-Advantaged Global Dividend Opportunities Fund,31.5,2026-08-24T22:34:15.869408+00:00,False,+22.7%,True,$516.2M,,N/A,False,32.8K,True,$31.50 / SMA $30.69,False,1.43%,,N/A,,N/A,True,NYQ,False,
ETON,"Eton Pharmaceuticals, Inc.",64.43,2026-08-24T22:34:08.138302+00:00,True,+351.5%,True,$1841.6M,True,+183.3%,True,525.1K,True,$64.43 / SMA $42.68,True,6.59%,True,+40.4%,True,22.3M,True,NGM,True,
ETW,Eaton Vance Tax-Managed Global Buy-Write Opportunities Fund,9.74,2026-08-24T22:30:59.389802+00:00,False,+15.1%,True,$1057.7M,,N/A,False,260.7K,True,$9.74 / SMA $9.49,False,0.90%,,N/A,,N/A,True,NYQ,False,
EULIF,European Lithium Limited,0.2624,2026-08-24T22:34:14.840015+00:00,True,+376.2%,True,$453.0M,,N/A,True,1884.4K,True,$0.26 / SMA $0.24,True,10.16%,,N/A,False,1340.1M,False,OQB,False,
EUXTF,Euronext N.V.,163.0,2026-08-24T22:27:14.268511+00:00,False,+19.2%,True,$16257.6M,,N/A,False,0.2K,False,$163.00 / SMA $171.86,False,0.00%,False,+16.7%,True,87.3M,False,PNK,False,
EVAC.U,EVAC.U,,2026-08-24T22:24:13.215352+00:00,False,,False,,False,,False,,False,,False,,False,,False,,False,Unknown,False,No price data available
EVGO,"EVgo, Inc.",1.48,2026-08-24T22:34:13.677626+00:00,False,+5.7%,True,$465.5M,False,+-50.0%,True,3854.4K,False,$1.48 / SMA $1.71,True,6.96%,False,+-15.7%,True,133.8M,True,NMS,False,
EVH,"Evolent Health, Inc.",4.72,2026-08-24T22:24:21.519082+00:00,True,+125.3%,True,$533.6M,True,+43.2%,True,3110.0K,False,$4.72 / SMA $4.76,True,9.07%,True,+46.9%,True,94.1M,True,NYQ,False,
EVKIY,Evonik Industries AG,10.66,2026-08-24T22:27:22.505812+00:00,False,+47.2%,True,$9935.1M,False,+-64.0%,False,17.1K,True,$10.66 / SMA $9.69,True,3.05%,False,+3.1%,False,252.0M,False,PNK,False,
EVMNY,Evolution Mining Limited,112.31,2026-08-24T22:27:14.196332+00:00,True,+122.4%,True,$22931.7M,,N/A,False,11.9K,True,$112.31 / SMA $86.90,False,2.16%,,N/A,False,201.2M,False,PNK,False,
EVOX,Evolution Global Acquisition Corp,10.1,2026-08-24T22:26:08.313491+00:00,False,+2.4%,True,$323.2M,,,False,33.2K,True,$10.10 / SMA $10.05,False,0.02%,,,True,21.2M,True,NGM,False,
EVR,Evercore Inc.,290.11,2026-08-24T22:27:17.405065+00:00,False,+9.1%,True,$11157.0M,False,+-1.7%,False,463.3K,False,$290.11 / SMA $331.46,True,3.74%,False,+18.8%,True,36.4M,True,NYQ,False,
EVRG,"Evergy, Inc.",81.39,2026-08-24T22:27:13.409657+00:00,False,+15.6%,True,$18765.9M,False,+23.0%,True,2033.5K,False,$81.39 / SMA $84.03,False,1.83%,False,+4.4%,False,229.2M,True,NMS,False,
EVTL,Vertical Aerospace Ltd.,0.7856,2026-08-24T22:26:05.360444+00:00,False,+6.2%,False,$134.9M,,,True,4820.9K,False,$0.79 / SMA $1.47,True,9.60%,,,True,63.1M,True,NYQ,False,
EWBC,"East West Bancorp, Inc.",128.91,2026-08-24T22:27:14.717744+00:00,False,+39.1%,True,$17662.2M,False,+17.4%,True,858.7K,False,$128.91 / SMA $130.93,False,1.79%,False,+12.7%,True,135.7M,True,NMS,False,
EWIIF,Edinburgh Worldwide Investment Trust Plc,3.587,2026-08-24T22:22:18.531603+00:00,True,+79.4%,,,,,False,7.0K,False,$3.59 / SMA_short $3.59,False,0.33%,,,,,False,PNK,False,
EXE,Expand Energy Corporation,96.33,2026-08-24T22:27:11.140642+00:00,False,+13.3%,True,$23044.9M,False,+-45.5%,True,3681.5K,True,$96.33 / SMA $90.62,False,2.61%,False,+-19.7%,False,230.3M,True,NMS,False,
EXETF,Extendicare Inc.,22.26,2026-08-24T22:20:27.615957+00:00,True,+138.3%,True,$2115.7M,False,+-14.5%,False,114.7K,False,$22.26 / SMA $24.88,True,5.48%,True,+59.4%,True,93.9M,False,PNK,False,
EXPE,"Expedia Group, Inc.",339.125,2026-08-24T22:16:13.773376+00:00,True,+83.0%,True,$40701.6M,True,+188.7%,True,1582.8K,True,$339.12 / SMA $281.36,True,4.34%,False,+14.0%,True,113.6M,True,NMS,False,
EXPGF,Experian plc,40.67,2026-08-24T22:27:07.676551+00:00,False,+23.2%,True,$35947.1M,,N/A,False,2.4K,True,$40.67 / SMA $36.72,False,0.50%,,N/A,False,896.8M,False,OQX,False,
EYE,"National Vision Holdings, Inc.",18.23,2026-08-24T22:30:55.071920+00:00,False,+23.6%,True,$1441.4M,True,+111.1%,True,2142.9K,False,$18.23 / SMA $19.74,True,4.57%,False,+6.6%,True,77.0M,True,NMS,False,
EZPW,"EZCORP, Inc.",35.05,2026-08-24T22:20:30.868985+00:00,True,+119.6%,True,$2153.6M,True,+41.2%,True,1054.7K,True,$35.05 / SMA $31.37,True,5.16%,True,+34.7%,True,55.6M,True,NMS,True,
F,Ford Motor Company,13.93,2026-08-24T22:27:02.705334+00:00,False,+25.4%,True,$55547.2M,False,+-3200.0%,True,55695.3K,False,$13.93 / SMA $14.02,True,3.24%,False,+-3.8%,False,3876.4M,True,NYQ,False,
FANDY,FirstRand Limited,59.9,2026-08-24T22:16:10.345584+00:00,False,+46.8%,True,$33495.0M,,,False,0.1K,False,$59.90 / SMA $59.95,False,0.23%,,,False,555.5M,False,PNK,False,
FANUF,Fanuc Corporation,38.1,2026-08-24T22:27:04.197607+00:00,False,+48.7%,True,$35553.3M,,N/A,False,2.0K,False,$38.10 / SMA $42.78,True,7.99%,,N/A,False,933.0M,False,PNK,False,
FANUY,Fanuc Corporation,18.85,2026-08-24T22:16:02.906546+00:00,False,+38.6%,True,$35180.0M,,,True,520.7K,False,$18.85 / SMA $21.13,True,3.18%,,,False,1866.0M,False,PNK,False,
FAX,Abrdn Asia-Pacific Income Fund Inc,14.51,2026-08-24T22:34:12.646526+00:00,False,+2.7%,True,$599.0M,,N/A,False,158.6K,True,$14.51 / SMA $14.42,False,1.00%,,N/A,,N/A,True,ASE,False,
FBIN,"Fortune Brands Innovations, Inc.",44.96,2026-08-24T22:29:05.707480+00:00,False,+39.0%,True,$5366.9M,,N/A,True,2616.6K,False,$44.96 / SMA $48.29,True,3.79%,False,+-4.1%,True,118.6M,True,NYQ,False,
FBIZ,"First Business Financial Services, Inc.",70.0,2026-08-24T22:24:19.160129+00:00,False,+51.9%,True,$585.8M,True,+36.3%,False,56.2K,True,$70.00 / SMA $65.98,False,2.51%,,,True,7.8M,True,NMS,False,
FCELB,"FuelCell Energy, Inc.",500.0,2026-08-24T22:22:16.572355+00:00,False,+68.1%,,,,,False,0.2K,True,$500.00 / SMA $469.61,True,4.19%,False,+-4.9%,True,64.4M,False,PNK,False,
FCNCB,"First Citizens BancShares, Inc.",1810.0,2026-08-24T22:16:16.549291+00:00,False,+25.7%,True,$20440.5M,True,+31.1%,False,0.1K,False,$1810.00 / SMA $1848.51,False,1.52%,False,+2.5%,True,8.1M,False,PNK,False,
FCPT,"Four Corners Property Trust, Inc.",25.5,2026-08-24T22:20:22.637837+00:00,False,+11.9%,True,$2798.6M,False,+-3.6%,True,803.0K,True,$25.50 / SMA $25.11,False,1.72%,False,+7.7%,True,71.9M,True,NYQ,False,
FCXXF,First Capital Real Estate Investment Trust,16.19,2026-08-24T22:29:09.838959+00:00,False,+22.4%,True,$3441.3M,False,+-61.9%,False,0.6K,False,$16.19 / SMA $16.32,False,0.01%,False,+3.2%,False,211.4M,False,PNK,False,
FDMDF,4DMedical Limited,2.95,2026-08-24T22:22:12.042266+00:00,True,+907.5%,True,$1769.8M,,,False,0.9K,True,$2.95 / SMA $2.74,False,0.31%,,,False,442.7M,False,PNK,False,
FDMT,"4D Molecular Therapeutics, Inc.",15.39,2026-08-24T22:24:20.848772+00:00,True,+157.8%,True,$850.2M,False,+-17.4%,True,957.2K,True,$15.39 / SMA $11.65,True,7.88%,True,+21664.3%,True,42.4M,True,NMS,False,
FDP,Del Monte Corporation,29.22,2026-08-24T22:22:11.848148+00:00,False,+10.4%,True,$1390.2M,False,+-62.7%,True,511.6K,False,$29.22 / SMA_short $29.33,,,,,True,42.9M,True,NYQ,False,
FDS,FactSet Research Systems Inc.,305.31,2026-08-24T22:27:23.867249+00:00,False,+65.0%,True,$10858.5M,False,+-9.6%,True,931.1K,True,$305.31 / SMA $258.40,True,4.00%,False,+6.4%,True,35.4M,True,NYQ,False,
FDX,FedEx Corporation,334.05,2026-08-24T22:27:00.436903+00:00,True,+87.3%,True,$79059.8M,False,+-4.1%,True,1925.5K,True,$334.05 / SMA $319.51,False,2.34%,False,+12.5%,False,218.6M,True,NYQ,False,
FE,FirstEnergy Corp.,46.57,2026-08-24T22:27:09.570363+00:00,False,+8.6%,True,$26937.5M,False,+8.7%,True,4456.3K,False,$46.57 / SMA $47.53,False,1.91%,False,+8.8%,False,548.3M,True,NYQ,False,
FELE,"Franklin Electric Co., Inc.",103.15,2026-08-24T22:29:06.734549+00:00,False,+15.2%,True,$4560.4M,False,+11.5%,False,297.1K,False,$103.15 / SMA $105.09,False,2.74%,False,+6.0%,True,37.9M,True,NMS,False,
FELTF,"Fuji Electric Co., Ltd.",84.625,2026-08-24T22:27:17.058440+00:00,False,+60.7%,True,$12354.5M,,N/A,False,0.1K,True,$84.62 / SMA $82.54,False,0.10%,,N/A,True,143.2M,False,PNK,False,
FER,Ferrovial N.V.,62.74,2026-08-24T22:27:04.266270+00:00,False,+18.0%,True,$45223.1M,,N/A,True,1581.5K,False,$62.74 / SMA $65.67,False,1.42%,True,+26.4%,False,495.3M,True,NMS,False,
FERG,Ferguson Enterprises Inc.,236.45,2026-08-24T22:16:04.165704+00:00,False,+13.9%,True,$45741.9M,False,+-3.4%,True,2330.8K,True,$236.45 / SMA $236.23,False,2.91%,,,False,193.0M,True,NYQ,False,
FFIC,FFIC,,2026-08-24T22:24:15.884735+00:00,False,,False,,False,,False,,False,,False,,False,,False,,False,Unknown,False,No price data available
FFIN,"First Financial Bankshares, Inc.",33.96,2026-08-24T22:18:32.247712+00:00,False,+20.8%,True,$4867.1M,False,+6.4%,True,893.8K,False,$33.96 / SMA $34.59,False,1.58%,,,True,136.9M,True,NMS,False,
FGROY,FirstGroup plc,2.23,2026-08-24T22:22:18.924730+00:00,False,+11.5%,True,$1173.6M,,,False,0.2K,False,$2.23 / SMA $2.25,False,0.00%,,,False,475.2M,False,PNK,False,
FHB,"First Hawaiian, Inc.",26.04,2026-08-24T22:20:15.225260+00:00,False,+15.0%,True,$3168.6M,False,+3.4%,True,2077.1K,False,$26.04 / SMA $28.17,False,1.75%,False,+6.6%,True,120.4M,True,NMS,False,
FHN,First Horizon Corporation,24.53,2026-08-24T22:27:19.602313+00:00,False,+23.9%,True,$11621.8M,False,+20.0%,True,5122.0K,False,$24.53 / SMA $25.48,False,1.92%,False,+6.7%,False,468.3M,True,NYQ,False,
FIG,"Figma, Inc.",27.44,2026-08-24T22:27:19.045437+00:00,False,+65.3%,True,$14625.8M,False,+-11734.3%,True,21130.3K,True,$27.44 / SMA $22.62,True,7.04%,True,+48.2%,False,268.0M,True,NYQ,False,
FIGR,"Figure Technology Solutions, Inc.",38.64,2026-08-24T22:16:45.037292+00:00,False,+60.3%,True,$8670.0M,True,+4676.7%,True,3978.0K,True,$38.64 / SMA $30.20,True,7.44%,True,+109.3%,True,139.4M,True,NMS,False,
FINV,FinVolution Group,4.34,2026-08-24T22:30:58.248509+00:00,False,+1.6%,True,$1024.6M,False,+-42.1%,True,669.1K,False,$4.34 / SMA $4.72,False,2.91%,False,+-7.8%,True,110.9M,True,NYQ,False,
FIP,FTAI Infrastructure Inc.,3.75,2026-08-24T22:24:15.778440+00:00,False,+22.7%,True,$443.2M,False,+-93.2%,True,1158.3K,False,$3.75 / SMA $4.32,True,8.25%,,,True,108.7M,True,NMS,False,
FISI,"Financial Institutions, Inc.",40.82,2026-08-24T22:34:11.532457+00:00,False,+59.4%,True,$804.4M,False,+22.4%,False,173.6K,True,$40.82 / SMA $39.92,False,1.81%,False,+8.5%,True,17.3M,True,NMS,False,
FISV,"Fiserv, Inc.",52.96,2026-08-24T22:27:08.245694+00:00,False,+12.6%,True,$28162.4M,False,+-37.1%,True,8155.2K,True,$52.96 / SMA $51.46,True,3.91%,False,+-4.1%,,N/A,True,NMS,False,
FITB,Fifth Third Bancorp,54.9,2026-08-24T22:27:04.774545+00:00,False,+37.1%,True,$49770.9M,False,+-5.7%,True,6853.8K,False,$54.90 / SMA $56.43,False,1.94%,,N/A,False,902.9M,True,NYQ,False,
FITBP,FITBP,,2026-08-24T22:16:04.169125+00:00,False,,False,,False,,False,,False,,False,,False,,False,,False,Unknown,False,No price data available
FIVN,"Five9, Inc.",32.77,2026-08-24T22:20:35.927345+00:00,True,+146.6%,True,$2448.7M,True,+300.0%,True,2937.6K,True,$32.77 / SMA $26.08,True,6.28%,False,+10.3%,True,66.6M,True,NGM,False,
FIX,"Comfort Systems USA, Inc.",1609.69,2026-08-24T22:27:02.437886+00:00,True,+140.2%,True,$56652.0M,True,+91.9%,False,496.7K,False,$1609.69 / SMA $1778.70,True,5.28%,True,+50.3%,True,36.0M,True,NYQ,False,
FJET,FJET,3.79,2026-08-24T22:35:55.840638+00:00,False,+11.8%,False,$208.4M,False,+-5.0%,True,1705.8K,False,$3.79 / SMA $4.32,True,7.22%,,N/A,True,36.3M,True,ASE,False,
FLEX,Flex Ltd.,106.65,2026-08-24T22:16:02.714312+00:00,True,+106.0%,True,$39396.8M,True,+52.0%,True,6283.6K,False,$106.65 / SMA $130.43,True,6.07%,,,False,366.6M,True,NMS,False,
FLGZY,Flughafen Zürich AG,11.0,2026-08-24T22:16:40.107288+00:00,False,+0.0%,True,$8441.9M,,,False,0.3K,False,$11.00 / SMA $11.85,False,0.20%,,,False,470.0M,False,PNK,False,
FLIDY,FLSmidth & Co. A/S,9.05,2026-08-24T22:18:35.759214+00:00,False,+49.1%,True,$4831.8M,True,+195.1%,False,0.2K,True,$9.05 / SMA $7.68,False,1.04%,False,+-11.6%,False,451.2M,False,PNK,False,
FLOC,FLOC,21.57,2026-08-24T22:20:26.070303+00:00,False,+53.7%,True,$2346.7M,False,+-4.2%,True,693.1K,True,$21.57 / SMA $21.13,True,4.56%,False,+8.9%,True,10.0M,True,NYQ,False,
FLR,Fluor Corporation,51.28,2026-08-24T22:27:28.015078+00:00,False,+30.4%,True,$6858.2M,False,+-94.5%,True,2610.3K,False,$51.28 / SMA $51.52,True,4.45%,False,+8.8%,True,131.6M,True,NYQ,False,
FLY,Firefly Aerospace Inc.,23.1,2026-08-24T22:27:25.062769+00:00,False,+44.4%,True,$3867.0M,False,+-20.8%,True,5803.0K,False,$23.10 / SMA $24.74,True,8.26%,True,+44.8%,True,108.1M,True,NGM,False,
FMBRF,FMBRF,,2026-08-24T22:26:11.235368+00:00,False,,False,,False,,False,,False,,False,,False,,False,,False,Unknown,False,No price data available
FMCB,Farmers & Merchants Bancorp,1407.0,2026-08-24T22:34:07.222631+00:00,False,+42.8%,True,$973.6M,False,+10.5%,False,0.1K,True,$1407.00 / SMA $1357.44,False,1.48%,,N/A,True,0.6M,False,OQX,False,
FMCC,Federal Home Loan Mortgage Corporation,5.6,2026-08-24T22:29:07.569591+00:00,False,+64.7%,True,$3640.3M,True,+100.0%,True,2006.4K,False,$5.60 / SMA $5.66,True,4.31%,False,+2.4%,False,650.1M,False,OQB,False,
FMCCH,Federal Home Loan Mortgage Corporation,12.8,2026-08-24T22:29:07.511517+00:00,False,+6.7%,,N/A,,N/A,False,1.0K,False,$12.80 / SMA $13.63,False,1.09%,False,+2.4%,False,650.1M,False,OQB,False,
FMCCK,Federal Home Loan Mortgage Corporation,13.29,2026-08-24T22:18:35.873809+00:00,False,+11.8%,,,,,False,0.7K,False,$13.29 / SMA $13.92,False,0.24%,False,+2.4%,False,650.1M,False,OQB,False,
FMCCN,Federal Home Loan Mortgage Corporation,12.39,2026-08-24T22:18:35.951959+00:00,False,+15.8%,,,,,False,0.5K,True,$12.39 / SMA $11.77,False,0.75%,False,+2.4%,False,650.1M,False,OQB,False,
FMCCP,Federal Home Loan Mortgage Corporation,15.13,2026-08-24T22:18:36.145592+00:00,False,+7.3%,,,,,False,0.3K,True,$15.13 / SMA $14.93,False,0.00%,False,+2.4%,False,650.1M,False,OQB,False,
FMCCS,Federal Home Loan Mortgage Corporation,13.0,2026-08-24T22:29:07.547277+00:00,False,+10.3%,,N/A,,N/A,False,1.0K,True,$13.00 / SMA $12.94,False,0.73%,False,+2.4%,False,650.1M,False,OQB,False,
FMCCT,Federal Home Loan Mortgage Corporation,15.0,2026-08-24T22:29:07.257629+00:00,False,+11.6%,,N/A,,N/A,False,5.3K,False,$15.00 / SMA $15.24,False,2.02%,False,+2.4%,False,650.1M,False,OQB,False,
FMCKM,Federal Home Loan Mortgage Corporation,7.81,2026-08-24T22:29:07.263838+00:00,False,+15.0%,,N/A,,N/A,False,3.7K,True,$7.81 / SMA $7.77,False,2.51%,False,+2.4%,False,650.1M,False,OQB,False,
FMCKN,Federal Home Loan Mortgage Corporation,7.95,2026-08-24T22:18:36.320604+00:00,False,+11.8%,,,,,False,2.0K,False,$7.95 / SMA $8.35,False,0.85%,False,+2.4%,False,650.1M,False,OQB,False,
FMNB,Farmers National Banc Corp.,15.7,2026-08-24T22:22:29.541089+00:00,False,+29.5%,True,$930.2M,False,+5.4%,False,452.9K,True,$15.70 / SMA $15.10,False,1.70%,True,+49.7%,True,57.3M,True,NCM,False,
FMS,Fresenius Medical Care AG,23.53,2026-08-24T22:16:32.928089+00:00,False,+17.5%,True,$12523.1M,False,+5.2%,True,737.6K,False,$23.53 / SMA $23.94,False,1.82%,,,False,363.8M,True,NYQ,False,
FMXUF,"Fomento Económico Mexicano, S.A.B. de C.V.",12.58,2026-08-24T22:27:10.685637+00:00,True,+125700.0%,True,$46644.7M,,N/A,False,0.0K,False,$12.58 / SMA $12.82,False,0.00%,False,+9.3%,False,3349.4M,False,PNK,False,
FNBKY,FinecoBank Banca Fineco S.p.A.,55.72,2026-08-24T22:16:25.611127+00:00,False,+30.9%,True,$17045.3M,,,False,0.2K,True,$55.72 / SMA $53.06,False,0.13%,,,False,305.9M,False,PNK,False,
FNCNF,Fincantieri S.p.A.,14.585,2026-08-24T22:27:31.942977+00:00,False,+30.2%,True,$5239.0M,,N/A,False,0.8K,True,$14.59 / SMA $13.71,False,0.68%,,N/A,True,147.9M,False,PNK,False,
FNCSF,North American Financial 15 Split Corp.,7.1,2026-08-24T22:24:21.393822+00:00,False,+62.7%,True,$488.0M,,,False,0.6K,False,$7.10 / SMA $7.39,False,0.17%,,,,,False,PNK,False,
FND,"Floor & Decor Holdings, Inc.",54.87,2026-08-24T22:27:30.862102+00:00,False,+28.7%,True,$5843.1M,,N/A,True,2533.1K,False,$54.87 / SMA $56.41,True,4.30%,False,+3.0%,True,104.8M,True,NYQ,False,
FNF,"Fidelity National Financial, Inc.",47.43,2026-08-24T22:16:28.990535+00:00,False,+10.9%,True,$12720.4M,False,+5.9%,True,1585.8K,False,$47.43 / SMA $49.27,False,2.47%,False,+11.0%,False,253.4M,True,NYQ,False,
FNLC,"The First Bancorp, Inc.",34.56,2026-08-24T22:26:07.902964+00:00,False,+43.5%,True,$389.9M,False,+18.1%,False,35.6K,True,$34.56 / SMA $34.17,False,2.52%,False,+14.6%,True,10.7M,True,NMS,False,
FNMAH,Federal National Mortgage Association,7.35,2026-08-24T22:16:41.934638+00:00,False,+14.0%,,,,,False,10.6K,False,$7.35 / SMA $7.69,True,4.67%,False,+4.6%,False,1158.1M,False,OQB,False,
FNMAJ,Federal National Mortgage Association,8.0,2026-08-24T22:27:24.089039+00:00,False,+15.1%,,N/A,,N/A,False,18.6K,False,$8.00 / SMA $8.27,True,3.06%,False,+4.6%,False,1158.1M,False,OQB,False,
FNMAK,Federal National Mortgage Association,14.6,2026-08-24T22:27:24.288470+00:00,False,+14.5%,,N/A,,N/A,False,0.7K,False,$14.60 / SMA $14.70,False,0.53%,False,+4.6%,False,1158.1M,False,OQB,False,
FNMAN,Federal National Mortgage Association,14.5,2026-08-24T22:27:24.157412+00:00,False,+12.2%,,N/A,,N/A,False,2.3K,False,$14.50 / SMA $14.82,False,1.56%,False,+4.6%,False,1158.1M,False,OQB,False,
FNMAS,Federal National Mortgage Association,9.96,2026-08-24T22:16:41.867011+00:00,False,+8.3%,,,,,False,459.6K,False,$9.96 / SMA $10.36,False,2.72%,False,+4.6%,False,1158.1M,False,OQB,False,
FNMFN,Federal National Mortgage Association,16.25,2026-08-24T22:16:41.971216+00:00,False,+13.9%,,,,,False,16.9K,False,$16.25 / SMA $16.40,False,1.72%,False,+4.6%,False,1158.1M,False,OQB,False,
FOF,"Cohen & Steers Closed-End Opportunity Fund, Inc.",13.46,2026-08-24T22:34:19.380353+00:00,False,+7.7%,True,$373.8M,,N/A,False,47.9K,False,$13.46 / SMA $13.53,False,1.20%,,N/A,,N/A,True,NYQ,False,
FOJCF,Fortum Oyj,22.16,2026-08-24T22:16:17.892416+00:00,False,+29.9%,True,$19883.4M,False,+0.0%,False,0.2K,False,$22.16 / SMA $22.66,False,0.06%,False,+15.4%,False,412.7M,False,PNK,False,
FPAFF,First Pacific Company Limited,0.6602,2026-08-24T22:20:21.273171+00:00,False,+8.2%,True,$2813.9M,,,False,19.2K,False,$0.66 / SMA $0.66,False,0.22%,,,False,2296.2M,False,PNK,False,
FPI,Farmland Partners Inc.,10.36,2026-08-24T22:34:16.832900+00:00,False,+12.5%,True,$455.0M,False,+-50.0%,False,433.8K,True,$10.36 / SMA $9.71,False,1.98%,False,+-5.7%,True,39.9M,True,NYQ,False,
FPS,"Forgent Power Solutions, Inc.",32.19,2026-08-24T22:16:26.265574+00:00,False,+24.0%,True,$9799.6M,True,+151.6%,True,8293.0K,False,$32.19 / SMA $43.77,True,6.85%,True,+103.4%,True,140.2M,True,NYQ,False,
FRA,"BlackRock Floating Rate Income Strategies Fund, Inc.",10.8,2026-08-24T22:24:25.430097+00:00,False,+2.9%,True,$382.7M,,,False,148.9K,True,$10.80 / SMA $10.71,False,0.84%,,,,,True,NYQ,False,
FRBP,FRBP,10.25,2026-08-24T22:22:18.355950+00:00,False,+46.4%,True,$1371.7M,False,+-23.5%,False,0.3K,True,$10.25 / SMA $8.14,False,0.00%,False,+-20.7%,,,False,PNK,False,
FRCOF,"Fast Retailing Co., Ltd.",497.45,2026-08-24T22:15:51.612546+00:00,True,+72.2%,True,$152643.0M,,,False,0.6K,True,$497.45 / SMA $497.39,True,5.52%,,,False,187.9M,False,PNK,False,
FREKF,freee K.K.,20.78,2026-08-24T22:34:09.349528+00:00,True,+103.7%,True,$1233.9M,,N/A,False,1.2K,True,$20.78 / SMA $14.56,False,0.28%,,N/A,True,32.1M,False,PNK,False,
FRHLF,Freehold Royalties Ltd.,12.67,2026-08-24T22:30:48.637031+00:00,False,+33.6%,True,$2077.4M,True,+750.0%,False,83.6K,True,$12.67 / SMA $11.87,False,1.74%,True,+28.1%,True,137.0M,False,PNK,False,
FRME,First Merchants Corporation,41.92,2026-08-24T22:20:25.549084+00:00,False,+20.9%,True,$2632.6M,False,+-28.6%,False,426.5K,False,$41.92 / SMA $42.93,False,1.77%,,,True,61.6M,True,NMS,False,
FRMEP,First Merchants Corporation,25.25,2026-08-24T22:29:14.811569+00:00,False,+2.1%,,N/A,,N/A,False,1.3K,True,$25.25 / SMA $25.17,False,0.52%,False,+-2.0%,True,61.6M,True,NMS,False,
FRO,Frontline plc,44.05,2026-08-24T22:16:42.460333+00:00,True,+121.7%,True,$9806.5M,True,+1573.3%,True,2664.7K,True,$44.05 / SMA $39.10,True,3.25%,True,+66.9%,False,222.1M,True,NYQ,False,
FRRFF,4imprint Group plc,49.54,2026-08-24T22:30:54.810485+00:00,False,+18.9%,True,$1389.4M,,N/A,False,0.2K,True,$49.54 / SMA $48.74,False,0.00%,,N/A,True,27.6M,False,PNK,False,
FRST,Primis Financial Corp.,16.3,2026-08-24T22:34:20.662766+00:00,True,+70.7%,True,$404.2M,False,+11.8%,False,226.1K,True,$16.30 / SMA $15.94,False,2.05%,True,+54.9%,True,23.7M,True,NGM,False,
FRUYF,"Furuya Metal Co., Ltd.",20.72,2026-08-24T22:22:13.101467+00:00,False,+1.0%,True,$509.7M,,,False,0.0K,True,$20.72 / SMA $-18.88,False,0.00%,,,True,9.4M,False,PNK,False,
FSBW,"FS Bancorp, Inc.",42.94,2026-08-24T22:35:57.382588+00:00,False,+17.1%,True,$319.1M,False,+5.1%,False,19.6K,True,$42.94 / SMA $42.87,False,2.20%,,N/A,True,6.1M,True,NCM,False,
FSHYF,Shougang Fushan Resources Group Limited,0.3149,2026-08-24T22:30:51.527072+00:00,False,+0.0%,True,$1603.2M,,N/A,False,0.0K,True,$0.31 / SMA $0.30,False,0.00%,,N/A,False,2796.2M,False,PNK,False,
FSK,FS KKR Capital Corp.,12.05,2026-08-24T22:20:19.276233+00:00,False,+24.0%,True,$3329.9M,True,+82.7%,True,2609.7K,True,$12.05 / SMA $11.03,True,3.00%,True,+82.6%,,,True,NYQ,False,
FSPKF,Fisher & Paykel Healthcare Corporation Limited,26.53,2026-08-24T22:27:18.969405+00:00,False,+39.6%,True,$15580.8M,,N/A,False,0.2K,True,$26.53 / SMA $23.08,False,0.10%,,N/A,False,585.0M,False,PNK,False,
FSTR,L.B. Foster Company,37.5,2026-08-24T22:34:18.541285+00:00,False,+57.5%,True,$394.5M,True,+170.0%,False,91.3K,False,$37.50 / SMA $41.55,True,4.22%,False,+23.9%,True,9.7M,True,NMS,False,
FSUN,FirstSun Capital Bancorp,40.56,2026-08-24T22:22:12.418155+00:00,False,+35.4%,True,$1782.6M,False,+-152.7%,False,284.7K,True,$40.56 / SMA $37.91,False,2.73%,,,True,33.9M,True,NMS,False,
FSV,FirstService Corporation,143.91,2026-08-24T22:27:28.429374+00:00,False,+20.5%,True,$6320.9M,False,+-1.0%,False,214.2K,True,$143.91 / SMA $142.00,False,2.51%,False,+2.4%,True,39.7M,True,NMS,False,
FTI,TechnipFMC plc,75.85,2026-08-24T22:16:11.776889+00:00,True,+114.9%,True,$29745.7M,True,+40.6%,True,4623.6K,True,$75.85 / SMA $71.39,True,3.63%,False,+9.0%,False,386.3M,True,NYQ,False,
FTNT,"Fortinet, Inc.",151.99,2026-08-24T22:15:54.727440+00:00,True,+106.6%,True,$111517.1M,True,+43.9%,True,5858.7K,False,$151.99 / SMA $156.18,True,4.27%,True,+25.6%,False,618.9M,True,NMS,False,
FUEMF,Talamore Mining Corp.,6.0,2026-08-24T22:24:06.339675+00:00,False,+27.7%,True,$846.7M,False,+-150.0%,False,23.6K,True,$6.00 / SMA_short $5.93,,,,,True,69.5M,False,PNK,False,
FUGRF,Fugro N.V.,9.48,2026-08-24T22:22:13.773297+00:00,False,+0.0%,True,$1055.4M,,,False,0.0K,False,$9.48 / SMA $12.58,False,0.01%,,,True,106.8M,False,PNK,False,
FUJHY,Subaru Corporation,8.28,2026-08-24T22:16:34.008976+00:00,False,+16.6%,True,$11669.6M,,,False,345.9K,True,$8.28 / SMA $7.90,False,1.68%,,,False,1084.7M,False,PNK,False,
FUJIF,FUJIFILM Holdings Corporation,20.0,2026-08-24T22:16:15.051281+00:00,False,+17.6%,True,$23919.7M,,,False,0.3K,False,$20.00 / SMA $21.56,False,0.52%,,,False,1194.9M,False,PNK,False,
FULT,Fulton Financial Corporation,23.59,2026-08-24T22:29:07.902299+00:00,False,+42.1%,True,$4503.7M,False,+-1.9%,True,1904.9K,False,$23.59 / SMA $24.09,False,1.71%,False,+12.2%,False,188.3M,True,NMS,False,
FULTP,Fulton Financial Corporation,17.81,2026-08-24T22:18:37.029478+00:00,False,+3.5%,,,,,False,14.6K,False,$17.81 / SMA $17.89,False,1.33%,False,+12.2%,False,188.3M,True,NMS,False,
FUPBY,Fuchs SE,11.47,2026-08-24T22:27:30.842093+00:00,False,+23.7%,True,$6010.3M,,N/A,False,12.2K,True,$11.47 / SMA $11.36,False,0.76%,False,+21.5%,False,361.7M,False,PNK,False,
FUWAF,"Furukawa Electric Co., Ltd.",24.49,2026-08-24T22:16:17.106895+00:00,False,+23.8%,True,$17228.6M,,,False,2.8K,False,$24.49 / SMA $87.63,False,0.24%,,,False,650.7M,False,PNK,False,
FVR,"FrontView REIT, Inc.",20.0,2026-08-24T22:34:15.703650+00:00,False,+55.6%,True,$604.5M,True,+118.8%,False,202.2K,False,$20.00 / SMA $20.31,True,3.41%,False,+2.6%,True,24.1M,True,NYQ,False,
FVRR,Fiverr International Ltd.,9.37,2026-08-24T22:24:24.496827+00:00,False,+8.9%,True,$336.9M,True,+33.3%,True,853.6K,False,$9.37 / SMA $10.12,True,4.50%,False,+-10.0%,True,30.8M,True,NYQ,False,
FWDI,"Forward Industries, Inc.",5.73,2026-08-24T22:34:21.341405+00:00,False,+64.7%,True,$423.1M,False,+-125.8%,True,1268.0K,True,$5.73 / SMA $4.33,True,6.85%,True,+315.0%,True,69.4M,True,NCM,False,
FWONA,Formula One Group,98.18,2026-08-24T22:27:11.918767+00:00,False,+33.2%,True,$24614.6M,False,+-98.7%,False,156.0K,True,$98.18 / SMA $89.97,False,2.58%,False,+-30.4%,False,242.6M,True,NMS,False,
FWRG,"First Watch Restaurant Group, Inc.",13.17,2026-08-24T22:24:07.872781+00:00,False,+32.1%,True,$812.8M,True,+33.3%,True,1187.8K,True,$13.17 / SMA $12.45,True,5.09%,False,+15.2%,True,60.8M,True,NMS,False,
FXCNF,FIH Mobile Limited,2.95,2026-08-24T22:20:24.027861+00:00,False,+63.9%,True,$2306.6M,,,False,0.0K,False,$2.95 / SMA $3.01,False,0.00%,,,False,259.5M,False,PNK,False,
FYGGY,"Fuyao Glass Industry Group Co., Ltd.",2.0,2026-08-24T22:16:18.568246+00:00,False,+33.3%,True,$20877.9M,False,+-15.4%,False,34.6K,True,$2.00 / SMA $1.74,True,6.40%,False,+5.1%,False,7691.3M,False,PNK,False,
G,Genpact Limited,37.59,2026-08-24T22:27:30.478470+00:00,False,+40.0%,True,$6316.4M,False,+14.7%,True,2583.7K,True,$37.59 / SMA $31.92,True,3.77%,False,+7.1%,True,143.9M,True,NYQ,False,
GAIN,Gladstone Investment Corporation,16.51,2026-08-24T22:24:11.102684+00:00,False,+25.9%,True,$657.5M,False,+-242.9%,False,218.3K,True,$16.51 / SMA $15.90,False,2.33%,False,+-313.6%,,,True,NMS,False,
GAM,"General American Investors Company, Inc.",67.35,2026-08-24T22:22:13.348681+00:00,False,+19.8%,True,$1605.1M,,,False,25.0K,True,$67.35 / SMA $65.00,False,1.19%,,,True,21.2M,True,NYQ,False,
GARPY,Golden Agri-Resources Ltd,22.09,2026-08-24T22:29:13.761448+00:00,False,+10.5%,True,$2801.4M,,N/A,False,0.0K,True,$22.09 / SMA $22.07,False,0.00%,,N/A,True,62.7M,False,PNK,False,
GASNF,"Naturgy Energy Group, S.A.",33.44,2026-08-24T22:16:10.143646+00:00,False,+13.9%,True,$32113.7M,,,False,0.1K,False,$33.44 / SMA $33.51,False,0.00%,,,False,258.5M,False,PNK,False,
GASNY,"Naturgy Energy Group, S.A.",6.82,2026-08-24T22:27:07.244655+00:00,False,+21.6%,True,$31821.1M,,N/A,False,82.9K,True,$6.82 / SMA $6.47,False,2.61%,,N/A,False,1292.7M,False,PNK,False,
GASS,StealthGas Inc.,9.63,2026-08-24T22:34:20.081968+00:00,False,+57.4%,True,$358.1M,False,+13.2%,False,129.4K,True,$9.63 / SMA $8.78,True,3.09%,False,+1.9%,True,14.8M,True,NMS,False,
GBERY,Geberit AG,72.18,2026-08-24T22:16:18.763076+00:00,False,+17.5%,True,$23800.4M,,,False,16.2K,True,$72.18 / SMA $66.13,False,0.98%,,,False,322.3M,False,PNK,False,
GBTG,"Global Business Travel Group, Inc.",9.48,2026-08-24T22:18:30.033248+00:00,True,+91.3%,True,$4952.1M,False,+0.0%,True,2299.8K,True,$9.48 / SMA $9.41,False,0.25%,True,+37.9%,False,196.4M,True,NYQ,False,
GBX,"The Greenbrier Companies, Inc.",46.08,2026-08-24T22:30:54.013592+00:00,False,+20.5%,True,$1425.7M,False,+-67.7%,False,477.1K,False,$46.08 / SMA $48.28,False,2.76%,False,+-31.6%,True,30.2M,True,NYQ,False,
GCGRU,General Catalyst Global Resilience Merger Corp.,10.3067,2026-08-24T22:34:17.920898+00:00,False,+3.1%,,N/A,,N/A,False,4.8K,False,$10.31 / SMA $10.33,False,0.45%,,N/A,,N/A,True,NGM,False,
GCO,Genesco Inc.,35.08,2026-08-24T22:34:18.555978+00:00,False,+60.0%,True,$389.6M,True,+29.7%,False,199.3K,False,$35.08 / SMA $36.01,True,3.73%,False,+2.8%,True,8.9M,True,NYQ,False,
GD,General Dynamics Corporation,383.77,2026-08-24T22:27:00.627672+00:00,False,+25.1%,True,$103831.7M,False,+13.4%,True,1165.6K,True,$383.77 / SMA $374.15,False,1.84%,False,+8.1%,False,254.4M,True,NYQ,False,
GDERF,Galderma Group AG,210.0,2026-08-24T22:27:04.077280+00:00,False,+27.3%,True,$48969.7M,,N/A,False,1.3K,False,$210.00 / SMA $217.04,True,3.36%,,N/A,True,131.3M,False,PNK,False,
GDOT,Green Dot Corporation,13.42,2026-08-24T22:34:10.910510+00:00,False,+32.9%,True,$764.7M,True,+97.9%,False,441.9K,True,$13.42 / SMA $13.30,False,1.94%,False,+17.4%,True,47.6M,True,NYQ,False,
GEAGF,GEA Group Aktiengesellschaft,67.0,2026-08-24T22:16:36.014709+00:00,False,+6.0%,True,$10907.7M,False,+7.0%,False,0.0K,True,$67.00 / SMA $66.39,False,0.00%,False,+1.2%,True,145.7M,False,PNK,False,
GEAHF,Great Eagle Holdings Limited,2.2,2026-08-24T22:20:33.980877+00:00,False,+29.4%,True,$1649.4M,,,False,0.0K,False,$2.20 / SMA $2.21,False,0.00%,,,False,214.1M,False,PNK,False,
GEN,Gen Digital Inc.,29.11,2026-08-24T22:27:16.164468+00:00,False,+63.7%,True,$17424.9M,True,+63.6%,True,5903.9K,True,$29.11 / SMA $26.44,True,3.19%,False,+6.3%,False,453.0M,True,NMS,False,
GENSY,Genus plc,28.38,2026-08-24T22:20:28.883542+00:00,False,+16.6%,True,$1884.8M,,,False,0.1K,False,$28.38 / SMA $29.17,False,0.00%,,,True,65.1M,False,PNK,False,
GETY,"Getty Images Holdings, Inc.",0.2551,2026-08-24T22:34:17.112242+00:00,False,+0.0%,False,$107.4M,True,+96.0%,True,8352.4K,False,$0.26 / SMA $0.58,True,10.50%,False,+1.1%,False,197.5M,True,NYQ,False,
GEV,GE Vernova Inc.,942.1,2026-08-24T22:15:49.550084+00:00,True,+77.7%,True,$250912.9M,True,+32.8%,True,2828.0K,False,$942.10 / SMA $1035.74,True,4.30%,False,+21.9%,False,265.8M,True,NYQ,False,
GEVO,"Gevo, Inc.",1.53,2026-08-24T22:34:17.484157+00:00,False,+11.7%,True,$378.3M,False,+-7600.0%,True,3401.0K,True,$1.53 / SMA $1.53,True,5.86%,False,+7.1%,False,228.0M,True,NCM,False,
GFI,Gold Fields Limited,47.33,2026-08-24T22:27:06.937790+00:00,False,+52.1%,True,$42332.8M,,N/A,True,3814.7K,True,$47.33 / SMA $36.14,True,3.09%,,N/A,False,1788.2M,True,NYQ,False,
GGAZF,Goldgroup Mining Inc.,2.58,2026-08-24T22:26:04.269576+00:00,True,+166.2%,False,$194.5M,True,+128.6%,False,144.1K,False,$2.58 / SMA_short $2.87,,,True,+362.8%,True,67.4M,False,PNK,False,
GGGSY,Greggs plc,8.25,2026-08-24T22:20:27.026128+00:00,False,+32.0%,True,$2523.4M,,,False,1.9K,True,$8.25 / SMA $7.54,False,0.03%,,,False,301.1M,False,PNK,False,
GH,"Guardant Health, Inc.",163.18,2026-08-24T22:27:15.619999+00:00,True,+205.6%,True,$21898.1M,False,+-12.5%,True,2658.2K,True,$163.18 / SMA $153.81,True,4.77%,True,+44.3%,True,129.4M,True,NMS,False,
GHM,Graham Corporation,97.16,2026-08-24T22:30:58.865541+00:00,True,+108.6%,True,$1140.4M,False,+-21.4%,False,264.9K,False,$97.16 / SMA $108.19,True,5.78%,True,+28.6%,True,11.2M,True,NYQ,False,
GHRS,GH Research PLC,28.1,2026-08-24T22:22:13.098359+00:00,True,+137.5%,True,$1928.8M,False,+-53.3%,False,298.5K,True,$28.10 / SMA $27.13,True,5.07%,,,True,32.4M,True,NGM,False,
GIL,Gildan Activewear Inc.,54.95,2026-08-24T22:16:34.302734+00:00,False,+18.0%,True,$10176.3M,False,+-129.7%,True,1631.0K,True,$54.95 / SMA $53.81,True,3.12%,True,+72.3%,False,183.1M,True,NYQ,False,
GIW,GigCapital8 Corp.,10.17,2026-08-24T22:26:01.320573+00:00,False,+3.0%,True,$480.9M,True,+29685.8%,False,54.9K,True,$10.17 / SMA $10.10,False,0.05%,,,True,20.2M,True,NGM,False,
GIWWU,GigCapital8 Corp.,10.461,2026-08-24T22:34:20.105442+00:00,False,+4.5%,,N/A,,N/A,False,0.0K,True,$10.46 / SMA $10.39,False,0.05%,,N/A,True,20.2M,True,NGM,False,
GJNSY,Gjensidige Forsikring ASA,29.87,2026-08-24T22:16:26.981338+00:00,False,+25.9%,True,$14933.9M,True,+60.8%,False,1.1K,True,$29.87 / SMA $28.40,True,3.07%,False,+15.9%,False,187.6M,False,PNK,False,
GLAD,Gladstone Capital Corporation,19.82,2026-08-24T22:24:22.583440+00:00,False,+19.8%,True,$447.8M,True,+78.8%,False,169.2K,True,$19.82 / SMA $19.13,False,2.16%,,,,,True,NMS,False,
GLASF,Glass House Brands Inc.,11.61,2026-08-24T22:24:06.014260+00:00,True,+155.2%,True,$990.4M,False,+-41.6%,False,339.2K,True,$11.61 / SMA_short $10.79,,,False,+-13.3%,True,63.9M,False,PNK,False,
GLAXF,GSK plc,25.3,2026-08-24T22:27:00.169445+00:00,False,+33.2%,True,$101342.0M,False,+-69.5%,False,0.8K,False,$25.30 / SMA $25.53,False,1.38%,False,+5.3%,False,3881.3M,False,PNK,False,
GLBE,Global-E Online Ltd.,39.86,2026-08-24T22:27:31.429190+00:00,False,+48.5%,True,$6695.2M,True,+254.5%,True,1632.2K,True,$39.86 / SMA $37.72,True,3.60%,True,+32.8%,True,116.8M,True,NMS,False,
GLIBA,Liberty Capital Corporation,26.3,2026-08-24T22:30:59.417677+00:00,False,+34.1%,True,$1049.5M,False,+-54.7%,False,95.6K,True,$26.30 / SMA $23.27,True,3.97%,False,+0.0%,True,32.5M,True,NMS,False,
GLIBK,Liberty Capital Corporation,25.78,2026-08-24T22:22:24.717397+00:00,False,+33.6%,True,$1028.8M,False,+-54.7%,True,776.1K,True,$25.78 / SMA $22.92,True,4.46%,False,+0.0%,True,32.5M,True,NMS,False,
GLNCY,Glencore plc,16.19,2026-08-24T22:27:00.560176+00:00,True,+116.2%,True,$94857.4M,,N/A,True,685.2K,True,$16.19 / SMA $14.48,False,1.74%,,N/A,False,4578.0M,False,PNK,False,
GLNG,Golar LNG Limited,51.41,2026-08-24T22:18:28.053458+00:00,False,+46.8%,True,$5248.8M,True,+862.5%,True,1282.1K,True,$51.41 / SMA $50.33,False,2.81%,True,+120.1%,True,87.0M,True,NMS,False,
GLNLF,Galan Lithium Limited,0.28,2026-08-24T22:26:01.007736+00:00,True,+252.2%,True,$354.9M,,,False,14.1K,True,$0.28 / SMA $0.25,False,1.16%,,,False,770.4M,False,PNK,False,
GLOB,Globant S.A.,39.58,2026-08-24T22:30:51.595515+00:00,False,+43.6%,True,$1709.0M,False,+25.0%,True,2037.0K,True,$39.58 / SMA $34.19,True,6.40%,False,+-0.7%,True,38.1M,True,NYQ,False,
GLOO,"Gloo Holdings, Inc.",3.33,2026-08-24T22:34:16.796520+00:00,False,+13.3%,False,$291.6M,True,+37.4%,False,276.6K,False,$3.33 / SMA $3.70,True,7.11%,True,+237.6%,True,17.2M,True,NMS,False,
GLPEF,"Galp Energia, SGPS, S.A.",20.85,2026-08-24T22:27:14.544554+00:00,False,+29.7%,True,$16807.3M,True,+103.2%,False,0.1K,False,$20.85 / SMA $21.65,False,0.34%,True,+41.4%,False,326.3M,False,PNK,False,
GLRE,"Greenlight Capital Re, Ltd.",15.52,2026-08-24T22:34:14.067319+00:00,False,+34.1%,True,$514.7M,False,+-9000.0%,False,164.0K,False,$15.52 / SMA $16.26,True,3.05%,False,+-7.3%,True,24.4M,True,NMS,False,
GLSI,"Greenwich LifeSciences, Inc.",17.58,2026-08-24T22:25:59.275060+00:00,True,+126.0%,False,$258.0M,False,+-85.7%,False,158.1K,False,$17.58 / SMA $17.92,True,8.73%,,,True,7.6M,True,NCM,False,
GLW,Corning Incorporated,145.55,2026-08-24T22:15:51.540300+00:00,True,+121.4%,True,$125120.3M,False,+18.5%,True,14135.4K,False,$145.55 / SMA $173.49,True,6.24%,False,+16.6%,False,790.5M,True,NYQ,False,
GM,General Motors Company,86.98,2026-08-24T22:27:01.876527+00:00,False,+60.1%,True,$78669.2M,False,+-26.2%,True,7492.6K,True,$86.98 / SMA $82.27,False,2.68%,False,+1.9%,False,874.8M,True,NYQ,False,
GMAB,Genmab A/S,33.02,2026-08-24T22:16:24.006614+00:00,False,+39.8%,True,$20589.0M,False,+-9.4%,True,2141.4K,True,$33.02 / SMA $28.91,False,2.18%,False,+24.9%,False,589.6M,True,NMS,False,
GMTL,Guardian Metal Resources PLC,12.39,2026-08-24T22:24:11.108531+00:00,False,+44.1%,True,$482.7M,,,False,216.4K,False,$12.39 / SMA $12.58,True,8.88%,,,True,105.0M,True,ASE,False,
GMTLF,Guardian Metal Resources PLC,2.45,2026-08-24T22:24:11.713353+00:00,True,+142.6%,True,$477.3M,,,False,46.2K,False,$2.45 / SMA $2.52,True,7.28%,,,True,105.0M,False,OQB,False,
GNGYF,Guangshen Railway Company Limited,0.245,2026-08-24T22:29:13.201233+00:00,False,+16.7%,True,$1735.5M,False,+24.2%,False,1.0K,True,$0.24 / SMA $0.24,False,0.00%,False,+7.2%,False,4254.3M,False,PNK,False,
GNMSF,Genmab A/S,337.0,2026-08-24T22:16:24.889932+00:00,False,+45.0%,True,$21013.0M,False,+-9.4%,False,0.9K,True,$337.00 / SMA $283.59,False,0.35%,False,+24.9%,True,59.0M,False,PNK,False,
GNNDY,GN Store Nord A/S,43.6,2026-08-24T22:20:29.825735+00:00,False,+10.5%,True,$2116.2M,,,False,0.5K,True,$43.60 / SMA $42.90,False,0.63%,False,+-58.2%,True,48.5M,False,PNK,False,
GNRC,Generac Holdings Inc.,203.56,2026-08-24T22:27:15.414201+00:00,False,+51.0%,True,$12011.2M,True,+92.0%,True,1017.9K,False,$203.56 / SMA $232.29,True,4.77%,False,+10.6%,True,57.9M,True,NYQ,False,
GNW,"Genworth Financial, Inc.",9.89,2026-08-24T22:29:10.248299+00:00,False,+26.1%,True,$3736.9M,False,+0.0%,True,2893.1K,True,$9.89 / SMA $9.66,False,2.06%,False,+5.8%,False,369.0M,True,NYQ,False,
GNZUF,"Guangzhou Automobile Group Co., Ltd.",0.2601,2026-08-24T22:27:25.440954+00:00,False,+8.4%,True,$2652.3M,,N/A,False,1.6K,False,$0.26 / SMA $0.27,False,0.00%,False,+-38.8%,False,4210.9M,False,PNK,False,
GOFPY,Allwyn AG,8.4,2026-08-24T22:16:34.652692+00:00,False,+24.4%,True,$13393.9M,False,+-17.6%,False,121.5K,True,$8.40 / SMA $7.77,False,1.90%,False,+17.8%,False,190.4M,False,PNK,False,
GOLD,"Gold.com, Inc.",45.8,2026-08-24T22:30:56.513658+00:00,True,+108.2%,True,$1328.4M,True,+680.6%,False,416.5K,True,$45.80 / SMA $42.08,True,3.97%,True,+244.0%,True,19.4M,True,NYQ,False,
GONYF,GO Residential Real Estate Investment Trust,8.5,2026-08-24T22:25:59.421948+00:00,False,+0.2%,,,,,False,26.7K,False,$8.50 / SMA $9.36,False,1.99%,,,True,30.0M,False,OQB,False,
GOOD,Gladstone Commercial Corporation,13.18,2026-08-24T22:34:12.984526+00:00,False,+27.6%,True,$643.5M,True,+266.7%,True,506.9K,True,$13.18 / SMA $12.51,False,2.03%,False,+11.3%,True,47.8M,True,NMS,False,
GOODN,Gladstone Commercial Corporation,23.2627,2026-08-24T22:24:11.597490+00:00,False,+11.3%,,,,,False,2.6K,True,$23.26 / SMA $22.78,False,1.19%,False,+11.3%,True,47.8M,True,NMS,False,
GOOGL,Alphabet Inc.,348.06,2026-08-24T22:26:56.487907+00:00,False,+69.6%,True,$4256751.2M,True,+294.4%,True,32139.6K,False,$348.06 / SMA $351.57,False,2.62%,False,+24.2%,False,10879.6M,True,NMS,False,
GPAT,GP-Act III Acquisition Corp.,11.16,2026-08-24T22:25:58.320280+00:00,False,+6.0%,False,$180.4M,False,+-25.0%,False,31.3K,True,$11.16 / SMA $10.98,False,0.28%,,,True,12.1M,True,NGM,False,
GPATU,GP-Act III Acquisition Corp.,11.01,2026-08-24T22:34:19.190105+00:00,False,+3.3%,,N/A,,N/A,False,0.1K,True,$11.01 / SMA $11.01,False,0.00%,,N/A,True,12.1M,True,NGM,False,
GPEAF,Great Portland Estates Plc,4.01,2026-08-24T22:30:52.541095+00:00,False,+8.1%,True,$1617.7M,,N/A,False,0.0K,False,$4.01 / SMA $4.01,False,0.00%,,N/A,False,351.4M,False,PNK,False,
GPK,Graphic Packaging Holding Company,11.45,2026-08-24T22:20:19.430511+00:00,False,+30.3%,True,$3387.9M,False,+-76.5%,True,5594.6K,True,$11.45 / SMA $11.03,True,3.97%,False,+-0.7%,False,270.9M,True,NYQ,False,
GPN,Global Payments Inc.,94.3,2026-08-24T22:27:13.046708+00:00,False,+54.2%,True,$24953.5M,False,+-94.9%,True,3675.5K,True,$94.30 / SMA $80.08,True,3.48%,True,+68.6%,False,219.6M,True,NYQ,False,
GPRK,GeoPark Limited,9.84,2026-08-24T22:34:12.813249+00:00,True,+71.1%,True,$638.6M,True,+208.4%,False,480.4K,True,$9.84 / SMA $9.66,True,3.15%,True,+60.6%,True,19.3M,True,NYQ,False,
GRC,The Gorman-Rupp Company,77.82,2026-08-24T22:20:32.991947+00:00,True,+85.9%,True,$2055.2M,False,+23.3%,False,186.4K,False,$77.82 / SMA $82.42,True,3.90%,False,+3.9%,True,20.8M,True,NYQ,False,
GRIQ,"GrocerIQ Holdings, Inc.",2.05,2026-08-24T22:26:09.510728+00:00,False,+34.9%,False,$149.6M,,,False,1.6K,False,$2.05 / SMA $3.38,True,6.50%,,,,,False,OID,False,
GRMN,Garmin Ltd.,291.25,2026-08-24T22:27:04.496745+00:00,False,+56.0%,True,$56169.4M,True,+35.3%,True,921.0K,True,$291.25 / SMA $264.16,True,3.32%,False,+11.4%,False,165.0M,True,NYQ,False,
GROY,Gold Royalty Corp.,3.46,2026-08-24T22:24:07.012298+00:00,False,+41.2%,True,$801.6M,,,True,2080.2K,True,$3.46 / SMA $2.83,True,3.68%,True,+76.1%,False,171.9M,True,ASE,False,
GRRMY,Gerresheimer AG,7.61,2026-08-24T22:30:58.127730+00:00,False,+61.6%,True,$1051.4M,,N/A,False,0.1K,False,$7.61 / SMA $7.77,False,0.45%,,N/A,True,128.2M,False,PNK,False,
GRRR,Gorilla Technology Group Inc.,15.83,2026-08-24T22:34:18.480797+00:00,True,+75.1%,True,$435.5M,False,+-517.4%,True,1540.1K,True,$15.83 / SMA $15.07,True,6.67%,True,+54.6%,True,23.8M,True,NCM,False,
GRYRF,Geo Energy Resources Limited,0.36465,2026-08-24T22:24:11.386878+00:00,False,+26.2%,True,$647.7M,,,False,0.0K,False,$0.36 / SMA $0.36,False,0.00%,False,+-9.6%,False,803.6M,False,PNK,False,
GS,"The Goldman Sachs Group, Inc.",1036.28,2026-08-24T22:26:57.306123+00:00,False,+43.7%,True,$301735.1M,True,+92.3%,True,2146.9K,False,$1036.28 / SMA $1053.39,False,2.61%,,N/A,False,301.1M,True,NYQ,False,
GSCCF,ioneer Ltd,0.0781,2026-08-24T22:34:22.203728+00:00,True,+7710.0%,False,$240.1M,,N/A,False,71.7K,False,$0.08 / SMA $0.09,True,407.86%,,N/A,False,2464.7M,False,PNK,False,
GSHD,"Goosehead Insurance, Inc.",73.0,2026-08-24T22:22:13.763876+00:00,True,+116.7%,True,$2608.9M,True,+127.8%,True,567.1K,True,$73.00 / SMA $56.24,True,5.30%,False,+20.6%,True,20.9M,True,NMS,False,
GSHRF,Gold X2 Mining Inc,5.12,2026-08-24T22:24:09.789557+00:00,True,+572.9%,True,$517.7M,False,+0.0%,False,18.2K,False,$5.12 / SMA_short $5.62,True,5.09%,,,True,85.7M,False,PNK,False,
GSISF,Genesis Minerals Limited,5.45,2026-08-24T22:27:32.186519+00:00,True,+84.5%,True,$6395.8M,,N/A,False,4.4K,True,$5.45 / SMA $4.34,False,2.36%,,N/A,False,1089.8M,False,PNK,False,
GSIT,"GSI Technology, Inc.",5.72,2026-08-24T22:26:03.155658+00:00,True,+102.8%,False,$219.8M,False,+-62.5%,True,1064.7K,False,$5.72 / SMA $6.50,True,7.33%,,,True,32.7M,True,NMS,False,
GSL,"Global Ship Lease, Inc.",44.64,2026-08-24T22:22:15.870896+00:00,False,+63.6%,True,$1608.6M,False,+-5.0%,False,332.7K,True,$44.64 / SMA $40.54,False,2.58%,False,+2.0%,True,30.9M,True,NYQ,False,
GSM,Ferroglobe PLC,4.05,2026-08-24T22:22:30.744587+00:00,False,+31.5%,True,$756.8M,,,True,1716.7K,True,$4.05 / SMA $3.66,True,5.68%,,,False,173.0M,True,NCM,False,
GT,The Goodyear Tire & Rubber Company,6.0,2026-08-24T22:20:36.677347+00:00,False,+10.5%,True,$1727.4M,,,True,9839.3K,False,$6.00 / SMA $6.61,True,4.36%,,,False,274.8M,True,NMS,False,
GTBIF,Green Thumb Industries Inc.,7.51,2026-08-24T22:30:53.361411+00:00,False,+42.0%,True,$1641.6M,True,+300.0%,True,507.4K,True,$7.51 / SMA $7.30,True,4.29%,False,+4.6%,False,191.1M,False,OQX,False,
GTENU,"Gores Holdings X, Inc.",10.9,2026-08-24T22:34:16.458120+00:00,False,+6.1%,,N/A,,N/A,False,0.2K,True,$10.90 / SMA $10.67,False,0.10%,,N/A,True,32.5M,True,NGM,False,
GTLB,GitLab Inc.,42.03,2026-08-24T22:18:32.649627+00:00,True,+124.4%,True,$7098.9M,True,+86.4%,True,5326.6K,True,$42.03 / SMA $33.93,True,5.16%,False,+23.1%,True,138.9M,True,NMS,False,
GTM,ZoomInfo Technologies Inc.,3.9,2026-08-24T22:30:58.722615+00:00,False,+53.5%,True,$1135.3M,False,+-3228.6%,True,10409.6K,True,$3.90 / SMA $3.27,True,6.86%,False,+1.2%,False,229.4M,True,NMS,False,
GTN,"Gray Media, Inc.",4.92,2026-08-24T22:34:16.669645+00:00,False,+38.6%,True,$506.7M,True,+129.6%,True,1303.5K,True,$4.92 / SMA $4.21,True,5.14%,False,+8.7%,True,82.6M,True,NYQ,False,
GWKSY,Games Workshop Group PLC,27.174,2026-08-24T22:27:22.820436+00:00,False,+35.9%,True,$8979.6M,,N/A,False,0.6K,False,$27.17 / SMA $27.62,False,1.00%,,N/A,False,325.7M,False,PNK,False,
GWLIF,Great-West Lifeco Inc.,64.63,2026-08-24T22:27:03.764602+00:00,False,+69.1%,True,$57856.8M,False,+25.0%,False,81.8K,True,$64.63 / SMA $64.29,False,1.26%,False,+20.5%,False,257.8M,False,PNK,False,
GXO,"GXO Logistics, Inc.",46.98,2026-08-24T22:27:30.142513+00:00,False,+4.4%,True,$5387.9M,False,+-4.3%,True,1421.3K,False,$46.98 / SMA $50.06,True,3.52%,False,+4.3%,True,107.4M,True,NYQ,False,
GYRE,"Gyre Therapeutics, Inc.",6.44,2026-08-24T22:24:13.213046+00:00,False,+18.4%,True,$682.9M,False,+-300.0%,False,86.0K,True,$6.44 / SMA $6.39,True,5.15%,False,+-2.1%,True,35.9M,True,NCM,False,
HACQ,HCM IV Acquisition Corp.,10.0602,2026-08-24T22:26:00.490883+00:00,False,+2.0%,True,$376.0M,,,False,24.3K,True,$10.06 / SMA $10.05,False,0.00%,,,True,28.7M,True,NGM,False,
HAE,Haemonetics Corporation,108.4,2026-08-24T22:20:20.606897+00:00,True,+129.1%,True,$4931.9M,False,+2.9%,True,877.7K,True,$108.40 / SMA $82.42,True,3.38%,False,+5.6%,True,44.9M,True,NYQ,False,
HALO,"Halozyme Therapeutics, Inc.",108.64,2026-08-24T22:16:42.649779+00:00,True,+77.4%,True,$12330.4M,True,+42.9%,True,2021.9K,True,$108.64 / SMA $83.80,True,3.26%,True,+47.7%,True,112.2M,True,NMS,True,
HAWK,"HawkEye 360, Inc.",20.34,2026-08-24T22:20:21.395598+00:00,False,+19.5%,True,$1992.6M,,,True,1083.2K,False,$20.34 / SMA $21.50,True,6.91%,,,True,67.6M,True,NYQ,False,
HBANM,Huntington Bancshares Incorporated,20.49,2026-08-24T22:16:09.104036+00:00,False,+2.6%,,,,,False,17.1K,True,$20.49 / SMA $20.40,False,0.88%,True,+46.4%,False,2007.2M,True,NMS,False,
HBANP,Huntington Bancshares Incorporated,16.54,2026-08-24T22:27:07.930363+00:00,False,+3.4%,,N/A,,N/A,False,67.4K,True,$16.54 / SMA $16.15,False,0.93%,True,+46.4%,False,2007.2M,True,NMS,False,
HBCYF,HSBC Holdings plc,20.25,2026-08-24T22:26:56.897858+00:00,False,+64.6%,True,$347066.2M,False,+2.6%,False,16.1K,True,$20.25 / SMA $19.40,True,3.19%,False,+7.8%,False,16978.8M,False,PNK,False,
HBGRF,Heidelberger Druckmaschinen Aktiengesellschaft,1.7,2026-08-24T22:24:18.865595+00:00,False,+7.3%,True,$517.4M,,,False,0.0K,True,$1.70 / SMA $1.67,False,0.00%,False,+-10.4%,False,244.1M,False,PNK,False,
HBRIY,Harbour Energy plc,3.6,2026-08-24T22:27:26.738374+00:00,False,+43.4%,True,$5636.9M,,N/A,False,42.6K,True,$3.60 / SMA $3.25,True,4.00%,,N/A,False,816.8M,False,PNK,False,
HCHDF,Hochschild Mining plc,8.93,2026-08-24T22:18:37.669234+00:00,True,+158.8%,True,$4594.1M,,,False,5.9K,True,$8.93 / SMA $6.62,False,2.98%,,,False,315.2M,False,OQX,False,
HCMLY,Holcim AG,17.5,2026-08-24T22:16:02.050723+00:00,False,+13.3%,True,$48398.4M,,,False,111.7K,False,$17.50 / SMA $18.17,False,1.57%,,,False,2520.0M,False,PNK,False,
HD,"The Home Depot, Inc.",337.43,2026-08-24T22:15:49.568900+00:00,False,+16.7%,True,$336457.1M,False,+-4.3%,True,4514.8K,False,$337.43 / SMA $340.31,False,2.27%,False,+4.8%,False,992.3M,True,NYQ,False,
HDALF,Haidilao International Holding Ltd.,1.47,2026-08-24T22:16:39.070231+00:00,False,+8.9%,True,$8544.7M,,,False,22.3K,False,$1.47 / SMA $1.53,False,0.85%,,,False,1737.2M,False,PNK,False,
HDL,Super Hi International Holding Ltd.,14.1,2026-08-24T22:34:09.732886+00:00,False,+17.5%,True,$829.6M,False,+-50.0%,False,0.8K,True,$14.10 / SMA $13.05,False,0.59%,False,+14.2%,True,36.4M,True,NGM,False,
HEI.A,HEI.A,,2026-08-24T22:16:07.328162+00:00,False,,False,,False,,False,,False,,False,,False,,False,,False,Unknown,False,No price data available
HELE,Helen of Troy Limited,28.58,2026-08-24T22:24:12.471908+00:00,True,+106.4%,True,$665.7M,True,+107.7%,False,499.0K,True,$28.58 / SMA $28.20,True,4.55%,False,+8.2%,True,21.8M,True,NMS,False,
HELFY,HelloFresh SE,0.8401,2026-08-24T22:34:10.922261+00:00,False,+6.6%,True,$487.1M,True,+50.6%,False,7.4K,False,$0.84 / SMA $1.00,False,0.87%,False,+-13.2%,False,464.5M,False,PNK,False,
HENKY,Henkel AG & Co. KGaA,20.72,2026-08-24T22:16:10.436697+00:00,False,+23.1%,True,$33554.0M,,,False,76.2K,True,$20.72 / SMA $20.16,False,0.98%,,,False,978.7M,False,PNK,False,
HENOY,Henkel AG & Co. KGaA,22.39,2026-08-24T22:27:08.353220+00:00,False,+25.9%,True,$36258.4M,,N/A,False,11.2K,True,$22.39 / SMA $21.54,False,0.74%,,N/A,False,978.7M,False,PNK,False,
HFWA,Heritage Financial Corporation,29.04,2026-08-24T22:30:57.841115+00:00,False,+36.2%,True,$1188.2M,False,+16.7%,False,362.3K,False,$29.04 / SMA $29.35,False,1.88%,True,+48.9%,True,40.3M,True,NMS,False,
HG,"Hamilton Insurance Group, Ltd.",35.18,2026-08-24T22:29:11.570548+00:00,False,+55.3%,True,$3469.3M,False,+-20.7%,False,464.3K,True,$35.18 / SMA $34.46,False,2.79%,False,+13.4%,True,47.3M,True,NYQ,False,
HGCTF,HgCapital Trust plc,5.75,2026-08-24T22:30:49.329574+00:00,False,+18.6%,,N/A,,N/A,False,0.8K,True,$5.75 / SMA_short $5.21,,N/A,,N/A,,N/A,False,PNK,False,
HGMCF,Harmony Gold Mining Company Limited,20.85,2026-08-24T22:27:20.218524+00:00,False,+63.4%,True,$13027.8M,,N/A,False,0.0K,True,$20.85 / SMA $17.65,False,0.00%,,N/A,False,544.3M,False,PNK,False,
HGTY,"Hagerty, Inc.",13.4,2026-08-24T22:29:09.466595+00:00,False,+43.2%,True,$4604.5M,False,+-122.2%,False,156.2K,True,$13.40 / SMA $12.08,True,3.54%,False,+-6.5%,True,47.6M,True,NYQ,False,
HGV,Hilton Grand Vacations Inc.,45.36,2026-08-24T22:18:38.918090+00:00,False,+23.3%,True,$3525.6M,False,+-40.0%,True,1248.2K,False,$45.36 / SMA $49.04,True,4.03%,False,+7.3%,True,47.7M,True,NYQ,False,
HHUSF,Hua Hong Grace Semiconductor Limited,14.13,2026-08-24T22:16:08.789450+00:00,True,+182.6%,True,$27402.2M,True,+180.0%,False,1.1K,False,$14.13 / SMA $19.22,False,0.01%,,,False,1052.5M,False,PNK,False,
HIFS,Hingham Institution for Savings,303.96,2026-08-24T22:24:11.630617+00:00,False,+22.3%,True,$667.9M,True,+168.5%,False,37.8K,True,$303.96 / SMA $295.81,True,3.37%,True,+105.9%,True,1.6M,True,NGM,False,
HII,"Huntington Ingalls Industries, Inc.",294.63,2026-08-24T22:27:18.357685+00:00,False,+11.8%,True,$11609.8M,True,+36.5%,True,517.7K,False,$294.63 / SMA $296.72,True,3.42%,False,+10.9%,True,39.1M,True,NYQ,False,
HIMS,"Hims & Hers Health, Inc.",31.08,2026-08-24T22:18:27.518119+00:00,True,+126.2%,True,$7251.4M,False,+-300.0%,True,16222.9K,False,$31.08 / SMA $32.08,True,7.95%,False,+3.8%,False,212.2M,True,NYQ,False,
HIO,Western Asset High Income Opportunity Fund Inc.,3.48,2026-08-24T22:34:21.316016+00:00,False,+0.3%,True,$330.9M,,N/A,False,342.8K,False,$3.48 / SMA $3.56,False,0.92%,,N/A,,N/A,True,NYQ,False,
HIPO,Hippo Holdings Inc.,33.25,2026-08-24T22:24:09.138159+00:00,False,+38.1%,True,$877.4M,True,+660.0%,False,164.9K,True,$33.25 / SMA $29.63,True,3.69%,False,+23.4%,True,22.4M,True,NYQ,False,
HKEPF,"Hokkaido Electric Power Company, Incorporated",6.6,2026-08-24T22:30:56.610747+00:00,False,+27.2%,True,$1355.3M,,N/A,False,0.3K,True,$6.60 / SMA $5.74,False,0.00%,,N/A,False,187.1M,False,PNK,False,
HKUOY,Hakuhodo DY Holdings Inc,16.06,2026-08-24T22:29:13.989763+00:00,False,+26.1%,True,$2907.7M,,N/A,False,0.2K,True,$16.06 / SMA $14.96,False,0.00%,,N/A,True,96.5M,False,PNK,False,
HL,Hecla Mining Company,20.4,2026-08-24T22:16:33.130486+00:00,True,+162.2%,True,$13682.5M,True,+88.9%,True,34786.9K,True,$20.40 / SMA $16.20,True,4.99%,,,False,668.3M,True,NYQ,False,
HLBZF,Heidelberg Materials AG,186.2,2026-08-24T22:27:06.091040+00:00,False,+4.6%,True,$32734.3M,,N/A,False,1.3K,False,$186.20 / SMA $194.77,True,4.53%,,N/A,True,125.0M,False,PNK,False,
HLDCY,Henderson Land Development Company Limited,3.92,2026-08-24T22:16:19.124446+00:00,False,+27.3%,True,$18978.2M,,,False,83.5K,True,$3.92 / SMA $3.43,False,2.08%,,,False,1331.9M,False,PNK,False,
HLF,Herbalife Ltd.,12.58,2026-08-24T22:30:55.891908+00:00,False,+66.4%,True,$1318.4M,False,+-152.1%,True,1627.3K,True,$12.58 / SMA $12.35,True,4.14%,False,+5.4%,True,84.7M,True,NYQ,False,
HLFFF,HelloFresh SE,3.25,2026-08-24T22:24:06.706368+00:00,False,+0.0%,True,$471.1M,True,+50.6%,False,2.3K,False,$3.25 / SMA $4.30,False,1.88%,False,+-13.2%,True,116.1M,False,PNK,False,
HLMAF,Halma plc,49.45,2026-08-24T22:16:15.396485+00:00,False,+16.4%,True,$18676.2M,,,False,7.1K,False,$49.45 / SMA $49.59,True,3.65%,,,False,373.2M,False,PNK,False,
HLN,Haleon plc,10.16,2026-08-24T22:16:04.936911+00:00,False,+17.5%,True,$44687.8M,,,True,9569.8K,True,$10.16 / SMA $9.64,False,1.64%,,,False,4427.4M,True,NYQ,False,
HLPPF,Hang Lung Properties Limited,1.18,2026-08-24T22:27:28.919652+00:00,False,+29.2%,True,$6139.6M,,N/A,False,0.0K,True,$1.18 / SMA $1.12,False,0.20%,,N/A,False,1684.7M,False,PNK,False,
HLPPY,Hang Lung Properties Limited,4.48,2026-08-24T22:18:27.814974+00:00,False,+5.2%,True,$4662.0M,,,False,7.5K,False,$4.48 / SMA $4.59,False,1.10%,,,False,336.9M,False,OID,False,
HLTFF,Hilton Food Group plc,8.37,2026-08-24T22:24:09.895766+00:00,False,+30.8%,True,$752.9M,,,False,0.1K,True,$8.37 / SMA $7.24,False,0.00%,,,True,74.8M,False,PNK,False,
HLUBF,H. Lundbeck A/S,5.5432,2026-08-24T22:27:31.168079+00:00,False,+15.0%,True,$5883.9M,True,+47.8%,False,0.0K,True,$5.54 / SMA $5.49,False,0.00%,False,+14.3%,False,304.2M,False,PNK,False,
HMC,"Honda Motor Co., Ltd.",32.59,2026-08-24T22:16:08.181998+00:00,False,+40.2%,True,$42286.4M,True,+147.5%,True,1553.3K,True,$32.59 / SMA $29.04,False,1.46%,False,+13.5%,False,1297.2M,True,NYQ,False,
HMDCF,HUTCHMED (China) Limited,2.16,2026-08-24T22:30:50.243276+00:00,False,+0.0%,True,$1877.2M,,N/A,False,0.0K,False,$2.16 / SMA $2.16,False,0.00%,,N/A,False,522.9M,False,PNK,False,
HMDPF,Hammond Power Solutions Inc.,164.32,2026-08-24T22:20:24.485897+00:00,True,+101.8%,True,$1956.2M,False,+-64.1%,False,9.9K,False,$164.32 / SMA $204.85,False,2.49%,True,+61.3%,True,8.7M,False,PNK,False,
HMMCF,Hemlo Mining Corp.,5.78,2026-08-24T22:22:16.892573+00:00,True,+3753.4%,True,$1713.0M,,,False,49.6K,True,$5.78 / SMA $4.36,True,4.91%,,,False,286.4M,False,OQX,False,
HMNTY,Hemnet Group AB (publ),10.01,2026-08-24T22:30:59.811378+00:00,False,+42.8%,True,$901.3M,False,+14.8%,False,0.4K,True,$10.01 / SMA $8.95,False,0.52%,False,+13.2%,True,56.0M,False,PNK,False,
HNNMY,H & M Hennes & Mauritz AB (publ),3.85,2026-08-24T22:16:12.249813+00:00,False,+36.0%,True,$30730.2M,False,+0.4%,False,150.0K,True,$3.85 / SMA $3.50,False,1.33%,False,+-3.3%,False,2307.7M,False,PNK,False,
HNRG,Hallador Energy Company,15.96,2026-08-24T22:22:29.471258+00:00,False,+16.9%,True,$752.4M,False,+-187.0%,True,797.3K,False,$15.96 / SMA $16.18,True,5.87%,False,+-13.5%,True,36.2M,True,NCM,False,
HOCPF,HOYA Corporation,175.38,2026-08-24T22:16:00.757246+00:00,False,+38.3%,True,$58668.2M,,,False,0.1K,True,$175.38 / SMA $160.63,False,0.00%,,,False,334.6M,False,PNK,False,
HOCPY,HOYA Corporation,156.1,2026-08-24T22:16:00.781840+00:00,False,+20.7%,True,$52218.7M,,,False,37.4K,False,$156.10 / SMA $159.55,False,1.32%,,,False,334.6M,False,PNK,False,
HOEGF,Höegh Autoliners ASA,18.1,2026-08-24T22:29:12.784429+00:00,True,+117.4%,True,$3452.9M,False,+-25.0%,False,3.2K,True,$18.10 / SMA $16.63,False,1.52%,False,+2.2%,True,121.0M,False,PNK,False,
HOG,"Harley-Davidson, Inc.",28.29,2026-08-24T22:20:25.516987+00:00,False,+65.5%,True,$2944.2M,False,+-14.8%,True,2570.7K,True,$28.29 / SMA $25.97,True,3.77%,False,+-5.9%,True,102.9M,True,NYQ,False,
HOMB,"Home BancShares, Inc.",30.06,2026-08-24T22:27:30.488713+00:00,False,+17.9%,True,$6013.5M,False,+-1.7%,True,1789.5K,True,$30.06 / SMA $29.66,False,1.49%,False,+9.3%,False,187.5M,True,NYQ,False,
HON,Honeywell International Inc.,214.77,2026-08-24T22:26:58.731588+00:00,False,+9.7%,True,$68069.2M,True,+263.9%,True,4419.2K,False,$214.77 / SMA $232.76,False,2.48%,False,+4.3%,False,297.7M,True,NMS,False,
HOOD,"Robinhood Markets, Inc.",103.62,2026-08-24T22:15:58.471747+00:00,False,+63.1%,True,$93162.9M,True,+47.6%,True,26470.4K,True,$103.62 / SMA $100.54,True,5.45%,True,+32.3%,False,783.8M,True,NMS,False,
HPE,Hewlett Packard Enterprise Company,52.43,2026-08-24T22:16:02.248804+00:00,True,+164.3%,True,$69428.0M,True,+153.7%,True,26057.4K,True,$52.43 / SMA $49.15,True,5.71%,True,+40.0%,False,1317.8M,True,NYQ,False,
HPF,John Hancock Preferred Income Fund II,15.69,2026-08-24T22:34:21.276420+00:00,False,+4.1%,True,$339.7M,,N/A,False,30.7K,False,$15.69 / SMA $15.71,False,0.76%,,N/A,,N/A,True,NYQ,False,
HPGLY,Hapag-Lloyd Aktiengesellschaft,81.0,2026-08-24T22:16:15.869458+00:00,False,+28.0%,True,$28473.2M,False,+-149.8%,False,0.9K,True,$81.00 / SMA $70.23,False,0.68%,False,+-16.8%,True,12.7M,False,PNK,False,
HPHTF,Hamamatsu Photonics K.K.,14.85,2026-08-24T22:18:25.919472+00:00,False,+62.3%,True,$4287.7M,,,False,0.4K,False,$14.85 / SMA $15.30,False,0.00%,,,False,280.0M,False,PNK,False,
HPHTY,Hamamatsu Photonics K.K.,8.17,2026-08-24T22:18:26.205477+00:00,False,+65.7%,True,$4718.0M,,,False,0.1K,True,$8.17 / SMA $7.67,False,0.89%,,,False,560.0M,False,PNK,False,
HPK,"HighPeak Energy, Inc.",8.13,2026-08-24T22:22:25.000232+00:00,True,+111.2%,True,$1028.1M,False,+-492.3%,True,601.6K,True,$8.13 / SMA $7.31,True,6.95%,False,+-20.7%,True,21.8M,True,NGM,False,
HQH,Abrdn Healthcare Investors,23.39,2026-08-24T22:22:21.563184+00:00,False,+45.3%,True,$1337.7M,,,False,225.1K,True,$23.39 / SMA $21.88,False,1.92%,,,,,True,NYQ,False,
HR,Healthcare Realty Trust Incorporated,19.32,2026-08-24T22:16:46.363691+00:00,False,+18.5%,True,$6776.5M,True,+71.1%,True,3933.3K,False,$19.32 / SMA $20.21,False,1.78%,False,+-5.3%,False,340.4M,True,NYQ,False,
HRI,Herc Holdings Inc.,158.0,2026-08-24T22:29:06.724627+00:00,True,+78.6%,True,$5282.2M,True,+148.7%,True,530.9K,True,$158.00 / SMA $154.10,True,5.11%,True,+26.3%,True,30.6M,True,NYQ,True,
HRIBF,"HORIBA, Ltd.",162.47,2026-08-24T22:18:20.691507+00:00,True,+119.6%,True,$6827.2M,,,False,0.0K,True,$162.47 / SMA $128.41,False,0.00%,,,True,34.4M,False,PNK,False,
HRNNF,Hydro One Limited,41.01,2026-08-24T22:27:10.300711+00:00,False,+13.3%,True,$24609.9M,False,+8.3%,False,59.5K,False,$41.01 / SMA $41.03,False,0.49%,False,+10.0%,False,600.1M,False,PNK,False,
HRTG,"Heritage Insurance Holdings, Inc.",34.59,2026-08-24T22:34:11.607066+00:00,False,+68.9%,True,$1028.4M,True,+32.3%,False,386.6K,True,$34.59 / SMA $28.53,True,4.07%,False,+3.0%,True,22.1M,True,NYQ,False,
HRZRF,Horizon Robotics,0.5918,2026-08-24T22:16:33.456797+00:00,False,+16.0%,,,,,False,13.1K,False,$0.59 / SMA_short $0.63,False,2.89%,,,False,9823.1M,False,PNK,False,
HSAI,Hesai Group,18.15,2026-08-24T22:20:17.421980+00:00,False,+27.0%,True,$22817.0M,True,+184.6%,True,1816.1K,True,$18.15 / SMA $16.90,True,4.41%,True,+29.6%,True,126.3M,True,NMS,False,
HSBC,HSBC Holdings plc,104.09,2026-08-24T22:26:56.940969+00:00,False,+63.8%,True,$356801.2M,False,+2.6%,True,1441.1K,True,$104.09 / SMA $99.19,False,1.17%,False,+7.8%,False,13583.0M,True,NYQ,False,
HSHCY,"Haier Smart Home Co., Ltd.",10.87,2026-08-24T22:16:13.004869+00:00,False,+12.2%,True,$25483.7M,False,+-15.3%,False,94.8K,True,$10.87 / SMA $10.29,False,0.79%,False,+-6.9%,False,1388.6M,False,PNK,False,
HSIC,"Henry Schein, Inc.",89.51,2026-08-24T22:16:41.413318+00:00,False,+44.5%,True,$10196.7M,False,+17.1%,True,1354.2K,True,$89.51 / SMA $85.82,False,2.37%,False,+6.7%,True,91.4M,True,NMS,False,
HSY,The Hershey Company,189.94,2026-08-24T22:16:05.772606+00:00,False,+17.7%,True,$38163.8M,True,+629.0%,True,1897.6K,True,$189.94 / SMA $177.53,False,2.17%,False,+6.6%,True,144.6M,True,NYQ,False,
HSYDF,Harmonic Drive Systems Inc.,35.73,2026-08-24T22:29:06.996057+00:00,True,+138.2%,True,$3382.4M,,N/A,False,4.8K,False,$35.73 / SMA $43.61,True,6.85%,,N/A,True,54.6M,False,PNK,False,
HTCMY,"Hitachi Construction Machinery Co., Ltd.",77.9,2026-08-24T22:18:23.168053+00:00,False,+39.3%,True,$8286.1M,,,False,0.0K,True,$77.90 / SMA $66.06,False,0.00%,,,True,60.1M,False,PNK,False,
HTD,John Hancock Tax-Advantaged Dividend Income Fund,25.15,2026-08-24T22:22:27.778807+00:00,False,+8.6%,True,$891.1M,,,False,65.8K,False,$25.15 / SMA $25.40,False,1.39%,,,,,True,NYQ,False,
HTHIY,"Hitachi, Ltd.",33.09,2026-08-24T22:15:52.209038+00:00,False,+32.4%,True,$148115.5M,,,True,620.1K,True,$33.09 / SMA $31.22,False,2.39%,,,False,4404.4M,False,PNK,False,
HTSUY,"Hisamitsu Pharmaceutical Co., Inc.",2.94,2026-08-24T22:30:55.857417+00:00,False,+0.0%,,N/A,,N/A,False,0.0K,False,$2.94 / SMA $2.94,False,0.00%,,N/A,False,281.6M,False,PNK,False,
HTWSF,Helios Towers plc,2.88,2026-08-24T22:29:10.412245+00:00,False,+64.6%,True,$2926.4M,,N/A,False,7.3K,True,$2.88 / SMA $2.76,False,0.46%,,N/A,False,966.2M,False,PNK,False,
HTZ,"Hertz Global Holdings, Inc.",2.19,2026-08-24T22:22:10.284038+00:00,False,+51.0%,True,$780.6M,True,+105.3%,True,30906.9K,False,$2.19 / SMA $2.48,True,13.90%,False,+9.7%,False,170.0M,True,NMS,False,
HUBS,"HubSpot, Inc.",244.17,2026-08-24T22:16:35.362697+00:00,False,+43.9%,True,$12175.8M,True,+1533.3%,True,1949.0K,True,$244.17 / SMA $209.57,True,6.98%,False,+19.8%,True,48.0M,True,NYQ,False,
HUN,Huntsman Corporation,9.6,2026-08-24T22:29:14.626971+00:00,False,+31.5%,True,$1683.6M,True,+96.7%,True,5187.2K,False,$9.60 / SMA $11.33,True,4.67%,False,+14.1%,False,164.4M,True,NYQ,False,
HUNGF,"Huaneng Power International, Inc.",0.735,2026-08-24T22:16:23.860269+00:00,False,+5.3%,True,$11624.5M,,,False,1.3K,False,$0.73 / SMA $0.75,False,0.00%,False,+-7.2%,False,7436.3M,False,PNK,False,
HUYA,HUYA Inc.,2.15,2026-08-24T22:24:13.768068+00:00,False,+3.1%,True,$491.0M,,,True,917.8K,False,$2.15 / SMA $2.35,True,3.74%,False,+14.6%,True,77.9M,True,NYQ,False,
HVT,"Haverty Furniture Companies, Inc.",27.58,2026-08-24T22:34:20.416572+00:00,False,+38.7%,True,$443.9M,True,+100.0%,False,114.1K,True,$27.58 / SMA $26.06,True,3.32%,,N/A,True,14.4M,True,NYQ,False,
HWKN,"Hawkins, Inc.",117.75,2026-08-24T22:29:11.346027+00:00,False,+0.7%,True,$2458.0M,False,+-3.6%,False,159.2K,False,$117.75 / SMA $139.57,True,3.80%,False,+7.6%,True,9.7M,True,NMS,False,
HYLN,Hyliion Holdings Corp.,3.15,2026-08-24T22:22:23.172217+00:00,True,+101.9%,True,$562.6M,True,+30.0%,True,4654.8K,False,$3.15 / SMA $4.45,True,11.10%,True,+479.1%,True,125.5M,True,ASE,False,
HYMC,Hycroft Mining Holding Corporation,25.74,2026-08-24T22:20:20.117465+00:00,True,+544.3%,True,$2398.5M,True,+46.5%,True,2019.1K,True,$25.74 / SMA $23.26,True,6.58%,,,True,55.1M,True,NCM,True,
HYPMY,Hypera S.A.,4.11,2026-08-24T22:20:17.783311+00:00,False,+10.8%,True,$2893.4M,,,False,15.4K,True,$4.11 / SMA $4.08,False,2.13%,False,+8.5%,False,304.1M,False,OID,False,
HZO,"MarineMax, Inc.",52.13,2026-08-24T22:34:10.323972+00:00,True,+143.4%,True,$1151.4M,True,+127.3%,True,505.0K,True,$52.13 / SMA $38.82,False,2.40%,False,+-7.0%,True,21.4M,True,NYQ,False,
IACOU,Idea Acquisition Corp.,10.0501,2026-08-24T22:24:21.859306+00:00,False,+1.8%,,,,,False,9.3K,False,$10.05 / SMA $10.06,False,0.14%,,,True,32.7M,True,NGM,False,
IAUGF,Insurance Australia Group Limited,6.03,2026-08-24T22:27:17.811266+00:00,False,+18.7%,True,$14097.9M,,N/A,False,0.2K,True,$6.03 / SMA $5.67,False,0.00%,,N/A,False,2150.0M,False,PNK,False,
IBDRY,"Iberdrola, S.A.",93.61,2026-08-24T22:26:58.619224+00:00,False,+29.2%,True,$156168.2M,True,+32.2%,False,77.0K,False,$93.61 / SMA $95.84,False,0.86%,False,+-16.9%,False,1553.8M,False,OID,False,
IBIDY,"Ibiden Co.,Ltd.",30.75,2026-08-24T22:27:06.957503+00:00,True,+429.0%,True,$34574.8M,,N/A,False,40.5K,False,$30.75 / SMA $31.70,True,10.26%,,N/A,False,1042.3M,False,PNK,False,
IBM,International Business Machines Corporation,231.04,2026-08-24T22:26:57.527662+00:00,False,+16.0%,True,$217670.7M,False,+-1.7%,True,10703.9K,False,$231.04 / SMA $245.09,False,2.81%,False,+1.1%,False,940.2M,True,NYQ,False,
IBN,ICICI Bank Limited,29.64,2026-08-24T22:15:55.076083+00:00,False,+18.2%,True,$106308.0M,False,+13.8%,True,6655.0K,True,$29.64 / SMA $29.26,False,1.23%,False,+7.7%,False,3572.3M,True,NYQ,False,
ICAGY,International Consolidated Airlines Group S.A.,11.72,2026-08-24T22:27:11.003911+00:00,False,+28.8%,True,$25704.5M,,N/A,False,61.9K,False,$11.72 / SMA $12.02,False,1.35%,False,+0.2%,False,1531.0M,False,PNK,False,
ICE,"Intercontinental Exchange, Inc.",162.99,2026-08-24T22:15:56.085103+00:00,False,+33.8%,True,$91501.7M,,,True,4595.4K,True,$162.99 / SMA $143.09,False,2.38%,False,+10.7%,False,557.5M,True,NYQ,False,
ICHGF,InterContinental Hotels Group PLC,173.5,2026-08-24T22:16:16.293016+00:00,False,+49.4%,True,$25594.8M,,,False,0.2K,True,$173.50 / SMA $162.66,False,0.00%,,,True,139.7M,False,PNK,False,
ICHR,"Ichor Holdings, Ltd.",56.91,2026-08-24T22:29:15.439298+00:00,True,+304.8%,True,$2131.5M,True,+110.7%,True,1128.8K,False,$56.91 / SMA $82.86,True,8.52%,False,+22.7%,True,36.7M,True,NMS,False,
ICLR,ICON Public Limited Company,173.48,2026-08-24T22:27:23.082014+00:00,True,+160.6%,True,$13384.7M,False,+-63.3%,True,965.4K,True,$173.48 / SMA $164.74,True,4.51%,False,+1.2%,True,77.1M,True,NMS,False,
ICTEF,"International Container Terminal Services, Inc.",16.64,2026-08-24T22:16:12.165458+00:00,True,+109.6%,True,$33600.2M,True,+25.9%,False,4.5K,True,$16.64 / SMA $15.97,True,4.62%,True,+26.6%,False,505.4M,False,PNK,False,
IDCBF,Industrial and Commercial Bank of China Limited,0.96,2026-08-24T22:26:56.955831+00:00,False,+39.1%,True,$447694.0M,,N/A,False,39.1K,True,$0.96 / SMA $0.89,False,0.40%,False,+17.5%,False,209680.9M,False,PNK,False,
IDCBY,Industrial and Commercial Bank of China Limited,19.05,2026-08-24T22:15:49.303492+00:00,False,+36.9%,True,$443507.3M,,,False,52.0K,True,$19.05 / SMA $17.92,False,1.15%,False,+17.5%,False,10484.0M,False,PNK,False,
IDCC,"InterDigital, Inc.",341.09,2026-08-24T22:27:27.150573+00:00,False,+36.9%,True,$8802.2M,False,+-36.4%,False,324.0K,True,$341.09 / SMA $294.72,True,3.89%,False,+-13.4%,True,25.3M,True,NMS,False,
IDYA,"IDEAYA Biosciences, Inc.",40.04,2026-08-24T22:29:14.572066+00:00,True,+72.4%,True,$3863.4M,False,+-38.6%,True,1091.8K,True,$40.04 / SMA $36.14,True,3.46%,,N/A,True,90.6M,True,NMS,False,
IE,Ivanhoe Electric Inc.,11.26,2026-08-24T22:20:33.615359+00:00,False,+43.3%,True,$1797.0M,False,+11.1%,True,2215.7K,True,$11.26 / SMA $9.86,True,5.51%,False,+-32.2%,True,127.2M,True,ASE,False,
IESC,"IES Holdings, Inc.",324.12,2026-08-24T22:27:17.598086+00:00,True,+94.5%,True,$12915.8M,,N/A,False,492.2K,False,$324.12 / SMA_short $680.10,True,6.21%,True,+39.6%,True,18.6M,True,NGM,False,
IESFY,Interconexión Eléctrica S.A. E.S.P.,226.11,2026-08-24T22:27:23.857519+00:00,True,+102.0%,True,$10267.3M,False,+-19.7%,False,0.1K,True,$226.11 / SMA $223.73,False,1.71%,False,+-3.8%,True,44.3M,False,OQX,False,
IEX,IDEX Corporation,233.69,2026-08-24T22:27:15.871604+00:00,False,+47.7%,True,$17227.6M,False,+10.9%,True,706.1K,True,$233.69 / SMA $227.70,False,2.43%,False,+6.4%,True,73.5M,True,NYQ,False,
IFF,International Flavors & Fragrances Inc.,85.81,2026-08-24T22:27:13.432667+00:00,False,+45.1%,True,$21907.6M,False,+-91.4%,True,1921.6K,True,$85.81 / SMA $79.62,False,2.58%,False,+1.8%,False,254.4M,True,NYQ,False,
IFN,"Aberdeen India Fund, Inc.",11.42,2026-08-24T22:34:16.184670+00:00,False,+6.5%,True,$487.1M,,N/A,False,148.7K,False,$11.42 / SMA $11.62,False,0.91%,,N/A,,N/A,True,NYQ,False,
IFNNY,Infineon Technologies AG,63.33,2026-08-24T22:26:59.945287+00:00,True,+76.5%,True,$82297.3M,True,+39.1%,False,495.2K,False,$63.33 / SMA $78.23,False,2.99%,False,+12.6%,False,1304.0M,False,OQX,False,
IFUUF,Infratil Limited,9.65,2026-08-24T22:27:22.855993+00:00,True,+78.7%,True,$9643.4M,,N/A,False,0.6K,True,$9.65 / SMA $9.20,False,0.10%,,N/A,False,939.4M,False,PNK,False,
IGD,Voya Global Equity Dividend and Premium Opportunity Fund,6.55,2026-08-24T22:34:15.861490+00:00,False,+17.4%,True,$516.6M,,N/A,False,296.8K,True,$6.55 / SMA $6.33,False,0.94%,,N/A,,N/A,True,NYQ,False,
IGIC,International General Insurance Holdings Ltd.,26.56,2026-08-24T22:30:58.331552+00:00,False,+27.6%,True,$1127.9M,False,+-36.7%,False,93.0K,False,$26.56 / SMA $26.98,True,3.03%,False,+-0.1%,True,15.1M,True,NCM,False,
IIDDY,IGO Limited,10.18,2026-08-24T22:27:31.695245+00:00,False,+66.6%,True,$3854.5M,,N/A,False,0.0K,False,$10.18 / SMA $10.61,False,0.00%,,N/A,False,335.5M,False,PNK,False,
IIIV,"i3 Verticals, Inc.",16.77,2026-08-24T22:34:14.117622+00:00,False,+7.7%,True,$442.8M,False,+-64.0%,False,449.9K,False,$16.77 / SMA $19.84,True,5.50%,,N/A,True,4.5M,True,NMS,False,
IKTSY,Intertek Group plc,79.76,2026-08-24T22:27:19.918481+00:00,False,+68.4%,True,$12263.0M,,N/A,False,6.1K,True,$79.76 / SMA $77.93,False,0.21%,,N/A,False,151.0M,False,PNK,False,
ILKAY,Iluka Resources Limited,24.53,2026-08-24T22:20:25.853571+00:00,False,+44.3%,True,$2115.4M,,,False,1.6K,True,$24.53 / SMA $23.75,True,3.28%,,,True,82.7M,False,PNK,False,
ILLU,Illumination Acquisition Corp I,9.97,2026-08-24T22:25:58.733408+00:00,False,+1.5%,True,$312.0M,,,False,6.6K,True,$9.97 / SMA $9.93,False,0.00%,,,,,True,NGM,False,
ILLUU,Illumination Acquisition Corp I,10.27,2026-08-24T22:34:19.361223+00:00,False,+3.7%,,N/A,,N/A,False,1.4K,True,$10.27 / SMA $10.06,False,0.00%,,N/A,,N/A,True,NGM,False,
IMAX,IMAX Corporation,54.79,2026-08-24T22:20:29.458472+00:00,True,+102.9%,True,$3004.8M,True,+35.0%,True,1271.8K,True,$54.79 / SMA $44.92,True,4.08%,False,+12.2%,True,41.8M,True,NYQ,False,
IMBBF,Imperial Brands PLC,34.55,2026-08-24T22:27:08.586408+00:00,False,+5.8%,True,$26217.1M,,N/A,False,7.3K,False,$34.55 / SMA $36.12,True,4.44%,,N/A,False,759.9M,False,OQX,False,
IMNM,"Immunome, Inc.",28.01,2026-08-24T22:20:26.516377+00:00,True,+223.3%,True,$3181.3M,False,+7.7%,True,1393.5K,True,$28.01 / SMA $23.27,True,5.67%,False,+-100.0%,True,108.7M,True,NCM,False,
IMPJY,Webuild S.p.A.,5.79,2026-08-24T22:29:13.135006+00:00,False,+18.8%,True,$2862.6M,,N/A,False,0.3K,True,$5.79 / SMA $5.23,False,0.72%,,N/A,False,225.5M,False,PNK,False,
IMPUF,Impala Platinum Holdings Limited,14.2,2026-08-24T22:16:30.849345+00:00,True,+73.6%,True,$12753.9M,,,False,0.3K,True,$14.20 / SMA $11.04,False,0.36%,,,False,743.6M,False,OQX,False,
INDV,"Indivior Pharmaceuticals, Inc.",36.18,2026-08-24T22:18:32.181605+00:00,False,+62.8%,True,$4269.7M,,,True,2030.5K,False,$36.18 / SMA $39.52,True,4.08%,False,+13.6%,True,116.0M,True,NMS,False,
INGR,Ingredion Incorporated,106.13,2026-08-24T22:27:27.687797+00:00,False,+12.4%,True,$6693.0M,False,+-40.5%,True,828.2K,True,$106.13 / SMA $100.86,False,1.95%,False,+0.9%,True,62.6M,True,NYQ,False,
INNV,InnovAge Holding Corp.,11.02,2026-08-24T22:22:25.332358+00:00,True,+211.7%,True,$1495.8M,False,+-175.0%,False,336.6K,True,$11.02 / SMA $10.95,True,5.16%,False,+15.5%,True,21.3M,True,NMS,False,
INOD,Innodata Inc.,57.13,2026-08-24T22:29:11.586734+00:00,False,+66.9%,True,$1964.3M,True,+105.0%,True,1435.9K,False,$57.13 / SMA $69.82,True,7.88%,True,+57.8%,True,33.1M,True,NGM,False,
INRE,"Inland Real Estate Income Trust, Inc.",10.6,2026-08-24T22:25:59.972425+00:00,True,+2649900.0%,True,$382.8M,,,False,1.5K,True,$10.60 / SMA_short $10.42,,,,,,,False,PNK,False,
INRLF,Valneva SE,2.77,2026-08-24T22:34:15.903515+00:00,False,+14.0%,True,$525.3M,False,+-200.0%,False,0.0K,True,$2.77 / SMA $2.66,False,0.00%,False,+-37.2%,False,157.3M,False,PNK,False,
INV,"Innventure, Inc.",1.37,2026-08-24T22:24:14.468055+00:00,False,+8.7%,False,$115.9M,True,+91.3%,True,3040.1K,False,$1.37 / SMA $3.90,True,11.98%,True,+544.2%,True,68.3M,True,NGM,False,
INVH,Invitation Homes Inc.,30.46,2026-08-24T22:27:14.360557+00:00,False,+25.6%,True,$18094.5M,True,+60.9%,True,4922.3K,True,$30.46 / SMA $29.83,False,1.56%,False,+9.7%,False,536.8M,True,NYQ,False,
IPFX,Inflection Point Acquisition Corp. VI,10.11,2026-08-24T22:34:21.637650+00:00,False,+1.6%,True,$341.0M,,N/A,False,220.5K,False,$10.11 / SMA $10.23,False,0.30%,,N/A,True,19.8M,True,NGM,False,
IPGLF,Interpump Group S.p.A.,51.0,2026-08-24T22:18:38.238647+00:00,False,+36.9%,True,$5359.8M,False,+8.0%,False,0.0K,True,$51.00 / SMA $51.00,False,0.00%,False,+1.1%,True,48.9M,False,PNK,False,
IPGP,IPG Photonics Corporation,70.74,2026-08-24T22:18:29.453063+00:00,False,+1.9%,True,$3002.5M,False,+-25.0%,False,466.1K,False,$70.74 / SMA $97.58,True,6.06%,False,+11.1%,True,26.2M,True,NMS,False,
IPI,"Intrepid Potash, Inc.",37.89,2026-08-24T22:24:15.992552+00:00,False,+68.0%,True,$509.9M,True,+368.0%,False,210.0K,True,$37.89 / SMA $35.04,True,4.53%,False,+-1.3%,True,10.6M,True,NYQ,False,
IPSC,"Century Therapeutics, Inc.",2.12,2026-08-24T22:24:24.288750+00:00,True,+387.4%,True,$383.9M,False,+-112.4%,True,1215.0K,False,$2.12 / SMA $2.17,True,5.51%,False,+-100.0%,True,97.3M,True,NCM,False,
IPXHY,Inpex Corporation,24.32,2026-08-24T22:16:11.294515+00:00,False,+48.7%,True,$28265.2M,,,False,84.9K,True,$24.32 / SMA $21.96,False,2.10%,,,False,858.4M,False,PNK,False,
IPZYF,IP Group Plc,0.9054,2026-08-24T22:24:05.357875+00:00,False,+33.5%,True,$799.9M,,,False,0.1K,True,$0.91 / SMA $0.89,False,0.00%,,,False,865.8M,False,PNK,False,
IQI,Invesco Quality Municipal Income Trust,9.97,2026-08-24T22:24:17.287654+00:00,False,+7.7%,True,$527.3M,,,False,153.6K,False,$9.97 / SMA $10.00,False,1.00%,,,,,True,NYQ,False,
IRCUF,Irish Continental Group plc,9.1,2026-08-24T22:22:22.374417+00:00,False,+41.5%,True,$1350.7M,,,False,11.0K,True,$9.10 / SMA $7.88,False,0.09%,,,True,77.4M,False,PNK,False,
IRD,"Opus Genetics, Inc.",4.03,2026-08-24T22:34:21.136073+00:00,True,+256.6%,True,$335.3M,True,+33.3%,True,962.6K,True,$4.03 / SMA $3.75,True,7.24%,False,+-73.8%,True,65.2M,True,NCM,False,
IRDM,Iridium Communications Inc.,47.3,2026-08-24T22:27:31.107284+00:00,True,+202.2%,True,$5011.9M,False,+-55.0%,True,2277.3K,False,$47.30 / SMA $48.08,True,3.11%,False,+3.8%,True,86.8M,True,NMS,False,
IRLTF,Bally's Intralot S.A.,1.0,2026-08-24T22:30:50.503236+00:00,False,+0.0%,True,$1846.8M,True,+410.0%,False,0.0K,True,$1.00 / SMA $0.99,False,0.00%,True,+180.5%,False,1180.3M,False,PNK,False,
IRMD,IRADIMED CORPORATION,87.18,2026-08-24T22:22:19.906927+00:00,False,+28.5%,True,$1114.8M,False,+-8.9%,False,134.8K,False,$87.18 / SMA $92.95,True,3.24%,False,+0.3%,True,8.3M,True,NGM,False,
ISLMF,InSilico Medicine Cayman TopCo,5.33,2026-08-24T22:18:40.374965+00:00,False,+26.9%,,,,,False,78.3K,False,$5.33 / SMA $5.46,True,4.82%,,,False,486.5M,False,PNK,False,
ISOU,IsoEnergy Ltd.,11.76,2026-08-24T22:34:12.317879+00:00,False,+63.6%,True,$767.4M,False,+-175.0%,False,123.9K,True,$11.76 / SMA $10.21,True,5.84%,,N/A,True,42.6M,True,ASE,False,
ISRG,"Intuitive Surgical, Inc.",373.57,2026-08-24T22:26:58.449443+00:00,False,+13.7%,True,$133841.9M,True,+26.5%,True,3146.5K,False,$373.57 / SMA $387.51,False,2.97%,False,+18.5%,False,351.2M,True,NMS,False,
ISTR,Investar Holding Corporation,30.31,2026-08-24T22:24:25.214809+00:00,False,+41.4%,True,$417.6M,True,+32.6%,False,187.0K,True,$30.31 / SMA $29.87,False,1.83%,True,+64.1%,True,12.5M,True,NGM,False,
IT,"Gartner, Inc.",202.78,2026-08-24T22:27:20.418531+00:00,False,+63.2%,True,$12805.3M,True,+33.1%,True,1568.2K,True,$202.78 / SMA $153.22,True,6.03%,,N/A,True,56.5M,True,NYQ,False,
ITFS,Itafos Inc.,1.72,2026-08-24T22:26:00.036699+00:00,False,+12.4%,True,$335.0M,False,+-123.1%,False,40.8K,True,$1.72 / SMA $1.69,True,3.41%,False,+13.6%,True,66.5M,False,OQX,False,
ITGR,Integer Holdings Corporation,125.07,2026-08-24T22:20:19.162709+00:00,True,+101.7%,True,$4246.7M,False,+-33.7%,True,881.6K,True,$125.07 / SMA $104.75,False,1.96%,,,True,33.5M,True,NYQ,False,
ITRI,"Itron, Inc.",98.69,2026-08-24T22:18:40.208993+00:00,False,+26.9%,True,$4321.3M,False,+-19.0%,True,802.1K,True,$98.69 / SMA $90.78,True,3.94%,,,True,43.0M,True,NMS,False,
ITRN,Ituran Location and Control Ltd.,50.62,2026-08-24T22:22:19.538014+00:00,False,+54.8%,True,$1002.7M,False,+16.4%,False,162.7K,False,$50.62 / SMA $56.79,True,3.49%,False,+18.8%,True,15.6M,True,NMS,False,
ITUB,Itaú Unibanco Holding S.A.,7.52,2026-08-24T22:27:00.872818+00:00,False,+14.9%,True,$82884.5M,False,+8.1%,True,21299.6K,False,$7.52 / SMA $8.03,False,2.62%,False,+14.6%,False,5850.1M,True,NYQ,False,
ITVPY,ITV plc,9.64,2026-08-24T22:29:07.904151+00:00,False,+11.2%,True,$3567.1M,,N/A,False,15.9K,False,$9.64 / SMA $10.23,False,2.94%,,N/A,False,367.6M,False,PNK,False,
ITW,Illinois Tool Works Inc.,283.95,2026-08-24T22:27:01.848674+00:00,False,+18.9%,True,$80869.0M,False,+10.1%,True,1389.0K,True,$283.95 / SMA $277.64,False,2.05%,False,+6.1%,False,257.7M,True,NYQ,False,
IVR,Invesco Mortgage Capital Inc.,7.48,2026-08-24T22:34:10.940665+00:00,False,+5.4%,True,$805.2M,True,+185.0%,True,2581.2K,False,$7.48 / SMA $7.64,False,1.62%,True,+319.2%,True,107.4M,True,NYQ,False,
IVSXF,Investor AB (publ),43.5,2026-08-24T22:15:53.355908+00:00,False,+46.8%,True,$133263.6M,True,+469.7%,False,0.4K,True,$43.50 / SMA $40.73,False,0.16%,True,+856.6%,False,2441.5M,False,PNK,False,
IVT,InvenTrust Properties Corp.,32.82,2026-08-24T22:20:24.689789+00:00,False,+22.4%,True,$2559.3M,False,+-98.4%,True,986.6K,False,$32.82 / SMA $34.80,False,1.92%,False,+12.6%,True,77.3M,True,NYQ,False,
J,Jacobs Solutions Inc.,151.61,2026-08-24T22:27:17.340633+00:00,False,+43.5%,True,$17902.2M,False,+-25.8%,True,1086.3K,True,$151.61 / SMA $133.44,False,2.72%,True,+34.5%,True,115.6M,True,NYQ,False,
JAPAY,Japan Tobacco Inc.,21.61,2026-08-24T22:15:58.323976+00:00,False,+38.9%,True,$76731.0M,,,False,78.5K,True,$21.61 / SMA $20.14,False,1.23%,,,False,2193.3M,False,PNK,False,
JAZZ,Jazz Pharmaceuticals plc,254.47,2026-08-24T22:16:25.404736+00:00,True,+107.7%,True,$16518.8M,True,+123.7%,True,825.8K,True,$254.47 / SMA $245.12,False,2.80%,False,+15.5%,True,62.9M,True,NMS,False,
JBARF,Julius Bär Gruppe AG,93.98,2026-08-24T22:16:23.583461+00:00,False,+45.3%,True,$19337.7M,,,False,1.4K,True,$93.98 / SMA $89.29,False,0.51%,,,False,205.0M,False,PNK,False,
JBFCY,Jollibee Foods Corporation,10.5,2026-08-24T22:29:14.953463+00:00,False,+28.8%,True,$2941.8M,False,+-40.3%,False,3.7K,True,$10.50 / SMA $9.52,True,3.06%,False,+9.0%,True,110.1M,False,PNK,False,
JBGS,JBG SMITH Properties,12.5,2026-08-24T22:34:09.096362+00:00,False,+16.1%,True,$965.4M,True,+42.9%,True,660.6K,False,$12.50 / SMA $13.59,True,4.22%,False,+5.7%,True,54.1M,True,NYQ,False,
JBI,"Janus International Group, Inc.",5.1,2026-08-24T22:34:11.199567+00:00,False,+19.7%,True,$695.8M,False,+-100.0%,True,1642.8K,False,$5.10 / SMA $5.30,True,3.95%,False,+5.8%,True,129.9M,True,NYQ,False,
JBIO,"Jade Biosciences, Inc.",21.33,2026-08-24T22:22:22.172123+00:00,True,+208.7%,True,$1356.5M,True,+51.9%,True,1142.8K,True,$21.33 / SMA $20.90,True,7.25%,,,True,52.0M,True,NCM,True,
JBLU,JetBlue Airways Corporation,4.95,2026-08-24T22:20:33.675240+00:00,False,+27.9%,True,$1867.7M,False,+-214.3%,True,30579.0K,False,$4.95 / SMA $5.60,True,5.25%,False,+14.5%,False,337.9M,True,NMS,False,
JBSS,"John B. Sanfilippo & Son, Inc.",75.49,2026-08-24T22:22:27.819994+00:00,False,+27.8%,True,$882.4M,False,+-16.9%,False,135.4K,False,$75.49 / SMA $81.44,True,3.19%,False,+8.0%,True,8.9M,True,NMS,False,
JCAP,"Jefferson Capital, Inc.",22.11,2026-08-24T22:22:26.026114+00:00,False,+42.6%,True,$1269.7M,False,+-44.7%,False,362.2K,True,$22.11 / SMA $19.75,True,3.37%,False,+13.9%,True,16.8M,True,NMS,False,
JD,"JD.com, Inc.",29.2,2026-08-24T22:27:05.697993+00:00,False,+19.1%,True,$39434.6M,False,+-50.7%,True,8587.8K,False,$29.20 / SMA $29.26,False,2.13%,False,+4.9%,False,1196.7M,True,NMS,False,
JDCMF,"JD.com, Inc.",16.25,2026-08-24T22:27:05.710319+00:00,False,+30.0%,True,$44389.2M,False,+-50.7%,False,0.4K,True,$16.25 / SMA $14.51,False,1.26%,False,+4.9%,False,2393.4M,False,PNK,False,
JDSPY,JD Sports Fashion Plc,1.25,2026-08-24T22:27:31.431077+00:00,False,+49.0%,True,$5967.7M,,N/A,False,6.8K,True,$1.25 / SMA $1.14,False,1.71%,,N/A,False,2154.4M,False,OQX,False,
JELCF,Johnson Electric Holdings Limited,3.12,2026-08-24T22:29:11.382363+00:00,False,+15.6%,True,$2891.4M,,N/A,False,0.0K,False,$3.12 / SMA $3.39,False,0.00%,,N/A,False,291.1M,False,PNK,False,
JGCCY,JGC Holdings Corporation,29.97,2026-08-24T22:18:36.998616+00:00,False,+65.4%,True,$3627.5M,,,False,0.1K,True,$29.97 / SMA $29.61,False,0.01%,,,True,110.6M,False,PNK,False,
JGHAF,Jungheinrich Aktiengesellschaft,33.84,2026-08-24T22:20:20.704034+00:00,False,+0.0%,True,$3451.7M,,,False,0.0K,False,$33.84 / SMA $33.84,False,0.00%,,,True,47.7M,False,PNK,False,
JINFF,China Gold International Resources Corp. Ltd.,32.48,2026-08-24T22:27:25.124852+00:00,True,+182.4%,True,$12875.5M,True,+175.2%,False,7.9K,True,$32.48 / SMA $21.46,False,2.83%,True,+66.0%,False,237.8M,False,PNK,False,
JJSF,J&J Snack Foods Corp.,89.86,2026-08-24T22:22:15.220387+00:00,False,+30.5%,True,$1678.7M,False,+-16.8%,False,244.6K,True,$89.86 / SMA $79.90,True,3.13%,False,+-6.2%,True,14.8M,True,NMS,False,
JOUT,Johnson Outdoors Inc.,46.87,2026-08-24T22:24:20.938724+00:00,False,+31.5%,True,$491.2M,True,+90.2%,False,57.4K,True,$46.87 / SMA $46.22,True,3.29%,False,+5.0%,True,5.8M,True,NMS,False,
JPC,Nuveen Preferred & Income Opportunities Fund,7.5,2026-08-24T22:20:22.036115+00:00,False,+3.9%,True,$2814.2M,,,True,912.5K,False,$7.50 / SMA $7.67,False,0.92%,,,,,True,NYQ,False,
JPDYY,Japan Display Inc.,3.77,2026-08-24T22:30:50.992261+00:00,True,+219.5%,True,$1608.1M,,N/A,False,0.0K,False,$3.77 / SMA $3.77,False,0.00%,,N/A,True,106.8M,False,PNK,False,
JPNPY,"Japan Post Insurance Co., Ltd.",10.13,2026-08-24T22:16:34.820098+00:00,False,+9.5%,True,$10977.6M,,,False,0.0K,True,$10.13 / SMA $9.83,False,0.00%,,,False,517.5M,False,PNK,False,
JPPHY,"Japan Post Holdings Co., Ltd.",14.67,2026-08-24T22:16:06.469910+00:00,False,+65.2%,True,$41168.7M,,,False,1.5K,True,$14.67 / SMA $14.57,True,5.66%,,,False,1572.4M,False,PNK,False,
JPPTY,"JAPAN POST BANK Co., Ltd.",19.75,2026-08-24T22:15:58.087853+00:00,True,+108.8%,True,$70349.2M,,,False,84.9K,False,$19.75 / SMA $19.94,True,3.00%,,,False,1777.7M,False,PNK,False,
JPSWY,"The Japan Steel Works, Ltd.",21.95,2026-08-24T22:29:09.545036+00:00,False,+1.8%,True,$3231.5M,,N/A,False,0.1K,False,$21.95 / SMA $24.19,False,2.97%,,N/A,True,145.0M,False,PNK,False,
JREIF,Japan Real Estate Investment Corporation,769.2,2026-08-24T22:27:31.155148+00:00,False,+16.8%,True,$5602.5M,,N/A,False,0.0K,True,$769.20 / SMA $718.54,False,0.00%,,N/A,True,1.4M,False,PNK,False,
JRI,Nuveen Real Asset Income and Growth Fund,12.37,2026-08-24T22:26:02.797283+00:00,False,+6.0%,True,$339.5M,,,False,133.8K,False,$12.37 / SMA $12.62,False,1.19%,,,,,True,NYQ,False,
JSGRY,LIXIL Corporation,21.0,2026-08-24T22:29:12.294955+00:00,False,+13.0%,True,$3019.7M,,N/A,False,0.3K,False,$21.00 / SMA $22.06,False,0.49%,,N/A,True,126.9M,False,PNK,False,
JTCPF,JTC PLC,18.0,2026-08-24T22:29:11.993177+00:00,False,+42.1%,True,$3101.4M,,N/A,False,0.4K,True,$18.00 / SMA $17.44,False,0.00%,,N/A,True,129.9M,False,PNK,False,
JVTSF,Juventus Football Club S.p.A.,2.41,2026-08-24T22:30:59.767449+00:00,False,+7.1%,True,$1005.1M,,N/A,False,0.6K,True,$2.41 / SMA $2.41,False,0.42%,,N/A,False,417.0M,False,PNK,False,
JWLLF,Jamieson Wellness Inc.,33.13,2026-08-24T22:30:59.074337+00:00,False,+38.7%,True,$1374.6M,True,+800.0%,False,3.1K,True,$33.13 / SMA $29.61,False,0.02%,True,+60.2%,True,41.1M,False,PNK,False,
JXHGF,"ENEOS Holdings, Inc.",8.02,2026-08-24T22:27:12.404208+00:00,False,+52.1%,True,$21351.2M,,N/A,False,0.1K,True,$8.02 / SMA $7.97,False,0.00%,,N/A,False,2639.2M,False,PNK,False,
JXHLY,"ENEOS Holdings, Inc.",16.02,2026-08-24T22:16:17.090714+00:00,False,+42.4%,True,$21324.6M,,,False,1.3K,True,$16.02 / SMA $15.95,False,0.54%,,,False,1319.6M,False,PNK,False,
KAEPF,"The Kansai Electric Power Company, Incorporated",14.9,2026-08-24T22:27:15.931132+00:00,False,+7.8%,True,$16599.4M,,N/A,False,0.5K,True,$14.90 / SMA $14.56,False,0.28%,,N/A,False,1000.4M,False,PNK,False,
KALU,Kaiser Aluminum Corporation,152.5,2026-08-24T22:29:13.185104+00:00,True,+108.7%,True,$2493.2M,True,+305.7%,False,276.7K,False,$152.50 / SMA $171.68,True,5.07%,True,+52.7%,True,16.0M,True,NMS,False,
KAOCF,Kao Corporation,20.85,2026-08-24T22:27:14.491306+00:00,False,+3.2%,True,$18864.2M,,N/A,False,0.3K,False,$20.85 / SMA $28.12,False,0.14%,,N/A,False,747.4M,False,PNK,False,
KBGGY,Kongsberg Gruppen ASA,16.54,2026-08-24T22:27:08.515572+00:00,False,+0.6%,True,$29097.5M,False,+-29.7%,False,34.5K,False,$16.54 / SMA_short $17.11,,N/A,True,+40.6%,False,821.9M,False,PNK,False,
KBONU,Karbon Capital Partners Corp.,10.3,2026-08-24T22:26:03.077984+00:00,False,+2.9%,,,,,False,11.6K,True,$10.30 / SMA $10.27,False,0.05%,,,True,29.2M,True,NGM,False,
KBR,"KBR, Inc.",37.69,2026-08-24T22:18:35.332252+00:00,False,+25.9%,True,$4751.5M,True,+33.9%,True,1760.1K,True,$37.69 / SMA $35.99,True,3.46%,False,+1.6%,True,124.4M,True,NYQ,False,
KD,"Kyndryl Holdings, Inc.",12.75,2026-08-24T22:29:13.492913+00:00,False,+26.2%,True,$2777.2M,False,+-208.7%,True,4342.3K,True,$12.75 / SMA $12.39,True,5.50%,False,+-3.3%,False,199.1M,True,NYQ,False,
KDDIF,KDDI Corporation,16.4,2026-08-24T22:15:58.982837+00:00,False,+15.7%,True,$60631.6M,,,False,0.5K,False,$16.40 / SMA $17.68,False,1.69%,,,False,2988.8M,False,PNK,False,
KEEL,Keel Infrastructure Corp.,3.25,2026-08-24T22:20:21.148772+00:00,True,+168.6%,True,$2007.1M,False,+-118.2%,True,46029.7K,False,$3.25 / SMA $4.51,True,11.66%,False,+-22.4%,False,589.8M,True,NGM,False,
KELTF,Kelt Exploration Ltd.,7.27,2026-08-24T22:30:54.265796+00:00,False,+67.1%,True,$1475.8M,True,+37.5%,False,51.2K,True,$7.27 / SMA $6.74,False,1.88%,True,+90.8%,True,131.7M,False,PNK,False,
KELYA,"Kelly Services, Inc.",16.79,2026-08-24T22:24:25.253138+00:00,True,+110.4%,True,$583.1M,False,+-40.4%,False,395.2K,True,$16.79 / SMA $14.28,True,4.13%,False,+-5.8%,True,29.5M,True,NMS,False,
KGC,Kinross Gold Corporation,32.98,2026-08-24T22:16:08.517970+00:00,False,+68.1%,True,$39122.2M,True,+65.1%,True,8533.7K,True,$32.98 / SMA $25.36,True,3.49%,True,+29.5%,False,1179.6M,True,NYQ,False,
KGDEY,Kingdee International Software Group Company Limited,98.5,2026-08-24T22:29:10.113461+00:00,False,+36.8%,True,$3436.6M,,N/A,False,0.1K,True,$98.50 / SMA $93.36,False,1.71%,,N/A,True,28.1M,False,PNK,False,
KGHPF,KGHM Polska Miedz S.A.,76.22,2026-08-24T22:27:13.718868+00:00,True,+110.0%,True,$15244.0M,True,+969.7%,False,0.0K,False,$76.22 / SMA $83.10,False,0.00%,True,+32.8%,True,136.4M,False,PNK,False,
KKKUF,"Kakaku.com, Inc.",20.6,2026-08-24T22:18:35.338515+00:00,True,+84.8%,True,$4128.9M,,,False,0.5K,False,$20.60 / SMA $21.61,False,0.00%,,,True,82.3M,False,PNK,False,
KKPNF,Koninklijke KPN N.V.,4.74,2026-08-24T22:16:18.523621+00:00,False,+11.5%,True,$18176.6M,False,+0.0%,False,57.9K,False,$4.74 / SMA $4.82,True,7.87%,False,+0.5%,False,3768.2M,False,PNK,False,
KLAC,KLA Corporation,181.57,2026-08-24T22:15:49.993674+00:00,True,+118.2%,True,$237229.7M,False,+14.8%,True,12901.8K,False,$181.57 / SMA $218.66,True,5.10%,False,+15.2%,False,1303.4M,True,NMS,False,
KLBAY,Klabin S.A.,7.25,2026-08-24T22:29:08.233700+00:00,False,+14.4%,True,$22228.3M,False,+-52.0%,False,4.5K,True,$7.25 / SMA $6.85,False,1.01%,False,+-1.8%,False,615.3M,False,PNK,False,
KMB,Kimberly-Clark Corporation,111.37,2026-08-24T22:27:07.343966+00:00,False,+20.5%,True,$36968.2M,False,+-32.0%,True,4209.9K,True,$111.37 / SMA $108.82,False,2.51%,False,+0.6%,False,331.3M,True,NMS,False,
KMI,"Kinder Morgan, Inc.",31.0,2026-08-24T22:27:01.615977+00:00,False,+21.1%,True,$68969.6M,False,+21.9%,True,10042.4K,False,$31.00 / SMA $31.82,False,2.20%,False,+10.8%,False,1935.8M,True,NYQ,False,
KMT,Kennametal Inc.,29.3,2026-08-24T22:29:13.843310+00:00,False,+44.0%,True,$2233.2M,True,+939.3%,True,1335.9K,False,$29.30 / SMA $33.56,True,4.65%,,N/A,True,75.3M,True,NYQ,False,
KMTS,"Kestra Medical Technologies, Ltd.",26.91,2026-08-24T22:30:56.139857+00:00,True,+74.5%,True,$1577.0M,True,+69.7%,False,373.6K,True,$26.91 / SMA $24.39,True,5.69%,True,+66.2%,True,32.8M,True,NMS,False,
KMTUF,Komatsu Ltd.,46.95,2026-08-24T22:27:06.930632+00:00,False,+55.7%,True,$41718.8M,,N/A,False,9.1K,True,$46.95 / SMA $41.77,True,4.95%,,N/A,False,879.2M,False,PNK,False,
KNBWY,"Kirin Holdings Company, Limited",19.31,2026-08-24T22:27:17.119846+00:00,False,+37.8%,True,$15388.0M,,N/A,False,23.8K,True,$19.31 / SMA $18.09,False,1.88%,,N/A,False,768.9M,False,PNK,False,
KNCAY,"Konica Minolta, Inc.",7.35,2026-08-24T22:30:50.775857+00:00,False,+21.9%,True,$1816.1M,,N/A,False,0.0K,False,$7.35 / SMA $7.43,False,0.00%,,N/A,False,220.5M,False,PNK,False,
KNCRY,Konecranes Plc,8.0,2026-08-24T22:16:44.639254+00:00,True,+155.9%,True,$7604.6M,False,+-9.5%,False,0.2K,True,$8.00 / SMA $7.66,False,0.03%,False,+-3.1%,False,746.8M,False,PNK,False,
KNKZF,KWS SAAT SE & Co. KGaA,84.6,2026-08-24T22:29:13.477588+00:00,False,+13.1%,True,$2791.8M,True,+466.0%,False,0.0K,False,$84.60 / SMA $84.76,False,0.00%,True,+455.9%,True,10.1M,False,PNK,False,
KNRRY,Knorr-Bremse AG,30.08,2026-08-24T22:16:20.292041+00:00,False,+33.0%,True,$19395.6M,,,False,18.9K,True,$30.08 / SMA $29.49,False,1.32%,False,+9.4%,False,244.4M,False,PNK,False,
KNYJF,KONE Oyj,58.1,2026-08-24T22:16:10.585170+00:00,False,+10.2%,True,$30112.3M,False,+12.2%,False,0.5K,True,$58.10 / SMA $56.48,False,0.16%,False,+9.9%,False,367.0M,False,PNK,False,
KOD,Kodiak Sciences Inc.,37.22,2026-08-24T22:20:28.214293+00:00,True,+349.0%,True,$2339.3M,False,+13.8%,True,704.3K,False,$37.22 / SMA $39.83,True,7.15%,,,True,39.6M,True,NGM,False,
KOF,"Coca-Cola FEMSA, S.A.B. de C.V.",114.87,2026-08-24T22:18:26.523668+00:00,False,+43.2%,True,$24132.3M,False,+-85.4%,False,136.8K,True,$114.87 / SMA $106.77,False,2.40%,False,+4.7%,True,52.4M,True,NYQ,False,
KONMY,Konami Group Corporation,66.72,2026-08-24T22:27:14.762695+00:00,False,+23.8%,True,$18088.7M,True,+64.2%,False,0.1K,True,$66.72 / SMA $59.70,False,0.18%,True,+33.6%,False,191.0M,False,PNK,False,
KOPN,Kopin Corporation,4.74,2026-08-24T22:34:07.619040+00:00,True,+161.9%,True,$881.0M,False,+0.0%,True,5769.2K,True,$4.74 / SMA $4.24,True,8.20%,False,+-32.5%,False,170.6M,True,NCM,False,
KOS,Kosmos Energy Ltd.,2.86,2026-08-24T22:20:34.513576+00:00,True,+240.5%,True,$1703.1M,True,+272.2%,True,14555.5K,True,$2.86 / SMA $2.44,True,5.25%,True,+54.7%,False,574.2M,True,NYQ,False,
KOTMY,"Koito Manufacturing Co., Ltd.",16.97,2026-08-24T22:27:31.686005+00:00,False,+23.9%,True,$4369.6M,,N/A,False,0.3K,True,$16.97 / SMA $15.92,False,0.54%,,N/A,,N/A,False,PNK,False,
KOYNU,"CSLM Digital Asset Acquisition Corp III, Ltd",10.29,2026-08-24T22:26:08.275863+00:00,False,+2.9%,,,,,False,0.3K,False,$10.29 / SMA $10.29,False,0.02%,,,True,23.3M,True,NGM,False,
KOZAY,Turk Altin Isletmeleri A.S.,10.1,2026-08-24T22:29:12.259462+00:00,False,+68.3%,True,$3234.5M,True,+162.0%,False,0.0K,False,$10.10 / SMA $10.10,False,0.00%,True,+60.8%,True,32.0M,False,PNK,False,
KPELF,Keppel Ltd.,8.4,2026-08-24T22:27:16.511131+00:00,False,+34.4%,True,$15120.2M,,N/A,False,0.3K,False,$8.40 / SMA $8.55,False,0.00%,,N/A,False,1407.4M,False,PNK,False,
KPLUF,K+S Aktiengesellschaft,17.5,2026-08-24T22:20:16.402756+00:00,False,+34.2%,True,$3160.3M,False,+-283.3%,False,0.0K,True,$17.50 / SMA $16.67,False,0.24%,False,+10.0%,False,179.1M,False,OQX,False,
KRC,Kilroy Realty Corporation,36.88,2026-08-24T22:18:38.323688+00:00,False,+34.8%,True,$4331.3M,False,+-70.2%,True,1421.2K,False,$36.88 / SMA $38.02,False,2.73%,,,True,103.8M,True,NYQ,False,
KRNT,Kornit Digital Ltd.,16.475,2026-08-24T22:24:09.188930+00:00,False,+38.1%,True,$707.9M,False,+-72.7%,False,235.3K,True,$16.48 / SMA $16.11,True,4.24%,False,+4.5%,True,38.6M,True,NMS,False,
KRSP.U,KRSP.U,,2026-08-24T22:24:19.461999+00:00,False,,False,,False,,False,,False,,False,,False,,False,,False,Unknown,False,No price data available
KRUS,"Kura Sushi USA, Inc.",49.62,2026-08-24T22:24:09.729116+00:00,False,+16.4%,True,$602.9M,False,+-40.0%,False,336.8K,False,$49.62 / SMA $50.25,True,4.03%,False,+16.2%,True,7.0M,True,NGM,False,
KRYAF,Kerry Group plc,98.0,2026-08-24T22:16:27.766299+00:00,False,+29.6%,True,$15575.2M,,,False,0.1K,True,$98.00 / SMA $91.48,False,0.01%,,,False,158.6M,False,OID,False,
KSRYY,KOSE Holdings Corporation,7.34,2026-08-24T22:20:33.061831+00:00,False,+23.8%,True,$2082.7M,,,False,0.1K,True,$7.34 / SMA $6.67,False,0.07%,,,False,161.4M,False,PNK,False,
KTWIY,Kurita Water Industries Ltd.,100.0,2026-08-24T22:18:23.255540+00:00,True,+2693.3%,True,$5384.8M,,,False,0.3K,False,$100.00 / SMA $110.71,False,0.28%,,,True,52.9M,False,PNK,False,
KUASF,Kuaishou Technology,5.4008,2026-08-24T22:27:10.364421+00:00,False,+3.8%,True,$23367.5M,,N/A,False,0.4K,False,$5.40 / SMA $5.59,False,0.18%,,N/A,False,3075.9M,False,PNK,False,
KUBTF,Kubota Corporation,17.4,2026-08-24T22:27:11.663217+00:00,False,+47.5%,True,$19599.2M,,N/A,False,0.6K,True,$17.40 / SMA $17.00,False,0.68%,,N/A,False,1109.4M,False,PNK,False,
KURRY,"Kuraray Co., Ltd.",35.9,2026-08-24T22:29:11.831314+00:00,False,+29.9%,True,$3605.5M,,N/A,False,0.1K,True,$35.90 / SMA $32.65,False,0.29%,,N/A,True,100.3M,False,PNK,False,
KVYO,"Klaviyo, Inc.",18.2,2026-08-24T22:18:33.256403+00:00,False,+45.3%,True,$5182.0M,True,+66.7%,True,5964.6K,True,$18.20 / SMA $16.79,True,7.07%,True,+26.4%,True,125.8M,True,NYQ,False,
KW,KW,,2026-08-24T22:30:53.656420+00:00,False,N/A,False,N/A,False,N/A,False,N/A,False,N/A,False,N/A,False,N/A,False,N/A,False,Unknown,False,No price data available
KWHIY,"Kawasaki Heavy Industries, Ltd.",6.46,2026-08-24T22:27:15.643205+00:00,False,+38.3%,True,$14102.1M,,N/A,False,251.0K,False,$6.46 / SMA $7.02,False,1.96%,,N/A,False,1985.2M,False,PNK,False,
KWR,Quaker Chemical Corporation,162.16,2026-08-24T22:29:15.186033+00:00,False,+44.6%,True,$2790.4M,True,+141.0%,False,159.9K,True,$162.16 / SMA $157.21,True,4.01%,False,+10.2%,True,13.4M,True,NYQ,False,
KXHCF,Kioxia Holdings Corporation,311.0,2026-08-24T22:15:50.109905+00:00,True,+443.1%,,,,,False,17.1K,False,$311.00 / SMA $444.78,True,5.01%,,,False,377.4M,False,PNK,False,
KXSCF,Kinaxis Inc.,128.5,2026-08-24T22:20:20.691581+00:00,False,+51.7%,True,$3493.6M,True,+38.2%,False,12.4K,True,$128.50 / SMA $114.18,False,2.71%,False,+19.6%,True,27.1M,False,PNK,False,
KYKOF,"Kyowa Kirin Co., Ltd.",14.2,2026-08-24T22:16:44.450762+00:00,False,+14.3%,True,$7434.9M,,,False,0.0K,False,$14.20 / SMA $14.43,False,0.00%,,,False,229.5M,False,PNK,False,
KYMR,"Kymera Therapeutics, Inc.",121.05,2026-08-24T22:27:27.604451+00:00,True,+203.8%,True,$10065.4M,True,+34.7%,True,850.0K,True,$121.05 / SMA $109.49,True,4.04%,True,+466.4%,True,66.1M,True,NGM,True,
KYN,"Kayne Anderson Energy Infrastructure Fund, Inc.",14.6,2026-08-24T22:20:26.735534+00:00,False,+29.1%,True,$2469.2M,,,False,369.5K,True,$14.60 / SMA $14.17,False,1.92%,,,,,True,NYQ,False,
KYSEF,"Kyushu Electric Power Company, Incorporated",11.05,2026-08-24T22:27:31.439513+00:00,False,+16.6%,True,$5224.2M,,N/A,False,0.0K,True,$11.05 / SMA $10.65,False,0.19%,,N/A,False,435.2M,False,PNK,False,
KYTX,"Kyverna Therapeutics, Inc.",8.24,2026-08-24T22:24:16.391982+00:00,True,+132.1%,True,$509.6M,True,+35.9%,True,1010.9K,True,$8.24 / SMA $8.13,True,6.48%,,,True,39.7M,True,NMS,True,
LAB,Standard BioTools Inc.,0.65,2026-08-24T22:24:24.407861+00:00,False,+3.2%,False,$255.2M,False,+22.2%,True,3465.3K,False,$0.65 / SMA $0.81,True,7.40%,False,+-7.6%,False,184.7M,True,NMS,False,
LAD,"Lithia Motors, Inc.",368.55,2026-08-24T22:27:27.986537+00:00,False,+53.7%,True,$8101.9M,False,+16.9%,False,306.0K,True,$368.55 / SMA $338.26,True,4.03%,False,+2.2%,True,19.2M,True,NYQ,False,
LAES,SEALSQ Corp,2.48,2026-08-24T22:34:10.103579+00:00,False,+24.6%,True,$552.5M,,N/A,True,16341.3K,False,$2.48 / SMA $2.76,True,5.91%,,N/A,False,184.0M,True,NMS,False,
LANDO,Gladstone Land Corporation,21.0196,2026-08-24T22:24:23.651389+00:00,False,+13.6%,,,,,False,15.5K,True,$21.02 / SMA $20.89,False,1.48%,False,+-1.5%,True,41.7M,True,NGM,False,
LANDP,Gladstone Land Corporation,20.6096,2026-08-24T22:34:18.027909+00:00,False,+11.9%,,N/A,,N/A,False,23.9K,True,$20.61 / SMA $20.61,False,1.12%,False,+-1.5%,True,41.7M,True,NGM,False,
LAUR,"Laureate Education, Inc.",37.31,2026-08-24T22:18:32.120971+00:00,False,+49.4%,True,$5139.4M,True,+50.8%,True,1186.1K,False,$37.31 / SMA $37.54,False,2.93%,False,+17.5%,True,126.2M,True,NMS,False,
LB,LandBridge Company LLC,87.1,2026-08-24T22:18:23.984812+00:00,True,+99.1%,True,$6714.1M,True,+34.1%,False,358.4K,True,$87.10 / SMA $75.16,True,5.33%,True,+40.6%,True,28.1M,True,NYQ,False,
LBRT,Liberty Energy Inc.,18.48,2026-08-24T22:27:31.090014+00:00,True,+86.7%,True,$3015.8M,False,+-39.5%,True,4361.1K,False,$18.48 / SMA $22.86,True,6.10%,False,+14.0%,False,160.2M,True,NYQ,False,
LBTYA,Liberty Global Ltd.,10.72,2026-08-24T22:29:07.853056+00:00,False,+13.7%,True,$3656.5M,True,+86.8%,True,2196.6K,False,$10.72 / SMA $10.78,False,2.97%,False,+-7.7%,False,278.9M,True,NMS,False,
LCII,LCI Industries,104.51,2026-08-24T22:20:23.147742+00:00,False,+23.9%,True,$2540.8M,False,+20.1%,False,444.0K,True,$104.51 / SMA $101.35,True,3.35%,False,+-12.5%,True,23.4M,True,NYQ,False,
LDSVF,Chocoladefabriken Lindt & Sprüngli AG,11300.0,2026-08-24T22:16:11.934548+00:00,False,+2.5%,True,$26070.2M,,,False,0.0K,False,$11300.00 / SMA $11544.20,False,0.20%,,,True,0.2M,False,PNK,False,
LE,"Lands' End, Inc.",12.26,2026-08-24T22:34:20.371128+00:00,False,+28.2%,True,$376.9M,True,+4011.1%,False,249.7K,True,$12.26 / SMA $11.99,True,3.47%,False,+-8.5%,True,11.8M,True,NCM,False,
LEA,Lear Corporation,122.9,2026-08-24T22:27:26.680904+00:00,False,+28.0%,True,$8182.0M,False,+23.9%,True,661.9K,False,$122.90 / SMA $134.00,True,3.26%,False,+3.0%,True,49.0M,True,NYQ,False,
LEG,"Leggett & Platt, Incorporated",9.38,2026-08-24T22:30:55.153537+00:00,False,+12.5%,True,$1281.2M,False,+-13.2%,True,2365.2K,False,$9.38 / SMA $10.52,True,3.39%,False,+-5.5%,True,133.2M,True,NYQ,False,
LEGH,Legacy Housing Corporation,28.72,2026-08-24T22:34:14.461679+00:00,False,+57.1%,True,$683.0M,True,+65.0%,False,109.4K,True,$28.72 / SMA $26.75,True,4.11%,True,+32.3%,True,10.8M,True,NMS,False,
LEGN,Legend Biotech Corporation,20.94,2026-08-24T22:18:27.439668+00:00,False,+28.9%,True,$4072.6M,True,+44.4%,True,2781.4K,False,$20.94 / SMA $24.56,True,5.13%,True,+56.5%,True,90.6M,True,NMS,False,
LEGO.U,LEGO.U,,2026-08-24T22:35:57.049962+00:00,False,N/A,False,N/A,False,N/A,False,N/A,False,N/A,False,N/A,False,N/A,False,N/A,False,Unknown,False,No price data available
LEN,Lennar Corporation,88.16,2026-08-24T22:27:12.117202+00:00,False,+10.4%,True,$21237.3M,False,+-31.5%,True,2600.8K,True,$88.16 / SMA $86.38,False,2.82%,False,+-5.2%,False,201.1M,True,NYQ,False,
LGIH,"LGI Homes, Inc.",58.25,2026-08-24T22:30:58.534993+00:00,True,+73.6%,True,$1353.3M,False,+-14.7%,False,358.4K,False,$58.25 / SMA $58.55,True,4.60%,False,+5.7%,True,20.3M,True,NMS,False,
LGN,Legence Corp.,56.38,2026-08-24T22:27:23.208512+00:00,True,+109.1%,True,$9262.4M,True,+133.7%,True,1435.3K,False,$56.38 / SMA $71.25,True,7.06%,True,+105.1%,True,57.4M,True,NMS,False,
LGYRF,Landis+Gyr Group AG,57.64,2026-08-24T22:20:33.977790+00:00,False,+12.4%,True,$1592.2M,,,False,0.0K,True,$57.64 / SMA $54.44,False,0.00%,,,True,25.3M,False,PNK,False,
LIFNF,Lifenet Insurance Company,11.61,2026-08-24T22:34:09.097950+00:00,True,+262.8%,True,$932.8M,,N/A,False,0.0K,True,$11.61 / SMA $11.61,False,0.00%,,N/A,True,23.3M,False,PNK,False,
LIN,Linde plc,490.03,2026-08-24T22:15:50.202131+00:00,False,+26.4%,True,$225894.1M,False,+11.3%,True,2331.7K,False,$490.03 / SMA $507.16,False,1.78%,False,+9.3%,False,459.4M,True,NMS,False,
LIND,"Lindblad Expeditions Holdings, Inc.",31.9,2026-08-24T22:22:16.264603+00:00,True,+180.6%,True,$2093.3M,True,+88.9%,True,901.6K,True,$31.90 / SMA $28.88,True,4.15%,False,+18.6%,True,49.4M,True,NCM,False,
LINE,"Lineage, Inc.",40.8,2026-08-24T22:27:22.599262+00:00,False,+30.2%,True,$10148.6M,False,+-333.3%,True,995.1K,False,$40.80 / SMA $42.47,True,3.34%,False,+0.8%,True,57.6M,True,NMS,False,
LION,Lionsgate Studios Corp.,11.55,2026-08-24T22:18:34.267110+00:00,True,+96.6%,True,$3436.8M,True,+75.0%,True,3070.8K,False,$11.55 / SMA $13.60,True,3.99%,True,+47.7%,,,True,NYQ,False,
LIVN,LivaNova PLC,78.26,2026-08-24T22:29:08.158761+00:00,False,+60.3%,True,$4311.6M,True,+286.0%,True,712.9K,False,$78.26 / SMA $80.46,True,3.29%,False,+10.8%,True,54.8M,True,NMS,False,
LKFN,Lakeland Financial Corporation,60.22,2026-08-24T22:30:53.980636+00:00,False,+10.8%,True,$1496.9M,False,+8.7%,False,197.3K,False,$60.22 / SMA $61.36,False,2.08%,False,+6.8%,True,24.0M,True,NMS,False,
LKTEF,L.K. Technology Holdings Limited,0.4031,2026-08-24T22:24:14.875934+00:00,False,+0.0%,True,$550.0M,,,False,0.0K,False,$0.40 / SMA $0.40,False,0.00%,,,False,506.8M,False,PNK,False,
LLESY,Lendlease Group,2.3,2026-08-24T22:22:15.576610+00:00,False,+29.2%,True,$1589.0M,,,False,0.3K,True,$2.30 / SMA $2.07,False,0.50%,,,False,646.6M,False,PNK,False,
LLOBF,Lloyds Banking Group plc 9.25% NON-CUM IRR PRF SHS GBP0.25,2.0,2026-08-24T22:15:57.318551+00:00,False,+7.5%,,,,,False,0.0K,False,$2.00 / SMA $2.01,False,0.00%,False,+14.7%,,,False,PNK,False,
LLY,Eli Lilly and Company,1246.93,2026-08-24T22:15:48.469851+00:00,True,+79.6%,True,$1111459.9M,True,+26.2%,True,2974.8K,True,$1246.93 / SMA $1179.86,True,3.21%,True,+47.7%,False,889.0M,True,NYQ,False,
LLYVK,"Liberty Live Holdings, Inc.",106.13,2026-08-24T22:27:23.013572+00:00,False,+37.9%,True,$9764.5M,False,+-49.0%,False,394.9K,True,$106.13 / SMA $103.29,False,2.69%,False,+6.1%,True,58.4M,True,NMS,False,
LNC,Lincoln National Corporation,42.38,2026-08-24T22:16:47.146714+00:00,False,+31.7%,True,$8113.5M,True,+76.8%,True,1925.7K,True,$42.38 / SMA $41.09,True,3.25%,False,+12.5%,False,171.6M,True,NYQ,False,
LNG,"Cheniere Energy, Inc.",280.79,2026-08-24T22:27:03.975581+00:00,False,+50.8%,True,$57992.7M,True,+100.7%,True,1960.7K,True,$280.79 / SMA $255.69,False,2.47%,False,+23.5%,False,205.1M,True,NYQ,False,
LNNGY,Li Ning Company Limited,43.53,2026-08-24T22:27:28.617138+00:00,False,+0.0%,True,$4440.8M,,N/A,False,14.7K,False,$43.53 / SMA $47.74,False,1.72%,,N/A,True,88.0M,False,PNK,False,
LNRCF,LunR Royalties Corp.,15.65,2026-08-24T22:30:58.268177+00:00,False,+65.6%,,N/A,,N/A,False,26.1K,True,$15.65 / SMA $13.94,True,10.54%,,N/A,True,86.3M,False,PNK,False,
LNT,Alliant Energy Corporation,68.42,2026-08-24T22:16:20.142020+00:00,False,+8.1%,True,$17740.3M,False,+4.8%,True,2519.5K,False,$68.42 / SMA $72.79,False,1.95%,False,+5.0%,False,258.4M,True,NMS,False,
LNTH,"Lantheus Holdings, Inc.",100.8,2026-08-24T22:16:47.830515+00:00,True,+102.9%,True,$6579.5M,False,+-0.9%,True,1348.0K,False,$100.80 / SMA $103.91,False,1.25%,False,+2.7%,True,58.5M,True,NGM,False,
LOAR,Loar Holdings Inc.,72.72,2026-08-24T22:27:29.144564+00:00,False,+36.8%,True,$6813.0M,False,+5.9%,True,711.1K,False,$72.72 / SMA $73.11,True,4.65%,True,+39.4%,True,43.4M,True,NYQ,False,
LOB,"Live Oak Bancshares, Inc.",40.3,2026-08-24T22:20:36.248224+00:00,False,+37.3%,True,$1865.2M,True,+45.1%,False,259.9K,False,$40.30 / SMA $41.55,False,2.67%,False,+9.6%,True,36.0M,True,NYQ,False,
LOECF,Logan Energy Corp.,0.779,2026-08-24T22:34:18.804789+00:00,False,+45.2%,True,$538.8M,,N/A,False,62.4K,True,$0.78 / SMA $0.68,False,2.06%,True,+36.5%,False,581.5M,False,PNK,False,
LOKV,Live Oak Acquisition Corp V,11.52,2026-08-24T22:35:57.485298+00:00,False,+33.1%,True,$331.2M,,N/A,False,294.4K,,N/A,,N/A,,N/A,,N/A,True,NCM,False,
LOKVU,Live Oak Acquisition Corp V,11.99,2026-08-24T22:26:11.058821+00:00,False,+18.7%,,,,,False,1.2K,True,$11.99 / SMA_short $11.99,,,,,,,True,NGM,False,
LOPE,"Grand Canyon Education, Inc.",147.66,2026-08-24T22:18:36.373411+00:00,False,+10.0%,True,$3848.8M,False,+18.2%,False,347.7K,True,$147.66 / SMA $146.12,True,3.43%,False,+6.7%,True,25.1M,True,NMS,False,
LOT,Lotus Technology Inc.,1.14,2026-08-24T22:34:08.703948+00:00,False,+40.4%,True,$738.9M,True,+78.8%,False,131.4K,True,$1.14 / SMA $1.04,True,9.77%,False,+-39.8%,True,3.4M,True,NMS,False,
LOTBY,Lotus Bakeries NV,127.385,2026-08-24T22:27:20.994558+00:00,False,+44.8%,True,$10354.3M,,N/A,False,0.0K,True,$127.39 / SMA $124.79,False,0.00%,,N/A,True,40.5M,False,PNK,False,
LOW,"Lowe's Companies, Inc.",216.98,2026-08-24T22:26:59.594266+00:00,False,+8.8%,True,$121725.8M,False,+-0.7%,True,3059.8K,True,$216.98 / SMA $215.15,False,2.51%,False,+10.3%,False,559.8M,True,NYQ,False,
LPAA,Launch One Acquisition Corp.,10.74,2026-08-24T22:35:57.048736+00:00,False,+3.0%,True,$308.8M,False,+-25.0%,False,39.2K,False,$10.74 / SMA $10.84,False,0.09%,,N/A,True,1.8M,True,NGM,False,
LPAAU,Launch One Acquisition Corp.,11.13,2026-08-24T22:26:10.301640+00:00,False,+5.5%,,,,,False,0.1K,True,$11.13 / SMA $10.97,False,0.26%,,,True,1.8M,True,NGM,False,
LPG,Dorian LPG Ltd.,51.32,2026-08-24T22:30:49.361657+00:00,True,+116.0%,True,$2195.6M,True,+1250.0%,True,692.5K,True,$51.32 / SMA $42.35,True,4.11%,True,+123.1%,True,36.7M,True,NYQ,True,
LPL,"LG Display Co., Ltd.",3.29,2026-08-24T22:27:31.465925+00:00,False,+19.2%,True,$3290.0M,False,+-117.3%,True,2881.5K,False,$3.29 / SMA $3.58,True,3.64%,False,+-8.8%,False,620.2M,True,NYQ,False,
LPTH,"LightPath Technologies, Inc.",13.23,2026-08-24T22:22:23.413849+00:00,True,+216.5%,True,$830.7M,False,+22.2%,True,3298.2K,True,$13.23 / SMA $12.85,True,8.54%,True,+108.9%,True,62.1M,True,NCM,False,
LQDT,"Liquidity Services, Inc.",43.23,2026-08-24T22:30:58.568964+00:00,True,+99.5%,True,$1354.5M,True,+39.1%,False,209.5K,True,$43.23 / SMA $39.60,True,3.44%,False,+8.1%,True,23.8M,True,NMS,False,
LRCX,Lam Research Corporation,310.17,2026-08-24T22:15:48.851757+00:00,True,+229.6%,True,$388122.2M,True,+34.1%,True,11640.1K,False,$310.17 / SMA $336.22,True,5.77%,True,+30.0%,False,1246.5M,True,NMS,False,
LRLCF,L'Oréal S.A.,434.0,2026-08-24T22:26:57.632988+00:00,False,+14.1%,True,$231055.8M,,N/A,False,0.7K,False,$434.00 / SMA $438.13,True,4.84%,,N/A,False,226.6M,False,PNK,False,
LRLCY,L'Oréal S.A.,91.45,2026-08-24T22:15:50.204922+00:00,False,+16.0%,True,$243433.8M,,,False,277.4K,True,$91.45 / SMA $87.86,False,1.54%,,,False,1133.0M,False,PNK,False,
LRN,"Stride, Inc.",85.07,2026-08-24T22:29:09.100911+00:00,False,+40.4%,True,$3535.5M,True,+69.9%,True,946.5K,False,$85.07 / SMA $85.74,True,4.23%,False,+-2.7%,True,39.7M,True,NYQ,False,
LSAK,"Lesaka Technologies, Inc.",4.57,2026-08-24T22:24:23.029109+00:00,False,+26.2%,True,$392.1M,True,+103.6%,False,134.4K,False,$4.57 / SMA $4.72,True,3.58%,False,+13.4%,True,53.0M,True,NMS,False,
LSCC,Lattice Semiconductor Corporation,114.15,2026-08-24T22:16:19.481347+00:00,True,+88.7%,True,$16180.7M,True,+600.0%,True,1915.5K,False,$114.15 / SMA $133.05,True,5.65%,True,+62.2%,True,140.9M,True,NMS,False,
LSEGY,London Stock Exchange Group plc,30.18,2026-08-24T22:27:02.617227+00:00,False,+25.4%,True,$58527.8M,,N/A,True,994.9K,True,$30.18 / SMA $28.94,False,1.97%,,N/A,False,1758.7M,False,OQX,False,
LSHGF,Louis Hachette Group S.A.,2.14,2026-08-24T22:30:50.713695+00:00,False,+58.5%,,N/A,,N/A,False,13.3K,True,$2.14 / SMA_short $1.93,,N/A,,N/A,,N/A,False,PNK,False,
LSTR,"Landstar System, Inc.",179.92,2026-08-24T22:27:27.436442+00:00,False,+50.8%,True,$6105.9M,False,+20.0%,False,496.2K,False,$179.92 / SMA $197.76,True,3.63%,False,+18.2%,True,31.5M,True,NMS,False,
LTH,"Life Time Group Holdings, Inc.",45.73,2026-08-24T22:16:45.936976+00:00,True,+89.4%,True,$10218.9M,True,+40.6%,True,2868.4K,True,$45.73 / SMA $41.97,True,3.23%,False,+13.7%,False,190.7M,True,NYQ,False,
LUCK,Lucky Strike Entertainment Corporation,6.71,2026-08-24T22:30:55.012822+00:00,False,+17.6%,True,$915.1M,True,+30.8%,False,107.4K,False,$6.71 / SMA $7.21,True,3.74%,False,+0.7%,True,8.9M,True,NYQ,False,
LUNMF,Lundin Mining Corporation,27.5,2026-08-24T22:16:15.525520+00:00,True,+145.3%,True,$23410.7M,True,+126.7%,False,197.9K,True,$27.50 / SMA $25.42,True,4.94%,True,+31.9%,False,672.2M,False,PNK,False,
LUXE,LuxExperience B.V.,7.81,2026-08-24T22:31:00.148500+00:00,False,+19.4%,True,$1072.0M,False,+-316.7%,False,166.5K,False,$7.81 / SMA $7.87,True,5.22%,True,+155.0%,True,17.6M,True,NYQ,False,
LWAY,"Lifeway Foods, Inc.",26.335,2026-08-24T22:34:19.378168+00:00,False,+52.1%,True,$397.8M,True,+30.4%,False,180.2K,False,$26.34 / SMA $29.02,True,4.59%,True,+36.7%,True,6.5M,True,NGM,False,
LWLG,"Lightwave Logic, Inc.",5.81,2026-08-24T22:20:31.968366+00:00,True,+147.2%,True,$895.7M,False,+0.0%,True,4365.2K,False,$5.81 / SMA $7.39,True,8.51%,True,+27.3%,False,151.9M,True,NCM,False,
LYEL,"Lyell Immunopharma, Inc.",14.74,2026-08-24T22:34:18.819906+00:00,False,+39.6%,True,$361.2M,True,+33.6%,False,190.5K,True,$14.74 / SMA $13.71,True,7.15%,False,+-50.0%,True,12.2M,True,NMS,False,
LYFT,"Lyft, Inc.",17.68,2026-08-24T22:27:30.756891+00:00,False,+41.9%,True,$6692.6M,True,+30.0%,True,12476.9K,True,$17.68 / SMA $15.64,True,4.04%,False,+16.1%,False,340.4M,True,NMS,False,
LYG,Lloyds Banking Group plc,6.04,2026-08-24T22:27:01.602499+00:00,False,+43.8%,True,$87569.1M,,N/A,True,19778.1K,True,$6.04 / SMA $5.90,False,1.46%,False,+14.7%,False,13660.5M,True,NYQ,False,
LYTS,LSI Industries Inc.,19.59,2026-08-24T22:34:09.077495+00:00,False,+13.8%,True,$719.2M,False,+-53.8%,False,400.2K,False,$19.59 / SMA $24.45,True,4.20%,False,+13.6%,True,35.1M,True,NMS,False,
LYV,"Live Nation Entertainment, Inc.",184.59,2026-08-24T22:16:05.840941+00:00,False,+47.3%,True,$43002.0M,True,+156.1%,True,2294.9K,True,$184.59 / SMA $180.20,False,2.56%,False,+9.4%,False,157.1M,True,NYQ,False,
LZAGF,Lonza Group AG,736.21,2026-08-24T22:27:05.039754+00:00,False,+30.3%,True,$51420.0M,,N/A,False,0.3K,True,$736.21 / SMA $690.77,True,5.50%,,N/A,True,69.7M,False,PNK,False,
LZAGY,Lonza Group AG,73.28,2026-08-24T22:16:04.398061+00:00,False,+25.2%,True,$52141.2M,,,False,49.1K,True,$73.28 / SMA $68.77,False,1.22%,,,False,697.4M,False,PNK,False,
MAGN,Magnera Corporation,12.43,2026-08-24T22:34:19.805595+00:00,False,+59.0%,True,$442.5M,,N/A,False,418.5K,False,$12.43 / SMA $12.78,True,4.38%,,N/A,True,30.4M,True,NYQ,False,
MAIFF,Mining Americas Inc.,4.62,2026-08-24T22:24:18.579391+00:00,True,+878.8%,True,$508.1M,True,+332.6%,False,152.5K,True,$4.62 / SMA $3.65,True,5.05%,True,+1519.5%,True,107.0M,False,OQX,False,
MALJF,Magellan Aerospace Corporation,22.95,2026-08-24T22:22:19.035315+00:00,True,+104.4%,True,$1348.3M,True,+52.6%,False,5.6K,False,$22.95 / SMA $24.85,False,2.18%,False,+9.3%,True,11.8M,False,PNK,False,
MAMTF,MCAN Mortgage Corporation,15.91,2026-08-24T22:34:11.006416+00:00,False,+8.8%,True,$650.9M,False,+15.7%,False,0.7K,False,$15.91 / SMA $17.82,False,0.05%,False,+15.4%,True,39.4M,False,PNK,False,
MANH,"Manhattan Associates, Inc.",213.18,2026-08-24T22:16:42.370816+00:00,True,+79.1%,True,$12429.5M,False,+-8.6%,True,799.0K,True,$213.18 / SMA $167.24,True,4.32%,False,+9.3%,True,54.4M,True,NMS,False,
MANU,Manchester United plc,23.7,2026-08-24T22:29:10.432243+00:00,False,+62.4%,True,$4086.7M,False,+-335.0%,False,352.8K,True,$23.70 / SMA $22.63,True,3.05%,False,+18.0%,True,38.2M,True,NYQ,False,
MAPGF,Mapletree Logistics Trust,1.01,2026-08-24T22:29:06.438689+00:00,False,+21.7%,True,$5190.4M,True,+340.3%,False,1.0K,True,$1.01 / SMA $0.98,False,0.51%,False,+-0.6%,False,3420.4M,False,PNK,False,
MAQAF,Atlas Arteria Limited,3.3,2026-08-24T22:27:31.687664+00:00,False,+22.7%,True,$4796.5M,,N/A,False,0.3K,False,$3.30 / SMA $3.49,False,0.00%,,N/A,False,1429.3M,False,PNK,False,
MARIF,Marimaca Copper Corp.,5.92,2026-08-24T22:24:04.835171+00:00,False,+21.1%,True,$800.1M,False,+-250.0%,False,23.2K,True,$5.92 / SMA $5.40,False,2.74%,,,True,104.7M,False,OQX,False,
MATV,"Mativ Holdings, Inc.",12.25,2026-08-24T22:34:16.238566+00:00,True,+73.3%,True,$676.1M,True,+133.3%,True,552.9K,True,$12.25 / SMA $9.17,True,5.60%,False,+1.2%,True,50.0M,True,NYQ,False,
MATX,"Matson, Inc.",222.68,2026-08-24T22:27:30.217078+00:00,True,+156.0%,True,$6658.9M,False,+-15.1%,False,295.0K,True,$222.68 / SMA $206.75,True,3.15%,False,+-3.1%,True,29.2M,True,NYQ,False,
MAURY,"Marui Group Co., Ltd.",37.38,2026-08-24T22:29:11.821746+00:00,False,+17.9%,True,$3340.1M,,N/A,False,0.6K,True,$37.38 / SMA $35.83,False,0.28%,,N/A,True,86.7M,False,PNK,False,
MBAVU,M3-Brigade Acquisition V Corp,10.98,2026-08-24T22:34:19.118340+00:00,False,+16.8%,,N/A,,N/A,False,2.1K,True,$10.98 / SMA_short $10.81,,N/A,,N/A,True,19.3M,True,NGM,False,
MBGAF,Mercedes-Benz Group AG,52.5,2026-08-24T22:27:03.316992+00:00,False,+7.6%,True,$50259.8M,False,+-34.5%,False,26.7K,True,$52.50 / SMA $52.42,False,1.75%,False,+-3.5%,False,681.9M,False,PNK,False,
MBINN,Merchants Bancorp,20.06,2026-08-24T22:30:48.662467+00:00,False,+9.8%,,N/A,,N/A,False,8.6K,False,$20.06 / SMA $20.09,False,0.95%,False,+1.7%,True,25.4M,True,NCM,False,
MBUU,"Malibu Boats, Inc.",29.47,2026-08-24T22:34:14.593676+00:00,False,+23.6%,True,$578.7M,False,+-119.7%,False,252.9K,True,$29.47 / SMA $27.94,True,3.14%,False,+3.1%,True,18.9M,True,NGM,False,
MBX,"MBX Biosciences, Inc.",66.39,2026-08-24T22:30:53.696695+00:00,True,+589.4%,True,$3197.3M,False,+-34.5%,True,770.7K,True,$66.39 / SMA $59.33,True,5.86%,,N/A,True,31.0M,True,NMS,False,
MCARY,"Mercari, Inc.",14.9,2026-08-24T22:29:06.443353+00:00,True,+116.6%,True,$4923.6M,,N/A,False,0.7K,True,$14.90 / SMA $13.58,False,0.00%,,N/A,False,207.7M,False,PNK,False,
MCEM,The Monarch Cement Company,266.0,2026-08-24T22:24:06.677794+00:00,False,+28.5%,True,$987.0M,True,+320.8%,False,0.4K,False,$266.00 / SMA $276.41,False,2.44%,True,+27.5%,True,2.8M,False,OQX,False,
MCFT,"MasterCraft Boat Holdings, Inc.",25.01,2026-08-24T22:34:13.956225+00:00,False,+45.5%,True,$605.8M,False,+-121.7%,False,157.6K,True,$25.01 / SMA $24.46,True,3.89%,False,+3.0%,True,9.1M,True,NGM,False,
MCRI,"Monarch Casino & Resort, Inc.",124.28,2026-08-24T22:30:48.991292+00:00,False,+41.0%,True,$2227.4M,False,+23.6%,False,162.2K,False,$124.28 / SMA $125.36,False,2.14%,False,+4.2%,True,12.1M,True,NMS,False,
MDA,MDA Space Ltd.,29.69,2026-08-24T22:18:24.234675+00:00,False,+27.8%,True,$4811.7M,,,True,1615.3K,False,$29.69 / SMA $34.54,True,5.11%,True,+33.6%,,,True,NYQ,False,
MDDNF,Meridian Energy Limited,3.2,2026-08-24T22:16:38.809289+00:00,False,+12.7%,True,$8444.1M,,,False,0.2K,False,$3.20 / SMA $3.34,False,0.00%,,,False,1300.5M,False,PNK,False,
MDRX,Veradigm Inc.,4.74,2026-08-24T22:34:15.228854+00:00,False,+58.0%,True,$516.6M,,N/A,False,46.5K,False,$4.74 / SMA $4.91,True,7.03%,,N/A,True,52.1M,False,PNK,False,
MEDP,"Medpace Holdings, Inc.",620.03,2026-08-24T22:16:30.259549+00:00,False,+66.2%,True,$17306.1M,True,+37.1%,False,311.8K,True,$620.03 / SMA $551.57,True,3.05%,False,+17.2%,True,22.4M,True,NMS,False,
MEGI,NYLI CBRE Global Infrastructure Megatrends Term Fund,14.87,2026-08-24T22:24:03.364028+00:00,False,+10.8%,True,$773.9M,,,False,125.7K,False,$14.87 / SMA $15.16,False,1.55%,,,,,True,NYQ,False,
MELI,"MercadoLibre, Inc.",1947.9,2026-08-24T22:15:56.574602+00:00,False,+30.3%,True,$98752.3M,False,+-10.9%,False,461.9K,True,$1947.90 / SMA $1795.84,True,3.29%,True,+49.8%,True,50.6M,True,NMS,False,
MEOH,Methanex Corporation,59.07,2026-08-24T22:29:07.504271+00:00,True,+84.6%,True,$4569.9M,True,+163.4%,True,892.5K,True,$59.07 / SMA $53.18,True,3.71%,True,+75.2%,True,64.3M,True,NMS,True,
MESHU,Meshflow Acquisition Corp.,10.13,2026-08-24T22:24:21.204492+00:00,False,+1.8%,,,,,False,8.2K,True,$10.13 / SMA $10.11,False,0.00%,,,True,33.3M,True,NGM,False,
METOF,Meteoric Resources Limited,0.1632,2026-08-24T22:34:19.107181+00:00,True,+104.0%,True,$474.4M,,N/A,True,608.8K,True,$0.16 / SMA $0.13,True,8.26%,,N/A,False,2189.2M,False,OQB,False,
MFC,Manulife Financial Corporation,42.82,2026-08-24T22:27:02.334713+00:00,False,+43.8%,True,$71049.1M,False,+22.4%,True,2346.8K,True,$42.82 / SMA $42.17,False,1.78%,False,+-52.1%,False,1656.3M,True,NYQ,False,
MFG,"Mizuho Financial Group, Inc.",10.23,2026-08-24T22:15:53.616357+00:00,False,+68.0%,True,$124278.6M,,,True,3793.6K,False,$10.23 / SMA $10.25,False,1.59%,True,+63.2%,False,12165.7M,True,NYQ,False,
MFGI,"Merchants Financial Group, Inc.",42.8,2026-08-24T22:35:56.802816+00:00,True,+71.2%,True,$350.1M,,N/A,False,3.3K,True,$42.80 / SMA $40.77,False,0.46%,False,+19.4%,,N/A,False,OID,False,
MFIC,MidCap Financial Investment Corporation,9.72,2026-08-24T22:22:28.395831+00:00,False,+4.7%,True,$800.7M,False,+-210.5%,True,570.5K,False,$9.72 / SMA $9.79,False,2.26%,False,+-169.7%,,,True,NMS,False,
MG,"Mistras Group, Inc.",19.1,2026-08-24T22:34:14.427698+00:00,True,+104.3%,True,$608.3M,True,+170.0%,False,212.7K,True,$19.10 / SMA $17.07,True,5.13%,False,+4.6%,True,13.6M,True,NYQ,False,
MGA,Magna International Inc.,67.8,2026-08-24T22:16:21.147140+00:00,False,+57.3%,True,$18137.8M,,,True,1219.2K,True,$67.80 / SMA $66.77,False,2.95%,False,+3.3%,False,264.8M,True,NYQ,False,
MGDDY,Compagnie Générale des Établissements Michelin Société en commandite par actions,20.43,2026-08-24T22:16:14.083670+00:00,False,+37.9%,False,$0.0M,,,False,155.1K,True,$20.43 / SMA $19.66,False,1.17%,,,,,False,PNK,False,
MGLUY,Magazine Luiza S.A.,3.22,2026-08-24T22:34:06.174542+00:00,False,+12.0%,True,$624.4M,False,+-530.5%,False,0.6K,False,$3.22 / SMA $3.58,False,0.91%,False,+-2.0%,True,82.7M,False,PNK,False,
MGM,MGM Resorts International,43.69,2026-08-24T22:27:21.563706+00:00,False,+49.7%,True,$10992.1M,True,+516.7%,True,3623.1K,False,$43.69 / SMA $45.93,False,2.04%,False,+1.0%,False,181.3M,True,NYQ,False,
MGRC,McGrath RentCorp,116.51,2026-08-24T22:20:23.367442+00:00,False,+22.7%,True,$2845.8M,False,+-6.2%,False,184.5K,False,$116.51 / SMA $118.16,False,2.70%,False,+-6.2%,True,24.1M,True,NMS,False,
MGRT,Mega Fortune Company Limited,94.37,2026-08-24T22:22:19.754884+00:00,True,+2984.0%,True,$1297.6M,,,False,16.3K,True,$94.37 / SMA $86.84,True,5.17%,,,True,2.0M,True,NCM,False,
MH,"McGraw Hill, Inc.",13.77,2026-08-24T22:20:27.726103+00:00,False,+53.9%,True,$2634.3M,,,True,807.3K,True,$13.77 / SMA $10.78,True,5.66%,False,+-2.0%,True,25.0M,True,NYQ,False,
MHCUF,Flagship Communities Real Estate Investment Trust,22.79,2026-08-24T22:34:16.057837+00:00,False,+28.4%,True,$569.3M,False,+-87.9%,False,2.5K,True,$22.79 / SMA $21.21,False,0.80%,False,+21.4%,True,19.3M,False,OQX,False,
MHEYF,Keo Capital AB (publ),1.14,2026-08-24T22:25:58.870572+00:00,False,+58.3%,,,,,False,30.9K,True,$1.14 / SMA_short $1.05,False,2.65%,,,True,115.4M,False,PNK,False,
MICC,The Magnum Ice Cream Company N.V.,20.15,2026-08-24T22:16:36.773554+00:00,False,+55.7%,True,$12338.4M,,,True,1144.2K,True,$20.15 / SMA $18.42,False,1.61%,,,False,489.5M,True,NYQ,False,
MIELY,Mitsubishi Electric Corporation,69.74,2026-08-24T22:27:01.243020+00:00,False,+53.3%,True,$71359.2M,,N/A,False,96.7K,False,$69.74 / SMA $71.88,False,1.82%,,N/A,False,1001.7M,False,PNK,False,
MINBY,MINEBEA MITSUMI Inc.,21.615,2026-08-24T22:16:36.020742+00:00,False,+41.6%,True,$8680.5M,,,False,7.2K,False,$21.61 / SMA $25.72,True,3.96%,,,False,363.1M,False,PNK,False,
MIY,"BlackRock MuniYield Michigan Quality Fund, Inc.",12.5,2026-08-24T22:26:03.712723+00:00,False,+12.9%,True,$362.1M,,,False,58.3K,True,$12.50 / SMA $12.19,False,1.29%,,,,,True,NYQ,False,
MKC.V,MKC.V,,2026-08-24T22:27:18.048249+00:00,False,N/A,False,N/A,False,N/A,False,N/A,False,N/A,False,N/A,False,N/A,False,N/A,False,Unknown,False,No price data available
MKEWF,Makita Corporation,31.02,2026-08-24T22:16:35.707490+00:00,False,+6.6%,True,$7992.5M,,,False,0.0K,False,$31.02 / SMA $37.90,False,0.00%,,,False,242.4M,False,PNK,False,
MKL,Markel Group Inc.,1817.3,2026-08-24T22:16:15.768873+00:00,False,+5.7%,True,$22516.3M,True,+86.8%,False,71.8K,False,$1817.30 / SMA $1904.25,False,1.92%,False,+17.8%,True,12.1M,True,NYQ,False,
MKTX,MarketAxess Holdings Inc.,162.46,2026-08-24T22:18:30.769176+00:00,False,+49.4%,True,$5717.4M,False,+1.0%,True,1022.8K,True,$162.46 / SMA $132.37,False,0.63%,False,+-0.5%,True,29.6M,True,NMS,False,
MLAAU,Mountain Lake Acquisition Corp. II,10.05,2026-08-24T22:24:17.405124+00:00,False,+1.2%,,,,,False,0.3K,False,$10.05 / SMA $10.09,False,0.00%,,,True,36.5M,True,NGM,False,
MLCO,Melco Resorts & Entertainment Limited,5.46,2026-08-24T22:20:30.583866+00:00,False,+7.7%,True,$2076.1M,True,+150.0%,True,2336.9K,True,$5.46 / SMA $5.45,True,3.09%,False,+10.9%,True,139.4M,True,NMS,False,
MLFNF,Maple Leaf Foods Inc.,19.92,2026-08-24T22:20:23.790839+00:00,False,+19.4%,True,$2484.7M,,,False,21.9K,False,$19.92 / SMA $20.81,False,0.32%,False,+-21.1%,True,74.6M,False,PNK,False,
MLLGF,Mullen Group Ltd.,18.48,2026-08-24T22:30:53.953379+00:00,True,+95.1%,True,$1778.5M,True,+85.0%,False,23.4K,True,$18.48 / SMA $17.58,False,0.49%,False,+22.6%,True,89.6M,False,PNK,False,
MLXEF,Metals X Limited,1.33,2026-08-24T22:22:23.599361+00:00,True,+265.4%,True,$1186.4M,,,False,20.6K,True,$1.33 / SMA $1.07,True,6.37%,,,False,629.4M,False,PNK,False,
MMILF,Metro Mining Limited,0.9354,2026-08-24T22:35:57.419263+00:00,True,+1600.7%,False,$288.3M,,N/A,False,0.4K,False,$0.94 / SMA $1.04,False,0.00%,,N/A,False,251.9M,False,PNK,False,
MMSI,"Merit Medical Systems, Inc.",90.28,2026-08-24T22:29:08.878819+00:00,False,+51.1%,True,$5390.7M,False,+20.4%,True,911.8K,True,$90.28 / SMA $77.78,False,2.96%,False,+9.5%,True,58.3M,True,NMS,False,
MMSMY,"Mitsui Kinzoku Company, Limited",35.59,2026-08-24T22:16:21.420858+00:00,True,+174.7%,True,$10181.8M,,,False,13.4K,False,$35.59 / SMA $44.02,True,4.34%,,,False,276.6M,False,PNK,False,
MNDY,monday.com Ltd.,94.25,2026-08-24T22:18:37.501627+00:00,False,+63.9%,True,$3984.3M,False,+9.6%,True,1580.1K,True,$94.25 / SMA $81.89,True,6.25%,False,+24.5%,True,33.1M,True,NMS,False,
MNGPF,Man Group Plc,4.06,2026-08-24T22:29:08.730804+00:00,True,+93.3%,True,$4506.4M,,N/A,False,3.6K,True,$4.06 / SMA $3.99,False,0.00%,,N/A,False,1082.2M,False,PNK,False,
MNHVF,Mowi ASA,19.1,2026-08-24T22:27:19.911071+00:00,False,+8.8%,True,$10097.1M,True,+480.0%,False,0.3K,False,$19.10 / SMA $19.38,False,0.00%,False,+14.1%,False,393.1M,False,PNK,False,
MNSAF,Mineros S.A.,6.04,2026-08-24T22:30:56.879574+00:00,True,+174.5%,True,$1790.4M,,N/A,False,16.9K,True,$6.04 / SMA $4.96,True,6.25%,True,+94.3%,True,57.4M,False,OQX,False,
MNST,Monster Beverage Corporation,48.92,2026-08-24T22:27:01.109715+00:00,False,+60.5%,True,$95836.8M,False,+18.0%,True,11723.0K,False,$48.92 / SMA $80.90,False,2.39%,False,+20.2%,False,1404.3M,True,NMS,False,
MNTN,"MNTN, Inc.",12.93,2026-08-24T22:34:12.923723+00:00,False,+68.6%,True,$967.2M,True,+113.8%,True,1260.1K,True,$12.93 / SMA $10.17,True,5.95%,,N/A,True,39.9M,True,NYQ,False,
MO,"Altria Group, Inc.",68.47,2026-08-24T22:26:59.576696+00:00,False,+25.2%,True,$114327.4M,False,+-2.8%,True,8755.5K,False,$68.47 / SMA $70.14,False,2.42%,False,+1.2%,False,1666.5M,True,NYQ,False,
MOBI,"Mobia Medical, Inc.",10.98,2026-08-24T22:24:23.220448+00:00,False,+7.8%,True,$365.1M,,,False,151.6K,False,$10.98 / SMA $12.22,True,8.70%,,,True,13.8M,True,NMS,False,
MONDY,Mondi plc,23.73,2026-08-24T22:18:33.884819+00:00,False,+32.8%,True,$5230.1M,,,False,36.3K,True,$23.73 / SMA $20.82,False,1.72%,,,False,218.6M,False,PNK,False,
MONOY,"MonotaRO Co., Ltd.",11.51,2026-08-24T22:27:28.352387+00:00,False,+12.2%,True,$5660.3M,,N/A,False,86.2K,False,$11.51 / SMA $11.65,False,2.54%,,N/A,False,240.2M,False,PNK,False,
MONRF,Moncler S.p.A.,55.1,2026-08-24T22:16:22.023339+00:00,False,+4.2%,True,$14986.6M,,,False,1.4K,False,$55.10 / SMA $59.40,False,0.00%,,,False,222.0M,False,PNK,False,
MPB,"Mid Penn Bancorp, Inc.",37.18,2026-08-24T22:34:09.458360+00:00,False,+40.0%,True,$942.0M,True,+286.4%,False,168.8K,True,$37.18 / SMA $35.92,False,2.08%,True,+39.9%,True,21.9M,True,NGM,False,
MPFRY,"Mapfre, S.A.",10.14,2026-08-24T22:16:25.973414+00:00,False,+27.4%,True,$15561.5M,,,False,0.5K,True,$10.14 / SMA $9.65,False,0.00%,,,False,460.9M,False,PNK,False,
MPJPY,Metaplanet Inc.,2.02,2026-08-24T22:20:24.215402+00:00,False,+67.2%,,,,,True,931.4K,True,$2.02 / SMA $1.47,True,5.53%,,,False,396.2M,False,OQX,False,
MPT,"Medical Properties Trust, Inc.",4.12,2026-08-24T22:20:19.238003+00:00,False,+4.0%,True,$2460.5M,True,+125.0%,True,6573.4K,False,$4.12 / SMA $4.53,True,3.37%,False,+12.6%,False,489.8M,True,NYQ,False,
MPZAF,Mips AB (publ),26.0,2026-08-24T22:34:10.631352+00:00,False,+4.0%,True,$688.8M,True,+259.2%,False,0.0K,True,$26.00 / SMA $25.92,False,0.00%,True,+100.0%,True,26.3M,False,PNK,False,
MQBKY,Macquarie Group Limited,177.06,2026-08-24T22:15:59.081929+00:00,False,+44.7%,True,$67484.4M,,,False,12.9K,False,$177.06 / SMA $178.43,False,0.86%,,,False,363.4M,False,PNK,False,
MQY,"BlackRock MuniYield Quality Fund, Inc.",11.07,2026-08-24T22:30:52.146438+00:00,False,+2.1%,True,$795.2M,,N/A,False,385.1K,False,$11.07 / SMA $11.32,False,0.68%,,N/A,,N/A,True,NYQ,False,
MRAAY,"Murata Manufacturing Co., Ltd.",21.97,2026-08-24T22:15:56.605788+00:00,True,+173.6%,True,$79984.5M,,,True,878.2K,False,$21.97 / SMA $27.53,True,3.61%,,,False,3634.1M,False,PNK,False,
MRAM,"Everspin Technologies, Inc.",16.14,2026-08-24T22:24:05.518019+00:00,True,+163.7%,True,$393.0M,False,+-400.0%,True,1948.9K,False,$16.14 / SMA $18.50,True,8.40%,True,+41.9%,True,21.7M,True,NGM,False,
MRCBF,Morguard Corporation,89.25,2026-08-24T22:31:00.114305+00:00,False,+8.3%,True,$953.0M,True,+46.3%,False,0.0K,True,$89.25 / SMA $87.13,False,0.00%,False,+-1.7%,True,3.8M,False,PNK,False,
MRLN,"Merlin, Inc.",3.43,2026-08-24T22:34:11.751435+00:00,False,+8.5%,True,$346.7M,,N/A,True,2505.9K,False,$3.43 / SMA $4.46,True,9.58%,,N/A,True,33.8M,True,NGM,False,
MRSH,"Marsh & McLennan Companies, Inc.",194.67,2026-08-24T22:27:01.473287+00:00,False,+24.3%,True,$92898.7M,False,+7.3%,True,2570.2K,True,$194.67 / SMA $179.85,False,2.10%,False,+6.2%,False,476.3M,True,NYQ,False,
MRUWY,"Maruwa Co.,Ltd.",13.36,2026-08-24T22:27:29.220574+00:00,False,+12.6%,False,$164.9M,False,+15.2%,False,47.8K,False,$13.36 / SMA_short $14.82,True,4.87%,False,+11.7%,False,206.9M,False,PNK,False,
MRVGF,Mirvac Group,1.108,2026-08-24T22:29:06.028934+00:00,False,+0.0%,True,$4371.1M,,N/A,False,0.1K,True,$1.11 / SMA $1.10,False,0.00%,,N/A,False,3935.6M,False,PNK,False,
MRVL,"Marvell Technology, Inc.",229.29,2026-08-24T22:15:51.401786+00:00,True,+273.2%,True,$205798.0M,False,+-80.0%,True,41486.7K,False,$229.29 / SMA $232.80,True,7.03%,True,+27.6%,False,871.9M,True,NMS,False,
MSA,MSA Safety Incorporated,188.9,2026-08-24T22:27:27.368641+00:00,False,+25.0%,True,$7287.4M,True,+40.3%,False,320.4K,True,$188.90 / SMA $176.41,False,2.62%,,N/A,True,36.2M,True,NYQ,False,
MSBI,"Midland States Bancorp, Inc.",32.795,2026-08-24T22:24:13.851497+00:00,True,+130.3%,True,$680.6M,True,+86.4%,False,180.2K,True,$32.80 / SMA $31.48,False,2.50%,False,+0.4%,True,19.5M,True,NMS,False,
MSBPF,"Mitsubishi Pencil Co., Ltd.",14.66,2026-08-24T22:22:30.231423+00:00,False,+19.8%,True,$733.1M,,,False,0.0K,True,$14.66 / SMA $9.17,False,0.00%,,,True,34.4M,False,PNK,False,
MSCI,MSCI Inc.,571.36,2026-08-24T22:16:04.646062+00:00,False,+14.0%,True,$41537.9M,False,+19.6%,True,731.0K,False,$571.36 / SMA $580.16,False,2.33%,False,+12.2%,True,69.0M,True,NYQ,False,
MSI,"Motorola Solutions, Inc.",481.52,2026-08-24T22:27:02.278267+00:00,False,+34.0%,True,$79688.6M,False,+9.5%,True,1044.8K,True,$481.52 / SMA $429.81,False,2.66%,False,+13.3%,False,164.7M,True,NYQ,False,
MSM,"MSC Industrial Direct Co., Inc.",119.26,2026-08-24T22:27:28.766450+00:00,False,+51.3%,True,$6660.2M,True,+41.2%,True,755.3K,False,$119.26 / SMA $121.32,False,2.74%,False,+7.8%,True,41.3M,True,NYQ,False,
MSSMY,MISUMI Group Inc.,11.63,2026-08-24T22:18:25.810712+00:00,True,+75.2%,True,$6112.3M,,,False,0.5K,False,$11.63 / SMA $11.93,False,0.45%,,,False,525.8M,False,PNK,False,
MT,ArcelorMittal S.A.,72.64,2026-08-24T22:16:02.472312+00:00,True,+127.5%,True,$54773.6M,False,+-62.0%,True,1760.2K,True,$72.64 / SMA $67.66,False,2.65%,False,+5.2%,False,826.4M,True,NYQ,False,
MTA,Metalla Royalty & Streaming Ltd.,11.3,2026-08-24T22:34:12.595588+00:00,True,+155.1%,True,$1056.5M,True,+110.0%,True,524.3K,True,$11.30 / SMA $8.02,True,4.59%,True,+78.0%,True,66.3M,True,ASE,True,
MTASF,Montana Aerospace AG,32.69,2026-08-24T22:20:35.337591+00:00,False,+27.1%,True,$2049.7M,True,+112.5%,False,0.5K,True,$32.69 / SMA $28.68,False,0.31%,False,+4.1%,,,False,PNK,False,
MTD,Mettler-Toledo International Inc.,1398.89,2026-08-24T22:16:16.936696+00:00,False,+36.7%,True,$28028.9M,False,+18.3%,False,201.1K,True,$1398.89 / SMA $1321.04,False,2.60%,False,+4.5%,True,19.9M,True,NYQ,False,
MTH,Meritage Homes Corporation,72.52,2026-08-24T22:29:06.926977+00:00,False,+25.0%,True,$4726.4M,False,+-32.8%,True,890.6K,False,$72.52 / SMA $74.89,True,3.37%,False,+-13.7%,True,63.5M,True,NYQ,False,
MTLPF,Metlen Energy & Metals PLC,57.5,2026-08-24T22:18:21.957059+00:00,False,+55.0%,,,,,False,0.2K,True,$57.50 / SMA_short $51.58,,,,,True,111.0M,False,PNK,False,
MTN,"Vail Resorts, Inc.",150.0,2026-08-24T22:29:05.497364+00:00,False,+26.6%,True,$5345.0M,False,+-16.4%,True,749.4K,True,$150.00 / SMA $145.21,False,2.99%,False,+-7.0%,True,32.8M,True,NYQ,False,
MTNOY,MTN Group Limited,11.96,2026-08-24T22:16:17.281082+00:00,False,+54.3%,True,$21922.4M,,,False,16.8K,False,$11.96 / SMA $13.31,False,1.61%,,,False,1356.3M,False,PNK,False,
MTRX,Matrix Service Company,10.7,2026-08-24T22:26:02.293634+00:00,False,+8.3%,True,$301.0M,True,+125.0%,False,223.3K,False,$10.70 / SMA $12.44,True,3.59%,False,+3.3%,True,26.9M,True,NMS,False,
MTUAF,MTU Aero Engines AG,419.507,2026-08-24T22:16:20.438254+00:00,False,+33.4%,True,$22599.1M,,,False,0.6K,True,$419.51 / SMA $408.09,True,4.18%,,,True,52.2M,False,PNK,False,
MTUAY,MTU Aero Engines AG,205.96,2026-08-24T22:27:13.750620+00:00,False,+30.4%,True,$22190.4M,,N/A,False,25.8K,True,$205.96 / SMA $204.87,False,1.61%,,N/A,True,104.5M,False,PNK,False,
MUC,"BlackRock MuniHoldings California Quality Fund, Inc.",10.62,2026-08-24T22:30:55.492670+00:00,False,+4.8%,True,$1000.2M,,N/A,False,353.4K,False,$10.62 / SMA $10.73,False,0.71%,,N/A,,N/A,True,NYQ,False,
MURGF,Münchener Rückversicherungs-Gesellschaft Aktiengesellschaft in München,597.01,2026-08-24T22:27:01.979190+00:00,False,+17.9%,True,$75112.5M,False,+9.8%,False,1.8K,True,$597.01 / SMA $576.19,False,2.80%,False,+11.6%,True,125.8M,False,PNK,False,
MUSA,Murphy USA Inc.,567.9,2026-08-24T22:27:21.294684+00:00,False,+62.3%,True,$10438.2M,True,+53.1%,False,306.4K,False,$567.90 / SMA $578.11,True,3.35%,True,+36.0%,True,16.6M,True,NYQ,False,
MVBF,MVB Financial Corp.,30.25,2026-08-24T22:26:06.062985+00:00,False,+28.3%,True,$392.3M,True,+520.0%,False,50.8K,True,$30.25 / SMA $29.40,False,2.57%,True,+56.8%,True,11.8M,True,NCM,False,
MVST,"Microvast Holdings, Inc.",0.776,2026-08-24T22:24:18.409474+00:00,False,+9.0%,False,$298.4M,False,+-180.0%,True,5140.6K,False,$0.78 / SMA $0.97,True,9.62%,False,+-48.0%,False,209.8M,True,NCM,False,
MXF,"The Mexico Fund, Inc.",21.82,2026-08-24T22:26:09.626631+00:00,False,+22.5%,True,$314.6M,,,False,37.5K,True,$21.82 / SMA $21.49,False,2.41%,,,,,True,NYQ,False,
MXL,"MaxLinear, Inc.",62.78,2026-08-24T22:27:23.243158+00:00,True,+391.6%,True,$5693.7M,True,+106.5%,True,3885.6K,False,$62.78 / SMA $81.48,True,9.16%,True,+55.2%,True,85.2M,True,NMS,False,
MYE,"Myers Industries, Inc.",33.43,2026-08-24T22:34:09.476244+00:00,True,+115.1%,True,$1257.6M,True,+103.8%,False,460.3K,True,$33.43 / SMA $31.68,True,4.07%,False,+9.8%,True,36.8M,True,NYQ,False,
MZHOF,"Mizuho Financial Group, Inc.",51.25,2026-08-24T22:15:53.599651+00:00,True,+72.0%,True,$124521.6M,,,False,37.1K,True,$51.25 / SMA $50.25,False,1.91%,True,+63.2%,False,2433.1M,False,PNK,False,
MZTFF,Mizrahi Tefahot Bank Ltd.,77.0,2026-08-24T22:27:12.759695+00:00,True,+122.0%,True,$20056.2M,False,+-4.5%,False,0.0K,True,$77.00 / SMA $68.81,False,0.00%,False,+-1.8%,False,152.8M,False,PNK,False,
NABL,"N-able, Inc.",3.6,2026-08-24T22:34:11.591934+00:00,False,+23.3%,True,$680.1M,True,+100.0%,True,2290.0K,False,$3.60 / SMA $3.97,True,7.40%,False,+13.1%,True,73.7M,True,NYQ,False,
NAC,Nuveen California Quality Municipal Income Fund,11.71,2026-08-24T22:20:34.295436+00:00,False,+5.2%,True,$1830.6M,,,False,424.8K,False,$11.71 / SMA $11.82,False,0.89%,,,,,True,NYQ,False,
NAK,Northern Dynasty Minerals Ltd.,1.78,2026-08-24T22:30:57.339839+00:00,True,+125.3%,True,$1000.6M,True,+112.5%,True,5890.4K,True,$1.78 / SMA $1.73,True,5.60%,,N/A,False,551.8M,True,ASE,False,
NAMS,NewAmsterdam Pharma Company N.V.,26.85,2026-08-24T22:18:36.941473+00:00,False,+16.5%,True,$3209.6M,False,+-253.2%,True,1134.2K,False,$26.85 / SMA $30.51,True,4.63%,False,+-80.7%,True,82.9M,True,NGM,False,
NAPRF,Naspers Limited,275.0,2026-08-24T22:27:05.410334+00:00,True,+492.5%,True,$205733.6M,,N/A,False,0.0K,True,$275.00 / SMA $50.87,False,0.00%,,N/A,False,751.2M,False,PNK,False,
NATKY,National Atomic Company Kazatomprom JSC,70.25,2026-08-24T22:27:14.024961+00:00,False,+38.9%,True,$18458.2M,False,+-130.3%,False,0.3K,True,$70.25 / SMA $67.41,False,0.02%,False,+-28.1%,True,64.8M,False,PNK,False,
NATL,NCR Atleos Corporation,46.49,2026-08-24T22:20:15.821054+00:00,False,+39.6%,True,$3435.5M,True,+65.4%,True,664.8K,True,$46.49 / SMA $45.74,False,1.73%,False,+0.1%,True,73.4M,True,NYQ,False,
NAVI,Navient Corporation,9.47,2026-08-24T22:34:10.002649+00:00,False,+29.2%,True,$888.1M,True,+100.0%,True,1184.7K,True,$9.47 / SMA $8.62,True,4.31%,False,+-3.8%,True,62.9M,True,NMS,False,
NB,NioCorp Developments Ltd.,4.25,2026-08-24T22:34:10.055257+00:00,False,+11.3%,True,$618.7M,True,+109.1%,True,3489.5K,False,$4.25 / SMA $4.71,True,7.11%,,N/A,True,142.2M,True,NGM,False,
NBCLF,"Nitto Boseki Co., Ltd.",18.98,2026-08-24T22:27:28.671758+00:00,False,+43.8%,True,$3454.8M,,N/A,False,3.8K,False,$18.98 / SMA $21.67,True,8.43%,,N/A,True,138.5M,False,PNK,False,
NBH,Neuberger Berman Income Funds - Neuberger Municipal Fund Inc.,10.22,2026-08-24T22:26:10.934661+00:00,False,+4.6%,True,$302.7M,,,False,94.1K,False,$10.22 / SMA $10.30,False,1.03%,,,,,True,ASE,False,
NBN,Northeast Bank,129.53,2026-08-24T22:30:59.765989+00:00,False,+60.4%,True,$1108.2M,,N/A,False,137.7K,False,$129.53 / SMA $130.91,True,3.29%,,N/A,True,7.4M,True,NGM,False,
NCA,Nuveen California Municipal Value Fund,9.1,2026-08-24T22:35:57.216370+00:00,False,+7.7%,True,$301.4M,,N/A,False,58.3K,False,$9.10 / SMA $9.16,False,1.08%,,N/A,,N/A,True,NYQ,False,
NCBDF,BANDAI NAMCO Holdings Inc.,22.44,2026-08-24T22:27:16.395209+00:00,False,+0.0%,True,$14392.3M,,N/A,False,0.0K,False,$22.44 / SMA $24.14,False,0.00%,,N/A,False,534.8M,False,PNK,False,
NCLTF,"Nitori Holdings Co., Ltd.",18.23,2026-08-24T22:16:40.104659+00:00,False,+37.6%,True,$10301.0M,,,False,0.1K,True,$18.23 / SMA $14.90,False,0.00%,,,False,441.6M,False,PNK,False,
NCLTY,"Nitori Holdings Co., Ltd.",9.56,2026-08-24T22:27:22.762768+00:00,False,+38.6%,True,$10803.9M,,N/A,False,196.5K,True,$9.56 / SMA $8.07,True,3.23%,,N/A,False,883.2M,False,PNK,False,
NDEKY,Nitto Denko Corporation,21.31,2026-08-24T22:27:18.429893+00:00,False,+20.1%,True,$14097.1M,,N/A,False,53.8K,True,$21.31 / SMA $20.58,False,1.80%,,N/A,False,663.7M,False,PNK,False,
NDGPY,Nine Dragons Paper (Holdings) Limited,18.5,2026-08-24T22:18:38.830858+00:00,False,+51.0%,True,$4340.3M,,,False,0.0K,True,$18.50 / SMA $17.57,False,0.00%,,,True,76.4M,False,PNK,False,
NDMO,Nuveen Dynamic Municipal Opportunities Fund,9.93,2026-08-24T22:34:13.221322+00:00,False,+2.2%,True,$600.6M,,N/A,False,130.5K,False,$9.93 / SMA $10.11,False,0.92%,,N/A,,N/A,True,NYQ,False,
NDVLY,New World Development Company Limited,0.4,2026-08-24T22:29:13.708759+00:00,False,+25.0%,True,$2273.0M,,N/A,False,1.1K,True,$0.40 / SMA $0.38,False,0.00%,,N/A,False,2733.6M,False,PNK,False,
NE,Noble Corporation plc,45.98,2026-08-24T22:16:41.993802+00:00,True,+72.2%,True,$7340.3M,False,+-185.2%,True,1533.8K,True,$45.98 / SMA $41.83,True,3.16%,False,+-15.2%,False,158.0M,True,NYQ,False,
NECPY,NEC Corporation,13.93,2026-08-24T22:27:06.656083+00:00,False,+29.2%,False,$0.0M,,N/A,False,2.1K,True,$13.93 / SMA $13.86,True,4.28%,,N/A,False,2521.9M,False,PNK,False,
NEE,"NextEra Energy, Inc.",84.1,2026-08-24T22:26:58.042325+00:00,False,+21.5%,True,$175399.4M,True,+53.1%,True,11468.4K,False,$84.10 / SMA $87.13,False,1.81%,False,+12.4%,False,2081.2M,True,NYQ,False,
NEGG,"Newegg Commerce, Inc.",18.19,2026-08-24T22:34:17.715958+00:00,False,+45.5%,True,$381.5M,,N/A,False,83.1K,True,$18.19 / SMA $16.09,True,10.69%,,N/A,True,1.4M,True,NCM,False,
NEM,Newmont Corporation,131.84,2026-08-24T22:26:59.854680+00:00,True,+86.0%,True,$138918.8M,False,+11.4%,True,8215.3K,True,$131.84 / SMA $102.22,False,2.99%,False,+15.1%,False,1051.3M,True,NYQ,False,
NEO,"NeoGenomics, Inc.",16.41,2026-08-24T22:22:19.294678+00:00,True,+157.2%,True,$2136.8M,True,+105.7%,True,2796.4K,True,$16.41 / SMA $14.52,True,4.56%,False,+11.2%,True,117.0M,True,NCM,False,
NESR,National Energy Services Reunited Corp.,33.42,2026-08-24T22:29:14.466433+00:00,True,+294.8%,True,$3370.5M,True,+109.1%,True,2203.2K,True,$33.42 / SMA $28.97,True,5.60%,True,+33.5%,True,72.4M,True,NCM,True,
NETLF,NetLink NBN Trust,0.769,2026-08-24T22:20:19.380335+00:00,False,+3.1%,True,$2996.8M,,,False,0.0K,True,$0.77 / SMA $0.77,False,0.00%,,,False,2895.6M,False,PNK,False,
NEWTG,"NewtekOne, Inc. 8.50% Fixed Rate Senior Notes due 2029",25.66,2026-08-24T22:26:01.185398+00:00,False,+4.7%,,,,,False,3.8K,True,$25.66 / SMA $25.51,False,0.34%,,,,,True,NGM,False,
NEWTP,"NewtekOne, Inc.",24.8525,2026-08-24T22:34:19.296120+00:00,False,+10.4%,,N/A,,N/A,False,3.5K,True,$24.85 / SMA $24.79,False,0.90%,False,+8.0%,True,25.0M,True,NGM,False,
NEXOY,"NEXON Co., Ltd.",19.49,2026-08-24T22:27:20.077860+00:00,False,+49.8%,True,$15180.3M,,N/A,False,44.2K,True,$19.49 / SMA $15.17,False,1.57%,,N/A,False,321.9M,False,PNK,False,
NEXT,NextDecade Corporation,7.35,2026-08-24T22:29:16.222792+00:00,False,+54.7%,True,$1956.5M,False,+-8.7%,True,2768.5K,True,$7.35 / SMA $7.28,True,5.29%,,N/A,True,130.3M,True,NCM,False,
NEXXY,Nexi S.p.A.,4.83,2026-08-24T22:29:05.181412+00:00,False,+20.8%,True,$5673.9M,,N/A,False,1.6K,True,$4.83 / SMA_short $4.58,False,0.40%,,N/A,False,459.6M,False,PNK,False,
NFBK,Northfield Bancorp Inc,15.31,2026-08-24T22:34:13.511951+00:00,False,+54.6%,True,$639.4M,,N/A,False,297.3K,True,$15.31 / SMA_short $15.25,,N/A,,N/A,True,41.2M,True,NMS,False,
NFG,National Fuel Gas Company,82.46,2026-08-24T22:27:25.469211+00:00,False,+9.7%,True,$7837.4M,False,+-11.6%,True,682.8K,True,$82.46 / SMA $80.04,False,1.96%,False,+1.1%,True,93.6M,True,NYQ,False,
NFYEF,NFI Group Inc.,16.05,2026-08-24T22:30:50.286440+00:00,True,+81.2%,True,$1911.7M,True,+110.8%,False,31.8K,False,$16.05 / SMA $17.26,False,1.66%,False,+18.6%,True,91.8M,False,PNK,False,
NGCRF,NagaCorp Ltd.,0.5022,2026-08-24T22:29:15.684322+00:00,False,+22.5%,True,$2221.2M,,N/A,False,1.2K,True,$0.50 / SMA $0.45,False,0.00%,,N/A,False,1047.1M,False,PNK,False,
NGL,NGL Energy Partners LP,16.33,2026-08-24T22:20:28.437682+00:00,True,+233.9%,True,$2021.9M,True,+1100.0%,False,263.7K,True,$16.33 / SMA $16.11,True,4.75%,True,+59.1%,True,111.4M,True,NYQ,False,
NGLOY,Anglo American plc,28.47,2026-08-24T22:16:00.441532+00:00,True,+94.6%,True,$61010.5M,,,False,378.1K,True,$28.47 / SMA $25.37,False,2.33%,,,False,1903.6M,False,OQX,False,
NGS,"Natural Gas Services Group, Inc.",34.77,2026-08-24T22:34:14.721454+00:00,False,+38.8%,True,$448.5M,True,+39.5%,False,136.1K,False,$34.77 / SMA $38.87,True,4.32%,False,+17.1%,True,12.6M,True,NYQ,False,
NGVT,Ingevity Corporation,68.81,2026-08-24T22:29:15.855981+00:00,False,+50.1%,True,$2365.5M,True,+124.9%,False,260.3K,False,$68.81 / SMA $73.76,True,3.80%,False,+-5.2%,True,34.1M,True,NYQ,False,
NGXXF,NGEx Minerals Ltd.,21.02,2026-08-24T22:18:38.764272+00:00,False,+40.8%,True,$4558.4M,False,+10.0%,False,35.9K,True,$21.02 / SMA $18.66,True,3.58%,,,True,136.4M,False,OQX,False,
NHC,National HealthCare Corporation,228.38,2026-08-24T22:29:11.990933+00:00,True,+106.1%,True,$3576.7M,True,+67.1%,False,131.7K,True,$228.38 / SMA $216.51,True,3.95%,False,+8.8%,True,12.7M,True,ASE,False,
NHPEF,New Hope Corporation Limited,4.24,2026-08-24T22:20:16.457727+00:00,False,+68.9%,True,$3629.8M,,,False,15.2K,True,$4.24 / SMA $3.85,True,3.94%,,,False,485.3M,False,PNK,False,
NI,NiSource Inc.,40.83,2026-08-24T22:27:11.365717+00:00,False,+6.2%,True,$19580.4M,False,+-59.1%,True,4956.0K,False,$40.83 / SMA $45.13,False,2.02%,False,+4.6%,False,477.7M,True,NYQ,False,
NIABY,NIBE Industrier AB (publ),4.0412,2026-08-24T22:27:23.554005+00:00,False,+21.4%,True,$8147.3M,True,+31.6%,False,0.6K,True,$4.04 / SMA $3.85,False,0.20%,False,+-0.2%,False,1457.4M,False,PNK,False,
NICE,NICE Ltd.,100.25,2026-08-24T22:18:27.610619+00:00,False,+20.6%,True,$5858.9M,False,+-52.7%,True,658.5K,True,$100.25 / SMA $96.26,True,4.00%,False,+7.6%,False,1458.3M,True,NMS,False,
NIKA,NIKA,0.41999,2026-08-24T22:24:15.605827+00:00,True,+110.0%,True,$440.4M,,,False,0.1K,False,$0.42 / SMA $0.57,True,4.34%,,,False,276.6M,False,OQB,False,
NINOY,Nikon Corporation,12.65,2026-08-24T22:29:08.764065+00:00,False,+30.4%,True,$4167.1M,,N/A,False,8.9K,False,$12.65 / SMA $13.08,True,5.10%,,N/A,False,264.0M,False,PNK,False,
NJR,New Jersey Resources Corporation,53.74,2026-08-24T22:27:29.389240+00:00,False,+23.7%,True,$5423.5M,True,+166.7%,True,687.7K,False,$53.74 / SMA $56.76,False,2.07%,False,+16.8%,True,100.8M,True,NYQ,False,
NKOKF,"Noritsu Koki Co., Ltd.",12.445,2026-08-24T22:22:13.966912+00:00,True,+86.7%,True,$1301.7M,,,False,0.0K,True,$12.45 / SMA $4.00,False,0.00%,,,True,18.2M,False,PNK,False,
NKRKF,Nokian Renkaat Oyj,17.3,2026-08-24T22:30:52.215662+00:00,True,+92.2%,True,$2386.2M,True,+151.9%,False,0.1K,True,$17.30 / SMA $15.17,False,0.00%,True,+41.0%,True,123.7M,False,PNK,False,
NKX,Nuveen California AMT-Free Quality Municipal Income Fund,12.08,2026-08-24T22:24:10.073944+00:00,False,+3.4%,True,$645.6M,,,False,137.0K,False,$12.08 / SMA $12.28,False,0.81%,,,,,True,NYQ,False,
NL,"NLI Holdings, Inc.",6.43,2026-08-24T22:26:03.919751+00:00,False,+27.6%,True,$314.4M,True,+1700.0%,False,55.3K,True,$6.43 / SMA $6.07,True,4.01%,False,+8.0%,True,8.3M,True,NYQ,False,
NLLSF,Nel ASA,0.18,2026-08-24T22:34:11.322284+00:00,True,+260.0%,True,$330.8M,False,+0.0%,False,10.1K,False,$0.18 / SMA $0.21,True,18.85%,False,+-1.2%,False,1670.6M,False,PNK,False,
NMAX,NMAX,10.58,2026-08-24T22:30:59.753547+00:00,True,+107.0%,True,$1366.5M,True,+95.9%,True,1273.5K,True,$10.58 / SMA $8.52,True,6.76%,False,+14.0%,True,30.9M,True,NYQ,False,
NMCO,Nuveen Municipal Credit Opportunities Fund,10.4,2026-08-24T22:34:13.791746+00:00,False,+2.5%,True,$581.8M,,N/A,False,165.5K,False,$10.40 / SMA $10.57,False,0.79%,,N/A,,N/A,True,NYQ,False,
NMG,Nouveau Monde Graphite Inc.,1.45,2026-08-24T22:26:10.341672+00:00,False,+15.1%,True,$477.3M,True,+62.5%,True,634.5K,True,$1.45 / SMA $1.45,True,5.11%,,,False,192.0M,True,NYQ,False,
NML,Neuberger Berman Income Funds - Neuberger Energy Infrastructure and Income Fund Inc.,10.41,2026-08-24T22:24:12.963455+00:00,False,+31.9%,True,$589.8M,,,False,135.9K,True,$10.41 / SMA $10.17,False,2.61%,,,,,True,ASE,False,
NMM,Navios Maritime Partners L.P.,89.72,2026-08-24T22:30:50.451227+00:00,True,+108.6%,True,$2550.3M,True,+163.8%,False,117.4K,True,$89.72 / SMA $76.56,False,2.69%,False,+17.4%,True,14.7M,True,NYQ,False,
NMRSF,"Namura Shipbuilding Co., Ltd.",27.87,2026-08-24T22:22:09.608895+00:00,False,+32.0%,True,$1938.2M,,,False,0.1K,True,$27.87 / SMA $24.24,False,0.00%,,,True,49.9M,False,PNK,False,
NMZ,Nuveen Municipal High Income Opportunity Fund,10.06,2026-08-24T22:20:29.390083+00:00,False,+0.9%,True,$2166.6M,,,True,658.9K,False,$10.06 / SMA $10.23,False,0.73%,,,,,True,NYQ,False,
NNCSF,Nanosonics Limited,2.07,2026-08-24T22:34:10.960908+00:00,False,+3.0%,True,$618.7M,,N/A,False,0.1K,False,$2.07 / SMA $2.36,False,0.00%,,N/A,False,255.7M,False,PNK,False,
NNDM,Nano Dimension Ltd.,1.54,2026-08-24T22:26:03.708530+00:00,False,+29.4%,True,$324.7M,True,+96.4%,True,3972.6K,True,$1.54 / SMA $1.49,True,3.77%,False,+12.1%,False,201.7M,True,NCM,False,
NOA,North American Construction Group Ltd.,13.41,2026-08-24T22:24:23.201852+00:00,False,+11.1%,True,$360.9M,False,+-9.5%,False,114.4K,False,$13.41 / SMA $13.69,True,3.86%,False,+-6.3%,True,24.0M,True,NYQ,False,
NOG,"Northern Oil and Gas, Inc.",26.84,2026-08-24T22:20:25.432578+00:00,False,+56.2%,True,$2859.8M,True,+119.0%,True,3067.2K,True,$26.84 / SMA $21.02,True,3.56%,False,+16.8%,True,103.0M,True,NYQ,False,
NONOF,Novo Nordisk A/S,46.85,2026-08-24T22:15:50.779914+00:00,False,+37.8%,True,$207174.2M,False,+-20.5%,False,51.8K,False,$46.85 / SMA $47.37,True,5.59%,False,+2.1%,False,3173.0M,False,PNK,False,
NOW,"ServiceNow, Inc.",128.05,2026-08-24T22:15:54.164962+00:00,False,+57.6%,True,$132386.0M,False,+-21.2%,True,25500.4K,True,$128.05 / SMA $109.42,True,5.01%,False,+24.0%,False,1031.3M,True,NYQ,False,
NPACU,New Providence Acquisition Corp. III,10.46,2026-08-24T22:24:24.686365+00:00,False,+2.8%,,,,,False,1.6K,True,$10.46 / SMA $10.45,False,0.03%,,,True,28.1M,True,NGM,False,
NPCE,"NeuroPace, Inc.",13.99,2026-08-24T22:34:13.790114+00:00,False,+62.5%,True,$480.2M,False,+4.8%,False,189.5K,False,$13.99 / SMA $15.29,True,5.51%,False,+-2.0%,True,25.6M,True,NGM,False,
NPCPF,"Nippon Paint Holdings Co., Ltd.",6.6945,2026-08-24T22:27:16.995727+00:00,False,+11.6%,True,$15527.6M,,N/A,False,0.5K,True,$6.69 / SMA $5.07,False,0.00%,,N/A,False,818.4M,False,PNK,False,
NPKI,NPK International Inc.,13.16,2026-08-24T22:30:56.305071+00:00,False,+30.2%,True,$1117.4M,True,+27.3%,True,978.6K,False,$13.16 / SMA $14.24,True,4.25%,True,+25.9%,True,80.7M,True,NYQ,False,
NPKYY,"Nippon Kayaku Co., Ltd.",13.9,2026-08-24T22:20:32.686000+00:00,False,+64.3%,True,$2061.7M,,,False,0.0K,True,$13.90 / SMA $13.16,False,0.00%,,,,,False,PNK,False,
NPNYY,Nippon Yusen Kabushiki Kaisha,9.01,2026-08-24T22:27:17.282974+00:00,False,+48.9%,True,$18180.2M,,N/A,False,105.8K,True,$9.01 / SMA $7.24,False,1.73%,,N/A,False,2014.4M,False,PNK,False,
NPO,Enpro Inc.,304.52,2026-08-24T22:27:27.632680+00:00,False,+50.8%,True,$6446.0M,False,+1.6%,False,247.4K,False,$304.52 / SMA $338.19,True,4.52%,,N/A,True,20.8M,True,NYQ,False,
NPPXF,"NTT, Inc.",1.04,2026-08-24T22:15:56.951076+00:00,False,+22.4%,True,$84451.1M,,,False,185.4K,True,$1.04 / SMA $0.93,False,1.63%,,,False,49592.5M,False,PNK,False,
NPTLF,Northam Platinum Holdings Limited,16.06,2026-08-24T22:27:22.230997+00:00,False,+60.6%,True,$6323.2M,,N/A,False,0.0K,False,$16.06 / SMA $20.21,False,0.00%,,N/A,False,371.4M,False,PNK,False,
NPWR,NET Power Inc.,1.99,2026-08-24T22:24:22.675017+00:00,False,+47.4%,False,$176.1M,True,+92.3%,True,792.6K,True,$1.99 / SMA $1.61,True,8.74%,,,True,46.3M,True,NYQ,False,
NRG,"NRG Energy, Inc.",111.78,2026-08-24T22:27:08.778879+00:00,False,+0.4%,True,$23497.3M,True,+472.6%,True,2763.9K,False,$111.78 / SMA $131.24,True,5.60%,False,+11.0%,False,209.2M,True,NYQ,False,
NRGIY,NRGIY,,2026-08-24T22:27:24.737559+00:00,False,N/A,False,N/A,False,N/A,False,N/A,False,N/A,False,N/A,False,N/A,False,N/A,False,Unknown,False,No price data available
NRKBF,NKT A/S,158.3,2026-08-24T22:16:39.530974+00:00,True,+80.4%,True,$8461.2M,False,+10.0%,False,0.0K,False,$158.30 / SMA $158.30,False,0.00%,False,+3.2%,True,50.9M,False,PNK,False,
NRSDY,Nordic Semiconductor ASA,17.18,2026-08-24T22:29:05.750262+00:00,False,+36.3%,True,$3398.1M,True,+57.7%,False,0.4K,False,$17.18 / SMA $17.67,False,0.36%,True,+33.2%,False,157.5M,False,PNK,False,
NSA,National Storage Affiliates Trust,43.41,2026-08-24T22:18:25.572625+00:00,False,+58.3%,True,$6391.4M,,,True,1337.2K,False,$43.41 / SMA_short $44.50,,,False,+-1.6%,True,71.3M,True,NYQ,False,
NSIT,"Insight Enterprises, Inc.",145.29,2026-08-24T22:29:12.454157+00:00,True,+128.4%,True,$4264.1M,True,+76.0%,False,459.3K,True,$145.29 / SMA $126.46,True,4.49%,False,+14.7%,True,28.8M,True,NMS,False,
NSP,"Insperity, Inc.",52.14,2026-08-24T22:22:18.758054+00:00,True,+180.8%,True,$1991.5M,True,+171.4%,True,699.1K,True,$52.14 / SMA $47.00,True,5.27%,False,+1.7%,True,35.8M,True,NYQ,False,
NSRGY,Nestlé S.A.,99.97,2026-08-24T22:15:49.843754+00:00,False,+13.0%,True,$257144.8M,,,False,425.5K,False,$99.97 / SMA $101.05,False,0.94%,,,False,2570.9M,False,OID,False,
NTAP,"NetApp, Inc.",186.86,2026-08-24T22:27:09.261085+00:00,True,+99.4%,True,$36609.6M,False,+23.0%,True,3216.6K,True,$186.86 / SMA $173.45,True,3.95%,False,+12.5%,False,194.8M,True,NMS,False,
NTCT,"NetScout Systems, Inc.",37.81,2026-08-24T22:20:20.648749+00:00,False,+63.4%,True,$2749.1M,True,+680.0%,True,648.1K,False,$37.81 / SMA $40.67,True,3.33%,False,+12.7%,True,69.1M,True,NMS,False,
NTLA,"Intellia Therapeutics, Inc.",12.56,2026-08-24T22:30:51.316082+00:00,False,+58.0%,True,$1760.0M,False,+18.4%,True,4965.8K,False,$12.56 / SMA $13.30,True,5.27%,False,+-46.2%,True,134.4M,True,NGM,False,
NTR,Nutrien Ltd.,74.29,2026-08-24T22:27:07.202028+00:00,False,+40.1%,True,$35451.9M,False,+1.2%,True,2783.5K,True,$74.29 / SMA $66.58,False,2.67%,False,+3.6%,False,476.5M,True,NYQ,False,
NTRS,Northern Trust Corporation,186.66,2026-08-24T22:16:09.848778+00:00,False,+54.1%,True,$34150.5M,True,+98.6%,True,1114.0K,True,$186.66 / SMA $181.76,False,2.04%,True,+35.0%,False,179.8M,True,NMS,False,
NTRSO,Northern Trust Corporation,18.75,2026-08-24T22:27:08.029264+00:00,False,+2.8%,,N/A,,N/A,False,52.3K,True,$18.75 / SMA $18.52,False,0.93%,True,+35.0%,False,179.8M,True,NMS,False,
NUFMF,Nufarm Limited,1.92,2026-08-24T22:24:07.539222+00:00,True,+93.9%,True,$737.8M,,,False,0.6K,False,$1.92 / SMA $1.94,False,0.00%,,,False,378.9M,False,OQX,False,
NURAF,"Nomura Research Institute, Ltd.",29.3,2026-08-24T22:16:22.923276+00:00,False,+25.4%,True,$16411.0M,,,False,0.4K,False,$29.30 / SMA $29.37,False,0.32%,,,False,384.9M,False,PNK,False,
NUTX,Nutex Health Inc.,187.6,2026-08-24T22:22:30.185034+00:00,True,+143.0%,True,$1284.7M,True,+418.0%,False,140.6K,True,$187.60 / SMA $167.00,True,7.15%,False,+-13.6%,True,4.1M,True,NCM,False,
NUVB,Nuvation Bio Inc.,6.76,2026-08-24T22:22:10.043922+00:00,True,+138.4%,True,$2373.6M,False,+-5.9%,True,6812.6K,True,$6.76 / SMA $6.12,True,5.80%,True,+555.6%,False,263.6M,True,NYQ,False,
NUVL,Nuvalent Inc,123.96,2026-08-24T22:16:42.993810+00:00,True,+74.3%,True,$9792.6M,,,True,2330.0K,True,$123.96 / SMA_short $123.96,,,,,True,49.1M,True,NGM,False,
NVAAF,NVAAF,,2026-08-24T22:35:56.858764+00:00,False,N/A,False,N/A,False,N/A,False,N/A,False,N/A,False,N/A,False,N/A,False,N/A,False,Unknown,False,No price data available
NVDA,NVIDIA Corporation,208.48,2026-08-24T22:15:48.381285+00:00,False,+27.1%,True,$5049593.9M,True,+214.5%,True,140182.2K,True,$208.48 / SMA $207.65,False,2.88%,True,+85.2%,False,23226.2M,True,NMS,False,
NVEC,NVE Corporation,106.67,2026-08-24T22:34:17.140380+00:00,True,+86.5%,True,$516.0M,True,+78.4%,False,241.2K,True,$106.67 / SMA $106.29,True,6.17%,True,+80.7%,True,4.8M,True,NCM,False,
NVG,Nuveen AMT-Free Municipal Credit Income Fund,12.15,2026-08-24T22:29:14.277213+00:00,False,+4.4%,True,$2622.2M,,N/A,False,485.8K,False,$12.15 / SMA $12.45,False,0.90%,,N/A,,N/A,True,NYQ,False,
NVO,Novo Nordisk A/S,46.92,2026-08-24T22:15:50.881928+00:00,False,+33.6%,True,$207483.7M,False,+-20.5%,True,12398.2K,False,$46.92 / SMA $47.10,False,2.74%,False,+2.1%,False,3173.0M,True,NYQ,False,
NVR,"NVR, Inc.",6397.59,2026-08-24T22:27:15.060544+00:00,False,+16.3%,True,$17048.7M,False,+-22.6%,False,32.4K,False,$6397.59 / SMA $6438.22,False,2.48%,False,+-10.5%,True,2.6M,True,NYQ,False,
NVS,Novartis AG,158.02,2026-08-24T22:26:57.318013+00:00,False,+30.0%,True,$300351.0M,False,+-17.0%,True,1886.6K,True,$158.02 / SMA $154.41,False,1.48%,False,+0.8%,False,1856.4M,True,NYQ,False,
NVZMY,Novozymes A/S,71.45,2026-08-24T22:27:09.108456+00:00,False,+43.2%,True,$33312.0M,False,+-18.9%,False,36.7K,True,$71.45 / SMA $64.02,False,2.31%,False,+14.1%,False,347.6M,False,PNK,False,
NWE,"NorthWestern Energy Group, Inc.",69.66,2026-08-24T22:18:33.878947+00:00,False,+25.5%,True,$4285.3M,False,+14.3%,False,476.9K,False,$69.66 / SMA $70.53,False,2.02%,False,+14.6%,True,61.1M,True,NMS,False,
NWG,NatWest Group plc,18.73,2026-08-24T22:27:02.647597+00:00,False,+38.1%,True,$74444.2M,,N/A,True,4378.5K,True,$18.73 / SMA $17.81,False,1.31%,False,+12.8%,False,3959.5M,True,NYQ,False,
NWL,Newell Brands Inc.,6.07,2026-08-24T22:22:12.679985+00:00,True,+97.7%,True,$2585.2M,True,+127.3%,True,11469.9K,True,$6.07 / SMA $5.55,True,6.15%,False,+3.0%,False,391.1M,True,NMS,False,
NWPX,"NWPX Infrastructure, Inc.",110.51,2026-08-24T22:30:58.410608+00:00,True,+124.4%,True,$1065.0M,True,+78.0%,False,195.1K,False,$110.51 / SMA $129.72,True,4.90%,False,+19.7%,True,9.3M,True,NMS,False,
NXPRF,Nexans S.A.,175.0,2026-08-24T22:16:43.277247+00:00,False,+27.9%,True,$7649.0M,,,False,0.1K,True,$175.00 / SMA $160.97,False,0.00%,,,True,37.9M,False,PNK,False,
NXSNF,"NextVision Stabilized Systems, Ltd.",76.3,2026-08-24T22:16:38.490144+00:00,True,+94.7%,True,$7061.2M,True,+63.6%,False,0.3K,False,$76.30 / SMA $80.15,False,0.31%,True,+86.3%,True,77.1M,False,PNK,False,
NXT,Nextpower Inc.,84.72,2026-08-24T22:27:13.024938+00:00,False,+31.8%,True,$13016.2M,False,+2.9%,True,3074.0K,False,$84.72 / SMA $105.84,True,5.67%,False,+8.2%,True,149.4M,True,NMS,False,
O,Realty Income Corporation,63.17,2026-08-24T22:15:59.893449+00:00,False,+13.1%,True,$59772.6M,True,+68.2%,True,5921.2K,True,$63.17 / SMA $62.97,False,1.56%,False,+6.6%,False,944.1M,True,NYQ,False,
OBA,Oxley Bridge Acquisition Limited,10.3,2026-08-24T22:35:54.479530+00:00,False,+3.7%,True,$325.7M,True,+14962.0%,False,5.9K,True,$10.30 / SMA $10.26,False,0.02%,,N/A,True,25.3M,True,NGM,False,
OBDC,Blue Owl Capital Corporation,11.4,2026-08-24T22:27:30.174353+00:00,False,+8.4%,True,$5621.8M,False,+-51.9%,True,3858.0K,True,$11.40 / SMA $10.99,False,2.24%,False,+-43.9%,,N/A,True,NYQ,False,
OBT,"Orange County Bancorp, Inc.",38.26,2026-08-24T22:34:16.813058+00:00,False,+64.6%,True,$513.0M,False,+17.2%,False,70.4K,True,$38.26 / SMA $37.59,False,2.50%,,N/A,True,11.4M,True,NCM,False,
OCDDY,Ocado Group plc,6.28,2026-08-24T22:20:28.000562+00:00,False,+58.6%,True,$2623.7M,,,False,13.0K,True,$6.28 / SMA $5.29,False,1.69%,,,False,271.5M,False,PNK,False,
OCDGF,Ocado Group plc,3.4,2026-08-24T22:29:16.224570+00:00,True,+70.0%,True,$2840.9M,,N/A,False,0.3K,True,$3.40 / SMA $2.66,False,0.36%,,N/A,False,543.0M,False,PNK,False,
OCFC,OceanFirst Financial Corp.,18.94,2026-08-24T22:22:22.918394+00:00,False,+11.1%,True,$1830.5M,False,+-114.3%,True,1063.6K,False,$18.94 / SMA $19.10,False,1.99%,True,+32.6%,True,84.5M,True,NMS,False,
OCPNF,Olympus Corporation,11.6,2026-08-24T22:16:30.351066+00:00,False,+45.0%,True,$12329.1M,,,False,0.4K,True,$11.60 / SMA $11.21,False,0.00%,,,False,1062.4M,False,PNK,False,
OCS,Oculis Holding AG,13.18,2026-08-24T22:30:51.923968+00:00,False,+25.3%,True,$731.9M,True,+67.3%,True,641.4K,True,$13.18 / SMA $12.40,True,4.47%,,N/A,True,52.4M,True,NGM,False,
OCSL,Oaktree Specialty Lending Corporation,13.16,2026-08-24T22:22:24.077531+00:00,False,+23.8%,True,$1159.2M,False,+-20.5%,True,567.2K,True,$13.16 / SMA $12.15,False,2.29%,False,+-5.1%,,,True,NMS,False,
ODFL,"Old Dominion Freight Line, Inc.",201.48,2026-08-24T22:16:03.965852+00:00,False,+59.9%,True,$41778.2M,True,+32.3%,True,1814.9K,False,$201.48 / SMA $220.38,True,3.36%,False,+10.4%,False,185.7M,True,NMS,False,
OFIX,Orthofix Medical Inc.,9.79,2026-08-24T22:34:17.391385+00:00,False,+10.6%,True,$398.8M,False,+-8.3%,False,411.2K,False,$9.79 / SMA $10.62,True,5.15%,False,+3.8%,True,40.4M,True,NMS,False,
OGC,OceanaGold Corporation,31.18,2026-08-24T22:18:20.410127+00:00,True,+85.0%,True,$6935.9M,True,+102.0%,False,448.1K,True,$31.18 / SMA $25.88,True,3.76%,True,+49.7%,False,221.5M,True,NYQ,False,
OGCP,"Empire State Realty OP, L.P.",4.7,2026-08-24T22:22:13.184650+00:00,False,+4.4%,True,$1316.9M,False,+-475.0%,False,1.2K,False,$4.70 / SMA $5.25,False,1.49%,False,+3.0%,True,22.5M,True,PCX,False,
OGFGF,Origin Energy Limited,6.7,2026-08-24T22:27:17.314493+00:00,False,+0.0%,True,$11908.2M,,N/A,False,0.0K,False,$6.70 / SMA $7.46,False,0.00%,,N/A,False,1713.8M,False,PNK,False,
OGS,"ONE Gas, Inc.",80.35,2026-08-24T22:18:28.782282+00:00,False,+8.5%,True,$5050.5M,True,+39.6%,True,638.7K,True,$80.35 / SMA $78.33,False,2.09%,False,+-2.9%,True,62.2M,True,NYQ,False,
OIS,"Oil States International, Inc.",8.31,2026-08-24T22:34:14.856914+00:00,False,+54.7%,True,$501.3M,,N/A,True,717.5K,False,$8.31 / SMA $8.31,True,5.20%,False,+-5.3%,True,55.5M,True,NYQ,False,
OKE,"ONEOK, Inc.",93.02,2026-08-24T22:27:02.940475+00:00,False,+45.3%,True,$58605.6M,False,+14.2%,True,3764.0K,True,$93.02 / SMA $89.59,False,2.48%,True,+52.8%,False,628.5M,True,NYQ,False,
OKLO,Oklo Inc.,39.69,2026-08-24T22:16:32.782404+00:00,False,+8.4%,True,$7383.0M,False,+-55.6%,True,10784.4K,False,$39.69 / SMA $47.03,True,7.01%,,,True,149.4M,True,NYQ,False,
OKTA,"Okta, Inc.",130.97,2026-08-24T22:16:23.543107+00:00,True,+109.0%,True,$22965.1M,False,+20.0%,True,3636.3K,False,$130.97 / SMA $138.06,True,4.46%,False,+11.2%,False,165.6M,True,NMS,False,
OLCLY,"Oriental Land Co., Ltd.",18.8,2026-08-24T22:27:11.880911+00:00,False,+45.3%,True,$30826.7M,,N/A,False,62.0K,True,$18.80 / SMA $16.88,True,3.24%,,N/A,False,1149.0M,False,PNK,False,
OLED,Universal Display Corporation,84.71,2026-08-24T22:18:33.502649+00:00,False,+10.8%,True,$3893.9M,False,+-24.8%,True,744.9K,True,$84.71 / SMA $84.55,True,3.70%,False,+-11.4%,True,42.1M,True,NMS,False,
OLMA,"Olema Pharmaceuticals, Inc.",10.43,2026-08-24T22:30:56.924346+00:00,True,+94.6%,True,$912.6M,False,+-44.4%,True,1433.9K,False,$10.43 / SMA $11.30,True,5.44%,,N/A,True,59.2M,True,NMS,False,
OLN,Olin Corporation,17.57,2026-08-24T22:20:19.950226+00:00,False,+0.1%,True,$2002.7M,False,+-1100.0%,True,3117.8K,False,$17.57 / SMA $20.79,True,4.38%,False,+-0.9%,True,107.6M,True,NYQ,False,
OLPX,Olaplex Holdings Inc,2.07,2026-08-24T22:30:55.052755+00:00,True,+108.6%,True,$1391.3M,,N/A,True,5278.4K,True,$2.07 / SMA_short $2.07,,N/A,,N/A,False,168.9M,True,NGM,False,
OMCL,"Omnicell, Inc.",34.66,2026-08-24T22:20:31.404850+00:00,False,+19.3%,True,$1581.0M,True,+333.3%,True,747.0K,False,$34.66 / SMA $40.18,True,4.14%,False,+7.4%,True,44.4M,True,NMS,False,
OMF,"OneMain Holdings, Inc.",62.89,2026-08-24T22:27:28.146087+00:00,False,+37.4%,True,$7235.0M,False,+-5.7%,True,1058.3K,True,$62.89 / SMA $60.51,False,2.41%,False,+6.6%,True,108.3M,True,NYQ,False,
OMRNY,OMRON Corporation,39.39,2026-08-24T22:16:47.567683+00:00,False,+69.6%,True,$7745.2M,,,False,55.2K,True,$39.39 / SMA $36.83,False,2.45%,,,False,192.6M,False,PNK,False,
OMVJF,OMV Aktiengesellschaft,81.0,2026-08-24T22:16:14.737821+00:00,False,+61.4%,True,$26417.7M,True,+268.2%,False,0.1K,True,$81.00 / SMA $68.76,False,0.00%,True,+29.6%,True,141.1M,False,OQX,False,
OMVKY,OMV Aktiengesellschaft,19.84,2026-08-24T22:16:15.134766+00:00,False,+58.5%,True,$25882.8M,True,+268.2%,False,35.1K,True,$19.84 / SMA $17.66,False,0.91%,True,+29.6%,True,141.1M,False,OQX,False,
ONDS,Ondas Inc.,8.24,2026-08-24T22:18:32.808010+00:00,True,+81.9%,True,$4701.4M,True,+613.4%,True,88106.8K,True,$8.24 / SMA $8.20,True,7.85%,True,+1079.9%,False,533.4M,True,NCM,False,
ONT,"Onterris, Inc.",15.33,2026-08-24T22:34:13.241793+00:00,False,+20.9%,True,$538.4M,False,+-90.5%,True,729.4K,False,$15.33 / SMA $18.87,True,8.64%,False,+-20.4%,True,30.6M,True,NYQ,False,
OPAL,OPAL Fuels Inc.,2.1,2026-08-24T22:26:00.693409+00:00,False,+27.3%,True,$367.0M,False,+-800.0%,False,265.1K,False,$2.10 / SMA $2.19,True,7.69%,False,+-14.1%,True,16.9M,True,NCM,False,
OPCH,"Option Care Health, Inc.",23.67,2026-08-24T22:29:11.036717+00:00,False,+31.4%,True,$3545.4M,False,+12.9%,True,2566.1K,True,$23.67 / SMA $22.37,True,3.29%,False,+1.9%,True,147.8M,True,NMS,False,
OPHLY,"Ono Pharmaceutical Co., Ltd.",5.09,2026-08-24T22:27:26.159602+00:00,False,+43.4%,True,$7176.2M,,N/A,False,41.1K,True,$5.09 / SMA $4.91,False,1.36%,,N/A,False,1361.8M,False,PNK,False,
OPMXF,"Operadora de Sites Mexicanos, S.A.B. de C.V.",0.9421,2026-08-24T22:20:20.536953+00:00,False,+33.9%,True,$2744.5M,True,+58.3%,False,2.7K,False,$0.94 / SMA $0.97,False,1.03%,False,+3.5%,False,2914.5M,False,PNK,False,
OPTU,OPTU,0.8599,2026-08-24T22:26:09.783841+00:00,False,+47.5%,True,$328.0M,False,+-219.0%,True,10781.7K,False,$0.86 / SMA $1.03,True,9.80%,False,+-5.8%,False,277.6M,True,NYQ,False,
OPY,Oppenheimer Holdings Inc.,115.73,2026-08-24T22:22:24.918095+00:00,True,+81.4%,True,$1239.2M,False,+24.6%,False,123.6K,True,$115.73 / SMA $111.49,True,3.90%,False,+21.9%,True,6.1M,True,NYQ,False,
ORA,"Ormat Technologies, Inc.",105.4,2026-08-24T22:27:24.557616+00:00,False,+18.3%,True,$6481.8M,False,+-6.5%,True,867.8K,False,$105.40 / SMA $110.87,True,3.13%,False,+10.6%,True,58.4M,True,NYQ,False,
ORANY,Orange S.A.,18.55,2026-08-24T22:16:00.180394+00:00,False,+20.8%,True,$49301.7M,,,False,164.4K,False,$18.55 / SMA $18.86,False,1.31%,False,+9.2%,False,1919.6M,False,PNK,False,
ORC,"Orchid Island Capital, Inc.",6.75,2026-08-24T22:22:15.761159+00:00,False,+7.0%,True,$1341.9M,True,+251.7%,True,4952.0K,True,$6.75 / SMA $6.61,False,1.69%,True,+435.7%,False,199.2M,True,NYQ,False,
ORGO,Organogenesis Holdings Inc.,1.67,2026-08-24T22:26:04.398902+00:00,False,+8.4%,False,$214.9M,False,+-670.0%,True,858.8K,False,$1.67 / SMA $2.29,True,6.68%,False,+-57.5%,True,61.1M,True,NCM,False,
ORKA,"Oruka Therapeutics, Inc.",102.42,2026-08-24T22:29:09.585816+00:00,True,+614.2%,True,$6781.2M,False,+-20.0%,True,1223.8K,True,$102.42 / SMA $92.11,True,5.68%,,N/A,True,57.0M,True,NGM,False,
ORKLY,Orkla ASA,10.51,2026-08-24T22:16:32.999457+00:00,False,+6.1%,True,$10107.8M,False,+-4.5%,False,90.1K,False,$10.51 / SMA $10.83,False,1.15%,False,+1.3%,False,643.2M,False,PNK,False,
ORZCF,Orezone Gold Corporation,2.07,2026-08-24T22:22:20.698982+00:00,True,+176.0%,True,$1383.0M,True,+100.0%,False,165.8K,True,$2.07 / SMA $1.71,True,4.90%,True,+124.8%,False,465.4M,False,OQX,False,
OSIS,"OSI Systems, Inc.",204.05,2026-08-24T22:18:40.630389+00:00,False,+9.4%,True,$3363.3M,False,+-2.9%,False,232.5K,False,$204.05 / SMA $220.05,True,3.63%,False,+2.0%,True,15.0M,True,NMS,False,
OSK,Oshkosh Corporation,156.33,2026-08-24T22:27:24.935299+00:00,False,+33.9%,True,$9747.4M,False,+-7.6%,True,755.8K,True,$156.33 / SMA $147.31,True,3.68%,False,+6.7%,True,57.9M,True,NYQ,False,
OSPN,OneSpan Inc.,15.6,2026-08-24T22:34:15.945912+00:00,False,+54.9%,True,$578.3M,False,+-14.3%,False,455.4K,True,$15.60 / SMA $15.09,True,3.92%,False,+1.0%,True,36.1M,True,NCM,False,
OSW,OneSpaWorld Holdings Limited,26.51,2026-08-24T22:20:26.194494+00:00,False,+39.1%,True,$2690.7M,False,+21.1%,True,862.7K,False,$26.51 / SMA $26.68,False,2.67%,False,+8.5%,True,98.8M,True,NCM,False,
OUKPY,Metso Oyj,10.37,2026-08-24T22:27:16.199138+00:00,False,+68.2%,True,$17175.1M,False,+7.1%,False,57.8K,True,$10.37 / SMA $9.05,False,1.46%,False,+10.1%,False,1399.3M,False,PNK,False,
OUT,OUTFRONT Media Inc.,30.42,2026-08-24T22:27:28.898326+00:00,True,+79.3%,True,$5358.0M,True,+340.0%,True,1856.6K,False,$30.42 / SMA $31.80,False,2.74%,False,+13.5%,False,174.1M,True,NYQ,False,
OUTKY,Outokumpu Oyj,3.25,2026-08-24T22:20:18.144421+00:00,True,+72.0%,True,$3064.0M,True,+225.0%,False,0.5K,True,$3.25 / SMA $3.14,False,0.66%,False,+3.8%,False,775.5M,False,PNK,False,
OVHFF,OVH Groupe S.A.,18.83,2026-08-24T22:20:30.025765+00:00,True,+125.8%,True,$2848.8M,,,False,1.1K,True,$18.83 / SMA $17.21,False,0.00%,,,True,26.5M,False,PNK,False,
OWL,Blue Owl Capital Inc.,11.68,2026-08-24T22:16:24.492627+00:00,False,+46.9%,True,$28526.5M,False,+0.0%,True,21204.8K,True,$11.68 / SMA $9.96,True,4.17%,False,+7.1%,False,648.5M,True,NYQ,False,
OXINF,Oxford Instruments plc,38.0,2026-08-24T22:29:15.569151+00:00,False,+60.3%,True,$2089.7M,,N/A,False,0.3K,False,$38.00 / SMA $39.90,False,0.21%,,N/A,True,57.9M,False,PNK,False,
OXY,Occidental Petroleum Corporation,60.11,2026-08-24T22:27:03.090313+00:00,False,+54.9%,True,$60088.2M,True,+957.7%,True,9375.4K,True,$60.11 / SMA $54.88,False,2.32%,True,+53.4%,False,995.6M,True,NYQ,False,
PAC,"Grupo Aeroportuario del Pacífico, S.A.B. de C.V.",205.41,2026-08-24T22:27:18.798238+00:00,False,+1.1%,True,$12222.3M,False,+-7.5%,False,122.1K,False,$205.41 / SMA $228.07,False,2.63%,False,+3.7%,False,5511.9M,True,NYQ,False,
PACK,Ranpak Holdings Corp.,5.03,2026-08-24T22:34:14.698850+00:00,False,+56.2%,True,$431.4M,False,+0.0%,True,536.0K,False,$5.03 / SMA $6.33,True,5.73%,False,+14.0%,True,47.4M,True,NYQ,False,
PACS,"PACS Group, Inc.",44.25,2026-08-24T22:27:28.646903+00:00,True,+490.0%,True,$7003.6M,True,+51.6%,True,901.3K,True,$44.25 / SMA $43.52,True,5.31%,False,+9.1%,True,48.1M,True,NYQ,False,
PAG,"Penske Automotive Group, Inc.",218.07,2026-08-24T22:16:34.002884+00:00,False,+55.6%,True,$14319.1M,False,+4.8%,False,382.6K,True,$218.07 / SMA $199.87,False,1.60%,False,+6.0%,True,17.5M,True,NYQ,False,
PAGS,PagSeguro Digital Ltd.,8.7,2026-08-24T22:29:14.751575+00:00,False,+3.3%,True,$2398.1M,False,+12.2%,True,3033.3K,False,$8.70 / SMA $9.07,True,3.26%,False,+3.2%,True,143.4M,True,NYQ,False,
PAKTY,PT Map Aktif Adiperkasa Tbk,1.23,2026-08-24T22:22:26.880904+00:00,False,+69.7%,True,$1753.0M,,,False,0.0K,True,$1.23 / SMA $1.23,False,0.00%,False,+15.5%,False,437.5M,False,PNK,False,
PAM,Pampa Energía S.A.,80.56,2026-08-24T22:27:32.439006+00:00,False,+46.6%,True,$4329.6M,,N/A,False,188.5K,False,$80.56 / SMA $83.18,True,3.31%,True,+53.5%,True,24.8M,True,NYQ,False,
PARXF,Parex Resources Inc.,19.79,2026-08-24T22:20:34.341787+00:00,False,+66.0%,True,$1903.4M,True,+462.2%,False,120.6K,True,$19.79 / SMA $17.09,False,2.55%,True,+74.9%,True,95.4M,False,PNK,False,
PASTF,OPmobility SE,17.7,2026-08-24T22:29:14.155216+00:00,True,+86.3%,True,$2530.0M,,N/A,False,0.0K,False,$17.70 / SMA $17.73,False,0.00%,,N/A,True,53.2M,False,PNK,False,
PATH,"UiPath, Inc.",16.57,2026-08-24T22:27:29.508707+00:00,True,+80.1%,True,$8585.3M,True,+200.0%,True,67374.5K,True,$16.57 / SMA $12.59,True,5.73%,False,+17.3%,False,390.2M,True,NYQ,False,
PAX,Patria Investments Limited,11.48,2026-08-24T22:20:35.023096+00:00,False,+8.8%,True,$1852.8M,False,+-86.3%,True,995.4K,True,$11.48 / SMA $11.04,True,3.04%,False,+22.0%,True,64.5M,True,NMS,False,
PB,"Prosperity Bancshares, Inc.",72.75,2026-08-24T22:16:46.820294+00:00,False,+19.1%,True,$8742.9M,False,+17.6%,True,1145.9K,False,$72.75 / SMA $73.07,False,1.69%,True,+25.6%,True,109.5M,True,NYQ,False,
PBA,Pembina Pipeline Corporation,48.73,2026-08-24T22:27:08.795803+00:00,False,+34.6%,True,$28339.2M,True,+26.2%,True,1130.4K,True,$48.73 / SMA $48.50,False,1.80%,False,+20.1%,False,580.8M,True,NYQ,False,
PBCRF,PT Bank Central Asia Tbk,0.333,2026-08-24T22:16:06.097792+00:00,False,+23.3%,True,$40917.8M,,,False,32.7K,False,$0.33 / SMA $0.34,False,0.00%,False,+4.4%,False,48206.8M,False,PNK,False,
PBF,PBF Energy Inc.,69.51,2026-08-24T22:18:31.305342+00:00,True,+187.5%,True,$8239.5M,,,True,2944.8K,True,$69.51 / SMA $57.91,True,6.57%,True,+56.2%,True,101.5M,True,NYQ,True,
PBH,Prestige Consumer Healthcare Inc.,52.02,2026-08-24T22:20:28.121932+00:00,False,+22.1%,True,$2464.4M,False,+-35.8%,True,616.3K,True,$52.02 / SMA $49.77,True,3.43%,False,+6.5%,True,46.7M,True,NYQ,False,
PBMRY,PT Bumi Resources Tbk,2.23,2026-08-24T22:29:08.786002+00:00,True,+102.7%,True,$7370.5M,,N/A,False,0.0K,False,$2.23 / SMA $2.23,False,0.00%,True,+28.8%,False,900.3M,False,PNK,False,
PCFBY,Pacific Basin Shipping Limited,10.0,2026-08-24T22:20:30.534517+00:00,True,+100.0%,True,$2576.7M,,,False,1.0K,True,$10.00 / SMA $7.95,False,0.81%,,,False,202.0M,False,PNK,False,
PCG,PG&E Corporation,18.11,2026-08-24T22:16:06.723052+00:00,False,+26.3%,True,$39884.9M,True,+37.5%,True,20800.3K,True,$18.11 / SMA $17.30,False,2.98%,False,+0.1%,False,2195.2M,True,NYQ,False,
PCN,PIMCO Corporate & Income Strategy Fund,11.72,2026-08-24T22:22:28.906507+00:00,False,+2.8%,True,$875.7M,,,False,325.9K,True,$11.72 / SMA $11.62,False,0.87%,,,,,True,NYQ,False,
PCOR,"Procore Technologies, Inc.",62.09,2026-08-24T22:16:46.191990+00:00,False,+63.3%,True,$9434.9M,True,+178.6%,True,3256.8K,True,$62.09 / SMA $48.60,True,5.01%,False,+15.8%,True,137.0M,True,NYQ,False,
PCRHY,Panasonic Holdings Corporation,27.28,2026-08-24T22:16:01.491853+00:00,True,+181.2%,True,$63696.8M,,,False,353.1K,True,$27.28 / SMA $26.73,False,2.79%,,,False,2296.2M,False,PNK,False,
PCRX,"Pacira BioSciences, Inc.",24.86,2026-08-24T22:22:27.195158+00:00,False,+32.2%,True,$978.2M,True,+209.1%,True,551.8K,False,$24.86 / SMA $24.89,True,3.90%,False,+6.2%,True,36.2M,True,NMS,False,
PDD,PDD Holdings Inc.,87.07,2026-08-24T22:15:52.708843+00:00,False,+21.0%,True,$123935.1M,False,+-14.9%,True,8584.6K,True,$87.07 / SMA $84.64,False,2.63%,False,+11.0%,False,752.5M,True,NMS,False,
PDLB,"Ponce Financial Group, Inc.",20.44,2026-08-24T22:34:17.030769+00:00,False,+46.9%,True,$494.4M,True,+40.0%,False,81.9K,True,$20.44 / SMA $20.07,False,2.26%,False,+19.6%,True,19.2M,True,NGM,False,
PDO,Pimco Dynamic Income Opportunities Fund,12.55,2026-08-24T22:30:50.853924+00:00,False,+1.5%,True,$1788.2M,,N/A,True,621.1K,False,$12.55 / SMA $12.86,False,1.19%,,N/A,,N/A,True,NYQ,False,
PECO,"Phillips Edison & Company, Inc.",39.63,2026-08-24T22:18:26.567359+00:00,False,+20.2%,True,$5594.6M,True,+230.0%,True,1000.0K,False,$39.63 / SMA $41.53,False,1.74%,False,+6.7%,True,127.9M,True,NMS,False,
PEGRF,Pennon Group Plc,6.3,2026-08-24T22:20:17.515454+00:00,False,+8.6%,True,$2971.9M,,,False,0.1K,True,$6.30 / SMA $6.00,False,0.12%,,,False,470.3M,False,PNK,False,
PFG,"Principal Financial Group, Inc.",111.89,2026-08-24T22:16:16.703687+00:00,False,+43.6%,True,$23956.2M,False,+2.8%,True,1380.2K,True,$111.89 / SMA $111.72,False,1.95%,False,+6.4%,False,212.8M,True,NMS,False,
PFLT,PennantPark Floating Rate Capital Ltd.,7.46,2026-08-24T22:34:09.752663+00:00,False,+9.2%,True,$740.2M,True,+2800.0%,True,1153.5K,True,$7.46 / SMA $7.19,False,2.31%,True,+921.3%,,N/A,True,NYQ,False,
PFS,"Provident Financial Services, Inc.",23.57,2026-08-24T22:20:21.316579+00:00,False,+33.2%,True,$3074.1M,False,+9.1%,True,1010.9K,False,$23.57 / SMA $23.73,False,1.83%,False,+9.6%,True,126.3M,True,NYQ,False,
PFSTY,PFISTERER Holding SE,14.0,2026-08-24T22:20:30.155178+00:00,False,+12.9%,False,$253.3M,True,+53.8%,,,,,,,True,+26.7%,,,False,PNK,False,
PGNY,"Progyny, Inc.",25.45,2026-08-24T22:20:32.443536+00:00,False,+58.1%,True,$1952.7M,True,+78.9%,True,1284.7K,False,$25.45 / SMA $29.04,True,3.77%,False,+5.3%,True,70.2M,True,NMS,False,
PGPEF,Publicis Groupe S.A.,111.1,2026-08-24T22:16:14.901917+00:00,False,+35.4%,True,$27744.0M,,,False,3.9K,True,$111.10 / SMA $104.54,False,0.00%,,,False,217.1M,False,OQX,False,
PGY,Pagaya Technologies Ltd.,21.82,2026-08-24T22:30:58.787780+00:00,True,+109.8%,True,$1820.4M,True,+145.0%,True,3570.8K,True,$21.82 / SMA $18.29,True,6.64%,False,+15.1%,True,70.5M,True,NCM,False,
PHAR,Pharming Group N.V.,11.46,2026-08-24T22:34:06.663229+00:00,False,+19.1%,True,$811.1M,,N/A,False,13.0K,False,$11.46 / SMA $12.56,True,5.54%,False,+-3.2%,True,69.7M,True,NGM,False,
PHG,Koninklijke Philips N.V.,27.52,2026-08-24T22:16:13.586739+00:00,False,+15.4%,True,$26898.8M,True,+60.0%,True,1133.1K,True,$27.52 / SMA $26.87,False,2.18%,False,+0.5%,False,976.6M,True,NYQ,False,
PHGPY,Pets at Home Group Plc,9.96,2026-08-24T22:30:58.092819+00:00,False,+4.2%,True,$1086.0M,,N/A,False,0.2K,False,$9.96 / SMA $10.16,False,0.00%,,N/A,False,408.2M,False,PNK,False,
PHGUF,Pharming Group N.V.,1.18,2026-08-24T22:34:07.634846+00:00,False,+7.3%,True,$835.2M,,N/A,False,5.4K,False,$1.18 / SMA $1.23,False,0.00%,False,+-3.2%,False,696.6M,False,PNK,False,
PHIG,"PHI Group, Inc.",30.0,2026-08-24T22:24:06.063091+00:00,False,+20.0%,True,$729.3M,,,False,3.0K,False,$30.00 / SMA $30.33,False,0.24%,,,True,24.2M,False,PNK,False,
PHK,PIMCO High Income Fund,4.55,2026-08-24T22:22:29.475457+00:00,False,+3.2%,True,$848.4M,,,True,861.3K,False,$4.55 / SMA $4.57,False,0.97%,,,,,True,NYQ,False,
PHOE,Phoenix Asia Holdings Limited,20.97,2026-08-24T22:34:20.033976+00:00,True,+194.9%,True,$453.0M,,N/A,False,34.1K,True,$20.97 / SMA $20.89,True,13.75%,,N/A,True,5.5M,True,NCM,False,
PHPPY,Signify N.V.,8.92,2026-08-24T22:29:13.133523+00:00,False,+11.4%,True,$2119.7M,False,+-72.0%,False,0.1K,False,$8.92 / SMA $9.48,False,0.02%,False,+-8.0%,False,229.7M,False,PNK,False,
PI,"Impinj, Inc.",161.01,2026-08-24T22:29:06.190385+00:00,True,+84.3%,True,$4919.6M,False,+0.0%,False,428.1K,True,$161.01 / SMA $147.69,True,5.59%,False,+10.7%,True,29.6M,True,NMS,False,
PICS,PicS N.V.,10.9,2026-08-24T22:30:54.737614+00:00,False,+31.0%,True,$1412.5M,True,+72.2%,False,403.3K,False,$10.90 / SMA $11.39,True,7.20%,True,+59.0%,True,34.3M,True,NMS,False,
PINE,"Alpine Income Property Trust, Inc.",19.95,2026-08-24T22:26:08.608072+00:00,False,+52.3%,True,$354.1M,True,+233.3%,False,158.7K,False,$19.95 / SMA $20.22,False,2.34%,True,+34.6%,True,16.3M,True,NYQ,False,
PJT,PJT Partners Inc.,176.41,2026-08-24T22:29:08.213177+00:00,False,+38.1%,True,$7514.6M,True,+37.2%,False,451.0K,True,$176.41 / SMA $164.65,True,3.62%,False,+19.5%,True,23.7M,True,NYQ,False,
PKCOY,"PARK24 Co., Ltd.",13.1,2026-08-24T22:30:49.979485+00:00,False,+23.0%,True,$2236.6M,,N/A,False,0.1K,True,$13.10 / SMA $12.92,False,0.00%,,N/A,True,118.7M,False,PNK,False,
PL,Planet Labs PBC,21.57,2026-08-24T22:16:24.958596+00:00,True,+244.8%,True,$7687.6M,False,+-900.0%,True,11318.4K,False,$21.57 / SMA $25.10,True,5.71%,True,+42.1%,False,294.8M,True,NYQ,False,
PLBL,Polibeli Group Ltd,5.67,2026-08-24T22:29:14.006152+00:00,False,+11.2%,True,$2077.4M,,N/A,False,252.9K,False,$5.67 / SMA $7.28,True,12.94%,,N/A,True,6.4M,True,NGM,False,
PLGO,PLGO,24.02,2026-08-24T22:30:49.903715+00:00,False,+43.3%,True,$2053.6M,True,+402.6%,False,448.0K,False,$24.02 / SMA $24.58,True,3.29%,False,+-6.9%,True,44.6M,True,NYQ,False,
PLMR,"Palomar Holdings, Inc.",133.03,2026-08-24T22:29:12.091399+00:00,False,+32.0%,True,$3501.0M,False,+15.5%,False,290.6K,True,$133.03 / SMA $130.26,True,3.53%,True,+56.4%,True,25.6M,True,NMS,False,
PLNT,"Planet Fitness, Inc.",53.86,2026-08-24T22:29:08.199771+00:00,False,+45.4%,True,$4085.2M,True,+26.1%,True,1959.9K,True,$53.86 / SMA $52.56,True,3.56%,False,+7.1%,True,70.0M,True,NYQ,False,
PLOW,"Douglas Dynamics, Inc.",41.64,2026-08-24T22:22:24.236783+00:00,False,+46.0%,True,$960.9M,False,+-1.8%,False,277.4K,False,$41.64 / SMA $45.61,True,3.72%,False,+10.5%,True,22.6M,True,NYQ,False,
PLUS,ePlus inc.,86.26,2026-08-24T22:29:16.238866+00:00,False,+24.9%,True,$2255.8M,False,+-28.0%,False,266.8K,False,$86.26 / SMA $86.78,True,3.57%,,N/A,True,25.3M,True,NMS,False,
PLXNF,Pluxee N.V.,15.05,2026-08-24T22:29:13.427261+00:00,False,+25.4%,True,$2067.8M,,N/A,False,0.0K,True,$15.05 / SMA $14.37,False,0.00%,,N/A,True,65.6M,False,PNK,False,
PLXS,Plexus Corp.,237.61,2026-08-24T22:27:26.464059+00:00,True,+80.0%,True,$6332.8M,False,+-3.7%,False,313.2K,False,$237.61 / SMA $268.19,True,4.84%,True,+28.1%,True,26.3M,True,NMS,False,
PM,Philip Morris International Inc.,191.46,2026-08-24T22:15:49.488860+00:00,False,+34.7%,True,$298412.1M,False,+-7.7%,True,5039.3K,True,$191.46 / SMA $186.01,False,2.26%,False,+10.4%,False,1554.7M,True,NYQ,False,
PMCUF,Pro Medicus Limited,137.71,2026-08-24T22:16:37.673746+00:00,True,+84.8%,True,$15065.4M,,,False,0.4K,True,$137.71 / SMA $125.94,False,0.84%,,,True,53.0M,False,PNK,False,
PMETF,PMET Resources Inc.,3.72,2026-08-24T22:22:28.486039+00:00,True,+71.4%,True,$691.7M,,,False,36.0K,True,$3.72 / SMA $3.60,True,4.41%,,,False,167.0M,False,OQX,False,
PMMAF,PUMA SE,31.0,2026-08-24T22:18:30.718017+00:00,True,+78.1%,True,$4605.3M,,,False,0.1K,False,$31.00 / SMA $31.34,False,0.25%,False,+-15.0%,True,97.8M,False,PNK,False,
PMNXF,Perseus Mining Limited,4.68,2026-08-24T22:18:29.543606+00:00,True,+46700.0%,True,$6211.0M,,,False,6.6K,True,$4.68 / SMA $3.57,False,2.34%,,,False,1345.6M,False,PNK,False,
PMREF,Primaris Real Estate Investment Trust,15.68,2026-08-24T22:30:52.460443+00:00,False,+50.2%,True,$2161.5M,False,+-124.7%,False,6.3K,False,$15.68 / SMA $15.75,False,0.00%,False,+15.8%,True,105.3M,False,PNK,False,
PNSPF,Pensana Plc,0.94,2026-08-24T22:34:16.381637+00:00,False,+20.7%,True,$332.3M,,N/A,False,0.8K,False,$0.94 / SMA $1.02,False,0.20%,,N/A,False,208.9M,False,PNK,False,
PNXGF,Standard Life plc,11.6,2026-08-24T22:27:20.837713+00:00,False,+34.1%,True,$11625.1M,,N/A,False,0.1K,True,$11.60 / SMA $11.06,False,0.00%,,N/A,False,852.6M,False,PNK,False,
PODD,Insulet Corporation,145.42,2026-08-24T22:16:34.760569+00:00,False,+15.0%,True,$10085.5M,True,+328.1%,True,1598.1K,False,$145.42 / SMA $154.37,True,4.27%,False,+23.5%,True,69.1M,True,NMS,False,
POOL,Pool Corporation,188.24,2026-08-24T22:16:47.783650+00:00,False,+9.0%,True,$6840.8M,False,+0.0%,True,937.2K,False,$188.24 / SMA $198.71,True,3.34%,False,+2.2%,True,35.1M,True,NMS,False,
POPMF,Pop Mart International Group Limited,18.1,2026-08-24T22:16:13.777860+00:00,False,+8.4%,,,,,False,8.4K,False,$18.10 / SMA_short $20.57,False,0.48%,,,False,653.2M,False,PNK,False,
POST,"Post Holdings, Inc.",82.38,2026-08-24T22:29:06.316953+00:00,False,+9.3%,True,$3733.7M,False,+-27.9%,True,938.6K,False,$82.38 / SMA $87.17,True,3.60%,False,+-1.8%,True,34.0M,True,NYQ,False,
PPAAF,PT Perusahaan Gas Negara (Persero) Tbk,0.08334,2026-08-24T22:20:24.920614+00:00,False,+8.8%,True,$2020.3M,True,+42.3%,False,0.7K,True,$0.08 / SMA $0.08,False,0.00%,False,+-3.8%,False,10427.5M,False,PNK,False,
PPERY,PT Bank Mandiri (Persero) Tbk,9.47,2026-08-24T22:16:17.830372+00:00,False,+15.5%,True,$22096.7M,,,False,174.0K,True,$9.47 / SMA $9.28,False,1.48%,False,+-5.3%,False,942.6M,False,PNK,False,
PPL,PPL Corporation,35.04,2026-08-24T22:16:12.497648+00:00,False,+5.6%,True,$26369.2M,False,+20.0%,True,9085.1K,False,$35.04 / SMA $35.81,False,1.94%,,,False,750.4M,True,NYQ,False,
PPLFF,PT Perusahaan Perkebunan London Sumatra Indonesia Tbk,0.08588,2026-08-24T22:24:13.741116+00:00,False,+17.6%,True,$585.7M,,,False,0.0K,True,$0.09 / SMA $-24.81,False,0.00%,False,+5.7%,False,2753.8M,False,PNK,False,
PPRUF,Kering SA,332.0,2026-08-24T22:27:06.902795+00:00,False,+29.6%,True,$40709.6M,,N/A,False,0.1K,True,$332.00 / SMA $303.42,False,2.45%,,N/A,True,70.0M,False,PNK,False,
PPTA,Perpetua Resources Corp.,25.93,2026-08-24T22:20:17.634421+00:00,False,+57.8%,True,$3243.7M,False,+-225.0%,True,1515.7K,True,$25.93 / SMA $21.50,True,4.86%,,,True,83.9M,True,NCM,False,
PPTDF,PeptiDream Inc.,6.74,2026-08-24T22:22:27.339711+00:00,False,+14.6%,True,$866.5M,,,False,0.1K,True,$6.74 / SMA $6.14,False,0.00%,,,True,90.7M,False,PNK,False,
PRA,ProAssurance Corporation,25.0,2026-08-24T22:22:17.500646+00:00,False,+5.9%,True,$1290.2M,,,True,979.2K,True,$25.00 / SMA_short $25.00,,,,,True,47.4M,True,NYQ,False,
PRCH,"Porch Group, Inc.",17.06,2026-08-24T22:30:58.891644+00:00,True,+168.2%,True,$1936.6M,,N/A,True,1830.2K,True,$17.06 / SMA $14.34,True,6.03%,False,+11.7%,True,88.6M,True,NCM,False,
PRDSY,Prada S.p.A.,10.4,2026-08-24T22:16:31.864730+00:00,False,+16.9%,True,$13376.3M,,,False,21.8K,True,$10.40 / SMA $10.25,False,2.01%,,,False,256.2M,False,PNK,False,
PREKF,PrairieSky Royalty Ltd.,26.27,2026-08-24T22:18:24.871750+00:00,False,+53.7%,True,$6106.3M,True,+64.0%,False,64.2K,True,$26.27 / SMA $23.96,False,1.62%,True,+39.0%,False,230.7M,False,PNK,False,
PRG,"PROG Holdings, Inc.",39.07,2026-08-24T22:30:55.401932+00:00,False,+51.4%,True,$1556.2M,False,+-4.2%,True,559.8K,False,$39.07 / SMA $42.84,True,3.72%,False,+22.3%,True,38.3M,True,NYQ,False,
PRGO,Perrigo Company plc,14.27,2026-08-24T22:30:53.406876+00:00,False,+54.6%,True,$1980.2M,True,+983.3%,True,3432.2K,True,$14.27 / SMA $11.15,True,4.26%,False,+-3.2%,True,138.1M,True,NYQ,False,
PRKS,United Parks & Resorts Inc.,44.77,2026-08-24T22:20:36.041699+00:00,False,+55.6%,True,$2029.9M,False,+-7.6%,True,776.3K,False,$44.77 / SMA $45.82,True,4.28%,False,+-1.4%,True,17.3M,True,NYQ,False,
PRLB,"Proto Labs, Inc.",76.78,2026-08-24T22:30:51.907988+00:00,True,+70.2%,True,$1836.7M,,N/A,False,221.2K,False,$76.78 / SMA $80.54,True,4.50%,False,+10.6%,True,23.6M,True,NYQ,False,
PRLD,Prelude Therapeutics Incorporated,6.47,2026-08-24T22:34:21.555480+00:00,True,+559.5%,True,$515.3M,True,+69.0%,False,462.5K,True,$6.47 / SMA $4.78,True,9.30%,,N/A,True,22.1M,True,NMS,False,
PRLPF,Propel Holdings Inc.,17.65,2026-08-24T22:34:13.407274+00:00,False,+41.1%,True,$694.9M,False,+-32.1%,False,11.3K,False,$17.65 / SMA $17.90,False,0.99%,True,+33.4%,True,29.4M,False,PNK,False,
PRMB,Primo Brands Corporation,23.02,2026-08-24T22:27:23.832232+00:00,False,+60.3%,True,$8331.9M,True,+171.4%,True,3592.2K,False,$23.02 / SMA $23.97,True,3.26%,False,+3.8%,False,262.2M,True,NYQ,False,
PRNDY,Pernod Ricard SA,16.02,2026-08-24T22:16:20.295525+00:00,False,+19.6%,True,$20170.7M,,,True,569.4K,True,$16.02 / SMA $14.88,False,1.49%,,,False,964.8M,False,PNK,False,
PROSF,Prosus N.V.,45.0,2026-08-24T22:27:00.570740+00:00,False,+10.8%,True,$95884.5M,,N/A,False,1.9K,True,$45.00 / SMA $44.45,False,0.40%,,N/A,False,2659.7M,False,PNK,False,
PRRFY,Premier Foods plc,12.81,2026-08-24T22:29:15.535010+00:00,False,+22.0%,True,$2207.6M,,N/A,False,0.1K,False,$12.81 / SMA $13.30,False,0.17%,,N/A,True,125.0M,False,PNK,False,
PRTA,Prothena Corporation plc,9.39,2026-08-24T22:24:16.977741+00:00,False,+21.5%,True,$482.1M,True,+84.6%,True,545.6K,True,$9.39 / SMA $8.96,True,4.71%,False,+-77.1%,True,34.9M,True,NMS,False,
PRTH,"Priority Technology Holdings, Inc.",5.69,2026-08-24T22:34:16.335388+00:00,False,+28.2%,True,$469.1M,False,+-14.3%,False,472.4K,False,$5.69 / SMA $6.43,True,5.54%,False,+9.4%,True,33.3M,True,NCM,False,
PRVFF,Pro Real Estate Investment Trust,4.89,2026-08-24T22:35:56.395437+00:00,False,+29.7%,True,$410.5M,True,+34.8%,False,0.0K,False,$4.89 / SMA $4.98,False,0.00%,False,+4.5%,True,64.5M,False,PNK,False,
PRYMF,Prysmian S.p.A.,141.2,2026-08-24T22:27:04.131050+00:00,False,+65.3%,True,$41265.6M,,N/A,False,3.7K,False,$141.20 / SMA $153.79,False,1.55%,False,+23.3%,False,292.2M,False,PNK,False,
PS,Pershing Square Inc.,40.95,2026-08-24T22:27:16.757666+00:00,True,+86.1%,True,$16380.0M,,N/A,False,210.7K,True,$40.95 / SMA $35.31,True,6.37%,,N/A,True,39.4M,True,NYQ,False,
PSFE,Paysafe Limited,6.65,2026-08-24T22:34:19.430113+00:00,False,+11.8%,True,$347.2M,False,+-115.2%,False,328.0K,False,$6.65 / SMA $7.57,True,7.47%,False,+10.4%,True,24.6M,True,NYQ,False,
PSKRF,Protector Forsikring ASA,53.0,2026-08-24T22:29:08.170699+00:00,True,+360.9%,True,$4362.7M,False,+3.4%,False,0.0K,True,$53.00 / SMA $47.86,False,0.00%,False,+3.8%,True,73.5M,False,PNK,False,
PSKY,Paramount Skydance Corporation,10.35,2026-08-24T22:27:19.422266+00:00,False,+35.8%,True,$11583.4M,False,+-81.8%,True,9998.9K,True,$10.35 / SMA $9.41,True,4.34%,False,+-3.9%,False,536.9M,True,NMS,False,
PSLV,Sprott Physical Silver Trust,22.71,2026-08-24T22:27:15.832638+00:00,True,+76.0%,True,$14349.2M,False,+-41.6%,True,8283.7K,True,$22.71 / SMA $19.85,False,2.38%,False,+-28.9%,,N/A,True,ASE,False,
PSMMY,Persimmon Plc,31.37,2026-08-24T22:27:32.301858+00:00,False,+17.4%,True,$5036.5M,,N/A,False,55.1K,True,$31.37 / SMA $29.34,False,0.94%,,N/A,False,158.3M,False,PNK,False,
PSN,Parsons Corporation,48.81,2026-08-24T22:27:29.254852+00:00,False,+34.6%,True,$5213.2M,False,+-128.0%,True,1429.0K,False,$48.81 / SMA $51.79,True,5.52%,False,+-0.5%,True,56.2M,True,NYQ,False,
PSNL,"Personalis, Inc.",17.06,2026-08-24T22:22:28.124770+00:00,True,+266.7%,True,$1821.2M,False,+-30.4%,True,4179.6K,True,$17.06 / SMA $13.35,True,5.31%,True,+30.0%,True,72.3M,True,NGM,False,
PSPSF,PSP Swiss Property AG,199.0,2026-08-24T22:16:40.760450+00:00,False,+19.7%,True,$9188.7M,False,+6.8%,False,0.0K,True,$199.00 / SMA $181.56,False,0.00%,False,+1.0%,True,45.6M,False,PNK,False,
PSX,Phillips 66,241.96,2026-08-24T22:15:57.963073+00:00,True,+90.9%,True,$96547.1M,True,+344.2%,True,2663.0K,True,$241.96 / SMA $199.57,True,3.26%,True,+53.1%,False,398.1M,True,NYQ,False,
PSZKY,Powszechna Kasa Oszczednosci Bank Polski Spólka Akcyjna,31.12,2026-08-24T22:16:07.777767+00:00,True,+76.4%,True,$38900.0M,False,+2.0%,False,51.1K,True,$31.12 / SMA $28.36,True,6.45%,False,+1.8%,False,880.9M,False,PNK,False,
PTALF,PetroTal Corp.,0.3912,2026-08-24T22:34:18.605727+00:00,False,+63.0%,True,$360.0M,False,+-33.3%,False,185.4K,True,$0.39 / SMA $0.35,True,5.49%,False,+-40.2%,False,588.4M,False,OQX,False,
PTITF,PT Indosat Tbk,0.126,2026-08-24T22:29:06.619161+00:00,False,+12.2%,True,$4892.9M,,N/A,False,0.1K,True,$0.13 / SMA $0.13,False,0.00%,False,+13.7%,False,8373.3M,False,PNK,False,
PTOR,Praetorian Acquisition Corp.,9.98,2026-08-24T22:26:06.110473+00:00,False,+2.1%,True,$422.7M,,,False,25.3K,True,$9.98 / SMA $9.96,False,0.18%,,,True,23.7M,True,NGM,False,
PUMP,ProPetro Holding Corp.,10.82,2026-08-24T22:30:48.725018+00:00,True,+139.4%,True,$1329.0M,False,+0.0%,True,4362.8K,False,$10.82 / SMA $12.68,True,5.89%,False,+-6.2%,True,106.1M,True,NYQ,False,
PUODY,"Promotora y Operadora de Infraestructura, S. A. B. de C. V.",301.5,2026-08-24T22:27:27.284602+00:00,False,+22.2%,True,$5649.7M,False,+7.9%,False,0.1K,False,$301.50 / SMA $318.10,False,0.74%,True,+32.1%,True,21.5M,False,PNK,False,
PURR,Hyperliquid Strategies Inc.,10.64,2026-08-24T22:22:24.312697+00:00,True,+253.5%,True,$2134.0M,,,True,14723.2K,True,$10.64 / SMA $7.68,True,7.43%,,,,,True,NCM,False,
PUTKF,PT United Tractors Tbk,1.6,2026-08-24T22:27:29.168052+00:00,False,+14.3%,True,$5589.0M,,N/A,False,0.0K,False,$1.60 / SMA $1.60,False,0.00%,False,+-13.2%,False,1272.8M,False,PNK,False,
PUTKY,PT United Tractors Tbk,27.15,2026-08-24T22:27:31.809752+00:00,False,+17.1%,True,$4741.9M,,N/A,False,43.6K,True,$27.15 / SMA $26.81,False,1.43%,False,+-13.2%,True,63.6M,False,PNK,False,
PUTRY,PTT Public Company Limited,5.97,2026-08-24T22:16:09.366156+00:00,False,+28.1%,True,$33819.3M,False,+12.3%,False,0.1K,True,$5.97 / SMA $5.44,False,0.00%,False,+2.6%,False,2601.7M,False,PNK,False,
PVLA,"Palvella Therapeutics, Inc.",145.75,2026-08-24T22:22:10.225914+00:00,True,+196.7%,True,$2100.0M,False,+-76.7%,False,250.6K,True,$145.75 / SMA $142.24,True,5.79%,,,True,10.6M,True,NGM,False,
PWCDF,Power Corporation of Canada,66.24,2026-08-24T22:16:06.507585+00:00,True,+97.4%,True,$41580.7M,False,+-9.2%,False,239.9K,True,$66.24 / SMA $64.89,True,7.29%,True,+29.6%,False,578.9M,False,PNK,False,
PWR,"Quanta Services, Inc.",616.78,2026-08-24T22:15:54.258486+00:00,False,+69.9%,True,$92728.8M,True,+94.7%,True,1232.1K,False,$616.78 / SMA $670.40,True,4.33%,True,+41.1%,True,149.0M,True,NYQ,False,
PXED,"Phoenix Education Partners, Inc.",28.11,2026-08-24T22:22:22.942525+00:00,False,+19.5%,True,$1013.3M,False,+-33.2%,False,118.7K,False,$28.11 / SMA $30.18,True,4.33%,False,+0.0%,True,5.5M,True,NYQ,False,
PYPL,"PayPal Holdings, Inc.",61.68,2026-08-24T22:27:05.722199+00:00,False,+60.4%,True,$53168.2M,False,+-3.1%,True,16021.6K,True,$61.68 / SMA $52.43,False,2.37%,False,+4.8%,False,853.5M,True,NMS,False,
PZAKY,Powszechny Zaklad Ubezpieczen SA,21.0,2026-08-24T22:16:25.437869+00:00,False,+37.7%,True,$19406.7M,False,+-22.5%,False,0.3K,True,$21.00 / SMA $19.53,False,0.04%,False,+-4.3%,False,568.0M,False,PNK,False,
QBIEY,QBE Insurance Group Limited,15.81,2026-08-24T22:27:10.324081+00:00,False,+26.9%,True,$23620.5M,,N/A,False,85.6K,False,$15.81 / SMA $17.14,False,1.68%,,N/A,False,1492.2M,False,PNK,False,
QDEL,QuidelOrtho Corporation,14.49,2026-08-24T22:22:30.337747+00:00,False,+46.1%,True,$993.7M,True,+63.9%,True,1626.7K,False,$14.49 / SMA $15.76,True,7.91%,False,+2.8%,True,61.2M,True,NMS,False,
QFIN,"Qfin Holdings, Inc.",10.99,2026-08-24T22:22:13.207087+00:00,False,+1.3%,True,$1338.1M,False,+-43.3%,True,1535.5K,False,$10.99 / SMA $13.73,True,3.53%,False,+-26.6%,True,97.5M,True,NMS,False,
QKIE,QKIE,2.21,2026-08-24T22:30:56.835129+00:00,True,+860.9%,True,$1157.7M,,N/A,False,0.5K,False,$2.21 / SMA $2.29,True,21.84%,,N/A,,N/A,False,OID,False,
QNTQY,QinetiQ Group plc,29.09,2026-08-24T22:20:15.507817+00:00,False,+36.4%,True,$3718.9M,,,False,4.8K,True,$29.09 / SMA $26.08,False,1.05%,,,True,105.4M,False,PNK,False,
QRVO,"Qorvo, Inc.",95.37,2026-08-24T22:27:22.489827+00:00,False,+27.3%,True,$8413.4M,True,+255.6%,True,1258.6K,True,$95.37 / SMA $92.35,True,3.09%,False,+-4.2%,True,81.6M,True,NMS,False,
QS,QuantumScape Corporation,5.72,2026-08-24T22:27:31.492870+00:00,False,+19.9%,True,$3518.6M,False,+20.0%,True,23940.1K,False,$5.72 / SMA $6.31,True,5.32%,,N/A,False,512.0M,True,NMS,False,
QUAD,"Quad/Graphics, Inc.",10.25,2026-08-24T22:34:19.980384+00:00,True,+100.2%,True,$528.5M,,N/A,False,271.8K,True,$10.25 / SMA $8.85,True,4.92%,False,+1.0%,True,29.9M,True,NYQ,False,
QUEXF,Q2 Metals Corp.,1.97,2026-08-24T22:34:17.707762+00:00,True,+279.7%,True,$470.1M,,N/A,False,34.0K,True,$1.97 / SMA $1.92,True,4.50%,,N/A,False,233.1M,False,OQB,False,
QXO,"QXO, Inc.",13.41,2026-08-24T22:16:31.059490+00:00,False,+2.0%,True,$13912.8M,False,+-1066.7%,True,22520.5K,False,$13.41 / SMA $15.17,True,5.12%,True,+12716.3%,False,1035.0M,True,NYQ,False,
RADLY,Raia Drogasil S.A.,3.55,2026-08-24T22:18:21.898068+00:00,False,+15.6%,True,$6207.3M,False,+12.1%,False,142.4K,False,$3.55 / SMA $3.57,True,3.61%,False,+9.8%,False,1309.5M,False,PNK,False,
RAIFF,Raiffeisen Bank International AG,69.5,2026-08-24T22:16:21.789872+00:00,True,+117.2%,True,$22819.5M,True,+241.1%,False,0.0K,True,$69.50 / SMA $63.96,False,0.00%,False,+-1.5%,True,127.2M,False,PNK,False,
RAIFY,Raiffeisen Bank International AG,17.66,2026-08-24T22:16:21.549701+00:00,True,+118.3%,True,$23193.8M,,,False,7.6K,True,$17.66 / SMA $16.54,True,3.00%,False,+-1.5%,False,508.9M,False,PNK,False,
RAMP,"LiveRamp Holdings, Inc.",37.63,2026-08-24T22:29:16.202053+00:00,True,+73.3%,True,$2287.7M,True,+133.3%,True,1342.2K,False,$37.63 / SMA $37.72,False,0.39%,False,+9.8%,True,57.8M,True,NYQ,False,
RAPP,"Rapport Therapeutics, Inc.",49.33,2026-08-24T22:30:50.942795+00:00,True,+249.6%,True,$2366.8M,False,+-58.7%,False,353.0K,True,$49.33 / SMA $42.34,True,4.88%,,N/A,True,32.3M,True,NGM,False,
RARE,Ultragenyx Pharmaceutical Inc.,25.72,2026-08-24T22:29:15.913547+00:00,False,+40.6%,True,$2535.7M,False,+23.1%,True,2324.1K,False,$25.72 / SMA $28.36,True,5.68%,True,+28.1%,True,80.4M,True,NMS,False,
RBA,"RB Global, Inc.",84.07,2026-08-24T22:16:19.704178+00:00,False,+2.5%,True,$15662.2M,True,+34.0%,True,1434.3K,False,$84.07 / SMA $105.11,True,3.94%,False,+11.1%,False,175.2M,True,NYQ,False,
RBGLY,Reckitt Benckiser Group plc,14.24,2026-08-24T22:16:05.458403+00:00,False,+18.5%,True,$45202.1M,,,True,752.9K,True,$14.24 / SMA $13.41,False,1.25%,,,False,3150.4M,False,OQX,False,
RBGPF,Reckitt Benckiser Group plc,69.89,2026-08-24T22:16:05.212156+00:00,False,+19.1%,True,$44370.4M,,,False,1.6K,True,$69.89 / SMA $66.91,False,0.41%,,,False,630.1M,False,OQX,False,
RBRK,RBRK,98.04,2026-08-24T22:27:17.077717+00:00,True,+132.0%,True,$20179.4M,True,+60.4%,True,3647.2K,True,$98.04 / SMA $82.43,True,5.35%,True,+39.0%,False,157.4M,True,NYQ,False,
RBSFY,Rubis,7.9,2026-08-24T22:18:34.651702+00:00,False,+29.1%,True,$4081.7M,,,False,0.4K,True,$7.90 / SMA $7.65,False,0.47%,,,False,377.2M,False,PNK,False,
RBTEF,Robertet SA,906.315,2026-08-24T22:20:33.809406+00:00,False,+0.0%,True,$1901.4M,,,False,0.0K,False,$906.32 / SMA $917.22,False,0.00%,,,True,1.3M,False,PNK,False,
RCDTF,Recordati Industria Chimica e Farmaceutica S.p.A.,58.0,2026-08-24T22:27:18.954832+00:00,False,+3.8%,True,$11879.2M,,N/A,False,0.0K,False,$58.00 / SMA $58.20,False,0.00%,False,+8.3%,True,102.0M,False,PNK,False,
RDN,Radian Group Inc.,36.71,2026-08-24T22:18:30.803958+00:00,False,+16.5%,True,$4856.8M,False,+-16.7%,True,1280.1K,False,$36.71 / SMA $37.41,False,2.05%,True,+92.6%,True,129.9M,True,NYQ,False,
RDNW,"RideNow Group, Inc.",5.93,2026-08-24T22:35:57.519605+00:00,True,+85.3%,False,$231.3M,True,+57.7%,False,113.0K,False,$5.93 / SMA $6.46,True,6.10%,False,+6.4%,True,14.0M,True,NCM,False,
RDVT,"Red Violet, Inc.",70.17,2026-08-24T22:34:11.164254+00:00,True,+110.1%,True,$1126.0M,False,+25.0%,False,223.4K,True,$70.17 / SMA $64.91,True,4.85%,False,+17.4%,True,14.0M,True,NCM,False,
REA,"Rare Earths Americas, Inc.",14.35,2026-08-24T22:34:17.665047+00:00,False,+60.3%,False,$286.3M,,N/A,False,146.7K,True,$14.35 / SMA $13.30,True,9.15%,,N/A,True,8.4M,True,ASE,False,
REDLF,Vault Minerals Limited,4.8,2026-08-24T22:29:11.325474+00:00,True,+416.1%,True,$4965.9M,,N/A,False,2.6K,True,$4.80 / SMA $3.51,True,3.71%,,N/A,False,978.3M,False,PNK,False,
REEMF,Rare Element Resources Ltd.,1.33,2026-08-24T22:24:22.632810+00:00,True,+259.5%,True,$858.3M,,,True,786.6K,True,$1.33 / SMA $0.58,True,18.85%,,,False,179.7M,False,OQB,False,
REG,Regency Centers Corporation,76.69,2026-08-24T22:27:16.501589+00:00,False,+14.7%,True,$14337.9M,False,+8.9%,True,1460.4K,False,$76.69 / SMA $79.28,False,1.60%,,N/A,False,164.4M,True,NMS,False,
REGCO,Regency Centers Corporation,22.12,2026-08-24T22:16:26.230069+00:00,False,+3.6%,,,,,False,2.9K,True,$22.12 / SMA $21.86,False,0.52%,False,+8.3%,False,164.4M,True,NMS,False,
REPL,"Replimune Group, Inc.",14.71,2026-08-24T22:24:24.451797+00:00,True,+880.7%,True,$1386.0M,,,True,5825.4K,True,$14.71 / SMA $11.28,True,13.27%,,,True,67.6M,True,NMS,True,
REPYY,"Repsol, S.A.",31.73,2026-08-24T22:27:08.913855+00:00,True,+98.7%,True,$34559.8M,True,+280.0%,False,98.6K,True,$31.73 / SMA $27.96,False,1.45%,True,+27.2%,False,1089.2M,False,OQX,False,
RERE,ATRenew Inc.,4.09,2026-08-24T22:22:24.052547+00:00,False,+16.8%,True,$905.9M,True,+223.1%,True,1056.7K,False,$4.09 / SMA $4.10,True,4.31%,True,+32.4%,True,131.7M,True,NYQ,False,
REXR,"Rexford Industrial Realty, Inc.",37.67,2026-08-24T22:16:42.512639+00:00,False,+17.2%,True,$8612.7M,False,+-570.8%,True,2707.6K,True,$37.67 / SMA $35.75,False,1.97%,False,+-1.6%,False,220.7M,True,NYQ,False,
RFI,"Cohen & Steers Total Return Realty Fund, Inc.",11.39,2026-08-24T22:26:11.591642+00:00,False,+5.7%,True,$304.7M,,,False,108.5K,True,$11.39 / SMA $11.33,False,1.22%,,,,,True,NYQ,False,
RFMZ,"RiverNorth Flexible Municipal Income Fund II, Inc.",13.12,2026-08-24T22:26:08.874671+00:00,False,+6.7%,True,$319.5M,,,False,48.4K,False,$13.12 / SMA $13.27,False,1.18%,,,,,True,NYQ,False,
RFNDF,Rural Funds Group,1.5,2026-08-24T22:24:14.518304+00:00,False,+25.0%,True,$647.3M,,,False,0.1K,True,$1.50 / SMA $1.43,False,0.00%,,,False,377.4M,False,PNK,False,
RGAKF,Rigaku Holdings Corporation,10.22,2026-08-24T22:29:09.675652+00:00,True,+81.5%,,N/A,,N/A,False,10.5K,False,$10.22 / SMA $14.43,True,3.71%,,N/A,True,120.0M,False,PNK,False,
RGC,Regencell Bioscience Holdings Limited,5.29,2026-08-24T22:27:18.110330+00:00,False,+17.3%,True,$2615.8M,,N/A,False,307.6K,False,$5.29 / SMA $7.03,True,9.50%,,N/A,True,56.3M,True,NCM,False,
RGEDF,Gedeon Richter PLC,41.81,2026-08-24T22:27:26.240042+00:00,False,+53.9%,True,$7625.7M,,N/A,False,1.0K,True,$41.81 / SMA $39.21,False,1.35%,,N/A,False,182.4M,False,PNK,False,
RGEN,Repligen Corporation,181.62,2026-08-24T22:18:21.090079+00:00,True,+79.8%,True,$10249.8M,False,+-65.4%,True,1120.5K,True,$181.62 / SMA $147.91,True,4.57%,False,+11.9%,True,53.5M,True,NMS,False,
RH,RH,143.34,2026-08-24T22:29:14.528519+00:00,False,+34.8%,True,$2712.9M,False,+-282.5%,True,845.6K,False,$143.34 / SMA $169.08,True,5.37%,False,+-1.7%,True,13.8M,True,NYQ,False,
RHHBY,Roche Holding AG,57.51,2026-08-24T22:15:48.998932+00:00,False,+45.6%,True,$366576.0M,,,True,1957.1K,True,$57.51 / SMA $53.43,False,1.69%,,,False,5232.7M,False,OQX,False,
RHHVF,Roche Holding AG,459.36,2026-08-24T22:26:56.967838+00:00,False,+46.2%,True,$366002.4M,,N/A,False,4.4K,True,$459.36 / SMA $427.08,True,3.84%,,N/A,False,654.1M,False,OQX,False,
RHI,Robert Half Inc.,45.12,2026-08-24T22:29:13.534978+00:00,True,+106.7%,True,$4615.5M,False,+-36.6%,True,2294.5K,True,$45.12 / SMA $37.41,True,4.83%,False,+-2.4%,True,89.7M,True,NYQ,False,
RICFY,Recordati Industria Chimica e Farmaceutica S.p.A.,15.225,2026-08-24T22:27:18.587527+00:00,False,+63.9%,True,$12473.1M,,N/A,False,1.5K,True,$15.22 / SMA $14.32,False,1.61%,False,+8.3%,False,407.9M,False,PNK,False,
RICOY,"Ricoh Company, Ltd.",8.57,2026-08-24T22:18:28.378865+00:00,False,+7.1%,True,$4816.8M,,,False,0.1K,False,$8.57 / SMA $9.30,False,0.00%,,,False,423.5M,False,PNK,False,
RIG,Transocean Ltd.,5.77,2026-08-24T22:16:44.378805+00:00,True,+96.9%,True,$6444.4M,True,+103.8%,True,38538.8K,True,$5.77 / SMA $5.35,True,4.13%,False,+-2.2%,False,917.1M,True,NYQ,False,
RILY,"BRC Group Holdings, Inc.",7.04,2026-08-24T22:24:25.140943+00:00,True,+93.4%,False,$283.0M,False,+-90.0%,True,817.5K,False,$7.04 / SMA $7.51,True,5.65%,False,+4.6%,True,28.2M,True,NGM,False,
RIOFF,Rio2 Limited,2.45,2026-08-24T22:34:08.780203+00:00,True,+114.9%,True,$1345.0M,,N/A,False,420.6K,True,$2.45 / SMA $2.02,True,6.61%,,N/A,False,511.0M,False,OQX,False,
RIOT,"Riot Platforms, Inc.",20.0,2026-08-24T22:16:38.804830+00:00,True,+73.9%,True,$7505.2M,False,+-60.0%,True,18865.5K,False,$20.00 / SMA $22.46,True,10.28%,False,+3.6%,False,349.1M,True,NCM,False,
RKT,"Rocket Companies, Inc.",14.09,2026-08-24T22:16:05.937786+00:00,False,+15.8%,True,$39897.8M,True,+900.0%,True,29895.3K,False,$14.09 / SMA $14.16,True,4.86%,True,+86.0%,False,1893.7M,True,NYQ,False,
RKUNY,"Rakuten Group, Inc.",4.9,2026-08-24T22:27:20.478026+00:00,False,+15.5%,True,$10691.7M,,N/A,False,84.5K,True,$4.90 / SMA $4.90,False,2.65%,,N/A,False,1449.7M,False,PNK,False,
RKUSF,"Rakus Co., Ltd.",6.12,2026-08-24T22:20:31.979160+00:00,False,+28.0%,True,$2167.1M,,,False,0.0K,True,$6.12 / SMA $6.12,False,0.00%,,,False,248.2M,False,PNK,False,
RLGT,"Radiant Logistics, Inc.",8.43,2026-08-24T22:34:19.058041+00:00,False,+45.8%,True,$394.8M,True,+100.0%,False,138.9K,False,$8.43 / SMA $8.93,False,2.54%,False,+0.1%,True,33.9M,True,ASE,False,
RLJ,RLJ Lodging Trust,11.53,2026-08-24T22:30:54.337175+00:00,True,+76.3%,True,$1765.8M,False,+6.7%,True,1949.9K,False,$11.53 / SMA $11.60,True,3.17%,False,+5.5%,True,121.6M,True,NYQ,False,
RLMD,"Relmada Therapeutics, Inc.",4.58,2026-08-24T22:24:06.853234+00:00,True,+669.7%,True,$488.5M,True,+63.3%,True,1746.4K,False,$4.58 / SMA $5.69,True,5.77%,,,True,7.7M,True,NCM,False,
RLXXF,RELX PLC,36.25,2026-08-24T22:15:59.671356+00:00,False,+34.5%,True,$63169.8M,,,False,21.8K,True,$36.25 / SMA $33.47,False,2.03%,,,False,1734.6M,False,PNK,False,
RMBS,Rambus Inc.,87.07,2026-08-24T22:16:24.773138+00:00,False,+22.8%,True,$9415.5M,False,+15.1%,True,2971.1K,False,$87.07 / SMA $107.67,True,5.78%,False,+20.4%,True,107.6M,True,NMS,False,
RMGGF,Resolute Mining Limited,0.8869,2026-08-24T22:20:33.485539+00:00,True,+106.3%,True,$1895.7M,,,False,4.4K,True,$0.89 / SMA $0.71,False,0.47%,,,False,1728.6M,False,PNK,False,
RMLRF,Ramelius Resources Limited,2.85,2026-08-24T22:18:32.764323+00:00,False,+55.7%,True,$5384.9M,,,False,10.0K,True,$2.85 / SMA $2.29,True,4.52%,,,False,1850.7M,False,PNK,False,
RMR,The RMR Group Inc.,19.68,2026-08-24T22:24:10.328751+00:00,False,+37.9%,True,$336.1M,False,+-28.0%,False,155.2K,False,$19.68 / SMA $19.90,False,2.66%,False,+-0.8%,True,13.4M,True,NCM,False,
RMT,"Royce Micro-Cap Trust, Inc.",14.08,2026-08-24T22:24:07.632104+00:00,False,+47.9%,True,$763.0M,,,False,137.5K,False,$14.08 / SMA $14.11,False,1.65%,,,,,True,NYQ,False,
RNGT,Range Capital Acquisition Corp II,10.14,2026-08-24T22:26:09.040382+00:00,False,+2.4%,True,$317.7M,,,False,12.2K,True,$10.14 / SMA $10.12,False,0.01%,,,True,21.5M,True,NGM,False,
RNLSY,Renault SA,6.59,2026-08-24T22:16:38.225277+00:00,False,+17.7%,True,$9534.9M,,,False,173.0K,True,$6.59 / SMA $6.20,False,1.52%,,,False,903.5M,False,PNK,False,
RNMBF,Rheinmetall AG,1311.0,2026-08-24T22:27:02.319905+00:00,False,+28.8%,True,$61181.8M,False,+-5.7%,False,0.6K,True,$1311.00 / SMA $1259.76,True,4.61%,True,+68.8%,True,46.7M,False,PNK,False,
RNMBY,Rheinmetall AG,261.41,2026-08-24T22:27:02.294776+00:00,False,+23.8%,True,$60997.5M,False,+-5.7%,False,68.8K,True,$261.41 / SMA $251.64,False,2.02%,True,+68.8%,False,233.3M,False,PNK,False,
RNP,"Cohen & Steers REIT and Preferred Income Fund, Inc.",20.25,2026-08-24T22:30:59.523946+00:00,False,+5.1%,True,$972.0M,,N/A,False,112.8K,False,$20.25 / SMA $20.31,False,1.03%,,N/A,,N/A,True,NYQ,False,
RNSHF,Renishaw plc,65.8,2026-08-24T22:18:28.943178+00:00,False,+0.0%,True,$6274.3M,,,False,0.1K,False,$65.80 / SMA_short $69.44,False,0.00%,,,True,33.9M,False,PNK,False,
RNST,Renasant Corporation,41.42,2026-08-24T22:29:09.114874+00:00,False,+25.4%,True,$3786.0M,True,+9300.0%,True,684.9K,False,$41.42 / SMA $42.91,False,2.13%,False,+2.5%,True,89.5M,True,NYQ,False,
RNW,ReNew Energy Global Plc,6.8,2026-08-24T22:20:29.484784+00:00,False,+55.1%,True,$2479.0M,False,+-80.4%,True,1996.2K,True,$6.80 / SMA $6.33,False,1.86%,False,+9.5%,True,66.9M,True,NMS,False,
ROCK,"Gibraltar Industries, Inc.",46.27,2026-08-24T22:30:58.071117+00:00,False,+37.9%,True,$1373.5M,False,+-67.8%,False,351.1K,True,$46.27 / SMA $44.77,True,4.86%,True,+64.6%,True,29.3M,True,NMS,False,
ROG,Rogers Corporation,122.84,2026-08-24T22:29:15.404427+00:00,False,+63.5%,True,$2192.5M,True,+119.0%,False,281.5K,False,$122.84 / SMA $140.11,True,4.50%,False,+6.9%,True,16.8M,True,NYQ,False,
ROK,"Rockwell Automation, Inc.",429.69,2026-08-24T22:16:02.202566+00:00,False,+29.1%,True,$47716.5M,True,+40.4%,True,818.0K,False,$429.69 / SMA $459.38,False,2.75%,False,+7.9%,True,110.7M,True,NYQ,False,
ROKU,"Roku, Inc.",158.18,2026-08-24T22:16:20.793705+00:00,True,+101.4%,True,$23476.9M,True,+1442.9%,True,4342.2K,True,$158.18 / SMA $144.88,False,1.21%,False,+21.9%,True,131.0M,True,NMS,False,
ROOT,"Root, Inc.",56.54,2026-08-24T22:22:27.546943+00:00,False,+38.2%,True,$876.0M,False,+15.5%,False,270.0K,False,$56.54 / SMA $56.66,True,5.97%,False,+1.6%,True,12.3M,True,NMS,False,
RPBPF,Raspberry Pi Holdings plc,8.12,2026-08-24T22:30:49.694522+00:00,True,+128.7%,True,$1572.6M,,N/A,False,21.6K,False,$8.12 / SMA $9.93,True,3.45%,,N/A,True,81.5M,False,PNK,False,
RPGSF,Rockpoint Gas Storage Inc.,19.24,2026-08-24T22:22:19.572328+00:00,False,+28.3%,,,,,False,30.5K,False,$19.24 / SMA_short $19.25,,,,,True,52.8M,False,PNK,False,
RPHCF,"Rohto Pharmaceutical Co.,Ltd.",15.0,2026-08-24T22:18:41.952010+00:00,False,+4.6%,True,$3389.5M,,,False,0.0K,True,$15.00 / SMA $15.00,False,0.00%,,,False,200.8M,False,PNK,False,
RR,Richtech Robotics Inc.,1.62,2026-08-24T22:24:12.347003+00:00,False,+24.6%,True,$362.2M,True,+83.9%,True,8787.9K,False,$1.62 / SMA $1.75,True,6.94%,False,+-14.8%,True,145.0M,True,NCM,False,
RREV,RRE Ventures Acquisition Corp.,9.9,2026-08-24T22:26:06.420634+00:00,False,+0.4%,True,$330.0M,,,False,22.4K,True,$9.90 / SMA $9.90,False,0.02%,,,,,True,NGM,False,
RSGUF,Rogers Sugar Inc.,4.89,2026-08-24T22:34:12.964857+00:00,False,+17.0%,True,$628.6M,False,+-10.0%,False,15.2K,False,$4.89 / SMA $4.90,False,0.40%,False,+-8.3%,True,126.9M,False,PNK,False,
RSTRF,Restaurant Brands International Limited Partnership,75.0,2026-08-24T22:27:06.651000+00:00,False,+14.6%,True,$25170.3M,True,+150.0%,False,0.0K,True,$75.00 / SMA $73.45,False,0.00%,False,+4.6%,True,6.4M,False,PNK,False,
RTMVF,Rightmove plc,6.9,2026-08-24T22:29:06.089617+00:00,False,+30.4%,True,$5072.0M,,N/A,False,0.2K,True,$6.90 / SMA $6.11,False,0.00%,,N/A,False,744.5M,False,PNK,False,
RTPPF,Rio Tinto Group,96.31,2026-08-24T22:26:57.991611+00:00,False,+58.6%,True,$156687.1M,,N/A,False,0.4K,True,$96.31 / SMA $92.79,False,0.14%,,N/A,False,1431.8M,False,PNK,False,
RUPRF,RUPRF,,2026-08-24T22:30:51.892310+00:00,False,N/A,False,N/A,False,N/A,False,N/A,False,N/A,False,N/A,False,N/A,False,N/A,False,Unknown,False,No price data available
RUSHA,"Rush Enterprises, Inc.",78.73,2026-08-24T22:18:28.151125+00:00,True,+72.4%,True,$8533.7M,False,+1.1%,True,528.0K,True,$78.73 / SMA $76.06,False,2.91%,False,+-1.6%,True,68.5M,True,NMS,False,
RVRF,River Financial Corporation,46.61,2026-08-24T22:25:59.919923+00:00,False,+43.4%,True,$364.1M,False,+13.0%,False,0.0K,False,$46.61 / SMA $47.33,False,0.00%,False,+17.0%,True,7.0M,False,PNK,False,
RVT,"Royce Small-Cap Trust, Inc.",18.59,2026-08-24T22:29:16.576649+00:00,False,+24.2%,True,$2309.8M,,N/A,False,329.0K,True,$18.59 / SMA $18.31,False,1.17%,,N/A,,N/A,True,NYQ,False,
RVTY,"Revvity, Inc.",123.0,2026-08-24T22:27:20.330049+00:00,False,+51.4%,True,$13725.1M,False,+1.0%,True,1531.7K,True,$123.00 / SMA $111.58,True,3.36%,,N/A,True,102.5M,True,NYQ,False,
RWTN,RWTN,24.6618,2026-08-24T22:34:12.058900+00:00,False,+5.2%,,N/A,,N/A,False,6.0K,True,$24.66 / SMA $24.34,False,0.68%,,N/A,,N/A,True,NYQ,False,
RXLSF,Rexel S.A.,42.31,2026-08-24T22:27:17.804039+00:00,False,+34.5%,True,$12441.1M,,N/A,False,0.3K,True,$42.31 / SMA $42.24,False,0.26%,,N/A,False,233.8M,False,PNK,False,
RXRX,"Recursion Pharmaceuticals, Inc.",3.25,2026-08-24T22:22:11.403344+00:00,False,+17.3%,True,$1742.9M,True,+39.0%,True,21067.3K,False,$3.25 / SMA $3.28,True,5.28%,False,+-61.8%,False,518.4M,True,NMS,False,
RYAOF,Ryanair Holdings plc,30.26,2026-08-24T22:27:09.553378+00:00,False,+19.6%,True,$31398.7M,False,+-33.1%,False,0.0K,True,$30.26 / SMA $28.46,False,0.00%,False,+1.1%,False,953.0M,False,PNK,False,
RYDAF,Shell plc,47.4,2026-08-24T22:26:57.335816+00:00,False,+41.3%,True,$261548.9M,True,+220.0%,False,7.2K,True,$47.40 / SMA $42.27,True,3.57%,True,+44.7%,False,5426.9M,False,PNK,False,
RYTM,"Rhythm Pharmaceuticals, Inc.",111.44,2026-08-24T22:18:23.941036+00:00,False,+49.6%,True,$7644.1M,False,+2.7%,True,775.0K,True,$111.44 / SMA $107.81,True,4.78%,True,+46.9%,True,56.0M,True,NGM,False,
SA,Seabridge Gold Inc.,33.03,2026-08-24T22:20:16.955885+00:00,True,+102.4%,True,$3563.0M,False,+-154.5%,True,805.1K,True,$33.03 / SMA $28.03,True,5.18%,,,True,107.6M,True,NYQ,False,
SAAQ,Space Asset Acquisition Corp.,10.105,2026-08-24T22:35:55.848198+00:00,False,+2.3%,True,$393.9M,,N/A,False,23.0K,False,$10.11 / SMA $10.20,False,0.34%,,N/A,True,18.6M,True,NGM,False,
SAAQU,Space Asset Acquisition Corp.,10.4,2026-08-24T22:26:06.143980+00:00,False,+3.1%,,,,,False,1.1K,False,$10.40 / SMA $10.50,False,0.02%,,,True,18.6M,True,NGM,False,
SAFLY,Safilo Group S.p.A.,4.75,2026-08-24T22:34:10.659417+00:00,False,+40.1%,True,$928.9M,,N/A,False,0.0K,True,$4.75 / SMA $4.00,False,0.00%,,N/A,True,105.1M,False,PNK,False,
SALRY,SalMar ASA,14.1,2026-08-24T22:27:23.601278+00:00,False,+24.9%,True,$7644.4M,False,+-44.7%,False,20.3K,True,$14.10 / SMA $13.10,False,0.74%,False,+-17.8%,False,281.4M,False,PNK,False,
SAM,"The Boston Beer Company, Inc.",189.44,2026-08-24T22:30:49.597258+00:00,False,+19.4%,True,$1972.7M,False,+-9.0%,False,289.2K,True,$189.44 / SMA $181.03,True,3.33%,False,+-3.3%,True,6.8M,True,NYQ,False,
SANA,"Sana Biotechnology, Inc.",3.78,2026-08-24T22:22:29.048848+00:00,False,+44.8%,True,$1131.6M,False,+19.0%,True,3280.7K,True,$3.78 / SMA $3.46,True,6.70%,,,False,191.0M,True,NMS,False,
SAP,SAP SE,218.66,2026-08-24T22:26:57.743960+00:00,False,+50.8%,True,$252378.3M,True,+30.6%,True,2992.3K,True,$218.66 / SMA $175.41,False,2.67%,False,+9.4%,False,14500.7M,True,NYQ,False,
SAPGF,SAP SE,218.0,2026-08-24T22:15:50.513069+00:00,False,+50.1%,True,$251616.5M,True,+30.6%,False,60.8K,True,$218.00 / SMA $175.17,False,2.62%,False,+9.4%,False,1029.5M,False,PNK,False,
SAR,Saratoga Investment Corp.,18.49,2026-08-24T22:34:20.383140+00:00,False,+6.6%,False,$297.3M,False,+-146.2%,False,143.5K,False,$18.49 / SMA $19.79,False,2.52%,False,+-128.3%,,N/A,True,NYQ,False,
SARTF,Sartorius Aktiengesellschaft,212.8,2026-08-24T22:16:24.300805+00:00,False,+17.2%,True,$14694.3M,True,+35.7%,False,0.0K,True,$212.80 / SMA $211.87,False,0.00%,False,+3.3%,True,27.5M,False,PNK,False,
SATS,EchoStar Corporation,103.915,2026-08-24T22:16:06.645611+00:00,True,+299.1%,True,$30116.0M,True,+2375.5%,True,8540.6K,True,$103.92 / SMA_short $92.03,,,False,+-4.0%,True,136.6M,True,NGM,False,
SAXJY,Sa Sa International Holdings Limited,2.55,2026-08-24T22:34:21.263459+00:00,True,+131.8%,True,$395.7M,,N/A,False,0.0K,True,$2.55 / SMA $2.23,False,0.90%,,N/A,True,55.6M,False,PNK,False,
SAXPY,Sampo Oyj,22.72,2026-08-24T22:27:08.884269+00:00,False,+14.0%,True,$29914.7M,False,+-133.3%,False,78.2K,True,$22.72 / SMA $21.67,False,0.69%,True,+36.6%,False,1015.3M,False,PNK,False,
SB,"Safe Bulkers, Inc.",8.65,2026-08-24T22:34:11.943057+00:00,True,+108.9%,True,$880.9M,,N/A,True,865.6K,True,$8.65 / SMA $7.19,True,3.43%,True,+33.0%,True,51.1M,True,NYQ,True,
SBFFY,SBM Offshore N.V.,41.08,2026-08-24T22:16:47.611546+00:00,True,+74.7%,True,$6771.0M,,,False,0.1K,True,$41.08 / SMA $37.26,False,0.00%,,,True,131.2M,False,PNK,False,
SBGSY,Schneider Electric S.E.,68.07,2026-08-24T22:15:51.134281+00:00,False,+39.8%,True,$191317.5M,,,False,334.0K,True,$68.07 / SMA $64.70,False,1.52%,,,False,2752.5M,False,PNK,False,
SBKFF,State Bank of India,107.39,2026-08-24T22:15:55.371310+00:00,False,+19.0%,True,$99127.6M,False,+9.9%,False,0.2K,False,$107.39 / SMA $109.84,False,0.12%,False,+10.2%,False,407.0M,False,PNK,False,
SBNC,"Southern BancShares (N.C.), Inc.",13250.0,2026-08-24T22:34:08.384957+00:00,False,+45.6%,True,$1006.2M,,N/A,False,0.0K,True,$13250.00 / SMA $12671.00,False,0.26%,,N/A,,N/A,False,OID,False,
SBS,Companhia de Saneamento Básico do Estado de São Paulo - SABESP,4.63,2026-08-24T22:16:19.185562+00:00,False,+9.0%,True,$16282.3M,False,+16.3%,True,7180.6K,False,$4.63 / SMA $5.43,True,3.16%,False,+18.3%,False,2354.6M,True,NYQ,False,
SBSI,"Southside Bancshares, Inc.",32.06,2026-08-24T22:22:25.500588+00:00,False,+21.8%,True,$953.8M,True,+25.0%,False,132.1K,False,$32.06 / SMA $33.30,False,2.10%,False,+7.6%,True,28.2M,True,NYQ,False,
SBSNY,Vend Marketplaces ASA,27.2,2026-08-24T22:27:29.872745+00:00,False,+51.1%,True,$5475.4M,False,+-91.5%,False,9.6K,True,$27.20 / SMA $25.32,False,1.48%,False,+0.1%,True,118.0M,False,PNK,False,
SBSW,Sibanye Stillwater Limited,12.47,2026-08-24T22:27:24.893558+00:00,True,+75.6%,True,$9020.4M,,N/A,True,5332.0K,True,$12.47 / SMA $9.45,True,3.09%,,N/A,False,1409.6M,True,NYQ,False,
SBUX,Starbucks Corporation,107.49,2026-08-24T22:15:53.686401+00:00,False,+37.8%,True,$122538.6M,True,+85.7%,True,7514.9K,True,$107.49 / SMA $104.05,False,2.78%,False,+-1.4%,False,1137.7M,True,NMS,False,
SCAFF,Schaeffler AG,8.91,2026-08-24T22:27:20.654600+00:00,False,+46.1%,,N/A,,N/A,False,0.9K,False,$8.91 / SMA_short $9.95,False,0.58%,,N/A,False,196.5M,False,PNK,False,
SCBFY,Standard Chartered PLC,59.9,2026-08-24T22:16:00.167494+00:00,False,+63.6%,True,$65926.7M,,,False,183.7K,True,$59.90 / SMA $56.92,False,1.30%,False,+6.0%,False,17385.1M,False,PNK,False,
SCRPF,Sembcorp Industries Ltd,4.34,2026-08-24T22:16:38.813924+00:00,False,+5.6%,True,$7727.0M,,,False,0.5K,False,$4.34 / SMA $4.47,False,0.00%,,,False,869.7M,False,PNK,False,
SCSC,"ScanSource, Inc.",54.13,2026-08-24T22:34:08.081901+00:00,False,+60.3%,True,$1100.2M,False,+5.4%,False,243.8K,True,$54.13 / SMA $53.21,True,4.53%,False,+8.8%,True,19.7M,True,NMS,False,
SCTBF,Securitas AB (publ),15.4,2026-08-24T22:27:22.286181+00:00,False,+6.2%,True,$8815.6M,False,+12.5%,False,0.3K,False,$15.40 / SMA $16.73,False,0.00%,False,+-1.9%,False,467.6M,False,PNK,False,
SCTBY,Securitas AB (publ),15.26,2026-08-24T22:16:37.924180+00:00,False,+8.7%,True,$8735.5M,False,+12.5%,False,0.7K,False,$15.26 / SMA $16.70,False,0.33%,False,+-1.9%,False,467.6M,False,PNK,False,
SCZM,Santacruz Silver Mining Ltd.,9.57,2026-08-24T22:34:10.619152+00:00,True,+108.8%,True,$889.9M,True,+172.7%,True,523.1K,True,$9.57 / SMA $7.26,True,6.38%,True,+81.4%,True,86.5M,True,NCM,True,
SDHC,Smith Douglas Homes Corp.,12.42,2026-08-24T22:34:13.537024+00:00,False,+15.9%,False,$104.2M,False,+-88.5%,False,63.3K,False,$12.42 / SMA $14.51,True,5.33%,False,+21.9%,True,6.4M,True,NYQ,False,
SDHI,Siddhi Acquisition Corp.,10.5,2026-08-24T22:26:01.774012+00:00,False,+4.0%,True,$365.8M,True,+4940.9%,False,37.6K,True,$10.50 / SMA $10.45,False,0.03%,,,True,25.9M,True,NGM,False,
SEEMF,Seeing Machines Limited,0.07,2026-08-24T22:35:55.332928+00:00,True,+119.4%,True,$336.0M,,N/A,False,29.9K,True,$0.07 / SMA $0.06,False,2.54%,,N/A,False,3255.9M,False,PNK,False,
SEG,Seaport Entertainment Group Inc.,27.14,2026-08-24T22:26:10.383249+00:00,False,+53.0%,True,$347.7M,True,+29.3%,False,71.2K,True,$27.14 / SMA $26.53,True,3.50%,False,+-13.8%,True,7.4M,True,NYQ,False,
SEGXF,SEGRO Plc,13.08,2026-08-24T22:27:18.163710+00:00,False,+59.9%,True,$17697.1M,,N/A,False,7.1K,True,$13.08 / SMA $11.94,False,2.28%,,N/A,False,1231.3M,False,PNK,False,
SEI,"Solaris Energy Infrastructure, Inc.",53.53,2026-08-24T22:18:27.084906+00:00,True,+117.9%,True,$5386.5M,False,+-13.3%,True,2931.9K,False,$53.53 / SMA $64.65,True,8.17%,True,+46.9%,True,62.9M,True,NYQ,False,
SENEA,Seneca Foods Corporation,189.66,2026-08-24T22:22:26.653918+00:00,True,+90.5%,True,$1284.1M,True,+33.2%,False,140.2K,True,$189.66 / SMA $174.09,True,4.00%,True,+36.2%,True,4.8M,True,NMS,False,
SENEB,Seneca Foods Corporation,188.25,2026-08-24T22:22:25.656389+00:00,True,+82.6%,True,$1274.5M,True,+33.2%,False,0.1K,True,$188.25 / SMA $172.04,False,0.13%,True,+36.2%,True,4.8M,True,NMS,False,
SEOJF,Stora Enso Oyj,8.73,2026-08-24T22:27:26.837853+00:00,False,+2.0%,True,$6884.7M,False,+-121.4%,False,0.0K,True,$8.73 / SMA $8.73,False,0.00%,False,+2.6%,False,695.5M,False,OQX,False,
SEPN,"Septerna, Inc.",40.52,2026-08-24T22:22:17.442469+00:00,True,+246.3%,True,$1891.4M,True,+61.2%,False,442.6K,True,$40.52 / SMA $36.98,True,6.52%,True,+12011.0%,True,26.4M,True,NGM,False,
SESPF,SeSa S.p.A.,104.0,2026-08-24T22:22:11.299298+00:00,False,+16.9%,True,$1568.3M,,,False,0.0K,True,$104.00 / SMA $104.00,False,0.00%,False,+9.5%,True,15.1M,False,PNK,False,
SEYMF,"Solaria Energía y Medio Ambiente, S.A.",19.0,2026-08-24T22:29:08.993167+00:00,True,+141.1%,True,$2520.1M,False,+15.8%,False,0.1K,False,$19.00 / SMA $23.88,False,0.00%,True,+45.4%,True,37.1M,False,PNK,False,
SF,Stifel Financial Corp.,80.8,2026-08-24T22:27:19.925919+00:00,False,+19.2%,True,$12200.9M,True,+50.6%,True,1280.9K,True,$80.80 / SMA $78.31,False,2.24%,False,+13.3%,True,145.5M,True,NYQ,False,
SFFLY,Schaeffler AG,8.69,2026-08-24T22:27:20.651485+00:00,False,+58.0%,True,$8211.0M,False,+-55.6%,False,5.9K,False,$8.69 / SMA $9.37,False,2.13%,False,+-0.4%,False,196.5M,False,PNK,False,
SGBAF,SES S.A.,5.84,2026-08-24T22:29:06.769948+00:00,False,+5.8%,True,$2419.1M,,N/A,False,1.7K,False,$5.84 / SMA $7.72,False,1.09%,True,+43.5%,False,297.6M,False,PNK,False,
SGGEF,The Sage Group plc,11.45,2026-08-24T22:16:35.957621+00:00,False,+8.5%,True,$10276.8M,,,False,0.9K,False,$11.45 / SMA $12.12,False,0.55%,,,False,853.4M,False,PNK,False,
SGI,Somnigroup International Inc.,64.31,2026-08-24T22:27:16.782636+00:00,False,+6.5%,True,$13528.6M,False,+10.6%,True,2819.5K,False,$64.31 / SMA $70.83,True,3.26%,False,+-3.0%,False,187.4M,True,NYQ,False,
SGIOY,"Shionogi & Co., Ltd.",9.14,2026-08-24T22:27:14.999701+00:00,False,+19.5%,True,$15555.8M,,N/A,False,167.7K,True,$9.14 / SMA $8.82,False,1.91%,,N/A,False,1701.3M,False,PNK,False,
SGMT,Sagimet Biosciences Inc.,10.21,2026-08-24T22:24:22.040964+00:00,True,+126.9%,True,$634.6M,True,+41.1%,True,1205.5K,True,$10.21 / SMA $7.95,True,7.35%,,,True,55.8M,True,NGM,True,
SGRY,"Surgery Partners, Inc.",13.95,2026-08-24T22:20:35.609828+00:00,False,+22.3%,True,$1826.3M,False,+6.7%,True,1675.2K,False,$13.95 / SMA $15.52,True,5.60%,False,+4.5%,True,65.5M,True,NMS,False,
SGSOF,SGS SA,117.0,2026-08-24T22:27:11.591609+00:00,False,+20.8%,True,$23140.9M,,N/A,False,0.3K,True,$117.00 / SMA $115.28,False,0.16%,,N/A,False,169.1M,False,PNK,False,
SHBBF,Syensqo SA/NV,97.89,2026-08-24T22:16:43.100967+00:00,True,+103.6%,True,$9981.5M,False,+-13.3%,False,0.5K,True,$97.89 / SMA $82.69,False,0.26%,False,+-11.8%,True,69.2M,False,PNK,False,
SHCAF,Sharp Corporation,4.4,2026-08-24T22:20:26.834275+00:00,False,+20.7%,True,$2856.9M,,,False,0.0K,True,$4.40 / SMA $3.65,False,0.00%,,,False,238.7M,False,PNK,False,
SHECF,"Shin-Etsu Chemical Co., Ltd.",37.69,2026-08-24T22:27:01.094653+00:00,False,+40.9%,True,$69715.1M,,N/A,False,12.3K,False,$37.69 / SMA $41.22,True,7.53%,,N/A,False,1858.4M,False,PNK,False,
SHECY,"Shin-Etsu Chemical Co., Ltd.",18.82,2026-08-24T22:15:56.278357+00:00,False,+38.0%,True,$69622.6M,,,False,469.1K,False,$18.82 / SMA $20.90,False,2.77%,,,False,3716.8M,False,PNK,False,
SHEN,Shenandoah Telecommunications Company,12.3,2026-08-24T22:34:08.423573+00:00,False,+27.2%,True,$681.0M,False,+10.5%,False,451.2K,False,$12.30 / SMA $13.14,True,5.75%,False,+5.5%,True,43.0M,True,NMS,False,
SHMDF,Shimano Inc.,126.0,2026-08-24T22:16:40.282525+00:00,False,+33.8%,True,$10708.9M,,,False,0.1K,True,$126.00 / SMA $109.82,False,0.09%,,,True,70.8M,False,PNK,False,
SHOP,Shopify Inc.,149.8,2026-08-24T22:26:59.140239+00:00,False,+59.4%,True,$192739.3M,True,+68.1%,True,9373.9K,True,$149.80 / SMA $127.37,True,4.30%,True,+33.7%,False,1205.7M,True,NMS,False,
SHTDF,Sinopharm Group Co. Ltd.,2.3,2026-08-24T22:27:26.401324+00:00,False,+8.0%,True,$7177.5M,,N/A,False,0.0K,True,$2.30 / SMA $2.16,False,0.00%,,N/A,False,1274.6M,False,PNK,False,
SHW,The Sherwin-Williams Company,346.73,2026-08-24T22:27:01.664570+00:00,False,+19.6%,True,$84171.5M,False,+14.3%,True,2291.4K,True,$346.73 / SMA $339.28,False,2.22%,False,+7.5%,False,224.7M,True,NYQ,False,
SHWDY,Resonac Holdings Corporation,104.565,2026-08-24T22:16:18.814677+00:00,True,+335.3%,True,$19836.7M,,,False,0.1K,True,$104.56 / SMA $102.11,False,0.38%,,,False,189.5M,False,PNK,False,
SHWGY,Shandong Weigao Group Medical Polymer Company Limited,1.64,2026-08-24T22:20:31.463504+00:00,False,+10.1%,True,$1822.6M,,,False,0.2K,False,$1.64 / SMA $1.65,False,0.12%,,,False,587.5M,False,PNK,False,
SIDU,"Sidus Space, Inc.",2.22,2026-08-24T22:34:18.182804+00:00,True,+253.5%,False,$224.7M,True,+77.1%,True,13532.2K,False,$2.22 / SMA $2.39,True,9.24%,True,+50.7%,True,101.0M,True,NCM,False,
SIELF,"Shanghai Electric Group Co., Ltd.",0.3503,2026-08-24T22:16:23.836290+00:00,False,+0.0%,True,$11788.8M,True,+30.3%,False,0.0K,False,$0.35 / SMA $0.56,False,0.00%,False,+9.3%,False,7823.1M,False,PNK,False,
SIGA,"SIGA Technologies, Inc.",2.94,2026-08-24T22:26:05.145566+00:00,False,+3.9%,False,$211.2M,False,+-65.3%,True,653.5K,False,$2.94 / SMA $3.48,True,4.97%,False,+-49.5%,True,41.1M,True,NGM,False,
SIGCY,SIG Group AG,16.87,2026-08-24T22:18:25.853609+00:00,True,+73.4%,True,$6519.1M,,,False,1.4K,False,$16.87 / SMA $17.07,False,0.30%,,,False,315.1M,False,PNK,False,
SIGI,"Selective Insurance Group, Inc.",92.65,2026-08-24T22:27:30.507459+00:00,False,+27.3%,True,$5521.9M,True,+55.1%,True,559.7K,False,$92.65 / SMA $94.66,False,2.41%,False,+4.5%,True,55.7M,True,NMS,False,
SIGIP,"Selective Insurance Group, Inc.",15.7037,2026-08-24T22:18:27.456590+00:00,False,+1.6%,,,,,False,33.0K,False,$15.70 / SMA $15.85,False,0.64%,False,+4.5%,True,55.7M,True,NMS,False,
SITIY,SITC International Holdings Company Limited,56.61,2026-08-24T22:27:19.211967+00:00,True,+75.9%,True,$15231.6M,,N/A,False,0.6K,True,$56.61 / SMA $46.68,False,0.67%,,N/A,True,131.0M,False,PNK,False,
SITM,SiTime Corporation,580.97,2026-08-24T22:16:19.725673+00:00,True,+161.6%,True,$17470.4M,True,+178.6%,True,550.5K,False,$580.97 / SMA $633.12,True,7.18%,True,+126.5%,True,23.2M,True,NGM,False,
SIVEF,Sivers Semiconductors AB (publ),3.39,2026-08-24T22:20:29.123314+00:00,True,+253.1%,True,$1001.5M,True,+26.3%,True,3866.2K,False,$3.39 / SMA $5.14,True,9.04%,False,+-21.5%,False,240.7M,False,PNK,False,
SJM,The J. M. Smucker Company,125.87,2026-08-24T22:16:34.717865+00:00,False,+42.6%,True,$13453.1M,True,+153.1%,True,1505.9K,True,$125.87 / SMA $115.46,False,2.44%,False,+5.8%,True,104.4M,True,NYQ,False,
SJMHY,SJM Holdings Limited,0.7265,2026-08-24T22:20:36.341361+00:00,False,+5.3%,True,$1289.9M,,,False,0.7K,False,$0.73 / SMA $0.75,False,0.00%,,,False,607.3M,False,PNK,False,
SKLTY,SEEK Limited,20.26,2026-08-24T22:20:16.839541+00:00,False,+17.9%,True,$3626.2M,,,False,7.0K,True,$20.26 / SMA $19.55,False,0.87%,,,False,171.4M,False,PNK,False,
SKSBF,Skanska AB (publ),28.05,2026-08-24T22:27:20.537821+00:00,False,+14.7%,True,$11615.0M,True,+52.4%,False,0.3K,True,$28.05 / SMA $26.46,False,0.24%,False,+4.1%,False,372.4M,False,PNK,False,
SKWD,"Skyward Specialty Insurance Group, Inc.",57.92,2026-08-24T22:30:49.976804+00:00,False,+42.7%,True,$2348.3M,False,+15.1%,True,553.4K,False,$57.92 / SMA $58.44,True,3.65%,True,+52.9%,True,40.6M,True,NMS,False,
SKYW,"SkyWest, Inc.",101.68,2026-08-24T22:20:15.622093+00:00,False,+30.5%,True,$4032.7M,False,+-12.7%,False,419.9K,True,$101.68 / SMA $101.60,False,2.75%,False,+6.5%,True,38.1M,True,NMS,False,
SLAB,Silicon Laboratories Inc.,218.08,2026-08-24T22:16:45.792999+00:00,True,+88.8%,True,$7276.6M,True,+48.9%,False,389.3K,False,$218.08 / SMA $218.28,False,0.52%,False,+20.1%,True,32.8M,True,NMS,False,
SLDB,Solid Biosciences Inc.,9.16,2026-08-24T22:24:10.069214+00:00,True,+141.7%,True,$982.2M,False,+9.5%,True,1618.8K,True,$9.16 / SMA $8.95,True,5.41%,,,True,64.8M,True,NMS,False,
SLDE,"Slide Insurance Holdings, Inc.",23.64,2026-08-24T22:29:16.784480+00:00,True,+88.7%,True,$2761.4M,,N/A,True,1129.1K,True,$23.64 / SMA $20.20,True,3.73%,,N/A,True,57.5M,True,NMS,True,
SLDP,"Solid Power, Inc.",2.3,2026-08-24T22:24:08.677450+00:00,False,+16.2%,True,$524.8M,False,+21.4%,True,4462.3K,False,$2.30 / SMA $2.40,True,5.14%,False,+-115.7%,False,183.2M,True,NMS,False,
SLF,Sun Life Financial Inc.,79.05,2026-08-24T22:27:05.440314+00:00,False,+38.2%,True,$44008.3M,True,+43.7%,True,731.0K,False,$79.05 / SMA $80.14,False,1.59%,True,+51.4%,False,555.2M,True,NYQ,False,
SLGN,Silgan Holdings Inc.,42.5,2026-08-24T22:29:08.490436+00:00,False,+19.1%,True,$4491.5M,False,+-13.3%,True,1166.6K,False,$42.50 / SMA $43.61,True,3.13%,False,+6.8%,True,88.4M,True,NYQ,False,
SLI,Standard Lithium Ltd.,2.43,2026-08-24T22:22:27.509673+00:00,False,+27.2%,True,$599.7M,False,+0.0%,True,1762.2K,False,$2.43 / SMA $2.53,True,5.89%,,,False,239.3M,True,ASE,False,
SLOIY,Soitec SA,62.86,2026-08-24T22:27:25.823796+00:00,True,+378.8%,True,$4493.7M,,N/A,False,5.3K,False,$62.86 / SMA $64.60,True,3.07%,,N/A,True,54.2M,False,PNK,False,
SLS,"SELLAS Life Sciences Group, Inc.",14.325,2026-08-24T22:22:14.338252+00:00,True,+930.6%,True,$2892.9M,True,+28.6%,True,8718.3K,True,$14.32 / SMA $11.83,True,9.55%,,,False,201.1M,True,NCM,False,
SLSR,Solaris Resources Inc.,8.64,2026-08-24T22:22:11.026876+00:00,True,+76.7%,True,$1443.5M,True,+33.3%,False,163.1K,True,$8.64 / SMA $8.10,True,4.74%,,,True,79.4M,True,ASE,False,
SLVTF,Silver Tiger Metals Inc.,0.749,2026-08-24T22:35:55.042861+00:00,True,+87.2%,True,$418.4M,,N/A,False,332.1K,True,$0.75 / SMA $0.60,True,7.11%,,N/A,False,544.1M,False,OQX,False,
SMBC,"Southern Missouri Bancorp, Inc.",74.36,2026-08-24T22:34:10.452744+00:00,False,+56.2%,True,$818.8M,True,+31.7%,False,108.9K,False,$74.36 / SMA $75.66,False,1.84%,,N/A,True,9.3M,True,NGM,False,
SMBK,"SmartFinancial, Inc.",51.18,2026-08-24T22:34:11.269105+00:00,False,+55.0%,True,$875.1M,True,+39.1%,False,119.1K,True,$51.18 / SMA $49.02,False,2.64%,,N/A,True,15.2M,True,NYQ,False,
SMCAY,SMC Corporation,22.46,2026-08-24T22:27:09.618899+00:00,False,+57.0%,True,$28240.7M,,N/A,False,256.3K,False,$22.46 / SMA $22.56,False,2.00%,,N/A,False,1112.6M,False,PNK,False,
SMEGF,Siemens Energy AG,171.49,2026-08-24T22:26:58.122178+00:00,True,+75.0%,True,$145912.0M,True,+80.0%,False,8.2K,False,$171.49 / SMA $178.03,True,5.26%,False,+17.5%,False,777.4M,False,OQX,False,
SMFNF,"Sumitomo Mitsui Financial Group, Inc.",36.48,2026-08-24T22:26:58.910170+00:00,False,+47.8%,True,$139061.8M,,N/A,False,34.9K,False,$36.48 / SMA $42.22,True,5.03%,True,+25.4%,False,3796.0M,False,PNK,False,
SMG,The Scotts Miracle-Gro Company,60.69,2026-08-24T22:18:42.289805+00:00,False,+16.7%,True,$3533.4M,False,+-25.2%,True,976.3K,False,$60.69 / SMA $64.94,True,3.91%,False,+1.1%,True,44.6M,True,NYQ,False,
SMGKF,Smiths Group plc,28.35,2026-08-24T22:16:36.683282+00:00,False,+0.0%,True,$8236.6M,,,False,0.1K,False,$28.35 / SMA $34.77,False,0.02%,,,False,319.0M,False,PNK,False,
SMMNY,Siemens Healthineers AG,23.53,2026-08-24T22:27:04.699100+00:00,False,+22.6%,True,$52669.5M,,N/A,False,103.6K,True,$23.53 / SMA $20.86,False,1.07%,False,+-2.5%,False,715.4M,False,PNK,False,
SMMT,Summit Therapeutics Inc.,12.73,2026-08-24T22:27:18.068295+00:00,False,+5.5%,True,$10155.4M,True,+63.2%,True,5383.2K,False,$12.73 / SMA $14.10,True,5.96%,,N/A,False,152.3M,True,NGM,False,
SMNNY,Shimano Inc.,12.75,2026-08-24T22:16:39.332802+00:00,False,+36.2%,True,$10836.3M,,,False,88.5K,True,$12.75 / SMA $11.52,False,1.60%,,,False,707.7M,False,PNK,False,
SMOPF,Smartoptics Group ASA,4.807,2026-08-24T22:24:13.170443+00:00,True,+159.8%,True,$471.3M,True,+600.0%,False,8.6K,False,$4.81 / SMA $4.99,True,4.85%,True,+54.6%,True,42.3M,False,PNK,False,
SMPNY,"Sompo Holdings, Inc.",21.02,2026-08-24T22:16:08.768495+00:00,False,+45.9%,True,$37442.7M,,,False,182.0K,True,$21.02 / SMA $20.79,False,1.49%,,,False,1633.2M,False,PNK,False,
SMSGY,Samsonite Group S.A.,8.23,2026-08-24T22:29:14.557947+00:00,False,+1.2%,True,$2244.8M,,N/A,False,21.3K,False,$8.23 / SMA $8.99,False,2.71%,,N/A,False,246.5M,False,PNK,False,
SMSMY,Sims Limited,17.93,2026-08-24T22:20:17.177593+00:00,True,+119.7%,True,$3522.1M,,,False,2.9K,False,$17.93 / SMA $18.44,False,2.21%,,,False,157.7M,False,PNK,False,
SMSOF,Samsonite Group S.A.,1.72,2026-08-24T22:20:24.697801+00:00,False,+11.0%,True,$2345.7M,,,False,0.1K,False,$1.72 / SMA $1.73,False,0.00%,,,False,1232.3M,False,PNK,False,
SMTEF,Smart Eye AB (publ),10.1,2026-08-24T22:26:01.084213+00:00,True,+86.3%,True,$395.9M,True,+59.9%,False,0.5K,True,$10.10 / SMA $9.02,False,0.00%,True,+40.4%,True,32.9M,False,PNK,False,
SMTOF,"Sumitomo Electric Industries, Ltd.",13.246,2026-08-24T22:27:03.023623+00:00,True,+103.4%,True,$41323.3M,,N/A,False,36.7K,False,$13.25 / SMA $15.89,True,5.28%,,N/A,False,3108.5M,False,PNK,False,
SMUPF,Sims Limited,20.41,2026-08-24T22:29:11.698496+00:00,True,+140.7%,True,$3978.1M,,N/A,False,0.3K,True,$20.41 / SMA $18.52,False,0.00%,,N/A,False,157.7M,False,PNK,False,
SMWB,Similarweb Ltd.,8.99,2026-08-24T22:26:02.254360+00:00,True,+305.0%,True,$793.4M,True,+36.4%,True,985.6K,True,$8.99 / SMA $6.79,True,5.63%,False,+10.1%,True,41.9M,True,NYQ,False,
SN,"SharkNinja, Inc.",182.99,2026-08-24T22:16:24.353588+00:00,True,+120.2%,True,$25778.1M,False,+-6.1%,True,1833.0K,True,$182.99 / SMA $158.57,True,3.66%,False,+22.2%,True,86.3M,True,NYQ,False,
SNAP,Snap Inc.,5.53,2026-08-24T22:27:22.206908+00:00,False,+45.1%,True,$9352.3M,True,+37.5%,True,41576.1K,True,$5.53 / SMA $4.88,True,5.02%,False,+18.9%,False,1117.4M,True,NYQ,False,
SNCAF,AtkinsRéalis Group Inc.,60.82,2026-08-24T22:16:36.959361+00:00,False,+7.3%,True,$9733.3M,False,+-95.6%,False,61.1K,False,$60.82 / SMA $62.47,False,2.30%,False,+10.0%,False,159.5M,False,PNK,False,
SNDA,"Sonida Senior Living, Inc.",39.38,2026-08-24T22:30:51.383009+00:00,False,+57.8%,True,$1892.1M,False,+-210.4%,True,628.0K,False,$39.38 / SMA $39.61,True,4.36%,True,+33.4%,True,26.8M,True,NYQ,False,
SNDL,SNDL Inc.,1.36,2026-08-24T22:34:19.694959+00:00,False,+16.7%,True,$338.2M,False,+-400.0%,True,1971.1K,True,$1.36 / SMA $1.31,True,4.89%,False,+-3.7%,False,214.1M,True,NCM,False,
SNDX,"Syndax Pharmaceuticals, Inc.",19.57,2026-08-24T22:30:51.295622+00:00,False,+50.7%,True,$1734.1M,True,+33.7%,True,1805.8K,False,$19.57 / SMA $20.76,True,5.17%,True,+91.8%,True,80.3M,True,NMS,False,
SNEX,StoneX Group Inc.,67.75,2026-08-24T22:16:39.941576+00:00,True,+85.9%,True,$8171.8M,True,+85.2%,True,1275.8K,False,$67.75 / SMA $76.71,True,4.53%,False,+15.4%,True,109.1M,True,NMS,False,
SNHIY,"Sany Heavy Industry Co.,Ltd",9.55,2026-08-24T22:16:15.476377+00:00,False,+0.0%,True,$87812.3M,,,False,0.0K,False,$9.55 / SMA $10.30,False,0.00%,False,+20.6%,False,1554.2M,False,PNK,False,
SNLC,Security National Corporation,206.5,2026-08-24T22:34:21.615517+00:00,False,+27.0%,True,$338.9M,,N/A,False,0.0K,True,$206.50 / SMA $205.58,False,0.01%,,N/A,,N/A,False,OID,False,
SNLGF,San Lorenzo Gold Corp.,4.04,2026-08-24T22:26:07.184878+00:00,True,+1397.7%,True,$419.2M,,,False,24.9K,True,$4.04 / SMA $3.51,True,5.79%,,,True,88.4M,False,PNK,False,
SNMCY,Suncorp Group Limited,13.07,2026-08-24T22:16:27.998531+00:00,False,+38.6%,True,$13854.9M,,,False,88.1K,False,$13.07 / SMA $13.43,True,3.25%,,,False,1054.7M,False,PNK,False,
SNMRF,Snam S.p.A.,6.88,2026-08-24T22:16:13.248124+00:00,False,+15.8%,True,$23487.3M,,,False,1.1K,False,$6.88 / SMA $7.09,False,0.22%,False,+8.7%,False,2054.4M,False,PNK,False,
SNMRY,Snam S.p.A.,13.53,2026-08-24T22:16:14.414753+00:00,False,+16.2%,True,$22701.9M,,,False,55.0K,False,$13.53 / SMA $13.89,False,0.97%,False,+8.7%,False,1027.2M,False,PNK,False,
SNNUF,Smith & Nephew plc,15.75,2026-08-24T22:16:29.577855+00:00,False,+20.2%,True,$13183.0M,,,False,1.3K,True,$15.75 / SMA $14.37,False,0.05%,,,False,841.9M,False,PNK,False,
SNPMF,China Petroleum & Chemical Corporation,0.5526,2026-08-24T22:15:55.428515+00:00,False,+15.1%,True,$66722.7M,,,False,35.3K,True,$0.55 / SMA $0.54,False,1.43%,,,,,False,PNK,False,
SNROF,"Sanrio Company, Ltd.",7.39,2026-08-24T22:18:20.369447+00:00,False,+46.6%,True,$8959.9M,,,False,0.6K,True,$7.39 / SMA $7.10,False,0.73%,,,False,980.0M,False,PNK,False,
SNX,TD SYNNEX Corporation,243.65,2026-08-24T22:27:13.354579+00:00,True,+71.3%,True,$19482.0M,True,+87.8%,True,856.0K,False,$243.65 / SMA $257.57,True,3.01%,True,+31.0%,True,73.6M,True,NYQ,False,
SNYYF,Sany Heavy Equipment International Holdings Company Limited,1.02,2026-08-24T22:29:08.766363+00:00,False,+22.5%,True,$3355.5M,,N/A,False,2.8K,True,$1.02 / SMA $0.93,False,0.36%,,N/A,False,1172.7M,False,PNK,False,
SO,The Southern Company,90.1,2026-08-24T22:27:00.089842+00:00,False,+7.5%,True,$103647.7M,True,+30.4%,True,5806.5K,False,$90.10 / SMA $93.69,False,1.93%,False,+0.1%,False,1147.6M,True,NYQ,False,
SOBO,South Bow Corporation,37.31,2026-08-24T22:27:25.080657+00:00,False,+49.2%,True,$7782.4M,True,+39.1%,True,790.6K,True,$37.31 / SMA $36.64,False,2.21%,False,+4.2%,False,208.0M,True,NYQ,False,
SOCNF,Socionext Inc.,13.685,2026-08-24T22:20:18.477148+00:00,False,+30.3%,True,$2398.8M,,,False,0.1K,False,$13.69 / SMA $14.44,False,0.00%,,,False,175.1M,False,PNK,False,
SOHU,Sohu.com Limited,14.53,2026-08-24T22:26:02.871313+00:00,False,+25.2%,True,$436.9M,False,+-102.8%,False,52.5K,True,$14.53 / SMA $13.26,True,4.45%,False,+4.2%,True,14.2M,True,NMS,False,
SOIEF,Stolt-Nielsen Limited,33.75,2026-08-24T22:30:51.727021+00:00,False,+17.6%,True,$2241.0M,False,+-31.2%,False,0.2K,True,$33.75 / SMA $32.37,False,0.00%,False,+5.2%,True,18.6M,False,PNK,False,
SOLS,"Solstice Advanced Materials, Inc.",55.36,2026-08-24T22:16:28.874020+00:00,False,+36.9%,True,$8793.8M,False,+22.7%,True,2955.4K,False,$55.36 / SMA $67.23,True,4.03%,False,+11.1%,False,158.7M,True,NMS,False,
SOLV,Solventum Corporation,91.25,2026-08-24T22:16:28.312129+00:00,False,+46.3%,True,$15532.9M,False,+3.9%,True,1562.5K,True,$91.25 / SMA $81.22,True,3.23%,False,+2.2%,True,144.1M,True,NYQ,False,
SOMLY,"SECOM CO., LTD.",10.08,2026-08-24T22:27:14.068694+00:00,False,+25.1%,True,$16084.8M,,N/A,False,93.5K,False,$10.08 / SMA $10.20,False,2.75%,,N/A,False,1603.6M,False,PNK,False,
SOMMY,"Sumitomo Chemical Company, Limited",17.59,2026-08-24T22:18:23.724581+00:00,False,+27.2%,True,$5811.3M,,,False,0.6K,True,$17.59 / SMA $16.38,False,0.44%,,,False,323.6M,False,PNK,False,
SONVY,Sonova Holding AG,60.47,2026-08-24T22:16:25.140602+00:00,False,+43.1%,True,$17961.0M,,,False,17.3K,True,$60.47 / SMA $53.07,False,1.00%,,,False,296.1M,False,PNK,False,
SORNU,Soren Acquisition Corp.,10.255,2026-08-24T22:26:03.727045+00:00,False,+3.4%,,,,,False,1.1K,True,$10.26 / SMA $10.09,False,0.14%,,,True,20.7M,True,NGM,False,
SOTDF,Ströer SE & Co. KGaA,40.5,2026-08-24T22:20:27.464451+00:00,False,+0.0%,True,$2259.1M,False,+-14.9%,False,0.0K,True,$40.50 / SMA $40.50,False,0.00%,False,+4.2%,True,31.1M,False,PNK,False,
SOTDY,Ströer SE & Co. KGaA,11.435,2026-08-24T22:29:15.245217+00:00,False,+27.1%,True,$2551.4M,False,+-14.9%,False,0.0K,True,$11.44 / SMA $10.66,False,0.00%,False,+4.2%,True,124.5M,False,PNK,False,
SOTGY,Sunny Optical Technology (Group) Company Limited,75.17,2026-08-24T22:27:20.960323+00:00,False,+15.5%,True,$8074.6M,,N/A,False,1.3K,False,$75.17 / SMA $78.65,True,4.55%,,N/A,True,65.9M,False,PNK,False,
SOUN,"SoundHound AI, Inc.",7.0,2026-08-24T22:29:10.227607+00:00,False,+23.9%,True,$3108.8M,True,+47.4%,True,30916.2K,True,$7.00 / SMA $6.72,True,6.38%,,N/A,False,401.0M,True,NGM,False,
SPFI,"South Plains Financial, Inc.",44.0,2026-08-24T22:34:10.289676+00:00,False,+24.5%,True,$828.9M,False,+11.6%,False,149.5K,True,$44.00 / SMA $43.59,False,1.99%,False,+18.4%,True,14.9M,True,NMS,False,
SPGI,S&P Global Inc.,435.42,2026-08-24T22:15:53.039068+00:00,False,+20.6%,True,$128361.8M,False,+17.7%,True,2273.2K,True,$435.42 / SMA $417.61,False,2.55%,False,+10.4%,False,294.1M,True,NYQ,False,
SPHXF,"SM Prime Holdings, Inc.",0.2672,2026-08-24T22:16:40.072584+00:00,False,+0.0%,True,$7620.3M,False,+0.2%,False,0.4K,False,$0.27 / SMA $0.29,False,0.00%,False,+1.5%,False,9801.3M,False,PNK,False,
SPKKY,Spark New Zealand Limited,6.48,2026-08-24T22:29:16.507769+00:00,False,+27.8%,True,$2449.6M,,N/A,False,45.8K,True,$6.48 / SMA $5.54,False,2.43%,,N/A,False,377.6M,False,PNK,False,
SPNT,SiriusPoint Ltd.,24.02,2026-08-24T22:29:13.736011+00:00,False,+39.9%,True,$2790.3M,False,+16.0%,True,765.4K,True,$24.02 / SMA $23.97,False,2.84%,False,+2.0%,True,101.9M,True,NYQ,False,
SPOT,Spotify Technology S.A.,537.84,2026-08-24T22:15:54.234061+00:00,False,+32.8%,True,$110590.7M,True,+721.4%,True,1898.4K,True,$537.84 / SMA $487.38,True,4.41%,False,+13.9%,False,157.1M,True,NYQ,False,
SPSC,"SPS Commerce, Inc.",81.35,2026-08-24T22:30:49.609258+00:00,False,+65.9%,True,$2928.6M,False,+-63.5%,True,682.1K,True,$81.35 / SMA $65.73,True,4.07%,False,+5.6%,True,35.6M,True,NMS,False,
SPTX,"Seaport Therapeutics, Inc.",24.08,2026-08-24T22:34:06.419549+00:00,False,+62.2%,True,$1289.0M,,N/A,False,166.5K,True,$24.08 / SMA $21.11,True,6.80%,,N/A,True,18.4M,True,NMS,False,
SPXCY,Singapore Exchange Limited,39.5,2026-08-24T22:27:13.671104+00:00,False,+62.2%,True,$21105.2M,,N/A,False,25.3K,True,$39.50 / SMA $37.61,False,0.96%,,N/A,False,530.5M,False,OQX,False,
SPXSF,Spirax Group plc,87.0,2026-08-24T22:27:25.846543+00:00,False,+0.0%,True,$6440.9M,,N/A,False,0.0K,False,$87.00 / SMA $92.76,False,0.00%,,N/A,True,73.0M,False,PNK,False,
SPXSY,Spirax Group plc,48.3,2026-08-24T22:16:47.001123+00:00,False,+13.5%,True,$7128.7M,,,False,10.5K,True,$48.30 / SMA $46.94,False,1.31%,,,True,146.0M,False,PNK,False,
SQM,Sociedad Química y Minera de Chile S.A.,82.33,2026-08-24T22:27:12.244026+00:00,True,+102.9%,True,$23516.6M,True,+166.7%,True,1072.4K,True,$82.33 / SMA $73.27,True,3.19%,True,+69.8%,True,104.3M,True,NYQ,True,
SQNNY,"Square Enix Holdings Co., Ltd.",9.05,2026-08-24T22:18:23.070859+00:00,False,+34.1%,True,$6528.2M,,,False,0.7K,True,$9.05 / SMA $8.12,False,0.91%,,,False,331.4M,False,PNK,False,
SQZZF,Serica Energy plc,2.7,2026-08-24T22:30:56.022737+00:00,True,+107.7%,True,$1058.2M,,N/A,False,1.4K,False,$2.70 / SMA $2.82,False,1.57%,,N/A,False,244.8M,False,PNK,False,
SR,Spire Inc.,82.37,2026-08-24T22:18:29.035029+00:00,False,+11.4%,True,$4869.1M,True,+1131.0%,True,557.5K,True,$82.37 / SMA $80.69,False,2.27%,False,+19.2%,True,57.7M,True,NYQ,False,
SRAD,Sportradar Group AG,13.1,2026-08-24T22:18:37.964481+00:00,False,+13.4%,True,$3877.0M,False,+-106.7%,True,2623.9K,False,$13.10 / SMA $14.40,True,4.35%,False,+18.9%,True,84.1M,True,NMS,False,
SRAIF,Stadler Rail AG,28.47,2026-08-24T22:29:13.769905+00:00,False,+17.9%,True,$2846.9M,,N/A,False,0.0K,False,$28.47 / SMA $28.47,False,0.00%,,N/A,True,54.5M,False,PNK,False,
SRBEF,Vusion S.A.,149.38,2026-08-24T22:29:14.897161+00:00,False,+25.8%,True,$2494.0M,,N/A,False,0.0K,True,$149.38 / SMA $147.23,False,0.01%,,N/A,True,8.3M,False,PNK,False,
SRBIF,Serabi Gold plc,4.62,2026-08-24T22:26:05.872308+00:00,True,+77.7%,True,$352.5M,True,+139.4%,False,2.8K,True,$4.62 / SMA $3.92,False,1.28%,True,+83.3%,True,55.4M,False,OQX,False,
SRGHY,Shoprite Holdings Ltd,18.9,2026-08-24T22:27:21.633489+00:00,False,+26.3%,True,$10446.0M,,N/A,False,4.5K,True,$18.90 / SMA $17.75,False,1.06%,,N/A,False,404.4M,False,PNK,False,
SRPT,"Sarepta Therapeutics, Inc.",18.13,2026-08-24T22:20:35.306413+00:00,False,+23.5%,True,$1915.0M,False,+-102.6%,True,3319.2K,True,$18.13 / SMA $17.35,True,5.06%,False,+-34.3%,True,101.0M,True,NMS,False,
SRUUF,Sprott Physical Uranium Trust Fund,20.39,2026-08-24T22:27:27.438909+00:00,False,+24.2%,True,$7017.3M,,N/A,False,467.9K,True,$20.39 / SMA $18.91,False,2.99%,,N/A,,N/A,False,OQX,False,
SSAAY,SSAB AB (publ),5.52,2026-08-24T22:27:21.820691+00:00,True,+95.1%,True,$11002.7M,True,+85.0%,False,0.4K,True,$5.52 / SMA $5.19,False,0.91%,False,+7.7%,False,1992.3M,False,PNK,False,
SSEZF,SSE plc,33.01,2026-08-24T22:27:05.415370+00:00,False,+50.4%,True,$39819.9M,,N/A,False,4.1K,True,$33.01 / SMA $32.32,False,1.26%,,N/A,False,1192.9M,False,PNK,False,
SSEZY,SSE plc,32.36,2026-08-24T22:27:05.654989+00:00,False,+49.1%,True,$39035.8M,,N/A,False,273.8K,True,$32.36 / SMA $31.94,False,1.51%,,N/A,False,1192.9M,False,PNK,False,
SSII,"SS Innovations International, Inc.",3.5,2026-08-24T22:24:03.939081+00:00,False,+12.5%,True,$701.3M,True,+33.3%,False,66.9K,False,$3.50 / SMA $3.67,True,6.95%,True,+116.8%,True,40.6M,True,NCM,False,
SSMXY,Sysmex Corporation,12.19,2026-08-24T22:27:30.145503+00:00,False,+52.2%,True,$7377.4M,,N/A,False,104.1K,True,$12.19 / SMA $10.04,True,3.03%,,N/A,False,514.0M,False,PNK,False,
SSREF,Swiss Re AG,168.75,2026-08-24T22:27:05.115223+00:00,False,+18.7%,True,$49849.7M,,N/A,False,0.5K,True,$168.75 / SMA $162.64,False,0.31%,,N/A,False,277.2M,False,PNK,False,
SSRM,SSR Mining Inc.,38.61,2026-08-24T22:27:28.312716+00:00,True,+125.5%,True,$8011.2M,False,+11.9%,True,3178.2K,True,$38.61 / SMA $29.44,True,4.57%,False,+9.5%,False,202.1M,True,NMS,False,
SSSAF,Shurgard Self Storage Ltd,28.25,2026-08-24T22:20:21.828932+00:00,False,+7.4%,True,$2852.5M,,,False,1.0K,False,$28.25 / SMA $28.94,False,0.54%,,,True,33.0M,False,PNK,False,
SSSGY,Sartorius Aktiengesellschaft,43.9325,2026-08-24T22:27:14.698359+00:00,False,+16.0%,True,$15168.2M,True,+35.7%,False,0.0K,True,$43.93 / SMA $43.93,False,0.00%,False,+3.3%,True,137.3M,False,PNK,False,
SSUMY,Sumitomo Corporation,11.14,2026-08-24T22:16:01.238568+00:00,False,+63.8%,True,$52790.8M,,,False,319.2K,True,$11.14 / SMA $10.18,False,2.14%,,,False,4736.5M,False,PNK,False,
ST,Sensata Technologies Holding plc,41.96,2026-08-24T22:27:26.454568+00:00,False,+49.0%,True,$6106.7M,True,+70.7%,True,1905.7K,False,$41.96 / SMA $46.24,True,3.74%,False,+5.0%,True,144.2M,True,NYQ,False,
STAA,STAAR Surgical Company,23.26,2026-08-24T22:22:10.859448+00:00,False,+49.2%,True,$1166.3M,True,+109.1%,True,880.2K,False,$23.26 / SMA $26.17,True,5.65%,True,+119.6%,True,26.1M,True,NGM,False,
STAG,"STAG Industrial, Inc.",37.05,2026-08-24T22:16:45.316954+00:00,False,+7.7%,True,$7291.5M,False,+3.7%,True,1568.5K,False,$37.05 / SMA $38.57,False,1.69%,False,+8.1%,False,191.9M,True,NYQ,False,
STBGY,Scandinavian Tobacco Group A/S,5.49,2026-08-24T22:22:29.024179+00:00,False,+13.2%,True,$864.6M,False,+-28.6%,False,0.3K,True,$5.49 / SMA $5.23,False,0.09%,False,+-5.8%,True,117.6M,False,PNK,False,
STBMF,St Barbara Limited,0.47,2026-08-24T22:24:20.281866+00:00,True,+104.3%,True,$684.9M,,,False,2.9K,True,$0.47 / SMA $0.36,False,1.44%,,,False,1154.6M,False,PNK,False,
STC,Stewart Information Services Corporation,69.93,2026-08-24T22:20:31.007890+00:00,False,+22.4%,True,$2129.4M,False,+7.1%,False,230.7K,True,$69.93 / SMA $67.89,False,2.36%,False,+24.5%,True,29.9M,True,NYQ,False,
STCGF,Stack Capital Group Inc.,12.01,2026-08-24T22:25:59.888658+00:00,False,+39.0%,False,$188.3M,True,+1604.2%,False,17.6K,False,$12.01 / SMA $13.91,True,3.06%,True,+3115.3%,True,14.4M,False,PNK,False,
STEL,"Stellar Bancorp, Inc.",39.32,2026-08-24T22:20:32.889756+00:00,False,+39.3%,True,$2002.2M,,,False,470.4K,True,$39.32 / SMA_short $39.32,,,,,True,50.7M,True,NYQ,False,
STEP,StepStone Group Inc.,49.2,2026-08-24T22:27:27.743885+00:00,False,+26.6%,True,$6350.9M,False,+-187.8%,True,1502.5K,True,$49.20 / SMA $44.98,True,4.94%,False,+4.0%,True,75.4M,True,NMS,False,
STJPF,St. James's Place plc,15.0,2026-08-24T22:16:41.366260+00:00,False,+6.2%,True,$7549.3M,,,False,0.0K,False,$15.00 / SMA $15.18,False,0.00%,,,False,478.9M,False,PNK,False,
STK,Columbia Seligman Premium Technology Growth Fund,50.99,2026-08-24T22:22:26.184211+00:00,False,+64.1%,True,$900.6M,,,False,69.8K,True,$50.99 / SMA $50.90,False,2.78%,,,,,True,NYQ,False,
STKAF,Stockland,3.15,2026-08-24T22:27:26.784247+00:00,False,+28.0%,True,$7659.7M,,N/A,False,0.3K,True,$3.15 / SMA $2.80,False,0.02%,,N/A,False,2413.4M,False,PNK,False,
STLD,"Steel Dynamics, Inc.",229.27,2026-08-24T22:16:08.160355+00:00,True,+80.7%,True,$32860.8M,True,+83.6%,True,1266.7K,False,$229.27 / SMA $245.77,True,4.04%,True,+33.4%,True,133.5M,True,NMS,False,
STMNF,"Sumitomo Metal Mining Co., Ltd.",62.4,2026-08-24T22:16:23.135382+00:00,True,+171.3%,True,$16753.6M,,,False,0.2K,True,$62.40 / SMA $48.66,False,0.17%,,,False,253.6M,False,PNK,False,
STOK,"Stoke Therapeutics, Inc.",32.32,2026-08-24T22:30:50.829967+00:00,True,+79.6%,True,$2085.5M,False,+-132.5%,True,835.6K,True,$32.32 / SMA $30.96,True,5.31%,False,+-32.5%,True,49.2M,True,NMS,False,
STOSF,Santos Limited,6.35,2026-08-24T22:16:19.728172+00:00,True,+74.0%,True,$20623.4M,,,False,6.2K,True,$6.35 / SMA $5.31,False,0.00%,,,False,3196.5M,False,PNK,False,
STRC,Strategy Inc,97.21,2026-08-24T22:27:03.189663+00:00,False,+36.4%,,N/A,,N/A,True,2604.6K,True,$97.21 / SMA $88.40,False,1.42%,False,+6.9%,False,363.7M,True,NMS,False,
STRK,Strategy Inc,72.75,2026-08-24T22:16:00.299473+00:00,False,+46.1%,,,,,False,141.1K,True,$72.75 / SMA $63.11,False,2.96%,False,+6.9%,False,363.7M,True,NMS,False,
STRL,"Sterling Infrastructure, Inc.",496.66,2026-08-24T22:16:16.481369+00:00,True,+86.6%,True,$15192.1M,True,+116.5%,True,805.9K,False,$496.66 / SMA $670.98,True,7.02%,True,+90.1%,True,29.9M,True,NMS,False,
STX,Seagate Technology Holdings plc,794.65,2026-08-24T22:15:50.840123+00:00,True,+400.8%,True,$180385.6M,True,+149.1%,True,4811.6K,False,$794.65 / SMA $889.87,True,7.80%,True,+48.5%,False,226.0M,True,NMS,False,
STZ,"Constellation Brands, Inc.",137.6,2026-08-24T22:27:10.052419+00:00,False,+8.8%,True,$23502.7M,True,+30.7%,True,2177.9K,True,$137.60 / SMA $134.71,False,2.25%,False,+-3.3%,False,157.8M,True,NYQ,False,
SUCEF,"Sumitomo Osaka Cement Co., Ltd.",26.04,2026-08-24T22:22:25.959876+00:00,False,+3.5%,True,$825.2M,,,False,0.0K,False,$26.04 / SMA $30.00,False,0.00%,,,True,31.7M,False,PNK,False,
SUN,Sunoco LP,76.11,2026-08-24T22:16:26.381672+00:00,False,+58.6%,True,$14340.2M,True,+184.8%,False,436.2K,True,$76.11 / SMA $70.65,False,2.72%,True,+164.5%,True,107.7M,True,NYQ,False,
SURDF,"Sumitomo Realty & Development Co., Ltd.",22.99,2026-08-24T22:27:11.757961+00:00,False,+8.2%,True,$21233.9M,,N/A,False,0.2K,True,$22.99 / SMA $22.77,False,0.00%,,N/A,,N/A,False,PNK,False,
SUUIF,Superior Plus Corp.,5.18,2026-08-24T22:30:57.080928+00:00,False,+19.4%,True,$1111.6M,False,+-233.3%,False,50.4K,False,$5.18 / SMA $5.60,False,0.68%,False,+2.9%,False,213.8M,False,PNK,False,
SVAQU,Silicon Valley Acquisition Corp.,10.48,2026-08-24T22:26:11.458341+00:00,False,+5.5%,,,,,False,3.5K,True,$10.48 / SMA $10.40,False,0.04%,,,True,21.7M,True,NGM,False,
SVC,Service Properties Trust,8.01,2026-08-24T22:22:21.782359+00:00,False,+41.8%,True,$1037.4M,False,+-3704.3%,True,1819.7K,False,$8.01 / SMA $8.33,True,4.31%,False,+-16.4%,True,108.0M,True,NMS,False,
SVCBF,Svenska Cellulosa Aktiebolaget SCA (publ),10.38,2026-08-24T22:16:45.142373+00:00,False,+4.1%,True,$7290.3M,False,+-52.3%,False,0.5K,False,$10.38 / SMA $10.66,False,0.00%,False,+-4.2%,False,651.2M,False,PNK,False,
SVCTF,Senvest Capital Inc.,305.0,2026-08-24T22:24:09.228593+00:00,False,+27.1%,True,$737.1M,True,+84.9%,False,0.0K,True,$305.00 / SMA $288.77,False,0.45%,True,+86.1%,True,0.9M,False,PNK,False,
SVIV,Spring Valley Acquisition Corp. IV,10.2,2026-08-24T22:35:57.176076+00:00,False,+6.8%,True,$312.8M,,N/A,False,20.2K,False,$10.20 / SMA $10.21,False,0.12%,,N/A,True,20.2M,True,NGM,False,
SVIVU,Spring Valley Acquisition Corp. IV,10.3701,2026-08-24T22:35:56.243244+00:00,False,+3.2%,,N/A,,N/A,False,0.7K,True,$10.37 / SMA $10.36,False,0.01%,,N/A,True,20.2M,True,NGM,False,
SVM,Silvercorp Metals Inc.,12.65,2026-08-24T22:20:24.418790+00:00,True,+181.1%,True,$2798.3M,,,True,3266.5K,True,$12.65 / SMA $10.60,True,4.97%,True,+96.2%,False,194.9M,True,ASE,False,
SVNDY,"Seven & i Holdings Co., Ltd.",12.84,2026-08-24T22:27:08.342421+00:00,False,+14.5%,True,$29109.0M,,N/A,False,308.7K,True,$12.84 / SMA $12.62,False,1.61%,,N/A,False,1986.4M,False,PNK,False,
SVNLY,Svenska Handelsbanken AB (publ),7.54,2026-08-24T22:16:11.154045+00:00,False,+22.8%,True,$29883.9M,False,+-6.1%,False,143.0K,True,$7.54 / SMA $7.43,False,0.90%,False,+-2.4%,False,3243.1M,False,PNK,False,
SVRSF,Silver Storm Mining Ltd.,0.3842,2026-08-24T22:34:21.927571+00:00,True,+174.4%,True,$304.2M,,N/A,True,611.1K,True,$0.38 / SMA $0.32,True,11.02%,,N/A,False,557.0M,False,OQX,False,
SVTRF,Severn Trent PLC,38.66,2026-08-24T22:27:19.121971+00:00,False,+12.0%,True,$11676.9M,,N/A,False,0.0K,False,$38.66 / SMA $39.01,False,0.00%,,N/A,False,264.4M,False,PNK,False,
SW,Smurfit Westrock Plc,48.69,2026-08-24T22:27:12.991013+00:00,False,+48.8%,True,$25539.0M,True,+438.4%,True,5510.2K,True,$48.69 / SMA $45.91,True,3.23%,False,+1.1%,False,520.6M,True,NYQ,False,
SWBI,"Smith & Wesson Brands, Inc.",13.65,2026-08-24T22:34:11.623539+00:00,True,+70.4%,True,$612.1M,True,+89.5%,True,690.7K,False,$13.65 / SMA $14.82,False,2.30%,True,+26.7%,True,43.7M,True,NMS,False,
SWDBY,Swedbank AB (publ),38.84,2026-08-24T22:16:04.849846+00:00,False,+39.1%,True,$43645.1M,False,+-12.3%,False,30.1K,True,$38.84 / SMA $38.46,False,0.80%,False,+4.6%,False,854.9M,False,PNK,False,
SWDHY,Skyworth Group Limited,16.38,2026-08-24T22:30:54.705796+00:00,False,+34.3%,True,$1031.0M,,N/A,False,0.0K,False,$16.38 / SMA $17.90,False,0.00%,,N/A,True,18.9M,False,PNK,False,
SWGAF,The Swatch Group AG,217.32,2026-08-24T22:16:28.968501+00:00,False,+24.2%,True,$11299.8M,,,False,0.0K,False,$217.32 / SMA $238.01,False,0.11%,,,True,36.8M,False,PNK,False,
SWIM,"Latham Group, Inc.",7.0,2026-08-24T22:34:13.096073+00:00,False,+50.9%,True,$823.5M,False,+-15.4%,True,835.1K,True,$7.00 / SMA $6.27,True,4.65%,False,+14.4%,True,57.4M,True,NMS,False,
SWK,"Stanley Black & Decker, Inc.",98.51,2026-08-24T22:16:31.673898+00:00,False,+59.1%,True,$14876.6M,True,+247.8%,True,1747.6K,True,$98.51 / SMA $93.13,False,2.86%,False,+0.4%,False,150.5M,True,NYQ,False,
SWQGF,Swissquote Group Holding SA,49.008,2026-08-24T22:27:26.161329+00:00,False,+0.0%,True,$7345.5M,,N/A,False,0.0K,True,$49.01 / SMA $49.01,False,0.00%,,N/A,True,115.6M,False,PNK,False,
SWZCF,Swisscom AG,770.0,2026-08-24T22:16:03.723658+00:00,False,+13.2%,True,$41387.9M,,,False,0.0K,False,$770.00 / SMA $778.19,False,0.08%,False,+-2.0%,True,25.4M,False,OID,False,
SXGCF,Southern Cross Gold Consolidated Ltd.,8.75,2026-08-24T22:20:35.798845+00:00,True,+113.4%,True,$2270.5M,True,+100.0%,False,88.3K,True,$8.75 / SMA $7.03,True,5.93%,,,False,212.5M,False,OQX,False,
SXI,Standex International Corporation,302.99,2026-08-24T22:29:11.696147+00:00,False,+53.8%,True,$3672.1M,True,+38.2%,False,179.9K,False,$302.99 / SMA $315.83,True,4.13%,,N/A,True,11.9M,True,NYQ,False,
SXT,Sensient Technologies Corporation,137.45,2026-08-24T22:18:30.821807+00:00,False,+66.4%,True,$5851.1M,True,+36.4%,False,490.8K,True,$137.45 / SMA $122.31,False,2.87%,False,+11.6%,True,41.9M,True,NYQ,False,
SYRE,"Spyre Therapeutics, Inc.",106.65,2026-08-24T22:27:27.707171+00:00,True,+635.3%,True,$9261.6M,True,+29.7%,True,1251.0K,True,$106.65 / SMA $97.47,True,5.55%,,N/A,True,82.1M,True,NMS,True,
T,AT&T Inc.,25.69,2026-08-24T22:26:58.160801+00:00,False,+29.2%,True,$176037.8M,False,+6.5%,True,63494.2K,True,$25.69 / SMA $22.85,False,2.16%,False,+2.3%,False,6837.8M,True,NYQ,False,
TACH,Titan Acquisition Corp,10.515,2026-08-24T22:34:20.495535+00:00,False,+4.2%,True,$362.8M,True,+2073.2%,False,98.2K,True,$10.52 / SMA $10.44,False,0.05%,,N/A,True,23.4M,True,NGM,False,
TAK,Takeda Pharmaceutical Company Limited,18.24,2026-08-24T22:16:01.862241+00:00,False,+40.4%,True,$58249.5M,False,+-9.8%,True,3367.8K,True,$18.24 / SMA $16.83,False,1.38%,False,+10.2%,False,3156.7M,True,NYQ,False,
TAL,TAL Education Group,11.48,2026-08-24T22:18:24.621920+00:00,False,+29.3%,True,$6368.0M,True,+1360.0%,True,4130.3K,True,$11.48 / SMA $10.66,True,3.90%,True,+31.9%,False,361.0M,True,NYQ,False,
TALK,"Talkspace, Inc.",5.25,2026-08-24T22:34:08.677696+00:00,True,+110.8%,True,$870.6M,,N/A,True,1980.7K,True,$5.25 / SMA_short $5.21,False,0.31%,False,+13.6%,True,138.4M,True,NCM,False,
TARS,"Tarsus Pharmaceuticals, Inc.",72.81,2026-08-24T22:29:14.025371+00:00,False,+51.1%,True,$3195.1M,False,+10.4%,True,965.5K,True,$72.81 / SMA $63.57,True,4.65%,True,+69.4%,True,32.7M,True,NMS,False,
TBCCF,TBC Bank Group PLC,62.0,2026-08-24T22:29:10.539125+00:00,False,+17.7%,True,$3370.4M,False,+22.7%,False,0.3K,True,$62.00 / SMA $59.53,False,0.18%,False,+16.9%,True,43.9M,False,PNK,False,
TBLD,Thornburg Income Builder Opportunities Trust,22.24,2026-08-24T22:34:11.271847+00:00,False,+14.2%,True,$713.5M,,N/A,False,47.9K,True,$22.24 / SMA $21.87,False,1.51%,,N/A,,N/A,True,NGM,False,
TCEHY,Tencent Holdings Limited,57.17,2026-08-24T22:15:48.695283+00:00,False,+8.2%,True,$515190.4M,False,+22.9%,True,3984.4K,False,$57.17 / SMA $57.95,False,1.84%,,,False,6220.4M,False,PNK,False,
TCKRF,Teck Resources Limited,67.32,2026-08-24T22:16:09.420081+00:00,True,+102.0%,True,$33027.2M,True,+324.4%,False,0.2K,True,$67.32 / SMA $60.67,False,0.04%,True,+78.2%,False,469.3M,False,PNK,False,
TCLAF,Transcontinental Inc.,4.18,2026-08-24T22:34:21.702111+00:00,False,+36.2%,True,$349.5M,True,+542.9%,False,17.9K,True,$4.18 / SMA $3.84,False,0.21%,False,+-5.0%,True,65.3M,False,PNK,False,
TCTZF,Tencent Holdings Limited,58.0,2026-08-24T22:26:56.503799+00:00,False,+12.6%,True,$522670.0M,False,+22.9%,False,9.3K,False,$58.00 / SMA $58.01,True,3.44%,,N/A,False,6220.4M,False,PNK,False,
TDHOF,"T&D Holdings, Inc.",29.9125,2026-08-24T22:27:19.251959+00:00,False,+39.2%,True,$14251.6M,,N/A,False,0.0K,True,$29.91 / SMA $29.86,False,0.00%,,N/A,False,478.3M,False,PNK,False,
TDHOY,"T&D Holdings, Inc.",14.7,2026-08-24T22:27:18.452220+00:00,False,+49.1%,True,$14007.4M,,N/A,False,1.7K,False,$14.70 / SMA $15.02,False,0.30%,,N/A,False,956.6M,False,PNK,False,
TDS,"Telephone and Data Systems, Inc.",33.09,2026-08-24T22:29:07.374523+00:00,False,+5.0%,True,$3809.2M,True,+4940.0%,True,1139.3K,False,$33.09 / SMA $35.40,True,3.55%,False,+3.6%,True,89.3M,True,NYQ,False,
TE,T1 Energy Inc.,4.32,2026-08-24T22:20:28.272980+00:00,True,+180.5%,True,$1272.4M,True,+27.3%,True,38512.0K,False,$4.32 / SMA $6.49,True,12.54%,True,+232.3%,False,193.5M,True,NYQ,False,
TECK,Teck Resources Limited,70.2,2026-08-24T22:16:11.352998+00:00,True,+121.6%,True,$34440.1M,True,+324.4%,True,3205.9K,True,$70.20 / SMA $61.65,False,2.87%,True,+78.2%,False,469.3M,True,NYQ,False,
TEFOF,"Telefónica, S.A.",3.96,2026-08-24T22:16:14.475817+00:00,False,+8.2%,True,$22287.9M,True,+62.5%,False,3.5K,False,$3.96 / SMA $4.17,False,1.09%,,,False,3925.3M,False,PNK,False,
TELDY,Telefónica Deutschland Holding AG,11.75,2026-08-24T22:16:46.093850+00:00,False,+1.7%,True,$6990.2M,,,False,0.0K,True,$11.75 / SMA $11.75,False,0.00%,,,True,18.7M,False,PNK,False,
TELNF,Telenor ASA,14.1,2026-08-24T22:27:11.256328+00:00,False,+20.2%,True,$19185.8M,False,+15.6%,False,0.3K,False,$14.10 / SMA $14.73,False,0.25%,False,+-1.7%,False,627.2M,False,OQX,False,
TEM,"Tempus AI, Inc.",66.17,2026-08-24T22:27:24.229726+00:00,False,+62.3%,True,$11939.4M,True,+112.0%,True,6624.3K,True,$66.17 / SMA $52.99,True,7.38%,False,+21.6%,True,115.6M,True,NMS,False,
TENB,"Tenable Holdings, Inc.",33.94,2026-08-24T22:29:13.467822+00:00,True,+115.8%,True,$3742.6M,True,+125.0%,True,3396.2K,False,$33.94 / SMA $34.66,True,6.21%,False,+8.6%,True,108.5M,True,NMS,False,
TENX,"Tenax Therapeutics, Inc.",1.85,2026-08-24T22:35:54.794465+00:00,False,+41.2%,False,$69.2M,False,+-29.6%,True,3875.4K,False,$1.85 / SMA $11.66,True,12.15%,,N/A,True,37.4M,True,NCM,False,
TEZNY,Terna S.p.A.,34.42,2026-08-24T22:27:11.316387+00:00,False,+18.7%,True,$23047.6M,,N/A,False,21.8K,False,$34.42 / SMA $34.68,False,0.78%,False,+13.4%,False,468.8M,False,PNK,False,
TFC,Truist Financial Corporation,50.81,2026-08-24T22:27:02.648666+00:00,False,+24.6%,True,$62070.8M,True,+36.7%,True,8779.3K,False,$50.81 / SMA $50.89,False,1.69%,,N/A,False,1218.4M,True,NYQ,False,
TGLVY,Top Glove Corporation Bhd.,0.5579,2026-08-24T22:30:52.492825+00:00,False,+21.8%,True,$1118.3M,True,+134.9%,False,0.6K,False,$0.56 / SMA $0.64,False,2.00%,True,+31.9%,False,1236.2M,False,PNK,False,
TGSGY,TGS ASA,14.44,2026-08-24T22:29:11.116330+00:00,True,+103.4%,True,$2837.5M,True,+300.0%,False,82.0K,True,$14.44 / SMA $13.82,False,1.92%,False,+-24.8%,False,180.1M,False,OQX,False,
TGT,Target Corporation,169.89,2026-08-24T22:27:02.975503+00:00,True,+103.6%,True,$77162.5M,False,+-24.7%,True,4464.1K,True,$169.89 / SMA $140.81,False,2.97%,False,+6.7%,False,452.8M,True,NYQ,False,
TGTX,"TG Therapeutics, Inc.",56.01,2026-08-24T22:18:24.295300+00:00,True,+109.3%,True,$8573.4M,False,+-70.6%,True,2454.3K,True,$56.01 / SMA $53.00,True,4.82%,True,+70.3%,True,135.2M,True,NCM,False,
THC,Tenet Healthcare Corporation,278.59,2026-08-24T22:16:25.603256+00:00,True,+76.8%,True,$22431.8M,True,+213.4%,True,1274.6K,True,$278.59 / SMA $222.00,True,3.32%,False,+14.6%,True,79.5M,True,NYQ,False,
THG,"The Hanover Insurance Group, Inc.",227.47,2026-08-24T22:16:47.522917+00:00,False,+36.6%,True,$7920.6M,False,+22.9%,False,327.6K,True,$227.47 / SMA $217.10,False,2.13%,False,+4.3%,True,34.5M,True,NYQ,False,
THLLY,Thales S.A.,58.5,2026-08-24T22:27:03.326807+00:00,False,+20.0%,True,$60172.6M,,N/A,False,61.1K,True,$58.50 / SMA $55.25,False,1.22%,,N/A,False,445.2M,False,PNK,False,
THNBY,Technoprobe S.p.A.,65.0,2026-08-24T22:27:10.887040+00:00,True,+195.5%,,N/A,,N/A,False,4.0K,False,$65.00 / SMA_short $71.54,False,1.18%,,N/A,,N/A,False,PNK,False,
THNPF,Technip Energies N.V.,34.2,2026-08-24T22:16:45.679140+00:00,False,+0.1%,True,$5923.6M,,,False,0.1K,False,$34.20 / SMA $37.88,False,0.00%,,,True,94.5M,False,PNK,False,
THNPY,Technip Energies N.V.,34.39,2026-08-24T22:27:25.561123+00:00,False,+2.3%,True,$5956.5M,,N/A,False,8.8K,False,$34.39 / SMA $37.58,False,1.25%,,N/A,True,94.5M,False,PNK,False,
THQ,Abrdn Healthcare Opportunities Fund,19.56,2026-08-24T22:34:10.388336+00:00,False,+20.1%,True,$810.5M,,N/A,False,211.9K,True,$19.56 / SMA $18.83,False,1.46%,,N/A,,N/A,True,NYQ,False,
THRM,Gentherm Incorporated,39.45,2026-08-24T22:22:24.675830+00:00,False,+46.1%,True,$1211.3M,True,+600.0%,False,424.9K,True,$39.45 / SMA $38.47,True,4.21%,False,+11.0%,True,30.1M,True,NMS,False,
THUPY,Thule Group AB (publ),11.07,2026-08-24T22:29:14.322676+00:00,False,+11.8%,True,$2600.4M,True,+102.4%,False,0.4K,True,$11.07 / SMA $10.84,False,0.17%,True,+28.5%,False,215.3M,False,PNK,False,
THVB,"Thomasville Bancshares, Inc.",105.0,2026-08-24T22:34:12.389401+00:00,False,+26.5%,True,$664.9M,,N/A,False,0.3K,True,$105.00 / SMA $104.60,False,0.33%,,N/A,,N/A,False,OID,False,
TISCY,Taisei Corporation,21.0,2026-08-24T22:16:27.565646+00:00,False,+25.0%,True,$13692.8M,,,False,0.9K,True,$21.00 / SMA $20.72,True,4.59%,,,False,602.1M,False,PNK,False,
TITN,Titan Machinery Inc.,19.06,2026-08-24T22:24:21.987017+00:00,False,+44.3%,True,$444.1M,False,+5.2%,False,210.3K,False,$19.06 / SMA $19.14,True,5.32%,False,+-12.1%,True,20.1M,True,NMS,False,
TKAMY,thyssenkrupp AG,15.85,2026-08-24T22:16:43.719666+00:00,True,+94.2%,True,$9974.3M,False,+-100.0%,False,21.9K,True,$15.85 / SMA $13.67,False,1.80%,False,+-2.3%,False,608.2M,False,PNK,False,
TKC,Turkcell Iletisim Hizmetleri A.S.,5.42,2026-08-24T22:18:29.681979+00:00,False,+2.5%,True,$4718.5M,,,True,2213.4K,False,$5.42 / SMA $5.71,False,1.69%,True,+31.3%,False,351.7M,True,NYQ,False,
TKECY,"Tokyo Electric Power Company Holdings, Incorporated",3.34,2026-08-24T22:18:26.889407+00:00,False,+21.0%,True,$5353.0M,,,False,3.0K,True,$3.34 / SMA $3.10,False,2.62%,,,False,1510.6M,False,PNK,False,
TKGSF,"Tokyo Gas Co.,Ltd.",40.26,2026-08-24T22:27:16.743493+00:00,False,+11.0%,True,$13225.6M,,N/A,False,0.1K,True,$40.26 / SMA $38.41,False,0.00%,,N/A,False,299.0M,False,PNK,False,
TKMCY,TKMS AG & Co KGaA,11.75,2026-08-24T22:18:25.226989+00:00,False,+41.4%,,,,,False,0.7K,True,$11.75 / SMA_short $9.89,False,1.98%,,,True,31.4M,False,PNK,False,
TKMTY,"Tokyo Metro Co., Ltd.",8.87,2026-08-24T22:18:27.211866+00:00,False,+6.2%,True,$5149.9M,,,False,0.5K,True,$8.87 / SMA $8.68,False,0.00%,,,False,271.8M,False,PNK,False,
TKR,The Timken Company,122.72,2026-08-24T22:27:24.399136+00:00,True,+73.9%,True,$8528.4M,False,+-63.4%,True,1001.8K,False,$122.72 / SMA $135.99,True,3.14%,False,+7.5%,True,66.6M,True,NYQ,False,
TLGPY,Telstra Group Limited,16.81,2026-08-24T22:27:05.132781+00:00,False,+10.9%,True,$37449.8M,,N/A,False,105.3K,False,$16.81 / SMA $17.46,True,3.41%,,N/A,False,2223.7M,False,PNK,False,
TLN,Talen Energy Corporation,305.535,2026-08-24T22:16:22.538100+00:00,False,+1.4%,True,$14639.5M,False,+-233.3%,True,861.2K,False,$305.54 / SMA $366.45,True,5.34%,True,+111.2%,True,38.1M,True,NMS,False,
TLPFY,Teleperformance SE,41.95,2026-08-24T22:18:29.477636+00:00,False,+63.2%,True,$4877.4M,,,False,6.7K,True,$41.95 / SMA $33.95,False,2.06%,,,True,80.7M,False,PNK,False,
TLPPF,Telix Pharmaceuticals Limited,10.2,2026-08-24T22:29:10.818287+00:00,True,+72.6%,True,$3455.5M,,N/A,False,3.2K,False,$10.20 / SMA $10.63,False,0.76%,,N/A,False,273.6M,False,PNK,False,
TLRY,"Tilray Brands, Inc.",4.72,2026-08-24T22:34:12.644600+00:00,False,+28.6%,True,$649.4M,True,+96.7%,True,4087.5K,True,$4.72 / SMA $4.49,True,5.67%,True,+25.5%,False,440.0M,True,NMS,False,
TLSNY,Telia Company AB (publ),9.17,2026-08-24T22:27:12.710913+00:00,False,+25.1%,True,$18028.7M,False,+14.0%,False,89.7K,False,$9.17 / SMA $9.39,False,0.80%,False,+4.6%,False,1157.3M,False,PNK,False,
TLX,Telix Pharmaceuticals Limited,11.68,2026-08-24T22:29:11.089057+00:00,True,+86.0%,True,$3956.9M,,N/A,False,162.9K,True,$11.68 / SMA $10.95,False,2.09%,,N/A,False,273.6M,True,NMS,False,
TMICY,Trend Micro Incorporated,35.17,2026-08-24T22:18:29.409426+00:00,False,+13.1%,True,$4564.8M,,,False,9.0K,False,$35.17 / SMA $38.33,False,1.44%,,,True,122.8M,False,PNK,False,
TMNSF,Temenos AG,85.63,2026-08-24T22:18:21.769822+00:00,False,+13.7%,True,$5819.3M,True,+150.0%,False,0.0K,True,$85.63 / SMA $79.08,False,0.00%,,,True,49.8M,False,PNK,False,
TMSNY,Temenos AG,93.29,2026-08-24T22:27:29.445793+00:00,False,+25.2%,True,$6339.9M,True,+150.0%,False,1.9K,True,$93.29 / SMA $85.00,False,1.53%,,N/A,True,49.8M,False,PNK,False,
TMTNY,Toromont Industries Ltd.,29.01,2026-08-24T22:16:28.548825+00:00,False,+20.9%,True,$11826.4M,False,+-0.7%,False,56.7K,False,$29.01 / SMA $31.49,True,4.30%,False,+16.1%,False,407.2M,False,PNK,False,
TMVWY,TeamViewer SE,3.7,2026-08-24T22:22:23.759806+00:00,False,+54.2%,True,$1163.5M,False,+0.0%,False,1.5K,True,$3.70 / SMA $3.26,False,0.65%,False,+3.5%,False,297.2M,False,PNK,False,
TNABF,Tenaga Nasional Berhad,3.87,2026-08-24T22:16:17.520234+00:00,False,+43.3%,True,$23994.1M,False,+3.7%,False,5.8K,True,$3.87 / SMA $3.45,True,3.54%,False,+6.6%,False,3401.0M,False,PNK,False,
TNABY,Tenaga Nasional Berhad,15.49,2026-08-24T22:16:18.212628+00:00,False,+33.5%,True,$22573.4M,False,+3.7%,False,0.7K,True,$15.49 / SMA $14.62,False,0.39%,False,+6.6%,False,850.2M,False,PNK,False,
TNC,Tennant Company,68.22,2026-08-24T22:22:14.595516+00:00,False,+13.4%,True,$1163.1M,False,+-59.3%,False,192.0K,False,$68.22 / SMA $82.36,True,4.72%,False,+1.7%,True,16.6M,True,NYQ,False,
TNGRF,Thungela Resources Limited,7.5,2026-08-24T22:30:57.611602+00:00,True,+76.5%,True,$953.2M,,N/A,False,4.0K,True,$7.50 / SMA $6.38,False,2.56%,,N/A,True,125.9M,False,PNK,False,
TNGZF,Tivan Limited,0.1862,2026-08-24T22:24:22.346187+00:00,True,+355.3%,True,$433.3M,,,False,13.8K,False,$0.19 / SMA $0.20,False,0.51%,,,False,1583.3M,False,PNK,False,
TNISY,"Técnicas Reunidas, S.A.",6.5,2026-08-24T22:20:22.093610+00:00,False,+32.0%,True,$2536.9M,,,False,0.0K,False,$6.50 / SMA $6.97,False,0.00%,False,+3.0%,False,204.3M,False,PNK,False,
TNK,Teekay Tankers Ltd.,92.01,2026-08-24T22:20:23.564966+00:00,True,+95.5%,True,$3187.6M,True,+259.4%,False,367.2K,True,$92.01 / SMA $76.05,True,3.67%,True,+63.0%,True,23.9M,True,NYQ,False,
TOELF,Tokyo Electron Limited,342.99,2026-08-24T22:15:52.192807+00:00,True,+163.5%,True,$155819.3M,,,False,13.8K,False,$342.99 / SMA $406.52,True,6.70%,,,False,439.3M,False,PNK,False,
TOI,Starling Oncology Inc,5.13,2026-08-24T22:34:16.688287+00:00,True,+121.1%,True,$512.9M,True,+46.7%,True,1991.8K,False,$5.13 / SMA_short $5.56,,N/A,True,+34.6%,True,86.7M,True,NCM,False,
TOITF,Topicus.com Inc.,74.93,2026-08-24T22:18:25.200178+00:00,False,+23.9%,True,$15987.9M,False,+-33.3%,False,32.3K,True,$74.93 / SMA $69.17,True,3.87%,False,+23.0%,True,41.8M,False,PNK,False,
TOL,"Toll Brothers, Inc.",147.45,2026-08-24T22:16:29.673377+00:00,False,+19.7%,True,$13782.3M,False,+-22.3%,True,1037.3K,False,$147.45 / SMA $151.53,False,2.78%,False,+-7.6%,True,91.6M,True,NYQ,False,
TOPPY,TOPPAN Holdings Inc.,16.06,2026-08-24T22:16:44.509429+00:00,False,+49.1%,True,$9020.6M,,,False,2.7K,True,$16.06 / SMA $15.34,False,1.60%,,,False,509.4M,False,PNK,False,
TORXF,Torex Gold Resources Inc.,51.08,2026-08-24T22:18:37.571784+00:00,False,+68.4%,True,$4729.7M,True,+166.7%,False,46.3K,True,$51.08 / SMA $41.50,True,3.89%,True,+139.4%,True,92.3M,False,OQX,False,
TOST,"Toast, Inc.",36.71,2026-08-24T22:16:28.234694+00:00,False,+64.9%,True,$21218.4M,True,+100.0%,True,11581.9K,True,$36.71 / SMA $30.58,True,3.74%,False,+23.1%,False,485.0M,True,NYQ,False,
TOYO,"TOYO Co., Ltd.",4.38,2026-08-24T22:34:14.608811+00:00,False,+2.8%,False,$187.1M,,N/A,True,925.4K,False,$4.38 / SMA $6.62,True,7.44%,,N/A,True,14.6M,True,NCM,False,
TPC,Tutor Perini Corporation,88.32,2026-08-24T22:18:39.023672+00:00,False,+56.0%,True,$4642.9M,True,+223.7%,True,730.4K,True,$88.32 / SMA $84.03,True,4.56%,False,+19.2%,True,45.0M,True,NYQ,False,
TPZEF,Topaz Energy Corp.,23.33,2026-08-24T22:29:09.422205+00:00,False,+34.2%,True,$3612.7M,True,+88.9%,False,152.8K,True,$23.33 / SMA $22.14,False,0.58%,False,+24.2%,True,72.1M,False,PNK,False,
TR,"Tootsie Roll Industries, Inc.",41.44,2026-08-24T22:20:20.077169+00:00,False,+23.9%,True,$3114.8M,False,+-21.7%,False,233.2K,True,$41.44 / SMA $39.05,False,2.37%,False,+-0.6%,True,21.0M,True,NYQ,False,
TRAUF,Transurban Group,10.05,2026-08-24T22:16:08.089424+00:00,False,+15.9%,True,$31357.8M,,,False,1.1K,False,$10.05 / SMA $10.30,False,0.90%,,,False,3119.5M,False,PNK,False,
TREE,"LendingTree, Inc.",30.97,2026-08-24T22:34:15.516689+00:00,False,+4.0%,True,$434.8M,False,+4.6%,False,328.6K,False,$30.97 / SMA $38.27,True,4.55%,True,+25.3%,True,13.5M,True,NMS,False,
TRIP,"Tripadvisor, Inc.",10.19,2026-08-24T22:30:57.235218+00:00,False,+13.1%,True,$1194.3M,False,+-32.1%,True,3817.0K,False,$10.19 / SMA $12.89,True,4.66%,False,+-7.2%,True,115.6M,True,NMS,False,
TRMD,TORM plc,31.64,2026-08-24T22:29:11.439501+00:00,False,+63.9%,True,$3238.9M,True,+90.3%,True,704.5K,True,$31.64 / SMA $29.30,False,2.39%,False,+22.2%,True,67.7M,True,NMS,False,
TRNO,Terreno Realty Corporation,68.91,2026-08-24T22:27:26.546594+00:00,False,+23.7%,True,$7509.1M,False,+-40.0%,True,908.7K,False,$68.91 / SMA $69.02,False,2.01%,False,+11.1%,True,106.8M,True,NYQ,False,
TRNS,"Transcat, Inc.",87.38,2026-08-24T22:34:11.818639+00:00,True,+74.0%,True,$817.9M,False,+-60.0%,False,165.9K,False,$87.38 / SMA $90.20,True,5.24%,False,+21.6%,True,9.1M,True,NGM,False,
TROLB,"Tootsie Roll Industries, Inc.",39.0,2026-08-24T22:29:12.606014+00:00,False,+14.8%,True,$2931.4M,False,+-21.7%,False,0.0K,False,$39.00 / SMA $39.32,False,0.00%,False,+-0.6%,True,20.9M,False,PNK,False,
TROO,"TROOPS, Inc.",1.89,2026-08-24T22:34:15.727519+00:00,True,+105.4%,False,$230.9M,,N/A,False,380.0K,False,$1.89 / SMA $2.14,True,11.18%,,N/A,True,58.6M,True,NCM,False,
TROW,"T. Rowe Price Group, Inc.",112.3,2026-08-24T22:27:11.943527+00:00,False,+31.8%,True,$23955.4M,True,+28.6%,True,2062.6K,False,$112.30 / SMA $113.83,False,2.18%,False,+10.7%,False,209.1M,True,NMS,False,
TRPRF,TRPRF,16.75,2026-08-24T22:15:57.656909+00:00,False,+0.0%,,,,,,,,,,,,,,,False,PNK,False,
TRRSF,Trisura Group Ltd.,29.18,2026-08-24T22:22:14.916551+00:00,False,+12.7%,True,$1378.4M,True,+48.3%,False,9.7K,False,$29.18 / SMA $30.55,False,0.27%,True,+242.0%,True,46.1M,False,PNK,False,
TRRVF,TerraVest Industries Inc.,87.39,2026-08-24T22:29:16.425814+00:00,False,+24.8%,True,$1872.4M,False,+-67.6%,False,7.1K,True,$87.39 / SMA $84.71,False,0.57%,True,+42.1%,True,13.5M,False,PNK,False,
TRS,TriMas Corporation,39.57,2026-08-24T22:22:14.433903+00:00,False,+30.0%,True,$1419.5M,False,+-9.8%,False,468.5K,False,$39.57 / SMA $40.91,True,3.36%,False,+1.6%,True,28.9M,True,NMS,False,
TRUMF,Terumo Corporation,15.06,2026-08-24T22:27:14.419026+00:00,False,+31.1%,True,$22215.0M,,N/A,False,1.0K,True,$15.06 / SMA $13.98,False,0.66%,,N/A,False,1445.3M,False,PNK,False,
TRYIY,"Toray Industries, Inc.",16.18,2026-08-24T22:27:21.181982+00:00,False,+38.3%,True,$11784.4M,,N/A,False,35.8K,True,$16.18 / SMA $14.94,False,1.56%,,N/A,False,727.9M,False,PNK,False,
TSAT,Telesat Corporation,42.17,2026-08-24T22:34:09.679299+00:00,True,+112.7%,True,$2166.6M,False,+-176.8%,False,283.5K,False,$42.17 / SMA $44.73,True,8.50%,False,+-25.4%,True,3.0M,True,NMS,False,
TSCDF,Tesco PLC,6.02,2026-08-24T22:27:05.352956+00:00,False,+14.0%,True,$37496.9M,,N/A,False,39.5K,False,$6.02 / SMA $6.27,False,2.09%,,N/A,False,6085.1M,False,OQX,False,
TSGTF,Tsingtao Brewery Company Limited,5.8,2026-08-24T22:27:20.674562+00:00,False,+11.3%,True,$9547.3M,False,+5.2%,False,1.8K,True,$5.80 / SMA $5.69,False,1.23%,False,+-1.5%,False,881.6M,False,PNK,False,
TSLX,"Sixth Street Specialty Lending, Inc.",18.91,2026-08-24T22:30:52.520837+00:00,False,+17.9%,True,$1802.9M,False,+-31.7%,True,609.7K,True,$18.91 / SMA $17.50,False,2.30%,False,+-27.8%,,N/A,True,NYQ,False,
TSM,Taiwan Semiconductor Manufacturing Company Limited,410.12,2026-08-24T22:26:56.584354+00:00,True,+81.8%,True,$2127076.7M,True,+77.4%,True,13613.6K,False,$410.12 / SMA $424.30,False,2.87%,True,+36.0%,False,37842.6M,True,NYQ,False,
TSPCF,Cleanaway Waste Management Limited,2.1,2026-08-24T22:29:10.114724+00:00,False,+52.2%,True,$4706.5M,,N/A,False,0.9K,True,$2.10 / SMA $1.70,False,2.87%,,N/A,False,2220.1M,False,PNK,False,
TSSI,"TSS, Inc.",8.38,2026-08-24T22:26:05.314464+00:00,False,+22.0%,False,$236.5M,False,+-33.3%,True,1107.6K,False,$8.38 / SMA $10.90,True,6.31%,False,+-44.1%,True,21.5M,True,NCM,False,
TSYHF,TravelSky Technology Limited,1.08,2026-08-24T22:18:42.068155+00:00,False,+20.0%,True,$3160.3M,,,False,46.5K,False,$1.08 / SMA $1.09,True,4.47%,,,False,932.6M,False,PNK,False,
TSYHY,TravelSky Technology Limited,10.6,2026-08-24T22:18:42.172595+00:00,False,+4.8%,True,$3125.5M,,,False,4.8K,False,$10.60 / SMA $10.63,True,3.01%,,,True,93.3M,False,PNK,False,
TTAPY,TTW Public Company Limited,15.0,2026-08-24T22:30:57.592572+00:00,False,+15.7%,True,$1197.0M,False,+0.0%,False,0.0K,False,$15.00 / SMA $15.10,False,0.00%,False,+1.3%,False,1440.4M,False,PNK,False,
TTCIF,Titan S.A.,61.0,2026-08-24T22:29:05.447768+00:00,False,+37.7%,True,$4558.5M,,N/A,False,0.2K,True,$61.00 / SMA $60.83,False,0.00%,,N/A,True,41.7M,False,PNK,False,
TTMI,"TTM Technologies, Inc.",107.12,2026-08-24T22:27:13.065472+00:00,True,+150.9%,True,$11285.0M,True,+92.5%,True,2977.7K,False,$107.12 / SMA $150.25,True,8.70%,True,+37.4%,True,103.7M,True,NMS,False,
TTNDF,Techtronic Industries Company Limited,15.45,2026-08-24T22:27:09.338930+00:00,False,+43.7%,True,$28237.0M,,N/A,False,1.5K,False,$15.45 / SMA $16.99,False,0.30%,,N/A,False,1421.6M,False,OQX,False,
TTVSY,TOTVS S.A.,12.32,2026-08-24T22:29:09.408229+00:00,False,+23.8%,True,$3512.5M,True,+269.5%,False,55.7K,True,$12.32 / SMA $11.46,True,3.41%,True,+36.1%,False,220.3M,False,PNK,False,
TU,TELUS Corporation,9.83,2026-08-24T22:27:13.365705+00:00,False,+6.8%,True,$15482.3M,,N/A,True,7305.7K,False,$9.83 / SMA $10.41,False,2.97%,False,+-2.2%,False,1586.8M,True,NYQ,False,
TUWLF,Tullow Oil plc,0.25,2026-08-24T22:25:58.189910+00:00,True,+400.0%,True,$378.8M,,,False,9.0K,True,$0.25 / SMA $0.19,False,0.00%,,,False,1062.5M,False,PNK,False,
TVACU,Texas Ventures Acquisition III Corp,10.75,2026-08-24T22:35:56.363260+00:00,False,+5.1%,,N/A,,N/A,False,0.2K,True,$10.75 / SMA $10.72,False,0.00%,,N/A,True,19.3M,True,NGM,False,
TW,Tradeweb Markets Inc.,108.38,2026-08-24T22:27:10.660329+00:00,False,+18.6%,True,$23629.7M,False,+19.7%,True,1733.7K,True,$108.38 / SMA $101.11,False,2.85%,False,+9.0%,True,113.8M,True,NMS,False,
TWFG,"TWFG, Inc.",30.27,2026-08-24T22:30:59.200114+00:00,True,+82.8%,True,$389.9M,True,+38.5%,False,183.4K,True,$30.27 / SMA $25.74,True,4.21%,True,+46.5%,True,11.2M,True,NMS,False,
TWODY,Taylor Wimpey plc,11.35,2026-08-24T22:18:39.990462+00:00,False,+15.9%,True,$3935.6M,,,False,38.0K,True,$11.35 / SMA $10.92,False,1.33%,,,False,347.0M,False,PNK,False,
TXG,"10x Genomics, Inc.",63.8,2026-08-24T22:29:12.124549+00:00,True,+471.7%,True,$8312.6M,False,+-150.5%,True,3248.8K,True,$63.80 / SMA $45.46,True,6.99%,False,+-12.6%,True,118.2M,True,NMS,False,
TXRH,"Texas Roadhouse, Inc.",205.29,2026-08-24T22:16:32.561977+00:00,False,+33.5%,True,$13475.4M,False,+-0.5%,True,1010.5K,True,$205.29 / SMA $195.28,False,2.43%,False,+11.1%,True,61.2M,True,NMS,False,
TYEKF,thyssenkrupp AG,15.76,2026-08-24T22:27:25.839431+00:00,True,+97.0%,True,$10185.5M,False,+-100.0%,False,0.9K,True,$15.76 / SMA $13.43,False,0.38%,False,+-2.3%,False,608.2M,False,PNK,False,
TYHOY,Toyota Tsusho Corporation,22.68,2026-08-24T22:16:03.173685+00:00,True,+107.7%,True,$47890.0M,,,False,22.9K,True,$22.68 / SMA $20.52,False,2.53%,,,False,1855.4M,False,PNK,False,
TYL,"Tyler Technologies, Inc.",355.79,2026-08-24T22:27:17.608796+00:00,False,+31.4%,True,$14570.4M,False,+15.5%,True,840.2K,True,$355.79 / SMA $310.41,True,4.30%,False,+8.2%,True,38.0M,True,NYQ,False,
UAA,"Under Armour, Inc.",5.37,2026-08-24T22:20:27.568925+00:00,False,+30.0%,True,$2306.7M,True,+100.0%,True,8502.4K,False,$5.37 / SMA $6.32,True,4.54%,False,+-3.2%,False,305.0M,True,NYQ,False,
UAL,"United Airlines Holdings, Inc.",113.57,2026-08-24T22:27:07.692213+00:00,False,+34.2%,True,$36861.4M,False,+-17.2%,True,4760.3K,False,$113.57 / SMA $123.55,False,2.93%,False,+16.0%,False,322.1M,True,NMS,False,
UBS,UBS Group AG,53.71,2026-08-24T22:26:58.781931+00:00,False,+48.0%,True,$164446.2M,False,+-69.8%,True,1890.5K,True,$53.71 / SMA $52.04,False,1.34%,False,+15.9%,False,3045.9M,True,NYQ,False,
UCBJF,UCB SA,259.59,2026-08-24T22:27:03.988271+00:00,False,+15.0%,True,$49494.1M,,N/A,False,0.6K,False,$259.59 / SMA $282.33,False,1.14%,,N/A,True,120.2M,False,PNK,False,
UELKY,Ülker Bisküvi Sanayi A.S.,20.36,2026-08-24T22:22:26.920903+00:00,False,+19.8%,True,$751.8M,False,+-49.8%,False,0.0K,False,$20.36 / SMA $24.85,False,0.13%,False,+-3.9%,True,19.5M,False,PNK,False,
UGI,UGI Corporation,38.19,2026-08-24T22:27:25.457607+00:00,False,+20.8%,True,$8191.6M,False,+18.4%,True,1788.0K,True,$38.19 / SMA $35.76,False,2.78%,False,+-4.5%,False,214.1M,True,NYQ,False,
UGP,Ultrapar Participações S.A.,6.72,2026-08-24T22:18:22.641445+00:00,True,+103.6%,True,$7161.0M,True,+167.4%,True,3624.6K,True,$6.72 / SMA $5.84,False,2.82%,False,+10.3%,False,634.7M,True,NYQ,False,
UHOIF,Ushio Inc.,25.37,2026-08-24T22:30:49.645422+00:00,True,+167.1%,True,$2013.1M,,N/A,False,0.1K,False,$25.37 / SMA $26.97,False,0.00%,,N/A,True,76.9M,False,PNK,False,
UMBF,UMB Financial Corporation,143.96,2026-08-24T22:27:21.350219+00:00,False,+39.3%,True,$10933.8M,True,+26.2%,True,656.7K,True,$143.96 / SMA $143.88,False,2.20%,False,+14.2%,True,72.9M,True,NMS,False,
UMBFO,UMB Financial Corporation,26.705,2026-08-24T22:16:36.485991+00:00,False,+4.7%,,,,,False,13.4K,True,$26.70 / SMA $26.41,False,0.94%,False,+14.2%,True,72.9M,True,NMS,False,
UMH,"UMH Properties, Inc.",16.62,2026-08-24T22:30:55.739625+00:00,False,+19.3%,True,$1419.1M,True,+66.7%,True,630.9K,True,$16.62 / SMA $15.40,False,2.07%,False,+7.5%,True,75.9M,True,NYQ,False,
UMICF,Umicore SA,27.5,2026-08-24T22:16:46.501650+00:00,True,+82.7%,True,$6618.4M,,,False,1.0K,True,$27.50 / SMA $24.82,False,1.08%,,,False,215.9M,False,PNK,False,
UNCRY,UniCredit S.p.A.,48.91,2026-08-24T22:15:52.900832+00:00,False,+45.4%,True,$146561.5M,False,+-10.2%,False,430.5K,True,$48.91 / SMA $46.74,False,0.98%,False,+-6.5%,False,2991.0M,False,PNK,False,
UNIKF,Unitika Ltd.,10.175,2026-08-24T22:34:13.794466+00:00,True,+587.5%,True,$586.6M,,N/A,False,0.0K,False,$10.18 / SMA $10.18,False,0.00%,,N/A,True,55.5M,False,PNK,False,
UNIT,Uniti Group Inc.,9.85,2026-08-24T22:20:23.520615+00:00,True,+85.8%,True,$2390.8M,False,+-871.4%,True,2350.2K,False,$9.85 / SMA $10.69,True,5.10%,True,+202.5%,False,178.9M,True,NMS,False,
UNLRY,PT Unilever Indonesia Tbk,2.04,2026-08-24T22:18:39.571168+00:00,False,+17.9%,True,$4138.9M,,,False,9.7K,True,$2.04 / SMA $1.95,False,0.12%,False,+3.0%,False,277.9M,False,PNK,False,
UNM,Unum Group,89.49,2026-08-24T22:27:17.473790+00:00,False,+30.3%,True,$14166.9M,False,+-16.1%,True,1461.5K,True,$89.49 / SMA $89.12,False,2.61%,False,+0.1%,True,143.4M,True,NYQ,False,
UNTY,"Unity Bancorp, Inc.",59.34,2026-08-24T22:24:15.025141+00:00,False,+33.8%,True,$595.9M,False,+-11.8%,False,65.6K,True,$59.34 / SMA $58.21,False,2.19%,False,+-7.7%,True,7.3M,True,NGM,False,
UNVGY,Universal Music Group N.V.,8.54,2026-08-24T22:27:04.818237+00:00,False,+4.8%,True,$31402.0M,,N/A,True,1056.3K,False,$8.54 / SMA $9.86,False,2.59%,,N/A,False,2032.7M,False,PNK,False,
UOLGY,UOL Group Limited,30.02,2026-08-24T22:27:27.009886+00:00,False,+32.5%,True,$6359.7M,,N/A,False,7.5K,False,$30.02 / SMA $30.10,False,0.93%,,N/A,True,113.6M,False,PNK,False,
UOVEY,United Overseas Bank Limited,63.94,2026-08-24T22:27:04.312339+00:00,False,+27.9%,True,$52778.7M,,N/A,False,48.6K,True,$63.94 / SMA $63.62,False,2.10%,,N/A,False,576.4M,False,PNK,False,
UPB,"Upstream Bio, Inc.",6.61,2026-08-24T22:24:20.880057+00:00,False,+13.0%,True,$362.0M,False,+-46.7%,True,608.0K,False,$6.61 / SMA $6.85,True,6.51%,True,+82.7%,True,42.8M,True,NMS,False,
UPBD,"Upbound Group, Inc.",19.17,2026-08-24T22:30:58.980657+00:00,False,+21.2%,True,$1117.6M,True,+42.3%,True,1007.9K,False,$19.17 / SMA $20.07,True,3.40%,False,+0.5%,True,56.0M,True,NMS,False,
UPCHY,Uni-President China Holdings Ltd,96.3,2026-08-24T22:29:07.009805+00:00,False,+12.6%,True,$4159.5M,,N/A,False,0.0K,True,$96.30 / SMA $90.48,False,0.00%,,N/A,True,11.7M,False,PNK,False,
URBN,"Urban Outfitters, Inc.",76.05,2026-08-24T22:27:28.058451+00:00,False,+27.7%,True,$6512.5M,False,+12.1%,True,1105.5K,True,$76.05 / SMA $73.83,True,3.27%,False,+11.4%,True,60.6M,True,NMS,False,
UROY,Uranium Royalty Corp.,4.37,2026-08-24T22:24:18.459723+00:00,True,+70.7%,True,$1665.3M,,,True,2934.5K,True,$4.37 / SMA $3.24,True,7.29%,True,+3906.1%,True,145.4M,True,NCM,True,
USAC,"USA Compression Partners, LP",26.44,2026-08-24T22:18:35.434166+00:00,False,+21.0%,True,$3832.3M,True,+40.9%,False,257.5K,True,$26.44 / SMA $25.94,False,2.59%,True,+36.8%,True,97.1M,True,NYQ,False,
USAR,"USA Rare Earth, Inc.",18.29,2026-08-24T22:18:26.287729+00:00,False,+59.7%,True,$4475.0M,False,+-158.6%,True,13453.5K,False,$18.29 / SMA $18.48,True,7.63%,,,False,225.3M,True,NGM,False,
USAS,Americas Gold and Silver Corporation,5.39,2026-08-24T22:20:33.278165+00:00,True,+132.3%,True,$1822.7M,True,+137.5%,True,4323.0K,True,$5.39 / SMA $4.66,True,5.96%,True,+187.9%,False,280.8M,True,ASE,False,
USPH,"U.S. Physical Therapy, Inc.",77.38,2026-08-24T22:22:26.268866+00:00,False,+33.0%,True,$1154.7M,False,+-56.9%,False,223.7K,True,$77.38 / SMA $73.32,True,4.09%,False,+8.5%,True,14.5M,True,NYQ,False,
UWMC,UWM Holdings Corporation,1.42,2026-08-24T22:18:30.148343+00:00,False,+52.7%,True,$4069.7M,False,+-318.2%,True,22933.2K,False,$1.42 / SMA $1.88,True,9.08%,False,+-117.2%,False,321.4M,True,NYQ,False,
UXIN,Uxin Limited,1.14,2026-08-24T22:24:20.270004+00:00,False,+27.2%,False,$250.8M,,,False,296.9K,False,$1.14 / SMA $1.50,True,10.28%,True,+112.9%,True,85.1M,True,NMS,False,
UZAPF,Flughafen Zürich AG,295.75,2026-08-24T22:16:39.393839+00:00,False,+10.0%,True,$9078.9M,,,False,0.1K,False,$295.75 / SMA $298.76,False,0.64%,,,True,18.8M,False,PNK,False,
VACI.U,VACI.U,,2026-08-24T22:26:08.059492+00:00,False,,False,,False,,False,,False,,False,,False,,False,,False,Unknown,False,No price data available
VACNY,VAT Group AG,75.5,2026-08-24T22:27:10.951467+00:00,True,+136.0%,True,$22625.0M,,N/A,False,11.4K,False,$75.50 / SMA $80.91,False,1.83%,,N/A,False,268.8M,False,PNK,False,
VAL,Valaris Limited,85.81,2026-08-24T22:16:46.574773+00:00,True,+83.7%,True,$5958.3M,False,+-55.3%,True,1004.5K,True,$85.81 / SMA $79.65,True,4.02%,False,+-12.4%,True,61.1M,True,NYQ,False,
VALE,Vale S.A.,15.04,2026-08-24T22:27:01.964629+00:00,False,+49.2%,True,$64006.7M,False,+-36.0%,True,22788.8K,True,$15.04 / SMA $14.37,False,2.36%,,N/A,False,3964.2M,True,NYQ,False,
VALN,Valneva SE,6.75,2026-08-24T22:34:14.521237+00:00,False,+42.1%,True,$640.1M,False,+-200.0%,False,77.9K,True,$6.75 / SMA $5.43,True,3.53%,False,+-37.2%,True,78.6M,True,NMS,False,
VARRY,Vår Energi ASA,10.8,2026-08-24T22:16:29.439953+00:00,True,+79.2%,True,$13479.7M,True,+312.5%,False,11.3K,True,$10.80 / SMA $9.34,False,1.57%,True,+102.7%,False,451.9M,False,PNK,False,
VARXF,BOE Varitronix Limited,0.6343,2026-08-24T22:34:15.641466+00:00,False,+23.7%,True,$488.9M,,N/A,False,0.0K,True,$0.63 / SMA $0.59,False,0.00%,,N/A,False,367.5M,False,PNK,False,
VBNK,VersaBank,19.45,2026-08-24T22:24:14.306881+00:00,True,+83.3%,True,$626.2M,False,+-11.5%,False,115.0K,False,$19.45 / SMA $20.22,False,2.78%,True,+27.1%,True,20.8M,True,NMS,False,
VBVBF,Verbio SE,36.985,2026-08-24T22:20:24.107058+00:00,True,+205.7%,True,$2356.5M,True,+263.6%,False,0.0K,False,$36.98 / SMA $43.48,False,0.00%,False,+13.2%,True,41.0M,False,PNK,False,
VCEL,Vericel Corporation,42.3,2026-08-24T22:30:51.239410+00:00,False,+46.1%,True,$2166.0M,True,+500.0%,True,575.8K,False,$42.30 / SMA $44.48,True,3.55%,False,+22.5%,True,50.6M,True,NGM,False,
VCHYF,"V Technology Co., Ltd.",38.73,2026-08-24T22:26:08.843331+00:00,True,+86.8%,True,$366.3M,,,False,0.0K,True,$38.73 / SMA $37.41,False,0.00%,,,True,8.2M,False,PNK,False,
VCV,Invesco California Value Municipal Income Trust,10.49,2026-08-24T22:34:15.552976+00:00,False,+3.9%,True,$515.2M,,N/A,False,97.0K,False,$10.49 / SMA $10.58,False,0.89%,,N/A,,N/A,True,NYQ,False,
VEEV,Veeva Systems Inc.,248.46,2026-08-24T22:16:13.266668+00:00,False,+67.8%,True,$40360.7M,False,+14.6%,True,2224.6K,True,$248.46 / SMA $199.40,True,3.51%,False,+16.3%,True,148.8M,True,NYQ,False,
VEOEY,Veolia Environnement SA,19.94,2026-08-24T22:16:10.936933+00:00,False,+24.5%,True,$29202.0M,,,False,392.6K,False,$19.94 / SMA $20.54,False,0.97%,,,False,1269.8M,False,PNK,False,
VFS,VinFast Auto Ltd.,3.09,2026-08-24T22:27:23.843738+00:00,False,+11.2%,True,$7229.2M,False,+-58.7%,False,452.6K,False,$3.09 / SMA $3.11,True,3.68%,True,+41.7%,True,49.6M,True,NMS,False,
VG,"Venture Global, Inc.",14.39,2026-08-24T22:16:08.018329+00:00,True,+151.6%,True,$35976.3M,True,+26.7%,True,14333.7K,True,$14.39 / SMA $12.77,True,5.02%,True,+58.9%,False,521.6M,True,NYQ,False,
VHCPU,Vine Hill Capital Investment Corp. II,10.12,2026-08-24T22:35:57.267117+00:00,False,+1.3%,,N/A,,N/A,False,2.2K,False,$10.12 / SMA $10.13,False,0.22%,,N/A,True,21.4M,True,NGM,False,
VIV,Telefônica Brasil S.A.,11.45,2026-08-24T22:27:11.901239+00:00,False,+2.4%,True,$18294.8M,False,+16.7%,True,1356.8K,False,$11.45 / SMA $12.84,False,2.32%,False,+7.6%,False,350.7M,True,NYQ,False,
VKI,Invesco Advantage Municipal Income Trust II,8.8,2026-08-24T22:25:57.627608+00:00,False,+6.7%,True,$390.9M,,,False,87.0K,False,$8.80 / SMA $9.07,False,1.12%,,,,,True,ASE,False,
VKTX,"Viking Therapeutics, Inc.",33.23,2026-08-24T22:18:41.181622+00:00,False,+44.7%,True,$3876.4M,False,+-89.7%,True,2274.8K,False,$33.23 / SMA $35.17,True,4.41%,,,True,113.7M,True,NCM,False,
VLERF,Valeura Energy Inc.,9.28,2026-08-24T22:22:26.730679+00:00,True,+113.8%,True,$985.7M,True,+880.0%,False,51.0K,True,$9.28 / SMA $8.28,False,2.18%,True,+101.0%,True,85.0M,False,OQX,False,
VLKAF,Volkswagen AG,89.0,2026-08-24T22:27:03.812022+00:00,False,+10.8%,True,$45275.9M,False,+-29.5%,False,0.9K,True,$89.00 / SMA $88.35,False,2.84%,False,+6.3%,False,234.7M,False,PNK,False,
VLOUF,Vallourec S.A.,21.0,2026-08-24T22:27:27.273771+00:00,False,+24.4%,True,$5560.0M,False,+-6.3%,False,0.1K,False,$21.00 / SMA $23.57,False,0.36%,False,+-11.7%,False,182.6M,False,PNK,False,
VLOWY,Vallourec S.A.,4.14,2026-08-24T22:18:22.489672+00:00,False,+20.3%,True,$5480.6M,False,+-6.3%,False,206.2K,False,$4.14 / SMA $4.48,True,6.53%,False,+-11.7%,False,912.8M,False,PNK,False,
VLPNY,Voestalpine AG,10.28,2026-08-24T22:27:22.062121+00:00,False,+62.9%,True,$8812.6M,True,+89.7%,False,6.1K,True,$10.28 / SMA $10.04,False,0.67%,False,+2.4%,False,726.0M,False,PNK,False,
VLVCY,Volvo Car AB (publ.),4.195,2026-08-24T22:16:45.447656+00:00,False,+12.5%,True,$6339.5M,False,+5.0%,False,0.3K,True,$4.20 / SMA $4.19,False,0.04%,False,+-6.4%,False,298.2M,False,PNK,False,
VLVLY,AB Volvo (publ),36.5,2026-08-24T22:27:02.091153+00:00,False,+39.8%,True,$74221.0M,True,+40.1%,False,169.2K,True,$36.50 / SMA $35.46,False,1.12%,False,+2.7%,False,1942.4M,False,PNK,False,
VLXGF,Volex plc,7.44,2026-08-24T22:22:12.063350+00:00,False,+57.3%,True,$1361.7M,,,False,5.6K,True,$7.44 / SMA $7.27,False,0.06%,,,True,130.2M,False,PNK,False,
VMD,"Viemed Healthcare, Inc.",9.09,2026-08-24T22:34:20.020260+00:00,False,+50.2%,True,$346.2M,False,+-12.5%,False,364.8K,False,$9.09 / SMA $10.91,True,3.87%,False,+23.9%,True,30.6M,True,NCM,False,
VMET,Versamet Royalties Corporation,10.71,2026-08-24T22:24:12.219939+00:00,False,+26.3%,True,$1165.6M,True,+576.5%,False,227.5K,True,$10.71 / SMA $10.37,True,4.67%,True,+593.9%,True,42.0M,True,NCM,False,
VNO,Vornado Realty Trust,38.87,2026-08-24T22:27:28.917768+00:00,False,+58.2%,True,$7960.3M,False,+-97.8%,True,1686.3K,False,$38.87 / SMA $39.05,False,2.89%,False,+4.7%,False,156.5M,True,NYQ,False,
VODPF,Vodafone Group Public Limited Company,1.55,2026-08-24T22:16:07.087576+00:00,False,+47.6%,True,$35821.0M,,,False,27.1K,True,$1.55 / SMA $1.52,False,0.67%,,,False,21987.2M,False,PNK,False,
VOLAF,AB Volvo (publ),28.5,2026-08-24T22:15:57.857601+00:00,False,+6.0%,True,$57953.4M,True,+40.1%,False,0.0K,False,$28.50 / SMA $34.98,False,0.00%,False,+2.7%,False,1942.4M,False,PNK,False,
VOXR,Vox Royalty Corp.,5.84,2026-08-24T22:24:24.026132+00:00,True,+74.3%,True,$405.9M,True,+3500.0%,False,496.5K,True,$5.84 / SMA $4.81,True,4.34%,True,+498.3%,True,64.0M,True,NCM,False,
VOYA,"Voya Financial, Inc.",99.14,2026-08-24T22:16:44.713453+00:00,False,+53.7%,True,$8981.7M,False,+-41.6%,True,1093.1K,True,$99.14 / SMA $96.85,False,2.17%,False,+-1.3%,True,90.2M,True,NYQ,False,
VOYJF,Valmet Oyj,36.05,2026-08-24T22:27:31.996944+00:00,False,+45.8%,True,$6641.8M,False,+21.2%,False,0.0K,True,$36.05 / SMA $25.11,False,0.00%,False,+11.1%,True,146.1M,False,PNK,False,
VPG,"Vishay Precision Group, Inc.",66.16,2026-08-24T22:30:53.689478+00:00,True,+140.2%,True,$881.3M,False,+-750.0%,True,637.9K,False,$66.16 / SMA $103.29,True,8.72%,False,+11.7%,True,10.9M,True,NYQ,False,
VRDN,"Viridian Therapeutics, Inc.",24.02,2026-08-24T22:30:51.117748+00:00,True,+82.2%,True,$2721.3M,False,+-5.0%,True,1973.0K,True,$24.02 / SMA $19.91,True,4.52%,True,+278.7%,True,100.8M,True,NCM,False,
VRNO,Verano Holdings Corp.,6.05,2026-08-24T22:30:53.326990+00:00,False,+54.7%,True,$443.0M,,N/A,False,163.2K,True,$6.05 / SMA $5.73,True,6.25%,False,+7.7%,True,65.7M,False,OQX,False,
VRNS,"Varonis Systems, Inc.",41.05,2026-08-24T22:18:41.408965+00:00,True,+108.4%,True,$4715.0M,False,+-28.1%,True,1997.1K,False,$41.05 / SMA $42.11,True,4.81%,False,+18.3%,True,111.4M,True,NMS,False,
VRTS,"Virtus Investment Partners, Inc.",168.4,2026-08-24T22:31:00.006988+00:00,False,+38.5%,True,$1125.3M,False,+9.2%,False,131.8K,True,$168.40 / SMA $157.01,False,2.93%,False,+-4.6%,True,6.2M,True,NYQ,False,
VSAT,"Viasat, Inc.",72.275,2026-08-24T22:27:20.992171+00:00,True,+176.9%,True,$9956.3M,False,+11.6%,True,2710.3K,False,$72.28 / SMA $74.52,True,6.58%,False,+-1.2%,True,135.7M,True,NMS,False,
VSH,"Vishay Intertechnology, Inc.",30.43,2026-08-24T22:18:21.322880+00:00,True,+158.5%,True,$4667.3M,True,+1800.0%,True,6998.0K,False,$30.43 / SMA $42.62,True,7.61%,False,+16.6%,True,140.7M,True,NYQ,False,
VST,Vistra Corp.,135.66,2026-08-24T22:27:03.685953+00:00,False,+2.3%,True,$45532.3M,False,+-6.2%,True,4460.1K,False,$135.66 / SMA $153.11,True,4.15%,False,+-5.5%,False,312.9M,True,NYQ,False,
VTEX,VTEX,3.66,2026-08-24T22:24:11.835893+00:00,False,+28.8%,True,$624.0M,True,+262.5%,True,1309.1K,False,$3.66 / SMA $3.97,True,4.40%,False,+9.5%,True,39.7M,True,NYQ,False,
VTKLY,Vtech Holdings Limited,6.87,2026-08-24T22:30:51.602308+00:00,False,+14.1%,True,$1740.1M,,N/A,False,1.8K,True,$6.87 / SMA $6.55,False,1.88%,,N/A,False,157.4M,False,PNK,False,
VWAGY,Volkswagen AG,8.72,2026-08-24T22:16:01.485923+00:00,False,+8.1%,True,$43712.9M,False,+-29.5%,False,340.7K,True,$8.72 / SMA $8.71,False,1.40%,False,+6.3%,False,2346.8M,False,PNK,False,
VWDRY,Vestas Wind Systems A/S,10.89,2026-08-24T22:27:08.377317+00:00,True,+84.0%,True,$32037.5M,,N/A,False,271.6K,True,$10.89 / SMA $9.26,False,1.70%,False,+14.4%,False,2949.5M,False,PNK,False,
WACLY,Wacoal Holdings Corp.,137.5,2026-08-24T22:30:54.318985+00:00,False,+19.0%,True,$1359.5M,,N/A,False,0.2K,True,$137.50 / SMA $135.20,False,0.68%,,N/A,True,8.7M,False,PNK,False,
WBTN,WEBTOON Entertainment Inc.,9.59,2026-08-24T22:30:52.225469+00:00,False,+22.2%,True,$1301.5M,True,+58.8%,False,352.6K,False,$9.59 / SMA $10.20,True,5.55%,False,+-1.5%,True,22.9M,True,NMS,False,
WDAY,"Workday, Inc.",199.15,2026-08-24T22:27:07.674817+00:00,True,+80.5%,True,$49184.8M,True,+248.0%,True,5055.4K,True,$199.15 / SMA $151.85,True,6.06%,False,+13.5%,False,199.3M,True,NMS,False,
WDC,Western Digital Corporation,435.38,2026-08-24T22:26:58.143387+00:00,True,+467.6%,True,$156972.3M,True,+989.1%,True,8631.2K,False,$435.38 / SMA $546.55,True,7.88%,,N/A,False,358.0M,True,NMS,False,
WEBNF,Westpac Banking Corporation,25.0,2026-08-24T22:15:56.390523+00:00,False,+13.3%,True,$85372.7M,,,False,2.2K,False,$25.00 / SMA $25.16,False,1.38%,,,False,3411.3M,False,PNK,False,
WEC,"WEC Energy Group, Inc.",107.58,2026-08-24T22:16:07.460994+00:00,False,+4.5%,True,$35054.9M,False,+19.7%,True,2276.9K,False,$107.58 / SMA $111.81,False,1.87%,False,+2.6%,False,324.9M,True,NYQ,False,
WERN,"Werner Enterprises, Inc.",37.67,2026-08-24T22:20:26.968306+00:00,False,+63.4%,True,$2258.3M,False,+-85.3%,True,1127.0K,False,$37.67 / SMA $41.08,True,3.73%,False,+24.0%,True,58.7M,True,NMS,False,
WEST,Westrock Coffee Company,8.44,2026-08-24T22:22:30.225521+00:00,True,+135.1%,True,$824.0M,True,+39.1%,True,604.4K,True,$8.44 / SMA $8.14,True,5.34%,False,+8.8%,True,36.1M,True,NGM,False,
WF,Woori Financial Group Inc.,69.51,2026-08-24T22:27:15.987781+00:00,False,+42.4%,True,$16868.6M,False,+-0.9%,False,169.1K,True,$69.51 / SMA $64.89,False,2.18%,False,+6.4%,False,223.6M,True,NYQ,False,
WFAFY,Wesfarmers Limited,29.39,2026-08-24T22:15:59.484937+00:00,False,+20.0%,True,$66731.9M,,,False,78.2K,False,$29.39 / SMA $31.00,False,1.45%,,,False,2263.4M,False,PNK,False,
WGO,"Winnebago Industries, Inc.",32.14,2026-08-24T22:34:09.266912+00:00,False,+19.9%,True,$908.6M,False,+-17.7%,True,699.5K,True,$32.14 / SMA $30.71,True,3.41%,False,+-9.9%,True,25.7M,True,NYQ,False,
WGS,GeneDx Holdings Corp.,85.19,2026-08-24T22:22:15.177685+00:00,True,+164.5%,True,$2540.6M,False,+-266.7%,True,908.8K,True,$85.19 / SMA $68.25,True,7.61%,False,+11.4%,True,20.5M,True,NMS,False,
WHGLY,WH Group Limited,20.91,2026-08-24T22:27:16.113189+00:00,False,+13.9%,True,$13464.0M,,N/A,False,44.2K,False,$20.91 / SMA $21.15,True,3.20%,,N/A,False,373.4M,False,PNK,False,
WHGRF,WH Group Limited,1.05,2026-08-24T22:16:27.931663+00:00,False,+15.9%,True,$13898.2M,,,False,26.8K,True,$1.05 / SMA $1.04,False,0.00%,,,False,7467.3M,False,PNK,False,
WHITF,Whitehaven Coal Limited,5.45,2026-08-24T22:27:32.250524+00:00,True,+54400.0%,True,$4481.7M,,N/A,False,10.8K,True,$5.45 / SMA $5.04,True,4854.63%,,N/A,False,768.9M,False,PNK,False,
WILWY,Wallenius Wilhelmsen ASA,28.5,2026-08-24T22:18:26.817121+00:00,True,+103.4%,True,$6025.9M,False,+-41.3%,False,0.0K,True,$28.50 / SMA $26.88,False,0.00%,False,+-6.0%,True,130.4M,False,PNK,False,
WILYY,Demant A/S,22.05,2026-08-24T22:16:43.539740+00:00,False,+63.9%,True,$9300.6M,,,False,0.2K,True,$22.05 / SMA $20.82,False,0.22%,,,False,167.7M,False,PNK,False,
WJRYF,West Japan Railway Company,20.05,2026-08-24T22:27:25.262950+00:00,False,+29.7%,True,$9124.4M,,N/A,False,0.5K,True,$20.05 / SMA $17.83,False,0.00%,,N/A,False,449.1M,False,PNK,False,
WJXFF,Wajax Corporation,21.56,2026-08-24T22:34:17.085868+00:00,False,+33.7%,True,$469.6M,True,+44.1%,False,1.8K,False,$21.56 / SMA $22.33,False,0.52%,False,+-7.1%,True,21.7M,False,PNK,False,
WK,Workiva Inc.,74.88,2026-08-24T22:20:21.924175+00:00,True,+72.8%,True,$4202.2M,,,True,906.2K,True,$74.88 / SMA $57.56,True,5.01%,False,+18.6%,True,45.6M,True,NYQ,False,
WKCMF,Wacker Chemie AG,107.56,2026-08-24T22:18:24.906018+00:00,False,+48.2%,True,$5343.4M,,,False,0.0K,True,$107.56 / SMA $107.41,False,0.42%,False,+7.4%,True,18.9M,False,PNK,False,
WLMIY,Wilmar International Limited,29.66,2026-08-24T22:16:21.640937+00:00,False,+35.3%,True,$18516.4M,,,False,44.1K,True,$29.66 / SMA $29.41,False,1.78%,,,False,178.0M,False,PNK,False,
WLY,"John Wiley & Sons, Inc.",53.2,2026-08-24T22:29:16.598029+00:00,True,+87.5%,True,$2700.6M,True,+108.8%,True,519.6K,True,$53.20 / SMA $50.00,True,3.28%,False,+1.2%,True,38.0M,True,NYQ,False,
WMG,Warner Music Group Corp.,27.76,2026-08-24T22:16:20.961241+00:00,False,+18.9%,True,$14521.5M,True,+1366.7%,True,2271.0K,True,$27.76 / SMA $27.13,True,4.04%,False,+10.4%,True,145.8M,True,NMS,False,
WMK,"Weis Markets, Inc.",71.04,2026-08-24T22:20:35.066106+00:00,False,+18.4%,True,$1757.9M,False,+-4.2%,False,168.6K,False,$71.04 / SMA $76.31,False,2.76%,False,+4.6%,True,13.5M,True,NYQ,False,
WMMVY,"Wal-Mart de México, S.A.B. de C.V.",27.69,2026-08-24T22:16:00.212048+00:00,False,+4.0%,True,$47682.8M,False,+-8.5%,False,152.3K,False,$27.69 / SMA $28.55,True,3.57%,False,+4.1%,False,490.5M,False,OQX,False,
WMT,Walmart Inc.,106.49,2026-08-24T22:26:56.601576+00:00,False,+11.6%,True,$847455.8M,False,+19.6%,True,24630.4K,False,$106.49 / SMA $113.06,False,2.21%,False,+7.3%,False,4372.2M,True,NMS,False,
WNC,Wabash National Corporation,12.05,2026-08-24T22:26:09.083675+00:00,True,+81.7%,True,$490.9M,False,+-143.5%,True,1122.3K,False,$12.05 / SMA $12.53,True,5.45%,False,+-9.1%,True,37.5M,True,NYQ,False,
WNGRF,George Weston Limited,72.32,2026-08-24T22:16:13.055243+00:00,False,+20.2%,True,$27069.4M,False,+-47.7%,False,18.1K,False,$72.32 / SMA $72.51,False,0.05%,False,+4.1%,False,152.0M,False,PNK,False,
WOLWF,Woolworths Group Limited,18.9,2026-08-24T22:16:11.158930+00:00,False,+18.1%,True,$25955.8M,,,False,0.1K,False,$18.90 / SMA $29.04,False,0.91%,,,False,1219.4M,False,PNK,False,
WPC,W. P. Carey Inc.,71.58,2026-08-24T22:27:14.885802+00:00,False,+13.5%,True,$16306.4M,True,+256.5%,True,1492.9K,False,$71.58 / SMA $72.63,False,1.65%,False,+7.0%,False,225.2M,True,NYQ,False,
WPPGF,WPP plc,3.82,2026-08-24T22:18:39.325021+00:00,False,+29.9%,True,$4120.0M,,,False,0.4K,False,$3.82 / SMA $4.08,False,0.37%,,,False,1074.5M,False,PNK,False,
WRLD,World Acceptance Corporation,190.31,2026-08-24T22:34:10.125314+00:00,True,+73.0%,True,$887.4M,True,+343.3%,False,124.3K,False,$190.31 / SMA $192.10,True,3.84%,False,+3.8%,True,2.3M,True,NMS,False,
WRTBY,Wärtsilä Oyj Abp,6.76,2026-08-24T22:16:14.898015+00:00,False,+21.6%,True,$19926.7M,,,False,53.7K,False,$6.76 / SMA $7.02,False,1.58%,False,+-0.1%,False,2342.2M,False,PNK,False,
WS,"Worthington Steel, Inc.",33.38,2026-08-24T22:20:31.203098+00:00,False,+22.6%,True,$1700.6M,False,+-189.1%,False,284.6K,False,$33.38 / SMA $36.37,True,5.15%,False,+11.6%,True,45.1M,True,NYQ,False,
WSBC,"WesBanco, Inc.",40.73,2026-08-24T22:29:10.845042+00:00,False,+37.7%,True,$3906.2M,True,+59.6%,True,1311.0K,True,$40.73 / SMA $40.07,False,1.65%,False,+5.5%,True,92.4M,True,NMS,False,
WSM,"Williams-Sonoma, Inc.",237.77,2026-08-24T22:27:11.567062+00:00,False,+43.7%,True,$27996.6M,False,+4.3%,True,1051.0K,True,$237.77 / SMA $232.07,False,2.49%,False,+4.4%,True,116.2M,True,NYQ,False,
WSO,"Watsco, Inc.",310.8,2026-08-24T22:27:16.059413+00:00,False,+3.4%,True,$12821.2M,False,+-5.5%,False,429.6K,False,$310.80 / SMA $359.53,True,3.38%,False,+2.1%,True,33.5M,True,NYQ,False,
WSO.B,WSO.B,,2026-08-24T22:27:15.331298+00:00,False,N/A,False,N/A,False,N/A,False,N/A,False,N/A,False,N/A,False,N/A,False,N/A,False,Unknown,False,No price data available
WST,"West Pharmaceutical Services, Inc.",353.32,2026-08-24T22:16:16.906945+00:00,False,+57.9%,True,$24865.2M,False,+18.1%,True,743.3K,True,$353.32 / SMA $348.13,False,2.16%,False,+13.8%,True,69.9M,True,NYQ,False,
WTBFB,W.T.B. Financial Corporation,459.0,2026-08-24T22:22:24.575329+00:00,False,+48.1%,True,$1157.1M,True,+84.1%,False,1.3K,True,$459.00 / SMA $421.81,False,1.49%,False,+24.5%,,,False,OID,False,
WTCHF,WiseTech Global Limited,29.92,2026-08-24T22:16:38.057845+00:00,False,+57.9%,True,$10062.2M,,,False,0.8K,True,$29.92 / SMA $25.08,False,0.00%,,,False,189.6M,False,PNK,False,
WTI,"W&T Offshore, Inc.",3.8,2026-08-24T22:34:12.258834+00:00,True,+153.3%,True,$573.6M,True,+157.1%,True,4491.4K,True,$3.80 / SMA $3.48,True,5.47%,True,+32.9%,True,99.3M,True,NYQ,True,
WTM,"White Mountains Insurance Group, Ltd.",2132.3,2026-08-24T22:27:30.824130+00:00,False,+29.4%,True,$5089.2M,True,+68.8%,False,20.9K,True,$2132.30 / SMA $2123.22,False,2.29%,False,+22.5%,True,2.3M,True,NYQ,False,
WTS,"Watts Water Technologies, Inc.",372.8,2026-08-24T22:27:21.223430+00:00,False,+43.4%,True,$12445.2M,False,+17.3%,False,342.8K,True,$372.80 / SMA $358.72,False,2.49%,False,+18.6%,True,27.1M,True,NYQ,False,
WTW,Willis Towers Watson Public Limited Company,350.75,2026-08-24T22:27:10.836108+00:00,False,+45.8%,True,$32574.8M,False,+-26.8%,True,627.6K,True,$350.75 / SMA $301.10,False,2.66%,False,+9.1%,True,92.4M,True,NMS,False,
WULF,TeraWulf Inc.,15.48,2026-08-24T22:16:33.185844+00:00,True,+80.0%,True,$7724.0M,False,+-3780.0%,True,33272.1K,False,$15.48 / SMA $20.59,True,8.88%,False,+-6.0%,False,383.7M,True,NCM,False,
WUXAY,"WuXi AppTec Co., Ltd.",25.4,2026-08-24T22:16:03.499869+00:00,True,+104.0%,True,$75787.4M,,,False,2.4K,True,$25.40 / SMA $20.85,False,1.41%,True,+47.7%,False,2462.2M,False,PNK,False,
WXIBF,WuXi Biologics (Cayman) Inc.,6.2,2026-08-24T22:16:22.182073+00:00,False,+59.0%,True,$25458.7M,,,False,0.6K,True,$6.20 / SMA $4.72,False,0.13%,,,False,3731.1M,False,PNK,False,
WXXWY,WuXi Biologics (Cayman) Inc.,12.4,2026-08-24T22:27:14.312371+00:00,False,+69.9%,True,$25458.7M,,N/A,False,88.2K,True,$12.40 / SMA $9.90,True,3.13%,,N/A,False,1865.6M,False,PNK,False,
WYFI,"WhiteFiber, Inc.",20.78,2026-08-24T22:30:57.261442+00:00,True,+97.7%,True,$807.3M,False,+-890.7%,True,2575.3K,False,$20.78 / SMA $29.83,True,11.76%,True,+30.7%,True,11.3M,True,NCM,False,
WYGPF,Worley Limited,7.5,2026-08-24T22:29:07.226505+00:00,False,+4.7%,True,$3881.3M,,N/A,False,0.1K,False,$7.50 / SMA $8.32,False,0.00%,,N/A,False,461.5M,False,PNK,False,
WYNMY,"Wynn Macau, Limited",7.45,2026-08-24T22:29:09.298638+00:00,False,+19.0%,True,$3902.2M,,N/A,False,9.3K,True,$7.45 / SMA $6.91,False,0.93%,,N/A,True,147.8M,False,PNK,False,
WZZAF,Wizz Air Holdings Plc,14.96,2026-08-24T22:22:20.276739+00:00,False,+34.3%,True,$1548.1M,,,False,0.0K,True,$14.96 / SMA $11.14,False,0.00%,,,True,87.0M,False,PNK,False,
WZZZY,Wizz Air Holdings Plc,3.618,2026-08-24T22:30:55.259244+00:00,False,+24.8%,True,$1497.6M,,N/A,False,0.1K,False,$3.62 / SMA $3.77,False,0.00%,,N/A,False,348.0M,False,PNK,False,
XE,"X-Energy, Inc.",18.11,2026-08-24T22:27:19.617588+00:00,False,+36.3%,True,$7359.3M,,N/A,True,5184.4K,False,$18.11 / SMA $18.23,True,10.42%,,N/A,False,174.7M,True,NMS,False,
XFABF,X-FAB Silicon Foundries SE,6.8,2026-08-24T22:30:57.187384+00:00,False,+31.9%,True,$892.4M,,N/A,False,7.4K,False,$6.80 / SMA $8.45,False,0.85%,False,+-7.2%,True,50.4M,False,PNK,False,
XIORF,Xior Student Housing NV,31.5,2026-08-24T22:22:13.635389+00:00,False,+8.0%,True,$1470.9M,,,False,0.5K,True,$31.50 / SMA $31.28,False,0.13%,,,True,38.6M,False,PNK,False,
XJNGF,"Goldwind Science&Technology Co., Ltd.",1.17,2026-08-24T22:16:27.558884+00:00,False,+24.5%,True,$4941.8M,True,+61.0%,False,0.3K,False,$1.17 / SMA $1.24,False,0.16%,True,+63.5%,False,3331.5M,False,PNK,False,
XMTR,"Xometry, Inc.",84.58,2026-08-24T22:18:31.356174+00:00,True,+135.9%,True,$4672.7M,True,+80.8%,True,805.5K,False,$84.58 / SMA $91.24,True,5.20%,True,+41.1%,True,52.2M,True,NMS,False,
XNYIF,Xinyi Solar Holdings Limited,0.3018,2026-08-24T22:29:11.005209+00:00,False,+37.3%,True,$2864.9M,,N/A,False,0.3K,True,$0.30 / SMA $0.27,False,1.32%,,N/A,False,4513.9M,False,PNK,False,
XPEL,"XPEL, Inc.",50.58,2026-08-24T22:22:18.409628+00:00,False,+60.6%,True,$1394.5M,False,+10.2%,False,246.0K,True,$50.58 / SMA $46.70,True,3.96%,False,+14.7%,True,23.0M,True,NCM,False,
XPNGF,XPeng Inc.,6.23,2026-08-24T22:16:25.785119+00:00,False,+0.0%,True,$11919.2M,False,+-165.7%,False,0.2K,False,$6.23 / SMA $6.60,False,0.00%,False,+-17.6%,False,1418.3M,False,PNK,False,
XPRO,Expro Ltd,17.91,2026-08-24T22:20:34.678960+00:00,False,+54.4%,True,$2030.9M,False,+-87.5%,True,1130.1K,True,$17.91 / SMA $15.97,True,5.11%,False,+-7.0%,True,99.7M,True,NYQ,False,
XRAY,DENTSPLY SIRONA Inc.,10.89,2026-08-24T22:30:49.115546+00:00,False,+15.7%,True,$2171.0M,True,+181.8%,True,5489.5K,False,$10.89 / SMA $12.00,True,4.69%,False,+-4.1%,False,188.0M,True,NMS,False,
XRN,Chiron Real Estate Inc.,37.32,2026-08-24T22:24:15.294991+00:00,False,+28.5%,True,$540.4M,True,+9660.0%,False,107.9K,True,$37.32 / SMA $36.36,False,2.63%,,,True,12.2M,True,NYQ,False,
XRPN,Armada Acquisition Corp. II,10.54,2026-08-24T22:26:06.816713+00:00,False,+4.4%,True,$416.0M,,,False,46.5K,True,$10.54 / SMA $10.45,False,0.24%,,,True,13.7M,True,NGM,False,
XRX,Xerox Holdings Corporation,2.85,2026-08-24T22:34:19.865884+00:00,True,+139.5%,True,$374.2M,True,+108.0%,True,4222.6K,False,$2.85 / SMA $2.97,True,6.66%,False,+22.0%,True,119.6M,True,NMS,False,
YAHOF,LY Corporation,3.05,2026-08-24T22:27:13.380700+00:00,False,+33.5%,True,$20999.3M,,N/A,False,2.1K,True,$3.05 / SMA $2.78,False,1.28%,,N/A,False,2566.7M,False,PNK,False,
YALA,Yalla Group Limited,5.54,2026-08-24T22:31:00.132904+00:00,False,+10.6%,True,$841.1M,False,+-20.0%,False,327.5K,True,$5.54 / SMA $5.40,False,2.89%,False,+-5.8%,True,47.4M,True,NYQ,False,
YAMCY,Yamaha Corporation,8.2,2026-08-24T22:20:17.994029+00:00,False,+29.5%,True,$3607.2M,,,False,1.8K,True,$8.20 / SMA $7.60,False,2.19%,,,False,425.2M,False,PNK,False,
YAMHF,"Yamaha Motor Co., Ltd.",11.98,2026-08-24T22:27:25.565558+00:00,True,+81.5%,True,$11629.3M,,N/A,False,0.9K,True,$11.98 / SMA $8.69,False,1.13%,,N/A,False,922.4M,False,PNK,False,
YASKY,YASKAWA Electric Corporation,61.69,2026-08-24T22:16:32.263300+00:00,False,+60.8%,True,$8000.2M,,,False,12.6K,False,$61.69 / SMA $72.91,False,2.12%,,,True,129.6M,False,PNK,False,
YB,Yuanbao Inc.,13.65,2026-08-24T22:34:13.780075+00:00,False,+13.7%,True,$629.0M,False,+14.4%,False,39.0K,False,$13.65 / SMA $13.93,True,4.10%,True,+35.6%,True,8.0M,True,NGM,False,
YELP,Yelp Inc.,23.83,2026-08-24T22:30:56.599189+00:00,False,+21.6%,True,$1293.1M,False,+-14.9%,True,1203.5K,False,$23.83 / SMA $24.93,True,4.70%,False,+1.4%,True,52.5M,True,NYQ,False,
YETI,"YETI Holdings, Inc.",43.08,2026-08-24T22:29:10.410415+00:00,False,+36.1%,True,$3144.4M,False,+-35.0%,True,1455.0K,False,$43.08 / SMA $49.03,True,3.46%,False,+8.3%,True,72.1M,True,NYQ,False,
YNAJF,"Yantai North Andre Juice Co., Ltd.",1.1,2026-08-24T22:20:28.825607+00:00,False,+0.0%,True,$362.6M,,,False,0.0K,False,$1.10 / SMA $2.09,False,0.00%,,,True,64.7M,False,PNK,False,
YNGFF,Yangzijiang Financial Holding Ltd.,0.1606,2026-08-24T22:24:08.364363+00:00,False,+10.8%,True,$559.0M,,,False,0.3K,False,$0.16 / SMA $0.17,False,0.09%,,,False,1847.2M,False,PNK,False,
YOKEY,Yokogawa Electric Corporation,64.13,2026-08-24T22:27:25.214137+00:00,False,+20.2%,True,$8024.0M,,N/A,False,0.0K,False,$64.13 / SMA $69.29,False,0.00%,,N/A,,N/A,False,PNK,False,
YSHLF,Yangzijiang Shipbuilding (Holdings) Ltd.,3.71,2026-08-24T22:16:30.958847+00:00,False,+67.1%,True,$14621.1M,,,False,0.8K,True,$3.71 / SMA $2.96,False,0.40%,,,False,2537.7M,False,PNK,False,
YSWY,"Yesway, Inc.",25.42,2026-08-24T22:30:54.764502+00:00,False,+34.4%,True,$792.7M,,N/A,False,469.3K,True,$25.42 / SMA $21.40,True,5.89%,,N/A,True,16.1M,True,NMS,False,
YUGVF,YouGov plc,3.6232,2026-08-24T22:35:56.481742+00:00,False,+62.5%,True,$424.5M,,N/A,False,0.1K,True,$3.62 / SMA $3.11,False,0.00%,,N/A,True,103.9M,False,PNK,False,
YUMC,"Yum China Holdings, Inc.",48.92,2026-08-24T22:27:15.693647+00:00,False,+21.8%,True,$16712.3M,False,+20.7%,True,1674.5K,True,$48.92 / SMA $44.67,False,2.03%,False,+12.6%,False,341.0M,True,NYQ,False,
YZCAY,Yankuang Energy Group Company Limited,16.49,2026-08-24T22:27:10.670570+00:00,False,+55.0%,True,$16550.8M,,N/A,False,1.8K,True,$16.49 / SMA $15.10,False,1.74%,False,+6.5%,False,464.7M,False,OQX,False,
YZCHF,Yankuang Energy Group Company Limited,1.4,2026-08-24T22:16:14.227831+00:00,False,+22.8%,True,$14051.6M,,,False,0.0K,False,$1.40 / SMA $1.69,False,0.00%,False,+6.5%,False,4646.9M,False,OQX,False,
ZBH,"Zimmer Biomet Holdings, Inc.",100.98,2026-08-24T22:27:14.843254+00:00,False,+27.6%,True,$19260.7M,True,+33.8%,True,2332.7K,True,$100.98 / SMA $92.88,False,2.80%,False,+4.8%,False,190.1M,True,NYQ,False,
ZG,"Zillow Group, Inc.",37.95,2026-08-24T22:16:41.717010+00:00,False,+30.7%,True,$8534.0M,False,+-300.0%,True,1335.7K,True,$37.95 / SMA $33.32,True,5.22%,False,+17.9%,False,206.2M,True,NMS,False,
ZIZTF,Zip Co Limited,1.88,2026-08-24T22:30:49.257022+00:00,True,+97.9%,True,$2342.3M,,N/A,False,0.8K,False,$1.88 / SMA $2.01,False,0.54%,,N/A,False,1208.9M,False,PNK,False,
ZJLMF,"Zhejiang Leapmotor Technology Co., Ltd.",4.65,2026-08-24T22:27:26.504997+00:00,False,+11.7%,,N/A,,N/A,False,0.7K,True,$4.65 / SMA $4.58,False,0.00%,,N/A,False,742.4M,False,PNK,False,
ZKH,ZKH Group Limited,3.03,2026-08-24T22:34:18.227471+00:00,False,+57.8%,True,$482.6M,True,+100.0%,False,179.6K,True,$3.03 / SMA $2.75,True,4.47%,False,+9.2%,True,90.9M,True,NYQ,False,
ZLAB,Zai Lab Limited,25.64,2026-08-24T22:20:30.203357+00:00,False,+60.7%,True,$2878.5M,False,+-25.0%,True,1014.9K,True,$25.64 / SMA $20.59,True,4.84%,False,+-3.3%,True,96.8M,True,NGM,False,
ZLDSF,Zalando SE,26.395,2026-08-24T22:18:24.585739+00:00,False,+16.1%,True,$6446.3M,False,+-21.6%,False,0.0K,True,$26.39 / SMA $26.02,False,0.00%,False,+20.8%,False,221.4M,False,PNK,False,
ZM,"Zoom Communications, Inc.",104.83,2026-08-24T22:27:07.918835+00:00,False,+48.3%,True,$30739.5M,True,+75.3%,True,3576.3K,True,$104.83 / SMA $94.12,True,3.39%,False,+5.5%,False,260.3M,True,NMS,False,
ZNKKY,"ZENKOKU HOSHO Co.,Ltd.",9.49,2026-08-24T22:29:14.275680+00:00,False,+9.6%,True,$2525.9M,,N/A,False,0.2K,True,$9.49 / SMA $9.15,False,0.00%,,N/A,False,265.1M,False,PNK,False,
ZNZNF,Zinzino AB (publ),14.25,2026-08-24T22:24:13.080347+00:00,False,+21.6%,True,$558.1M,True,+81.2%,False,0.5K,True,$14.25 / SMA $14.14,False,0.55%,True,+27.4%,True,22.1M,False,PNK,False,
ZS,"Zscaler, Inc.",176.06,2026-08-24T22:27:08.628754+00:00,False,+53.6%,True,$28470.6M,False,+-200.0%,True,4198.9K,True,$176.06 / SMA $151.77,True,4.69%,True,+25.4%,True,105.1M,True,NMS,False,
ZSQR,Z Squared Inc.,3.66,2026-08-24T22:34:16.470929+00:00,False,+3.4%,False,$194.0M,,N/A,True,555.3K,False,$3.66 / SMA $7.37,True,11.84%,,N/A,True,51.6M,True,NGM,False,
ZUMZ,Zumiez Inc.,18.51,2026-08-24T22:24:23.885573+00:00,False,+22.7%,True,$312.3M,False,+-3.8%,False,244.9K,False,$18.51 / SMA $18.61,True,3.55%,False,+4.9%,True,13.0M,True,NMS,False,
ZURVY,Zurich Insurance Group AG,36.66,2026-08-24T22:26:59.892584+00:00,False,+9.0%,True,$109517.5M,,N/A,False,105.3K,False,$36.66 / SMA $37.12,False,0.76%,,N/A,False,2939.1M,False,OQX,False,
ZZHGY,"ZhongAn Online P & C Insurance Co., Ltd.",1.14,2026-08-24T22:29:15.957091+00:00,False,+0.0%,True,$1920.7M,,N/A,False,0.0K,False,$1.14 / SMA $1.27,False,0.00%,,N/A,False,1012.3M,False,PNK,False,
