ticker,name,price,fetched_at,c1_price_vs_52w_low_passes,c1_price_vs_52w_low_value,c2_market_cap_passes,c2_market_cap_value,c3_eps_growth_passes,c3_eps_growth_value,c4_avg_volume_passes,c4_avg_volume_value,c5_price_vs_sma50_passes,c5_price_vs_sma50_value,c6_volatility_1m_passes,c6_volatility_1m_value,c7_revenue_growth_passes,c7_revenue_growth_value,c8_float_passes,c8_float_value,c9_us_market_passes,c9_us_market_value,passes_all,error
AACI,Armada Acquisition Corp. III,10.06,2026-10-09T01:43:22.851085+00:00,False,+3.3%,True,$342.3M,,N/A,False,25.6K,True,$10.06 / SMA $10.04,False,0.16%,,N/A,True,23.1M,True,NGM,False,
AAUKF,Anglo American plc,53.81,2026-10-09T01:33:50.048131+00:00,False,+51.7%,True,$57656.8M,,N/A,False,1.1K,False,$53.81 / SMA $54.29,False,0.16%,,N/A,False,951.8M,False,OQX,False,
AAVMY,ABN AMRO Bank N.V.,45.23,2026-10-09T01:33:56.528507+00:00,False,+58.9%,True,$36859.5M,True,+34.3%,False,19.4K,False,$45.23 / SMA $47.83,False,1.34%,False,+13.1%,False,550.0M,False,PNK,False,
AB,AllianceBernstein Holding L.P.,35.3,2026-10-09T01:37:48.804279+00:00,False,+2.1%,True,$3285.6M,False,+20.3%,False,283.3K,False,$35.30 / SMA $36.10,False,1.46%,,N/A,True,92.3M,True,NYQ,False,
ABBRF,AbraSilver Resource Corp.,8.12,2026-10-09T01:39:35.085778+00:00,True,+109.8%,True,$1343.8M,False,+-150.0%,False,191.0K,False,$8.12 / SMA $10.37,True,5.86%,,N/A,True,143.8M,False,OQX,False,
ABM,ABM Industries Incorporated,49.89,2026-10-09T01:37:58.502280+00:00,False,+35.0%,True,$2924.3M,True,+25.4%,False,445.4K,True,$49.89 / SMA $48.15,False,2.34%,False,+4.2%,True,57.9M,True,NYQ,False,
ABR,"Arbor Realty Trust, Inc.",3.09,2026-10-09T01:39:49.184378+00:00,False,+0.3%,True,$626.4M,False,+-100.0%,True,4412.2K,False,$3.09 / SMA $4.64,True,4.62%,False,+-12.3%,False,178.1M,True,NYQ,False,
ACA,"Arcosa, Inc.",146.5,2026-10-09T01:36:02.779338+00:00,False,+64.6%,True,$7194.1M,True,+446.7%,True,674.2K,True,$146.50 / SMA $145.58,False,0.29%,False,+1.7%,True,48.2M,True,NYQ,False,
ACAA,Averin Capital Acquisition Corp.,10.02,2026-10-09T01:43:20.929020+00:00,False,+4.8%,True,$357.5M,,N/A,False,32.2K,True,$10.02 / SMA $10.00,False,0.02%,,N/A,True,28.3M,True,NGM,False,
ACCO,ACCO,4.46,2026-10-09T01:43:21.466880+00:00,False,+58.7%,True,$411.7M,False,+-51.6%,True,665.8K,True,$4.46 / SMA $4.27,False,2.59%,,N/A,True,88.0M,True,NYQ,False,
ACGBF,Agricultural Bank of China Limited,0.79,2026-10-09T01:33:40.426834+00:00,False,+27.4%,True,$276486.6M,,N/A,False,0.1K,True,$0.79 / SMA $0.79,False,0.30%,False,+11.9%,False,200428.3M,False,PNK,False,
ACGLO,Arch Capital Group Ltd.,18.22,2026-10-09T01:33:56.029734+00:00,False,+1.7%,,N/A,,N/A,False,35.4K,False,$18.22 / SMA $18.67,False,1.91%,False,+-9.7%,False,326.9M,True,NMS,False,
ACI,"Albertsons Companies, Inc.",12.34,2026-10-09T01:34:23.540548+00:00,False,+13.6%,True,$5988.9M,False,+-58.5%,True,8301.2K,True,$12.34 / SMA $12.10,True,3.04%,False,+0.2%,False,325.0M,True,NYQ,False,
ACIC,American Coastal Insurance Corporation,9.83,2026-10-09T01:41:38.430011+00:00,False,+9.1%,True,$464.7M,False,+-17.0%,False,267.1K,True,$9.83 / SMA $9.58,False,2.15%,False,+-4.5%,True,22.8M,True,NCM,False,
ACNDF,CapitaLand India Trust,0.74,2026-10-09T01:39:45.268161+00:00,False,+7.2%,True,$1100.3M,,N/A,False,37.1K,False,$0.74 / SMA $0.77,True,4.40%,,N/A,False,1131.9M,False,PNK,False,
ACRFF,Accor SA,51.0,2026-10-09T01:34:13.759501+00:00,False,+13.2%,True,$11696.9M,,N/A,False,0.3K,False,$51.00 / SMA $52.80,False,0.15%,,N/A,False,181.3M,False,PNK,False,
ACRXF,"Acerinox, S.A.",19.365,2026-10-09T01:36:13.396005+00:00,False,+62.5%,True,$4825.0M,,N/A,False,0.1K,False,$19.36 / SMA $19.48,False,0.00%,False,+5.0%,False,177.9M,False,PNK,False,
ADAMN,"Adamas Trust, Inc.",23.3,2026-10-09T01:41:28.821882+00:00,False,+10.9%,,N/A,,N/A,False,7.8K,False,$23.30 / SMA $24.06,False,1.73%,True,+100.7%,True,84.3M,True,NMS,False,
ADBE,Adobe Inc.,241.05,2026-10-09T01:33:44.666070+00:00,False,+26.8%,True,$93816.7M,False,+10.5%,True,5045.1K,False,$241.05 / SMA $257.99,True,3.32%,False,+12.9%,False,388.1M,True,NMS,False,
ADTTF,Advantest Corporation,252.0,2026-10-09T01:33:43.701025+00:00,True,+138.4%,True,$181932.1M,,N/A,False,1.8K,True,$252.00 / SMA $217.89,True,6.99%,,N/A,False,723.5M,False,PNK,False,
AEOXF,Aeroports de Paris SA,116.14,2026-10-09T01:34:12.961086+00:00,False,+3.2%,True,$11488.9M,,N/A,False,0.1K,False,$116.14 / SMA $131.09,False,0.00%,,N/A,True,31.5M,False,PNK,False,
AFB,"AllianceBernstein National Municipal Income Fund, Inc.",9.37,2026-10-09T01:43:26.631233+00:00,False,+1.0%,,N/A,,N/A,False,98.6K,False,$9.37 / SMA $10.36,False,1.42%,,N/A,,N/A,True,NYQ,False,
AFRAF,Air France-KLM SA,12.91,2026-10-09T01:37:52.152506+00:00,False,+22.0%,True,$3388.1M,,N/A,False,0.0K,False,$12.91 / SMA $13.99,False,0.00%,False,+9.9%,False,189.1M,False,OID,False,
AFRM,"Affirm Holdings, Inc.",77.15,2026-10-09T01:34:02.909786+00:00,True,+83.3%,True,$26032.1M,True,+2210.0%,True,4200.7K,True,$77.15 / SMA $73.63,True,4.38%,True,+33.0%,False,283.8M,True,NMS,False,
AGCC,Agencia Comercial Spirits Ltd,14.785,2026-10-09T01:41:33.652454+00:00,True,+304.0%,True,$632.6M,,N/A,False,37.1K,True,$14.79 / SMA $14.50,True,6.06%,,N/A,True,3.1M,True,NCM,False,
AGLXY,AGL Energy Limited,5.69,2026-10-09T01:36:10.802170+00:00,False,+2.7%,True,$3827.9M,,N/A,False,2.3K,False,$5.69 / SMA $5.97,False,2.13%,,N/A,False,1207.9M,False,PNK,False,
AGMB,AgomAb Therapeutics NV,9.22,2026-10-09T01:41:36.439256+00:00,False,+15.7%,True,$454.1M,,N/A,False,136.5K,False,$9.22 / SMA $12.62,True,10.56%,,N/A,True,11.5M,True,NMS,False,
AGNCP,AGNC Investment Corp.,24.47,2026-10-09T01:34:14.837900+00:00,False,+3.6%,,N/A,,N/A,False,57.5K,False,$24.47 / SMA $24.76,False,0.70%,True,+710.7%,False,1177.9M,True,NMS,False,
AHG,Akso Health Group,1.14,2026-10-09T01:39:44.296335+00:00,False,+67.4%,True,$976.6M,,N/A,False,107.6K,True,$1.14 / SMA $1.02,True,12.31%,,N/A,False,854.0M,True,NCM,False,
AHR,"American Healthcare REIT, Inc.",50.44,2026-10-09T01:34:18.634837+00:00,False,+26.1%,True,$10995.9M,True,+166.7%,True,2892.2K,False,$50.44 / SMA $53.61,False,1.94%,False,+24.3%,False,216.6M,True,NYQ,False,
AI,"C3.ai, Inc.",11.34,2026-10-09T01:39:44.114075+00:00,False,+47.8%,True,$1823.2M,True,+30.2%,True,4943.8K,True,$11.34 / SMA $10.43,True,4.25%,False,+-25.5%,True,144.2M,True,NYQ,False,
AINSF,Ainsworth Game Technology Limited,0.75,2026-10-09T01:43:24.236905+00:00,False,+22.5%,False,$252.6M,,N/A,False,7.8K,False,$0.75 / SMA $0.79,False,0.80%,,N/A,True,27.8M,False,PNK,False,
AIO,Virtus Artificial Intelligence & Technology Opportunities Fund,25.35,2026-10-09T01:41:26.555525+00:00,False,+21.2%,True,$873.0M,,N/A,False,70.6K,False,$25.35 / SMA $25.47,False,2.15%,,N/A,,N/A,True,NYQ,False,
AIOT,"PowerFleet, Inc.",2.64,2026-10-09T01:43:14.026714+00:00,False,+3.5%,True,$354.4M,True,+25.0%,True,1729.2K,False,$2.64 / SMA $3.10,True,3.95%,False,+6.4%,True,124.0M,True,NGM,False,
AIRS,"AirSculpt Technologies, Inc.",1.655,2026-10-09T01:43:19.442926+00:00,False,+9.6%,False,$119.3M,False,+-100.0%,True,826.5K,False,$1.66 / SMA $2.78,True,8.63%,False,+-2.5%,True,16.8M,True,NGM,False,
AJNMY,"Ajinomoto Co., Inc.",33.34,2026-10-09T01:33:57.111520+00:00,False,+62.0%,True,$31764.9M,,N/A,False,40.2K,True,$33.34 / SMA $33.00,False,2.28%,,N/A,False,948.1M,False,PNK,False,
AKAAF,Aker ASA,154.0,2026-10-09T01:34:16.884209+00:00,True,+121.4%,True,$11353.5M,,N/A,False,0.1K,False,$154.00 / SMA $155.40,False,0.12%,,N/A,True,23.6M,False,PNK,False,
ALDF,Aldel Financial II Inc.,10.8201,2026-10-09T01:43:25.161446+00:00,False,+3.6%,True,$323.2M,False,+-11.7%,False,32.5K,True,$10.82 / SMA $10.79,False,0.03%,,N/A,True,19.0M,True,NGM,False,
ALGM,"Allegro MicroSystems, Inc.",36.27,2026-10-09T01:34:21.769100+00:00,False,+61.8%,True,$6760.8M,True,+214.3%,True,2372.2K,False,$36.27 / SMA $37.92,True,4.22%,True,+27.5%,True,125.0M,True,NMS,False,
ALGN,"Align Technology, Inc.",141.03,2026-10-09T01:34:15.047417+00:00,False,+12.9%,True,$10018.8M,False,+-12.2%,True,896.3K,False,$141.03 / SMA $157.61,False,2.66%,False,+4.3%,True,66.8M,True,NMS,False,
ALK,"Alaska Air Group, Inc.",39.52,2026-10-09T01:36:08.918108+00:00,False,+19.6%,True,$4410.6M,False,+-147.9%,True,2750.2K,False,$39.52 / SMA $42.75,True,3.47%,False,+9.7%,True,110.8M,True,NYQ,False,
ALLE,Allegion plc,149.99,2026-10-09T01:34:15.982450+00:00,False,+20.0%,True,$12754.7M,False,+16.2%,True,1285.4K,False,$149.99 / SMA $157.44,False,2.15%,False,+12.7%,True,84.6M,True,NYQ,False,
ALLO,"Allogene Therapeutics, Inc.",1.4,2026-10-09T01:41:32.033985+00:00,False,+34.6%,True,$483.7M,True,+43.5%,True,5647.1K,False,$1.40 / SMA $1.85,True,4.78%,,N/A,False,281.1M,True,NMS,False,
ALM,Almonty Industries Inc.,11.57,2026-10-09T01:36:05.956532+00:00,True,+112.9%,True,$3337.7M,True,+306.7%,True,6511.8K,False,$11.57 / SMA $15.00,True,6.75%,True,+497.7%,False,219.0M,True,NCM,False,
ALMR,"Alamar Biosciences, Inc.",25.91,2026-10-09T01:39:43.343074+00:00,False,+37.5%,True,$1798.0M,,N/A,False,399.2K,False,$25.91 / SMA $31.24,True,9.11%,,N/A,True,36.2M,True,NMS,False,
ALMS,Alumis Inc.,6.97,2026-10-09T01:37:54.493600+00:00,False,+63.0%,True,$902.2M,False,+-294.1%,True,2432.9K,False,$6.97 / SMA $16.09,True,6.30%,False,+-37.7%,True,97.2M,True,NMS,False,
ALPMY,Astellas Pharma Inc.,14.2,2026-10-09T01:33:59.896599+00:00,False,+41.6%,True,$25460.8M,,N/A,False,128.5K,False,$14.20 / SMA $14.70,False,2.92%,,N/A,False,1792.7M,False,PNK,False,
ALT,"Altimmune, Inc.",2.6,2026-10-09T01:41:36.791481+00:00,False,+2.0%,True,$505.7M,True,+55.6%,True,4180.3K,False,$2.60 / SMA $3.07,True,4.02%,False,+-100.0%,False,164.3M,True,NGM,False,
ALTI,"AlTi Global, Inc.",2.69,2026-10-09T01:43:14.415232+00:00,False,+1.1%,True,$419.5M,False,+16.2%,False,167.8K,False,$2.69 / SMA $3.57,True,4.14%,False,+10.8%,True,52.4M,True,NCM,False,
ALTO,"Alto Ingredients, Inc.",3.73,2026-10-09T01:43:20.341611+00:00,True,+276.8%,False,$289.3M,True,+200.0%,True,1737.8K,False,$3.73 / SMA $4.09,True,3.50%,False,+12.5%,True,69.3M,True,NCM,False,
AMCR,Amcor plc,41.88,2026-10-09T01:34:06.231343+00:00,False,+15.5%,True,$19346.3M,True,+973.7%,True,3507.1K,False,$41.88 / SMA $44.33,False,1.96%,True,+25.9%,False,460.2M,True,NYQ,False,
AMGDF,Aston Martin Lagonda Global Holdings plc,0.49,2026-10-09T01:41:33.935645+00:00,False,+22.5%,True,$497.3M,,N/A,False,11.5K,True,$0.49 / SMA $0.47,False,2.40%,True,+62.4%,False,348.6M,False,PNK,False,
AMIGF,Admiral Group plc,48.66,2026-10-09T01:34:11.785103+00:00,False,+28.9%,True,$14634.4M,,N/A,False,0.0K,False,$48.66 / SMA $51.41,False,0.00%,,N/A,False,262.4M,False,PNK,False,
AMKR,"Amkor Technology, Inc.",51.0,2026-10-09T01:34:07.830452+00:00,True,+80.9%,True,$12671.1M,True,+218.2%,True,4692.6K,False,$51.00 / SMA $51.61,True,4.14%,True,+25.6%,True,108.7M,True,NMS,False,
AMNF,"Armanino Foods of Distinction, Inc.",12.04,2026-10-09T01:43:23.979142+00:00,False,+37.6%,True,$368.9M,False,+2.4%,False,18.5K,True,$12.04 / SMA $11.51,False,1.06%,,N/A,,N/A,False,OQX,False,
AMP,"Ameriprise Financial, Inc.",499.08,2026-10-09T01:33:53.172459+00:00,False,+18.2%,True,$44085.3M,False,+11.6%,True,544.6K,False,$499.08 / SMA $539.95,False,2.65%,False,+12.9%,True,88.0M,True,NYQ,False,
AMR,"Alpha Metallurgical Resources, Inc.",174.28,2026-10-09T01:37:59.327110+00:00,False,+30.4%,True,$2209.7M,False,+-152.6%,False,318.1K,False,$174.28 / SMA $184.57,True,4.69%,False,+-10.4%,True,10.7M,True,NYQ,False,
AMRZ,AMRZ,36.5,2026-10-09T01:33:58.974077+00:00,False,+2.0%,True,$19962.8M,False,+14.7%,True,3740.4K,False,$36.50 / SMA $42.67,False,2.37%,False,+8.6%,False,486.6M,True,NYQ,False,
AMVOY,Aumovio SE,7.67,2026-10-09T01:36:11.285605+00:00,False,+7.7%,True,$3837.0M,False,+-2834.8%,False,4.6K,False,$7.67 / SMA $8.45,True,3.70%,False,+-10.5%,False,270.0M,False,PNK,False,
AMXEF,Amex Gold Mining Inc.,2.75,2026-10-09T01:43:13.068025+00:00,False,+58.0%,True,$442.1M,True,+150.0%,False,25.1K,False,$2.75 / SMA $3.10,True,3.63%,,N/A,True,109.6M,False,OQX,False,
AMXOF,"América Móvil, S.A.B. de C.V.",0.988,2026-10-09T01:33:46.190745+00:00,False,+0.8%,True,$59015.9M,False,+8.1%,False,143.4K,False,$0.99 / SMA $1.17,False,1.21%,False,+3.1%,False,18779.6M,False,PNK,False,
ANCTF,Alimentation Couche-Tard Inc.,54.49,2026-10-09T01:33:50.231545+00:00,False,+15.4%,True,$50019.8M,False,+9.8%,False,174.2K,False,$54.49 / SMA $59.95,False,1.59%,True,+25.1%,False,743.7M,False,PNK,False,
ANZFF,Air New Zealand Limited,0.21,2026-10-09T01:41:29.588909+00:00,False,+17.5%,True,$679.0M,,N/A,False,4.1K,False,$0.21 / SMA $0.24,False,1.49%,,N/A,False,1534.6M,False,PNK,False,
ANZGY,ANZ Group Holdings Limited,26.17,2026-10-09T01:33:46.917892+00:00,False,+19.3%,True,$78798.7M,,N/A,False,141.8K,False,$26.17 / SMA $26.58,False,2.62%,,N/A,False,3009.8M,False,PNK,False,
AONNF,"Aeon Co., Ltd.",8.39,2026-10-09T01:33:59.184215+00:00,False,+0.0%,True,$23212.0M,,N/A,False,0.0K,True,$8.39 / SMA $5.31,False,0.00%,,N/A,False,2559.3M,False,PNK,False,
AORT,"Artivion, Inc.",21.21,2026-10-09T01:39:48.511190+00:00,False,+10.7%,True,$1034.1M,False,+-1033.3%,True,634.1K,False,$21.21 / SMA $25.54,True,4.14%,False,+11.3%,True,46.3M,True,NYQ,False,
APAM,Artisan Partners Asset Management Inc.,33.65,2026-10-09T01:37:51.949464+00:00,False,+1.9%,True,$2389.0M,False,+18.1%,True,945.8K,False,$33.65 / SMA $39.38,False,2.78%,False,+8.9%,True,64.2M,True,NYQ,False,
APELY,"Alps Alpine Co., Ltd.",29.58,2026-10-09T01:37:55.935568+00:00,False,+25.1%,True,$2833.2M,,N/A,False,0.2K,True,$29.58 / SMA $28.20,False,0.00%,,N/A,True,88.5M,False,PNK,False,
APG,APi Group Corporation,39.98,2026-10-09T01:34:05.858743+00:00,False,+19.3%,True,$17277.8M,True,+25.0%,True,3037.1K,False,$39.98 / SMA $40.04,False,2.65%,False,+13.3%,False,355.7M,True,NYQ,False,
APGE,Apogee Therapeutics Inc,135.07,2026-10-09T01:36:01.728746+00:00,True,+281.7%,True,$10223.1M,False,+-2.8%,True,2953.6K,False,$135.07 / SMA_short $135.07,,N/A,,N/A,True,58.4M,True,NGM,False,
APLE,"Apple Hospitality REIT, Inc.",16.22,2026-10-09T01:37:49.662809+00:00,False,+49.5%,True,$3829.3M,False,+3.7%,True,2711.3K,True,$16.22 / SMA $15.94,False,1.88%,False,+4.7%,False,218.4M,True,NYQ,False,
APPS,"Digital Turbine, Inc.",10.78,2026-10-09T01:41:37.200557+00:00,True,+293.4%,True,$1312.2M,True,+76.9%,True,3228.7K,False,$10.78 / SMA $11.30,True,7.50%,True,+26.8%,True,109.2M,True,NCM,False,
APXT,Apex Treasury Corporation,10.1599,2026-10-09T01:43:13.954860+00:00,False,+2.9%,True,$466.9M,,N/A,False,245.0K,True,$10.16 / SMA $10.13,False,0.09%,,N/A,True,34.5M,True,NGM,False,
AQN,Algonquin Power & Utilities Corp.,5.08,2026-10-09T01:36:09.089394+00:00,False,+3.5%,True,$3911.1M,False,+-100.0%,True,4066.5K,False,$5.08 / SMA $5.44,False,1.99%,False,+3.1%,False,623.8M,True,NYQ,False,
AQST,"Aquestive Therapeutics, Inc.",4.76,2026-10-09T01:41:38.735227+00:00,False,+62.5%,True,$597.4M,False,+-28.6%,True,2679.3K,True,$4.76 / SMA $4.63,True,5.00%,True,+38.1%,True,114.6M,True,NGM,False,
ARCB,ArcBest Corporation,129.96,2026-10-09T01:37:54.820743+00:00,True,+118.7%,True,$2904.8M,False,+-155.4%,False,294.0K,False,$129.96 / SMA $135.23,True,3.18%,False,+15.9%,True,22.0M,True,NMS,False,
AROW,Arrow Financial Corporation,37.03,2026-10-09T01:41:34.800596+00:00,False,+43.1%,True,$685.9M,False,+1.5%,False,87.2K,False,$37.03 / SMA $38.42,False,2.05%,False,+10.1%,True,16.2M,True,NMS,False,
ARRY,"Array Technologies, Inc.",3.75,2026-10-09T01:39:44.402278+00:00,False,+3.6%,True,$576.8M,False,+-73.7%,True,6691.1K,False,$3.75 / SMA $4.58,True,4.75%,False,+-5.6%,True,139.9M,True,NGM,False,
ARX,Accelerant Holdings,19.75,2026-10-09T01:37:47.374347+00:00,True,+115.1%,True,$4289.5M,True,+800.0%,True,3643.2K,True,$19.75 / SMA $18.23,False,0.35%,True,+78.0%,True,56.8M,True,NYQ,False,
ARXCY,ARC Resources Ltd.,26.96,2026-10-09T01:34:12.377689+00:00,True,+114.3%,True,$15256.0M,False,+-8.8%,False,0.1K,True,$26.96 / SMA $24.98,False,0.00%,True,+57.0%,False,565.9M,False,PNK,False,
ARXS,"Arxis, Inc.",46.77,2026-10-09T01:34:10.758147+00:00,False,+41.1%,True,$20149.7M,,N/A,True,854.4K,False,$46.77 / SMA $52.76,True,4.54%,,N/A,True,78.2M,True,NMS,False,
ARYTF,Aryt Industries Ltd.,4.67,2026-10-09T01:39:47.502223+00:00,False,+0.0%,True,$475.9M,,N/A,False,0.1K,False,$4.67 / SMA $4.97,False,0.00%,,N/A,True,55.3M,False,PNK,False,
ASA,ASA Gold and Precious Metals Limited,55.8,2026-10-09T01:39:47.716100+00:00,False,+29.2%,True,$1024.3M,,N/A,False,53.4K,False,$55.80 / SMA $58.60,True,3.10%,,N/A,True,10.7M,True,NYQ,False,
ASAAF,AT & S Austria Technologie & Systemtechnik Aktiengesellschaft,244.765,2026-10-09T01:36:03.224446+00:00,True,+857.6%,True,$9509.1M,,N/A,False,0.1K,True,$244.76 / SMA $188.98,False,0.86%,True,+39.7%,True,25.1M,False,PNK,False,
ASAZY,ASSA ABLOY AB (publ),17.09,2026-10-09T01:33:53.657758+00:00,False,+1.6%,True,$37966.3M,True,+80.1%,False,280.0K,False,$17.09 / SMA $18.19,False,1.11%,False,+3.5%,False,2035.8M,False,PNK,False,
ASGLY,AGC Inc.,7.63,2026-10-09T01:34:21.566590+00:00,False,+26.1%,True,$8102.8M,,N/A,False,4.5K,True,$7.63 / SMA $7.26,True,3.37%,,N/A,False,1021.1M,False,PNK,False,
ASMLF,ASML Holding N.V.,1770.19,2026-10-09T01:33:39.789323+00:00,True,+90.2%,True,$679930.0M,,N/A,False,4.8K,True,$1770.19 / SMA $1735.75,True,3.18%,False,+21.3%,False,384.0M,False,PNK,False,
ASO,"Academy Sports and Outdoors, Inc.",52.76,2026-10-09T01:37:49.868498+00:00,False,+27.8%,True,$3248.9M,False,+17.3%,True,1671.6K,True,$52.76 / SMA $47.99,True,4.04%,False,+3.0%,True,60.7M,True,NMS,False,
ASOMF,ASOS Plc,3.7,2026-10-09T01:43:16.489747+00:00,False,+27.1%,True,$442.7M,,N/A,False,0.0K,False,$3.70 / SMA $3.70,False,0.00%,,N/A,True,34.4M,False,PNK,False,
ASRHF,Astroscale Holdings Inc.,7.69,2026-10-09T01:38:01.415159+00:00,True,+93.5%,,N/A,,N/A,False,1.1K,True,$7.69 / SMA_short $7.29,False,2.78%,,N/A,True,99.0M,False,PNK,False,
ATAT,Atour Lifestyle Holdings Limited,31.61,2026-10-09T01:36:08.643145+00:00,False,+2.7%,True,$4368.1M,True,+31.7%,True,919.1K,False,$31.61 / SMA $33.72,False,2.52%,True,+41.4%,True,91.9M,True,NMS,False,
ATAZF,Atea ASA,17.79,2026-10-09T01:39:37.331740+00:00,False,+46.4%,True,$1984.7M,True,+33.3%,False,0.0K,False,$17.79 / SMA $17.79,False,0.00%,False,+21.9%,True,70.8M,False,PNK,False,
ATKR,Atkore Inc.,94.84,2026-10-09T01:37:54.282109+00:00,True,+76.4%,True,$3203.0M,False,+-98.4%,True,887.5K,True,$94.84 / SMA $93.09,False,0.19%,False,+8.1%,True,31.8M,True,NYQ,False,
ATLCP,Atlanticus Holdings Corporation,23.18,2026-10-09T01:39:45.533847+00:00,False,+13.3%,,N/A,,N/A,False,3.9K,False,$23.18 / SMA $23.84,False,1.06%,True,+86.1%,True,5.5M,True,NMS,False,
ATLCY,Atlas Copco AB (publ),17.97,2026-10-09T01:33:45.657931+00:00,False,+27.7%,True,$87668.8M,False,+7.4%,False,25.0K,False,$17.97 / SMA $18.39,False,1.50%,False,+5.3%,False,4877.5M,False,PNK,False,
ATO,Atmos Energy Corporation,160.66,2026-10-09T01:33:57.807180+00:00,False,+3.8%,True,$27149.7M,False,+23.3%,True,1020.6K,False,$160.66 / SMA $164.86,False,1.33%,False,+4.8%,False,168.2M,True,NYQ,False,
AUGO,Aura Minerals Inc.,82.49,2026-10-09T01:36:01.941578+00:00,True,+183.4%,True,$6915.7M,True,+2236.4%,True,951.9K,True,$82.49 / SMA $80.49,True,4.45%,True,+76.4%,True,40.3M,True,NMS,True,
AUPH,Aurinia Pharmaceuticals Inc.,16.22,2026-10-09T01:38:02.234370+00:00,False,+48.8%,True,$2158.1M,True,+75.0%,True,988.9K,True,$16.22 / SMA $16.05,False,2.50%,False,+18.9%,True,129.2M,True,NGM,False,
AVA,Avista Corporation,35.48,2026-10-09T01:37:49.522742+00:00,False,+3.0%,True,$2971.6M,True,+152.9%,True,660.6K,False,$35.48 / SMA $37.13,False,1.58%,,N/A,True,83.0M,True,NYQ,False,
AVCTF,Avacta Group Plc,0.8535,2026-10-09T01:43:15.135385+00:00,False,+15.6%,True,$373.5M,,N/A,False,0.7K,False,$0.85 / SMA $0.94,False,0.55%,,N/A,False,440.9M,False,PNK,False,
AVGO,Broadcom Inc.,360.14,2026-10-09T01:33:39.761270+00:00,False,+24.2%,True,$1719175.2M,True,+215.3%,True,22362.7K,False,$360.14 / SMA $371.90,False,2.48%,True,+85.5%,False,4715.5M,True,NMS,False,
AVNT,Avient Corporation,40.98,2026-10-09T01:37:51.530807+00:00,False,+49.1%,True,$3758.7M,False,+22.8%,True,749.4K,False,$40.98 / SMA $42.03,False,2.27%,False,+5.8%,True,91.1M,True,NYQ,False,
AWTRF,Air Water Inc.,13.91,2026-10-09T01:37:50.085701+00:00,False,+3.1%,True,$3189.1M,,N/A,False,0.0K,True,$13.91 / SMA $13.91,False,0.00%,,N/A,False,182.2M,False,PNK,False,
AX,"Axos Financial, Inc.",88.46,2026-10-09T01:36:07.799292+00:00,False,+18.1%,True,$5029.7M,,N/A,False,346.8K,False,$88.46 / SMA $94.95,False,2.36%,False,+18.3%,True,54.2M,True,NYQ,False,
AXAHY,AXA SA,46.78,2026-10-09T01:33:45.161185+00:00,False,+8.7%,True,$97815.2M,,N/A,False,96.8K,False,$46.78 / SMA $50.49,False,1.29%,,N/A,False,1592.2M,False,OQX,False,
AXG,Solowin Holdings,0.0869,2026-10-09T01:41:32.786864+00:00,False,+2.4%,False,$18.5M,,N/A,True,6271.6K,False,$0.09 / SMA $1.91,True,48.11%,,N/A,True,21.7M,True,NCM,False,
AXIA,AXIA Energia,10.22,2026-10-09T01:34:00.410366+00:00,True,+70.9%,True,$23290.9M,,N/A,True,2549.3K,False,$10.22 / SMA_short $10.22,,N/A,False,+9.7%,False,1641.9M,True,NYQ,False,
AXSM,"Axsome Therapeutics, Inc.",170.08,2026-10-09T01:34:13.814634+00:00,False,+43.3%,True,$8908.9M,False,+-2.1%,True,705.2K,False,$170.08 / SMA $204.48,True,4.02%,True,+45.5%,True,44.4M,True,NGM,False,
AXTA,Axalta Coating Systems Ltd.,32.81,2026-10-09T01:36:01.157721+00:00,False,+31.6%,True,$7022.0M,False,+-18.0%,True,1790.3K,False,$32.81 / SMA $34.92,False,2.01%,False,+3.1%,False,212.8M,True,NYQ,False,
BAESY,BAE Systems plc,97.56,2026-10-09T01:33:46.631882+00:00,False,+15.5%,True,$71369.4M,,N/A,False,252.6K,False,$97.56 / SMA $110.27,False,1.48%,,N/A,False,715.8M,False,PNK,False,
BAK,Braskem S.A.,1.82,2026-10-09T01:39:40.615871+00:00,False,+30.0%,True,$725.2M,True,+1345.3%,True,2032.8K,False,$1.82 / SMA $1.88,True,6.47%,False,+21.6%,True,44.6M,True,NYQ,False,
BALY,Bally's Corporation,13.97,2026-10-09T01:41:33.438412+00:00,False,+65.5%,True,$705.1M,,N/A,False,107.4K,True,$13.97 / SMA $11.62,True,7.22%,,N/A,True,11.7M,True,NYQ,False,
BAND,Bandwidth Inc.,51.95,2026-10-09T01:38:02.308909+00:00,True,+315.6%,True,$1671.8M,True,+143.8%,True,997.3K,True,$51.95 / SMA $51.83,True,8.55%,False,+22.2%,True,29.0M,True,NMS,False,
BANF,BancFirst Corporation,106.9,2026-10-09T01:37:47.084516+00:00,False,+5.3%,True,$3591.7M,False,+5.9%,False,132.6K,False,$106.90 / SMA $110.29,False,1.96%,False,+10.7%,True,23.3M,True,NMS,False,
BBAI,"BigBear.ai Holdings, Inc.",2.42,2026-10-09T01:38:01.857689+00:00,False,+3.4%,True,$1160.4M,True,+93.0%,True,19682.6K,False,$2.42 / SMA $2.93,True,4.63%,False,+13.2%,False,475.4M,True,NYQ,False,
BBAJF,"Banco del Bajío, S.A., Institución de Banca Múltiple",3.3804,2026-10-09T01:37:46.522893+00:00,False,+39.7%,True,$4022.4M,False,+-11.0%,False,0.2K,True,$3.38 / SMA $2.37,False,0.00%,False,+-6.1%,False,737.8M,False,PNK,False,
BBBY,"Bed Bath & Beyond, Inc.",4.35,2026-10-09T01:43:16.921386+00:00,False,+6.4%,True,$414.7M,False,+-55.9%,True,2583.9K,True,$4.35 / SMA $3.75,True,7.82%,True,+28.0%,,N/A,True,NYQ,False,
BBCQU,Bleichroeder Acquisition Corp II,10.09,2026-10-09T01:43:15.409728+00:00,False,+1.9%,,N/A,,N/A,False,0.7K,False,$10.09 / SMA_short $10.09,,N/A,,N/A,True,20.9M,True,NGM,False,
BBN,BlackRock Taxable Municipal Bond Trust,14.35,2026-10-09T01:41:22.283405+00:00,False,+1.3%,True,$886.7M,,N/A,False,184.6K,False,$14.35 / SMA $15.24,False,1.26%,,N/A,,N/A,True,NYQ,False,
BBOT,"BridgeBio Oncology Therapeutics, Inc.",3.42,2026-10-09T01:41:32.318522+00:00,False,+4.6%,False,$274.2M,False,+-196311.0%,False,468.8K,False,$3.42 / SMA $6.97,True,7.46%,,N/A,True,35.8M,True,NGM,False,
BBT,Beacon Financial Corporation,27.48,2026-10-09T01:37:57.677850+00:00,False,+20.5%,True,$2303.3M,True,+29.4%,True,893.4K,False,$27.48 / SMA $30.48,False,2.17%,True,+131.7%,True,77.4M,True,NYQ,False,
BBWI,"Bath & Body Works, Inc.",17.71,2026-10-09T01:37:48.651736+00:00,False,+24.0%,True,$3571.1M,True,+93.3%,True,6167.1K,False,$17.71 / SMA $18.30,True,3.91%,False,+-2.3%,False,200.7M,True,NYQ,False,
BC,Brunswick Corporation,62.35,2026-10-09T01:36:05.857010+00:00,False,+6.5%,True,$4040.1M,True,+88.8%,True,731.2K,False,$62.35 / SMA $73.58,False,2.89%,False,+7.7%,True,63.9M,True,NYQ,False,
BCAR,D Boral ARC Acquisition I Corp,4.72,2026-10-09T01:43:15.132666+00:00,False,+38.8%,False,$194.5M,True,+5228.2%,False,492.4K,True,$4.72 / SMA $3.90,True,18.35%,,N/A,True,25.9M,True,NGM,False,
BCDRF,"Banco Santander, S.A.",13.35,2026-10-09T01:33:41.693131+00:00,False,+41.1%,True,$193293.4M,,N/A,True,551.4K,False,$13.35 / SMA $14.38,True,5.90%,False,+8.3%,False,14087.6M,False,PNK,False,
BCEFF,BCE Inc.,15.4,2026-10-09T01:34:01.985620+00:00,False,+12.7%,,N/A,,N/A,False,0.0K,True,$15.40 / SMA $15.27,False,0.00%,False,+1.5%,False,931.4M,False,PNK,False,
BCPC,Balchem Corporation,168.63,2026-10-09T01:36:06.343123+00:00,False,+21.2%,True,$5375.6M,False,+18.8%,False,202.6K,False,$168.63 / SMA $172.12,False,1.95%,,N/A,True,31.7M,True,NMS,False,
BCTCF,OSL Group Limited,1.25,2026-10-09T01:39:43.802669+00:00,True,+12400.0%,True,$1123.9M,,N/A,False,0.0K,False,$1.25 / SMA $1.43,False,1.05%,,N/A,False,639.6M,False,PNK,False,
BDC,Belden Inc.,107.94,2026-10-09T01:36:12.099381+00:00,False,+10.1%,True,$4218.1M,False,+13.7%,False,452.1K,False,$107.94 / SMA $119.21,True,3.21%,False,+11.6%,True,38.3M,True,NYQ,False,
BDCIU,BTC Development Corp.,10.265,2026-10-09T01:43:21.608134+00:00,False,+1.6%,,N/A,,N/A,False,1.2K,True,$10.27 / SMA $10.26,False,0.01%,,N/A,True,23.6M,True,NGM,False,
BDJ,BlackRock Enhanced Equity Dividend Trust,9.47,2026-10-09T01:39:39.788943+00:00,False,+12.5%,True,$1675.7M,,N/A,False,434.2K,False,$9.47 / SMA $9.65,False,1.25%,,N/A,,N/A,True,NYQ,False,
BDOUY,"BDO Unibank, Inc.",17.6,2026-10-09T01:34:18.184472+00:00,False,+3.2%,True,$9391.4M,False,+5.5%,False,82.0K,False,$17.60 / SMA $18.92,False,2.22%,False,+13.9%,False,227.3M,False,PNK,False,
BDWBY,Budweiser Brewing Company APAC Limited,3.2,2026-10-09T01:34:14.401542+00:00,False,+14.3%,True,$10583.8M,,N/A,False,1.7K,True,$3.20 / SMA $3.15,False,1.52%,,N/A,False,3306.3M,False,PNK,False,
BECTY,Bechtle AG,7.6,2026-10-09T01:36:09.732526+00:00,False,+26.7%,True,$4788.0M,False,+21.1%,False,0.1K,False,$7.60 / SMA $8.49,False,0.01%,False,+16.5%,False,409.2M,False,PNK,False,
BEP,Brookfield Renewable Partners L.P.,29.29,2026-10-09T01:34:16.418177+00:00,False,+11.4%,True,$14248.7M,False,+-68.2%,True,1017.6K,False,$29.29 / SMA $31.03,False,2.47%,False,+1.1%,True,144.2M,True,NYQ,False,
BEVFF,Diversified Royalty Corp.,2.82,2026-10-09T01:41:35.220790+00:00,False,+25.3%,True,$532.3M,False,+-60.0%,False,189.4K,False,$2.82 / SMA $2.98,False,0.69%,False,+21.5%,False,184.7M,False,PNK,False,
BFLBF,Bilfinger SE,84.7567,2026-10-09T01:36:14.170767+00:00,False,+0.0%,True,$3130.9M,,N/A,False,0.1K,False,$84.76 / SMA $90.37,False,0.00%,,N/A,True,31.3M,False,PNK,False,
BFLBY,Bilfinger SE,12.76,2026-10-09T01:36:14.123735+00:00,False,+7.2%,True,$2356.8M,,N/A,False,0.1K,False,$12.76 / SMA $16.68,False,0.01%,False,+7.2%,False,156.6M,False,PNK,False,
BFLY,"Butterfly Network, Inc.",8.03,2026-10-09T01:39:47.035889+00:00,True,+322.6%,True,$2138.3M,False,+16.7%,True,6271.1K,False,$8.03 / SMA $8.50,True,7.98%,True,+39.5%,False,219.9M,True,NYQ,False,
BHE,"Benchmark Electronics, Inc.",81.16,2026-10-09T01:37:51.903450+00:00,True,+126.0%,True,$2915.3M,True,+1733.3%,False,383.7K,True,$81.16 / SMA $78.09,True,3.37%,False,+17.7%,True,35.2M,True,NYQ,False,
BHF,"Brighthouse Financial, Inc.",48.99,2026-10-09T01:37:48.578444+00:00,False,+10.1%,True,$2817.5M,True,+1520.6%,True,913.5K,False,$48.99 / SMA $53.89,True,3.14%,True,+103.8%,True,56.7M,True,NMS,False,
BHVN,Biohaven Ltd.,11.93,2026-10-09T01:39:42.807335+00:00,False,+59.5%,True,$1802.0M,True,+53.1%,True,2612.1K,False,$11.93 / SMA $13.96,True,6.75%,,N/A,True,116.6M,True,NYQ,False,
BIIB,Biogen Inc.,218.43,2026-10-09T01:33:58.292742+00:00,False,+58.3%,True,$32273.9M,False,+-84.8%,True,1066.7K,True,$218.43 / SMA $216.69,False,2.57%,False,+3.4%,True,147.2M,True,NMS,False,
BILL,"BILL Holdings, Inc.",44.98,2026-10-09T01:37:48.260004+00:00,False,+43.2%,True,$3835.7M,False,+-171.4%,True,2144.2K,False,$44.98 / SMA $47.23,True,3.50%,False,+13.8%,True,75.5M,True,NYQ,False,
BIP,Brookfield Infrastructure Partners L.P.,36.89,2026-10-09T01:34:05.581934+00:00,False,+11.1%,True,$29210.4M,,N/A,True,906.1K,False,$36.89 / SMA $37.37,False,2.35%,False,+19.4%,False,453.8M,True,NYQ,False,
BJ,"BJ's Wholesale Club Holdings, Inc.",99.04,2026-10-09T01:34:15.906703+00:00,False,+19.0%,True,$12510.2M,False,+19.3%,True,1780.8K,True,$99.04 / SMA $93.81,False,2.68%,False,+15.7%,True,125.6M,True,NYQ,False,
BJCHY,Beijing Capital International Airport Company Limited,0.863,2026-10-09T01:39:49.794553+00:00,False,+1.3%,True,$790.4M,,N/A,False,0.1K,False,$0.86 / SMA $0.96,False,0.07%,,N/A,False,333.1M,False,PNK,False,
BKE,"The Buckle, Inc.",43.31,2026-10-09T01:37:57.100097+00:00,False,+9.8%,True,$2231.0M,False,+-2.2%,False,460.4K,True,$43.31 / SMA $43.07,False,2.26%,False,+4.6%,True,30.8M,True,NYQ,False,
BKGFF,The Berkeley Group Holdings plc,42.0,2026-10-09T01:36:10.805248+00:00,False,+0.0%,True,$3804.8M,,N/A,False,0.0K,False,$42.00 / SMA $46.47,False,0.00%,,N/A,True,91.0M,False,PNK,False,
BKHPF,Bank Hapoalim B.M.,26.71,2026-10-09T01:33:55.037229+00:00,False,+46.1%,True,$34900.7M,False,+-1.0%,False,0.0K,True,$26.71 / SMA $24.90,False,0.00%,False,+2.5%,False,1305.6M,False,PNK,False,
BKKT,"Bakkt, Inc.",7.03,2026-10-09T01:41:38.167198+00:00,False,+4.8%,True,$316.8M,True,+189.8%,True,1260.4K,False,$7.03 / SMA $7.86,True,7.38%,False,+-70.0%,True,35.9M,True,NYQ,False,
BKR,Baker Hughes Company,56.3,2026-10-09T01:33:48.077005+00:00,False,+28.2%,True,$55887.5M,False,+-4.2%,True,7801.9K,False,$56.30 / SMA $60.42,True,3.02%,False,+-2.4%,False,990.6M,True,NMS,False,
BKRIF,Bank of Ireland Group plc,21.4,2026-10-09T01:34:05.077793+00:00,False,+42.8%,True,$20180.2M,,N/A,False,0.6K,False,$21.40 / SMA $22.15,False,0.14%,,N/A,False,942.7M,False,PNK,False,
BLMN,"Bloomin' Brands, Inc.",8.48,2026-10-09T01:41:32.747261+00:00,False,+63.4%,True,$726.1M,False,+20.0%,True,2156.2K,False,$8.48 / SMA $9.49,True,5.56%,False,+1.3%,True,83.1M,True,NMS,False,
BLTE,"Belite Bio, Inc",152.52,2026-10-09T01:36:04.995616+00:00,True,+97.8%,True,$6142.3M,False,+-40.0%,False,178.9K,False,$152.52 / SMA $165.74,True,3.41%,,N/A,True,19.6M,True,NCM,False,
BMA,Banco Macro S.A.,65.9,2026-10-09T01:36:06.373684+00:00,False,+44.7%,True,$4213.6M,False,+3.5%,False,292.8K,False,$65.90 / SMA $76.84,True,3.63%,False,+-20.6%,True,21.1M,True,NYQ,False,
BMBLF,Brambles Limited,13.38,2026-10-09T01:34:07.370311+00:00,False,+23.5%,True,$17772.4M,,N/A,False,5.2K,False,$13.38 / SMA $13.69,False,1.09%,,N/A,False,1334.1M,False,PNK,False,
BMO,Bank of Montreal,160.7,2026-10-09T01:33:44.140199+00:00,False,+34.1%,True,$111701.3M,False,+-24.2%,True,761.7K,False,$160.70 / SMA $174.36,False,1.61%,False,+10.8%,False,696.3M,True,NYQ,False,
BN,Brookfield Corporation,36.77,2026-10-09T01:33:44.718537+00:00,False,+3.0%,True,$82083.6M,False,+-6.7%,True,4479.9K,False,$36.77 / SMA $40.06,False,1.81%,False,+7.3%,False,1733.4M,True,NYQ,False,
BNED,"Barnes & Noble Education, Inc.",11.94,2026-10-09T01:43:24.454741+00:00,True,+102.4%,True,$413.9M,True,+31.5%,False,272.9K,True,$11.94 / SMA $11.83,True,3.17%,False,+0.8%,True,18.6M,True,NYQ,False,
BNKHF,BOC Hong Kong (Holdings) Limited,5.95,2026-10-09T01:33:48.598264+00:00,False,+32.2%,True,$62908.0M,,N/A,False,0.0K,True,$5.95 / SMA $5.93,False,0.00%,,N/A,False,3588.1M,False,PNK,False,
BNTGF,Brenntag SE,64.81,2026-10-09T01:34:19.135491+00:00,False,+25.1%,True,$9357.6M,True,+310.0%,False,0.0K,False,$64.81 / SMA $68.82,False,0.00%,False,+10.2%,True,115.5M,False,PNK,False,
BNTGY,Brenntag SE,13.77,2026-10-09T01:34:18.935842+00:00,False,+35.2%,True,$9940.9M,True,+310.0%,False,20.0K,False,$13.77 / SMA $13.99,False,1.00%,False,+10.2%,False,577.5M,False,PNK,False,
BORAY,"Bora Pharmaceuticals Co., Ltd.",2.45,2026-10-09T01:39:41.071131+00:00,False,+2.5%,True,$312.5M,False,+-13.1%,False,0.1K,False,$2.45 / SMA $3.24,False,1.67%,False,+21.0%,False,371.5M,False,OQX,False,
BORR,Borr Drilling Limited,4.61,2026-10-09T01:39:38.822902+00:00,True,+88.9%,True,$1422.2M,False,+-664.3%,True,5434.0K,True,$4.61 / SMA $4.28,True,4.78%,False,+-13.2%,False,234.5M,True,NYQ,False,
BOW,Bowhead Specialty Holdings Inc.,34.1,2026-10-09T01:41:25.567780+00:00,False,+60.8%,True,$1123.4M,True,+33.3%,False,333.4K,True,$34.10 / SMA $33.55,False,0.39%,False,+23.0%,True,31.5M,True,NYQ,False,
BPCGF,"Banco Comercial Português, S.A.",1.3,2026-10-09T01:34:07.933559+00:00,False,+44.4%,True,$18907.7M,False,+1.4%,False,1.7K,True,$1.30 / SMA $1.29,False,0.00%,False,+4.7%,False,8777.6M,False,PNK,False,
BPCGY,"Banco Comercial Português, S.A.",13.97,2026-10-09T01:34:07.542784+00:00,False,+60.4%,True,$20318.6M,False,+1.4%,False,0.7K,True,$13.97 / SMA $13.46,False,2.18%,False,+4.7%,False,877.8M,False,PNK,False,
BPOP,"Popular, Inc.",155.79,2026-10-09T01:34:18.654018+00:00,False,+43.3%,True,$9936.1M,True,+40.8%,False,496.7K,False,$155.79 / SMA $166.53,False,1.76%,False,+9.8%,True,62.0M,True,NMS,False,
BRAI,Braiin Limited,4.34,2026-10-09T01:39:42.071308+00:00,False,+3.7%,True,$894.4M,,N/A,False,210.5K,False,$4.34 / SMA $5.45,True,7.42%,,N/A,True,40.0M,True,NGM,False,
BRBI,BRBI BR Partners S.A.,14.81,2026-10-09T01:41:27.961718+00:00,False,+62.9%,True,$388.7M,False,+-21.4%,False,0.7K,True,$14.81 / SMA $10.88,False,0.70%,False,+-31.4%,True,26.2M,True,NCM,False,
BRDCF,Bridgestone Corporation,22.76,2026-10-09T01:33:58.384836+00:00,False,+25.7%,True,$28096.5M,,N/A,False,1.0K,False,$22.76 / SMA $24.92,False,2.18%,,N/A,False,1211.7M,False,PNK,False,
BRELY,Brazilian Rare Earths Limited,12.11,2026-10-09T01:39:44.571783+00:00,False,+3.2%,True,$678.5M,,N/A,False,0.3K,False,$12.11 / SMA $13.01,False,2.22%,,N/A,True,19.5M,False,OQX,False,
BRKR,Bruker Corporation,57.92,2026-10-09T01:35:58.345497+00:00,True,+78.9%,True,$8824.7M,False,+-920.0%,True,2228.3K,False,$57.92 / SMA $58.80,True,5.23%,False,+5.2%,True,103.7M,True,NMS,False,
BRLGF,Dominion Lending Centres Inc.,5.67,2026-10-09T01:43:10.960550+00:00,False,+0.0%,True,$436.7M,False,+-10.0%,False,0.0K,False,$5.67 / SMA $6.03,False,0.00%,False,+1.3%,True,35.4M,False,PNK,False,
BRRLY,Barry Callebaut AG,12.565,2026-10-09T01:34:22.356942+00:00,False,+1.9%,True,$6889.0M,,N/A,False,23.7K,False,$12.56 / SMA $13.60,False,2.63%,,N/A,False,380.9M,False,PNK,False,
BRZE,"Braze, Inc.",28.46,2026-10-09T01:37:55.366375+00:00,True,+86.5%,True,$3232.6M,True,+34.6%,True,2519.1K,True,$28.46 / SMA $27.72,True,5.32%,True,+26.2%,True,94.1M,True,NMS,True,
BSAC,Banco Santander-Chile,31.94,2026-10-09T01:34:10.064489+00:00,False,+21.6%,True,$15047.4M,True,+40.0%,False,312.0K,False,$31.94 / SMA $34.51,False,2.24%,False,+13.6%,False,309.3M,True,NYQ,False,
BSBR,Banco Santander (Brasil) S.A.,5.82,2026-10-09T01:34:04.360627+00:00,False,+17.8%,True,$43577.4M,False,+-7.1%,True,3836.6K,True,$5.82 / SMA $5.76,False,2.15%,False,+-3.0%,False,1870.1M,True,NYQ,False,
BSDGY,Bosideng International Holdings Limited,24.25,2026-10-09T01:36:01.741805+00:00,False,+5.5%,True,$5639.9M,,N/A,False,0.0K,False,$24.25 / SMA $27.58,False,0.00%,,N/A,True,104.0M,False,PNK,False,
BSY,"Bentley Systems, Incorporated",34.82,2026-10-09T01:34:17.891808+00:00,False,+24.0%,True,$10518.9M,False,+13.6%,True,2606.2K,True,$34.82 / SMA $34.28,True,3.59%,False,+12.8%,False,155.8M,True,NMS,False,
BTDPY,Barratt Redrow plc,7.77,2026-10-09T01:36:08.131921+00:00,False,+21.8%,True,$5336.0M,,N/A,False,27.3K,False,$7.77 / SMA $8.30,False,1.62%,,N/A,False,663.2M,False,PNK,False,
BTT,Blackrock Municipal 2030 Target Term Trust,21.67,2026-10-09T01:39:42.127361+00:00,False,+1.7%,True,$1378.8M,,N/A,False,90.7K,False,$21.67 / SMA $22.25,False,0.96%,,N/A,,N/A,True,NYQ,False,
BULL,Webull Corporation,5.95,2026-10-09T01:37:50.487189+00:00,False,+32.2%,True,$3211.2M,True,+103.3%,True,14062.1K,False,$5.95 / SMA $8.07,True,5.16%,True,+51.2%,False,322.3M,True,NCM,False,
BV,"BrightView Holdings, Inc.",10.46,2026-10-09T01:39:46.865569+00:00,False,+6.6%,True,$968.6M,False,+-120.0%,True,1061.4K,False,$10.46 / SMA $11.10,False,2.98%,False,+1.3%,True,67.9M,True,NYQ,False,
BVHMY,Vistry Group PLC,3.01,2026-10-09T01:39:47.477825+00:00,False,+3.4%,True,$956.8M,,N/A,False,0.3K,False,$3.01 / SMA $3.61,False,0.68%,,N/A,False,222.6M,False,PNK,False,
BVS,Bioventus Inc.,12.69,2026-10-09T01:41:29.635028+00:00,True,+99.2%,True,$866.8M,True,+327.3%,True,614.8K,False,$12.69 / SMA $13.69,True,3.58%,False,+3.8%,True,34.3M,True,NMS,False,
BVVBY,Bureau Veritas SA,58.94,2026-10-09T01:34:11.114019+00:00,False,+2.8%,True,$13081.7M,,N/A,False,18.6K,False,$58.94 / SMA $63.17,False,0.90%,,N/A,False,171.8M,False,PNK,False,
BWB,"Bridgewater Bancshares, Inc.",20.38,2026-10-09T01:41:38.455240+00:00,False,+26.9%,True,$568.3M,False,+18.4%,False,142.2K,False,$20.38 / SMA $21.14,False,2.42%,False,+13.9%,True,22.5M,True,NCM,False,
BZLYF,Beazley PLC,17.27,2026-10-09T01:34:18.146806+00:00,True,+73.3%,True,$10305.9M,,N/A,False,0.8K,False,$17.27 / SMA $17.35,False,0.46%,,N/A,False,531.6M,False,PNK,False,
BZZUY,Buzzi S.p.A.,20.5,2026-10-09T01:34:19.557929+00:00,False,+0.0%,True,$7237.0M,,N/A,False,2.4K,False,$20.50 / SMA $22.98,False,2.71%,,N/A,True,106.2M,False,PNK,False,
CAC,Camden National Corporation,56.38,2026-10-09T01:41:27.789850+00:00,False,+61.1%,True,$952.7M,True,+62.7%,False,94.6K,False,$56.38 / SMA $57.41,False,2.26%,False,+8.5%,True,16.5M,True,NMS,False,
CAH,"Cardinal Health, Inc.",238.96,2026-10-09T01:33:51.482472+00:00,False,+57.3%,True,$55333.4M,True,+70.0%,True,1912.3K,True,$238.96 / SMA $232.57,False,2.42%,False,+5.8%,False,232.0M,True,NYQ,False,
CALY,Callaway Golf Company,13.87,2026-10-09T01:37:55.082585+00:00,False,+65.3%,True,$2475.9M,True,+281.8%,True,1949.1K,False,$13.87 / SMA $15.75,False,2.51%,False,+2.0%,False,154.7M,True,NYQ,False,
CAPL,CrossAmerica Partners LP,21.58,2026-10-09T01:41:26.980405+00:00,False,+9.7%,True,$823.8M,False,+-18.8%,False,37.9K,False,$21.58 / SMA $22.45,False,2.36%,False,+22.6%,True,18.3M,True,NYQ,False,
CASBF,CanSino Biologics Inc.,4.9,2026-10-09T01:39:39.435161+00:00,True,+88.5%,True,$1210.5M,,N/A,False,0.1K,True,$4.90 / SMA $3.76,False,0.37%,,N/A,False,160.0M,False,PNK,False,
CASH,"Pathward Financial, Inc.",72.09,2026-10-09T01:39:38.298331+00:00,False,+9.4%,True,$1497.6M,False,+-24.3%,False,219.5K,False,$72.09 / SMA $80.54,False,2.21%,False,+-0.4%,True,20.5M,True,NMS,False,
CB,Chubb Limited,343.78,2026-10-09T01:33:43.220425+00:00,False,+29.6%,True,$132630.3M,False,+-0.7%,True,1767.7K,True,$343.78 / SMA $340.16,False,1.46%,False,+7.2%,False,349.9M,True,NYQ,False,
CBLL,CBLL,23.15,2026-10-09T01:41:31.455231+00:00,True,+113.4%,True,$888.5M,False,+-34.2%,False,368.9K,True,$23.15 / SMA $23.13,True,3.87%,True,+32.5%,True,26.5M,True,NMS,False,
CBYDF,Corby Spirit and Wine Limited,10.88,2026-10-09T01:43:26.627627+00:00,False,+13.6%,True,$309.7M,,N/A,False,0.6K,False,$10.88 / SMA $11.16,False,0.21%,False,+-1.3%,True,15.8M,False,PNK,False,
CCAP,"Crescent Capital BDC, Inc.",9.09,2026-10-09T01:43:16.509280+00:00,False,+2.6%,True,$334.9M,False,+-122.0%,False,261.9K,False,$9.09 / SMA $9.99,False,2.10%,False,+-100.5%,,N/A,True,NGM,False,
CCBG,"Capital City Bank Group, Inc.",48.61,2026-10-09T01:41:29.136591+00:00,False,+27.0%,True,$831.9M,False,+8.0%,False,76.5K,False,$48.61 / SMA $50.61,False,1.76%,False,+2.7%,True,13.7M,True,NMS,False,
CCEC,Capital Clean Energy Carriers Corp.,20.8,2026-10-09T01:39:43.863738+00:00,False,+24.0%,True,$1252.4M,False,+-5.9%,False,7.9K,False,$20.80 / SMA $22.12,False,2.98%,False,+8.5%,True,7.6M,True,NMS,False,
CCEP,Coca-Cola Europacific Partners PLC,103.64,2026-10-09T01:33:52.897256+00:00,False,+22.4%,True,$45565.5M,,N/A,True,1797.8K,False,$103.64 / SMA $105.23,False,1.86%,,N/A,False,196.9M,True,NMS,False,
CCII,Cohen Circle Acquisition Corp. II,10.29,2026-10-09T01:43:20.850623+00:00,False,+1.7%,True,$357.0M,True,+5614.7%,False,54.0K,False,$10.29 / SMA $10.32,False,0.09%,,N/A,True,21.2M,True,NGM,False,
CCPPF,Shaftesbury Capital PLC,1.705,2026-10-09T01:37:49.037946+00:00,False,+0.0%,True,$3121.4M,,N/A,False,0.1K,False,$1.71 / SMA $1.80,False,0.00%,,N/A,False,1346.2M,False,PNK,False,
CCRDF,"Yokohama Financial Group, Inc.",12.13,2026-10-09T01:34:13.852762+00:00,False,+65.5%,True,$13464.0M,,N/A,False,0.3K,True,$12.13 / SMA $-7.25,,N/A,,N/A,False,1111.3M,False,PNK,False,
CCSI,"Consensus Cloud Solutions, Inc.",36.62,2026-10-09T01:41:38.666655+00:00,True,+81.3%,True,$671.1M,True,+33.6%,False,149.7K,False,$36.62 / SMA $36.74,True,3.57%,False,+4.1%,True,15.7M,True,NMS,False,
CCU,Compañía Cervecerías Unidas S.A.,11.09,2026-10-09T01:38:00.535497+00:00,False,+8.2%,,N/A,False,+-84.6%,False,143.2K,False,$11.09 / SMA $11.55,False,2.64%,False,+4.8%,True,60.2M,True,NYQ,False,
CCXI,Churchill Capital Corp XI,11.04,2026-10-09T01:41:36.180243+00:00,False,+9.6%,True,$614.9M,,N/A,True,2592.7K,False,$11.04 / SMA $13.75,True,5.40%,,N/A,True,35.0M,True,NGM,False,
CDNTF,"Canadian Tire Corporation, Limited",153.73,2026-10-09T01:34:23.267353+00:00,False,+2.4%,True,$8017.5M,True,+444.8%,False,0.0K,False,$153.73 / SMA $155.63,False,0.00%,False,+24.5%,True,48.1M,False,PNK,False,
CDP,COPT Defense Properties,33.47,2026-10-09T01:34:25.705095+00:00,False,+23.7%,True,$3877.3M,False,+17.6%,True,876.7K,False,$33.47 / SMA $35.37,False,1.82%,False,+3.9%,True,112.1M,True,NYQ,False,
CDW,CDW Corporation,139.88,2026-10-09T01:34:10.557770+00:00,False,+44.0%,True,$17487.4M,False,+4.9%,True,1746.3K,False,$139.88 / SMA $141.83,True,3.70%,False,+10.0%,True,124.5M,True,NMS,False,
CDZIP,Cadiz Inc.,21.36,2026-10-09T01:43:20.995315+00:00,False,+13.5%,,N/A,,N/A,False,5.8K,False,$21.36 / SMA $21.63,False,2.11%,False,+-76.3%,True,56.9M,True,NGM,False,
CEIEF,Coelacanth Energy Inc.,0.4845,2026-10-09T01:43:17.969853+00:00,False,+6.5%,True,$307.1M,True,+163.8%,False,31.3K,False,$0.48 / SMA $0.52,False,1.76%,True,+380.5%,False,332.2M,False,PNK,False,
CELH,"Celsius Holdings, Inc.",27.4,2026-10-09T01:34:24.244128+00:00,False,+16.3%,True,$6933.2M,False,+-57.6%,True,9182.9K,False,$27.40 / SMA $29.28,True,3.63%,False,+10.6%,False,216.2M,True,NCM,False,
CEPF,"Cantor Equity Partners IV, Inc.",10.27,2026-10-09T01:41:35.848938+00:00,False,+1.4%,True,$586.9M,True,+23278.8%,False,67.6K,False,$10.27 / SMA $10.36,False,0.21%,,N/A,True,41.3M,True,NGM,False,
CERS,Cerus Corporation,2.28,2026-10-09T01:41:37.302059+00:00,False,+65.2%,True,$459.5M,True,+66.7%,True,2132.1K,False,$2.28 / SMA $2.55,True,4.09%,False,+9.5%,False,195.3M,True,NGM,False,
CEVA,"CEVA, Inc.",33.66,2026-10-09T01:39:48.233898+00:00,True,+97.8%,True,$947.7M,True,+33.3%,True,762.1K,True,$33.66 / SMA $31.29,True,4.57%,False,+13.1%,True,25.6M,True,NMS,False,
CEVMY,CTS Eventim AG & Co. KGaA,15.055,2026-10-09T01:36:01.234488+00:00,False,+17.0%,True,$5780.6M,True,+31.1%,False,0.6K,False,$15.05 / SMA $16.12,False,0.17%,False,+13.0%,False,194.5M,False,PNK,False,
CGC,Canopy Growth Corporation,0.8468,2026-10-09T01:43:13.109526+00:00,False,+4.5%,True,$380.5M,True,+86.4%,True,2747.9K,False,$0.85 / SMA $0.96,True,3.44%,False,+12.5%,False,422.1M,True,NMS,False,
CGCT,CGCT,,2026-10-09T01:43:23.066610+00:00,False,N/A,False,N/A,False,N/A,False,N/A,False,N/A,False,N/A,False,N/A,False,N/A,False,Unknown,False,No price data available
CGEAF,Cogeco Communications Inc.,36.7,2026-10-09T01:38:01.978007+00:00,False,+1.7%,True,$1541.9M,False,+-1934.1%,False,10.2K,False,$36.70 / SMA $41.52,False,0.60%,False,+-4.9%,True,29.8M,False,PNK,False,
CHKGF,CK Asset Holdings Limited,5.998,2026-10-09T01:34:03.613611+00:00,False,+36.6%,True,$20991.7M,,N/A,False,1.6K,False,$6.00 / SMA $6.03,False,1.12%,,N/A,False,1893.9M,False,PNK,False,
CHSCO,CHS Inc.,25.48,2026-10-09T01:43:22.651306+00:00,False,+0.4%,,N/A,,N/A,False,17.0K,True,$25.48 / SMA $25.47,False,0.79%,,N/A,,N/A,True,NMS,False,
CHVKF,"China Vanke Co., Ltd.",0.34759,2026-10-09T01:35:58.863743+00:00,False,+17.8%,True,$5728.8M,,N/A,False,1.6K,True,$0.35 / SMA $0.32,False,0.58%,False,+-38.7%,False,8678.3M,False,PNK,False,
CHXMF,Troilus Mining Corp.,1.24,2026-10-09T01:41:31.053759+00:00,False,+40.9%,True,$700.4M,False,+-100.0%,False,237.6K,False,$1.24 / SMA $1.47,True,5.61%,,N/A,False,535.2M,False,OQX,False,
CIG,Companhia Energética de Minas Gerais - CEMIG,2.36,2026-10-09T01:34:25.328855+00:00,False,+26.2%,True,$6751.2M,False,+-20.5%,True,5003.8K,True,$2.36 / SMA $2.10,False,2.66%,False,+3.2%,False,2373.1M,True,NYQ,False,
CIGI,Colliers International Group Inc.,86.44,2026-10-09T01:36:07.613102+00:00,False,+3.3%,True,$4417.4M,True,+600.0%,False,238.0K,False,$86.44 / SMA $97.04,True,3.13%,False,+16.7%,True,40.4M,True,NMS,False,
CIHHF,"China Merchants Bank Co., Ltd.",6.84,2026-10-09T01:33:42.709411+00:00,False,+21.7%,True,$172503.7M,,N/A,False,4.0K,True,$6.84 / SMA $6.44,False,0.23%,False,+4.9%,False,15441.6M,False,PNK,False,
CIMN,CIMN,25.01,2026-10-09T01:39:48.046786+00:00,False,+2.6%,,N/A,,N/A,False,9.7K,False,$25.01 / SMA $25.10,False,0.42%,,N/A,,N/A,True,NYQ,False,
CITAF,"COSCO SHIPPING Development Co., Ltd.",0.11464,2026-10-09T01:36:11.535613+00:00,False,+11.3%,True,$1508.2M,,N/A,False,0.1K,True,$0.11 / SMA $0.09,False,0.67%,True,+40.9%,False,6782.6M,False,PNK,False,
CIVB,"Civista Bancshares, Inc.",26.94,2026-10-09T01:41:38.314083+00:00,False,+35.9%,True,$560.2M,False,+-2.8%,False,139.4K,False,$26.94 / SMA $27.57,False,2.05%,False,+15.1%,True,20.3M,True,NCM,False,
CKHGY,Capitec Limited,123.63,2026-10-09T01:33:57.205465+00:00,False,+16.4%,True,$28638.3M,,N/A,False,2.0K,False,$123.63 / SMA $141.77,False,1.96%,,N/A,False,173.8M,False,PNK,False,
CLDHF,CapitaLand China Trust,0.4831,2026-10-09T01:41:26.984398+00:00,False,+0.0%,True,$848.9M,,N/A,False,0.1K,False,$0.48 / SMA $0.48,False,0.00%,,N/A,False,1299.1M,False,PNK,False,
CLDX,"Celldex Therapeutics, Inc.",29.3,2026-10-09T01:37:58.009478+00:00,False,+32.6%,True,$2300.9M,False,+-10.6%,True,1270.9K,False,$29.30 / SMA $37.87,True,5.83%,False,+-97.0%,True,73.0M,True,NCM,False,
CLPBY,Coloplast A/S,6.45,2026-10-09T01:34:10.543854+00:00,False,+14.4%,True,$14536.2M,True,+60.2%,False,212.8K,False,$6.45 / SMA $6.71,False,1.66%,False,+6.1%,False,1445.7M,False,PNK,False,
CLS,Celestica Inc.,356.53,2026-10-09T01:33:52.876030+00:00,False,+49.7%,True,$44962.4M,True,+76.2%,True,2505.2K,True,$356.53 / SMA $334.14,True,5.02%,True,+62.4%,True,114.1M,True,NYQ,False,
CLYM,"Climb Bio, Inc.",10.86,2026-10-09T01:41:33.983952+00:00,True,+564.2%,True,$623.8M,False,+-38.5%,True,1376.0K,False,$10.86 / SMA $13.93,True,6.49%,,N/A,True,38.7M,True,NGM,False,
CMC,Commercial Metals Company,63.1,2026-10-09T01:34:23.708667+00:00,False,+18.9%,,N/A,True,+112.3%,True,1100.9K,False,$63.10 / SMA $67.70,False,2.73%,False,+22.9%,True,109.8M,True,NYQ,False,
CMI,Cummins Inc.,520.4,2026-10-09T01:33:45.692858+00:00,False,+29.9%,True,$71640.6M,False,+4.7%,True,1016.8K,False,$520.40 / SMA $570.43,False,2.46%,False,+9.4%,True,137.1M,True,NYQ,False,
CMII,Columbus Circle Capital Corp II,10.06,2026-10-09T01:43:26.083548+00:00,False,+3.1%,True,$315.2M,True,+5982.4%,False,172.9K,False,$10.06 / SMA_short $10.06,,N/A,,N/A,True,19.7M,True,NGM,False,
CMOPF,Cosmo N.V.,62.465,2026-10-09T01:39:38.993967+00:00,False,+0.0%,True,$1073.8M,,N/A,False,0.3K,False,$62.47 / SMA $70.44,False,2.58%,,N/A,True,9.7M,False,PNK,False,
CMP,"Compass Minerals International, Inc.",23.08,2026-10-09T01:39:44.739263+00:00,False,+40.7%,True,$968.9M,True,+68.3%,False,418.4K,False,$23.08 / SMA $24.96,False,2.79%,False,+0.3%,True,39.3M,True,NYQ,False,
CMPR,Cimpress plc,74.28,2026-10-09T01:37:57.165594+00:00,False,+22.6%,True,$1808.7M,,N/A,False,187.4K,False,$74.28 / SMA $86.59,True,3.36%,False,+8.7%,True,15.0M,True,NMS,False,
CMXHF,CSL Limited,126.03,2026-10-09T01:33:56.032840+00:00,True,+97.4%,True,$60479.8M,,N/A,False,0.8K,True,$126.03 / SMA $114.93,False,0.16%,,N/A,False,478.5M,False,OQX,False,
CNGKY,CK Asset Holdings Limited,11.63,2026-10-09T01:34:02.000983+00:00,False,+26.6%,True,$20351.2M,,N/A,False,5.4K,False,$11.63 / SMA $11.81,True,3.10%,,N/A,False,946.9M,False,PNK,False,
CNH,CNH Industrial N.V.,12.13,2026-10-09T01:34:13.300627+00:00,False,+34.8%,True,$19507.0M,False,+-35.3%,True,17825.6K,False,$12.13 / SMA $12.25,True,3.79%,False,+2.0%,False,1233.3M,True,NYQ,False,
CNK,"Cinemark Holdings, Inc.",36.77,2026-10-09T01:37:51.884649+00:00,True,+70.2%,True,$4262.1M,,N/A,True,2367.1K,True,$36.77 / SMA $36.40,True,3.30%,False,+15.5%,True,102.3M,True,NYQ,False,
CNMD,CONMED Corporation,45.11,2026-10-09T01:39:47.780109+00:00,False,+43.5%,True,$1351.1M,False,+11.6%,False,482.6K,False,$45.11 / SMA $48.06,True,3.20%,False,+0.3%,True,29.7M,True,NYQ,False,
COCO,"The Vita Coco Company, Inc.",55.98,2026-10-09T01:36:10.206539+00:00,False,+47.0%,True,$3239.2M,True,+115.8%,True,1200.1K,False,$55.98 / SMA $59.59,True,4.90%,True,+28.1%,True,51.9M,True,NMS,False,
COIHY,Croda International Plc,22.1,2026-10-09T01:36:04.441841+00:00,False,+32.5%,True,$6159.5M,,N/A,False,6.6K,True,$22.10 / SMA $21.95,False,0.64%,,N/A,False,255.8M,False,PNK,False,
CORT,Corcept Therapeutics Incorporated,118.54,2026-10-09T01:36:00.509343+00:00,True,+313.6%,True,$12814.0M,False,+24.1%,True,1299.5K,True,$118.54 / SMA $115.12,True,4.83%,True,+31.7%,True,96.4M,True,NCM,False,
COVCF,COVER Corporation,9.5,2026-10-09T01:41:31.116348+00:00,False,+30.1%,True,$605.8M,,N/A,False,0.2K,False,$9.50 / SMA $10.09,False,0.04%,,N/A,True,37.1M,False,PNK,False,
CPYYF,Centrica plc,2.0,2026-10-09T01:34:14.450271+00:00,False,+3.1%,True,$9058.2M,,N/A,False,0.3K,False,$2.00 / SMA $2.08,False,0.15%,,N/A,False,4230.4M,False,PNK,False,
CRAN,Crane Harbor Acquisition Corp. II,10.1,2026-10-09T01:43:20.391092+00:00,False,+10.6%,True,$473.7M,,N/A,False,48.6K,False,$10.10 / SMA $10.13,False,0.54%,,N/A,True,29.3M,True,NGM,False,
CRARF,Crédit Agricole S.A.,18.23,2026-10-09T01:33:48.889358+00:00,False,+0.7%,True,$55297.8M,False,+5.4%,False,0.7K,False,$18.23 / SMA $21.16,False,0.17%,False,+-3.6%,False,883.4M,False,PNK,False,
CRD.A,CRD.A,,2026-10-09T01:41:39.328780+00:00,False,N/A,False,N/A,False,N/A,False,N/A,False,N/A,False,N/A,False,N/A,False,N/A,False,Unknown,False,No price data available
CRERF,Carrefour SA,18.5,2026-10-09T01:34:10.303517+00:00,False,+30.3%,True,$13090.8M,,N/A,False,0.2K,True,$18.50 / SMA $18.44,False,0.00%,,N/A,False,588.4M,False,PNK,False,
CRHKY,China Resources Beer (Holdings) Company Limited,4.85,2026-10-09T01:34:16.996628+00:00,False,+8.3%,True,$7866.7M,,N/A,False,295.7K,False,$4.85 / SMA $5.08,False,2.62%,,N/A,False,779.8M,False,PNK,False,
CRK,"Comstock Resources, Inc.",13.71,2026-10-09T01:36:12.531542+00:00,False,+13.1%,True,$4025.5M,False,+-93.2%,True,2551.2K,False,$13.71 / SMA $13.82,True,4.73%,False,+-25.2%,True,63.5M,True,NYQ,False,
CRLFF,Cardinal Energy Ltd.,8.95,2026-10-09T01:39:40.251907+00:00,True,+75.5%,True,$1573.0M,True,+280.0%,False,466.5K,True,$8.95 / SMA $8.49,False,2.21%,True,+81.3%,True,136.6M,False,PNK,False,
CRM,"Salesforce, Inc.",227.8,2026-10-09T01:33:42.676503+00:00,False,+55.7%,True,$187479.4M,True,+118.9%,True,13393.0K,True,$227.80 / SMA $223.80,True,3.18%,False,+10.8%,False,797.5M,True,NYQ,False,
CRNC,Cerence Inc.,8.34,2026-10-09T01:43:14.558441+00:00,False,+42.6%,True,$377.2M,True,+150.0%,True,691.4K,True,$8.34 / SMA $8.32,True,4.27%,False,+11.8%,True,43.9M,True,NMS,False,
CRNCY,Capricorn Energy PLC,11.01,2026-10-09T01:43:27.266901+00:00,True,+134.3%,True,$378.0M,,N/A,False,0.1K,True,$11.01 / SMA $10.27,False,0.42%,,N/A,True,19.6M,False,PNK,False,
CRPAY,"Corporación Acciona Energías Renovables, S.A.",12.33,2026-10-09T01:34:20.778046+00:00,False,+2.8%,True,$8003.4M,,N/A,False,0.0K,True,$12.33 / SMA $12.33,False,0.00%,,N/A,True,57.1M,False,PNK,False,
CRUS,"Cirrus Logic, Inc.",113.2,2026-10-09T01:34:21.544792+00:00,False,+6.5%,True,$5673.3M,True,+28.9%,True,803.8K,False,$113.20 / SMA $118.51,True,3.33%,False,+12.9%,True,49.6M,True,NMS,False,
CRVS,"Corvus Pharmaceuticals, Inc.",10.21,2026-10-09T01:39:49.431934+00:00,False,+59.8%,True,$858.9M,False,+-90.0%,True,973.3K,False,$10.21 / SMA $13.28,True,5.79%,,N/A,True,72.6M,True,NGM,False,
CSHR,CoinShares PLC,4.63,2026-10-09T01:41:31.917845+00:00,False,+31.9%,True,$610.1M,,N/A,False,265.9K,False,$4.63 / SMA $5.33,True,6.79%,,N/A,True,44.6M,True,NMS,False,
CSL,Carlisle Companies Incorporated,321.25,2026-10-09T01:34:11.688046+00:00,False,+9.5%,True,$12758.2M,False,+7.1%,True,548.6K,False,$321.25 / SMA $347.01,False,2.99%,False,+8.3%,True,39.1M,True,NYQ,False,
CSPKF,COSCO SHIPPING Ports Limited,0.64123,2026-10-09T01:37:55.009285+00:00,False,+0.0%,True,$2575.6M,,N/A,False,0.0K,True,$0.64 / SMA $0.54,False,0.00%,,N/A,False,1154.7M,False,PNK,False,
CSR,Centerspace,54.91,2026-10-09T01:39:47.276718+00:00,False,+5.6%,True,$971.8M,True,+92.0%,False,229.2K,True,$54.91 / SMA $54.37,False,1.99%,False,+-4.0%,True,15.4M,True,NYQ,False,
CTVA,"Corteva, Inc.",13.75,2026-10-09T01:33:50.036444+00:00,False,+51.4%,True,$9173.9M,False,+-9.9%,True,34626.1K,True,$13.75 / SMA $12.26,True,4.88%,,N/A,False,666.8M,True,NYQ,False,
CUBE,CUBE,37.51,2026-10-09T01:34:20.597909+00:00,False,+6.9%,True,$8490.6M,,N/A,True,2379.7K,False,$37.51 / SMA $39.30,False,1.90%,False,+1.5%,False,210.8M,True,NYQ,False,
CURB,Curbline Properties Corp.,27.22,2026-10-09T01:37:52.706640+00:00,False,+22.3%,True,$3131.3M,False,+-39.2%,True,1402.8K,False,$27.22 / SMA $29.09,False,1.97%,True,+52.9%,True,107.2M,True,NYQ,False,
CVCCF,CVC Capital Partners plc,13.6,2026-10-09T01:34:07.135879+00:00,False,+8.8%,True,$14813.0M,,N/A,False,0.2K,False,$13.60 / SMA $15.92,False,0.00%,,N/A,False,935.3M,False,PNK,False,
CVGW,CVGW,,2026-10-09T01:43:13.288157+00:00,False,N/A,False,N/A,False,N/A,False,N/A,False,N/A,False,N/A,False,N/A,False,N/A,False,Unknown,False,No price data available
CWH,"Camping World Holdings, Inc.",4.48,2026-10-09T01:41:30.276984+00:00,False,+13.0%,False,$285.9M,False,+-12.5%,True,2133.6K,False,$4.48 / SMA $5.98,True,6.58%,False,+-2.1%,True,54.0M,True,NYQ,False,
CXDO,"Crexendo, Inc.",5.92,2026-10-09T01:43:25.965008+00:00,False,+6.8%,False,$196.9M,False,+-25.0%,False,359.2K,False,$5.92 / SMA $6.17,True,3.18%,True,+48.9%,True,21.7M,True,NCM,False,
CXIIU,Churchill Capital Corp XII,10.8,2026-10-09T01:43:19.940481+00:00,False,+7.1%,,N/A,,N/A,False,18.0K,False,$10.80 / SMA $11.05,False,0.88%,,N/A,True,41.8M,True,NGM,False,
CYAGF,"CyberAgent, Inc.",8.064,2026-10-09T01:36:10.731817+00:00,False,+11.3%,True,$4089.2M,,N/A,False,0.0K,True,$8.06 / SMA $-9.53,,N/A,,N/A,False,409.3M,False,PNK,False,
CYGIY,"CyberAgent, Inc.",3.9,2026-10-09T01:36:10.211527+00:00,False,+4.0%,True,$3955.4M,,N/A,False,0.0K,False,$3.90 / SMA $4.14,False,0.06%,,N/A,False,818.6M,False,PNK,False,
CYRBY,Cyrela Brazil Realty S.A. Empreendimentos e Participações,6.74,2026-10-09T01:39:36.646146+00:00,True,+84.7%,True,$2432.3M,False,+16.4%,False,15.7K,True,$6.74 / SMA $4.95,True,6.82%,False,+17.7%,False,266.4M,False,PNK,False,
CYRX,"Cryoport, Inc.",16.9,2026-10-09T01:41:31.768269+00:00,True,+122.1%,True,$856.0M,False,+-109.8%,True,632.6K,True,$16.90 / SMA $16.23,True,3.57%,False,+7.7%,True,45.9M,True,NCM,False,
CZMWY,Carl Zeiss Meditec AG,34.94,2026-10-09T01:37:55.486278+00:00,False,+31.1%,True,$3058.5M,,N/A,False,2.9K,False,$34.94 / SMA $35.70,False,1.31%,,N/A,True,34.2M,False,PNK,False,
D,"Dominion Energy, Inc.",61.75,2026-10-09T01:33:48.763102+00:00,False,+10.6%,True,$54310.7M,False,+-58.0%,True,4169.1K,False,$61.75 / SMA $64.87,False,1.64%,False,+17.6%,False,877.8M,True,NYQ,False,
DAN,Dana Incorporated,29.02,2026-10-09T01:37:47.220900+00:00,False,+63.6%,True,$3121.9M,False,+-126.3%,True,1394.9K,False,$29.02 / SMA $29.44,True,3.29%,False,+3.9%,True,105.9M,True,NYQ,False,
DAR,Darling Ingredients Inc.,62.25,2026-10-09T01:34:19.820171+00:00,True,+113.6%,True,$9823.2M,True,+2912.5%,True,2336.4K,False,$62.25 / SMA $63.59,True,3.61%,False,+16.4%,False,155.6M,True,NYQ,False,
DASTY,Dassault Systèmes SE,24.44,2026-10-09T01:33:56.809416+00:00,False,+28.7%,True,$32115.5M,,N/A,False,162.6K,False,$24.44 / SMA $24.63,False,1.76%,False,+2.1%,False,1204.7M,False,PNK,False,
DBCA,D. Boral Acquisition I Corp.,10.02,2026-10-09T01:43:15.910246+00:00,False,+1.9%,True,$433.6M,,N/A,False,76.2K,True,$10.02 / SMA $10.02,False,0.11%,,N/A,True,28.7M,True,NGM,False,
DBI,Designer Brands Inc.,5.79,2026-10-09T01:43:20.513361+00:00,True,+86.2%,False,$296.0M,True,+47.6%,True,581.6K,False,$5.79 / SMA $5.94,True,5.61%,False,+-1.2%,True,29.1M,True,NYQ,False,
DBSDF,DBS Group Holdings Ltd,60.51,2026-10-09T01:33:42.992687+00:00,False,+60.0%,True,$172090.5M,,N/A,False,5.1K,True,$60.51 / SMA $60.28,True,4.03%,False,+3.2%,False,2041.6M,False,PNK,False,
DC,Dakota Gold Corp.,5.91,2026-10-09T01:41:31.876109+00:00,False,+55.9%,True,$793.0M,False,+0.0%,True,1373.4K,False,$5.91 / SMA $5.97,True,4.93%,,N/A,True,124.1M,True,ASE,False,
DCBO,Docebo Inc.,24.26,2026-10-09T01:41:39.427394+00:00,False,+68.6%,True,$605.2M,False,+-20.0%,False,70.2K,True,$24.26 / SMA $23.42,True,3.06%,False,+13.0%,True,8.7M,True,NMS,False,
DCI,"Donaldson Company, Inc.",87.16,2026-10-09T01:34:18.904699+00:00,False,+9.7%,True,$10094.9M,False,+13.4%,True,672.3K,False,$87.16 / SMA $91.09,False,1.84%,,N/A,True,115.1M,True,NYQ,False,
DCO,Ducommun Incorporated,168.3,2026-10-09T01:37:59.829383+00:00,True,+98.6%,True,$2541.3M,True,+59.8%,False,244.3K,False,$168.30 / SMA $179.47,True,3.83%,False,+11.8%,True,14.5M,True,NYQ,False,
DD,"DuPont de Nemours, Inc.",132.48,2026-10-09T01:34:04.555785+00:00,False,+43.2%,True,$17890.5M,True,+150.0%,True,1301.0K,False,$132.48 / SMA $134.63,False,1.84%,False,+4.0%,True,134.5M,True,NYQ,False,
DDD,3D Systems Corporation,3.35,2026-10-09T01:43:13.621305+00:00,True,+97.1%,True,$556.6M,True,+89.3%,True,2643.4K,False,$3.35 / SMA $3.41,True,5.59%,False,+1.1%,False,160.5M,True,NYQ,False,
DDOG,"Datadog, Inc.",273.8,2026-10-09T01:33:46.569730+00:00,True,+179.4%,True,$98314.7M,True,+1100.0%,True,4097.8K,True,$273.80 / SMA $246.38,True,4.28%,True,+35.6%,False,333.0M,True,NMS,False,
DEA,"Easterly Government Properties, Inc.",23.22,2026-10-09T01:39:48.291521+00:00,False,+12.9%,True,$1137.9M,False,+-33.3%,False,404.7K,False,$23.22 / SMA $23.99,False,1.85%,False,+9.7%,True,44.7M,True,NYQ,False,
DELHY,Delivery Hero SE,4.04,2026-10-09T01:34:14.878950+00:00,True,+140.5%,True,$12380.6M,,N/A,False,91.8K,False,$4.04 / SMA $4.18,False,1.50%,,N/A,False,2549.7M,False,PNK,False,
DEUZF,DEUTZ Aktiengesellschaft,13.15,2026-10-09T01:39:38.873329+00:00,False,+48.5%,True,$2007.2M,,N/A,False,0.1K,True,$13.15 / SMA $12.60,False,0.23%,False,+19.7%,True,140.0M,False,PNK,False,
DFDDF,DFDS A/S,21.5,2026-10-09T01:39:44.955197+00:00,False,+51.7%,True,$1161.4M,True,+149.8%,False,0.0K,True,$21.50 / SMA $21.28,False,0.00%,False,+13.9%,True,53.9M,False,PNK,False,
DFH,"Dream Finders Homes, Inc.",9.6,2026-10-09T01:39:43.881747+00:00,False,+5.0%,True,$869.1M,False,+-51.8%,True,788.5K,False,$9.60 / SMA $12.96,True,6.03%,False,+-7.6%,True,26.7M,True,NYQ,False,
DFKCY,Daifuku Co Ltd,18.33,2026-10-09T01:34:06.858850+00:00,False,+63.4%,True,$13645.4M,,N/A,False,48.1K,True,$18.33 / SMA_short $18.33,,N/A,,N/A,False,692.5M,False,PNK,False,
DGIPF,DigiPlus Interactive Corp.,0.1309,2026-10-09T01:39:48.717229+00:00,False,+17.4%,,N/A,,N/A,False,101.0K,False,$0.13 / SMA $0.15,True,14.62%,,N/A,,N/A,False,PNK,False,
DGX,Quest Diagnostics Incorporated,230.81,2026-10-09T01:34:03.363053+00:00,False,+34.8%,True,$25475.3M,False,+15.0%,True,1038.5K,False,$230.81 / SMA $236.71,False,2.25%,False,+10.2%,True,109.8M,True,NYQ,False,
DHR,Danaher Corporation,217.46,2026-10-09T01:33:43.511066+00:00,False,+35.1%,True,$152871.4M,True,+59.7%,True,4702.2K,True,$217.46 / SMA $210.26,False,2.90%,False,+5.5%,False,625.9M,True,NYQ,False,
DINO,HF Sinclair Corporation,120.72,2026-10-09T01:34:13.178257+00:00,True,+164.1%,True,$21462.1M,True,+348.2%,True,2744.3K,True,$120.72 / SMA $101.44,True,4.47%,,N/A,False,167.9M,True,NYQ,False,
DJT,Trump Media & Technology Group Corp.,8.2,2026-10-09T01:37:59.743319+00:00,False,+17.8%,True,$2279.1M,False,+-975.0%,True,3988.1K,False,$8.20 / SMA $9.07,True,3.73%,True,+89.0%,False,160.9M,True,NGM,False,
DKILF,"Daikin Industries,Ltd.",125.98,2026-10-09T01:33:52.092695+00:00,False,+15.8%,True,$35064.8M,,N/A,False,34.1K,False,$125.98 / SMA $131.82,True,8.56%,,N/A,False,278.3M,False,PNK,False,
DKNG,DraftKings Inc.,19.87,2026-10-09T01:34:13.409586+00:00,False,+7.3%,True,$9864.5M,False,+-146.7%,True,12919.0K,False,$19.87 / SMA $23.19,True,5.38%,False,+-4.6%,False,424.2M,True,NMS,False,
DKS,"DICK'S Sporting Goods, Inc.",134.63,2026-10-09T01:34:03.999687+00:00,False,+12.1%,True,$13264.6M,False,+-25.7%,True,3108.9K,False,$134.63 / SMA $154.71,True,3.48%,True,+53.2%,True,60.4M,True,NYQ,False,
DLMAF,Dollarama Inc.,131.91,2026-10-09T01:33:55.364637+00:00,False,+17.3%,True,$35400.6M,False,+11.2%,False,36.3K,True,$131.91 / SMA $130.42,False,0.39%,False,+17.6%,False,264.3M,False,PNK,False,
DLR,"Digital Realty Trust, Inc.",176.07,2026-10-09T01:33:48.034596+00:00,False,+20.4%,True,$66495.3M,True,+64.6%,True,2278.9K,False,$176.07 / SMA $186.23,False,2.32%,,N/A,False,350.4M,True,NYQ,False,
DLX,Deluxe Corporation,23.05,2026-10-09T01:39:48.748277+00:00,False,+29.8%,True,$1057.0M,False,+-17.8%,False,429.6K,False,$23.05 / SMA $23.89,False,2.59%,False,+-4.2%,True,44.4M,True,NYQ,False,
DMII,Drugs Made In America Acquisition II Corp.,10.19,2026-10-09T01:41:33.733355+00:00,False,+3.3%,True,$649.1M,True,+11805.7%,False,57.2K,True,$10.19 / SMA $10.15,False,0.17%,,N/A,True,54.0M,True,NGM,False,
DNBBF,DNB Bank ASA,32.184,2026-10-09T01:33:51.208888+00:00,False,+26.2%,True,$45754.3M,False,+-7.7%,False,2.4K,False,$32.18 / SMA $34.19,True,3.97%,False,+-0.5%,False,703.9M,False,PNK,False,
DNOPY,Dino Polska S.A.,9.12,2026-10-09T01:34:22.013684+00:00,False,+27.3%,True,$8941.2M,False,+0.0%,False,82.0K,True,$9.12 / SMA $9.10,True,3.88%,False,+10.5%,False,475.8M,False,PNK,False,
DNP,DNP Select Income Fund Inc.,9.72,2026-10-09T01:36:12.475814+00:00,False,+5.3%,True,$3682.0M,,N/A,True,730.7K,False,$9.72 / SMA $10.37,False,2.01%,,N/A,,N/A,True,NYQ,False,
DNTH,"Dianthus Therapeutics, Inc.",82.43,2026-10-09T01:36:08.430163+00:00,True,+155.8%,True,$4610.7M,False,+-2.3%,True,821.2K,False,$82.43 / SMA $103.23,True,4.89%,True,+294.3%,True,55.8M,True,NCM,False,
DNTUY,Dentsu Group Inc.,23.9,2026-10-09T01:36:07.256289+00:00,False,+45.9%,True,$6204.1M,,N/A,False,0.2K,True,$23.90 / SMA $22.22,False,0.00%,,N/A,False,219.7M,False,PNK,False,
DOC,"Healthpeak Properties, Inc.",18.52,2026-10-09T01:34:10.838039+00:00,False,+18.0%,True,$13129.7M,True,+60.0%,True,5416.3K,False,$18.52 / SMA $20.52,False,1.92%,False,+11.1%,False,686.7M,True,NYQ,False,
DOCS,"Doximity, Inc.",29.38,2026-10-09T01:37:48.143772+00:00,True,+71.3%,True,$5236.9M,False,+-51.9%,True,4389.1K,True,$29.38 / SMA $25.66,True,4.16%,False,+7.3%,True,123.6M,True,NYQ,False,
DOLE,Dole plc,13.02,2026-10-09T01:39:43.278315+00:00,False,+4.0%,True,$1229.9M,True,+170.0%,True,984.4K,False,$13.02 / SMA $13.30,False,1.92%,False,+2.9%,True,75.7M,True,NYQ,False,
DPSTF,DHL AG,61.8,2026-10-09T01:33:48.173397+00:00,False,+40.5%,True,$68598.0M,True,+34.3%,False,1.2K,False,$61.80 / SMA $64.60,False,0.42%,False,+7.5%,False,910.6M,False,OID,False,
DQJCF,Pan Pacific International Holdings Corporation,4.65,2026-10-09T01:34:06.939995+00:00,False,+13.4%,True,$13907.4M,,N/A,False,9.6K,False,$4.65 / SMA $5.06,False,2.20%,,N/A,False,1989.1M,False,PNK,False,
DRTS,Alpha Tau Medical Ltd.,14.0,2026-10-09T01:41:26.714718+00:00,True,+308.2%,True,$1294.7M,,N/A,True,567.0K,False,$14.00 / SMA $14.32,True,4.15%,,N/A,True,64.1M,True,NCM,False,
DRXGF,Drax Group plc,9.7755,2026-10-09T01:37:48.158882+00:00,False,+30.3%,True,$3293.0M,,N/A,False,0.0K,True,$9.78 / SMA $9.67,False,0.00%,,N/A,False,333.4M,False,PNK,False,
DSL,DoubleLine Income Solutions Fund,9.9,2026-10-09T01:39:45.477034+00:00,False,+1.8%,True,$1134.3M,,N/A,True,639.8K,False,$9.90 / SMA $10.31,False,1.21%,,N/A,,N/A,True,NYQ,False,
DSU,"BlackRock Debt Strategies Fund, Inc.",8.82,2026-10-09T01:41:37.646331+00:00,False,+0.5%,True,$571.4M,,N/A,False,319.3K,False,$8.82 / SMA $9.18,False,0.92%,,N/A,,N/A,True,NYQ,False,
DTEGY,Deutsche Telekom AG,30.29,2026-10-09T01:33:42.109990+00:00,False,+12.6%,True,$146543.7M,False,+-5.6%,True,642.0K,False,$30.29 / SMA $32.19,False,1.35%,False,+4.3%,False,4122.1M,False,OQX,False,
DTTLF,Datatec Limited,5.58,2026-10-09T01:39:46.265341+00:00,False,+61.3%,True,$1354.0M,,N/A,False,0.0K,True,$5.58 / SMA $5.58,False,0.00%,,N/A,False,167.2M,False,OQX,False,
DUAVF,Dassault Aviation société anonyme,320.0,2026-10-09T01:33:59.291177+00:00,False,+5.9%,True,$24655.2M,,N/A,False,0.2K,False,$320.00 / SMA $338.16,False,2.52%,,N/A,True,16.6M,False,PNK,False,
DVCMY,Davide Campari-Milano N.V.,6.83,2026-10-09T01:34:24.279999+00:00,False,+13.8%,True,$8191.6M,,N/A,False,257.7K,True,$6.83 / SMA $6.78,False,1.72%,,N/A,False,576.3M,False,PNK,False,
DWHHF,Deutsche Wohnen SE,24.38,2026-10-09T01:34:19.439582+00:00,False,+2.4%,True,$9677.3M,,N/A,False,0.0K,True,$24.38 / SMA $23.82,False,0.00%,,N/A,True,30.3M,False,PNK,False,
DXC,DXC Technology Company,12.37,2026-10-09T01:39:40.917865+00:00,False,+56.6%,True,$1976.5M,True,+711.1%,True,3197.6K,True,$12.37 / SMA $11.11,True,4.34%,,N/A,False,157.1M,True,NYQ,False,
EBAY,eBay Inc.,111.98,2026-10-09T01:33:50.480596+00:00,False,+43.5%,True,$49831.1M,True,+53.2%,True,4420.2K,True,$111.98 / SMA $106.75,False,2.97%,False,+14.8%,False,399.8M,True,NMS,False,
EBKDY,Erste Group Bank AG,61.39,2026-10-09T01:33:51.809473+00:00,False,+30.6%,True,$47694.0M,False,+18.9%,False,120.5K,False,$61.39 / SMA $69.26,False,1.81%,True,+40.5%,False,672.7M,False,PNK,False,
ECO,Okeanis Eco Tankers Corp.,94.44,2026-10-09T01:38:01.125360+00:00,True,+236.1%,True,$3687.4M,True,+602.4%,True,615.4K,True,$94.44 / SMA $70.94,True,4.38%,True,+239.4%,True,20.8M,True,NYQ,True,
ECRAF,Ecora Royalties PLC,2.17,2026-10-09T01:43:12.456095+00:00,True,+92.0%,True,$541.3M,,N/A,False,30.9K,False,$2.17 / SMA $2.24,True,5.18%,,N/A,False,195.1M,False,OQX,False,
EEX,EEX,,2026-10-09T01:41:25.450137+00:00,False,N/A,False,N/A,False,N/A,False,N/A,False,N/A,False,N/A,False,N/A,False,N/A,False,Unknown,False,No price data available
EH,EHang Holdings Limited,4.08,2026-10-09T01:41:30.926535+00:00,False,+3.3%,True,$309.4M,False,+-18.3%,True,720.0K,False,$4.08 / SMA $4.86,True,4.04%,False,+-31.3%,True,54.6M,True,NGM,False,
ELMT,The Elmet Group Co.,20.46,2026-10-09T01:43:17.057161+00:00,False,+63.8%,True,$623.2M,False,+-480.4%,True,678.1K,True,$20.46 / SMA $18.27,True,10.53%,True,+35.2%,True,10.1M,True,NCM,False,
ELMTY,Elementis plc,9.0,2026-10-09T01:39:47.100726+00:00,False,+23.1%,True,$1271.5M,,N/A,False,0.0K,True,$9.00 / SMA $8.43,False,0.00%,,N/A,True,141.0M,False,PNK,False,
ELTP,"Elite Pharmaceuticals, Inc.",0.265,2026-10-09T01:43:19.899090+00:00,False,+26.2%,False,$285.4M,True,+200.0%,True,766.8K,False,$0.27 / SMA $0.29,True,6.16%,False,+-19.5%,False,836.1M,False,OQB,False,
ELV,"Elevance Health, Inc.",400.94,2026-10-09T01:33:45.833856+00:00,False,+45.9%,True,$86951.6M,False,+-13.1%,True,1190.3K,True,$400.94 / SMA $397.87,False,2.38%,False,+1.4%,False,216.4M,True,NYQ,False,
EMBJ,EMBJ,71.0,2026-10-09T01:34:17.247317+00:00,False,+32.6%,True,$12635.0M,True,+197.3%,True,1220.9K,False,$71.00 / SMA $74.11,True,3.34%,True,+102.7%,False,168.0M,True,NYQ,False,
EME,"EMCOR Group, Inc.",778.24,2026-10-09T01:33:54.104629+00:00,False,+37.8%,True,$34328.1M,True,+34.8%,False,402.9K,True,$778.24 / SMA $777.93,True,3.12%,False,+19.8%,True,43.8M,True,NYQ,False,
EMO,ClearBridge Energy Midstream Opportunity Fund Inc,50.76,2026-10-09T01:39:45.123148+00:00,False,+22.2%,,N/A,,N/A,False,39.2K,False,$50.76 / SMA $52.56,False,2.60%,,N/A,,N/A,True,NYQ,False,
ENGQF,Engie SA,25.66,2026-10-09T01:33:46.326376+00:00,False,+19.5%,True,$65192.0M,,N/A,False,28.6K,False,$25.66 / SMA $28.13,True,4.60%,,N/A,False,1908.2M,False,PNK,False,
ENIC,Enel Chile S.A.,4.4,2026-10-09T01:36:03.396854+00:00,False,+21.5%,True,$6086.7M,True,+60.0%,True,616.2K,True,$4.40 / SMA $4.40,False,2.33%,False,+-8.9%,False,485.2M,True,NYQ,False,
ENLT,Enlight Renewable Energy Ltd,67.11,2026-10-09T01:34:12.677466+00:00,True,+104.9%,True,$9389.0M,True,+1900.0%,False,185.4K,False,$67.11 / SMA $76.71,False,2.25%,True,+43.0%,True,137.6M,True,NMS,False,
ENPSF,Enplas Corporation,63.25,2026-10-09T01:41:30.007371+00:00,True,+112.9%,True,$571.3M,,N/A,False,0.1K,True,$63.25 / SMA $25.21,False,0.00%,,N/A,True,6.7M,False,PNK,False,
ENS,EnerSys,179.31,2026-10-09T01:34:22.046211+00:00,False,+64.7%,True,$6466.9M,True,+111.6%,True,516.9K,False,$179.31 / SMA $185.22,False,2.68%,False,+4.8%,True,35.9M,True,NYQ,False,
ENVA,"Enova International, Inc.",182.59,2026-10-09T01:36:13.554238+00:00,True,+77.2%,True,$4546.2M,True,+39.9%,False,355.4K,False,$182.59 / SMA $218.87,True,3.09%,False,+21.6%,True,23.8M,True,NYQ,False,
ENVX,Enovix Corporation,2.5,2026-10-09T01:39:42.263470+00:00,False,+2.0%,True,$548.6M,False,+9.1%,True,7176.5K,False,$2.50 / SMA $3.41,True,6.09%,False,+20.8%,False,189.6M,True,NMS,False,
EOG,"EOG Resources, Inc.",148.51,2026-10-09T01:33:47.097720+00:00,False,+46.2%,True,$77897.8M,True,+109.3%,True,3039.3K,True,$148.51 / SMA $144.52,False,2.38%,True,+58.6%,False,522.7M,True,NYQ,False,
EPMLF,Empire Metals Limited,0.55,2026-10-09T01:43:24.557437+00:00,True,+101.9%,,N/A,,N/A,False,2.7K,False,$0.55 / SMA_short $0.56,True,7.71%,,N/A,False,685.5M,False,OQX,False,
EQBK,"Equity Bancshares, Inc.",47.49,2026-10-09T01:41:24.450932+00:00,False,+23.0%,True,$977.9M,True,+47.7%,False,112.0K,False,$47.49 / SMA $49.43,False,2.03%,True,+40.0%,True,17.7M,True,NYQ,False,
ERAS,"Erasca, Inc.",15.46,2026-10-09T01:37:48.982229+00:00,True,+634.4%,True,$5407.3M,False,+-16.7%,True,4282.8K,False,$15.46 / SMA $16.60,True,7.00%,,N/A,False,255.2M,True,NMS,False,
ERBKY,Eurobank S.A.,9.96,2026-10-09T01:34:08.726280+00:00,False,+11.5%,True,$35737.6M,False,+10.0%,False,1.4K,False,$9.96 / SMA $11.42,False,1.81%,False,+6.7%,False,1224.5M,False,PNK,False,
ERIE,Erie Indemnity Company,226.54,2026-10-09T01:34:17.145204+00:00,False,+10.7%,True,$11845.7M,False,+3.3%,False,266.6K,False,$226.54 / SMA $242.85,False,2.92%,False,+1.7%,True,25.1M,True,NMS,False,
ESE,ESCO Technologies Inc.,254.06,2026-10-09T01:34:24.520566+00:00,False,+31.2%,True,$6582.1M,True,+25.3%,False,219.4K,False,$254.06 / SMA $281.35,False,2.93%,False,+14.4%,True,25.8M,True,NYQ,False,
ESLOF,EssilorLuxottica Société anonyme,167.28,2026-10-09T01:33:45.159082+00:00,False,+7.0%,True,$76736.1M,,N/A,False,5.4K,False,$167.28 / SMA $178.84,True,6.29%,,N/A,False,274.7M,False,PNK,False,
ESPR,ESPR,,2026-10-09T01:41:28.794550+00:00,False,N/A,False,N/A,False,N/A,False,N/A,False,N/A,False,N/A,False,N/A,False,N/A,False,Unknown,False,No price data available
ET,Energy Transfer LP,20.62,2026-10-09T01:33:47.716332+00:00,False,+27.4%,True,$71000.8M,True,+84.4%,True,8888.0K,False,$20.62 / SMA $20.84,False,1.90%,True,+78.4%,False,2944.6M,True,NYQ,False,
ETD,Ethan Allen Interiors Inc.,20.86,2026-10-09T01:41:39.261102+00:00,False,+14.1%,True,$525.8M,False,+-4.2%,True,538.1K,True,$20.86 / SMA $20.85,False,2.29%,False,+-8.5%,True,23.4M,True,NYQ,False,
ETN,Eaton Corporation plc,424.51,2026-10-09T01:33:42.466166+00:00,False,+36.1%,True,$164879.7M,False,+-15.9%,True,2079.1K,False,$424.51 / SMA $425.46,False,2.91%,False,+21.4%,False,387.7M,True,NYQ,False,
EVAC.U,EVAC.U,,2026-10-09T01:41:35.816632+00:00,False,N/A,False,N/A,False,N/A,False,N/A,False,N/A,False,N/A,False,N/A,False,N/A,False,Unknown,False,No price data available
EVH,"Evolent Health, Inc.",3.96,2026-10-09T01:43:15.007057+00:00,True,+89.0%,True,$447.7M,True,+43.2%,True,2987.1K,False,$3.96 / SMA $4.00,True,5.71%,True,+46.9%,True,94.2M,True,NYQ,False,
EVOX,Evolution Global Acquisition Corp,10.13,2026-10-09T01:43:24.749190+00:00,False,+2.7%,True,$324.2M,,N/A,False,46.1K,True,$10.13 / SMA $10.10,False,0.04%,,N/A,True,21.2M,True,NGM,False,
EVTL,Vertical Aerospace Ltd.,0.5443,2026-10-09T01:43:23.249664+00:00,False,+5.1%,False,$91.8M,,N/A,True,6271.4K,False,$0.54 / SMA $0.76,True,10.85%,,N/A,True,84.7M,True,NYQ,False,
EWIIF,Edinburgh Worldwide Investment Trust Plc,3.81,2026-10-09T01:39:45.841183+00:00,True,+90.5%,,N/A,,N/A,False,0.1K,True,$3.81 / SMA_short $3.81,,N/A,,N/A,,N/A,False,PNK,False,
EXETF,Extendicare Inc.,19.37,2026-10-09T01:37:58.770135+00:00,True,+87.3%,True,$1841.0M,False,+-14.5%,False,88.1K,False,$19.37 / SMA $22.30,False,0.81%,True,+59.4%,True,93.9M,False,PNK,False,
EXPE,"Expedia Group, Inc.",270.13,2026-10-09T01:34:00.018310+00:00,False,+45.7%,True,$32421.6M,True,+188.7%,True,1822.4K,False,$270.13 / SMA $296.06,True,4.15%,False,+14.0%,True,113.6M,True,NMS,False,
EZPW,"EZCORP, Inc.",31.17,2026-10-09T01:38:01.006198+00:00,True,+88.9%,True,$1915.2M,True,+41.2%,True,890.3K,True,$31.17 / SMA $30.89,True,3.51%,True,+34.7%,True,55.7M,True,NMS,True,
FANDY,FirstRand Limited,53.0,2026-10-09T01:33:57.589572+00:00,False,+12.1%,True,$29475.7M,,N/A,False,0.1K,False,$53.00 / SMA $59.41,False,0.00%,,N/A,False,554.9M,False,PNK,False,
FANUY,Fanuc Corporation,18.85,2026-10-09T01:33:51.442623+00:00,False,+27.5%,True,$34869.2M,,N/A,True,500.9K,False,$18.85 / SMA $19.31,False,2.38%,,N/A,False,1866.0M,False,PNK,False,
FBIZ,"First Business Financial Services, Inc.",70.61,2026-10-09T01:43:12.544302+00:00,False,+53.3%,True,$590.9M,True,+36.3%,False,62.8K,False,$70.61 / SMA $70.68,False,1.92%,False,+13.8%,True,7.8M,True,NMS,False,
FCELB,"FuelCell Energy, Inc.",464.59,2026-10-09T01:39:44.080181+00:00,False,+56.2%,,N/A,,N/A,False,0.2K,False,$464.59 / SMA $485.26,False,2.75%,False,+-29.4%,True,76.1M,False,PNK,False,
FCNCB,"First Citizens BancShares, Inc.",1660.0,2026-10-09T01:34:02.451427+00:00,False,+15.3%,True,$18746.6M,True,+31.1%,False,0.1K,False,$1660.00 / SMA $1778.26,False,1.37%,False,+2.5%,True,8.1M,False,PNK,False,
FCPT,"Four Corners Property Trust, Inc.",21.25,2026-10-09T01:37:54.846200+00:00,False,+1.9%,True,$2332.3M,False,+-3.6%,True,902.5K,False,$21.25 / SMA $23.76,False,1.97%,False,+7.7%,True,108.4M,True,NYQ,False,
FDMDF,4DMedical Limited,2.9,2026-10-09T01:39:40.402503+00:00,True,+233.3%,True,$1745.9M,,N/A,False,0.7K,True,$2.90 / SMA $2.78,False,0.00%,,N/A,False,498.9M,False,PNK,False,
FDMT,"4D Molecular Therapeutics, Inc.",12.7,2026-10-09T01:43:15.029440+00:00,True,+82.5%,True,$701.6M,False,+-6.1%,True,921.7K,False,$12.70 / SMA $13.62,True,6.52%,True,+25106.7%,True,42.5M,True,NMS,False,
FDP,FDP,,2026-10-09T01:39:40.749438+00:00,False,N/A,False,N/A,False,N/A,False,N/A,False,N/A,False,N/A,False,N/A,False,N/A,False,Unknown,False,No price data available
FERG,Ferguson Enterprises Inc.,216.73,2026-10-09T01:33:52.382727+00:00,False,+2.2%,True,$41927.0M,False,+-3.4%,True,2320.7K,False,$216.73 / SMA $230.78,False,2.31%,False,+3.0%,False,193.0M,True,NYQ,False,
FFIC,FFIC,,2026-10-09T01:41:37.720692+00:00,False,N/A,False,N/A,False,N/A,False,N/A,False,N/A,False,N/A,False,N/A,False,N/A,False,Unknown,False,No price data available
FFIN,"First Financial Bankshares, Inc.",31.43,2026-10-09T01:36:09.040567+00:00,False,+11.8%,True,$4504.8M,False,+6.4%,True,747.1K,False,$31.43 / SMA $33.29,False,1.92%,False,+10.8%,True,136.9M,True,NMS,False,
FGROY,FirstGroup plc,2.35,2026-10-09T01:39:46.144782+00:00,False,+17.5%,True,$1213.3M,,N/A,False,0.1K,False,$2.35 / SMA $2.35,False,0.00%,,N/A,False,477.5M,False,PNK,False,
FHB,"First Hawaiian, Inc.",24.96,2026-10-09T01:37:50.075004+00:00,False,+10.2%,True,$3037.2M,False,+3.4%,True,2285.9K,False,$24.96 / SMA $26.08,False,1.78%,False,+6.6%,True,120.4M,True,NMS,False,
FIGR,"Figure Technology Solutions, Inc.",27.6,2026-10-09T01:34:25.064366+00:00,False,+14.5%,True,$6192.8M,True,+881.5%,True,4163.4K,False,$27.60 / SMA $32.76,True,6.33%,True,+97.2%,True,145.7M,True,NMS,False,
FIP,FTAI Infrastructure Inc.,2.66,2026-10-09T01:41:37.972201+00:00,False,+2.7%,True,$314.4M,False,+-93.2%,True,1295.1K,False,$2.66 / SMA $3.43,True,7.03%,True,+52.7%,True,108.7M,True,NMS,False,
FITBP,FITBP,,2026-10-09T01:33:52.459641+00:00,False,N/A,False,N/A,False,N/A,False,N/A,False,N/A,False,N/A,False,N/A,False,N/A,False,Unknown,False,No price data available
FIVN,"Five9, Inc.",35.15,2026-10-09T01:39:38.265454+00:00,True,+164.5%,True,$2626.5M,True,+300.0%,True,2572.9K,True,$35.15 / SMA $33.04,True,5.91%,False,+10.3%,True,66.8M,True,NGM,False,
FLEX,Flex Ltd.,114.74,2026-10-09T01:33:51.243046+00:00,True,+116.2%,True,$42391.9M,True,+52.0%,True,3632.7K,True,$114.74 / SMA $114.53,True,4.38%,,N/A,False,366.6M,True,NMS,False,
FLGZY,Flughafen Zürich AG,9.01,2026-10-09T01:34:21.122015+00:00,False,+0.0%,True,$6914.7M,,N/A,False,0.5K,False,$9.01 / SMA $10.61,False,0.43%,,N/A,False,510.7M,False,PNK,False,
FLIDY,FLSmidth & Co. A/S,9.21,2026-10-09T01:36:09.222060+00:00,False,+41.0%,True,$4884.0M,True,+200.0%,False,0.2K,True,$9.21 / SMA $8.63,False,0.11%,False,+16.8%,False,450.2M,False,PNK,False,
FLOC,FLOC,19.15,2026-10-09T01:37:57.574163+00:00,False,+36.5%,True,$2083.4M,True,+33.3%,True,551.9K,False,$19.15 / SMA $20.66,True,4.14%,False,+22.1%,True,10.0M,True,NYQ,False,
FMBRF,FMBRF,,2026-10-09T01:43:27.355108+00:00,False,N/A,False,N/A,False,N/A,False,N/A,False,N/A,False,N/A,False,N/A,False,N/A,False,Unknown,False,No price data available
FMCCK,Federal Home Loan Mortgage Corporation,9.96,2026-10-09T01:36:11.546615+00:00,False,+0.0%,,N/A,,N/A,False,0.6K,False,$9.96 / SMA $12.44,False,0.22%,False,+2.4%,False,650.1M,False,OQB,False,
FMCCN,Federal Home Loan Mortgage Corporation,8.51,2026-10-09T01:36:11.602693+00:00,False,+0.0%,,N/A,,N/A,False,0.6K,False,$8.51 / SMA $11.16,False,1.04%,False,+2.4%,False,650.1M,False,OQB,False,
FMCCP,Federal Home Loan Mortgage Corporation,10.18,2026-10-09T01:36:11.747211+00:00,False,+0.7%,,N/A,,N/A,False,3.9K,False,$10.18 / SMA $13.38,False,1.20%,False,+2.4%,False,650.1M,False,OQB,False,
FMCKN,Federal Home Loan Mortgage Corporation,6.15,2026-10-09T01:36:11.896747+00:00,False,+4.2%,,N/A,,N/A,False,4.8K,False,$6.15 / SMA $7.55,False,1.79%,False,+2.4%,False,650.1M,False,OQB,False,
FMNB,Farmers National Banc Corp.,15.2,2026-10-09T01:41:27.729556+00:00,False,+25.4%,True,$900.6M,False,+5.4%,False,391.1K,False,$15.20 / SMA $15.56,False,1.73%,True,+49.7%,True,57.3M,True,NCM,False,
FMS,Fresenius Medical Care AG,20.88,2026-10-09T01:34:15.366746+00:00,False,+4.3%,True,$11112.7M,False,+5.2%,True,740.1K,False,$20.88 / SMA $23.07,False,1.81%,False,+1.4%,False,397.1M,True,NYQ,False,
FNBKY,FinecoBank Banca Fineco S.p.A.,48.0,2026-10-09T01:34:09.703162+00:00,False,+12.0%,True,$14683.7M,,N/A,False,0.5K,False,$48.00 / SMA $53.88,False,0.24%,,N/A,False,305.9M,False,PNK,False,
FNCSF,North American Financial 15 Split Corp.,6.3,2026-10-09T01:43:15.051083+00:00,False,+44.4%,True,$433.0M,,N/A,False,0.4K,False,$6.30 / SMA $7.02,False,0.31%,,N/A,,N/A,False,PNK,False,
FNF,"Fidelity National Financial, Inc.",39.77,2026-10-09T01:34:12.102392+00:00,False,+5.0%,True,$10666.0M,False,+5.9%,True,2100.6K,False,$39.77 / SMA $45.04,False,2.65%,False,+11.0%,False,253.4M,True,NYQ,False,
FNLC,"The First Bancorp, Inc.",33.44,2026-10-09T01:43:24.636963+00:00,False,+38.9%,True,$377.3M,False,+18.1%,False,33.6K,False,$33.44 / SMA $34.39,False,2.63%,False,+14.6%,True,10.7M,True,NMS,False,
FNMAH,Federal National Mortgage Association,5.694,2026-10-09T01:34:22.526622+00:00,False,+10.3%,,N/A,,N/A,False,10.1K,False,$5.69 / SMA $6.93,True,6.49%,False,+4.6%,False,1158.1M,False,OQB,False,
FNMAS,Federal National Mortgage Association,7.52,2026-10-09T01:34:22.777314+00:00,False,+2.9%,,N/A,,N/A,True,563.7K,False,$7.52 / SMA $9.35,True,4.68%,False,+4.6%,False,1158.1M,False,OQB,False,
FNMFN,Federal National Mortgage Association,12.3,2026-10-09T01:34:22.716603+00:00,False,+3.1%,,N/A,,N/A,False,5.5K,False,$12.30 / SMA $14.86,False,2.67%,False,+4.6%,False,1158.1M,False,OQB,False,
FOJCF,Fortum Oyj,26.74,2026-10-09T01:34:03.418600+00:00,False,+44.7%,True,$23992.9M,False,+0.0%,False,0.1K,True,$26.74 / SMA $24.82,False,0.00%,False,+15.4%,False,429.8M,False,PNK,False,
FPAFF,First Pacific Company Limited,0.6,2026-10-09T01:37:53.768926+00:00,False,+1.7%,,N/A,,N/A,False,31.5K,False,$0.60 / SMA $0.64,False,0.79%,,N/A,False,2294.7M,False,PNK,False,
FPS,"Forgent Power Solutions, Inc.",39.8,2026-10-09T01:34:10.161198+00:00,False,+53.4%,True,$12695.6M,,N/A,True,8433.5K,True,$39.80 / SMA $35.48,True,6.30%,True,+94.3%,False,170.6M,True,NYQ,False,
FRA,"BlackRock Floating Rate Income Strategies Fund, Inc.",10.25,2026-10-09T01:43:18.047614+00:00,False,+0.4%,,N/A,,N/A,False,154.5K,False,$10.25 / SMA $10.65,False,1.15%,,N/A,,N/A,True,NYQ,False,
FRBP,FRBP,10.25,2026-10-09T01:39:45.595156+00:00,False,+46.4%,True,$1371.7M,False,+5.6%,False,0.2K,True,$10.25 / SMA $8.28,False,0.00%,False,+-3.8%,,N/A,False,PNK,False,
FRCOF,"Fast Retailing Co., Ltd.",436.16,2026-10-09T01:33:42.309521+00:00,False,+34.2%,True,$133836.1M,,N/A,False,0.4K,False,$436.16 / SMA $453.96,True,8.29%,,N/A,,N/A,False,PNK,False,
FRME,First Merchants Corporation,39.59,2026-10-09T01:37:57.074313+00:00,False,+14.2%,True,$2486.3M,False,+-28.6%,False,462.3K,False,$39.59 / SMA $41.38,False,1.77%,,N/A,True,61.6M,True,NMS,False,
FRO,Frontline plc,56.26,2026-10-09T01:34:23.012840+00:00,True,+174.8%,True,$12524.8M,True,+745.7%,True,2818.2K,True,$56.26 / SMA $43.90,True,3.61%,True,+96.5%,True,142.9M,True,NYQ,True,
FRUYF,"Furuya Metal Co., Ltd.",20.72,2026-10-09T01:39:41.287535+00:00,False,+1.0%,True,$509.7M,,N/A,False,0.0K,True,$20.72 / SMA $20.72,False,0.00%,,N/A,True,16.0M,False,PNK,False,
FSK,FS KKR Capital Corp.,10.79,2026-10-09T01:37:52.537151+00:00,False,+11.0%,True,$2981.7M,True,+82.7%,True,2072.7K,False,$10.79 / SMA $11.40,False,2.28%,True,+82.6%,,N/A,True,NYQ,False,
FSUN,FirstSun Capital Bancorp,38.9,2026-10-09T01:39:40.633609+00:00,False,+29.9%,True,$1709.7M,False,+-152.7%,False,317.8K,False,$38.90 / SMA $39.78,False,2.14%,True,+71.8%,True,33.9M,True,NMS,False,
FTI,TechnipFMC plc,69.63,2026-10-09T01:33:58.475227+00:00,True,+97.3%,True,$27306.4M,True,+40.6%,True,3028.4K,False,$69.63 / SMA $73.69,True,3.02%,False,+9.0%,False,387.7M,True,NYQ,False,
FTNT,"Fortinet, Inc.",189.1,2026-10-09T01:33:44.684611+00:00,True,+157.1%,True,$138745.3M,True,+43.9%,True,4607.6K,True,$189.10 / SMA $166.56,True,3.50%,True,+25.6%,False,618.9M,True,NMS,False,
FUEMF,FUEMF,,2026-10-09T01:41:30.397920+00:00,False,N/A,False,N/A,False,N/A,False,N/A,False,N/A,False,N/A,False,N/A,False,N/A,False,Unknown,False,No price data available
FUGRF,Fugro N.V.,7.79,2026-10-09T01:39:41.753516+00:00,False,+0.0%,True,$867.3M,,N/A,False,0.0K,False,$7.79 / SMA $9.86,False,0.23%,,N/A,True,106.8M,False,PNK,False,
FUJHY,Subaru Corporation,8.0,2026-10-09T01:34:16.022570+00:00,False,+12.7%,True,$11129.1M,,N/A,False,271.2K,False,$8.00 / SMA $8.21,True,3.03%,,N/A,False,1084.7M,False,PNK,False,
FUJIF,FUJIFILM Holdings Corporation,21.5,2026-10-09T01:34:01.143558+00:00,False,+26.5%,True,$25713.8M,,N/A,False,0.4K,True,$21.50 / SMA $20.78,False,0.48%,,N/A,False,1194.9M,False,PNK,False,
FULTP,Fulton Financial Corporation,16.724,2026-10-09T01:36:12.319019+00:00,False,+0.1%,,N/A,,N/A,False,11.4K,False,$16.72 / SMA $17.35,False,1.70%,False,+12.2%,False,188.3M,True,NMS,False,
FUWAF,"Furukawa Electric Co., Ltd.",23.91,2026-10-09T01:34:03.016037+00:00,False,+20.9%,True,$16820.6M,,N/A,False,2.7K,True,$23.91 / SMA $22.95,False,0.00%,,N/A,False,650.7M,False,PNK,False,
FVRR,Fiverr International Ltd.,8.64,2026-10-09T01:43:17.481401+00:00,False,+4.0%,True,$310.6M,True,+33.3%,True,688.6K,False,$8.64 / SMA $8.99,False,2.76%,False,+-10.0%,True,30.8M,True,NYQ,False,
FWRG,"First Watch Restaurant Group, Inc.",10.96,2026-10-09T01:41:31.590225+00:00,False,+10.9%,True,$676.4M,True,+33.3%,True,1152.7K,False,$10.96 / SMA $11.64,True,4.41%,False,+15.2%,True,60.8M,True,NMS,False,
FXCNF,FIH Mobile Limited,2.04,2026-10-09T01:37:56.096934+00:00,False,+4.6%,True,$1596.5M,,N/A,False,0.0K,False,$2.04 / SMA $2.94,False,0.00%,,N/A,False,258.7M,False,PNK,False,
FYGGY,"Fuyao Glass Industry Group Co., Ltd.",1.7225,2026-10-09T01:34:03.881564+00:00,False,+14.8%,True,$17981.1M,,N/A,False,26.9K,False,$1.72 / SMA $1.79,True,5.20%,False,+0.2%,False,7691.3M,False,PNK,False,
GAIN,GAIN,15.38,2026-10-09T01:41:34.012626+00:00,False,+17.3%,,N/A,False,+-242.9%,False,180.5K,False,$15.38 / SMA $16.05,False,1.80%,False,+-313.6%,,N/A,True,NMS,False,
GAM,"General American Investors Company, Inc.",64.06,2026-10-09T01:39:41.637744+00:00,False,+13.9%,True,$1526.7M,,N/A,False,18.9K,False,$64.06 / SMA $65.91,False,1.40%,,N/A,True,21.2M,True,NYQ,False,
GASNF,"Naturgy Energy Group, S.A.",33.53,2026-10-09T01:33:57.304507+00:00,False,+14.2%,True,$32200.1M,,N/A,False,0.1K,False,$33.53 / SMA $33.73,False,0.00%,,N/A,False,298.5M,False,PNK,False,
GBERY,Geberit AG,63.4,2026-10-09T01:34:04.165442+00:00,False,+3.2%,True,$20515.2M,,N/A,False,19.6K,False,$63.40 / SMA $67.66,False,1.00%,,N/A,False,322.3M,False,PNK,False,
GBTG,"Global Business Travel Group, Inc.",9.5,2026-10-09T01:36:07.531460+00:00,True,+91.7%,True,$4962.5M,False,+0.0%,True,1706.4K,True,$9.50 / SMA_short $9.46,,N/A,True,+37.9%,False,522.4M,True,NYQ,False,
GEAGF,GEA Group Aktiengesellschaft,67.0,2026-10-09T01:34:17.636623+00:00,False,+6.0%,True,$10907.7M,False,+13.6%,False,0.0K,False,$67.00 / SMA $70.43,False,0.00%,False,+10.0%,True,145.7M,False,PNK,False,
GEAHF,Great Eagle Holdings Limited,2.21,2026-10-09T01:39:36.793282+00:00,False,+22.8%,True,$1656.9M,,N/A,False,0.0K,False,$2.21 / SMA $2.21,False,0.00%,,N/A,False,214.7M,False,PNK,False,
GENSY,Genus plc,28.38,2026-10-09T01:37:59.580163+00:00,False,+16.6%,True,$1855.3M,,N/A,False,0.0K,True,$28.38 / SMA $28.38,False,0.00%,,N/A,True,65.1M,False,PNK,False,
GEV,GE Vernova Inc.,999.35,2026-10-09T01:33:40.736699+00:00,True,+88.5%,True,$266160.5M,True,+32.8%,True,2327.6K,True,$999.35 / SMA $968.26,True,3.47%,False,+21.9%,False,265.8M,True,NYQ,False,
GGAZF,GGAZF,,2026-10-09T01:43:22.584213+00:00,False,N/A,False,N/A,False,N/A,False,N/A,False,N/A,False,N/A,False,N/A,False,N/A,False,Unknown,False,No price data available
GGGSY,Greggs plc,9.0,2026-10-09T01:37:58.163219+00:00,False,+44.0%,True,$2752.8M,,N/A,False,0.2K,True,$9.00 / SMA $8.33,False,0.53%,,N/A,False,301.3M,False,PNK,False,
GHRS,GH Research PLC,20.45,2026-10-09T01:39:41.195030+00:00,False,+69.9%,True,$1403.7M,False,+-53.3%,False,296.9K,False,$20.45 / SMA $27.21,True,5.32%,,N/A,True,32.4M,True,NGM,False,
GIL,Gildan Activewear Inc.,41.9,2026-10-09T01:34:16.507890+00:00,False,+4.9%,True,$7759.5M,False,+-129.7%,True,1518.0K,False,$41.90 / SMA $50.35,True,3.77%,True,+72.3%,False,183.1M,True,NYQ,False,
GIW,GigCapital8 Corp.,10.17,2026-10-09T01:43:19.914144+00:00,False,+3.0%,True,$370.9M,True,+29685.8%,False,60.2K,True,$10.17 / SMA $10.15,False,0.07%,,N/A,True,20.2M,True,NGM,False,
GJNSY,Gjensidige Forsikring ASA,26.81,2026-10-09T01:34:10.569935+00:00,False,+13.0%,True,$13404.0M,True,+60.8%,False,1.3K,False,$26.81 / SMA $29.12,True,3.97%,False,+15.9%,False,187.7M,False,PNK,False,
GLAD,Gladstone Capital Corporation,18.99,2026-10-09T01:43:15.944626+00:00,False,+14.8%,True,$429.0M,True,+78.8%,False,165.6K,False,$18.99 / SMA $19.24,False,1.58%,True,+87.2%,,N/A,True,NMS,False,
GLASF,GLASF,,2026-10-09T01:41:29.638417+00:00,False,N/A,False,N/A,False,N/A,False,N/A,False,N/A,False,N/A,False,N/A,False,N/A,False,Unknown,False,No price data available
GLIBK,Liberty Capital Corporation,23.59,2026-10-09T01:39:50.353499+00:00,False,+22.2%,True,$941.4M,False,+-54.7%,False,391.9K,False,$23.59 / SMA $24.84,True,3.08%,False,+0.0%,True,32.5M,True,NMS,False,
GLNG,Golar LNG Limited,48.42,2026-10-09T01:36:05.795909+00:00,False,+38.3%,True,$4943.5M,False,+-54.1%,True,1304.8K,False,$48.42 / SMA $50.66,False,2.59%,False,+-5.1%,True,87.0M,True,NMS,False,
GLNLF,Galan Lithium Limited,0.227,2026-10-09T01:43:19.964417+00:00,True,+167.4%,False,$288.8M,,N/A,False,151.3K,False,$0.23 / SMA $0.25,True,5.53%,,N/A,False,900.9M,False,PNK,False,
GLSI,"Greenwich LifeSciences, Inc.",15.14,2026-10-09T01:43:18.991554+00:00,True,+94.6%,False,$222.2M,False,+3.6%,False,138.7K,False,$15.14 / SMA $16.41,True,8.25%,,N/A,True,7.6M,True,NCM,False,
GLW,Corning Incorporated,152.83,2026-10-09T01:33:42.209336+00:00,True,+97.5%,True,$131646.0M,False,+18.5%,True,10282.9K,False,$152.83 / SMA $154.91,True,4.44%,False,+16.6%,False,790.6M,True,NYQ,False,
GMAB,Genmab A/S,36.05,2026-10-09T01:34:08.501935+00:00,False,+52.6%,True,$22167.2M,False,+-9.4%,True,2803.3K,True,$36.05 / SMA $33.35,True,3.25%,False,+24.9%,False,553.0M,True,NMS,False,
GMTL,Guardian Metal Resources PLC,7.35,2026-10-09T01:41:34.068818+00:00,False,+0.8%,False,$292.2M,,N/A,False,203.7K,False,$7.35 / SMA $11.06,True,7.86%,,N/A,True,24.2M,True,ASE,False,
GMTLF,Guardian Metal Resources PLC,1.5575,2026-10-09T01:41:34.402775+00:00,False,+27.7%,True,$309.6M,,N/A,False,45.7K,False,$1.56 / SMA $2.22,True,6.70%,,N/A,True,121.2M,False,OQB,False,
GNMSF,Genmab A/S,376.0,2026-10-09T01:34:08.958087+00:00,False,+61.8%,True,$23120.3M,False,+-9.4%,False,1.4K,True,$376.00 / SMA $332.74,False,0.77%,False,+24.9%,True,55.3M,False,PNK,False,
GNNDY,GN Store Nord A/S,47.01,2026-10-09T01:38:00.337525+00:00,False,+19.2%,True,$2281.7M,False,+-130.6%,False,0.4K,True,$47.01 / SMA $45.90,False,0.57%,False,+-4.9%,True,48.5M,False,PNK,False,
GOFPY,Allwyn AG,6.62,2026-10-09T01:34:16.554730+00:00,False,+6.8%,True,$10208.6M,False,+-80.6%,False,112.6K,False,$6.62 / SMA $7.45,True,3.27%,True,+205.9%,True,0.3M,False,PNK,False,
GONYF,GO Residential Real Estate Investment Trust,7.37,2026-10-09T01:43:18.931509+00:00,False,+4.8%,False,$273.9M,True,+51.8%,False,24.1K,False,$7.37 / SMA_short $7.93,True,3.18%,False,+14.6%,True,30.0M,False,OQB,False,
GOODN,Gladstone Commercial Corporation,20.02,2026-10-09T01:41:34.570817+00:00,False,+1.1%,,N/A,,N/A,False,3.3K,False,$20.02 / SMA $22.47,False,2.28%,False,+11.3%,True,47.8M,True,NMS,False,
GPAT,GP-Act III Acquisition Corp.,11.03,2026-10-09T01:43:18.369876+00:00,False,+4.4%,False,$178.3M,False,+-87.5%,False,10.4K,False,$11.03 / SMA $11.03,False,0.10%,,N/A,True,4.5M,True,NGM,False,
GPK,Graphic Packaging Holding Company,8.58,2026-10-09T01:37:52.436038+00:00,False,+4.5%,True,$2540.3M,False,+-76.5%,True,5586.5K,False,$8.58 / SMA $10.34,True,3.73%,False,+-0.7%,False,270.9M,True,NYQ,False,
GRC,The Gorman-Rupp Company,73.04,2026-10-09T01:39:36.967905+00:00,True,+72.6%,True,$1929.0M,False,+23.3%,False,183.6K,False,$73.04 / SMA $77.05,False,2.88%,False,+3.9%,True,20.8M,True,NYQ,False,
GRIQ,"GrocerIQ Holdings, Inc.",1.34,2026-10-09T01:43:25.590604+00:00,False,+32.7%,False,$97.8M,,N/A,False,2.5K,False,$1.34 / SMA $2.26,True,14.10%,,N/A,,N/A,False,OID,False,
GROY,Gold Royalty Corp.,3.03,2026-10-09T01:41:30.866535+00:00,False,+23.7%,True,$702.0M,,N/A,True,1974.6K,False,$3.03 / SMA $3.17,True,3.55%,True,+76.1%,False,171.9M,True,ASE,False,
GRYRF,Geo Energy Resources Limited,0.36465,2026-10-09T01:41:34.251034+00:00,False,+19.2%,True,$645.8M,,N/A,False,0.0K,True,$0.36 / SMA $0.36,False,0.00%,False,+-9.6%,False,803.6M,False,PNK,False,
GSHD,"Goosehead Insurance, Inc.",45.385,2026-10-09T01:39:41.722142+00:00,False,+34.8%,True,$1622.0M,True,+127.8%,False,485.9K,False,$45.38 / SMA $59.52,True,5.84%,False,+20.6%,True,20.7M,True,NMS,False,
GSHRF,Gold X2 Mining Inc.,4.69,2026-10-09T01:41:33.096281+00:00,False,+8.6%,True,$474.6M,False,+-100.0%,False,36.1K,False,$4.69 / SMA_short $5.16,True,5.56%,,N/A,True,91.7M,False,PNK,False,
GSIT,"GSI Technology, Inc.",4.925,2026-10-09T01:43:21.421834+00:00,False,+9.2%,False,$189.3M,False,+-62.5%,True,534.6K,False,$4.92 / SMA $5.78,True,4.51%,False,+0.5%,True,32.6M,True,NMS,False,
GSL,"Global Ship Lease, Inc.",45.48,2026-10-09T01:39:43.197463+00:00,False,+66.7%,,N/A,False,+-5.0%,False,322.6K,True,$45.48 / SMA $44.14,False,2.23%,False,+2.0%,True,31.9M,True,NYQ,False,
GSM,Ferroglobe PLC,4.19,2026-10-09T01:41:28.547221+00:00,False,+36.0%,,N/A,True,+633.3%,True,1409.1K,True,$4.19 / SMA $4.15,True,4.02%,False,+-2.1%,False,172.9M,True,NCM,False,
GT,The Goodyear Tire & Rubber Company,4.75,2026-10-09T01:39:38.990873+00:00,False,+3.3%,True,$1367.5M,False,+-181.6%,True,9070.8K,False,$4.75 / SMA $5.77,True,4.11%,False,+-4.8%,False,274.8M,True,NMS,False,
GTLB,GitLab Inc.,53.56,2026-10-09T01:36:09.541678+00:00,True,+186.0%,True,$8923.9M,False,+-266.7%,True,4727.5K,True,$53.56 / SMA $45.00,True,3.89%,False,+21.3%,True,137.7M,True,NMS,False,
GYRE,"Gyre Therapeutics, Inc.",6.76,2026-10-09T01:41:35.814408+00:00,False,+24.3%,True,$716.8M,False,+-300.0%,False,105.6K,False,$6.76 / SMA $6.82,True,4.83%,False,+-2.1%,True,35.9M,True,NCM,False,
HACQ,HCM IV Acquisition Corp.,10.035,2026-10-09T01:43:19.414550+00:00,False,+1.8%,True,$375.1M,,N/A,False,32.9K,False,$10.04 / SMA $10.06,False,0.01%,,N/A,True,28.7M,True,NGM,False,
HAE,Haemonetics Corporation,119.47,2026-10-09T01:37:52.867789+00:00,True,+148.0%,True,$5435.5M,False,+2.9%,True,678.9K,True,$119.47 / SMA $100.94,False,2.72%,False,+5.6%,True,44.9M,True,NYQ,False,
HALO,"Halozyme Therapeutics, Inc.",109.84,2026-10-09T01:34:23.466494+00:00,True,+79.4%,True,$12466.6M,True,+42.9%,True,2169.2K,True,$109.84 / SMA $105.10,False,2.84%,True,+47.7%,True,112.2M,True,NMS,False,
HAWK,"HawkEye 360, Inc.",14.0,2026-10-09T01:37:53.991832+00:00,False,+3.5%,True,$1371.5M,,N/A,True,1147.7K,False,$14.00 / SMA $18.98,True,4.61%,,N/A,True,67.4M,True,NYQ,False,
HBANM,Huntington Bancshares Incorporated,19.2,2026-10-09T01:33:56.505294+00:00,False,+0.2%,,N/A,,N/A,False,19.9K,False,$19.20 / SMA $20.28,False,2.10%,True,+46.4%,False,2007.2M,True,NMS,False,
HBGRF,Heidelberger Druckmaschinen Aktiengesellschaft,1.6,2026-10-09T01:43:11.811002+00:00,False,+1.3%,True,$486.9M,False,+-175.0%,False,0.0K,False,$1.60 / SMA $1.67,False,0.00%,False,+-13.3%,False,244.1M,False,PNK,False,
HCHDF,Hochschild Mining plc,6.89,2026-10-09T01:36:12.885065+00:00,False,+67.6%,True,$3544.6M,,N/A,False,4.2K,False,$6.89 / SMA $7.61,True,3.05%,,N/A,False,315.2M,False,OQX,False,
HCMLY,Holcim AG,15.17,2026-10-09T01:33:50.644618+00:00,False,+1.7%,True,$41954.5M,,N/A,False,151.1K,False,$15.17 / SMA $17.08,False,1.54%,,N/A,False,2520.0M,False,PNK,False,
HD,"The Home Depot, Inc.",295.47,2026-10-09T01:33:40.473278+00:00,False,+6.6%,True,$294787.4M,False,+4.6%,True,4217.2K,False,$295.47 / SMA $317.29,False,2.04%,False,+5.7%,False,995.9M,True,NYQ,False,
HDALF,Haidilao International Holding Ltd.,1.178,2026-10-09T01:34:20.338613+00:00,False,+6.1%,True,$6847.4M,,N/A,False,16.7K,False,$1.18 / SMA $1.39,False,1.88%,,N/A,False,1996.2M,False,PNK,False,
HEI.A,HEI.A,,2026-10-09T01:33:55.067632+00:00,False,N/A,False,N/A,False,N/A,False,N/A,False,N/A,False,N/A,False,N/A,False,N/A,False,Unknown,False,No price data available
HELE,Helen of Troy Limited,26.55,2026-10-09T01:41:34.994274+00:00,True,+91.7%,True,$618.4M,True,+107.7%,False,422.6K,False,$26.55 / SMA $28.20,True,5.37%,False,+8.2%,True,21.5M,True,NMS,False,
HENKY,Henkel AG & Co. KGaA,19.14,2026-10-09T01:33:57.812158+00:00,False,+13.7%,True,$30995.4M,,N/A,False,68.7K,False,$19.14 / SMA $20.01,False,1.29%,,N/A,False,978.7M,False,PNK,False,
HGV,Hilton Grand Vacations Inc.,34.56,2026-10-09T01:36:13.719622+00:00,False,+1.7%,True,$2686.1M,False,+-40.0%,True,1095.5K,False,$34.56 / SMA $40.76,True,3.47%,False,+7.3%,True,47.7M,True,NYQ,False,
HHUSF,Hua Hong Grace Semiconductor Limited,14.15,2026-10-09T01:33:56.234079+00:00,False,+50.9%,True,$33057.9M,True,+1000.0%,False,0.1K,False,$14.15 / SMA $15.27,False,0.00%,,N/A,False,956.2M,False,PNK,False,
HIFS,Hingham Institution for Savings,290.61,2026-10-09T01:41:34.506895+00:00,False,+16.9%,True,$638.5M,True,+168.5%,False,43.6K,False,$290.61 / SMA $298.99,True,3.08%,True,+105.9%,True,1.6M,True,NGM,False,
HIMS,"Hims & Hers Health, Inc.",28.06,2026-10-09T01:36:05.338410+00:00,True,+104.2%,True,$6546.8M,False,+-317.6%,True,11958.7K,False,$28.06 / SMA $29.37,True,5.51%,True,+38.2%,False,213.7M,True,NYQ,False,
HIPO,Hippo Holdings Inc.,34.21,2026-10-09T01:41:32.383684+00:00,False,+42.1%,True,$902.8M,True,+660.0%,False,174.6K,True,$34.21 / SMA $32.39,False,2.95%,False,+23.4%,True,22.4M,True,NYQ,False,
HL,Hecla Mining Company,16.73,2026-10-09T01:34:15.428003+00:00,False,+41.7%,True,$11238.7M,True,+88.9%,True,37809.3K,False,$16.73 / SMA $18.42,True,3.99%,True,+52.4%,False,668.3M,True,NYQ,False,
HLDCY,Henderson Land Development Company Limited,3.38,2026-10-09T01:34:04.632245+00:00,False,+9.7%,True,$16363.9M,,N/A,False,153.2K,False,$3.38 / SMA $3.47,False,2.92%,,N/A,False,1331.9M,False,PNK,False,
HLFFF,HelloFresh SE,2.887,2026-10-09T01:41:30.553805+00:00,False,+0.0%,True,$418.5M,False,+-75.0%,False,1.5K,False,$2.89 / SMA $3.37,False,0.22%,False,+-8.8%,True,116.1M,False,PNK,False,
HLMAF,Halma plc,45.5696,2026-10-09T01:34:01.483522+00:00,False,+6.3%,True,$17210.6M,,N/A,False,7.9K,False,$45.57 / SMA $47.92,True,4.87%,,N/A,False,373.2M,False,PNK,False,
HLN,Haleon plc,9.26,2026-10-09T01:33:53.044183+00:00,False,+7.1%,True,$40722.1M,,N/A,True,13687.4K,False,$9.26 / SMA $9.55,False,1.60%,,N/A,False,4427.4M,True,NYQ,False,
HLPPY,Hang Lung Properties Limited,4.07,2026-10-09T01:36:05.633780+00:00,False,+1.0%,True,$4235.3M,,N/A,False,9.7K,False,$4.07 / SMA $4.42,False,1.92%,,N/A,False,345.8M,False,OID,False,
HLTFF,Hilton Food Group plc,9.259,2026-10-09T01:41:33.014226+00:00,False,+44.7%,True,$832.9M,,N/A,False,0.0K,True,$9.26 / SMA $8.51,False,0.00%,,N/A,True,74.7M,False,PNK,False,
HMC,"Honda Motor Co., Ltd.",32.48,2026-10-09T01:33:55.851121+00:00,False,+39.7%,True,$42148.4M,True,+147.5%,True,999.6K,True,$32.48 / SMA $31.82,False,1.23%,False,+13.5%,False,1297.2M,True,NYQ,False,
HMDPF,Hammond Power Solutions Inc.,197.0,2026-10-09T01:37:56.573786+00:00,True,+113.2%,True,$2345.3M,False,+-64.1%,False,5.2K,True,$197.00 / SMA $184.51,False,2.68%,True,+61.3%,True,8.7M,False,PNK,False,
HMMCF,Hemlo Mining Corp.,3.7,2026-10-09T01:39:44.327319+00:00,True,+346.1%,True,$1096.6M,True,+600.0%,False,55.4K,False,$3.70 / SMA $4.98,True,4.73%,,N/A,False,280.5M,False,OQX,False,
HNNMY,H & M Hennes & Mauritz AB (publ),3.23,2026-10-09T01:33:58.802631+00:00,False,+5.2%,True,$25781.4M,False,+0.4%,False,220.7K,False,$3.23 / SMA $3.49,False,1.39%,False,+-3.3%,False,2307.7M,False,PNK,False,
HNRG,Hallador Energy Company,14.5,2026-10-09T01:41:27.552938+00:00,False,+9.9%,True,$683.6M,False,+-268.4%,True,734.0K,False,$14.50 / SMA $15.26,True,4.86%,False,+-1.3%,True,37.4M,True,NCM,False,
HOCPF,HOYA Corporation,155.97,2026-10-09T01:33:49.755462+00:00,False,+14.3%,True,$52025.6M,,N/A,False,0.1K,True,$155.97 / SMA $153.58,False,0.13%,,N/A,False,334.6M,False,PNK,False,
HOCPY,HOYA Corporation,157.09,2026-10-09T01:33:49.607353+00:00,False,+13.1%,True,$52399.2M,,N/A,False,37.7K,True,$157.09 / SMA $154.88,False,1.69%,,N/A,False,334.6M,False,PNK,False,
HOG,"Harley-Davidson, Inc.",26.75,2026-10-09T01:37:57.253909+00:00,False,+56.5%,True,$2783.9M,False,+-14.8%,True,2129.8K,True,$26.75 / SMA $26.51,True,3.48%,False,+-5.9%,True,102.9M,True,NYQ,False,
HOOD,"Robinhood Markets, Inc.",107.01,2026-10-09T01:33:48.106268+00:00,False,+68.5%,True,$96210.8M,True,+47.6%,True,20998.7K,True,$107.01 / SMA $106.79,True,4.72%,True,+32.3%,False,784.3M,True,NMS,False,
HPE,Hewlett Packard Enterprise Company,71.0,2026-10-09T01:33:51.022818+00:00,True,+257.9%,True,$94250.0M,True,+404.8%,True,20485.6K,True,$71.00 / SMA $57.55,True,5.29%,True,+33.7%,False,1321.4M,True,NYQ,False,
HPGLY,Hapag-Lloyd Aktiengesellschaft,75.0,2026-10-09T01:34:01.934367+00:00,False,+18.5%,True,$26364.0M,False,+-73.5%,False,0.7K,False,$75.00 / SMA $76.71,False,0.10%,False,+8.4%,True,12.7M,False,PNK,False,
HPHTF,Hamamatsu Photonics K.K.,14.675,2026-10-09T01:36:03.919397+00:00,False,+60.4%,True,$4237.2M,,N/A,False,0.2K,False,$14.68 / SMA $14.68,False,0.04%,,N/A,False,280.0M,False,PNK,False,
HPHTY,Hamamatsu Photonics K.K.,7.605,2026-10-09T01:36:04.023940+00:00,False,+54.3%,True,$4391.7M,,N/A,False,0.3K,True,$7.61 / SMA $7.30,False,0.00%,,N/A,False,559.9M,False,PNK,False,
HPK,"HighPeak Energy, Inc.",8.73,2026-10-09T01:39:50.517341+00:00,True,+126.8%,True,$1103.9M,,N/A,False,477.2K,True,$8.73 / SMA $7.89,True,6.00%,,N/A,True,21.8M,True,NGM,False,
HQH,Abrdn Healthcare Investors,19.13,2026-10-09T01:39:47.909163+00:00,False,+11.6%,,N/A,,N/A,False,213.9K,False,$19.13 / SMA $21.95,False,2.52%,,N/A,,N/A,True,NYQ,False,
HR,Healthcare Realty Trust Incorporated,17.19,2026-10-09T01:35:58.138745+00:00,False,+5.4%,True,$5964.9M,True,+71.1%,True,3835.2K,False,$17.19 / SMA $18.85,False,1.85%,False,+-5.3%,False,340.4M,True,NYQ,False,
HRIBF,"HORIBA, Ltd.",137.0,2026-10-09T01:35:59.882918+00:00,True,+85.1%,True,$5757.0M,,N/A,False,0.0K,False,$137.00 / SMA $151.77,False,0.00%,,N/A,True,34.4M,False,PNK,False,
HRZRF,Horizon Robotics,0.55,2026-10-09T01:34:15.876384+00:00,False,+10.0%,,N/A,,N/A,False,16.9K,False,$0.55 / SMA_short $0.60,False,1.95%,,N/A,False,11071.1M,False,PNK,False,
HSAI,Hesai Group,15.61,2026-10-09T01:37:49.986033+00:00,False,+9.2%,True,$19623.9M,True,+25.0%,True,1416.7K,False,$15.61 / SMA $17.32,False,2.92%,False,+21.9%,True,126.2M,True,NMS,False,
HSHCY,"Haier Smart Home Co., Ltd.",10.23,2026-10-09T01:33:59.368384+00:00,False,+5.6%,True,$23792.6M,,N/A,False,82.9K,False,$10.23 / SMA $10.55,True,3.19%,False,+1.4%,False,1377.5M,False,PNK,False,
HSIC,"Henry Schein, Inc.",84.63,2026-10-09T01:34:22.142280+00:00,False,+36.6%,True,$9431.7M,False,+17.1%,True,1196.8K,False,$84.63 / SMA $87.63,False,2.34%,False,+6.7%,True,91.7M,True,NMS,False,
HSY,The Hershey Company,162.54,2026-10-09T01:33:53.604672+00:00,False,+4.1%,True,$32658.5M,True,+629.0%,True,1469.0K,False,$162.54 / SMA $174.37,False,1.88%,False,+6.6%,True,144.9M,True,NYQ,False,
HTCMY,"Hitachi Construction Machinery Co., Ltd.",71.14,2026-10-09T01:35:59.592112+00:00,False,+27.2%,True,$7411.1M,,N/A,False,0.0K,True,$71.14 / SMA $69.96,False,0.00%,,N/A,True,70.8M,False,PNK,False,
HTD,John Hancock Tax-Advantaged Dividend Income Fund,22.31,2026-10-09T01:41:26.341590+00:00,False,+1.9%,True,$790.5M,,N/A,False,68.4K,False,$22.31 / SMA $24.30,False,2.23%,,N/A,,N/A,True,NYQ,False,
HTHIY,"Hitachi, Ltd.",35.08,2026-10-09T01:33:42.799385+00:00,False,+28.9%,True,$156652.0M,,N/A,False,477.8K,True,$35.08 / SMA $34.66,True,3.23%,,N/A,False,4404.4M,False,PNK,False,
HTZ,"Hertz Global Holdings, Inc.",1.96,2026-10-09T01:39:39.323183+00:00,False,+35.2%,True,$698.6M,True,+105.3%,True,28870.4K,False,$1.96 / SMA $2.00,True,6.27%,False,+9.7%,False,170.6M,True,NMS,False,
HUBS,"HubSpot, Inc.",231.84,2026-10-09T01:34:17.668127+00:00,False,+36.7%,True,$11868.1M,True,+1533.3%,True,1753.0K,True,$231.84 / SMA $230.14,True,5.54%,False,+19.8%,True,48.0M,True,NYQ,False,
HUNGF,"Huaneng Power International, Inc.",0.77,2026-10-09T01:34:08.268090+00:00,False,+10.3%,True,$12178.0M,,N/A,False,2.4K,True,$0.77 / SMA $0.74,False,0.00%,False,+-16.9%,False,7436.3M,False,PNK,False,
HUYA,HUYA Inc.,2.24,2026-10-09T01:41:36.006187+00:00,False,+10.9%,True,$511.5M,True,+150.0%,True,939.4K,False,$2.24 / SMA $2.25,False,2.94%,False,+11.0%,True,77.6M,True,NYQ,False,
HYLN,Hyliion Holdings Corp.,3.77,2026-10-09T01:39:49.299748+00:00,True,+141.7%,True,$673.3M,False,+0.0%,True,2526.0K,False,$3.77 / SMA $3.86,True,6.64%,True,+226.3%,True,124.7M,True,ASE,False,
HYMC,Hycroft Mining Holding Corporation,18.21,2026-10-09T01:37:53.072503+00:00,True,+181.0%,True,$1696.8M,True,+46.5%,True,1862.6K,False,$18.21 / SMA $22.71,True,5.62%,,N/A,True,55.0M,True,NCM,False,
HYPMY,Hypera S.A.,5.34,2026-10-09T01:37:51.465087+00:00,False,+43.9%,True,$3759.3M,False,+4.5%,False,95.2K,True,$5.34 / SMA $4.40,True,4.36%,False,+8.5%,False,305.7M,False,OID,False,
IACOU,Idea Acquisition Corp.,10.05,2026-10-09T01:43:15.692824+00:00,False,+1.8%,,N/A,,N/A,False,7.5K,True,$10.05 / SMA $10.04,False,0.00%,,N/A,True,32.7M,True,NGM,False,
IBN,ICICI Bank Limited,27.9,2026-10-09T01:33:45.090153+00:00,False,+11.2%,True,$100141.6M,False,+13.8%,True,5376.5K,False,$27.90 / SMA $29.16,False,1.30%,False,+7.7%,False,3572.2M,True,NYQ,False,
ICE,"Intercontinental Exchange, Inc.",155.35,2026-10-09T01:33:45.582367+00:00,False,+27.6%,True,$87212.6M,,N/A,True,3404.3K,True,$155.35 / SMA $155.21,False,2.17%,False,+10.7%,False,557.5M,True,NYQ,False,
ICHGF,InterContinental Hotels Group PLC,158.0,2026-10-09T01:34:02.068216+00:00,False,+35.1%,True,$23086.6M,,N/A,False,0.1K,True,$158.00 / SMA $157.02,False,0.12%,,N/A,True,139.7M,False,PNK,False,
ICTEF,"International Container Terminal Services, Inc.",14.85,2026-10-09T01:33:58.834153+00:00,True,+73.3%,True,$29976.1M,True,+25.9%,False,3.8K,False,$14.85 / SMA $15.52,True,6.23%,True,+26.6%,False,505.4M,False,PNK,False,
IDCBY,Industrial and Commercial Bank of China Limited,19.3,2026-10-09T01:33:40.213916+00:00,False,+38.1%,True,$449327.6M,,N/A,False,45.4K,True,$19.30 / SMA $19.05,False,2.67%,False,+10.8%,False,10484.0M,False,PNK,False,
IE,Ivanhoe Electric Inc.,9.66,2026-10-09T01:39:36.155963+00:00,False,+23.0%,True,$1541.6M,False,+11.1%,True,2094.0K,False,$9.66 / SMA $10.39,True,6.09%,False,+-32.2%,True,127.2M,True,ASE,False,
ILKAY,Iluka Resources Limited,20.35,2026-10-09T01:37:57.576800+00:00,False,+19.6%,True,$1755.2M,,N/A,False,1.1K,False,$20.35 / SMA $23.20,False,0.31%,,N/A,True,82.7M,False,PNK,False,
ILLU,Illumination Acquisition Corp I,9.97,2026-10-09T01:43:18.852878+00:00,False,+1.5%,True,$312.0M,,N/A,False,46.7K,True,$9.97 / SMA $9.96,False,0.03%,,N/A,,N/A,True,NGM,False,
IMAX,IMAX Corporation,51.31,2026-10-09T01:38:00.483251+00:00,False,+66.9%,True,$2813.9M,True,+35.0%,True,1250.1K,False,$51.31 / SMA $52.21,True,3.95%,False,+12.2%,True,41.9M,True,NYQ,False,
IMNM,"Immunome, Inc.",19.31,2026-10-09T01:37:57.662395+00:00,False,+43.1%,True,$2278.6M,False,+-30.0%,True,1189.9K,False,$19.31 / SMA $25.01,True,5.07%,False,+-100.0%,True,108.7M,True,NCM,False,
IMPUF,Impala Platinum Holdings Limited,10.89,2026-10-09T01:34:13.881637+00:00,False,+6.8%,True,$9774.5M,,N/A,False,0.5K,False,$10.89 / SMA $12.05,False,0.54%,,N/A,False,743.0M,False,OQX,False,
INDV,"Indivior Pharmaceuticals, Inc.",35.45,2026-10-09T01:36:09.252551+00:00,False,+54.5%,True,$4184.2M,,N/A,True,2073.1K,False,$35.45 / SMA $36.46,False,2.67%,False,+13.6%,True,109.5M,True,NMS,False,
INNV,InnovAge Holding Corp.,9.11,2026-10-09T01:41:25.894537+00:00,True,+131.5%,True,$1243.1M,True,+700.0%,False,440.4K,False,$9.11 / SMA $10.40,True,4.66%,False,+18.3%,True,32.4M,True,NMS,False,
INRE,"Inland Real Estate Income Trust, Inc.",9.5,2026-10-09T01:43:18.537648+00:00,True,+1583233.3%,True,$343.1M,,N/A,False,1.5K,False,$9.50 / SMA_short $9.91,,N/A,,N/A,,N/A,False,PNK,False,
INV,"Innventure, Inc.",0.3033,2026-10-09T01:41:36.731842+00:00,False,+21.3%,False,$26.3M,True,+80.0%,True,5682.5K,False,$0.30 / SMA $1.52,True,20.41%,True,+100.2%,True,68.2M,True,NGM,False,
IPGLF,Interpump Group S.p.A.,51.0,2026-10-09T01:36:13.243335+00:00,False,+36.9%,True,$5359.8M,False,+8.0%,False,0.0K,True,$51.00 / SMA $51.00,False,0.00%,False,+1.1%,True,105.1M,False,PNK,False,
IPGP,IPG Photonics Corporation,77.74,2026-10-09T01:36:07.078473+00:00,False,+12.0%,True,$3306.6M,False,+-25.0%,False,471.3K,False,$77.74 / SMA $80.16,True,3.53%,False,+11.1%,True,27.8M,True,NMS,False,
IPI,"Intrepid Potash, Inc.",33.05,2026-10-09T01:41:37.939763+00:00,False,+46.6%,True,$444.7M,True,+368.0%,False,191.4K,False,$33.05 / SMA $36.64,True,4.04%,False,+-1.3%,True,10.6M,True,NYQ,False,
IPSC,"Century Therapeutics, Inc.",1.46,2026-10-09T01:43:17.429740+00:00,True,+235.6%,False,$264.4M,True,+55.3%,True,649.6K,False,$1.46 / SMA $1.90,True,7.53%,,N/A,True,101.3M,True,NCM,False,
IPXHY,Inpex Corporation,23.54,2026-10-09T01:33:58.240992+00:00,False,+38.7%,True,$27219.8M,,N/A,False,50.1K,False,$23.54 / SMA $24.03,True,3.15%,,N/A,False,858.4M,False,PNK,False,
IPZYF,IP Group Plc,0.9054,2026-10-09T01:41:30.013582+00:00,False,+33.5%,True,$799.9M,,N/A,False,0.0K,True,$0.91 / SMA $0.91,False,0.00%,,N/A,False,865.9M,False,PNK,False,
IQI,Invesco Quality Municipal Income Trust,8.85,2026-10-09T01:41:39.087400+00:00,False,+4.5%,,N/A,,N/A,False,210.7K,False,$8.85 / SMA $9.65,False,2.20%,,N/A,,N/A,True,NYQ,False,
IRCUF,Irish Continental Group plc,8.91,2026-10-09T01:39:48.580241+00:00,False,+38.4%,True,$1322.8M,,N/A,False,12.4K,True,$8.91 / SMA $8.77,False,0.31%,,N/A,True,91.5M,False,PNK,False,
IRMD,IRADIMED CORPORATION,85.88,2026-10-09T01:39:46.727100+00:00,False,+20.4%,True,$1098.1M,False,+-8.9%,False,126.0K,False,$85.88 / SMA $86.62,False,2.53%,False,+0.3%,True,8.3M,True,NGM,False,
ISLMF,InSilico Medicine Cayman TopCo,6.2,2026-10-09T01:37:47.659691+00:00,False,+19.7%,,N/A,,N/A,False,199.2K,False,$6.20 / SMA_short $6.76,True,8.05%,,N/A,False,502.9M,False,PNK,False,
ISTR,Investar Holding Corporation,29.06,2026-10-09T01:43:18.004434+00:00,False,+35.6%,True,$400.4M,True,+32.6%,False,130.4K,False,$29.06 / SMA $29.99,False,1.87%,True,+64.1%,True,12.5M,True,NGM,False,
ITFS,Itafos Inc.,1.52,2026-10-09T01:43:19.395773+00:00,False,+4.8%,False,$296.1M,False,+-123.1%,False,23.8K,False,$1.52 / SMA $1.66,False,2.29%,False,+13.6%,False,191.5M,False,OQX,False,
ITGR,Integer Holdings Corporation,126.65,2026-10-09T01:37:52.405754+00:00,True,+104.3%,True,$4305.7M,False,+-33.7%,True,981.6K,True,$126.65 / SMA $125.17,False,0.15%,False,+-2.6%,True,33.7M,True,NYQ,False,
ITRI,"Itron, Inc.",84.23,2026-10-09T01:37:47.587100+00:00,False,+8.3%,True,$3688.2M,False,+-19.0%,True,744.4K,False,$84.23 / SMA $95.49,False,2.66%,,N/A,True,43.0M,True,NMS,False,
ITRN,Ituran Location and Control Ltd.,51.78,2026-10-09T01:39:46.553257+00:00,False,+47.9%,True,$1027.1M,True,+31.3%,False,126.9K,False,$51.78 / SMA $51.89,False,2.00%,False,+20.7%,True,15.5M,True,NMS,False,
IVSXF,Investor AB (publ),40.2,2026-10-09T01:33:43.575379+00:00,False,+29.0%,True,$123153.9M,,N/A,False,0.5K,False,$40.20 / SMA $41.69,False,0.32%,,N/A,False,2441.5M,False,PNK,False,
IVT,InvenTrust Properties Corp.,29.59,2026-10-09T01:37:56.630172+00:00,False,+10.4%,True,$2307.4M,False,+-98.4%,True,637.2K,False,$29.59 / SMA $31.88,False,1.81%,False,+12.6%,True,77.3M,True,NYQ,False,
JAPAY,Japan Tobacco Inc.,22.14,2026-10-09T01:33:47.785670+00:00,False,+41.5%,True,$78612.8M,,N/A,False,58.0K,True,$22.14 / SMA $21.88,False,1.93%,,N/A,False,2193.3M,False,PNK,False,
JAZZ,Jazz Pharmaceuticals plc,222.45,2026-10-09T01:34:09.469053+00:00,True,+72.7%,True,$14440.2M,True,+123.7%,True,850.5K,False,$222.45 / SMA $245.19,False,2.52%,False,+15.5%,True,63.0M,True,NMS,False,
JBARF,Julius Bär Gruppe AG,85.4,2026-10-09T01:34:08.081609+00:00,False,+32.0%,True,$17572.2M,,N/A,False,1.3K,False,$85.40 / SMA $91.13,False,0.88%,,N/A,False,205.0M,False,PNK,False,
JBIO,"Jade Biosciences, Inc.",14.15,2026-10-09T01:39:48.412515+00:00,False,+69.3%,True,$899.9M,False,+11.6%,True,888.7K,False,$14.15 / SMA $18.99,True,6.84%,,N/A,True,52.0M,True,NCM,False,
JBLU,JetBlue Airways Corporation,3.92,2026-10-09T01:39:36.118440+00:00,False,+3.3%,True,$1479.1M,False,+-214.3%,True,25875.5K,False,$3.92 / SMA $4.86,True,3.79%,False,+14.5%,False,337.9M,True,NMS,False,
JBSS,"John B. Sanfilippo & Son, Inc.",68.39,2026-10-09T01:41:26.390718+00:00,False,+15.8%,True,$799.7M,False,+-38.3%,False,136.4K,False,$68.39 / SMA $73.89,False,2.45%,False,+4.2%,True,9.0M,True,NMS,False,
JCAP,"Jefferson Capital, Inc.",19.95,2026-10-09T01:41:23.604509+00:00,False,+28.7%,True,$1145.6M,False,+-96.0%,False,327.5K,False,$19.95 / SMA $20.81,False,2.93%,False,+16.3%,True,16.8M,True,NMS,False,
JGCCY,JGC Holdings Corporation,28.85,2026-10-09T01:36:12.501325+00:00,False,+43.5%,True,$3491.9M,,N/A,False,0.1K,True,$28.85 / SMA $27.47,False,0.00%,,N/A,True,110.6M,False,PNK,False,
JGHAF,Jungheinrich Aktiengesellschaft,33.84,2026-10-09T01:37:53.547691+00:00,False,+0.0%,True,$3451.7M,,N/A,False,0.0K,False,$33.84 / SMA $33.84,False,0.00%,,N/A,True,48.0M,False,PNK,False,
JJSF,J&J Snack Foods Corp.,81.69,2026-10-09T01:39:43.135081+00:00,False,+18.6%,True,$1526.1M,False,+-16.8%,False,217.3K,False,$81.69 / SMA $83.03,False,2.34%,False,+-6.2%,True,14.8M,True,NMS,False,
JOUT,Johnson Outdoors Inc.,44.4,2026-10-09T01:43:14.574631+00:00,False,+24.5%,True,$465.3M,True,+90.2%,False,43.7K,False,$44.40 / SMA $45.80,False,2.54%,False,+5.0%,True,5.8M,True,NMS,False,
JPC,Nuveen Preferred & Income Opportunities Fund,6.65,2026-10-09T01:37:54.424891+00:00,False,+1.5%,True,$2499.6M,,N/A,True,1500.3K,False,$6.65 / SMA $7.23,False,1.78%,,N/A,,N/A,True,NYQ,False,
JPNPY,"Japan Post Insurance Co., Ltd.",11.4692,2026-10-09T01:34:16.856888+00:00,False,+24.0%,True,$12428.9M,,N/A,False,0.0K,True,$11.47 / SMA $10.20,False,0.00%,,N/A,False,517.5M,False,PNK,False,
JPPHY,"Japan Post Holdings Co., Ltd.",17.04,2026-10-09T01:33:54.112857+00:00,True,+91.9%,True,$46594.1M,,N/A,False,1.2K,True,$17.04 / SMA $15.52,True,5.59%,,N/A,False,1572.4M,False,PNK,False,
JPPTY,"JAPAN POST BANK Co., Ltd.",20.65,2026-10-09T01:33:47.524285+00:00,True,+118.3%,True,$73555.0M,,N/A,False,67.0K,False,$20.65 / SMA $20.71,True,4.60%,,N/A,False,1777.7M,False,PNK,False,
JRI,Nuveen Real Asset Income and Growth Fund,10.51,2026-10-09T01:43:21.232631+00:00,False,+1.4%,True,$380.4M,,N/A,False,167.5K,False,$10.51 / SMA $11.83,False,1.76%,,N/A,,N/A,True,NYQ,False,
JXHLY,"ENEOS Holdings, Inc.",16.5,2026-10-09T01:34:02.890382+00:00,False,+39.7%,True,$21900.9M,,N/A,False,0.6K,False,$16.50 / SMA $17.27,False,0.81%,,N/A,False,1319.6M,False,PNK,False,
KBONU,Karbon Capital Partners Corp.,10.23,2026-10-09T01:43:21.433541+00:00,False,+2.2%,,N/A,,N/A,False,4.7K,False,$10.23 / SMA $10.29,False,0.03%,,N/A,True,29.2M,True,NGM,False,
KBR,"KBR, Inc.",35.18,2026-10-09T01:36:11.029280+00:00,False,+17.5%,True,$4435.1M,True,+33.9%,True,1467.9K,False,$35.18 / SMA $36.50,True,3.03%,False,+1.6%,True,124.4M,True,NYQ,False,
KDDIF,KDDI Corporation,19.74,2026-10-09T01:33:48.252109+00:00,False,+39.2%,True,$72958.3M,,N/A,False,0.4K,True,$19.74 / SMA $18.44,False,0.23%,,N/A,False,2988.8M,False,PNK,False,
KEEL,Keel Infrastructure Corp.,3.15,2026-10-09T01:37:53.969540+00:00,True,+87.5%,True,$1945.4M,False,+-1000.0%,True,32958.5K,False,$3.15 / SMA $3.56,True,6.31%,False,+-50.0%,False,589.8M,True,NGM,False,
KELYA,"Kelly Services, Inc.",16.17,2026-10-09T01:43:18.043377+00:00,True,+102.6%,True,$561.6M,False,+-40.4%,False,311.3K,True,$16.17 / SMA $16.16,False,2.42%,False,+-5.8%,True,29.5M,True,NMS,False,
KGC,Kinross Gold Corporation,23.34,2026-10-09T01:33:55.993024+00:00,False,+6.0%,True,$27686.9M,True,+65.1%,True,7999.6K,False,$23.34 / SMA $27.60,True,3.08%,True,+29.5%,False,1179.6M,True,NYQ,False,
KKKUF,"Kakaku.com, Inc.",24.363,2026-10-09T01:36:11.168831+00:00,True,+118.5%,True,$4883.2M,,N/A,False,0.0K,True,$24.36 / SMA $23.70,False,0.00%,,N/A,True,83.0M,False,PNK,False,
KKPNF,Koninklijke KPN N.V.,4.41,2026-10-09T01:34:03.971470+00:00,False,+5.0%,True,$16635.1M,False,+0.0%,False,26.5K,False,$4.41 / SMA $4.68,True,8.69%,False,+0.5%,False,3768.1M,False,PNK,False,
KLAC,KLA Corporation,196.72,2026-10-09T01:33:40.970391+00:00,True,+100.5%,True,$256720.9M,False,+14.8%,True,10123.8K,True,$196.72 / SMA $187.63,True,3.62%,False,+15.2%,False,1303.5M,True,NMS,False,
KNCRY,Konecranes Plc,8.2,2026-10-09T01:34:24.775262+00:00,True,+162.3%,True,$7794.7M,False,+-9.5%,False,0.3K,False,$8.20 / SMA $8.46,False,0.70%,False,+-3.1%,False,743.0M,False,PNK,False,
KNRRY,Knorr-Bremse AG,27.59,2026-10-09T01:34:05.436705+00:00,False,+22.0%,True,$17790.0M,,N/A,False,19.7K,False,$27.59 / SMA $29.59,False,1.14%,False,+9.4%,False,244.4M,False,PNK,False,
KNYJF,KONE Oyj,58.12,2026-10-09T01:33:57.706676+00:00,False,+10.3%,True,$30122.6M,False,+12.2%,False,0.3K,False,$58.12 / SMA $58.69,False,0.19%,False,+9.9%,False,367.3M,False,PNK,False,
KOD,Kodiak Sciences Inc.,94.26,2026-10-09T01:37:59.068528+00:00,True,+761.6%,True,$5924.2M,False,+-1.9%,True,1563.5K,True,$94.26 / SMA $47.81,True,9.63%,,N/A,True,36.9M,True,NGM,False,
KOF,"Coca-Cola FEMSA, S.A.B. de C.V.",109.71,2026-10-09T01:36:04.428116+00:00,False,+36.8%,,N/A,False,+-85.4%,False,129.5K,False,$109.71 / SMA $110.33,False,2.11%,False,+4.7%,True,52.4M,True,NYQ,False,
KOS,Kosmos Energy Ltd.,2.69,2026-10-09T01:39:37.213538+00:00,True,+220.2%,True,$1601.9M,True,+272.2%,True,13877.8K,False,$2.69 / SMA $2.70,True,5.55%,True,+54.7%,False,581.6M,True,NYQ,False,
KOYNU,"CSLM Digital Asset Acquisition Corp III, Ltd",10.3201,2026-10-09T01:43:24.934192+00:00,False,+2.2%,,N/A,,N/A,False,0.3K,True,$10.32 / SMA $10.29,False,0.00%,,N/A,True,23.3M,True,NGM,False,
KPLUF,K+S Aktiengesellschaft,18.65,2026-10-09T01:37:50.604853+00:00,False,+41.7%,True,$3368.0M,True,+136.7%,False,0.0K,True,$18.65 / SMA $18.22,False,0.16%,False,+12.3%,False,179.1M,False,OQX,False,
KRC,Kilroy Realty Corporation,34.19,2026-10-09T01:36:13.061669+00:00,False,+25.0%,True,$4015.4M,False,+-70.2%,True,1279.3K,False,$34.19 / SMA $35.34,False,2.00%,,N/A,True,103.8M,True,NYQ,False,
KRNT,Kornit Digital Ltd.,18.155,2026-10-09T01:41:32.447688+00:00,False,+52.2%,True,$780.1M,False,+-52.9%,False,295.2K,True,$18.16 / SMA $16.50,True,3.57%,False,+11.2%,True,38.6M,True,NMS,False,
KRSP.U,KRSP.U,,2026-10-09T01:43:12.557959+00:00,False,N/A,False,N/A,False,N/A,False,N/A,False,N/A,False,N/A,False,N/A,False,N/A,False,Unknown,False,No price data available
KRUS,"Kura Sushi USA, Inc.",39.93,2026-10-09T01:41:33.011317+00:00,False,+17.6%,True,$485.1M,False,+-40.0%,False,229.3K,False,$39.93 / SMA $44.00,True,5.01%,False,+16.2%,True,7.0M,True,NGM,False,
KRYAF,Kerry Group plc,96.405,2026-10-09T01:34:11.183320+00:00,False,+27.5%,True,$15321.7M,,N/A,False,0.1K,True,$96.41 / SMA $95.62,False,0.00%,,N/A,False,158.6M,False,OID,False,
KSRYY,KOSE Holdings Corporation,6.65,2026-10-09T01:39:35.650145+00:00,False,+12.1%,True,$1887.0M,,N/A,False,0.1K,False,$6.65 / SMA $7.10,False,0.00%,,N/A,False,158.0M,False,PNK,False,
KTWIY,Kurita Water Industries Ltd.,97.0,2026-10-09T01:36:01.672299+00:00,True,+2609.5%,True,$5223.3M,,N/A,False,0.3K,False,$97.00 / SMA $101.79,False,0.40%,,N/A,True,54.0M,False,PNK,False,
KVYO,"Klaviyo, Inc.",17.57,2026-10-09T01:36:09.748927+00:00,False,+40.2%,True,$5258.3M,True,+66.7%,True,6000.7K,True,$17.57 / SMA $17.50,True,5.13%,True,+26.4%,True,125.4M,True,NYQ,False,
KXHCF,Kioxia Holdings Corporation,110.24,2026-10-09T01:33:41.327225+00:00,False,+10.2%,True,$176110.0M,,N/A,False,17.9K,False,$110.24 / SMA_short $115.16,True,4.63%,,N/A,False,1152.1M,False,PNK,False,
KXSCF,Kinaxis Inc.,124.25,2026-10-09T01:37:53.624085+00:00,False,+46.7%,True,$3378.1M,True,+38.2%,False,8.9K,False,$124.25 / SMA $124.64,False,0.79%,False,+19.6%,True,27.1M,False,PNK,False,
KYKOF,"Kyowa Kirin Co., Ltd.",14.1,2026-10-09T01:34:24.780853+00:00,True,+235.7%,True,$7382.6M,,N/A,False,3.9K,False,$14.10 / SMA $14.72,True,14.59%,,N/A,False,234.5M,False,PNK,False,
KYN,"Kayne Anderson Energy Infrastructure Fund, Inc.",14.21,2026-10-09T01:37:58.241823+00:00,False,+25.6%,True,$2403.3M,,N/A,False,331.6K,False,$14.21 / SMA $14.40,False,1.74%,,N/A,,N/A,True,NYQ,False,
KYTX,"Kyverna Therapeutics, Inc.",6.18,2026-10-09T01:41:38.195157+00:00,False,+3.7%,True,$382.2M,True,+35.1%,True,898.6K,False,$6.18 / SMA $7.61,True,5.82%,,N/A,True,39.7M,True,NMS,False,
LAB,Standard BioTools Inc.,0.6703,2026-10-09T01:43:17.358038+00:00,False,+6.4%,False,$263.1M,False,+22.2%,True,1543.5K,False,$0.67 / SMA $0.72,True,5.46%,False,+-7.6%,False,184.6M,True,NMS,False,
LANDO,Gladstone Land Corporation,19.8829,2026-10-09T01:43:16.876883+00:00,False,+7.5%,,N/A,,N/A,False,15.4K,False,$19.88 / SMA $20.64,False,1.39%,False,+3.2%,True,41.5M,True,NGM,False,
LAUR,"Laureate Education, Inc.",39.2,2026-10-09T01:36:08.627141+00:00,False,+56.9%,True,$5399.8M,True,+50.8%,True,1034.8K,True,$39.20 / SMA $37.42,False,2.63%,False,+17.5%,True,126.2M,True,NMS,False,
LB,LandBridge Company LLC,87.46,2026-10-09T01:36:02.139136+00:00,True,+99.9%,True,$6851.2M,True,+45.9%,False,269.5K,True,$87.46 / SMA $83.26,True,3.52%,True,+40.6%,True,28.1M,True,NYQ,False,
LCII,LCI Industries,80.19,2026-10-09T01:37:55.285722+00:00,False,+1.9%,True,$1949.5M,False,+20.1%,False,326.8K,False,$80.19 / SMA $95.77,True,3.04%,False,+-12.5%,True,23.4M,True,NYQ,False,
LDSVF,Chocoladefabriken Lindt & Sprüngli AG,9378.3,2026-10-09T01:33:58.642400+00:00,False,+7.7%,True,$21420.9M,,N/A,False,0.0K,False,$9378.30 / SMA $10749.72,False,0.97%,,N/A,True,0.2M,False,PNK,False,
LEGN,Legend Biotech Corporation,18.71,2026-10-09T01:36:05.286396+00:00,False,+15.2%,True,$3638.9M,True,+126.5%,True,2355.5K,False,$18.71 / SMA $19.76,True,4.50%,True,+51.9%,False,193.5M,True,NMS,False,
LGYRF,Landis+Gyr Group AG,54.62,2026-10-09T01:39:36.557757+00:00,False,+6.5%,True,$1454.2M,,N/A,False,0.1K,True,$54.62 / SMA $54.27,False,0.00%,,N/A,True,23.8M,False,PNK,False,
LIN,Linde plc,481.7,2026-10-09T01:33:41.092459+00:00,False,+24.2%,True,$222054.2M,False,+11.3%,True,2084.6K,True,$481.70 / SMA $477.68,False,1.61%,False,+9.3%,False,459.5M,True,NMS,False,
LIND,"Lindblad Expeditions Holdings, Inc.",35.54,2026-10-09T01:39:43.648188+00:00,True,+212.6%,True,$2332.1M,True,+88.9%,True,876.4K,True,$35.54 / SMA $30.39,True,4.53%,False,+18.6%,True,49.4M,True,NCM,False,
LION,Lionsgate Studios Corp.,11.28,2026-10-09T01:36:10.619218+00:00,True,+92.0%,True,$3356.5M,True,+75.0%,True,2693.4K,False,$11.28 / SMA $11.61,True,3.65%,True,+47.7%,,N/A,True,NYQ,False,
LKTEF,L.K. Technology Holdings Limited,0.15,2026-10-09T01:41:36.805986+00:00,False,+0.0%,False,$204.7M,,N/A,False,1.2K,False,$0.15 / SMA $0.22,False,0.00%,,N/A,False,506.8M,False,PNK,False,
LLESY,Lendlease Group,1.74,2026-10-09T01:39:43.218230+00:00,False,+0.0%,True,$1203.0M,,N/A,False,0.1K,False,$1.74 / SMA $2.05,False,0.24%,,N/A,False,643.3M,False,PNK,False,
LLOBF,Lloyds Banking Group plc 9.25% NON-CUM IRR PRF SHS GBP0.25,2.1,2026-10-09T01:33:46.912576+00:00,False,+12.9%,,N/A,,N/A,False,0.0K,True,$2.10 / SMA $2.00,False,0.00%,False,+14.7%,,N/A,False,PNK,False,
LLY,Eli Lilly and Company,1169.6,2026-10-09T01:33:39.698165+00:00,False,+49.2%,True,$1042980.7M,True,+26.2%,True,2473.1K,False,$1169.60 / SMA $1173.11,False,2.71%,True,+47.7%,False,888.9M,True,NYQ,False,
LNC,Lincoln National Corporation,40.99,2026-10-09T01:35:58.627031+00:00,False,+27.4%,True,$7847.4M,True,+76.8%,True,2037.6K,False,$40.99 / SMA $43.30,False,2.68%,False,+12.5%,False,171.6M,True,NYQ,False,
LNT,Alliant Energy Corporation,65.5,2026-10-09T01:34:05.062826+00:00,False,+4.7%,True,$16983.1M,False,+4.8%,True,2532.5K,False,$65.50 / SMA $67.42,False,1.60%,False,+5.0%,False,258.4M,True,NMS,False,
LNTH,"Lantheus Holdings, Inc.",100.12,2026-10-09T01:35:59.720670+00:00,True,+99.6%,True,$6537.8M,False,+-0.9%,True,1323.7K,False,$100.12 / SMA $100.48,False,0.40%,False,+2.7%,True,58.6M,True,NGM,False,
LOB,"Live Oak Bancshares, Inc.",34.57,2026-10-09T01:39:38.331911+00:00,False,+17.7%,True,$1600.0M,True,+45.1%,False,217.4K,False,$34.57 / SMA $39.66,False,2.48%,False,+9.6%,True,36.1M,True,NYQ,False,
LOKVU,LOKVU,,2026-10-09T01:43:27.519255+00:00,False,N/A,False,N/A,False,N/A,False,N/A,False,N/A,False,N/A,False,N/A,False,N/A,False,Unknown,False,No price data available
LOPE,"Grand Canyon Education, Inc.",160.3,2026-10-09T01:36:11.960934+00:00,False,+19.4%,True,$4178.2M,False,+18.2%,False,328.6K,True,$160.30 / SMA $149.96,False,2.72%,False,+6.7%,True,25.1M,True,NMS,False,
LPAAU,Launch One Acquisition Corp.,10.83,2026-10-09T01:43:26.360059+00:00,False,+2.6%,,N/A,,N/A,False,0.1K,False,$10.83 / SMA $11.10,False,0.29%,,N/A,True,1.8M,True,NGM,False,
LPTH,"LightPath Technologies, Inc.",9.74,2026-10-09T01:39:49.243471+00:00,False,+67.1%,True,$682.2M,True,+62.5%,True,2962.8K,False,$9.74 / SMA $11.28,True,5.70%,True,+73.3%,True,69.3M,True,NCM,False,
LRCX,Lam Research Corporation,320.59,2026-10-09T01:33:40.177950+00:00,True,+144.7%,True,$401194.1M,True,+34.1%,True,9368.8K,True,$320.59 / SMA $310.02,True,3.79%,True,+30.0%,False,1246.5M,True,NMS,False,
LRLCY,L'Oréal S.A.,84.6,2026-10-09T01:33:41.184146+00:00,False,+7.3%,True,$225310.9M,,N/A,False,149.4K,False,$84.60 / SMA $88.00,False,1.33%,,N/A,False,1158.4M,False,PNK,False,
LSAK,"Lesaka Technologies, Inc.",4.72,2026-10-09T01:43:16.284153+00:00,False,+30.4%,True,$405.0M,True,+111.4%,False,142.6K,True,$4.72 / SMA $4.51,True,4.63%,False,+-18.7%,True,54.0M,True,NMS,False,
LSCC,Lattice Semiconductor Corporation,124.98,2026-10-09T01:34:04.583880+00:00,True,+106.6%,True,$17750.9M,True,+600.0%,True,1730.8K,True,$124.98 / SMA $121.74,True,4.01%,True,+62.2%,True,140.9M,True,NMS,True,
LTH,"Life Time Group Holdings, Inc.",40.28,2026-10-09T01:34:25.811962+00:00,False,+66.9%,True,$9001.0M,True,+40.6%,True,2967.1K,False,$40.28 / SMA $42.49,True,3.44%,False,+13.7%,False,206.9M,True,NYQ,False,
LUNMF,Lundin Mining Corporation,23.54,2026-10-09T01:34:01.529903+00:00,False,+68.5%,True,$20041.0M,True,+126.7%,False,171.2K,False,$23.54 / SMA $25.49,True,3.08%,True,+31.9%,False,672.2M,False,PNK,False,
LWLG,"Lightwave Logic, Inc.",5.11,2026-10-09T01:38:02.030989+00:00,True,+79.9%,True,$787.8M,False,+0.0%,True,2918.3K,False,$5.11 / SMA $5.93,True,5.69%,True,+27.9%,False,152.4M,True,NCM,False,
LYV,"Live Nation Entertainment, Inc.",171.34,2026-10-09T01:33:53.847417+00:00,False,+36.7%,True,$39915.3M,True,+156.1%,True,1939.0K,False,$171.34 / SMA $176.49,False,2.28%,False,+9.4%,False,157.2M,True,NYQ,False,
LZAGY,Lonza Group AG,68.25,2026-10-09T01:33:52.637659+00:00,False,+16.6%,True,$48562.1M,,N/A,False,44.5K,False,$68.25 / SMA $69.54,False,1.32%,,N/A,False,697.4M,False,PNK,False,
MAIFF,Mining Americas Inc.,3.52,2026-10-09T01:43:11.410779+00:00,True,+645.8%,True,$387.1M,False,+-620.0%,False,128.8K,False,$3.52 / SMA $4.12,True,4.34%,True,+1333.2%,True,107.0M,False,OQX,False,
MALJF,Magellan Aerospace Corporation,22.02,2026-10-09T01:39:46.191548+00:00,True,+95.2%,True,$1293.7M,True,+288.9%,False,4.3K,False,$22.02 / SMA $24.85,False,0.51%,False,+22.3%,True,11.8M,False,PNK,False,
MANH,"Manhattan Associates, Inc.",206.78,2026-10-09T01:34:23.099622+00:00,True,+73.7%,True,$12056.3M,False,+-8.6%,True,766.5K,True,$206.78 / SMA $205.44,False,2.75%,False,+9.3%,True,54.4M,True,NMS,False,
MARIF,Marimaca Copper Corp.,5.46,2026-10-09T01:41:29.686708+00:00,False,+11.7%,True,$738.0M,True,+50.0%,False,24.3K,False,$5.46 / SMA $5.92,False,1.85%,,N/A,True,104.4M,False,OQX,False,
MCEM,The Monarch Cement Company,266.0,2026-10-09T01:41:30.898422+00:00,False,+28.5%,True,$987.0M,False,+13.2%,False,0.5K,True,$266.00 / SMA $265.75,False,2.76%,False,+2.8%,True,2.8M,False,OQX,False,
MDA,MDA Space Ltd.,27.33,2026-10-09T01:36:02.184753+00:00,False,+17.6%,True,$4431.0M,,N/A,True,1492.4K,False,$27.33 / SMA $30.92,True,4.10%,True,+33.6%,False,160.2M,True,NYQ,False,
MDDNF,Meridian Energy Limited,3.025,2026-10-09T01:34:20.158042+00:00,False,+6.5%,True,$8039.8M,,N/A,False,0.2K,False,$3.02 / SMA $3.04,False,0.00%,,N/A,False,1294.8M,False,PNK,False,
MEDP,"Medpace Holdings, Inc.",602.7,2026-10-09T01:34:13.378069+00:00,False,+61.6%,True,$16822.4M,True,+37.1%,False,275.3K,True,$602.70 / SMA $601.82,False,2.91%,False,+17.2%,True,22.7M,True,NMS,False,
MEGI,NYLI CBRE Global Infrastructure Megatrends Term Fund,13.48,2026-10-09T01:41:29.009426+00:00,False,+1.8%,True,$701.6M,,N/A,False,133.4K,False,$13.48 / SMA $14.37,False,2.02%,,N/A,,N/A,True,NYQ,False,
MELI,"MercadoLibre, Inc.",1856.66,2026-10-09T01:33:46.057894+00:00,False,+24.2%,True,$94126.7M,False,+-10.9%,True,510.7K,False,$1856.66 / SMA $1862.28,False,2.96%,True,+49.8%,True,50.6M,True,NMS,False,
MESHU,Meshflow Acquisition Corp.,10.245,2026-10-09T01:43:14.620668+00:00,False,+3.0%,,N/A,,N/A,False,7.3K,True,$10.24 / SMA $10.16,False,0.04%,,N/A,True,33.3M,True,NGM,False,
MFG,"Mizuho Financial Group, Inc.",10.67,2026-10-09T01:33:44.082263+00:00,True,+75.2%,True,$129139.4M,True,+49.7%,True,3467.5K,False,$10.67 / SMA $10.78,False,1.59%,True,+35.7%,False,12165.7M,True,NYQ,False,
MFIC,MidCap Financial Investment Corporation,8.53,2026-10-09T01:41:26.902273+00:00,False,+2.6%,True,$702.6M,False,+-210.5%,True,561.4K,False,$8.53 / SMA $9.15,False,1.92%,False,+-169.7%,,N/A,True,NMS,False,
MGA,Magna International Inc.,63.82,2026-10-09T01:34:06.150779+00:00,False,+48.0%,True,$17073.1M,True,+27.4%,True,1188.2K,False,$63.82 / SMA $66.64,False,2.11%,False,+3.3%,False,264.8M,True,NYQ,False,
MGDDY,Compagnie Générale des Établissements Michelin Société en commandite par actions,18.65,2026-10-09T01:34:00.529678+00:00,False,+25.8%,False,$0.0M,,N/A,False,201.3K,False,$18.65 / SMA $19.59,False,1.20%,,N/A,,N/A,False,PNK,False,
MGRC,McGrath RentCorp,112.73,2026-10-09T01:37:55.514260+00:00,False,+18.7%,True,$2753.5M,False,+-6.2%,False,150.8K,False,$112.73 / SMA $115.06,False,2.04%,False,+-6.2%,True,24.1M,True,NMS,False,
MGRT,Mega Fortune Company Limited,102.0,2026-10-09T01:39:46.637631+00:00,True,+2424.8%,True,$1402.5M,,N/A,False,15.8K,False,$102.00 / SMA $105.76,True,3.90%,,N/A,True,4.1M,True,NCM,False,
MH,"McGraw Hill, Inc.",13.37,2026-10-09T01:37:58.804670+00:00,False,+49.5%,True,$2557.8M,True,+11315.5%,True,612.0K,True,$13.37 / SMA $12.73,True,4.40%,False,+2.6%,True,25.0M,True,NYQ,False,
MHEYF,Keo Capital AB (publ),0.82,2026-10-09T01:43:18.962921+00:00,False,+12.3%,,N/A,,N/A,False,38.8K,False,$0.82 / SMA_short $0.96,False,1.66%,,N/A,True,121.4M,False,PNK,False,
MICC,The Magnum Ice Cream Company N.V.,17.44,2026-10-09T01:34:18.405848+00:00,False,+34.8%,True,$10531.6M,,N/A,True,879.1K,False,$17.44 / SMA $19.08,False,1.69%,,N/A,False,489.7M,True,NYQ,False,
MINBY,MINEBEA MITSUMI Inc.,24.3,2026-10-09T01:34:17.642954+00:00,False,+59.1%,True,$9758.8M,,N/A,False,2.3K,True,$24.30 / SMA $22.60,True,3.18%,,N/A,False,363.1M,False,PNK,False,
MIY,"BlackRock MuniYield Michigan Quality Fund, Inc.",11.27,2026-10-09T01:43:21.850312+00:00,False,+2.4%,True,$326.6M,,N/A,False,68.0K,False,$11.27 / SMA $12.07,False,2.04%,,N/A,,N/A,True,NYQ,False,
MKEWF,Makita Corporation,31.02,2026-10-09T01:34:17.296667+00:00,False,+6.6%,True,$7992.5M,,N/A,False,0.0K,False,$31.02 / SMA $37.48,False,0.00%,,N/A,False,242.4M,False,PNK,False,
MKL,Markel Group Inc.,1767.82,2026-10-09T01:34:02.020944+00:00,False,+3.7%,True,$21903.2M,True,+86.8%,False,67.6K,False,$1767.82 / SMA $1799.00,False,1.50%,False,+17.8%,True,12.1M,True,NYQ,False,
MKTX,MarketAxess Holdings Inc.,164.31,2026-10-09T01:36:07.773668+00:00,False,+51.1%,True,$5783.3M,False,+1.0%,True,1053.8K,True,$164.31 / SMA $162.84,False,0.22%,False,+-0.5%,True,29.6M,True,NMS,False,
MLAAU,Mountain Lake Acquisition Corp. II,10.0801,2026-10-09T01:41:38.984039+00:00,False,+1.5%,,N/A,,N/A,False,0.1K,True,$10.08 / SMA $10.08,False,0.00%,,N/A,True,36.5M,True,NGM,False,
MLCO,Melco Resorts & Entertainment Limited,4.17,2026-10-09T01:38:01.072639+00:00,False,+2.7%,True,$1585.6M,True,+115.0%,True,1920.2K,False,$4.17 / SMA $5.06,True,3.61%,False,+-8.3%,True,139.4M,True,NMS,False,
MLFNF,Maple Leaf Foods Inc.,17.68,2026-10-09T01:37:55.955021+00:00,False,+6.0%,True,$2205.3M,False,+-20.0%,False,25.8K,False,$17.68 / SMA $19.02,False,0.28%,False,+12.5%,True,74.6M,False,PNK,False,
MLXEF,Metals X Limited,1.38,2026-10-09T01:39:49.649067+00:00,True,+173.3%,True,$1223.2M,,N/A,False,22.8K,True,$1.38 / SMA $1.31,True,4.07%,,N/A,False,629.4M,False,PNK,False,
MMSMY,"Mitsui Kinzoku Company, Limited",16.82,2026-10-09T01:34:05.957272+00:00,False,+21.3%,True,$9623.4M,,N/A,False,20.2K,False,$16.82 / SMA $32.47,True,4.62%,,N/A,False,553.2M,False,PNK,False,
MNDY,monday.com Ltd.,88.91,2026-10-09T01:36:12.831182+00:00,False,+54.6%,True,$3758.6M,True,+166.7%,True,1378.2K,True,$88.91 / SMA $88.73,True,5.32%,False,+21.9%,True,33.1M,True,NMS,False,
MOBI,"Mobia Medical, Inc.",8.56,2026-10-09T01:43:16.567124+00:00,False,+3.1%,False,$285.0M,,N/A,False,180.2K,False,$8.56 / SMA $10.69,True,8.07%,,N/A,True,13.7M,True,NMS,False,
MONDY,Mondi plc,20.41,2026-10-09T01:36:10.320369+00:00,False,+14.2%,True,$4498.3M,,N/A,False,25.3K,False,$20.41 / SMA $22.93,False,1.83%,,N/A,False,218.6M,False,PNK,False,
MONRF,Moncler S.p.A.,52.64,2026-10-09T01:34:06.950736+00:00,False,+7.8%,True,$14317.5M,,N/A,False,1.2K,False,$52.64 / SMA $54.43,False,0.66%,,N/A,False,222.0M,False,PNK,False,
MPFRY,"Mapfre, S.A.",9.64,2026-10-09T01:34:09.647359+00:00,False,+21.1%,True,$14794.1M,,N/A,False,0.1K,False,$9.64 / SMA $9.73,False,0.25%,,N/A,False,460.9M,False,PNK,False,
MPJPY,Metaplanet Inc.,1.59,2026-10-09T01:37:56.417301+00:00,False,+31.6%,,N/A,,N/A,True,896.5K,False,$1.59 / SMA $1.70,True,5.62%,,N/A,False,1134.2M,False,OQX,False,
MPT,"Medical Properties Trust, Inc.",3.19,2026-10-09T01:37:52.114462+00:00,False,+2.9%,True,$1905.1M,True,+93.8%,True,8735.5K,False,$3.19 / SMA $3.84,True,3.91%,False,+7.9%,False,489.8M,True,NYQ,False,
MQBKY,Macquarie Group Limited,171.9,2026-10-09T01:33:48.527438+00:00,False,+40.5%,True,$65517.7M,,N/A,False,12.2K,False,$171.90 / SMA $177.36,True,3.53%,,N/A,False,363.4M,False,PNK,False,
MRAAY,"Murata Manufacturing Co., Ltd.",25.85,2026-10-09T01:33:46.103746+00:00,True,+192.1%,True,$93572.3M,,N/A,True,675.9K,True,$25.85 / SMA $24.18,False,2.43%,,N/A,False,3634.1M,False,PNK,False,
MRAM,"Everspin Technologies, Inc.",16.55,2026-10-09T01:41:29.158515+00:00,True,+125.2%,True,$403.0M,False,+-400.0%,True,1074.7K,False,$16.55 / SMA $16.82,True,5.44%,True,+41.9%,True,23.5M,True,NGM,False,
MRVL,"Marvell Technology, Inc.",274.66,2026-10-09T01:33:42.176249+00:00,True,+288.5%,True,$246838.2M,True,+50.0%,True,22278.8K,True,$274.66 / SMA $234.65,True,4.64%,True,+36.5%,False,873.9M,True,NMS,False,
MSBI,"Midland States Bancorp, Inc.",32.56,2026-10-09T01:41:36.338824+00:00,True,+128.7%,True,$675.7M,True,+86.4%,False,173.2K,False,$32.56 / SMA $33.10,False,2.32%,False,+0.4%,True,19.5M,True,NMS,False,
MSBPF,"Mitsubishi Pencil Co., Ltd.",14.66,2026-10-09T01:41:27.981623+00:00,False,+19.8%,True,$733.1M,,N/A,False,0.0K,True,$14.66 / SMA $14.66,False,0.00%,,N/A,True,46.6M,False,PNK,False,
MSCI,MSCI Inc.,561.67,2026-10-09T01:33:52.430872+00:00,False,+12.1%,True,$40833.4M,False,+19.6%,True,623.0K,True,$561.67 / SMA $558.91,False,2.08%,False,+12.2%,True,69.0M,True,NYQ,False,
MSSMY,MISUMI Group Inc.,13.03,2026-10-09T01:36:04.045521+00:00,True,+96.2%,True,$6820.8M,,N/A,False,0.4K,True,$13.03 / SMA $11.63,False,0.12%,,N/A,False,525.8M,False,PNK,False,
MT,ArcelorMittal S.A.,61.3,2026-10-09T01:33:51.090625+00:00,False,+67.0%,True,$46124.7M,False,+-62.0%,True,1443.0K,False,$61.30 / SMA $72.12,False,2.11%,False,+5.2%,False,826.4M,True,NYQ,False,
MTASF,Montana Aerospace AG,27.9,2026-10-09T01:39:37.853167+00:00,False,+8.5%,True,$1749.4M,True,+1400.0%,False,0.1K,False,$27.90 / SMA $30.56,False,0.02%,False,+19.8%,,N/A,False,PNK,False,
MTD,Mettler-Toledo International Inc.,1529.46,2026-10-09T01:34:02.656230+00:00,False,+49.5%,True,$30645.1M,False,+18.3%,False,184.1K,True,$1529.46 / SMA $1422.42,True,3.14%,False,+4.5%,True,19.9M,True,NYQ,False,
MTLPF,Metlen Energy & Metals PLC,57.3,2026-10-09T01:36:00.999860+00:00,False,+0.0%,True,$8150.4M,,N/A,False,0.0K,True,$57.30 / SMA_short $57.30,False,0.00%,,N/A,True,111.0M,False,PNK,False,
MTNOY,MTN Group Limited,11.2,2026-10-09T01:34:03.069994+00:00,False,+28.3%,True,$20530.2M,,N/A,False,28.2K,False,$11.20 / SMA $12.07,False,2.05%,,N/A,False,1356.3M,False,PNK,False,
MTRX,Matrix Service Company,10.63,2026-10-09T01:43:20.912692+00:00,False,+13.3%,True,$300.7M,True,+110.0%,False,335.9K,False,$10.63 / SMA $10.78,True,3.73%,False,+13.0%,True,27.0M,True,NMS,False,
MTUAF,MTU Aero Engines AG,396.03,2026-10-09T01:34:05.506912+00:00,False,+25.9%,True,$21334.4M,,N/A,False,2.0K,False,$396.03 / SMA $416.76,True,3.57%,,N/A,True,53.9M,False,PNK,False,
MVBF,MVB Financial Corp.,29.5,2026-10-09T01:43:23.645593+00:00,False,+23.0%,True,$381.9M,True,+520.0%,False,50.9K,False,$29.50 / SMA $30.31,False,2.41%,True,+56.8%,True,11.8M,True,NCM,False,
MVST,"Microvast Holdings, Inc.",0.5839,2026-10-09T01:43:11.984681+00:00,False,+4.1%,False,$224.5M,True,+90.9%,True,6174.6K,False,$0.58 / SMA $0.72,True,6.72%,False,+-4.5%,False,209.8M,True,NCM,False,
MXF,"The Mexico Fund, Inc.",19.85,2026-10-09T01:43:25.845201+00:00,False,+8.5%,False,$286.2M,,N/A,False,33.0K,False,$19.85 / SMA $21.26,False,2.40%,,N/A,,N/A,True,NYQ,False,
MZHOF,"Mizuho Financial Group, Inc.",53.0,2026-10-09T01:33:43.795139+00:00,True,+77.9%,True,$128292.2M,True,+49.7%,False,8.7K,False,$53.00 / SMA $53.41,False,1.36%,True,+35.7%,False,2433.1M,False,PNK,False,
NAC,Nuveen California Quality Municipal Income Fund,10.0,2026-10-09T01:39:36.950475+00:00,False,+2.0%,,N/A,,N/A,True,805.4K,False,$10.00 / SMA $11.11,False,2.20%,,N/A,,N/A,True,NYQ,False,
NAMS,NewAmsterdam Pharma Company N.V.,21.26,2026-10-09T01:36:12.001086+00:00,False,+1.6%,True,$2485.4M,False,+-253.2%,True,1346.3K,False,$21.26 / SMA $25.10,True,5.95%,False,+-80.7%,True,81.5M,True,NGM,False,
NATL,NCR Atleos Corporation,45.62,2026-10-09T01:37:50.431270+00:00,False,+37.0%,True,$3371.2M,True,+43.3%,True,699.0K,False,$45.62 / SMA $46.16,False,1.13%,False,+0.1%,True,73.4M,True,NYQ,False,
NBH,Neuberger Berman Income Funds - Neuberger Municipal Fund Inc.,8.88,2026-10-09T01:43:26.912729+00:00,False,+0.5%,,N/A,,N/A,False,100.8K,False,$8.88 / SMA $9.75,False,1.92%,,N/A,,N/A,True,ASE,False,
NCLTF,"Nitori Holdings Co., Ltd.",18.23,2026-10-09T01:34:21.090660+00:00,False,+37.6%,True,$10301.0M,,N/A,False,0.1K,True,$18.23 / SMA $16.77,False,0.00%,,N/A,False,441.6M,False,PNK,False,
NDGPY,Nine Dragons Paper (Holdings) Limited,15.5,2026-10-09T01:36:13.572841+00:00,False,+22.2%,True,$3636.5M,,N/A,False,0.0K,False,$15.50 / SMA $17.31,False,0.00%,,N/A,True,76.4M,False,PNK,False,
NE,Noble Corporation plc,42.15,2026-10-09T01:34:22.794328+00:00,False,+57.9%,True,$6728.9M,False,+-185.2%,True,1330.9K,False,$42.15 / SMA $43.80,True,3.73%,False,+-15.2%,False,158.0M,True,NYQ,False,
NEO,"NeoGenomics, Inc.",16.02,2026-10-09T01:39:46.316724+00:00,True,+126.6%,True,$2058.2M,True,+105.7%,True,2392.2K,False,$16.02 / SMA $17.44,True,5.38%,False,+11.2%,True,117.0M,True,NCM,False,
NETLF,NetLink NBN Trust,0.74525,2026-10-09T01:37:52.709964+00:00,False,+0.0%,True,$2904.2M,,N/A,False,0.0K,False,$0.75 / SMA $0.77,False,0.00%,,N/A,False,2928.3M,False,PNK,False,
NEWTG,"NewtekOne, Inc. 8.50% Fixed Rate Senior Notes due 2029",24.63,2026-10-09T01:43:18.427028+00:00,False,+0.7%,,N/A,,N/A,False,3.0K,False,$24.63 / SMA $25.13,False,0.61%,,N/A,,N/A,True,NGM,False,
NGL,NGL Energy Partners LP,15.27,2026-10-09T01:37:59.348857+00:00,True,+153.7%,,N/A,True,+1100.0%,False,215.7K,False,$15.27 / SMA $16.76,True,3.89%,True,+59.1%,True,111.3M,True,NYQ,False,
NGLOY,Anglo American plc,26.81,2026-10-09T01:33:49.731664+00:00,False,+53.3%,True,$57453.2M,,N/A,False,375.8K,False,$26.81 / SMA $27.20,False,2.03%,,N/A,False,1903.6M,False,OQX,False,
NGXXF,NGEx Minerals Ltd.,16.17,2026-10-09T01:36:13.511432+00:00,False,+8.3%,True,$3506.6M,False,+10.0%,False,36.6K,False,$16.17 / SMA $18.91,True,3.52%,,N/A,True,137.3M,False,OQX,False,
NHPEF,New Hope Corporation Limited,4.15,2026-10-09T01:37:50.494832+00:00,False,+65.3%,True,$3552.8M,,N/A,False,8.1K,False,$4.15 / SMA $4.20,True,3.27%,,N/A,False,485.4M,False,PNK,False,
NICE,NICE Ltd.,117.31,2026-10-09T01:36:05.429057+00:00,False,+41.2%,True,$6874.0M,False,+-52.7%,True,559.4K,True,$117.31 / SMA $105.67,True,4.34%,False,+7.6%,False,1458.3M,True,NMS,False,
NIKA,NIKA,0.41,2026-10-09T01:41:37.745546+00:00,True,+105.0%,True,$429.9M,,N/A,False,0.1K,False,$0.41 / SMA $0.44,False,0.00%,,N/A,False,285.2M,False,OQB,False,
NKOKF,"Noritsu Koki Co., Ltd.",12.445,2026-10-09T01:39:42.209362+00:00,True,+86.7%,True,$1301.7M,,N/A,False,0.0K,True,$12.45 / SMA $12.44,False,0.00%,,N/A,True,52.2M,False,PNK,False,
NKX,Nuveen California AMT-Free Quality Municipal Income Fund,10.4,2026-10-09T01:41:33.189253+00:00,False,+1.0%,True,$585.9M,,N/A,False,215.1K,False,$10.40 / SMA $11.59,False,1.57%,,N/A,,N/A,True,NYQ,False,
NL,"NLI Holdings, Inc.",6.97,2026-10-09T01:43:22.208476+00:00,False,+38.3%,,N/A,True,+1700.0%,False,33.0K,True,$6.97 / SMA $6.62,True,3.35%,False,+8.0%,True,8.3M,True,NYQ,False,
NMG,Nouveau Monde Graphite Inc.,1.07,2026-10-09T01:43:26.392549+00:00,False,+1.9%,True,$352.2M,True,+128.6%,False,446.8K,False,$1.07 / SMA $1.35,True,4.20%,,N/A,False,192.0M,True,NYQ,False,
NML,Neuberger Berman Income Funds - Neuberger Energy Infrastructure and Income Fund Inc.,10.23,2026-10-09T01:41:35.618717+00:00,False,+29.7%,True,$579.6M,,N/A,False,136.6K,False,$10.23 / SMA $10.38,False,2.39%,,N/A,,N/A,True,ASE,False,
NMRSF,"Namura Shipbuilding Co., Ltd.",28.7,2026-10-09T01:39:39.367605+00:00,False,+29.9%,True,$1995.9M,,N/A,False,0.1K,True,$28.70 / SMA $4.29,False,0.00%,,N/A,True,49.9M,False,PNK,False,
NMZ,Nuveen Municipal High Income Opportunity Fund,9.03,2026-10-09T01:38:00.007579+00:00,False,+3.9%,True,$1944.8M,,N/A,True,976.3K,False,$9.03 / SMA $9.63,False,2.03%,,N/A,,N/A,True,NYQ,False,
NNDM,Nano Dimension Ltd.,1.56,2026-10-09T01:43:22.016554+00:00,False,+31.1%,True,$328.9M,True,+96.4%,True,2073.3K,False,$1.56 / SMA $1.57,False,2.56%,False,+12.1%,False,201.6M,True,NCM,False,
NOA,North American Construction Group Ltd.,11.88,2026-10-09T01:43:16.486583+00:00,False,+1.4%,True,$319.7M,False,+3.0%,False,98.0K,False,$11.88 / SMA $13.22,False,2.55%,True,+25.1%,True,24.0M,True,NYQ,False,
NOG,"Northern Oil and Gas, Inc.",25.14,2026-10-09T01:37:57.130158+00:00,False,+46.3%,True,$2678.6M,True,+119.0%,True,2347.2K,True,$25.14 / SMA $24.04,True,3.32%,False,+16.8%,True,103.0M,True,NYQ,False,
NONOF,Novo Nordisk A/S,37.8,2026-10-09T01:33:41.575735+00:00,False,+11.2%,True,$166862.6M,False,+-20.5%,False,109.2K,False,$37.80 / SMA $43.41,True,4.24%,False,+2.1%,False,3173.0M,False,PNK,False,
NOW,"ServiceNow, Inc.",139.75,2026-10-09T01:33:44.570167+00:00,True,+72.0%,True,$144482.2M,False,+-21.2%,True,17761.6K,True,$139.75 / SMA $131.61,True,3.76%,False,+24.0%,False,1031.3M,True,NYQ,False,
NPACU,New Providence Acquisition Corp. III,10.59,2026-10-09T01:43:17.527204+00:00,False,+2.7%,,N/A,,N/A,False,1.2K,True,$10.59 / SMA $10.52,False,0.00%,,N/A,True,28.1M,True,NGM,False,
NPKYY,"Nippon Kayaku Co., Ltd.",13.16,2026-10-09T01:39:35.485322+00:00,False,+55.6%,True,$1897.4M,,N/A,False,0.0K,True,$13.16 / SMA $13.16,False,0.00%,,N/A,,N/A,False,PNK,False,
NPPXF,"NTT, Inc.",1.06,2026-10-09T01:33:46.575212+00:00,False,+24.7%,True,$85789.0M,,N/A,False,75.7K,True,$1.06 / SMA $1.01,False,2.77%,,N/A,False,49592.5M,False,PNK,False,
NPWR,NET Power Inc.,1.24,2026-10-09T01:43:15.982891+00:00,False,+2.1%,False,$109.7M,False,+-152.8%,True,754.2K,False,$1.24 / SMA $1.67,True,5.63%,,N/A,True,46.8M,True,NYQ,False,
NRKBF,NKT A/S,138.1,2026-10-09T01:34:20.562618+00:00,False,+36.7%,True,$7381.5M,False,+-2.1%,False,0.0K,False,$138.10 / SMA $151.07,False,0.00%,False,+0.2%,True,50.9M,False,PNK,False,
NSA,NSA,,2026-10-09T01:36:03.927883+00:00,False,N/A,False,N/A,False,N/A,False,N/A,False,N/A,False,N/A,False,N/A,False,N/A,False,Unknown,False,No price data available
NSP,"Insperity, Inc.",49.74,2026-10-09T01:39:45.954891+00:00,True,+167.9%,True,$1899.8M,True,+171.4%,True,503.2K,False,$49.74 / SMA $50.32,True,4.16%,False,+1.7%,True,35.8M,True,NYQ,False,
NSRGY,Nestlé S.A.,92.12,2026-10-09T01:33:40.868850+00:00,False,+2.9%,True,$236952.9M,,N/A,False,386.2K,False,$92.12 / SMA $96.18,False,0.90%,,N/A,False,2570.9M,False,OID,False,
NTCT,"NetScout Systems, Inc.",39.3,2026-10-09T01:37:53.314817+00:00,False,+56.0%,True,$2857.4M,True,+680.0%,True,608.1K,True,$39.30 / SMA $39.07,False,2.42%,False,+12.7%,True,69.0M,True,NMS,False,
NTRS,Northern Trust Corporation,168.5,2026-10-09T01:33:57.105686+00:00,False,+39.1%,True,$30828.0M,True,+98.6%,True,1053.2K,False,$168.50 / SMA $181.05,False,2.09%,False,+8.7%,False,179.8M,True,NMS,False,
NUFMF,Nufarm Limited,2.1,2026-10-09T01:41:31.306484+00:00,True,+112.1%,True,$806.9M,,N/A,False,0.6K,False,$2.10 / SMA $2.11,False,0.63%,,N/A,False,378.9M,False,OQX,False,
NURAF,"Nomura Research Institute, Ltd.",32.11,2026-10-09T01:34:07.455742+00:00,False,+37.5%,True,$17984.8M,,N/A,False,0.1K,True,$32.11 / SMA $-3.69,,N/A,,N/A,False,416.5M,False,PNK,False,
NUTX,Nutex Health Inc.,205.01,2026-10-09T01:41:28.111201+00:00,True,+144.1%,True,$1403.9M,True,+418.0%,False,152.1K,True,$205.01 / SMA $193.24,True,5.11%,False,+-13.6%,True,4.1M,True,NCM,False,
NUVB,Nuvation Bio Inc.,4.95,2026-10-09T01:39:39.353009+00:00,False,+47.3%,True,$1738.1M,False,+-5.9%,True,5646.9K,False,$4.95 / SMA $6.21,True,5.15%,True,+555.6%,False,263.6M,True,NYQ,False,
NUVL,Nuvalent Inc,123.96,2026-10-09T01:34:23.627655+00:00,True,+74.3%,True,$9808.7M,,N/A,True,2330.0K,True,$123.96 / SMA_short $123.96,,N/A,,N/A,True,49.1M,True,NGM,False,
NVDA,NVIDIA Corporation,230.48,2026-10-09T01:33:39.625060+00:00,False,+40.3%,True,$5565400.5M,True,+127.8%,True,121525.9K,True,$230.48 / SMA $221.25,False,1.95%,True,+105.9%,False,23132.1M,True,NMS,False,
NVO,Novo Nordisk A/S,38.18,2026-10-09T01:33:41.643576+00:00,False,+8.7%,True,$168540.1M,False,+-20.5%,True,12539.7K,False,$38.18 / SMA $43.55,False,2.05%,False,+2.1%,False,3173.0M,True,NYQ,False,
NWE,"NorthWestern Energy Group, Inc.",74.63,2026-10-09T01:36:10.157042+00:00,False,+30.7%,True,$4591.1M,False,+14.3%,False,435.2K,True,$74.63 / SMA $69.84,False,2.35%,False,+14.6%,True,61.1M,True,NMS,False,
NWL,Newell Brands Inc.,5.73,2026-10-09T01:39:40.962913+00:00,True,+86.6%,True,$2440.4M,True,+127.3%,True,7547.6K,False,$5.73 / SMA $5.81,True,3.80%,False,+3.0%,False,391.1M,True,NMS,False,
NXPRF,Nexans S.A.,155.78,2026-10-09T01:34:23.974010+00:00,False,+13.9%,True,$6794.9M,,N/A,False,0.1K,False,$155.78 / SMA $158.43,False,0.09%,,N/A,True,37.9M,False,PNK,False,
NXSNF,"NextVision Stabilized Systems, Ltd.",63.0,2026-10-09T01:34:20.004297+00:00,False,+40.0%,True,$5830.3M,True,+105.5%,False,0.2K,False,$63.00 / SMA $74.20,False,0.15%,True,+137.7%,True,77.1M,False,PNK,False,
O,Realty Income Corporation,54.17,2026-10-09T01:33:49.082295+00:00,False,+1.9%,True,$51256.6M,True,+68.2%,True,6479.2K,False,$54.17 / SMA $59.29,False,1.55%,False,+6.6%,False,944.1M,True,NYQ,False,
OCDDY,Ocado Group plc,7.56,2026-10-09T01:37:58.991864+00:00,True,+90.9%,True,$3162.3M,,N/A,False,9.1K,True,$7.56 / SMA $6.20,False,1.53%,,N/A,False,270.3M,False,PNK,False,
OCFC,OceanFirst Financial Corp.,16.42,2026-10-09T01:39:48.964124+00:00,False,+1.6%,True,$1586.9M,False,+-114.3%,True,986.6K,False,$16.42 / SMA $18.42,False,2.20%,True,+32.6%,True,84.5M,True,NMS,False,
OCPNF,Olympus Corporation,12.13,2026-10-09T01:34:13.557041+00:00,False,+51.6%,True,$12892.4M,,N/A,False,0.5K,False,$12.13 / SMA $12.57,False,0.00%,,N/A,False,1062.4M,False,PNK,False,
OCSL,Oaktree Specialty Lending Corporation,11.79,2026-10-09T01:39:49.675202+00:00,False,+10.9%,True,$1038.5M,False,+-20.5%,False,493.5K,False,$11.79 / SMA $12.32,False,1.86%,False,+-5.1%,,N/A,True,NMS,False,
ODFL,"Old Dominion Freight Line, Inc.",181.65,2026-10-09T01:33:52.353564+00:00,False,+44.2%,True,$37777.4M,True,+32.3%,True,1742.4K,False,$181.65 / SMA $192.54,False,2.61%,False,+10.4%,False,185.7M,True,NMS,False,
OGC,OceanaGold Corporation,26.67,2026-10-09T01:36:00.173394+00:00,False,+32.2%,True,$5932.7M,True,+102.0%,True,555.3K,False,$26.67 / SMA $28.46,True,3.48%,True,+49.7%,False,221.5M,True,NYQ,False,
OGCP,"Empire State Realty OP, L.P.",4.1,2026-10-09T01:39:41.243349+00:00,False,+9.0%,True,$1148.8M,False,+-475.0%,False,1.1K,False,$4.10 / SMA $4.41,False,0.38%,False,+3.0%,True,22.5M,True,PCX,False,
OGS,"ONE Gas, Inc.",72.36,2026-10-09T01:36:06.440557+00:00,False,+2.8%,True,$4548.3M,True,+39.6%,True,538.0K,False,$72.36 / SMA $77.17,False,1.68%,False,+-2.9%,True,62.2M,True,NYQ,False,
OKLO,Oklo Inc.,34.57,2026-10-09T01:34:15.509048+00:00,False,+2.6%,True,$6430.6M,False,+-55.6%,True,9633.7K,False,$34.57 / SMA $40.36,True,5.29%,,N/A,False,157.9M,True,NYQ,False,
OKTA,"Okta, Inc.",220.21,2026-10-09T01:34:07.965909+00:00,True,+251.4%,True,$38497.3M,True,+75.7%,True,3465.9K,True,$220.21 / SMA $171.28,True,5.04%,False,+10.6%,False,166.7M,True,NMS,False,
OLED,OLED,72.9,2026-10-09T01:36:10.028941+00:00,False,+1.7%,True,$3351.0M,False,+-24.8%,True,745.8K,False,$72.90 / SMA $81.91,True,3.73%,False,+-11.4%,True,42.1M,True,NMS,False,
OLN,Olin Corporation,15.61,2026-10-09T01:37:53.037849+00:00,False,+4.4%,True,$1779.3M,False,+-1100.0%,True,3280.4K,False,$15.61 / SMA $17.44,True,3.57%,False,+-0.9%,True,107.6M,True,NYQ,False,
OMCL,"Omnicell, Inc.",34.83,2026-10-09T01:38:01.614027+00:00,False,+19.9%,True,$1584.0M,True,+333.3%,True,674.1K,True,$34.83 / SMA $34.70,False,2.88%,False,+7.4%,True,44.4M,True,NMS,False,
OMRNY,OMRON Corporation,39.72,2026-10-09T01:35:59.255935+00:00,True,+71.0%,True,$7810.1M,,N/A,False,21.7K,False,$39.72 / SMA $40.10,False,1.53%,,N/A,False,192.6M,False,PNK,False,
OMVJF,OMV Aktiengesellschaft,78.29,2026-10-09T01:34:00.778374+00:00,False,+56.0%,True,$25533.9M,True,+268.2%,False,0.2K,True,$78.29 / SMA $78.11,False,0.03%,True,+29.6%,True,141.4M,False,OQX,False,
OMVKY,OMV Aktiengesellschaft,20.74,2026-10-09T01:34:01.397184+00:00,False,+65.7%,True,$27057.0M,True,+268.2%,False,19.7K,True,$20.74 / SMA $19.85,False,1.04%,True,+29.6%,True,141.4M,False,OQX,False,
ONDS,Ondas Inc.,6.85,2026-10-09T01:36:09.780342+00:00,False,+38.4%,True,$3988.8M,False,+-137.5%,True,79301.4K,False,$6.85 / SMA $7.96,True,4.83%,True,+1235.4%,False,533.4M,True,NCM,False,
OPAL,OPAL Fuels Inc.,1.68,2026-10-09T01:43:19.364179+00:00,False,+1.8%,False,$293.5M,False,+-266.7%,False,252.3K,False,$1.68 / SMA $2.03,True,5.02%,False,+3.7%,True,16.9M,True,NCM,False,
OPMXF,"Operadora de Sites Mexicanos, S.A.B. de C.V.",0.8803,2026-10-09T01:37:53.263392+00:00,False,+25.1%,True,$2564.4M,True,+58.3%,False,3.1K,False,$0.88 / SMA $0.96,False,0.99%,False,+3.5%,False,2914.5M,False,PNK,False,
OPTU,OPTU,0.9868,2026-10-09T01:43:26.012414+00:00,False,+69.3%,True,$376.4M,False,+-219.0%,True,2964.1K,True,$0.99 / SMA $0.94,True,8.52%,False,+-5.8%,False,277.6M,True,NYQ,False,
OPY,Oppenheimer Holdings Inc.,116.44,2026-10-09T01:41:23.940043+00:00,True,+82.5%,True,$1246.8M,False,+24.6%,False,120.8K,False,$116.44 / SMA $117.17,True,4.02%,False,+21.9%,True,6.1M,True,NYQ,False,
ORANY,Orange S.A.,16.03,2026-10-09T01:33:49.284406+00:00,False,+4.2%,True,$42604.1M,,N/A,False,219.0K,False,$16.03 / SMA $17.70,False,1.09%,False,+9.2%,False,1919.6M,False,PNK,False,
ORC,"Orchid Island Capital, Inc.",5.02,2026-10-09T01:39:43.591112+00:00,False,+3.5%,True,$991.0M,True,+251.7%,True,5227.8K,False,$5.02 / SMA $6.09,True,3.00%,True,+435.7%,False,199.2M,True,NYQ,False,
ORGO,Organogenesis Holdings Inc.,1.28,2026-10-09T01:43:22.621643+00:00,False,+2.4%,False,$164.7M,False,+-670.0%,True,773.0K,False,$1.28 / SMA $1.68,True,4.83%,False,+-57.5%,True,61.1M,True,NCM,False,
ORKLY,Orkla ASA,9.75,2026-10-09T01:34:15.478311+00:00,False,+3.7%,True,$9333.8M,False,+-72.7%,False,124.0K,False,$9.75 / SMA $10.22,False,1.20%,False,+-5.4%,False,732.1M,False,PNK,False,
ORZCF,Orezone Gold Corporation,2.25,2026-10-09T01:39:47.319888+00:00,True,+152.8%,True,$1503.2M,True,+100.0%,False,205.1K,True,$2.25 / SMA $2.03,True,3.70%,True,+187.4%,False,479.7M,False,OQX,False,
OSIS,"OSI Systems, Inc.",193.36,2026-10-09T01:37:48.012452+00:00,False,+3.7%,True,$3082.5M,False,+7.9%,False,232.3K,False,$193.36 / SMA $210.01,False,2.83%,False,+-4.1%,True,15.0M,True,NMS,False,
OSW,OneSpaWorld Holdings Limited,23.5,2026-10-09T01:37:57.698488+00:00,False,+23.3%,True,$2385.2M,False,+21.1%,True,917.1K,False,$23.50 / SMA $24.20,False,2.89%,False,+8.5%,True,98.8M,True,NCM,False,
OUTKY,Outokumpu Oyj,2.75,2026-10-09T01:37:51.435292+00:00,False,+44.7%,True,$2592.6M,True,+225.0%,False,0.4K,False,$2.75 / SMA $3.12,False,0.05%,False,+3.8%,False,780.4M,False,PNK,False,
OVHFF,OVH Groupe S.A.,19.59,2026-10-09T01:38:00.852636+00:00,True,+134.9%,True,$2963.8M,,N/A,False,0.5K,True,$19.59 / SMA $17.35,False,0.00%,,N/A,True,26.5M,False,PNK,False,
OWL,Blue Owl Capital Inc.,9.27,2026-10-09T01:34:08.689153+00:00,False,+16.6%,True,$14527.5M,False,+0.0%,True,18976.5K,False,$9.27 / SMA $10.74,True,3.58%,False,+7.1%,False,648.5M,True,NYQ,False,
PAG,"Penske Automotive Group, Inc.",198.05,2026-10-09T01:34:16.369693+00:00,False,+41.3%,True,$13004.5M,False,+4.8%,False,425.3K,False,$198.05 / SMA $213.26,False,1.72%,False,+6.0%,True,17.5M,True,NYQ,False,
PAKTY,PT Map Aktif Adiperkasa Tbk,1.23,2026-10-09T01:41:25.519630+00:00,False,+69.7%,True,$1753.0M,,N/A,False,0.0K,False,$1.23 / SMA $1.23,False,0.00%,False,+15.5%,False,437.5M,False,PNK,False,
PARXF,Parex Resources Inc.,20.08,2026-10-09T01:39:36.998923+00:00,False,+64.6%,True,$1931.3M,True,+462.2%,False,161.8K,True,$20.08 / SMA $19.30,False,2.30%,True,+74.9%,True,95.4M,False,PNK,False,
PAX,Patria Investments Limited,11.26,2026-10-09T01:39:37.462508+00:00,False,+13.9%,True,$1846.1M,False,+-86.3%,True,1116.8K,True,$11.26 / SMA $10.92,False,2.73%,False,+22.0%,True,61.2M,True,NMS,False,
PB,"Prosperity Bancshares, Inc.",66.69,2026-10-09T01:35:57.762428+00:00,False,+9.2%,True,$8014.6M,False,+17.6%,True,1001.4K,False,$66.69 / SMA $70.92,False,1.77%,True,+25.6%,True,109.5M,True,NYQ,False,
PBCRF,PT Bank Central Asia Tbk,0.331,2026-10-09T01:33:54.042261+00:00,False,+22.6%,True,$40660.6M,,N/A,False,4.6K,False,$0.33 / SMA $0.36,False,0.00%,False,+4.4%,False,48609.7M,False,PNK,False,
PBF,PBF Energy Inc.,89.34,2026-10-09T01:36:08.415210+00:00,True,+248.7%,True,$10590.1M,,N/A,True,3332.8K,True,$89.34 / SMA $73.45,True,6.38%,True,+56.2%,True,102.2M,True,NYQ,True,
PBH,Prestige Consumer Healthcare Inc.,47.87,2026-10-09T01:37:59.111156+00:00,False,+12.3%,True,$2267.8M,False,+-35.8%,True,545.5K,False,$47.87 / SMA $49.57,False,3.00%,False,+6.5%,True,46.7M,True,NYQ,False,
PCFBY,Pacific Basin Shipping Limited,9.72,2026-10-09T01:38:01.009098+00:00,True,+78.0%,True,$2504.5M,,N/A,False,0.8K,True,$9.72 / SMA $9.71,False,0.30%,,N/A,False,201.0M,False,PNK,False,
PCG,PG&E Corporation,12.67,2026-10-09T01:33:54.643805+00:00,False,+7.6%,True,$38040.0M,True,+37.5%,True,36619.4K,False,$12.67 / SMA $15.01,False,2.94%,False,+0.1%,False,2082.4M,True,NYQ,False,
PCN,PIMCO Corporate & Income Strategy Fund,10.76,2026-10-09T01:41:27.184990+00:00,False,+3.1%,True,$814.4M,,N/A,False,430.0K,False,$10.76 / SMA $11.31,False,1.66%,,N/A,,N/A,True,NYQ,False,
PCOR,"Procore Technologies, Inc.",54.78,2026-10-09T01:35:57.937886+00:00,False,+44.0%,True,$8324.1M,True,+178.6%,True,3103.6K,False,$54.78 / SMA $56.19,True,4.03%,False,+15.8%,True,136.4M,True,NYQ,False,
PCRHY,Panasonic Holdings Corporation,28.2,2026-10-09T01:33:50.413651+00:00,True,+162.1%,True,$65844.9M,,N/A,False,379.5K,True,$28.20 / SMA $27.92,False,2.59%,,N/A,False,2304.4M,False,PNK,False,
PCRX,"Pacira BioSciences, Inc.",36.39,2026-10-09T01:41:25.821928+00:00,True,+93.6%,True,$1450.6M,True,+209.1%,True,588.9K,True,$36.39 / SMA $25.38,True,3.26%,False,+6.2%,True,36.2M,True,NMS,False,
PDD,PDD Holdings Inc.,78.26,2026-10-09T01:33:43.192673+00:00,False,+8.8%,True,$111395.0M,False,+-11.2%,True,6340.3K,False,$78.26 / SMA $83.20,False,2.07%,False,+8.1%,False,753.9M,True,NMS,False,
PECO,"Phillips Edison & Company, Inc.",37.39,2026-10-09T01:36:04.590265+00:00,False,+13.4%,True,$5288.7M,True,+230.0%,True,954.1K,False,$37.39 / SMA $38.88,False,1.72%,False,+6.7%,True,127.9M,True,NMS,False,
PEGRF,Pennon Group Plc,5.748,2026-10-09T01:37:51.000162+00:00,False,+0.0%,True,$2712.9M,,N/A,False,0.1K,False,$5.75 / SMA $6.27,False,0.06%,,N/A,False,470.2M,False,PNK,False,
PFG,"Principal Financial Group, Inc.",109.77,2026-10-09T01:34:02.422430+00:00,False,+40.9%,True,$23502.3M,False,+2.8%,True,1398.2K,False,$109.77 / SMA $113.14,False,2.05%,False,+6.4%,False,212.8M,True,NMS,False,
PFS,"Provident Financial Services, Inc.",22.22,2026-10-09T01:37:53.925566+00:00,False,+25.6%,True,$2898.0M,False,+9.1%,True,899.0K,False,$22.22 / SMA $23.47,False,1.83%,False,+9.6%,True,126.3M,True,NYQ,False,
PFSTY,PFISTERER Holding SE,12.0,2026-10-09T01:38:00.690485+00:00,False,+0.0%,False,$217.1M,,N/A,False,0.0K,True,$12.00 / SMA_short $12.00,False,0.00%,False,+14.4%,True,89.4M,False,PNK,False,
PGNY,"Progyny, Inc.",27.83,2026-10-09T01:39:36.171363+00:00,True,+72.9%,True,$2135.3M,True,+78.9%,True,1143.9K,True,$27.83 / SMA $26.88,True,3.03%,False,+5.3%,True,70.2M,True,NMS,False,
PGPEF,Publicis Groupe S.A.,104.53,2026-10-09T01:34:01.330425+00:00,False,+27.4%,True,$26103.3M,,N/A,False,4.2K,False,$104.53 / SMA $111.81,False,0.19%,,N/A,False,235.7M,False,OQX,False,
PHG,Koninklijke Philips N.V.,24.3,2026-10-09T01:33:59.961555+00:00,False,+2.9%,True,$23751.5M,True,+60.0%,True,994.9K,False,$24.30 / SMA $25.80,False,1.27%,False,+0.5%,False,976.8M,True,NYQ,False,
PHIG,"PHI Group, Inc.",31.25,2026-10-09T01:41:30.360867+00:00,False,+14.1%,True,$759.7M,,N/A,False,4.1K,True,$31.25 / SMA $31.04,False,0.00%,,N/A,True,24.2M,False,PNK,False,
PHK,PIMCO High Income Fund,4.19,2026-10-09T01:41:27.432317+00:00,False,+3.7%,True,$784.3M,,N/A,True,1225.2K,False,$4.19 / SMA $4.39,False,2.07%,,N/A,,N/A,True,NYQ,False,
PINE,"Alpine Income Property Trust, Inc.",17.88,2026-10-09T01:43:25.103526+00:00,False,+36.5%,True,$342.6M,True,+233.3%,False,143.9K,False,$17.88 / SMA $18.64,False,2.23%,True,+34.6%,True,16.3M,True,NYQ,False,
PL,Planet Labs PBC,17.19,2026-10-09T01:34:09.142820+00:00,False,+63.4%,True,$6254.5M,True,+57.1%,True,8888.3K,False,$17.19 / SMA $19.60,True,5.03%,True,+58.1%,False,302.2M,True,NYQ,False,
PLOW,"Douglas Dynamics, Inc.",39.39,2026-10-09T01:39:50.113425+00:00,False,+38.1%,True,$909.0M,False,+-1.8%,False,250.2K,False,$39.39 / SMA $41.09,False,2.24%,False,+10.5%,True,22.6M,True,NYQ,False,
PM,Philip Morris International Inc.,200.5,2026-10-09T01:33:40.708492+00:00,False,+41.1%,True,$312502.0M,False,+-7.7%,True,4652.0K,True,$200.50 / SMA $188.25,False,2.27%,False,+10.4%,False,1554.7M,True,NYQ,False,
PMCUF,Pro Medicus Limited,105.09,2026-10-09T01:34:19.312480+00:00,False,+41.0%,True,$11496.8M,,N/A,False,0.2K,False,$105.09 / SMA $120.72,False,0.49%,,N/A,True,53.3M,False,PNK,False,
PMETF,PMET Resources Inc.,2.81,2026-10-09T01:41:26.844523+00:00,False,+29.5%,True,$522.5M,False,+0.0%,False,30.4K,False,$2.81 / SMA $3.26,False,2.65%,,N/A,False,166.7M,False,OQX,False,
PMMAF,PUMA SE,25.02,2026-10-09T01:36:07.984665+00:00,False,+43.7%,True,$3716.9M,,N/A,False,0.1K,False,$25.02 / SMA $28.13,False,0.17%,False,+-15.0%,True,97.8M,False,PNK,False,
PMNXF,Perseus Mining Limited,4.29,2026-10-09T01:36:06.957089+00:00,True,+42800.0%,True,$5689.0M,,N/A,False,13.5K,True,$4.29 / SMA $4.26,True,2067.12%,,N/A,False,1277.4M,False,PNK,False,
PODD,Insulet Corporation,134.47,2026-10-09T01:34:16.617572+00:00,False,+6.4%,True,$9326.1M,True,+328.1%,True,1677.7K,False,$134.47 / SMA $142.69,False,2.93%,False,+23.5%,True,69.1M,True,NMS,False,
POOL,Pool Corporation,158.14,2026-10-09T01:35:59.425298+00:00,False,+3.6%,True,$5746.9M,False,+0.0%,True,780.0K,False,$158.14 / SMA $179.98,False,2.77%,False,+2.2%,True,35.1M,True,NMS,False,
POPMF,Pop Mart International Group Limited,19.825,2026-10-09T01:34:00.181737+00:00,False,+18.7%,,N/A,,N/A,False,0.4K,True,$19.82 / SMA_short $19.36,,N/A,,N/A,,N/A,False,PNK,False,
PPAAF,PT Perusahaan Gas Negara (Persero) Tbk,0.08334,2026-10-09T01:37:56.752058+00:00,False,+8.8%,True,$2020.3M,True,+42.3%,False,0.3K,False,$0.08 / SMA $0.08,False,0.00%,False,+-3.8%,False,10427.5M,False,PNK,False,
PPERY,PT Bank Mandiri (Persero) Tbk,9.03,2026-10-09T01:34:03.471600+00:00,False,+10.1%,True,$20988.7M,,N/A,False,89.9K,False,$9.03 / SMA $9.31,False,1.82%,False,+-5.3%,False,943.0M,False,PNK,False,
PPL,PPL Corporation,34.1,2026-10-09T01:33:59.009505+00:00,False,+8.0%,True,$25661.8M,False,+20.0%,True,7462.4K,True,$34.10 / SMA $34.08,False,1.47%,False,+4.2%,False,750.3M,True,NYQ,False,
PPLFF,PT Perusahaan Perkebunan London Sumatra Indonesia Tbk,0.08588,2026-10-09T01:41:36.039226+00:00,False,+17.6%,True,$585.7M,,N/A,False,0.0K,True,$0.09 / SMA $0.09,False,0.00%,False,+5.7%,False,2753.8M,False,PNK,False,
PPTA,Perpetua Resources Corp.,20.11,2026-10-09T01:37:50.965235+00:00,False,+22.4%,True,$2515.7M,False,+-875.0%,True,1089.1K,False,$20.11 / SMA $23.36,True,4.06%,,N/A,True,83.9M,True,NCM,False,
PPTDF,PeptiDream Inc.,6.95,2026-10-09T01:41:26.011894+00:00,False,+18.2%,True,$893.5M,,N/A,False,0.5K,True,$6.95 / SMA $6.70,False,0.41%,,N/A,True,95.4M,False,PNK,False,
PRA,PRA,,2026-10-09T01:39:45.129037+00:00,False,N/A,False,N/A,False,N/A,False,N/A,False,N/A,False,N/A,False,N/A,False,N/A,False,Unknown,False,No price data available
PRDSY,Prada S.p.A.,9.4,2026-10-09T01:34:14.278384+00:00,False,+5.6%,True,$12090.1M,,N/A,False,10.5K,False,$9.40 / SMA $10.15,False,2.02%,,N/A,False,256.2M,False,PNK,False,
PREKF,PrairieSky Royalty Ltd.,23.68,2026-10-09T01:36:03.154898+00:00,False,+38.6%,True,$5504.3M,True,+64.0%,False,51.6K,False,$23.68 / SMA $24.88,False,1.56%,True,+39.0%,False,230.7M,False,PNK,False,
PRKS,United Parks & Resorts Inc.,32.09,2026-10-09T01:39:38.427357+00:00,False,+11.5%,True,$1455.0M,False,+-7.6%,True,667.8K,False,$32.09 / SMA $39.49,True,4.43%,False,+-1.4%,True,17.2M,True,NYQ,False,
PRNDY,Pernod Ricard SA,13.78,2026-10-09T01:34:05.339548+00:00,False,+6.4%,True,$17350.0M,,N/A,True,706.2K,False,$13.78 / SMA $14.65,False,1.26%,,N/A,False,950.4M,False,PNK,False,
PRTA,Prothena Corporation plc,8.61,2026-10-09T01:41:38.896239+00:00,False,+11.4%,True,$442.0M,True,+84.6%,False,482.0K,False,$8.61 / SMA $8.86,True,4.88%,False,+-77.1%,True,34.5M,True,NMS,False,
PSNL,"Personalis, Inc.",16.06,2026-10-09T01:41:26.499764+00:00,True,+224.1%,True,$1715.2M,False,+-30.4%,True,3525.4K,True,$16.06 / SMA $15.74,False,2.51%,True,+30.0%,True,86.4M,True,NGM,False,
PSPSF,PSP Swiss Property AG,167.36,2026-10-09T01:34:21.639816+00:00,False,+0.2%,True,$7727.8M,True,+28.1%,False,0.0K,False,$167.36 / SMA $177.94,False,0.12%,True,+171.8%,True,45.9M,False,PNK,False,
PSX,Phillips 66,281.6,2026-10-09T01:33:47.353693+00:00,True,+122.2%,True,$112903.3M,True,+344.2%,True,2844.1K,True,$281.60 / SMA $245.66,True,3.42%,True,+53.1%,False,398.1M,True,NYQ,False,
PSZKY,Powszechna Kasa Oszczednosci Bank Polski Spólka Akcyjna,29.5,2026-10-09T01:33:55.392075+00:00,False,+67.2%,True,$36875.0M,False,+3.8%,False,35.7K,False,$29.50 / SMA $31.13,True,4.80%,False,+2.0%,False,880.8M,False,PNK,False,
PTOR,Praetorian Acquisition Corp.,9.97,2026-10-09T01:43:23.182232+00:00,False,+2.0%,True,$338.2M,,N/A,False,40.2K,False,$9.97 / SMA $9.97,False,0.08%,,N/A,True,23.7M,True,NGM,False,
PURR,Hyperliquid Strategies Inc.,11.3,2026-10-09T01:39:49.937857+00:00,True,+275.4%,True,$3144.5M,,N/A,True,17981.0K,True,$11.30 / SMA $10.55,True,7.62%,,N/A,False,195.4M,True,NCM,False,
PUTRY,PTT Public Company Limited,6.1,2026-10-09T01:33:56.636773+00:00,False,+30.9%,True,$34555.7M,True,+143.4%,False,0.1K,True,$6.10 / SMA $6.04,False,0.00%,False,+22.7%,False,2601.7M,False,PNK,False,
PVLA,"Palvella Therapeutics, Inc.",131.34,2026-10-09T01:39:39.487689+00:00,True,+99.2%,True,$1892.4M,False,+-76.7%,False,212.4K,False,$131.34 / SMA $147.85,True,4.54%,,N/A,True,10.7M,True,NGM,False,
PWCDF,Power Corporation of Canada,61.72,2026-10-09T01:33:54.153462+00:00,False,+47.2%,True,$38743.3M,False,+-9.2%,False,182.0K,False,$61.72 / SMA $66.01,False,2.24%,True,+29.6%,False,578.9M,False,PNK,False,
PWR,"Quanta Services, Inc.",685.33,2026-10-09T01:33:44.177204+00:00,False,+69.4%,True,$103034.8M,True,+94.7%,True,1014.8K,True,$685.33 / SMA $650.82,True,3.28%,True,+41.1%,True,149.0M,True,NYQ,False,
PXED,"Phoenix Education Partners, Inc.",26.15,2026-10-09T01:39:49.212713+00:00,False,+11.2%,True,$942.6M,False,+-33.2%,False,105.9K,False,$26.15 / SMA $27.42,True,3.54%,False,+0.0%,True,5.8M,True,NYQ,False,
PZAKY,Powszechny Zaklad Ubezpieczen SA,19.46,2026-10-09T01:34:09.204647+00:00,False,+27.6%,True,$17983.5M,False,+12.4%,False,0.1K,False,$19.46 / SMA $19.61,False,1.09%,False,+2.0%,False,568.0M,False,PNK,False,
QDEL,QuidelOrtho Corporation,12.41,2026-10-09T01:41:28.460505+00:00,False,+25.1%,True,$851.0M,True,+63.9%,True,1489.8K,False,$12.41 / SMA $13.26,True,6.40%,False,+2.8%,True,61.2M,True,NMS,False,
QFIN,"Qfin Holdings, Inc.",6.095,2026-10-09T01:39:41.519412+00:00,False,+2.8%,True,$741.0M,False,+-74.3%,True,2079.7K,False,$6.09 / SMA $9.31,True,3.75%,False,+-39.7%,True,91.3M,True,NMS,False,
QNTQY,QinetiQ Group plc,24.09,2026-10-09T01:37:50.357481+00:00,False,+13.0%,True,$3070.0M,,N/A,False,1.1K,False,$24.09 / SMA $27.44,False,0.71%,,N/A,True,105.1M,False,PNK,False,
QXO,"QXO, Inc.",11.12,2026-10-09T01:34:14.357427+00:00,False,+3.2%,True,$11536.9M,False,+6.7%,True,20103.0K,False,$11.12 / SMA $13.17,True,4.64%,True,+70.3%,False,1035.0M,True,NYQ,False,
RADLY,Raia Drogasil S.A.,4.26,2026-10-09T01:36:01.271584+00:00,False,+37.4%,True,$7448.8M,False,+14.4%,False,149.5K,True,$4.26 / SMA $3.71,True,3.73%,False,+9.8%,False,1310.5M,False,PNK,False,
RAIFF,Raiffeisen Bank International AG,76.75,2026-10-09T01:34:06.624115+00:00,True,+112.8%,True,$25199.9M,True,+241.1%,False,0.0K,True,$76.75 / SMA $73.25,False,0.00%,False,+-1.5%,True,127.2M,False,PNK,False,
RAIFY,Raiffeisen Bank International AG,15.67,2026-10-09T01:34:06.396879+00:00,True,+89.9%,True,$20580.2M,,N/A,False,25.1K,False,$15.67 / SMA $17.98,True,5.17%,False,+-1.5%,False,508.9M,False,PNK,False,
RBA,"RB Global, Inc.",84.03,2026-10-09T01:34:04.836351+00:00,False,+7.7%,True,$15562.4M,True,+34.0%,True,1679.3K,False,$84.03 / SMA $86.62,False,2.62%,False,+11.1%,False,175.2M,True,NYQ,False,
RBGLY,Reckitt Benckiser Group plc,13.6,2026-10-09T01:33:53.395058+00:00,False,+13.1%,True,$43096.6M,,N/A,False,487.7K,False,$13.60 / SMA $13.77,False,1.44%,,N/A,False,3150.7M,False,OQX,False,
RBGPF,Reckitt Benckiser Group plc,66.0,2026-10-09T01:33:53.286745+00:00,False,+12.5%,True,$41829.0M,,N/A,False,1.0K,False,$66.00 / SMA $68.75,False,0.72%,,N/A,False,630.1M,False,OQX,False,
RBSFY,Rubis,7.71,2026-10-09T01:36:10.516265+00:00,False,+17.9%,True,$3984.4M,,N/A,False,0.4K,False,$7.71 / SMA $7.97,False,0.24%,,N/A,False,378.8M,False,PNK,False,
RBTEF,Robertet SA,862.69,2026-10-09T01:39:36.485291+00:00,False,+0.0%,True,$1871.4M,,N/A,False,0.0K,False,$862.69 / SMA $895.85,False,0.00%,,N/A,True,1.3M,False,PNK,False,
RDN,Radian Group Inc.,34.17,2026-10-09T01:36:08.185417+00:00,False,+11.9%,True,$4520.7M,False,+-16.7%,True,1383.4K,False,$34.17 / SMA $35.65,False,2.75%,True,+92.6%,True,130.0M,True,NYQ,False,
REEMF,Rare Element Resources Ltd.,1.12,2026-10-09T01:43:16.056645+00:00,True,+202.7%,True,$722.8M,,N/A,True,1019.0K,True,$1.12 / SMA $0.90,True,8.73%,,N/A,False,179.7M,False,OQB,False,
REGCO,Regency Centers Corporation,20.8,2026-10-09T01:34:10.016460+00:00,False,+3.5%,,N/A,,N/A,False,2.9K,False,$20.80 / SMA $21.64,False,0.99%,False,+8.3%,False,164.4M,True,NMS,False,
REPL,"Replimune Group, Inc.",13.04,2026-10-09T01:43:17.402521+00:00,True,+769.3%,True,$1228.6M,False,+24.2%,True,4170.6K,False,$13.04 / SMA $13.62,True,6.16%,,N/A,True,67.7M,True,NMS,False,
RERE,ATRenew Inc.,3.7,2026-10-09T01:39:50.166791+00:00,False,+5.6%,True,$819.5M,True,+81.8%,True,858.6K,False,$3.70 / SMA $4.09,False,2.30%,True,+32.4%,True,131.7M,True,NYQ,False,
REXR,"Rexford Industrial Realty, Inc.",37.23,2026-10-09T01:34:23.206880+00:00,False,+15.8%,True,$8512.1M,False,+-570.8%,True,2743.2K,True,$37.23 / SMA $36.87,False,2.19%,False,+-1.6%,False,220.7M,True,NYQ,False,
RFI,"Cohen & Steers Total Return Realty Fund, Inc.",10.3,2026-10-09T01:43:27.521668+00:00,False,+0.5%,False,$275.6M,,N/A,False,94.3K,False,$10.30 / SMA $11.04,False,1.34%,,N/A,,N/A,True,NYQ,False,
RFMZ,"RiverNorth Flexible Municipal Income Fund II, Inc.",11.34,2026-10-09T01:43:25.211887+00:00,False,+0.3%,False,$276.1M,,N/A,False,71.1K,False,$11.34 / SMA $12.58,False,1.87%,,N/A,,N/A,True,NYQ,False,
RFNDF,Rural Funds Group,1.5,2026-10-09T01:41:36.883600+00:00,False,+25.0%,True,$647.3M,,N/A,False,0.1K,True,$1.50 / SMA $1.47,False,0.00%,,N/A,False,372.8M,False,PNK,False,
RGEN,Repligen Corporation,163.84,2026-10-09T01:36:00.376313+00:00,False,+62.2%,True,$10402.3M,False,+-65.4%,True,1169.2K,False,$163.84 / SMA $172.58,True,4.56%,False,+11.9%,True,53.5M,True,NMS,False,
RHHBY,Roche Holding AG,53.29,2026-10-09T01:33:40.370100+00:00,False,+33.0%,True,$339677.2M,,N/A,True,1896.1K,False,$53.29 / SMA $54.93,False,1.42%,,N/A,False,5789.4M,False,OQX,False,
RICOY,"Ricoh Company, Ltd.",10.94,2026-10-09T01:36:06.295227+00:00,False,+36.7%,True,$6103.0M,,N/A,False,0.1K,True,$10.94 / SMA $10.10,False,0.00%,,N/A,False,423.5M,False,PNK,False,
RIG,Transocean Ltd.,5.54,2026-10-09T01:34:24.464487+00:00,True,+80.5%,True,$6187.5M,True,+103.8%,True,42085.8K,False,$5.54 / SMA $5.59,True,3.83%,False,+-2.2%,False,923.6M,True,NYQ,False,
RILY,"BRC Group Holdings, Inc.",5.16,2026-10-09T01:43:17.757869+00:00,False,+41.8%,False,$172.9M,False,+-90.0%,True,572.1K,False,$5.16 / SMA $6.51,True,5.13%,False,+4.6%,True,28.2M,True,NGM,False,
RIOT,"Riot Platforms, Inc.",16.84,2026-10-09T01:34:19.855580+00:00,False,+46.4%,True,$6319.4M,False,+-217.2%,True,18463.2K,False,$16.84 / SMA $20.72,True,6.29%,False,+13.9%,False,349.1M,True,NCM,False,
RKT,"Rocket Companies, Inc.",11.76,2026-10-09T01:33:53.631880+00:00,False,+7.0%,True,$33300.1M,True,+900.0%,True,30558.2K,False,$11.76 / SMA $13.22,True,4.60%,True,+86.0%,False,1881.3M,True,NYQ,False,
RKUSF,"Rakus Co., Ltd.",6.12,2026-10-09T01:38:02.139676+00:00,False,+28.0%,True,$2167.1M,,N/A,False,0.0K,True,$6.12 / SMA $6.12,False,0.00%,,N/A,False,248.2M,False,PNK,False,
RLMD,"Relmada Therapeutics, Inc.",3.17,2026-10-09T01:41:30.621935+00:00,True,+75.8%,True,$338.1M,True,+63.3%,True,1331.2K,False,$3.17 / SMA $4.38,True,5.46%,,N/A,True,82.6M,True,NCM,False,
RLXXF,RELX PLC,34.3,2026-10-09T01:33:49.086285+00:00,False,+27.3%,True,$59601.0M,,N/A,False,18.6K,False,$34.30 / SMA $34.63,True,5.42%,,N/A,False,1734.6M,False,PNK,False,
RMBS,Rambus Inc.,108.47,2026-10-09T01:34:09.004393+00:00,False,+39.3%,True,$11764.8M,False,+15.1%,True,2428.0K,True,$108.47 / SMA $95.15,True,4.78%,False,+20.4%,True,107.6M,True,NMS,False,
RMGGF,Resolute Mining Limited,0.78,2026-10-09T01:39:35.882816+00:00,False,+52.9%,True,$1667.2M,,N/A,False,2.0K,False,$0.78 / SMA $0.86,False,1.95%,,N/A,False,1728.6M,False,PNK,False,
RMLRF,Ramelius Resources Limited,2.56,2026-10-09T01:36:09.554599+00:00,False,+39.9%,True,$4827.4M,,N/A,False,6.8K,False,$2.56 / SMA $2.66,True,5.33%,,N/A,False,1872.3M,False,PNK,False,
RMR,The RMR Group Inc.,17.71,2026-10-09T01:41:33.605650+00:00,False,+24.1%,True,$302.5M,False,+-28.0%,False,128.2K,False,$17.71 / SMA $19.10,False,2.09%,False,+-0.8%,True,13.3M,True,NCM,False,
RMT,"Royce Micro-Cap Trust, Inc.",13.19,2026-10-09T01:41:31.458313+00:00,False,+38.6%,True,$714.8M,,N/A,False,103.9K,False,$13.19 / SMA $13.68,False,1.61%,,N/A,,N/A,True,NYQ,False,
RNGT,Range Capital Acquisition Corp II,10.19,2026-10-09T01:43:25.550378+00:00,False,+3.0%,True,$319.2M,,N/A,False,10.9K,True,$10.19 / SMA $10.16,False,0.01%,,N/A,True,21.5M,True,NGM,False,
RNLSY,Renault SA,5.83,2026-10-09T01:34:19.686295+00:00,False,+6.2%,True,$8435.2M,,N/A,False,134.5K,False,$5.83 / SMA $6.38,False,1.72%,,N/A,False,880.1M,False,PNK,False,
RNSHF,Renishaw plc,67.06,2026-10-09T01:36:06.797735+00:00,False,+1.1%,True,$4879.1M,,N/A,False,0.0K,False,$67.06 / SMA $68.52,False,0.19%,,N/A,True,35.8M,False,PNK,False,
RNW,ReNew Energy Global Plc,6.9,2026-10-09T01:38:00.116516+00:00,False,+57.4%,True,$2515.5M,False,+18.3%,True,2139.8K,True,$6.90 / SMA $6.73,False,0.30%,False,+14.3%,True,66.7M,True,NMS,False,
ROK,"Rockwell Automation, Inc.",434.14,2026-10-09T01:33:50.975926+00:00,False,+30.5%,True,$48308.5M,True,+40.4%,True,746.2K,False,$434.14 / SMA $435.93,False,2.35%,False,+7.9%,True,110.7M,True,NYQ,False,
ROKU,"Roku, Inc.",153.81,2026-10-09T01:34:05.601826+00:00,True,+95.9%,True,$22842.4M,True,+1442.9%,True,2277.5K,False,$153.81 / SMA $153.94,False,1.23%,False,+21.9%,True,131.0M,True,NMS,False,
ROOT,"Root, Inc.",48.56,2026-10-09T01:41:26.057147+00:00,False,+18.7%,True,$752.4M,False,+15.5%,False,228.2K,False,$48.56 / SMA $52.30,True,3.60%,False,+1.6%,True,12.3M,True,NMS,False,
RPGSF,Rockpoint Gas Storage Inc.,17.19,2026-10-09T01:39:46.592048+00:00,False,+5.9%,,N/A,False,+17.2%,False,6.0K,True,$17.19 / SMA_short $16.94,False,0.06%,,N/A,True,52.8M,False,PNK,False,
RPHCF,"Rohto Pharmaceutical Co.,Ltd.",17.1959,2026-10-09T01:37:49.352496+00:00,False,+19.9%,True,$3876.5M,,N/A,False,0.0K,True,$17.20 / SMA $-6.37,,N/A,,N/A,False,200.8M,False,PNK,False,
RR,Richtech Robotics Inc.,1.6,2026-10-09T01:41:35.034665+00:00,False,+23.1%,True,$360.2M,False,+-300.0%,True,5396.1K,False,$1.60 / SMA $1.68,True,5.13%,False,+16.7%,False,183.2M,True,NCM,False,
RREV,RRE Ventures Acquisition Corp.,9.92,2026-10-09T01:43:23.724628+00:00,False,+0.6%,True,$330.7M,,N/A,False,29.8K,True,$9.92 / SMA $9.92,False,0.01%,,N/A,,N/A,True,NGM,False,
RUSHA,"Rush Enterprises, Inc.",45.16,2026-10-09T01:36:05.873231+00:00,False,+48.3%,True,$5271.5M,False,+1.1%,True,673.0K,False,$45.16 / SMA $50.29,False,2.48%,False,+-1.6%,True,102.8M,True,NMS,False,
RVRF,River Financial Corporation,47.0,2026-10-09T01:43:18.271394+00:00,False,+44.6%,True,$367.2M,False,+13.0%,False,0.0K,True,$47.00 / SMA $46.50,False,0.00%,False,+17.0%,True,6.9M,False,PNK,False,
RXRX,"Recursion Pharmaceuticals, Inc.",3.95,2026-10-09T01:39:39.975115+00:00,False,+42.6%,True,$2118.3M,True,+39.0%,True,20564.8K,True,$3.95 / SMA $3.53,True,8.30%,False,+-61.8%,False,518.5M,True,NMS,False,
RYTM,"Rhythm Pharmaceuticals, Inc.",89.64,2026-10-09T01:36:02.238027+00:00,False,+20.3%,True,$6171.9M,False,+2.7%,True,649.1K,False,$89.64 / SMA $104.18,True,3.86%,True,+46.9%,True,56.0M,True,NGM,False,
SA,Seabridge Gold Inc.,27.12,2026-10-09T01:37:50.997825+00:00,False,+25.1%,True,$2925.5M,True,+800.0%,True,623.8K,False,$27.12 / SMA $30.45,True,3.91%,,N/A,True,107.6M,True,NYQ,False,
SAAQU,Space Asset Acquisition Corp.,10.195,2026-10-09T01:43:23.660053+00:00,False,+2.8%,,N/A,,N/A,False,1.2K,False,$10.20 / SMA $10.33,False,0.25%,,N/A,True,18.6M,True,NGM,False,
SANA,"Sana Biotechnology, Inc.",2.79,2026-10-09T01:41:27.369648+00:00,False,+6.9%,True,$835.2M,True,+43.6%,True,3100.8K,False,$2.79 / SMA $3.39,True,6.04%,,N/A,False,190.9M,True,NMS,False,
SAPGF,SAP SE,212.0,2026-10-09T01:33:41.317818+00:00,False,+46.0%,True,$244691.3M,True,+30.6%,False,102.0K,True,$212.00 / SMA $208.94,False,2.53%,False,+9.4%,False,1029.5M,False,PNK,False,
SARTF,Sartorius Aktiengesellschaft,243.86,2026-10-09T01:34:08.593072+00:00,False,+26.7%,True,$16839.1M,True,+35.7%,False,0.0K,True,$243.86 / SMA $220.85,False,0.00%,False,+3.3%,True,27.5M,False,PNK,False,
SATS,SATS,,2026-10-09T01:33:55.186116+00:00,False,N/A,False,N/A,False,N/A,False,N/A,False,N/A,False,N/A,False,N/A,False,N/A,False,Unknown,False,No price data available
SBFFY,SBM Offshore N.V.,41.7,2026-10-09T01:35:59.258878+00:00,True,+77.3%,True,$6888.1M,,N/A,False,0.1K,True,$41.70 / SMA $40.75,False,0.00%,,N/A,True,131.2M,False,PNK,False,
SBGSY,Schneider Electric S.E.,58.41,2026-10-09T01:33:41.784853+00:00,False,+15.4%,True,$164512.1M,,N/A,False,272.8K,False,$58.41 / SMA $67.08,False,1.53%,,N/A,False,2752.6M,False,PNK,False,
SBKFF,State Bank of India,104.26,2026-10-09T01:33:45.355919+00:00,False,+7.3%,True,$96238.4M,False,+9.9%,False,0.2K,False,$104.26 / SMA $106.85,False,0.00%,False,+10.2%,False,407.0M,False,PNK,False,
SBS,Companhia de Saneamento Básico do Estado de São Paulo - SABESP,6.59,2026-10-09T01:34:04.461121+00:00,False,+48.9%,True,$23174.3M,False,+-32.3%,True,8739.6K,True,$6.59 / SMA $5.20,False,2.65%,False,+13.9%,False,2354.6M,True,NYQ,False,
SBSI,"Southside Bancshares, Inc.",30.47,2026-10-09T01:41:24.672549+00:00,False,+15.8%,True,$908.2M,True,+25.0%,False,136.3K,False,$30.47 / SMA $31.67,False,2.12%,False,+7.6%,True,28.2M,True,NYQ,False,
SBUX,Starbucks Corporation,93.21,2026-10-09T01:33:43.855008+00:00,False,+19.5%,True,$106259.4M,True,+85.7%,True,6917.9K,False,$93.21 / SMA $101.43,False,2.42%,False,+-1.4%,False,1137.6M,True,NMS,False,
SCBFY,Standard Chartered PLC,57.01,2026-10-09T01:33:49.104073+00:00,False,+52.8%,True,$61923.7M,,N/A,False,152.9K,False,$57.01 / SMA $60.25,False,1.58%,False,+6.0%,False,17515.2M,False,PNK,False,
SCRPF,Sembcorp Industries Ltd,4.95,2026-10-09T01:34:20.067318+00:00,False,+20.4%,True,$8813.1M,,N/A,False,0.3K,True,$4.95 / SMA $4.63,False,0.00%,,N/A,False,869.7M,False,PNK,False,
SCTBY,Securitas AB (publ),16.405,2026-10-09T01:34:19.413004+00:00,False,+16.8%,True,$9390.9M,False,+12.5%,False,0.3K,True,$16.41 / SMA $15.85,False,0.00%,False,+-1.9%,False,467.6M,False,PNK,False,
SDHI,Siddhi Acquisition Corp.,10.5601,2026-10-09T01:43:20.304063+00:00,False,+3.9%,True,$367.9M,True,+4940.9%,False,39.1K,True,$10.56 / SMA $10.52,False,0.06%,,N/A,True,25.9M,True,NGM,False,
SEG,Seaport Entertainment Group Inc.,22.36,2026-10-09T01:43:26.598481+00:00,False,+26.0%,False,$286.4M,True,+29.3%,False,70.5K,False,$22.36 / SMA $25.65,True,3.11%,False,+-13.8%,True,7.4M,True,NYQ,False,
SEI,"Solaris Energy Infrastructure, Inc.",73.08,2026-10-09T01:36:05.141025+00:00,True,+89.8%,True,$7353.8M,False,+-13.3%,True,3034.6K,True,$73.08 / SMA $61.87,True,5.39%,True,+46.9%,True,62.8M,True,NYQ,False,
SENEA,Seneca Foods Corporation,177.03,2026-10-09T01:41:25.078810+00:00,True,+77.8%,True,$1198.6M,True,+33.2%,False,100.4K,False,$177.03 / SMA $185.09,True,3.28%,True,+36.2%,True,4.8M,True,NMS,False,
SENEB,Seneca Foods Corporation,175.58,2026-10-09T01:41:22.803947+00:00,False,+61.6%,True,$1188.8M,True,+33.2%,False,0.2K,False,$175.58 / SMA $186.01,False,0.04%,True,+36.2%,True,4.8M,True,NMS,False,
SEPN,"Septerna, Inc.",36.9,2026-10-09T01:39:44.844331+00:00,True,+110.3%,True,$1722.4M,True,+48.2%,False,394.0K,False,$36.90 / SMA $39.33,True,5.08%,True,+22375.6%,True,26.4M,True,NGM,False,
SESPF,SeSa S.p.A.,104.0,2026-10-09T01:39:39.863718+00:00,False,+16.9%,True,$1573.2M,True,+232.7%,False,0.0K,True,$104.00 / SMA $103.02,False,0.00%,False,+6.9%,True,15.1M,False,PNK,False,
SGGEF,The Sage Group plc,12.88,2026-10-09T01:34:17.793544+00:00,False,+22.1%,True,$11599.1M,,N/A,False,0.8K,False,$12.88 / SMA $13.84,False,0.15%,,N/A,False,853.3M,False,PNK,False,
SGMT,Sagimet Biosciences Inc.,8.92,2026-10-09T01:43:15.558422+00:00,True,+98.2%,True,$632.5M,False,+18.8%,True,1231.4K,False,$8.92 / SMA $9.88,True,6.88%,,N/A,True,56.6M,True,NGM,False,
SGRY,"Surgery Partners, Inc.",13.64,2026-10-09T01:39:37.928371+00:00,False,+19.5%,True,$1785.7M,False,+-500.0%,True,2150.6K,False,$13.64 / SMA $14.35,True,5.10%,False,+2.7%,True,65.8M,True,NMS,False,
SHBBF,Syensqo SA/NV,87.8675,2026-10-09T01:34:23.753572+00:00,True,+82.8%,True,$8959.5M,,N/A,False,0.4K,False,$87.87 / SMA $91.86,False,0.56%,,N/A,True,69.2M,False,PNK,False,
SHCAF,Sharp Corporation,4.325,2026-10-09T01:37:58.349611+00:00,False,+18.6%,True,$2808.3M,,N/A,False,0.0K,True,$4.33 / SMA $3.89,False,0.00%,,N/A,False,238.7M,False,PNK,False,
SHECY,"Shin-Etsu Chemical Co., Ltd.",19.16,2026-10-09T01:33:45.711195+00:00,False,+40.5%,True,$69553.3M,,N/A,True,587.9K,True,$19.16 / SMA $18.97,False,2.75%,,N/A,False,3718.3M,False,PNK,False,
SHMDF,Shimano Inc.,108.15,2026-10-09T01:34:21.416174+00:00,False,+14.9%,True,$9119.9M,,N/A,False,0.1K,False,$108.15 / SMA $118.92,False,0.16%,,N/A,True,73.2M,False,PNK,False,
SHWDY,Resonac Holdings Corporation,104.54,2026-10-09T01:34:04.013549+00:00,True,+197.4%,True,$19832.0M,,N/A,False,0.1K,True,$104.54 / SMA $98.54,False,0.17%,,N/A,False,189.5M,False,PNK,False,
SHWGY,Shandong Weigao Group Medical Polymer Company Limited,1.45,2026-10-09T01:38:01.770901+00:00,False,+0.0%,True,$1627.4M,,N/A,False,0.1K,False,$1.45 / SMA $1.60,False,0.13%,,N/A,False,591.2M,False,PNK,False,
SIELF,"Shanghai Electric Group Co., Ltd.",0.3716,2026-10-09T01:34:08.203682+00:00,False,+6.1%,True,$12505.6M,,N/A,False,0.0K,False,$0.37 / SMA $0.44,False,0.00%,False,+21.7%,False,7823.1M,False,PNK,False,
SIGA,"SIGA Technologies, Inc.",3.28,2026-10-09T01:43:23.300527+00:00,False,+15.9%,False,$235.7M,False,+-65.3%,True,726.5K,True,$3.28 / SMA $3.15,True,4.89%,False,+-49.5%,True,41.1M,True,NGM,False,
SIGCY,SIG Group AG,16.02,2026-10-09T01:36:03.884691+00:00,False,+59.9%,True,$6190.6M,,N/A,False,0.9K,False,$16.02 / SMA $16.92,False,0.80%,,N/A,False,315.1M,False,PNK,False,
SIGIP,"Selective Insurance Group, Inc.",15.0,2026-10-09T01:36:05.322339+00:00,False,+1.7%,,N/A,,N/A,False,7.5K,False,$15.00 / SMA $15.37,False,1.68%,False,+4.5%,True,55.7M,True,NMS,False,
SITM,SiTime Corporation,645.06,2026-10-09T01:34:05.028857+00:00,True,+164.7%,True,$19323.1M,True,+178.6%,False,437.2K,True,$645.06 / SMA $624.37,True,5.55%,True,+126.5%,True,23.1M,True,NGM,False,
SIVEF,Sivers Semiconductors AB (publ),3.48,2026-10-09T01:38:00.001742+00:00,True,+262.5%,True,$1109.6M,False,+-100.0%,True,2257.1K,True,$3.48 / SMA $3.41,True,6.70%,False,+-12.2%,False,231.7M,False,PNK,False,
SJM,The J. M. Smucker Company,119.41,2026-10-09T01:34:16.015575+00:00,False,+35.3%,True,$12755.8M,True,+839.0%,True,1329.6K,False,$119.41 / SMA $121.86,False,2.18%,False,+5.0%,True,104.5M,True,NYQ,False,
SJMHY,SJM Holdings Limited,0.74,2026-10-09T01:39:38.368528+00:00,False,+7.2%,True,$1313.8M,,N/A,False,0.0K,False,$0.74 / SMA $0.74,False,0.00%,,N/A,False,607.3M,False,PNK,False,
SKLTY,SEEK Limited,16.84,2026-10-09T01:37:51.004252+00:00,False,+9.2%,True,$3014.1M,,N/A,False,5.2K,False,$16.84 / SMA $18.91,False,1.60%,,N/A,False,171.4M,False,PNK,False,
SKYW,"SkyWest, Inc.",96.73,2026-10-09T01:37:50.061050+00:00,False,+24.2%,True,$3755.9M,False,+-12.7%,False,362.5K,False,$96.73 / SMA $101.27,False,2.64%,False,+6.5%,True,38.1M,True,NMS,False,
SLAB,Silicon Laboratories Inc.,221.75,2026-10-09T01:34:25.905966+00:00,True,+92.0%,True,$7399.1M,True,+52.2%,False,287.2K,True,$221.75 / SMA $219.77,False,0.48%,False,+18.3%,True,32.8M,True,NMS,False,
SLDB,Solid Biosciences Inc.,6.82,2026-10-09T01:41:33.293265+00:00,True,+79.9%,True,$731.3M,False,+9.5%,True,1090.6K,False,$6.82 / SMA $8.67,True,5.79%,,N/A,True,64.8M,True,NMS,False,
SLDP,"Solid Power, Inc.",2.42,2026-10-09T01:41:32.204446+00:00,False,+22.2%,True,$552.2M,False,+21.4%,True,3175.4K,True,$2.42 / SMA $2.36,True,4.46%,False,+-115.7%,False,208.0M,True,NMS,False,
SLI,Standard Lithium Ltd.,1.61,2026-10-09T01:41:26.154958+00:00,False,+1.6%,True,$397.3M,True,+66.7%,True,1774.0K,False,$1.61 / SMA $2.20,True,5.53%,,N/A,False,239.2M,True,ASE,False,
SLS,"SELLAS Life Sciences Group, Inc.",11.26,2026-10-09T01:39:42.162345+00:00,True,+710.1%,True,$2273.9M,True,+28.6%,True,6518.4K,False,$11.26 / SMA $12.37,True,7.04%,,N/A,False,201.1M,True,NCM,False,
SLSR,Solaris Resources Inc.,6.73,2026-10-09T01:39:39.895242+00:00,False,+29.7%,True,$1124.4M,True,+33.3%,False,166.0K,False,$6.73 / SMA $7.79,True,4.18%,,N/A,True,79.7M,True,ASE,False,
SMG,The Scotts Miracle-Gro Company,50.43,2026-10-09T01:37:49.634725+00:00,False,+5.3%,True,$2936.0M,False,+-25.2%,True,1027.1K,False,$50.43 / SMA $57.38,True,3.25%,False,+1.1%,True,44.6M,True,NYQ,False,
SMGKF,Smiths Group plc,37.63,2026-10-09T01:34:18.422366+00:00,False,+32.7%,True,$10490.5M,,N/A,False,0.1K,True,$37.63 / SMA $36.12,False,0.00%,,N/A,False,290.9M,False,OID,False,
SMNNY,Shimano Inc.,11.12,2026-10-09T01:34:20.309730+00:00,False,+18.8%,True,$9377.1M,,N/A,False,58.5K,False,$11.12 / SMA $11.99,True,3.43%,,N/A,False,731.8M,False,PNK,False,
SMOPF,Smartoptics Group ASA,5.275,2026-10-09T01:41:35.547237+00:00,True,+185.1%,True,$517.2M,True,+600.0%,False,4.6K,True,$5.28 / SMA $5.03,False,1.77%,True,+54.6%,True,47.9M,False,PNK,False,
SMPNY,"Sompo Holdings, Inc.",20.6,2026-10-09T01:33:56.276102+00:00,False,+43.0%,True,$36475.2M,,N/A,False,104.9K,False,$20.60 / SMA $21.59,True,3.87%,,N/A,False,1633.2M,False,PNK,False,
SMSMY,Sims Limited,16.62,2026-10-09T01:37:50.875257+00:00,True,+89.9%,True,$3264.8M,,N/A,False,1.8K,False,$16.62 / SMA $17.41,False,2.10%,,N/A,False,158.1M,False,PNK,False,
SMSOF,Samsonite Group S.A.,1.65,2026-10-09T01:37:56.414119+00:00,False,+10.0%,True,$2250.3M,,N/A,False,2.6K,True,$1.65 / SMA $1.64,False,0.00%,,N/A,False,1232.0M,False,PNK,False,
SMTEF,Smart Eye AB (publ),5.16,2026-10-09T01:43:19.868447+00:00,False,+5.3%,False,$202.3M,True,+31.0%,False,0.2K,False,$5.16 / SMA $7.19,False,0.00%,True,+52.9%,True,34.0M,False,PNK,False,
SMWB,Similarweb Ltd.,8.43,2026-10-09T01:43:20.367534+00:00,True,+279.7%,True,$743.9M,True,+71.4%,True,818.2K,True,$8.43 / SMA $8.23,True,5.19%,False,+8.8%,True,42.7M,True,NYQ,False,
SN,"SharkNinja, Inc.",184.87,2026-10-09T01:34:08.548903+00:00,True,+122.4%,True,$26162.9M,False,+-6.1%,True,1767.2K,True,$184.87 / SMA $177.71,True,3.65%,False,+22.2%,True,86.3M,True,NYQ,False,
SNCAF,AtkinsRéalis Group Inc.,60.98,2026-10-09T01:34:18.547276+00:00,False,+7.6%,True,$9758.9M,False,+-95.6%,False,50.5K,False,$60.98 / SMA $62.10,False,2.10%,False,+10.0%,False,159.5M,False,PNK,False,
SNEX,StoneX Group Inc.,60.1,2026-10-09T01:34:20.897352+00:00,False,+64.9%,True,$7249.1M,False,+23.0%,True,968.3K,False,$60.10 / SMA $68.14,True,3.88%,False,+15.4%,True,109.1M,True,NMS,False,
SNHIY,"Sany Heavy Industry Co.,Ltd",9.4425,2026-10-09T01:34:01.503035+00:00,False,+5.2%,True,$86823.8M,,N/A,False,0.0K,False,$9.44 / SMA $9.65,False,0.00%,True,+38.6%,False,1554.9M,False,PNK,False,
SNLGF,San Lorenzo Gold Corp.,4.34,2026-10-09T01:43:24.094109+00:00,True,+874.6%,True,$471.3M,,N/A,False,37.3K,False,$4.34 / SMA $4.46,True,5.82%,,N/A,True,93.7M,False,PNK,False,
SNMCY,Suncorp Group Limited,13.25,2026-10-09T01:34:11.673734+00:00,False,+40.5%,True,$14045.7M,,N/A,False,67.5K,False,$13.25 / SMA $13.49,True,3.45%,,N/A,False,1053.8M,False,PNK,False,
SNMRF,Snam S.p.A.,6.216,2026-10-09T01:33:59.656539+00:00,False,+4.6%,True,$20863.5M,,N/A,False,0.9K,False,$6.22 / SMA $6.42,False,0.00%,False,+8.7%,False,2054.4M,False,PNK,False,
SNMRY,Snam S.p.A.,12.58,2026-10-09T01:34:00.524662+00:00,False,+6.9%,True,$21111.8M,,N/A,False,77.8K,False,$12.58 / SMA $13.04,False,1.04%,False,+8.7%,False,1027.2M,False,PNK,False,
SNNUF,Smith & Nephew plc,12.83,2026-10-09T01:34:12.965655+00:00,False,+0.0%,True,$10739.1M,,N/A,False,0.5K,False,$12.83 / SMA $14.74,False,0.04%,,N/A,False,842.2M,False,PNK,False,
SNPMF,China Petroleum & Chemical Corporation,0.56,2026-10-09T01:33:45.142039+00:00,False,+16.7%,True,$67582.0M,,N/A,False,16.3K,False,$0.56 / SMA $0.57,False,1.21%,,N/A,False,34088.6M,False,PNK,False,
SNROF,"Sanrio Company, Ltd.",7.2,2026-10-09T01:35:59.961269+00:00,False,+42.9%,True,$8729.5M,,N/A,False,0.6K,False,$7.20 / SMA $7.75,False,0.54%,,N/A,False,980.0M,False,PNK,False,
SOCNF,Socionext Inc.,14.0,2026-10-09T01:37:51.417564+00:00,False,+27.3%,True,$2454.0M,,N/A,False,0.3K,True,$14.00 / SMA $-7.03,,N/A,,N/A,False,175.1M,False,PNK,False,
SOHU,Sohu.com Limited,12.53,2026-10-09T01:43:21.073288+00:00,False,+7.9%,True,$376.7M,True,+105.8%,False,64.1K,False,$12.53 / SMA $13.65,True,3.25%,False,+7.3%,True,14.2M,True,NMS,False,
SOLS,"Solstice Advanced Materials, Inc.",60.23,2026-10-09T01:34:12.316407+00:00,False,+49.0%,True,$9567.4M,False,+22.7%,True,2953.2K,True,$60.23 / SMA $59.58,True,3.29%,False,+11.1%,False,158.7M,True,NMS,False,
SOLV,Solventum Corporation,86.41,2026-10-09T01:34:11.829855+00:00,False,+38.5%,True,$14709.0M,False,+3.9%,True,1021.3K,False,$86.41 / SMA $88.41,False,2.12%,False,+2.2%,True,144.1M,True,NYQ,False,
SOMMY,"Sumitomo Chemical Company, Limited",18.67,2026-10-09T01:36:02.316810+00:00,False,+35.0%,True,$6168.1M,,N/A,False,0.6K,True,$18.67 / SMA $17.58,False,0.71%,,N/A,False,323.6M,False,PNK,False,
SONVY,Sonova Holding AG,61.8,2026-10-09T01:34:09.219207+00:00,False,+46.2%,True,$18356.0M,,N/A,False,14.6K,True,$61.80 / SMA $58.39,False,0.98%,,N/A,False,296.1M,False,PNK,False,
SORNU,Soren Acquisition Corp.,10.2,2026-10-09T01:43:21.949145+00:00,False,+2.8%,,N/A,,N/A,False,0.3K,False,$10.20 / SMA $10.22,False,0.07%,,N/A,True,20.7M,True,NGM,False,
SOTDF,Ströer SE & Co. KGaA,41.8429,2026-10-09T01:37:58.614321+00:00,False,+3.3%,True,$2334.0M,False,+-5.9%,False,0.0K,True,$41.84 / SMA $41.34,False,0.00%,False,+7.3%,True,31.1M,False,PNK,False,
SPGI,S&P Global Inc.,402.73,2026-10-09T01:33:43.357551+00:00,False,+11.5%,True,$118724.8M,False,+17.7%,True,1904.8K,False,$402.73 / SMA $414.29,False,1.97%,False,+10.4%,False,294.1M,True,NYQ,False,
SPHXF,"SM Prime Holdings, Inc.",0.2672,2026-10-09T01:34:21.217345+00:00,False,+0.0%,True,$7601.1M,False,+0.9%,False,0.1K,False,$0.27 / SMA $0.27,False,0.00%,False,+8.8%,False,9681.0M,False,PNK,False,
SPOT,Spotify Technology S.A.,526.42,2026-10-09T01:33:44.487139+00:00,False,+30.0%,True,$108223.6M,True,+721.4%,True,1667.9K,True,$526.42 / SMA $516.45,True,3.44%,False,+13.9%,False,157.1M,True,NYQ,False,
SPXSY,Spirax Group plc,47.37,2026-10-09T01:35:58.285304+00:00,False,+11.3%,True,$6991.4M,,N/A,False,9.9K,False,$47.37 / SMA $48.35,False,1.59%,,N/A,True,146.0M,False,PNK,False,
SQNNY,"Square Enix Holdings Co., Ltd.",9.2,2026-10-09T01:36:01.565247+00:00,False,+36.3%,True,$6636.4M,,N/A,False,0.5K,False,$9.20 / SMA $9.32,False,0.80%,,N/A,False,331.4M,False,PNK,False,
SR,Spire Inc.,77.99,2026-10-09T01:36:06.605311+00:00,False,+4.2%,True,$4610.2M,True,+1131.0%,False,479.3K,False,$77.99 / SMA $80.08,False,1.85%,False,+19.2%,True,57.7M,True,NYQ,False,
SRAD,Sportradar Group AG,12.44,2026-10-09T01:36:12.711443+00:00,False,+9.2%,True,$3681.6M,False,+-106.7%,True,2370.6K,False,$12.44 / SMA $12.84,True,4.94%,False,+18.9%,False,182.7M,True,NMS,False,
SRBIF,Serabi Gold plc,3.18,2026-10-09T01:43:23.494675+00:00,False,+11.6%,False,$242.7M,False,+-10.4%,False,2.8K,False,$3.18 / SMA $3.86,False,1.01%,True,+41.7%,True,55.9M,False,OQX,False,
SRPT,"Sarepta Therapeutics, Inc.",18.21,2026-10-09T01:39:37.888378+00:00,False,+24.0%,True,$1923.5M,False,+-102.6%,True,2984.2K,False,$18.21 / SMA $19.01,True,5.09%,False,+-34.3%,True,100.5M,True,NMS,False,
SSII,"SS Innovations International, Inc.",2.63,2026-10-09T01:41:29.564129+00:00,False,+0.8%,True,$526.0M,,N/A,False,63.7K,False,$2.63 / SMA $3.38,True,6.42%,True,+39.4%,True,40.6M,True,NCM,False,
SSSAF,Shurgard Self Storage Ltd,24.5,2026-10-09T01:37:54.285484+00:00,False,+4.2%,True,$2473.8M,,N/A,False,1.6K,False,$24.50 / SMA $26.79,False,1.65%,,N/A,True,33.0M,False,PNK,False,
SSUMY,Sumitomo Corporation,10.82,2026-10-09T01:33:49.972241+00:00,False,+51.6%,True,$51145.3M,,N/A,False,247.7K,False,$10.82 / SMA $11.22,True,4.11%,,N/A,False,4736.5M,False,PNK,False,
STAA,STAAR Surgical Company,22.38,2026-10-09T01:39:40.049110+00:00,False,+43.6%,True,$1122.2M,True,+147.1%,True,998.6K,False,$22.38 / SMA $22.97,True,4.28%,True,+111.0%,True,26.1M,True,NGM,False,
STAG,"STAG Industrial, Inc.",35.88,2026-10-09T01:34:25.515856+00:00,False,+2.1%,True,$7061.5M,False,+3.7%,True,1670.3K,False,$35.88 / SMA $36.67,False,1.64%,False,+8.1%,False,191.9M,True,NYQ,False,
STBGY,Scandinavian Tobacco Group A/S,5.6,2026-10-09T01:41:27.290512+00:00,False,+15.5%,True,$882.1M,False,+-3.4%,False,0.4K,False,$5.60 / SMA $5.62,False,0.00%,False,+-1.2%,True,117.6M,False,PNK,False,
STBMF,St Barbara Limited,0.572,2026-10-09T01:43:14.032513+00:00,True,+92.6%,True,$701.3M,,N/A,False,2.6K,True,$0.57 / SMA $0.51,False,0.45%,,N/A,False,1151.4M,False,PNK,False,
STC,Stewart Information Services Corporation,51.88,2026-10-09T01:38:01.450457+00:00,False,+6.4%,True,$1583.5M,False,+7.1%,False,256.4K,False,$51.88 / SMA $63.98,True,3.45%,False,+24.5%,True,29.9M,True,NYQ,False,
STCGF,Stack Capital Group Inc.,12.1059,2026-10-09T01:43:19.467266+00:00,False,+40.1%,False,$189.8M,True,+62.6%,False,9.3K,False,$12.11 / SMA $12.58,False,1.38%,True,+4208.5%,True,14.3M,False,PNK,False,
STEL,STEL,,2026-10-09T01:39:35.205650+00:00,False,N/A,False,N/A,False,N/A,False,N/A,False,N/A,False,N/A,False,N/A,False,N/A,False,Unknown,False,No price data available
STJPF,St. James's Place plc,14.0,2026-10-09T01:34:22.297325+00:00,False,+0.0%,True,$6896.4M,,N/A,False,0.0K,False,$14.00 / SMA $14.09,False,0.00%,,N/A,False,475.5M,False,PNK,False,
STK,Columbia Seligman Premium Technology Growth Fund,54.99,2026-10-09T01:41:24.127190+00:00,False,+69.2%,True,$973.1M,,N/A,False,56.5K,True,$54.99 / SMA $52.36,False,2.23%,,N/A,,N/A,True,NYQ,False,
STLD,"Steel Dynamics, Inc.",234.17,2026-10-09T01:33:55.602642+00:00,False,+66.2%,True,$33563.1M,True,+83.6%,True,1109.4K,False,$234.17 / SMA $241.14,False,2.97%,True,+33.4%,True,133.5M,True,NMS,False,
STMNF,"Sumitomo Metal Mining Co., Ltd.",71.6,2026-10-09T01:34:07.653634+00:00,True,+211.3%,True,$19223.7M,,N/A,False,0.0K,True,$71.60 / SMA $63.36,False,0.00%,,N/A,False,253.6M,False,PNK,False,
STOSF,Santos Limited,5.89,2026-10-09T01:34:04.872753+00:00,False,+61.4%,True,$19129.4M,,N/A,False,6.4K,True,$5.89 / SMA $5.79,False,0.87%,,N/A,False,3196.5M,False,PNK,False,
STRK,Strategy Inc,75.33,2026-10-09T01:33:49.484582+00:00,False,+51.3%,,N/A,,N/A,False,92.2K,True,$75.33 / SMA $70.56,False,2.90%,False,+6.9%,False,363.6M,True,NMS,False,
STRL,"Sterling Infrastructure, Inc.",518.41,2026-10-09T01:34:02.513643+00:00,True,+84.1%,True,$15857.4M,True,+116.5%,True,653.5K,True,$518.41 / SMA $517.61,True,5.05%,True,+90.1%,True,29.9M,True,NMS,True,
STX,Seagate Technology Holdings plc,774.825,2026-10-09T01:33:41.912379+00:00,True,+270.7%,True,$176189.8M,True,+149.1%,True,4625.8K,False,$774.83 / SMA $856.08,True,5.32%,True,+48.5%,False,225.9M,True,NMS,False,
SUCEF,"Sumitomo Osaka Cement Co., Ltd.",32.44,2026-10-09T01:41:23.233054+00:00,False,+28.9%,True,$3084.2M,,N/A,False,0.0K,True,$32.44 / SMA $31.12,False,0.00%,,N/A,True,95.0M,False,PNK,False,
SUN,Sunoco LP,73.66,2026-10-09T01:34:10.132092+00:00,False,+51.6%,True,$13878.6M,True,+184.8%,True,538.9K,False,$73.66 / SMA $75.12,True,3.22%,True,+164.5%,True,107.7M,True,ASE,False,
SVAQU,Silicon Valley Acquisition Corp.,10.48,2026-10-09T01:43:27.609533+00:00,False,+5.5%,,N/A,,N/A,False,0.3K,True,$10.48 / SMA $10.44,False,0.00%,,N/A,True,21.7M,True,NGM,False,
SVC,Service Properties Trust,6.22,2026-10-09T01:39:47.950240+00:00,False,+10.1%,True,$805.5M,False,+-3704.3%,True,1606.3K,False,$6.22 / SMA $7.34,True,3.42%,False,+-16.4%,True,107.9M,True,NMS,False,
SVCBF,Svenska Cellulosa Aktiebolaget SCA (publ),12.29,2026-10-09T01:34:25.386721+00:00,False,+23.3%,True,$8631.8M,False,+-52.3%,False,1.2K,True,$12.29 / SMA $11.72,False,0.00%,False,+-4.2%,False,651.3M,False,PNK,False,
SVCTF,Senvest Capital Inc.,309.0,2026-10-09T01:41:32.533020+00:00,False,+28.8%,True,$746.8M,True,+84.9%,False,0.0K,False,$309.00 / SMA $310.26,False,0.00%,True,+86.1%,True,0.9M,False,PNK,False,
SVM,Silvercorp Metals Inc.,10.31,2026-10-09T01:37:56.177388+00:00,True,+73.3%,True,$2280.6M,True,+200.0%,True,2297.5K,False,$10.31 / SMA $11.63,True,3.76%,True,+70.5%,False,189.7M,True,ASE,False,
SVNLY,Svenska Handelsbanken AB (publ),7.51,2026-10-09T01:33:58.022815+00:00,False,+22.3%,True,$29765.0M,False,+-6.1%,False,157.0K,False,$7.51 / SMA $7.69,False,1.10%,False,+-2.4%,False,3243.1M,False,PNK,False,
SWDBY,Swedbank AB (publ),40.0,2026-10-09T01:33:53.081957+00:00,False,+34.2%,True,$44948.6M,False,+-12.3%,False,26.9K,False,$40.00 / SMA $40.24,False,1.00%,False,+4.6%,False,854.9M,False,PNK,False,
SWGAF,The Swatch Group AG,208.9,2026-10-09T01:34:12.196629+00:00,False,+10.5%,True,$10862.0M,,N/A,False,0.0K,False,$208.90 / SMA $215.15,False,0.37%,,N/A,True,36.9M,False,PNK,False,
SWK,"Stanley Black & Decker, Inc.",89.17,2026-10-09T01:34:14.575396+00:00,False,+44.1%,True,$13466.2M,True,+247.8%,True,1752.9K,False,$89.17 / SMA $94.58,False,2.73%,False,+0.4%,False,150.5M,True,NYQ,False,
SWZCF,Swisscom AG,745.82,2026-10-09T01:33:52.052218+00:00,False,+9.7%,True,$40088.2M,,N/A,False,0.1K,False,$745.82 / SMA $782.42,False,0.12%,False,+-2.0%,True,25.4M,False,OID,False,
SXGCF,Southern Cross Gold Consolidated Ltd.,7.28,2026-10-09T01:39:37.818088+00:00,False,+67.0%,True,$1963.1M,,N/A,False,65.4K,False,$7.28 / SMA $8.42,True,5.02%,,N/A,False,220.7M,False,OQX,False,
SXT,Sensient Technologies Corporation,132.03,2026-10-09T01:36:07.908597+00:00,False,+59.8%,True,$5619.6M,True,+36.4%,False,426.2K,True,$132.03 / SMA $130.99,False,2.20%,False,+11.6%,True,41.9M,True,NYQ,False,
TAK,Takeda Pharmaceutical Company Limited,18.52,2026-10-09T01:33:50.568219+00:00,False,+42.6%,True,$59163.5M,False,+-9.8%,True,3019.6K,True,$18.52 / SMA $18.08,False,1.17%,False,+10.2%,False,3156.8M,True,NYQ,False,
TAL,TAL Education Group,12.49,2026-10-09T01:36:02.846592+00:00,False,+40.7%,True,$6928.2M,True,+1360.0%,True,4581.1K,True,$12.49 / SMA $11.97,False,2.64%,True,+31.9%,False,361.0M,True,NYQ,False,
TCEHY,Tencent Holdings Limited,52.83,2026-10-09T01:33:39.728546+00:00,False,+0.8%,True,$475799.5M,False,+1.8%,True,3456.6K,False,$52.83 / SMA $56.68,False,1.46%,False,+11.0%,False,6211.1M,False,PNK,False,
TCKRF,Teck Resources Limited,64.84,2026-10-09T01:33:56.718292+00:00,True,+72.9%,True,$31810.5M,True,+324.4%,False,0.1K,False,$64.84 / SMA $67.06,False,0.03%,True,+78.2%,False,469.3M,False,PNK,False,
TE,T1 Energy Inc.,3.44,2026-10-09T01:37:59.283610+00:00,False,+36.5%,True,$1030.3M,False,+23.8%,True,28759.1K,False,$3.44 / SMA $4.48,True,6.12%,True,+88.4%,False,200.7M,True,NYQ,False,
TECK,Teck Resources Limited,64.82,2026-10-09T01:33:57.255692+00:00,True,+70.6%,True,$31800.7M,True,+324.4%,True,3119.1K,False,$64.82 / SMA $66.45,False,2.57%,True,+78.2%,False,469.3M,True,NYQ,False,
TEFOF,"Telefónica, S.A.",3.8,2026-10-09T01:34:00.709380+00:00,False,+3.8%,True,$21387.4M,True,+62.5%,False,5.4K,False,$3.80 / SMA $4.06,False,0.50%,,N/A,False,3925.3M,False,PNK,False,
TELDY,Telefónica Deutschland Holding AG,11.75,2026-10-09T01:34:25.945095+00:00,False,+1.7%,True,$6990.2M,,N/A,False,0.0K,True,$11.75 / SMA $11.75,False,0.00%,,N/A,True,18.7M,False,PNK,False,
TGTX,"TG Therapeutics, Inc.",53.34,2026-10-09T01:36:02.491492+00:00,True,+99.3%,True,$8165.5M,False,+-70.6%,True,2014.2K,False,$53.34 / SMA $53.55,True,4.06%,True,+70.3%,True,135.2M,True,NCM,False,
THC,Tenet Healthcare Corporation,260.57,2026-10-09T01:34:09.603537+00:00,False,+65.4%,True,$20980.8M,True,+213.4%,True,970.2K,False,$260.57 / SMA $262.56,False,2.74%,False,+14.6%,True,79.7M,True,NYQ,False,
THG,"The Hanover Insurance Group, Inc.",221.93,2026-10-09T01:35:58.890273+00:00,False,+33.3%,True,$7727.7M,False,+22.9%,False,309.7K,False,$221.93 / SMA $224.01,False,1.96%,False,+4.3%,True,34.5M,True,NYQ,False,
THNPF,Technip Energies N.V.,31.192,2026-10-09T01:34:25.783470+00:00,False,+0.0%,True,$5370.5M,,N/A,False,0.0K,False,$31.19 / SMA $34.26,False,0.12%,,N/A,True,121.4M,False,PNK,False,
THRM,Gentherm Incorporated,29.93,2026-10-09T01:39:50.272564+00:00,False,+10.9%,True,$1630.4M,True,+600.0%,True,798.5K,False,$29.93 / SMA $36.19,True,4.82%,False,+11.0%,True,30.1M,True,NMS,False,
TISCY,Taisei Corporation,19.745,2026-10-09T01:34:11.150924+00:00,False,+17.0%,,N/A,,N/A,False,1.1K,True,$19.75 / SMA $19.55,False,2.25%,,N/A,False,602.1M,False,PNK,False,
TITN,Titan Machinery Inc.,23.66,2026-10-09T01:43:15.503755+00:00,True,+79.1%,True,$556.8M,False,+-53.8%,False,227.4K,True,$23.66 / SMA $21.46,True,4.43%,False,+-9.2%,True,20.4M,True,NMS,False,
TKAMY,thyssenkrupp AG,14.38,2026-10-09T01:34:24.013125+00:00,True,+76.2%,True,$9049.2M,True,+100.0%,False,22.7K,False,$14.38 / SMA $16.06,False,1.94%,False,+7.8%,False,608.2M,False,PNK,False,
TKC,Turkcell Iletisim Hizmetleri A.S.,5.12,2026-10-09T01:36:07.332274+00:00,False,+6.2%,True,$4457.4M,True,+30.3%,True,2292.5K,False,$5.12 / SMA $5.27,False,1.64%,False,+14.4%,False,351.7M,True,NYQ,False,
TKECY,"Tokyo Electric Power Company Holdings, Incorporated",3.3,2026-10-09T01:36:04.842594+00:00,False,+19.6%,True,$5288.9M,,N/A,False,1.2K,False,$3.30 / SMA $3.36,False,0.18%,,N/A,False,1510.6M,False,PNK,False,
TKMCY,TKMS AG & Co KGaA,8.44,2026-10-09T01:36:03.322906+00:00,False,+1.6%,,N/A,,N/A,False,0.7K,False,$8.44 / SMA_short $10.05,False,2.12%,,N/A,True,31.4M,False,PNK,False,
TKMTY,"Tokyo Metro Co., Ltd.",8.87,2026-10-09T01:36:04.927471+00:00,False,+6.2%,True,$5149.9M,,N/A,False,0.1K,True,$8.87 / SMA $8.87,False,0.00%,,N/A,False,271.8M,False,PNK,False,
TLN,Talen Energy Corporation,359.22,2026-10-09T01:34:07.356634+00:00,False,+28.4%,True,$16991.1M,False,+-233.3%,True,857.4K,True,$359.22 / SMA $320.90,True,4.64%,True,+111.2%,True,38.1M,True,NMS,False,
TLPFY,Teleperformance SE,39.35,2026-10-09T01:36:07.099414+00:00,False,+53.1%,True,$4699.5M,,N/A,False,6.7K,False,$39.35 / SMA $40.17,False,1.63%,,N/A,True,80.7M,False,PNK,False,
TMICY,Trend Micro Incorporated,45.87,2026-10-09T01:36:06.784867+00:00,False,+47.5%,True,$5953.6M,,N/A,False,9.8K,True,$45.87 / SMA $39.70,False,1.65%,,N/A,True,122.8M,False,PNK,False,
TMNSF,Temenos AG,85.63,2026-10-09T01:36:00.914296+00:00,False,+13.7%,True,$5764.8M,True,+150.0%,False,0.0K,True,$85.63 / SMA $80.62,False,0.16%,False,+21.2%,True,50.0M,False,PNK,False,
TMTNY,Toromont Industries Ltd.,31.6598,2026-10-09T01:34:12.278059+00:00,False,+31.9%,True,$12911.3M,False,+-0.7%,False,46.3K,True,$31.66 / SMA $30.43,True,3.35%,False,+16.1%,False,407.2M,False,PNK,False,
TMVWY,TeamViewer SE,3.84,2026-10-09T01:39:49.726222+00:00,False,+60.0%,True,$1207.5M,,N/A,False,0.4K,True,$3.84 / SMA $3.70,False,0.15%,,N/A,False,297.2M,False,PNK,False,
TNABF,Tenaga Nasional Berhad,3.13,2026-10-09T01:34:03.156402+00:00,False,+8.9%,True,$19406.1M,False,+-23.4%,False,9.0K,True,$3.13 / SMA $3.08,False,1.33%,False,+8.3%,False,3391.2M,False,PNK,False,
TNABY,Tenaga Nasional Berhad,13.54,2026-10-09T01:34:03.551361+00:00,False,+15.7%,True,$19731.6M,False,+-23.4%,False,0.2K,False,$13.54 / SMA $13.69,False,1.67%,False,+8.3%,False,847.8M,False,PNK,False,
TNC,Tennant Company,65.94,2026-10-09T01:39:42.678001+00:00,False,+9.6%,True,$1124.2M,False,+-59.3%,False,198.9K,False,$65.94 / SMA $70.21,False,2.94%,False,+1.7%,True,16.6M,True,NYQ,False,
TNGZF,Tivan Limited,0.1201,2026-10-09T01:43:15.540063+00:00,False,+50.1%,False,$281.9M,,N/A,False,8.6K,False,$0.12 / SMA $0.16,False,0.31%,,N/A,False,1728.8M,False,PNK,False,
TNISY,"Técnicas Reunidas, S.A.",6.14,2026-10-09T01:37:54.786404+00:00,False,+0.9%,True,$2383.8M,,N/A,False,0.0K,False,$6.14 / SMA $6.44,False,0.00%,False,+3.0%,False,227.2M,False,PNK,False,
TNK,Teekay Tankers Ltd.,106.62,2026-10-09T01:37:55.702994+00:00,True,+126.0%,True,$3697.6M,True,+259.4%,False,438.2K,True,$106.62 / SMA $91.30,True,3.77%,True,+63.0%,True,23.9M,True,NYQ,False,
TOELF,Tokyo Electron Limited,76.02,2026-10-09T01:33:42.643293+00:00,True,+110.7%,True,$177899.2M,,N/A,False,24.1K,True,$76.02 / SMA $69.39,True,6.30%,,N/A,False,2196.5M,False,PNK,False,
TOITF,Topicus.com Inc.,60.83,2026-10-09T01:36:03.376674+00:00,False,+2.7%,True,$12967.8M,False,+16.1%,False,29.6K,False,$60.83 / SMA $68.96,False,2.76%,False,+17.5%,True,41.9M,False,PNK,False,
TOL,"Toll Brothers, Inc.",134.83,2026-10-09T01:34:12.729548+00:00,False,+9.5%,True,$12424.2M,False,+-20.4%,True,971.9K,False,$134.83 / SMA $141.92,False,2.58%,False,+-9.7%,True,91.4M,True,NYQ,False,
TOPPY,TOPPAN Holdings Inc.,8.1,2026-10-09T01:34:24.924019+00:00,False,+1.4%,True,$9548.5M,,N/A,False,1.9K,False,$8.10 / SMA $15.08,True,6.06%,,N/A,False,1017.8M,False,PNK,False,
TORXF,Torex Gold Resources Inc.,49.86,2026-10-09T01:36:13.028826+00:00,False,+54.4%,True,$4616.8M,True,+166.7%,False,42.0K,True,$49.86 / SMA $47.80,False,2.65%,True,+139.4%,True,92.3M,False,OQX,False,
TOST,"Toast, Inc.",30.53,2026-10-09T01:34:11.649749+00:00,False,+37.2%,True,$17646.3M,True,+100.0%,True,9183.8K,False,$30.53 / SMA $32.87,True,3.35%,False,+23.1%,False,484.9M,True,NYQ,False,
TPC,Tutor Perini Corporation,84.24,2026-10-09T01:36:14.163997+00:00,False,+45.5%,True,$4432.3M,True,+223.7%,True,658.2K,False,$84.24 / SMA $88.27,True,3.06%,False,+19.2%,True,47.3M,True,NYQ,False,
TR,"Tootsie Roll Industries, Inc.",37.59,2026-10-09T01:37:53.341378+00:00,False,+12.4%,True,$2825.4M,False,+-22.8%,False,161.4K,False,$37.59 / SMA $39.07,False,1.87%,False,+-0.6%,True,21.0M,True,NYQ,False,
TRAUF,Transurban Group,8.69,2026-10-09T01:33:55.776741+00:00,False,+0.0%,True,$27117.6M,,N/A,False,1.1K,False,$8.69 / SMA $9.90,False,1.32%,,N/A,False,3119.4M,False,PNK,False,
TRPRF,TRPRF,,2026-10-09T01:33:47.602470+00:00,False,N/A,False,N/A,False,N/A,False,N/A,False,N/A,False,N/A,False,N/A,False,N/A,False,Unknown,False,No price data available
TRRSF,Trisura Group Ltd.,28.51,2026-10-09T01:39:42.693596+00:00,False,+10.1%,True,$1346.1M,True,+48.3%,False,7.0K,False,$28.51 / SMA $29.95,False,0.29%,True,+242.0%,True,46.1M,False,PNK,False,
TRS,TriMas Corporation,38.44,2026-10-09T01:39:42.523406+00:00,False,+26.3%,True,$1379.0M,False,+-9.8%,False,369.0K,False,$38.44 / SMA $39.11,False,2.15%,False,+1.6%,True,26.9M,True,NMS,False,
TSSI,"TSS, Inc.",9.97,2026-10-09T01:43:23.121131+00:00,False,+45.1%,False,$281.3M,False,+-16.7%,True,887.4K,True,$9.97 / SMA $9.47,True,5.44%,False,+-20.1%,True,21.6M,True,NCM,False,
TSYHF,TravelSky Technology Limited,1.11,2026-10-09T01:37:49.114868+00:00,False,+23.3%,True,$3248.1M,,N/A,False,36.4K,False,$1.11 / SMA $1.11,True,4.73%,,N/A,False,932.6M,False,PNK,False,
TSYHY,TravelSky Technology Limited,11.3475,2026-10-09T01:37:49.386191+00:00,False,+12.2%,True,$3345.9M,,N/A,False,3.6K,True,$11.35 / SMA $11.15,False,2.73%,,N/A,True,93.3M,False,PNK,False,
TUWLF,Tullow Oil plc,0.17,2026-10-09T01:43:18.815231+00:00,True,+240.0%,False,$257.6M,,N/A,False,4.0K,False,$0.17 / SMA $0.23,True,4.51%,,N/A,False,1084.0M,False,PNK,False,
TWODY,Taylor Wimpey plc,10.05,2026-10-09T01:37:47.633134+00:00,False,+2.7%,True,$3467.0M,,N/A,False,16.2K,False,$10.05 / SMA $11.03,False,1.56%,,N/A,False,347.2M,False,PNK,False,
TXRH,"Texas Roadhouse, Inc.",162.76,2026-10-09T01:34:14.874578+00:00,False,+5.8%,True,$10683.7M,False,+-0.5%,True,974.2K,False,$162.76 / SMA $185.99,False,2.73%,False,+11.1%,True,61.2M,True,NMS,False,
TYHOY,Toyota Tsusho Corporation,23.485,2026-10-09T01:33:51.571056+00:00,True,+91.7%,True,$44042.9M,,N/A,False,28.0K,True,$23.48 / SMA $23.31,True,3.92%,,N/A,False,1397.2M,False,PNK,False,
UAA,"Under Armour, Inc.",4.88,2026-10-09T01:37:58.666708+00:00,False,+18.2%,True,$2096.2M,True,+100.0%,True,8912.8K,False,$4.88 / SMA $5.21,True,4.14%,False,+-3.2%,False,286.1M,True,NYQ,False,
UELKY,Ülker Bisküvi Sanayi A.S.,18.5,2026-10-09T01:41:25.169767+00:00,False,+8.8%,True,$683.2M,True,+45.7%,False,0.0K,False,$18.50 / SMA $19.95,False,0.00%,False,+-11.4%,True,19.5M,False,PNK,False,
UGP,Ultrapar Participações S.A.,7.79,2026-10-09T01:36:01.335473+00:00,True,+116.4%,True,$8301.2M,True,+44.3%,True,4040.6K,True,$7.79 / SMA $6.89,True,3.14%,False,+21.9%,False,634.7M,True,NYQ,False,
UMBFO,UMB Financial Corporation,25.2,2026-10-09T01:34:18.105574+00:00,False,+0.3%,,N/A,,N/A,False,21.0K,False,$25.20 / SMA $25.77,False,1.18%,False,+14.2%,True,73.0M,True,NMS,False,
UMICF,Umicore SA,22.55,2026-10-09T01:35:59.220324+00:00,False,+39.4%,True,$5427.0M,,N/A,False,1.5K,False,$22.55 / SMA $25.68,False,0.00%,,N/A,False,215.9M,False,PNK,False,
UNCRY,UniCredit S.p.A.,42.6,2026-10-09T01:33:43.131460+00:00,False,+26.7%,True,$128477.6M,False,+-10.2%,False,250.6K,False,$42.60 / SMA $47.89,False,1.51%,False,+-6.5%,False,2991.0M,False,PNK,False,
UNIT,Uniti Group Inc.,7.4,2026-10-09T01:37:55.572448+00:00,False,+39.6%,True,$1796.2M,False,+-871.4%,True,2247.5K,False,$7.40 / SMA $9.46,True,4.04%,True,+202.5%,False,178.9M,True,NMS,False,
UNLRY,PT Unilever Indonesia Tbk,1.79,2026-10-09T01:37:47.958860+00:00,False,+3.5%,,N/A,,N/A,False,4.4K,False,$1.79 / SMA $1.94,False,0.33%,False,+3.0%,False,277.9M,False,PNK,False,
UNTY,"Unity Bancorp, Inc.",55.25,2026-10-09T01:41:37.159114+00:00,False,+24.6%,True,$554.9M,False,+-11.8%,False,59.1K,False,$55.25 / SMA $58.31,False,2.19%,False,+-7.7%,True,7.3M,True,NGM,False,
UPB,"Upstream Bio, Inc.",4.55,2026-10-09T01:43:14.449522+00:00,False,+4.2%,False,$249.2M,False,+2.4%,True,610.1K,False,$4.55 / SMA $6.12,True,5.53%,False,+-17.5%,True,42.8M,True,NMS,False,
UROY,Uranium Royalty Corp.,4.055,2026-10-09T01:43:12.016262+00:00,False,+58.4%,True,$1545.2M,True,+900.0%,True,3507.7K,False,$4.05 / SMA $4.17,True,5.05%,True,+112.9%,False,374.0M,True,NCM,False,
USAC,"USA Compression Partners, LP",25.38,2026-10-09T01:36:11.150954+00:00,False,+16.2%,True,$3678.7M,True,+40.9%,False,328.1K,False,$25.38 / SMA $26.33,False,2.45%,True,+36.8%,True,97.1M,True,ASE,False,
USAR,"USA Rare Earth, Inc.",12.63,2026-10-09T01:36:04.550826+00:00,False,+10.3%,True,$4737.2M,True,+96.8%,True,12285.4K,False,$12.63 / SMA $16.66,True,4.58%,,N/A,False,164.7M,True,NGM,False,
USAS,Americas Gold and Silver Corporation,4.24,2026-10-09T01:39:35.630136+00:00,False,+20.5%,True,$1433.8M,True,+66.7%,True,4244.2K,False,$4.24 / SMA $4.92,True,4.86%,True,+72.1%,False,280.8M,True,ASE,False,
USPH,"U.S. Physical Therapy, Inc.",83.52,2026-10-09T01:41:24.573503+00:00,False,+43.5%,True,$1246.3M,False,+-56.9%,False,204.3K,True,$83.52 / SMA $80.46,True,3.03%,False,+8.5%,True,14.5M,True,NYQ,False,
UWMC,UWM Holdings Corporation,1.09,2026-10-09T01:36:07.483508+00:00,False,+17.2%,True,$1751.6M,False,+-318.2%,True,16403.2K,False,$1.09 / SMA $1.40,True,7.13%,False,+-117.2%,False,269.4M,True,NYQ,False,
UXIN,Uxin Limited,1.12,2026-10-09T01:43:13.588084+00:00,False,+25.0%,False,$246.4M,,N/A,False,454.7K,False,$1.12 / SMA $1.19,True,8.60%,True,+112.9%,True,65.3M,True,NMS,False,
UZAPF,Flughafen Zürich AG,223.618,2026-10-09T01:34:20.627942+00:00,False,+0.0%,True,$6864.6M,,N/A,False,0.1K,False,$223.62 / SMA $265.38,False,1.82%,,N/A,True,20.4M,False,PNK,False,
VACI.U,VACI.U,,2026-10-09T01:43:24.847186+00:00,False,N/A,False,N/A,False,N/A,False,N/A,False,N/A,False,N/A,False,N/A,False,N/A,False,Unknown,False,No price data available
VAL,Valaris Limited,83.96,2026-10-09T01:36:00.830681+00:00,True,+79.8%,True,$5829.8M,False,+-55.3%,True,1077.3K,True,$83.96 / SMA $83.48,True,3.77%,False,+-12.4%,True,61.1M,True,NYQ,False,
VARRY,Vår Energi ASA,11.04,2026-10-09T01:34:12.724678+00:00,True,+83.2%,True,$13779.3M,True,+312.5%,False,30.2K,True,$11.04 / SMA $10.49,False,2.21%,True,+102.7%,False,451.9M,False,PNK,False,
VBNK,VersaBank,21.88,2026-10-09T01:41:36.280132+00:00,True,+94.5%,True,$709.3M,True,+55.0%,False,125.9K,True,$21.88 / SMA $21.01,True,3.02%,False,+22.9%,True,20.9M,True,NMS,False,
VBVBF,Verbio SE,36.985,2026-10-09T01:37:55.991388+00:00,True,+157.2%,True,$2367.4M,True,+263.6%,False,0.0K,False,$36.98 / SMA $38.96,False,0.00%,False,+13.2%,True,41.2M,False,PNK,False,
VCHYF,"V Technology Co., Ltd.",38.725,2026-10-09T01:43:25.193849+00:00,True,+86.8%,True,$366.2M,,N/A,False,0.0K,True,$38.73 / SMA $4.34,,N/A,,N/A,True,8.2M,False,PNK,False,
VEEV,Veeva Systems Inc.,284.84,2026-10-09T01:33:59.434581+00:00,True,+92.4%,True,$46118.1M,True,+39.5%,True,1668.5K,True,$284.84 / SMA $257.62,False,2.93%,False,+17.6%,True,148.3M,True,NYQ,False,
VEOEY,Veolia Environnement SA,17.48,2026-10-09T01:33:57.815229+00:00,False,+8.3%,True,$25942.6M,,N/A,False,238.0K,False,$17.48 / SMA $18.85,False,1.11%,,N/A,False,1131.2M,False,PNK,False,
VG,"Venture Global, Inc.",13.29,2026-10-09T01:33:55.526139+00:00,True,+132.3%,True,$33226.2M,True,+264.3%,True,14468.8K,False,$13.29 / SMA $13.85,True,4.75%,True,+47.6%,False,521.6M,True,NYQ,False,
VKI,Invesco Advantage Municipal Income Trust II,7.53,2026-10-09T01:43:18.518194+00:00,False,+3.9%,True,$334.6M,,N/A,False,134.2K,False,$7.53 / SMA $8.48,False,2.32%,,N/A,,N/A,True,ASE,False,
VKTX,"Viking Therapeutics, Inc.",27.73,2026-10-09T01:37:48.461458+00:00,False,+7.6%,True,$3526.3M,False,+-89.7%,True,4024.8K,False,$27.73 / SMA $32.89,True,6.48%,,N/A,True,113.7M,True,NCM,False,
VLERF,Valeura Energy Inc.,11.54,2026-10-09T01:41:25.108871+00:00,True,+165.9%,True,$1225.7M,True,+900.7%,False,41.2K,True,$11.54 / SMA $9.88,True,3.03%,True,+101.0%,True,85.0M,False,OQX,False,
VLOWY,Vallourec S.A.,4.04,2026-10-09T01:36:00.304053+00:00,False,+15.4%,True,$5384.3M,False,+-6.3%,False,96.8K,False,$4.04 / SMA $4.32,True,3.33%,False,+-11.7%,False,905.3M,False,PNK,False,
VLVCY,Volvo Car AB (publ.),2.7376,2026-10-09T01:34:25.358408+00:00,False,+0.0%,True,$4137.1M,False,+5.0%,False,0.4K,False,$2.74 / SMA $3.90,False,1.77%,False,+-6.4%,False,298.6M,False,PNK,False,
VLXGF,Volex plc,9.115,2026-10-09T01:39:39.052627+00:00,True,+89.9%,True,$1655.1M,,N/A,False,5.1K,True,$9.12 / SMA $8.03,False,0.44%,,N/A,True,132.3M,False,PNK,False,
VMET,Versamet Royalties Corporation,8.58,2026-10-09T01:41:34.965634+00:00,False,+3.9%,True,$933.8M,,N/A,False,294.3K,False,$8.58 / SMA $9.67,True,4.05%,True,+391.9%,True,44.8M,True,NCM,False,
VODPF,Vodafone Group Public Limited Company,1.68,2026-10-09T01:33:54.648001+00:00,False,+55.6%,True,$38921.0M,,N/A,False,2.3K,True,$1.68 / SMA $1.62,False,0.00%,,N/A,False,19695.2M,False,PNK,False,
VOLAF,AB Volvo (publ),28.5,2026-10-09T01:33:47.211358+00:00,False,+6.0%,True,$57953.4M,True,+40.1%,False,0.0K,False,$28.50 / SMA $36.21,False,0.00%,False,+2.7%,False,1942.5M,False,PNK,False,
VOXR,Vox Royalty Corp.,5.08,2026-10-09T01:43:17.025180+00:00,False,+33.5%,True,$353.0M,True,+2500.0%,False,442.3K,False,$5.08 / SMA $5.33,True,3.64%,True,+122.6%,True,64.1M,True,NCM,False,
VOYA,"Voya Financial, Inc.",96.64,2026-10-09T01:34:24.904815+00:00,False,+49.8%,True,$8755.2M,False,+-41.6%,True,1046.0K,False,$96.64 / SMA $99.63,False,2.59%,False,+-1.3%,True,90.2M,True,NYQ,False,
VRNS,"Varonis Systems, Inc.",48.88,2026-10-09T01:37:48.608791+00:00,True,+148.1%,True,$5614.4M,False,+-28.1%,True,1753.1K,True,$48.88 / SMA $45.00,True,3.62%,False,+18.3%,True,111.4M,True,NMS,False,
VSH,"Vishay Intertechnology, Inc.",34.56,2026-10-09T01:36:00.692926+00:00,True,+193.6%,True,$5300.8M,True,+1800.0%,True,4317.1K,True,$34.56 / SMA $32.91,True,4.76%,False,+16.6%,True,140.7M,True,NYQ,False,
VTEX,VTEX,3.95,2026-10-09T01:41:34.525016+00:00,False,+39.0%,True,$653.1M,True,+262.5%,True,801.1K,True,$3.95 / SMA $3.76,False,2.61%,False,+9.5%,True,39.6M,True,NYQ,False,
VWAGY,Volkswagen AG,7.5,2026-10-09T01:33:50.186955+00:00,False,+0.8%,True,$37597.1M,False,+-41.0%,False,320.3K,False,$7.50 / SMA $8.66,False,1.84%,False,+2.0%,False,2848.5M,False,PNK,False,
WEBNF,Westpac Banking Corporation,24.5,2026-10-09T01:33:46.071209+00:00,False,+11.1%,True,$83665.2M,,N/A,False,1.9K,True,$24.50 / SMA $24.26,False,1.01%,,N/A,False,3411.3M,False,PNK,False,
WEC,"WEC Energy Group, Inc.",103.61,2026-10-09T01:33:54.310572+00:00,False,+3.8%,True,$33761.3M,False,+19.7%,True,2431.1K,False,$103.61 / SMA $105.56,False,1.49%,False,+2.6%,False,324.9M,True,NYQ,False,
WERN,"Werner Enterprises, Inc.",33.0,2026-10-09T01:37:58.105890+00:00,False,+43.1%,True,$1979.2M,False,+-85.3%,True,1027.7K,False,$33.00 / SMA $36.64,True,3.33%,False,+24.0%,True,58.8M,True,NMS,False,
WEST,Westrock Coffee Company,8.19,2026-10-09T01:41:28.245678+00:00,True,+128.1%,True,$799.6M,True,+39.1%,False,368.8K,True,$8.19 / SMA $8.06,True,3.06%,False,+8.8%,True,36.1M,True,NGM,False,
WFAFY,Wesfarmers Limited,26.38,2026-10-09T01:33:48.497624+00:00,False,+7.7%,True,$59897.5M,,N/A,False,100.2K,False,$26.38 / SMA $28.07,False,1.33%,,N/A,False,2263.2M,False,PNK,False,
WGS,GeneDx Holdings Corp.,67.73,2026-10-09T01:39:42.724221+00:00,True,+110.3%,True,$2019.9M,False,+-266.7%,True,728.5K,False,$67.73 / SMA $82.04,True,7.64%,False,+11.4%,True,20.4M,True,NMS,False,
WHGRF,WH Group Limited,0.86,2026-10-09T01:34:11.354996+00:00,False,+7.4%,True,$11383.3M,,N/A,False,23.7K,True,$0.86 / SMA $0.80,False,0.08%,,N/A,False,7467.3M,False,PNK,False,
WILWY,Wallenius Wilhelmsen ASA,37.0,2026-10-09T01:36:04.771542+00:00,True,+164.1%,True,$8140.3M,False,+-67.8%,False,0.0K,True,$37.00 / SMA $31.02,False,0.00%,False,+-3.3%,True,130.4M,False,PNK,False,
WILYY,Demant A/S,24.16,2026-10-09T01:34:24.249617+00:00,True,+79.6%,True,$10190.6M,,N/A,False,0.2K,True,$24.16 / SMA $22.86,False,0.30%,,N/A,False,167.7M,False,PNK,False,
WK,Workiva Inc.,73.69,2026-10-09T01:37:54.421915+00:00,True,+70.0%,True,$4010.0M,,N/A,True,1058.6K,True,$73.69 / SMA $71.09,True,4.30%,False,+18.6%,True,45.6M,True,NYQ,False,
WKCMF,Wacker Chemie AG,99.41,2026-10-09T01:36:02.815271+00:00,False,+35.8%,True,$4938.5M,,N/A,False,0.0K,False,$99.41 / SMA $103.74,False,0.10%,False,+7.4%,True,18.9M,False,PNK,False,
WLMIY,Wilmar International Limited,28.0,2026-10-09T01:34:06.449386+00:00,False,+27.5%,True,$17483.8M,,N/A,False,43.7K,False,$28.00 / SMA $29.13,False,1.83%,,N/A,False,178.0M,False,PNK,False,
WMG,Warner Music Group Corp.,28.91,2026-10-09T01:34:06.040923+00:00,False,+23.9%,True,$15123.1M,True,+1366.7%,True,2069.0K,True,$28.91 / SMA $27.29,True,3.13%,False,+10.4%,True,146.2M,True,NMS,False,
WMK,"Weis Markets, Inc.",72.53,2026-10-09T01:39:37.576233+00:00,False,+20.9%,,N/A,False,+-8.9%,False,177.7K,True,$72.53 / SMA $72.46,False,2.27%,False,+4.6%,True,13.5M,True,NYQ,False,
WMMVY,"Wal-Mart de México, S.A.B. de C.V.",25.95,2026-10-09T01:33:49.572184+00:00,False,+4.6%,True,$44686.5M,False,+-8.5%,False,191.8K,False,$25.95 / SMA $27.30,False,2.67%,False,+4.1%,False,490.5M,False,OQX,False,
WNC,Wabash National Corporation,13.41,2026-10-09T01:43:25.534482+00:00,True,+102.3%,True,$546.3M,False,+-143.5%,True,1076.1K,True,$13.41 / SMA $12.64,True,5.32%,False,+-9.1%,True,37.5M,True,NYQ,False,
WNGRF,George Weston Limited,71.55,2026-10-09T01:33:59.523533+00:00,False,+18.2%,True,$26774.3M,False,+-47.7%,False,7.4K,False,$71.55 / SMA $71.70,False,0.01%,False,+4.1%,False,152.4M,False,PNK,False,
WOLWF,Woolworths Group Limited,18.9,2026-10-09T01:33:58.185636+00:00,False,+18.1%,True,$25955.8M,,N/A,False,0.1K,False,$18.90 / SMA $29.12,False,0.00%,,N/A,False,1217.1M,False,PNK,False,
WPPGF,WPP plc,4.96,2026-10-09T01:36:14.073743+00:00,False,+68.7%,True,$5349.5M,,N/A,False,0.3K,False,$4.96 / SMA $5.01,False,0.30%,,N/A,False,1074.5M,False,PNK,False,
WRTBY,Wärtsilä Oyj Abp,6.54,2026-10-09T01:34:01.014732+00:00,False,+11.6%,True,$19278.2M,,N/A,False,93.8K,False,$6.54 / SMA $6.64,False,3.00%,False,+-0.1%,False,2352.1M,False,PNK,False,
WS,"Worthington Steel, Inc.",34.62,2026-10-09T01:38:01.597924+00:00,False,+27.2%,True,$1733.5M,False,+-189.1%,False,300.3K,False,$34.62 / SMA $35.50,True,4.46%,False,+11.6%,True,44.3M,True,NYQ,False,
WST,"West Pharmaceutical Services, Inc.",363.27,2026-10-09T01:34:02.485414+00:00,False,+62.3%,True,$25565.4M,False,+18.1%,True,627.0K,True,$363.27 / SMA $354.74,False,2.53%,False,+13.8%,True,69.8M,True,NYQ,False,
WTBFB,W.T.B. Financial Corporation,460.0,2026-10-09T01:39:50.306815+00:00,False,+45.3%,True,$1159.6M,True,+84.1%,False,1.3K,True,$460.00 / SMA $457.02,False,0.85%,False,+24.5%,,N/A,False,OID,False,
WTCHF,WiseTech Global Limited,22.275,2026-10-09T01:34:19.140727+00:00,False,+17.5%,True,$7491.2M,,N/A,False,0.6K,False,$22.27 / SMA $26.10,False,0.20%,,N/A,False,185.8M,False,PNK,False,
WULF,TeraWulf Inc.,13.65,2026-10-09T01:34:15.542518+00:00,False,+30.4%,True,$6810.9M,False,+-3780.0%,True,31096.8K,False,$13.65 / SMA $16.21,True,5.97%,False,+-6.0%,False,383.4M,True,NCM,False,
WUXAY,"WuXi AppTec Co., Ltd.",28.0,2026-10-09T01:33:51.843505+00:00,True,+124.9%,True,$84977.3M,,N/A,False,2.1K,True,$28.00 / SMA $25.29,False,1.24%,True,+47.7%,False,2462.3M,False,PNK,False,
WXIBF,WuXi Biologics (Cayman) Inc.,7.49,2026-10-09T01:34:06.665576+00:00,True,+92.1%,True,$30831.3M,,N/A,False,1.7K,True,$7.49 / SMA $5.96,False,0.22%,,N/A,False,3706.3M,False,PNK,False,
WZZAF,Wizz Air Holdings Plc,14.96,2026-10-09T01:39:47.055120+00:00,False,+34.3%,True,$1548.8M,,N/A,False,0.0K,True,$14.96 / SMA $11.14,False,0.00%,,N/A,True,87.0M,False,PNK,False,
XIORF,Xior Student Housing NV,25.955,2026-10-09T01:39:41.698953+00:00,False,+5.7%,True,$1212.0M,,N/A,False,0.3K,False,$25.95 / SMA $30.22,False,0.75%,,N/A,True,38.6M,False,PNK,False,
XJNGF,"Goldwind Science&Technology Co., Ltd.",1.24,2026-10-09T01:34:11.076210+00:00,False,+17.0%,True,$5235.9M,True,+61.0%,False,0.1K,True,$1.24 / SMA $1.21,False,0.00%,True,+63.5%,False,3102.9M,False,PNK,False,
XMTR,"Xometry, Inc.",106.48,2026-10-09T01:36:08.595786+00:00,True,+196.9%,True,$6103.8M,True,+80.8%,True,760.7K,True,$106.48 / SMA $93.83,True,5.19%,True,+41.1%,True,52.1M,True,NMS,True,
XPEL,"XPEL, Inc.",44.92,2026-10-09T01:39:45.616933+00:00,False,+40.9%,True,$1238.5M,False,+10.2%,False,204.9K,False,$44.92 / SMA $47.43,False,2.96%,False,+14.7%,True,23.0M,True,NCM,False,
XPNGF,XPeng Inc.,4.86,2026-10-09T01:34:09.642590+00:00,False,+11.7%,True,$9311.5M,False,+-180.0%,False,0.1K,False,$4.86 / SMA $5.74,False,0.86%,False,+8.0%,False,1420.4M,False,PNK,False,
XPRO,Expro Ltd,16.21,2026-10-09T01:39:37.294209+00:00,False,+36.0%,True,$1821.2M,False,+-87.5%,True,900.1K,False,$16.21 / SMA $17.21,True,4.47%,False,+-7.0%,True,99.7M,True,NYQ,False,
XRN,Chiron Real Estate Inc.,34.1,2026-10-09T01:41:37.355257+00:00,False,+17.4%,True,$493.8M,True,+9660.0%,False,92.0K,False,$34.10 / SMA $35.83,False,2.10%,False,+2.7%,True,12.2M,True,NYQ,False,
XRPN,Armada Acquisition Corp. II,24.2,2026-10-09T01:43:24.068954+00:00,True,+139.6%,True,$764.5M,True,+192407.7%,True,524.0K,True,$24.20 / SMA $12.82,True,20.12%,,N/A,True,19.1M,True,NGM,True,
YAMCY,Yamaha Corporation,7.25,2026-10-09T01:37:51.382034+00:00,False,+14.5%,True,$3189.3M,,N/A,False,2.4K,False,$7.25 / SMA $8.15,False,2.13%,,N/A,False,425.2M,False,PNK,False,
YASKY,YASKAWA Electric Corporation,59.48,2026-10-09T01:34:15.053444+00:00,False,+28.4%,True,$7713.6M,,N/A,False,12.8K,False,$59.48 / SMA $60.85,False,2.23%,,N/A,True,129.6M,False,PNK,False,
YNAJF,"Yantai North Andre Juice Co., Ltd.",1.1,2026-10-09T01:37:59.570887+00:00,False,+0.0%,True,$360.7M,,N/A,False,0.0K,False,$1.10 / SMA $2.09,False,0.00%,,N/A,True,57.7M,False,PNK,False,
YNGFF,Yangzijiang Financial Holding Ltd.,0.14945,2026-10-09T01:41:31.823919+00:00,False,+3.1%,True,$519.5M,,N/A,False,0.4K,False,$0.15 / SMA $0.16,False,0.03%,,N/A,False,1847.2M,False,PNK,False,
YSHLF,Yangzijiang Shipbuilding (Holdings) Ltd.,3.98,2026-10-09T01:34:14.072506+00:00,False,+59.2%,True,$15685.1M,,N/A,False,1.0K,True,$3.98 / SMA $3.69,False,0.21%,,N/A,False,2537.7M,False,PNK,False,
YZCHF,Yankuang Energy Group Company Limited,1.4,2026-10-09T01:34:00.104136+00:00,False,+22.8%,True,$14051.6M,,N/A,False,0.0K,False,$1.40 / SMA $1.46,False,0.00%,False,+20.9%,False,4728.0M,False,OQX,False,
ZG,"Zillow Group, Inc.",29.9,2026-10-09T01:34:22.505086+00:00,False,+9.7%,True,$6723.8M,False,+-300.0%,True,1099.6K,False,$29.90 / SMA $33.13,True,4.09%,False,+17.9%,False,207.0M,True,NMS,False,
ZLAB,Zai Lab Limited,24.81,2026-10-09T01:38:00.629293+00:00,False,+55.5%,True,$2785.3M,False,+-25.0%,True,944.8K,True,$24.81 / SMA $24.74,True,3.67%,False,+-3.3%,True,97.1M,True,NGM,False,
ZLDSF,Zalando SE,26.4,2026-10-09T01:36:02.877049+00:00,False,+16.2%,True,$6447.5M,False,+-21.6%,False,0.0K,True,$26.40 / SMA $26.27,False,0.00%,False,+20.8%,False,221.4M,False,PNK,False,
ZNZNF,Zinzino AB (publ),12.99,2026-10-09T01:41:35.350787+00:00,False,+10.8%,True,$511.8M,,N/A,False,0.7K,False,$12.99 / SMA $13.97,False,0.34%,False,+17.9%,True,22.8M,False,PNK,False,
ZUMZ,Zumiez Inc.,14.21,2026-10-09T01:43:16.894926+00:00,False,+8.7%,False,$217.8M,False,+-183.3%,False,284.5K,False,$14.21 / SMA $16.66,True,4.73%,False,+-2.5%,True,11.4M,True,NMS,False,
