ticker,name,price,fetched_at,c1_price_vs_52w_low_passes,c1_price_vs_52w_low_value,c2_market_cap_passes,c2_market_cap_value,c3_eps_growth_passes,c3_eps_growth_value,c4_avg_volume_passes,c4_avg_volume_value,c5_price_vs_sma50_passes,c5_price_vs_sma50_value,c6_volatility_1m_passes,c6_volatility_1m_value,c7_revenue_growth_passes,c7_revenue_growth_value,c8_float_passes,c8_float_value,c9_us_market_passes,c9_us_market_value,passes_all,error
A,"Agilent Technologies, Inc.",130.59,2026-06-16T00:30:59.647490+00:00,False,+20.5%,True,$36882.8M,True,+60.0%,True,2234.9K,True,$130.59 / SMA $120.46,True,3.06%,False,+10.0%,False,281.5M,True,NYQ,False,
AA,Alcoa Corporation,64.16,2026-06-16T00:18:04.710862+00:00,True,+131.5%,True,$16931.2M,False,+-22.7%,True,5010.4K,False,$64.16 / SMA $68.85,True,5.10%,False,+-5.2%,False,262.8M,True,NYQ,False,
AACAY,AAC Technologies Holdings Inc.,5.46,2026-06-15T23:56:17.057062+00:00,False,+42.9%,True,$6205.7M,,,False,8.0K,True,$5.46 / SMA $5.08,False,2.25%,,,False,726.1M,False,PNK,False,
AACIU,Armada Acquisition Corp. III,10.3,2026-06-16T00:03:48.700297+00:00,False,+3.5%,,,,,False,5.0K,True,$10.30 / SMA $10.05,False,0.35%,,,True,25.1M,True,NGM,False,
AACO,Abony Acquisition Corp. I,9.91,2026-06-16T00:15:41.161222+00:00,False,+0.7%,True,$310.8M,,,False,4.6K,True,$9.91 / SMA_short $9.90,False,0.03%,,,True,19.5M,True,NGM,False,
AACOU,Abony Acquisition Corp. I,10.1,2026-06-16T00:03:52.616535+00:00,False,+1.8%,,,,,False,3.8K,True,$10.10 / SMA $9.99,False,1.63%,,,True,19.5M,True,NGM,False,
AAFRF,Airtel Africa Plc,5.05,2026-06-16T00:06:12.867275+00:00,True,+124.9%,True,$18407.0M,,,False,3.6K,True,$5.05 / SMA $4.80,False,0.70%,True,+32.7%,False,758.5M,False,PNK,False,
AAGIY,AIA Group Limited,38.22,2026-06-15T23:54:01.678604+00:00,False,+12.3%,True,$98787.7M,,,False,348.2K,False,$38.22 / SMA $42.26,False,1.75%,,,False,2615.0M,False,PNK,False,
AAIGF,AIA Group Limited,9.66,2026-06-16T00:17:34.899282+00:00,False,+17.9%,True,$99873.3M,,,False,27.0K,False,$9.66 / SMA $10.56,True,4.72%,,,False,10460.1M,False,PNK,False,
AAL,American Airlines Group Inc.,15.46,2026-06-16T00:18:24.969354+00:00,False,+53.2%,True,$10225.0M,False,+19.4%,True,68500.4K,True,$15.46 / SMA $12.79,True,4.54%,False,+10.8%,False,654.9M,True,NMS,False,
AAMI,Acadian Asset Management Inc.,80.57,2026-06-16T00:22:13.267353+00:00,True,+157.9%,True,$2870.6M,True,+25.9%,False,356.9K,True,$80.57 / SMA $69.23,True,3.75%,True,+39.3%,True,27.7M,True,NYQ,False,
AANNF,Aroundtown SA,2.87,2026-06-16T00:22:05.253011+00:00,False,+10.4%,True,$2972.0M,False,+-75.0%,False,0.0K,True,$2.87 / SMA $2.72,False,0.00%,False,+0.6%,False,447.1M,False,PNK,False,
AAON,"AAON, Inc.",131.26,2026-06-16T00:31:22.725031+00:00,True,+111.7%,True,$10751.7M,True,+37.1%,True,1074.0K,True,$131.26 / SMA $115.62,True,5.77%,True,+54.3%,True,68.2M,True,NMS,True,
AAP,"Advance Auto Parts, Inc.",61.04,2026-06-15T23:57:48.515590+00:00,False,+61.1%,True,$3682.5M,True,+56.0%,True,1792.5K,True,$61.04 / SMA $56.38,True,5.37%,,,True,60.0M,True,NYQ,False,
AAPG,AAPG,17.34,2026-06-16T00:22:23.006756+00:00,False,+2.5%,True,$1618.5M,,,False,5.8K,False,$17.34 / SMA $21.81,True,3.73%,,,True,55.7M,True,NGM,False,
AAPL,Apple Inc.,296.42,2026-06-16T00:05:41.977349+00:00,False,+52.0%,True,$4353626.2M,False,+21.8%,True,46693.6K,True,$296.42 / SMA $286.18,False,2.26%,False,+16.6%,False,14662.5M,True,NMS,False,
AARTY,Airtel Africa Plc,49.85,2026-06-16T00:06:13.080526+00:00,True,+147.4%,True,$18170.1M,,,False,0.1K,True,$49.85 / SMA $46.22,False,0.00%,True,+32.7%,False,758.5M,False,PNK,False,
AAT,"American Assets Trust, Inc.",24.28,2026-06-16T00:35:55.653035+00:00,False,+37.0%,True,$1883.5M,False,+-88.6%,False,383.0K,True,$24.28 / SMA $21.31,False,2.21%,False,+1.8%,True,48.2M,True,NYQ,False,
AAUC,Allied Gold Corporation,26.38,2026-06-15T23:57:51.414027+00:00,True,+131.4%,True,$3320.7M,False,+-461.5%,True,744.7K,False,$26.38 / SMA $28.90,True,3.83%,False,+13.8%,True,93.1M,True,NYQ,False,
AAVVF,Advantage Energy Ltd.,7.07,2026-06-16T00:24:13.270002+00:00,False,+5.2%,True,$1186.1M,,,False,151.6K,False,$7.07 / SMA $7.27,False,2.71%,True,+25.3%,True,144.9M,False,PNK,False,
AAVXF,ABIVAX Société Anonyme,101.25,2026-06-16T00:31:25.189105+00:00,True,+1290.8%,True,$8076.7M,True,+26.5%,False,0.0K,False,$101.25 / SMA $113.67,False,1.16%,,N/A,True,58.2M,False,PNK,False,
AAXBF,AAXBF,0.3,2026-06-16T00:11:56.089512+00:00,False,+20.0%,,,,,False,4.0K,False,$0.30 / SMA_short $0.31,,,,,,,False,PNK,False,
ABANF,Automatic Bank Services Limited,7.9331,2026-06-16T00:26:51.507258+00:00,False,+34.5%,True,$317.6M,False,+-34.6%,False,0.1K,True,$7.93 / SMA $6.84,False,0.00%,False,+0.7%,True,32.4M,False,PNK,False,
ABAT,American Battery Technology Company,3.39,2026-06-16T00:13:51.637278+00:00,True,+182.5%,True,$462.4M,False,+-85.7%,True,6002.3K,True,$3.39 / SMA $3.28,True,11.03%,True,+697.1%,True,131.3M,True,NCM,False,
ABBNY,ABB Ltd,102.17,2026-06-16T00:17:32.033677+00:00,True,+81.6%,True,$185443.5M,True,+37.7%,False,299.7K,True,$102.17 / SMA $99.98,False,2.19%,False,+9.2%,False,7255.8M,False,PNK,False,
ABBV,AbbVie Inc.,221.59,2026-06-15T23:53:57.811032+00:00,False,+21.9%,True,$391503.6M,False,+-45.8%,True,6423.3K,True,$221.59 / SMA $210.82,False,2.34%,False,+12.4%,False,1763.6M,True,NYQ,False,
ABCB,Ameris Bancorp,87.85,2026-06-16T00:33:16.038692+00:00,False,+47.5%,True,$5911.6M,True,+28.3%,False,493.2K,True,$87.85 / SMA $84.52,False,1.91%,False,+10.5%,True,59.7M,True,NYQ,False,
ABCL,AbCellera Biologics Inc.,5.26,2026-06-16T00:22:30.084286+00:00,True,+91.6%,True,$1606.3M,False,+6.7%,True,6254.1K,True,$5.26 / SMA $4.65,True,10.06%,True,+96.3%,False,205.1M,True,NMS,False,
ABEV,Ambev S.A.,3.25,2026-06-16T00:05:52.755330+00:00,False,+54.8%,True,$50426.0M,False,+2.4%,True,27709.7K,True,$3.25 / SMA $3.13,False,2.30%,False,+-0.1%,False,4204.7M,True,NYQ,False,
ABNB,"Airbnb, Inc.",138.96,2026-06-15T23:54:04.167855+00:00,False,+25.4%,True,$82473.4M,False,+8.3%,True,3651.1K,True,$138.96 / SMA $135.65,True,3.36%,False,+17.9%,False,402.3M,True,NMS,False,
ABSI,Absci Corporation,7.27,2026-06-16T00:37:57.905796+00:00,True,+224.6%,True,$1133.4M,False,+9.5%,True,4909.7K,True,$7.27 / SMA $5.03,True,11.06%,False,+-81.8%,True,146.1M,True,NMS,False,
ABT,Abbott Laboratories,88.67,2026-06-16T00:30:43.724531+00:00,False,+8.2%,True,$154446.6M,False,+-19.7%,True,13063.0K,False,$88.67 / SMA $90.84,False,2.21%,False,+7.8%,False,1731.2M,True,NYQ,False,
ABUS,Arbutus Biopharma Corporation,4.32,2026-06-16T00:24:28.302437+00:00,False,+42.1%,True,$853.4M,True,+769.2%,True,1771.8K,False,$4.32 / SMA $4.36,True,4.20%,True,+10054.5%,True,121.4M,True,NMS,False,
ABVX,ABIVAX Société Anonyme,98.26,2026-06-16T00:31:25.970683+00:00,True,+1626.9%,True,$7838.2M,True,+26.5%,True,1581.7K,False,$98.26 / SMA $115.50,True,7.31%,,N/A,True,58.2M,True,NGM,False,
ABX,"Abacus Global Management, Inc.",9.65,2026-06-16T00:00:20.993981+00:00,True,+109.8%,True,$925.7M,True,+40.0%,True,593.1K,True,$9.65 / SMA $9.05,True,4.36%,True,+34.6%,True,43.1M,True,NYQ,True,
ABXXF,Abaxx Technologies Inc.,32.52,2026-06-15T23:59:57.743589+00:00,True,+309.1%,True,$1252.7M,False,+-150.0%,False,59.2K,False,$32.52 / SMA $39.41,True,10.49%,True,+5037.6%,True,31.9M,False,OQX,False,
ACAAU,Averin Capital Acquisition Corp.,10.05,2026-06-16T00:40:08.757410+00:00,False,+1.0%,,N/A,,N/A,False,30.7K,True,$10.05 / SMA $10.05,False,1.92%,,N/A,True,26.0M,True,NGM,False,
ACCYY,Accor SA,11.02,2026-06-15T23:54:30.306075+00:00,False,+26.5%,True,$13010.7M,,,False,104.2K,True,$11.02 / SMA $10.08,False,2.28%,,,False,779.2M,False,PNK,False,
ACDC,ProFrac Holding Corp.,7.0,2026-06-16T00:11:50.041940+00:00,True,+127.3%,True,$1266.4M,False,+-322.4%,True,1430.4K,True,$7.00 / SMA $6.92,True,8.52%,False,+-25.1%,True,33.3M,True,NMS,False,
ACDSF,CapitaLand Ascendas REIT,2.0,2026-06-16T00:31:28.002537+00:00,False,+16.3%,True,$9982.7M,,N/A,False,23.5K,True,$2.00 / SMA $1.96,False,0.25%,,N/A,False,3094.3M,False,PNK,False,
ACDVF,Air Canada,15.32,2026-06-15T23:56:31.729321+00:00,False,+27.3%,True,$4397.9M,,,False,135.7K,True,$15.32 / SMA $14.23,True,4.73%,False,+7.1%,False,293.1M,False,OQX,False,
ACEHF,PT Aspirasi Hidup Indonesia Tbk,0.0314,2026-06-16T00:26:29.741136+00:00,True,+797.1%,True,$537.6M,,,False,0.0K,True,$0.03 / SMA $0.03,False,0.00%,False,+-0.1%,False,6846.4M,False,PNK,False,
ACEL,"Accel Entertainment, Inc.",13.13,2026-06-16T00:00:15.629617+00:00,False,+37.5%,True,$1068.7M,False,+0.0%,False,315.7K,True,$13.13 / SMA $11.98,False,2.47%,False,+8.5%,True,43.8M,True,NYQ,False,
ACGBY,Agricultural Bank of China Limited,19.34,2026-06-16T00:17:31.348557+00:00,False,+22.0%,True,$270746.9M,False,+5.3%,False,37.0K,True,$19.34 / SMA $18.75,False,1.11%,False,+10.5%,False,8017.1M,False,PNK,False,
ACGLN,Arch Capital Group Ltd.,16.21,2026-06-16T00:30:59.172609+00:00,False,+0.7%,,N/A,,N/A,False,38.0K,False,$16.21 / SMA $16.84,False,1.06%,False,+-4.7%,False,336.7M,True,NMS,False,
ACGP,"Associated Capital Group, Inc.",36.89,2026-06-16T00:37:58.333079+00:00,False,+22.0%,True,$761.7M,False,+-103.7%,False,2.6K,False,$36.89 / SMA $38.55,False,0.26%,False,+4.5%,True,1.7M,False,OQX,False,
ACHC,"Acadia Healthcare Company, Inc.",24.99,2026-06-16T00:22:20.793882+00:00,True,+118.6%,True,$2298.3M,False,+-44.4%,True,2844.7K,False,$24.99 / SMA $25.70,True,4.68%,False,+7.6%,True,85.1M,True,NMS,False,
ACHR,Archer Aviation Inc.,5.55,2026-06-16T00:33:24.297327+00:00,False,+15.6%,True,$4233.9M,False,+-64.7%,True,38299.1K,False,$5.55 / SMA $5.97,True,7.08%,,N/A,False,642.0M,True,NYQ,False,
ACHV,"Achieve Life Sciences, Inc.",5.6,2026-06-16T00:02:03.511346+00:00,True,+180.0%,True,$574.9M,True,+48.6%,True,1415.2K,True,$5.60 / SMA $4.67,True,8.02%,,,True,87.2M,True,NCM,True,
ACIW,"ACI Worldwide, Inc.",44.79,2026-06-16T00:33:28.707138+00:00,False,+17.7%,True,$4553.4M,False,+-32.7%,True,758.2K,True,$44.79 / SMA $42.97,True,3.56%,False,+7.9%,True,100.3M,True,NMS,False,
ACKAY,Arçelik Anonim Sirketi,11.89,2026-06-16T00:35:52.894458+00:00,False,+5.7%,True,$1560.3M,,N/A,False,0.2K,False,$11.89 / SMA $12.58,False,0.10%,False,+2.4%,True,5.1M,False,PNK,False,
ACKDF,Auckland International Airport Limited,4.55,2026-06-16T00:31:31.357077+00:00,False,+14.0%,True,$7712.8M,,N/A,False,0.8K,False,$4.55 / SMA $4.88,False,0.00%,,N/A,False,1694.7M,False,PNK,False,
ACLLF,ATCO Ltd.,51.51,2026-06-15T23:56:24.087996+00:00,False,+48.4%,True,$5200.8M,False,+4.7%,False,12.0K,True,$51.51 / SMA $50.07,False,0.56%,False,+1.1%,True,72.9M,False,OQX,False,
ACLLY,Accelleron Industries AG,94.13,2026-06-16T00:31:26.996885+00:00,False,+42.1%,True,$8852.1M,,N/A,False,0.9K,False,$94.13 / SMA $102.63,False,0.94%,,N/A,True,93.8M,False,PNK,False,
ACMR,"ACM Research, Inc.",95.21,2026-06-16T00:08:15.648626+00:00,True,+313.4%,True,$6579.9M,False,+-20.0%,True,1412.4K,True,$95.21 / SMA $64.89,True,9.73%,True,+34.2%,True,58.4M,True,NGM,False,
ACN,Accenture plc,165.36,2026-06-16T00:17:40.588550+00:00,False,+6.1%,True,$101768.4M,False,+3.9%,True,6123.4K,False,$165.36 / SMA $180.51,True,4.14%,False,+8.3%,False,612.8M,True,NYQ,False,
ACNB,ACNB Corporation,56.48,2026-06-16T00:02:00.493492+00:00,False,+40.7%,True,$576.8M,True,+4500.0%,False,62.7K,True,$56.48 / SMA $52.06,False,2.51%,False,+19.0%,True,9.8M,True,NCM,False,
ACOPY,The a2 Milk Company Limited,4.035,2026-06-16T00:35:22.120397+00:00,False,+6.2%,True,$2927.1M,,N/A,False,0.2K,False,$4.04 / SMA $4.87,False,0.04%,,N/A,False,723.0M,False,PNK,False,
ACP,Abrdn Income Credit Strategies Fund,5.29,2026-06-16T00:13:40.707996+00:00,False,+6.0%,True,$663.7M,,,True,515.1K,True,$5.29 / SMA $5.26,False,1.25%,,,,,True,NYQ,False,
ACRS,"Aclaris Therapeutics, Inc.",4.36,2026-06-16T00:38:05.368518+00:00,True,+224.6%,True,$608.9M,False,+-25.0%,True,1400.4K,False,$4.36 / SMA $4.40,True,5.49%,True,+37.2%,True,113.1M,True,NMS,False,
ACSAF,"ACS, Actividades de Construcción y Servicios, S.A.",137.63,2026-06-16T00:30:57.487168+00:00,True,+109.2%,True,$36601.9M,False,+18.7%,False,0.0K,False,$137.63 / SMA $143.54,False,0.12%,False,+4.7%,True,138.9M,False,PNK,False,
ACT,"Enact Holdings, Inc.",42.34,2026-06-15T23:56:19.404728+00:00,False,+24.7%,True,$5910.7M,False,+9.3%,False,298.6K,False,$42.34 / SMA $42.41,False,2.00%,False,+1.7%,True,26.6M,True,NMS,False,
ACTG,Acacia Research Corporation,4.7,2026-06-16T00:26:37.228507+00:00,False,+50.6%,True,$454.0M,False,+-164.0%,False,266.5K,False,$4.70 / SMA $4.82,False,2.40%,False,+-56.4%,True,33.9M,True,NMS,False,
ACVA,ACV Auctions Inc.,6.31,2026-06-16T00:00:11.769638+00:00,False,+55.2%,True,$1101.6M,True,+33.3%,True,3210.0K,True,$6.31 / SMA $5.53,True,6.42%,False,+11.8%,False,159.1M,True,NYQ,False,
ACXIF,"Acciona, S.A.",301.82,2026-06-16T00:31:13.219557+00:00,True,+77.0%,True,$16450.7M,,N/A,False,0.3K,True,$301.82 / SMA $292.33,True,5.28%,,N/A,True,23.9M,False,PNK,False,
AD,"Array Digital Infrastructure, Inc.",39.78,2026-06-16T00:08:18.016171+00:00,False,+0.6%,True,$3438.7M,True,+881.0%,False,317.7K,True,$39.78 / SMA $39.61,False,2.99%,True,+92.8%,True,15.5M,True,NYQ,False,
ADAM,"Adamas Trust, Inc.",9.28,2026-06-16T00:24:30.263165+00:00,False,+50.6%,True,$833.9M,False,+21.2%,True,762.4K,True,$9.28 / SMA $8.52,False,2.18%,True,+59.3%,True,83.8M,True,NMS,False,
ADAMH,"Adamas Trust, Inc.",25.33,2026-06-16T00:37:57.512528+00:00,False,+3.4%,,N/A,,N/A,False,19.5K,False,$25.33 / SMA $25.56,False,0.47%,,N/A,True,83.8M,True,NGM,False,
ADAMM,"Adamas Trust, Inc.",25.3101,2026-06-16T00:01:31.514792+00:00,False,+6.4%,,,,,False,15.8K,True,$25.31 / SMA $25.30,False,0.54%,True,+59.3%,True,83.8M,True,NMS,False,
ADAMZ,"Adamas Trust, Inc.",19.035,2026-06-16T00:13:36.154569+00:00,False,+10.3%,,,,,False,6.3K,True,$19.04 / SMA $18.50,False,1.14%,True,+59.3%,True,83.8M,True,NMS,False,
ADCT,ADC Therapeutics SA,1.05,2026-06-16T00:26:39.102233+00:00,False,+34.6%,False,$133.6M,True,+41.7%,True,1631.4K,False,$1.05 / SMA $3.25,True,10.34%,False,+-9.5%,True,100.4M,True,NYQ,False,
ADDLF,AddLife AB (publ),15.75,2026-06-16T00:10:07.047933+00:00,True,+98.4%,True,$1919.4M,True,+36.8%,False,0.0K,False,$15.75 / SMA $31.34,False,0.00%,False,+-6.1%,True,113.3M,False,PNK,False,
ADDYY,adidas AG,102.37,2026-06-16T00:05:58.340302+00:00,False,+36.1%,True,$36310.4M,False,+13.3%,False,78.9K,True,$102.37 / SMA $86.54,False,2.21%,False,+7.1%,False,338.1M,False,OQX,False,
ADI,"Analog Devices, Inc.",427.58,2026-06-15T23:53:59.617894+00:00,True,+95.8%,True,$208268.7M,True,+110.5%,True,3976.8K,True,$427.58 / SMA $394.67,True,4.05%,True,+37.2%,False,485.3M,True,NMS,False,
ADMA,"ADMA Biologics, Inc.",8.5,2026-06-16T00:35:41.143056+00:00,False,+17.9%,True,$1970.1M,True,+72.7%,True,7028.5K,False,$8.50 / SMA $9.23,True,3.71%,False,+-0.3%,False,226.7M,True,NGM,False,
ADOOY,PT Alamtri Resources Indonesia Tbk,6.36,2026-06-16T00:08:23.500232+00:00,False,+28.2%,True,$3663.4M,,,False,1.3K,False,$6.36 / SMA $6.64,False,0.57%,True,+119.8%,False,211.9M,False,PNK,False,
ADP,"Automatic Data Processing, Inc.",223.22,2026-06-16T00:17:37.205820+00:00,False,+18.6%,True,$89228.7M,False,+10.5%,True,3183.2K,True,$223.22 / SMA $211.35,False,2.57%,False,+7.0%,False,398.8M,True,NMS,False,
ADPT,Adaptive Biotechnologies Corporation,17.46,2026-06-16T00:35:33.923831+00:00,True,+75.4%,True,$2794.4M,True,+35.0%,True,1948.3K,True,$17.46 / SMA $14.62,True,6.88%,True,+35.1%,True,125.0M,True,NMS,True,
ADRNY,Koninklijke Ahold Delhaize N.V.,42.14,2026-06-16T00:30:57.685291+00:00,False,+30.7%,True,$37107.6M,False,+3.3%,False,101.7K,False,$42.14 / SMA $44.93,False,1.21%,False,+-4.3%,False,870.9M,False,OQX,False,
ADSE,ADS-TEC Energy PLC,11.5,2026-06-16T00:38:00.584497+00:00,False,+45.8%,True,$862.5M,,N/A,False,6.6K,False,$11.50 / SMA $11.58,True,4.60%,,N/A,,N/A,True,NCM,False,
ADSK,"Autodesk, Inc.",198.6,2026-06-15T23:54:08.323856+00:00,False,+2.1%,True,$41933.4M,True,+231.4%,True,2201.1K,False,$198.60 / SMA $235.02,True,4.04%,False,+18.4%,False,210.4M,True,NMS,False,
ADT,ADT Inc.,6.7,2026-06-16T00:33:21.432984+00:00,False,+7.2%,True,$5095.7M,True,+26.7%,True,10823.8K,False,$6.70 / SMA $6.88,False,2.20%,False,+0.9%,False,579.8M,True,NYQ,False,
ADUR,Aduro Clean Technologies Inc.,14.81,2026-06-16T00:26:33.257388+00:00,True,+82.6%,True,$518.2M,True,+51.0%,False,406.4K,True,$14.81 / SMA $13.45,True,8.96%,False,+-100.0%,True,22.3M,True,NCM,False,
ADUS,Addus HomeCare Corporation,94.83,2026-06-16T00:11:42.906181+00:00,False,+7.8%,True,$1770.0M,False,+16.4%,False,244.3K,True,$94.83 / SMA $94.10,False,2.89%,False,+7.7%,True,17.7M,True,NMS,False,
ADV,Advantage Solutions Inc.,38.9,2026-06-16T00:13:46.782380+00:00,True,+218.2%,True,$517.2M,False,+-29.2%,False,90.4K,True,$38.90 / SMA $34.95,True,8.97%,False,+5.8%,True,5.0M,True,NMS,False,
ADX,"Adams Diversified Equity Fund, Inc.",25.4,2026-06-16T00:09:54.510807+00:00,False,+23.0%,True,$3112.1M,,,False,290.5K,True,$25.40 / SMA $24.33,False,1.40%,,,True,120.7M,True,NYQ,False,
ADYEY,Adyen N.V.,9.49,2026-06-16T00:17:50.748155+00:00,False,+6.3%,True,$29928.3M,,,True,1622.7K,False,$9.49 / SMA $10.65,False,2.75%,,,False,2821.2M,False,PNK,False,
ADYYF,Adyen N.V.,898.51,2026-06-16T00:05:56.493158+00:00,False,+2.1%,True,$28336.0M,,,False,0.2K,False,$898.51 / SMA $1068.26,True,6.53%,,,True,28.2M,False,PNK,False,
AEAQ,Activate Energy Acquisition Corp.,9.99,2026-06-16T00:40:18.910242+00:00,False,+2.1%,True,$312.8M,,N/A,False,30.7K,True,$9.99 / SMA $9.96,False,0.08%,,N/A,True,21.4M,True,NGM,False,
AEBI,Aebi Schmidt Holding AG,12.2,2026-06-16T00:37:52.344480+00:00,False,+36.9%,True,$945.6M,False,+-62.6%,False,342.3K,True,$12.20 / SMA $11.73,True,5.04%,True,+82.8%,True,36.7M,True,NMS,False,
AEF,"abrdn Emerging Markets ex-China Fund, Inc.",10.02,2026-06-16T00:26:46.840463+00:00,True,+81.9%,True,$406.8M,,,False,179.5K,True,$10.02 / SMA $9.16,True,3.19%,,,,,True,ASE,False,
AEG,Aegon Ltd.,8.52,2026-06-15T23:54:29.342669+00:00,False,+28.3%,True,$12886.7M,,,True,5355.9K,True,$8.52 / SMA $8.23,False,1.39%,,,False,1235.4M,True,NYQ,False,
AEGXF,Aecon Group Inc.,30.86,2026-06-16T00:22:17.998674+00:00,True,+144.0%,True,$2112.9M,False,+-233.3%,False,30.5K,False,$30.86 / SMA $34.42,True,3.81%,False,+-0.8%,True,68.1M,False,PNK,False,
AEMFF,AEM Holdings Ltd.,8.125,2026-06-16T00:35:32.727439+00:00,True,+1138.5%,True,$2595.6M,,N/A,False,0.0K,True,$8.12 / SMA $4.96,False,0.00%,,N/A,False,252.0M,False,PNK,False,
AENT,Alliance Entertainment Holding Corporation,5.29,2026-06-16T00:40:18.401433+00:00,True,+75.7%,False,$269.7M,True,+25.0%,False,24.6K,False,$5.29 / SMA $6.67,True,10.11%,False,+21.2%,True,3.2M,True,NCM,False,
AEO,"American Eagle Outfitters, Inc.",18.46,2026-06-16T00:09:59.382460+00:00,True,+96.0%,True,$3093.4M,True,+138.9%,True,5382.2K,True,$18.46 / SMA $17.25,True,4.95%,False,+9.7%,False,155.8M,True,NYQ,False,
AEP,"American Electric Power Company, Inc.",129.31,2026-06-16T00:17:40.732759+00:00,False,+28.4%,True,$70358.2M,False,+6.7%,True,3930.5K,False,$129.31 / SMA $130.89,False,1.79%,False,+10.2%,False,543.3M,True,NMS,False,
AER,AerCap Holdings N.V.,141.49,2026-06-16T00:06:04.526267+00:00,False,+33.9%,True,$22310.9M,True,+42.5%,True,1288.7K,True,$141.49 / SMA $141.00,False,2.28%,False,+7.9%,True,149.9M,True,NYQ,False,
AERO,AERO,17.59,2026-06-15T23:58:15.625149+00:00,False,+43.5%,True,$2566.4M,False,+-95.3%,False,345.0K,True,$17.59 / SMA $15.78,True,4.67%,False,+13.3%,True,58.4M,True,NYQ,False,
AES,The AES Corporation,14.68,2026-06-15T23:54:33.516841+00:00,False,+46.5%,True,$10469.2M,True,+871.4%,True,11039.5K,True,$14.68 / SMA $14.45,False,0.43%,False,+8.7%,False,708.7M,True,NYQ,False,
AESI,Atlas Energy Solutions Inc.,16.61,2026-06-16T00:10:02.446501+00:00,True,+117.4%,True,$2074.7M,False,+-3900.0%,True,4578.2K,True,$16.61 / SMA $16.51,True,5.47%,False,+-10.8%,True,85.6M,True,NYQ,False,
AETUF,ARC Resources Ltd.,22.75,2026-06-15T23:54:29.249101+00:00,False,+46.8%,True,$12887.1M,,,False,176.4K,True,$22.75 / SMA $21.61,False,2.09%,True,+35.0%,False,563.7M,False,PNK,False,
AEXA,AEXA,11.26,2026-06-16T00:01:59.747510+00:00,False,+7.3%,True,$556.9M,,,False,99.4K,False,$11.26 / SMA $11.27,False,2.23%,,,True,34.3M,True,NYQ,False,
AFFU,Affluence Corporation,0.0189,2026-06-16T00:26:42.553184+00:00,False,+65.8%,False,$0.2M,,,False,94.0K,False,$0.02 / SMA $0.04,True,48.02%,,,True,0.0M,False,OID,False,
AFG,"American Financial Group, Inc.",133.8,2026-06-16T00:06:22.411620+00:00,False,+9.7%,True,$11116.9M,False,+24.5%,False,499.0K,True,$133.80 / SMA $131.87,False,1.85%,False,+-0.4%,True,71.6M,True,NYQ,False,
AFL,Aflac Incorporated,116.96,2026-06-16T00:17:42.008119+00:00,False,+20.6%,True,$59530.9M,True,+3860.0%,True,2435.1K,True,$116.96 / SMA $114.41,False,1.97%,True,+27.7%,False,504.7M,True,NYQ,False,
AFLYY,Air France-KLM SA,1.33,2026-06-16T00:22:05.732997+00:00,False,+46.2%,True,$3474.8M,False,+-379.4%,False,130.1K,True,$1.33 / SMA $1.18,True,4.55%,False,+-5.1%,False,1143.8M,False,PNK,False,
AFMJF,Alphamin Resources Corp.,1.0,2026-06-16T00:00:03.122465+00:00,True,+72.4%,True,$1283.8M,,,False,333.4K,True,$1.00 / SMA $0.93,True,5.53%,True,+71.2%,False,552.0M,False,PNK,False,
AFYA,Afya Limited,13.95,2026-06-16T00:11:50.691420+00:00,False,+7.3%,True,$1275.8M,False,+3.3%,False,95.4K,False,$13.95 / SMA $14.49,True,3.32%,False,+8.2%,True,6.1M,True,NMS,False,
AGBK,AGI Inc,6.94,2026-06-16T00:37:42.794951+00:00,False,+9.8%,True,$1109.9M,,N/A,True,560.4K,False,$6.94 / SMA $7.15,True,5.62%,,N/A,True,24.7M,True,NYQ,False,
AGCO,AGCO Corporation,112.54,2026-06-16T00:31:31.068222+00:00,False,+14.1%,True,$8148.9M,True,+442.9%,True,725.4K,False,$112.54 / SMA $116.21,True,3.24%,False,+14.3%,True,60.1M,True,NYQ,False,
AGESY,ageas SA/NV,77.15,2026-06-16T00:31:12.021771+00:00,False,+20.3%,True,$16141.9M,,N/A,False,6.6K,True,$77.15 / SMA $76.13,False,1.74%,,N/A,False,178.8M,False,PNK,False,
AGFMF,AGF Management Limited,13.36,2026-06-16T00:37:57.951637+00:00,False,+56.6%,True,$853.3M,False,+-41.3%,False,3.0K,True,$13.36 / SMA $12.49,False,0.24%,False,+4.9%,True,47.9M,False,PNK,False,
AGGZF,Ag Growth International Inc.,15.0,2026-06-16T00:03:48.890523+00:00,False,+35.5%,False,$282.9M,False,+-161.1%,False,5.8K,False,$15.00 / SMA $15.49,False,0.17%,False,+-1.6%,True,17.8M,False,PNK,False,
AGI,Alamos Gold Inc.,37.64,2026-06-16T00:06:13.519759+00:00,False,+57.4%,True,$15807.5M,True,+1025.0%,True,3507.0K,False,$37.64 / SMA $41.76,True,4.40%,True,+79.2%,False,418.5M,True,NYQ,False,
AGL,"agilon health, inc.",114.34,2026-06-16T00:35:54.642358+00:00,True,+1428.6%,True,$1907.6M,True,+302.2%,False,404.8K,True,$114.34 / SMA $58.56,True,10.80%,False,+-7.3%,True,9.8M,True,NYQ,False,
AGLNF,AGL Energy Limited,6.0,2026-06-16T00:20:24.604785+00:00,False,+10.1%,True,$4036.5M,,,False,0.2K,False,$6.00 / SMA $6.39,False,0.00%,,,False,598.0M,False,PNK,False,
AGM.A,AGM.A,,2026-06-15T23:59:53.382960+00:00,False,,False,,False,,False,,False,,False,,False,,False,,False,Unknown,False,No price data available
AGNC,AGNC Investment Corp.,10.46,2026-06-16T00:31:21.060516+00:00,False,+15.6%,True,$12007.3M,False,+-950.0%,True,16488.9K,True,$10.46 / SMA $10.41,False,1.60%,False,+-246.2%,False,1140.4M,True,NMS,False,
AGNCL,AGNC Investment Corp.,25.1,2026-06-15T23:54:31.360489+00:00,False,+6.3%,,,,,False,15.6K,True,$25.10 / SMA $24.82,False,0.76%,False,+-246.2%,False,1140.4M,True,NMS,False,
AGNCM,AGNC Investment Corp.,25.18,2026-06-16T00:06:19.789736+00:00,False,+6.6%,,,,,False,20.5K,True,$25.18 / SMA $24.80,False,0.47%,False,+-246.2%,False,1140.4M,True,NMS,False,
AGNCO,AGNC Investment Corp.,25.62,2026-06-16T00:18:16.763240+00:00,False,+5.0%,,,,,False,31.1K,True,$25.62 / SMA $25.40,False,0.34%,False,+-246.2%,False,1140.4M,True,NMS,False,
AGNCZ,AGNC Investment Corp.,25.44,2026-06-16T00:31:20.486033+00:00,False,+3.5%,,N/A,,N/A,False,63.2K,True,$25.44 / SMA $25.31,False,0.37%,False,+-246.2%,False,1140.4M,True,NMS,False,
AGO,Assured Guaranty Ltd.,75.94,2026-06-16T00:09:41.639241+00:00,False,+4.4%,True,$3362.8M,False,+-44.5%,False,388.1K,False,$75.94 / SMA $78.81,False,1.98%,False,+-20.9%,True,41.6M,True,NYQ,False,
AGPPF,Valterra Platinum Limited,73.35,2026-06-16T00:06:08.254499+00:00,True,+733400.0%,True,$19361.7M,,,False,0.1K,False,$73.35 / SMA $82.56,False,1.61%,,,False,262.5M,False,PNK,False,
AGRPY,Absa Group Limited,28.76,2026-06-16T00:18:16.824004+00:00,False,+53.8%,True,$11917.8M,,,False,0.5K,True,$28.76 / SMA $28.36,False,0.76%,,,False,413.8M,False,PNK,False,
AGTEF,AGTech Holdings Limited,0.103,2026-06-16T00:35:53.929175+00:00,True,+1739.3%,True,$1186.9M,,N/A,False,4.3K,True,$0.10 / SMA $0.09,False,2.05%,,N/A,False,2404.6M,False,PNK,False,
AGX,"Argan, Inc.",688.87,2026-06-16T00:06:26.246598+00:00,True,+255.4%,True,$9657.4M,True,+102.5%,False,416.9K,True,$688.87 / SMA $651.60,True,6.94%,True,+50.2%,True,13.5M,True,NYQ,False,
AGXKF,Anglo Asian Mining PLC,4.29,2026-06-16T00:39:50.509200+00:00,True,+149.4%,True,$491.0M,,N/A,False,0.5K,True,$4.29 / SMA $3.62,False,0.87%,,N/A,True,59.7M,False,PNK,False,
AGXXF,Agilyx ASA,2.17,2026-06-16T00:15:37.289159+00:00,False,+65.0%,False,$273.1M,,,False,0.6K,False,$2.17 / SMA $2.21,False,0.37%,,,True,69.7M,False,OQX,False,
AGYS,"Agilysys, Inc.",87.49,2026-06-16T00:10:03.468186+00:00,False,+42.3%,True,$2464.3M,True,+207.1%,False,348.4K,True,$87.49 / SMA $74.51,True,6.35%,False,+11.7%,True,26.6M,True,NMS,False,
AHCHY,Anhui Conch Cement Company Limited,11.59,2026-06-16T00:06:15.060804+00:00,False,+2.0%,True,$12283.8M,False,+-17.6%,False,39.0K,False,$11.59 / SMA $12.17,False,1.85%,False,+-10.5%,False,632.1M,False,PNK,False,
AHEXY,Adecco Group AG,9.91,2026-06-16T00:20:29.539042+00:00,False,+7.1%,True,$3435.2M,False,+13.9%,False,36.9K,False,$9.91 / SMA $10.83,False,1.91%,False,+1.5%,False,335.4M,False,PNK,False,
AHKSF,Asahi Kasei Corporation,11.3,2026-06-15T23:54:26.117280+00:00,True,+72.5%,True,$15327.8M,,,False,0.3K,True,$11.30 / SMA $10.30,False,0.15%,,,False,1318.7M,False,PNK,False,
AHKSY,Asahi Kasei Corporation,22.54,2026-06-16T00:06:14.795462+00:00,True,+77.3%,True,$15287.1M,,,False,35.3K,True,$22.54 / SMA $20.66,False,1.53%,,,False,659.4M,False,PNK,False,
AHODF,Koninklijke Ahold Delhaize N.V.,41.1,2026-06-16T00:05:56.217719+00:00,False,+9.8%,True,$36191.8M,False,+3.3%,False,0.3K,False,$41.10 / SMA $44.46,False,0.43%,False,+-4.3%,False,870.9M,False,OQX,False,
AHRT,AH REALTY TRUST INC,6.79,2026-06-16T00:38:02.945399+00:00,False,+32.4%,True,$660.5M,False,+-266.0%,True,1289.8K,True,$6.79 / SMA $6.36,False,2.22%,False,+4.3%,True,75.1M,True,NYQ,False,
AIABF,Capital A Berhad,0.13,2026-06-16T00:02:04.252039+00:00,True,+225.0%,True,$581.4M,False,+-96.9%,False,1.7K,True,$0.13 / SMA $0.10,False,0.00%,True,+84.9%,False,2787.3M,False,PNK,False,
AIAGY,Aurubis AG,111.95,2026-06-16T00:18:22.104811+00:00,True,+160.5%,True,$9775.3M,,,False,0.1K,True,$111.95 / SMA $110.14,False,0.77%,False,+21.5%,True,60.3M,False,PNK,False,
AIAI,AIAI Holdings Corporation,14.84,2026-06-16T00:00:08.682178+00:00,False,+33.5%,True,$1043.5M,,,False,358.8K,True,$14.84 / SMA_short $13.85,True,13.86%,,,,,True,NGM,False,
AIBGY,AIB Group plc,23.77,2026-06-16T00:17:58.136776+00:00,False,+57.9%,True,$25229.5M,,,False,76.5K,True,$23.77 / SMA $22.73,False,2.65%,,,False,1036.9M,False,PNK,False,
AIBRF,AIB Group plc,11.88,2026-06-16T00:17:58.542915+00:00,False,+61.7%,True,$25218.9M,,,False,2.2K,True,$11.88 / SMA $11.26,False,0.45%,,,False,2073.8M,False,PNK,False,
AICAF,Air China Limited,0.53,2026-06-15T23:54:24.367294+00:00,False,+0.0%,True,$10861.1M,True,+183.3%,False,4.6K,False,$0.53 / SMA $0.62,False,0.00%,False,+11.3%,False,3992.0M,False,PNK,False,
AII,"American Integrity Insurance Group, Inc.",16.67,2026-06-16T00:03:49.571000+00:00,False,+3.3%,True,$326.6M,False,+-47.6%,False,111.4K,False,$16.67 / SMA $18.09,True,3.19%,True,+26.5%,True,11.8M,True,NYQ,False,
AIIR,AIR Global PLC,7.0299,2026-06-16T00:40:21.328452+00:00,False,+8.1%,True,$1127.5M,,N/A,False,186.4K,False,$7.03 / SMA $9.55,True,12.28%,,N/A,,N/A,True,NCM,False,
AIIXY,AIXTRON SE,127.29,2026-06-15T23:56:14.525222+00:00,True,+351.4%,True,$7311.5M,,,False,0.8K,True,$127.29 / SMA $113.42,False,2.43%,False,+-73.8%,,,False,PNK,False,
AIN,Albany International Corp.,70.71,2026-06-15T23:59:54.310054+00:00,True,+71.8%,True,$2005.0M,False,+-3.6%,False,253.6K,True,$70.71 / SMA $60.82,True,3.51%,False,+7.8%,True,28.2M,True,NYQ,False,
AIP,"Arteris, Inc.",43.63,2026-06-16T00:35:48.609914+00:00,True,+444.7%,True,$2014.5M,False,+15.0%,True,841.0K,True,$43.63 / SMA $30.22,True,7.54%,True,+38.7%,True,36.3M,True,NGM,False,
AIPUY,Airports of Thailand Public Company Limited,15.25,2026-06-16T00:31:05.947313+00:00,True,+78.4%,True,$21785.7M,False,+14.3%,False,0.2K,False,$15.25 / SMA $15.51,False,1.28%,False,+3.0%,False,4090.0M,False,PNK,False,
AIQUF,L'Air Liquide S.A.,192.0,2026-06-16T00:17:34.524052+00:00,False,+7.6%,True,$122206.1M,,,False,0.6K,False,$192.00 / SMA $207.14,False,2.12%,,,False,633.4M,False,PNK,False,
AIQUY,L'Air Liquide S.A.,39.03,2026-06-16T00:30:45.005127+00:00,False,+7.9%,True,$124211.1M,,N/A,False,210.0K,False,$39.03 / SMA $41.42,False,1.54%,,N/A,False,3167.0M,False,PNK,False,
AIR,AAR Corp.,131.18,2026-06-16T00:20:22.099341+00:00,True,+96.7%,True,$5216.3M,True,+784.0%,False,443.5K,True,$131.18 / SMA $114.72,True,3.82%,False,+24.6%,True,38.4M,True,NYQ,False,
AIRRF,Aurion Resources Ltd.,1.85,2026-06-16T00:15:40.686529+00:00,True,+279.1%,True,$312.1M,False,+-100.0%,False,136.2K,True,$1.85 / SMA $1.75,False,0.64%,,,False,151.1M,False,OQX,False,
AIT,"Applied Industrial Technologies, Inc.",316.18,2026-06-16T00:31:22.147910+00:00,False,+41.7%,True,$11685.9M,False,+3.1%,False,275.7K,True,$316.18 / SMA $302.46,False,2.19%,False,+7.3%,True,36.6M,True,NYQ,False,
AIVAF,Aviva plc,8.17,2026-06-16T00:06:02.207785+00:00,False,+2.1%,True,$24444.9M,,,False,1.0K,False,$8.17 / SMA $8.39,False,0.36%,,,False,2956.5M,False,OQX,False,
AIXXF,AIXTRON SE,65.6,2026-06-16T00:06:32.076236+00:00,True,+371.9%,True,$7398.8M,,,False,8.0K,True,$65.60 / SMA $56.27,True,5.55%,False,+-73.8%,,,False,PNK,False,
AIZ,"Assurant, Inc.",259.46,2026-06-16T00:06:18.452515+00:00,False,+41.5%,True,$12855.6M,True,+91.2%,False,407.4K,True,$259.46 / SMA $239.90,False,1.93%,False,+11.3%,True,49.2M,True,NYQ,False,
AJG,Arthur J. Gallagher & Co.,215.74,2026-06-16T00:05:52.112106+00:00,False,+13.1%,True,$55432.7M,False,+16.2%,True,1903.7K,True,$215.74 / SMA $210.18,False,2.79%,True,+27.7%,False,254.1M,True,NYQ,False,
AJINF,"Ajinomoto Co., Inc.",29.0,2026-06-16T00:17:54.913124+00:00,False,+43.1%,True,$27720.1M,,,False,2.3K,False,$29.00 / SMA $31.27,False,0.26%,,,False,952.0M,False,PNK,False,
AJMPF,Ashmore Group Plc,2.75,2026-06-15T23:59:53.043901+00:00,False,+39.2%,True,$1787.9M,,,False,0.5K,False,$2.75 / SMA $2.84,False,0.39%,,,False,333.8M,False,PNK,False,
AKAM,"Akamai Technologies, Inc.",134.2,2026-06-15T23:54:20.276184+00:00,True,+92.3%,True,$19510.7M,False,+-13.4%,True,5671.4K,True,$134.20 / SMA $125.64,True,4.86%,False,+5.8%,True,142.1M,True,NMS,False,
AKBTY,Akbank T.A.S.,2.85,2026-06-15T23:54:41.660925+00:00,False,+13.5%,True,$7410.0M,,,False,9.5K,False,$2.85 / SMA $3.15,True,4.92%,True,+71.5%,False,1524.1M,False,OQX,False,
AKESF,"Akeso, Inc.",11.38,2026-06-16T00:31:16.493644+00:00,False,+0.1%,True,$10482.6M,,N/A,False,1.2K,False,$11.38 / SMA $15.87,False,2.45%,,N/A,False,721.8M,False,PNK,False,
AKKVF,Akastor ASA,1.4,2026-06-16T00:26:33.284567+00:00,True,+70.7%,True,$381.6M,True,+145.1%,False,1.8K,False,$1.40 / SMA $1.66,False,0.50%,True,+139.5%,True,112.2M,False,PNK,False,
AKO.A,AKO.A,,2026-06-16T00:20:24.178448+00:00,False,,False,,False,,False,,False,,False,,False,,False,,False,Unknown,False,No price data available
AKO.B,AKO.B,,2026-06-16T00:33:32.844835+00:00,False,N/A,False,N/A,False,N/A,False,N/A,False,N/A,False,N/A,False,N/A,False,N/A,False,Unknown,False,No price data available
AKR,Acadia Realty Trust,21.72,2026-06-16T00:35:21.940930+00:00,False,+20.4%,True,$3148.5M,True,+2100.0%,True,1242.1K,True,$21.72 / SMA $21.46,False,1.85%,False,+-1.3%,True,132.8M,True,NYQ,False,
AKRBF,Aker BP ASA,36.01,2026-06-16T00:06:03.086895+00:00,False,+51.9%,True,$22748.9M,True,+34.8%,False,4.4K,False,$36.01 / SMA $36.82,False,2.60%,False,+-1.0%,False,263.4M,False,OQX,False,
AKTS,"Aktis Oncology, Inc.",20.69,2026-06-16T00:37:43.333564+00:00,False,+40.6%,True,$1143.7M,,N/A,False,323.6K,True,$20.69 / SMA $19.30,True,7.14%,,N/A,True,28.2M,True,NMS,False,
AKZOF,Akzo Nobel N.V.,66.68,2026-06-16T00:18:22.557737+00:00,False,+18.0%,True,$11422.3M,True,+350.0%,False,0.1K,True,$66.68 / SMA $61.19,False,0.05%,False,+-8.9%,False,153.8M,False,OQX,False,
AKZOY,Akzo Nobel N.V.,22.22,2026-06-16T00:31:24.896318+00:00,False,+23.2%,True,$11420.0M,True,+350.0%,False,189.8K,True,$22.22 / SMA $20.46,False,1.91%,False,+-8.9%,False,461.9M,False,OQX,False,
ALAB,"Astera Labs, Inc.",389.2,2026-06-15T23:54:07.877692+00:00,True,+359.1%,True,$66712.0M,True,+144.4%,True,5708.4K,True,$389.20 / SMA $242.21,True,10.42%,True,+93.4%,False,153.8M,True,NMS,False,
ALB,Albemarle Corporation,168.9,2026-06-16T00:18:02.744913+00:00,True,+202.1%,True,$19919.2M,,,True,2102.8K,False,$168.90 / SMA $181.37,True,4.26%,True,+32.7%,True,117.5M,True,NYQ,False,
ALBBY,Alibaba Health Information Technology Limited,8.26,2026-06-16T00:18:30.888466+00:00,False,+0.0%,True,$6659.5M,,,False,0.2K,False,$8.26 / SMA $10.82,False,1.04%,,,False,293.3M,False,PNK,False,
ALBHF,Alibaba Health Information Technology Limited,0.45,2026-06-16T00:18:30.357906+00:00,False,+8.4%,True,$7256.1M,,,False,1.5K,False,$0.45 / SMA $0.54,False,0.76%,,,False,5865.1M,False,PNK,False,
ALBKY,Alpha Bank S.A.,1.12,2026-06-16T00:06:26.172548+00:00,False,+57.7%,True,$10342.4M,False,+-19.4%,False,41.0K,True,$1.12 / SMA $1.06,True,5.20%,False,+7.1%,False,8148.6M,False,PNK,False,
ALC,Alcon Inc.,66.29,2026-06-15T23:54:12.834667+00:00,False,+7.2%,True,$32329.6M,False,+-44.3%,True,1910.4K,False,$66.29 / SMA $70.40,False,1.84%,False,+9.4%,False,486.1M,True,NYQ,False,
ALDFU,Aldel Financial II Inc.,10.82,2026-06-16T00:40:17.413529+00:00,False,+3.5%,,N/A,,N/A,False,0.8K,True,$10.82 / SMA $10.78,True,3.97%,,N/A,True,17.5M,True,NGM,False,
ALEUY,ALEUY,10.65,2026-06-15T23:54:35.280139+00:00,False,+43.9%,,,,,False,1.0K,True,$10.65 / SMA_short $9.45,,,,,,,False,PNK,False,
ALF,Centurion Acquisition Corp.,10.78,2026-06-16T00:03:42.065538+00:00,False,+3.2%,True,$387.4M,False,+-12.5%,False,86.4K,False,$10.78 / SMA $10.83,False,0.23%,,,True,5.0M,True,NGM,False,
ALFFF,"Sigma Foods, S.A.B. de C.V.",0.85,2026-06-16T00:33:20.966130+00:00,False,+14.9%,True,$4724.8M,True,+151.6%,False,0.1K,False,$0.85 / SMA $1.00,False,0.00%,False,+2.3%,False,5280.3M,False,PNK,False,
ALFRY,Alfresa Holdings Corporation,13.8,2026-06-16T00:35:26.527017+00:00,False,+11.1%,True,$2421.6M,,N/A,False,0.1K,False,$13.80 / SMA $15.23,False,0.01%,,N/A,False,155.2M,False,PNK,False,
ALFVF,Alfa Laval AB (publ),58.95,2026-06-16T00:17:58.892787+00:00,False,+51.9%,True,$24365.6M,False,+-7.5%,False,0.0K,True,$58.95 / SMA $58.51,False,0.00%,False,+-13.1%,False,290.8M,False,PNK,False,
ALFVY,Alfa Laval AB (publ),56.24,2026-06-15T23:54:17.704460+00:00,False,+39.7%,True,$23245.5M,False,+-7.5%,False,15.4K,False,$56.24 / SMA $57.89,False,1.73%,False,+-13.1%,False,290.8M,False,PNK,False,
ALG,Alamo Group Inc.,152.06,2026-06-16T00:35:43.998980+00:00,False,+4.3%,True,$1850.3M,False,+-8.7%,False,174.3K,False,$152.06 / SMA $161.25,True,3.17%,False,+6.7%,True,12.0M,True,NYQ,False,
ALGGY,"Alliance Global Group, Inc.",6.5,2026-06-16T00:24:13.809327+00:00,False,+18.0%,True,$1114.7M,False,+-37.2%,False,0.2K,False,$6.50 / SMA $7.34,False,0.35%,False,+-18.8%,True,31.5M,False,PNK,False,
ALGT,Allegiant Travel Company,95.24,2026-06-16T00:22:19.863397+00:00,True,+123.8%,True,$2559.8M,True,+32.9%,True,553.5K,True,$95.24 / SMA $82.63,True,6.08%,False,+4.8%,True,16.4M,True,NMS,False,
ALHC,"Alignment Healthcare, Inc.",19.78,2026-06-16T00:09:42.037938+00:00,True,+70.2%,True,$4089.2M,True,+200.0%,True,5297.8K,True,$19.78 / SMA $18.64,True,6.14%,True,+33.3%,False,186.4M,True,NMS,False,
ALIT,"Alight, Inc.",0.6619,2026-06-16T00:39:53.000558+00:00,False,+38.2%,True,$362.3M,False,+20.0%,True,29177.6K,False,$0.66 / SMA $0.74,True,11.96%,False,+-2.6%,False,463.5M,True,NYQ,False,
ALIZF,Allianz SE,432.82,2026-06-15T23:53:59.649477+00:00,False,+14.2%,True,$164162.7M,True,+52.5%,False,0.4K,False,$432.82 / SMA $433.75,True,3.93%,False,+15.4%,False,379.2M,False,PNK,False,
ALIZY,Allianz SE,44.71,2026-06-16T00:05:44.109227+00:00,False,+16.3%,True,$169578.9M,True,+52.5%,False,255.7K,True,$44.71 / SMA $43.51,False,1.15%,False,+15.4%,False,3792.3M,False,PNK,False,
ALKEF,Alkane Resources Ltd,1.02,2026-06-16T00:35:54.645546+00:00,True,+137.2%,True,$1393.5M,,N/A,False,458.1K,False,$1.02 / SMA $1.12,True,5.58%,,N/A,False,671.3M,False,OQX,False,
ALKS,Alkermes plc,44.36,2026-06-16T00:08:08.283484+00:00,True,+76.2%,True,$7393.7M,False,+-407.7%,True,2320.7K,True,$44.36 / SMA $37.21,True,3.70%,True,+28.2%,False,154.1M,True,NMS,False,
ALKT,"Alkami Technology, Inc.",15.31,2026-06-16T00:35:44.495427+00:00,False,+8.5%,True,$1638.5M,False,+-12.5%,True,1568.0K,False,$15.31 / SMA $16.65,True,5.11%,True,+28.9%,True,59.3M,True,NMS,False,
ALL,The Allstate Corporation,221.81,2026-06-16T00:05:53.493011+00:00,False,+17.9%,True,$57098.5M,True,+338.4%,True,1526.7K,True,$221.81 / SMA $214.31,False,2.46%,False,+3.0%,False,255.9M,True,NYQ,False,
ALLT,Allot Ltd.,7.38,2026-06-16T00:40:05.520872+00:00,False,+20.6%,True,$361.1M,True,+500.0%,False,400.0K,False,$7.38 / SMA $7.43,True,4.53%,False,+14.1%,True,31.1M,True,NMS,False,
ALMMF,Aluminum Corporation of China Limited,1.19,2026-06-16T00:06:01.823959+00:00,True,+91.9%,True,$20414.4M,True,+57.1%,False,5.9K,False,$1.19 / SMA $1.47,False,1.47%,False,+4.8%,False,11293.6M,False,PNK,False,
ALMU,"Aeluma, Inc.",24.93,2026-06-16T00:26:41.654845+00:00,True,+143.5%,True,$456.4M,False,+-190.9%,True,1641.8K,True,$24.93 / SMA $21.54,True,13.59%,False,+-2.6%,True,13.6M,True,NCM,False,
ALNPY,ANA Holdings Inc.,3.79,2026-06-15T23:54:38.693110+00:00,False,+14.8%,True,$8353.5M,,,False,4.1K,True,$3.79 / SMA $3.62,False,2.19%,,,False,2152.4M,False,PNK,False,
ALNT,Allient Inc.,95.09,2026-06-16T00:00:13.400865+00:00,True,+186.9%,True,$1616.2M,True,+52.4%,False,213.2K,True,$95.09 / SMA $73.59,True,6.15%,False,+4.6%,True,14.3M,True,NGM,False,
ALNY,"Alnylam Pharmaceuticals, Inc.",287.8,2026-06-15T23:54:10.936244+00:00,False,+2.3%,True,$38424.9M,True,+443.2%,True,1116.3K,False,$287.80 / SMA $303.24,True,3.32%,True,+96.4%,True,132.9M,True,NMS,False,
ALOV,"Aldabra 4 Liquidity Opportunity Vehicle, Inc.",9.93,2026-06-16T00:15:32.365653+00:00,False,+1.1%,True,$372.6M,,,False,4.3K,True,$9.93 / SMA $9.90,False,0.02%,,,True,30.0M,True,NGM,False,
ALOVU,"Aldabra 4 Liquidity Opportunity Vehicle, Inc.",10.06,2026-06-16T00:26:47.181171+00:00,False,+1.3%,,,,,False,3.2K,True,$10.06 / SMA $10.01,False,0.25%,,,True,30.0M,True,NGM,False,
ALOY,REalloys Inc.,15.4,2026-06-16T00:38:06.422395+00:00,True,+209.5%,True,$942.7M,,N/A,True,1959.5K,True,$15.40 / SMA $10.52,True,13.29%,,N/A,True,22.9M,True,NCM,True,
ALPIB,Alpine Banks of Colorado,46.4,2026-06-16T00:38:01.642687+00:00,True,+76.3%,True,$622.2M,True,+46.5%,False,4.1K,False,$46.40 / SMA $47.61,False,1.42%,False,+24.5%,True,7.8M,False,OQX,False,
ALPKF,"ALPEK, S.A.B. de C.V.",0.68,2026-06-16T00:24:08.913362+00:00,False,+52.4%,True,$1417.5M,True,+59.1%,False,0.3K,True,$0.68 / SMA $0.66,False,0.00%,False,+-76.5%,False,1966.6M,False,PNK,False,
ALRS,Alerus Financial Corporation,29.91,2026-06-16T00:01:44.686900+00:00,False,+47.6%,True,$751.6M,True,+71.2%,False,162.2K,True,$29.91 / SMA $27.05,False,2.24%,False,+10.0%,True,23.1M,True,NCM,False,
ALSMY,Alstom SA,1.84,2026-06-15T23:54:36.687463+00:00,False,+4.5%,True,$8512.1M,,,True,2265.4K,False,$1.84 / SMA $2.08,False,2.33%,,,False,3368.4M,False,PNK,False,
ALSN,"Allison Transmission Holdings, Inc.",119.47,2026-06-16T00:06:26.439066+00:00,False,+57.2%,True,$9908.4M,False,+-40.4%,True,872.6K,False,$119.47 / SMA $121.79,True,3.29%,True,+83.6%,True,82.2M,True,NYQ,False,
ALSSF,"Alsea, S.A.B. de C.V.",2.65,2026-06-15T23:58:15.344421+00:00,False,+6.9%,True,$2112.3M,False,+-91.7%,False,0.7K,False,$2.65 / SMA $3.00,False,0.00%,False,+-8.5%,False,433.8M,False,PNK,False,
ALUB,Alussa Energy Acquisition Corp. II,10.03,2026-06-16T00:26:50.035690+00:00,False,+1.3%,True,$360.5M,,,False,20.2K,True,$10.03 / SMA $10.01,False,0.04%,,,True,28.8M,True,NYQ,False,
ALUB.U,ALUB.U,,2026-06-16T00:15:33.791535+00:00,False,,False,,False,,False,,False,,False,,False,,False,,False,Unknown,False,No price data available
ALVO,Alvotech,4.24,2026-06-16T00:37:48.499007+00:00,False,+44.2%,True,$1323.5M,False,+-100.0%,True,566.2K,True,$4.24 / SMA $3.54,True,6.63%,False,+-20.3%,True,113.6M,True,NGM,False,
ALX,"Alexander's, Inc.",263.05,2026-06-16T00:24:13.206964+00:00,False,+30.7%,True,$1343.5M,False,+-62.1%,False,43.9K,True,$263.05 / SMA $244.96,False,2.46%,False,+-2.7%,True,2.1M,True,NYQ,False,
ALZCF,AlzChem Group AG,209.45,2026-06-16T00:22:23.264052+00:00,False,+41.5%,True,$2120.4M,,,False,0.0K,True,$209.45 / SMA $203.18,False,0.05%,False,+6.9%,True,4.8M,False,PNK,False,
AM,Antero Midstream Corporation,21.33,2026-06-16T00:06:22.180583+00:00,False,+27.2%,True,$10131.3M,False,+0.0%,True,2520.3K,False,$21.33 / SMA $21.50,False,1.93%,False,+8.6%,False,330.9M,True,NYQ,False,
AMADF,"Amadeus IT Group, S.A.",59.47,2026-06-16T00:31:03.511361+00:00,False,+10.2%,True,$25653.4M,False,+5.1%,False,8.4K,False,$59.47 / SMA $59.75,True,3.31%,False,+3.1%,False,422.3M,False,PNK,False,
AMADY,"Amadeus IT Group, S.A.",58.93,2026-06-15T23:54:16.495374+00:00,False,+7.6%,True,$25420.4M,False,+5.1%,False,217.8K,False,$58.93 / SMA $59.85,False,2.08%,False,+3.1%,False,422.3M,False,PNK,False,
AMAL,Amalgamated Financial Corp.,43.68,2026-06-16T00:24:13.623138+00:00,True,+73.8%,True,$1304.6M,False,+3.7%,False,135.4K,True,$43.68 / SMA $41.61,False,2.59%,False,+16.8%,True,20.6M,True,NGM,False,
AMAT,"Applied Materials, Inc.",585.78,2026-06-16T00:30:40.438303+00:00,True,+279.2%,True,$465085.6M,True,+33.5%,True,7228.6K,True,$585.78 / SMA $431.63,True,5.41%,False,+11.4%,False,790.5M,True,NMS,False,
AMBA,"Ambarella, Inc.",70.14,2026-06-15T23:56:33.684256+00:00,False,+45.2%,True,$3076.9M,True,+29.3%,True,1141.9K,True,$70.14 / SMA $69.67,True,7.87%,False,+16.9%,True,41.8M,True,NMS,False,
AMBBY,Ambu A/S,9.7,2026-06-15T23:58:11.432126+00:00,False,+1.3%,True,$2561.6M,False,+-32.4%,False,0.2K,False,$9.70 / SMA $10.23,False,0.02%,False,+4.2%,False,181.3M,False,PNK,False,
AMBP,Ardagh Metal Packaging S.A.,4.24,2026-06-15T23:58:14.975520+00:00,False,+28.9%,True,$2534.3M,True,+50.0%,True,1365.9K,True,$4.24 / SMA $3.93,False,2.96%,False,+18.6%,True,142.6M,True,NYQ,False,
AMBQ,AMBQ,85.49,2026-06-16T00:11:42.667422+00:00,True,+286.5%,True,$1827.4M,False,+-6.4%,True,574.7K,True,$85.49 / SMA $55.61,True,8.95%,True,+59.3%,True,18.4M,True,NYQ,False,
AMBZ,American Business Bank,72.94,2026-06-16T00:26:11.639695+00:00,True,+73.3%,True,$649.2M,True,+36.2%,False,6.6K,True,$72.94 / SMA $72.05,False,0.56%,False,+18.2%,,,False,OQX,False,
AMC,"AMC Entertainment Holdings, Inc.",2.28,2026-06-16T00:00:17.737924+00:00,True,+145.2%,True,$1719.5M,True,+53.2%,True,32071.2K,True,$2.28 / SMA $1.63,True,10.24%,False,+21.2%,False,562.6M,True,NYQ,False,
AMCCF,Amcor plc,37.35,2026-06-16T00:31:10.947485+00:00,False,+0.0%,True,$17268.6M,False,+-11.8%,False,0.0K,False,$37.35 / SMA $39.09,False,0.00%,True,+77.4%,False,460.0M,False,PNK,False,
AMCX,AMC Global Media Inc.,9.67,2026-06-16T00:03:40.369769+00:00,True,+78.7%,True,$424.8M,False,+-226.5%,False,465.8K,True,$9.67 / SMA $8.78,True,4.79%,False,+-2.4%,True,31.5M,True,NMS,False,
AMD,"Advanced Micro Devices, Inc.",547.26,2026-06-16T00:17:30.039387+00:00,True,+364.6%,True,$892362.5M,True,+90.9%,True,37648.9K,True,$547.26 / SMA $393.38,True,6.12%,True,+37.8%,False,1622.0M,True,NMS,False,
AME,"AMETEK, Inc.",230.45,2026-06-16T00:05:52.605956+00:00,False,+32.1%,True,$52819.8M,False,+14.5%,True,1225.9K,True,$230.45 / SMA $229.51,False,1.87%,False,+11.3%,False,227.8M,True,NYQ,False,
AMFPF,Amplifon S.p.A.,12.01,2026-06-16T00:09:59.846219+00:00,False,+27.0%,True,$3185.6M,False,+-73.8%,False,0.1K,True,$12.01 / SMA $11.15,False,0.16%,False,+-12.1%,True,84.3M,False,PNK,False,
AMG,"Affiliated Managers Group, Inc.",352.93,2026-06-16T00:31:32.228719+00:00,True,+96.3%,True,$9321.6M,True,+74.5%,False,351.9K,True,$352.93 / SMA $304.23,True,3.24%,False,+9.7%,True,25.4M,True,NYQ,False,
AMGN,Amgen Inc.,350.53,2026-06-16T00:05:43.622346+00:00,False,+30.9%,True,$189184.0M,False,+4.4%,True,2694.2K,True,$350.53 / SMA $338.88,False,2.42%,False,+5.8%,False,538.2M,True,NMS,False,
AMH,American Homes 4 Rent,32.62,2026-06-16T00:06:20.243794+00:00,False,+19.8%,True,$13398.1M,False,+16.7%,True,3037.3K,True,$32.62 / SMA $31.51,False,1.99%,False,+2.8%,False,308.7M,True,NYQ,False,
AMKAF,A.P. Møller - Mærsk A/S,2750.0,2026-06-16T00:05:57.530575+00:00,False,+54.2%,True,$39861.2M,False,+-94.6%,False,0.0K,True,$2750.00 / SMA $2385.72,False,0.51%,False,+-2.6%,True,8.0M,False,PNK,False,
AMKBF,A.P. Møller - Mærsk A/S,2823.87,2026-06-16T00:05:56.932290+00:00,False,+55.5%,True,$40931.9M,False,+-94.6%,False,0.1K,True,$2823.87 / SMA $2448.32,False,0.06%,False,+-2.6%,True,8.0M,False,PNK,False,
AMKBY,A.P. Møller - Mærsk A/S,13.67,2026-06-15T23:54:12.723083+00:00,False,+52.7%,True,$39629.3M,False,+-94.6%,False,125.0K,True,$13.67 / SMA $12.16,False,2.33%,False,+-2.6%,False,1591.6M,False,PNK,False,
AMMHF,AMMB Holdings Berhad,1.255,2026-06-15T23:56:31.512021+00:00,False,+39.4%,True,$4149.2M,False,+1.2%,False,0.1K,False,$1.25 / SMA $1.28,False,0.00%,False,+2.8%,False,2701.0M,False,PNK,False,
AMN,"AMN Healthcare Services, Inc.",30.88,2026-06-16T00:11:54.853609+00:00,True,+107.7%,True,$1197.7M,True,+5400.0%,True,1016.5K,True,$30.88 / SMA $24.88,True,5.36%,True,+99.9%,True,38.4M,True,NYQ,True,
AMPH,"Amphastar Pharmaceuticals, Inc.",19.71,2026-06-16T00:37:56.981319+00:00,False,+18.4%,True,$869.1M,False,+-72.5%,True,590.3K,False,$19.71 / SMA $20.18,True,3.81%,False,+0.4%,True,32.8M,True,NMS,False,
AMPL,"Amplitude, Inc.",6.84,2026-06-16T00:37:53.923183+00:00,False,+24.1%,True,$907.1M,False,+0.0%,True,2270.1K,False,$6.84 / SMA $6.90,True,6.46%,False,+16.9%,True,96.4M,True,NCM,False,
AMPX,"Amprius Technologies, Inc.",16.82,2026-06-16T00:22:17.830817+00:00,True,+390.4%,True,$2382.2M,True,+50.0%,True,8660.1K,False,$16.82 / SMA $18.75,True,9.81%,True,+152.9%,True,132.0M,True,NYQ,False,
AMRC,"Ameresco, Inc.",28.14,2026-06-16T00:22:28.034510+00:00,True,+99.9%,True,$1490.1M,False,+-250.0%,True,602.5K,False,$28.14 / SMA $29.35,True,7.86%,False,+13.8%,True,32.0M,True,NYQ,False,
AMRN,Amarin Corporation plc,15.35,2026-06-16T00:15:42.623838+00:00,False,+24.8%,True,$321.9M,True,+25.0%,False,66.9K,True,$15.35 / SMA $14.55,True,3.99%,False,+7.4%,True,18.5M,True,NCM,False,
AMSC,American Superconductor Corporation,41.07,2026-06-15T23:58:14.392523+00:00,False,+65.1%,True,$1958.8M,True,+233.3%,True,1296.8K,False,$41.07 / SMA $46.51,True,8.53%,True,+29.6%,True,46.0M,True,NMS,False,
AMSF,"AMERISAFE, Inc.",31.0,2026-06-16T00:26:23.988410+00:00,False,+5.4%,True,$579.8M,False,+-8.5%,False,230.4K,False,$31.00 / SMA $31.06,False,2.52%,False,+10.3%,True,18.3M,True,NMS,False,
AMSSY,ams-OSRAM AG,10.545,2026-06-16T00:35:22.779758+00:00,True,+151.7%,True,$2099.3M,False,+-89.2%,False,3.9K,True,$10.54 / SMA $9.60,True,7.52%,False,+-2.9%,False,197.1M,False,PNK,False,
AMTB,Amerant Bancorp Inc.,23.31,2026-06-16T00:37:54.583470+00:00,False,+49.2%,True,$913.3M,True,+57.1%,False,244.1K,True,$23.31 / SMA $23.03,False,2.77%,False,+-9.8%,True,35.4M,True,NYQ,False,
AMTD,AMTD IDEA Group,1.0,2026-06-16T00:35:53.145581+00:00,False,+14.4%,False,$94.9M,,N/A,False,14.3K,False,$1.00 / SMA $1.02,True,4.37%,,N/A,True,37.6M,True,NYQ,False,
AMTM,"Amentum Holdings, Inc.",22.42,2026-06-15T23:56:21.369070+00:00,False,+6.2%,True,$5477.6M,True,+1000.0%,True,1932.2K,False,$22.42 / SMA $24.74,True,3.81%,False,+-0.4%,False,152.3M,True,NYQ,False,
AMVIF,AMVIF,46.21,2026-06-16T00:08:18.360056+00:00,True,+46209900.0%,,,,,False,0.4K,True,$46.21 / SMA_short $43.01,False,1.00%,,,True,54.0M,False,PNK,False,
AMVMF,AMG Critical Materials N.V.,40.65,2026-06-16T00:11:47.508871+00:00,True,+100.1%,True,$1446.6M,True,+63.6%,False,1.0K,False,$40.65 / SMA $43.97,False,0.16%,False,+23.5%,True,30.3M,False,PNK,False,
AMX,"América Móvil, S.A.B. de C.V.",27.18,2026-06-16T00:05:48.362796+00:00,False,+61.0%,True,$81638.5M,True,+25.8%,True,1467.5K,True,$27.18 / SMA $26.31,False,2.59%,False,+2.1%,False,2550.6M,True,NYQ,False,
AMZN,"Amazon.com, Inc.",246.02,2026-06-16T00:30:39.883673+00:00,False,+25.5%,True,$2646464.3M,True,+74.8%,True,44683.3K,False,$246.02 / SMA $255.50,False,2.65%,False,+16.6%,False,9779.8M,True,NMS,False,
AN,"AutoNation, Inc.",193.39,2026-06-15T23:56:17.577373+00:00,False,+9.5%,True,$6471.1M,True,+31.5%,False,386.7K,False,$193.39 / SMA $196.47,True,3.03%,False,+-2.1%,True,33.0M,True,NYQ,False,
ANAB,"AnaptysBio, Inc.",59.51,2026-06-16T00:11:42.976406+00:00,True,+421.8%,True,$1731.8M,False,+-43.8%,True,764.5K,True,$59.51 / SMA $56.29,True,5.12%,False,+-8.0%,True,19.5M,True,NMS,False,
ANDE,"The Andersons, Inc.",69.87,2026-06-16T00:35:30.832537+00:00,True,+119.4%,True,$2379.4M,True,+9600.0%,False,339.0K,False,$69.87 / SMA $73.16,False,2.89%,False,+-1.2%,True,32.3M,True,NMS,False,
ANDG,ANDG,37.42,2026-06-16T00:20:21.939899+00:00,True,+106.5%,True,$4225.9M,False,+-99.3%,False,318.4K,True,$37.42 / SMA $35.13,True,6.67%,False,+15.7%,True,10.6M,True,NYQ,False,
ANF,Abercrombie & Fitch Co.,91.1,2026-06-16T00:20:28.836499+00:00,False,+39.2%,True,$4047.7M,False,+-7.5%,True,1335.1K,True,$91.10 / SMA $83.87,True,5.05%,False,+1.5%,True,40.0M,True,NYQ,False,
ANFGF,Antofagasta plc,54.01,2026-06-16T00:30:52.658662+00:00,True,+136.8%,True,$53246.1M,,N/A,False,5.4K,True,$54.01 / SMA $52.51,True,3.67%,,N/A,False,339.8M,False,PNK,False,
ANGGF,Angang Steel Company Limited,0.15,2026-06-16T00:22:17.577738+00:00,False,+0.0%,True,$1405.4M,False,+-164.4%,False,0.0K,False,$0.15 / SMA $0.22,False,0.63%,False,+-12.2%,False,3439.0M,False,PNK,False,
ANGO,"AngioDynamics, Inc.",11.98,2026-06-16T00:13:49.071809+00:00,False,+43.3%,True,$495.0M,False,+-72.7%,False,391.8K,True,$11.98 / SMA $11.13,True,3.74%,False,+8.9%,True,34.6M,True,NMS,False,
ANGX,"Angel Studios, Inc.",3.21,2026-06-16T00:02:01.477614+00:00,False,+57.0%,True,$598.4M,,,True,1415.7K,True,$3.21 / SMA $2.75,True,7.72%,True,+270.9%,True,105.6M,True,NYQ,False,
ANIOY,"Acerinox, S.A.",9.79,2026-06-16T00:20:22.431720+00:00,False,+66.8%,True,$4881.8M,False,+-50.0%,False,2.0K,True,$9.79 / SMA $8.36,False,0.67%,False,+-10.8%,False,356.1M,False,PNK,False,
ANIP,"ANI Pharmaceuticals, Inc.",82.29,2026-06-16T00:22:24.681828+00:00,False,+32.4%,True,$1870.8M,True,+85.5%,False,347.9K,True,$82.29 / SMA $80.00,False,3.00%,False,+20.5%,True,19.4M,True,NGM,False,
ANNSF,"Aena S.M.E., S.A.",29.68,2026-06-16T00:30:56.228364+00:00,True,+88.1%,True,$45306.0M,False,+-97.1%,False,3.4K,True,$29.68 / SMA $28.86,False,2.20%,False,+-51.8%,False,702.7M,False,PNK,False,
ANNX,"Annexon, Inc.",4.64,2026-06-16T00:37:54.445253+00:00,True,+150.8%,True,$760.2M,True,+37.8%,True,2572.0K,False,$4.64 / SMA $5.60,True,6.49%,,N/A,True,130.1M,True,NMS,False,
ANPDF,ANTA Sports Products Limited,9.59,2026-06-16T00:17:56.662519+00:00,False,+0.5%,True,$26569.1M,,,False,0.4K,False,$9.59 / SMA $10.19,False,0.33%,,,False,1301.3M,False,PNK,False,
ANPDY,ANTA Sports Products Limited,243.39,2026-06-16T00:31:03.288419+00:00,False,+4.6%,True,$26972.5M,,N/A,False,2.0K,False,$243.39 / SMA $250.75,False,1.31%,,N/A,True,52.1M,False,PNK,False,
ANPMF,Andean Precious Metals Corp.,4.12,2026-06-16T00:24:32.639297+00:00,True,+123.9%,True,$620.5M,True,+220.0%,False,129.0K,False,$4.12 / SMA $4.88,True,7.77%,True,+163.2%,True,58.1M,False,OQX,False,
ANRGF,Anaergia Inc.,1.9,2026-06-16T00:03:42.806320+00:00,True,+109.0%,True,$325.9M,True,+50.0%,False,16.9K,False,$1.90 / SMA $2.17,False,2.22%,True,+122.0%,True,33.6M,False,OQX,False,
ANRO,ANRO,21.17,2026-06-16T00:24:32.328190+00:00,True,+884.7%,True,$742.9M,False,+-42.9%,False,345.9K,False,$21.17 / SMA $22.88,True,7.73%,,,True,23.7M,True,NYQ,False,
ANSC,Agriculture & Natural Solutions Acquisition Corporation,11.42,2026-06-16T00:39:49.765340+00:00,False,+6.7%,True,$474.5M,False,+-22.2%,False,39.0K,True,$11.42 / SMA $11.33,False,0.09%,,N/A,True,32.9M,True,NGM,False,
ANSCU,Agriculture & Natural Solutions Acquisition Corporation,12.51,2026-06-16T00:26:34.464412+00:00,False,+16.2%,,,,,False,0.5K,True,$12.51 / SMA $11.49,True,4.83%,,,True,32.9M,True,NGM,False,
ANYYY,"Aena S.M.E., S.A.",14.83,2026-06-15T23:54:10.472126+00:00,True,+712.6%,True,$44490.0M,False,+-97.1%,False,58.3K,True,$14.83 / SMA $14.14,False,2.21%,False,+-51.8%,False,1405.4M,False,PNK,False,
ANZGF,ANZ Group Holdings Limited,24.62,2026-06-16T00:05:48.823244+00:00,False,+35.1%,True,$74131.6M,,,False,0.1K,False,$24.62 / SMA $25.21,False,0.00%,,,False,3009.8M,False,PNK,False,
ANZLY,Air New Zealand Limited,1.22,2026-06-16T00:13:35.706468+00:00,False,+18.7%,True,$789.0M,,,False,0.1K,True,$1.22 / SMA $1.16,False,0.55%,,,False,318.1M,False,PNK,False,
AOCIF,AutoCanada Inc.,15.4,2026-06-16T00:15:34.292846+00:00,False,+38.5%,True,$354.7M,True,+223.5%,False,5.5K,False,$15.40 / SMA $15.83,False,0.00%,False,+-4.1%,True,12.0M,False,PNK,False,
AOD,Abrdn Total Dynamic Dividend Fund,10.51,2026-06-16T00:00:08.640434+00:00,False,+23.5%,True,$1108.2M,,,False,477.4K,True,$10.51 / SMA $10.14,False,1.65%,,,,,True,NYQ,False,
AOMFF,Alstom SA,18.8,2026-06-15T23:54:36.486177+00:00,False,+1.3%,True,$8697.2M,,,False,1.1K,False,$18.80 / SMA $21.28,False,0.36%,,,False,336.8M,False,PNK,False,
AON,Aon plc,329.51,2026-06-15T23:54:05.250801+00:00,False,+8.2%,True,$70375.7M,True,+27.1%,True,1413.8K,True,$329.51 / SMA $322.01,False,2.32%,False,+6.4%,False,210.9M,True,NYQ,False,
AONNY,"Aeon Co., Ltd.",8.66,2026-06-15T23:54:16.500887+00:00,False,+4.5%,True,$23959.0M,,,False,139.8K,False,$8.66 / SMA $9.77,False,1.95%,,,False,2558.0M,False,PNK,False,
AOS,A. O. Smith Corporation,60.02,2026-06-16T00:06:29.806168+00:00,False,+10.8%,True,$8272.5M,False,+-10.4%,True,1631.6K,False,$60.02 / SMA $60.44,False,2.44%,False,+-1.9%,True,109.8M,True,NYQ,False,
AOZOY,"Aozora Bank, Ltd.",3.95,2026-06-16T00:10:02.089432+00:00,False,+19.7%,True,$2186.4M,,,False,0.1K,False,$3.95 / SMA $4.24,False,0.19%,,,False,542.7M,False,PNK,False,
APA,APA Corporation,34.77,2026-06-16T00:31:16.639690+00:00,True,+96.0%,True,$12290.2M,True,+31.3%,True,7592.5K,False,$34.77 / SMA $38.14,True,3.85%,False,+-11.7%,False,351.4M,True,NMS,False,
APAJF,APA Group,7.38,2026-06-15T23:54:34.638243+00:00,False,+50.3%,True,$9769.3M,,,False,4.4K,True,$7.38 / SMA $7.36,False,0.00%,,,False,1314.6M,False,PNK,False,
APC,ARKO Petroleum Corp.,19.43,2026-06-16T00:37:50.529221+00:00,False,+14.3%,True,$1604.3M,,N/A,False,150.2K,True,$19.43 / SMA $19.30,True,3.84%,,N/A,True,12.6M,True,NCM,False,
APD,"Air Products and Chemicals, Inc.",282.96,2026-06-16T00:05:49.938511+00:00,False,+23.5%,True,$63009.7M,True,+141.1%,True,1162.0K,False,$282.96 / SMA $292.80,False,2.13%,False,+8.8%,False,222.3M,True,NYQ,False,
APEI,"American Public Education, Inc.",51.71,2026-06-16T00:24:24.565911+00:00,True,+90.9%,True,$948.5M,True,+129.3%,False,288.2K,False,$51.71 / SMA $55.24,True,3.85%,False,+6.2%,True,14.2M,True,NMS,False,
APEMY,Aperam S.A.,59.43,2026-06-16T00:08:20.391487+00:00,True,+103.7%,True,$4299.3M,True,+116.7%,False,0.6K,True,$59.43 / SMA $52.65,False,0.00%,False,+-5.0%,True,42.8M,False,PNK,False,
API,"Agora, Inc.",4.24,2026-06-16T00:15:40.313076+00:00,False,+35.0%,True,$358.5M,True,+200.0%,False,423.4K,True,$4.24 / SMA $4.01,True,7.25%,False,+13.5%,True,60.8M,True,NMS,False,
APLD,Applied Digital Corporation,46.47,2026-06-16T00:31:17.761465+00:00,True,+415.2%,True,$13279.7M,False,+-125.0%,True,22463.3K,True,$46.47 / SMA $38.35,True,9.76%,True,+139.3%,False,253.9M,True,NMS,False,
APNHY,Aspen Pharmacare Holdings Limited,8.71,2026-06-16T00:20:27.380186+00:00,False,+66.2%,True,$3867.4M,,,False,0.2K,True,$8.71 / SMA $8.40,False,0.12%,,,False,366.6M,False,PNK,False,
APO,"Apollo Global Management, Inc.",136.11,2026-06-16T00:17:40.062209+00:00,False,+36.7%,True,$78469.8M,False,+-580.9%,True,4217.7K,True,$136.11 / SMA $125.73,False,2.79%,False,+-9.0%,False,450.8M,True,NYQ,False,
APOG,"Apogee Enterprises, Inc.",40.04,2026-06-16T00:01:37.130058+00:00,False,+30.2%,True,$854.9M,True,+609.1%,False,265.2K,True,$40.04 / SMA $36.26,True,3.49%,False,+1.6%,True,20.6M,True,NMS,False,
APP,AppLovin Corporation,520.86,2026-06-15T23:53:59.988533+00:00,False,+62.8%,True,$174977.4M,True,+113.2%,True,4592.8K,True,$520.86 / SMA $486.91,True,6.48%,True,+59.0%,False,242.4M,True,NMS,False,
APPF,"AppFolio, Inc.",158.21,2026-06-16T00:08:09.603227+00:00,False,+10.8%,True,$5594.1M,True,+37.2%,False,364.3K,False,$158.21 / SMA $161.46,True,4.81%,False,+20.4%,True,22.9M,True,NGM,False,
APPTF,Automotive Properties Real Estate Investment Trust,8.7,2026-06-16T00:39:47.631947+00:00,False,+12.4%,True,$479.8M,True,+187.0%,False,0.4K,True,$8.70 / SMA $8.51,False,0.00%,False,+21.7%,True,29.6M,False,PNK,False,
ARAAF,Aclara Resources Inc.,3.151,2026-06-16T00:01:45.755047+00:00,True,+370.9%,True,$777.0M,False,+0.0%,False,114.4K,False,$3.15 / SMA $3.17,True,9.11%,,,True,113.9M,False,OID,False,
ARCAY,Arcadis NV,40.0,2026-06-16T00:09:40.828694+00:00,False,+48.0%,True,$3401.9M,,,False,0.4K,True,$40.00 / SMA $36.68,False,0.40%,,,True,85.7M,False,PNK,False,
ARCC,Ares Capital Corporation,18.62,2026-06-16T00:31:17.250552+00:00,False,+7.0%,True,$13369.6M,False,+-63.9%,True,6018.1K,False,$18.62 / SMA $18.80,False,1.46%,False,+-49.0%,,N/A,True,NMS,False,
ARCI,Archimedes Tech SPAC Partners III Co.,9.9902,2026-06-16T00:40:09.958164+00:00,False,+1.6%,True,$352.3M,,N/A,False,33.1K,True,$9.99 / SMA $9.93,False,0.07%,,N/A,True,3.8M,True,NGM,False,
ARCIU,Archimedes Tech SPAC Partners III Co.,10.26,2026-06-16T00:26:51.126260+00:00,False,+2.7%,,,,,False,12.9K,True,$10.26 / SMA $10.04,False,0.44%,,,True,3.8M,True,NGM,False,
ARDC,"Ares Dynamic Credit Allocation Fund, Inc.",12.58,2026-06-16T00:40:21.567060+00:00,False,+8.4%,True,$301.5M,,N/A,False,126.5K,True,$12.58 / SMA $12.48,False,1.20%,,N/A,,N/A,True,NYQ,False,
ARDX,"Ardelyx, Inc.",5.685,2026-06-15T23:59:58.870810+00:00,False,+62.9%,True,$1404.4M,False,+11.8%,True,3556.7K,False,$5.68 / SMA $6.16,True,4.42%,True,+27.5%,False,219.9M,True,NGM,False,
ARE,"Alexandria Real Estate Equities, Inc.",52.38,2026-06-16T00:31:30.007236+00:00,False,+32.9%,True,$9128.2M,True,+3100.0%,True,2321.5K,True,$52.38 / SMA $47.14,True,3.87%,False,+-12.1%,False,154.7M,True,NYQ,False,
ARES,Ares Management Corporation,135.36,2026-06-16T00:31:02.825147+00:00,False,+41.3%,True,$44648.0M,,N/A,True,3196.7K,True,$135.36 / SMA $120.73,True,3.64%,True,+28.3%,False,216.0M,True,NYQ,False,
ARGGY,Aston Martin Lagonda Global Holdings plc,0.56,2026-06-16T00:26:14.014342+00:00,False,+26.7%,True,$567.1M,True,+27.2%,False,52.3K,False,$0.56 / SMA $0.59,True,6.80%,False,+15.6%,False,348.4M,False,PNK,False,
ARGTF,Artemis Gold Inc.,24.03,2026-06-16T00:08:12.432761+00:00,False,+42.1%,True,$5599.5M,,,False,39.8K,False,$24.03 / SMA $25.60,True,4.50%,,,False,150.9M,False,OQX,False,
ARGX,argenx SE,884.2,2026-06-16T00:30:53.704319+00:00,True,+73.4%,True,$55258.1M,True,+114.0%,False,325.3K,True,$884.20 / SMA $815.68,False,2.81%,True,+64.3%,False,1549.0M,True,NMS,False,
ARHS,"Arhaus, Inc.",7.45,2026-06-16T00:37:53.871051+00:00,False,+33.8%,True,$1054.5M,False,+-33.3%,True,1341.8K,True,$7.45 / SMA $6.82,True,5.21%,False,+0.9%,True,52.0M,True,NMS,False,
ARIS,Aris Mining Corporation,17.3,2026-06-15T23:57:47.214326+00:00,True,+174.2%,True,$3570.7M,True,+4600.0%,True,1697.4K,False,$17.30 / SMA $18.35,True,5.66%,True,+136.5%,False,201.8M,True,NYQ,False,
ARKAF,Arkema S.A.,68.61,2026-06-15T23:56:22.530773+00:00,False,+16.3%,True,$5192.3M,False,+-84.8%,False,0.1K,True,$68.61 / SMA $63.81,False,0.11%,False,+-8.4%,True,57.0M,False,PNK,False,
ARKAY,Arkema S.A.,66.28,2026-06-16T00:08:11.753263+00:00,False,+17.8%,True,$5016.0M,False,+-84.8%,False,2.1K,False,$66.28 / SMA $68.14,False,0.61%,False,+-8.4%,True,57.0M,False,PNK,False,
ARKO,Arko Corp.,8.2,2026-06-16T00:24:28.524661+00:00,True,+121.0%,True,$919.9M,True,+41.7%,True,983.5K,True,$8.20 / SMA $6.91,True,4.44%,False,+-3.1%,True,55.9M,True,NCM,False,
ARLO,"Arlo Technologies, Inc.",13.21,2026-06-16T00:35:54.931851+00:00,False,+19.5%,True,$1434.7M,True,+1400.0%,True,1285.4K,False,$13.21 / SMA $13.65,True,4.16%,True,+26.3%,True,105.4M,True,NYQ,False,
ARLP,"Alliance Resource Partners, L.P.",24.6,2026-06-16T00:33:43.077190+00:00,False,+10.8%,True,$3165.0M,False,+-87.7%,False,370.4K,False,$24.60 / SMA $25.26,False,2.24%,False,+-4.5%,True,90.8M,True,NMS,False,
ARM,Arm Holdings plc,412.55,2026-06-16T00:30:40.538162+00:00,True,+312.5%,True,$440635.9M,True,+45.0%,True,10757.0K,True,$412.55 / SMA $248.27,True,10.24%,False,+20.1%,True,142.6M,True,NMS,False,
ARMK,Aramark,54.2,2026-06-16T00:06:16.796681+00:00,False,+54.5%,True,$14252.1M,True,+65.2%,True,2800.4K,True,$54.20 / SMA $48.51,False,2.04%,False,+14.7%,False,261.3M,True,NYQ,False,
ARMP,"Armata Pharmaceuticals, Inc.",6.91,2026-06-16T00:15:42.243168+00:00,True,+297.1%,False,$253.7M,False,+-1480.0%,False,62.7K,False,$6.91 / SMA $9.58,True,11.03%,,,True,11.3M,True,ASE,False,
ARNNY,ASR Nederland N.V.,38.194,2026-06-16T00:06:13.796760+00:00,False,+21.3%,True,$15625.8M,,,False,10.4K,True,$38.19 / SMA $36.94,False,1.79%,,,False,385.7M,False,PNK,False,
AROC,"Archrock, Inc.",36.29,2026-06-16T00:18:35.834757+00:00,True,+71.4%,True,$6360.2M,False,+2.5%,True,1675.1K,False,$36.29 / SMA $36.37,False,3.00%,False,+7.7%,False,170.5M,True,NYQ,False,
ARQT,"Arcutis Biotherapeutics, Inc.",25.58,2026-06-16T00:10:00.754312+00:00,True,+97.2%,True,$3199.6M,True,+55.0%,True,1593.1K,True,$25.58 / SMA $22.63,True,4.60%,True,+60.1%,True,92.6M,True,NMS,True,
ARTC,Art Technology Acquisition Corp.,9.92,2026-06-16T00:15:35.820687+00:00,False,+1.3%,,,,,False,46.9K,True,$9.92 / SMA $9.87,False,0.07%,,,True,26.1M,True,NGM,False,
ARTNA,Artesian Resources Corporation,32.51,2026-06-16T00:40:14.086326+00:00,False,+6.6%,True,$335.6M,False,+7.5%,False,66.5K,True,$32.51 / SMA $32.02,False,2.07%,False,+7.3%,True,9.3M,True,NMS,False,
ARVN,"Arvinas, Inc.",7.49,2026-06-16T00:01:59.321180+00:00,False,+23.6%,True,$483.3M,False,+-178.9%,True,891.2K,False,$7.49 / SMA $9.53,True,5.23%,False,+-91.7%,True,55.9M,True,NMS,False,
ARW,"Arrow Electronics, Inc.",229.27,2026-06-15T23:54:32.269003+00:00,True,+125.2%,True,$11723.5M,True,+201.3%,True,660.1K,True,$229.27 / SMA $196.76,True,3.56%,True,+39.0%,True,50.8M,True,NYQ,True,
ARWR,"Arrowhead Pharmaceuticals, Inc.",77.15,2026-06-16T00:18:21.325112+00:00,True,+439.5%,True,$10867.1M,False,+-133.8%,True,1836.6K,True,$77.15 / SMA $73.09,True,5.09%,False,+-86.4%,True,122.8M,True,NMS,False,
ARZGF,Assicurazioni Generali S.p.A.,35.01,2026-06-16T00:05:49.461155+00:00,False,+0.0%,True,$52374.2M,,,False,0.0K,False,$35.01 / SMA $43.05,False,0.00%,,,False,1086.2M,False,PNK,False,
ARZGY,Assicurazioni Generali S.p.A.,23.85,2026-06-16T00:30:49.912947+00:00,False,+39.3%,True,$71457.3M,,N/A,False,57.6K,True,$23.85 / SMA $21.67,False,1.42%,,N/A,False,2172.4M,False,PNK,False,
AS,"Amer Sports, Inc.",35.89,2026-06-16T00:06:08.683697+00:00,False,+24.1%,True,$20881.6M,False,+16.6%,True,4301.3K,True,$35.89 / SMA $35.12,True,3.89%,True,+32.1%,False,170.1M,True,NYQ,False,
ASAGF,Australian Agricultural Company Limited,0.91,2026-06-16T00:01:59.606638+00:00,False,+5.8%,True,$548.5M,,,False,1.2K,False,$0.91 / SMA $0.94,False,0.48%,,,True,131.4M,False,PNK,False,
ASAIY,Sendas Distribuidora S.A.,7.92,2026-06-15T23:58:16.133948+00:00,False,+27.7%,True,$2124.1M,,,False,26.3K,False,$7.92 / SMA $9.02,True,3.44%,False,+-7.6%,False,227.8M,False,PNK,False,
ASAN,"Asana, Inc.",7.43,2026-06-16T00:35:50.095189+00:00,False,+38.1%,True,$1712.7M,True,+64.7%,True,6735.5K,True,$7.43 / SMA $6.69,True,7.28%,False,+9.5%,True,90.5M,True,NYQ,False,
ASAZF,ASSA ABLOY AB (publ),33.5,2026-06-16T00:30:56.319935+00:00,False,+13.6%,True,$37211.0M,False,+-16.5%,False,0.3K,False,$33.50 / SMA $36.50,False,0.08%,False,+-9.7%,False,999.8M,False,PNK,False,
ASB,Associated Banc-Corp,29.22,2026-06-15T23:56:27.214800+00:00,False,+30.0%,True,$5520.2M,False,+18.6%,True,2062.7K,True,$29.22 / SMA $27.70,False,1.96%,False,+11.5%,True,139.4M,True,NYQ,False,
ASBFF,Associated British Foods plc,29.04,2026-06-15T23:54:22.536795+00:00,False,+25.3%,True,$20323.0M,,,False,0.1K,True,$29.04 / SMA $24.39,False,0.00%,,,False,257.2M,False,PNK,False,
ASBFY,Associated British Foods plc,26.27,2026-06-16T00:06:12.049627+00:00,False,+12.5%,True,$18384.4M,,,False,125.3K,True,$26.27 / SMA $24.88,False,1.62%,,,False,257.2M,False,PNK,False,
ASBRF,"Asahi Group Holdings, Ltd.",9.75,2026-06-16T00:18:09.874386+00:00,False,+10.4%,True,$14263.0M,,,False,1.8K,True,$9.75 / SMA $9.72,False,0.48%,,,,,False,PNK,False,
ASC,Ardmore Shipping Corporation,16.86,2026-06-16T00:24:31.561212+00:00,True,+78.4%,True,$687.9M,True,+314.3%,True,644.7K,True,$16.86 / SMA $16.85,True,3.91%,False,+18.8%,True,34.5M,True,NYQ,False,
ASCCY,ASICS Corporation,28.1,2026-06-16T00:31:08.793722+00:00,False,+28.7%,True,$19920.4M,,N/A,False,36.0K,False,$28.10 / SMA $28.42,False,1.59%,,N/A,False,698.9M,False,PNK,False,
ASCLF,Ascletis Pharma Inc.,1.35,2026-06-16T00:11:42.034128+00:00,False,+44.8%,True,$1422.6M,,,False,0.7K,False,$1.35 / SMA $1.91,False,0.57%,,,False,218.8M,False,PNK,False,
ASCUF,Arizona Sonoran Copper Company Inc.,6.71,2026-06-16T00:00:04.122319+00:00,True,+356.5%,True,$1402.4M,False,+-1100.0%,False,151.8K,True,$6.71 / SMA $6.09,True,6.84%,,,False,167.0M,False,OQX,False,
ASEKF,Aisin Corporation,15.57,2026-06-15T23:54:31.297172+00:00,False,+54.5%,True,$11281.6M,,,False,0.4K,True,$15.57 / SMA $15.07,True,3.11%,,,False,661.5M,False,PNK,False,
ASEKY,Aisin Corporation,14.25,2026-06-16T00:31:22.885642+00:00,False,+15.9%,True,$10325.2M,,N/A,False,0.9K,False,$14.25 / SMA $14.62,False,0.86%,,N/A,False,661.5M,False,PNK,False,
ASG,"Liberty All-Star Growth Fund, Inc.",5.38,2026-06-16T00:15:39.057186+00:00,False,+18.2%,True,$338.2M,,,False,290.0K,True,$5.38 / SMA $5.19,False,1.64%,,,,,True,NYQ,False,
ASGLF,AGC Inc.,38.35,2026-06-16T00:06:28.959831+00:00,False,+27.8%,True,$8145.3M,,,False,0.0K,True,$38.35 / SMA $36.81,False,0.00%,,,,,False,PNK,False,
ASGOF,Asante Gold Corporation,0.57933,2026-06-16T00:01:47.940452+00:00,False,+7.9%,True,$523.2M,,,False,85.0K,False,$0.58 / SMA $0.80,True,5.72%,True,+150.5%,False,863.4M,False,OQX,False,
ASGTF,Altus Group Limited,32.415,2026-06-16T00:11:53.474267+00:00,False,+16.6%,True,$1160.3M,,,False,29.2K,False,$32.41 / SMA $33.21,False,0.98%,False,+-20.1%,True,24.3M,False,PNK,False,
ASH,Ashland Inc.,65.44,2026-06-15T23:58:13.060928+00:00,False,+41.3%,True,$2996.4M,False,+-47.7%,True,919.8K,True,$65.44 / SMA $56.50,True,3.79%,False,+0.6%,True,41.0M,True,NYQ,False,
ASIX,AdvanSix Inc.,22.33,2026-06-16T00:26:20.573844+00:00,False,+58.4%,True,$602.0M,False,+-167.4%,False,379.1K,False,$22.33 / SMA $22.80,False,2.95%,False,+7.0%,True,24.4M,True,NYQ,False,
ASM,Avino Silver & Gold Mines Ltd.,6.83,2026-06-16T00:11:54.133682+00:00,True,+120.3%,True,$1197.1M,True,+125.0%,True,4869.4K,False,$6.83 / SMA $6.85,True,6.57%,True,+109.3%,False,159.3M,True,ASE,False,
ASMB,"Assembly Biosciences, Inc.",23.34,2026-06-16T00:13:51.375059+00:00,False,+41.5%,True,$462.5M,True,+53.8%,False,140.1K,False,$23.34 / SMA $27.49,True,6.28%,False,+-12.8%,True,8.8M,True,NMS,False,
ASMVF,ASMPT Limited,22.2,2026-06-15T23:54:36.078051+00:00,True,+268.8%,True,$9310.4M,True,+6000.0%,False,0.2K,True,$22.20 / SMA $18.59,False,0.00%,,,False,314.9M,False,PNK,False,
ASMXF,ASM International NV,1168.75,2026-06-16T00:17:50.725886+00:00,True,+148.7%,True,$57135.6M,False,+6.1%,False,0.1K,True,$1168.75 / SMA $989.00,False,0.69%,False,+6.6%,True,46.6M,False,OID,False,
ASND,Ascendis Pharma A/S,223.29,2026-06-15T23:54:25.627797+00:00,False,+38.8%,True,$14642.5M,True,+717.1%,True,628.9K,False,$223.29 / SMA $231.50,True,3.75%,True,+144.3%,True,62.1M,True,NMS,False,
ASOMY,ASOS Plc,3.75,2026-06-16T00:15:29.943596+00:00,False,+50.6%,True,$448.7M,,,False,2.7K,True,$3.75 / SMA $3.19,False,1.02%,,,True,32.5M,False,PNK,False,
ASPHF,Ascentage Pharma Group International,4.53,2026-06-15T23:59:51.678175+00:00,False,+0.0%,True,$1691.3M,,,False,0.0K,False,$4.53 / SMA $7.23,False,0.00%,,,False,222.8M,False,PNK,False,
ASPN,"Aspen Aerogels, Inc.",6.04,2026-06-16T00:02:03.695899+00:00,True,+162.6%,True,$500.6M,True,+92.1%,True,1559.7K,True,$6.04 / SMA $4.74,True,6.60%,False,+-51.9%,True,76.7M,True,NYQ,False,
ASR,"Grupo Aeroportuario del Sureste, S. A. B. de C. V.",301.0,2026-06-16T00:31:28.229171+00:00,False,+9.5%,True,$9039.7M,False,+-20.0%,False,74.8K,False,$301.00 / SMA $306.61,False,2.59%,False,+0.8%,True,7.9M,True,NYQ,False,
ASRMF,"Grupo Aeroportuario del Sureste, S. A. B. de C. V.",28.03,2026-06-16T00:31:26.961100+00:00,False,+5.9%,True,$8409.0M,False,+-20.0%,False,0.3K,False,$28.03 / SMA $31.88,False,0.80%,False,+0.8%,True,78.5M,False,PNK,False,
ASRRF,ASRRF,71.458,2026-06-16T00:18:08.714435+00:00,False,+47.5%,True,$14617.3M,,,False,0.1K,False,$71.46 / SMA $72.23,False,0.00%,,,False,192.9M,False,PNK,False,
ASTE,"Astec Industries, Inc.",52.17,2026-06-16T00:24:16.901519+00:00,False,+43.2%,True,$1199.5M,False,+-90.3%,False,217.4K,False,$52.17 / SMA $54.54,True,3.87%,False,+20.3%,True,22.6M,True,NMS,False,
ASTL,Algoma Steel Group Inc.,4.93,2026-06-16T00:39:47.440409+00:00,False,+63.2%,True,$519.6M,False,+-204.2%,True,1316.7K,True,$4.93 / SMA $4.93,True,6.44%,False,+-42.6%,True,72.0M,True,NGM,False,
ASX,"ASE Technology Holding Co., Ltd.",38.5,2026-06-16T00:30:48.816442+00:00,True,+314.0%,True,$84466.9M,True,+87.8%,True,8491.2K,True,$38.50 / SMA $32.57,True,5.06%,False,+17.2%,False,1629.2M,True,NYQ,False,
ASXFF,ASX Limited,33.67,2026-06-16T00:31:32.364863+00:00,False,+9.0%,True,$6579.4M,,N/A,False,0.1K,False,$33.67 / SMA $37.66,False,0.00%,,N/A,False,193.6M,False,PNK,False,
ASXFY,ASX Limited,34.65,2026-06-16T00:06:28.998693+00:00,False,+7.9%,True,$6771.0M,,,False,41.0K,False,$34.65 / SMA $39.58,False,1.34%,,,False,193.6M,False,PNK,False,
ASYS,"Amtech Systems, Inc.",22.78,2026-06-16T00:03:51.192894+00:00,True,+479.6%,True,$398.3M,True,+103.6%,False,310.8K,True,$22.78 / SMA $18.85,True,10.58%,True,+31.4%,True,10.4M,True,NMS,False,
ATDRF,Autotrader Group plc,6.385,2026-06-16T00:08:11.420145+00:00,False,+10.2%,True,$5105.6M,,,False,5.8K,False,$6.38 / SMA $6.42,False,0.00%,,,False,803.6M,False,PNK,False,
ATDRY,Autotrader Group plc,1.5,2026-06-16T00:33:23.174081+00:00,False,+9.8%,True,$4797.8M,,N/A,True,1181.6K,False,$1.50 / SMA $1.60,False,2.54%,,N/A,False,3214.3M,False,PNK,False,
ATEAY,Atea ASA,8.65,2026-06-16T00:22:23.405338+00:00,False,+29.1%,True,$1927.8M,True,+59.9%,False,0.4K,True,$8.65 / SMA $8.41,False,0.46%,False,+-9.0%,True,140.0M,False,PNK,False,
ATEC,"Alphatec Holdings, Inc.",8.29,2026-06-16T00:37:34.270088+00:00,False,+21.6%,True,$1274.9M,True,+37.1%,True,3174.7K,False,$8.29 / SMA $9.10,True,4.77%,False,+13.6%,True,121.6M,True,NMS,False,
ATEN,"A10 Networks, Inc.",32.7,2026-06-16T00:22:21.203322+00:00,True,+97.9%,True,$2354.3M,True,+30.8%,True,1151.8K,True,$32.70 / SMA $28.15,True,4.46%,False,+13.4%,True,70.6M,True,NYQ,False,
ATEX,Anterix Inc.,83.01,2026-06-16T00:11:52.062739+00:00,True,+372.2%,True,$1570.1M,True,+100.0%,False,365.3K,True,$83.01 / SMA $54.39,True,8.27%,,,True,13.0M,True,NCM,False,
ATEYY,Advantest Corporation,175.0,2026-06-16T00:30:45.009680+00:00,True,+176.3%,True,$126942.6M,,N/A,False,79.9K,True,$175.00 / SMA $171.86,True,4.53%,,N/A,False,725.1M,False,PNK,False,
ATGFF,AltaGas Ltd.,39.93,2026-06-16T00:18:14.710980+00:00,False,+46.2%,True,$12440.6M,,,False,60.4K,True,$39.93 / SMA $37.65,False,0.61%,False,+21.8%,False,309.2M,False,OQX,False,
ATHM,Autohome Inc.,18.76,2026-06-16T00:10:06.252669+00:00,False,+20.5%,True,$2160.6M,False,+-85.9%,True,644.4K,True,$18.76 / SMA $17.98,True,4.67%,False,+-27.9%,True,59.4M,True,NYQ,False,
ATI,ATI Inc.,195.81,2026-06-16T00:06:06.459050+00:00,True,+178.1%,True,$26722.3M,True,+26.9%,True,1860.5K,True,$195.81 / SMA $164.49,True,4.32%,False,+0.6%,True,135.0M,True,NYQ,False,
ATII,Archimedes Tech SPAC Partners II Co.,10.98,2026-06-16T00:15:37.034312+00:00,False,+8.5%,True,$324.9M,False,+0.0%,False,260.5K,True,$10.98 / SMA $10.83,False,1.93%,,,True,21.8M,True,NGM,False,
ATIIU,Archimedes Tech SPAC Partners II Co.,12.71,2026-06-16T00:03:49.186462+00:00,False,+25.1%,,,,,False,1.3K,True,$12.71 / SMA $11.82,True,18.79%,,,True,21.8M,True,NGM,False,
ATLCZ,Atlanticus Holdings Corporation 9.25% Senior Notes due 2029,25.57,2026-06-16T00:37:35.123538+00:00,False,+4.2%,,N/A,,N/A,False,24.0K,True,$25.57 / SMA $25.41,False,0.30%,,N/A,,N/A,True,NGM,False,
ATLFF,Atlas Copco AB (publ),16.98,2026-06-15T23:54:03.277888+00:00,False,+29.9%,True,$82839.0M,False,+-20.0%,False,0.3K,True,$16.98 / SMA $16.15,False,0.16%,False,+-11.8%,False,3947.2M,False,PNK,False,
ATLPF,Atlas Copco AB (publ),19.26,2026-06-16T00:05:47.496188+00:00,False,+30.8%,True,$93962.2M,False,+-20.0%,False,5.7K,True,$19.26 / SMA $18.45,False,0.21%,False,+-11.8%,False,3947.2M,False,PNK,False,
ATNI,"ATN International, Inc.",27.63,2026-06-16T00:39:58.136064+00:00,True,+99.4%,True,$425.0M,True,+58.0%,False,71.6K,True,$27.63 / SMA $27.30,True,4.09%,False,+1.6%,True,9.8M,True,NMS,False,
ATOGF,AUTO1 Group SE,25.695,2026-06-16T00:08:13.162619+00:00,False,+46.0%,True,$5656.9M,False,+-12.8%,False,0.1K,True,$25.70 / SMA $22.93,False,0.00%,True,+25.4%,True,107.2M,False,PNK,False,
ATOM,Atomera Incorporated,9.5,2026-06-16T00:15:34.252761+00:00,True,+402.1%,True,$367.8M,False,+0.0%,True,2099.4K,True,$9.50 / SMA $7.97,True,12.61%,True,+175.0%,True,37.4M,True,NCM,False,
ATR,"AptarGroup, Inc.",118.08,2026-06-16T00:18:32.160793+00:00,False,+14.4%,True,$7535.9M,False,+-4.3%,True,509.6K,False,$118.08 / SMA $120.65,False,2.56%,False,+10.8%,True,63.2M,True,NYQ,False,
ATRC,"AtriCure, Inc.",27.98,2026-06-15T23:59:59.902224+00:00,False,+10.3%,True,$1416.9M,True,+100.0%,True,761.5K,False,$27.98 / SMA $28.06,True,4.44%,False,+14.3%,True,48.6M,True,NGM,False,
ATRO,Astronics Corporation,75.69,2026-06-16T00:09:57.945040+00:00,True,+233.1%,True,$3255.3M,True,+157.7%,True,665.8K,True,$75.69 / SMA $65.83,True,5.72%,False,+12.0%,True,33.6M,True,NMS,False,
ATROB,Astronics Corporation,80.8333,2026-06-15T23:58:09.753416+00:00,True,+253.0%,True,$3476.5M,True,+157.7%,False,0.2K,True,$80.83 / SMA $64.73,False,2.03%,False,+12.0%,True,33.6M,False,PNK,False,
ATUSF,Altius Minerals Corporation,41.88,2026-06-16T00:10:05.310301+00:00,True,+115.4%,True,$2334.5M,False,+-61.5%,False,25.6K,True,$41.88 / SMA $38.70,True,3.77%,True,+75.7%,True,52.4M,False,OQX,False,
ATUUF,Tenaz Energy Corp.,35.918,2026-06-16T00:00:02.257293+00:00,True,+173.3%,True,$1178.5M,False,+-1731.6%,False,22.3K,False,$35.92 / SMA $42.61,False,2.36%,True,+653.4%,True,27.9M,False,PNK,False,
ATVDY,"Atresmedia Corporación de Medios de Comunicación, S.A.",5.4,2026-06-16T00:11:49.791739+00:00,False,+6.9%,True,$1216.0M,,,False,0.2K,False,$5.40 / SMA $5.94,False,0.09%,,,True,96.7M,False,PNK,False,
AU,AngloGold Ashanti plc,92.29,2026-06-16T00:30:54.729148+00:00,True,+112.5%,True,$46664.1M,True,+185.2%,True,2800.2K,False,$92.29 / SMA $95.79,True,4.20%,True,+64.8%,False,504.9M,True,NYQ,False,
AUCTF,Aucnet Inc.,7.64,2026-06-16T00:24:32.704433+00:00,True,+70.6%,True,$693.1M,,,False,0.0K,True,$7.64 / SMA $6.55,False,0.00%,,,True,68.3M,False,PNK,False,
AUKUF,ams-OSRAM AG,24.1,2026-06-15T23:58:11.918966+00:00,True,+219.2%,True,$2398.9M,False,+-89.2%,False,0.8K,True,$24.10 / SMA $19.03,False,1.20%,False,+-2.9%,True,98.6M,False,PNK,False,
AUMTF,Aurelia Metals Limited,0.19693,2026-06-16T00:26:49.525247+00:00,False,+67.2%,True,$333.5M,,,False,8.1K,False,$0.20 / SMA $0.21,True,3.61%,,,False,1150.7M,False,PNK,False,
AUNA,AUNA,4.99,2026-06-16T00:40:17.139227+00:00,False,+22.0%,True,$369.5M,False,+-81.3%,False,355.1K,False,$4.99 / SMA $5.01,True,5.15%,False,+13.0%,True,27.5M,True,NYQ,False,
AUOTY,AUO Corporation,7.42,2026-06-16T00:33:20.070544+00:00,True,+128.3%,True,$5599.9M,,N/A,False,84.1K,True,$7.42 / SMA $6.31,True,5.48%,False,+2.1%,False,609.5M,False,PNK,False,
AUR,"Aurora Innovation, Inc.",6.39,2026-06-16T00:06:15.956159+00:00,True,+77.5%,True,$12532.1M,False,+8.3%,True,26418.1K,True,$6.39 / SMA $6.14,True,6.42%,,,False,1318.9M,True,NMS,False,
AURA,"Aura Biosciences, Inc.",6.45,2026-06-16T00:13:37.139900+00:00,False,+36.4%,True,$666.8M,False,+9.1%,True,514.4K,False,$6.45 / SMA $7.25,True,5.10%,,,True,93.4M,True,NGM,False,
AUSDF,Perenti Limited,1.6,2026-06-16T00:35:55.441773+00:00,True,+76.8%,True,$1498.2M,,N/A,False,0.1K,False,$1.60 / SMA $1.61,False,1.11%,,N/A,False,854.3M,False,PNK,False,
AUTL,Autolus Therapeutics plc,1.5,2026-06-16T00:13:51.101409+00:00,False,+27.7%,True,$399.2M,False,+-3.8%,True,1596.2K,False,$1.50 / SMA $1.58,True,8.34%,True,+191.9%,True,33.9M,True,NMS,False,
AUTLF,Austal Limited,2.96,2026-06-16T00:11:53.072115+00:00,False,+9.2%,True,$1249.3M,,,False,9.4K,False,$2.96 / SMA $3.08,True,4.16%,,,False,226.3M,False,PNK,False,
AUTSF,AUTSF,1.24,2026-06-16T00:33:24.630500+00:00,True,+121.4%,,N/A,,N/A,False,23.7K,False,$1.24 / SMA_short $1.26,False,0.78%,,N/A,,N/A,False,PNK,False,
AVAH,Aveanna Healthcare Holdings Inc.,7.23,2026-06-15T23:59:57.093079+00:00,True,+93.8%,True,$1574.4M,True,+533.3%,True,1515.1K,True,$7.23 / SMA $6.85,True,5.14%,False,+15.9%,True,82.9M,True,NMS,False,
AVAL,Grupo Aval Acciones y Valores S.A.,5.47,2026-06-16T00:08:14.393761+00:00,True,+95.4%,True,$6493.8M,False,+-6.6%,False,236.0K,True,$5.47 / SMA $4.60,True,5.09%,False,+12.6%,False,229.1M,True,NYQ,False,
AVAV,"AeroVironment, Inc.",171.95,2026-06-15T23:54:37.492120+00:00,False,+10.2%,True,$8701.5M,False,+-5150.0%,True,1226.5K,False,$171.95 / SMA $184.09,True,6.27%,True,+143.4%,True,42.7M,True,NMS,False,
AVBC,"Avidia Bancorp, Inc.",19.97,2026-06-16T00:03:43.268255+00:00,False,+42.6%,True,$370.9M,True,+155.4%,False,60.3K,True,$19.97 / SMA $19.88,False,2.86%,True,+27.4%,True,17.9M,True,NYQ,False,
AVBH,"Avidbank Holdings, Inc.",32.01,2026-06-16T00:26:56.659880+00:00,False,+61.3%,True,$350.7M,False,+18.3%,False,86.8K,True,$32.01 / SMA $30.16,False,2.31%,True,+36.3%,True,6.6M,True,NMS,False,
AVEX,AEVEX Corp.,21.69,2026-06-16T00:22:06.365724+00:00,False,+10.0%,True,$1224.8M,,,True,3113.7K,False,$21.69 / SMA_short $27.91,True,12.04%,,,True,26.9M,True,NYQ,False,
AVIFY,Advanced Info Service Public Company Limited,10.03,2026-06-16T00:05:57.992621+00:00,False,+39.7%,True,$33782.5M,,,False,6.7K,False,$10.03 / SMA $11.04,True,4.82%,False,+2.6%,False,1158.7M,False,PNK,False,
AVIR,"Atea Pharmaceuticals, Inc.",4.35,2026-06-16T00:03:47.319659+00:00,False,+56.5%,True,$348.1M,False,+-42.5%,False,348.8K,False,$4.35 / SMA $5.05,True,4.74%,,,True,60.2M,True,NMS,False,
AVK,Advent Convertible and Income Fund,12.82,2026-06-16T00:40:34.755192+00:00,False,+19.0%,True,$566.0M,,N/A,False,159.6K,True,$12.82 / SMA $12.50,False,1.59%,,N/A,,N/A,True,NYQ,False,
AVLN,Avalyn Pharma Inc.,28.75,2026-06-16T00:37:37.944487+00:00,False,+19.0%,True,$1274.6M,,N/A,True,519.3K,True,$28.75 / SMA_short $28.26,True,10.95%,,N/A,True,14.5M,True,NMS,False,
AVO,"Mission Produce, Inc.",11.18,2026-06-16T00:01:54.715018+00:00,False,+11.0%,True,$987.4M,False,+-350.0%,True,1218.2K,False,$11.18 / SMA $12.75,True,4.59%,False,+-23.5%,True,56.7M,True,NMS,False,
AVPT,"AvePoint, Inc.",10.9,2026-06-16T00:22:19.320863+00:00,False,+23.4%,True,$2311.0M,True,+250.0%,True,1830.7K,True,$10.90 / SMA $10.23,True,4.06%,True,+26.0%,True,142.6M,True,NMS,False,
AVR,Anteris Technologies Global Corp.,9.42,2026-06-16T00:24:25.331767+00:00,True,+230.5%,True,$917.0M,True,+73.8%,True,1047.2K,True,$9.42 / SMA $7.26,True,7.07%,,,True,78.6M,True,NGM,True,
AVT,"Avnet, Inc.",91.78,2026-06-16T00:06:31.842269+00:00,True,+107.4%,True,$7528.2M,False,+12.9%,True,1261.9K,True,$91.78 / SMA $80.74,True,3.55%,True,+33.9%,True,81.4M,True,NMS,False,
AVTR,"Avantor, Inc.",9.71,2026-06-16T00:20:13.745617+00:00,False,+33.7%,True,$6629.6M,False,+-33.3%,True,9529.7K,True,$9.71 / SMA $8.41,True,4.81%,False,+0.0%,False,664.3M,True,NYQ,False,
AVTX,"Avalo Therapeutics, Inc.",14.6,2026-06-16T00:13:34.243889+00:00,True,+227.4%,True,$767.5M,False,+21.6%,True,1584.9K,False,$14.60 / SMA $15.48,True,7.36%,,,True,40.3M,True,NCM,False,
AVVIY,AVVIY,16.88,2026-06-16T00:31:04.000174+00:00,False,+8.1%,True,$25252.8M,,N/A,False,98.0K,True,$16.88 / SMA $16.81,False,1.34%,,N/A,False,1478.3M,False,OQX,False,
AVVOF,AVVOF,43.55,2026-06-16T00:22:24.113600+00:00,False,+44.0%,True,$1994.8M,,,False,0.2K,True,$43.55 / SMA $40.61,False,0.80%,True,+113.0%,True,37.6M,False,PNK,False,
AVVSY,AVVSY,10.6,2026-06-16T00:22:23.662402+00:00,False,+49.1%,True,$1942.1M,,,False,14.0K,True,$10.60 / SMA $10.22,True,4.01%,True,+113.0%,False,150.3M,False,PNK,False,
AWF,AllianceBernstein Global High Income Fund,10.16,2026-06-16T00:24:27.305096+00:00,False,+3.1%,True,$876.1M,,,False,415.7K,False,$10.16 / SMA $10.20,False,0.86%,,,,,True,NYQ,False,
AWFDF,AWFDF,26.34,2026-06-16T00:01:56.972265+00:00,False,+20.4%,,,,,False,1.4K,True,$26.34 / SMA_short $25.32,,,,,True,10.1M,False,PNK,False,
AWI,"Armstrong World Industries, Inc.",156.66,2026-06-16T00:08:05.162014+00:00,False,+5.1%,True,$6686.1M,False,+-1.9%,False,445.0K,False,$156.66 / SMA $164.21,False,2.67%,False,+7.1%,True,42.0M,True,NYQ,False,
AWK,"American Water Works Company, Inc.",126.87,2026-06-16T00:31:04.729325+00:00,False,+5.2%,True,$24775.2M,False,+-4.8%,True,1929.5K,False,$126.87 / SMA $127.61,False,2.34%,False,+5.7%,False,194.9M,True,NYQ,False,
AWP,abrdn Global Premier Properties Fund,11.75,2026-06-16T00:26:50.446973+00:00,False,+10.2%,True,$359.9M,,,False,127.0K,True,$11.75 / SMA $11.69,False,1.29%,,,,,True,NYQ,False,
AWR,American States Water Company,77.6,2026-06-16T00:35:20.272352+00:00,False,+11.7%,True,$3041.3M,False,+8.6%,False,335.1K,True,$77.60 / SMA $76.82,False,2.10%,False,+14.3%,True,38.8M,True,NYQ,False,
AXAHF,AXA SA,46.7,2026-06-16T00:17:36.664629+00:00,False,+8.6%,True,$94998.2M,,,False,6.5K,False,$46.70 / SMA $47.30,False,0.30%,,,False,1539.7M,False,OQX,False,
AXGN,"Axogen, Inc.",43.74,2026-06-15T23:58:17.068576+00:00,True,+374.4%,True,$2326.0M,False,+-375.0%,True,1037.2K,True,$43.74 / SMA $39.73,True,4.77%,True,+26.6%,True,52.0M,True,NCM,False,
AXON,"Axon Enterprise, Inc.",443.21,2026-06-16T00:05:58.409043+00:00,False,+30.7%,True,$35723.6M,True,+89.8%,True,1130.4K,True,$443.21 / SMA $410.89,True,6.35%,True,+33.7%,True,76.8M,True,NMS,False,
AXP,American Express Company,335.38,2026-06-15T23:53:59.036070+00:00,False,+16.3%,True,$228838.7M,False,+17.6%,True,3156.8K,True,$335.38 / SMA $316.99,False,2.09%,False,+11.4%,False,529.2M,True,NYQ,False,
AXS,AXIS Capital Holdings Limited,101.31,2026-06-15T23:54:41.678690+00:00,False,+15.0%,True,$7468.9M,True,+45.6%,True,571.1K,True,$101.31 / SMA $99.25,False,2.46%,False,+14.5%,True,68.2M,True,NYQ,False,
AXTI,"AXT, Inc.",110.74,2026-06-15T23:54:36.316485+00:00,True,+6052.2%,True,$7245.0M,True,+85.0%,True,11644.5K,True,$110.74 / SMA $93.82,True,15.71%,True,+39.1%,True,48.9M,True,NMS,True,
AYA,Aya Gold & Silver Inc.,20.65,2026-06-16T00:10:01.494078+00:00,True,+149.7%,True,$2960.2M,True,+560.0%,False,337.2K,True,$20.65 / SMA $18.18,True,7.37%,True,+246.6%,True,142.8M,True,NMS,False,
AYAAF,"Ayala Land, Inc.",0.23,2026-06-16T00:33:38.384200+00:00,False,+0.0%,True,$3286.9M,False,+-20.8%,False,1.9K,False,$0.23 / SMA $0.26,False,0.00%,False,+-15.0%,False,6372.9M,False,PNK,False,
AYAAY,"Ayala Land, Inc.",5.0,2026-06-16T00:08:24.709150+00:00,False,+0.0%,True,$3572.7M,False,+-20.8%,False,0.0K,False,$5.00 / SMA $6.43,False,0.00%,False,+-15.0%,False,318.6M,False,PNK,False,
AYYLF,Ayala Corporation,6.55,2026-06-15T23:56:26.654772+00:00,False,+0.0%,True,$6683.7M,False,+-7.4%,False,0.1K,False,$6.55 / SMA $8.03,False,0.00%,False,+0.9%,False,286.1M,False,PNK,False,
AZBLY,AZBLY,18.41,2026-06-16T00:20:15.207363+00:00,False,+12.0%,,,,,False,0.1K,True,$18.41 / SMA_short $18.41,,,,,False,238.2M,False,PNK,False,
AZIHF,Azimut Holding S.p.A.,42.76,2026-06-15T23:56:19.484112+00:00,False,+37.1%,True,$6064.2M,False,+8.3%,False,0.4K,True,$42.76 / SMA $41.58,False,0.81%,False,+15.2%,True,100.6M,False,PNK,False,
AZLGF,Azelis Group NV,11.622,2026-06-16T00:22:07.090222+00:00,False,+32.9%,True,$2828.6M,,,False,1.1K,True,$11.62 / SMA $11.56,False,0.04%,,,False,198.1M,False,PNK,False,
AZLUY,Azul SA,9.08,2026-06-16T00:11:43.413517+00:00,False,+8.6%,True,$1662.0M,True,+149127834.3%,False,49.0K,False,$9.08 / SMA $462.52,True,8.90%,False,+1.4%,False,365.1M,False,PNK,False,
AZN,AstraZeneca PLC,177.27,2026-06-15T23:53:58.410943+00:00,False,+29.2%,True,$274921.4M,False,+5.3%,True,1962.5K,False,$177.27 / SMA $188.61,False,1.72%,False,+12.5%,False,1541.2M,True,NYQ,False,
AZO,"AutoZone, Inc.",3105.48,2026-06-16T00:05:50.801024+00:00,False,+6.1%,True,$50833.6M,False,+7.7%,False,251.8K,False,$3105.48 / SMA $3365.89,True,3.09%,False,+8.4%,True,16.3M,True,NYQ,False,
AZTA,"Azenta, Inc.",22.95,2026-06-16T00:37:52.726463+00:00,False,+44.1%,True,$1057.8M,False,+-296.6%,True,1182.6K,True,$22.95 / SMA $22.14,True,5.08%,False,+1.0%,True,40.6M,True,NMS,False,
B,B,41.83,2026-06-15T23:54:05.626699+00:00,True,+105.6%,True,$70255.1M,True,+255.6%,True,13424.9K,True,$41.83 / SMA $41.28,True,3.69%,True,+66.7%,False,1669.5M,True,NYQ,False,
BA,The Boeing Company,228.95,2026-06-16T00:30:42.879584+00:00,False,+29.5%,True,$180481.8M,True,+31.2%,True,6804.0K,True,$228.95 / SMA $223.56,False,2.96%,False,+14.0%,False,756.4M,True,NYQ,False,
BABA,Alibaba Group Holding Limited,112.55,2026-06-15T23:53:57.966813+00:00,False,+8.5%,True,$270022.5M,True,+100.0%,True,11464.7K,False,$112.55 / SMA $129.02,False,2.26%,False,+2.9%,False,2209.8M,True,NYQ,False,
BABAF,Alibaba Group Holding Limited,14.655,2026-06-16T00:30:40.498119+00:00,False,+16.3%,True,$281274.4M,True,+100.0%,False,39.7K,False,$14.65 / SMA $16.49,True,10.95%,False,+2.9%,False,17678.5M,False,PNK,False,
BABWF,International Consolidated Airlines Group S.A.,5.4,2026-06-16T00:18:01.019496+00:00,False,+28.6%,True,$24009.2M,True,+78.4%,False,1.8K,True,$5.40 / SMA $5.26,False,0.41%,False,+1.9%,False,3176.7M,False,PNK,False,
BAC,Bank of America Corporation,55.87,2026-06-16T00:30:40.400862+00:00,False,+26.8%,True,$396486.5M,False,+23.3%,True,36533.6K,True,$55.87 / SMA $52.27,False,2.00%,False,+7.2%,False,7069.1M,True,NYQ,False,
BACHY,Bank of China Limited,17.64,2026-06-15T23:53:58.440174+00:00,False,+36.2%,True,$227353.1M,False,+0.0%,False,51.1K,True,$17.64 / SMA $16.50,False,1.35%,False,+8.6%,False,4223.8M,False,PNK,False,
BACRP,Bank of America Corporation PFD SER B 7%,185.77,2026-06-16T00:17:30.131079+00:00,False,+2.6%,,,,,False,0.0K,False,$185.77 / SMA $200.12,False,0.38%,False,+7.2%,,,False,PNK,False,
BAFBF,Balfour Beatty plc,10.14,2026-06-16T00:20:13.126182+00:00,False,+52.0%,True,$4827.5M,,,False,0.3K,False,$10.14 / SMA $10.90,False,0.00%,,,False,473.7M,False,PNK,False,
BAGFF,A.G. BARR p.l.c.,8.12,2026-06-16T00:13:34.205299+00:00,False,+23.0%,True,$901.1M,,,False,0.0K,False,$8.12 / SMA $8.17,False,0.00%,,,True,87.8M,False,PNK,False,
BAH,Booz Allen Hamilton Holding Corporation,74.55,2026-06-16T00:18:23.665902+00:00,False,+8.3%,True,$8941.1M,False,+10.5%,True,1718.6K,False,$74.55 / SMA $77.93,True,3.59%,False,+-6.4%,True,118.2M,True,NYQ,False,
BAIDF,"Baidu, Inc.",14.805,2026-06-16T00:30:54.262199+00:00,False,+60.1%,True,$40299.5M,False,+-59.3%,False,1.1K,False,$14.80 / SMA $15.61,True,3.92%,False,+-1.2%,False,2126.8M,False,PNK,False,
BALL,Ball Corporation,57.35,2026-06-15T23:54:26.236127+00:00,False,+27.9%,True,$15269.2M,False,+22.2%,True,2700.0K,False,$57.35 / SMA $58.31,False,2.32%,False,+16.3%,False,265.2M,True,NYQ,False,
BAM,Brookfield Asset Management Ltd.,48.19,2026-06-16T00:05:48.664087+00:00,False,+14.2%,True,$76949.1M,False,+5.6%,True,3450.3K,True,$48.19 / SMA $47.18,False,2.63%,False,+15.1%,False,324.6M,True,NYQ,False,
BAMGF,Brookfield Corporation,16.8976,2026-06-16T00:30:46.233018+00:00,False,+24.2%,,N/A,,N/A,False,0.0K,True,$16.90 / SMA $16.55,False,0.00%,False,+3.5%,False,1732.6M,False,PNK,False,
BAMXF,Bayerische Motoren Werke Aktiengesellschaft,77.0,2026-06-16T00:30:53.085534+00:00,False,+0.0%,True,$46748.9M,,N/A,False,0.8K,False,$77.00 / SMA $89.68,False,1.04%,False,+-14.9%,False,379.6M,False,PNK,False,
BANC,"Banc of California, Inc.",19.74,2026-06-15T23:58:10.840041+00:00,False,+49.1%,True,$3043.9M,True,+50.0%,True,2946.7K,True,$19.74 / SMA $18.85,False,2.26%,False,+7.1%,True,138.2M,True,NYQ,False,
BANR,Banner Corporation,65.87,2026-06-16T00:22:19.189596+00:00,False,+15.5%,True,$2237.5M,False,+23.1%,False,268.5K,True,$65.87 / SMA $64.61,False,1.88%,False,+6.0%,True,33.2M,True,NMS,False,
BAP,Credicorp Ltd.,362.32,2026-06-15T23:54:16.622565+00:00,False,+69.5%,True,$28785.7M,False,+15.9%,False,468.5K,True,$362.32 / SMA $325.37,True,4.41%,False,+11.1%,True,53.2M,True,NYQ,False,
BASFY,BASF SE,14.36,2026-06-16T00:17:43.938615+00:00,False,+22.2%,True,$50795.6M,,,False,200.1K,False,$14.36 / SMA $15.00,False,1.36%,False,+1.0%,,,False,OQX,False,
BATRA,"Atlanta Braves Holdings, Inc.",55.01,2026-06-16T00:09:48.590277+00:00,False,+32.6%,True,$3528.6M,False,+4.7%,False,60.4K,True,$55.01 / SMA $53.04,False,1.93%,True,+52.5%,True,58.4M,True,NMS,False,
BATRK,"Atlanta Braves Holdings, Inc.",50.82,2026-06-15T23:58:01.561452+00:00,False,+34.6%,True,$3259.8M,False,+4.7%,False,360.7K,True,$50.82 / SMA $48.86,False,2.07%,True,+52.5%,True,58.4M,True,NMS,False,
BAWAY,BAWAY,47.11,2026-06-16T00:06:16.744781+00:00,False,+69.0%,True,$14505.5M,,,False,68.4K,True,$47.11 / SMA $43.36,True,3.69%,,,,,False,PNK,False,
BAX,Baxter International Inc.,20.81,2026-06-16T00:06:23.767193+00:00,False,+32.3%,True,$10747.7M,False,+0.0%,True,7730.5K,True,$20.81 / SMA $18.28,True,3.46%,False,+2.9%,False,514.0M,True,NYQ,False,
BAYRY,Bayer Aktiengesellschaft,10.44,2026-06-16T00:17:46.441607+00:00,False,+45.2%,True,$41026.0M,True,+112.9%,True,1450.6K,False,$10.44 / SMA $11.04,False,1.76%,False,+-2.4%,False,3929.7M,False,OQX,False,
BBCP,"Concrete Pumping Holdings, Inc.",10.85,2026-06-16T00:03:43.197518+00:00,True,+95.3%,True,$546.8M,True,+500.0%,False,253.8K,True,$10.85 / SMA $8.09,True,5.86%,False,+13.7%,True,20.8M,True,NCM,False,
BBCQ,Bleichroeder Acquisition Corp. II,10.51,2026-06-16T00:03:39.994098+00:00,False,+6.1%,True,$402.9M,,,False,358.7K,True,$10.51 / SMA $10.38,False,1.95%,,,True,20.9M,True,NGM,False,
BBD,Banco Bradesco S.A.,3.47,2026-06-16T00:17:51.246897+00:00,False,+27.1%,True,$36680.4M,False,+-6.0%,True,31765.8K,False,$3.47 / SMA $3.70,False,2.53%,False,+9.2%,False,7527.5M,True,NYQ,False,
BBDC,"Barings BDC, Inc.",8.4,2026-06-16T00:16:18.559131+00:00,False,+5.5%,True,$879.5M,False,+-38.7%,True,713.8K,False,$8.40 / SMA $8.45,False,1.75%,False,+-34.5%,,,True,NYQ,False,
BBDO,Banco Bradesco S.A.,3.0,2026-06-16T00:05:57.021693+00:00,False,+26.6%,True,$31712.1M,False,+-6.0%,False,71.4K,False,$3.00 / SMA $3.30,True,3.31%,False,+9.2%,False,7527.5M,True,NYQ,False,
BBIO,"BridgeBio Pharma, Inc.",68.0,2026-06-15T23:54:28.244872+00:00,True,+71.6%,True,$13318.6M,False,+4.5%,True,2468.4K,False,$68.00 / SMA $70.03,True,4.00%,True,+66.8%,False,152.8M,True,NMS,False,
BBRYF,Burberry Group plc,16.0,2026-06-16T00:33:17.599392+00:00,False,+19.9%,True,$5747.3M,,N/A,False,0.0K,True,$16.00 / SMA $15.90,False,0.00%,,N/A,False,352.8M,False,PNK,False,
BBVPF,BBVPF,0.562965,2026-06-16T00:33:18.568834+00:00,False,+0.1%,,N/A,,N/A,False,88.0K,True,$0.56 / SMA_short $0.56,,N/A,,N/A,,N/A,False,PNK,False,
BBVXF,"Banco Bilbao Vizcaya Argentaria, S.A.",23.57,2026-06-16T00:05:44.963140+00:00,False,+66.6%,True,$130988.7M,False,+13.3%,False,27.2K,True,$23.57 / SMA $22.55,True,4.84%,False,+14.2%,False,5821.4M,False,PNK,False,
BBW,"Build-A-Bear Workshop, Inc.",32.51,2026-06-16T00:02:04.588036+00:00,False,+1.4%,True,$407.6M,False,+23.9%,False,405.5K,False,$32.51 / SMA $36.67,True,5.28%,False,+-2.4%,True,10.5M,True,NYQ,False,
BBY,"Best Buy Co., Inc.",77.41,2026-06-16T00:31:17.852111+00:00,False,+40.5%,True,$16315.5M,True,+37.9%,True,4241.5K,True,$77.41 / SMA $64.58,True,3.88%,False,+1.9%,False,197.1M,True,NYQ,False,
BCAL,California BanCorp,19.51,2026-06-16T00:26:18.321531+00:00,False,+38.7%,True,$627.5M,False,+-19.2%,False,194.0K,True,$19.51 / SMA $18.85,False,2.19%,False,+-1.3%,True,22.7M,True,NCM,False,
BCAUF,BCAUF,0.34,2026-06-16T00:22:25.400119+00:00,False,+0.0%,,,,,False,0.6K,False,$0.34 / SMA_short $0.39,False,0.00%,,,,,False,PNK,False,
BCAX,Bicara Therapeutics Inc.,21.56,2026-06-16T00:35:55.323369+00:00,True,+154.2%,True,$1416.6M,False,+-36.8%,True,539.7K,False,$21.56 / SMA $21.72,True,5.35%,,N/A,True,36.7M,True,NGM,False,
BCC,Boise Cascade Company,71.59,2026-06-16T00:22:16.171423+00:00,False,+10.1%,True,$2519.2M,False,+-52.8%,False,412.2K,False,$71.59 / SMA $73.64,True,3.24%,False,+-2.5%,True,34.7M,True,NYQ,False,
BCCLF,"Becle, S.A.B. de C.V.",0.8,2026-06-15T23:58:09.421286+00:00,False,+6.7%,True,$2872.9M,False,+-74.4%,False,19.5K,False,$0.80 / SMA $0.84,False,1.88%,False,+-42.6%,False,478.5M,False,PNK,False,
BCE,BCE Inc.,24.04,2026-06-15T23:54:18.795581+00:00,False,+11.4%,True,$22417.9M,False,+-2.9%,True,3478.2K,False,$24.04 / SMA $24.18,False,1.90%,False,+4.0%,False,931.4M,True,NYQ,False,
BCH,Banco de Chile,40.95,2026-06-16T00:31:09.989414+00:00,False,+51.2%,True,$20683.2M,False,+-18.4%,False,409.5K,True,$40.95 / SMA $37.83,False,2.77%,False,+-3.9%,False,189.1M,True,NYQ,False,
BCHHF,Bucher Industries AG,395.0,2026-06-16T00:08:21.094018+00:00,False,+0.0%,True,$3876.3M,,,False,0.0K,False,$395.00 / SMA $443.02,False,0.00%,,,True,6.0M,False,PNK,False,
BCHMY,Bachem Holding AG,8.795,2026-06-16T00:06:30.569267+00:00,False,+47.3%,True,$6590.6M,,,False,7.3K,False,$8.79 / SMA $9.36,True,5.93%,,,False,747.4M,False,PNK,False,
BCKIY,Babcock International Group PLC,13.82,2026-06-16T00:31:35.025306+00:00,False,+10.2%,True,$6761.4M,,N/A,False,45.4K,False,$13.82 / SMA $15.04,False,2.15%,,N/A,False,462.5M,False,PNK,False,
BCLYF,Barclays PLC,6.18,2026-06-16T00:05:48.177892+00:00,False,+52.6%,True,$83595.2M,False,+8.5%,False,59.9K,True,$6.18 / SMA $5.90,True,6.00%,False,+5.9%,False,12787.8M,False,PNK,False,
BCML,BayCom Corp,31.87,2026-06-16T00:26:54.755705+00:00,False,+23.3%,True,$347.7M,True,+47.1%,False,50.0K,True,$31.87 / SMA $30.07,False,2.22%,False,+11.3%,True,10.1M,True,NMS,False,
BCMXY,"Bank of Communications Co., Ltd.",22.0,2026-06-16T00:30:47.523523+00:00,False,+9.9%,True,$77760.1M,,N/A,False,0.1K,False,$22.00 / SMA $22.21,False,0.82%,False,+9.8%,False,1150.5M,False,PNK,False,
BCO,The Brink's Company,100.55,2026-06-15T23:56:29.673160+00:00,False,+19.2%,True,$4140.8M,False,+-34.7%,False,466.0K,False,$100.55 / SMA $105.65,True,3.34%,False,+10.3%,True,40.7M,True,NYQ,False,
BCRX,"BioCryst Pharmaceuticals, Inc.",9.06,2026-06-16T00:35:36.552992+00:00,False,+51.0%,True,$2302.7M,,N/A,True,5139.9K,True,$9.06 / SMA $8.95,True,4.07%,False,+7.5%,False,220.8M,True,NMS,False,
BCSS,Bain Capital GSS Investment Corp.,10.21,2026-06-16T00:13:43.418228+00:00,False,+2.6%,True,$596.3M,,,False,78.2K,True,$10.21 / SMA $10.17,False,0.11%,,,True,35.0M,True,NYQ,False,
BCSS.U,BCSS.U,,2026-06-16T00:01:59.118195+00:00,False,,False,,False,,False,,False,,False,,False,,False,,False,Unknown,False,No price data available
BCUCY,Brunello Cucinelli S.p.A.,10.02,2026-06-16T00:18:35.873577+00:00,False,+27.4%,True,$6813.6M,,,False,38.6K,True,$10.02 / SMA $9.64,True,6.35%,,,False,339.7M,False,PNK,False,
BCX,Blackrock Resources & Commodities Strategy Trust,11.58,2026-06-16T00:24:25.071060+00:00,False,+25.6%,True,$882.8M,,,False,196.4K,False,$11.58 / SMA $12.10,False,1.94%,,,,,True,NYQ,False,
BDGIF,Badger Infrastructure Solutions Ltd.,66.0,2026-06-16T00:35:37.773414+00:00,True,+96.1%,True,$2221.5M,False,+-90.6%,False,4.7K,True,$66.00 / SMA $55.66,False,0.14%,False,+8.6%,True,29.1M,False,OQX,False,
BDIMF,Black Diamond Group Limited,13.83,2026-06-16T00:13:33.347006+00:00,True,+97.0%,True,$948.8M,False,+-73.3%,False,1.0K,True,$13.83 / SMA $12.67,False,0.12%,False,+-2.1%,True,53.8M,False,OQX,False,
BDN,Brandywine Realty Trust,3.2,2026-06-16T00:13:47.894749+00:00,False,+29.6%,True,$555.9M,False,+-75.0%,True,2209.6K,True,$3.20 / SMA $2.99,False,2.79%,False,+4.5%,False,165.4M,True,NYQ,False,
BDORY,Banco do Brasil S.A.,3.9,2026-06-16T00:31:05.315219+00:00,False,+16.4%,True,$22263.9M,False,+-30.0%,False,456.9K,False,$3.90 / SMA $4.39,True,3.12%,False,+-7.0%,False,2586.5M,False,OID,False,
BDRAF,Bombardier Inc.,221.45,2026-06-15T23:54:20.390696+00:00,True,+202.0%,True,$21846.7M,False,+21.6%,False,0.3K,True,$221.45 / SMA $202.53,False,2.49%,False,+4.8%,True,86.5M,False,PNK,False,
BDRFF,Beiersdorf Aktiengesellschaft,82.62,2026-06-16T00:31:10.740703+00:00,False,+3.6%,True,$18054.4M,,N/A,False,2.2K,False,$82.62 / SMA $84.58,False,0.12%,,N/A,True,89.5M,False,PNK,False,
BDRXF,Bombardier Inc.,18.25,2026-06-16T00:31:07.655484+00:00,False,+25.1%,,N/A,,N/A,False,0.1K,True,$18.25 / SMA $17.41,False,1.42%,False,+4.8%,True,86.5M,False,PNK,False,
BDWBF,Budweiser Brewing Company APAC Limited,0.856,2026-06-16T00:18:12.955776+00:00,False,+0.7%,True,$11324.7M,,,False,5.7K,False,$0.86 / SMA $0.93,False,0.60%,,,False,1655.7M,False,PNK,False,
BDX,"Becton, Dickinson and Company",145.52,2026-06-16T00:30:56.679773+00:00,False,+14.1%,True,$40096.6M,False,+-203.7%,True,2763.4K,False,$145.52 / SMA $148.75,False,2.39%,False,+5.2%,False,274.7M,True,NYQ,False,
BEAGU,Bold Eagle Acquisition Corp.,10.9,2026-06-16T00:01:57.036463+00:00,False,+7.0%,,,,,False,1.7K,True,$10.90 / SMA $10.81,False,2.17%,,,True,21.7M,True,NGM,False,
BEAM,Beam Therapeutics Inc.,31.12,2026-06-16T00:09:57.261398+00:00,True,+99.5%,True,$3201.6M,True,+26.6%,True,2083.7K,True,$31.12 / SMA $29.69,True,6.75%,True,+324.9%,True,88.0M,True,NMS,True,
BEKE,KE Holdings Inc.,16.57,2026-06-15T23:54:21.847649+00:00,False,+15.1%,True,$18440.9M,True,+54.2%,True,4767.8K,False,$16.57 / SMA $16.85,False,2.64%,False,+-19.0%,False,649.1M,True,NYQ,False,
BELFA,Bel Fuse Inc.,267.51,2026-06-15T23:56:34.287277+00:00,True,+239.3%,True,$3403.5M,False,+-33.1%,False,93.9K,True,$267.51 / SMA $240.53,True,5.70%,False,+17.2%,True,12.1M,True,NMS,False,
BELGF,BELGF,,2026-06-16T00:25:33.112948+00:00,False,,False,,False,,False,,False,,False,,False,,False,,False,Unknown,False,Too Many Requests. Rate limited. Try after a while.
BENZF,Benz Mining Corp.,1.33,2026-06-16T00:02:03.908180+00:00,True,+398.1%,True,$444.0M,False,+-200.0%,False,13.3K,False,$1.33 / SMA $1.50,True,5.03%,,,False,233.9M,False,PNK,False,
BEPC,Brookfield Renewable Corporation,36.63,2026-06-16T00:33:18.599990+00:00,False,+17.4%,True,$6680.6M,False,+-43154.2%,True,1538.8K,False,$36.63 / SMA $38.63,True,3.02%,False,+-2.6%,True,102.5M,True,NYQ,False,
BEPTF,Beach Energy Limited,0.72,2026-06-16T00:35:43.338674+00:00,False,+2.9%,True,$1642.6M,,N/A,False,0.7K,False,$0.72 / SMA $0.82,False,0.25%,,N/A,False,1559.8M,False,PNK,False,
BESIY,BE Semiconductor Industries N.V.,365.7,2026-06-15T23:54:17.260670+00:00,True,+197.8%,True,$28968.8M,False,+-12.2%,False,7.9K,True,$365.70 / SMA $295.31,False,2.80%,False,+20.5%,True,70.4M,False,PNK,False,
BESVF,BE Semiconductor Industries N.V.,331.55,2026-06-16T00:06:04.278528+00:00,True,+157.7%,True,$26263.6M,False,+-12.2%,False,0.1K,True,$331.55 / SMA $292.56,False,0.30%,False,+20.5%,True,70.4M,False,PNK,False,
BETA,"BETA Technologies, Inc.",16.66,2026-06-16T00:08:21.970821+00:00,False,+24.1%,True,$3986.0M,False,+-8.8%,True,1763.0K,False,$16.66 / SMA $16.82,True,7.64%,False,+5.6%,True,116.2M,True,NYQ,False,
BETR,Better Home & Finance Holding Company,28.83,2026-06-16T00:26:33.656230+00:00,True,+142.3%,True,$544.0M,False,+-28.9%,True,530.8K,False,$28.83 / SMA $33.27,True,8.79%,True,+64.5%,True,9.6M,True,NGM,False,
BF.A,BF.A,,2026-06-16T00:18:20.771049+00:00,False,,False,,False,,False,,False,,False,,False,,False,,False,Unknown,False,No price data available
BF.B,BF.B,,2026-06-16T00:06:18.900724+00:00,False,,False,,False,,False,,False,,False,,False,,False,,False,Unknown,False,No price data available
BFAM,Bright Horizons Family Solutions Inc.,63.81,2026-06-16T00:33:38.621339+00:00,False,+10.7%,True,$3356.8M,False,+-6.1%,True,1133.0K,False,$63.81 / SMA $73.00,True,4.37%,False,+7.0%,True,48.8M,True,NYQ,False,
BFCC,BankFirst Capital Corporation,62.37,2026-06-16T00:26:55.579389+00:00,False,+63.9%,True,$331.4M,False,+18.2%,False,1.7K,True,$62.37 / SMA $61.02,False,0.72%,False,+18.6%,,,False,OQX,False,
BFFAF,BASF SE,55.8,2026-06-15T23:54:07.564747+00:00,False,+18.4%,True,$49345.3M,,,False,4.3K,False,$55.80 / SMA $59.82,False,0.06%,False,+1.0%,,,False,OQX,False,
BFFBF,BFFBF,2.8,2026-06-16T00:13:47.244478+00:00,True,+106.9%,,,,,False,5.0K,True,$2.80 / SMA_short $2.48,True,5.81%,,,False,179.1M,False,PNK,False,
BFH,"Bread Financial Holdings, Inc.",102.5,2026-06-16T00:33:39.209167+00:00,True,+101.5%,True,$4141.7M,True,+49.3%,True,671.7K,True,$102.50 / SMA $87.34,True,3.35%,False,+4.9%,True,39.8M,True,NYQ,False,
BFS,"Saul Centers, Inc.",36.69,2026-06-16T00:37:55.641333+00:00,False,+25.8%,True,$1267.6M,False,+-10.3%,False,62.4K,True,$36.69 / SMA $34.56,False,2.21%,False,+8.9%,True,13.6M,True,NYQ,False,
BFSAF,Befesa S.A.,40.7,2026-06-16T00:22:29.716451+00:00,False,+60.6%,True,$1628.0M,,,False,0.2K,True,$40.70 / SMA $36.82,False,0.27%,False,+-12.0%,True,35.7M,False,PNK,False,
BG,Bunge Global SA,123.0,2026-06-15T23:54:18.356871+00:00,True,+71.8%,True,$23864.2M,False,+-76.4%,True,1705.9K,False,$123.00 / SMA $124.43,True,3.16%,True,+87.8%,False,159.6M,True,NYQ,False,
BGAOF,Proximus PLC,8.33,2026-06-16T00:22:15.257418+00:00,False,+14.0%,True,$2691.2M,False,+-10.3%,False,0.1K,True,$8.33 / SMA $8.00,False,0.00%,,,True,142.1M,False,PNK,False,
BGAOY,Proximus PLC,1.5,2026-06-16T00:10:01.043545+00:00,False,+4.2%,True,$2423.0M,False,+-10.3%,False,4.6K,False,$1.50 / SMA $1.52,False,0.07%,,,False,710.6M,False,PNK,False,
BGB,Blackstone Strategic Credit 2027 Term Fund,11.29,2026-06-16T00:13:48.460213+00:00,False,+4.1%,True,$504.4M,,,False,141.3K,True,$11.29 / SMA $11.24,False,0.54%,,,,,True,NYQ,False,
BGC,"BGC Group, Inc.",11.8,2026-06-16T00:20:15.642556+00:00,False,+42.7%,True,$5652.9M,True,+54.5%,True,2902.8K,True,$11.80 / SMA $11.10,False,2.81%,True,+44.8%,False,366.6M,True,NMS,False,
BGR,BlackRock Energy and Resources Trust,15.18,2026-06-16T00:39:58.562207+00:00,False,+17.5%,True,$386.4M,,N/A,False,130.4K,False,$15.18 / SMA $16.10,False,2.01%,,N/A,,N/A,True,NYQ,False,
BGS,"B&G Foods, Inc.",3.97,2026-06-16T00:15:36.932632+00:00,False,+8.2%,True,$322.2M,False,+-4200.0%,True,2035.0K,False,$3.97 / SMA $4.76,True,3.90%,False,+-3.9%,True,77.1M,True,NYQ,False,
BGSI,Boyd Group Services Inc.,97.32,2026-06-16T00:35:19.664625+00:00,False,+4.0%,True,$2708.4M,False,+-133.3%,False,64.1K,False,$97.32 / SMA $112.49,True,3.53%,True,+28.1%,True,27.8M,True,NYQ,False,
BH.A,BH.A,,2026-06-16T00:00:19.484800+00:00,False,,False,,False,,False,,False,,False,,False,,False,,False,Unknown,False,No price data available
BHB,Bar Harbor Bankshares,36.39,2026-06-16T00:38:07.729835+00:00,False,+29.7%,True,$609.2M,,N/A,False,115.8K,True,$36.39 / SMA $34.59,False,2.46%,,N/A,True,16.2M,True,ASE,False,
BHC,Bausch Health Companies Inc.,4.99,2026-06-16T00:22:25.023671+00:00,False,+1.2%,True,$1863.6M,False,+-2287.5%,True,1678.1K,False,$4.99 / SMA $5.46,True,3.93%,False,+11.7%,False,260.0M,True,NYQ,False,
BHFAM,"Brighthouse Financial, Inc.",10.82,2026-06-16T00:20:27.806865+00:00,False,+6.0%,,,,,False,31.1K,False,$10.82 / SMA $11.18,False,1.58%,False,+-37.1%,True,56.6M,True,NMS,False,
BHFAN,"Brighthouse Financial, Inc.",12.285,2026-06-15T23:58:10.056179+00:00,False,+6.7%,,,,,False,56.9K,False,$12.29 / SMA $12.52,False,1.78%,False,+-37.1%,True,56.6M,True,NMS,False,
BHFAP,"Brighthouse Financial, Inc.",14.98,2026-06-16T00:08:24.602124+00:00,False,+6.8%,,,,,False,29.2K,False,$14.98 / SMA $15.40,False,1.43%,False,+-37.1%,True,56.6M,True,NMS,False,
BHK,BlackRock Core Bond Trust,8.95,2026-06-16T00:13:41.584798+00:00,False,+3.0%,True,$646.4M,,,False,282.6K,False,$8.95 / SMA $9.03,False,0.89%,,,,,True,NYQ,False,
BHKLY,BOC Hong Kong (Holdings) Limited,123.04,2026-06-16T00:05:49.804314+00:00,False,+42.9%,True,$65043.7M,,,False,4.0K,True,$123.04 / SMA $116.21,False,2.60%,,,False,179.4M,False,PNK,False,
BHP,BHP Group Limited,92.13,2026-06-16T00:17:31.351558+00:00,True,+101.4%,True,$234042.0M,,,True,2863.8K,True,$92.13 / SMA $83.05,False,2.42%,,,False,2462.3M,True,NYQ,False,
BHRB,Burke & Herbert Financial Services Corp.,66.18,2026-06-16T00:37:34.570303+00:00,False,+19.5%,True,$1333.5M,False,+-0.6%,False,151.7K,True,$66.18 / SMA $63.74,False,2.16%,False,+2.1%,True,17.1M,True,NCM,False,
BICEY,Société BIC SA,32.14,2026-06-16T00:35:24.827438+00:00,False,+21.0%,True,$2613.6M,,N/A,False,4.6K,False,$32.14 / SMA $32.34,False,2.42%,,N/A,True,35.1M,False,PNK,False,
BILI,Bilibili Inc.,17.85,2026-06-15T23:54:40.924290+00:00,False,+5.5%,True,$7439.7M,True,+2500.0%,True,2935.4K,False,$17.85 / SMA $20.85,True,3.66%,False,+6.7%,False,273.9M,True,NMS,False,
BIO,"Bio-Rad Laboratories, Inc.",289.28,2026-06-16T00:06:29.940943+00:00,False,+29.8%,True,$7741.6M,False,+-953.7%,False,379.4K,True,$289.28 / SMA $283.01,True,3.36%,False,+1.1%,True,20.9M,True,NYQ,False,
BIO.B,BIO.B,,2026-06-15T23:56:15.288891+00:00,False,,False,,False,,False,,False,,False,,False,,False,,False,Unknown,False,No price data available
BIPC,Brookfield Infrastructure Corporation,40.52,2026-06-16T00:33:22.154625+00:00,False,+18.5%,True,$4983.6M,False,+-127.9%,True,1246.3K,True,$40.52 / SMA $40.29,False,2.67%,False,+-4.8%,True,110.0M,True,NYQ,False,
BIRDF,Bird Construction Inc.,41.9,2026-06-15T23:58:15.732781+00:00,True,+157.2%,True,$2321.4M,False,+23.5%,False,27.7K,True,$41.90 / SMA $38.11,True,5.60%,False,+9.2%,True,47.8M,False,PNK,False,
BIREF,Birchcliff Energy Ltd.,4.65,2026-06-16T00:00:01.426696+00:00,False,+14.3%,True,$1275.6M,False,+4.2%,False,88.7K,False,$4.65 / SMA $4.66,True,3.48%,False,+6.3%,False,268.6M,False,PNK,False,
BIRK,Birkenstock Holding plc,47.93,2026-06-16T00:18:31.538979+00:00,False,+54.0%,True,$8814.6M,False,+-19.6%,True,2524.6K,True,$47.93 / SMA $39.73,True,5.44%,False,+7.7%,True,55.4M,True,NYQ,False,
BIT,BlackRock Multi-Sector Income Trust,12.47,2026-06-16T00:26:27.982656+00:00,False,+2.1%,True,$711.6M,,,False,271.5K,False,$12.47 / SMA $12.54,False,0.89%,,,,,True,NYQ,False,
BIXI,Bitcoin Infrastructure Acquisition Corp Ltd.,9.98,2026-06-16T00:15:43.276368+00:00,False,+1.8%,True,$300.4M,,,False,4.8K,True,$9.98 / SMA $9.96,False,0.03%,,,True,21.0M,True,NGM,False,
BJCHF,Beijing Capital International Airport Company Limited,0.18,2026-06-16T00:11:55.742354+00:00,False,+0.0%,True,$824.3M,,,False,0.7K,False,$0.18 / SMA $0.26,False,0.00%,,,False,1754.7M,False,PNK,False,
BJRI,"BJ's Restaurants, Inc.",51.61,2026-06-16T00:11:58.027798+00:00,True,+81.3%,True,$1084.7M,False,+-29.3%,False,367.5K,True,$51.61 / SMA $41.67,True,4.17%,False,+2.9%,True,18.2M,True,NMS,False,
BKD,Brookdale Senior Living Inc.,13.61,2026-06-15T23:57:58.793262+00:00,True,+106.5%,True,$3250.3M,True,+89.3%,True,3531.3K,True,$13.61 / SMA $13.37,True,3.74%,False,+-6.0%,False,235.5M,True,NYQ,False,
BKEAF,"The Bank of East Asia, Limited",1.41,2026-06-16T00:33:27.045063+00:00,False,+0.0%,True,$3727.8M,,N/A,False,0.4K,False,$1.41 / SMA $1.67,False,0.61%,,N/A,False,920.8M,False,PNK,False,
BKEAY,"The Bank of East Asia, Limited",1.72,2026-06-16T00:08:15.861513+00:00,False,+28.4%,True,$4547.4M,,,False,0.6K,False,$1.72 / SMA $1.81,False,0.50%,,,False,920.8M,False,PNK,False,
BKFKF,P/F Bakkafrost,41.47,2026-06-16T00:22:07.691554+00:00,False,+1.6%,True,$2456.0M,False,+-35.7%,False,0.1K,False,$41.47 / SMA $47.34,False,0.00%,True,+43.8%,True,41.1M,False,PNK,False,
BKGFY,The Berkeley Group Holdings plc,9.142,2026-06-16T00:20:22.812009+00:00,False,+13.0%,True,$4222.3M,,,False,163.3K,True,$9.14 / SMA $8.98,False,1.90%,,,False,468.2M,False,PNK,False,
BKIMF,"Bankinter, S.A.",15.0,2026-06-16T00:06:15.133389+00:00,False,+36.9%,True,$13480.4M,True,+25.5%,False,0.2K,False,$15.00 / SMA $16.47,False,0.00%,False,+3.8%,False,667.0M,False,PNK,False,
BKKLY,Bangkok Bank Public Company Limited,27.1,2026-06-16T00:18:28.978223+00:00,False,+28.7%,True,$10345.9M,False,+-12.9%,False,8.3K,True,$27.10 / SMA $25.93,False,2.79%,False,+-9.9%,False,1674.6M,False,PNK,False,
BKNG,Booking Holdings Inc.,174.64,2026-06-16T00:05:45.205184+00:00,False,+16.3%,True,$135324.8M,True,+240.0%,True,7528.3K,True,$174.64 / SMA $169.33,True,3.44%,False,+16.2%,False,772.5M,True,NMS,False,
BKQNY,Bank of Queensland Limited,8.65,2026-06-16T00:09:56.636391+00:00,False,+5.2%,True,$2843.6M,,,False,0.1K,False,$8.65 / SMA $9.10,False,0.13%,,,False,324.3M,False,PNK,False,
BKRIY,Bank of Ireland Group plc,20.15,2026-06-16T00:31:09.504250+00:00,False,+54.9%,True,$19144.9M,,N/A,False,39.0K,True,$20.15 / SMA $19.40,False,2.15%,,N/A,False,952.1M,False,PNK,False,
BKRKY,PT Bank Rakyat Indonesia (Persero) Tbk,7.97,2026-06-16T00:06:02.079520+00:00,False,+13.2%,True,$24001.6M,,,False,191.1K,False,$7.97 / SMA $8.76,False,2.33%,False,+15.2%,False,1397.9M,False,PNK,False,
BKRRF,Blackrock Silver Corp.,0.749,2026-06-16T00:03:53.004274+00:00,True,+177.4%,False,$275.1M,True,+50.0%,True,684.7K,False,$0.75 / SMA $0.90,True,8.20%,,,False,297.5M,False,OQX,False,
BKSY,BlackSky Technology Inc.,31.19,2026-06-15T23:59:54.101104+00:00,True,+180.5%,True,$1157.4M,False,+-95.2%,True,2266.0K,False,$31.19 / SMA $38.17,True,11.49%,False,+-29.7%,True,31.6M,True,NYQ,False,
BKTI,BK Technologies Corporation,80.74,2026-06-16T00:15:41.622016+00:00,True,+123.2%,True,$302.3M,True,+25.5%,False,57.1K,False,$80.74 / SMA $87.91,True,4.06%,False,+11.8%,True,2.9M,True,ASE,False,
BKU,"BankUnited, Inc.",48.15,2026-06-15T23:57:52.580896+00:00,False,+44.5%,True,$3499.6M,False,+6.4%,True,767.5K,True,$48.15 / SMA $46.75,False,2.05%,False,+7.2%,True,72.0M,True,NYQ,False,
BKV,BKV Corporation,24.15,2026-06-16T00:22:05.990714+00:00,False,+23.5%,True,$2641.7M,True,+145.2%,True,913.5K,False,$24.15 / SMA $27.93,True,3.76%,True,+38.2%,True,31.3M,True,NYQ,False,
BKWAF,BKWAF,203.65,2026-06-15T23:54:32.816675+00:00,False,+13.1%,True,$10746.7M,,,False,0.0K,True,$203.65 / SMA $198.37,False,0.00%,,,True,19.7M,False,PNK,False,
BKZHY,Erste Bank Polska S.A.,30.72,2026-06-16T00:06:12.184887+00:00,False,+18.8%,True,$15696.3M,False,+-40.7%,False,0.1K,True,$30.72 / SMA $28.68,False,1.12%,False,+1.1%,,,False,PNK,False,
BL,"BlackLine, Inc.",28.49,2026-06-16T00:22:27.924435+00:00,False,+15.3%,True,$1671.2M,True,+30.0%,True,1306.6K,False,$28.49 / SMA $30.16,True,6.60%,False,+9.7%,True,44.9M,True,NMS,False,
BLD,TopBuild Corp.,412.04,2026-06-16T00:18:17.822049+00:00,False,+40.6%,True,$11596.7M,False,+-11.8%,True,762.0K,False,$412.04 / SMA $415.63,False,2.55%,False,+17.2%,True,27.8M,True,NYQ,False,
BLDP,Ballard Power Systems Inc.,4.16,2026-06-16T00:22:28.372389+00:00,True,+199.3%,True,$1254.1M,True,+42.9%,True,7753.4K,False,$4.16 / SMA $4.16,True,11.51%,True,+26.2%,False,270.1M,True,NGM,False,
BLDR,"Builders FirstSource, Inc.",77.81,2026-06-16T00:18:30.777766+00:00,False,+19.5%,True,$8369.2M,False,+-151.2%,True,2538.5K,False,$77.81 / SMA $79.17,True,4.91%,False,+-10.1%,True,104.4M,True,NYQ,False,
BLFBY,BLFBY,22.63,2026-06-16T00:20:17.192044+00:00,True,+79.7%,True,$5386.9M,,,False,1.7K,False,$22.63 / SMA $22.79,True,3.07%,,,False,236.9M,False,PNK,False,
BLFS,"BioLife Solutions, Inc.",26.69,2026-06-16T00:37:41.285796+00:00,False,+49.4%,True,$1304.0M,True,+300.0%,True,512.4K,True,$26.69 / SMA $22.89,True,5.52%,False,+24.7%,True,42.6M,True,NCM,False,
BLGFF,Baillie Gifford US Growth Trust PLC,4.55,2026-06-16T00:11:50.344200+00:00,False,+24.7%,,,,,False,7.2K,True,$4.55 / SMA_short $4.55,False,2.50%,,,,,False,PNK,False,
BLHWF,BELIMO Holding AG,1100.0,2026-06-15T23:54:30.349661+00:00,True,+83.3%,True,$13530.0M,,,False,0.0K,True,$1100.00 / SMA $923.12,False,0.04%,,,True,12.1M,False,PNK,False,
BLK,"BlackRock, Inc.",1042.87,2026-06-16T00:05:44.130669+00:00,False,+13.7%,True,$169829.8M,True,+45.9%,True,720.5K,True,$1042.87 / SMA $1037.75,False,2.20%,True,+27.0%,True,144.1M,True,NYQ,False,
BLKB,"Blackbaud, Inc.",27.61,2026-06-16T00:35:56.692409+00:00,False,+3.8%,True,$1268.2M,True,+570.0%,True,649.1K,False,$27.61 / SMA $33.72,True,5.41%,False,+4.2%,True,34.4M,True,NMS,False,
BLMOY,BLMOY,11.35,2026-06-16T00:18:19.283946+00:00,False,+47.7%,True,$13960.5M,,,False,0.5K,True,$11.35 / SMA $9.83,False,0.52%,,,False,1206.5M,False,PNK,False,
BLND,"Blend Labs, Inc.",1.68,2026-06-16T00:40:09.136464+00:00,False,+43.0%,True,$406.8M,False,+0.0%,True,4047.0K,True,$1.68 / SMA $1.56,True,7.69%,False,+14.9%,False,172.3M,True,NYQ,False,
BLRDF,Billerud AB (publ),7.41,2026-06-15T23:59:52.177858+00:00,False,+15.6%,True,$1842.9M,False,+-127.2%,False,0.1K,True,$7.41 / SMA $6.06,False,0.74%,False,+-14.3%,False,218.4M,False,PNK,False,
BLSFY,BlueScope Steel Limited,121.37,2026-06-16T00:18:23.751482+00:00,True,+85.6%,True,$10633.9M,,,False,0.1K,True,$121.37 / SMA $107.36,False,0.00%,,,True,87.2M,False,PNK,False,
BLSH,Bullish,28.6,2026-06-16T00:08:12.600898+00:00,False,+15.4%,True,$4337.1M,False,+-63.6%,True,1365.9K,False,$28.60 / SMA $36.89,True,6.10%,False,+-35.4%,True,48.3M,True,NYQ,False,
BLUW,Blue Water Acquisition Corp. III,10.31,2026-06-16T00:15:37.637693+00:00,False,+3.8%,True,$333.1M,True,+2310.0%,False,29.7K,True,$10.31 / SMA $10.27,False,0.21%,,,True,20.9M,True,NGM,False,
BLW,BlackRock Limited Duration Income Trust,12.26,2026-06-16T00:13:49.832328+00:00,False,+1.7%,True,$479.2M,,,False,152.9K,False,$12.26 / SMA $12.52,False,1.18%,,,,,True,NYQ,False,
BLX,"Banco Latinoamericano de Comercio Exterior, S. A.",58.67,2026-06-15T23:58:19.449494+00:00,False,+52.7%,True,$2184.3M,False,+-6.4%,False,155.8K,True,$58.67 / SMA $54.88,False,2.89%,False,+6.1%,True,29.2M,True,NYQ,False,
BLZE,"Backblaze, Inc.",8.11,2026-06-16T00:13:50.458597+00:00,True,+148.7%,True,$486.7M,True,+41.2%,True,1665.7K,True,$8.11 / SMA $6.13,True,7.43%,False,+11.7%,True,57.2M,True,NGM,False,
BLZR,Trailblazer Acquisition Corp.,10.11,2026-06-16T00:26:52.554797+00:00,False,+1.1%,True,$347.5M,,,False,70.5K,True,$10.11 / SMA $10.09,False,0.07%,,,True,25.3M,True,NGM,False,
BLZRU,Trailblazer Acquisition Corp.,10.21,2026-06-16T00:15:35.799601+00:00,False,+2.1%,,,,,False,3.5K,False,$10.21 / SMA $10.22,False,0.10%,,,True,25.3M,True,NGM,False,
BMBL,Bumble Inc.,2.94,2026-06-16T00:40:00.685338+00:00,False,+12.6%,True,$445.9M,True,+161.5%,True,3444.1K,False,$2.94 / SMA $3.51,True,5.25%,False,+-14.1%,True,99.0M,True,NMS,False,
BMBOY,"Grupo Bimbo, S.A.B. de C.V.",13.6,2026-06-16T00:18:10.792753+00:00,False,+28.3%,True,$14633.3M,False,+-24.7%,False,2.2K,True,$13.60 / SMA $13.24,False,0.88%,False,+-9.1%,False,343.2M,False,OQX,False,
BMDPF,Banca Monte dei Paschi di Siena S.p.A.,11.89,2026-06-15T23:54:14.496582+00:00,False,+51.1%,True,$36126.8M,False,+-47.9%,False,6.3K,True,$11.89 / SMA $10.39,False,1.05%,True,+93.8%,False,2196.4M,False,PNK,False,
BME,BlackRock Health Sciences Trust,40.42,2026-06-16T00:39:46.357982+00:00,False,+15.4%,True,$522.4M,,N/A,False,50.1K,True,$40.42 / SMA $39.32,False,1.49%,,N/A,,N/A,True,NYQ,False,
BMI,"Badger Meter, Inc.",134.4,2026-06-16T00:08:23.944205+00:00,False,+19.9%,True,$3922.5M,False,+-28.5%,True,579.8K,True,$134.40 / SMA $128.34,True,3.80%,False,+-9.0%,True,29.0M,True,NYQ,False,
BMM,Blue Moon Metals Inc.,7.15,2026-06-16T00:02:02.382654+00:00,True,+106.1%,True,$749.6M,False,+-583.3%,False,111.4K,False,$7.15 / SMA $7.29,True,7.17%,,,True,82.0M,True,NCM,False,
BMPSY,BMPSY,12.51,2026-06-15T23:54:14.053423+00:00,False,+29.5%,True,$38010.6M,False,+-47.9%,False,85.2K,True,$12.51 / SMA_short $10.76,True,3.78%,True,+93.8%,False,2196.4M,False,PNK,False,
BMRC,Bank of Marin Bancorp,25.81,2026-06-16T00:26:40.812842+00:00,False,+21.7%,True,$417.9M,True,+76.7%,False,103.9K,False,$25.81 / SMA $25.88,False,2.69%,True,+26.4%,True,15.2M,True,NMS,False,
BMRN,BioMarin Pharmaceutical Inc.,55.65,2026-06-16T00:18:21.571347+00:00,False,+13.0%,True,$10756.3M,False,+-43.2%,True,2059.1K,True,$55.65 / SMA $54.35,True,3.25%,False,+2.8%,False,192.1M,True,NMS,False,
BMRPF,B&M European Value Retail plc,2.642,2026-06-15T23:58:17.430186+00:00,False,+30.1%,True,$2655.3M,,,False,0.9K,True,$2.64 / SMA $2.24,False,0.00%,,,False,1004.3M,False,PNK,False,
BMRRY,B&M European Value Retail plc,10.98,2026-06-15T23:58:16.036881+00:00,False,+35.4%,True,$2777.8M,,,False,3.0K,True,$10.98 / SMA $9.49,False,1.08%,,,False,251.1M,False,PNK,False,
BMWKY,BMWKY,25.85,2026-06-15T23:54:08.190913+00:00,False,+1.9%,True,$47129.9M,,,False,108.1K,False,$25.85 / SMA $29.07,False,1.71%,False,+-14.9%,False,1139.9M,False,PNK,False,
BMXMF,bioMérieux S.A.,77.32,2026-06-16T00:06:22.544793+00:00,False,+0.0%,True,$9120.2M,,,False,0.2K,False,$77.32 / SMA $89.26,False,0.29%,,,True,40.3M,False,PNK,False,
BMXXY,bioMérieux S.A.,8.0,2026-06-16T00:06:23.845662+00:00,False,+1.2%,True,$9436.3M,,,False,3.4K,False,$8.00 / SMA $9.19,False,2.67%,,,False,402.9M,False,PNK,False,
BNCDY,Banca Mediolanum S.p.A.,48.84,2026-06-16T00:18:06.902511+00:00,False,+48.4%,True,$18054.1M,False,+14.6%,False,3.6K,True,$48.84 / SMA $44.45,False,2.68%,,,True,122.4M,False,PNK,False,
BNCZF,Banco BPM S.p.A.,16.6,2026-06-16T00:17:59.838887+00:00,True,+84.4%,True,$24984.1M,True,+113.1%,False,0.6K,True,$16.60 / SMA $15.30,False,0.00%,,,False,1200.3M,False,PNK,False,
BNDSY,"Banco de Sabadell, S.A.",6.365,2026-06-16T00:18:03.294181+00:00,False,+6.1%,True,$15543.7M,False,+-22.8%,False,9.5K,False,$6.37 / SMA $6.76,True,8.73%,False,+-4.9%,False,2454.2M,False,PNK,False,
BNGRF,Savencia SA,82.35,2026-06-16T00:37:47.349119+00:00,False,+57.5%,True,$1062.8M,,N/A,False,0.0K,True,$82.35 / SMA $73.38,False,0.00%,,N/A,True,2.7M,False,PNK,False,
BNL,"Broadstone Net Lease, Inc.",20.79,2026-06-16T00:08:21.990824+00:00,False,+32.8%,True,$4159.3M,True,+166.7%,True,2542.2K,True,$20.79 / SMA $20.09,False,1.70%,False,+11.7%,False,189.6M,True,NYQ,False,
BNMDF,Banca Mediolanum S.p.A.,21.65,2026-06-16T00:31:13.217029+00:00,True,+107.2%,True,$16006.2M,False,+14.6%,False,0.0K,False,$21.65 / SMA $21.72,False,0.00%,,N/A,False,244.9M,False,PNK,False,
BNNLF,Bannerman Energy Ltd,2.46,2026-06-16T00:39:43.373153+00:00,True,+74.5%,True,$511.0M,,N/A,False,34.0K,False,$2.46 / SMA $2.81,True,5.27%,,N/A,False,179.1M,False,OQX,False,
BNPQF,BNP Paribas SA,112.93,2026-06-16T00:30:45.570562+00:00,False,+54.7%,True,$124234.2M,,N/A,False,5.8K,True,$112.93 / SMA $105.41,True,5.10%,False,+-52.4%,False,972.0M,False,OQX,False,
BNPQY,BNP Paribas SA,56.0,2026-06-16T00:30:45.665533+00:00,False,+49.3%,True,$123211.1M,,N/A,False,391.5K,True,$56.00 / SMA $52.18,False,1.84%,False,+-52.4%,False,1944.0M,False,OQX,False,
BNS,The Bank of Nova Scotia,84.62,2026-06-16T00:30:46.591137+00:00,False,+57.5%,True,$103750.6M,True,+35.1%,True,2500.8K,True,$84.62 / SMA $77.56,False,1.57%,False,+7.7%,False,1211.0M,True,NYQ,False,
BNT,Brookfield Wealth Solutions Ltd.,45.61,2026-06-16T00:31:14.282132+00:00,False,+18.4%,True,$12514.2M,False,+-37.2%,False,29.2K,True,$45.61 / SMA $45.18,False,2.40%,False,+-37.3%,True,20.5M,True,NYQ,False,
BNTC,Benitec Biopharma Inc.,11.33,2026-06-16T00:03:42.883932+00:00,False,+15.0%,True,$389.2M,True,+36.8%,False,109.9K,False,$11.33 / SMA $11.76,True,5.85%,,,True,17.9M,True,NCM,False,
BNTX,BioNTech SE,90.8,2026-06-15T23:54:18.517659+00:00,False,+14.2%,True,$22961.9M,False,+-21.4%,True,986.5K,False,$90.80 / SMA $94.84,False,2.83%,False,+-35.4%,True,110.1M,True,NMS,False,
BOBS,"Bob's Discount Furniture, Inc.",13.9,2026-06-16T00:11:46.513366+00:00,False,+42.7%,True,$1815.7M,,,True,1219.5K,True,$13.90 / SMA $12.04,True,6.82%,,,True,28.3M,True,NYQ,False,
BOC,Boston Omaha Corporation,13.7,2026-06-16T00:40:06.958330+00:00,False,+30.2%,True,$416.5M,False,+-250.0%,False,201.1K,True,$13.70 / SMA $12.46,True,4.05%,False,+1.9%,True,21.3M,True,NYQ,False,
BOEUF,Bonesupport Holding AB (publ),24.99,2026-06-16T00:10:07.561209+00:00,False,+34.6%,True,$1645.8M,False,+-1.2%,False,0.1K,False,$24.99 / SMA $25.38,False,0.01%,True,+26.1%,True,52.9M,False,PNK,False,
BOH,Bank of Hawaii Corporation,78.85,2026-06-16T00:09:51.605695+00:00,False,+32.8%,True,$3124.1M,True,+34.0%,False,372.9K,True,$78.85 / SMA $77.46,False,2.30%,False,+14.4%,True,39.0M,True,NYQ,False,
BOIRF,Boiron SA,30.0,2026-06-16T00:26:25.259069+00:00,False,+25.0%,True,$520.9M,,,False,0.0K,False,$30.00 / SMA $30.68,False,0.00%,,,True,3.5M,False,PNK,False,
BOIVF,Bolloré SE,6.14,2026-06-15T23:54:23.280686+00:00,False,+23.8%,True,$17223.1M,,,False,66.8K,True,$6.14 / SMA $6.11,True,3.58%,,,False,631.1M,False,PNK,False,
BOKF,BOK Financial Corporation,132.05,2026-06-16T00:31:32.177413+00:00,False,+44.6%,True,$8023.4M,True,+38.7%,False,312.6K,True,$132.05 / SMA $131.31,False,1.94%,False,+9.5%,True,18.6M,True,NMS,False,
BOLSY,"B3 S.A. - Brasil, Bolsa, Balcão",8.95,2026-06-16T00:31:13.186476+00:00,False,+35.2%,True,$14939.3M,True,+38.9%,False,289.6K,False,$8.95 / SMA $10.48,True,3.71%,False,+20.3%,,N/A,False,PNK,False,
BOMXF,"Bolsa Mexicana de Valores, S.A.B. de C.V.",2.1,2026-06-16T00:24:15.156100+00:00,False,+15.4%,True,$1163.9M,,,False,5.5K,False,$2.10 / SMA $2.16,False,0.63%,,,False,442.9M,False,PNK,False,
BOOT,"Boot Barn Holdings, Inc.",165.88,2026-06-16T00:33:25.184020+00:00,False,+24.6%,True,$5034.0M,False,+18.9%,True,746.7K,True,$165.88 / SMA $161.26,True,5.58%,False,+18.7%,True,30.2M,True,NYQ,False,
BOSSY,Hugo Boss AG,9.16,2026-06-16T00:09:58.529511+00:00,False,+14.5%,True,$3342.0M,False,+-52.9%,False,0.7K,True,$9.16 / SMA $8.58,False,1.31%,False,+-9.4%,False,212.8M,False,PNK,False,
BOT,"Robostrategy, Inc.",38.07,2026-06-16T00:26:32.902349+00:00,True,+98.3%,,,,,True,908.9K,True,$38.07 / SMA_short $30.61,True,24.01%,,,,,True,NGM,False,
BOUYY,Bouygues SA,11.59,2026-06-16T00:18:01.190700+00:00,False,+41.5%,True,$22383.6M,,,False,59.6K,False,$11.59 / SMA $11.66,False,1.59%,False,+-20.0%,False,1081.7M,False,PNK,False,
BOWFF,Boardwalk Real Estate Investment Trust,46.57,2026-06-16T00:10:01.939027+00:00,False,+7.5%,True,$2420.1M,False,+-107.3%,False,4.1K,False,$46.57 / SMA $47.40,False,0.13%,False,+5.2%,True,38.9M,False,PNK,False,
BOX,"Box, Inc.",25.51,2026-06-16T00:33:38.051439+00:00,False,+19.5%,True,$3534.0M,True,+300.0%,True,2365.8K,True,$25.51 / SMA $24.90,True,3.78%,False,+10.7%,True,142.8M,True,NYQ,False,
BP,BP p.l.c.,41.59,2026-06-16T00:30:45.640312+00:00,False,+40.6%,True,$107096.9M,True,+474.5%,True,12738.0K,False,$41.59 / SMA $44.51,False,2.14%,False,+11.4%,False,9986.7M,True,NYQ,False,
BPAQF,BP p.l.c.,7.03,2026-06-16T00:05:45.467861+00:00,False,+44.9%,True,$108616.2M,True,+474.5%,False,22.8K,False,$7.03 / SMA $7.49,False,0.83%,False,+11.4%,False,14980.1M,False,PNK,False,
BPERF,BPERF,14.25,2026-06-16T00:06:00.221445+00:00,False,+18.0%,True,$29694.6M,False,+-14.4%,False,1.3K,True,$14.25 / SMA $13.67,False,0.17%,,,False,1561.1M,False,PNK,False,
BPHLY,Bank of the Philippine Islands,28.8,2026-06-15T23:54:40.207036+00:00,False,+6.7%,True,$7626.8M,False,+1.3%,False,3.5K,False,$28.80 / SMA $30.83,True,8.63%,False,+13.9%,True,94.0M,False,PNK,False,
BPMUF,Basilea Pharmaceutica AG,71.0,2026-06-16T00:13:36.035185+00:00,False,+23.1%,True,$878.7M,,,False,0.0K,True,$71.00 / SMA $67.62,False,0.00%,,,True,12.2M,False,PNK,False,
BPZZF,Boston Pizza Royalties Income Fund,17.15,2026-06-16T00:26:48.550765+00:00,False,+31.7%,True,$364.9M,True,+171.4%,False,0.5K,False,$17.15 / SMA $17.75,False,0.14%,False,+3.2%,True,21.3M,False,PNK,False,
BQSSF,Boss Energy Limited,0.823,2026-06-16T00:40:04.687045+00:00,False,+14.9%,True,$341.7M,,N/A,False,38.0K,False,$0.82 / SMA $1.02,True,3.98%,,N/A,False,390.7M,False,OQX,False,
BR,"Broadridge Financial Solutions, Inc.",142.78,2026-06-16T00:31:11.402851+00:00,False,+2.1%,True,$16513.7M,False,+15.1%,True,1571.2K,False,$142.78 / SMA $152.25,False,2.80%,False,+7.8%,True,115.1M,True,NYQ,False,
BRBOF,Brembo N.V.,12.8,2026-06-16T00:08:06.861537+00:00,False,+51.5%,True,$4071.8M,False,+12.5%,False,0.4K,True,$12.80 / SMA $11.40,False,0.00%,False,+-1.8%,True,138.0M,False,PNK,False,
BRC,Brady Corporation,84.57,2026-06-16T00:08:20.336196+00:00,False,+28.6%,True,$3984.3M,False,+11.0%,False,337.0K,True,$84.57 / SMA $82.30,True,4.60%,False,+13.8%,True,42.4M,True,NYQ,False,
BRCB,"Black Rock Coffee Bar, Inc.",7.7,2026-06-16T00:15:36.665366+00:00,False,+26.0%,False,$166.1M,,,True,611.3K,False,$7.70 / SMA $10.31,True,8.98%,False,+23.7%,True,19.5M,True,NGM,False,
BRCC,BRC Inc.,1.33,2026-06-16T00:02:06.072845+00:00,True,+121.7%,False,$155.6M,True,+100.0%,True,1112.0K,True,$1.33 / SMA $1.25,True,8.52%,False,+21.4%,True,71.8M,True,NYQ,False,
BRCFF,BRCFF,17.0,2026-06-16T00:05:47.108374+00:00,False,+12.1%,,,,,False,0.0K,False,$17.00 / SMA $17.25,False,0.00%,False,+3.5%,False,1732.6M,False,PNK,False,
BRDCY,Bridgestone Corporation,10.61,2026-06-16T00:06:01.678275+00:00,False,+8.3%,True,$26637.0M,,,False,381.9K,True,$10.61 / SMA $10.55,False,2.10%,,,False,2338.7M,False,PNK,False,
BRDNF,BRDNF,3.9,2026-06-16T00:24:10.558673+00:00,False,+0.0%,True,$1352.0M,,,False,0.3K,False,$3.90 / SMA $4.16,False,0.00%,,,False,256.3M,False,PNK,False,
BRETF,Brazilian Rare Earths Limited,3.92,2026-06-16T00:00:04.770348+00:00,False,+0.0%,True,$1098.2M,,,False,0.7K,False,$3.92 / SMA_short $4.17,False,0.02%,,,True,79.5M,False,OQX,False,
BRK.A,BRK.A,,2026-06-16T00:30:39.954844+00:00,False,N/A,False,N/A,False,N/A,False,N/A,False,N/A,False,N/A,False,N/A,False,N/A,False,Unknown,False,No price data available
BRK.B,BRK.B,,2026-06-16T00:17:29.812881+00:00,False,,False,,False,,False,,False,,False,,False,,False,,False,Unknown,False,No price data available
BRKRP,Bruker Corporation,420.4,2026-06-16T00:31:35.110969+00:00,False,+68.2%,,N/A,,N/A,False,21.8K,True,$420.40 / SMA $342.56,False,1.50%,False,+2.7%,True,103.6M,True,NMS,False,
BRLAF,British Land Company PLC,5.34,2026-06-16T00:20:16.008046+00:00,False,+27.1%,True,$5470.4M,,,False,0.3K,True,$5.34 / SMA $5.30,False,0.00%,,,False,985.9M,False,PNK,False,
BRLXF,Boralex Inc.,26.76,2026-06-15T23:58:17.427102+00:00,False,+56.9%,True,$2749.7M,False,+-127.6%,False,12.7K,True,$26.76 / SMA $25.69,False,0.01%,False,+20.7%,True,86.9M,False,PNK,False,
BRO,"Brown & Brown, Inc.",59.28,2026-06-16T00:06:09.759122+00:00,False,+10.2%,True,$20092.8M,False,+-7.8%,True,3292.0K,False,$59.28 / SMA $60.71,True,3.05%,True,+35.7%,False,292.0M,True,NYQ,False,
BRSGF,Queen's Road Capital Investment Ltd.,10.23,2026-06-16T00:39:41.710472+00:00,True,+933.3%,True,$522.0M,True,+283.1%,False,0.2K,False,$10.23 / SMA $10.65,False,0.00%,False,+23.3%,True,21.0M,False,PNK,False,
BRSP,"BrightSpire Capital, Inc.",5.59,2026-06-16T00:37:59.865141+00:00,False,+15.5%,True,$728.3M,False,+-25.0%,True,925.0K,False,$5.59 / SMA $5.78,False,1.79%,False,+9.6%,True,109.0M,True,NYQ,False,
BRUN,"Boost Run, Inc.",37.46,2026-06-16T00:15:27.841152+00:00,True,+267.8%,True,$2301.1M,,,True,1176.5K,True,$37.46 / SMA $22.14,True,16.85%,,,True,3.2M,True,NGM,True,
BRVMF,Bravo Mining Corp.,2.38,2026-06-16T00:15:37.318379+00:00,False,+22.7%,True,$326.2M,True,+100.0%,False,29.3K,False,$2.38 / SMA $2.53,True,6.71%,,,True,78.5M,False,OQX,False,
BRX,Brixmor Property Group Inc.,32.03,2026-06-16T00:06:24.883764+00:00,False,+29.9%,True,$9828.0M,True,+78.3%,True,2535.4K,True,$32.03 / SMA $30.35,False,1.73%,False,+5.1%,False,303.3M,True,NYQ,False,
BSDGF,Bosideng International Holdings Limited,0.568,2026-06-16T00:33:13.035822+00:00,False,+18.3%,True,$6600.5M,,N/A,False,5.4K,True,$0.57 / SMA $0.54,True,5.12%,,N/A,False,5120.5M,False,PNK,False,
BSRR,Sierra Bancorp,39.82,2026-06-16T00:13:48.865180+00:00,False,+50.3%,True,$520.8M,True,+47.7%,False,52.6K,True,$39.82 / SMA $37.26,False,2.56%,False,+5.5%,True,11.5M,True,NMS,False,
BSRTF,BSR Real Estate Investment Trust,12.2,2026-06-16T00:02:05.356957+00:00,False,+16.1%,True,$473.7M,,,False,20.8K,True,$12.20 / SMA $11.62,False,1.78%,False,+-19.8%,True,31.5M,False,PNK,False,
BST,BlackRock Science and Technology Trust,48.21,2026-06-15T23:59:56.834243+00:00,False,+38.3%,True,$1673.9M,,,False,118.0K,True,$48.21 / SMA $43.97,False,2.80%,,,,,True,NYQ,False,
BSTZ,BlackRock Science and Technology Term Trust,31.68,2026-06-16T00:22:22.155362+00:00,False,+63.9%,True,$2177.8M,,,False,204.2K,True,$31.68 / SMA $27.23,True,3.18%,,,,,True,NYQ,False,
BSX,Boston Scientific Corporation,46.76,2026-06-16T00:05:47.642734+00:00,False,+1.7%,True,$69502.0M,True,+100.0%,True,19164.5K,False,$46.76 / SMA $55.91,True,3.13%,False,+11.6%,False,1482.3M,True,NYQ,False,
BTAFF,British American Tobacco p.l.c.,62.75,2026-06-16T00:05:44.522227+00:00,False,+37.9%,True,$135595.6M,,,False,9.6K,True,$62.75 / SMA $61.05,True,3.84%,,,False,1980.3M,False,PNK,False,
BTBT,"Bit Digital, Inc.",1.93,2026-06-16T00:38:01.788436+00:00,False,+54.4%,True,$673.9M,False,+-40.6%,True,22160.7K,True,$1.93 / SMA $1.73,True,8.83%,False,+11.2%,False,341.3M,True,NCM,False,
BTDPF,Barratt Redrow plc,3.5,2026-06-16T00:08:15.225708+00:00,False,+7.7%,True,$4901.8M,,,False,1.7K,True,$3.50 / SMA $3.43,False,0.00%,,,False,1354.0M,False,PNK,False,
BTDR,Bitdeer Technologies Group,18.32,2026-06-16T00:20:27.741826+00:00,True,+164.9%,True,$4457.5M,False,+-44.7%,True,8880.3K,True,$18.32 / SMA $14.00,True,10.29%,True,+169.4%,True,125.9M,True,NCM,False,
BTE,Baytex Energy Corp.,4.39,2026-06-16T00:33:35.598350+00:00,True,+149.4%,True,$3175.7M,False,+-200.0%,True,21888.9K,False,$4.39 / SMA $4.75,True,3.64%,False,+-0.3%,False,669.9M,True,NYQ,False,
BTG,B2Gold Corp.,4.47,2026-06-16T00:20:10.236797+00:00,False,+35.0%,True,$5955.9M,True,+250.0%,True,29028.5K,False,$4.47 / SMA $4.66,True,4.26%,True,+117.7%,False,1254.5M,True,ASE,False,
BTGO,BTGO,5.59,2026-06-16T00:13:36.104630+00:00,False,+19.8%,True,$648.2M,False,+-178.5%,True,1150.0K,False,$5.59 / SMA $8.76,True,11.42%,True,+112.6%,True,67.4M,True,NYQ,False,
BTGOF,BT Group plc,2.8,2026-06-16T00:17:55.853710+00:00,False,+27.9%,True,$27590.1M,,,False,11.0K,False,$2.80 / SMA $2.87,False,2.37%,,,False,5037.9M,False,PNK,False,
BTI,British American Tobacco p.l.c.,61.06,2026-06-15T23:54:00.678741+00:00,False,+31.7%,True,$131943.7M,,,True,4144.1K,True,$61.06 / SMA $60.31,False,1.89%,,,False,9901.3M,True,NYQ,False,
BTO,John Hancock Financial Opportunities Fund,37.35,2026-06-16T00:38:00.645472+00:00,False,+16.7%,True,$740.2M,,N/A,False,46.1K,True,$37.35 / SMA $36.37,False,2.07%,,N/A,,N/A,True,NYQ,False,
BTSGU,"BrightSpring Health Services, Inc.",209.75,2026-06-15T23:54:32.037278+00:00,True,+207.8%,,,,,False,35.6K,True,$209.75 / SMA $177.54,False,1.41%,True,+25.6%,False,176.7M,True,NMS,False,
BTSNY,Betsson AB (publ),9.55,2026-06-16T00:11:49.861409+00:00,False,+0.0%,True,$1320.7M,False,+-51.4%,False,0.0K,False,$9.55 / SMA $9.59,False,0.00%,False,+-7.0%,True,115.9M,False,PNK,False,
BTU,Peabody Energy Corporation,26.03,2026-06-16T00:22:07.400576+00:00,True,+106.9%,True,$3171.3M,False,+-200.0%,True,3791.3K,False,$26.03 / SMA $26.76,True,5.47%,False,+3.9%,True,114.4M,True,NYQ,False,
BTZ,BlackRock Credit Allocation Income Trust,10.1,2026-06-16T00:11:58.486559+00:00,False,+4.1%,True,$942.6M,,,False,301.5K,False,$10.10 / SMA $10.17,False,0.83%,,,,,True,NYQ,False,
BUD,Anheuser-Busch InBev SA/NV,81.48,2026-06-16T00:30:43.014882+00:00,False,+43.0%,True,$157643.9M,False,+20.4%,True,1945.3K,True,$81.48 / SMA $77.60,False,1.35%,False,+12.0%,False,5810.1M,True,NYQ,False,
BUDFF,Anheuser-Busch InBev SA/NV,81.95,2026-06-16T00:17:32.990063+00:00,False,+42.7%,True,$158553.3M,False,+20.4%,False,23.6K,True,$81.95 / SMA $77.54,False,0.40%,False,+12.0%,False,970.3M,False,PNK,False,
BUI,"BlackRock Utilities, Infrastructure & Power Opportunities Trust",28.39,2026-06-16T00:13:41.014056+00:00,False,+16.8%,True,$696.2M,,,False,96.4K,True,$28.39 / SMA $27.38,False,1.37%,,,,,True,NYQ,False,
BUR,Burford Capital Limited,4.46,2026-06-16T00:37:50.318432+00:00,False,+24.2%,True,$977.0M,False,+-5428.6%,True,4084.3K,False,$4.46 / SMA $4.61,True,5.15%,False,+-2311.2%,False,186.9M,True,NYQ,False,
BURBY,Burberry Group plc,15.88,2026-06-16T00:08:12.201033+00:00,False,+20.0%,True,$5704.2M,,,False,63.5K,True,$15.88 / SMA $15.56,False,2.21%,,,False,352.8M,False,PNK,False,
BURL,"Burlington Stores, Inc.",336.6,2026-06-16T00:18:02.724793+00:00,False,+54.0%,True,$21186.3M,False,+13.3%,True,807.5K,True,$336.60 / SMA $320.94,True,4.19%,False,+14.1%,True,61.8M,True,NYQ,False,
BUSE,First Busey Corporation,28.26,2026-06-16T00:10:03.270407+00:00,False,+30.7%,True,$2390.2M,True,+218.2%,True,638.2K,True,$28.26 / SMA $26.75,False,1.94%,True,+57.0%,True,81.8M,True,NMS,False,
BUSEP,First Busey Corporation,25.88,2026-06-16T00:22:17.398532+00:00,False,+3.7%,,,,,False,19.9K,True,$25.88 / SMA $25.73,False,0.67%,True,+57.0%,True,81.8M,True,NMS,False,
BVENY,BVENY,4.25,2026-06-16T00:11:41.428922+00:00,False,+27.6%,True,$1974.3M,False,+-142.1%,False,30.4K,True,$4.25 / SMA_short $3.91,False,0.20%,False,+9.1%,False,421.5M,False,PNK,False,
BVHMF,Vistry Group PLC,3.34,2026-06-16T00:37:44.015595+00:00,False,+8.0%,True,$1060.8M,,N/A,False,20.3K,False,$3.34 / SMA $4.07,False,1.40%,,N/A,False,221.8M,False,PNK,False,
BVN,Compañía de Minas Buenaventura S.A.A.,34.86,2026-06-16T00:06:26.956149+00:00,True,+123.2%,True,$8854.0M,True,+140.0%,True,1420.7K,True,$34.86 / SMA $34.07,True,4.94%,True,+103.0%,False,160.3M,True,NYQ,False,
BVNKF,Bavarian Nordic A/S,27.82,2026-06-16T00:10:02.046346+00:00,False,+6.7%,True,$2126.8M,False,+-92.6%,False,0.1K,False,$27.82 / SMA $29.99,False,0.00%,False,+-21.4%,True,76.4M,False,PNK,False,
BVRDF,Bureau Veritas SA,30.1,2026-06-16T00:18:12.673653+00:00,False,+1.1%,True,$13367.0M,,,False,0.0K,True,$30.10 / SMA $29.75,False,0.00%,,,False,325.3M,False,PNK,False,
BW,"Babcock & Wilcox Enterprises, Inc.",16.33,2026-06-16T00:10:00.796503+00:00,True,+1770.6%,True,$2430.5M,False,+-130.8%,True,3810.5K,False,$16.33 / SMA $17.29,True,9.72%,True,+44.3%,True,102.7M,True,NYQ,False,
BWA,BorgWarner Inc.,73.52,2026-06-15T23:54:28.370647+00:00,True,+128.0%,True,$15080.0M,True,+61.1%,True,2877.2K,True,$73.52 / SMA $62.37,True,4.33%,False,+0.5%,False,203.0M,True,NYQ,False,
BWAY,BrainsWay Ltd.,14.33,2026-06-16T00:26:19.252163+00:00,True,+165.1%,True,$574.5M,True,+200.0%,False,148.4K,False,$14.33 / SMA $15.30,True,4.02%,True,+34.6%,True,26.6M,True,NGM,False,
BWEL,JG Boswell Company,538.0,2026-06-16T00:02:01.018919+00:00,False,+25.7%,True,$518.7M,,,False,0.2K,False,$538.00 / SMA $545.42,False,1.26%,,,,,False,PNK,False,
BWFG,"Bankwell Financial Group, Inc.",55.29,2026-06-16T00:03:39.563255+00:00,False,+63.3%,True,$440.8M,True,+62.1%,False,43.8K,True,$55.29 / SMA $52.17,False,2.40%,True,+28.2%,True,6.0M,True,NGM,False,
BWIN,"The Baldwin Insurance Group, Inc.",18.16,2026-06-16T00:09:58.938348+00:00,False,+14.4%,True,$1770.4M,False,+-90.0%,True,1571.7K,False,$18.16 / SMA $21.29,True,5.25%,True,+29.4%,True,76.8M,True,NMS,False,
BWLP,BW LPG Limited,20.53,2026-06-16T00:09:42.919719+00:00,True,+77.3%,True,$3116.8M,True,+260.0%,False,451.7K,True,$20.53 / SMA $19.32,False,2.92%,False,+-2.7%,True,81.7M,True,NYQ,False,
BWMN,Bowman Consulting Group Ltd.,31.58,2026-06-16T00:13:44.915700+00:00,False,+21.6%,True,$552.9M,False,+-100.0%,False,138.8K,False,$31.58 / SMA $31.91,True,3.48%,False,+12.0%,True,14.5M,True,NGM,False,
BWMX,"Betterware de México, S.A.P.I. de C.V.",18.07,2026-06-16T00:38:05.838903+00:00,True,+131.4%,True,$673.0M,True,+85.7%,False,87.0K,True,$18.07 / SMA $17.33,True,3.79%,False,+0.3%,True,13.7M,True,NYQ,False,
BWXT,"BWX Technologies, Inc.",193.94,2026-06-16T00:18:05.141345+00:00,False,+44.9%,True,$17767.7M,False,+20.7%,True,1010.6K,False,$193.94 / SMA $209.17,True,3.56%,True,+26.1%,True,91.2M,True,NYQ,False,
BX,Blackstone Inc.,124.63,2026-06-16T00:30:43.614045+00:00,False,+22.5%,True,$152330.5M,False,+3.7%,True,6836.0K,True,$124.63 / SMA $120.09,True,3.48%,False,+6.2%,False,746.2M,True,NYQ,False,
BXC,BlueLinx Holdings Inc.,55.5,2026-06-16T00:15:31.654621+00:00,False,+23.9%,True,$431.9M,False,+-154.5%,False,126.2K,True,$55.50 / SMA $53.08,True,5.43%,False,+3.1%,True,6.4M,True,NYQ,False,
BXMT,"Blackstone Mortgage Trust, Inc.",18.12,2026-06-16T00:09:55.164796+00:00,False,+2.5%,True,$3056.5M,,,True,1491.5K,False,$18.12 / SMA $18.87,False,1.78%,True,+25.5%,False,159.5M,True,NYQ,False,
BXP,"BXP, Inc.",65.98,2026-06-16T00:31:26.696583+00:00,False,+32.7%,True,$11765.0M,True,+64.1%,True,1771.2K,True,$65.98 / SMA $59.09,False,2.44%,False,+0.8%,True,147.8M,True,NYQ,False,
BXSL,Blackstone Secured Lending Fund,23.76,2026-06-15T23:56:23.052094+00:00,False,+5.7%,True,$5527.8M,False,+-83.3%,True,2364.8K,False,$23.76 / SMA $23.92,False,1.75%,False,+-75.2%,,,True,NYQ,False,
BY,"Byline Bancorp, Inc.",35.02,2026-06-15T23:59:58.729121+00:00,False,+41.5%,True,$1590.2M,True,+29.7%,False,230.0K,True,$35.02 / SMA $33.11,False,1.87%,False,+8.3%,True,32.2M,True,NYQ,False,
BYAGF,Banyan Gold Corp.,0.91,2026-06-16T00:03:39.141793+00:00,True,+451.5%,True,$403.6M,,,False,333.2K,False,$0.91 / SMA $1.00,True,7.83%,,,False,395.4M,False,OQB,False,
BYCBF,Barry Callebaut AG,1421.95,2026-06-16T00:18:30.105679+00:00,False,+39.0%,True,$7796.1M,,,False,0.0K,False,$1421.95 / SMA $1508.87,False,0.00%,,,True,3.8M,False,PNK,False,
BYCRF,"Baycurrent, Inc.",35.0,2026-06-16T00:20:13.669572+00:00,False,+24.2%,True,$5246.2M,,,False,0.0K,True,$35.00 / SMA $34.20,False,0.58%,,,True,136.3M,False,PNK,False,
BYD,Boyd Gaming Corporation,87.67,2026-06-15T23:56:20.017736+00:00,False,+18.6%,True,$6516.5M,False,+4.6%,True,1007.2K,True,$87.67 / SMA $84.71,False,2.51%,False,+0.6%,True,49.6M,True,NYQ,False,
BYDDF,BYD Company Limited,11.07,2026-06-16T00:17:35.177376+00:00,False,+11.8%,True,$100927.4M,,,False,204.0K,False,$11.07 / SMA $12.69,True,3.24%,False,+-45.3%,False,6021.6M,False,PNK,False,
BYDDY,BYD Company Limited,11.03,2026-06-15T23:54:01.808842+00:00,False,+2.2%,True,$100562.7M,,,True,1779.5K,False,$11.03 / SMA $12.58,False,1.37%,False,+-45.3%,False,6021.6M,False,PNK,False,
BYDIF,BYD Electronic (International) Company Limited,3.11,2026-06-16T00:31:32.940642+00:00,False,+15.2%,True,$6985.4M,,N/A,False,17.7K,False,$3.11 / SMA $3.55,True,9.62%,,N/A,False,650.6M,False,PNK,False,
BYDIY,BYD Electronic (International) Company Limited,176.95,2026-06-16T00:06:30.237599+00:00,False,+27.1%,True,$7949.0M,,,False,0.2K,False,$176.95 / SMA $177.69,True,11.45%,,,True,13.0M,False,PNK,False,
BYITY,Bytes Technology Group plc,10.63,2026-06-16T00:37:43.206525+00:00,False,+16.2%,True,$1248.5M,,N/A,False,0.0K,True,$10.63 / SMA $9.51,False,0.02%,,N/A,False,216.7M,False,PNK,False,
BYLOF,Big Yellow Group Plc,11.4,2026-06-16T00:10:03.842447+00:00,False,+5.6%,True,$2234.5M,,,False,2.5K,False,$11.40 / SMA $11.83,False,1.44%,,,False,186.0M,False,PNK,False,
BYNEF,Banyan Tree Holdings Limited,0.4462,2026-06-16T00:40:03.043278+00:00,False,+34.9%,True,$387.1M,,N/A,False,0.8K,True,$0.45 / SMA $0.41,False,0.00%,,N/A,False,213.6M,False,PNK,False,
BYSTF,BYSTF,262.1,2026-06-16T00:39:48.741483+00:00,False,+2.4%,True,$541.1M,,N/A,False,0.0K,False,$262.10 / SMA $286.19,False,0.11%,,N/A,True,0.6M,False,PNK,False,
BZ,Kanzhun Limited,14.2,2026-06-16T00:33:11.384678+00:00,False,+10.5%,True,$6383.4M,True,+110.3%,True,4273.1K,True,$14.20 / SMA $13.82,True,3.96%,False,+7.6%,False,369.2M,True,NMS,False,
BZLFF,Bunzl plc,27.6,2026-06-16T00:18:22.425583+00:00,False,+5.8%,True,$8861.6M,,,False,0.1K,False,$27.60 / SMA $29.67,False,0.00%,,,False,316.0M,False,PNK,False,
BZLFY,Bunzl plc,17.08,2026-06-15T23:54:33.695230+00:00,False,+28.2%,True,$10967.9M,,,False,60.7K,True,$17.08 / SMA $15.91,False,1.39%,,,False,632.1M,False,PNK,False,
BZQIY,Bezeq The Israel Telecommunication Corp. Ltd,14.0,2026-06-16T00:31:33.045835+00:00,True,+90.5%,True,$7725.4M,True,+700.0%,False,0.2K,True,$14.00 / SMA $13.63,False,0.18%,False,+-3.0%,False,555.0M,False,PNK,False,
BZZUF,Buzzi S.p.A.,49.442,2026-06-15T23:54:36.085031+00:00,False,+0.0%,True,$8774.2M,,,False,0.2K,False,$49.44 / SMA $52.89,False,0.05%,,,True,54.8M,False,PNK,False,
C,Citigroup Inc.,141.21,2026-06-16T00:30:41.847927+00:00,True,+83.5%,True,$240844.5M,True,+56.1%,True,12354.3K,True,$141.21 / SMA $127.91,False,2.57%,False,+14.2%,False,1700.1M,True,NYQ,False,
CAAP,Corporación América Airports S.A.,28.06,2026-06-16T00:08:20.792151+00:00,False,+61.6%,True,$4580.0M,True,+88.0%,False,244.7K,True,$28.06 / SMA $25.57,True,4.05%,False,+20.1%,True,18.2M,True,NYQ,False,
CACI,CACI International Inc,507.56,2026-06-16T00:31:22.671331+00:00,False,+15.4%,True,$11212.7M,False,+17.6%,False,288.4K,False,$507.56 / SMA $517.13,True,3.53%,False,+8.5%,True,21.8M,True,NYQ,False,
CADL,"Candel Therapeutics, Inc.",8.56,2026-06-16T00:38:07.708179+00:00,True,+96.8%,True,$627.2M,False,+-207.7%,True,1816.4K,True,$8.56 / SMA $7.33,True,7.47%,,N/A,True,56.8M,True,NGM,False,
CADNF,Cascades Inc.,7.75,2026-06-16T00:24:31.615698+00:00,False,+19.8%,True,$785.2M,True,+392.3%,False,5.8K,False,$7.75 / SMA $7.76,False,0.03%,True,+7424.8%,True,72.1M,False,PNK,False,
CAF,"Morgan Stanley China A Share Fund, Inc.",19.83,2026-06-16T00:40:13.155660+00:00,False,+49.7%,True,$333.5M,,N/A,False,61.7K,True,$19.83 / SMA $18.93,False,1.85%,,N/A,,N/A,True,NYQ,False,
CAG,"Conagra Brands, Inc.",13.61,2026-06-15T23:56:16.954661+00:00,False,+8.6%,True,$6511.5M,True,+40.0%,True,15234.2K,False,$13.61 / SMA $13.86,True,3.09%,False,+-1.9%,False,475.0M,True,NYQ,False,
CAHPF,Evolution Mining Limited,7.85,2026-06-15T23:54:22.927013+00:00,True,+78400.0%,True,$16316.1M,,,False,5.9K,False,$7.85 / SMA $8.87,True,3.24%,,,False,2013.6M,False,PNK,False,
CAI,"Caris Life Sciences, Inc.",18.18,2026-06-16T00:33:28.249834+00:00,False,+28.1%,True,$5139.1M,True,+100.0%,True,2672.6K,True,$18.18 / SMA $17.81,True,6.49%,True,+78.8%,True,103.4M,True,NMS,False,
CAIXY,"CaixaBank, S.A.",4.58,2026-06-16T00:05:47.062045+00:00,False,+67.2%,True,$95757.2M,False,+4.3%,False,397.5K,True,$4.58 / SMA $4.22,False,1.81%,False,+1.6%,False,10518.2M,False,PNK,False,
CAJFF,Canon Inc.,26.26,2026-06-16T00:17:58.478340+00:00,False,+6.3%,True,$22433.1M,False,+-23.2%,False,1.0K,False,$26.26 / SMA $26.90,False,2.57%,,,False,839.7M,False,PNK,False,
CAL,"Caleres, Inc.",14.06,2026-06-16T00:26:36.806576+00:00,False,+59.8%,True,$472.3M,True,+100.0%,True,701.4K,True,$14.06 / SMA $13.03,True,7.20%,False,+8.5%,True,31.8M,True,NYQ,False,
CALEF,CALEF,4.86,2026-06-16T00:35:29.567944+00:00,False,+10.5%,,N/A,,N/A,False,0.2K,True,$4.86 / SMA_short $4.72,,N/A,,N/A,False,249.4M,False,PNK,False,
CALM,"Cal-Maine Foods, Inc.",79.57,2026-06-16T00:20:27.377393+00:00,False,+10.6%,True,$3769.8M,False,+-89.8%,True,849.2K,True,$79.57 / SMA $76.62,False,2.76%,False,+-53.0%,True,42.7M,True,NMS,False,
CALX,"Calix, Inc.",38.33,2026-06-16T00:22:14.232347+00:00,False,+6.9%,True,$2444.8M,True,+328.6%,True,1006.8K,False,$38.33 / SMA $42.80,True,3.84%,True,+27.1%,True,57.7M,True,NYQ,False,
CALZF,PolyNovo Limited,0.6786,2026-06-16T00:39:44.796762+00:00,False,+23.4%,True,$468.8M,,N/A,False,2.0K,False,$0.68 / SMA $0.74,False,0.45%,,N/A,False,616.8M,False,PNK,False,
CAMT,Camtek Ltd.,197.75,2026-06-15T23:54:40.231304+00:00,True,+172.6%,True,$9105.3M,False,+-10.0%,False,460.5K,True,$197.75 / SMA $178.90,True,6.39%,False,+2.5%,True,28.5M,True,NGM,False,
CAOVF,China Overseas Land & Investment Limited,2.05,2026-06-16T00:18:00.915969+00:00,False,+56.5%,True,$22437.0M,,,False,0.4K,True,$2.05 / SMA $1.78,False,0.00%,,,False,3703.4M,False,PNK,False,
CAOVY,China Overseas Land & Investment Limited,10.116,2026-06-16T00:18:01.525866+00:00,False,+43.9%,True,$22143.7M,,,False,6.5K,True,$10.12 / SMA $9.16,True,5.30%,,,False,740.7M,False,PNK,False,
CAPMF,Capgemini SE,112.12,2026-06-16T00:18:02.456875+00:00,False,+5.4%,True,$18739.8M,,,False,1.9K,False,$112.12 / SMA $120.54,True,5.00%,,,False,169.4M,False,PNK,False,
CAPR,"Capricor Therapeutics, Inc.",26.72,2026-06-16T00:11:45.077405+00:00,True,+521.4%,True,$1547.4M,False,+-11.3%,True,1083.9K,False,$26.72 / SMA $30.84,True,4.69%,,,True,48.5M,True,NMS,False,
CARE,"Carter Bankshares, Inc.",29.58,2026-06-16T00:01:57.550731+00:00,True,+83.3%,True,$657.3M,True,+894.9%,False,311.9K,True,$29.58 / SMA $26.14,False,2.87%,True,+193.8%,True,19.8M,True,NMS,False,
CARG,"CarGurus, Inc.",27.94,2026-06-16T00:35:28.385712+00:00,False,+5.9%,True,$2519.8M,False,+-8.1%,True,1310.5K,False,$27.94 / SMA $32.59,True,4.18%,False,+14.8%,True,74.0M,True,NMS,False,
CARR,Carrier Global Corporation,71.13,2026-06-16T00:30:53.145261+00:00,False,+41.6%,True,$59079.2M,False,+-40.4%,True,6878.4K,True,$71.13 / SMA $64.20,True,3.44%,False,+2.4%,False,790.4M,True,NYQ,False,
CARS,Cars.com Inc.,9.74,2026-06-16T00:13:46.357242+00:00,False,+31.6%,True,$544.5M,True,+366.7%,True,1211.8K,False,$9.74 / SMA $10.21,True,3.86%,False,+0.7%,True,47.0M,True,NYQ,False,
CASS,"Cass Information Systems, Inc.",47.98,2026-06-16T00:01:59.025326+00:00,False,+33.0%,True,$617.6M,False,+1.5%,False,80.5K,True,$47.98 / SMA $46.69,False,2.91%,False,+3.9%,True,11.3M,True,NMS,False,
CAT,Caterpillar Inc.,933.93,2026-06-16T00:30:43.159156+00:00,True,+161.6%,True,$430160.6M,True,+30.2%,True,2523.2K,True,$933.93 / SMA $859.25,True,3.38%,False,+22.2%,False,459.2M,True,NYQ,False,
CATX,"Perspective Therapeutics, Inc.",2.94,2026-06-16T00:39:51.943466+00:00,False,+50.0%,True,$335.3M,False,+0.0%,True,1435.3K,False,$2.94 / SMA $3.89,True,6.62%,,N/A,True,74.3M,True,ASE,False,
CATY,Cathay General Bancorp,60.11,2026-06-16T00:08:22.272422+00:00,False,+43.1%,True,$4029.5M,True,+31.6%,False,466.6K,True,$60.11 / SMA $55.88,False,1.90%,False,+14.4%,True,63.7M,True,NMS,False,
CAVA,"CAVA Group, Inc.",89.52,2026-06-15T23:54:35.840231+00:00,True,+106.2%,True,$10426.7M,False,+-9.1%,True,3057.4K,True,$89.52 / SMA $84.13,True,5.30%,True,+32.1%,True,104.6M,True,NYQ,False,
CAZGF,Catapult Sports Ltd,2.86,2026-06-16T00:38:01.430810+00:00,False,+36.6%,True,$883.7M,,N/A,False,0.5K,True,$2.86 / SMA $2.42,False,0.57%,,N/A,False,260.3M,False,PNK,False,
CBAN,"Colony Bankcorp, Inc.",20.75,2026-06-16T00:39:58.414655+00:00,False,+38.3%,True,$439.1M,False,+2.6%,False,274.5K,True,$20.75 / SMA $20.09,False,1.83%,True,+33.0%,True,18.2M,True,NYQ,False,
CBGPY,Close Brothers Group plc,12.12,2026-06-16T00:24:25.406417+00:00,False,+34.1%,True,$913.3M,,,False,0.1K,False,$12.12 / SMA $12.22,False,0.29%,,,True,73.2M,False,PNK,False,
CBIO,"Crescent Biopharma, Inc.",18.19,2026-06-16T00:26:24.383494+00:00,True,+108.6%,True,$501.6M,False,+9.9%,False,275.7K,False,$18.19 / SMA $19.88,True,9.99%,,,True,14.6M,True,NCM,False,
CBK,"Commercial Bancgroup, Inc.",30.755,2026-06-16T00:03:42.206467+00:00,False,+32.4%,True,$421.4M,False,+4.6%,False,55.8K,True,$30.75 / SMA $28.89,False,2.99%,False,+5.8%,True,8.7M,True,NCM,False,
CBL,"CBL & Associates Properties, Inc.",47.81,2026-06-16T00:11:47.363990+00:00,True,+94.7%,True,$1479.5M,True,+448.1%,False,215.5K,True,$47.81 / SMA $45.12,False,2.94%,False,+3.0%,True,17.0M,True,NYQ,False,
CBLNF,Mersen S.A.,42.4,2026-06-16T00:37:48.842121+00:00,True,+76.0%,True,$1028.3M,,N/A,False,0.0K,True,$42.40 / SMA $35.64,False,0.00%,,N/A,True,21.2M,False,PNK,False,
CBLNY,Mersen S.A.,10.05,2026-06-16T00:11:54.007668+00:00,True,+118.0%,True,$1276.9M,,,False,0.8K,True,$10.05 / SMA $7.82,False,0.00%,,,True,106.0M,False,PNK,False,
CBLUF,China BlueChemical Ltd.,0.375,2026-06-15T23:59:58.298033+00:00,False,+44.2%,True,$1728.7M,,,False,0.0K,True,$0.38 / SMA $0.34,False,0.00%,,,False,1599.3M,False,PNK,False,
CBNK,"Capital Bancorp, Inc.",33.24,2026-06-16T00:02:02.407893+00:00,False,+25.9%,True,$541.4M,False,+-11.0%,False,72.4K,True,$33.24 / SMA $31.62,False,2.70%,False,+6.1%,True,10.7M,True,NMS,False,
CBOE,"Cboe Global Markets, Inc.",292.91,2026-06-16T00:30:57.593205+00:00,False,+31.0%,True,$30654.1M,True,+54.4%,True,1085.0K,False,$292.91 / SMA $317.68,True,4.19%,False,+6.5%,True,104.2M,False,BTS,False,
CBRE,"CBRE Group, Inc.",134.16,2026-06-16T00:05:55.664656+00:00,False,+10.2%,True,$39284.3M,True,+98.1%,True,2239.2K,False,$134.16 / SMA $138.66,True,3.04%,False,+18.6%,False,290.8M,True,NYQ,False,
CBRL,"Cracker Barrel Old Country Store, Inc.",43.49,2026-06-16T00:01:41.394824+00:00,True,+75.0%,True,$972.1M,True,+239.3%,True,1248.3K,True,$43.49 / SMA $32.09,True,6.10%,False,+-2.9%,True,20.5M,True,NMS,False,
CBRS,Cerebras Systems Inc.,218.03,2026-06-16T00:17:43.017696+00:00,False,+10.8%,True,$47881.6M,,,True,8466.3K,False,$218.03 / SMA_short $247.74,True,11.63%,,,True,8.7M,True,NMS,False,
CBSH,"Commerce Bancshares, Inc.",54.72,2026-06-15T23:54:40.170716+00:00,False,+16.5%,True,$7976.9M,False,+2.9%,True,1224.4K,True,$54.72 / SMA $51.60,False,1.97%,False,+15.9%,True,132.9M,True,NMS,False,
CBT,Cabot Corporation,89.21,2026-06-15T23:56:29.631186+00:00,False,+52.9%,True,$4605.1M,False,+-24.9%,False,421.5K,True,$89.21 / SMA $79.90,False,2.85%,False,+-3.4%,True,51.0M,True,NYQ,False,
CBU,"Community Financial System, Inc.",64.5,2026-06-16T00:09:43.433047+00:00,False,+26.2%,True,$3389.8M,False,+16.1%,False,240.4K,True,$64.50 / SMA $63.05,False,2.19%,False,+8.8%,True,52.1M,True,NYQ,False,
CBUMF,China National Building Material Company Limited,0.6547,2026-06-16T00:20:18.399710+00:00,False,+22.7%,True,$4971.2M,,,False,6.7K,True,$0.65 / SMA $0.60,True,3.63%,,,False,3532.4M,False,PNK,False,
CBZ,"CBIZ, Inc.",33.9,2026-06-16T00:35:46.834012+00:00,False,+39.6%,True,$1818.7M,True,+37.7%,True,908.3K,True,$33.90 / SMA $31.19,True,4.75%,False,+1.3%,True,46.7M,True,NYQ,False,
CCB,Coastal Financial Corporation,71.04,2026-06-16T00:24:19.718592+00:00,False,+6.8%,True,$1083.3M,False,+23.8%,False,142.5K,False,$71.04 / SMA $75.21,False,2.90%,False,+4.2%,True,13.2M,True,NMS,False,
CCC,CCC Intelligent Solutions Holdings Inc.,4.63,2026-06-16T00:22:11.444138+00:00,False,+13.5%,True,$2717.5M,True,+200.0%,True,10992.9K,False,$4.63 / SMA $4.97,True,5.34%,False,+14.1%,False,539.0M,True,NMS,False,
CCD,Calamos Dynamic Convertible and Income Fund,25.355,2026-06-16T00:24:34.354523+00:00,False,+32.3%,True,$724.7M,,,False,97.9K,True,$25.36 / SMA $24.08,False,2.78%,,,,,True,NGM,False,
CCDBF,CCL Industries Inc.,60.19,2026-06-16T00:31:22.252122+00:00,False,+18.9%,True,$10344.0M,False,+0.0%,False,1.6K,False,$60.19 / SMA $62.53,False,2.52%,False,+2.8%,True,145.2M,False,PNK,False,
CCGPY,C&C Group plc,3.65,2026-06-16T00:02:01.063715+00:00,False,+0.0%,True,$448.1M,,,False,0.5K,False,$3.65 / SMA $4.27,False,0.00%,,,True,122.6M,False,PNK,False,
CCI,Crown Castle Inc.,88.74,2026-06-16T00:30:56.769598+00:00,False,+16.8%,True,$38730.7M,True,+131.8%,True,3438.3K,False,$88.74 / SMA $89.16,False,2.57%,False,+-4.8%,False,435.5M,True,NYQ,False,
CCIX,Churchill Capital Corp IX,10.81,2026-06-16T00:40:01.108374+00:00,False,+3.4%,True,$396.3M,False,+-42.9%,False,141.2K,True,$10.81 / SMA $10.78,False,0.40%,,N/A,True,23.4M,True,NGM,False,
CCK,"Crown Holdings, Inc.",100.08,2026-06-15T23:54:32.991841+00:00,False,+12.2%,True,$11183.6M,False,+-5.5%,True,1100.8K,True,$100.08 / SMA $99.60,False,2.26%,False,+12.9%,True,109.3M,True,NYQ,False,
CCKRF,CCKRF,15.65,2026-06-16T00:33:35.537706+00:00,False,+0.0%,True,$3659.8M,,N/A,False,0.0K,False,$15.65 / SMA $16.87,False,0.00%,,N/A,False,233.7M,False,PNK,False,
CCNE,CNB Financial Corporation,32.56,2026-06-16T00:24:26.226415+00:00,False,+51.9%,True,$964.7M,True,+76.6%,False,154.6K,True,$32.56 / SMA $30.65,False,2.96%,True,+46.7%,True,28.5M,True,NMS,False,
CCNEP,CNB Financial Corporation,24.9579,2026-06-16T00:37:53.098352+00:00,False,+5.9%,,N/A,,N/A,False,1.4K,True,$24.96 / SMA $24.63,False,0.43%,True,+46.7%,True,28.5M,True,NMS,False,
CCO,"Clear Channel Outdoor Holdings, Inc.",2.4,2026-06-16T00:24:14.257448+00:00,True,+140.0%,True,$1221.6M,False,+-176.9%,True,6567.0K,True,$2.40 / SMA $2.39,False,0.54%,False,+11.9%,False,384.2M,True,NYQ,False,
CCOEF,"Capcom Co., Ltd.",18.472,2026-06-16T00:06:25.329653+00:00,False,+12.3%,True,$7727.0M,,,False,14.1K,False,$18.47 / SMA $21.82,False,0.27%,,,False,330.5M,False,PNK,False,
CCOEY,"Capcom Co., Ltd.",8.71,2026-06-16T00:18:28.389120+00:00,False,+0.9%,True,$7286.9M,,,False,137.1K,False,$8.71 / SMA $10.26,False,1.22%,,,False,661.0M,False,PNK,False,
CCOHF,China State Construction International Holdings Limited,1.3,2026-06-16T00:20:08.837985+00:00,False,+47.7%,True,$6866.9M,,,False,0.1K,True,$1.30 / SMA $1.18,False,0.00%,,,False,2016.4M,False,PNK,False,
CCOI,"Cogent Communications Holdings, Inc.",16.45,2026-06-16T00:00:18.114827+00:00,False,+14.2%,True,$823.8M,False,+23.9%,True,1203.1K,False,$16.45 / SMA $19.29,True,8.00%,False,+-3.2%,True,42.5M,True,NMS,False,
CCORF,Canaccord Genuity Group Inc.,10.28,2026-06-16T00:24:24.167156+00:00,False,+60.6%,True,$1032.7M,,,False,5.4K,True,$10.28 / SMA $9.12,False,0.98%,True,+33.5%,True,64.6M,False,PNK,False,
CCOZF,China Coal Energy Company Limited,1.3,2026-06-16T00:06:03.764314+00:00,False,+21.5%,True,$17236.3M,,,False,0.1K,False,$1.30 / SMA $1.62,False,0.00%,,,False,4884.4M,False,PNK,False,
CCOZY,China Coal Energy Company Limited,30.5,2026-06-16T00:17:56.337154+00:00,False,+37.8%,True,$20219.5M,,,False,0.0K,False,$30.50 / SMA $33.56,False,0.00%,,,False,244.2M,False,PNK,False,
CCS,"Century Communities, Inc.",60.64,2026-06-16T00:35:53.591465+00:00,False,+28.3%,True,$1744.6M,False,+-33.3%,False,309.4K,True,$60.64 / SMA $55.93,True,3.82%,False,+-12.6%,True,24.8M,True,NYQ,False,
CCXIU,Churchill Capital Corp XI,10.31,2026-06-16T00:39:41.261726+00:00,False,+1.6%,,N/A,,N/A,False,5.6K,True,$10.31 / SMA $10.26,False,0.51%,,N/A,True,41.4M,True,NGM,False,
CD,Chaince Digital Holdings Inc.,4.74,2026-06-16T00:26:23.441058+00:00,True,+243.5%,True,$376.6M,,,False,146.1K,False,$4.74 / SMA $6.18,True,19.74%,,,True,56.7M,True,NGM,False,
CDDRF,Headwater Exploration Inc.,9.26,2026-06-15T23:58:16.513007+00:00,True,+94.1%,True,$2201.7M,,,False,80.0K,False,$9.26 / SMA $9.27,True,3.12%,False,+8.3%,False,223.0M,False,PNK,False,
CDE,"Coeur Mining, Inc.",18.66,2026-06-16T00:06:10.974139+00:00,True,+120.6%,True,$19229.8M,True,+483.3%,True,26646.3K,True,$18.66 / SMA $18.47,True,5.69%,True,+137.8%,False,1024.7M,True,NYQ,False,
CDEVY,City Developments Limited,6.57,2026-06-16T00:20:12.251103+00:00,True,+78.5%,True,$5869.6M,,,False,2.2K,True,$6.57 / SMA $6.39,False,1.40%,,,False,364.4M,False,PNK,False,
CDGLY,ComfortDelGro Corporation Limited,21.778,2026-06-16T00:10:04.272730+00:00,False,+10.0%,True,$2360.1M,,,False,0.3K,False,$21.78 / SMA $22.71,False,1.54%,,,True,106.9M,False,PNK,False,
CDLR,Cadeler A/S,22.74,2026-06-15T23:58:13.446473+00:00,False,+48.0%,True,$2193.8M,False,+-300.0%,False,90.3K,False,$22.74 / SMA $26.20,False,2.61%,True,+90.5%,True,51.9M,True,NYQ,False,
CDNA,"CareDx, Inc.",24.08,2026-06-16T00:11:53.646389+00:00,True,+119.7%,True,$1244.0M,True,+126.3%,True,721.5K,True,$24.08 / SMA $20.98,True,4.94%,True,+39.0%,True,49.3M,True,NGM,True,
CDNAF,"Canadian Tire Corporation, Limited",133.34,2026-06-16T00:18:34.232333+00:00,False,+29.7%,True,$7015.4M,,,False,20.3K,False,$133.34 / SMA $134.31,False,1.76%,False,+-20.8%,True,48.6M,False,PNK,False,
CDNL,Cardinal Infrastructure Group Inc.,71.415,2026-06-16T00:22:21.871860+00:00,True,+224.9%,True,$1092.1M,False,+-44.5%,False,497.0K,True,$71.42 / SMA $53.01,True,8.16%,True,+104.8%,True,12.8M,True,NMS,False,
CDNS,"Cadence Design Systems, Inc.",394.5,2026-06-15T23:54:02.356536+00:00,False,+50.1%,True,$108809.4M,False,+23.0%,True,2373.7K,True,$394.50 / SMA $347.38,True,4.17%,False,+18.7%,False,274.5M,True,NMS,False,
CDPYF,Canadian Apartment Properties Real Estate Investment Trust,25.72,2026-06-16T00:20:25.354613+00:00,False,+7.1%,True,$3977.9M,False,+-2497.4%,False,28.3K,False,$25.72 / SMA $25.80,False,0.86%,False,+-2.1%,False,152.8M,False,PNK,False,
CDRE,"Cadre Holdings, Inc.",29.09,2026-06-16T00:00:03.141979+00:00,False,+13.1%,True,$1245.0M,False,+-78.3%,False,399.2K,False,$29.09 / SMA $30.41,True,4.52%,False,+19.5%,True,27.8M,True,NYQ,False,
CDUAF,Canadian Utilities Limited,36.86,2026-06-16T00:31:25.484271+00:00,False,+39.5%,True,$10037.6M,False,+-6.3%,False,12.7K,True,$36.86 / SMA $35.65,False,1.14%,False,+-0.1%,True,129.0M,False,OQX,False,
CE,Celanese Corporation,53.77,2026-06-15T23:56:20.916642+00:00,False,+53.1%,True,$5896.6M,True,+310.5%,True,2143.6K,False,$53.77 / SMA $59.40,True,4.14%,False,+-2.2%,True,102.1M,True,NYQ,False,
CEBCF,China Everbright Bank Company Limited,0.425,2026-06-16T00:31:01.192916+00:00,False,+12.8%,True,$25111.4M,,N/A,False,2.2K,True,$0.42 / SMA $0.42,False,0.00%,False,+-3.6%,False,28546.6M,False,PNK,False,
CEF,Sprott Physical Gold and Silver Trust,45.02,2026-06-15T23:54:36.587423+00:00,False,+51.6%,True,$8325.4M,False,+-28.5%,True,750.2K,False,$45.02 / SMA $47.69,False,2.14%,False,+-31.1%,,,True,ASE,False,
CEG,Constellation Energy Corporation,262.35,2026-06-16T00:17:35.627346+00:00,False,+9.1%,True,$93685.7M,True,+1081.6%,True,3405.1K,False,$262.35 / SMA $284.63,True,3.46%,True,+63.8%,False,337.7M,True,NMS,False,
CELC,Celcuity Inc.,88.24,2026-06-15T23:56:15.977637+00:00,True,+682.6%,True,$4303.1M,False,+-12.8%,True,1224.0K,False,$88.24 / SMA $119.72,True,7.49%,,,True,26.8M,True,NCM,False,
CELJF,Cellcom Israel Ltd.,12.31,2026-06-16T00:35:38.391004+00:00,True,+310.3%,True,$2075.2M,False,+20.0%,False,0.4K,True,$12.31 / SMA $11.47,False,1.85%,False,+-8.9%,True,112.0M,False,PNK,False,
CENT,Central Garden & Pet Company,43.18,2026-06-16T00:10:04.053167+00:00,False,+50.1%,True,$2701.8M,True,+30.6%,False,76.8K,True,$43.18 / SMA $38.42,False,2.29%,False,+8.7%,True,57.4M,True,NMS,False,
CENTA,Central Garden & Pet Company,37.94,2026-06-15T23:58:16.635516+00:00,False,+46.1%,True,$2373.9M,True,+30.6%,False,321.7K,True,$37.94 / SMA $34.33,False,2.43%,False,+8.7%,True,57.4M,True,NMS,False,
CENX,Century Aluminum Company,54.55,2026-06-16T00:33:10.746271+00:00,True,+228.8%,True,$5399.0M,True,+1013.8%,True,1891.4K,False,$54.55 / SMA $62.36,True,6.61%,False,+2.4%,True,68.6M,True,NMS,False,
CEPT,"Cantor Equity Partners II, Inc.",11.93,2026-06-16T00:15:29.087993+00:00,False,+15.5%,True,$364.8M,True,+9109.0%,True,640.4K,True,$11.93 / SMA $11.91,True,5.32%,,,True,19.7M,True,NGM,False,
CEPU,Central Puerto S.A.,15.86,2026-06-16T00:22:17.956910+00:00,True,+113.5%,True,$2378.8M,True,+127.1%,False,376.3K,True,$15.86 / SMA $15.03,True,4.60%,True,+63.1%,True,96.4M,True,NYQ,False,
CERT,"Certara, Inc.",5.21,2026-06-16T00:24:29.796081+00:00,False,+17.1%,True,$810.5M,False,+-300.0%,True,3959.5K,False,$5.21 / SMA $5.61,True,6.07%,False,+0.9%,True,107.3M,True,NMS,False,
CET,Central Securities Corporation,53.11,2026-06-16T00:35:51.083228+00:00,False,+14.3%,True,$1569.4M,,N/A,False,36.4K,True,$53.11 / SMA $52.43,False,1.62%,,N/A,True,17.3M,True,ASE,False,
CF,"CF Industries Holdings, Inc.",106.9,2026-06-16T00:18:04.774435+00:00,False,+41.7%,True,$16423.0M,True,+115.1%,True,3979.3K,False,$106.90 / SMA $119.73,True,3.90%,False,+19.4%,False,152.6M,True,NYQ,False,
CFFN,"Capitol Federal Financial, Inc.",8.12,2026-06-16T00:00:14.193511+00:00,False,+42.2%,True,$1010.1M,True,+33.3%,True,861.5K,True,$8.12 / SMA $7.71,False,1.90%,False,+18.9%,True,107.2M,True,NMS,False,
CFPZF,Canfor Corporation,10.11,2026-06-16T00:37:45.637934+00:00,False,+29.1%,True,$1187.9M,False,+-17.0%,False,25.9K,True,$10.11 / SMA $9.38,False,2.10%,False,+5.7%,True,53.5M,False,PNK,False,
CFRUY,Compagnie Financière Richemont SA,22.47,2026-06-16T00:05:45.593295+00:00,False,+44.2%,True,$132110.2M,,,True,534.4K,True,$22.47 / SMA $19.89,False,1.99%,,,False,5345.8M,False,PNK,False,
CFWFF,Calfrac Well Services Ltd.,4.74,2026-06-16T00:13:51.333510+00:00,True,+124.6%,True,$476.2M,True,+171.4%,False,13.9K,True,$4.74 / SMA $4.33,False,2.57%,False,+-17.5%,True,66.9M,False,PNK,False,
CG,The Carlyle Group Inc.,46.24,2026-06-16T00:18:07.986718+00:00,False,+11.3%,True,$16645.2M,False,+-205.7%,True,3282.7K,False,$46.24 / SMA $47.51,True,3.20%,False,+-47.1%,False,264.6M,True,NMS,False,
CGASY,China Resources Gas Group Limited,21.81,2026-06-16T00:33:19.322587+00:00,False,+7.7%,True,$4937.8M,,N/A,False,0.0K,False,$21.81 / SMA $23.43,False,0.00%,,N/A,True,87.8M,False,PNK,False,
CGAU,Centerra Gold Inc.,16.95,2026-06-16T00:22:05.495651+00:00,True,+152.6%,True,$3366.2M,True,+200.0%,True,1913.4K,False,$16.95 / SMA $17.68,True,4.27%,True,+61.8%,False,198.1M,True,NYQ,False,
CGBD,"Carlyle Secured Lending, Inc.",10.96,2026-06-16T00:01:39.485354+00:00,False,+4.6%,True,$761.7M,False,+-124.0%,True,697.2K,False,$10.96 / SMA $11.22,False,2.11%,False,+-107.5%,,,True,NMS,False,
CGCTU,Cartesian Growth Corporation III,12.01,2026-06-16T00:40:12.370004+00:00,False,+30.4%,,N/A,,N/A,False,1.1K,True,$12.01 / SMA $11.37,True,10.46%,,N/A,True,21.4M,True,NGM,False,
CGECF,Cogeco Inc.,45.975,2026-06-16T00:13:51.601049+00:00,False,+16.1%,True,$435.4M,False,+4.8%,False,0.2K,False,$45.98 / SMA $46.29,False,0.01%,False,+-5.3%,True,7.7M,False,PNK,False,
CGEM,"Cullinan Therapeutics, Inc.",13.61,2026-06-16T00:24:28.795391+00:00,True,+139.6%,True,$836.4M,False,+-1.4%,True,951.7K,False,$13.61 / SMA $14.46,True,8.35%,,,True,44.3M,True,NMS,False,
CGEMY,Capgemini SE,22.25,2026-06-15T23:54:20.977006+00:00,False,+3.3%,True,$18594.4M,,,False,315.1K,False,$22.25 / SMA $23.21,False,2.78%,,,False,847.0M,False,PNK,False,
CGGGF,Coats Group plc,1.13,2026-06-15T23:58:17.557138+00:00,False,+17.5%,True,$2163.2M,,,False,2.5K,True,$1.13 / SMA $1.10,False,0.47%,,,False,1900.6M,False,PNK,False,
CGHLY,China Gas Holdings Limited,21.7,2026-06-16T00:08:13.452569+00:00,False,+4.6%,True,$4729.0M,,,False,0.1K,False,$21.70 / SMA $22.83,False,0.00%,,,True,125.5M,False,PNK,False,
CGHOF,China Gas Holdings Limited,1.16,2026-06-16T00:20:17.070411+00:00,False,+30.3%,True,$6319.9M,,,False,0.1K,True,$1.16 / SMA $0.95,False,0.00%,,,False,3138.5M,False,PNK,False,
CGIFF,Chemtrade Logistics Income Fund,11.8,2026-06-16T00:24:10.327683+00:00,False,+47.9%,True,$1315.3M,False,+-23.3%,False,9.6K,False,$11.80 / SMA $11.99,False,1.07%,False,+7.9%,True,110.8M,False,OQX,False,
CGJTF,Cargojet Inc.,57.77,2026-06-16T00:11:58.372547+00:00,False,+23.9%,True,$862.0M,,,False,7.9K,False,$57.77 / SMA $59.71,False,0.23%,False,+-13.1%,True,14.5M,False,PNK,False,
CGMBF,"China Minsheng Banking Corp., Ltd.",0.45675,2026-06-16T00:18:00.591781+00:00,False,+0.0%,True,$21763.0M,,,False,0.1K,False,$0.46 / SMA $0.48,False,0.00%,False,+9.2%,False,31524.2M,False,PNK,False,
CGMLF,Chalice Mining Limited,1.0,2026-06-16T00:26:44.954957+00:00,False,+31.6%,True,$389.5M,,,False,2.4K,False,$1.00 / SMA $1.05,False,1.32%,,,False,351.9M,False,PNK,False,
CGNMF,CGN Mining Company Limited,0.365,2026-06-16T00:37:46.602571+00:00,True,+88.5%,True,$2774.2M,,N/A,False,29.3K,False,$0.36 / SMA $0.47,False,0.36%,,N/A,False,3321.9M,False,PNK,False,
CGNT,Cognyte Software Ltd.,8.85,2026-06-16T00:01:39.916693+00:00,False,+40.7%,True,$652.3M,False,+-300.0%,True,677.1K,False,$8.85 / SMA $9.76,True,4.57%,False,+10.4%,True,51.5M,True,NMS,False,
CGNX,Cognex Corporation,65.9,2026-06-16T00:06:21.218698+00:00,True,+125.5%,True,$10967.0M,True,+121.4%,True,2135.8K,True,$65.90 / SMA $59.91,True,4.13%,False,+24.3%,False,158.7M,True,NMS,False,
CGON,"CG Oncology, Inc.",59.55,2026-06-16T00:20:13.164601+00:00,True,+151.8%,True,$5252.5M,False,+-57.8%,True,1107.4K,False,$59.55 / SMA $64.93,True,5.19%,True,+1982.7%,True,65.8M,True,NMS,False,
CGRIF,"Canadian General Investments, Limited",36.88,2026-06-16T00:24:30.987017+00:00,False,+32.2%,,,,,False,0.2K,False,$36.88 / SMA $37.12,False,0.18%,,,,,False,PNK,False,
CHA,Chagee Holdings Limited,11.8,2026-06-15T23:59:52.649876+00:00,False,+31.4%,True,$2251.0M,False,+-33.9%,True,635.8K,True,$11.80 / SMA $10.78,True,5.26%,False,+4.5%,True,31.4M,True,NMS,False,
CHBAY,"The Chiba Bank, Ltd.",72.07,2026-06-16T00:18:22.032349+00:00,False,+63.5%,True,$9984.3M,,,False,0.5K,True,$72.07 / SMA $69.66,False,0.00%,False,+22.1%,True,139.5M,False,PNK,False,
CHCLY,"Citizen Watch Co., Ltd.",70.88,2026-06-15T23:57:55.635101+00:00,True,+156.2%,True,$3458.9M,,,False,0.0K,True,$70.88 / SMA $50.24,False,0.00%,,,True,41.5M,False,PNK,False,
CHCO,City Holding Company,127.97,2026-06-15T23:59:54.431575+00:00,False,+13.0%,True,$1805.8M,False,+6.8%,False,113.8K,True,$127.97 / SMA $124.73,False,1.85%,False,+6.6%,True,13.9M,True,NMS,False,
CHCT,Community Healthcare Trust Incorporated,17.59,2026-06-16T00:26:32.934971+00:00,False,+33.0%,True,$502.6M,True,+133.3%,False,191.8K,True,$17.59 / SMA $17.08,False,2.14%,False,+4.8%,True,25.3M,True,NYQ,False,
CHD,"Church & Dwight Co., Inc.",98.32,2026-06-16T00:06:05.220058+00:00,False,+20.9%,True,$23296.3M,False,+2.2%,True,2028.8K,True,$98.32 / SMA $95.14,False,2.15%,False,+0.1%,False,236.2M,True,NYQ,False,
CHDN,Churchill Downs Incorporated,92.3,2026-06-16T00:08:09.153538+00:00,False,+15.0%,True,$6433.0M,False,+13.7%,True,920.4K,True,$92.30 / SMA $90.05,True,3.14%,False,+3.1%,True,65.8M,True,NMS,False,
CHDRF,Christian Dior SE,551.142,2026-06-15T23:54:02.999298+00:00,False,+14.0%,True,$99431.8M,,,False,0.0K,True,$551.14 / SMA $517.12,False,0.00%,,,True,3.4M,False,PNK,False,
CHDRY,Christian Dior SE,130.66,2026-06-16T00:17:36.910957+00:00,False,+12.6%,True,$94289.8M,,,False,0.1K,True,$130.66 / SMA $129.87,False,2.68%,,,True,13.7M,False,PNK,False,
CHE,Chemed Corporation,423.49,2026-06-15T23:56:20.579839+00:00,False,+16.0%,True,$5621.5M,False,+-0.4%,False,249.2K,True,$423.49 / SMA $416.26,False,2.86%,False,+1.6%,True,13.0M,True,NYQ,False,
CHEAF,China Eastern Airlines Corporation Limited,0.4703,2026-06-16T00:18:08.923412+00:00,False,+37.5%,True,$10387.9M,True,+275.0%,False,0.4K,False,$0.47 / SMA $0.55,False,0.29%,False,+10.9%,False,6041.4M,False,PNK,False,
CHEF,"The Chefs' Warehouse, Inc.",94.06,2026-06-15T23:58:03.507722+00:00,True,+76.8%,True,$3835.5M,True,+60.0%,False,472.5K,True,$94.06 / SMA $74.76,True,3.37%,False,+11.4%,True,36.8M,True,NMS,False,
CHEOF,Cochlear Limited,73.55,2026-06-16T00:08:18.018804+00:00,False,+14.2%,True,$4810.1M,,,False,1.1K,False,$73.55 / SMA $84.65,False,0.37%,,,True,65.2M,False,PNK,False,
CHEOY,Cochlear Limited,36.64,2026-06-16T00:08:17.095502+00:00,False,+15.1%,True,$4792.4M,,,False,81.4K,False,$36.64 / SMA $41.90,False,2.20%,,,True,130.3M,False,PNK,False,
CHGCF,"Chugai Pharmaceutical Co., Ltd.",45.078,2026-06-16T00:30:47.862387+00:00,False,+15.5%,True,$74187.7M,,N/A,False,8.1K,False,$45.08 / SMA $51.39,True,4.07%,,N/A,False,639.8M,False,PNK,False,
CHGCY,"Chugai Pharmaceutical Co., Ltd.",23.33,2026-06-16T00:05:48.071733+00:00,False,+19.6%,True,$76791.3M,,,False,260.3K,False,$23.33 / SMA $25.58,False,2.46%,,,False,1279.7M,False,PNK,False,
CHH,"Choice Hotels International, Inc.",112.0,2026-06-16T00:33:21.370484+00:00,False,+33.3%,True,$5095.5M,False,+-53.2%,True,640.3K,True,$112.00 / SMA $110.55,True,4.16%,False,+2.3%,True,35.2M,True,NYQ,False,
CHHQF,China Hongqiao Group Limited,3.565,2026-06-16T00:17:48.262807+00:00,True,+118.7%,True,$35006.2M,,,False,12.7K,True,$3.56 / SMA $2.99,True,4.64%,,,False,3713.7M,False,PNK,False,
CHHQY,China Hongqiao Group Limited,36.48,2026-06-15T23:54:11.804377+00:00,True,+121.1%,True,$35821.2M,,,False,0.3K,False,$36.48 / SMA $40.24,False,0.02%,,,False,371.4M,False,PNK,False,
CHI,Calamos Convertible Opportunities and Income Fund,12.84,2026-06-16T00:24:21.698691+00:00,False,+28.4%,True,$1036.3M,,,False,182.1K,True,$12.84 / SMA $12.07,False,1.99%,,,,,True,NGM,False,
CHKIF,China Southern Airlines Company Limited,0.47,2026-06-16T00:06:18.185904+00:00,False,+34.3%,True,$8516.9M,True,+240.0%,False,1.2K,False,$0.47 / SMA $0.50,False,0.00%,False,+10.1%,False,5491.4M,False,PNK,False,
CHLSY,Chocoladefabriken Lindt & Sprüngli AG,11.52,2026-06-16T00:31:02.366218+00:00,False,+4.8%,True,$26577.8M,,N/A,False,49.4K,False,$11.52 / SMA $12.18,True,5.19%,,N/A,False,225.0M,False,PNK,False,
CHMG,Chemung Financial Corporation,70.5,2026-06-16T00:40:14.265441+00:00,False,+63.2%,True,$339.8M,True,+51.6%,False,26.8K,True,$70.50 / SMA $66.33,False,2.93%,False,+16.3%,True,3.5M,True,NMS,False,
CHPXF,"China Pacific Insurance (Group) Co., Ltd.",5.45,2026-06-16T00:17:46.213528+00:00,False,+49.3%,True,$64183.5M,False,+-6.0%,False,1.3K,True,$5.45 / SMA $4.20,False,0.02%,False,+-1.3%,False,6156.6M,False,PNK,False,
CHRCF,CHRCF,4.4044,2026-06-16T00:13:49.354070+00:00,True,+76.9%,True,$513.1M,,,False,0.1K,False,$4.40 / SMA $5.07,False,0.06%,,,True,70.0M,False,PNK,False,
CHRD,Chord Energy Corporation,127.6,2026-06-16T00:31:31.332407+00:00,False,+51.5%,True,$7183.8M,False,+-48.1%,True,870.0K,False,$127.60 / SMA $137.57,True,3.51%,True,+37.1%,True,52.9M,True,NMS,False,
CHRRF,Chorus Aviation Inc.,17.47,2026-06-16T00:39:59.473659+00:00,False,+22.2%,True,$401.5M,False,+-58.6%,False,0.5K,True,$17.47 / SMA $17.22,False,0.14%,False,+-6.5%,True,17.6M,False,PNK,False,
CHRYY,Chorus Limited,28.43,2026-06-16T00:35:27.783115+00:00,False,+21.0%,True,$2467.1M,,N/A,False,0.2K,True,$28.43 / SMA $28.42,False,0.23%,,N/A,True,100.0M,False,PNK,False,
CHSCL,CHS Inc.,25.5744,2026-06-16T00:40:12.264706+00:00,False,+1.7%,,N/A,,N/A,False,21.0K,False,$25.57 / SMA $25.68,False,0.54%,,N/A,,N/A,True,NMS,False,
CHSCN,CHS Inc.,24.99,2026-06-16T00:26:54.029789+00:00,False,+2.6%,,,,,False,21.4K,False,$24.99 / SMA $25.22,False,0.62%,,,,,True,NMS,False,
CHSCP,CHS Inc.,27.5935,2026-06-16T00:15:36.500182+00:00,False,+1.6%,,,,,False,13.3K,False,$27.59 / SMA $27.72,False,0.83%,,,,,True,NMS,False,
CHT,"Chunghwa Telecom Co., Ltd.",45.99,2026-06-15T23:54:13.174434+00:00,False,+17.1%,True,$35676.5M,False,+3.2%,False,171.1K,True,$45.99 / SMA $43.70,False,1.23%,False,+7.7%,False,1660.5M,True,NYQ,False,
CHTR,"Charter Communications, Inc.",143.71,2026-06-15T23:54:20.972385+00:00,False,+13.4%,True,$22516.2M,False,+8.9%,True,2855.1K,False,$143.71 / SMA $171.42,True,4.78%,False,+-1.0%,True,80.4M,True,NMS,False,
CHUEF,"Chubu Electric Power Company, Incorporated",17.45,2026-06-16T00:06:17.175770+00:00,True,+71.6%,True,$13181.6M,,,False,0.2K,True,$17.45 / SMA $16.71,False,0.00%,,,False,738.3M,False,PNK,False,
CHW,Calamos Global Dynamic Income Fund,8.82,2026-06-16T00:13:45.357309+00:00,False,+30.7%,True,$563.3M,,,False,218.8K,True,$8.82 / SMA $8.38,False,2.04%,,,,,True,NGM,False,
CHWRF,China Tower Corporation Limited,1.1,2026-06-15T23:54:19.191217+00:00,False,+15.1%,True,$19229.3M,,,False,0.1K,True,$1.10 / SMA $1.08,False,0.00%,,,False,4546.4M,False,PNK,False,
CHWY,"Chewy, Inc.",19.34,2026-06-15T23:54:37.523763+00:00,False,+6.1%,True,$7918.3M,True,+53.3%,True,8916.3K,False,$19.34 / SMA $23.38,True,5.03%,False,+7.7%,True,54.4M,True,NYQ,False,
CHY,Calamos Convertible and High Income Fund,13.11,2026-06-16T00:24:20.525016+00:00,False,+25.9%,True,$1053.1M,,,False,214.8K,True,$13.11 / SMA $12.38,False,2.19%,,,,,True,NGM,False,
CHYCF,Chiyoda Corporation,4.15,2026-06-16T00:24:11.536701+00:00,True,+124.3%,True,$1075.5M,,,False,0.0K,False,$4.15 / SMA $6.67,False,0.00%,,,False,165.2M,False,PNK,False,
CHYCY,Chiyoda Corporation,4.45,2026-06-16T00:11:51.677267+00:00,True,+128.2%,True,$1153.3M,,,False,0.2K,False,$4.45 / SMA $5.73,False,0.00%,,,False,165.2M,False,PNK,False,
CI,The Cigna Group,293.83,2026-06-16T00:17:39.978463+00:00,False,+22.7%,True,$77727.6M,True,+29.1%,True,1637.8K,True,$293.83 / SMA $281.81,False,2.35%,True,+317.1%,False,263.2M,True,NYQ,False,
CIADY,China Mengniu Dairy Company Limited,21.14,2026-06-16T00:31:30.674865+00:00,False,+18.7%,True,$8178.4M,,N/A,False,5.5K,True,$21.14 / SMA $20.99,False,0.84%,,N/A,False,292.6M,False,PNK,False,
CIAFF,Champion Iron Limited,2.86,2026-06-16T00:10:06.290055+00:00,False,+22.7%,True,$1601.7M,,,False,12.6K,False,$2.86 / SMA $3.47,True,4.01%,False,+-2.5%,False,395.9M,False,OQX,False,
CIB,Grupo Cibest S.A.,80.14,2026-06-15T23:54:23.413159+00:00,True,+90.5%,True,$19014.4M,False,+-15.1%,False,377.7K,True,$80.14 / SMA $70.70,True,3.30%,False,+10.9%,False,591.9M,True,NYQ,False,
CIBEY,Commercial International Bank Egypt (CIB) S.A.E.,2.59,2026-06-16T00:18:29.507109+00:00,False,+67.1%,True,$8545.1M,False,+7.2%,False,13.0K,True,$2.59 / SMA $2.45,True,3.22%,False,+21.9%,False,2683.7M,False,OQX,False,
CICHF,China Construction Bank Corporation,1.11,2026-06-16T00:05:42.435603+00:00,False,+24.7%,True,$290376.4M,,,False,117.7K,True,$1.11 / SMA $1.10,True,5.09%,False,+16.8%,False,102976.4M,False,PNK,False,
CICHY,China Construction Bank Corporation,22.94,2026-06-16T00:17:35.926873+00:00,False,+26.0%,True,$300055.6M,,,False,74.8K,True,$22.94 / SMA $22.23,False,1.39%,False,+16.8%,False,5148.8M,False,PNK,False,
CICOF,"COSCO SHIPPING Holdings Co., Ltd.",1.87,2026-06-16T00:17:53.286051+00:00,False,+17.6%,True,$28550.8M,,,False,3.6K,True,$1.87 / SMA $1.86,False,0.08%,,,False,7179.3M,False,PNK,False,
CICOY,"COSCO SHIPPING Holdings Co., Ltd.",8.96,2026-06-15T23:54:13.547126+00:00,False,+20.6%,True,$27359.9M,,,False,13.3K,False,$8.96 / SMA $9.20,False,1.98%,,,False,1435.9M,False,PNK,False,
CIFR,Cipher Digital Inc.,26.03,2026-06-16T00:06:26.421342+00:00,True,+691.2%,True,$10647.6M,False,+-154.5%,True,25230.8K,True,$26.03 / SMA $20.36,True,9.86%,False,+-28.8%,False,336.8M,True,NMS,False,
CII,"BlackRock Enhanced Large Cap Core Fund, Inc.",24.86,2026-06-16T00:24:21.457176+00:00,False,+22.6%,True,$1018.9M,,,False,74.5K,True,$24.86 / SMA $24.11,False,1.73%,,,,,True,NYQ,False,
CILJF,China Life Insurance Company Limited,3.79,2026-06-16T00:17:33.872082+00:00,False,+64.8%,True,$107123.2M,False,+-32.4%,False,17.8K,True,$3.79 / SMA $3.61,True,3.28%,True,+47.3%,False,8941.3M,False,PNK,False,
CINF,Cincinnati Financial Corporation,169.34,2026-06-16T00:31:03.472084+00:00,False,+18.1%,True,$26194.7M,True,+407.0%,True,720.0K,True,$169.34 / SMA $163.83,False,1.75%,False,+11.6%,False,151.8M,True,NMS,False,
CINT,CI&T Inc.,3.96,2026-06-16T00:26:39.687768+00:00,False,+25.3%,True,$509.0M,False,+20.0%,False,131.4K,False,$3.96 / SMA $4.08,True,6.55%,False,+23.2%,True,16.8M,True,NYQ,False,
CION,CION Investment Corporation,7.03,2026-06-16T00:40:15.808537+00:00,False,+8.2%,True,$350.0M,True,+43.8%,True,604.1K,True,$7.03 / SMA $6.96,False,2.67%,True,+50.5%,,N/A,True,NYQ,False,
CIXPF,"CaixaBank, S.A.",13.0375,2026-06-16T00:30:46.961093+00:00,False,+55.2%,True,$90770.5M,False,+4.3%,False,1.1K,True,$13.04 / SMA $12.82,False,0.02%,False,+1.6%,False,3502.6M,False,PNK,False,
CJEWY,Chow Tai Fook Jewellery Group Limited,14.45,2026-06-16T00:06:15.559245+00:00,False,+14.7%,True,$14254.8M,,,False,0.1K,True,$14.45 / SMA $14.18,False,0.00%,,,False,209.5M,False,PNK,False,
CJPRY,Central Japan Railway Company,10.51,2026-06-16T00:31:07.661730+00:00,False,+2.5%,True,$20079.5M,,N/A,False,125.7K,False,$10.51 / SMA $11.79,False,1.04%,,N/A,False,1877.8M,False,PNK,False,
CKHUF,CK Hutchison Holdings Limited,8.503,2026-06-16T00:17:52.278516+00:00,False,+52.1%,True,$32566.9M,,,False,13.2K,True,$8.50 / SMA $8.34,False,0.84%,,,False,2650.5M,False,PNK,False,
CKISF,CK Infrastructure Holdings Limited,7.25,2026-06-16T00:06:08.686502+00:00,False,+16.0%,True,$18267.2M,,,False,0.0K,False,$7.25 / SMA $8.02,False,0.00%,,,False,607.2M,False,PNK,False,
CL,Colgate-Palmolive Company,90.58,2026-06-15T23:54:05.178417+00:00,False,+21.5%,True,$72481.2M,False,+-5.9%,True,5620.1K,True,$90.58 / SMA $86.78,False,2.37%,False,+8.4%,False,750.8M,True,NYQ,False,
CLB,Core Laboratories Inc.,12.72,2026-06-16T00:01:52.835878+00:00,False,+30.9%,True,$586.3M,False,+-506.6%,False,475.1K,False,$12.72 / SMA $14.77,True,4.53%,False,+-1.4%,True,45.4M,True,NYQ,False,
CLBEY,"Calbee, Inc.",4.61,2026-06-16T00:10:02.082926+00:00,False,+13.9%,True,$2242.1M,,,False,0.2K,False,$4.61 / SMA $4.65,False,1.27%,,,False,254.8M,False,PNK,False,
CLBK,"Columbia Financial, Inc.",20.12,2026-06-16T00:22:20.726636+00:00,False,+47.3%,True,$2093.7M,True,+44.4%,False,315.2K,True,$20.12 / SMA $19.33,False,2.05%,False,+14.2%,True,26.4M,True,NMS,False,
CLBR,Colombier Acquisition Corp. III,10.25,2026-06-16T00:15:28.611397+00:00,False,+2.4%,True,$410.2M,,,False,41.6K,True,$10.25 / SMA $10.13,False,0.47%,,,True,19.3M,True,NYQ,False,
CLBR.U,CLBR.U,,2026-06-16T00:15:28.591878+00:00,False,,False,,False,,False,,False,,False,,False,,False,,False,Unknown,False,No price data available
CLBT,Cellebrite DI Ltd.,13.05,2026-06-16T00:33:42.206923+00:00,False,+18.4%,True,$3255.2M,False,+-42.9%,True,2063.6K,False,$13.05 / SMA $13.21,True,5.25%,False,+19.3%,True,122.2M,True,NMS,False,
CLCGY,Clicks Group Limited,28.99,2026-06-16T00:33:39.500421+00:00,False,+2.8%,True,$3389.7M,,N/A,False,17.6K,False,$28.99 / SMA $32.13,False,2.16%,,N/A,True,116.9M,False,PNK,False,
CLDT,Chatham Lodging Trust,12.73,2026-06-16T00:26:32.544631+00:00,True,+109.4%,True,$624.8M,False,+-1200.0%,False,364.5K,True,$12.73 / SMA $9.85,False,2.69%,False,+-1.6%,True,43.1M,True,NYQ,False,
CLEGF,Coles Group Limited,15.545,2026-06-16T00:31:08.217875+00:00,False,+17.8%,True,$21846.4M,,N/A,False,0.0K,False,$15.54 / SMA $15.73,False,0.00%,,N/A,False,1334.1M,False,PNK,False,
CLF,Cleveland-Cliffs Inc.,13.63,2026-06-16T00:20:11.384161+00:00,True,+102.8%,True,$7774.8M,True,+58.0%,True,18073.4K,True,$13.63 / SMA $11.08,True,6.52%,False,+6.3%,False,564.3M,True,NYQ,False,
CLFD,"Clearfield, Inc.",40.09,2026-06-16T00:26:21.850014+00:00,False,+68.7%,True,$544.8M,False,+-144.4%,False,283.4K,True,$40.09 / SMA $36.66,True,8.08%,False,+-15.3%,True,10.3M,True,NGM,False,
CLH,"Clean Harbors, Inc.",284.03,2026-06-15T23:54:25.889087+00:00,False,+41.1%,True,$15009.9M,False,+9.2%,True,540.3K,False,$284.03 / SMA $295.73,False,2.55%,False,+1.9%,True,50.1M,True,NYQ,False,
CLILF,CapitaLand Investment Limited,1.992,2026-06-16T00:06:22.524420+00:00,False,+29.4%,True,$9947.1M,,,False,7.5K,False,$1.99 / SMA $2.14,False,0.00%,,,False,2291.2M,False,PNK,False,
CLLNY,"Cellnex Telecom, S.A.",16.65,2026-06-16T00:06:05.498915+00:00,False,+17.4%,True,$22192.8M,False,+21.9%,False,243.4K,False,$16.65 / SMA $16.71,False,1.72%,False,+2.1%,False,1048.5M,False,PNK,False,
CLMB,"Climb Global Solutions, Inc.",23.08,2026-06-16T00:03:42.513384+00:00,False,+51.3%,True,$429.2M,False,+-11.1%,False,194.7K,True,$23.08 / SMA $21.29,True,5.54%,True,+32.1%,True,15.4M,True,NGM,False,
CLMT,"Calumet, Inc.",33.41,2026-06-16T00:35:21.287245+00:00,True,+158.2%,True,$2911.6M,False,+-94.7%,True,1113.0K,False,$33.41 / SMA $33.52,True,3.97%,False,+3.6%,True,58.4M,True,NMS,False,
CLNFF,Calian Group Ltd.,58.87,2026-06-16T00:38:02.126108+00:00,True,+75.6%,True,$676.4M,True,+2800.0%,False,1.1K,True,$58.87 / SMA $55.84,False,1.10%,False,+18.1%,True,11.4M,False,PNK,False,
CLNXF,"Cellnex Telecom, S.A.",33.644,2026-06-16T00:06:05.175022+00:00,False,+17.3%,True,$22422.0M,False,+21.9%,False,4.4K,True,$33.64 / SMA $33.59,False,0.28%,False,+2.1%,False,524.3M,False,PNK,False,
CLOV,"Clover Health Investments, Corp.",4.81,2026-06-16T00:10:07.542791+00:00,True,+204.4%,True,$2533.4M,,,True,7324.5K,True,$4.81 / SMA $3.12,True,7.13%,True,+62.0%,False,408.7M,True,NMS,False,
CLPBF,Coloplast A/S,59.82,2026-06-16T00:31:15.997925+00:00,False,+4.4%,True,$13864.8M,False,+-193.1%,False,1.2K,False,$59.82 / SMA $63.25,False,0.25%,False,+0.8%,True,143.5M,False,PNK,False,
CLPHF,CLPHF,10.01,2026-06-16T00:31:04.744264+00:00,False,+26.7%,True,$25289.8M,,N/A,False,1.6K,True,$10.01 / SMA $9.68,False,0.00%,,N/A,False,1812.3M,False,PNK,False,
CLPT,"ClearPoint Neuro, Inc.",13.52,2026-06-16T00:15:36.233765+00:00,False,+63.5%,True,$405.5M,False,+-45.5%,True,586.7K,True,$13.52 / SMA $11.61,True,7.62%,True,+42.9%,True,26.3M,True,NCM,False,
CLPXY,China Longyuan Power Group Corporation Limited,7.65,2026-06-16T00:18:09.358756+00:00,False,+1.5%,True,$12393.6M,,,False,1.5K,False,$7.65 / SMA $8.24,False,2.76%,False,+-26.6%,False,345.1M,False,PNK,False,
CLRPF,Clarity Pharmaceuticals Ltd,1.613,2026-06-16T00:24:32.230936+00:00,False,+24.0%,True,$601.6M,,,False,7.6K,False,$1.61 / SMA $2.04,True,3.86%,,,False,265.4M,False,PNK,False,
CLSK,"CleanSpark, Inc.",17.14,2026-06-16T00:33:31.831845+00:00,True,+114.2%,True,$4398.3M,False,+-210.2%,True,21767.5K,True,$17.14 / SMA $13.87,True,8.54%,False,+-24.9%,False,247.7M,True,NCM,False,
CLVLY,Clinuvel Pharmaceuticals Limited,6.26,2026-06-16T00:15:38.347659+00:00,False,+4.7%,True,$326.5M,,,False,1.4K,False,$6.26 / SMA $6.61,False,2.62%,,,True,41.6M,False,PNK,False,
CLVT,Clarivate Plc,2.12,2026-06-16T00:11:45.672945+00:00,False,+27.7%,True,$1355.1M,True,+60.0%,True,5193.7K,False,$2.12 / SMA $2.52,True,5.94%,False,+-1.4%,False,467.8M,True,NYQ,False,
CLX,The Clorox Company,95.98,2026-06-16T00:31:21.292113+00:00,False,+13.3%,True,$11606.0M,False,+2.7%,True,2826.6K,True,$95.98 / SMA $95.57,False,2.88%,False,+0.1%,True,120.5M,True,NYQ,False,
CLZNY,Clariant AG,9.86,2026-06-16T00:09:43.961185+00:00,False,+16.7%,True,$3242.7M,,,False,0.2K,False,$9.86 / SMA $9.86,False,0.07%,,,False,194.6M,False,PNK,False,
CM,Canadian Imperial Bank of Commerce,113.67,2026-06-16T00:30:45.785226+00:00,False,+66.4%,True,$103758.1M,False,+24.0%,True,1390.4K,True,$113.67 / SMA $109.40,False,1.84%,False,+14.0%,False,913.8M,True,NYQ,False,
CMAKY,"China Minsheng Banking Corp., Ltd.",4.06,2026-06-16T00:06:07.075319+00:00,False,+0.0%,True,$21305.2M,,,False,0.4K,False,$4.06 / SMA $4.51,False,0.93%,False,+9.2%,False,3152.4M,False,PNK,False,
CMBT,Cmb.Tech NV,15.43,2026-06-16T00:08:15.222592+00:00,True,+98.3%,True,$4477.3M,True,+452.2%,True,1631.4K,True,$15.43 / SMA $13.92,True,3.30%,True,+121.1%,True,111.4M,True,NYQ,True,
CMCL,Caledonia Mining Corporation Plc,20.98,2026-06-16T00:02:05.627127+00:00,False,+14.0%,True,$405.2M,True,+77.8%,False,198.4K,False,$20.98 / SMA $23.18,True,4.76%,False,+18.3%,True,14.5M,True,ASE,False,
CMCSA,Comcast Corporation,23.97,2026-06-16T00:30:47.282687+00:00,False,+3.6%,True,$85626.3M,False,+-32.6%,True,33369.0K,False,$23.97 / SMA $26.26,False,2.53%,False,+5.3%,False,3534.5M,True,NMS,False,
CMDB,Costamare Bulkers Holdings Limited,17.29,2026-06-16T00:39:54.306598+00:00,True,+104.4%,True,$419.1M,True,+55007.5%,False,44.4K,False,$17.29 / SMA $17.40,True,4.65%,,N/A,True,8.3M,True,NYQ,False,
CME,CME Group Inc.,266.08,2026-06-16T00:30:46.189532+00:00,False,+8.8%,True,$96140.8M,False,+21.4%,True,2680.7K,False,$266.08 / SMA $282.35,False,2.80%,False,+14.5%,False,357.3M,True,NMS,False,
CMGMF,Chemring Group PLC,6.85,2026-06-16T00:35:45.790558+00:00,False,+15.1%,True,$1853.3M,,N/A,False,0.7K,False,$6.85 / SMA $6.97,False,0.41%,,N/A,False,240.3M,False,PNK,False,
CMGMY,Chemring Group PLC,7.005,2026-06-16T00:10:07.121034+00:00,False,+16.8%,True,$1895.2M,,,False,3.2K,True,$7.00 / SMA $6.96,False,2.94%,,,False,240.3M,False,PNK,False,
CMHHF,China Merchants Port Holdings Company Limited,1.79,2026-06-15T23:54:38.278581+00:00,False,+15.5%,True,$7514.4M,,,False,6.9K,False,$1.79 / SMA $1.93,False,0.00%,,,False,1169.0M,False,PNK,False,
CMPGF,Compass Group PLC,34.11,2026-06-16T00:05:51.537612+00:00,False,+27.1%,True,$57997.7M,,,False,3.3K,True,$34.11 / SMA $30.32,False,0.55%,,,False,1691.9M,False,OQX,False,
CMPS,COMPASS Pathways plc,11.79,2026-06-16T00:35:50.628485+00:00,True,+424.0%,True,$1591.1M,False,+-25.0%,True,4117.5K,True,$11.79 / SMA $9.73,True,8.46%,,N/A,True,101.5M,True,NMS,False,
CMRE,Costamare Inc.,16.33,2026-06-16T00:35:39.229183+00:00,True,+84.9%,True,$1971.7M,False,+-21.5%,False,437.6K,False,$16.33 / SMA $16.65,False,2.87%,False,+-5.3%,True,44.0M,True,NYQ,False,
CMRF,"CIM Real Estate Finance Trust, Inc.",2.1,2026-06-16T00:37:49.051101+00:00,True,+174900.0%,True,$1003.2M,,N/A,False,2.2K,False,$2.10 / SMA $2.31,False,2.48%,,N/A,False,436.1M,False,PNK,False,
CMS,CMS Energy Corporation,73.65,2026-06-16T00:31:06.214897+00:00,False,+7.7%,True,$22751.9M,False,+8.4%,True,3005.0K,False,$73.65 / SMA $74.39,False,1.93%,False,+11.6%,False,306.8M,True,NYQ,False,
CMSQF,Computershare Limited,26.7,2026-06-16T00:31:15.261437+00:00,False,+49.4%,True,$15442.9M,,N/A,False,10.7K,True,$26.70 / SMA $22.82,True,5.75%,,N/A,False,578.1M,False,PNK,False,
CMSQY,Computershare Limited,26.01,2026-06-16T00:31:15.933565+00:00,False,+38.2%,True,$15043.8M,,N/A,False,95.0K,True,$26.01 / SMA $22.70,False,1.46%,,N/A,False,578.1M,False,PNK,False,
CMTDF,"Sumitomo Mitsui Trust Group, Inc.",34.92,2026-06-16T00:06:03.523553+00:00,False,+33.3%,True,$24216.8M,,,False,0.5K,True,$34.92 / SMA $34.13,False,0.18%,False,+1.2%,False,669.3M,False,OID,False,
CMTG,"Claros Mortgage Trust, Inc.",2.67,2026-06-16T00:40:22.080823+00:00,False,+30.6%,True,$374.4M,True,+30.4%,False,442.6K,True,$2.67 / SMA $2.45,True,5.48%,True,+191.4%,True,128.4M,True,NYQ,False,
CMTOY,Cementos Argos S.A.,16.76,2026-06-16T00:20:30.464987+00:00,False,+51.0%,True,$4092.1M,False,+16.5%,False,0.2K,True,$16.76 / SMA $13.70,False,0.13%,False,+-2.5%,,,False,OID,False,
CMWAY,Commonwealth Bank of Australia,113.21,2026-06-15T23:53:58.950183+00:00,False,+16.8%,True,$189301.1M,,,False,49.4K,False,$113.21 / SMA $121.56,False,2.31%,,,False,1669.4M,False,PNK,False,
CNA,CNA Financial Corporation,44.92,2026-06-16T00:18:16.305445+00:00,False,+8.2%,True,$12152.3M,False,+-22.0%,False,476.7K,False,$44.92 / SMA $44.93,False,1.82%,False,+1.4%,True,20.5M,True,NYQ,False,
CNALF,CNALF,3.4,2026-06-15T23:57:57.738034+00:00,True,+89.9%,,,,,False,3.9K,True,$3.40 / SMA_short $3.05,,,,,False,672.4M,False,PNK,False,
CNC,Centene Corporation,63.4,2026-06-16T00:18:00.122155+00:00,True,+152.8%,True,$31306.7M,False,+18.3%,True,6172.4K,True,$63.40 / SMA $52.27,True,3.49%,False,+7.1%,False,458.8M,True,NYQ,False,
CNDCF,Canadian Banc Corp.,11.0,2026-06-16T00:26:22.667997+00:00,True,+74.5%,True,$593.0M,,,False,1.0K,True,$11.00 / SMA $9.97,False,0.02%,,,,,False,PNK,False,
CNI,Canadian National Railway Company,117.54,2026-06-16T00:17:40.478979+00:00,False,+29.5%,True,$71299.8M,False,+1.1%,True,1510.1K,True,$117.54 / SMA $113.08,False,1.82%,False,+-0.5%,False,590.6M,True,NYQ,False,
CNM,"Core & Main, Inc.",47.61,2026-06-16T00:18:24.614187+00:00,False,+8.3%,True,$9214.4M,False,+9.6%,True,2646.4K,False,$47.61 / SMA $49.70,True,3.58%,False,+-0.1%,False,186.8M,True,NYQ,False,
CNND,Canandaigua National Corporation,215.0,2026-06-16T00:03:42.011614+00:00,False,+31.5%,True,$393.7M,,,False,0.0K,True,$215.00 / SMA $214.74,False,0.00%,,,,,False,PNK,False,
CNNE,"Cannae Holdings, Inc.",14.15,2026-06-16T00:38:06.180311+00:00,False,+35.3%,True,$621.8M,True,+61.3%,True,575.3K,True,$14.15 / SMA $13.59,True,3.47%,False,+-6.8%,True,31.6M,True,NYQ,False,
CNO,"CNO Financial Group, Inc.",50.41,2026-06-16T00:20:21.376702+00:00,False,+43.0%,True,$4705.7M,True,+200.0%,True,712.0K,True,$50.41 / SMA $45.46,False,1.69%,False,+2.5%,True,90.8M,True,NYQ,False,
CNOBP,"ConnectOne Bancorp, Inc.",24.945,2026-06-15T23:59:59.390002+00:00,False,+10.3%,,,,,False,5.8K,True,$24.95 / SMA $24.64,False,0.25%,True,+64.7%,True,47.5M,True,NMS,False,
CNP,"CenterPoint Energy, Inc.",43.07,2026-06-16T00:17:56.072996+00:00,False,+21.5%,True,$28175.1M,False,+6.7%,True,4906.6K,True,$43.07 / SMA $42.48,False,1.88%,False,+1.9%,False,650.1M,True,NYQ,False,
CNRAF,Vicinity Centres,1.26,2026-06-16T00:18:28.091067+00:00,False,+0.0%,True,$5846.8M,,,False,0.3K,False,$1.26 / SMA $1.78,False,0.00%,,,False,3874.9M,False,PNK,False,
CNS,"Cohen & Steers, Inc.",77.13,2026-06-15T23:56:35.139763+00:00,False,+32.1%,True,$3964.9M,False,+6.5%,False,321.2K,True,$77.13 / SMA $69.71,False,2.68%,False,+7.9%,True,27.7M,True,NYQ,False,
CNSWF,Constellation Software Inc.,2090.0,2026-06-16T00:30:56.037629+00:00,False,+29.6%,True,$44290.3M,True,+170.2%,False,8.3K,True,$2090.00 / SMA $1905.59,True,5.86%,False,+19.9%,True,20.3M,False,PNK,False,
CNSWY,CNSWY,10.35,2026-06-16T00:17:47.226748+00:00,False,+26.2%,True,$43866.5M,True,+170.2%,False,125.9K,True,$10.35 / SMA $9.65,True,8.98%,False,+19.9%,False,4053.2M,False,PNK,False,
CNTA,Centessa Pharmaceuticals plc,39.76,2026-06-16T00:33:12.533391+00:00,True,+230.0%,True,$6152.0M,False,+-160.0%,True,2603.3K,True,$39.76 / SMA $39.64,False,0.34%,False,+-100.0%,True,92.5M,True,NMS,False,
CNVVF,Convatec Group PLC,2.67,2026-06-16T00:08:16.693059+00:00,False,+16.1%,True,$5827.5M,,,False,1.4K,False,$2.67 / SMA $2.85,False,0.84%,,,False,1946.2M,False,PNK,False,
CNVVY,Convatec Group PLC,10.84,2026-06-16T00:08:14.027797+00:00,False,+3.7%,True,$5296.6M,,,False,35.2K,False,$10.84 / SMA $11.45,False,2.31%,,,False,486.6M,False,PNK,False,
CNX,CNX Resources Corporation,32.96,2026-06-16T00:33:22.694766+00:00,False,+18.9%,True,$4663.1M,True,+262.7%,True,1914.3K,False,$32.96 / SMA $36.49,False,2.58%,True,+28.2%,True,137.5M,True,NYQ,False,
CNXN,"PC Connection, Inc.",71.14,2026-06-16T00:11:43.851727+00:00,False,+29.4%,True,$1794.6M,True,+33.3%,False,88.8K,True,$71.14 / SMA $66.01,True,3.21%,False,+3.0%,True,10.8M,True,NMS,False,
CNXU,Conexeu Sciences Inc.,9.82,2026-06-16T00:15:43.084666+00:00,False,+1.6%,False,$262.8M,,,False,93.2K,False,$9.82 / SMA_short $13.69,True,17.79%,,,True,20.1M,True,NCM,False,
COAG,"Hemab Therapeutics Holdings, Inc.",25.08,2026-06-16T00:24:14.606830+00:00,False,+9.0%,True,$1171.4M,,,False,341.7K,False,$25.08 / SMA_short $26.67,True,8.67%,,,True,0.5M,True,NMS,False,
CODGF,Compagnie de Saint-Gobain S.A.,88.25,2026-06-16T00:17:46.919916+00:00,False,+13.1%,True,$42957.3M,,,False,11.9K,True,$88.25 / SMA $87.14,False,0.55%,,,False,452.3M,False,PNK,False,
CODYY,Compagnie de Saint-Gobain S.A.,17.53,2026-06-15T23:54:09.803595+00:00,False,+13.7%,True,$42665.3M,,,True,610.9K,True,$17.53 / SMA $17.45,False,2.14%,,,False,2261.7M,False,PNK,False,
COFS,"ChoiceOne Financial Services, Inc.",31.93,2026-06-16T00:13:50.053000+00:00,False,+22.3%,True,$478.2M,True,+170.0%,False,73.6K,True,$31.93 / SMA $30.86,True,3.11%,True,+35.9%,True,13.7M,True,NCM,False,
COGT,"Cogent Biosciences, Inc.",33.17,2026-06-15T23:56:22.425356+00:00,True,+379.3%,True,$5667.7M,False,+9.8%,True,2163.8K,False,$33.17 / SMA $34.69,True,4.52%,,,False,160.9M,True,NMS,False,
COGZF,Cogstate Limited,1.89,2026-06-16T00:03:51.701480+00:00,True,+101.1%,True,$321.1M,,,False,1.6K,True,$1.89 / SMA $1.72,False,0.81%,,,True,120.7M,False,OQX,False,
COHTF,COHTF,12.96,2026-06-16T00:13:39.236612+00:00,False,+5.3%,True,$593.9M,,,False,0.0K,False,$12.96 / SMA $12.96,False,0.00%,,,True,31.0M,False,PNK,False,
COHU,"Cohu, Inc.",64.05,2026-06-16T00:35:34.719040+00:00,True,+261.7%,True,$3021.6M,True,+60.6%,True,1291.4K,True,$64.05 / SMA $47.32,True,6.38%,True,+29.3%,True,45.9M,True,NMS,True,
COIN,"Coinbase Global, Inc.",169.62,2026-06-16T00:30:54.214331+00:00,False,+21.7%,True,$44688.2M,False,+-720.8%,True,10140.9K,False,$169.62 / SMA $185.76,True,5.70%,False,+-30.5%,False,219.3M,True,NMS,False,
COKE,"Coca-Cola Consolidated, Inc.",185.43,2026-06-16T00:31:21.241655+00:00,True,+75.9%,True,$12343.0M,True,+40.7%,True,563.2K,False,$185.43 / SMA $186.12,True,3.95%,False,+16.9%,True,8.0M,True,NMS,False,
COLB,"Columbia Banking System, Inc.",30.95,2026-06-16T00:31:29.369393+00:00,False,+41.3%,True,$8959.7M,True,+61.0%,True,2825.7K,True,$30.95 / SMA $29.17,False,2.07%,True,+37.9%,False,287.1M,True,NMS,False,
COLD,"Americold Realty Trust, Inc.",14.55,2026-06-16T00:08:18.955147+00:00,False,+44.1%,True,$4171.1M,False,+16.7%,True,4532.2K,True,$14.55 / SMA $13.61,True,3.29%,False,+0.1%,False,284.7M,True,NYQ,False,
COLM,Columbia Sportswear Company,66.87,2026-06-16T00:09:46.303879+00:00,False,+40.9%,True,$3419.8M,False,+-13.3%,True,582.7K,True,$66.87 / SMA $61.57,True,3.41%,False,+0.1%,True,21.4M,True,NMS,False,
CON,"Concentra Group Holdings Parent, Inc.",28.15,2026-06-16T00:22:02.505153+00:00,False,+51.8%,True,$3602.1M,True,+30.0%,True,803.4K,True,$28.15 / SMA $24.13,False,2.78%,False,+13.7%,True,114.4M,True,NYQ,False,
COO,"The Cooper Companies, Inc.",67.76,2026-06-16T00:18:14.811564+00:00,False,+15.1%,True,$13215.3M,False,+-190.9%,True,2538.9K,True,$67.76 / SMA $64.56,False,2.65%,False,+7.9%,False,193.7M,True,NMS,False,
COP,ConocoPhillips,112.26,2026-06-15T23:54:00.352727+00:00,False,+31.2%,True,$136765.7M,False,+-20.2%,True,8497.4K,False,$112.26 / SMA $119.79,False,2.62%,False,+-4.6%,False,1215.8M,True,NYQ,False,
COPJF,Amplitude Energy Limited,1.073,2026-06-16T00:26:45.394979+00:00,True,+10738.4%,True,$321.8M,,,False,0.2K,False,$1.07 / SMA $1.30,False,0.00%,,,False,272.7M,False,PNK,False,
CORZ,"Core Scientific, Inc.",28.22,2026-06-16T00:18:30.662508+00:00,True,+158.2%,True,$8970.7M,False,+-184.8%,True,13645.7K,True,$28.22 / SMA $23.01,True,6.17%,True,+44.9%,False,255.6M,True,NMS,False,
COST,Costco Wholesale Corporation,979.45,2026-06-16T00:05:41.659707+00:00,False,+16.0%,True,$434365.3M,False,+15.2%,True,1997.9K,False,$979.45 / SMA $1003.70,False,2.24%,False,+11.6%,False,440.9M,True,NMS,False,
COVTY,Covestro AG,33.93,2026-06-16T00:31:15.371921+00:00,False,+7.3%,True,$14420.4M,,N/A,False,3.2K,False,$33.93 / SMA $34.36,False,1.91%,False,+-19.1%,False,375.2M,False,PNK,False,
CP,Canadian Pacific Kansas City Limited,89.27,2026-06-15T23:54:04.688272+00:00,False,+30.5%,True,$79248.2M,False,+-3.1%,True,2866.3K,True,$89.27 / SMA $85.81,False,2.30%,False,+-2.5%,False,839.8M,True,NYQ,False,
CPAC,Cementos Pacasmayo S.A.A.,10.72,2026-06-16T00:00:14.913465+00:00,True,+89.4%,True,$917.9M,True,+58.3%,False,33.0K,True,$10.72 / SMA $10.63,False,1.81%,False,+11.3%,True,78.8M,True,NYQ,False,
CPAMF,CapitaLand Integrated Commercial Trust,1.84,2026-06-16T00:18:11.650320+00:00,False,+15.0%,True,$14498.7M,,,False,19.1K,True,$1.84 / SMA $1.83,False,0.19%,,,False,5455.7M,False,PNK,False,
CPBLF,ALS Limited,16.112,2026-06-16T00:18:30.365887+00:00,False,+47.1%,True,$9214.5M,,,False,0.0K,True,$16.11 / SMA $15.01,False,0.00%,,,False,491.1M,False,PNK,False,
CPCAF,Cathay Pacific Airways Limited,1.69,2026-06-16T00:06:25.953551+00:00,True,+72.4%,True,$10277.1M,,,False,0.1K,True,$1.69 / SMA $1.61,False,0.00%,,,False,963.9M,False,PNK,False,
CPCAY,Cathay Pacific Airways Limited,7.62,2026-06-16T00:06:24.039349+00:00,False,+22.3%,True,$9267.6M,,,False,4.9K,False,$7.62 / SMA $7.80,False,1.93%,,,False,192.8M,False,PNK,False,
CPF,Central Pacific Financial Corp.,36.02,2026-06-16T00:13:33.653697+00:00,False,+40.6%,True,$940.2M,False,+20.0%,False,144.8K,True,$36.02 / SMA $34.20,False,2.22%,False,+6.2%,True,23.2M,True,NYQ,False,
CPHRF,Cipher Pharmaceuticals Inc.,11.61,2026-06-16T00:27:01.962820+00:00,False,+34.4%,False,$294.8M,True,+140.0%,False,4.6K,False,$11.61 / SMA $12.90,False,0.78%,False,+4.0%,True,13.8M,False,OQX,False,
CPK,Chesapeake Utilities Corporation,121.96,2026-06-15T23:58:06.975178+00:00,False,+3.7%,True,$2927.6M,False,+11.8%,False,143.2K,False,$121.96 / SMA $126.01,False,2.19%,False,+18.2%,True,23.7M,True,NYQ,False,
CPNG,"Coupang, Inc.",17.13,2026-06-16T00:31:01.930944+00:00,False,+14.8%,True,$30749.4M,False,+-350.0%,True,23386.7K,False,$17.13 / SMA $18.08,True,4.92%,False,+7.5%,False,1340.9M,True,NYQ,False,
CPPTL,Copper Property CTL Pass Through Trust,10.95,2026-06-16T00:24:29.848878+00:00,False,+5.3%,,,,,False,17.8K,True,$10.95 / SMA $10.72,False,0.51%,,,,,False,PNK,False,
CPRI,Capri Holdings Limited,21.06,2026-06-16T00:35:34.553296+00:00,False,+29.8%,True,$2425.8M,,N/A,True,2997.9K,True,$21.06 / SMA $19.20,True,5.01%,False,+-23.1%,True,112.0M,True,NYQ,False,
CPRT,"Copart, Inc.",30.3,2026-06-16T00:05:57.869559+00:00,False,+1.1%,True,$28052.1M,False,+2.4%,True,8827.6K,False,$30.30 / SMA $32.78,True,3.29%,False,+2.1%,False,845.5M,True,NMS,False,
CPRX,"Catalyst Pharmaceuticals, Inc.",31.37,2026-06-16T00:08:22.342602+00:00,False,+64.7%,True,$3840.3M,False,+11.1%,True,2093.4K,True,$31.37 / SMA $29.32,False,0.19%,False,+5.6%,True,115.6M,True,NCM,False,
CPS,Cooper-Standard Holdings Inc.,29.37,2026-06-16T00:26:32.111199+00:00,False,+52.0%,True,$521.5M,False,+-2155.6%,False,182.9K,False,$29.37 / SMA $29.69,True,5.15%,False,+2.9%,True,16.8M,True,NYQ,False,
CPT,Camden Property Trust,113.5,2026-06-15T23:54:26.744364+00:00,False,+17.6%,True,$11246.8M,False,+11.1%,True,1216.5K,True,$113.50 / SMA $105.72,False,2.00%,False,+-0.5%,True,102.0M,True,NYQ,False,
CPWHF,Ceres Power Holdings plc,8.16,2026-06-16T00:10:04.252519+00:00,True,+677.1%,True,$1597.6M,,,False,20.4K,True,$8.16 / SMA $8.03,True,6.46%,,,True,100.9M,False,PNK,False,
CPXGF,Cineplex Inc.,8.66,2026-06-16T00:02:02.904069+00:00,False,+28.9%,True,$549.6M,True,+37.9%,False,30.1K,True,$8.66 / SMA $8.15,False,0.47%,False,+15.6%,True,62.6M,False,PNK,False,
CPXWF,Capital Power Corporation,51.68,2026-06-16T00:31:34.085254+00:00,False,+32.2%,True,$8087.0M,,N/A,False,52.1K,True,$51.68 / SMA $48.78,False,0.69%,True,+41.3%,False,156.3M,False,PNK,False,
CQP,"Cheniere Energy Partners, L.P.",60.34,2026-06-16T00:31:00.877149+00:00,False,+21.8%,True,$29207.8M,False,+-82.4%,False,118.7K,False,$60.34 / SMA $62.99,True,3.36%,False,+20.4%,True,40.4M,True,NYQ,False,
CRAI,"CRA International, Inc.",147.75,2026-06-16T00:00:15.349421+00:00,False,+11.8%,True,$954.9M,False,+-35.5%,False,177.5K,False,$147.75 / SMA $150.73,True,4.50%,False,+10.5%,True,6.2M,True,NMS,False,
CRANU,Crane Harbor Acquisition Corp. II,10.25,2026-06-16T00:40:07.368901+00:00,False,+2.1%,,N/A,,N/A,False,1.9K,True,$10.25 / SMA $10.20,False,0.96%,,N/A,True,29.3M,True,NGM,False,
CRAQ,Cal Redwood Acquisition Corp.,10.275,2026-06-16T00:15:39.763600+00:00,False,+3.6%,True,$400.6M,True,+3919.2%,False,7.8K,True,$10.28 / SMA $10.23,False,0.00%,,,True,13.0M,True,NGM,False,
CRARY,Crédit Agricole S.A.,9.62,2026-06-16T00:30:51.051693+00:00,False,+11.3%,True,$58197.6M,,N/A,False,244.8K,True,$9.62 / SMA $9.33,False,1.82%,True,+33.6%,False,1810.6M,False,PNK,False,
CRBBF,Corby Spirit and Wine Limited,10.14,2026-06-16T00:03:53.189006+00:00,False,+8.3%,False,$288.7M,True,+100.0%,False,0.3K,False,$10.14 / SMA $10.35,False,0.12%,False,+21.3%,True,15.8M,False,PNK,False,
CRBG,"Corebridge Financial, Inc.",29.46,2026-06-15T23:54:29.748913+00:00,False,+32.8%,True,$13455.4M,True,+90.8%,True,6317.3K,True,$29.46 / SMA $26.81,True,3.04%,False,+12.9%,False,271.3M,True,NYQ,False,
CRC,California Resources Corporation,56.59,2026-06-16T00:33:17.738730+00:00,False,+30.9%,True,$5024.9M,False,+-736.5%,True,920.5K,False,$56.59 / SMA $62.54,True,3.34%,False,+6.7%,True,83.5M,True,NYQ,False,
CRCT,"Cricut, Inc.",4.51,2026-06-16T00:01:26.206095+00:00,False,+20.7%,True,$946.6M,False,+-9.1%,True,508.5K,True,$4.51 / SMA $4.26,True,3.73%,False,+-1.9%,True,46.4M,True,NMS,False,
CRD.B,CRD.B,,2026-06-16T00:39:46.667550+00:00,False,N/A,False,N/A,False,N/A,False,N/A,False,N/A,False,N/A,False,N/A,False,N/A,False,Unknown,False,No price data available
CRDE,"Cardinal Ethanol, LLC",16007.0,2026-06-16T00:27:01.163177+00:00,False,+6.7%,False,$163.0M,,,False,0.0K,False,$16007.00 / SMA $22200.00,False,0.00%,,,True,0.0M,False,PNK,False,
CRDO,Credo Technology Group Holding Ltd,259.41,2026-06-16T00:05:55.192527+00:00,True,+243.6%,True,$47848.2M,True,+412.5%,True,7817.1K,True,$259.41 / SMA $188.51,True,11.58%,True,+201.5%,False,165.9M,True,NMS,False,
CREQF,China Rare Earth Holdings Limited,0.0011,2026-06-16T00:26:38.224431+00:00,False,+10.0%,False,$3.1M,,,False,1.7K,False,$0.00 / SMA $0.09,True,471.67%,,,False,1395.0M,False,PNK,False,
CRESY,"Cresud Sociedad Anónima, Comercial, Inmobiliaria, Financiera y Agropecuaria",12.58,2026-06-16T00:13:37.588784+00:00,False,+53.7%,True,$892.2M,True,+244.8%,False,273.9K,True,$12.58 / SMA $11.44,True,4.53%,False,+-1.2%,True,29.4M,True,NMS,False,
CRF,"Cornerstone Total Return Fund, Inc.",7.11,2026-06-16T00:01:56.230983+00:00,False,+8.4%,True,$1153.2M,,,True,1152.3K,False,$7.11 / SMA $7.13,False,1.19%,,,,,True,ASE,False,
CRGY,Crescent Energy Company,11.02,2026-06-16T00:08:18.089341+00:00,False,+43.5%,True,$3639.4M,False,+-12700.0%,True,7368.9K,False,$11.02 / SMA $12.50,True,4.10%,False,+24.5%,False,295.4M,True,NYQ,False,
CRH,CRH plc,109.59,2026-06-15T23:54:05.808528+00:00,False,+26.2%,True,$73228.1M,False,+-80.0%,True,4955.1K,False,$109.59 / SMA $109.78,True,3.25%,False,+9.1%,False,666.5M,True,NYQ,False,
CRI,"Carter's, Inc.",41.8,2026-06-16T00:00:01.307467+00:00,True,+78.8%,True,$1540.3M,False,+-9.3%,True,1062.4K,True,$41.80 / SMA $36.89,True,4.13%,False,+8.1%,True,35.1M,True,NYQ,False,
CRL,"Charles River Laboratories International, Inc.",188.47,2026-06-16T00:18:31.245766+00:00,False,+31.7%,True,$9078.2M,False,+-160.0%,True,858.6K,True,$188.47 / SMA $173.77,True,4.96%,False,+1.2%,True,47.6M,True,NYQ,False,
CRLBF,Cresco Labs Inc.,0.82,2026-06-16T00:15:30.397607+00:00,True,+92.5%,True,$303.8M,False,+0.0%,True,935.1K,False,$0.82 / SMA $0.96,True,9.52%,False,+-8.7%,False,309.6M,False,OQX,False,
CRML,Critical Metals Corp.,10.48,2026-06-16T00:00:02.141261+00:00,True,+411.2%,True,$1539.4M,,,True,12074.8K,False,$10.48 / SMA $10.95,True,8.41%,,,True,68.2M,True,NGM,False,
CRNLF,Capricorn Metals Ltd,7.65,2026-06-16T00:08:19.207456+00:00,False,+34.7%,True,$3494.4M,,,False,0.9K,False,$7.65 / SMA $9.03,False,0.46%,,,False,415.3M,False,PNK,False,
CRNX,"Crinetics Pharmaceuticals, Inc.",35.12,2026-06-16T00:33:34.409360+00:00,False,+36.0%,True,$3703.1M,False,+-18.3%,True,1196.3K,False,$35.12 / SMA $37.41,True,4.41%,True,+2873.4%,True,95.6M,True,NMS,False,
CRNZF,Capricorn Energy PLC,4.32,2026-06-16T00:29:15.671614+00:00,True,+76.3%,False,$296.6M,,,False,0.0K,True,$4.32 / SMA $4.17,False,0.00%,,,True,38.4M,False,PNK,False,
CROMF,Crombie Real Estate Investment Trust,12.33,2026-06-16T00:10:02.722595+00:00,False,+19.0%,True,$2312.8M,,,False,0.2K,True,$12.33 / SMA $12.17,False,0.02%,False,+5.9%,True,109.7M,False,PNK,False,
CRON,Cronos Group Inc.,2.63,2026-06-16T00:37:49.329940+00:00,False,+42.9%,True,$982.7M,True,+100.0%,True,1503.4K,False,$2.63 / SMA $2.68,True,3.48%,True,+40.1%,False,192.2M,True,NGM,False,
CROX,"Crocs, Inc.",126.27,2026-06-16T00:20:14.208207+00:00,True,+72.5%,True,$6274.3M,False,+-4.2%,True,1255.6K,True,$126.27 / SMA $107.44,True,4.05%,False,+-1.7%,True,47.9M,True,NMS,False,
CRPHY,Ceres Power Holdings plc,4.0,2026-06-15T23:58:17.497037+00:00,True,+707.8%,True,$1566.3M,,,False,18.6K,False,$4.00 / SMA $4.03,True,5.47%,,,True,100.9M,False,PNK,False,
CRRFY,Carrefour SA,3.84,2026-06-16T00:06:15.213802+00:00,False,+40.7%,True,$13586.2M,,,False,330.4K,True,$3.84 / SMA $3.72,False,2.13%,,,False,2935.5M,False,PNK,False,
CRRSF,CRRSF,4.6,2026-06-16T00:35:54.030442+00:00,False,+15.0%,,N/A,,N/A,False,3.0K,False,$4.60 / SMA_short $4.89,False,1.55%,,N/A,True,72.5M,False,PNK,False,
CRS,Carpenter Technology Corporation,563.6,2026-06-15T23:54:19.904612+00:00,True,+147.2%,True,$28002.8M,True,+47.3%,True,691.6K,True,$563.60 / SMA $450.13,True,4.07%,False,+11.6%,True,48.4M,True,NYQ,False,
CRSP,CRISPR Therapeutics AG,52.61,2026-06-16T00:20:18.362929+00:00,False,+29.1%,True,$5181.3M,False,+19.0%,True,1713.6K,True,$52.61 / SMA $52.57,True,5.15%,,,True,96.0M,True,NGM,False,
CRSR,"Corsair Gaming, Inc.",8.52,2026-06-16T00:24:29.642289+00:00,True,+90.2%,True,$910.6M,True,+210.0%,True,2219.1K,True,$8.52 / SMA $7.60,True,8.77%,False,+-4.1%,True,46.6M,True,NMS,False,
CRTO,Criteo S.A.,17.7,2026-06-16T00:37:54.672065+00:00,False,+13.6%,True,$889.3M,False,+-77.3%,False,300.3K,False,$17.70 / SMA $17.99,True,4.03%,False,+-5.9%,True,44.4M,True,NMS,False,
CRVL,CorVel Corporation,58.89,2026-06-16T00:09:47.331384+00:00,False,+31.4%,True,$2985.2M,False,+19.6%,False,221.7K,True,$58.89 / SMA $58.03,True,4.45%,False,+7.4%,True,28.3M,True,NMS,False,
CRWD,"CrowdStrike Holdings, Inc.",692.91,2026-06-16T00:17:32.585555+00:00,True,+102.2%,True,$176390.5M,True,+126.2%,True,3541.4K,True,$692.91 / SMA $549.58,True,5.34%,True,+25.6%,False,250.0M,True,NMS,False,
CRWV,"CoreWeave, Inc.",106.71,2026-06-15T23:54:06.641409+00:00,False,+67.3%,True,$58217.8M,False,+6.0%,True,29191.1K,False,$106.71 / SMA $109.47,True,7.11%,True,+111.6%,False,312.1M,True,NMS,False,
CRZBF,Commerzbank AG,40.14,2026-06-16T00:05:54.129858+00:00,False,+27.8%,True,$44014.5M,False,+15.1%,False,0.4K,False,$40.14 / SMA $41.04,False,0.06%,False,+5.1%,False,829.5M,False,PNK,False,
CSAN,Cosan S.A.,2.62,2026-06-16T00:33:40.837279+00:00,False,+4.0%,True,$2583.6M,True,+57.2%,True,2371.6K,False,$2.62 / SMA $3.66,True,4.87%,False,+-6.6%,False,341.7M,True,NYQ,False,
CSBTF,Kuros Biosciences AG,26.0,2026-06-16T00:11:56.926682+00:00,False,+5.1%,True,$1025.4M,,,False,0.1K,False,$26.00 / SMA $26.38,False,0.13%,,,True,28.9M,False,PNK,False,
CSCMY,"COSCO SHIPPING International (Singapore) Co., Ltd.",0.42,2026-06-16T00:39:59.342145+00:00,False,+10.5%,True,$376.2M,,N/A,False,1.6K,False,$0.42 / SMA $0.43,False,1.79%,,N/A,False,260.1M,False,PNK,False,
CSCO,"Cisco Systems, Inc.",120.17,2026-06-15T23:53:57.409609+00:00,True,+85.3%,True,$473642.2M,True,+37.1%,True,23810.7K,True,$120.17 / SMA $102.80,True,3.63%,False,+12.0%,False,3935.1M,True,NMS,False,
CSDXF,"COSCO SHIPPING Energy Transportation Co., Ltd.",1.75,2026-06-15T23:54:24.711983+00:00,True,+121.5%,True,$9564.1M,,,False,1.7K,False,$1.75 / SMA $2.29,False,0.43%,,,False,2809.8M,False,PNK,False,
CSGP,"CoStar Group, Inc.",32.04,2026-06-16T00:18:11.686185+00:00,False,+2.2%,True,$13083.7M,True,+125.0%,True,7236.5K,False,$32.04 / SMA $35.09,True,4.65%,False,+22.5%,False,402.8M,True,NMS,False,
CSIQ,Canadian Solar Inc.,16.88,2026-06-16T00:11:50.324126+00:00,True,+79.4%,True,$1144.7M,False,+-2.9%,True,3061.8K,True,$16.88 / SMA $16.21,True,9.42%,False,+-9.9%,True,47.4M,True,NMS,False,
CSLLY,CSL Limited,19.06,2026-06-16T00:05:57.390716+00:00,False,+19.1%,True,$36512.2M,,,True,526.3K,False,$19.06 / SMA $20.71,False,2.27%,,,False,1927.1M,False,OQX,False,
CSMYF,COSMOS Pharmaceutical Corporation,37.06,2026-06-15T23:58:03.068176+00:00,False,+0.0%,True,$2937.3M,,,False,0.0K,True,$37.06 / SMA $9.24,,,,,True,41.5M,False,PNK,False,
CSPCY,CSPC Pharmaceutical Group Limited,3.62,2026-06-15T23:54:32.201197+00:00,False,+4.9%,True,$10321.9M,,,False,2.0K,False,$3.62 / SMA $4.17,False,2.37%,,,False,1910.8M,False,PNK,False,
CSQ,Calamos Strategic Total Return Fund,20.43,2026-06-15T23:57:56.027713+00:00,False,+24.5%,True,$3276.4M,,,False,263.6K,True,$20.43 / SMA $19.52,False,1.73%,,,,,True,NGM,False,
CSTL,"Castle Biosciences, Inc.",20.66,2026-06-16T00:38:05.784374+00:00,False,+41.6%,True,$626.6M,True,+45.6%,False,374.3K,False,$20.66 / SMA $22.18,True,5.04%,False,+-4.9%,True,26.8M,True,NGM,False,
CSTM,Constellium SE,34.71,2026-06-16T00:20:20.533391+00:00,True,+173.7%,True,$4725.8M,True,+465.4%,True,2287.7K,True,$34.71 / SMA $32.32,True,5.17%,False,+24.4%,True,124.2M,True,NYQ,False,
CSV,"Carriage Services, Inc.",38.59,2026-06-16T00:01:46.295926+00:00,False,+4.0%,True,$612.5M,False,+-37.3%,False,111.0K,False,$38.59 / SMA $44.74,True,3.66%,False,+-0.9%,True,14.3M,True,NYQ,False,
CSW,"CSW Industrials, Inc.",272.66,2026-06-16T00:20:20.149156+00:00,False,+18.3%,True,$4449.7M,False,+-23.8%,False,140.6K,False,$272.66 / SMA $278.02,True,4.48%,True,+59.5%,True,16.1M,True,NYQ,False,
CSWC,Capital Southwest Corporation,23.12,2026-06-16T00:11:48.044471+00:00,False,+19.4%,True,$1436.7M,,,True,654.6K,False,$23.12 / SMA $23.34,False,1.67%,False,+5.9%,True,60.3M,True,NMS,False,
CSX,CSX Corporation,47.39,2026-06-16T00:05:48.217874+00:00,False,+49.0%,True,$88057.2M,True,+26.5%,True,12648.9K,True,$47.39 / SMA $44.89,False,1.98%,False,+1.7%,False,1854.4M,True,NMS,False,
CSXXY,CAR Group Limited,38.0,2026-06-16T00:18:35.171042+00:00,False,+35.5%,True,$7198.3M,,,False,0.3K,True,$38.00 / SMA $36.21,False,1.30%,,,False,177.4M,False,PNK,False,
CSYJF,CSE Global Limited,1.03,2026-06-16T00:00:16.216764+00:00,True,+186.1%,True,$745.7M,,,False,0.7K,False,$1.03 / SMA $1.10,False,0.37%,,,False,520.4M,False,PNK,False,
CTAS,Cintas Corporation,174.74,2026-06-16T00:05:49.305088+00:00,False,+8.4%,True,$69919.9M,False,+9.7%,True,2259.0K,True,$174.74 / SMA $173.07,False,2.51%,False,+8.9%,False,342.1M,True,NMS,False,
CTATF,CTATF,86.16,2026-06-16T00:17:30.554461+00:00,True,+129.8%,,,,,False,12.9K,False,$86.16 / SMA $86.53,False,1.15%,,,False,2518.2M,False,PNK,False,
CTEV,CTEV,30.61,2026-06-16T00:15:32.583801+00:00,True,+166.2%,True,$521.8M,False,+-0.7%,False,143.1K,True,$30.61 / SMA $23.40,True,15.99%,False,+5.8%,True,5.8M,True,NYQ,False,
CTGO,Contango Silver & Gold Inc.,17.13,2026-06-16T00:26:14.984127+00:00,False,+15.1%,True,$527.1M,True,+55.9%,True,531.6K,False,$17.13 / SMA $21.59,True,6.73%,,,True,25.7M,True,ASE,False,
CTIHY,China Taiping Insurance Holdings Company Limited,68.96,2026-06-16T00:18:23.771544+00:00,True,+165.1%,True,$9913.7M,,,False,0.0K,False,$68.96 / SMA $69.59,False,0.00%,,,True,55.7M,False,PNK,False,
CTJHF,CITIC Resources Holdings Limited,0.074,2026-06-16T00:13:44.101857+00:00,True,+182.9%,True,$581.5M,,,False,0.0K,True,$0.07 / SMA $0.07,False,0.00%,,,False,2511.1M,False,PNK,False,
CTKB,"Cytek Biosciences, Inc.",3.93,2026-06-16T00:13:47.669658+00:00,False,+35.5%,True,$507.5M,False,+-66.7%,True,860.2K,False,$3.93 / SMA $4.28,True,5.79%,False,+6.5%,True,96.4M,True,NMS,False,
CTMX,"CytomX Therapeutics, Inc.",3.04,2026-06-16T00:37:56.783241+00:00,True,+76.7%,True,$661.8M,False,+-137.0%,True,6863.2K,False,$3.04 / SMA $3.90,True,5.28%,False,+-79.9%,False,186.3M,True,NMS,False,
CTO,"CTO Realty Growth, Inc.",20.6,2026-06-16T00:38:02.172077+00:00,False,+36.7%,True,$695.9M,True,+1200.0%,False,309.0K,True,$20.60 / SMA $19.81,False,1.96%,False,+15.0%,True,32.3M,True,NYQ,False,
CTOS,"Custom Truck One Source, Inc.",10.56,2026-06-16T00:35:37.397217+00:00,True,+128.3%,True,$2401.7M,True,+75.0%,True,969.2K,True,$10.56 / SMA $9.13,True,3.97%,False,+9.3%,True,60.0M,True,NYQ,False,
CTOWY,China Tower Corporation Limited,14.93,2026-06-16T00:06:05.647300+00:00,False,+31.0%,True,$26099.4M,,,False,0.0K,False,$14.93 / SMA $15.09,False,0.31%,,,False,454.6M,False,PNK,False,
CTPCF,CITIC Limited,1.73,2026-06-16T00:30:53.122198+00:00,False,+32.1%,True,$50326.2M,,N/A,False,0.1K,True,$1.73 / SMA $1.57,False,0.00%,,N/A,False,4942.1M,False,PNK,False,
CTRE,"CareTrust REIT, Inc.",37.04,2026-06-16T00:31:25.927818+00:00,False,+33.2%,True,$8750.3M,False,+2.9%,True,3035.5K,False,$37.04 / SMA $39.44,False,2.56%,True,+64.8%,False,234.3M,True,NYQ,False,
CTRI,"Centuri Holdings, Inc.",31.59,2026-06-15T23:58:06.446389+00:00,False,+65.9%,True,$3188.5M,True,+55.0%,True,1337.9K,False,$31.59 / SMA $32.68,True,4.21%,True,+31.5%,True,100.6M,True,NYQ,False,
CTRN,"Citi Trends, Inc.",55.25,2026-06-16T00:26:50.804981+00:00,True,+95.6%,True,$460.2M,True,+727.3%,False,117.0K,True,$55.25 / SMA $45.87,True,8.64%,False,+14.4%,True,4.2M,True,NMS,False,
CTSH,Cognizant Technology Solutions Corporation,50.82,2026-06-15T23:54:17.564170+00:00,False,+11.7%,True,$24037.9M,False,+3.7%,True,7174.7K,False,$50.82 / SMA $54.10,True,4.09%,False,+5.8%,False,472.7M,True,NMS,False,
CTTAY,Continental Aktiengesellschaft,8.42,2026-06-16T00:31:14.041653+00:00,False,+35.6%,True,$16840.5M,True,+194.1%,False,93.3K,True,$8.42 / SMA $7.71,False,2.00%,False,+-10.4%,False,1020.5M,False,PNK,False,
CTXAY,Ampol Limited,51.27,2026-06-16T00:33:13.533559+00:00,False,+59.3%,True,$6108.9M,,N/A,False,1.4K,True,$51.27 / SMA $48.72,False,1.02%,,N/A,True,118.8M,False,PNK,False,
CTYMF,Catalyst Metals Limited,3.75,2026-06-16T00:11:57.403684+00:00,False,+21.0%,True,$978.5M,,,False,2.3K,False,$3.75 / SMA $4.11,False,0.33%,,,False,234.1M,False,PNK,False,
CUB,Lionheart Holdings,10.9,2026-06-16T00:03:49.773327+00:00,False,+4.7%,True,$334.3M,False,+-14.3%,False,229.0K,True,$10.90 / SMA $10.81,False,0.29%,,,True,17.6M,True,NGM,False,
CUBI,"Customers Bancorp, Inc.",76.47,2026-06-16T00:35:28.438246+00:00,False,+52.5%,True,$2586.6M,True,+579.3%,False,348.1K,True,$76.47 / SMA $75.40,False,2.53%,True,+60.4%,True,31.7M,True,NYQ,False,
CUBWU,Lionheart Holdings,11.05,2026-06-16T00:03:49.455075+00:00,False,+4.5%,,,,,False,0.1K,True,$11.05 / SMA $10.82,False,0.01%,,,True,17.6M,True,NGM,False,
CUPUF,"Caribbean Utilities Company, Ltd.",14.75,2026-06-16T00:38:06.718438+00:00,False,+26.4%,True,$630.5M,False,+-5.6%,False,1.8K,True,$14.75 / SMA $14.14,False,0.48%,False,+3.6%,True,17.0M,False,PNK,False,
CURLF,"Curaleaf Holdings, Inc.",10.43,2026-06-16T00:35:28.486537+00:00,True,+382.9%,True,$2756.0M,True,+190.0%,False,454.9K,True,$10.43 / SMA $9.81,True,10.81%,False,+5.7%,False,163.5M,False,PNK,False,
CURR,CURRENC Group Inc.,2.95,2026-06-16T00:26:54.059597+00:00,True,+802.1%,True,$331.2M,,,False,188.7K,False,$2.95 / SMA $3.34,True,12.62%,False,+-21.8%,True,32.0M,True,NGM,False,
CUYTF,Colruyt Group N.V.,44.7,2026-06-15T23:56:28.529220+00:00,False,+18.6%,True,$5358.4M,,,False,0.0K,True,$44.70 / SMA $41.02,False,0.00%,,,True,27.5M,False,PNK,False,
CUYTY,Colruyt Group N.V.,10.2,2026-06-15T23:56:27.672514+00:00,False,+11.7%,True,$4890.9M,,,False,0.1K,True,$10.20 / SMA $9.57,False,0.00%,,,True,110.0M,False,PNK,False,
CUZ,Cousins Properties Incorporated,28.69,2026-06-15T23:56:29.141922+00:00,False,+36.4%,True,$4721.4M,False,+-225.0%,True,1973.4K,True,$28.69 / SMA $25.83,False,2.18%,False,+5.1%,False,162.0M,True,NYQ,False,
CVBF,CVB Financial Corp.,20.84,2026-06-16T00:33:38.030193+00:00,False,+16.1%,True,$3677.3M,False,+5.6%,True,1771.3K,True,$20.84 / SMA $20.35,False,1.97%,False,+4.3%,False,167.2M,True,NMS,False,
CVCO,"Cavco Industries, Inc.",592.48,2026-06-15T23:56:33.090595+00:00,False,+50.5%,True,$4552.6M,,,False,142.7K,True,$592.48 / SMA $518.42,True,4.55%,False,+8.2%,True,7.6M,True,NMS,False,
CVE,Cenovus Energy Inc.,27.11,2026-06-15T23:54:07.064303+00:00,True,+101.3%,True,$50555.2M,True,+76.6%,True,10233.6K,False,$27.11 / SMA $28.14,True,3.31%,False,+-6.1%,False,1559.1M,True,NYQ,False,
CVEO,Civeo Corporation,33.31,2026-06-16T00:40:07.503055+00:00,False,+68.7%,True,$364.5M,True,+52.8%,False,70.6K,True,$33.31 / SMA $32.15,True,3.87%,False,+19.9%,True,7.1M,True,NYQ,False,
CVHSY,Cablevisión Holding S.A.,5.0,2026-06-16T00:24:22.741303+00:00,True,+81.8%,True,$903.2M,True,+523.8%,False,3.4K,True,$5.00 / SMA $4.86,False,0.51%,True,+30.5%,True,121.1M,False,PNK,False,
CVLG,"Covenant Logistics Group, Inc.",44.81,2026-06-16T00:11:57.800832+00:00,True,+148.9%,True,$1127.9M,False,+-29.2%,False,179.5K,True,$44.81 / SMA $35.33,True,4.11%,False,+14.0%,True,15.1M,True,NYQ,False,
CVLLY,CVLLY,7.06,2026-06-16T00:40:19.323347+00:00,False,+12.1%,,N/A,False,+-46.0%,False,0.0K,False,$7.06 / SMA $7.94,False,0.00%,False,+-14.6%,True,39.0M,False,PNK,False,
CVNA,Carvana Co.,68.9,2026-06-15T23:54:04.617095+00:00,False,+26.5%,True,$75572.0M,False,+11.9%,True,12540.2K,False,$68.90 / SMA $72.06,True,5.73%,True,+52.0%,False,702.1M,True,NYQ,False,
CVS,CVS Health Corporation,100.68,2026-06-15T23:54:01.647617+00:00,True,+72.1%,True,$128460.4M,True,+63.1%,True,8207.6K,True,$100.68 / SMA $87.21,False,2.33%,False,+6.2%,False,1273.3M,True,NYQ,False,
CVSA,Covista Inc.,117.65,2026-06-16T00:08:19.105284+00:00,False,+35.3%,True,$4003.7M,False,+-24.5%,False,316.8K,False,$117.65 / SMA $120.39,True,3.50%,False,+4.5%,True,33.2M,True,NYQ,False,
CWAFF,China Water Affairs Group Limited,0.62,2026-06-16T00:24:21.292157+00:00,False,+0.0%,True,$1012.4M,,,False,0.1K,False,$0.62 / SMA $0.66,False,0.00%,,,False,702.0M,False,PNK,False,
CWAN,"Clearwater Analytics Holdings, Inc.",24.26,2026-06-15T23:54:41.136458+00:00,False,+54.2%,True,$7241.3M,False,+-133.3%,True,3627.4K,True,$24.26 / SMA $24.24,False,0.25%,True,+74.4%,False,293.6M,True,NYQ,False,
CWCO,Consolidated Water Co. Ltd.,29.83,2026-06-16T00:39:50.314347+00:00,False,+5.9%,True,$477.3M,False,+-23.3%,False,151.0K,False,$29.83 / SMA $31.64,False,2.60%,False,+-11.1%,True,15.0M,True,NMS,False,
CWEN,"Clearway Energy, Inc.",38.61,2026-06-16T00:06:29.410241+00:00,False,+39.5%,True,$9270.1M,False,+-4600.0%,True,971.3K,False,$38.61 / SMA $38.78,True,3.03%,False,+18.8%,True,120.6M,True,NYQ,False,
CWK,Cushman & Wakefield Limited,13.39,2026-06-16T00:22:06.745158+00:00,False,+32.1%,True,$3137.3M,False,+-600.0%,True,1698.8K,False,$13.39 / SMA $13.51,True,4.55%,False,+11.0%,False,232.5M,True,NYQ,False,
CWLLF,CWLLF,2.99,2026-06-15T23:56:33.401845+00:00,False,+0.0%,True,$2595.8M,,,False,0.0K,False,$2.99 / SMA_short $3.80,False,0.00%,,,False,812.0M,False,PNK,False,
CWSRF,Chartwell Retirement Residences,14.9966,2026-06-16T00:33:23.816117+00:00,False,+18.6%,True,$4883.8M,False,+-79.1%,False,9.2K,False,$15.00 / SMA $15.21,False,0.78%,False,+22.2%,False,323.9M,False,PNK,False,
CWT,California Water Service Group,45.37,2026-06-16T00:35:27.289255+00:00,False,+9.9%,True,$2715.5M,False,+-68.2%,True,540.8K,True,$45.37 / SMA $44.54,False,2.32%,False,+5.2%,True,59.3M,True,NYQ,False,
CWYUF,SmartCentres Real Estate Investment Trust,21.26,2026-06-16T00:08:24.539071+00:00,False,+23.0%,True,$3643.1M,,,False,18.8K,True,$21.26 / SMA $20.56,False,0.26%,,,True,106.4M,False,PNK,False,
CX,"CEMEX, S.A.B. de C.V.",12.89,2026-06-16T00:06:10.265577+00:00,True,+94.4%,True,$18599.7M,False,+-68.7%,True,5496.8K,True,$12.89 / SMA $12.46,True,3.32%,False,+11.2%,False,1406.5M,True,NYQ,False,
CXM,"Sprinklr, Inc.",5.31,2026-06-16T00:37:36.357799+00:00,False,+12.6%,True,$1243.8M,True,+300.0%,True,4171.3K,False,$5.31 / SMA $5.33,True,4.73%,False,+6.8%,True,114.9M,True,NYQ,False,
CXOXF,Core Lithium Ltd,0.19,2026-06-16T00:37:59.771146+00:00,True,+316.7%,True,$615.0M,,N/A,False,18.9K,False,$0.19 / SMA $0.22,True,4.50%,,N/A,False,2530.5M,False,PNK,False,
CXW,"CoreCivic, Inc.",27.77,2026-06-16T00:10:04.684369+00:00,True,+76.4%,True,$2746.1M,True,+65.2%,True,1166.3K,True,$27.77 / SMA $21.41,True,3.99%,True,+25.8%,True,96.0M,True,NYQ,True,
CYATY,CYATY,21.64,2026-06-16T00:05:42.547801+00:00,False,+11.5%,True,$400480.8M,,,True,964.0K,False,$21.64 / SMA $21.69,True,3.60%,True,+25.4%,False,10072.7M,False,PNK,False,
CYD,China Yuchai International Limited,51.83,2026-06-16T00:10:04.363769+00:00,True,+149.9%,True,$1944.6M,,,False,167.8K,True,$51.83 / SMA $47.93,True,6.74%,,,True,11.4M,True,NYQ,False,
CYDY,CytoDyn Inc.,0.29,2026-06-16T00:39:50.778286+00:00,False,+38.1%,True,$397.2M,,N/A,True,1897.5K,False,$0.29 / SMA $0.32,True,8.40%,,N/A,False,1365.9M,False,OQB,False,
CYH,"Community Health Systems, Inc.",3.07,2026-06-16T00:15:29.597661+00:00,False,+29.0%,True,$432.6M,False,+-330.0%,True,1629.2K,True,$3.07 / SMA $2.90,True,3.98%,False,+-6.1%,True,83.1M,True,NYQ,False,
CYTK,"Cytokinetics, Incorporated",71.38,2026-06-16T00:31:26.378118+00:00,True,+123.1%,True,$9691.3M,False,+-22.8%,True,2384.7K,True,$71.38 / SMA $70.21,True,3.85%,True,+1125.8%,True,123.9M,True,NMS,False,
CZFS,"Citizens Financial Services, Inc.",66.52,2026-06-16T00:27:03.329411+00:00,False,+33.1%,True,$319.6M,True,+36.4%,False,7.2K,True,$66.52 / SMA $64.90,False,2.85%,False,+12.8%,True,4.5M,True,NCM,False,
CZGZF,Colt CZ Group SE,49.32,2026-06-16T00:33:43.566712+00:00,False,+50.9%,True,$3089.3M,False,+-11.1%,False,0.0K,False,$49.32 / SMA $49.65,False,0.00%,True,+32.7%,True,14.1M,False,PNK,False,
CZMWF,Carl Zeiss Meditec AG,31.18,2026-06-15T23:58:11.953034+00:00,False,+18.0%,True,$2729.4M,False,+-133.3%,False,0.1K,True,$31.18 / SMA $30.93,False,0.88%,False,+-4.8%,True,34.7M,False,PNK,False,
CZNC,Citizens & Northern Corporation,21.49,2026-06-16T00:03:43.787248+00:00,False,+18.3%,True,$385.0M,False,+-95.1%,False,41.7K,False,$21.49 / SMA $21.89,False,2.38%,True,+35.6%,True,17.0M,True,NCM,False,
CZR,"Caesars Entertainment, Inc.",29.5,2026-06-16T00:08:09.767993+00:00,False,+65.2%,True,$6009.0M,False,+11.1%,True,6401.2K,True,$29.50 / SMA $27.96,False,1.38%,False,+2.7%,False,193.0M,True,NMS,False,
DAC,Danaos Corporation,131.31,2026-06-16T00:22:21.663057+00:00,False,+57.1%,True,$2390.3M,True,+25.6%,False,82.4K,True,$131.31 / SMA $124.55,False,2.70%,False,+0.2%,True,8.4M,True,NYQ,False,
DACHF,Daicel Corporation,10.69,2026-06-16T00:35:38.225687+00:00,False,+33.6%,True,$2730.2M,,N/A,False,0.0K,True,$10.69 / SMA $8.10,False,0.00%,,N/A,False,221.6M,False,PNK,False,
DAIPF,DAIHEN Corporation,51.55,2026-06-16T00:35:26.278646+00:00,False,+0.0%,True,$1216.9M,,N/A,False,0.0K,True,$51.55 / SMA $51.55,False,0.00%,,N/A,True,20.7M,False,PNK,False,
DAIUF,"Daifuku Co., Ltd.",39.62,2026-06-15T23:54:23.422077+00:00,False,+59.5%,True,$14568.7M,,,False,4.4K,False,$39.62 / SMA $41.26,False,0.26%,,,False,341.8M,False,PNK,False,
DAKT,"Daktronics, Inc.",20.81,2026-06-16T00:37:50.441712+00:00,False,+56.5%,True,$1014.4M,True,+116.7%,False,356.4K,True,$20.81 / SMA $19.77,True,3.50%,False,+21.6%,True,40.4M,True,NMS,False,
DAL,"Delta Air Lines, Inc.",84.07,2026-06-16T00:17:44.774153+00:00,True,+85.7%,True,$55233.5M,False,+-218.9%,True,9759.2K,True,$84.07 / SMA $73.13,True,3.50%,False,+12.9%,False,649.0M,True,NYQ,False,
DALXF,Spartan Delta Corp.,8.57,2026-06-16T00:35:41.609725+00:00,True,+218.0%,True,$1736.5M,False,+-133.3%,False,50.7K,False,$8.57 / SMA $9.14,True,4.05%,True,+60.1%,True,132.5M,False,PNK,False,
DANOY,Danone S.A.,15.58,2026-06-16T00:05:53.681799+00:00,False,+9.8%,True,$49991.1M,,,False,438.7K,True,$15.58 / SMA $15.00,False,1.28%,,,False,3142.9M,False,OQX,False,
DASH,"DoorDash, Inc.",168.09,2026-06-16T00:30:49.740196+00:00,False,+17.3%,True,$73240.0M,False,+-4.5%,True,4588.5K,True,$168.09 / SMA $163.61,True,5.29%,True,+33.1%,False,376.6M,True,NMS,False,
DASTF,Dassault Systèmes SE,19.685,2026-06-16T00:31:01.235690+00:00,False,+6.6%,True,$25852.1M,False,+10.0%,False,2.9K,False,$19.68 / SMA $21.70,False,2.59%,False,+-4.0%,False,663.6M,False,PNK,False,
DAVE,Dave Inc.,308.75,2026-06-16T00:35:22.562090+00:00,True,+102.8%,True,$3925.5M,True,+104.1%,True,574.0K,True,$308.75 / SMA $250.13,True,8.07%,True,+46.7%,True,9.4M,True,NGM,True,
DB,Deutsche Bank Aktiengesellschaft,34.5,2026-06-16T00:05:50.407464+00:00,False,+26.6%,True,$66004.1M,False,+7.1%,True,3217.6K,True,$34.50 / SMA $31.20,False,2.12%,False,+1.4%,False,1801.3M,True,NYQ,False,
DBCAU,D. Boral Acquisition I Corp.,10.2,2026-06-16T00:02:05.666977+00:00,False,+2.5%,,,,,False,1.8K,True,$10.20 / SMA $10.05,False,0.13%,,,True,28.7M,True,NGM,False,
DBD,"Diebold Nixdorf, Incorporated",82.71,2026-06-16T00:22:12.999161+00:00,False,+61.9%,True,$2864.1M,True,+163.6%,False,433.4K,True,$82.71 / SMA $79.94,True,3.34%,False,+6.0%,True,29.6M,True,NYQ,False,
DBIN,"Dacotah Banks, Inc.",44.58,2026-06-16T00:02:03.082326+00:00,False,+31.1%,True,$496.4M,,,False,0.4K,True,$44.58 / SMA $43.80,False,0.53%,True,+28.5%,,,False,OQX,False,
DBMBF,FIBRA Macquarie México,2.5015,2026-06-16T00:10:06.154338+00:00,True,+93.9%,True,$1994.5M,False,+-60.5%,False,1.6K,True,$2.50 / SMA $2.49,False,0.19%,False,+-4.3%,False,758.7M,False,PNK,False,
DBOEY,Deutsche Börse AG,28.79,2026-06-15T23:54:07.606358+00:00,False,+23.8%,True,$52428.3M,,,False,238.0K,False,$28.79 / SMA $29.28,False,1.34%,False,+9.1%,False,1822.3M,False,PNK,False,
DBRG,"DigitalBridge Group, Inc.",15.72,2026-06-15T23:58:10.092704+00:00,True,+75.8%,True,$2906.3M,True,+400.0%,True,2909.5K,True,$15.72 / SMA $15.63,False,0.24%,True,+68.0%,False,156.7M,True,NYQ,False,
DBSDY,DBS Group Holdings Ltd,196.46,2026-06-15T23:54:00.738380+00:00,False,+48.8%,True,$139370.4M,,,False,65.8K,True,$196.46 / SMA $185.73,False,1.50%,False,+8.0%,False,509.8M,False,PNK,False,
DBVT,DBV Technologies S.A.,18.12,2026-06-16T00:37:46.228945+00:00,True,+113.2%,True,$1072.5M,True,+57.7%,False,238.1K,False,$18.12 / SMA $19.36,True,4.55%,,N/A,True,35.3M,True,NCM,False,
DBX,"Dropbox, Inc.",27.23,2026-06-15T23:56:18.375336+00:00,False,+25.5%,True,$6352.8M,False,+-5.9%,True,3744.8K,True,$27.23 / SMA $25.64,True,3.34%,False,+0.8%,True,144.0M,True,NMS,False,
DCCPF,DCC plc,85.32,2026-06-16T00:31:36.264283+00:00,False,+47.6%,True,$7288.4M,,N/A,False,0.1K,True,$85.32 / SMA $72.45,False,0.00%,,N/A,True,82.6M,False,PNK,False,
DCCPY,DCC plc,42.0,2026-06-16T00:31:34.731587+00:00,False,+47.1%,True,$7175.6M,,N/A,False,1.0K,True,$42.00 / SMA $37.49,False,0.00%,,N/A,False,165.2M,False,PNK,False,
DCH,Dauch Corporation,6.5,2026-06-16T00:35:52.559827+00:00,False,+65.0%,True,$1542.9M,False,+-966.7%,True,4338.8K,True,$6.50 / SMA $6.13,True,5.50%,True,+68.6%,False,233.0M,True,NYQ,False,
DCHIF,Digital China Holdings Limited,0.3858,2026-06-16T00:13:47.206449+00:00,False,+20.6%,True,$645.7M,,,False,0.0K,True,$0.39 / SMA $0.33,False,0.00%,,,False,336.0M,False,PNK,False,
DCNSF,"Daiichi Life Group, Inc.",10.378,2026-06-16T00:17:48.605638+00:00,False,+52.2%,True,$37370.7M,,,False,1.9K,True,$10.38 / SMA $9.90,False,0.00%,,,False,3192.4M,False,PNK,False,
DCOM,"Dime Commercial Bancshares, Inc.",39.24,2026-06-16T00:11:44.438436+00:00,False,+53.1%,True,$1731.0M,True,+66.7%,False,295.9K,True,$39.24 / SMA $36.74,False,2.41%,False,+19.3%,True,42.3M,True,NYQ,False,
DCTH,"Delcath Systems, Inc.",11.79,2026-06-16T00:03:43.591797+00:00,False,+45.2%,True,$407.0M,False,+-200.0%,False,413.1K,True,$11.79 / SMA $10.89,True,5.05%,True,+26.3%,True,28.6M,True,NCM,False,
DDI,"DoubleDown Interactive Co., Ltd.",12.0,2026-06-16T00:01:58.809526+00:00,False,+48.1%,True,$594.6M,True,+48.4%,False,134.0K,True,$12.00 / SMA $10.71,False,2.25%,False,+12.7%,True,16.1M,True,NMS,False,
DDS,"Dillard's, Inc.",565.78,2026-06-16T00:18:26.667948+00:00,False,+42.5%,True,$8835.8M,True,+54.4%,False,109.1K,False,$565.78 / SMA $581.05,True,3.88%,False,+2.7%,True,7.3M,True,NYQ,False,
DE,Deere & Company,575.47,2026-06-16T00:17:33.601773+00:00,False,+32.9%,True,$155340.9M,False,+-1.4%,True,1296.0K,True,$575.47 / SMA $574.12,False,2.99%,False,+4.5%,False,269.4M,True,NYQ,False,
DEC,Diversified Energy Company,13.16,2026-06-16T00:11:53.754594+00:00,False,+6.7%,True,$951.8M,,,True,1039.1K,False,$13.16 / SMA $15.23,True,3.43%,,,True,66.6M,True,NYQ,False,
DECK,Deckers Outdoor Corporation,112.5,2026-06-16T00:18:09.793484+00:00,False,+42.6%,True,$15624.1M,False,+-4.0%,True,1990.9K,True,$112.50 / SMA $105.64,True,3.67%,False,+9.6%,True,137.7M,True,NYQ,False,
DEI,"Douglas Emmett, Inc.",12.22,2026-06-16T00:35:41.026610+00:00,False,+35.2%,True,$2457.2M,False,+-108.3%,True,2537.8K,True,$12.22 / SMA $11.22,True,3.02%,False,+-0.2%,False,163.0M,True,NYQ,False,
DELL,Dell Technologies Inc.,409.07,2026-06-16T00:05:43.602917+00:00,True,+271.1%,True,$265121.5M,True,+282.5%,True,9084.5K,True,$409.07 / SMA $268.27,True,6.92%,True,+87.5%,False,301.5M,True,NYQ,False,
DEO,Diageo plc,80.29,2026-06-16T00:17:45.397985+00:00,False,+10.8%,True,$44633.2M,,,True,1488.5K,False,$80.29 / SMA $80.73,False,1.73%,,,False,9988.3M,True,NYQ,False,
DETRF,Deterra Royalties Limited,3.2,2026-06-16T00:22:26.381666+00:00,False,+41.6%,True,$1694.3M,,,False,23.2K,True,$3.20 / SMA $3.17,False,0.58%,,,False,410.6M,False,PNK,False,
DFIHY,DFI Retail Group Holdings Limited,20.5,2026-06-16T00:08:10.183425+00:00,False,+59.5%,True,$5550.0M,,,False,0.0K,False,$20.50 / SMA $21.06,False,0.00%,,,True,60.7M,False,PNK,False,
DFILF,DFI Retail Group Holdings Limited,3.78,2026-06-16T00:08:07.608241+00:00,False,+53.0%,True,$5116.8M,,,False,0.2K,False,$3.78 / SMA $4.28,False,0.00%,,,False,303.4M,False,PNK,False,
DFIN,"Donnelley Financial Solutions, Inc.",39.84,2026-06-16T00:37:50.504048+00:00,False,+10.3%,True,$995.3M,False,+21.0%,False,300.2K,False,$39.84 / SMA $44.13,True,4.30%,False,+2.2%,True,23.7M,True,NYQ,False,
DFTX,"Definium Therapeutics, Inc.",23.77,2026-06-16T00:35:29.901113+00:00,True,+274.6%,True,$2592.5M,False,+-102.9%,True,1923.2K,True,$23.77 / SMA $22.39,True,6.33%,,N/A,True,108.2M,True,NMS,False,
DFYFF,DFYFF,47.3246,2026-06-16T00:20:11.172111+00:00,False,+3.9%,True,$5689.2M,False,+-34.2%,False,2.3K,False,$47.32 / SMA $48.51,False,0.00%,True,+52.3%,True,118.8M,False,PNK,False,
DG,Dollar General Corporation,116.39,2026-06-16T00:31:05.787835+00:00,False,+22.4%,True,$25674.1M,False,+12.4%,True,3578.6K,True,$116.39 / SMA $113.14,True,4.10%,False,+3.4%,False,218.7M,True,NYQ,False,
DGEAF,Diageo plc,20.65,2026-06-15T23:54:08.964455+00:00,False,+15.7%,True,$45917.3M,,,False,5.1K,True,$20.65 / SMA $20.26,False,2.53%,,,False,2217.4M,False,PNK,False,
DGICA,Donegal Group Inc.,17.34,2026-06-16T00:26:12.731412+00:00,False,+7.6%,True,$642.4M,False,+-56.3%,False,120.2K,True,$17.34 / SMA $17.15,False,2.09%,False,+-3.7%,True,17.6M,True,NMS,False,
DGICB,Donegal Group Inc.,18.22,2026-06-16T00:01:52.138560+00:00,False,+31.6%,True,$675.0M,False,+-56.3%,False,1.2K,False,$18.22 / SMA $18.68,False,1.04%,False,+-3.7%,True,17.6M,True,NMS,False,
DGII,Digi International Inc.,68.96,2026-06-15T23:58:14.151019+00:00,True,+124.7%,True,$2599.9M,False,+3.6%,False,319.3K,True,$68.96 / SMA $60.95,True,4.27%,True,+25.1%,True,36.7M,True,NMS,False,
DGTCF,Digital Core REIT,0.48,2026-06-16T00:24:34.612092+00:00,False,+7.1%,True,$625.9M,,,False,12.3K,False,$0.48 / SMA $0.51,False,0.80%,,,False,907.2M,False,PNK,False,
DHC,Diversified Healthcare Trust,8.83,2026-06-16T00:10:04.840611+00:00,True,+177.7%,True,$2137.8M,False,+-350.0%,True,1790.9K,True,$8.83 / SMA $8.05,True,3.73%,False,+-5.3%,False,186.8M,True,NMS,False,
DHI,"D.R. Horton, Inc.",155.09,2026-06-16T00:05:55.317585+00:00,False,+29.7%,True,$43980.4M,False,+-13.2%,True,2527.6K,True,$155.09 / SMA $147.19,True,3.06%,False,+-2.3%,False,250.7M,True,NYQ,False,
DHLGY,Deutsche Post AG,29.89,2026-06-16T00:30:50.527899+00:00,False,+37.3%,True,$68073.2M,False,+7.5%,False,495.1K,True,$29.89 / SMA $28.04,False,1.66%,False,+-1.9%,False,1831.2M,False,OID,False,
DHT,"DHT Holdings, Inc.",18.48,2026-06-15T23:58:11.615458+00:00,True,+74.2%,True,$2976.0M,True,+277.8%,True,3434.3K,True,$18.48 / SMA $17.32,True,3.44%,True,+57.3%,True,144.2M,True,NYQ,True,
DIDIY,DiDi Global Inc.,3.66,2026-06-16T00:31:13.525852+00:00,False,+9.3%,True,$16497.5M,,N/A,True,7530.3K,False,$3.66 / SMA $3.69,True,4.49%,,N/A,False,2430.9M,False,PNK,False,
DIFTY,"Daito Trust Construction Co.,Ltd.",4.7,2026-06-16T00:31:34.504593+00:00,False,+6.6%,True,$6107.9M,,N/A,False,160.4K,False,$4.70 / SMA $5.42,True,3.96%,,N/A,False,1133.5M,False,PNK,False,
DIN,"Dine Brands Global, Inc.",32.29,2026-06-16T00:03:43.161705+00:00,False,+64.9%,True,$409.6M,False,+7.5%,False,411.0K,True,$32.29 / SMA $29.11,True,4.78%,False,+4.8%,True,12.0M,True,NYQ,False,
DINRF,"SCREEN Holdings Co., Ltd.",66.12,2026-06-16T00:18:14.151647+00:00,True,+74.8%,True,$12502.5M,,,False,0.1K,True,$66.12 / SMA $65.40,False,0.03%,,,False,185.1M,False,PNK,False,
DIOD,Diodes Incorporated,113.15,2026-06-16T00:33:26.564299+00:00,True,+167.6%,True,$5198.6M,True,+420.0%,True,639.0K,True,$113.15 / SMA $100.72,True,6.35%,False,+22.1%,True,45.0M,True,NMS,False,
DIS,The Walt Disney Company,101.69,2026-06-16T00:05:43.768964+00:00,False,+10.3%,True,$176585.9M,False,+-29.8%,True,9217.8K,False,$101.69 / SMA $102.45,False,2.03%,False,+6.5%,False,1733.7M,True,NYQ,False,
DISPF,Disco Corporation,492.608,2026-06-16T00:17:46.327724+00:00,True,+172.2%,True,$53429.3M,,,False,0.7K,True,$492.61 / SMA $443.74,True,5.29%,,,True,87.4M,False,PNK,False,
DITTF,"Daito Trust Construction Co.,Ltd.",19.0,2026-06-16T00:06:32.097510+00:00,False,+32.1%,True,$6172.9M,,,False,1.5K,False,$19.00 / SMA $20.35,False,0.00%,,,False,283.4M,False,PNK,False,
DJCO,Daily Journal Corporation,556.33,2026-06-16T00:26:12.165169+00:00,False,+59.6%,True,$766.5M,False,+-177.5%,False,54.2K,True,$556.33 / SMA $513.90,True,4.40%,False,+25.0%,True,1.3M,True,NCM,False,
DK,"Delek US Holdings, Inc.",44.73,2026-06-16T00:10:00.192372+00:00,True,+125.8%,True,$2741.4M,False,+-20.1%,True,1299.6K,True,$44.73 / SMA $44.03,True,5.36%,False,+0.4%,True,59.8M,True,NYQ,False,
DKDRF,NewMed Energy - Limited Partnership,5.7,2026-06-16T00:18:33.880328+00:00,False,+35.8%,True,$6690.7M,False,+-100.0%,False,1.1K,False,$5.70 / SMA $6.11,False,0.66%,False,+-43.0%,False,525.8M,False,PNK,False,
DKILY,"Daikin Industries,Ltd.",14.43,2026-06-16T00:30:55.332136+00:00,False,+33.6%,True,$40163.9M,,N/A,False,330.9K,True,$14.43 / SMA $14.26,False,2.28%,,N/A,False,2927.9M,False,PNK,False,
DKL,"Delek Logistics Partners, LP",49.52,2026-06-16T00:35:25.357719+00:00,False,+18.7%,True,$2632.9M,False,+-17.8%,False,58.4K,False,$49.52 / SMA $50.59,True,3.53%,False,+19.0%,True,19.1M,True,NYQ,False,
DLICY,"Daiichi Life Group, Inc.",22.081,2026-06-15T23:54:11.325863+00:00,True,+98.0%,True,$39756.3M,,,False,71.5K,True,$22.08 / SMA $19.43,False,2.22%,,,False,1596.2M,False,PNK,False,
DLMAY,DLMAY,14.44,2026-06-16T00:17:55.578090+00:00,False,+44.4%,True,$39100.5M,False,+-88.7%,False,0.6K,True,$14.44 / SMA $13.03,True,5.07%,False,+21.4%,False,2666.8M,False,PNK,False,
DLNDY,"D&L Industries, Inc.",1.4,2026-06-16T00:03:39.113924+00:00,False,+26.1%,True,$400.0M,False,+0.0%,False,1.4K,False,$1.40 / SMA $1.65,False,0.80%,False,+-10.1%,True,68.8M,False,PNK,False,
DLPTF,"Liaoning Port Co., Ltd.",0.11,2026-06-15T23:56:26.044006+00:00,True,+83.3%,True,$2592.9M,True,+100.0%,False,1.4K,True,$0.11 / SMA $0.11,False,0.00%,False,+3.1%,False,5546.0M,False,PNK,False,
DLTR,"Dollar Tree, Inc.",112.88,2026-06-15T23:54:22.265831+00:00,False,+33.3%,True,$21692.7M,False,+9.3%,True,3693.3K,True,$112.88 / SMA $101.34,True,4.63%,False,+7.2%,False,179.5M,True,NMS,False,
DLVHF,Delivery Hero SE,42.598,2026-06-16T00:31:19.538185+00:00,True,+143.7%,True,$12939.1M,,N/A,False,3.2K,True,$42.60 / SMA $30.12,False,1.80%,,N/A,False,203.5M,False,PNK,False,
DMIIU,Drugs Made In America Acquisition II Corp.,10.12,2026-06-16T00:38:04.606617+00:00,False,+1.9%,,N/A,,N/A,False,2.2K,True,$10.12 / SMA $10.09,False,0.13%,,N/A,True,50.3M,True,NGM,False,
DMLP,"Dorchester Minerals, L.P.",26.0,2026-06-16T00:24:11.353021+00:00,False,+24.7%,True,$1254.6M,True,+63.9%,False,167.2K,False,$26.00 / SMA $27.39,False,2.73%,True,+36.4%,True,45.1M,True,NMS,False,
DMPHF,Dermapharm Holding SE,39.56,2026-06-16T00:35:22.029425+00:00,False,+0.0%,True,$1959.8M,True,+35.5%,False,0.0K,False,$39.56 / SMA $39.56,False,0.00%,False,+1.1%,True,7.0M,False,PNK,False,
DMPZF,Domino's Pizza Group plc,2.49,2026-06-16T00:37:55.225613+00:00,False,+13.2%,True,$949.1M,,N/A,False,0.4K,True,$2.49 / SMA $2.31,False,0.00%,,N/A,False,375.2M,False,PNK,False,
DMRA,"Damora Therapeutics, Inc.",20.07,2026-06-16T00:35:51.934797+00:00,True,+719.2%,True,$1235.4M,True,+67.7%,False,323.2K,False,$20.07 / SMA $24.42,True,8.09%,,N/A,True,41.2M,True,NCM,False,
DMRC,Digimarc Corporation,11.33,2026-06-16T00:40:20.920795+00:00,True,+178.4%,False,$253.0M,True,+41.8%,False,238.9K,True,$11.33 / SMA $9.73,True,11.58%,False,+-19.1%,True,13.9M,True,NMS,False,
DMZPY,Domino's Pizza Enterprises Limited,5.55,2026-06-16T00:37:41.964817+00:00,False,+40.2%,True,$1051.7M,,N/A,False,0.1K,False,$5.55 / SMA $5.87,False,0.86%,,N/A,True,131.6M,False,PNK,False,
DNA,"Ginkgo Bioworks Holdings, Inc.",8.23,2026-06-16T00:02:00.582783+00:00,False,+53.3%,True,$537.6M,False,+17.3%,True,1247.4K,True,$8.23 / SMA $8.23,True,8.15%,False,+-49.1%,True,47.9M,True,NYQ,False,
DNBBY,DNB Bank ASA,30.63,2026-06-16T00:17:45.785881+00:00,False,+23.7%,True,$44028.4M,False,+-20.8%,False,65.8K,True,$30.63 / SMA $30.48,False,1.34%,False,+0.4%,False,1452.1M,False,PNK,False,
DNGFF,Dongfang Electric Corporation Limited,3.33,2026-06-16T00:18:03.702909+00:00,True,+202.7%,True,$11516.3M,,,False,0.3K,False,$3.33 / SMA $4.77,False,1.10%,False,+-20.0%,False,1669.2M,False,PNK,False,
DNKEY,Danske Bank A/S,26.29,2026-06-16T00:05:54.995134+00:00,False,+35.7%,True,$42541.2M,False,+1.4%,False,54.4K,True,$26.29 / SMA $25.43,False,1.46%,False,+0.3%,False,1282.0M,False,OID,False,
DNLI,Denali Therapeutics Inc.,22.22,2026-06-16T00:09:57.029840+00:00,True,+76.6%,True,$3526.5M,False,+11.5%,True,1834.0K,True,$22.22 / SMA $19.79,True,5.17%,,,True,144.2M,True,NMS,False,
DNLZY,Dyno Nobel Limited,2.78,2026-06-16T00:08:16.607228+00:00,True,+98.6%,True,$4876.3M,,,False,3.2K,True,$2.78 / SMA $2.41,False,2.41%,,,False,1595.3M,False,PNK,False,
DNNGY,Ørsted A/S,8.02,2026-06-16T00:30:58.875670+00:00,False,+39.5%,True,$31785.1M,False,+-72.9%,False,142.8K,False,$8.02 / SMA $8.47,False,2.54%,True,+34.0%,False,1382.9M,False,PNK,False,
DNOW,DNOW Inc.,13.7,2026-06-16T00:22:15.619916+00:00,False,+25.3%,True,$2500.9M,False,+-220.0%,True,3137.0K,True,$13.70 / SMA $12.94,True,3.19%,True,+97.5%,False,179.4M,True,NYQ,False,
DNPUF,"Sumitomo Pharma Co., Ltd.",9.37,2026-06-16T00:20:20.361433+00:00,False,+47.8%,True,$4203.3M,,,False,0.3K,False,$9.37 / SMA $10.97,False,0.07%,,,False,207.8M,False,PNK,False,
DNSKF,Danske Bank A/S,51.0,2026-06-16T00:17:47.851672+00:00,False,+45.7%,True,$41262.9M,False,+1.4%,False,0.1K,False,$51.00 / SMA $51.43,False,0.00%,False,+0.3%,False,641.0M,False,OID,False,
DNZOF,DENSO Corporation,12.0,2026-06-15T23:54:13.199390+00:00,False,+14.7%,True,$32304.5M,,,False,11.2K,False,$12.00 / SMA $12.28,True,13.14%,,,False,2349.3M,False,PNK,False,
DNZOY,DENSO Corporation,11.59,2026-06-15T23:54:13.785646+00:00,False,+3.7%,True,$31200.8M,,,False,236.1K,False,$11.59 / SMA $11.91,False,1.58%,,,False,2349.3M,False,PNK,False,
DOCMF,Dr. Martens plc,0.96635,2026-06-16T00:00:20.867417+00:00,False,+18.7%,True,$924.9M,,,False,9.5K,True,$0.97 / SMA $0.90,False,0.42%,,,False,504.7M,False,PNK,False,
DOCN,"DigitalOcean Holdings, Inc.",181.29,2026-06-15T23:54:24.213763+00:00,True,+609.3%,True,$18920.2M,False,+-61.5%,True,4399.6K,True,$181.29 / SMA $132.37,True,8.26%,False,+22.4%,True,83.9M,True,NYQ,False,
DOCU,"DocuSign, Inc.",44.195,2026-06-16T00:18:23.267309+00:00,False,+10.0%,True,$8438.8M,False,+17.6%,True,4126.4K,False,$44.20 / SMA $47.45,True,5.16%,False,+8.7%,False,189.8M,True,NMS,False,
DOGEF,Ørsted A/S,25.0,2026-06-15T23:54:12.794249+00:00,False,+53.0%,True,$485578.5M,False,+-72.9%,False,1.5K,False,$25.00 / SMA $25.59,False,2.62%,True,+34.0%,False,460.5M,False,PNK,False,
DOMVF,Dogus Otomotiv Servis ve Ticaret A.S.,4.54,2026-06-16T00:13:36.537409+00:00,False,+12.7%,True,$998.8M,False,+-24.0%,False,0.0K,True,$4.54 / SMA $2.73,False,0.00%,False,+-9.8%,True,86.9M,False,PNK,False,
DOO,BRP Inc.,60.35,2026-06-16T00:20:24.571391+00:00,False,+30.5%,True,$4426.5M,False,+-14.2%,False,483.3K,True,$60.35 / SMA $59.58,True,4.28%,True,+29.5%,True,38.3M,True,NMS,False,
DORM,"Dorman Products, Inc.",126.14,2026-06-16T00:09:59.452997+00:00,False,+28.1%,True,$3769.4M,False,+-23.5%,False,258.0K,True,$126.14 / SMA $116.85,True,3.32%,False,+4.2%,True,26.3M,True,NMS,False,
DOV,Dover Corporation,220.67,2026-06-15T23:54:15.574204+00:00,False,+38.8%,True,$29715.7M,False,+4.8%,True,961.7K,True,$220.67 / SMA $216.53,False,2.13%,False,+10.1%,True,133.9M,True,NYQ,False,
DOX,DOX,,2026-06-16T00:09:38.918790+00:00,False,,False,,False,,False,,False,,False,,False,,False,,False,Unknown,False,Too Many Requests. Rate limited. Try after a while.
DPBSF,Dampskibsselskabet Norden A/S,50.78,2026-06-15T23:59:59.939501+00:00,False,+58.7%,True,$1415.7M,,,False,0.0K,True,$50.78 / SMA $48.60,False,0.00%,False,+-20.9%,True,18.9M,False,PNK,False,
DPG,Duff & Phelps Utility and Infrastructure Fund Inc.,14.37,2026-06-16T00:02:00.910656+00:00,False,+20.1%,True,$524.3M,,,False,80.9K,False,$14.37 / SMA $14.47,False,1.39%,,,,,True,NYQ,False,
DPLMF,Diploma PLC,92.7965,2026-06-16T00:06:19.436789+00:00,False,+45.1%,True,$12443.5M,,,False,0.1K,True,$92.80 / SMA $91.48,False,0.00%,,,True,133.2M,False,PNK,False,
DPMAY,Diploma PLC,22.98,2026-06-16T00:18:14.024156+00:00,False,+52.5%,True,$12326.0M,,,False,39.3K,True,$22.98 / SMA $22.96,True,6.01%,,,False,532.7M,False,PNK,False,
DPMLF,DPM Metals Inc.,31.7,2026-06-15T23:54:41.069775+00:00,True,+112.2%,True,$7007.0M,True,+294.7%,False,27.2K,False,$31.70 / SMA $34.71,True,4.74%,True,+115.3%,False,174.1M,False,PNK,False,
DPUKY,Domino's Pizza Group plc,5.15,2026-06-16T00:00:14.482692+00:00,False,+16.8%,True,$981.5M,,,False,4.4K,True,$5.15 / SMA $5.04,False,0.78%,,,False,187.6M,False,PNK,False,
DPZ,"Domino's Pizza, Inc.",316.52,2026-06-16T00:18:21.512659+00:00,False,+6.4%,True,$10528.0M,False,+-4.6%,True,928.8K,False,$316.52 / SMA $333.67,False,2.64%,False,+3.5%,True,30.6M,True,NMS,False,
DPZUF,Domino's Pizza Enterprises Limited,12.5,2026-06-16T00:37:48.174802+00:00,False,+51.1%,True,$1184.3M,,N/A,False,0.1K,True,$12.50 / SMA $12.24,False,0.00%,,N/A,True,65.8M,False,PNK,False,
DQ,Daqo New Energy Corp.,15.46,2026-06-16T00:24:14.638671+00:00,False,+13.7%,True,$1046.1M,False,+-22.4%,True,864.8K,False,$15.46 / SMA $18.92,True,5.67%,False,+-78.4%,True,43.2M,True,NYQ,False,
DQJCY,Pan Pacific International Holdings Corporation,10.67,2026-06-16T00:31:11.581294+00:00,False,+12.4%,True,$15948.9M,,N/A,False,258.3K,False,$10.67 / SMA $11.20,True,5.81%,,N/A,,N/A,False,PNK,False,
DRDB,Roman DBDR Acquisition Corp. II,10.52,2026-06-16T00:26:57.888106+00:00,False,+2.8%,True,$322.6M,,,False,128.5K,True,$10.52 / SMA $10.52,False,0.15%,,,True,21.3M,True,NGM,False,
DRDBU,Roman DBDR Acquisition Corp. II,11.49,2026-06-16T00:15:39.444351+00:00,False,+9.4%,,,,,False,0.2K,True,$11.49 / SMA $10.66,False,0.72%,,,True,21.3M,True,NGM,False,
DREUF,Dream Industrial Real Estate Investment Trust,10.21,2026-06-16T00:22:09.151174+00:00,False,+27.3%,True,$2936.9M,True,+31.2%,False,54.7K,True,$10.21 / SMA $9.96,False,0.75%,False,+7.5%,False,279.7M,False,PNK,False,
DRH,DiamondRock Hospitality Company,11.94,2026-06-16T00:10:03.936696+00:00,False,+60.3%,True,$2451.0M,True,+75.0%,True,1857.6K,True,$11.94 / SMA $10.67,False,2.15%,False,+1.3%,False,201.9M,True,NMS,False,
DRMKY,dormakaba Holding AG,12.18,2026-06-16T00:35:23.974087+00:00,True,+413.9%,True,$2588.4M,,N/A,False,18.3K,False,$12.18 / SMA $13.23,True,21.02%,,N/A,False,191.2M,False,PNK,False,
DRMTY,Dr. Martens plc,1.83,2026-06-16T00:24:26.674054+00:00,False,+27.6%,True,$875.7M,,,False,0.7K,True,$1.83 / SMA $1.70,False,0.15%,,,False,252.4M,False,PNK,False,
DRPRF,Dr. Ing. h.c. F. Porsche AG,55.55,2026-06-16T00:05:53.279121+00:00,False,+32.9%,True,$50606.1M,,,False,0.8K,True,$55.55 / SMA $51.19,False,0.00%,False,+3.3%,True,55.1M,False,PNK,False,
DRPRY,Dr. Ing. h.c. F. Porsche AG,5.65,2026-06-15T23:54:08.752778+00:00,False,+37.5%,True,$51471.5M,,,False,173.5K,True,$5.65 / SMA $5.09,False,1.94%,False,+3.3%,False,551.2M,False,PNK,False,
DRS,"Leonardo DRS, Inc.",46.68,2026-06-16T00:18:21.216614+00:00,False,+43.9%,True,$12452.5M,False,+21.1%,True,977.2K,True,$46.68 / SMA $44.32,True,3.52%,False,+5.9%,True,76.1M,True,NMS,False,
DRSHF,DroneShield Limited,2.02,2026-06-16T00:10:05.978660+00:00,True,+100.0%,True,$1865.0M,,,False,152.0K,False,$2.02 / SMA $2.40,True,10.46%,,,False,849.9M,False,PNK,False,
DRTGF,Jet2 plc,17.015,2026-06-16T00:10:00.317562+00:00,False,+20.9%,True,$3074.5M,,,False,3.0K,True,$17.02 / SMA $15.61,False,0.30%,,,True,128.7M,False,PNK,False,
DRUNF,Dream Unlimited Corp.,14.09,2026-06-16T00:13:44.974608+00:00,False,+14.1%,True,$591.0M,True,+42.1%,False,3.6K,True,$14.09 / SMA $13.79,False,0.63%,False,+-1.5%,True,20.4M,False,PNK,False,
DRWKF,Drägerwerk AG & Co. KGaA,100.47,2026-06-16T00:35:45.142433+00:00,False,+49.3%,True,$1884.8M,,N/A,False,0.0K,False,$100.47 / SMA $111.08,False,0.00%,False,+-29.7%,True,10.6M,False,PNK,False,
DRXGY,Drax Group plc,22.657,2026-06-16T00:33:35.151496+00:00,False,+32.0%,True,$3809.2M,,N/A,False,0.1K,True,$22.66 / SMA $22.55,False,0.00%,,N/A,False,167.1M,False,PNK,False,
DSACU,Daedalus Special Acquisition Corp.,10.09,2026-06-16T00:40:11.810015+00:00,False,+0.9%,,N/A,,N/A,False,2.0K,True,$10.09 / SMA $10.05,False,0.22%,,N/A,True,15.5M,True,NGM,False,
DSCNF,DSCNF,30.0,2026-06-16T00:37:51.553356+00:00,True,+224.3%,True,$890.3M,,N/A,False,21.1K,True,$30.00 / SMA_short $19.62,,N/A,,N/A,True,16.3M,False,PNK,False,
DSCSY,Disco Corporation,50.72,2026-06-16T00:17:45.994657+00:00,True,+111.6%,True,$55011.9M,,,False,204.3K,True,$50.72 / SMA $44.42,True,3.67%,,,False,873.6M,False,PNK,False,
DSDVF,DSV A/S,248.223,2026-06-16T00:30:51.772397+00:00,False,+27.2%,True,$59217.4M,,N/A,False,0.8K,False,$248.22 / SMA $248.93,True,3.36%,True,+61.8%,False,196.1M,False,PNK,False,
DSDVY,DSV A/S,124.65,2026-06-16T00:05:51.296092+00:00,False,+27.3%,True,$59474.4M,,,False,76.5K,True,$124.65 / SMA $124.47,False,1.83%,True,+61.8%,False,392.1M,False,PNK,False,
DSECF,Daiwa Securities Group Inc.,6.49,2026-06-16T00:18:12.881584+00:00,False,+0.0%,True,$8992.8M,,,False,0.0K,False,$6.49 / SMA $8.73,False,0.20%,,,False,1365.6M,False,PNK,False,
DSFIY,DSFIY,8.57,2026-06-15T23:54:21.244018+00:00,False,+33.9%,True,$21330.5M,,,False,364.2K,True,$8.57 / SMA $7.69,False,2.49%,,,False,2183.9M,False,OQX,False,
DSGN,"Design Therapeutics, Inc.",11.14,2026-06-16T00:38:02.222970+00:00,True,+234.5%,True,$695.8M,False,+6.5%,True,739.8K,False,$11.14 / SMA $12.38,True,9.09%,,N/A,True,32.2M,True,NMS,False,
DSGR,"Distribution Solutions Group, Inc.",27.76,2026-06-16T00:37:35.951764+00:00,False,+46.0%,True,$1282.4M,False,+-85.7%,False,118.1K,True,$27.76 / SMA $27.27,False,2.04%,False,+3.8%,True,42.1M,True,NMS,False,
DSGX,The Descartes Systems Group Inc.,72.51,2026-06-16T00:20:10.586824+00:00,False,+15.9%,True,$6213.4M,True,+34.1%,True,545.9K,True,$72.51 / SMA $71.95,True,4.07%,False,+14.7%,True,85.5M,True,NMS,False,
DSITF,Currys plc,2.0,2026-06-16T00:22:22.436949+00:00,False,+37.0%,True,$2076.3M,,,False,0.9K,True,$2.00 / SMA $1.80,False,0.00%,,,False,891.2M,False,PNK,False,
DSKYF,"Daiichi Sankyo Company, Limited",16.49,2026-06-16T00:17:53.725783+00:00,False,+19.1%,True,$30006.1M,,,False,13.9K,False,$16.49 / SMA $16.88,True,5.65%,,,False,1819.2M,False,PNK,False,
DSMFF,DSM-Firmenich AG,85.88,2026-06-16T00:31:08.691671+00:00,False,+28.2%,True,$21375.3M,,N/A,False,1.1K,True,$85.88 / SMA $75.61,False,0.09%,,N/A,False,218.4M,False,OQX,False,
DSNKY,"Daiichi Sankyo Company, Limited",15.8,2026-06-16T00:31:00.452497+00:00,False,+5.5%,True,$28750.5M,,N/A,False,331.6K,False,$15.80 / SMA $16.84,False,2.74%,,N/A,False,1819.2M,False,PNK,False,
DSP,Viant Technology Inc.,11.11,2026-06-16T00:24:33.747656+00:00,False,+37.0%,True,$729.0M,True,+57.1%,False,243.8K,False,$11.11 / SMA $11.23,True,6.97%,True,+25.3%,True,17.6M,True,NMS,False,
DSVSF,Discovery Silver Corp.,5.83,2026-06-16T00:20:18.003478+00:00,True,+193.0%,True,$4727.3M,True,+600.0%,False,477.4K,False,$5.83 / SMA $6.57,True,7.19%,,,False,525.3M,False,OQX,False,
DSX,Diana Shipping Inc.,2.39,2026-06-16T00:26:58.385039+00:00,False,+63.7%,False,$297.3M,True,+2400.0%,True,761.1K,False,$2.39 / SMA $2.53,True,4.91%,False,+-0.4%,True,66.6M,True,NYQ,False,
DT,"Dynatrace, Inc.",41.19,2026-06-16T00:31:23.570572+00:00,False,+30.2%,True,$12005.9M,False,+-53.8%,True,6658.7K,True,$41.19 / SMA $38.46,True,4.16%,False,+19.4%,False,289.7M,True,NYQ,False,
DTE,DTE Energy Company,148.04,2026-06-16T00:17:54.587288+00:00,False,+17.3%,True,$30796.5M,False,+-44.4%,True,1383.3K,True,$148.04 / SMA $145.17,False,1.82%,False,+15.8%,False,206.9M,True,NYQ,False,
DTEGF,Deutsche Telekom AG,32.99,2026-06-16T00:30:43.079848+00:00,False,+10.0%,True,$159606.4M,False,+-27.6%,False,9.0K,False,$32.99 / SMA $33.70,False,2.10%,False,+0.4%,False,4138.2M,False,OQX,False,
DTGHF,Daimler Truck Holding AG,47.61,2026-06-15T23:54:12.179577+00:00,False,+22.4%,True,$36390.1M,,,False,0.2K,True,$47.61 / SMA $47.60,False,0.06%,False,+-30.4%,False,534.3M,False,PNK,False,
DTLIF,D2L Inc.,7.44,2026-06-16T00:26:52.955357+00:00,False,+37.3%,True,$404.7M,False,+-50.0%,False,1.7K,True,$7.44 / SMA $6.79,False,0.49%,False,+8.1%,True,19.9M,False,PNK,False,
DTM,"DT Midstream, Inc.",140.69,2026-06-16T00:31:14.251313+00:00,False,+43.5%,True,$14352.4M,False,+19.8%,True,781.8K,False,$140.69 / SMA $140.86,False,2.08%,False,+10.9%,True,101.4M,True,NYQ,False,
DTNOF,DNO ASA,2.0,2026-06-16T00:35:37.725282+00:00,False,+66.7%,True,$1950.0M,True,+140.0%,False,2.7K,False,$2.00 / SMA $2.07,False,0.53%,True,+255.0%,False,732.9M,False,PNK,False,
DTREF,DTREF,0.09025,2026-06-16T00:13:45.721338+00:00,True,+92.0%,True,$345.4M,,,True,4132.3K,False,$0.09 / SMA $0.18,True,12.31%,,,False,2082.4M,False,OQB,False,
DUFRY,Avolta AG,6.25,2026-06-16T00:31:31.495507+00:00,False,+25.0%,True,$8844.3M,,N/A,False,83.4K,True,$6.25 / SMA $5.89,False,1.96%,,N/A,False,937.6M,False,PNK,False,
DUOL,"Duolingo, Inc.",127.06,2026-06-15T23:56:25.585836+00:00,False,+44.6%,True,$5920.1M,False,+23.6%,True,1747.8K,True,$127.06 / SMA $107.06,True,6.54%,True,+26.5%,True,39.8M,True,NMS,False,
DUOT,"Duos Technologies Group, Inc.",12.23,2026-06-16T00:26:49.903469+00:00,True,+111.8%,True,$358.6M,False,+16.7%,True,668.2K,True,$12.23 / SMA $9.83,True,11.67%,False,+-45.0%,True,22.6M,True,NCM,False,
DV,"DoubleVerify Holdings, Inc.",10.25,2026-06-16T00:24:05.973985+00:00,False,+34.2%,True,$1573.0M,True,+300.0%,True,2847.2K,False,$10.25 / SMA $10.27,True,4.39%,False,+9.6%,True,122.0M,True,NYQ,False,
DVA,DaVita Inc.,209.75,2026-06-16T00:18:13.723711+00:00,True,+107.7%,True,$13462.8M,True,+43.5%,True,843.9K,True,$209.75 / SMA $176.72,False,2.77%,False,+6.0%,True,34.1M,True,NYQ,False,
DVDCF,Davide Campari-Milano N.V.,6.1,2026-06-16T00:06:31.200571+00:00,False,+0.5%,True,$7312.6M,,,False,4.6K,False,$6.10 / SMA $6.86,False,0.43%,False,+2.2%,False,543.5M,False,PNK,False,
DVLT,Datavault AI Inc.,0.393,2026-06-16T00:26:43.588995+00:00,False,+57.2%,True,$336.2M,True,+50.0%,True,49266.0K,False,$0.39 / SMA $0.58,True,9.86%,True,+443.1%,False,387.4M,True,NCM,False,
DVN,Devon Energy Corporation,43.53,2026-06-16T00:30:53.747801+00:00,False,+38.4%,True,$50207.6M,False,+-75.3%,True,15528.3K,False,$43.53 / SMA $47.01,True,3.37%,False,+-14.5%,False,617.0M,True,NYQ,False,
DVSPF,Dividend 15 Split Corp.,5.96,2026-06-16T00:37:51.519459+00:00,False,+34.5%,,N/A,,N/A,False,3.4K,True,$5.96 / SMA $5.74,False,0.17%,,N/A,,N/A,False,PNK,False,
DWAHF,"Daiwa House Industry Co., Ltd.",23.99,2026-06-15T23:54:21.855190+00:00,False,+0.0%,True,$14858.1M,,,False,0.1K,False,$23.99 / SMA $30.09,False,0.00%,,,False,604.0M,False,PNK,False,
DWAHY,"Daiwa House Industry Co., Ltd.",26.84,2026-06-16T00:18:05.682119+00:00,False,+3.6%,True,$16623.3M,,,False,114.9K,False,$26.84 / SMA $29.24,False,1.01%,,,False,604.0M,False,PNK,False,
DX,"Dynex Capital, Inc.",13.1,2026-06-15T23:58:12.312890+00:00,False,+11.4%,True,$2818.5M,False,+-583.3%,True,5298.3K,True,$13.10 / SMA $13.03,False,1.52%,False,+-753.7%,False,214.1M,True,NYQ,False,
DXCM,"DexCom, Inc.",74.22,2026-06-15T23:54:15.555493+00:00,False,+37.2%,True,$28639.5M,True,+88.9%,True,5445.2K,True,$74.22 / SMA $66.11,True,4.24%,False,+15.0%,False,384.5M,True,NMS,False,
DXPE,"DXP Enterprises, Inc.",168.08,2026-06-16T00:10:03.835082+00:00,True,+122.4%,True,$2606.1M,False,+-2.4%,False,185.7K,True,$168.08 / SMA $156.52,True,3.90%,False,+9.5%,True,12.8M,True,NMS,False,
DXYZ,Destiny Tech100 Inc.,28.0,2026-06-16T00:11:57.154154+00:00,False,+42.1%,True,$853.0M,,,True,4413.8K,False,$28.00 / SMA $40.17,True,14.68%,,,,,True,NYQ,False,
DY,"Dycom Industries, Inc.",471.3,2026-06-16T00:06:18.627029+00:00,True,+104.9%,True,$14153.8M,True,+43.5%,False,458.9K,True,$471.30 / SMA $432.04,True,5.02%,True,+56.1%,True,24.9M,True,NYQ,False,
DYLLF,Deep Yellow Limited,0.975,2026-06-16T00:24:24.933726+00:00,False,+14.7%,True,$951.1M,,,False,65.8K,False,$0.97 / SMA $1.24,True,6.43%,,,False,883.1M,False,OQX,False,
DYN,"Dyne Therapeutics, Inc.",18.73,2026-06-16T00:22:08.636656+00:00,True,+132.4%,True,$3096.3M,True,+30.5%,True,1750.1K,True,$18.73 / SMA $18.24,True,5.89%,,,False,164.7M,True,NMS,False,
E,Eni S.p.A.,51.27,2026-06-16T00:30:48.533004+00:00,False,+60.9%,True,$75109.8M,False,+-5.6%,True,534.1K,False,$51.27 / SMA $54.20,False,1.63%,False,+4.7%,False,934.9M,True,NYQ,False,
EA,Electronic Arts Inc.,203.12,2026-06-16T00:17:44.897214+00:00,False,+38.2%,True,$50932.6M,True,+84.7%,True,1898.5K,True,$203.12 / SMA $202.07,False,0.47%,False,+11.9%,False,212.3M,True,NMS,False,
EACO,EACO Corporation,110.0,2026-06-16T00:26:31.593178+00:00,True,+165.1%,True,$534.8M,True,+44.9%,False,0.0K,True,$110.00 / SMA $98.66,False,0.59%,False,+17.7%,True,0.2M,False,OID,False,
EAD,Wells Fargo Advantage Funds - Allspring Income Opportunities Fund,6.45,2026-06-16T00:40:04.046682+00:00,False,+3.4%,True,$381.1M,,N/A,False,173.1K,False,$6.45 / SMA $6.48,False,0.78%,,N/A,,N/A,True,ASE,False,
EADSF,Airbus SE,205.5,2026-06-16T00:30:43.701613+00:00,False,+14.2%,True,$161775.4M,False,+-26.7%,False,3.9K,True,$205.50 / SMA $201.26,True,4.34%,False,+-6.6%,False,584.2M,False,PNK,False,
EADSY,Airbus SE,51.88,2026-06-15T23:54:00.247620+00:00,False,+15.3%,True,$163365.6M,False,+-26.7%,True,719.3K,True,$51.88 / SMA $50.23,False,1.93%,False,+-6.6%,False,2336.6M,False,PNK,False,
EAT,"Brinker International, Inc.",156.24,2026-06-16T00:08:09.637363+00:00,False,+55.8%,True,$6700.8M,False,+12.1%,True,1136.2K,True,$156.24 / SMA $144.50,True,4.77%,False,+3.2%,True,42.3M,True,NYQ,False,
EBBGF,Enbridge Inc.,25.0,2026-06-16T00:05:45.008450+00:00,False,+13.0%,,,,,False,3.5K,True,$25.00 / SMA $24.71,False,0.32%,False,+20.8%,False,2180.0M,False,PNK,False,
EBBNF,Enbridge Inc.,24.57,2026-06-16T00:17:39.647646+00:00,False,+7.8%,,,,,False,5.8K,True,$24.57 / SMA $24.30,False,0.32%,False,+20.8%,False,2180.0M,False,PNK,False,
EBCOY,Ebara Corporation,17.38,2026-06-15T23:54:25.244569+00:00,True,+126.9%,True,$15883.5M,,,False,92.6K,True,$17.38 / SMA $16.82,True,3.09%,,,False,195.5M,False,PNK,False,
EBKOF,Erste Group Bank AG,126.54,2026-06-15T23:54:09.210677+00:00,False,+56.6%,True,$49160.0M,False,+18.1%,False,2.3K,True,$126.54 / SMA $118.02,False,0.97%,True,+35.9%,False,336.6M,False,PNK,False,
EBRCZ,EBRCZ,0.1871,2026-06-16T00:35:51.156542+00:00,False,+0.0%,False,$84.3M,False,+-35.7%,False,5.5K,False,$0.19 / SMA $0.40,True,5.98%,,N/A,False,356.4M,False,PNK,False,
EBS,Emergent BioSolutions Inc.,8.29,2026-06-16T00:13:52.085084+00:00,False,+47.5%,True,$427.7M,False,+-94.1%,True,751.6K,False,$8.29 / SMA $8.41,True,4.98%,False,+-28.4%,True,49.4M,True,NYQ,False,
EC,Ecopetrol S.A.,15.69,2026-06-16T00:17:55.307696+00:00,True,+89.7%,True,$32256.0M,False,+-7.7%,True,3120.6K,True,$15.69 / SMA $14.08,True,4.06%,False,+-8.7%,False,473.2M,True,NYQ,False,
ECAOF,Eco (Atlantic) Oil & Gas Ltd.,0.69,2026-06-16T00:15:41.862462+00:00,True,+885.7%,False,$241.3M,True,+250.0%,False,23.4K,False,$0.69 / SMA $0.80,True,3.15%,True,+3740.2%,False,318.0M,False,PNK,False,
ECC,Eagle Point Credit Company,3.82,2026-06-16T00:13:46.852440+00:00,False,+10.4%,True,$505.0M,,,True,1110.6K,False,$3.82 / SMA $3.96,False,2.11%,,,,,True,NYQ,False,
ECG,"Everus Construction Group, Inc.",155.95,2026-06-16T00:18:31.686456+00:00,True,+168.9%,True,$7959.9M,True,+58.3%,True,586.7K,True,$155.95 / SMA $144.92,True,5.16%,True,+25.4%,True,50.8M,True,NYQ,True,
ECL,Ecolab Inc.,268.58,2026-06-16T00:30:49.527178+00:00,False,+10.5%,True,$75588.5M,False,+7.8%,True,1625.9K,True,$268.58 / SMA $260.94,False,2.32%,False,+10.0%,False,280.8M,True,NYQ,False,
ECPG,"Encore Capital Group, Inc.",82.65,2026-06-16T00:35:47.024313+00:00,True,+131.7%,True,$1772.1M,True,+100.0%,False,326.6K,True,$82.65 / SMA $80.73,True,3.24%,False,+21.0%,True,21.0M,True,NMS,False,
ECREY,Ecora Royalties PLC,7.72,2026-06-16T00:26:35.214496+00:00,False,+0.0%,,,,,False,0.2K,True,$7.72 / SMA_short $7.72,,,,,True,49.0M,False,OQX,False,
ECVT,Ecovyst Inc.,12.97,2026-06-16T00:24:05.560396+00:00,True,+75.6%,True,$1419.6M,True,+233.3%,True,2142.7K,False,$12.97 / SMA $13.77,False,2.76%,True,+50.2%,True,97.7M,True,NYQ,False,
ED,"Consolidated Edison, Inc.",107.72,2026-06-15T23:54:11.778756+00:00,False,+13.4%,True,$39698.0M,False,+12.9%,True,2197.5K,False,$107.72 / SMA $107.84,False,2.07%,False,+6.2%,False,367.8M,True,NYQ,False,
EDEMY,eDreams ODIGEO S.A.,40.0,2026-06-16T00:26:40.182539+00:00,False,+10.2%,True,$417.3M,,,False,0.0K,True,$40.00 / SMA $38.66,False,0.00%,False,+-8.6%,True,7.0M,False,PNK,False,
EDN,Empresa Distribuidora y Comercializadora Norte Sociedad Anónima,28.74,2026-06-16T00:11:52.506359+00:00,True,+99.9%,True,$1367.3M,True,+147.5%,False,172.4K,True,$28.74 / SMA $26.19,True,6.53%,False,+-0.0%,True,4.5M,True,NYQ,False,
EDNMF,Edenred SE,20.86,2026-06-16T00:20:11.398512+00:00,False,+1.3%,True,$4838.0M,,,False,0.0K,False,$20.86 / SMA $22.65,False,0.00%,,,False,235.2M,False,PNK,False,
EDNMY,Edenred SE,10.75,2026-06-16T00:20:10.696695+00:00,False,+25.0%,True,$4986.4M,,,False,12.5K,False,$10.75 / SMA $11.45,False,2.68%,,,False,470.5M,False,PNK,False,
EDU,New Oriental Education & Technology Group Inc.,47.06,2026-06-16T00:18:29.549084+00:00,False,+13.1%,True,$7845.5M,True,+60.0%,True,752.4K,False,$47.06 / SMA $51.29,False,2.30%,False,+19.8%,True,110.4M,True,NYQ,False,
EDVMF,Endeavour Mining plc,52.0,2026-06-16T00:31:15.930937+00:00,True,+79.3%,True,$12537.1M,True,+105.7%,False,16.1K,False,$52.00 / SMA $60.14,True,3.15%,True,+29.5%,False,209.6M,False,OQX,False,
EE,"Excelerate Energy, Inc.",35.04,2026-06-16T00:20:23.594207+00:00,False,+64.6%,True,$3989.6M,False,+-19.6%,False,404.5K,True,$35.04 / SMA $34.13,True,3.17%,True,+37.6%,True,31.4M,True,NYQ,False,
EEFT,"Euronet Worldwide, Inc.",66.9,2026-06-16T00:10:01.300005+00:00,False,+7.0%,True,$2547.2M,False,+-2.4%,True,686.8K,False,$66.90 / SMA $70.33,True,4.08%,False,+10.5%,True,35.2M,True,NMS,False,
EFC,Ellington Financial Inc.,13.59,2026-06-15T23:59:55.633636+00:00,False,+20.5%,True,$1704.1M,True,+122.9%,True,1455.5K,True,$13.59 / SMA $13.09,False,1.37%,True,+77.0%,True,122.5M,True,NYQ,False,
EFGIF,EFG International AG,21.0,2026-06-16T00:33:11.636285+00:00,False,+58.6%,True,$6309.9M,,N/A,False,0.0K,False,$21.00 / SMA $21.96,False,0.00%,,N/A,True,91.5M,False,PNK,False,
EFGSY,Eiffage SA,28.19,2026-06-16T00:06:16.392836+00:00,False,+19.2%,True,$13813.1M,,,False,2.6K,False,$28.19 / SMA $30.49,False,2.86%,,,False,360.9M,False,PNK,False,
EFOR,EFOR,20.85,2026-06-16T00:37:57.641191+00:00,False,+23.4%,True,$854.8M,False,+-72.9%,True,1340.5K,False,$20.85 / SMA $24.99,True,6.34%,False,+0.0%,True,36.9M,True,NYQ,False,
EFRTF,Nexus Industrial REIT,5.758,2026-06-16T00:15:27.982769+00:00,False,+12.2%,True,$702.5M,False,+-5.8%,False,1.7K,True,$5.76 / SMA $5.72,False,2.40%,False,+2.8%,True,52.4M,False,PNK,False,
EFSC,Enterprise Financial Services Corp,62.77,2026-06-16T00:22:20.215121+00:00,False,+22.6%,True,$2296.5M,False,+-0.8%,False,270.8K,True,$62.77 / SMA $59.49,False,2.46%,False,+13.1%,True,35.5M,True,NMS,False,
EFSCP,Enterprise Financial Services Corp,20.08,2026-06-16T00:10:03.773345+00:00,False,+8.2%,,,,,False,2.3K,True,$20.08 / SMA $19.95,False,1.39%,False,+13.1%,True,35.5M,True,NMS,False,
EFX,Equifax Inc.,165.13,2026-06-16T00:31:09.310819+00:00,False,+7.3%,True,$19920.4M,True,+34.0%,True,1721.3K,False,$165.13 / SMA $172.36,True,4.02%,False,+14.3%,True,118.6M,True,NYQ,False,
EFXT,Enerflex Ltd.,24.05,2026-06-16T00:20:30.514040+00:00,True,+219.0%,True,$2935.7M,True,+84.2%,True,630.8K,False,$24.05 / SMA $25.20,True,3.91%,False,+5.8%,True,121.5M,True,NYQ,False,
EG,"Everest Group, Ltd.",338.6,2026-06-16T00:06:15.982855+00:00,False,+12.0%,True,$13398.9M,True,+230.8%,False,361.8K,False,$338.60 / SMA $340.49,False,2.27%,False,+-6.8%,True,27.0M,True,NYQ,False,
EGBN,"Eagle Bancorp, Inc.",27.83,2026-06-16T00:01:32.862327+00:00,True,+85.2%,True,$848.7M,True,+700.0%,False,274.1K,True,$27.83 / SMA $26.55,False,2.67%,False,+3.4%,True,25.1M,True,NCM,False,
EGHSF,Enghouse Systems Limited,11.44,2026-06-16T00:13:40.240458+00:00,False,+5.1%,True,$622.0M,False,+25.0%,False,26.5K,False,$11.44 / SMA $12.35,False,2.21%,False,+-8.4%,True,44.6M,False,PNK,False,
EGHT,"8x8, Inc.",1.77,2026-06-16T00:40:20.173603+00:00,False,+12.7%,False,$249.9M,True,+100.0%,True,1505.8K,False,$1.77 / SMA $2.08,True,8.28%,False,+4.6%,True,134.7M,True,NMS,False,
EGIEY,Engie Brasil Energia S.A.,7.05,2026-06-16T00:31:34.029443+00:00,False,+39.6%,True,$8053.2M,False,+-2.2%,False,49.2K,True,$7.05 / SMA $7.02,True,4.44%,False,+13.1%,False,357.4M,False,OID,False,
EGP,"EastGroup Properties, Inc.",204.65,2026-06-16T00:18:20.330674+00:00,False,+28.4%,True,$11001.0M,True,+55.3%,False,352.7K,True,$204.65 / SMA $200.13,False,1.76%,False,+9.1%,True,52.9M,True,NYQ,False,
EGY,"VAALCO Energy, Inc.",5.42,2026-06-16T00:01:58.070931+00:00,False,+61.1%,True,$580.0M,False,+-1385.7%,True,1517.2K,False,$5.42 / SMA $5.81,True,3.61%,False,+-43.3%,True,100.9M,True,NYQ,False,
EHC,Encompass Health Corporation,99.36,2026-06-16T00:06:22.696066+00:00,False,+7.1%,True,$9856.4M,True,+30.4%,True,915.9K,False,$99.36 / SMA $104.53,False,2.87%,False,+9.0%,True,97.9M,True,NYQ,False,
EHMEF,goeasy Ltd.,26.56,2026-06-16T00:39:59.947959+00:00,False,+30.8%,True,$425.9M,,N/A,False,14.0K,True,$26.56 / SMA $24.85,False,1.85%,False,+16.5%,True,12.3M,False,PNK,False,
EIFZF,Exchange Income Corporation,91.07,2026-06-16T00:20:21.487578+00:00,True,+118.1%,True,$5129.6M,True,+250.0%,False,6.4K,True,$91.07 / SMA $79.04,False,0.60%,True,+29.7%,True,53.5M,False,PNK,False,
EIG,"Employers Holdings, Inc.",45.84,2026-06-16T00:01:30.451895+00:00,False,+28.3%,True,$836.3M,False,+0.0%,False,230.6K,True,$45.84 / SMA $42.83,False,1.99%,False,+2.5%,True,17.8M,True,NYQ,False,
EIKN,"Eikon Therapeutics, Inc.",9.33,2026-06-16T00:38:07.381677+00:00,False,+18.1%,True,$505.1M,,N/A,False,338.2K,False,$9.33 / SMA $10.18,True,9.85%,,N/A,True,29.8M,True,NMS,False,
EIM,Eaton Vance Municipal Bond Fund,9.77,2026-06-16T00:13:47.523830+00:00,False,+3.8%,True,$501.9M,,,False,125.0K,False,$9.77 / SMA $9.79,False,0.92%,,,,,True,ASE,False,
EIPAF,Eni S.p.A.,26.05,2026-06-15T23:54:03.996264+00:00,False,+64.2%,True,$76325.8M,False,+-5.6%,False,4.5K,False,$26.05 / SMA $27.22,False,0.03%,False,+4.7%,False,1869.8M,False,PNK,False,
EIX,Edison International,72.14,2026-06-16T00:06:01.336749+00:00,False,+51.1%,True,$27759.0M,False,+-63.2%,True,2823.2K,True,$72.14 / SMA $70.79,False,2.46%,False,+7.7%,False,363.4M,True,NYQ,False,
EJPRF,East Japan Railway Company,22.75,2026-06-16T00:17:59.250615+00:00,False,+12.8%,True,$25676.9M,,,False,0.0K,True,$22.75 / SMA $22.28,False,0.23%,,,False,1085.3M,False,PNK,False,
EJPRY,East Japan Railway Company,10.57,2026-06-16T00:06:02.577634+00:00,False,+4.5%,True,$23859.8M,,,False,139.9K,False,$10.57 / SMA $11.14,False,2.94%,,,False,2170.7M,False,PNK,False,
EL,The Estée Lauder Companies Inc.,90.0,2026-06-16T00:17:53.318466+00:00,False,+35.9%,True,$32561.5M,False,+-45.5%,True,4420.5K,True,$90.00 / SMA $80.60,True,3.51%,False,+4.6%,False,246.3M,True,NYQ,False,
ELA,Envela Corporation,26.96,2026-06-16T00:01:57.300039+00:00,True,+397.4%,True,$700.0M,True,+240.0%,False,133.6K,True,$26.96 / SMA $21.49,True,6.81%,True,+103.9%,True,6.8M,True,ASE,False,
ELALF,El Al Israel Airlines Ltd.,4.75,2026-06-16T00:22:17.362258+00:00,False,+38.2%,True,$2804.8M,False,+-171.3%,False,0.5K,True,$4.75 / SMA $4.71,False,0.67%,False,+-27.3%,False,324.3M,False,PNK,False,
ELCPF,"EDP, S.A.",5.1,2026-06-16T00:31:07.570917+00:00,False,+25.9%,True,$21083.0M,False,+-10.0%,False,29.3K,True,$5.10 / SMA $5.08,False,1.85%,False,+-0.8%,False,2716.0M,False,PNK,False,
ELDN,"Eledon Pharmaceuticals, Inc.",3.43,2026-06-16T00:28:38.359159+00:00,True,+154.1%,False,$264.8M,False,+-312.5%,True,1415.1K,False,$3.43 / SMA $3.63,True,6.07%,,,True,69.9M,True,NCM,False,
ELEZF,"Endesa, S.A.",36.55,2026-06-16T00:30:55.753704+00:00,False,+28.9%,True,$37489.5M,True,+27.3%,False,0.0K,False,$36.55 / SMA $40.44,False,0.00%,False,+-1.3%,False,312.1M,False,PNK,False,
ELFIF,E-L Financial Corporation Limited,12.09,2026-06-16T00:08:18.550157+00:00,False,+16.8%,True,$4184.7M,False,+-62.8%,False,5.6K,False,$12.09 / SMA $12.33,False,1.14%,False,+-34.4%,False,198.2M,False,PNK,False,
ELKEF,Elkem ASA,3.4,2026-06-16T00:00:05.303698+00:00,False,+65.0%,True,$1198.3M,True,+112.1%,False,0.1K,True,$3.40 / SMA $3.18,False,0.00%,False,+-5.2%,False,531.4M,False,PNK,False,
ELLO,Ellomay Capital Ltd.,21.555,2026-06-16T00:15:42.277700+00:00,False,+57.2%,False,$297.1M,False,+-222.6%,False,12.1K,False,$21.55 / SMA $23.91,True,5.31%,False,+-2.2%,True,7.4M,True,ASE,False,
ELLRY,ElringKlinger AG,3.4,2026-06-16T00:05:10.481838+00:00,False,+41.7%,True,$430.8M,,,False,0.1K,True,$3.40 / SMA $3.11,False,0.00%,False,+-8.4%,True,60.8M,False,PNK,False,
ELPC,ELPC,11.69,2026-06-16T00:06:27.189315+00:00,False,+59.7%,True,$8678.6M,False,+3.8%,False,409.3K,False,$11.69 / SMA $12.25,False,2.62%,False,+20.0%,False,1900.9M,True,NYQ,False,
ELS,"Equity LifeStyle Properties, Inc.",64.22,2026-06-16T00:31:19.186817+00:00,False,+10.4%,True,$12868.7M,False,+-1.8%,True,1430.5K,True,$64.22 / SMA $63.15,False,1.84%,False,+3.3%,False,192.3M,True,NYQ,False,
ELUXY,AB Electrolux (publ),12.57,2026-06-16T00:24:08.301072+00:00,False,+27.7%,True,$3093.8M,False,+-416.4%,False,7.8K,True,$12.57 / SMA $12.11,True,4.87%,False,+-22.2%,True,110.5M,False,PNK,False,
ELVA,Electrovaya Inc.,10.12,2026-06-16T00:39:45.762022+00:00,True,+225.4%,True,$501.0M,False,+0.0%,False,408.1K,True,$10.12 / SMA $9.97,True,7.99%,False,+20.2%,True,32.1M,True,NCM,False,
ELVN,"Enliven Therapeutics, Inc.",42.36,2026-06-16T00:35:28.914101+00:00,True,+186.5%,True,$2579.9M,True,+33.3%,True,1277.0K,True,$42.36 / SMA $41.60,True,6.90%,,N/A,True,44.4M,True,NMS,True,
ELVR,Elevra Lithium Limited,102.33,2026-06-16T00:01:25.082315+00:00,True,+558.3%,True,$1854.4M,,,False,96.5K,True,$102.33 / SMA $82.39,True,4.74%,,,True,15.2M,True,NCM,False,
EMA,Emera Incorporated,52.82,2026-06-16T00:18:08.491757+00:00,False,+19.7%,True,$16157.6M,False,+-5.6%,False,389.6K,True,$52.82 / SMA $52.17,False,1.70%,False,+5.1%,False,304.8M,True,NYQ,False,
EMAT,Evolution Metals & Technologies Corp.,6.93,2026-06-15T23:56:26.686176+00:00,False,+26.0%,True,$4111.9M,,,False,114.7K,False,$6.93 / SMA $8.11,True,8.41%,,,True,111.2M,True,NGM,False,
EMBVF,"Arca Continental, S.A.B. de C.V.",12.275,2026-06-16T00:31:07.275292+00:00,False,+29.1%,True,$20845.3M,False,+-1.5%,False,3.6K,False,$12.28 / SMA $12.28,False,1.03%,False,+-15.4%,,N/A,False,PNK,False,
EMD,Western Asset Emerging Markets Debt Fund Inc.,10.61,2026-06-16T00:38:06.442244+00:00,False,+10.5%,True,$616.8M,,N/A,False,217.9K,True,$10.61 / SMA $10.51,False,1.59%,,N/A,,N/A,True,NYQ,False,
EMF,Templeton Emerging Markets Fund,24.16,2026-06-16T00:15:38.832361+00:00,True,+76.2%,True,$361.1M,,,False,46.6K,True,$24.16 / SMA $21.42,True,3.56%,,,,,True,NYQ,False,
EMLAF,Empire Company Limited,35.12,2026-06-16T00:31:32.316175+00:00,False,+7.9%,True,$8061.3M,False,+-371.0%,False,6.4K,True,$35.12 / SMA $34.63,False,0.17%,False,+2.1%,True,123.2M,False,PNK,False,
EMLZF,Emmi AG,1054.77,2026-06-16T00:33:16.440000+00:00,False,+23.1%,True,$5642.8M,,N/A,False,0.0K,True,$1054.77 / SMA $997.59,False,0.00%,,N/A,True,2.1M,False,PNK,False,
EMN,Eastman Chemical Company,75.28,2026-06-15T23:54:37.979427+00:00,False,+34.2%,True,$8608.3M,False,+-40.8%,True,1332.1K,True,$75.28 / SMA $73.57,False,2.89%,False,+-4.9%,True,113.2M,True,NYQ,False,
EMR,Emerson Electric Co.,146.52,2026-06-16T00:17:40.020312+00:00,False,+19.5%,True,$82065.9M,True,+27.9%,True,2875.7K,True,$146.52 / SMA $139.77,False,2.89%,False,+2.9%,False,558.0M,True,NYQ,False,
EMSHF,EMS-CHEMIE HOLDING AG,776.57,2026-06-15T23:54:20.781599+00:00,False,+10.5%,True,$18163.2M,,,False,0.0K,False,$776.57 / SMA $837.28,False,0.00%,,,True,6.8M,False,PNK,False,
ENAKF,E.ON SE,22.57,2026-06-16T00:30:52.151583+00:00,False,+31.5%,True,$58977.2M,True,+325.0%,False,0.5K,True,$22.57 / SMA $22.02,False,0.76%,False,+-13.5%,False,2139.2M,False,PNK,False,
ENB,Enbridge Inc.,55.94,2026-06-16T00:30:44.493403+00:00,False,+28.3%,True,$122156.0M,False,+-26.2%,True,4559.6K,True,$55.94 / SMA $54.41,False,1.70%,False,+20.8%,False,2180.0M,True,NYQ,False,
ENDTF,Canoe EIT Income Fund,12.39,2026-06-16T00:35:30.810114+00:00,False,+20.3%,True,$2310.7M,,N/A,False,14.2K,True,$12.39 / SMA $12.23,False,0.15%,,N/A,,N/A,False,PNK,False,
ENEAY,ENEA S.A.,22.48,2026-06-15T23:58:10.382076+00:00,True,+138.6%,True,$2977.1M,False,+-11.6%,False,0.0K,True,$22.48 / SMA $21.90,False,0.00%,False,+-3.3%,True,56.0M,False,PNK,False,
ENGGF,"Enagás, S.A.",20.12,2026-06-16T00:08:13.721225+00:00,False,+39.2%,True,$5231.4M,True,+236.8%,False,0.0K,True,$20.12 / SMA $18.32,False,0.00%,False,+-53.3%,False,233.6M,False,PNK,False,
ENGGY,"Enagás, S.A.",10.27,2026-06-16T00:20:16.526053+00:00,False,+38.4%,True,$5340.6M,True,+236.8%,False,3.2K,True,$10.27 / SMA $9.86,False,0.26%,False,+-53.3%,False,467.1M,False,PNK,False,
ENHA,Enhanced Group Inc.,3.75,2026-06-16T00:38:03.996340+00:00,False,+59.6%,True,$458.4M,,N/A,True,1622.4K,False,$3.75 / SMA_short $4.30,True,22.10%,,N/A,False,234.7M,True,NYQ,False,
ENLAY,Enel SpA,11.29,2026-06-16T00:17:35.022997+00:00,False,+29.8%,True,$112033.6M,False,+-5.3%,True,512.8K,False,$11.29 / SMA $11.33,False,1.43%,False,+-2.5%,False,7868.0M,False,PNK,False,
ENNPF,Enbridge Inc.,18.15,2026-06-15T23:54:01.003710+00:00,False,+17.1%,,,,,False,0.3K,True,$18.15 / SMA $17.91,False,0.00%,False,+20.8%,False,2180.0M,False,PNK,False,
ENOV,Enovis Corporation,20.98,2026-06-16T00:11:48.401780+00:00,False,+2.1%,True,$1207.7M,True,+84.7%,True,986.9K,False,$20.98 / SMA $24.00,True,5.87%,False,+5.4%,True,56.6M,True,NYQ,False,
ENPH,"Enphase Energy, Inc.",52.395,2026-06-16T00:06:28.040533+00:00,True,+103.2%,True,$6905.6M,False,+-127.3%,True,7569.8K,True,$52.40 / SMA $45.22,True,10.89%,False,+-20.6%,True,127.8M,True,NGM,False,
ENQUF,EnQuest PLC,0.38,2026-06-16T00:13:50.312792+00:00,True,+192.3%,True,$775.7M,,,False,12.6K,True,$0.38 / SMA $0.27,False,0.51%,,,False,1571.2M,False,PNK,False,
ENR,"Energizer Holdings, Inc.",20.13,2026-06-16T00:00:04.318887+00:00,False,+27.8%,True,$1378.4M,False,+-61.5%,True,1136.3K,True,$20.13 / SMA $18.45,True,3.97%,False,+-3.0%,True,60.3M,True,NYQ,False,
ENSG,"The Ensign Group, Inc.",150.71,2026-06-16T00:18:22.258418+00:00,False,+11.8%,True,$8808.3M,False,+21.9%,True,554.1K,False,$150.71 / SMA $178.94,True,3.52%,False,+18.4%,True,55.8M,True,NMS,False,
ENTA,"Enanta Pharmaceuticals, Inc.",11.44,2026-06-16T00:26:43.036139+00:00,True,+77.8%,True,$332.7M,True,+57.5%,False,169.5K,False,$11.44 / SMA $13.44,True,6.02%,False,+15.0%,True,20.1M,True,NMS,False,
ENTG,"Entegris, Inc.",162.89,2026-06-15T23:54:20.660232+00:00,True,+139.6%,True,$24808.1M,True,+46.3%,True,2792.8K,True,$162.89 / SMA $140.09,True,6.42%,False,+5.0%,False,151.8M,True,NMS,False,
EOHDF,Emeco Holdings Limited,0.7,2026-06-16T00:26:44.053949+00:00,False,+42.9%,True,$362.9M,,,False,0.7K,False,$0.70 / SMA $0.85,False,0.00%,,,False,270.3M,False,PNK,False,
EOI,Eaton Vance Enhanced Equity Income Fund,19.6,2026-06-16T00:24:30.029684+00:00,False,+8.6%,True,$803.6M,,,False,88.8K,False,$19.60 / SMA $19.66,False,1.28%,,,,,True,NYQ,False,
EOLS,"Evolus, Inc.",6.75,2026-06-16T00:26:43.396598+00:00,True,+74.9%,True,$444.5M,True,+46.7%,True,860.4K,True,$6.75 / SMA $5.78,True,4.97%,False,+6.7%,True,50.0M,True,NGM,False,
EOS,Eaton Vance Enhanced Equity Income Fund II,22.18,2026-06-16T00:37:38.793177+00:00,False,+14.1%,True,$1182.5M,,N/A,False,137.9K,True,$22.18 / SMA $22.15,False,1.54%,,N/A,,N/A,True,NYQ,False,
EOSE,"Eos Energy Enterprises, Inc.",6.38,2026-06-16T00:09:59.719051+00:00,False,+52.6%,True,$2166.1M,True,+160.0%,True,25456.7K,False,$6.38 / SMA $7.10,True,9.72%,True,+444.7%,False,335.1M,True,NCM,False,
EPAC,Enerpac Tool Group Corp.,35.38,2026-06-16T00:11:42.030142+00:00,False,+9.4%,True,$1867.2M,False,+-18.4%,False,427.5K,True,$35.38 / SMA $34.84,False,2.39%,False,+6.4%,True,50.8M,True,NYQ,False,
EPAM,"EPAM Systems, Inc.",92.72,2026-06-16T00:33:19.244462+00:00,False,+3.9%,True,$4844.1M,False,+18.8%,True,1721.3K,False,$92.72 / SMA $109.45,True,5.13%,False,+7.6%,True,50.3M,True,NYQ,False,
EPC,Edgewell Personal Care Company,22.99,2026-06-16T00:01:28.840305+00:00,False,+46.2%,True,$1059.4M,False,+-138.3%,True,784.5K,True,$22.99 / SMA $20.44,True,4.89%,False,+0.6%,True,41.3M,True,NYQ,False,
EPD,Enterprise Products Partners L.P.,36.5,2026-06-16T00:30:47.795299+00:00,False,+21.6%,True,$78968.4M,False,+6.3%,True,4224.2K,False,$36.50 / SMA $37.78,False,1.77%,False,+-6.7%,False,1450.0M,True,NYQ,False,
EPIAF,Epiroc AB (publ),29.5,2026-06-16T00:05:57.893372+00:00,False,+49.6%,True,$35689.8M,False,+-11.2%,False,4.8K,True,$29.50 / SMA $28.35,False,2.86%,False,+-16.8%,False,1001.9M,False,PNK,False,
EPR,EPR Properties,58.36,2026-06-16T00:33:27.670196+00:00,False,+21.3%,True,$4465.0M,False,+-5.1%,True,763.2K,True,$58.36 / SMA $56.41,False,1.86%,False,+4.8%,True,74.6M,True,NYQ,False,
EPRT,"Essential Properties Realty Trust, Inc.",30.26,2026-06-16T00:18:35.022389+00:00,False,+4.5%,True,$6560.9M,False,+-3.4%,True,2094.2K,False,$30.26 / SMA $31.27,False,1.85%,False,+22.8%,False,215.2M,True,NYQ,False,
EPRX,Eupraxia Pharmaceuticals Inc.,6.22,2026-06-16T00:39:57.839552+00:00,False,+58.0%,True,$406.3M,False,+-9.5%,False,223.0K,False,$6.22 / SMA $6.97,True,6.76%,,N/A,True,50.3M,True,NCM,False,
EQBBF,EQT AB (publ),32.15,2026-06-16T00:30:57.299693+00:00,False,+14.8%,True,$37613.5M,,N/A,False,0.1K,True,$32.15 / SMA $29.44,False,0.00%,,N/A,False,945.6M,False,PNK,False,
EQGPF,EQB Inc.,84.76,2026-06-16T00:22:05.697812+00:00,False,+40.9%,True,$3003.4M,False,+-41.6%,False,9.8K,False,$84.76 / SMA $85.25,False,0.26%,False,+-4.3%,True,24.4M,False,PNK,False,
EQH,"Equitable Holdings, Inc.",45.2,2026-06-16T00:06:19.351914+00:00,False,+28.4%,True,$12724.7M,True,+1244.3%,True,4469.1K,True,$45.20 / SMA $41.19,False,2.97%,False,+-7.6%,False,261.0M,True,NYQ,False,
EQIX,"Equinix, Inc.",1064.38,2026-06-16T00:05:46.388011+00:00,False,+49.8%,True,$104973.7M,False,+20.0%,True,553.4K,False,$1064.38 / SMA $1065.88,False,1.97%,False,+9.8%,True,98.2M,True,NMS,False,
EQPT,EquipmentShare.com Inc.,21.24,2026-06-16T00:08:12.812330+00:00,False,+18.3%,True,$5360.4M,False,+24.7%,True,2087.5K,False,$21.24 / SMA $21.25,True,7.13%,True,+38.1%,True,113.2M,True,NMS,False,
EQR,Equity Residential,66.18,2026-06-16T00:06:03.216932+00:00,False,+15.0%,True,$25570.4M,False,+-64.2%,True,2815.3K,True,$66.18 / SMA $64.63,False,1.91%,False,+2.5%,False,336.9M,True,NYQ,False,
EQRLF,EQRLF,0.1818,2026-06-16T00:37:50.863410+00:00,True,+203.0%,True,$922.8M,,N/A,True,758.4K,False,$0.18 / SMA $0.20,True,16.20%,,N/A,False,3103.2M,False,PNK,False,
EQUEY,Equatorial S.A.,7.58,2026-06-16T00:06:25.988395+00:00,False,+25.9%,True,$9512.3M,False,+-24.0%,False,2.3K,False,$7.58 / SMA $8.22,False,0.18%,False,+11.3%,False,1257.3M,False,PNK,False,
ERDCF,Erdene Resource Development Corporation,3.88,2026-06-16T00:03:52.707883+00:00,False,+3.5%,False,$253.4M,,,False,27.9K,False,$3.88 / SMA $4.54,True,3.80%,,,True,48.1M,False,OQX,False,
ERFSF,Eurofins Scientific SE,71.73,2026-06-16T00:18:13.103391+00:00,False,+10.4%,True,$12531.7M,,,False,3.6K,False,$71.73 / SMA $73.44,True,6.03%,,,True,112.5M,False,PNK,False,
ERIC,Telefonaktiebolaget LM Ericsson (publ),12.22,2026-06-16T00:30:55.098789+00:00,True,+70.7%,True,$40582.3M,False,+-78.2%,True,10478.7K,False,$12.22 / SMA $12.23,False,2.62%,False,+-10.3%,False,2907.2M,True,NMS,False,
ERII,"Energy Recovery, Inc.",8.76,2026-06-16T00:02:04.725280+00:00,False,+11.9%,True,$451.5M,False,+-27.8%,True,1022.2K,False,$8.76 / SMA $9.60,True,4.34%,False,+20.3%,True,49.6M,True,NMS,False,
ERIXF,Telefonaktiebolaget LM Ericsson (publ),12.23,2026-06-16T00:05:54.288053+00:00,True,+70.8%,True,$40615.5M,False,+-78.2%,False,226.0K,False,$12.23 / SMA $12.24,False,0.31%,False,+-10.3%,False,2907.2M,False,PNK,False,
ERLFF,Entrée Resources Ltd.,1.728,2026-06-16T00:40:05.292565+00:00,False,+22.1%,True,$360.4M,False,+0.0%,False,9.9K,False,$1.73 / SMA $1.80,True,4.15%,,N/A,False,168.9M,False,OQB,False,
ERMAY,ERAMET S.A.,6.25,2026-06-15T23:59:53.949749+00:00,False,+20.7%,True,$1792.1M,,,False,1.5K,False,$6.25 / SMA $6.41,False,0.78%,,,False,189.1M,False,PNK,False,
ERNXY,Euronext N.V.,36.29,2026-06-15T23:54:23.954698+00:00,False,+36.7%,True,$18097.8M,False,+16.1%,False,4.4K,True,$36.29 / SMA $33.93,True,7.69%,False,+14.8%,False,436.2M,False,PNK,False,
ERO,Ero Copper Corp.,30.71,2026-06-16T00:22:09.529977+00:00,True,+140.1%,True,$3202.4M,True,+35.1%,True,1229.0K,True,$30.71 / SMA $28.38,True,5.84%,True,+110.4%,True,101.7M,True,NYQ,True,
ES,Eversource Energy,69.26,2026-06-15T23:54:16.710809+00:00,False,+12.6%,True,$26047.3M,False,+7.3%,True,2577.6K,True,$69.26 / SMA $68.35,False,2.14%,False,+9.4%,False,375.5M,True,NYQ,False,
ESAB,ESAB Corporation,96.72,2026-06-16T00:33:17.108230+00:00,False,+17.7%,True,$5888.5M,False,+-29.1%,True,690.1K,True,$96.72 / SMA $95.83,True,4.33%,False,+9.9%,True,56.8M,True,NYQ,False,
ESAIY,"Eisai Co., Ltd.",5.87,2026-06-16T00:06:30.635859+00:00,False,+3.2%,True,$6626.9M,,,False,157.2K,False,$5.87 / SMA $7.03,False,2.05%,,,False,1124.6M,False,PNK,False,
ESALF,"Eisai Co., Ltd.",23.88,2026-06-16T00:18:31.036586+00:00,False,+0.0%,True,$6739.8M,,,False,0.1K,False,$23.88 / SMA $28.34,False,0.00%,,,False,281.2M,False,PNK,False,
ESBA,"Empire State Realty OP, L.P.",5.27,2026-06-16T00:35:52.337177+00:00,False,+13.3%,True,$1475.2M,False,+-80.0%,False,6.5K,False,$5.27 / SMA $5.38,True,5.06%,False,+5.7%,True,22.9M,True,PCX,False,
ESEA,Euroseas Ltd.,71.83,2026-06-16T00:26:36.309340+00:00,False,+64.7%,True,$506.8M,False,+-12.1%,False,82.9K,True,$71.83 / SMA $68.26,True,5.30%,False,+-0.9%,True,2.8M,True,NCM,False,
ESLOY,EssilorLuxottica Société anonyme,105.45,2026-06-16T00:30:46.883378+00:00,False,+9.2%,True,$97058.6M,,N/A,False,120.0K,False,$105.45 / SMA $105.67,False,1.75%,,N/A,False,588.8M,False,PNK,False,
ESLT,Elbit Systems Ltd.,814.65,2026-06-15T23:54:12.350000+00:00,True,+95.9%,True,$38154.9M,True,+42.1%,False,133.6K,False,$814.65 / SMA $842.14,True,3.20%,False,+15.5%,True,27.2M,True,NMS,False,
ESNT,Essent Group Ltd.,58.2,2026-06-15T23:56:21.751176+00:00,False,+5.4%,True,$5363.3M,False,+7.7%,True,717.9K,False,$58.20 / SMA $60.17,False,2.06%,False,+5.8%,True,88.7M,True,NYQ,False,
ESQ,"Esquire Financial Holdings, Inc.",113.45,2026-06-16T00:11:57.607759+00:00,False,+28.2%,True,$980.1M,False,+5.3%,False,109.9K,True,$113.45 / SMA $109.76,False,2.92%,False,+19.8%,True,7.0M,True,NCM,False,
ESS,"Essex Property Trust, Inc.",281.39,2026-06-15T23:54:22.806252+00:00,False,+18.0%,True,$19395.1M,False,+-47.8%,False,479.5K,True,$281.39 / SMA $266.82,False,1.78%,False,+4.3%,True,63.6M,True,NYQ,False,
ESTA,Establishment Labs Holdings Inc.,84.21,2026-06-16T00:35:36.336606+00:00,True,+152.5%,True,$2478.3M,True,+35.7%,True,502.2K,True,$84.21 / SMA $69.53,True,6.29%,True,+44.7%,True,19.6M,True,NCM,True,
ESTC,Elastic N.V.,62.3,2026-06-16T00:08:10.631838+00:00,False,+48.2%,True,$6476.2M,True,+2687.5%,True,2074.3K,True,$62.30 / SMA $52.93,True,5.97%,False,+16.0%,True,83.3M,True,NYQ,False,
ESVIF,Ensign Energy Services Inc.,2.8,2026-06-16T00:01:58.099795+00:00,True,+91.8%,True,$516.2M,False,+-400.0%,False,120.1K,False,$2.80 / SMA $2.86,True,5.38%,False,+-4.2%,True,134.5M,False,PNK,False,
ETB,Eaton Vance Tax-Managed Buy-Write Income Fund,15.43,2026-06-16T00:26:37.175747+00:00,False,+11.3%,True,$453.3M,,,False,58.4K,True,$15.43 / SMA $15.20,False,1.18%,,,,,True,NYQ,False,
ETCMY,Eutelsat Communications S.A.,0.906,2026-06-15T23:56:24.664931+00:00,True,+101.3%,True,$4268.7M,,,False,44.1K,True,$0.91 / SMA $0.84,True,8.13%,,,False,2673.9M,False,PNK,False,
ETG,Eaton Vance Tax-Advantaged Global Dividend Income Fund,23.19,2026-06-16T00:35:46.540914+00:00,False,+19.9%,True,$1769.9M,,N/A,False,149.2K,True,$23.19 / SMA $22.29,False,1.66%,,N/A,,N/A,True,NYQ,False,
ETJ,Eaton Vance Risk-Managed Diversified Equity Income Fund,8.39,2026-06-16T00:01:59.956962+00:00,False,+6.5%,True,$564.7M,,,False,151.6K,True,$8.39 / SMA $8.36,False,1.20%,,,,,True,NYQ,False,
ETOR,eToro Group Ltd.,39.75,2026-06-15T23:57:56.729446+00:00,False,+60.7%,True,$3161.2M,False,+17.5%,True,1110.4K,True,$39.75 / SMA $37.77,True,4.18%,False,+-35.2%,True,66.8M,True,NMS,False,
ETR,Entergy Corporation,111.08,2026-06-16T00:17:44.460249+00:00,False,+38.7%,True,$50862.1M,False,+1.2%,True,3508.2K,False,$111.08 / SMA $112.23,False,1.97%,False,+12.0%,False,455.3M,True,NYQ,False,
ETRZF,ETRZF,36.9,2026-06-16T00:09:59.433087+00:00,True,+162.6%,True,$2827.1M,False,+-21.9%,False,0.0K,True,$36.90 / SMA $28.96,False,0.00%,False,+14.2%,True,41.8M,False,PNK,False,
ETSY,"Etsy, Inc.",72.19,2026-06-16T00:20:11.670702+00:00,False,+64.1%,True,$6850.6M,True,+222.4%,True,2973.4K,True,$72.19 / SMA $62.77,True,3.99%,False,+3.1%,True,82.6M,True,NYQ,False,
ETTYF,Essity AB (publ),28.066,2026-06-16T00:06:10.938610+00:00,False,+13.9%,True,$19072.3M,False,+-4.5%,False,0.2K,True,$28.07 / SMA $26.43,False,0.00%,False,+-5.1%,False,597.8M,False,PNK,False,
ETV,Eaton Vance Tax-Managed Buy-Write Opportunities Fund,14.9,2026-06-16T00:22:27.650685+00:00,False,+13.5%,True,$1739.6M,,,False,173.6K,True,$14.90 / SMA $14.47,False,1.36%,,,,,True,NYQ,False,
ETY,Eaton Vance Tax-Managed Diversified Equity Income Fund,14.53,2026-06-16T00:22:16.589846+00:00,False,+10.7%,True,$2313.8M,,,False,283.4K,False,$14.53 / SMA $14.59,False,1.42%,,,,,True,NYQ,False,
EURBF,EURBF,4.62,2026-06-16T00:06:14.357134+00:00,False,+51.0%,True,$16627.9M,,,False,0.5K,True,$4.62 / SMA $4.45,False,0.34%,False,+0.1%,False,2466.0M,False,PNK,False,
EUTLF,Eutelsat Communications S.A.,3.35,2026-06-15T23:56:23.924242+00:00,True,+94.8%,True,$3946.0M,,,False,12.8K,False,$3.35 / SMA $3.41,True,8.61%,,,False,668.5M,False,PNK,False,
EUZOF,Eurazeo SE,46.08,2026-06-16T00:09:56.921623+00:00,False,+4.3%,True,$2962.8M,,,False,0.0K,False,$46.08 / SMA $46.92,False,0.00%,,,True,38.0M,False,PNK,False,
EVAC,EQV Ventures Acquisition Corp. II,10.18,2026-06-16T00:38:07.064112+00:00,False,+2.8%,True,$595.0M,True,+500100.0%,False,89.0K,True,$10.18 / SMA $10.14,False,0.16%,,N/A,True,46.2M,True,NYQ,False,
EVC,Entravision Communications Corporation,9.22,2026-06-16T00:37:53.436299+00:00,True,+372.8%,True,$848.6M,True,+124.5%,True,2301.3K,True,$9.22 / SMA $6.47,True,8.87%,True,+114.4%,True,69.4M,True,NYQ,True,
EVCM,EverCommerce Inc.,9.14,2026-06-15T23:58:19.838228+00:00,False,+19.3%,True,$1617.3M,True,+200.0%,False,129.5K,False,$9.14 / SMA $10.85,True,5.92%,False,+3.6%,True,10.6M,True,NMS,False,
EVER,"EverQuote, Inc.",20.24,2026-06-16T00:01:50.410954+00:00,False,+45.8%,True,$716.0M,True,+142.9%,True,883.9K,True,$20.24 / SMA $17.82,True,5.58%,False,+14.5%,True,27.4M,True,NGM,False,
EVEX,"Eve Holding, Inc.",2.93,2026-06-16T00:11:55.181596+00:00,False,+25.2%,True,$1020.5M,False,+-25.0%,True,1284.2K,False,$2.93 / SMA $2.94,True,6.56%,,,True,96.9M,True,NYQ,False,
EVGGF,Evolution AB (publ),76.95,2026-06-16T00:31:14.199943+00:00,False,+37.0%,True,$15171.5M,False,+-31.1%,False,8.3K,True,$76.95 / SMA $70.81,False,0.47%,False,+-17.9%,True,121.4M,False,PNK,False,
EVKIF,Evonik Industries AG,17.25,2026-06-15T23:54:34.524783+00:00,False,+19.0%,True,$8038.5M,,,False,0.1K,False,$17.25 / SMA $19.34,False,0.00%,False,+-4.8%,False,250.0M,False,PNK,False,
EVLV,"Evolv Technologies Holdings, Inc.",6.13,2026-06-16T00:24:16.527933+00:00,False,+26.0%,True,$1102.6M,False,+-200.0%,True,2924.0K,False,$6.13 / SMA $6.41,True,4.78%,True,+44.7%,False,170.7M,True,NCM,False,
EVMN,EVMN,20.84,2026-06-16T00:01:27.196865+00:00,False,+50.1%,True,$750.6M,True,+35.7%,False,370.7K,False,$20.84 / SMA $23.69,True,6.54%,,,True,20.0M,True,NYQ,False,
EVN,Eaton Vance Municipal Income Trust,10.94,2026-06-16T00:03:41.502144+00:00,False,+8.4%,True,$436.6M,,,False,92.5K,True,$10.94 / SMA $10.54,False,1.33%,,,,,True,NYQ,False,
EVO,Evotec SE,2.8,2026-06-16T00:24:18.720527+00:00,False,+21.2%,True,$994.5M,False,+-283.3%,False,85.0K,False,$2.80 / SMA $2.94,False,2.51%,False,+-21.7%,False,266.8M,True,NMS,False,
EVOXU,Evolution Global Acquisition Corp,10.2,2026-06-16T00:40:16.593033+00:00,False,+1.5%,,N/A,,N/A,False,1.1K,True,$10.20 / SMA $10.17,False,0.07%,,N/A,True,21.2M,True,NGM,False,
EVT,Eaton Vance Tax-Advantaged Dividend Income Fund,26.77,2026-06-15T23:58:18.895899+00:00,False,+16.4%,True,$1995.5M,,,False,101.1K,True,$26.77 / SMA $26.08,False,1.70%,,,,,True,NYQ,False,
EVTC,"EVERTEC, Inc.",27.35,2026-06-16T00:24:04.812141+00:00,False,+25.4%,True,$1685.3M,False,+-24.0%,True,541.0K,True,$27.35 / SMA $26.49,True,5.05%,False,+8.4%,True,60.7M,True,NYQ,False,
EVTZF,Evertz Technologies Limited,11.64,2026-06-16T00:24:27.368421+00:00,False,+34.5%,True,$879.2M,False,+-11.1%,False,0.2K,False,$11.64 / SMA $11.85,False,0.29%,False,+1.8%,True,26.7M,False,PNK,False,
EVV,Eaton Vance Limited Duration Income Fund,9.21,2026-06-16T00:11:54.591132+00:00,False,+2.7%,True,$1070.2M,,,False,346.8K,False,$9.21 / SMA $9.26,False,1.07%,,,,,True,ASE,False,
EVVTY,Evolution AB (publ),77.0,2026-06-15T23:54:26.773925+00:00,False,+35.4%,True,$15181.4M,False,+-31.1%,False,63.5K,True,$77.00 / SMA $70.56,False,1.82%,False,+-17.9%,True,121.4M,False,PNK,False,
EW,Edwards Lifesciences Corporation,86.28,2026-06-16T00:05:53.155852+00:00,False,+19.3%,True,$49680.0M,False,+8.2%,True,5040.4K,True,$86.28 / SMA $82.88,False,2.78%,False,+16.7%,False,574.0M,True,NYQ,False,
EWTX,"Edgewise Therapeutics, Inc.",35.21,2026-06-15T23:57:48.023778+00:00,True,+189.8%,True,$3788.3M,False,+-7.0%,True,1186.9K,True,$35.21 / SMA $33.66,True,5.82%,,,True,67.1M,True,NMS,False,
EXALF,Exail Technologies,119.82,2026-06-16T00:35:33.686084+00:00,False,+42.6%,True,$2061.9M,,N/A,False,0.1K,False,$119.82 / SMA $143.18,False,0.21%,,N/A,True,9.9M,False,OQX,False,
EXC,Exelon Corporation,46.18,2026-06-16T00:17:45.632218+00:00,False,+9.5%,True,$47251.8M,False,+-0.1%,True,8156.9K,True,$46.18 / SMA $45.73,False,1.93%,False,+7.9%,False,1021.4M,True,NMS,False,
EXCE,"EXCO Resources, Inc.",20.02,2026-06-16T00:02:02.194689+00:00,True,+82.0%,True,$432.1M,,,False,2.5K,False,$20.02 / SMA $22.57,False,0.80%,,,True,21.5M,False,PNK,False,
EXEL,"Exelixis, Inc.",53.0,2026-06-16T00:31:18.270141+00:00,False,+57.0%,True,$13321.8M,True,+43.6%,True,2553.0K,True,$53.00 / SMA $48.04,False,2.90%,False,+10.0%,False,204.5M,True,NMS,False,
EXG,Eaton Vance Tax-Managed Global Diversified Equity Income Fund,9.61,2026-06-16T00:22:09.450262+00:00,False,+16.5%,True,$2940.0M,,,True,510.6K,True,$9.61 / SMA $9.31,False,1.31%,,,,,True,NYQ,False,
EXK,Endeavour Silver Corp.,9.11,2026-06-15T23:58:12.299639+00:00,True,+101.1%,True,$2697.2M,True,+276.9%,True,8599.5K,False,$9.11 / SMA $9.48,True,6.15%,True,+230.2%,False,295.5M,True,NYQ,False,
EXLS,"ExlService Holdings, Inc.",28.41,2026-06-15T23:56:28.156523+00:00,False,+5.9%,True,$4340.6M,False,+7.5%,True,2323.0K,False,$28.41 / SMA $30.03,True,3.39%,False,+13.8%,True,137.7M,True,NMS,False,
EXMRF,Exmar NV,12.5,2026-06-16T00:11:56.548332+00:00,False,+7.8%,True,$994.0M,,,False,0.0K,True,$12.50 / SMA $11.75,False,0.00%,,,True,25.3M,False,PNK,False,
EXP,Eagle Materials Inc.,217.96,2026-06-16T00:08:08.100374+00:00,False,+26.7%,True,$6745.5M,False,+-4.5%,False,422.3K,True,$217.96 / SMA $206.55,True,3.69%,False,+1.9%,True,30.5M,True,NYQ,False,
EXPD,"Expeditors International of Washington, Inc.",163.23,2026-06-16T00:18:02.062059+00:00,False,+47.7%,True,$21349.0M,False,+16.3%,True,1132.6K,True,$163.23 / SMA $153.00,False,2.06%,False,+4.4%,True,129.8M,True,NYQ,False,
EXPGY,Experian plc,34.3,2026-06-16T00:17:53.720361+00:00,False,+6.3%,True,$30627.6M,,,False,214.7K,False,$34.30 / SMA $35.77,False,2.50%,,,False,897.3M,False,OQX,False,
EXPO,"Exponent, Inc.",57.24,2026-06-16T00:22:09.598506+00:00,False,+10.3%,True,$2776.8M,False,+13.5%,True,532.0K,False,$57.24 / SMA $61.60,True,3.63%,False,+14.3%,True,47.9M,True,NMS,False,
EXR,Extra Space Storage Inc.,146.65,2026-06-16T00:05:58.827226+00:00,False,+16.7%,True,$32364.8M,False,+-10.9%,True,1173.9K,True,$146.65 / SMA $142.61,False,2.25%,False,+4.4%,False,208.9M,True,NYQ,False,
EXSNY,Exosens,17.45,2026-06-16T00:33:35.243690+00:00,False,+5.2%,True,$888.5M,,N/A,False,0.0K,True,$17.45 / SMA_short $17.23,False,0.00%,,N/A,True,130.4M,False,PNK,False,
EXTR,"Extreme Networks, Inc.",31.67,2026-06-16T00:33:40.991060+00:00,True,+134.9%,True,$4141.7M,True,+166.7%,True,2370.0K,True,$31.67 / SMA $22.99,True,4.81%,False,+11.4%,True,126.4M,True,NMS,False,
EXXAF,Exxaro Resources Limited,13.1,2026-06-16T00:09:51.958104+00:00,False,+61.7%,True,$3067.3M,,,False,0.4K,True,$13.10 / SMA $8.76,False,0.00%,,,False,177.4M,False,PNK,False,
EXXRF,Exor N.V.,77.5,2026-06-15T23:54:17.094031+00:00,False,+6.2%,True,$25472.5M,,,False,7.3K,False,$77.50 / SMA $79.13,False,2.13%,,,True,79.2M,False,PNK,False,
EYPT,"EyePoint, Inc.",12.08,2026-06-16T00:11:54.476236+00:00,False,+52.1%,True,$1012.8M,False,+-52.3%,True,945.3K,False,$12.08 / SMA $13.30,True,6.30%,False,+-97.2%,True,70.5M,True,NGM,False,
FA,First Advantage Corporation,16.99,2026-06-16T00:22:11.718627+00:00,True,+92.6%,True,$2914.4M,True,+104.2%,True,1075.4K,True,$16.99 / SMA $14.14,True,4.29%,False,+8.6%,True,77.7M,True,NMS,False,
FAF,First American Financial Corporation,66.32,2026-06-15T23:56:14.975494+00:00,False,+24.9%,True,$6758.0M,True,+70.4%,True,1002.1K,True,$66.32 / SMA $66.25,False,2.17%,False,+16.2%,True,98.6M,True,NYQ,False,
FANDF,FirstRand Limited,5.6,2026-06-15T23:54:14.195159+00:00,False,+36.4%,True,$31314.2M,,,False,0.1K,True,$5.60 / SMA $5.42,False,0.00%,,,False,5554.5M,False,PNK,False,
FANG,"Diamondback Energy, Inc.",189.96,2026-06-16T00:05:50.868638+00:00,False,+41.4%,True,$53438.3M,False,+-98.3%,True,2853.7K,False,$189.96 / SMA $195.57,True,3.37%,False,+4.4%,False,205.3M,True,NMS,False,
FAST,Fastenal Company,46.1,2026-06-15T23:54:08.458847+00:00,False,+18.3%,True,$52924.4M,False,+15.4%,True,7276.6K,True,$46.10 / SMA $45.06,False,2.10%,False,+12.4%,False,1144.8M,True,NMS,False,
FBAK,First National Bank Alaska,319.99,2026-06-16T00:24:16.457849+00:00,False,+28.0%,True,$1013.4M,False,+19.3%,False,0.3K,False,$319.99 / SMA $324.18,True,3.38%,False,+10.0%,,,False,OQX,False,
FBASF,Fibra UNO,1.696,2026-06-16T00:08:05.489747+00:00,False,+31.5%,True,$6462.9M,False,+-12.7%,False,6.1K,False,$1.70 / SMA $1.74,False,0.68%,False,+5.4%,,,False,PNK,False,
FBBPF,FIBRA Prologis,4.562,2026-06-15T23:54:39.803202+00:00,False,+31.8%,True,$7610.3M,False,+10.0%,False,4.8K,False,$4.56 / SMA $4.70,False,2.54%,False,+12.7%,,,False,PNK,False,
FBGGF,Fabege AB (publ),8.41,2026-06-15T23:58:12.961043+00:00,False,+15.8%,True,$2645.6M,False,+-72.4%,False,0.0K,True,$8.41 / SMA $8.17,False,0.00%,False,+23.1%,False,236.8M,False,PNK,False,
FBK,FB Financial Corporation,53.78,2026-06-16T00:22:10.878138+00:00,False,+27.2%,True,$2770.9M,True,+31.0%,False,323.8K,True,$53.78 / SMA $53.44,False,2.04%,True,+32.1%,True,50.4M,True,NYQ,False,
FBNC,First Bancorp,60.75,2026-06-16T00:35:30.402324+00:00,False,+51.9%,True,$2513.6M,True,+28.4%,False,211.9K,True,$60.75 / SMA $58.75,False,2.40%,False,+15.7%,True,40.7M,True,NMS,False,
FBP,First BanCorp.,25.24,2026-06-16T00:33:36.313482+00:00,False,+31.7%,True,$3904.2M,False,+21.3%,True,1427.4K,True,$25.24 / SMA $23.65,False,1.72%,False,+3.3%,True,149.7M,True,NYQ,False,
FBRT,"Franklin BSP Realty Trust, Inc.",8.23,2026-06-16T00:38:04.103200+00:00,False,+0.4%,True,$633.4M,False,+-65.0%,True,928.4K,False,$8.23 / SMA $8.78,False,2.42%,False,+-1.9%,True,75.6M,True,NYQ,False,
FBRX,"Forte Biosciences, Inc.",18.05,2026-06-16T00:03:38.675524+00:00,True,+98.4%,True,$369.6M,False,+9.5%,False,300.6K,False,$18.05 / SMA $24.60,True,9.35%,,,True,18.8M,True,NCM,False,
FBYD,"Falcon's Beyond Global, Inc.",14.82,2026-06-16T00:11:44.873153+00:00,True,+299.5%,True,$726.4M,True,+138.5%,False,95.8K,True,$14.82 / SMA $13.78,True,14.36%,True,+214.8%,True,25.5M,True,NGM,False,
FCBC,"First Community Bankshares, Inc.",42.67,2026-06-16T00:24:30.684528+00:00,False,+36.7%,True,$805.0M,False,+-1.6%,False,83.9K,True,$42.67 / SMA $42.59,False,2.72%,False,+10.3%,True,15.9M,True,NMS,False,
FCEL,"FuelCell Energy, Inc.",17.5,2026-06-16T00:37:31.287554+00:00,True,+363.0%,True,$1183.1M,False,+19.0%,True,7636.7K,True,$17.50 / SMA $15.05,True,17.11%,False,+-4.9%,True,67.4M,True,NGM,False,
FCF,First Commonwealth Financial Corporation,19.63,2026-06-16T00:22:25.505998+00:00,False,+30.9%,True,$1996.1M,False,+15.4%,True,827.9K,True,$19.63 / SMA $18.65,False,1.84%,False,+13.2%,True,98.9M,True,NYQ,False,
FCFS,"FirstCash Holdings, Inc.",223.78,2026-06-16T00:31:25.350208+00:00,True,+87.7%,True,$9809.8M,True,+29.9%,False,381.8K,True,$223.78 / SMA $217.20,True,3.44%,True,+25.7%,True,40.2M,True,NMS,False,
FCMGF,Firm Capital Mortgage Investment Corporation,8.596,2026-06-16T00:26:58.810749+00:00,False,+3.6%,True,$315.8M,,,False,1.7K,False,$8.60 / SMA $8.65,False,0.01%,False,+-6.8%,True,35.9M,False,PNK,False,
FCN,"FTI Consulting, Inc.",156.6,2026-06-16T00:08:16.317205+00:00,False,+11.2%,True,$4720.6M,False,+9.2%,False,454.3K,False,$156.60 / SMA $166.26,True,3.54%,False,+9.5%,True,28.9M,True,NYQ,False,
FCNCA,"First Citizens BancShares, Inc.",2068.75,2026-06-15T23:54:18.968968+00:00,False,+27.4%,True,$23970.6M,False,+23.7%,False,75.4K,True,$2068.75 / SMA $1990.99,False,2.51%,False,+0.7%,True,8.4M,True,NMS,False,
FCNCN,"First Citizens BancShares, Inc. Depositary Shares, each representing a 1/40th interest in a share of 6.625% Non-Cumulative Perpetual Preferred Stock, Series E",24.85,2026-06-16T00:31:06.513286+00:00,False,+4.7%,,N/A,,N/A,False,41.6K,True,$24.85 / SMA $24.62,False,0.70%,False,+0.7%,,N/A,True,NMS,False,
FCNCO,"First Citizens BancShares, Inc.",20.65,2026-06-16T00:06:05.011494+00:00,False,+1.7%,,,,,False,13.9K,False,$20.65 / SMA $21.03,False,0.72%,False,+0.7%,True,8.4M,True,NMS,False,
FCNCP,"First Citizens BancShares, Inc.",20.34,2026-06-16T00:18:00.609232+00:00,False,+1.9%,,,,,False,15.9K,False,$20.34 / SMA $20.61,False,0.91%,False,+0.7%,True,8.4M,True,NMS,False,
FCRS,FutureCrest Acquisition Corp.,10.21,2026-06-16T00:15:33.078643+00:00,False,+1.9%,True,$366.9M,,,False,88.9K,True,$10.21 / SMA $10.20,False,0.28%,,,True,28.8M,True,NYQ,False,
FCRS.U,FCRS.U,,2026-06-16T00:03:44.831919+00:00,False,,False,,False,,False,,False,,False,,False,,False,,False,Unknown,False,No price data available
FCSUF,Focus Minerals Limited,1.15,2026-06-16T00:40:14.716228+00:00,True,+858.3%,True,$329.5M,,N/A,False,0.0K,False,$1.15 / SMA $1.27,False,0.00%,,N/A,True,84.5M,False,PNK,False,
FCX,Freeport-McMoRan Inc.,70.13,2026-06-16T00:17:38.047080+00:00,True,+99.5%,True,$100816.1M,True,+154.2%,True,15376.8K,True,$70.13 / SMA $64.18,True,4.54%,False,+8.8%,False,1429.2M,True,NYQ,False,
FDMIF,Founders Metals Inc.,3.252,2026-06-16T00:15:28.238142+00:00,True,+76.5%,True,$377.1M,False,+-100.0%,False,32.7K,False,$3.25 / SMA $3.55,True,5.01%,,,True,92.0M,False,OQX,False,
FDUS,Fidus Investment Corporation,18.61,2026-06-16T00:13:39.437523+00:00,False,+10.3%,True,$706.3M,False,+-10.3%,False,274.1K,False,$18.61 / SMA $18.64,False,1.70%,False,+-3.7%,,,True,NMS,False,
FDVWF,Friedrich Vorwerk Group SE,97.25,2026-06-15T23:58:19.332167+00:00,False,+48.6%,True,$1945.0M,True,+88.4%,False,0.0K,True,$97.25 / SMA $90.98,False,0.00%,False,+4.6%,True,7.5M,False,PNK,False,
FECCF,Frontera Energy Corporation,11.41,2026-06-16T00:01:40.844076+00:00,True,+221.4%,True,$795.0M,False,+-169.7%,False,21.4K,True,$11.41 / SMA $10.64,False,1.62%,True,+26.2%,True,34.4M,False,OQX,False,
FEIM,"Frequency Electronics, Inc.",74.31,2026-06-16T00:26:22.704557+00:00,True,+298.9%,True,$731.4M,False,+-90.0%,False,181.3K,True,$74.31 / SMA $60.96,True,8.80%,False,+-10.8%,True,6.9M,True,NGM,False,
FELTY,"Fuji Electric Co., Ltd.",21.32,2026-06-15T23:54:26.550755+00:00,True,+100.0%,True,$12588.3M,,,False,34.0K,False,$21.32 / SMA $21.35,True,3.00%,,,False,578.4M,False,PNK,False,
FENC,Fennec Pharmaceuticals Inc.,9.19,2026-06-16T00:03:48.417568+00:00,False,+62.7%,True,$319.2M,True,+125.0%,False,265.8K,True,$9.19 / SMA $7.85,True,5.77%,True,+72.6%,True,14.2M,True,NCM,False,
FERA,Fifth Era Acquisition Corp I,10.41,2026-06-16T00:03:50.697176+00:00,False,+3.0%,True,$325.5M,False,+0.0%,False,77.7K,True,$10.41 / SMA $10.36,False,0.08%,,,True,16.2M,True,NGM,False,
FESNF,First Real Estate Investment Trust,0.19,2026-06-16T00:15:28.716456+00:00,False,+2.8%,True,$402.7M,,,False,0.7K,True,$0.19 / SMA $0.19,False,0.00%,,,False,1366.9M,False,PNK,False,
FET,"Forum Energy Technologies, Inc.",51.24,2026-06-16T00:13:41.403234+00:00,True,+182.8%,True,$579.2M,True,+333.3%,False,166.0K,False,$51.24 / SMA $56.74,True,4.75%,False,+8.0%,True,9.9M,True,NYQ,False,
FFA,First Trust Enhanced Equity Income Fund,22.66,2026-06-16T00:13:50.764740+00:00,False,+16.2%,True,$452.9M,,,False,29.8K,True,$22.66 / SMA $22.25,False,1.20%,,,,,True,NYQ,False,
FFBC,First Financial Bancorp.,31.71,2026-06-15T23:57:57.358622+00:00,False,+38.3%,True,$3327.3M,True,+31.5%,True,878.7K,True,$31.71 / SMA $30.02,False,1.91%,True,+31.1%,True,103.7M,True,NMS,False,
FFC,Flaherty & Crumrine Preferred Securities Income Fund Inc.,15.95,2026-06-16T00:24:31.857914+00:00,False,+6.5%,True,$768.4M,,,False,121.7K,True,$15.95 / SMA $15.89,False,1.04%,,,,,True,NYQ,False,
FFIV,"F5, Inc.",396.81,2026-06-16T00:06:05.889741+00:00,True,+77.3%,True,$22387.7M,False,+4.0%,True,749.6K,True,$396.81 / SMA $350.04,True,3.32%,False,+11.0%,True,55.8M,True,NMS,False,
FFMGF,First Mining Gold Corp.,0.314,2026-06-16T00:13:50.032775+00:00,True,+190.7%,True,$434.6M,True,+50.0%,True,851.4K,False,$0.31 / SMA $0.35,True,12.46%,,,False,1314.8M,False,OQX,False,
FFMR,First Farmers Financial Corporation,67.01,2026-06-16T00:26:34.593613+00:00,False,+4.5%,True,$465.1M,False,+10.2%,False,0.7K,True,$67.01 / SMA $65.73,False,0.29%,False,+9.9%,,,False,OQX,False,
FFXDF,Fairfax India Holdings Corporation,18.21,2026-06-16T00:11:41.065591+00:00,False,+17.8%,True,$2444.1M,False,+-75.8%,False,32.7K,True,$18.21 / SMA $17.67,True,3.13%,False,+-68.9%,True,77.7M,False,PNK,False,
FG,"F&G Annuities & Life, Inc.",28.67,2026-06-16T00:33:36.646665+00:00,False,+39.4%,True,$3798.3M,True,+990.0%,True,790.0K,True,$28.67 / SMA $27.48,False,2.98%,True,+27.3%,True,34.8M,True,NYQ,False,
FGOVF,Freegold Ventures Limited,0.731,2026-06-16T00:02:04.619828+00:00,False,+9.6%,True,$422.3M,,,False,250.6K,False,$0.73 / SMA $0.84,True,6.58%,,,False,406.5M,False,OQX,False,
FHI,"Federated Hermes, Inc.",58.21,2026-06-16T00:33:31.299069+00:00,False,+39.6%,True,$4418.9M,False,+1.6%,True,821.4K,True,$58.21 / SMA $56.03,False,2.40%,False,+13.1%,True,69.2M,True,NYQ,False,
FHNGY,The Foschini Group Limited,3.39,2026-06-16T00:11:53.649579+00:00,False,+3.4%,True,$1068.9M,,,False,0.1K,False,$3.39 / SMA $3.71,False,0.08%,,,False,295.0M,False,PNK,False,
FIBK,"First Interstate BancSystem, Inc.",36.43,2026-06-15T23:57:50.125754+00:00,False,+41.1%,True,$3538.9M,False,+24.5%,True,1227.8K,True,$36.43 / SMA $34.84,False,2.01%,False,+-2.1%,True,77.9M,True,NMS,False,
FICO,Fair Isaac Corporation,1181.62,2026-06-15T23:54:15.045589+00:00,False,+35.8%,True,$27402.8M,True,+69.0%,False,368.3K,True,$1181.62 / SMA $1117.20,True,5.30%,True,+38.7%,True,22.5M,True,NYQ,False,
FIGS,"FIGS, Inc.",12.42,2026-06-16T00:10:05.418181+00:00,True,+144.4%,True,$2074.7M,,,True,3200.2K,False,$12.42 / SMA $13.42,True,4.79%,True,+28.0%,False,151.8M,True,NYQ,False,
FINGF,Finning International Inc.,68.93,2026-06-16T00:06:24.784216+00:00,True,+75.2%,True,$8999.8M,False,+19.5%,False,8.7K,False,$68.93 / SMA $70.94,False,1.42%,False,+2.1%,True,130.3M,False,PNK,False,
FINMF,Leonardo S.p.a.,61.3,2026-06-16T00:17:50.440789+00:00,False,+21.4%,True,$35369.5M,False,+-57.1%,False,3.4K,False,$61.30 / SMA $63.99,True,3.90%,False,+6.9%,False,402.3M,False,PNK,False,
FINMY,Leonardo S.p.a.,30.85,2026-06-16T00:17:51.059913+00:00,False,+20.6%,True,$35600.3M,False,+-57.1%,False,84.0K,False,$30.85 / SMA $31.42,False,1.82%,False,+6.9%,False,804.5M,False,PNK,False,
FINN,"First National of Nebraska, Inc.",18499.0,2026-06-15T23:56:21.762426+00:00,False,+43.4%,True,$4999.0M,,,False,0.0K,True,$18499.00 / SMA $18207.01,False,0.18%,,,,,False,OID,False,
FIS,"Fidelity National Information Services, Inc.",38.97,2026-06-16T00:18:00.642693+00:00,False,+2.8%,True,$20142.8M,True,+2953.3%,True,6713.6K,False,$38.97 / SMA $43.66,True,3.53%,True,+30.1%,False,515.7M,True,NYQ,False,
FISK,"Empire State Realty OP, L.P.",5.385,2026-06-15T23:59:57.788343+00:00,False,+19.9%,True,$1507.4M,False,+-80.0%,False,0.8K,True,$5.38 / SMA $5.36,False,0.41%,False,+5.7%,True,22.9M,True,PCX,False,
FITBI,Fifth Third Bancorp,25.69,2026-06-15T23:54:09.394687+00:00,False,+2.6%,,,,,False,34.1K,True,$25.69 / SMA $25.47,False,0.39%,True,+30.3%,False,672.9M,True,NMS,False,
FITBM,Fifth Third Bancorp,26.0,2026-06-16T00:30:54.785347+00:00,False,+3.2%,,N/A,,N/A,False,57.2K,False,$26.00 / SMA $26.02,False,0.78%,True,+30.3%,False,902.3M,True,NMS,False,
FITBO,Fifth Third Bancorp,18.36,2026-06-16T00:05:54.166660+00:00,False,+0.7%,,,,,False,18.3K,False,$18.36 / SMA $18.93,False,0.83%,True,+30.3%,False,902.3M,True,NMS,False,
FITGF,FIT Hon Teng Limited,0.9411,2026-06-16T00:06:28.887223+00:00,True,+276.4%,True,$6692.0M,,,False,6.4K,False,$0.94 / SMA $1.07,True,6.07%,,,False,1502.0M,False,PNK,False,
FIVE,"Five Below, Inc.",193.92,2026-06-15T23:54:30.656617+00:00,False,+60.1%,True,$10722.9M,True,+194.7%,True,1338.2K,False,$193.92 / SMA $220.15,True,3.97%,True,+32.5%,True,53.9M,True,NMS,False,
FIZZ,National Beverage Corp.,36.55,2026-06-16T00:09:44.490041+00:00,False,+17.1%,True,$3422.3M,False,+4.8%,False,259.7K,True,$36.55 / SMA $35.07,True,3.25%,False,+-0.9%,True,23.7M,True,NMS,False,
FJIKY,FJIKY,13.61,2026-06-16T00:30:52.615668+00:00,True,+236.0%,True,$45067.0M,,N/A,False,299.9K,False,$13.61 / SMA $17.32,True,5.96%,,N/A,False,3310.6M,False,PNK,False,
FJTSF,Fujitsu Limited,20.0,2026-06-16T00:05:56.362856+00:00,False,+13.2%,True,$35198.1M,,,False,6.7K,False,$20.00 / SMA $21.46,True,13.28%,,,False,1645.0M,False,PNK,False,
FJTSY,Fujitsu Limited,20.49,2026-06-16T00:17:50.312441+00:00,False,+7.3%,True,$35545.6M,,,False,457.5K,False,$20.49 / SMA $21.53,False,2.61%,,,False,1645.0M,False,PNK,False,
FKKFY,"Fukuoka Financial Group, Inc.",19.75,2026-06-16T00:06:29.270796+00:00,False,+63.8%,True,$7464.0M,,,False,0.9K,False,$19.75 / SMA $20.36,False,0.86%,,,False,372.3M,False,PNK,False,
FKRAF,Fiskars Oyj Abp,15.45,2026-06-16T00:00:02.666010+00:00,False,+13.4%,True,$1247.0M,False,+-75.6%,False,0.0K,False,$15.45 / SMA $15.70,False,0.00%,False,+-16.1%,True,30.0M,False,PNK,False,
FKURF,Fujikura Ltd.,26.195,2026-06-16T00:17:43.412534+00:00,True,+238.8%,True,$43370.0M,,,False,24.5K,False,$26.20 / SMA $34.85,True,5.18%,,,False,1655.3M,False,PNK,False,
FLG,"Flagstar Bank, National Association",15.07,2026-06-16T00:20:12.347621+00:00,False,+45.2%,True,$6281.4M,True,+111.5%,True,4637.7K,True,$15.07 / SMA $14.04,False,2.41%,False,+1.6%,False,266.8M,True,NYQ,False,
FLGT,"Fulgent Genetics, Inc.",18.35,2026-06-16T00:13:49.345614+00:00,False,+36.3%,True,$521.2M,False,+-116.2%,True,565.7K,True,$18.35 / SMA $16.57,True,4.42%,False,+-3.2%,True,17.6M,True,NGM,False,
FLNC,"Fluence Energy, Inc.",24.18,2026-06-15T23:56:32.958426+00:00,True,+399.6%,True,$4456.6M,True,+33.3%,True,9653.2K,True,$24.18 / SMA $18.22,True,14.01%,False,+7.7%,True,100.3M,True,NMS,False,
FLNG,FLEX LNG Ltd.,30.27,2026-06-15T23:59:55.358729+00:00,False,+39.4%,True,$1637.4M,False,+2.9%,True,511.0K,False,$30.27 / SMA $30.59,False,2.29%,False,+-9.0%,True,30.9M,True,NYQ,False,
FLO,"Flowers Foods, Inc.",7.7,2026-06-16T00:11:43.605406+00:00,False,+13.2%,True,$1632.3M,False,+-20.0%,True,6936.8K,False,$7.70 / SMA $7.94,True,4.54%,False,+1.1%,False,195.5M,True,NYQ,False,
FLRAF,Essentra plc,1.21,2026-06-16T00:40:14.627783+00:00,False,+3.4%,True,$339.0M,,N/A,False,0.2K,True,$1.21 / SMA $1.21,False,0.00%,,N/A,False,255.2M,False,PNK,False,
FLS,Flowserve Corporation,79.99,2026-06-16T00:06:26.670299+00:00,True,+77.3%,True,$10223.3M,False,+14.3%,True,2309.8K,True,$79.99 / SMA $75.86,True,3.69%,False,+-6.7%,True,126.9M,True,NYQ,False,
FLTCF,Filtronic plc,4.355,2026-06-16T00:37:45.042471+00:00,True,+173.9%,True,$957.9M,,N/A,True,535.7K,False,$4.36 / SMA $4.42,True,11.47%,,N/A,False,192.6M,False,PNK,False,
FLTLF,Flow Traders Ltd.,29.287,2026-06-16T00:24:06.373337+00:00,False,+11.2%,True,$1276.0M,False,+-20.4%,False,0.7K,False,$29.29 / SMA $32.18,False,0.50%,,,True,37.4M,False,PNK,False,
FLUT,Flutter Entertainment plc,108.98,2026-06-16T00:31:11.574707+00:00,False,+19.1%,True,$18897.2M,False,+-21.7%,True,2978.4K,True,$108.98 / SMA $103.40,True,4.53%,False,+17.4%,True,129.2M,True,NYQ,False,
FLXS,"Flexsteel Industries, Inc.",63.665,2026-06-16T00:29:14.655541+00:00,True,+109.4%,False,$259.5M,True,+260.6%,False,50.7K,True,$63.66 / SMA $54.03,True,4.32%,False,+1.0%,True,4.7M,True,NMS,False,
FLYW,Flywire Corporation,15.31,2026-06-16T00:35:39.064464+00:00,False,+51.5%,True,$1889.5M,True,+433.3%,True,1982.6K,True,$15.31 / SMA $14.57,True,4.26%,True,+41.0%,True,91.4M,True,NMS,False,
FMAO,"Farmers & Merchants Bancorp, Inc.",28.39,2026-06-16T00:03:43.641722+00:00,False,+24.7%,True,$390.9M,True,+37.3%,False,71.2K,True,$28.39 / SMA $27.31,False,2.89%,False,+15.4%,True,13.0M,True,NCM,False,
FMBH,"First Mid Bancshares, Inc.",45.87,2026-06-16T00:37:41.591288+00:00,False,+35.2%,True,$1220.9M,False,+14.0%,False,112.3K,True,$45.87 / SMA $43.48,False,2.49%,False,+15.7%,True,24.1M,True,NGM,False,
FMBL,Farmers & Merchants Bank of Long Beach,8650.0,2026-06-16T00:11:55.280911+00:00,False,+57.3%,True,$1046.0M,True,+389.3%,False,0.1K,True,$8650.00 / SMA $8455.53,False,0.75%,True,+39.9%,,,False,OQX,False,
FMC,FMC Corporation,11.51,2026-06-16T00:22:28.957897+00:00,False,+7.4%,True,$1439.3M,False,+-1775.0%,True,3317.6K,False,$11.51 / SMA $14.31,True,5.71%,False,+-4.1%,True,114.5M,True,NYQ,False,
FMCCG,Federal Home Loan Mortgage Corporation,12.05,2026-06-16T00:20:22.961828+00:00,False,+9.5%,,,,,False,4.1K,False,$12.05 / SMA $14.07,False,0.73%,False,+-3.1%,False,650.1M,False,OQB,False,
FMCCI,Federal Home Loan Mortgage Corporation,12.0,2026-06-16T00:20:23.104959+00:00,False,+10.0%,,,,,False,3.6K,False,$12.00 / SMA $14.07,False,2.15%,False,+-3.1%,False,650.1M,False,OQB,False,
FMCCJ,Federal Home Loan Mortgage Corporation,12.6,2026-06-16T00:08:19.414006+00:00,False,+11.4%,,,,,False,2.7K,False,$12.60 / SMA $14.10,False,0.95%,False,+-3.1%,False,650.1M,False,OQB,False,
FMCCL,Federal Home Loan Mortgage Corporation,12.8,2026-06-16T00:33:30.780462+00:00,False,+5.5%,,N/A,,N/A,False,3.3K,False,$12.80 / SMA $14.68,False,1.40%,False,+-3.1%,False,650.1M,False,OQB,False,
FMCCM,Federal Home Loan Mortgage Corporation,12.5,2026-06-16T00:33:30.890643+00:00,False,+7.8%,,N/A,,N/A,False,1.7K,False,$12.50 / SMA $14.54,False,2.05%,False,+-3.1%,False,650.1M,False,OQB,False,
FMCCO,Federal Home Loan Mortgage Corporation,15.8,2026-06-16T00:20:23.231777+00:00,False,+16.5%,,,,,False,0.3K,False,$15.80 / SMA $17.69,False,0.22%,False,+-3.1%,False,650.1M,False,OQB,False,
FMCKI,Federal Home Loan Mortgage Corporation,8.804,2026-06-16T00:33:30.834664+00:00,False,+12.3%,,N/A,,N/A,False,17.8K,False,$8.80 / SMA $9.58,False,1.91%,False,+-3.1%,False,650.1M,False,OQB,False,
FMCKJ,Federal Home Loan Mortgage Corporation,10.82,2026-06-16T00:08:19.617083+00:00,False,+20.9%,,,,,False,282.7K,False,$10.82 / SMA $11.61,True,3.69%,False,+-3.1%,False,650.1M,False,OQB,False,
FMCKK,Federal Home Loan Mortgage Corporation PFD,14.1,2026-06-15T23:56:30.976656+00:00,False,+4.4%,,,,,False,1.1K,False,$14.10 / SMA $15.73,False,0.88%,False,+-3.1%,,,False,OQB,False,
FMCKL,Federal Home Loan Mortgage Corporation,8.5,2026-06-16T00:08:19.569014+00:00,False,+13.6%,,,,,False,13.5K,False,$8.50 / SMA $9.57,False,1.26%,False,+-3.1%,False,650.1M,False,OQB,False,
FMCKO,Federal Home Loan Mortgage Corporation,8.2,2026-06-16T00:08:19.833443+00:00,False,+2.5%,,,,,False,3.0K,False,$8.20 / SMA $9.69,False,1.08%,False,+-3.1%,False,650.1M,False,OQB,False,
FMCKP,Federal Home Loan Mortgage Corporation,14.46,2026-06-15T23:56:30.537266+00:00,False,+0.7%,,,,,False,1.4K,False,$14.46 / SMA $16.91,False,0.89%,False,+-3.1%,False,650.1M,False,OQB,False,
FMCQF,Fresenius Medical Care AG,45.17,2026-06-16T00:18:19.715886+00:00,False,+7.5%,True,$12131.1M,False,+-17.3%,False,0.0K,True,$45.17 / SMA $43.69,False,0.00%,False,+-5.5%,False,184.7M,False,PNK,False,
FMMFF,Fuji Corporation,50.34,2026-06-16T00:33:24.526481+00:00,True,+204.7%,True,$4425.5M,,N/A,False,0.0K,True,$50.34 / SMA $39.11,False,0.23%,,N/A,True,72.6M,False,PNK,False,
FMX,"Fomento Económico Mexicano, S.A.B. de C.V.",126.34,2026-06-15T23:54:17.790616+00:00,False,+52.1%,True,$43041.7M,True,+158.1%,False,464.8K,True,$126.34 / SMA $119.16,False,2.19%,False,+6.1%,False,337.6M,True,NYQ,False,
FN,Fabrinet,635.58,2026-06-16T00:06:02.652055+00:00,True,+156.0%,True,$22772.7M,True,+53.3%,True,830.0K,False,$635.58 / SMA $663.35,True,7.90%,True,+39.3%,True,35.8M,True,NYQ,False,
FNB,F.N.B. Corporation,18.29,2026-06-16T00:08:07.836360+00:00,False,+35.1%,True,$6510.6M,False,+18.8%,True,6508.8K,True,$18.29 / SMA $17.55,False,1.87%,False,+9.5%,False,349.9M,True,NYQ,False,
FNCTF,Orange S.A.,19.85,2026-06-16T00:30:52.359579+00:00,False,+35.9%,True,$52786.8M,,N/A,False,1.3K,False,$19.85 / SMA $20.15,False,0.00%,False,+1.9%,False,1854.7M,False,PNK,False,
FNLPF,Fresnillo plc,40.0,2026-06-16T00:05:58.266772+00:00,True,+118.5%,True,$29475.7M,,,False,7.3K,False,$40.00 / SMA $45.40,True,4.00%,,,False,183.9M,False,PNK,False,
FNMA,Federal National Mortgage Association,6.49,2026-06-16T00:31:30.299698+00:00,True,+80.3%,True,$7516.0M,,N/A,True,6805.0K,False,$6.49 / SMA $7.41,True,6.67%,False,+-12.4%,False,233.7M,False,OQB,False,
FNMAG,Federal National Mortgage Association,16.4,2026-06-15T23:54:38.454652+00:00,False,+12.6%,,,,,False,0.5K,False,$16.40 / SMA $17.75,False,0.26%,False,+-12.4%,False,233.7M,False,OQB,False,
FNMAI,Federal National Mortgage Association,9.0,2026-06-16T00:06:28.490575+00:00,False,+20.8%,,,,,False,50.2K,False,$9.00 / SMA $9.81,False,1.73%,False,+-12.4%,False,233.7M,False,OQB,False,
FNMAL,Federal National Mortgage Association,14.26,2026-06-16T00:31:30.810187+00:00,False,+5.9%,,N/A,,N/A,False,1.3K,False,$14.26 / SMA $15.91,False,0.16%,False,+-12.4%,False,233.7M,False,OQB,False,
FNMAM,Federal National Mortgage Association,16.55,2026-06-15T23:54:38.563402+00:00,False,+13.8%,,,,,False,1.8K,False,$16.55 / SMA $17.41,False,1.18%,False,+-12.4%,False,233.7M,False,OQB,False,
FNMAO,Federal National Mortgage Association,12.9,2026-06-16T00:18:29.065332+00:00,False,+4.6%,,,,,False,1.9K,False,$12.90 / SMA $14.73,False,1.32%,False,+-12.4%,False,233.7M,False,OQB,False,
FNMAP,Federal National Mortgage Association,12.78,2026-06-16T00:31:30.407896+00:00,False,+10.2%,,N/A,,N/A,False,33.0K,False,$12.78 / SMA $14.51,True,3.20%,False,+-12.4%,False,233.7M,False,OQB,False,
FNMAT,Federal National Mortgage Association,9.54,2026-06-15T23:54:38.300099+00:00,False,+15.5%,,,,,False,85.4K,False,$9.54 / SMA $10.27,True,3.50%,False,+-12.4%,False,233.7M,False,OQB,False,
FNMFM,Federal National Mortgage Association,14.2,2026-06-16T00:06:28.548425+00:00,False,+2.5%,,,,,False,0.4K,False,$14.20 / SMA $16.00,False,0.95%,False,+-12.4%,False,233.7M,False,OQB,False,
FNMFO,Federal National Mortgage Association,40000.0,2026-06-16T00:18:28.925121+00:00,False,+21.2%,,,,,False,0.0K,False,$40000.00 / SMA $41014.00,False,1.84%,False,+-12.4%,False,233.7M,False,OQB,False,
FNNCF,Financial 15 Split Corp.,7.76,2026-06-16T00:13:43.336537+00:00,False,+54.0%,True,$632.2M,,,False,0.8K,True,$7.76 / SMA $7.37,False,0.06%,,,,,False,PNK,False,
FNNTF,flatexDEGIRO SE,37.2,2026-06-16T00:08:20.359433+00:00,True,+145.5%,True,$3980.3M,,,False,0.0K,False,$37.20 / SMA $39.07,False,0.00%,,,True,86.3M,False,PNK,False,
FNV,Franco-Nevada Corporation,222.35,2026-06-15T23:54:09.799711+00:00,False,+45.4%,True,$42881.4M,True,+122.9%,True,854.3K,False,$222.35 / SMA $235.06,True,3.39%,True,+76.6%,False,193.0M,True,NYQ,False,
FOJCY,Fortum Oyj,4.73,2026-06-16T00:31:07.760950+00:00,False,+44.6%,True,$21220.3M,False,+17.5%,False,7.3K,False,$4.73 / SMA $4.94,True,3.23%,False,+21.3%,False,2063.3M,False,PNK,False,
FOR,Forestar Group Inc.,28.5,2026-06-16T00:11:49.628598+00:00,False,+48.0%,True,$1453.7M,False,+1.6%,False,145.8K,True,$28.50 / SMA $27.04,False,2.98%,False,+6.6%,True,19.3M,True,NYQ,False,
FORM,"FormFactor, Inc.",152.6,2026-06-15T23:54:34.172460+00:00,True,+485.1%,True,$11895.9M,True,+225.0%,True,1843.4K,True,$152.60 / SMA $131.35,True,7.59%,True,+32.0%,True,77.3M,True,NMS,True,
FORTY,Formula Systems (1985) Ltd.,117.5,2026-06-16T00:22:18.586571+00:00,False,+9.2%,True,$1801.8M,True,+82.9%,False,0.4K,False,$117.50 / SMA $124.80,False,0.88%,False,+19.2%,True,9.5M,True,NMS,False,
FOUR,"Shift4 Payments, Inc.",39.94,2026-06-16T00:20:29.196059+00:00,False,+15.6%,True,$3959.3M,False,+-105.0%,True,1867.2K,False,$39.94 / SMA $43.30,True,6.10%,True,+32.2%,True,43.3M,True,NYQ,False,
FOX,Fox Corporation,49.955,2026-06-16T00:31:04.185949+00:00,False,+3.4%,True,$20990.4M,False,+-49.3%,True,1326.3K,False,$49.95 / SMA $57.58,True,3.20%,False,+-8.6%,False,329.5M,True,NMS,False,
FOXA,Fox Corporation,54.76,2026-06-16T00:17:57.645687+00:00,False,+3.3%,True,$23009.4M,False,+-49.3%,True,3137.2K,False,$54.76 / SMA $64.17,True,3.28%,False,+-8.6%,False,329.5M,True,NMS,False,
FOXF,FOXF,,2026-06-16T00:27:41.221191+00:00,False,,False,,False,,False,,False,,False,,False,,False,,False,Unknown,False,Too Many Requests. Rate limited. Try after a while.
FPAFY,First Pacific Company Limited,3.34,2026-06-16T00:09:57.873475+00:00,False,+6.0%,True,$2847.1M,,,False,59.0K,False,$3.34 / SMA $3.45,False,1.65%,,,False,460.0M,False,PNK,False,
FPF,First Trust Intermediate Duration Preferred & Income Fund,17.93,2026-06-16T00:00:08.943323+00:00,False,+4.2%,True,$1091.0M,,,False,105.6K,False,$17.93 / SMA $18.02,False,1.47%,,,,,True,NYQ,False,
FPH,"Five Point Holdings, LLC",5.04,2026-06-16T00:02:01.221532+00:00,False,+9.6%,True,$748.6M,False,+-109.4%,False,187.9K,True,$5.04 / SMA $4.98,True,3.36%,False,+3.2%,True,63.7M,True,NYQ,False,
FPLSF,5N Plus Inc.,28.15,2026-06-16T00:35:23.034403+00:00,True,+369.2%,True,$2531.7M,True,+81.8%,False,52.4K,True,$28.15 / SMA $27.37,True,7.37%,True,+32.6%,True,71.1M,False,PNK,False,
FPRUY,Fraport AG,38.8,2026-06-15T23:54:41.007759+00:00,False,+6.9%,True,$7175.6M,False,+-5.6%,False,0.0K,False,$38.80 / SMA $41.30,False,0.00%,False,+1.6%,True,73.7M,False,PNK,False,
FQVLF,First Quantum Minerals Ltd.,31.02,2026-06-16T00:31:06.703817+00:00,True,+109.6%,True,$25690.3M,,N/A,False,344.8K,True,$31.02 / SMA $27.31,True,5.64%,False,+11.8%,False,672.6M,False,PNK,False,
FQVTF,Fevertree Drinks PLC,11.143,2026-06-16T00:11:52.509573+00:00,False,+16.7%,True,$1269.6M,,,False,2.5K,True,$11.14 / SMA $10.60,False,0.86%,,,True,92.9M,False,PNK,False,
FQVTY,Fevertree Drinks PLC,11.19,2026-06-16T00:24:14.966828+00:00,False,+12.0%,True,$1275.0M,,,False,0.1K,True,$11.19 / SMA $10.69,False,0.29%,,,True,92.9M,False,PNK,False,
FR,"First Industrial Realty Trust, Inc.",63.37,2026-06-15T23:54:37.459683+00:00,False,+33.8%,True,$8682.7M,True,+200.0%,True,941.9K,True,$63.37 / SMA $61.89,False,1.79%,False,+10.0%,True,131.7M,True,NYQ,False,
FRBA,First Bank,16.35,2026-06-16T00:40:02.510275+00:00,False,+14.0%,True,$409.8M,False,+-18.9%,False,73.0K,True,$16.35 / SMA $15.83,False,2.94%,False,+6.8%,True,21.5M,True,NGM,False,
FRCOY,"Fast Retailing Co., Ltd.",50.77,2026-06-16T00:17:33.010089+00:00,True,+73.6%,True,$155782.5M,,,True,582.3K,True,$50.77 / SMA $46.98,False,2.67%,,,False,18470.5M,False,PNK,False,
FREGP,Federal Home Loan Mortgage Corporation,15.39,2026-06-15T23:56:31.012033+00:00,False,+9.1%,,,,,False,0.2K,False,$15.39 / SMA $16.75,False,0.25%,False,+-3.1%,False,650.1M,False,OQB,False,
FREJN,Federal Home Loan Mortgage Corporation,16.61,2026-06-16T00:33:31.276240+00:00,False,+0.7%,,N/A,,N/A,False,0.1K,False,$16.61 / SMA $17.11,False,0.00%,False,+-3.1%,False,650.1M,False,OQB,False,
FREJO,Federal Home Loan Mortgage Corporation PFD 5.1% SAL,16.84,2026-06-16T00:20:22.945757+00:00,False,+2.1%,,,,,False,0.0K,False,$16.84 / SMA $16.86,False,0.00%,False,+-3.1%,,,False,OQB,False,
FREJP,Federal Home Loan Mortgage Corporation PFD 5.30%,14.75,2026-06-15T23:56:31.332291+00:00,False,+10.3%,,,,,False,0.5K,False,$14.75 / SMA $15.73,False,0.08%,False,+-3.1%,,,False,OQB,False,
FRFFF,Fairfax Financial Holdings Limited,18.132,2026-06-15T23:54:11.811904+00:00,False,+1.2%,,,,,False,0.5K,False,$18.13 / SMA $18.25,False,0.01%,False,+-14.2%,True,18.6M,False,PNK,False,
FRFHF,Fairfax Financial Holdings Limited,1625.62,2026-06-16T00:05:56.180742+00:00,False,+8.4%,True,$33526.8M,False,+-27.1%,False,8.9K,False,$1625.62 / SMA $1664.39,False,2.74%,False,+-14.2%,True,18.6M,False,PNK,False,
FRHC,Freedom Holdings Corp.,138.9,2026-06-16T00:31:28.764397+00:00,False,+28.6%,True,$8513.5M,,N/A,False,121.2K,False,$138.90 / SMA $147.51,True,5.42%,False,+19.3%,True,18.1M,True,NCM,False,
FRMI,Fermi Inc.,7.48,2026-06-16T00:20:26.015302+00:00,False,+67.3%,True,$4772.9M,False,+-227172.7%,True,16872.4K,True,$7.48 / SMA $5.85,True,9.81%,,,False,262.6M,True,NMS,False,
FROG,JFrog Ltd.,80.39,2026-06-16T00:31:28.316345+00:00,True,+136.1%,True,$9736.8M,True,+56.2%,True,2776.4K,True,$80.39 / SMA $62.07,True,5.56%,True,+25.8%,True,107.0M,True,NMS,True,
FRPH,"FRP Holdings, Inc.",23.47,2026-06-16T00:39:53.532770+00:00,False,+14.3%,True,$449.9M,False,+-144.4%,False,71.3K,True,$23.47 / SMA $22.33,False,2.39%,False,+2.8%,True,11.4M,True,NMS,False,
FRPT,"Freshpet, Inc.",54.49,2026-06-16T00:10:01.268150+00:00,False,+17.3%,True,$2677.8M,True,+450.0%,True,1710.2K,False,$54.49 / SMA $57.47,True,4.94%,False,+13.1%,True,48.1M,True,NGM,False,
FRRPF,Fiera Capital Corporation,3.72,2026-06-16T00:26:41.188914+00:00,False,+0.0%,True,$394.6M,False,+-82.4%,False,4.5K,False,$3.72 / SMA $3.95,False,0.02%,False,+-4.9%,True,81.4M,False,PNK,False,
FRSH,Freshworks Inc.,9.51,2026-06-15T23:58:13.148876+00:00,False,+40.1%,True,$2628.9M,,,True,9882.8K,True,$9.51 / SMA $8.83,True,4.63%,False,+16.5%,False,225.8M,True,NMS,False,
FRT,Federal Realty Investment Trust,124.71,2026-06-16T00:18:21.703097+00:00,False,+38.6%,True,$10839.6M,True,+151.4%,True,931.4K,True,$124.71 / SMA $115.37,False,1.47%,False,+10.3%,True,78.0M,True,NYQ,False,
FRTAY,freenet AG,15.178,2026-06-16T00:33:38.578160+00:00,False,+2.6%,True,$3581.4M,False,+-18.4%,False,0.0K,True,$15.18 / SMA $14.59,False,0.00%,True,+26.1%,False,229.6M,False,PNK,False,
FRVO,Fervo Energy Company,35.32,2026-06-16T00:18:19.069505+00:00,False,+9.0%,True,$10386.3M,,,True,5250.2K,False,$35.32 / SMA_short $37.36,True,9.11%,,,True,8.7M,True,NMS,False,
FSBC,Five Star Bancorp,43.88,2026-06-16T00:37:53.734345+00:00,False,+67.5%,True,$938.0M,True,+40.3%,False,96.7K,True,$43.88 / SMA $41.33,False,2.63%,True,+28.1%,True,14.9M,True,NMS,False,
FSLR,"First Solar, Inc.",273.51,2026-06-16T00:06:00.420059+00:00,True,+101.9%,True,$29389.6M,True,+65.1%,True,2450.8K,True,$273.51 / SMA $232.92,True,6.46%,False,+23.6%,True,101.6M,True,NMS,False,
FSLY,"Fastly, Inc.",18.55,2026-06-15T23:58:13.621343+00:00,True,+194.9%,True,$2903.1M,True,+51.9%,True,11351.1K,False,$18.55 / SMA $22.18,True,7.84%,False,+19.8%,True,146.6M,True,NMS,False,
FSM,Fortuna Mining Corp.,9.45,2026-06-16T00:09:58.595946+00:00,False,+53.2%,True,$2862.9M,True,+84.2%,True,6313.1K,False,$9.45 / SMA $9.84,True,4.36%,True,+75.6%,False,299.7M,True,NYQ,False,
FSNUY,Fresenius SE & Co. KGaA,10.92,2026-06-16T00:06:02.684765+00:00,False,+5.7%,True,$24602.2M,,,False,157.7K,False,$10.92 / SMA $11.59,False,2.69%,False,+3.3%,False,1642.2M,False,PNK,False,
FSS,Federal Signal Corporation,110.4,2026-06-16T00:08:06.657739+00:00,False,+10.1%,True,$6734.6M,True,+52.0%,False,473.4K,False,$110.40 / SMA $113.54,True,3.02%,True,+34.9%,True,59.5M,True,NYQ,False,
FSUGY,Fortescue Ltd,28.63,2026-06-16T00:30:54.329768+00:00,False,+54.3%,True,$44075.4M,,N/A,False,63.8K,False,$28.63 / SMA $29.99,False,1.92%,,N/A,False,1539.2M,False,OQX,False,
FSUMF,Fortescue Ltd,14.75,2026-06-15T23:54:08.609571+00:00,False,+57.6%,True,$45414.7M,,,False,4.6K,False,$14.75 / SMA $15.39,True,3.02%,,,False,3078.3M,False,OQX,False,
FTAI,FTAI Aviation Ltd.,263.52,2026-06-16T00:06:02.276235+00:00,True,+142.9%,True,$27032.7M,True,+48.3%,True,1325.2K,True,$263.52 / SMA $248.00,True,6.13%,True,+65.5%,True,101.4M,True,NMS,True,
FTAIM,FTAI Aviation Ltd.,26.7,2026-06-16T00:17:57.216648+00:00,False,+2.5%,,,,,False,4.4K,True,$26.70 / SMA $26.44,False,0.64%,True,+65.5%,True,101.4M,True,NMS,False,
FTAIN,FTAI Aviation Ltd.,24.9901,2026-06-16T00:31:03.565794+00:00,False,+0.8%,,N/A,,N/A,False,15.4K,True,$24.99 / SMA $24.88,False,0.09%,True,+65.5%,True,101.4M,True,NMS,False,
FTDR,"Frontdoor, Inc.",69.79,2026-06-16T00:20:21.999329+00:00,False,+44.0%,True,$4901.7M,False,+16.3%,True,627.3K,True,$69.79 / SMA $62.53,True,3.03%,False,+6.4%,True,69.7M,True,NMS,False,
FTGFF,Firan Technology Group Corporation,15.24,2026-06-16T00:26:47.621182+00:00,True,+117.7%,True,$383.6M,,,False,6.7K,False,$15.24 / SMA $15.39,False,2.99%,False,+4.6%,True,20.0M,False,OQX,False,
FTK,"Flotek Industries, Inc.",23.99,2026-06-16T00:38:00.386020+00:00,True,+119.1%,True,$867.9M,False,+-29.4%,False,277.6K,True,$23.99 / SMA $18.79,True,6.95%,True,+26.5%,True,14.2M,True,NYQ,False,
FTRE,Fortrea Holdings Inc.,16.63,2026-06-16T00:37:35.589371+00:00,True,+281.9%,True,$1572.9M,True,+96.0%,True,1322.5K,True,$16.63 / SMA $13.04,True,6.27%,False,+-2.3%,True,93.7M,True,NMS,False,
FTS,Fortis Inc.,57.26,2026-06-16T00:17:55.052812+00:00,False,+23.2%,True,$29153.0M,False,+-1.0%,True,772.9K,True,$57.26 / SMA $56.02,False,1.65%,False,+1.9%,False,507.8M,True,NYQ,False,
FTTRF,Forterra plc,2.0,2026-06-16T00:26:41.209944+00:00,False,+10.5%,True,$411.9M,,,False,0.0K,False,$2.00 / SMA $2.01,False,0.00%,,,False,183.4M,False,PNK,False,
FTV,Fortive Corporation,60.28,2026-06-16T00:06:11.193510+00:00,False,+30.1%,True,$18377.0M,False,+-12.0%,True,3142.2K,True,$60.28 / SMA $59.98,False,2.36%,False,+7.7%,False,280.5M,True,NYQ,False,
FTW,Presidio Production Company,12.26,2026-06-16T00:40:13.426543+00:00,False,+29.1%,True,$339.4M,,N/A,False,101.6K,True,$12.26 / SMA $11.28,True,3.01%,False,+-69.8%,True,0.1M,True,NYQ,False,
FUBO,FuboTV Inc.,9.92,2026-06-16T00:00:11.278595+00:00,False,+19.4%,False,$292.0M,False,+-101.1%,True,1870.4K,False,$9.92 / SMA $11.03,True,7.18%,True,+278.1%,True,29.2M,True,NYQ,False,
FUFU,BitFuFu Inc.,1.83,2026-06-16T00:15:36.609312+00:00,False,+17.3%,True,$305.0M,False,+-110.0%,False,255.1K,False,$1.83 / SMA $2.06,True,9.67%,False,+-6.9%,True,18.7M,True,NCM,False,
FUJHF,Subaru Corporation,15.26,2026-06-16T00:18:19.674262+00:00,False,+9.8%,True,$10923.5M,,,False,1.2K,False,$15.26 / SMA $15.81,False,0.56%,,,False,553.3M,False,PNK,False,
FUJIY,FUJIFILM Holdings Corporation,10.63,2026-06-16T00:31:05.244299+00:00,False,+19.0%,True,$25446.1M,True,+47.5%,False,341.8K,True,$10.63 / SMA $9.93,False,1.72%,,N/A,False,2409.2M,False,PNK,False,
FUL,H.B. Fuller Company,64.42,2026-06-16T00:22:04.837453+00:00,False,+32.3%,True,$3510.1M,True,+58.3%,True,655.5K,True,$64.42 / SMA $61.15,True,3.71%,False,+-2.3%,True,54.2M,True,NYQ,False,
FULC,"Fulcrum Therapeutics, Inc.",3.51,2026-06-16T00:39:53.128268+00:00,False,+24.0%,False,$233.9M,False,+10.7%,True,1743.2K,False,$3.51 / SMA $6.50,True,6.83%,,N/A,True,48.0M,True,NGM,False,
FUN,Six Flags Entertainment Corporation,23.34,2026-06-16T00:10:05.865829+00:00,True,+86.6%,True,$2385.4M,False,+-19.7%,True,1930.9K,True,$23.34 / SMA $20.04,True,5.87%,False,+11.7%,True,86.2M,True,NYQ,False,
FUND,"Sprott Focus Trust, Inc.",10.15,2026-06-16T00:40:22.049537+00:00,False,+38.3%,True,$303.4M,,N/A,False,28.8K,True,$10.15 / SMA $9.94,False,1.78%,,N/A,,N/A,True,NGM,False,
FURCF,Forvia SE,11.25,2026-06-16T00:10:03.400549+00:00,False,+20.6%,True,$2077.3M,,,False,0.1K,False,$11.25 / SMA $11.85,False,0.06%,,,False,175.7M,False,PNK,False,
FUTU,Futu Holdings Limited,100.12,2026-06-16T00:06:18.468718+00:00,False,+24.4%,True,$14036.3M,False,+-60.7%,True,3430.3K,False,$100.12 / SMA $133.40,True,6.39%,False,+24.7%,True,60.2M,True,NGM,False,
FUWAY,"Furukawa Electric Co., Ltd.",134.99,2026-06-16T00:17:59.681490+00:00,True,+502.6%,True,$18993.0M,,,False,4.7K,False,$134.99 / SMA $147.84,True,4.26%,,,True,130.1M,False,PNK,False,
FVAV,Fortress Value Acquisition Corp. V,10.08,2026-06-16T00:03:45.436384+00:00,False,+0.8%,True,$364.3M,,,False,69.4K,False,$10.08 / SMA $10.08,False,0.06%,,,True,24.0M,True,NGM,False,
FWEDF,Fireweed Metals Corp.,2.678,2026-06-16T00:13:41.902581+00:00,True,+76.2%,True,$607.8M,False,+-50.0%,False,61.2K,False,$2.68 / SMA $3.13,True,5.97%,,,True,145.4M,False,OQX,False,
FWONK,Formula One Group,90.04,2026-06-15T23:54:19.834345+00:00,False,+12.3%,True,$22564.5M,False,+-40.0%,True,1904.2K,True,$90.04 / SMA $89.20,False,2.91%,True,+59.1%,False,243.2M,True,NMS,False,
GAB,The Gabelli Equity Trust Inc.,5.56,2026-06-15T23:59:54.927566+00:00,False,+5.3%,True,$1730.3M,,,True,1215.0K,False,$5.56 / SMA $5.61,False,1.30%,,,,,True,NYQ,False,
GABC,"German American Bancorp, Inc.",44.97,2026-06-16T00:22:29.398798+00:00,False,+23.0%,True,$1689.3M,True,+193.3%,False,153.6K,True,$44.97 / SMA $43.43,False,2.00%,False,+18.0%,True,35.9M,True,NMS,False,
GAERF,"Grupo Aeroportuario del Centro Norte, S.A.B. de C.V.",13.842,2026-06-16T00:08:16.068778+00:00,False,+33.6%,True,$5345.4M,False,+-4.2%,False,0.1K,True,$13.84 / SMA $8.39,False,1.05%,False,+6.9%,False,336.1M,False,PNK,False,
GAILF,GAIL (India) Limited,10.75,2026-06-15T23:54:32.503166+00:00,False,+13.2%,True,$11780.4M,False,+-63.6%,False,0.0K,True,$10.75 / SMA $10.53,False,0.00%,False,+-3.4%,False,449.1M,False,PNK,False,
GALDY,GALDY,43.31,2026-06-15T23:54:08.989032+00:00,False,+64.6%,True,$50795.9M,,,False,219.5K,True,$43.31 / SMA $40.94,False,2.02%,,,False,663.2M,False,PNK,False,
GAMI,"GAMCO Investors, Inc.",24.1,2026-06-16T00:13:48.893524+00:00,False,+9.2%,True,$519.0M,False,+-18.5%,False,3.1K,True,$24.10 / SMA $23.16,False,0.86%,False,+11.2%,True,2.6M,False,OQX,False,
GAP,"The Gap, Inc.",22.1,2026-06-16T00:06:27.902389+00:00,False,+18.3%,True,$7955.5M,True,+76.5%,True,7898.3K,False,$22.10 / SMA $23.52,True,3.50%,False,+1.0%,False,187.6M,True,NYQ,False,
GARPF,Golden Agri-Resources Ltd,0.22,2026-06-16T00:22:04.157880+00:00,False,+37.5%,True,$2790.0M,,,False,1.5K,False,$0.22 / SMA $0.24,False,0.91%,,,False,6274.0M,False,PNK,False,
GASXF,NG Energy International Corp.,1.124,2026-06-16T00:40:20.058277+00:00,True,+82.5%,True,$305.6M,True,+1050.0%,False,99.0K,False,$1.12 / SMA $1.15,False,2.43%,True,+48.4%,False,184.1M,False,OQX,False,
GATX,GATX Corporation,175.85,2026-06-16T00:20:11.255305+00:00,False,+18.7%,True,$6243.2M,False,+9.3%,False,217.1K,False,$175.85 / SMA $183.16,False,2.30%,True,+38.4%,True,35.3M,True,NYQ,False,
GAU,Galiano Gold Inc.,2.23,2026-06-16T00:01:59.729424+00:00,True,+82.8%,True,$582.5M,True,+220.0%,True,2965.9K,False,$2.23 / SMA $2.37,True,5.50%,True,+117.4%,False,259.9M,True,ASE,False,
GBAB,Guggenheim Taxable Municipal Bond & Investment Grade Debt Trust,14.11,2026-06-16T00:40:06.753686+00:00,False,+4.4%,True,$390.6M,,N/A,False,102.9K,False,$14.11 / SMA $14.16,False,1.08%,,N/A,,N/A,True,NYQ,False,
GBCI,"Glacier Bancorp, Inc.",49.33,2026-06-16T00:33:12.475842+00:00,False,+23.6%,True,$6419.9M,True,+31.3%,True,878.0K,True,$49.33 / SMA $47.93,False,2.12%,True,+38.1%,True,129.5M,True,NYQ,False,
GBDC,"Golub Capital BDC, Inc.",12.72,2026-06-16T00:09:42.442478+00:00,False,+8.1%,True,$3313.5M,False,+-160.0%,True,1755.0K,False,$12.72 / SMA $13.15,False,1.77%,False,+-146.7%,,,True,NMS,False,
GBERF,Geberit AG,800.0,2026-06-16T00:18:02.392244+00:00,False,+32.3%,True,$26379.0M,,,False,0.0K,True,$800.00 / SMA $661.87,False,0.00%,,,True,32.8M,False,PNK,False,
GBFH,GBank Financial Holdings Inc.,30.2,2026-06-16T00:26:40.543844+00:00,False,+26.5%,True,$437.0M,False,+-71.0%,False,61.5K,True,$30.20 / SMA $29.12,True,4.25%,False,+13.0%,True,9.6M,True,NCM,False,
GBLBF,Groupe Bruxelles Lambert SA,90.64,2026-06-16T00:31:23.468448+00:00,False,+13.3%,True,$10879.1M,,N/A,False,0.2K,True,$90.64 / SMA $89.73,False,0.08%,,N/A,True,120.4M,False,PNK,False,
GBLBY,Groupe Bruxelles Lambert SA,9.15,2026-06-16T00:31:22.388729+00:00,False,+15.8%,True,$10982.3M,,N/A,False,2.0K,False,$9.15 / SMA $9.59,True,23.49%,,N/A,False,1204.3M,False,PNK,False,
GBLI,"Global Indemnity Group, LLC",26.0,2026-06-16T00:26:44.520053+00:00,False,+1.4%,True,$379.8M,True,+196.7%,False,3.7K,False,$26.00 / SMA $27.37,False,1.63%,False,+0.5%,True,6.8M,True,NMS,False,
GBNXF,Gibson Energy Inc.,21.29,2026-06-16T00:08:23.977191+00:00,False,+33.8%,True,$3671.9M,,,False,5.4K,True,$21.29 / SMA $20.90,False,0.32%,False,+16.8%,False,171.8M,False,PNK,False,
GBOOF,"Grupo Financiero Banorte, S.A.B. de C.V.",10.65,2026-06-16T00:05:58.321603+00:00,False,+28.8%,True,$29550.1M,False,+0.0%,False,12.1K,False,$10.65 / SMA $11.09,True,7.63%,False,+7.1%,False,3089.9M,False,OQX,False,
GBOOY,"Grupo Financiero Banorte, S.A.B. de C.V.",54.63,2026-06-16T00:05:58.433720+00:00,False,+31.0%,True,$30315.9M,False,+0.0%,False,55.9K,True,$54.63 / SMA $52.66,True,5.29%,False,+7.1%,False,618.0M,False,OQX,False,
GCBC,"Greene County Bancorp, Inc.",29.655,2026-06-16T00:39:57.958851+00:00,False,+39.6%,True,$504.9M,True,+31.9%,False,14.9K,True,$29.66 / SMA $24.86,True,3.66%,False,+19.0%,True,6.9M,True,NCM,False,
GCHEF,"Grupo Comercial Chedraui, S.A.B. de C.V.",5.15,2026-06-16T00:08:12.126470+00:00,False,+0.0%,True,$4942.7M,False,+14.1%,False,1.6K,False,$5.15 / SMA $5.47,False,0.03%,False,+-10.0%,False,288.5M,False,PNK,False,
GCMG,GCM Grosvenor Inc.,11.41,2026-06-16T00:10:04.876419+00:00,False,+22.7%,True,$689.0M,True,+400.0%,False,491.9K,True,$11.41 / SMA $10.65,True,3.26%,False,+1.3%,True,58.7M,True,NGM,False,
GCPEF,GCL Technology Holdings Limited,0.1,2026-06-16T00:33:41.521716+00:00,False,+42.9%,True,$3250.0M,,N/A,False,2.1K,False,$0.10 / SMA $0.12,False,0.00%,,N/A,False,28266.2M,False,PNK,False,
GCT,GigaCloud Technology Inc.,34.5,2026-06-16T00:24:09.572798+00:00,True,+101.6%,True,$1256.2M,True,+52.9%,True,745.3K,False,$34.50 / SMA $40.50,True,4.98%,True,+32.2%,True,28.0M,True,NGM,False,
GCWOF,"GCC, S.A.B. de C.V.",11.38,2026-06-16T00:20:24.730529+00:00,False,+29.9%,True,$3711.7M,False,+-39.6%,False,2.0K,False,$11.38 / SMA $11.65,False,0.00%,False,+-11.9%,False,154.5M,False,PNK,False,
GDDY,GoDaddy Inc.,77.49,2026-06-16T00:31:20.065348+00:00,False,+8.2%,True,$10260.4M,False,+6.0%,True,2411.8K,False,$77.49 / SMA $85.40,True,4.96%,False,+6.1%,True,131.4M,True,NYQ,False,
GDNGY,PT Gudang Garam Tbk,3.3,2026-06-16T00:11:43.306626+00:00,False,+69.2%,True,$1655.1M,True,+1379.6%,False,0.9K,False,$3.30 / SMA $3.48,False,0.00%,False,+-12.8%,True,114.4M,False,PNK,False,
GDRX,"GoodRx Holdings, Inc.",2.73,2026-06-16T00:24:26.628574+00:00,False,+54.2%,True,$924.6M,False,+-100.0%,True,1609.6K,True,$2.73 / SMA $2.53,True,5.64%,False,+-4.4%,True,91.5M,True,NMS,False,
GDRZF,Gold Reserve Ltd.,4.86,2026-06-16T00:13:39.816852+00:00,True,+322.6%,True,$718.6M,,,False,77.9K,True,$4.86 / SMA $4.50,True,4.84%,,,True,88.6M,False,OQX,False,
GDS,GDS Holdings Limited,33.49,2026-06-16T00:18:34.486145+00:00,False,+26.4%,True,$6710.6M,True,+207.0%,True,2074.3K,False,$33.49 / SMA $40.02,True,5.65%,False,+23.6%,True,133.8M,True,NGM,False,
GDV,The Gabelli Dividend & Income Trust,29.3,2026-06-16T00:22:13.406701+00:00,False,+19.3%,True,$2562.2M,,,False,118.4K,True,$29.30 / SMA $28.86,False,1.33%,,,,,True,NYQ,False,
GDYN,"Grid Dynamics Holdings, Inc.",6.35,2026-06-16T00:26:21.400254+00:00,False,+23.8%,True,$531.0M,False,+-166.7%,True,1937.1K,True,$6.35 / SMA $6.32,True,7.27%,False,+3.7%,True,59.2M,True,NCM,False,
GE,GE Aerospace,342.26,2026-06-16T00:17:30.430600+00:00,False,+47.4%,True,$357603.4M,False,+-1.1%,True,5824.2K,True,$342.26 / SMA $304.11,False,2.98%,False,+24.7%,False,1039.4M,True,NYQ,False,
GEBHF,Genting Berhad,0.54,2026-06-15T23:58:16.589845+00:00,False,+0.1%,True,$2079.3M,True,+2083.3%,False,0.8K,False,$0.54 / SMA $0.60,False,0.35%,False,+2.4%,False,2050.2M,False,OID,False,
GEBHY,Genting Berhad,2.91,2026-06-15T23:58:16.092563+00:00,False,+16.4%,True,$2241.0M,True,+2083.3%,False,13.6K,False,$2.91 / SMA $3.16,True,7.21%,False,+2.4%,False,410.0M,False,OID,False,
GECFF,Gecina,91.25,2026-06-16T00:33:09.458888+00:00,False,+17.2%,True,$6763.4M,,N/A,False,0.0K,True,$91.25 / SMA $83.57,False,0.00%,,N/A,True,45.0M,False,PNK,False,
GEF,"Greif, Inc.",69.36,2026-06-16T00:22:05.223844+00:00,False,+24.4%,True,$3940.8M,False,+-68.1%,False,224.3K,True,$69.36 / SMA $66.10,False,2.35%,False,+-0.5%,True,26.6M,True,NYQ,False,
GEF.B,GEF.B,,2026-06-16T00:33:41.955678+00:00,False,N/A,False,N/A,False,N/A,False,N/A,False,N/A,False,N/A,False,N/A,False,N/A,False,Unknown,False,No price data available
GEHC,GE HealthCare Technologies Inc.,64.76,2026-06-16T00:05:59.384060+00:00,False,+10.2%,True,$29458.8M,False,+-30.9%,True,4822.6K,False,$64.76 / SMA $65.96,False,2.75%,False,+7.4%,False,453.4M,True,NMS,False,
GEL,"Genesis Energy, L.P.",14.44,2026-06-16T00:22:22.742595+00:00,False,+0.6%,True,$1768.4M,True,+98.5%,False,288.0K,False,$14.44 / SMA $16.31,True,3.20%,False,+12.1%,True,108.6M,True,NYQ,False,
GELHY,Geely Automobile Holdings Limited,50.24,2026-06-15T23:54:16.083015+00:00,False,+32.2%,True,$27090.7M,,,False,45.9K,False,$50.24 / SMA $55.73,False,2.47%,,,False,314.5M,False,PNK,False,
GELYF,Geely Automobile Holdings Limited,2.46,2026-06-16T00:31:02.756041+00:00,False,+28.1%,True,$26529.9M,,N/A,False,79.2K,False,$2.46 / SMA $2.79,True,4.58%,,N/A,False,6289.1M,False,PNK,False,
GEMI,"Gemini Space Station, Inc.",5.13,2026-06-16T00:13:42.419951+00:00,False,+31.2%,True,$648.6M,True,+27.1%,True,2164.6K,True,$5.13 / SMA $4.79,True,9.67%,True,+42.3%,True,35.2M,True,NMS,False,
GENB,"Generate Biomedicines, Inc.",13.58,2026-06-16T00:10:07.423203+00:00,False,+23.5%,True,$1740.9M,,,True,535.0K,True,$13.58 / SMA $13.23,True,9.11%,,,True,60.3M,True,NMS,False,
GENI,Genius Sports Limited,6.87,2026-06-16T00:11:47.892013+00:00,True,+79.6%,True,$1836.6M,False,+-600.0%,True,5986.6K,True,$6.87 / SMA $5.02,True,8.03%,True,+30.5%,False,207.7M,True,NYQ,False,
GENSF,Genus plc,31.065,2026-06-16T00:22:21.746705+00:00,False,+19.4%,True,$2063.1M,,,False,0.0K,False,$31.07 / SMA $32.07,False,0.00%,,,True,65.1M,False,PNK,False,
GEO,"The GEO Group, Inc.",28.54,2026-06-15T23:58:02.516467+00:00,True,+128.1%,True,$3813.5M,True,+107.1%,True,1970.3K,True,$28.54 / SMA $21.50,True,3.79%,False,+16.6%,True,115.4M,True,NYQ,False,
GERN,Geron Corporation,1.15,2026-06-16T00:37:56.601815+00:00,False,+10.6%,True,$737.7M,True,+66.7%,True,16350.2K,False,$1.15 / SMA $1.42,True,5.19%,True,+30.9%,False,535.7M,True,NMS,False,
GFF,Griffon Corporation,94.73,2026-06-15T23:56:33.352357+00:00,False,+45.7%,True,$4344.9M,False,+-65.3%,False,363.1K,True,$94.73 / SMA $86.41,True,3.22%,False,+-1.1%,True,41.2M,True,NYQ,False,
GFIOF,Gold Fields Limited,35.8,2026-06-16T00:30:58.429396+00:00,False,+50.1%,True,$32020.2M,,N/A,False,0.1K,False,$35.80 / SMA $43.43,False,0.19%,,N/A,False,894.1M,False,PNK,False,
GFL,GFL Environmental Inc.,35.95,2026-06-16T00:18:13.766534+00:00,False,+7.9%,True,$12976.9M,False,+-107.3%,True,2472.2K,False,$35.95 / SMA $37.85,False,2.68%,False,+5.4%,False,273.7M,True,NYQ,False,
GFR,Greenfire Resources Ltd.,5.59,2026-06-16T00:13:37.497746+00:00,False,+36.3%,True,$701.1M,False,+-352.2%,False,217.6K,False,$5.59 / SMA $6.01,True,4.20%,False,+-19.8%,True,33.6M,True,NYQ,False,
GFS,GLOBALFOUNDRIES Inc.,83.98,2026-06-16T00:30:54.395080+00:00,True,+166.5%,True,$46056.0M,False,+-52.6%,True,4867.5K,True,$83.98 / SMA $68.24,True,6.28%,False,+3.1%,True,124.7M,True,NMS,False,
GGAL,Grupo Financiero Galicia S.A.,55.96,2026-06-16T00:31:33.768686+00:00,True,+116.1%,True,$9482.6M,False,+-65.7%,True,1227.3K,True,$55.96 / SMA $45.68,True,4.65%,False,+3.1%,False,931.9M,True,NCM,False,
GGB,Gerdau S.A.,4.67,2026-06-16T00:18:27.291349+00:00,False,+66.8%,True,$9189.2M,True,+37.8%,True,19204.6K,True,$4.67 / SMA $4.49,True,3.08%,False,+-3.8%,False,1263.3M,True,NYQ,False,
GGG,Graco Inc.,75.15,2026-06-16T00:18:14.228008+00:00,False,+2.6%,True,$12472.5M,False,+-2.8%,True,1298.4K,False,$75.15 / SMA $79.28,False,1.75%,False,+2.2%,False,164.3M,True,NYQ,False,
GGGSF,Greggs plc,21.75,2026-06-16T00:35:32.320018+00:00,False,+15.5%,True,$2217.5M,,N/A,False,1.2K,True,$21.75 / SMA $21.49,False,1.31%,,N/A,True,100.2M,False,PNK,False,
GGN,"GAMCO Global Gold, Natural Resources & Income Trust",5.01,2026-06-16T00:01:29.986036+00:00,False,+16.2%,True,$782.7M,,,True,534.7K,False,$5.01 / SMA $5.24,False,1.65%,,,,,True,ASE,False,
GGNDF,GN Store Nord A/S,14.6,2026-06-16T00:22:20.856998+00:00,False,+14.1%,True,$2125.9M,,,False,0.1K,False,$14.60 / SMA $14.95,False,0.00%,False,+-58.2%,True,145.4M,False,PNK,False,
GGPSF,GGPSF,8.225,2026-06-16T00:08:07.749801+00:00,True,+3951.7%,True,$5534.7M,,,False,4.6K,False,$8.22 / SMA_short $8.67,False,1.44%,,,False,509.6M,False,PNK,False,
GHC,Graham Holdings Company,1130.03,2026-06-16T00:33:24.941080+00:00,False,+28.1%,True,$4867.1M,False,+21.5%,False,18.5K,True,$1130.03 / SMA $1121.94,False,2.80%,False,+6.0%,True,2.9M,True,NYQ,False,
GHY,"PGIM Global High Yield Fund, Inc",11.88,2026-06-16T00:02:03.591887+00:00,False,+5.6%,True,$486.6M,,,False,138.6K,True,$11.88 / SMA $11.75,False,0.92%,,,,,True,NYQ,False,
GIB,CGI Inc.,65.78,2026-06-16T00:18:11.382883+00:00,False,+8.2%,True,$13775.7M,False,+10.6%,False,474.8K,False,$65.78 / SMA $68.81,False,2.94%,False,+3.3%,False,168.0M,True,NYQ,False,
GIC,Global Industrial Company,31.76,2026-06-16T00:11:53.302001+00:00,False,+22.0%,True,$1215.2M,False,+20.0%,False,92.1K,True,$31.76 / SMA $31.23,False,2.26%,False,+9.2%,True,12.9M,True,NYQ,False,
GIFLF,"Grifols, S.A.",10.6,2026-06-16T00:33:08.918079+00:00,False,+1.4%,True,$7214.1M,False,+5.8%,False,1.3K,False,$10.60 / SMA $10.77,False,0.10%,False,+-14.0%,False,417.3M,False,PNK,False,
GIGNF,Genting Singapore Limited,0.44,2026-06-16T00:08:08.694029+00:00,False,+0.0%,True,$5318.8M,,,False,0.5K,False,$0.44 / SMA $0.51,False,0.00%,,,False,5668.0M,False,PNK,False,
GIII,"G-III Apparel Group, Ltd.",34.63,2026-06-16T00:37:33.282944+00:00,True,+70.3%,True,$1461.1M,True,+782.4%,True,543.5K,True,$34.63 / SMA $31.22,True,4.07%,False,+-8.2%,True,36.9M,True,NMS,False,
GILD,"Gilead Sciences, Inc.",124.3,2026-06-15T23:53:59.682943+00:00,False,+19.0%,True,$154327.1M,True,+54.8%,True,6633.1K,False,$124.30 / SMA $132.66,False,2.62%,False,+4.4%,False,1238.8M,True,NMS,False,
GILT,Gilat Satellite Networks Ltd.,14.3,2026-06-16T00:37:41.014901+00:00,True,+130.6%,True,$1079.2M,True,+163.6%,True,860.0K,False,$14.30 / SMA $17.14,True,7.22%,False,+20.0%,True,73.6M,True,NMS,False,
GIS,"General Mills, Inc.",34.27,2026-06-16T00:06:11.421096+00:00,False,+7.9%,True,$18289.3M,False,+-50.0%,True,9868.8K,False,$34.27 / SMA $34.35,False,2.66%,False,+-8.4%,False,590.3M,True,NYQ,False,
GIX,GigCapital9 Corp.,9.945,2026-06-16T00:15:33.498650+00:00,False,+1.5%,True,$363.5M,,,False,124.2K,True,$9.95 / SMA $9.89,False,0.02%,,,True,19.1M,True,NGM,False,
GIXXU,GigCapital9 Corp.,10.22,2026-06-16T00:15:32.171364+00:00,False,+13.1%,,,,,False,8.1K,True,$10.22 / SMA $10.13,False,0.00%,,,True,19.1M,True,NGM,False,
GKOS,Glaukos Corporation,130.14,2026-06-16T00:18:33.370352+00:00,True,+77.9%,True,$7643.6M,False,+-6.3%,True,936.2K,True,$130.14 / SMA $125.21,True,6.36%,True,+41.2%,True,57.7M,True,NYQ,False,
GL,Globe Life Inc.,167.39,2026-06-16T00:06:19.172682+00:00,False,+43.4%,True,$12997.0M,False,+12.6%,True,528.9K,True,$167.39 / SMA $153.47,False,2.24%,False,+5.3%,True,76.9M,True,NYQ,False,
GLAPF,Glanbia plc,24.77,2026-06-16T00:08:08.833917+00:00,True,+79.5%,True,$5986.7M,,,False,0.3K,True,$24.77 / SMA $22.72,False,0.49%,,,False,197.8M,False,PNK,False,
GLAPY,Glanbia plc,129.45,2026-06-15T23:56:21.022054+00:00,True,+82.3%,True,$6257.4M,,,False,0.1K,True,$129.45 / SMA $109.49,False,0.35%,,,True,39.6M,False,PNK,False,
GLCNF,Glencore plc,7.87,2026-06-15T23:54:03.070444+00:00,True,+112.7%,True,$92895.1M,,,False,191.2K,True,$7.87 / SMA $7.68,False,1.96%,,,False,9134.7M,False,PNK,False,
GLDAF,GlobalData Plc,1.37,2026-06-16T00:00:12.334047+00:00,False,+37.0%,True,$952.5M,,,False,0.6K,True,$1.37 / SMA $1.34,False,0.00%,,,False,202.1M,False,PNK,False,
GLGDF,GoGold Resources Inc.,2.33,2026-06-16T00:11:56.484536+00:00,True,+71.3%,True,$1009.9M,True,+280.0%,False,405.6K,True,$2.33 / SMA $2.19,True,7.16%,True,+72.3%,False,407.0M,False,OQX,False,
GLP,Global Partners LP,45.61,2026-06-16T00:35:48.127920+00:00,False,+15.2%,True,$1549.4M,True,+413.9%,False,63.5K,False,$45.61 / SMA $47.41,True,3.69%,False,+15.9%,True,27.6M,True,NYQ,False,
GLPEY,"Galp Energia, SGPS, S.A.",11.0,2026-06-16T00:31:12.560459+00:00,False,+35.8%,True,$17734.3M,False,+-431.0%,False,93.2K,False,$11.00 / SMA $11.18,False,1.96%,False,+2.7%,False,669.7M,False,PNK,False,
GLPI,"Gaming and Leisure Properties, Inc.",46.74,2026-06-16T00:18:12.459872+00:00,False,+13.5%,True,$13237.8M,True,+36.7%,True,2065.8K,True,$46.74 / SMA $46.42,False,1.66%,False,+6.3%,False,271.1M,True,NMS,False,
GLUE,"Monte Rosa Therapeutics, Inc.",18.12,2026-06-16T00:11:45.202081+00:00,True,+339.8%,True,$1530.8M,False,+-192.6%,True,1021.3K,False,$18.12 / SMA $18.61,True,6.04%,False,+-95.0%,True,53.0M,True,NMS,False,
GLXY,Galaxy Digital,33.63,2026-06-15T23:54:32.402580+00:00,True,+104.7%,True,$13112.3M,True,+43.0%,True,6031.1K,True,$33.63 / SMA $27.69,True,8.68%,False,+-22.6%,False,187.8M,True,NMS,False,
GMBXF,"Grupo México, S.A.B. de C.V.",12.2,2026-06-15T23:54:02.958035+00:00,True,+125.1%,True,$94977.0M,True,+120.0%,False,27.0K,True,$12.20 / SMA $11.81,True,5.62%,True,+44.7%,False,3112.6M,False,PNK,False,
GME,GameStop Corp.,21.74,2026-06-16T00:06:23.788137+00:00,False,+9.1%,True,$9754.5M,True,+633.3%,True,7677.3K,False,$21.74 / SMA $23.20,False,2.92%,False,+14.0%,False,447.1M,True,NYQ,False,
GMED,"Globus Medical, Inc.",77.32,2026-06-16T00:18:17.682579+00:00,False,+49.3%,True,$10495.8M,True,+66.7%,True,1435.3K,False,$77.32 / SMA $85.74,True,3.03%,True,+27.0%,True,111.7M,True,NYQ,False,
GMGSF,Goodman Group,20.29,2026-06-15T23:54:10.940532+00:00,False,+26.2%,True,$41488.9M,,,False,1.7K,False,$20.29 / SMA $21.11,False,0.44%,,,False,2004.2M,False,PNK,False,
GMINF,G Mining Ventures Corp.,26.688,2026-06-16T00:06:31.639576+00:00,True,+130.9%,True,$6344.5M,True,+209.1%,False,52.8K,False,$26.69 / SMA $34.11,True,6.64%,True,+42.8%,False,176.0M,False,OQX,False,
GMKKY,"Gruma, S.A.B. de C.V.",18.0,2026-06-16T00:08:07.605627+00:00,False,+11.6%,True,$6142.3M,False,+-32.6%,False,0.2K,False,$18.00 / SMA $18.04,False,0.00%,False,+4.5%,,,False,PNK,False,
GMOYF,"GMO internet group, Inc.",19.775,2026-06-16T00:10:04.642372+00:00,False,+22.1%,True,$1945.3M,,,False,0.1K,False,$19.77 / SMA $19.83,False,0.27%,,,True,53.5M,False,PNK,False,
GMRS,GMR Solutions Inc.,12.03,2026-06-16T00:22:14.783989+00:00,False,+17.3%,True,$649.8M,,,True,1549.2K,True,$12.03 / SMA_short $12.02,True,8.80%,,,True,33.5M,True,NYQ,False,
GMVHF,Entain Plc,8.075,2026-06-16T00:33:26.250800+00:00,False,+19.8%,True,$5167.3M,,N/A,False,9.8K,True,$8.07 / SMA $7.69,True,6.73%,,N/A,False,636.8M,False,PNK,False,
GMVHY,Entain Plc,7.98,2026-06-16T00:33:25.863195+00:00,False,+16.4%,True,$5106.5M,,N/A,False,104.7K,True,$7.98 / SMA $7.51,False,2.24%,,N/A,False,636.8M,False,PNK,False,
GMWKF,GMWKF,262.75,2026-06-16T00:31:27.859329+00:00,False,+42.0%,True,$8682.4M,,N/A,False,0.2K,False,$262.75 / SMA $265.04,True,5.62%,,N/A,True,32.4M,False,PNK,False,
GNE,Genie Energy Ltd.,13.91,2026-06-16T00:26:48.599820+00:00,False,+9.6%,True,$367.3M,False,+-72.5%,False,64.9K,True,$13.91 / SMA $13.88,False,2.85%,False,+4.0%,True,20.2M,True,NYQ,False,
GNENF,"Ganfeng Lithium Group Co., Ltd.",7.75,2026-06-16T00:06:10.219134+00:00,True,+200.4%,True,$16249.4M,,,False,8.6K,False,$7.75 / SMA $9.38,True,3.15%,True,+84.6%,False,1523.6M,False,PNK,False,
GNENY,"Ganfeng Lithium Group Co., Ltd.",7.825,2026-06-16T00:06:08.208518+00:00,True,+209.3%,True,$16406.6M,,,False,1.4K,False,$7.83 / SMA $9.47,True,4.56%,True,+84.6%,False,1523.6M,False,PNK,False,
GNGBF,Getinge AB (publ),20.05,2026-06-15T23:56:22.585418+00:00,False,+6.5%,True,$5461.0M,False,+-39.8%,False,0.0K,False,$20.05 / SMA $21.83,False,0.00%,False,+-32.8%,False,178.5M,False,PNK,False,
GNGBY,Getinge AB (publ),20.88,2026-06-16T00:08:10.650432+00:00,False,+11.7%,True,$5687.1M,False,+-39.8%,False,3.1K,True,$20.88 / SMA $20.41,False,1.19%,False,+-32.8%,False,178.5M,False,PNK,False,
GNK,Genco Shipping & Trading Limited,23.77,2026-06-16T00:00:12.733899+00:00,True,+85.2%,True,$1035.8M,True,+175.0%,False,349.1K,False,$23.77 / SMA $24.00,False,2.63%,True,+60.6%,True,36.3M,True,NYQ,False,
GNL,"Global Net Lease, Inc.",9.33,2026-06-16T00:22:22.833826+00:00,False,+37.8%,True,$1977.3M,True,+90.8%,True,2027.5K,False,$9.33 / SMA $9.38,False,1.73%,False,+-17.5%,False,209.8M,True,NYQ,False,
GNTX,Gentex Corporation,26.04,2026-06-16T00:33:22.102197+00:00,False,+27.1%,True,$5545.3M,False,+9.5%,True,2147.5K,True,$26.04 / SMA $23.37,False,2.29%,False,+17.1%,False,211.9M,True,NMS,False,
GO,Grocery Outlet Holding Corp.,9.62,2026-06-16T00:13:36.625222+00:00,True,+70.1%,True,$951.6M,False,+-662.5%,True,3495.0K,True,$9.62 / SMA $8.00,True,5.84%,False,+3.6%,True,93.3M,True,NMS,False,
GOF,Guggenheim Strategic Opportunities Fund,10.95,2026-06-16T00:22:26.162819+00:00,False,+3.9%,True,$2321.9M,,,True,1307.0K,False,$10.95 / SMA $11.12,False,1.01%,,,,,True,NYQ,False,
GOGO,Gogo Inc.,3.62,2026-06-16T00:26:23.459994+00:00,False,+10.0%,True,$489.6M,False,+11.1%,True,1689.7K,False,$3.62 / SMA $4.23,True,7.22%,False,+-1.7%,True,96.0M,True,NMS,False,
GOLF,Acushnet Holdings Corp.,97.25,2026-06-16T00:33:20.686077+00:00,False,+38.4%,True,$5694.4M,False,+-16.0%,False,325.2K,True,$97.25 / SMA $92.70,False,2.98%,False,+7.1%,True,27.4M,True,NYQ,False,
GOODO,Gladstone Commercial Corporation,20.1201,2026-06-16T00:38:05.759784+00:00,False,+3.6%,,N/A,,N/A,False,5.0K,True,$20.12 / SMA $19.96,False,0.82%,False,+11.8%,,N/A,True,NMS,False,
GOOG,Alphabet Inc.,367.11,2026-06-15T23:53:57.322823+00:00,True,+124.8%,True,$4476882.1M,True,+81.9%,True,20512.4K,True,$367.11 / SMA $360.74,False,2.64%,False,+21.8%,False,10822.9M,True,NMS,False,
GOOS,Canada Goose Holdings Inc.,10.09,2026-06-16T00:00:15.647713+00:00,False,+8.5%,True,$980.2M,False,+0.0%,True,533.3K,False,$10.09 / SMA $10.74,True,3.47%,False,+17.9%,True,41.2M,True,NYQ,False,
GOTU,Gaotu Techedu Inc.,1.49,2026-06-16T00:15:29.685641+00:00,False,+6.4%,True,$355.3M,False,+-71.2%,False,472.9K,False,$1.49 / SMA $1.84,True,5.76%,False,+13.2%,True,117.2M,True,NYQ,False,
GPAEF,"Grupo Aeroportuario del Pacífico, S.A.B. de C.V.",22.36,2026-06-16T00:06:19.574863+00:00,False,+5.7%,True,$13304.6M,False,+15.9%,False,0.2K,False,$22.36 / SMA $24.43,False,0.01%,False,+2.8%,False,323.0M,False,PNK,False,
GPC,Genuine Parts Company,104.64,2026-06-16T00:18:12.617192+00:00,False,+15.3%,True,$14557.7M,False,+-2.1%,True,1821.5K,True,$104.64 / SMA $102.12,False,2.76%,False,+6.8%,True,137.2M,True,NYQ,False,
GPCR,Structure Therapeutics Inc.,43.07,2026-06-16T00:09:59.300048+00:00,True,+172.6%,True,$3061.2M,False,+-29.6%,True,918.3K,False,$43.07 / SMA $43.29,True,5.29%,,,True,54.7M,True,NGM,False,
GPDNF,Danone S.A.,83.83,2026-06-16T00:17:45.821052+00:00,False,+18.9%,True,$53796.6M,,,False,3.9K,True,$83.83 / SMA $75.99,False,1.12%,,,False,628.6M,False,OQX,False,
GPFOF,"Grupo Financiero Inbursa, S.A.B. de C.V.",2.33,2026-06-15T23:54:26.170701+00:00,False,+17.1%,True,$14093.3M,,,False,1.1K,True,$2.33 / SMA $1.92,False,1.66%,False,+7.7%,,,False,PNK,False,
GPGI,"GPGI, Inc.",14.57,2026-06-16T00:33:37.715866+00:00,False,+29.9%,True,$4223.3M,False,+-1342.9%,True,3870.2K,True,$14.57 / SMA $14.13,True,5.56%,False,+-100.0%,False,156.5M,True,NYQ,False,
GPI,"Group 1 Automotive, Inc.",325.74,2026-06-16T00:20:25.653106+00:00,False,+11.4%,True,$3875.7M,False,+12.0%,False,172.3K,False,$325.74 / SMA $331.10,True,3.91%,False,+-1.8%,True,10.7M,True,NYQ,False,
GPMXY,GPMXY,24.75,2026-06-16T00:17:37.024401+00:00,False,+18.4%,True,$96339.4M,True,+57.1%,False,0.6K,True,$24.75 / SMA $23.44,False,0.43%,True,+32.6%,False,1556.3M,False,PNK,False,
GPOR,Gulfport Energy Corporation,161.59,2026-06-16T00:22:03.440043+00:00,False,+1.0%,True,$2903.7M,True,+12771.4%,False,311.9K,False,$161.59 / SMA $182.95,False,2.80%,True,+31.9%,True,15.1M,True,NYQ,False,
GPOVF,"Grupo Carso, S.A.B. de C.V.",7.81,2026-06-16T00:06:11.655335+00:00,False,+20.2%,True,$17595.3M,False,+-56.2%,False,0.1K,True,$7.81 / SMA $7.73,False,0.00%,False,+-23.4%,,,False,PNK,False,
GPRE,Green Plains Inc.,14.39,2026-06-16T00:24:18.545634+00:00,True,+169.0%,True,$1007.7M,True,+136.8%,True,1540.5K,False,$14.39 / SMA $16.06,True,4.58%,False,+-25.9%,True,67.5M,True,NMS,False,
GPTGF,The GPT Group,3.62,2026-06-15T23:56:17.215960+00:00,False,+27.5%,True,$6934.4M,,,False,0.1K,True,$3.62 / SMA $3.28,False,0.00%,,,False,1914.4M,False,PNK,False,
GRAB,Grab Holdings Limited,3.46,2026-06-15T23:54:26.702399+00:00,False,+8.8%,True,$14151.4M,False,+-200.0%,True,51526.1K,False,$3.46 / SMA $3.66,True,3.93%,False,+23.5%,False,2666.1M,True,NMS,False,
GRAF,Graf Global Corp.,10.8,2026-06-16T00:27:02.383221+00:00,False,+5.3%,True,$310.5M,False,+-12.5%,False,35.2K,True,$10.80 / SMA $10.78,False,0.20%,,,True,16.9M,True,ASE,False,
GRAL,"GRAIL, Inc.",59.81,2026-06-16T00:09:58.281014+00:00,True,+99.7%,True,$2566.8M,True,+26.1%,True,773.2K,True,$59.81 / SMA $58.08,True,8.08%,True,+28.1%,True,33.5M,True,NMS,True,
GRBK,"Green Brick Partners, Inc.",72.06,2026-06-16T00:35:23.365994+00:00,False,+22.7%,True,$3109.0M,False,+-16.8%,False,228.7K,True,$72.06 / SMA $67.66,False,2.65%,False,+-4.9%,True,30.0M,True,NYQ,False,
GRBMF,"Grupo Bimbo, S.A.B. de C.V.",3.18,2026-06-15T23:54:27.532474+00:00,False,+25.2%,True,$13686.4M,False,+-24.7%,False,2.6K,False,$3.18 / SMA $3.31,False,0.93%,False,+-9.1%,False,1372.7M,False,OQX,False,
GRCLF,GrainCorp Limited,3.64,2026-06-16T00:13:36.540023+00:00,False,+13.7%,True,$809.3M,,,False,3.5K,False,$3.64 / SMA $4.19,False,1.88%,,,False,187.2M,False,PNK,False,
GRDN,"Guardian Pharmacy Services, Inc.",42.88,2026-06-16T00:22:15.736745+00:00,True,+123.7%,True,$2715.2M,True,+40.0%,False,485.2K,True,$42.88 / SMA $38.28,True,4.03%,False,+2.2%,True,32.0M,True,NYQ,False,
GRFS,"Grifols, S.A.",7.62,2026-06-15T23:56:16.103337+00:00,False,+5.0%,True,$5186.0M,False,+5.8%,True,697.3K,False,$7.62 / SMA $8.00,False,2.34%,False,+-14.0%,False,834.6M,True,NMS,False,
GRGCF,Georgia Capital PLC,56.31,2026-06-16T00:22:24.695984+00:00,True,+132.1%,True,$1748.1M,,,False,0.2K,True,$56.31 / SMA $53.09,False,0.00%,,,True,24.3M,False,PNK,False,
GRGDF,GRGDF,48.92,2026-06-15T23:56:19.554084+00:00,True,+323.2%,True,$5353.8M,,,False,8.4K,False,$48.92 / SMA $61.13,False,0.73%,True,+45.0%,True,19.1M,False,PNK,False,
GRGTF,Grainger plc,2.09,2026-06-15T23:59:58.149140+00:00,False,+0.0%,True,$1545.1M,,,False,0.2K,False,$2.09 / SMA $2.12,False,0.00%,,,False,664.3M,False,PNK,False,
GRMZF,GRMZF,18.44,2026-06-16T00:39:55.542653+00:00,False,+63.2%,True,$426.4M,,N/A,False,0.0K,True,$18.44 / SMA $14.30,False,0.00%,,N/A,True,8.1M,False,PNK,False,
GRNCY,GrainCorp Limited,7.15,2026-06-16T00:37:59.464672+00:00,False,+0.7%,True,$794.8M,,N/A,False,0.0K,False,$7.15 / SMA $8.35,False,0.00%,,N/A,True,93.6M,False,PNK,False,
GRND,Grindr Inc.,12.63,2026-06-16T00:10:03.032479+00:00,False,+29.8%,True,$2244.7M,True,+55.6%,True,1444.9K,False,$12.63 / SMA $12.85,True,4.59%,True,+38.3%,True,47.9M,True,NYQ,False,
GRNT,"Granite Ridge Resources, Inc.",4.7,2026-06-16T00:13:38.542074+00:00,False,+12.4%,True,$619.9M,False,+-614.3%,True,995.3K,False,$4.70 / SMA $5.28,True,3.90%,False,+4.3%,True,58.1M,True,NYQ,False,
GRPFF,"Grupo Televisa, S.A.B.",0.562,2026-06-16T00:11:48.839650+00:00,False,+31.6%,True,$1481.0M,True,+229.8%,False,0.1K,False,$0.56 / SMA $0.57,False,0.00%,False,+-3.1%,False,1218.6M,False,PNK,False,
GRPN,"Groupon, Inc.",17.45,2026-06-16T00:24:33.135610+00:00,True,+90.3%,True,$662.8M,False,+-288.2%,True,2005.9K,True,$17.45 / SMA $16.11,True,8.74%,False,+0.0%,True,19.5M,True,NMS,False,
GRPTF,Getlink SE,21.6,2026-06-16T00:18:17.442629+00:00,False,+21.6%,True,$11717.4M,,,False,0.1K,True,$21.60 / SMA $21.53,False,0.00%,,,False,251.9M,False,PNK,False,
GRRMF,Gerresheimer AG,32.1,2026-06-16T00:24:18.177455+00:00,False,+67.5%,True,$1108.7M,,,False,0.0K,True,$32.10 / SMA $26.71,False,0.00%,,,True,32.0M,False,PNK,False,
GRTUF,Granite Real Estate Investment Trust,67.29,2026-06-15T23:56:30.161639+00:00,False,+35.1%,True,$4085.1M,True,+112.1%,False,5.3K,True,$67.29 / SMA $66.87,False,0.38%,False,+7.2%,True,60.4M,False,OQX,False,
GRVY,"Gravity Co., Ltd.",56.55,2026-06-16T00:02:06.263323+00:00,False,+3.7%,True,$393.0M,True,+33.4%,False,42.4K,False,$56.55 / SMA $61.83,True,3.79%,False,+17.8%,True,2.8M,True,NGM,False,
GRWXF,Molten Ventures Plc,8.52,2026-06-16T00:11:49.383506+00:00,False,+13.6%,True,$1467.4M,,,False,2.5K,True,$8.52 / SMA_short $8.28,,,,,True,131.3M,False,PNK,False,
GSAT,"Globalstar, Inc.",81.77,2026-06-16T00:31:23.866478+00:00,True,+272.5%,True,$10531.1M,False,+0.0%,True,1553.0K,True,$81.77 / SMA $80.82,False,1.46%,False,+16.7%,True,51.6M,True,NMS,False,
GSBC,"Great Southern Bancorp, Inc.",74.47,2026-06-16T00:13:37.089555+00:00,False,+38.5%,True,$811.2M,False,+7.5%,False,91.4K,True,$74.47 / SMA $69.58,False,2.93%,False,+-1.0%,True,7.9M,True,NMS,False,
GSBD,"Goldman Sachs BDC, Inc.",9.27,2026-06-16T00:24:22.079074+00:00,False,+7.2%,True,$1043.5M,False,+-144.4%,True,1301.5K,False,$9.27 / SMA $9.28,False,1.99%,False,+-129.4%,,,True,NYQ,False,
GSK,GSK plc,52.23,2026-06-16T00:17:36.025445+00:00,False,+47.3%,True,$104690.6M,False,+8.4%,True,4070.5K,False,$52.23 / SMA $52.67,False,1.55%,False,+1.5%,False,1946.1M,True,NYQ,False,
GSKRF,Goldsky Resources Corp.,2.34,2026-06-16T00:26:26.137985+00:00,True,+154.3%,True,$433.9M,False,+-77.8%,False,53.7K,False,$2.34 / SMA $2.74,True,4.24%,,,True,101.3M,False,OQX,False,
GSVRF,Guanajuato Silver Company Ltd.,0.3607,2026-06-16T00:40:22.794543+00:00,True,+112.2%,False,$268.3M,,N/A,True,1061.6K,False,$0.36 / SMA $0.44,True,11.43%,True,+101.8%,False,715.3M,False,OQX,False,
GTE,Gran Tierra Energy Inc.,7.74,2026-06-16T00:03:54.607950+00:00,True,+150.5%,False,$273.7M,False,+-525.9%,False,488.0K,False,$7.74 / SMA $8.45,True,4.93%,False,+2.3%,True,27.7M,True,ASE,False,
GTEN,"Gores Holdings X, Inc.",10.39,2026-06-16T00:02:04.201234+00:00,False,+2.7%,True,$468.3M,True,+10259.7%,False,66.3K,True,$10.39 / SMA $10.35,False,0.14%,,,True,30.9M,True,NGM,False,
GTES,Gates Industrial Corporation plc,27.35,2026-06-15T23:56:18.111413+00:00,False,+31.0%,True,$6946.9M,False,+-4.2%,True,2151.9K,True,$27.35 / SMA $25.35,True,3.41%,False,+0.4%,False,248.4M,True,NYQ,False,
GTGHF,GTGHF,0.0314,2026-06-16T00:13:42.554601+00:00,False,+0.0%,,,,,False,4.0K,False,$0.03 / SMA_short $0.07,,,,,False,3556.3M,False,PNK,False,
GTLS,"Chart Industries, Inc.",206.69,2026-06-16T00:18:22.512237+00:00,False,+47.1%,True,$9894.1M,False,+-138.3%,True,1397.8K,False,$206.69 / SMA $207.62,False,0.30%,False,+-11.7%,True,47.6M,True,NYQ,False,
GTMEF,"Globe Telecom, Inc.",28.2,2026-06-15T23:56:32.204597+00:00,False,+0.0%,True,$4078.3M,False,+-21.6%,False,0.0K,False,$28.20 / SMA $37.28,False,0.00%,False,+4.5%,True,32.2M,False,PNK,False,
GTN.A,GTN.A,,2026-06-16T00:02:04.638504+00:00,False,,False,,False,,False,,False,,False,,False,,False,,False,Unknown,False,No price data available
GTX,Garrett Motion Inc.,34.13,2026-06-16T00:20:09.796758+00:00,True,+256.6%,True,$6388.7M,True,+63.3%,True,2700.5K,True,$34.13 / SMA $26.80,True,4.00%,False,+12.2%,False,185.0M,True,NMS,False,
GTY,Getty Realty Corp.,33.07,2026-06-16T00:35:38.808063+00:00,False,+30.2%,True,$1999.6M,True,+72.0%,False,423.9K,False,$33.07 / SMA $33.17,False,1.89%,False,+10.5%,True,58.0M,True,NYQ,False,
GUACU,Berto Acquisition Corp. II,10.1,2026-06-16T00:03:52.002367+00:00,False,+1.2%,,,,,False,406.7K,True,$10.10 / SMA_short $10.05,False,0.73%,,,,,True,NGM,False,
GUKYF,Gulf Keystone Petroleum Limited,2.41,2026-06-16T00:13:44.435472+00:00,False,+17.6%,True,$524.0M,,,False,2.8K,False,$2.41 / SMA $2.59,False,0.43%,,,False,178.4M,False,PNK,False,
GUNGF,"GungHo Online Entertainment, Inc.",15.8,2026-06-16T00:13:34.483677+00:00,False,+0.0%,True,$827.4M,,,False,0.0K,False,$15.80 / SMA $19.12,False,0.00%,,,True,32.0M,False,PNK,False,
GUT,The Gabelli Utility Trust,6.3,2026-06-16T00:01:59.973884+00:00,False,+16.2%,True,$564.5M,,,False,192.1K,True,$6.30 / SMA $6.16,False,1.19%,,,,,True,NYQ,False,
GUYGF,G2 Goldfields Inc.,6.328,2026-06-16T00:22:26.732849+00:00,True,+245.2%,True,$1636.7M,True,+100.0%,False,121.9K,False,$6.33 / SMA $7.37,True,7.48%,True,+194.1%,False,163.8M,False,OQX,False,
GUZOF,"Grupo Herdez, S.A.B. de C.V.",3.16,2026-06-16T00:24:12.472705+00:00,False,+18.4%,True,$1016.3M,True,+4356.4%,False,0.1K,False,$3.16 / SMA $3.91,False,0.00%,False,+5.3%,True,95.6M,False,PNK,False,
GVA,Granite Construction Incorporated,141.36,2026-06-16T00:33:16.627589+00:00,False,+60.3%,True,$6184.0M,False,+-24.7%,True,663.6K,True,$141.36 / SMA $133.13,True,3.06%,True,+30.4%,True,43.4M,True,NYQ,False,
GVDBF,Givaudan SA,3950.0,2026-06-15T23:54:13.965608+00:00,False,+22.6%,True,$36455.3M,,,False,0.0K,True,$3950.00 / SMA $3509.96,False,0.20%,,,True,9.2M,False,PNK,False,
GVDNY,Givaudan SA,80.09,2026-06-16T00:30:59.258965+00:00,False,+21.4%,True,$36958.3M,,N/A,False,45.9K,True,$80.09 / SMA $72.17,False,1.37%,,N/A,False,460.9M,False,PNK,False,
GWLLF,Great Wall Motor Company Limited,1.3,2026-06-16T00:18:02.041940+00:00,False,+0.8%,True,$11124.7M,,,False,0.9K,False,$1.30 / SMA $1.52,False,0.07%,,,False,3391.9M,False,PNK,False,
GWLLY,Great Wall Motor Company Limited,13.07,2026-06-16T00:06:09.891242+00:00,False,+9.3%,True,$11184.6M,,,False,3.6K,False,$13.07 / SMA $15.31,False,1.55%,,,False,339.2M,False,PNK,False,
GWRE,"Guidewire Software, Inc.",120.03,2026-06-15T23:54:31.315917+00:00,False,+5.6%,True,$9993.3M,False,+-64.8%,True,1484.5K,False,$120.03 / SMA $136.64,True,6.47%,True,+26.9%,True,75.0M,True,NYQ,False,
GWW,"W.W. Grainger, Inc.",1313.92,2026-06-16T00:17:45.614504+00:00,False,+44.9%,True,$62034.3M,False,+18.2%,False,259.0K,True,$1313.92 / SMA $1213.51,False,1.94%,False,+10.1%,True,43.2M,True,NYQ,False,
GXYEF,Galaxy Entertainment Group Limited,4.0,2026-06-15T23:54:22.146805+00:00,False,+7.8%,True,$17517.0M,,,False,15.9K,False,$4.00 / SMA $4.29,True,6.93%,,,False,2590.4M,False,PNK,False,
GXYYY,Galaxy Entertainment Group Limited,20.0,2026-06-16T00:06:11.305920+00:00,False,+2.6%,True,$17517.0M,,,False,56.5K,False,$20.00 / SMA $20.82,False,1.69%,,,False,518.1M,False,PNK,False,
GZPZF,Gaztransport & Technigaz SA,235.177,2026-06-15T23:54:37.276375+00:00,False,+59.6%,True,$8716.7M,,,False,0.0K,True,$235.18 / SMA $226.23,False,0.02%,,,True,36.7M,False,PNK,False,
GZPZY,Gaztransport & Technigaz SA,46.58,2026-06-16T00:31:28.864485+00:00,False,+28.1%,True,$8632.3M,,N/A,False,0.4K,False,$46.58 / SMA $46.97,False,0.10%,,N/A,False,183.5M,False,PNK,False,
H,Hyatt Hotels Corporation,198.95,2026-06-16T00:31:12.899933+00:00,False,+55.9%,True,$18733.5M,True,+110.5%,True,820.4K,True,$198.95 / SMA $171.77,True,3.40%,False,+1.7%,True,39.8M,True,NYQ,False,
HACQU,HCM IV Acquisition Corp.,10.11,2026-06-16T00:26:47.251545+00:00,False,+1.1%,,,,,False,8.4K,True,$10.11 / SMA $10.06,False,0.19%,,,True,28.7M,True,NGM,False,
HAFC,Hanmi Financial Corporation,31.1,2026-06-16T00:13:32.579040+00:00,False,+41.4%,True,$925.7M,True,+29.3%,False,269.0K,True,$31.10 / SMA $29.46,False,2.00%,False,+14.2%,True,28.9M,True,NMS,False,
HAFN,Hafnia Limited,7.45,2026-06-16T00:20:22.570943+00:00,False,+52.0%,True,$3723.4M,True,+176.9%,True,1831.2K,False,$7.45 / SMA $8.03,False,2.85%,False,+22.5%,False,241.6M,True,NYQ,False,
HAGHY,Hensoldt AG,8.72,2026-06-16T00:31:19.985217+00:00,False,+15.3%,True,$10071.6M,True,+38.5%,False,215.3K,False,$8.72 / SMA $9.17,True,3.76%,True,+25.6%,False,618.7M,False,PNK,False,
HAL,Halliburton Company,38.18,2026-06-16T00:30:58.680533+00:00,True,+90.0%,True,$31895.5M,True,+129.2%,True,13791.8K,False,$38.18 / SMA $39.80,False,2.91%,False,+-0.3%,False,830.6M,True,NYQ,False,
HALFF,HAL Trust,192.0,2026-06-16T00:06:11.782847+00:00,False,+39.1%,True,$17335.7M,,,False,0.1K,False,$192.00 / SMA $196.61,False,0.00%,,,True,90.3M,False,PNK,False,
HALMY,Halma plc,105.94,2026-06-15T23:54:18.628084+00:00,False,+28.2%,True,$20006.9M,,,False,31.7K,False,$105.94 / SMA $121.12,False,2.33%,,,False,186.6M,False,PNK,False,
HAS,"Hasbro, Inc.",84.99,2026-06-16T00:31:18.942220+00:00,False,+26.6%,True,$12025.3M,True,+98.6%,True,1884.5K,False,$84.99 / SMA $90.59,False,2.79%,False,+12.7%,True,140.8M,True,NMS,False,
HASI,"HA Sustainable Infrastructure Capital, Inc.",38.23,2026-06-16T00:08:13.319045+00:00,False,+56.8%,True,$4885.8M,False,+-229.5%,True,1016.8K,False,$38.23 / SMA $40.27,False,2.67%,False,+-145.2%,True,125.5M,True,NYQ,False,
HAYPY,Hays plc,4.5,2026-06-16T00:01:49.988365+00:00,False,+15.7%,True,$717.0M,,,False,0.2K,False,$4.50 / SMA $4.85,False,0.00%,,,True,147.2M,False,PNK,False,
HAYW,"Hayward Holdings, Inc.",14.57,2026-06-16T00:09:55.935271+00:00,False,+12.7%,True,$3161.2M,True,+83.3%,True,2442.6K,True,$14.57 / SMA $14.43,False,2.88%,False,+11.5%,False,211.9M,True,NYQ,False,
HBAN,Huntington Bancshares Incorporated,17.21,2026-06-15T23:54:13.769590+00:00,False,+15.6%,True,$34886.9M,False,+-26.5%,True,22883.0K,True,$17.21 / SMA $16.34,False,2.18%,True,+34.0%,False,2014.3M,True,NMS,False,
HBANL,Huntington Bancshares Incorporated,25.16,2026-06-16T00:17:52.959105+00:00,False,+3.5%,,,,,False,20.4K,False,$25.16 / SMA $25.29,False,0.72%,True,+34.0%,False,2014.3M,True,NMS,False,
HBANZ,Huntington Bancshares Incorporated,20.1264,2026-06-16T00:30:59.849616+00:00,False,+1.1%,,N/A,,N/A,False,11.2K,False,$20.13 / SMA $20.60,False,0.81%,True,+34.0%,False,2014.3M,True,NMS,False,
HBCP,"Home Bancorp, Inc.",66.56,2026-06-16T00:39:46.665668+00:00,False,+37.8%,True,$522.0M,False,+5.8%,False,106.1K,True,$66.56 / SMA $64.07,False,2.20%,False,+6.9%,True,6.8M,True,NMS,False,
HBGRY,Heidelberger Druckmaschinen Aktiengesellschaft,0.73,2026-06-16T00:39:49.797180+00:00,False,+2.8%,True,$494.7M,,N/A,False,1.6K,False,$0.73 / SMA $0.80,False,0.00%,False,+-10.4%,False,510.7M,False,PNK,False,
HBIA,Hills Bancorporation,99.01,2026-06-16T00:01:36.545051+00:00,True,+100.1%,True,$1730.3M,True,+55.3%,False,0.3K,True,$99.01 / SMA $87.00,False,0.81%,False,+19.0%,True,14.8M,False,OID,False,
HBM,Hudbay Minerals Inc.,28.75,2026-06-15T23:54:35.122111+00:00,True,+221.9%,True,$11419.4M,True,+92.0%,True,5739.9K,True,$28.75 / SMA $25.37,True,5.74%,True,+27.3%,False,358.6M,True,NYQ,False,
HBNB,Hotel101 Global Holdings Corp.,5.28,2026-06-16T00:00:00.403300+00:00,True,+240.6%,True,$1235.7M,,,False,5.5K,False,$5.28 / SMA $6.09,True,6.52%,,,True,11.6M,True,NCM,False,
HBNC,"Horizon Bancorp, Inc.",19.32,2026-06-16T00:37:52.081799+00:00,False,+34.7%,True,$991.7M,False,+-5.6%,False,339.6K,True,$19.32 / SMA $18.20,False,2.11%,False,+6.2%,True,50.2M,True,NMS,False,
HBT,"HBT Financial, Inc.",29.99,2026-06-16T00:00:12.268761+00:00,False,+34.1%,True,$1091.1M,False,+-43.3%,False,83.4K,True,$29.99 / SMA $28.22,False,2.41%,False,+15.6%,True,15.8M,True,NMS,False,
HCA,"HCA Healthcare, Inc.",389.97,2026-06-16T00:30:47.581438+00:00,False,+18.2%,True,$86510.9M,False,+10.9%,True,1349.0K,False,$389.97 / SMA $427.84,False,2.75%,False,+4.3%,True,149.5M,True,NYQ,False,
HCC,"Warrior Met Coal, Inc.",95.89,2026-06-16T00:08:17.611143+00:00,True,+135.0%,True,$5063.2M,True,+956.2%,True,878.9K,True,$95.89 / SMA $91.04,True,5.39%,True,+52.9%,True,51.7M,True,NYQ,True,
HCI,"HCI Group, Inc.",163.17,2026-06-15T23:58:18.490019+00:00,False,+19.7%,True,$2082.8M,False,+1.9%,False,184.7K,True,$163.17 / SMA $154.76,True,3.16%,False,+12.0%,True,10.9M,True,NYQ,False,
HCIC,Hennessy Capital Investment Corp. VIII,9.93,2026-06-16T00:03:47.988387+00:00,False,+1.4%,True,$352.6M,,,False,26.7K,True,$9.93 / SMA $9.87,False,0.03%,,,True,22.3M,True,NGM,False,
HCICU,Hennessy Capital Investment Corp. VIII,10.08,2026-06-16T00:03:46.752579+00:00,False,+2.9%,,,,,False,30.4K,True,$10.08 / SMA $10.02,False,0.06%,,,True,22.3M,True,NGM,False,
HCM,HUTCHMED (China) Limited,10.83,2026-06-15T23:58:17.471692+00:00,False,+4.1%,True,$1862.2M,,,False,42.2K,False,$10.83 / SMA $13.00,False,2.98%,,,True,101.7M,True,NMS,False,
HCMLF,Holcim AG,92.1,2026-06-16T00:30:54.600354+00:00,False,+41.7%,True,$50942.8M,,N/A,False,0.2K,True,$92.10 / SMA $92.09,False,0.27%,,N/A,False,503.3M,False,PNK,False,
HCSG,"Healthcare Services Group, Inc.",22.29,2026-06-16T00:11:48.379999+00:00,True,+76.1%,True,$1530.1M,True,+60.9%,True,696.2K,True,$22.29 / SMA $20.79,False,2.72%,False,+3.4%,True,67.9M,True,NMS,False,
HCXLF,Hiscox Ltd,24.55,2026-06-16T00:06:29.809515+00:00,False,+44.4%,True,$7868.8M,,,False,0.2K,True,$24.55 / SMA $21.58,False,0.00%,,,False,323.0M,False,PNK,False,
HCXLY,Hiscox Ltd,48.0,2026-06-16T00:18:31.119766+00:00,False,+30.5%,True,$7692.5M,,,False,0.7K,True,$48.00 / SMA $45.95,False,0.55%,,,False,161.5M,False,PNK,False,
HDB,HDFC Bank Limited,24.74,2026-06-16T00:30:45.168511+00:00,False,+8.0%,True,$126978.4M,,N/A,True,10218.6K,False,$24.74 / SMA $25.01,False,2.05%,,N/A,False,25557.5M,True,NYQ,False,
HDIUF,ADENTRA Inc.,22.86,2026-06-16T00:26:17.798703+00:00,False,+16.9%,True,$553.8M,False,+-50.0%,False,0.8K,False,$22.86 / SMA $24.64,False,0.01%,False,+3.7%,True,23.1M,False,PNK,False,
HDLMY,HDLMY,42.09,2026-06-16T00:30:57.963779+00:00,False,+15.0%,True,$37116.0M,,N/A,False,127.6K,False,$42.09 / SMA $42.67,False,2.31%,,N/A,False,628.4M,False,PNK,False,
HE,"Hawaiian Electric Industries, Inc.",13.38,2026-06-15T23:58:15.656008+00:00,False,+31.2%,True,$2309.9M,False,+20.0%,True,1945.4K,False,$13.38 / SMA $14.40,False,2.44%,False,+0.3%,False,172.1M,True,NYQ,False,
HEGIY,Hengan International Group Company Limited,15.605,2026-06-15T23:56:35.381736+00:00,False,+14.2%,True,$3591.1M,,,False,21.2K,False,$15.61 / SMA $16.31,False,2.19%,,,True,121.9M,False,PNK,False,
HEI,HEICO Corporation,336.18,2026-06-16T00:30:58.254184+00:00,False,+31.3%,True,$46950.7M,True,+48.2%,True,691.0K,True,$336.18 / SMA $298.15,True,3.09%,True,+25.3%,True,123.9M,True,NYQ,False,
HEINY,Heineken N.V.,40.86,2026-06-16T00:05:54.360647+00:00,False,+10.3%,True,$45562.8M,,,False,97.1K,True,$40.86 / SMA $38.95,False,1.21%,,,False,2583.4M,False,OQX,False,
HENOF,Henkel AG & Co. KGaA,74.64,2026-06-16T00:31:01.238806+00:00,False,+2.9%,True,$30218.4M,,N/A,False,0.0K,False,$74.64 / SMA $74.69,False,0.00%,,N/A,False,245.5M,False,PNK,False,
HEPS,D-Market Elektronik Hizmetler ve Ticaret A.S.,2.77,2026-06-16T00:24:23.005853+00:00,False,+28.8%,True,$989.5M,False,+-92.9%,False,285.4K,True,$2.77 / SMA $2.75,True,4.22%,False,+22.9%,True,48.7M,True,NMS,False,
HESAF,Hermès International Société en commandite par actions,1961.79,2026-06-16T00:17:31.774450+00:00,False,+9.0%,True,$205600.0M,,,False,0.5K,True,$1961.79 / SMA $1917.49,False,2.88%,,,True,34.3M,False,PNK,False,
HESAY,Hermès International Société en commandite par actions,196.12,2026-06-16T00:30:42.337025+00:00,False,+8.3%,True,$205538.2M,,N/A,False,110.2K,True,$196.12 / SMA $191.55,False,2.03%,,N/A,False,343.0M,False,PNK,False,
HESM,Hess Midstream LP,37.46,2026-06-16T00:06:28.386447+00:00,False,+18.4%,True,$7740.5M,False,+4.6%,True,2000.8K,False,$37.46 / SMA $38.27,False,2.07%,False,+2.0%,True,127.7M,True,NYQ,False,
HFRO,Highland Funds I - Highland Opportunities and Income Fund,7.14,2026-06-16T00:03:48.245964+00:00,False,+41.9%,True,$395.6M,,,False,135.1K,True,$7.14 / SMA $6.24,False,2.60%,,,,,True,NYQ,False,
HGKGF,Power Assets Holdings Limited,7.25,2026-06-15T23:54:22.468379+00:00,False,+24.1%,True,$15450.5M,,,False,0.0K,False,$7.25 / SMA $8.14,False,0.00%,,,False,1363.4M,False,PNK,False,
HGKGY,Power Assets Holdings Limited,6.67,2026-06-16T00:31:11.097494+00:00,False,+12.9%,True,$14214.5M,,N/A,False,2.6K,False,$6.67 / SMA $7.83,False,1.40%,,N/A,False,1363.4M,False,PNK,False,
HGRAF,HydroGraph Clean Power Inc.,4.86,2026-06-16T00:35:48.389974+00:00,True,+3140.0%,True,$1701.9M,,N/A,True,1417.4K,False,$4.86 / SMA $5.08,True,5.69%,True,+125.4%,False,338.3M,False,OQB,False,
HHH,Howard Hughes Holdings Inc.,67.09,2026-06-16T00:20:26.299443+00:00,False,+10.0%,True,$4000.2M,False,+-33.3%,False,457.6K,True,$67.09 / SMA $64.32,False,2.44%,False,+18.4%,True,30.5M,True,NYQ,False,
HIG,"The Hartford Insurance Group, Inc.",129.82,2026-06-16T00:17:49.490620+00:00,False,+8.5%,True,$35587.7M,True,+41.4%,True,1583.0K,False,$129.82 / SMA $133.64,False,2.01%,False,+5.6%,False,272.7M,True,NYQ,False,
HIMX,"Himax Technologies, Inc.",17.85,2026-06-16T00:33:36.857880+00:00,True,+160.6%,True,$3113.5M,False,+-59.6%,True,4441.7K,True,$17.85 / SMA $15.69,True,9.20%,False,+-7.5%,True,123.5M,True,NMS,False,
HINKF,Heineken N.V.,79.76,2026-06-16T00:17:46.583032+00:00,False,+8.8%,True,$44470.0M,,,False,3.2K,True,$79.76 / SMA $78.14,False,0.05%,,,False,258.3M,False,OQX,False,
HISEF,"Hisense Home Appliances Group Co., Ltd.",3.15,2026-06-16T00:08:17.037603+00:00,False,+28.0%,True,$4834.2M,,,False,0.2K,True,$3.15 / SMA $2.86,False,0.00%,False,+4.0%,False,531.9M,False,PNK,False,
HIVE,HIVE Digital Technologies Ltd.,3.96,2026-06-16T00:24:21.038946+00:00,True,+147.5%,True,$1059.0M,,,True,22589.6K,True,$3.96 / SMA $3.11,True,12.28%,True,+130.5%,False,264.8M,True,NCM,False,
HIW,"Highwoods Properties, Inc.",29.47,2026-06-16T00:35:23.766419+00:00,False,+44.1%,True,$3310.0M,False,+-68.1%,True,1396.8K,True,$29.47 / SMA $25.05,False,2.81%,False,+6.8%,True,107.9M,True,NYQ,False,
HIX,Western Asset High Income Fund II Inc.,3.96,2026-06-16T00:03:47.365917+00:00,False,+5.6%,True,$356.7M,,,False,357.3K,True,$3.96 / SMA $3.93,False,1.20%,,,,,True,NYQ,False,
HKBNF,HKBN Ltd.,0.9135,2026-06-16T00:00:01.445504+00:00,True,+127.8%,True,$1351.0M,,,False,0.0K,True,$0.91 / SMA $0.56,False,0.00%,,,False,267.4M,False,PNK,False,
HKD,AMTD Digital Inc.,1.72,2026-06-16T00:26:30.181543+00:00,False,+36.5%,True,$540.6M,,,False,253.9K,True,$1.72 / SMA $1.72,True,5.61%,,,True,76.6M,True,NYQ,False,
HKHC,Horizon Kinetics Holding Corporation,28.0,2026-06-16T00:26:31.948177+00:00,False,+24.4%,True,$521.8M,True,+216.3%,False,5.0K,True,$28.00 / SMA $27.70,False,0.82%,False,+-3.8%,True,8.2M,False,OQX,False,
HKHGF,Hongkong Land Holdings Limited,7.97,2026-06-15T23:54:23.313008+00:00,False,+51.5%,True,$17093.2M,,,False,1.7K,False,$7.97 / SMA $8.03,False,0.19%,,,False,969.2M,False,PNK,False,
HKHHF,Heineken Holding N.V.,70.9,2026-06-16T00:06:09.428177+00:00,False,+7.2%,True,$19592.0M,,,False,1.2K,False,$70.90 / SMA $70.91,False,0.26%,,,True,120.8M,False,OQX,False,
HKHHY,Heineken Holding N.V.,37.37,2026-06-16T00:31:08.570436+00:00,False,+11.3%,True,$20653.1M,,N/A,False,39.4K,True,$37.37 / SMA $35.80,False,1.35%,,N/A,False,241.6M,False,OQX,False,
HKMPF,Hikma Pharmaceuticals PLC,19.29,2026-06-16T00:33:32.434323+00:00,False,+18.0%,True,$4089.8M,,N/A,False,0.1K,True,$19.29 / SMA $18.76,False,0.00%,,N/A,False,150.4M,False,PNK,False,
HKMPY,Hikma Pharmaceuticals PLC,40.51,2026-06-16T00:33:30.438262+00:00,False,+27.4%,True,$4294.4M,,N/A,False,0.3K,True,$40.51 / SMA $38.03,False,0.00%,,N/A,True,75.2M,False,PNK,False,
HKTGF,"Hikari Tsushin, Inc.",225.0,2026-06-16T00:06:24.341788+00:00,False,+4.7%,True,$9853.1M,,,False,0.0K,False,$225.00 / SMA $240.89,False,0.00%,,,True,17.5M,False,PNK,False,
HKTTF,HKT Trust and HKT Limited,1.6617,2026-06-16T00:31:20.594359+00:00,False,+47.1%,True,$12596.9M,,N/A,False,0.1K,True,$1.66 / SMA $1.44,False,0.00%,,N/A,False,3528.5M,False,PNK,False,
HKTTY,HKT Trust and HKT Limited,14.63,2026-06-15T23:54:30.369967+00:00,False,+16.0%,True,$11090.6M,,,False,0.1K,True,$14.63 / SMA $14.59,False,0.65%,,,False,352.9M,False,PNK,False,
HKXCF,Hong Kong Exchanges and Clearing Limited,50.3,2026-06-16T00:30:50.063297+00:00,False,+6.1%,True,$65649.9M,,N/A,False,8.2K,False,$50.30 / SMA $52.42,True,4.30%,,N/A,False,1186.9M,False,PNK,False,
HKXCY,Hong Kong Exchanges and Clearing Limited,48.53,2026-06-16T00:05:49.744845+00:00,False,+2.8%,True,$61343.4M,,,False,152.5K,False,$48.53 / SMA $52.15,False,1.49%,,,False,1186.9M,False,PNK,False,
HLAGF,Hapag-Lloyd Aktiengesellschaft,138.037,2026-06-16T00:18:00.272239+00:00,False,+10.4%,True,$24261.4M,False,+-149.8%,False,0.0K,True,$138.04 / SMA $134.40,False,0.54%,False,+-16.8%,True,6.3M,False,PNK,False,
HLBBF,H. Lundbeck A/S,6.1,2026-06-16T00:20:16.805105+00:00,False,+18.4%,True,$6052.1M,True,+47.8%,False,0.1K,False,$6.10 / SMA $6.74,False,0.00%,False,+14.3%,False,305.0M,False,PNK,False,
HLDVF,Henderson Land Development Company Limited,3.7,2026-06-16T00:06:05.706857+00:00,False,+17.5%,True,$17913.1M,,,False,0.4K,False,$3.70 / SMA $3.93,False,0.00%,,,False,1332.0M,False,PNK,False,
HLHLY,HLHLY,16.184,2026-06-16T00:08:12.903353+00:00,False,+48.5%,True,$4869.3M,False,+14.3%,False,0.1K,False,$16.18 / SMA $16.74,False,0.47%,False,+-0.7%,False,182.5M,False,PNK,False,
HLI,"Houlihan Lokey, Inc.",139.83,2026-06-16T00:06:22.116687+00:00,False,+4.5%,True,$9656.6M,False,+-16.5%,True,674.4K,False,$139.83 / SMA $148.99,False,2.87%,False,+-4.6%,True,53.1M,True,NYQ,False,
HLIO,"Helios Technologies, Inc.",85.53,2026-06-16T00:22:12.216864+00:00,True,+180.6%,True,$2826.5M,True,+168.2%,False,369.2K,True,$85.53 / SMA $74.58,True,3.59%,False,+16.8%,True,32.9M,True,NYQ,False,
HLIT,Harmonic Inc.,15.07,2026-06-16T00:35:49.263186+00:00,True,+93.2%,True,$1635.0M,True,+40.0%,True,2590.2K,True,$15.07 / SMA $12.44,True,7.00%,True,+43.4%,True,106.5M,True,NMS,True,
HLLY,Holley Inc.,2.6,2026-06-16T00:15:43.308689+00:00,False,+35.4%,True,$313.0M,True,+200.0%,True,826.5K,False,$2.60 / SMA $2.90,True,4.92%,False,+-3.7%,True,80.2M,True,NYQ,False,
HLMN,Hillman Solutions Corp.,7.98,2026-06-16T00:11:47.924247+00:00,False,+21.8%,True,$1565.8M,,,True,1441.7K,True,$7.98 / SMA $7.91,True,3.87%,False,+3.0%,False,194.0M,True,NGM,False,
HLNCF,Haleon plc,4.53,2026-06-16T00:17:46.840408+00:00,False,+6.6%,True,$39997.1M,,,False,28.0K,False,$4.53 / SMA $4.63,False,2.91%,,,False,8860.7M,False,PNK,False,
HLNE,Hamilton Lane Incorporated,81.99,2026-06-16T00:08:14.642029+00:00,False,+8.0%,True,$4553.2M,,,True,888.5K,False,$81.99 / SMA $90.68,True,4.39%,False,+-2.2%,True,41.2M,True,NMS,False,
HLPMF,HELLENiQ ENERGY Holdings S.A.,11.9,2026-06-15T23:57:50.571197+00:00,False,+33.7%,True,$3637.1M,True,+3000.0%,False,0.0K,True,$11.90 / SMA $11.58,False,0.24%,False,+-0.5%,True,86.5M,False,PNK,False,
HLT,Hilton Worldwide Holdings Inc.,347.11,2026-06-16T00:30:49.371803+00:00,False,+42.5%,True,$79019.0M,True,+35.0%,True,1609.7K,True,$347.11 / SMA $326.86,False,2.24%,False,+9.0%,False,223.3M,True,NYQ,False,
HLTOY,Hellenic Telecommunications Organization S.A.,11.21,2026-06-16T00:18:27.508202+00:00,False,+29.6%,True,$9077.8M,,,False,13.2K,True,$11.21 / SMA $10.70,False,2.02%,,,False,346.1M,False,PNK,False,
HLVTY,Helvetia Baloise Holding AG,5.96,2026-06-16T00:06:01.377553+00:00,False,+46.8%,True,$25510.9M,,,False,0.1K,False,$5.96 / SMA $6.71,False,0.00%,,,False,3237.5M,False,PNK,False,
HLX,"Helix Energy Solutions Group, Inc.",9.49,2026-06-16T00:35:53.629207+00:00,True,+71.9%,True,$1398.7M,False,+-550.0%,True,1768.1K,False,$9.49 / SMA $9.78,True,3.52%,False,+3.6%,True,137.2M,True,NYQ,False,
HMH,HMH Holding Inc.,19.84,2026-06-16T00:24:19.480055+00:00,False,+21.6%,True,$886.6M,False,+-85.0%,False,400.9K,False,$19.84 / SMA $20.80,True,6.84%,False,+-13.7%,True,9.0M,True,NMS,False,
HMN,Horace Mann Educators Corporation,48.3,2026-06-16T00:10:07.289305+00:00,False,+20.6%,True,$1950.4M,False,+8.7%,False,229.0K,True,$48.30 / SMA $45.78,False,2.43%,False,+4.0%,True,39.9M,True,NYQ,False,
HMNKF,HMS Networks AB (publ),59.75,2026-06-15T23:58:09.848257+00:00,False,+63.0%,True,$2999.1M,True,+118.2%,False,0.0K,True,$59.75 / SMA $46.99,False,0.00%,False,+20.3%,True,31.0M,False,PNK,False,
HMRZF,H & M Hennes & Mauritz AB (publ),18.23,2026-06-16T00:31:03.028321+00:00,False,+34.6%,True,$29101.9M,False,+21.6%,False,0.1K,False,$18.23 / SMA $18.33,False,0.02%,False,+-10.3%,False,476.4M,False,PNK,False,
HMSNF,Hammerson Plc,4.1,2026-06-16T00:22:15.130547+00:00,False,+17.1%,True,$2173.7M,,,False,0.1K,False,$4.10 / SMA $4.33,False,0.00%,,,False,526.4M,False,PNK,False,
HMY,Harmony Gold Mining Company Limited,17.52,2026-06-16T00:06:22.565729+00:00,False,+39.3%,True,$11061.9M,,,True,5225.4K,True,$17.52 / SMA $16.68,True,4.03%,,,False,544.4M,True,NYQ,False,
HNDAF,"Honda Motor Co., Ltd.",8.86,2026-06-16T00:05:57.082083+00:00,False,+14.5%,True,$34488.3M,,,False,102.7K,True,$8.86 / SMA $8.48,False,2.12%,False,+-3.4%,False,3891.1M,False,PNK,False,
HNGE,"Hinge Health, Inc.",68.35,2026-06-16T00:20:22.232640+00:00,True,+127.2%,True,$5288.9M,False,+-73.6%,True,1325.2K,True,$68.35 / SMA $51.12,True,5.42%,True,+47.2%,True,38.1M,True,NYQ,False,
HNGKY,Hongkong Land Holdings Limited,36.65,2026-06-16T00:18:06.467960+00:00,False,+36.3%,True,$15720.6M,,,False,24.7K,False,$36.65 / SMA $39.53,True,4.64%,,,False,193.8M,False,PNK,False,
HNHPF,"Hon Hai Precision Industry Co., Ltd.",16.86,2026-06-15T23:54:01.879781+00:00,False,+63.7%,True,$118036.2M,,,False,49.7K,True,$16.86 / SMA $15.29,True,3.30%,False,+22.3%,False,6026.1M,False,PNK,False,
HNI,HNI Corporation,32.64,2026-06-16T00:35:34.355556+00:00,False,+12.8%,True,$2349.8M,False,+-289.7%,True,729.1K,False,$32.64 / SMA $33.29,True,3.97%,True,+124.7%,True,70.8M,True,NYQ,False,
HNLGY,Hang Lung Group Limited,8.84,2026-06-16T00:22:10.710248+00:00,False,+8.7%,True,$2407.3M,,,False,0.1K,False,$8.84 / SMA $10.00,False,0.00%,,,False,167.5M,False,OID,False,
HNSDF,Hensoldt AG,89.0,2026-06-15T23:54:31.422145+00:00,False,+14.8%,True,$10279.5M,True,+38.5%,False,0.1K,False,$89.00 / SMA $92.61,False,0.10%,True,+25.6%,True,61.9M,False,PNK,False,
HNST,"The Honest Company, Inc.",3.58,2026-06-16T00:15:32.006860+00:00,True,+72.9%,True,$394.1M,False,+-100.0%,True,1636.9K,True,$3.58 / SMA $3.34,True,5.13%,False,+-19.7%,True,99.0M,True,NMS,False,
HNTIF,Hunting PLC,6.47,2026-06-16T00:37:49.732272+00:00,True,+74.9%,True,$944.8M,,N/A,False,1.1K,False,$6.47 / SMA $6.56,False,0.21%,,N/A,True,105.2M,False,PNK,False,
HNTIY,Hunting PLC,6.5366,2026-06-16T00:24:24.812366+00:00,True,+114.3%,True,$954.5M,,,False,4.0K,True,$6.54 / SMA $6.36,False,0.21%,,,True,105.2M,False,PNK,False,
HNWAF,"Hanwa Co., Ltd.",10.7,2026-06-16T00:35:32.582277+00:00,False,+61.7%,True,$2076.7M,,N/A,False,0.1K,True,$10.70 / SMA $10.52,False,0.36%,,N/A,True,146.1M,False,PNK,False,
HOCFF,HOCHTIEF Aktiengesellschaft,556.3,2026-06-15T23:54:10.800849+00:00,True,+217.9%,True,$42139.8M,False,+-31.8%,False,0.3K,True,$556.30 / SMA $552.73,False,1.24%,False,+5.3%,True,18.3M,False,PNK,False,
HOKCF,The Hong Kong and China Gas Company Limited,0.9033,2026-06-16T00:06:12.366443+00:00,False,+7.5%,True,$16855.5M,,,False,1.4K,True,$0.90 / SMA $0.71,False,0.00%,,,False,10850.0M,False,PNK,False,
HOKCY,The Hong Kong and China Gas Company Limited,0.9,2026-06-16T00:06:11.936409+00:00,False,+21.6%,True,$16793.9M,,,False,15.0K,True,$0.90 / SMA $0.88,True,7.06%,,,False,10850.0M,False,PNK,False,
HOPE,"Hope Bancorp, Inc.",13.02,2026-06-15T23:59:57.289764+00:00,False,+37.9%,True,$1664.5M,True,+35.3%,True,918.0K,True,$13.02 / SMA $12.35,False,1.96%,False,+21.0%,True,121.8M,True,NMS,False,
HOV,"Hovnanian Enterprises, Inc.",119.85,2026-06-16T00:38:03.478629+00:00,False,+32.0%,True,$702.3M,False,+-118.9%,False,117.6K,True,$119.85 / SMA $110.34,True,6.16%,False,+-2.7%,True,4.4M,True,NYQ,False,
HOVNP,"Hovnanian Enterprises, Inc. PFD DEP1/1000A",20.64,2026-06-16T00:26:10.715110+00:00,False,+27.9%,,,,,False,3.7K,False,$20.64 / SMA $20.74,False,0.85%,False,+-2.7%,,,True,NGM,False,
HOVVB,"Hovnanian Enterprises, Inc.",110.0,2026-06-16T00:13:40.749758+00:00,False,+4.8%,True,$644.6M,False,+-118.9%,False,0.0K,True,$110.00 / SMA $110.00,False,0.00%,False,+-2.7%,True,4.4M,False,PNK,False,
HP,"Helmerich & Payne, Inc.",37.0,2026-06-15T23:56:32.828526+00:00,True,+145.4%,True,$3697.4M,False,+-6000.0%,True,1211.6K,False,$37.00 / SMA $37.97,True,4.01%,False,+-8.2%,True,95.9M,True,NYQ,False,
HPI,John Hancock Preferred Income Fund,16.24,2026-06-16T00:26:39.805701+00:00,False,+6.4%,True,$435.1M,,,False,57.8K,True,$16.24 / SMA $15.87,False,1.12%,,,,,True,NYQ,False,
HPIFF,Huadian Power International Corporation Limited,0.614,2026-06-16T00:31:27.098147+00:00,False,+24.8%,True,$7129.6M,False,+-17.6%,False,1.6K,True,$0.61 / SMA $0.57,False,0.37%,False,+-9.4%,False,5392.7M,False,PNK,False,
HPP,"Hudson Pacific Properties, Inc.",15.15,2026-06-16T00:26:16.488186+00:00,True,+188.0%,True,$6654.9M,True,+77.9%,True,1256.8K,True,$15.15 / SMA $10.45,True,6.12%,False,+-8.4%,True,50.0M,True,NYQ,False,
HPQ,HP Inc.,24.6,2026-06-16T00:18:00.240034+00:00,False,+40.1%,True,$22497.3M,False,+16.7%,True,19920.5K,True,$24.60 / SMA $21.78,True,5.47%,False,+9.0%,False,911.2M,True,NYQ,False,
HPS,John Hancock Preferred Income Fund III,14.45,2026-06-16T00:26:35.713168+00:00,False,+4.7%,True,$464.8M,,,False,58.4K,True,$14.45 / SMA $14.37,False,0.99%,,,,,True,NYQ,False,
HQ,Horizon Quantum Holdings Ltd.,17.82,2026-06-16T00:26:37.935747+00:00,True,+115.0%,True,$919.1M,,,False,199.4K,True,$17.82 / SMA $11.27,True,15.18%,,,True,22.2M,True,NCM,False,
HQL,Abrdn Life Sciences Investors,17.16,2026-06-16T00:02:01.832108+00:00,False,+39.1%,True,$521.8M,,,False,103.9K,True,$17.16 / SMA $17.13,False,2.10%,,,,,True,NYQ,False,
HQY,"HealthEquity, Inc.",86.97,2026-06-16T00:31:33.528353+00:00,False,+19.5%,True,$7270.9M,True,+34.4%,True,980.8K,True,$86.97 / SMA $84.52,True,3.90%,False,+7.2%,True,82.0M,True,NMS,False,
HRB,"H&R Block, Inc.",36.2,2026-06-16T00:08:14.897111+00:00,False,+28.6%,True,$4588.7M,False,+24.3%,True,2466.3K,True,$36.20 / SMA $34.39,True,3.50%,False,+5.3%,True,125.7M,True,NYQ,False,
HRL,Hormel Foods Corporation,24.58,2026-06-16T00:06:20.555570+00:00,False,+24.8%,True,$13526.7M,False,+-12.1%,True,5439.4K,True,$24.58 / SMA $21.63,False,2.69%,False,+2.5%,False,290.6M,True,NYQ,False,
HRMY,"Harmony Biosciences Holdings, Inc.",34.18,2026-06-16T00:22:27.091487+00:00,False,+33.9%,True,$1978.8M,False,+-29.5%,True,814.4K,True,$34.18 / SMA $31.12,True,3.26%,False,+16.6%,True,51.7M,True,NGM,False,
HROW,"Harrow, Inc.",38.93,2026-06-16T00:11:51.431786+00:00,False,+36.4%,True,$1451.1M,False,+-48.0%,True,738.9K,True,$38.93 / SMA $36.34,True,5.51%,False,+-7.6%,True,28.3M,True,NGM,False,
HRSHF,"Haier Smart Home Co., Ltd.",2.538,2026-06-16T00:06:00.859907+00:00,False,+12.8%,True,$23112.6M,False,+-15.3%,False,3.4K,False,$2.54 / SMA $2.63,False,0.88%,False,+-6.9%,False,5555.3M,False,PNK,False,
HRUFF,H&R Real Estate Investment Trust,7.88,2026-06-16T00:35:39.030066+00:00,False,+17.1%,True,$2206.5M,True,+33.5%,False,6.6K,True,$7.88 / SMA $7.55,False,0.94%,False,+-10.4%,False,263.0M,False,PNK,False,
HRVFF,Harvia Oyj,47.0,2026-06-16T00:13:34.843148+00:00,False,+23.8%,True,$878.4M,True,+72.4%,False,0.1K,True,$47.00 / SMA $43.39,False,0.00%,False,+15.0%,True,15.1M,False,PNK,False,
HSHP,Himalaya Shipping Ltd.,14.95,2026-06-16T00:28:37.939573+00:00,True,+159.8%,True,$704.8M,True,+178.6%,False,306.9K,True,$14.95 / SMA $14.45,True,3.02%,True,+52.7%,True,31.4M,True,NYQ,False,
HSHZY,Hoshizaki Corporation,8.21,2026-06-15T23:56:27.591370+00:00,False,+3.8%,True,$4559.2M,,,False,0.6K,False,$8.21 / SMA $8.26,False,0.69%,,,False,464.5M,False,PNK,False,
HSKCF,HSKCF,17.62,2026-06-16T00:33:25.559719+00:00,False,+38.3%,True,$4663.0M,,N/A,False,0.0K,True,$17.62 / SMA $16.04,False,0.00%,,N/A,False,239.0M,False,PNK,False,
HSLV,Highlander Silver Corp.,5.08,2026-06-16T00:11:55.438419+00:00,False,+23.3%,True,$1033.4M,True,+1965.7%,False,319.1K,False,$5.08 / SMA $5.71,True,6.71%,,,True,148.1M,True,ASE,False,
HSQVY,Husqvarna AB (publ),8.82,2026-06-16T00:22:11.948218+00:00,False,+18.5%,True,$2521.5M,True,+205.1%,False,25.7K,False,$8.82 / SMA $9.12,False,1.51%,True,+65.0%,False,180.0M,False,PNK,False,
HSSKY,HASEKO Corporation,17.86,2026-06-16T00:08:17.043961+00:00,False,+2.7%,True,$4726.5M,,,False,0.0K,True,$17.86 / SMA_short $17.84,False,0.00%,,,False,239.0M,False,PNK,False,
HST,"Host Hotels & Resorts, Inc.",24.81,2026-06-16T00:18:09.514315+00:00,False,+64.1%,True,$17212.3M,True,+105.7%,True,8560.1K,True,$24.81 / SMA $21.96,False,2.29%,False,+3.2%,False,674.1M,True,NMS,False,
HSTM,"HealthStream, Inc.",25.87,2026-06-16T00:13:39.717095+00:00,False,+32.7%,True,$755.8M,True,+42.9%,False,253.2K,True,$25.87 / SMA $22.96,True,3.15%,False,+10.5%,True,23.2M,True,NMS,False,
HSTXF,Heliostar Metals Ltd.,1.3035,2026-06-16T00:03:43.332065+00:00,False,+62.0%,True,$363.8M,,,False,222.7K,False,$1.30 / SMA $1.60,True,8.68%,True,+137.0%,False,230.9M,False,OQX,False,
HTB,"HomeTrust Bancshares, Inc.",47.78,2026-06-16T00:37:58.422127+00:00,False,+37.9%,True,$803.0M,False,+19.3%,False,71.3K,True,$47.78 / SMA $45.90,False,2.15%,False,+4.9%,True,13.2M,True,NYQ,False,
HTCMF,"Hitachi Construction Machinery Co., Ltd.",33.27,2026-06-16T00:31:34.187569+00:00,False,+33.2%,True,$7077.7M,,N/A,False,0.0K,True,$33.27 / SMA $33.19,False,0.28%,,N/A,True,116.9M,False,PNK,False,
HTFL,"Heartflow, Inc.",32.82,2026-06-16T00:10:01.586121+00:00,False,+63.0%,True,$2830.4M,False,+20.2%,True,1330.2K,True,$32.82 / SMA $29.53,True,7.59%,True,+41.3%,True,66.3M,True,NMS,False,
HTGC,"Hercules Capital, Inc.",15.49,2026-06-16T00:09:58.401588+00:00,False,+13.1%,True,$2898.5M,False,+-20.7%,True,1866.1K,True,$15.49 / SMA $15.34,False,2.01%,False,+-6.8%,False,171.2M,True,NYQ,False,
HTH,Hilltop Holdings Inc.,37.69,2026-06-16T00:35:34.953938+00:00,False,+30.3%,True,$2206.0M,False,+-1.5%,False,324.1K,True,$37.69 / SMA $37.32,False,2.43%,False,+-5.6%,True,39.4M,True,NYQ,False,
HTHIF,"Hitachi, Ltd.",30.09,2026-06-16T00:05:44.568416+00:00,False,+26.9%,True,$135308.5M,,,False,27.7K,False,$30.09 / SMA $31.52,True,6.63%,,,False,4355.9M,False,PNK,False,
HTHT,H World Group Limited,44.86,2026-06-15T23:54:27.891081+00:00,False,+47.5%,True,$13795.5M,False,+-7.1%,True,2105.6K,False,$44.86 / SMA $47.99,False,2.93%,False,+11.1%,False,185.6M,True,NMS,False,
HTLD,"Heartland Express, Inc.",15.82,2026-06-16T00:24:16.926106+00:00,True,+126.0%,True,$1225.9M,True,+66.7%,False,489.7K,True,$15.82 / SMA $13.39,True,3.59%,False,+-19.7%,True,54.2M,True,NMS,False,
HTO,H2O America,57.2,2026-06-15T23:58:14.923168+00:00,False,+30.7%,True,$2393.3M,False,+-27.9%,True,545.8K,False,$57.20 / SMA $57.59,False,2.34%,False,+-7.3%,True,36.5M,True,NMS,False,
HTROF,Hexatronic Group AB (publ),5.091,2026-06-16T00:24:20.429143+00:00,True,+182.8%,True,$1127.3M,False,+-4.8%,False,0.1K,True,$5.09 / SMA $4.15,False,0.00%,False,+-6.9%,False,169.9M,False,PNK,False,
HTT,High Templar Tech Limited,3.0,2026-06-16T00:15:31.507217+00:00,False,+59.6%,True,$465.9M,False,+-171.1%,False,196.8K,True,$3.00 / SMA $2.57,True,3.09%,False,+-93.9%,True,86.8M,True,NYQ,False,
HUBB,Hubbell Incorporated,489.73,2026-06-16T00:31:04.706341+00:00,False,+26.9%,True,$25878.2M,False,+8.3%,True,626.3K,False,$489.73 / SMA $501.34,False,2.85%,False,+11.1%,True,52.6M,True,NYQ,False,
HUBG,"Hub Group, Inc.",45.53,2026-06-15T23:58:14.710336+00:00,False,+40.3%,True,$2784.3M,False,+20.5%,True,760.0K,True,$45.53 / SMA $41.68,True,4.00%,False,+-5.3%,True,58.8M,True,NMS,False,
HUGPF,Hugo Boss AG,40.26,2026-06-15T23:58:11.392725+00:00,False,+0.0%,True,$2815.3M,False,+-52.9%,False,0.0K,False,$40.26 / SMA $41.72,False,0.00%,False,+-9.4%,True,42.6M,False,PNK,False,
HUM,Humana Inc.,380.26,2026-06-16T00:17:49.964128+00:00,True,+133.1%,True,$45654.6M,False,+-4.6%,True,1701.8K,True,$380.26 / SMA $271.56,True,3.33%,False,+23.5%,True,119.8M,True,NYQ,False,
HUPHY,Hutchison Port Holdings Trust,4.4,2026-06-16T00:35:43.555041+00:00,False,+26.1%,True,$1916.4M,,N/A,False,0.2K,False,$4.40 / SMA $4.52,False,0.00%,,N/A,False,242.0M,False,PNK,False,
HURN,Huron Consulting Group Inc.,107.11,2026-06-16T00:11:43.061354+00:00,False,+7.0%,True,$1736.4M,False,+0.8%,False,246.0K,False,$107.11 / SMA $117.61,True,4.50%,False,+11.8%,True,14.8M,True,NMS,False,
HUT,Hut 8 Corp.,120.18,2026-06-16T00:06:19.682855+00:00,True,+687.5%,True,$13531.6M,False,+-52.3%,True,4772.6K,True,$120.18 / SMA $94.37,True,8.92%,True,+225.5%,True,86.9M,True,NMS,False,
HVBVF,HVBVF,19.17,2026-06-16T00:10:07.136680+00:00,True,+136.7%,,,,,False,0.5K,True,$19.17 / SMA_short $18.63,,,,,True,67.2M,False,PNK,False,
HVRRF,Hannover Rück SE,262.329,2026-06-16T00:17:52.791350+00:00,False,+-0.0%,True,$31636.1M,True,+48.0%,False,0.0K,False,$262.33 / SMA $292.49,False,0.20%,False,+8.1%,True,60.1M,False,PNK,False,
HVRRY,Hannover Rück SE,44.02,2026-06-16T00:17:51.930217+00:00,False,+2.4%,True,$31851.5M,True,+48.0%,False,26.7K,False,$44.02 / SMA $47.72,False,1.21%,False,+8.1%,False,359.8M,False,PNK,False,
HVT.A,HVT.A,,2026-06-16T00:15:35.386164+00:00,False,,False,,False,,False,,False,,False,,False,,False,,False,Unknown,False,No price data available
HWC,Hancock Whitney Corporation,71.19,2026-06-16T00:33:18.411223+00:00,False,+34.5%,True,$5777.6M,False,+-58.0%,True,893.5K,True,$71.19 / SMA $67.31,False,2.23%,False,+-19.9%,True,80.6M,True,NMS,False,
HWDJF,Howden Joinery Group Plc,11.0,2026-06-15T23:56:24.479775+00:00,False,+14.6%,True,$5935.8M,,,False,0.8K,True,$11.00 / SMA $10.44,False,0.47%,,,False,530.3M,False,PNK,False,
HWM,Howmet Aerospace Inc.,270.44,2026-06-16T00:05:46.427752+00:00,False,+60.0%,True,$108205.1M,True,+71.4%,True,2391.8K,True,$270.44 / SMA $253.96,False,2.99%,False,+19.1%,False,396.1M,True,NYQ,False,
HXGBF,Hexagon AB (publ),8.58,2026-06-15T23:54:14.670256+00:00,False,+0.0%,True,$23038.2M,True,+450.0%,False,8.7K,False,$8.58 / SMA $10.43,False,0.97%,False,+-33.5%,False,2017.0M,False,PNK,False,
HXGBY,Hexagon AB (publ),9.77,2026-06-16T00:31:04.667037+00:00,False,+16.2%,True,$26226.4M,True,+450.0%,False,358.0K,False,$9.77 / SMA $10.56,True,5.20%,False,+-33.5%,False,2017.0M,False,PNK,False,
HXL,Hexcel Corporation,98.63,2026-06-16T00:08:06.461387+00:00,True,+83.1%,True,$7439.4M,True,+40.0%,True,1056.3K,True,$98.63 / SMA $89.44,True,3.52%,False,+9.9%,True,74.7M,True,NYQ,False,
HY,"Hyster-Yale, Inc.",37.64,2026-06-16T00:13:42.855880+00:00,False,+42.5%,True,$674.4M,False,+-456.2%,False,81.1K,True,$37.64 / SMA $36.11,True,5.08%,False,+-12.7%,True,10.5M,True,NYQ,False,
HYSNY,Hysan Development Company Limited,4.19,2026-06-16T00:35:29.108159+00:00,False,+19.0%,True,$2268.6M,,N/A,False,0.1K,False,$4.19 / SMA $4.60,False,1.03%,,N/A,False,296.0M,False,PNK,False,
HYT,"BlackRock Corporate High Yield Fund, Inc.",8.54,2026-06-16T00:11:48.449554+00:00,False,+3.9%,True,$1392.4M,,,True,807.9K,False,$8.54 / SMA $8.55,False,0.82%,,,,,True,NYQ,False,
HZNOF,Dexterra Group Inc.,9.48,2026-06-16T00:01:58.635011+00:00,False,+46.3%,True,$591.7M,True,+57.1%,False,0.5K,True,$9.48 / SMA $9.09,False,0.00%,False,+14.9%,True,30.1M,False,PNK,False,
IAC,People Inc,42.24,2026-06-16T00:35:18.575110+00:00,False,+42.9%,True,$3142.1M,True,+64.4%,True,1179.5K,False,$42.24 / SMA $42.59,True,3.78%,False,+-12.2%,True,55.1M,True,NGM,False,
IACO,Idea Acquisition Corp.,9.91,2026-06-16T00:02:06.284391+00:00,False,+1.3%,True,$433.6M,,,False,84.7K,True,$9.91 / SMA $9.87,False,0.08%,,,True,35.0M,True,NGM,False,
IAFNF,iA Financial Corporation Inc.,126.68,2026-06-16T00:31:22.107640+00:00,False,+29.5%,True,$11309.3M,False,+-24.7%,False,1.6K,True,$126.68 / SMA $122.65,False,0.00%,False,+-8.7%,True,89.9M,False,PNK,False,
IAG,IAMGOLD Corporation,17.93,2026-06-16T00:06:24.280456+00:00,True,+168.0%,True,$10363.5M,True,+814.3%,True,6780.9K,True,$17.93 / SMA $17.60,True,4.84%,True,+115.9%,False,576.7M,True,NYQ,False,
IART,Integra LifeSciences Holdings Corporation,17.46,2026-06-16T00:24:15.328130+00:00,True,+100.7%,True,$1358.3M,True,+81.8%,True,959.1K,True,$17.46 / SMA $13.38,True,5.24%,False,+2.4%,True,58.7M,True,NMS,False,
IAUFF,AIC Mines Limited,0.44,2026-06-16T00:40:09.548803+00:00,True,+158.8%,True,$351.0M,,N/A,False,1.2K,True,$0.44 / SMA $0.44,False,0.43%,,N/A,False,498.0M,False,PNK,False,
IAUGY,Insurance Australia Group Limited,30.56,2026-06-15T23:54:28.797670+00:00,False,+41.6%,True,$14289.6M,,,False,0.7K,True,$30.56 / SMA $26.71,False,0.74%,,,False,436.3M,False,PNK,False,
IAUX,i-80 Gold Corp.,1.56,2026-06-16T00:00:02.620828+00:00,True,+183.6%,True,$1344.8M,False,+10.0%,True,16937.4K,True,$1.56 / SMA $1.56,True,5.20%,True,+272.9%,False,720.4M,True,ASE,False,
IBCP,Independent Bank Corporation,34.61,2026-06-16T00:01:45.256355+00:00,False,+16.8%,True,$713.2M,False,+9.5%,False,180.3K,True,$34.61 / SMA $33.92,False,2.85%,False,+8.9%,True,20.1M,True,NMS,False,
IBDSF,"Iberdrola, S.A.",23.65,2026-06-16T00:05:44.492966+00:00,False,+37.0%,True,$155862.2M,False,+3.6%,False,27.3K,True,$23.65 / SMA $23.23,False,2.31%,False,+-45.6%,False,6401.3M,False,OID,False,
IBEX,IBEX Limited,30.86,2026-06-16T00:13:52.442445+00:00,False,+19.0%,True,$413.2M,False,+21.9%,False,115.2K,True,$30.86 / SMA $29.83,True,3.65%,False,+16.8%,True,10.9M,True,NGM,False,
IBIDF,"Ibiden Co.,Ltd.",101.3,2026-06-16T00:17:50.445421+00:00,True,+412.3%,True,$28287.6M,,,False,0.7K,True,$101.30 / SMA $94.42,False,1.74%,,,False,258.9M,False,PNK,False,
IBKR,"Interactive Brokers Group, Inc.",92.76,2026-06-16T00:17:33.834326+00:00,True,+88.2%,True,$157341.6M,False,+21.6%,True,4977.1K,True,$92.76 / SMA $81.91,True,3.76%,False,+14.5%,False,432.5M,True,NMS,False,
IBOC,International Bancshares Corporation,75.09,2026-06-16T00:33:27.096288+00:00,False,+22.8%,True,$4669.2M,False,+5.1%,False,382.8K,True,$75.09 / SMA $72.16,False,1.70%,False,+5.2%,True,56.2M,True,NMS,False,
IBP,"Installed Building Products, Inc.",208.59,2026-06-16T00:33:15.387032+00:00,False,+28.3%,True,$5619.6M,False,+-21.3%,False,431.9K,False,$208.59 / SMA $246.21,True,4.16%,False,+-3.5%,True,23.1M,True,NYQ,False,
IBRX,"ImmunityBio, Inc.",7.13,2026-06-16T00:18:31.674662+00:00,True,+265.6%,True,$7467.6M,False,+-313.3%,True,16788.2K,False,$7.13 / SMA $7.55,True,6.32%,True,+167.6%,False,394.1M,True,NMS,False,
IBTA,"Ibotta, Inc.",32.23,2026-06-16T00:37:59.042121+00:00,False,+68.7%,True,$750.2M,False,+-2250.0%,False,226.4K,False,$32.23 / SMA $33.72,True,5.60%,False,+-2.5%,True,6.7M,True,NYQ,False,
ICFI,"ICF International, Inc.",72.15,2026-06-16T00:00:03.829563+00:00,False,+22.6%,True,$1306.2M,False,+-22.2%,False,373.5K,True,$72.15 / SMA $68.96,True,3.65%,False,+-10.3%,True,17.8M,True,NMS,False,
ICGUF,ICG plc,26.0,2026-06-16T00:31:34.699298+00:00,False,+25.9%,True,$7506.6M,,N/A,False,0.2K,True,$26.00 / SMA $23.41,False,0.00%,,N/A,False,273.9M,False,PNK,False,
ICL,ICL Group Ltd,5.75,2026-06-16T00:18:28.629284+00:00,False,+20.8%,True,$7421.6M,True,+42.9%,True,1477.6K,False,$5.75 / SMA $5.79,False,2.15%,False,+14.5%,False,723.4M,True,NYQ,False,
ICUI,"ICU Medical, Inc.",143.72,2026-06-16T00:33:41.518875+00:00,False,+34.3%,True,$3592.1M,True,+290.5%,False,288.9K,True,$143.72 / SMA $128.15,True,3.58%,False,+-12.3%,True,24.5M,True,NMS,False,
IDA,"IDACORP, Inc.",142.94,2026-06-16T00:18:31.287304+00:00,False,+28.6%,True,$7920.1M,False,+10.0%,True,514.4K,False,$142.94 / SMA $143.05,False,1.94%,False,+-6.7%,True,55.2M,True,NYQ,False,
IDEXF,"Industria de Diseño Textil, S.A.",66.19,2026-06-16T00:17:32.294876+00:00,False,+43.2%,True,$206138.7M,,,False,3.0K,True,$66.19 / SMA $60.74,False,2.67%,False,+-21.9%,False,1109.7M,False,PNK,False,
IDEXY,"Industria de Diseño Textil, S.A.",16.2,2026-06-15T23:53:59.192352+00:00,False,+37.3%,True,$201809.7M,,,True,716.3K,True,$16.20 / SMA $15.13,False,1.77%,False,+-21.9%,False,4438.8M,False,PNK,False,
IDKOY,"Idemitsu Kosan Co.,Ltd.",15.19,2026-06-16T00:06:22.753612+00:00,False,+35.6%,True,$9138.1M,,,False,1.7K,False,$15.19 / SMA $17.99,False,0.72%,,,False,447.3M,False,PNK,False,
IDR,"Idaho Strategic Resources, Inc.",38.29,2026-06-16T00:26:23.802571+00:00,True,+208.8%,True,$605.4M,True,+233.3%,False,270.4K,False,$38.29 / SMA $39.99,True,7.90%,True,+99.0%,True,14.9M,True,ASE,False,
IDRSF,Idorsia Ltd,5.75,2026-06-16T00:24:08.064477+00:00,True,+209.1%,True,$1466.5M,,,False,0.5K,True,$5.75 / SMA $5.02,False,0.08%,False,+-4.2%,False,157.9M,False,PNK,False,
IDT,IDT Corporation,52.76,2026-06-16T00:11:49.588309+00:00,False,+15.4%,True,$1312.1M,False,+1.2%,False,142.3K,True,$52.76 / SMA $52.50,True,3.60%,False,+4.5%,True,20.4M,True,NYQ,False,
IDWM,"IDW Media Holdings, Inc.",32.05,2026-06-16T00:37:53.646061+00:00,True,+6310.0%,False,$9.3M,,N/A,False,0.0K,False,$32.05 / SMA $32.49,False,0.07%,,N/A,,N/A,False,OQB,False,
IDXX,"IDEXX Laboratories, Inc.",570.0,2026-06-15T23:54:09.787159+00:00,False,+12.4%,True,$44963.3M,False,+17.2%,True,580.3K,True,$570.00 / SMA $563.11,False,2.75%,False,+14.3%,True,78.6M,True,NMS,False,
IEAG,Infinite Eagle Acquisition Corp.,10.04,2026-06-16T00:26:38.608673+00:00,False,+0.7%,True,$436.9M,,,False,55.9K,True,$10.04 / SMA $10.03,False,0.17%,,,True,32.3M,True,NGM,False,
IEAGU,Infinite Eagle Acquisition Corp.,10.21,2026-06-16T00:26:37.644331+00:00,False,+0.7%,,,,,False,8.8K,False,$10.21 / SMA $10.21,False,1.42%,,,True,32.3M,True,NGM,False,
IEP,Icahn Enterprises L.P.,7.32,2026-06-15T23:56:25.307105+00:00,False,+3.4%,True,$4919.4M,False,+10.1%,True,959.3K,False,$7.32 / SMA $7.49,False,1.70%,False,+13.9%,True,89.8M,True,NMS,False,
IFCZF,Intact Financial Corporation,199.19,2026-06-16T00:30:58.333856+00:00,False,+14.2%,True,$35214.6M,False,+11.7%,False,1.6K,True,$199.19 / SMA $190.61,False,1.65%,False,+-0.2%,False,176.0M,False,PNK,False,
IFJPY,Informa plc,22.33,2026-06-16T00:31:16.237631+00:00,False,+14.8%,True,$14032.4M,,N/A,False,50.3K,True,$22.33 / SMA $21.82,False,2.48%,,N/A,False,633.3M,False,PNK,False,
IFNNF,Infineon Technologies AG,92.43,2026-06-16T00:05:46.340930+00:00,True,+155.3%,True,$120112.8M,,,False,17.5K,True,$92.43 / SMA $71.75,True,4.65%,False,+6.2%,False,1299.5M,False,OQX,False,
IFPJF,Informa plc,12.0,2026-06-16T00:18:11.992371+00:00,False,+12.9%,True,$15081.9M,,,False,0.2K,True,$12.00 / SMA $10.71,False,0.00%,,,False,1266.6M,False,PNK,False,
IFS,Intercorp Financial Services Inc.,54.64,2026-06-16T00:33:16.581466+00:00,False,+54.4%,True,$6069.0M,True,+37.3%,False,316.4K,True,$54.64 / SMA $47.67,True,3.82%,False,+13.4%,True,29.5M,True,NYQ,False,
IFSPF,Interfor Corporation,8.17,2026-06-16T00:13:50.745188+00:00,False,+61.8%,True,$537.3M,False,+-41.2%,False,30.5K,True,$8.17 / SMA $7.30,True,4.74%,False,+-12.5%,True,65.2M,False,PNK,False,
IFSUF,Infrastrutture Wireless Italiane S.p.A.,7.6,2026-06-15T23:54:41.383205+00:00,False,+4.3%,True,$6857.8M,False,+-8.2%,False,0.1K,False,$7.60 / SMA $7.86,False,0.00%,False,+-0.8%,False,265.5M,False,PNK,False,
IGGHY,IG Group Holdings plc,21.751,2026-06-16T00:06:28.807488+00:00,False,+62.9%,True,$7188.5M,,,False,0.0K,True,$21.75 / SMA $20.65,False,0.00%,,,False,333.4M,False,PNK,False,
IGIFF,IGM Financial Inc.,57.99,2026-06-16T00:18:13.345025+00:00,True,+86.1%,True,$13480.0M,False,+22.4%,False,16.9K,True,$57.99 / SMA $54.86,False,1.06%,False,+12.2%,True,84.3M,False,PNK,False,
IGR,CBRE Global Real Estate Income Fund,4.65,2026-06-16T00:38:01.272324+00:00,False,+12.0%,True,$704.0M,,N/A,True,612.9K,True,$4.65 / SMA $4.63,False,1.77%,,N/A,,N/A,True,NYQ,False,
IHG,InterContinental Hotels Group PLC,168.55,2026-06-15T23:54:19.029628+00:00,False,+53.5%,True,$25006.9M,,,False,223.5K,True,$168.55 / SMA $149.76,False,1.84%,,,False,840.6M,True,NYQ,False,
IHICF,IHI Corporation,20.0,2026-06-16T00:31:12.151579+00:00,False,+30.3%,True,$21203.2M,,N/A,False,0.1K,False,$20.00 / SMA $21.08,False,0.00%,,N/A,False,1025.3M,False,PNK,False,
IHICY,IHI Corporation,15.3,2026-06-15T23:54:22.144110+00:00,False,+4.6%,True,$16220.5M,,,False,126.1K,False,$15.30 / SMA $18.19,False,2.13%,,,False,1025.3M,False,PNK,False,
IHRT,"iHeartMedia, Inc.",3.99,2026-06-16T00:01:57.761496+00:00,True,+159.1%,True,$603.1M,True,+66.8%,True,1214.1K,False,$3.99 / SMA $4.57,True,7.94%,False,+9.6%,True,141.1M,True,NMS,False,
IHS,IHS Holding Limited,8.26,2026-06-16T00:09:58.874525+00:00,False,+53.0%,True,$2780.9M,True,+120.0%,True,1228.2K,False,$8.26 / SMA $8.27,False,0.74%,False,+5.9%,True,105.8M,True,NYQ,False,
IIIN,Insteel Industries Inc.,29.19,2026-06-16T00:02:02.441926+00:00,False,+19.9%,True,$567.3M,False,+-48.1%,False,245.8K,True,$29.19 / SMA $28.22,True,3.19%,False,+7.5%,True,18.5M,True,NYQ,False,
IIJIF,Internet Initiative Japan Inc.,18.51,2026-06-16T00:33:40.944718+00:00,False,+27.6%,True,$3281.1M,,N/A,False,0.1K,True,$18.51 / SMA $17.74,False,0.00%,False,+9.8%,True,102.2M,False,OID,False,
IIJIY,Internet Initiative Japan Inc.,36.081,2026-06-15T23:57:49.701142+00:00,False,+33.6%,True,$3197.9M,,,False,0.6K,True,$36.08 / SMA $35.49,False,1.01%,False,+9.8%,True,102.2M,False,OID,False,
IIM,Invesco Value Municipal Income Trust,12.55,2026-06-16T00:41:11.680927+00:00,False,+12.1%,True,$590.9M,,N/A,False,132.0K,True,$12.55 / SMA $12.23,False,0.84%,,N/A,,N/A,True,NYQ,False,
IIPR,"Innovative Industrial Properties, Inc.",60.5,2026-06-16T00:11:44.256318+00:00,False,+35.7%,True,$1754.2M,False,+-1.0%,False,360.9K,True,$60.50 / SMA $55.47,False,2.93%,False,+-3.8%,True,28.2M,True,NYQ,False,
IIPZF,InterRent Real Estate Investment Trust,9.17,2026-06-16T00:11:49.161940+00:00,False,+0.8%,True,$1302.3M,False,+-142.0%,False,0.1K,False,$9.17 / SMA $9.54,False,0.04%,False,+-3.0%,True,131.9M,False,PNK,False,
IITSF,Intesa Sanpaolo S.p.A.,6.52,2026-06-16T00:05:45.948494+00:00,False,+21.9%,True,$113635.6M,False,+8.0%,False,34.9K,False,$6.52 / SMA $6.69,False,0.81%,False,+5.1%,False,15280.5M,False,OID,False,
IKTSF,Intertek Group plc,78.02,2026-06-16T00:18:20.061154+00:00,True,+70.1%,True,$11975.8M,,,False,1.4K,True,$78.02 / SMA $67.11,False,1.22%,,,False,150.4M,False,PNK,False,
ILKAF,Iluka Resources Limited,5.0,2026-06-16T00:22:14.833405+00:00,True,+128.3%,True,$2239.8M,,,False,6.1K,False,$5.00 / SMA $5.48,True,4.42%,,,False,413.0M,False,PNK,False,
ILMN,"Illumina, Inc.",166.89,2026-06-16T00:31:07.150659+00:00,True,+94.0%,True,$25250.5M,False,+6.1%,True,1642.6K,True,$166.89 / SMA $142.51,True,4.15%,False,+4.8%,True,148.0M,True,NMS,False,
ILPMY,Permanent TSB Group Holdings plc,3.21,2026-06-16T00:11:39.984783+00:00,False,+58.1%,True,$1914.3M,,,False,2.7K,False,$3.21 / SMA $3.46,False,0.25%,,,False,501.2M,False,PNK,False,
ILPT,Industrial Logistics Properties Trust,8.91,2026-06-16T00:13:44.542539+00:00,True,+154.6%,True,$594.0M,True,+57.6%,False,448.4K,True,$8.91 / SMA $7.63,True,3.68%,False,+4.0%,True,56.1M,True,NMS,False,
IMBBY,Imperial Brands PLC,37.78,2026-06-15T23:54:14.972842+00:00,False,+5.2%,True,$29064.2M,,,False,224.2K,False,$37.78 / SMA $37.82,False,1.28%,,,False,751.0M,False,OQX,False,
IMCDY,IMCD N.V.,51.21,2026-06-16T00:33:11.711885+00:00,False,+28.8%,True,$6046.1M,,N/A,False,54.5K,False,$51.21 / SMA $54.09,False,1.47%,,N/A,True,110.6M,False,PNK,False,
IMCR,Immunocore Holdings plc,28.63,2026-06-15T23:59:59.502460+00:00,False,+3.9%,True,$1456.3M,True,+150.0%,False,403.2K,False,$28.63 / SMA $29.51,True,4.28%,False,+13.6%,True,42.5M,True,NMS,False,
IMDXF,Imdex Limited,2.89,2026-06-16T00:11:46.161124+00:00,True,+80.6%,True,$1479.2M,,,False,0.5K,False,$2.89 / SMA $2.95,False,0.00%,,,False,500.9M,False,PNK,False,
IMIUY,IMIUY,37.49,2026-06-16T00:31:28.594918+00:00,False,+10.0%,True,$8919.7M,,N/A,False,30.2K,False,$37.49 / SMA $37.69,False,2.36%,,N/A,False,242.8M,False,PNK,False,
IMKTA,"Ingles Markets, Incorporated",88.32,2026-06-15T23:59:56.387248+00:00,False,+49.0%,True,$1677.6M,True,+60.0%,False,140.9K,False,$88.32 / SMA $89.48,True,3.27%,False,+-1.8%,True,13.6M,True,NMS,False,
IMMX,"Immix Biopharma, Inc.",8.47,2026-06-16T00:26:34.053011+00:00,True,+336.6%,True,$603.0M,False,+-20.0%,True,1030.2K,False,$8.47 / SMA $9.22,True,8.32%,,,True,40.3M,True,NCM,False,
IMO,Imperial Oil Limited,120.2,2026-06-16T00:30:50.569174+00:00,False,+55.7%,True,$59768.0M,False,+-23.0%,True,634.4K,False,$120.20 / SMA $126.89,False,2.89%,False,+1.6%,True,146.9M,True,ASE,False,
IMOS,ChipMOS TECHNOLOGIES INC.,60.66,2026-06-16T00:22:26.989978+00:00,True,+302.8%,True,$2109.2M,True,+200.0%,False,90.2K,True,$60.66 / SMA $51.65,True,5.15%,True,+25.4%,True,27.8M,True,NMS,False,
IMPUY,Impala Platinum Holdings Limited,12.07,2026-06-16T00:18:15.564605+00:00,False,+50.7%,True,$10840.8M,,,False,225.3K,False,$12.07 / SMA $14.51,True,3.91%,,,False,743.6M,False,OQX,False,
IMRX,Immuneering Corporation,4.19,2026-06-16T00:15:35.321957+00:00,True,+152.4%,False,$271.1M,True,+50.0%,True,1388.4K,False,$4.19 / SMA $5.14,True,9.73%,,,True,49.4M,True,NGM,False,
IMSR,Terrestrial Energy Inc.,7.56,2026-06-16T00:01:29.516357+00:00,False,+41.8%,True,$976.4M,,,True,2813.7K,True,$7.56 / SMA $7.44,True,10.72%,,,True,59.7M,True,NMS,False,
IMTX,Immatics N.V.,9.43,2026-06-16T00:24:04.794037+00:00,True,+86.7%,True,$1288.8M,False,+-30.3%,False,474.0K,False,$9.43 / SMA $10.77,True,5.79%,False,+-59.0%,True,69.6M,True,NCM,False,
IMVT,"Immunovant, Inc.",33.44,2026-06-16T00:18:33.807059+00:00,True,+133.5%,True,$6865.5M,False,+-14.1%,True,1847.4K,True,$33.44 / SMA $29.35,True,5.70%,,,True,78.8M,True,NMS,False,
IMXI,"International Money Express, Inc.",14.78,2026-06-16T00:02:04.882190+00:00,True,+72.3%,True,$444.8M,False,+-92.0%,True,519.7K,False,$14.78 / SMA $15.52,False,1.47%,False,+-15.5%,True,26.6M,True,NCM,False,
IMYSF,Imerys S.A.,24.99,2026-06-16T00:22:19.766657+00:00,False,+2.6%,True,$2108.5M,,,False,0.1K,False,$24.99 / SMA $25.33,False,0.08%,,,True,32.1M,False,PNK,False,
IMYSY,Imerys S.A.,5.05,2026-06-16T00:35:34.990827+00:00,False,+6.5%,True,$2130.4M,,N/A,False,1.2K,False,$5.05 / SMA $5.10,False,2.53%,,N/A,False,160.7M,False,PNK,False,
INBX,"Inhibrx Biosciences, Inc.",93.51,2026-06-16T00:11:47.025508+00:00,True,+569.4%,True,$1371.9M,False,+23.2%,False,427.4K,False,$93.51 / SMA $102.79,True,8.19%,,,True,7.9M,True,NMS,False,
INCY,Incyte Corporation,101.98,2026-06-16T00:18:05.768471+00:00,False,+52.8%,True,$20373.8M,True,+83.7%,True,1568.0K,True,$101.98 / SMA $97.92,True,3.48%,False,+20.9%,False,167.5M,True,NMS,False,
INDB,Independent Bank Corp.,82.05,2026-06-16T00:08:22.924654+00:00,False,+43.9%,True,$3958.9M,True,+56.7%,False,337.8K,True,$82.05 / SMA $78.70,False,1.95%,True,+42.1%,True,47.7M,True,NMS,False,
INDI,"indie Semiconductor, Inc.",4.13,2026-06-16T00:11:54.434465+00:00,True,+78.0%,True,$872.6M,False,+-16.7%,True,5144.2K,True,$4.13 / SMA $4.04,True,9.55%,False,+2.6%,False,207.9M,True,NCM,False,
INFQ,"Infleqtion, Inc.",14.82,2026-06-16T00:08:24.481261+00:00,True,+73.9%,True,$3233.7M,,,True,13008.4K,True,$14.82 / SMA $13.89,True,12.18%,,,False,188.7M,True,NYQ,False,
INFY,Infosys Limited,11.6,2026-06-15T23:54:08.731280+00:00,False,+1.6%,True,$46963.8M,False,+15.0%,True,18046.5K,False,$11.60 / SMA $12.55,True,3.85%,False,+6.6%,False,7009.7M,True,NYQ,False,
ING,ING Groep N.V.,30.43,2026-06-15T23:54:03.517248+00:00,False,+49.2%,True,$87220.9M,False,+14.9%,True,3090.9K,True,$30.43 / SMA $29.20,False,1.78%,False,+3.3%,False,2876.2M,True,NYQ,False,
INGM,Ingram Micro Holding Corporation,30.09,2026-06-16T00:33:12.133486+00:00,False,+66.3%,True,$6934.1M,True,+44.8%,True,1478.6K,True,$30.09 / SMA $28.20,True,3.62%,False,+13.7%,True,45.8M,True,NYQ,False,
INGVF,ING Groep N.V.,29.1,2026-06-16T00:30:47.230065+00:00,False,+43.7%,True,$83408.7M,False,+14.9%,False,14.2K,False,$29.10 / SMA $29.12,False,0.46%,False,+3.3%,False,2876.2M,False,PNK,False,
INJJF,INJJF,0.51474,2026-06-16T00:26:59.277699+00:00,False,+0.0%,True,$347.1M,False,+-431.3%,False,0.0K,False,$0.51 / SMA $4.18,False,0.00%,False,+-12.8%,True,114.2M,False,PNK,False,
INMD,InMode Ltd.,13.57,2026-06-16T00:24:27.792871+00:00,False,+6.7%,True,$825.2M,False,+-30.8%,True,870.8K,False,$13.57 / SMA $13.94,False,1.77%,False,+5.3%,True,53.9M,True,NMS,False,
INN,"Summit Hotel Properties, Inc.",6.38,2026-06-16T00:01:48.424469+00:00,False,+60.3%,True,$691.4M,False,+-150.0%,True,1486.5K,True,$6.38 / SMA $5.28,True,3.50%,False,+0.3%,True,81.3M,True,NYQ,False,
INPAP,International Paper Company PFD $4,81.0,2026-06-16T00:18:07.480296+00:00,False,+10.2%,,,,,False,0.0K,True,$81.00 / SMA $78.46,False,0.00%,False,+13.4%,,,False,PNK,False,
INPOF,InPost S.A.,17.47,2026-06-16T00:06:27.302290+00:00,True,+74.9%,True,$8734.0M,False,+-37.8%,False,0.0K,False,$17.47 / SMA $17.78,False,0.00%,True,+30.8%,False,225.7M,False,PNK,False,
INPOY,InPost S.A.,8.64,2026-06-15T23:54:36.910183+00:00,False,+63.6%,True,$8639.0M,False,+-37.8%,False,16.1K,False,$8.64 / SMA $8.82,False,1.39%,True,+30.8%,False,451.4M,False,PNK,False,
INR,"Infinity Natural Resources, Inc.",12.65,2026-06-16T00:11:58.479921+00:00,False,+13.7%,False,$237.2M,True,+87.7%,False,381.8K,False,$12.65 / SMA $15.18,True,4.80%,True,+81.8%,True,16.4M,True,NYQ,False,
INSM,Insmed Incorporated,97.46,2026-06-16T00:06:04.685266+00:00,False,+7.8%,True,$21124.7M,True,+46.5%,True,3241.2K,False,$97.46 / SMA $123.34,True,4.77%,True,+229.6%,False,198.3M,True,NMS,False,
INSP,"Inspire Medical Systems, Inc.",41.13,2026-06-16T00:00:03.463492+00:00,False,+5.7%,True,$1185.1M,False,+-490.0%,True,1123.8K,False,$41.13 / SMA $48.03,True,5.48%,False,+1.6%,True,27.0M,True,NYQ,False,
INSW,"International Seaways, Inc.",81.41,2026-06-15T23:56:31.693557+00:00,True,+126.0%,True,$4030.2M,True,+475.0%,True,546.3K,True,$81.41 / SMA $76.68,True,3.63%,True,+77.5%,True,41.5M,True,NYQ,True,
INTA,"Intapp, Inc.",23.09,2026-06-16T00:24:03.273863+00:00,False,+21.5%,True,$1779.4M,False,+-400.0%,True,951.5K,True,$23.09 / SMA $22.65,True,6.43%,False,+13.1%,True,51.3M,True,NMS,False,
INTC,Intel Corporation,127.86,2026-06-16T00:05:41.712637+00:00,True,+574.0%,True,$642624.3M,False,+-284.2%,True,129271.3K,True,$127.86 / SMA $97.24,True,7.40%,False,+7.2%,False,5016.6M,True,NMS,False,
INTR,"Inter & Co, Inc.",5.82,2026-06-15T23:58:12.412743+00:00,False,+6.8%,True,$2569.5M,True,+36.9%,True,5325.3K,False,$5.82 / SMA $6.93,True,4.26%,True,+32.8%,False,212.5M,True,NMS,False,
INTU,Intuit Inc.,281.77,2026-06-16T00:05:47.533192+00:00,False,+5.1%,True,$77074.5M,False,+10.7%,True,4333.2K,False,$281.77 / SMA $361.98,True,4.87%,False,+10.4%,False,267.3M,True,NMS,False,
INVA,"Innoviva, Inc.",22.42,2026-06-16T00:22:28.439595+00:00,False,+35.7%,True,$1654.8M,True,+400.0%,True,771.0K,False,$22.42 / SMA $22.85,False,2.67%,False,+10.6%,True,69.2M,True,NMS,False,
INVX,"Innovex International, Inc.",28.17,2026-06-15T23:58:18.407933+00:00,True,+92.3%,True,$1937.0M,False,+-151.1%,False,432.1K,True,$28.17 / SMA $27.61,True,4.56%,False,+-4.6%,True,44.9M,True,NYQ,False,
IOBCF,Ion Beam Applications SA,19.3,2026-06-16T00:26:27.470048+00:00,False,+68.6%,True,$561.8M,,,False,0.2K,True,$19.30 / SMA $17.22,False,0.36%,,,True,19.5M,False,PNK,False,
IONQ,"IonQ, Inc.",61.18,2026-06-15T23:54:18.158953+00:00,True,+136.3%,True,$22836.7M,True,+1578.6%,True,30445.1K,True,$61.18 / SMA $50.82,True,9.75%,True,+754.7%,False,370.5M,True,NYQ,False,
IONR,ioneer Ltd,4.12,2026-06-16T00:03:51.568156+00:00,True,+79.1%,True,$330.4M,,,False,160.4K,True,$4.12 / SMA $4.04,True,6.61%,,,True,58.6M,True,NCM,False,
IONS,"Ionis Pharmaceuticals, Inc.",73.96,2026-06-16T00:06:18.492128+00:00,True,+112.7%,True,$12222.8M,True,+39.8%,True,1856.8K,False,$73.96 / SMA $74.93,False,2.77%,True,+87.0%,False,164.0M,True,NMS,False,
IOSP,Innospec Inc.,85.11,2026-06-16T00:10:06.741225+00:00,False,+29.9%,True,$2096.3M,False,+-6.9%,False,235.7K,True,$85.11 / SMA $78.14,False,2.25%,False,+2.8%,True,24.3M,True,NMS,False,
IOT,Samsara Inc.,33.54,2026-06-15T23:54:22.583213+00:00,False,+43.5%,True,$19544.1M,True,+300.0%,True,6184.6K,True,$33.54 / SMA $30.83,True,6.56%,True,+30.5%,False,361.0M,True,NYQ,False,
IOVA,"Iovance Biotherapeutics, Inc.",4.03,2026-06-15T23:59:52.088126+00:00,True,+142.8%,True,$1799.4M,True,+47.2%,True,14188.0K,True,$4.03 / SMA $3.75,True,8.42%,True,+44.8%,False,387.9M,True,NGM,False,
IP,International Paper Company,36.39,2026-06-16T00:06:13.032023+00:00,False,+24.4%,True,$19269.1M,True,+145.8%,True,6935.3K,True,$36.39 / SMA $33.23,True,4.16%,False,+13.4%,False,527.1M,True,NYQ,False,
IPAR,"Interparfums, Inc.",99.42,2026-06-16T00:09:56.877280+00:00,False,+28.8%,True,$3184.0M,False,+2.3%,False,262.9K,True,$99.42 / SMA $92.69,True,3.45%,False,+1.8%,True,18.0M,True,NMS,False,
IPCEF,"ispace, inc.",3.75,2026-06-16T00:13:46.540115+00:00,False,+60.3%,True,$548.3M,,,False,1.4K,True,$3.75 / SMA $3.23,False,2.13%,,,,,False,PNK,False,
IPCFF,International Petroleum Corporation,24.88,2026-06-16T00:09:49.550464+00:00,False,+66.9%,True,$2807.1M,,,False,17.3K,False,$24.88 / SMA $26.43,False,0.73%,False,+-14.7%,True,65.1M,False,PNK,False,
IPCX,Inflection Point Acquisition Corp. III,10.33,2026-06-16T00:15:34.336609+00:00,False,+2.8%,True,$356.1M,True,+2641.8%,False,63.5K,True,$10.33 / SMA $10.30,False,0.04%,,,True,21.9M,True,NGM,False,
IPCXU,Inflection Point Acquisition Corp. III,10.64,2026-06-16T00:03:47.196158+00:00,False,+3.1%,,,,,False,0.1K,True,$10.64 / SMA $10.51,False,0.06%,,,True,21.9M,True,NGM,False,
IPEU,IPE Universal Inc.,12.0,2026-06-15T23:56:35.755059+00:00,True,+300.0%,True,$3121.3M,,,False,0.0K,False,$12.00 / SMA $13.99,False,1.91%,,,,,False,OID,False,
IPFXU,Inflection Point Acquisition Corp. VI,11.33,2026-06-16T00:15:36.179206+00:00,False,+13.0%,,,,,False,171.1K,True,$11.33 / SMA $10.30,False,0.91%,,,True,5.7M,True,NGM,False,
IPGDF,IGO Limited,7.125,2026-06-16T00:08:14.367501+00:00,True,+167.8%,True,$5395.5M,,,False,0.1K,True,$7.12 / SMA $6.29,False,0.25%,,,False,670.8M,False,PNK,False,
IPLTF,IPLTF,6.15,2026-06-16T00:03:38.705271+00:00,False,+32.0%,,,,,False,0.1K,True,$6.15 / SMA_short $5.44,,,,,True,7.6M,False,PNK,False,
IPMLF,Imperial Metals Corporation,5.01,2026-06-16T00:24:29.182731+00:00,True,+74.6%,True,$892.6M,,,False,41.1K,False,$5.01 / SMA $5.12,True,3.74%,False,+17.1%,True,86.3M,False,PNK,False,
IPOAF,"Industrias Peñoles, S.A.B. de C.V.",49.6,2026-06-16T00:18:01.579532+00:00,True,+98.4%,True,$19714.8M,True,+595.8%,False,0.6K,False,$49.60 / SMA $53.87,False,1.68%,True,+82.5%,False,397.2M,False,PNK,False,
IPOOF,InPlay Oil Corp.,11.9,2026-06-16T00:15:33.963716+00:00,True,+82.2%,True,$333.3M,False,+-552.6%,False,24.9K,False,$11.90 / SMA $12.23,True,3.36%,True,+127.1%,True,17.9M,False,OQX,False,
IPSEY,Ipsen S.A.,46.75,2026-06-16T00:31:14.367836+00:00,False,+63.1%,True,$15410.6M,,N/A,False,0.8K,False,$46.75 / SMA $47.55,False,0.15%,,N/A,True,120.4M,False,PNK,False,
IPX,IperionX Limited,34.78,2026-06-16T00:11:51.066374+00:00,False,+60.6%,True,$1180.4M,,,False,292.1K,False,$34.78 / SMA $35.35,True,7.03%,,,True,27.0M,True,NCM,False,
IPXHF,Inpex Corporation,22.75,2026-06-16T00:06:01.193890+00:00,False,+68.6%,True,$26439.8M,,,False,0.2K,False,$22.75 / SMA $25.59,False,0.00%,,,False,843.7M,False,PNK,False,
IQ,"iQIYI, Inc.",1.05,2026-06-16T00:37:48.090813+00:00,False,+6.7%,True,$1013.3M,False,+-233.3%,True,8257.9K,False,$1.05 / SMA $1.18,True,4.63%,False,+-13.4%,False,517.0M,True,NMS,False,
IQEPF,IQE plc,0.656,2026-06-16T00:13:42.230644+00:00,True,+975.4%,True,$861.1M,,,True,2632.5K,True,$0.66 / SMA $0.62,True,12.84%,,,False,646.5M,False,PNK,False,
IQEPY,IQE plc,16.0,2026-06-16T00:38:06.529945+00:00,True,+814.3%,True,$840.1M,,N/A,False,19.0K,True,$16.00 / SMA $15.77,True,12.44%,,N/A,True,25.9M,False,PNK,False,
IQV,IQVIA Holdings Inc.,178.39,2026-06-16T00:05:59.778162+00:00,False,+16.6%,True,$29773.3M,False,+15.0%,True,1609.6K,True,$178.39 / SMA $173.19,True,3.78%,False,+8.4%,False,158.5M,True,NYQ,False,
IR,Ingersoll Rand Inc.,76.77,2026-06-16T00:17:55.949211+00:00,False,+12.8%,True,$30042.9M,False,+6.5%,True,3636.7K,False,$76.77 / SMA $76.92,False,2.86%,False,+7.6%,False,390.1M,True,NYQ,False,
IREN,IREN Limited,60.85,2026-06-16T00:06:08.871491+00:00,True,+539.2%,True,$21746.5M,False,+-957.1%,True,44073.4K,True,$60.85 / SMA $52.58,True,9.21%,False,+-0.0%,False,327.9M,True,NMS,False,
IRM,Iron Mountain Incorporated,126.28,2026-06-15T23:54:11.528582+00:00,False,+62.4%,True,$37571.4M,True,+860.0%,True,1496.1K,True,$126.28 / SMA $122.00,False,2.53%,False,+21.6%,False,294.7M,True,NYQ,False,
IRMTF,Information Services Corporation,36.38,2026-06-16T00:24:34.735159+00:00,False,+57.4%,True,$680.3M,,,False,0.0K,True,$36.38 / SMA $34.08,False,0.01%,False,+-0.6%,True,13.1M,False,PNK,False,
IRON,"Disc Medicine, Inc.",70.09,2026-06-16T00:10:01.229479+00:00,True,+75.2%,True,$2677.4M,False,+-61.8%,False,463.1K,True,$70.09 / SMA $68.31,True,4.72%,,,True,32.8M,True,NGM,False,
IRPSY,IRPC Public Company Limited,6.21,2026-06-16T00:37:34.899964+00:00,True,+148.4%,True,$1267.5M,,N/A,False,0.0K,True,$6.21 / SMA $4.81,False,0.08%,False,+3.7%,False,10186.3M,False,PNK,False,
IRS,IRSA Inversiones y Representaciones Sociedad Anónima,17.28,2026-06-16T00:37:37.544453+00:00,False,+59.0%,True,$1462.1M,False,+-134.0%,False,195.0K,True,$17.28 / SMA $15.04,True,5.05%,False,+-4.4%,True,24.8M,True,NYQ,False,
IRT,"Independence Realty Trust, Inc.",16.59,2026-06-15T23:56:32.268050+00:00,False,+13.6%,True,$4009.1M,False,+-100.0%,True,2538.2K,True,$16.59 / SMA $16.19,False,2.06%,False,+2.5%,False,233.5M,True,NYQ,False,
IRTC,"iRhythm Holdings, Inc.",113.76,2026-06-16T00:20:25.941421+00:00,False,+11.8%,True,$3738.4M,True,+55.7%,True,515.9K,False,$113.76 / SMA $117.14,True,5.11%,True,+25.7%,True,30.8M,True,NMS,False,
IRWD,"Ironwood Pharmaceuticals, Inc.",3.69,2026-06-16T00:26:13.486563+00:00,True,+495.2%,True,$607.4M,True,+204.3%,True,2509.4K,False,$3.69 / SMA $3.85,True,5.83%,True,+158.9%,True,135.3M,True,NMS,False,
ISBA,Isabella Bank Corporation,41.43,2026-06-16T00:40:18.012835+00:00,False,+45.4%,False,$298.4M,True,+28.3%,False,34.2K,False,$41.43 / SMA $43.21,True,3.94%,False,+17.7%,True,6.8M,True,NCM,False,
ISD,"PGIM High Yield Bond Fund, Inc.",12.81,2026-06-16T00:13:52.409448+00:00,False,+2.2%,True,$427.1M,,,False,94.1K,False,$12.81 / SMA $13.00,False,1.19%,,,,,True,NYQ,False,
ISMAF,"Indra Sistemas, S.A.",63.95,2026-06-16T00:18:21.281461+00:00,True,+71.0%,True,$11192.4M,False,+-53.8%,False,0.1K,True,$63.95 / SMA $59.62,False,0.00%,False,+-47.5%,True,74.1M,False,PNK,False,
ISMAY,"Indra Sistemas, S.A.",32.51,2026-06-16T00:18:20.993747+00:00,True,+76.5%,True,$11379.7M,False,+-53.8%,False,10.2K,True,$32.51 / SMA $30.57,True,3.15%,False,+-47.5%,True,148.2M,False,PNK,False,
ISNPY,Intesa Sanpaolo S.p.A.,40.59,2026-06-16T00:05:45.979288+00:00,False,+23.6%,True,$117905.6M,False,+8.0%,False,368.0K,True,$40.59 / SMA $39.21,False,1.80%,False,+5.1%,False,2546.8M,False,OID,False,
ISUZY,Isuzu Motors Limited,13.42,2026-06-16T00:18:23.273370+00:00,False,+14.2%,True,$9222.7M,,,False,107.3K,False,$13.42 / SMA $14.11,False,1.24%,,,False,531.2M,False,PNK,False,
ITAYY,PT Indo Tambangraya Megah Tbk,2.6,2026-06-16T00:24:07.647152+00:00,False,+14.0%,True,$1449.4M,False,+-16.7%,False,1.9K,False,$2.60 / SMA $2.84,False,1.27%,False,+3.1%,False,188.7M,False,PNK,False,
ITHA,ITHAX Acquisition Corp III,9.95,2026-06-16T00:27:03.442618+00:00,False,+1.0%,True,$305.1M,,,False,8.6K,True,$9.95 / SMA $9.94,False,0.11%,,,True,23.0M,True,NGM,False,
ITHAU,ITHAX Acquisition Corp III,10.165,2026-06-16T00:27:00.801459+00:00,False,+2.3%,,,,,False,5.3K,True,$10.16 / SMA $10.02,False,0.00%,,,True,23.0M,True,NGM,False,
ITIC,Investors Title Company,252.26,2026-06-16T00:39:51.472294+00:00,False,+26.7%,True,$476.3M,True,+91.6%,False,24.6K,True,$252.26 / SMA $238.71,False,2.15%,False,+12.6%,True,1.5M,True,NMS,False,
ITMPF,ITM Power Plc,1.685,2026-06-16T00:11:46.110388+00:00,True,+121.7%,True,$1163.0M,,,False,55.2K,False,$1.69 / SMA $1.90,True,6.33%,,,False,468.0M,False,PNK,False,
ITOCF,ITOCHU Corporation,12.18,2026-06-15T23:54:02.672865+00:00,False,+8.3%,True,$85137.1M,,,False,14.4K,False,$12.18 / SMA $12.52,True,6.39%,,,False,6832.9M,False,PNK,False,
ITOCY,ITOCHU Corporation,11.77,2026-06-15T23:54:02.790664+00:00,False,+18.0%,True,$82271.3M,,,False,440.7K,False,$11.77 / SMA $12.34,False,2.06%,,,False,6832.9M,False,PNK,False,
ITRG,Integra Resources Corp.,2.72,2026-06-16T00:39:48.386079+00:00,True,+92.9%,True,$550.1M,True,+500.0%,True,2958.7K,False,$2.72 / SMA $2.74,True,5.72%,False,+8.2%,False,184.7M,True,ASE,False,
ITT,ITT Inc.,195.18,2026-06-16T00:18:11.219781+00:00,False,+31.0%,True,$17534.9M,False,+-33.1%,True,842.4K,False,$195.18 / SMA $203.61,False,2.52%,True,+32.7%,True,89.0M,True,NYQ,False,
IVA,Inventiva S.A.,3.76,2026-06-16T00:00:10.772720+00:00,False,+31.7%,True,$785.6M,,,False,445.1K,False,$3.76 / SMA $5.03,True,6.74%,,,False,154.2M,True,NGM,False,
IVBXF,"Innovent Biologics, Inc.",9.79,2026-06-16T00:18:05.664076+00:00,False,+7.6%,True,$16982.0M,,,False,5.5K,False,$9.79 / SMA $10.55,False,2.25%,,,False,1611.6M,False,PNK,False,
IVCGF,Iveco Group N.V.,16.002,2026-06-16T00:08:11.725379+00:00,False,+0.6%,True,$4262.1M,True,+3021.4%,False,1.2K,False,$16.00 / SMA $17.61,False,0.11%,False,+0.8%,False,166.5M,False,PNK,False,
IVPAF,Ivanhoe Mines Ltd.,8.42,2026-06-15T23:54:30.836668+00:00,False,+16.9%,True,$12009.2M,False,+-100.0%,True,587.8K,False,$8.42 / SMA $8.48,True,6.08%,True,+114.9%,False,884.4M,False,OQX,False,
IVSBF,Investor AB (publ),39.99,2026-06-16T00:17:34.064593+00:00,False,+43.9%,True,$122518.8M,True,+332.3%,False,17.7K,False,$39.99 / SMA $40.16,False,2.83%,True,+169.9%,False,2441.7M,False,PNK,False,
IVTJY,Investec Group,17.335,2026-06-16T00:06:31.736758+00:00,False,+28.3%,True,$5476.1M,,,False,0.0K,True,$17.34 / SMA $15.92,False,0.00%,,,False,376.4M,False,PNK,False,
IVVD,"Invivyd, Inc.",0.8686,2026-06-16T00:15:39.346420+00:00,True,+79.8%,False,$255.9M,False,+7.1%,True,3486.9K,False,$0.87 / SMA $1.32,True,10.59%,False,+21.6%,False,214.3M,True,NGM,False,
IVZ,Invesco Ltd.,29.1,2026-06-15T23:54:30.898903+00:00,True,+101.2%,True,$12899.9M,True,+34.2%,True,5419.1K,True,$29.10 / SMA $26.34,False,2.95%,False,+14.1%,False,358.1M,True,NYQ,False,
IWGFF,International Workplace Group plc,2.48,2026-06-16T00:22:15.554329+00:00,False,+15.3%,True,$2388.4M,,,False,45.7K,False,$2.48 / SMA $2.53,True,3.00%,,,False,577.2M,False,PNK,False,
IX,ORIX Corporation,38.41,2026-06-15T23:54:10.383489+00:00,True,+81.7%,True,$41202.7M,,,False,366.4K,True,$38.41 / SMA $35.10,False,1.38%,False,+10.7%,False,1098.3M,True,NYQ,False,
JAGGF,Jaguar Mining Inc.,4.028,2026-06-16T00:26:49.454828+00:00,False,+66.2%,True,$343.7M,True,+350.0%,False,86.0K,False,$4.03 / SMA $4.86,True,5.79%,True,+63.4%,True,43.6M,False,OQX,False,
JAN,"Janus Living, Inc.",25.19,2026-06-16T00:20:17.636920+00:00,False,+10.7%,True,$5345.9M,,,True,1396.8K,False,$25.19 / SMA $25.60,True,3.14%,,,True,48.1M,True,NYQ,False,
JANX,"Janux Therapeutics, Inc.",13.74,2026-06-16T00:13:33.203093+00:00,False,+13.4%,True,$837.9M,False,+-2.6%,True,1032.1K,False,$13.74 / SMA $14.45,True,3.85%,,,True,39.1M,True,NGM,False,
JAPAF,Japan Tobacco Inc.,40.15,2026-06-16T00:30:49.796940+00:00,False,+48.9%,True,$71276.0M,,N/A,False,2.3K,True,$40.15 / SMA $38.83,False,0.79%,,N/A,False,1066.0M,False,PNK,False,
JAPSY,"Japan Airlines Co., Ltd.",8.19,2026-06-16T00:06:31.669302+00:00,False,+8.5%,True,$7040.6M,,,False,175.1K,True,$8.19 / SMA $8.08,False,1.18%,,,False,844.3M,False,PNK,False,
JARLF,Jardine Matheson Holdings Limited,63.23,2026-06-16T00:06:08.451361+00:00,False,+41.4%,True,$18639.8M,,,False,0.4K,False,$63.23 / SMA $69.38,False,0.26%,,,False,275.3M,False,PNK,False,
JBAXY,Julius Bär Gruppe AG,16.36,2026-06-16T00:31:12.218409+00:00,False,+31.6%,True,$16967.5M,,N/A,False,152.7K,True,$16.36 / SMA $16.17,False,1.76%,,N/A,False,1021.2M,False,PNK,False,
JBFCF,Jollibee Foods Corporation,2.15,2026-06-15T23:58:13.107205+00:00,False,+5.4%,True,$2409.5M,False,+-40.3%,False,6.2K,False,$2.15 / SMA $2.59,True,5.31%,False,+9.0%,False,414.0M,False,PNK,False,
JBHIF,JB Hi-Fi Limited,50.17,2026-06-16T00:08:10.870062+00:00,False,+0.0%,True,$5485.3M,,,False,0.0K,False,$50.17 / SMA $56.67,False,0.00%,,,True,108.4M,False,PNK,False,
JBHT,"J.B. Hunt Transport Services, Inc.",283.16,2026-06-16T00:06:03.558285+00:00,True,+117.6%,True,$26701.8M,True,+27.4%,True,955.7K,True,$283.16 / SMA $254.42,True,3.16%,False,+4.6%,True,73.6M,True,NMS,False,
JBL,Jabil Inc.,385.63,2026-06-15T23:54:11.392826+00:00,True,+117.6%,True,$40685.0M,True,+96.2%,True,1209.7K,True,$385.63 / SMA $342.71,True,4.15%,False,+23.1%,True,103.4M,True,NYQ,False,
JBS,JBS N.V.,12.19,2026-06-16T00:06:17.216669+00:00,False,+6.1%,True,$40093.2M,False,+-57.4%,True,6552.4K,False,$12.19 / SMA $14.25,True,3.70%,False,+10.7%,False,327.6M,True,NYQ,False,
JBTM,JBT Marel Corporation,127.59,2026-06-15T23:56:15.642744+00:00,False,+12.2%,True,$6643.3M,True,+125.7%,True,507.7K,False,$127.59 / SMA $128.38,True,3.31%,False,+9.6%,True,51.5M,True,NYQ,False,
JCI,Johnson Controls International plc,146.06,2026-06-16T00:30:50.274211+00:00,False,+44.8%,True,$89113.5M,True,+38.9%,True,3595.5K,True,$146.06 / SMA $141.03,True,3.09%,False,+8.2%,False,608.2M,True,NYQ,False,
JCYGY,Jardine Cycle & Carriage Limited,43.78,2026-06-15T23:54:34.810232+00:00,False,+22.0%,True,$8651.7M,,,False,0.0K,False,$43.78 / SMA $48.51,False,0.17%,,,True,26.0M,False,PNK,False,
JDEPY,JDEPY,17.476,2026-06-16T00:06:12.669330+00:00,False,+31.5%,True,$17199.6M,,,False,8.7K,False,$17.48 / SMA $17.74,False,2.34%,,,False,306.5M,False,PNK,False,
JDHIY,JD Health International Inc.,5.33,2026-06-16T00:18:07.246231+00:00,False,+4.5%,True,$17022.4M,,,False,0.1K,False,$5.33 / SMA $6.38,False,0.17%,,,False,1009.7M,False,PNK,False,
JEF,Jefferies Financial Group Inc.,61.95,2026-06-16T00:06:22.084188+00:00,True,+74.4%,True,$12664.6M,False,+22.8%,True,2248.0K,True,$61.95 / SMA $50.69,True,3.08%,False,+16.1%,False,171.2M,True,NYQ,False,
JFBHF,Jungfraubahn Holding AG,324.0,2026-06-16T00:22:25.840308+00:00,False,+28.6%,True,$1890.5M,,,False,0.0K,False,$324.00 / SMA $331.76,False,0.00%,,,True,5.2M,False,PNK,False,
JFR,Nuveen Floating Rate Income Fund,7.61,2026-06-16T00:11:51.606924+00:00,False,+6.3%,True,$1225.0M,,,True,797.7K,True,$7.61 / SMA $7.50,False,0.79%,,,,,True,NYQ,False,
JHG,Janus Henderson Group plc,51.84,2026-06-16T00:06:29.505540+00:00,False,+45.0%,True,$7987.3M,False,+-23.4%,True,2822.3K,True,$51.84 / SMA $51.67,False,0.16%,False,+11.0%,True,127.7M,True,NYQ,False,
JHIUF,James Hardie Industries plc,22.14,2026-06-16T00:06:19.334086+00:00,False,+25.9%,True,$12848.2M,,,False,1.9K,True,$22.14 / SMA $20.44,False,0.00%,True,+44.5%,False,577.2M,False,PNK,False,
JHPCY,JHPCY,13.6,2026-06-16T00:30:53.773615+00:00,False,+0.0%,True,$45133.0M,,N/A,False,0.5K,False,$13.60 / SMA_short $16.52,False,0.01%,False,+4.4%,False,1887.2M,False,PNK,False,
JHX,James Hardie Industries plc,25.17,2026-06-15T23:54:30.933220+00:00,False,+52.9%,True,$14606.5M,,,True,7398.6K,True,$25.17 / SMA $21.40,True,4.44%,True,+44.5%,False,577.2M,True,NYQ,False,
JIAXF,Jiangxi Copper Company Limited,4.09,2026-06-15T23:54:20.814944+00:00,True,+140.6%,True,$17380.1M,True,+43.9%,False,1.3K,False,$4.09 / SMA $4.64,False,0.67%,True,+25.4%,False,1850.0M,False,PNK,False,
JKHY,"Jack Henry & Associates, Inc.",130.35,2026-06-16T00:06:23.564601+00:00,False,+4.6%,True,$9261.5M,False,+12.5%,True,1253.4K,False,$130.35 / SMA $143.29,False,2.96%,False,+8.7%,True,70.6M,True,NMS,False,
JKS,"JinkoSolar Holding Co., Ltd.",19.97,2026-06-16T00:24:15.816325+00:00,False,+15.0%,True,$1045.8M,False,+4.3%,True,761.3K,False,$19.97 / SMA $22.61,True,5.99%,False,+-40.7%,True,30.2M,True,NYQ,False,
JLHL,Julong Holding Limited,21.21,2026-06-16T00:15:27.445776+00:00,True,+685.6%,True,$454.9M,,,False,101.4K,True,$21.21 / SMA $17.72,True,46.27%,,,True,1.4M,True,NCM,False,
JLL,Jones Lang LaSalle Incorporated,298.24,2026-06-16T00:06:16.815191+00:00,False,+27.9%,True,$13836.4M,True,+192.1%,False,408.7K,False,$298.24 / SMA $312.42,True,3.29%,False,+11.1%,True,45.8M,True,NYQ,False,
JMHLY,Jardine Matheson Holdings Limited,63.33,2026-06-16T00:31:08.100009+00:00,False,+43.1%,True,$18669.3M,,N/A,False,15.2K,False,$63.33 / SMA $69.43,True,3.29%,,N/A,False,275.3M,False,PNK,False,
JMIA,Jumia Technologies AG,7.4,2026-06-16T00:24:28.113856+00:00,True,+140.3%,True,$916.5M,False,+-4.9%,True,2268.5K,True,$7.40 / SMA $7.20,True,5.59%,True,+39.4%,True,90.8M,True,NYQ,False,
JMPLY,Johnson Matthey Plc,55.82,2026-06-15T23:56:25.750787+00:00,False,+21.8%,True,$4685.7M,,,False,0.6K,True,$55.82 / SMA $54.88,False,0.59%,,,True,81.8M,False,PNK,False,
JNDOF,JINS HOLDINGS Inc.,47.22,2026-06-16T00:11:54.139729+00:00,True,+107.6%,True,$1102.4M,,,False,0.0K,True,$47.22 / SMA $34.50,False,0.00%,,,True,12.9M,False,PNK,False,
JNJ,Johnson & Johnson,235.66,2026-06-16T00:17:29.847433+00:00,False,+58.1%,True,$567284.7M,False,+-52.9%,True,7697.6K,True,$235.66 / SMA $229.90,False,1.83%,False,+9.9%,False,2403.3M,True,NYQ,False,
JNNDF,Japan Display Inc.,0.374,2026-06-15T23:58:17.924018+00:00,True,+187.7%,True,$1529.3M,,,False,2.2K,False,$0.37 / SMA $0.51,False,0.00%,,,False,475.7M,False,PNK,False,
JNPKF,Jenoptik AG,50.56,2026-06-16T00:35:21.437063+00:00,True,+161.6%,True,$2894.0M,True,+81.2%,False,2.1K,True,$50.56 / SMA $44.18,False,0.82%,False,+-1.0%,True,49.8M,False,PNK,False,
JOBY,"Joby Aviation, Inc.",9.67,2026-06-16T00:06:21.755469+00:00,False,+24.8%,True,$9511.8M,False,+-9.1%,True,27585.8K,False,$9.67 / SMA $9.79,True,6.79%,,,False,662.4M,True,NYQ,False,
JOE,The St. Joe Company,65.07,2026-06-16T00:08:24.265542+00:00,False,+42.0%,True,$3735.7M,False,+-20.0%,False,247.2K,False,$65.07 / SMA $65.62,False,2.12%,False,+5.1%,True,56.6M,True,NYQ,False,
JOYY,JOYY Inc.,68.85,2026-06-16T00:35:25.172556+00:00,False,+41.9%,True,$3468.8M,False,+-97.2%,False,335.6K,True,$68.85 / SMA $61.18,True,3.35%,False,+12.4%,True,25.1M,True,NMS,False,
JPEVF,JPEVF,10.7,2026-06-16T00:22:23.782094+00:00,False,+4.4%,True,$1912.8M,,,False,0.2K,False,$10.70 / SMA $10.75,False,0.00%,,,True,142.3M,False,PNK,False,
JPM,JPMorgan Chase & Co.,319.4,2026-06-16T00:05:41.827285+00:00,False,+19.7%,True,$855835.9M,False,+17.2%,True,8992.3K,True,$319.40 / SMA $307.08,False,1.95%,False,+9.9%,False,2665.3M,True,NYQ,False,
JPXGY,"Japan Exchange Group, Inc.",13.33,2026-06-16T00:31:18.325672+00:00,False,+41.1%,True,$13702.3M,,N/A,False,260.9K,True,$13.33 / SMA $12.06,False,2.34%,,N/A,False,1027.0M,False,PNK,False,
JQC,Nuveen Credit Strategies Income Fund,4.78,2026-06-16T00:01:56.898755+00:00,False,+3.5%,True,$706.6M,,,True,713.9K,False,$4.78 / SMA $4.79,False,0.91%,,,,,True,NYQ,False,
JRONY,"Jerónimo Martins, SGPS, S.A.",41.15,2026-06-16T00:18:12.235575+00:00,False,+2.4%,True,$12930.0M,,,False,25.0K,False,$41.15 / SMA $44.45,False,1.10%,False,+8.7%,True,137.0M,False,PNK,False,
JSAIY,J Sainsbury plc,16.83,2026-06-16T00:18:24.578370+00:00,False,+10.4%,True,$9285.0M,,,False,52.3K,False,$16.83 / SMA $17.07,False,1.57%,,,False,317.9M,False,OQX,False,
JSCIF,Judges Scientific plc,64.9,2026-06-16T00:15:27.689630+00:00,False,+29.8%,True,$432.3M,,,False,1.3K,True,$64.90 / SMA $60.10,False,1.98%,,,True,5.5M,False,PNK,False,
JSEJF,JSE Limited,9.4,2026-06-16T00:13:35.268403+00:00,False,+61.8%,True,$761.5M,,,False,0.0K,False,$9.40 / SMA $10.31,False,0.00%,,,True,76.7M,False,PNK,False,
JSNSF,J Sainsbury plc,4.28,2026-06-16T00:18:21.707193+00:00,False,+20.2%,True,$9445.0M,,,False,1.0K,False,$4.28 / SMA $4.44,False,0.01%,,,False,1271.7M,False,OQX,False,
JSVGF,Johnson Service Group PLC,1.95,2026-06-16T00:24:32.364556+00:00,False,+65.6%,True,$734.1M,,,False,0.0K,True,$1.95 / SMA $1.79,False,0.00%,,,,,False,PNK,False,
JTKWY,Just Eat Takeaway.com N.V.,4.255,2026-06-15T23:56:30.465404+00:00,False,+37.3%,True,$4249.0M,,,False,2.1K,True,$4.25 / SMA $4.18,True,4.95%,,,False,997.9M,False,PNK,False,
JUMSY,Jumbo S.A.,26.4,2026-06-16T00:20:29.019856+00:00,False,+11.6%,True,$3547.3M,,,False,2.0K,False,$26.40 / SMA $27.06,False,1.41%,,,True,112.0M,False,PNK,False,
JXAMY,JXAMY,45.41,2026-06-16T00:06:04.529248+00:00,False,+9.8%,,,,,False,1.6K,False,$45.41 / SMA_short $53.95,False,1.55%,,,False,266.3M,False,PNK,False,
JXN,Jackson Financial Inc.,109.65,2026-06-16T00:18:32.094511+00:00,False,+33.6%,True,$7647.3M,False,+-1200.0%,True,592.2K,True,$109.65 / SMA $107.88,False,2.50%,False,+-21.9%,True,64.1M,True,NYQ,False,
KAEPY,"The Kansai Electric Power Company, Incorporated",7.69,2026-06-16T00:06:14.597295+00:00,False,+43.7%,True,$17134.3M,,,False,4.2K,True,$7.69 / SMA $7.63,True,4.30%,,,False,2000.5M,False,PNK,False,
KAI,Kadant Inc.,294.97,2026-06-16T00:20:26.330042+00:00,False,+20.5%,True,$3483.1M,False,+5.9%,False,173.3K,False,$294.97 / SMA $313.19,True,4.41%,False,+17.7%,True,11.7M,True,NYQ,False,
KAIKY,"Kawasaki Kisen Kaisha, Ltd.",16.8,2026-06-16T00:06:23.597455+00:00,False,+37.7%,True,$10621.8M,,,False,0.2K,True,$16.80 / SMA $16.35,False,0.01%,,,False,385.8M,False,PNK,False,
KAJMY,Kajima Corporation,35.99,2026-06-15T23:54:23.869539+00:00,False,+61.5%,True,$16736.3M,,,False,1.8K,False,$35.99 / SMA $37.55,False,2.00%,,,False,432.3M,False,PNK,False,
KALV,"KalVista Pharmaceuticals, Inc.",27.0,2026-06-16T00:11:47.957813+00:00,True,+174.7%,True,$1437.5M,True,+53.3%,True,3503.6K,True,$27.00 / SMA $24.29,False,0.15%,,,True,38.2M,True,NGM,False,
KAOOY,Kao Corporation,7.51,2026-06-16T00:18:06.797043+00:00,False,+5.2%,True,$16984.6M,,,False,249.8K,False,$7.51 / SMA $7.52,False,1.80%,,,False,1868.3M,False,PNK,False,
KARO,Karooooo Ltd.,49.08,2026-06-16T00:11:47.435006+00:00,False,+19.0%,True,$1516.2M,False,+-11.3%,False,80.8K,True,$49.08 / SMA $48.88,True,4.45%,False,+18.8%,True,7.5M,True,NCM,False,
KB,KB Financial Group Inc.,113.63,2026-06-16T00:17:49.242228+00:00,False,+48.9%,True,$40303.2M,False,+16.8%,False,222.4K,True,$113.63 / SMA $106.20,False,2.31%,False,+8.3%,False,1383.4M,True,NYQ,False,
KBCSF,KBC Group NV,127.05,2026-06-15T23:54:07.448248+00:00,False,+28.3%,True,$50688.5M,False,+0.0%,False,0.1K,False,$127.05 / SMA $133.64,False,0.00%,False,+10.3%,False,250.7M,False,PNK,False,
KBCSY,KBC Group NV,66.4,2026-06-16T00:05:51.491259+00:00,False,+37.8%,True,$53076.3M,False,+0.0%,False,32.6K,True,$66.40 / SMA $64.59,False,1.54%,False,+10.3%,False,501.4M,False,PNK,False,
KBDC,"Kayne Anderson BDC, Inc.",14.03,2026-06-16T00:00:14.670761+00:00,False,+7.4%,True,$930.9M,False,+-16.1%,False,281.6K,False,$14.03 / SMA $14.58,False,2.18%,False,+-15.7%,,,True,NYQ,False,
KBH,KB Home,53.23,2026-06-16T00:09:53.192006+00:00,False,+20.9%,True,$3332.2M,False,+-65.1%,True,1201.5K,True,$53.23 / SMA $50.82,True,3.22%,False,+-22.6%,True,59.8M,True,NYQ,False,
KBON,Karbon Capital Partners Corp.,10.11,2026-06-16T00:40:11.155630+00:00,False,+0.9%,True,$445.0M,,N/A,False,31.0K,True,$10.11 / SMA $10.08,False,0.08%,,N/A,True,28.6M,True,NGM,False,
KBRLF,K-Bro Linen Inc.,30.0,2026-06-16T00:26:48.985908+00:00,False,+23.8%,True,$387.0M,True,+125.0%,False,0.6K,True,$30.00 / SMA $28.29,False,0.02%,True,+52.9%,True,12.4M,False,PNK,False,
KC,Kingsoft Cloud Holdings Limited,11.34,2026-06-16T00:33:30.346943+00:00,False,+10.2%,True,$3394.9M,False,+0.0%,True,1439.8K,False,$11.34 / SMA $14.69,True,4.15%,True,+37.2%,False,171.0M,True,NMS,False,
KCDMF,"Kimberly-Clark de México, S. A. B. de C. V.",2.1,2026-06-16T00:06:32.296906+00:00,False,+19.3%,True,$6301.8M,False,+13.3%,False,1.1K,False,$2.10 / SMA $2.33,False,0.11%,False,+3.6%,,,False,OID,False,
KCDMY,"Kimberly-Clark de México, S. A. B. de C. V.",10.92,2026-06-16T00:18:35.515796+00:00,False,+32.4%,True,$6553.9M,False,+13.3%,False,47.0K,False,$10.92 / SMA $11.40,False,2.29%,False,+3.6%,,,False,OID,False,
KCHV,Kochav Defense Acquisition Corp.,10.39,2026-06-16T00:15:34.795521+00:00,False,+4.6%,True,$355.9M,True,+8414.5%,False,19.0K,True,$10.39 / SMA $10.31,False,0.03%,,,True,21.2M,True,NGM,False,
KCHVU,Kochav Defense Acquisition Corp.,10.51,2026-06-16T00:40:10.682888+00:00,False,+3.9%,,N/A,,N/A,False,0.0K,True,$10.51 / SMA $10.43,False,0.00%,,N/A,True,21.2M,True,NGM,False,
KCLI,Kansas City Life Insurance Company,33.33,2026-06-16T00:15:41.887312+00:00,False,+16.9%,True,$322.7M,True,+130.2%,False,1.9K,True,$33.33 / SMA $31.68,False,0.46%,False,+-0.1%,,,False,OQX,False,
KDDIY,KDDI Corporation,17.32,2026-06-16T00:17:41.436847+00:00,False,+33.7%,True,$65940.2M,,,False,421.8K,True,$17.32 / SMA $16.63,False,2.79%,,,False,2881.2M,False,PNK,False,
KDK,"Kodiak AI, Inc.",6.08,2026-06-16T00:24:08.725669+00:00,False,+12.0%,True,$1174.4M,True,+113.6%,True,860.6K,False,$6.08 / SMA $7.86,True,6.10%,False,+24.4%,True,93.3M,True,NGM,False,
KDKWF,Kadokawa Corporation,19.82,2026-06-16T00:35:25.704090+00:00,False,+10.7%,True,$2913.0M,,N/A,False,0.2K,False,$19.82 / SMA $20.56,False,0.00%,,N/A,True,70.7M,False,PNK,False,
KDP,Keurig Dr Pepper Inc.,31.77,2026-06-16T00:17:48.260165+00:00,False,+27.7%,True,$43225.0M,False,+-47.4%,True,11452.3K,True,$31.77 / SMA $28.72,False,2.30%,False,+9.4%,False,1354.2M,True,NMS,False,
KE,"Kimball Electronics, Inc.",25.63,2026-06-16T00:13:43.605226+00:00,False,+42.1%,True,$616.4M,True,+53.3%,False,152.9K,False,$25.63 / SMA $25.85,True,4.55%,False,+-5.8%,True,23.6M,True,NMS,False,
KELYB,"Kelly Services, Inc.",17.84,2026-06-16T00:40:02.959595+00:00,True,+112.9%,True,$618.5M,False,+-206.2%,False,12.0K,True,$17.84 / SMA $16.97,True,4.23%,False,+-10.7%,True,29.4M,True,NMS,False,
KEN,Kenon Holdings Ltd.,69.74,2026-06-16T00:08:17.477586+00:00,True,+95.2%,True,$3634.0M,True,+122.7%,False,26.5K,False,$69.74 / SMA $84.32,False,2.79%,True,+73.2%,True,19.9M,True,NYQ,False,
KEP,Korea Electric Power Corporation,13.6,2026-06-16T00:18:07.379923+00:00,False,+33.1%,True,$17461.4M,False,+7.1%,True,902.5K,False,$13.60 / SMA $14.06,False,2.52%,False,+0.7%,False,611.3M,True,NYQ,False,
KEX,Kirby Corporation,142.0,2026-06-16T00:06:30.120540+00:00,True,+78.6%,True,$7593.0M,False,+12.8%,True,675.7K,False,$142.00 / SMA $144.21,False,2.39%,False,+7.4%,True,53.1M,True,NYQ,False,
KEY,KeyCorp,22.42,2026-06-16T00:18:00.147652+00:00,False,+43.2%,True,$24199.4M,True,+33.3%,True,12971.3K,True,$22.42 / SMA $21.43,False,1.95%,False,+10.7%,False,1079.7M,True,NYQ,False,
KEYS,"Keysight Technologies, Inc.",356.94,2026-06-15T23:54:06.516037+00:00,True,+133.5%,True,$60999.4M,True,+35.6%,True,1445.6K,True,$356.94 / SMA $340.86,True,4.08%,True,+31.5%,False,169.9M,True,NYQ,False,
KEYUF,Keyera Corp.,42.35,2026-06-15T23:54:34.963356+00:00,False,+47.4%,True,$9710.5M,False,+-193.0%,False,143.2K,True,$42.35 / SMA $39.15,False,1.63%,False,+-26.1%,False,228.6M,False,PNK,False,
KFII,K&F Growth Acquisition Corp. II,10.54,2026-06-16T00:15:28.151877+00:00,False,+4.0%,True,$413.8M,False,+0.0%,False,14.5K,True,$10.54 / SMA $10.49,False,0.05%,,,True,27.2M,True,NGM,False,
KFIIU,K&F Growth Acquisition Corp. II,10.7,2026-06-16T00:03:39.975022+00:00,False,+4.3%,False,$276.4M,,,False,0.3K,False,$10.70 / SMA $10.71,False,2.50%,,,True,27.2M,True,NGM,False,
KFRC,Kforce Inc.,47.67,2026-06-16T00:13:37.930929+00:00,True,+94.7%,True,$850.1M,False,+2.0%,False,265.1K,True,$47.67 / SMA $39.77,True,3.91%,False,+0.1%,True,15.4M,True,NYQ,False,
KFY,Korn Ferry,71.37,2026-06-15T23:57:47.640159+00:00,False,+21.1%,True,$3703.2M,False,+11.8%,False,492.9K,True,$71.37 / SMA $67.26,False,2.48%,False,+7.2%,True,51.3M,True,NYQ,False,
KGFHF,Kingfisher plc,3.84,2026-06-16T00:08:06.004010+00:00,False,+18.5%,True,$6395.8M,,,False,1.1K,False,$3.84 / SMA $3.89,False,0.20%,,,False,1663.4M,False,OQX,False,
KGFHY,Kingfisher plc,7.78,2026-06-15T23:56:16.603789+00:00,False,+19.1%,True,$6479.1M,,,False,143.5K,True,$7.78 / SMA $7.65,False,2.23%,,,False,831.7M,False,OQX,False,
KGS,"Kodiak Gas Services, Inc.",69.25,2026-06-16T00:06:30.840052+00:00,True,+130.4%,True,$6988.6M,False,+-39.4%,True,1584.2K,True,$69.25 / SMA $67.39,True,3.40%,False,+4.9%,True,88.2M,True,NYQ,False,
KGSPF,Kingspan Group plc,94.581,2026-06-16T00:06:14.368125+00:00,False,+32.3%,True,$17018.5M,,,False,0.6K,True,$94.58 / SMA $91.09,False,0.41%,,,False,150.7M,False,PNK,False,
KGSPY,Kingspan Group plc,97.52,2026-06-15T23:54:25.712046+00:00,False,+36.1%,True,$17547.3M,,,False,18.1K,True,$97.52 / SMA $90.76,False,2.56%,,,False,150.7M,False,PNK,False,
KGTHY,Krungthai Card Public Company Limited,9.21,2026-06-16T00:35:32.804780+00:00,False,+28.7%,True,$2533.9M,False,+16.7%,False,3.0K,False,$9.21 / SMA $9.24,False,0.00%,False,+2.7%,True,111.5M,False,PNK,False,
KHC,The Kraft Heinz Company,23.99,2026-06-16T00:17:55.744462+00:00,False,+14.0%,True,$28446.8M,False,+13.6%,True,14660.7K,True,$23.99 / SMA $22.72,False,2.48%,False,+0.8%,False,855.9M,True,NMS,False,
KHNGF,Kuehne + Nagel International AG,246.3,2026-06-16T00:17:57.381948+00:00,False,+35.2%,True,$29250.6M,,,False,0.1K,True,$246.30 / SMA $233.81,False,0.02%,False,+-17.1%,True,52.9M,False,PNK,False,
KHNGY,Kuehne + Nagel International AG,49.56,2026-06-15T23:54:16.077423+00:00,False,+34.8%,True,$29428.7M,,,False,12.1K,True,$49.56 / SMA $45.59,False,1.21%,False,+-17.1%,False,264.3M,False,PNK,False,
KHOLY,Koç Holding A.S.,20.51,2026-06-16T00:31:24.436317+00:00,False,+15.8%,True,$10398.6M,True,+128.2%,False,1.1K,False,$20.51 / SMA $21.29,False,0.39%,False,+4.8%,True,37.6M,False,PNK,False,
KHTRF,Knight Therapeutics Inc.,6.76,2026-06-16T00:13:43.784639+00:00,False,+66.0%,True,$663.7M,,,False,6.6K,True,$6.76 / SMA $5.84,False,0.35%,True,+53.2%,True,60.2M,False,PNK,False,
KIDS,OrthoPediatrics Corp.,18.15,2026-06-16T00:02:04.124060+00:00,False,+25.9%,True,$466.2M,False,+2.2%,False,164.4K,True,$18.15 / SMA $17.10,True,4.27%,False,+13.3%,True,17.1M,True,NGM,False,
KIGRY,KION GROUP AG,10.74,2026-06-16T00:31:36.360312+00:00,False,+4.7%,True,$5708.7M,,N/A,False,13.1K,False,$10.74 / SMA $12.59,False,1.87%,False,+-9.7%,False,280.4M,False,PNK,False,
KIKOF,Kikkoman Corporation,9.244,2026-06-16T00:06:26.719507+00:00,False,+11.8%,True,$8564.9M,,,False,0.0K,True,$9.24 / SMA $8.99,False,0.00%,,,False,770.6M,False,PNK,False,
KIKOY,Kikkoman Corporation,21.55,2026-06-16T00:06:27.194953+00:00,False,+37.0%,True,$9983.4M,,,False,0.1K,True,$21.55 / SMA $18.58,False,0.54%,,,False,385.3M,False,PNK,False,
KIM,Kimco Realty Corporation,25.35,2026-06-16T00:31:12.707052+00:00,False,+28.3%,True,$17095.8M,True,+27.8%,True,4943.9K,True,$25.35 / SMA $23.59,False,1.84%,False,+4.0%,False,658.1M,True,NYQ,False,
KIO,KKR Income Opportunities Fund,11.17,2026-06-16T00:26:35.645951+00:00,False,+4.9%,True,$457.8M,,,False,190.6K,True,$11.17 / SMA $11.03,False,1.02%,,,,,True,NYQ,False,
KIROY,Kumba Iron Ore Limited,6.19,2026-06-15T23:56:20.021128+00:00,False,+21.6%,True,$5948.7M,,,False,13.6K,False,$6.19 / SMA $6.47,False,2.90%,,,False,155.2M,False,PNK,False,
KKOYY,Kesko Oyj,12.41,2026-06-16T00:31:26.490576+00:00,False,+22.7%,True,$9886.9M,False,+-31.6%,False,36.5K,True,$12.41 / SMA $11.94,False,1.13%,False,+-0.4%,False,703.3M,False,PNK,False,
KKPNY,Koninklijke KPN N.V.,5.12,2026-06-16T00:31:08.407351+00:00,False,+17.4%,True,$19319.1M,False,+20.2%,False,301.7K,False,$5.12 / SMA $5.29,False,1.32%,,N/A,False,3811.5M,False,PNK,False,
KKR,KKR & Co. Inc.,98.08,2026-06-16T00:17:38.475393+00:00,False,+18.6%,True,$91453.9M,True,+272.7%,True,5172.0K,True,$98.08 / SMA $97.72,True,3.57%,True,+39.2%,False,690.3M,True,NYQ,False,
KLAR,KLAR,17.6,2026-06-16T00:20:09.818602+00:00,False,+45.9%,True,$6654.8M,,,True,5890.7K,True,$17.60 / SMA $15.23,True,6.05%,,,False,195.8M,True,NYQ,False,
KLC,"KinderCare Learning Companies, Inc.",3.99,2026-06-16T00:15:26.964338+00:00,True,+128.0%,True,$472.5M,False,+-1461.1%,True,1240.3K,True,$3.99 / SMA $3.65,True,8.45%,False,+0.6%,True,34.2M,True,NYQ,False,
KLIC,"Kulicke and Soffa Industries, Inc.",115.435,2026-06-16T00:33:18.191082+00:00,True,+268.6%,True,$6041.0M,True,+141.5%,True,743.2K,True,$115.44 / SMA $93.88,True,6.01%,True,+49.8%,True,50.6M,True,NMS,True,
KLPEF,Klépierre SA,40.04,2026-06-15T23:54:31.865795+00:00,False,+12.6%,True,$11463.4M,,,False,0.1K,False,$40.04 / SMA $40.18,False,0.02%,,,False,222.2M,False,PNK,False,
KLRA,"Kailera Therapeutics, Inc.",19.67,2026-06-16T00:22:10.333128+00:00,False,+5.2%,True,$2548.6M,,,True,810.4K,False,$19.67 / SMA_short $22.26,True,7.25%,,,True,0.0M,True,NMS,False,
KLYCY,Kunlun Energy Company Limited,8.76,2026-06-16T00:31:31.395472+00:00,False,+4.4%,True,$7567.5M,,N/A,False,0.2K,False,$8.76 / SMA $9.33,False,0.01%,,N/A,False,379.8M,False,PNK,False,
KMDA,Kamada Ltd.,7.46,2026-06-16T00:39:51.859017+00:00,False,+14.8%,True,$431.3M,False,+0.0%,False,54.7K,False,$7.46 / SMA $8.00,False,1.95%,False,+2.8%,True,9.4M,True,NMS,False,
KMMPF,Killam Apartment REIT,13.57,2026-06-16T00:22:29.986777+00:00,False,+22.3%,True,$1694.5M,,,False,8.8K,True,$13.57 / SMA $12.71,False,0.04%,False,+4.4%,True,119.9M,False,PNK,False,
KMPR,Kemper Corporation,25.56,2026-06-16T00:11:42.512845+00:00,False,+12.6%,True,$1504.8M,False,+-101.9%,True,1082.7K,False,$25.56 / SMA $29.48,True,4.19%,False,+-7.6%,True,58.2M,True,NYQ,False,
KMTUY,Komatsu Ltd.,41.26,2026-06-16T00:05:56.564007+00:00,False,+41.4%,True,$36878.4M,,,False,153.1K,False,$41.26 / SMA $42.01,False,1.60%,,,False,888.8M,False,PNK,False,
KMX,"CarMax, Inc.",52.21,2026-06-15T23:56:20.968789+00:00,True,+72.5%,True,$7404.5M,False,+-246.6%,True,3255.6K,True,$52.21 / SMA $41.93,True,4.76%,False,+-1.0%,True,131.1M,True,NYQ,False,
KN,Knowles Corporation,41.37,2026-06-16T00:35:18.107415+00:00,True,+146.7%,True,$3539.6M,True,+650.0%,True,861.4K,True,$41.37 / SMA $33.84,True,4.04%,False,+15.8%,True,84.0M,True,NYQ,False,
KNCRF,Konecranes Plc,31.41,2026-06-16T00:06:30.751876+00:00,False,+3.5%,True,$7464.4M,False,+-9.7%,False,0.1K,False,$31.41 / SMA $32.21,False,0.00%,False,+-7.7%,False,190.5M,False,PNK,False,
KNF,Knife River Corporation,80.82,2026-06-15T23:56:31.866935+00:00,False,+37.6%,True,$4586.8M,False,+-15.7%,True,604.6K,False,$80.82 / SMA $81.94,True,3.97%,False,+16.0%,True,56.5M,True,NYQ,False,
KNOP,KNOT Offshore Partners LP,10.51,2026-06-16T00:03:41.499376+00:00,True,+70.6%,True,$363.2M,False,+-65.0%,False,117.3K,False,$10.51 / SMA $10.73,True,3.10%,False,+9.5%,True,21.8M,True,NYQ,False,
KNSA,"Kiniksa Pharmaceuticals International, plc",52.34,2026-06-16T00:33:31.753840+00:00,True,+99.2%,True,$4026.9M,True,+125.0%,True,665.1K,True,$52.34 / SMA $50.79,True,4.00%,True,+55.5%,True,39.3M,True,NMS,True,
KNSL,"Kinsale Capital Group, Inc.",311.83,2026-06-16T00:18:32.996773+00:00,False,+8.6%,True,$7191.7M,True,+27.4%,False,291.8K,False,$311.83 / SMA $322.10,True,3.10%,False,+10.2%,True,21.8M,True,NYQ,False,
KNTK,Kinetik Holdings Inc.,45.72,2026-06-15T23:54:37.933728+00:00,False,+45.9%,True,$7642.6M,False,+-240.0%,True,1031.0K,False,$45.72 / SMA $47.65,False,2.76%,False,+-7.5%,True,56.1M,True,NYQ,False,
KNTNF,K92 Mining Inc.,16.2,2026-06-16T00:33:29.235812+00:00,False,+62.0%,True,$3971.0M,True,+62.1%,False,119.4K,False,$16.20 / SMA $18.19,True,4.49%,True,+63.4%,False,238.3M,False,OQX,False,
KNX,Knight-Swift Transportation Holdings Inc.,79.25,2026-06-16T00:31:21.720100+00:00,True,+105.2%,True,$12877.6M,False,+-105.3%,True,3852.2K,True,$79.25 / SMA $68.30,True,3.60%,False,+1.4%,False,157.8M,True,NYQ,False,
KNYJY,KONE Oyj,28.14,2026-06-16T00:17:54.094057+00:00,False,+2.4%,True,$29169.0M,False,+-12.8%,False,69.2K,False,$28.14 / SMA $31.03,False,1.25%,False,+-9.0%,False,734.1M,False,PNK,False,
KO,The Coca-Cola Company,80.91,2026-06-16T00:17:30.369100+00:00,False,+23.8%,True,$348113.9M,False,+18.2%,True,15074.7K,True,$80.91 / SMA $78.74,False,1.77%,False,+12.1%,False,3874.0M,True,NYQ,False,
KODK,Eastman Kodak Company,9.47,2026-06-16T00:37:51.025878+00:00,True,+91.7%,True,$924.3M,False,+-75.0%,True,1389.8K,False,$9.47 / SMA $11.30,True,4.81%,False,+7.3%,True,71.3M,True,NYQ,False,
KOP,Koppers Holdings Inc.,44.4,2026-06-16T00:37:58.385255+00:00,True,+77.6%,True,$853.9M,True,+151.5%,False,199.3K,True,$44.40 / SMA $40.31,True,3.46%,False,+-0.3%,True,16.7M,True,NYQ,False,
KOYN,"CSLM Digital Asset Acquisition Corp III, Ltd",10.13,2026-06-16T00:40:16.863003+00:00,False,+2.8%,True,$319.7M,True,+6400.6%,False,10.6K,True,$10.13 / SMA $10.11,False,0.08%,,N/A,True,23.3M,True,NGM,False,
KPCPY,Kasikornbank Public Company Limited,25.09,2026-06-16T00:31:15.572049+00:00,False,+41.5%,True,$14861.6M,False,+10.1%,False,33.3K,True,$25.09 / SMA $24.44,True,3.26%,False,+-2.4%,False,2041.2M,False,PNK,False,
KPDCF,Keppel DC REIT,1.8,2026-06-15T23:56:28.708324+00:00,False,+19.2%,True,$4403.1M,,,False,0.3K,False,$1.80 / SMA $1.82,False,0.00%,,,False,2005.6M,False,PNK,False,
KPELY,Keppel Ltd.,16.88,2026-06-16T00:06:15.549708+00:00,False,+53.9%,True,$15309.6M,,,False,3.1K,False,$16.88 / SMA $17.07,True,3.94%,,,False,703.9M,False,PNK,False,
KPLUY,K+S Aktiengesellschaft,7.94,2026-06-15T23:58:05.955176+00:00,False,+27.2%,True,$2844.1M,False,+-283.3%,False,6.6K,False,$7.94 / SMA $8.89,False,1.46%,False,+10.0%,False,358.2M,False,OQX,False,
KR,The Kroger Co.,64.06,2026-06-16T00:05:55.094207+00:00,False,+9.3%,True,$39496.9M,True,+50.0%,True,6030.4K,False,$64.06 / SMA $66.22,False,2.53%,False,+1.2%,False,793.5M,True,NYQ,False,
KRAQ,KRAKacquisition Corp.,9.98,2026-06-16T00:13:52.586726+00:00,False,+2.0%,True,$430.4M,,,False,50.2K,True,$9.98 / SMA $9.92,False,0.16%,,,True,34.5M,True,NGM,False,
KRAQU,KRAKacquisition Corp.,10.0801,2026-06-16T00:26:38.986321+00:00,False,+0.7%,,,,,False,13.5K,True,$10.08 / SMA $10.05,False,0.10%,,,True,34.5M,True,NGM,False,
KREF,KKR Real Estate Finance Trust Inc.,7.2,2026-06-16T00:15:27.401032+00:00,False,+37.1%,True,$463.0M,False,+-540.0%,True,1480.5K,True,$7.20 / SMA $6.55,False,2.50%,False,+-4.0%,True,47.2M,True,NYQ,False,
KREVF,Keppel REIT,0.622,2026-06-16T00:20:28.616709+00:00,False,+23.7%,True,$3089.7M,,,False,4.7K,False,$0.62 / SMA $0.69,False,0.75%,,,False,3567.8M,False,PNK,False,
KRG,Kite Realty Group Trust,28.83,2026-06-16T00:08:11.680569+00:00,False,+38.2%,True,$5994.2M,False,+-45.5%,True,1903.8K,True,$28.83 / SMA $26.61,False,1.68%,False,+-9.2%,False,201.2M,True,NYQ,False,
KRKNF,Kraken Robotics Inc.,5.05,2026-06-15T23:59:56.603098+00:00,True,+160.7%,True,$1551.2M,,,True,1280.2K,False,$5.05 / SMA $5.68,True,8.02%,True,+34.6%,False,297.2M,False,OQB,False,
KRMN,Karman Holdings Inc.,48.27,2026-06-16T00:18:28.214624+00:00,False,+11.0%,True,$6397.0M,True,+250.0%,True,2407.4K,False,$48.27 / SMA $67.14,True,7.20%,True,+51.0%,True,102.7M,True,NYQ,False,
KRNGY,Karoon Energy Ltd,2.85565,2026-06-16T00:37:47.515732+00:00,False,+62.3%,True,$1014.4M,,N/A,False,0.0K,True,$2.86 / SMA $2.67,False,0.79%,,N/A,False,346.2M,False,PNK,False,
KRNY,Kearny Financial Corp.,8.58,2026-06-16T00:26:28.498491+00:00,False,+49.0%,True,$540.0M,True,+45.5%,False,323.7K,True,$8.58 / SMA $8.07,False,2.20%,False,+17.4%,True,60.0M,True,NMS,False,
KRO,"Kronos Worldwide, Inc.",6.97,2026-06-16T00:13:37.073133+00:00,True,+70.8%,True,$801.9M,False,+-125.0%,False,320.4K,True,$6.97 / SMA $6.88,True,4.49%,False,+4.1%,True,21.5M,True,NYQ,False,
KRP,"Kimbell Royalty Partners, LP",14.82,2026-06-16T00:11:41.836260+00:00,False,+31.0%,True,$1597.2M,False,+-80.0%,True,873.6K,True,$14.82 / SMA $14.70,False,2.05%,False,+-6.7%,True,87.7M,True,NYQ,False,
KRSP,Rice Acquisition Corporation 3,10.41,2026-06-16T00:39:49.312340+00:00,False,+2.0%,True,$478.9M,,N/A,False,36.4K,True,$10.41 / SMA $10.38,False,1.12%,,N/A,True,27.4M,True,NYQ,False,
KRT,Karat Packaging Inc.,29.93,2026-06-16T00:39:44.477130+00:00,False,+45.2%,True,$597.5M,False,+6.3%,False,93.8K,True,$29.93 / SMA $28.10,True,3.22%,False,+12.9%,True,8.5M,True,NMS,False,
KRYAY,Kerry Group plc,87.45,2026-06-16T00:06:16.354625+00:00,False,+17.4%,True,$13976.8M,,,False,49.5K,True,$87.45 / SMA $83.15,False,2.10%,,,False,160.8M,False,OID,False,
KRYS,"Krystal Biotech, Inc.",324.75,2026-06-16T00:06:26.833099+00:00,True,+153.7%,True,$9573.6M,True,+52.5%,False,286.0K,True,$324.75 / SMA $289.57,True,3.66%,True,+31.9%,True,23.4M,True,NMS,False,
KSHTY,Kuaishou Technology,1.122,2026-06-16T00:06:02.545600+00:00,False,+7.9%,True,$24273.9M,False,+-12.0%,False,20.5K,False,$1.12 / SMA $1.19,True,4.75%,,,False,13997.9M,False,PNK,False,
KSIOF,"kneat.com, inc.",4.6,2026-06-16T00:26:50.824642+00:00,True,+104.4%,True,$442.2M,False,+-300.0%,False,53.2K,True,$4.60 / SMA $3.50,False,1.92%,False,+22.1%,True,75.1M,False,OQX,False,
KSKGF,Kingsgate Consolidated Limited,3.61,2026-06-16T00:11:53.251740+00:00,True,+188.8%,True,$964.7M,,,False,2.2K,False,$3.61 / SMA $4.12,False,1.93%,,,False,230.4M,False,PNK,False,
KSPI,Joint Stock Company Kaspi.kz,83.2,2026-06-15T23:54:23.686061+00:00,False,+21.3%,True,$15810.3M,False,+-1.0%,True,527.8K,False,$83.20 / SMA $84.90,True,3.60%,True,+31.3%,True,90.4M,True,NMS,False,
KSS,Kohl's Corporation,17.2,2026-06-16T00:35:54.112613+00:00,True,+116.9%,True,$1950.5M,False,+0.0%,True,5149.1K,True,$17.20 / SMA $14.20,True,6.32%,False,+-2.0%,True,111.4M,True,NYQ,False,
KT,KT Corporation,18.84,2026-06-16T00:18:26.239981+00:00,False,+8.0%,True,$9018.0M,False,+-33.5%,True,1473.4K,False,$18.84 / SMA $20.27,False,2.35%,False,+-1.0%,False,427.3M,True,NYQ,False,
KTB,"Kontoor Brands, Inc.",79.22,2026-06-16T00:33:34.886200+00:00,False,+47.9%,True,$4378.7M,True,+117.1%,True,780.5K,True,$79.22 / SMA $71.37,True,4.28%,True,+45.0%,True,54.3M,True,NYQ,False,
KTF,DWS Municipal Income Trust,9.2,2026-06-16T00:40:10.665538+00:00,False,+8.5%,True,$360.4M,,N/A,False,143.3K,True,$9.20 / SMA $9.04,False,0.68%,,N/A,,N/A,True,NYQ,False,
KTOS,"Kratos Defense & Security Solutions, Inc.",57.02,2026-06-15T23:54:33.349183+00:00,False,+46.2%,True,$10692.4M,True,+133.3%,True,4239.1K,False,$57.02 / SMA $62.17,True,6.42%,False,+22.6%,False,184.7M,True,NMS,False,
KTWIF,Kurita Water Industries Ltd.,52.6,2026-06-16T00:33:13.043568+00:00,False,+59.9%,True,$5728.1M,,N/A,False,0.1K,True,$52.60 / SMA $51.54,False,0.14%,,N/A,True,106.4M,False,PNK,False,
KUBTY,Kubota Corporation,85.58,2026-06-15T23:54:21.676695+00:00,False,+59.7%,True,$19466.8M,,,False,28.7K,False,$85.58 / SMA $85.61,False,1.82%,,,False,1103.7M,False,PNK,False,
KUMBF,KUMBF,,2026-06-16T00:21:39.784822+00:00,False,,False,,False,,False,,False,,False,,False,,False,,False,Unknown,False,Too Many Requests. Rate limited. Try after a while.
KURA,"Kura Oncology, Inc.",9.54,2026-06-16T00:00:20.630862+00:00,True,+75.0%,True,$846.9M,False,+-25.8%,True,1641.0K,True,$9.54 / SMA $9.29,True,6.54%,True,+29.5%,True,70.3M,True,NMS,False,
KVUE,Kenvue Inc.,18.25,2026-06-16T00:17:51.842493+00:00,False,+30.2%,True,$35040.2M,True,+47.1%,True,19480.1K,True,$18.25 / SMA $17.33,False,2.07%,False,+4.5%,False,1917.5M,True,NYQ,False,
KWHIF,"Kawasaki Heavy Industries, Ltd.",17.38,2026-06-16T00:06:13.313040+00:00,False,+8.6%,True,$14527.0M,,,False,153.3K,False,$17.38 / SMA $19.63,False,2.61%,,,False,794.1M,False,PNK,False,
KXIAY,KXIAY,52.8,2026-06-16T00:05:43.427091+00:00,True,+1180.0%,True,$288333.5M,,,True,1016.6K,True,$52.80 / SMA $31.93,True,7.93%,,,False,3429.5M,False,PNK,False,
KYCCF,Keyence Corporation,457.38,2026-06-16T00:05:45.493809+00:00,False,+50.8%,True,$110926.2M,,,False,3.7K,True,$457.38 / SMA $456.91,True,9.05%,,,False,187.2M,False,PNK,False,
KYIV,Kyivstar Group Ltd.,13.75,2026-06-16T00:09:45.496364+00:00,False,+48.0%,True,$3174.4M,True,+94.1%,True,673.3K,True,$13.75 / SMA $12.85,True,3.38%,True,+26.7%,True,35.4M,True,NMS,False,
KYOCF,Kyocera Corporation,23.08,2026-06-16T00:06:01.581224+00:00,True,+121.5%,True,$30405.7M,,,False,2.9K,True,$23.08 / SMA $18.43,False,1.28%,,,False,1292.5M,False,PNK,False,
KYOCY,Kyocera Corporation,22.89,2026-06-16T00:17:56.864829+00:00,True,+116.4%,True,$30155.4M,,,False,82.6K,True,$22.89 / SMA $18.80,True,4.81%,,,False,1210.6M,False,PNK,False,
KYSEY,"Kyushu Electric Power Company, Incorporated",10.21,2026-06-16T00:08:14.776151+00:00,False,+23.2%,True,$5185.8M,,,False,2.8K,False,$10.21 / SMA $11.29,True,7.58%,,,False,435.2M,False,PNK,False,
L,Loews Corporation,108.28,2026-06-16T00:06:07.194557+00:00,False,+23.3%,True,$22280.7M,False,+-6.3%,True,775.8K,True,$108.28 / SMA $107.94,False,1.76%,False,+1.4%,False,166.8M,True,NYQ,False,
LAC,Lithium Americas Corp.,4.58,2026-06-16T00:22:27.560850+00:00,True,+85.4%,True,$1607.9M,True,+100.0%,True,10911.8K,False,$4.58 / SMA $4.93,True,6.64%,,,False,334.3M,True,NYQ,False,
LADR,Ladder Capital Corp,10.11,2026-06-16T00:24:11.938043+00:00,False,+5.2%,True,$1290.7M,False,+-77.8%,True,887.3K,False,$10.11 / SMA $10.16,False,1.61%,False,+1.0%,True,111.6M,True,NYQ,False,
LAMR,Lamar Advertising Company,154.48,2026-06-16T00:06:14.032738+00:00,False,+35.9%,True,$15675.9M,False,+-25.9%,True,609.8K,True,$154.48 / SMA $143.61,False,1.75%,False,+4.5%,True,86.3M,True,NMS,False,
LAND,Gladstone Land Corporation,8.85,2026-06-16T00:39:59.026850+00:00,False,+4.5%,True,$381.8M,False,+-196.0%,True,548.4K,False,$8.85 / SMA $9.66,False,2.23%,False,+-1.5%,True,41.7M,True,NGM,False,
LAR,Lithium Argentina AG,9.77,2026-06-16T00:11:46.618844+00:00,True,+411.5%,True,$1600.7M,True,+225.0%,True,3242.0K,True,$9.77 / SMA $9.49,True,6.69%,,,True,137.8M,True,NYQ,True,
LASR,"nLIGHT, Inc.",69.63,2026-06-16T00:20:21.149293+00:00,True,+312.7%,True,$3927.7M,True,+106.2%,True,1409.4K,False,$69.63 / SMA $71.15,True,7.98%,True,+55.2%,True,53.5M,True,NMS,False,
LAZ,"Lazard, Inc.",44.06,2026-06-16T00:33:25.314865+00:00,False,+13.9%,True,$4337.2M,True,+62.5%,True,1486.5K,False,$44.06 / SMA $46.42,True,4.85%,False,+17.4%,True,97.6M,True,NYQ,False,
LBLCF,Loblaw Companies Limited,46.99,2026-06-15T23:54:08.157810+00:00,False,+23.4%,True,$54691.1M,False,+19.0%,False,36.0K,True,$46.99 / SMA $45.28,False,0.90%,False,+4.2%,False,189.0M,False,PNK,False,
LBRDA,Liberty Broadband Corporation,33.55,2026-06-16T00:20:18.395075+00:00,False,+13.4%,True,$4826.5M,False,+-25.0%,False,198.0K,False,$33.55 / SMA $39.98,True,4.60%,,,True,130.7M,True,NMS,False,
LBRDB,Liberty Broadband Corporation,33.0,2026-06-16T00:33:24.170265+00:00,False,+10.0%,True,$4865.6M,False,+-25.0%,False,0.1K,False,$33.00 / SMA $39.67,False,1.24%,,N/A,True,130.7M,False,OQB,False,
LBRDK,Liberty Broadband Corporation,33.64,2026-06-16T00:08:15.321391+00:00,False,+13.4%,True,$4827.3M,False,+-25.0%,True,1833.3K,False,$33.64 / SMA $40.03,True,4.88%,,,True,130.7M,True,NMS,False,
LBRDP,Liberty Broadband Corporation,21.86,2026-06-15T23:56:26.145213+00:00,False,+3.8%,,,,,False,15.4K,False,$21.86 / SMA $22.32,False,1.45%,,,True,130.7M,True,NMS,False,
LBRX,LB Pharmaceuticals Inc,28.5,2026-06-16T00:37:57.313512+00:00,True,+113.3%,True,$817.3M,False,+-183.4%,False,232.4K,False,$28.50 / SMA $29.28,True,5.79%,,N/A,True,18.1M,True,NGM,False,
LBTYB,Liberty Global Ltd.,13.4,2026-06-15T23:56:31.994954+00:00,False,+40.0%,True,$4530.5M,True,+125.0%,False,10.6K,False,$13.40 / SMA $14.88,True,6.16%,False,+8.8%,False,276.1M,True,NMS,False,
LBTYK,Liberty Global Ltd.,11.6,2026-06-16T00:08:20.531408+00:00,False,+19.2%,True,$3921.9M,True,+125.0%,True,1348.7K,False,$11.60 / SMA $11.70,True,3.18%,False,+8.8%,False,276.1M,True,NMS,False,
LC,LendingClub Corporation,18.45,2026-06-15T23:59:53.481009+00:00,True,+76.6%,True,$2128.2M,True,+340.0%,True,2117.3K,True,$18.45 / SMA $16.64,True,4.36%,False,+15.9%,True,111.3M,True,NYQ,False,
LCID,"Lucid Group, Inc.",5.25,2026-06-16T00:10:03.367230+00:00,False,+17.4%,True,$2048.8M,False,+-43.6%,True,15500.2K,False,$5.25 / SMA $6.51,True,7.04%,False,+20.2%,False,172.3M,True,NMS,False,
LCSHF,Lancashire Holdings Limited,8.14,2026-06-16T00:35:40.603779+00:00,False,+10.3%,True,$1974.4M,,N/A,False,0.3K,True,$8.14 / SMA $7.77,False,0.20%,,N/A,False,201.4M,False,PNK,False,
LCTX,"Lineage Cell Therapeutics, Inc.",1.23,2026-06-16T00:03:50.789413+00:00,False,+53.7%,True,$306.6M,False,+-50.0%,True,1177.5K,False,$1.23 / SMA $1.40,True,5.57%,False,+14.8%,False,187.3M,True,ASE,False,
LDGYY,Landis+Gyr Group AG,15.0,2026-06-16T00:22:25.081320+00:00,False,+0.0%,True,$1705.9M,,,False,0.0K,False,$15.00 / SMA $16.25,False,0.00%,,,True,101.2M,False,PNK,False,
LDI,"loanDepot, Inc.",1.21,2026-06-16T00:39:57.353664+00:00,False,+10.5%,True,$784.8M,False,+-45.5%,True,2016.2K,False,$1.21 / SMA $1.38,True,6.25%,False,+5.9%,True,111.0M,True,NYQ,False,
LDNXF,London Stock Exchange Group plc,117.43,2026-06-15T23:54:06.239416+00:00,False,+23.6%,True,$57177.8M,,,False,3.9K,False,$117.43 / SMA $124.82,False,1.64%,,,False,446.1M,False,OQX,False,
LDOS,"Leidos Holdings, Inc.",114.6,2026-06-15T23:54:25.288816+00:00,False,+1.2%,True,$14415.0M,False,+-7.6%,True,1175.8K,False,$114.60 / SMA $137.36,True,3.22%,False,+3.7%,True,124.8M,True,NYQ,False,
LDP,"Cohen & Steers Limited Duration Preferred and Income Fund, Inc.",20.76,2026-06-16T00:38:07.020945+00:00,False,+7.3%,True,$603.7M,,N/A,False,71.7K,True,$20.76 / SMA $20.52,False,1.12%,,N/A,,N/A,True,NYQ,False,
LDSCY,Land Securities Group Plc,9.0,2026-06-16T00:33:11.730162+00:00,False,+30.8%,True,$6705.4M,,N/A,False,147.9K,True,$9.00 / SMA $8.19,False,2.78%,,N/A,False,732.2M,False,PNK,False,
LECO,"Lincoln Electric Holdings, Inc.",267.86,2026-06-15T23:54:26.792199+00:00,False,+34.5%,True,$14675.3M,False,+17.6%,False,359.5K,True,$267.86 / SMA $260.58,False,2.64%,False,+11.7%,True,53.8M,True,NMS,False,
LEFUF,Leon's Furniture Limited,17.47,2026-06-16T00:00:04.588386+00:00,False,+0.2%,True,$1203.2M,False,+-11.4%,False,2.1K,False,$17.47 / SMA $18.31,False,0.39%,False,+-3.9%,True,21.2M,False,PNK,False,
LEGO,Legato Merger Corp. IV,9.91,2026-06-16T00:03:53.119394+00:00,False,+1.1%,True,$309.9M,,,False,17.2K,True,$9.91 / SMA $9.88,False,0.12%,,,,,True,ASE,False,
LEN.B,LEN.B,,2026-06-15T23:54:19.773326+00:00,False,,False,,False,,False,,False,,False,,False,,False,,False,Unknown,False,No price data available
LEO,"BNY Mellon Strategic Municipals, Inc.",6.43,2026-06-16T00:40:01.868795+00:00,False,+12.6%,True,$400.5M,,N/A,False,206.7K,True,$6.43 / SMA $6.32,False,0.73%,,N/A,,N/A,True,NYQ,False,
LEU,Centrus Energy Corp.,176.65,2026-06-16T00:20:28.171931+00:00,False,+22.1%,True,$3475.2M,False,+-68.1%,True,862.4K,False,$176.65 / SMA $189.92,True,7.24%,False,+4.9%,True,18.3M,True,NYQ,False,
LEVI,Levi Strauss & Co.,24.05,2026-06-16T00:06:27.806933+00:00,False,+41.9%,True,$9249.5M,True,+32.4%,True,2833.8K,True,$24.05 / SMA $22.37,True,3.11%,False,+14.1%,True,90.4M,True,NYQ,False,
LFABF,Lifco AB (publ),28.36,2026-06-16T00:06:17.680134+00:00,False,+0.0%,True,$12881.6M,False,+-7.0%,False,0.0K,False,$28.36 / SMA $30.07,False,0.00%,False,+0.9%,False,221.3M,False,PNK,False,
LFBCF,Life & Banc Split Corp.,9.46,2026-06-16T00:02:00.404698+00:00,False,+60.9%,,,,,False,0.4K,True,$9.46 / SMA $8.90,False,0.00%,,,,,False,PNK,False,
LFCBY,Lifco AB (publ),16.83,2026-06-16T00:18:11.165419+00:00,False,+16.0%,True,$15288.9M,False,+-7.0%,False,0.7K,True,$16.83 / SMA $15.91,False,1.36%,False,+0.9%,False,442.6M,False,PNK,False,
LFST,"LifeStance Health Group, Inc.",8.59,2026-06-15T23:58:10.958964+00:00,True,+129.7%,True,$3280.0M,,,True,3923.5K,True,$8.59 / SMA $7.42,True,3.44%,False,+21.2%,False,238.0M,True,NMS,False,
LFUS,"Littelfuse, Inc.",476.9,2026-06-15T23:54:31.617195+00:00,True,+121.6%,True,$12060.3M,True,+69.1%,False,294.2K,True,$476.90 / SMA $429.19,True,4.25%,False,+18.5%,True,25.0M,True,NMS,False,
LGDDF,Lagardere SA,22.15,2026-06-16T00:22:08.759633+00:00,False,+9.0%,True,$3164.8M,,,False,0.0K,True,$22.15 / SMA $21.03,False,0.00%,,,True,9.8M,False,PNK,False,
LGDTF,Liberty Gold Corp.,1.03,2026-06-16T00:39:43.369313+00:00,True,+368.2%,True,$546.3M,False,+0.0%,True,694.5K,False,$1.03 / SMA $1.07,True,8.42%,,N/A,False,513.0M,False,OQX,False,
LGFRY,Longfor Group Holdings Limited,11.15,2026-06-15T23:54:41.480522+00:00,False,+18.6%,True,$7651.6M,,,False,53.9K,True,$11.15 / SMA $10.53,False,1.85%,,,False,218.2M,False,PNK,False,
LGGNF,Legal & General Group Plc,3.52,2026-06-15T23:54:21.248942+00:00,False,+15.0%,True,$19303.8M,,,False,34.4K,True,$3.52 / SMA $3.51,False,1.51%,,,False,5371.8M,False,PNK,False,
LGGNY,Legal & General Group Plc,19.0,2026-06-16T00:06:09.221703+00:00,False,+24.6%,True,$20839.4M,,,False,76.5K,True,$19.00 / SMA $17.44,False,1.28%,,,False,1074.4M,False,PNK,False,
LGMMY,LEG Immobilien SE,16.21,2026-06-16T00:08:14.580969+00:00,True,+74.9%,True,$4900.0M,False,+-63.6%,False,0.1K,True,$16.21 / SMA $13.32,False,0.00%,False,+1.6%,True,75.6M,False,PNK,False,
LGND,Ligand Pharmaceuticals Incorporated,253.25,2026-06-16T00:20:20.196520+00:00,True,+130.2%,True,$5075.4M,True,+69.7%,False,221.3K,True,$253.25 / SMA $227.21,True,3.19%,False,+14.1%,True,19.6M,True,NGM,False,
LGRDY,Legrand SA,30.84,2026-06-15T23:54:09.239426+00:00,False,+26.9%,True,$40307.1M,,,False,126.7K,False,$30.84 / SMA $34.24,False,2.10%,False,+4.9%,False,1267.2M,False,PNK,False,
LGRVF,Legrand SA,161.33,2026-06-16T00:05:53.827609+00:00,False,+31.0%,True,$42170.9M,,,False,0.1K,False,$161.33 / SMA $170.31,False,0.00%,False,+4.9%,False,253.4M,False,PNK,False,
LH,Labcorp Holdings Inc.,265.03,2026-06-16T00:06:07.978658+00:00,False,+9.6%,True,$21732.5M,True,+32.9%,True,628.4K,True,$265.03 / SMA $261.38,False,2.32%,False,+5.8%,True,81.6M,True,NYQ,False,
LHX,"L3Harris Technologies, Inc.",304.17,2026-06-15T23:54:06.804102+00:00,False,+24.7%,True,$56665.3M,True,+33.3%,True,1315.3K,False,$304.17 / SMA $319.79,False,2.12%,False,+11.9%,False,219.8M,True,NYQ,False,
LI,Li Auto Inc.,14.38,2026-06-15T23:54:24.747084+00:00,False,+7.6%,True,$14496.5M,False,+-464.5%,True,4015.1K,False,$14.38 / SMA $17.07,False,2.92%,False,+-11.4%,False,551.2M,True,NMS,False,
LIF,LIF,,2026-06-16T00:24:47.543088+00:00,False,,False,,False,,False,,False,,False,,False,,False,,False,Unknown,False,Too Many Requests. Rate limited. Try after a while.
LIFE,Ethos Technologies Inc.,16.455,2026-06-16T00:00:07.833120+00:00,True,+74.1%,True,$1564.4M,,,True,555.6K,False,$16.45 / SMA $18.48,True,10.20%,True,+190.3%,True,26.1M,True,NMS,False,
LIFX,"Life360, Inc.",15.52,2026-06-16T00:09:45.852523+00:00,False,+23.8%,True,$3773.2M,False,+-40.0%,False,1.8K,False,$15.52 / SMA $18.70,False,0.00%,True,+38.1%,False,232.2M,False,PNK,False,
LIFZF,Labrador Iron Ore Royalty Corporation,20.12,2026-06-16T00:37:33.315848+00:00,False,+6.5%,True,$1287.7M,,N/A,False,20.3K,False,$20.12 / SMA $20.68,False,2.49%,False,+-36.7%,True,63.9M,False,PNK,False,
LII,Lennox International Inc.,524.17,2026-06-15T23:54:23.802263+00:00,False,+20.8%,True,$18241.1M,False,+-0.6%,False,442.1K,True,$524.17 / SMA $503.67,True,3.57%,False,+5.8%,True,29.6M,True,NYQ,False,
LILA,Liberty Latin America Ltd.,7.73,2026-06-16T00:11:44.633305+00:00,False,+47.5%,True,$1556.8M,True,+84.1%,False,352.2K,False,$7.73 / SMA $7.99,True,4.44%,False,+-0.1%,True,130.8M,True,NMS,False,
LILAB,Liberty Latin America Ltd.,7.25,2026-06-16T00:24:09.347867+00:00,False,+30.6%,True,$1460.2M,True,+84.1%,False,0.0K,False,$7.25 / SMA $8.47,False,0.00%,False,+-0.1%,True,130.8M,False,PNK,False,
LILAK,Liberty Latin America Ltd.,7.76,2026-06-15T23:59:56.830980+00:00,False,+45.6%,True,$1562.9M,True,+84.1%,True,809.5K,False,$7.76 / SMA $8.13,True,4.43%,False,+-0.1%,True,130.8M,True,NMS,False,
LIMAF,Linamar Corporation,74.1,2026-06-16T00:20:24.202680+00:00,False,+64.3%,True,$4387.7M,True,+26.2%,False,2.8K,True,$74.10 / SMA $67.26,False,0.42%,False,+16.1%,True,37.8M,False,PNK,False,
LINC,Lincoln Educational Services Corporation,44.8,2026-06-16T00:24:04.217924+00:00,True,+159.1%,True,$1421.1M,True,+133.3%,True,510.6K,True,$44.80 / SMA $44.79,True,4.62%,False,+22.5%,True,27.7M,True,NMS,False,
LINIF,LINIF,0.54,2026-06-16T00:00:14.033377+00:00,True,+730.8%,,,,,False,2.9K,False,$0.54 / SMA $0.61,False,1.15%,,,,,False,PNK,False,
LINRF,Liontown Limited,1.5172,2026-06-16T00:20:16.851347+00:00,True,+248.5%,True,$4823.3M,,,False,9.7K,False,$1.52 / SMA $1.59,True,6.33%,,,False,1999.4M,False,PNK,False,
LITE,Lumentum Holdings Inc.,957.24,2026-06-16T00:05:49.025363+00:00,True,+1047.5%,True,$74473.3M,True,+334.4%,True,6465.3K,True,$957.24 / SMA $903.34,True,9.59%,True,+90.1%,True,71.2M,True,NMS,True,
LKFT,Lakefront Biotherapeutics NV,28.66,2026-06-16T00:11:41.954565+00:00,False,+8.5%,True,$1888.6M,True,+109.4%,False,177.2K,True,$28.66 / SMA $28.22,False,2.19%,False,+-91.4%,False,890.8M,True,NMS,False,
LKNCY,Luckin Coffee Inc.,30.82,2026-06-16T00:18:25.327904+00:00,False,+2.7%,True,$8823.4M,False,+0.0%,True,1249.3K,False,$30.82 / SMA $32.51,False,2.89%,True,+35.3%,False,208.3M,False,OID,False,
LKQ,LKQ Corporation,26.14,2026-06-16T00:31:35.243120+00:00,False,+9.0%,True,$6660.2M,False,+-52.3%,True,3019.2K,False,$26.14 / SMA $27.87,True,3.42%,False,+4.3%,False,253.2M,True,NMS,False,
LKREF,Link Real Estate Investment Trust,5.0,2026-06-16T00:06:17.141036+00:00,False,+19.0%,True,$13095.8M,,,False,2.5K,False,$5.00 / SMA $5.04,False,1.80%,,,False,2597.9M,False,PNK,False,
LLDTF,Lloyds Banking Group plc,1.25,2026-06-16T00:17:39.664807+00:00,False,+38.9%,True,$72791.6M,True,+41.2%,False,9.9K,False,$1.25 / SMA $1.30,False,0.84%,False,+10.4%,False,55492.9M,False,PNK,False,
LLYVA,"Liberty Live Holdings, Inc.",96.85,2026-06-15T23:54:36.839920+00:00,False,+33.3%,True,$8910.6M,,,False,223.2K,True,$96.85 / SMA $94.20,True,3.32%,,,True,52.6M,True,NMS,False,
LMAT,"LeMaitre Vascular, Inc.",91.92,2026-06-16T00:22:18.407083+00:00,False,+16.3%,True,$2100.4M,True,+41.7%,False,264.6K,False,$91.92 / SMA $103.93,True,3.07%,False,+11.2%,True,21.3M,True,NGM,False,
LMB,"Limbach Holdings, Inc.",78.36,2026-06-16T00:13:34.478154+00:00,False,+20.4%,True,$934.1M,False,+-57.6%,False,287.3K,False,$78.36 / SMA $83.82,True,6.84%,False,+4.3%,True,11.1M,True,NCM,False,
LMGIF,Lumine Group Inc.,16.67,2026-06-16T00:08:22.783105+00:00,False,+28.2%,True,$4277.9M,,,False,36.2K,True,$16.67 / SMA $15.57,True,3.64%,False,+11.3%,False,254.4M,False,PNK,False,
LMND,"Lemonade, Inc.",60.75,2026-06-15T23:56:29.045968+00:00,True,+70.2%,True,$4666.9M,True,+45.3%,True,1759.0K,True,$60.75 / SMA $58.24,True,6.25%,True,+70.6%,True,71.1M,True,NYQ,True,
LMPMY,Lee & Man Paper Manufacturing Limited,3.7,2026-06-15T23:59:55.802399+00:00,False,+47.4%,True,$1589.2M,,,False,0.1K,False,$3.70 / SMA $3.97,False,0.53%,,,False,230.4M,False,PNK,False,
LMRI,"Lumexa Imaging Holdings, Inc.",9.39,2026-06-16T00:13:37.546511+00:00,False,+45.6%,True,$902.2M,,,True,1074.1K,True,$9.39 / SMA $8.91,True,7.94%,,,True,22.1M,True,NMS,False,
LMT,Lockheed Martin Corporation,530.36,2026-06-15T23:54:01.401528+00:00,False,+29.3%,True,$122281.7M,False,+-11.5%,True,1408.0K,False,$530.36 / SMA $540.94,False,2.03%,False,+0.3%,False,197.6M,True,NYQ,False,
LND,BrasilAgro - Companhia Brasileira de Propriedades Agrícolas,3.72,2026-06-16T00:03:44.829854+00:00,False,+7.2%,True,$370.6M,True,+27.1%,False,92.2K,False,$3.72 / SMA $3.88,False,1.86%,False,+-4.8%,True,46.5M,True,NYQ,False,
LNDMY,Lundin Mining Corporation,26.5,2026-06-16T00:31:05.391285+00:00,False,+20.5%,True,$22667.5M,True,+120.0%,False,0.1K,False,$26.50 / SMA $27.27,False,0.00%,True,+26.0%,False,676.6M,False,PNK,False,
LNN,Lindsay Corporation,114.8,2026-06-16T00:24:16.377364+00:00,False,+18.0%,True,$1200.2M,False,+-52.9%,False,192.9K,True,$114.80 / SMA $109.92,False,2.66%,False,+-15.7%,True,10.3M,True,NYQ,False,
LNNGF,Li Ning Company Limited,2.23,2026-06-15T23:56:23.549657+00:00,False,+21.2%,True,$5687.4M,,,False,1.2K,False,$2.23 / SMA $2.44,True,3.13%,,,False,2197.2M,False,PNK,False,
LNVGF,Lenovo Group Limited,2.77,2026-06-15T23:54:17.637086+00:00,True,+182.7%,True,$34360.9M,True,+40.3%,False,225.9K,True,$2.77 / SMA $1.88,True,8.67%,,,False,8640.7M,False,PNK,False,
LNVGY,Lenovo Group Limited,57.25,2026-06-16T00:06:03.116744+00:00,True,+172.6%,True,$35673.5M,True,+40.3%,False,98.2K,True,$57.25 / SMA $38.22,True,3.79%,,,False,432.0M,False,PNK,False,
LNWO,LNWO,88.43,2026-06-16T00:08:07.069141+00:00,False,+27.1%,True,$6956.1M,False,+-29.8%,False,46.6K,True,$88.43 / SMA $83.79,False,2.41%,False,+2.1%,True,70.3M,False,PNK,False,
LNXSY,LANXESS Aktiengesellschaft,3.71,2026-06-16T00:22:27.960834+00:00,False,+36.0%,True,$1601.7M,,,False,4.0K,False,$3.71 / SMA $4.04,False,0.24%,False,+-14.5%,False,425.8M,False,PNK,False,
LNZNF,Lenzing Aktiengesellschaft,28.61,2026-06-16T00:00:08.020766+00:00,False,+17.6%,True,$1172.8M,False,+-91.7%,False,0.0K,True,$28.61 / SMA $27.64,False,0.00%,False,+-10.8%,True,17.3M,False,PNK,False,
LOCO,"El Pollo Loco Holdings, Inc.",15.57,2026-06-16T00:39:54.842837+00:00,True,+73.3%,True,$474.2M,True,+42.1%,False,351.7K,True,$15.57 / SMA $13.97,True,3.48%,False,+5.9%,True,25.1M,True,NMS,False,
LOGC,ContextLogic Holdings Inc.,10.1,2026-06-16T00:40:02.118189+00:00,False,+57.8%,True,$461.9M,False,+-550.0%,False,89.8K,True,$10.10 / SMA $8.75,True,3.71%,,N/A,True,26.0M,False,OQB,False,
LOGI,Logitech International S.A.,110.9,2026-06-15T23:54:24.933917+00:00,False,+33.1%,True,$15918.1M,False,+2.1%,True,1111.3K,True,$110.90 / SMA $104.48,False,2.91%,False,+7.4%,True,143.1M,True,NMS,False,
LOIMF,Loomis AB (publ),47.3,2026-06-16T00:09:51.111310+00:00,False,+30.3%,True,$3165.4M,True,+34.0%,False,0.0K,True,$47.30 / SMA $46.68,False,0.00%,False,+-5.5%,True,66.7M,False,PNK,False,
LOMA,Loma Negra Compañía Industrial Argentina Sociedad Anónima,12.26,2026-06-16T00:35:56.273720+00:00,True,+74.1%,True,$1430.7M,True,+44.0%,False,422.1K,True,$12.26 / SMA $11.32,True,4.92%,False,+1.1%,True,50.9M,True,NYQ,False,
LOTMY,LOTMY,31.73,2026-06-16T00:18:32.525364+00:00,False,+46.6%,True,$7427.2M,True,+41.2%,False,18.4K,True,$31.73 / SMA $30.14,False,1.67%,False,+2.6%,False,210.3M,False,PNK,False,
LPBB,Launch Two Acquisition Corp.,10.69,2026-06-16T00:40:19.783079+00:00,False,+3.0%,True,$307.3M,False,+-12.5%,False,38.3K,True,$10.69 / SMA $10.65,False,0.07%,,N/A,True,17.8M,True,NGM,False,
LPBBU,Launch Two Acquisition Corp.,10.73,2026-06-16T00:27:02.894797+00:00,False,+4.9%,,,,,False,0.0K,True,$10.73 / SMA $10.67,False,0.00%,,,True,17.8M,True,NGM,False,
LPGCY,LPGCY,6.1265,2026-06-16T00:18:20.081146+00:00,False,+14.8%,True,$10828.3M,,,False,1.6K,False,$6.13 / SMA $7.05,True,3.60%,,,False,363.7M,False,PNK,False,
LPKFF,LPKF Laser & Electronics SE,25.88,2026-06-16T00:01:43.759883+00:00,True,+318.1%,True,$634.0M,,,False,123.0K,True,$25.88 / SMA $21.47,True,7.96%,False,+-57.7%,True,22.0M,False,PNK,False,
LPLA,LPL Financial Holdings Inc.,295.32,2026-06-16T00:31:06.271615+00:00,False,+13.5%,True,$23620.5M,False,+4.5%,True,974.5K,False,$295.32 / SMA $302.84,True,3.97%,True,+34.6%,True,79.4M,True,NMS,False,
LPX,Louisiana-Pacific Corporation,77.23,2026-06-16T00:33:23.562709+00:00,False,+16.8%,True,$5395.7M,False,+-70.0%,True,1091.0K,True,$77.23 / SMA $72.89,True,4.02%,False,+-20.7%,True,63.3M,True,NYQ,False,
LQDA,Liquidia Corporation,71.8,2026-06-16T00:20:15.153936+00:00,True,+505.9%,True,$6385.0M,True,+215.6%,True,1463.2K,True,$71.80 / SMA $50.10,True,6.30%,True,+4158.5%,True,62.7M,True,NCM,True,
LRCDF,Laurentian Bank of Canada,29.1,2026-06-16T00:37:32.767016+00:00,False,+34.2%,True,$1303.5M,False,+-172.5%,False,0.2K,False,$29.10 / SMA $29.17,False,0.00%,False,+-11.9%,True,41.2M,False,PNK,False,
LRMR,"Larimar Therapeutics, Inc.",3.59,2026-06-16T00:40:08.809044+00:00,False,+61.7%,True,$372.9M,True,+32.6%,True,1738.7K,False,$3.59 / SMA $4.04,True,6.52%,,N/A,True,60.0M,True,NGM,False,
LRVTF,LRVTF,0.872205,2026-06-16T00:01:56.518135+00:00,True,+58047.0%,,,,,False,87.9K,False,$0.87 / SMA_short $0.89,True,9.21%,,,False,365.2M,False,PNK,False,
LSDAF,Lassonde Industries Inc.,152.0,2026-06-16T00:11:55.054535+00:00,False,+33.4%,True,$1036.9M,True,+49.4%,False,0.0K,False,$152.00 / SMA $161.74,False,0.00%,False,+-5.1%,True,3.0M,False,PNK,False,
LSPD,Lightspeed Commerce Inc.,9.71,2026-06-16T00:00:05.711331+00:00,False,+24.0%,True,$1337.9M,True,+94.7%,True,1124.9K,True,$9.71 / SMA $9.26,True,4.52%,False,+14.7%,True,99.4M,True,NYQ,False,
LSRCF,Lasertec Corporation,240.2,2026-06-16T00:31:08.193003+00:00,True,+147.3%,True,$21529.3M,,N/A,False,0.0K,False,$240.20 / SMA $253.33,False,0.52%,,N/A,True,78.2M,False,PNK,False,
LSRCY,Lasertec Corporation,56.07,2026-06-16T00:18:01.475366+00:00,True,+196.5%,True,$25128.0M,,,False,85.6K,True,$56.07 / SMA $52.33,True,3.04%,,,False,391.0M,False,PNK,False,
LTBR,Lightbridge Corporation,9.97,2026-06-16T00:26:44.130831+00:00,False,+14.9%,True,$327.5M,False,+16.7%,True,902.8K,False,$9.97 / SMA $11.69,True,7.24%,,,True,31.1M,True,NCM,False,
LTC,"LTC Properties, Inc.",36.63,2026-06-15T23:58:19.042831+00:00,False,+8.9%,True,$1874.8M,False,+6.7%,False,413.0K,False,$36.63 / SMA $37.92,False,2.13%,True,+94.6%,True,38.3M,True,NYQ,False,
LTGHY,Life Healthcare Group Holdings Limited,2.61,2026-06-16T00:11:56.660305+00:00,False,+16.5%,True,$933.7M,,,False,43.9K,False,$2.61 / SMA $2.79,True,5.07%,,,False,332.2M,False,PNK,False,
LTM,LTM,54.86,2026-06-16T00:18:10.825542+00:00,False,+49.7%,True,$16059.9M,True,+70.6%,True,944.8K,True,$54.86 / SMA $50.39,True,4.17%,False,+21.9%,False,176.1M,True,NYQ,False,
LTOUF,Larsen & Toubro Limited,41.95,2026-06-15T23:54:07.166259+00:00,False,+43.5%,True,$57709.3M,True,+58.5%,False,0.1K,False,$41.95 / SMA $42.64,False,0.00%,True,+28.0%,False,1143.3M,False,PNK,False,
LU,Lufax Holding Ltd,1.36,2026-06-16T00:10:03.002812+00:00,False,+5.4%,True,$1178.7M,,,True,1453.7K,False,$1.36 / SMA $1.77,True,4.98%,,,False,247.8M,True,NYQ,False,
LUGDF,Lundin Gold Inc.,54.9,2026-06-16T00:31:14.852327+00:00,False,+27.3%,True,$13276.6M,,N/A,False,62.9K,False,$54.90 / SMA $64.70,True,4.97%,True,+66.0%,True,100.2M,False,OQX,False,
LULU,lululemon athletica inc.,116.21,2026-06-16T00:18:09.657294+00:00,False,+6.3%,True,$13196.1M,False,+-35.0%,True,3544.2K,False,$116.21 / SMA $136.86,True,3.96%,False,+4.3%,True,104.6M,True,NMS,False,
LUMN,"Lumen Technologies, Inc.",8.53,2026-06-16T00:06:24.819792+00:00,True,+153.1%,True,$8788.6M,False,+0.0%,True,13688.2K,False,$8.53 / SMA $8.98,True,6.76%,False,+-8.9%,False,947.5M,True,NYQ,False,
LUNR,"Intuitive Machines, Inc.",25.76,2026-06-16T00:31:30.671424+00:00,True,+231.1%,True,$4133.3M,False,+-127.3%,True,15711.1K,False,$25.76 / SMA $29.70,True,14.36%,True,+193.7%,True,130.4M,True,NGM,False,
LUOYF,Triumph New Energy Company Limited,0.4574,2026-06-16T00:24:34.549613+00:00,False,+1.6%,False,$295.3M,,,False,0.0K,False,$0.46 / SMA $0.53,False,0.00%,,,,,False,PNK,False,
LUV,Southwest Airlines Co.,46.08,2026-06-16T00:18:07.516847+00:00,False,+59.0%,True,$22522.7M,True,+273.1%,True,7189.5K,True,$46.08 / SMA $40.43,True,3.78%,False,+12.8%,False,483.7M,True,NYQ,False,
LVMHF,"LVMH Moët Hennessy - Louis Vuitton, Société Européenne",591.5,2026-06-16T00:05:42.768444+00:00,False,+16.0%,True,$292246.7M,,,False,4.3K,True,$591.50 / SMA $548.66,False,2.72%,,,False,245.1M,False,PNK,False,
LVMUY,"LVMH Moët Hennessy - Louis Vuitton, Société Européenne",118.54,2026-06-15T23:53:58.368380+00:00,False,+16.4%,True,$292839.6M,,,False,431.7K,True,$118.54 / SMA $109.77,False,1.99%,,,False,1225.3M,False,PNK,False,
LVS,Las Vegas Sands Corp.,49.74,2026-06-16T00:30:59.888902+00:00,False,+21.5%,True,$32959.6M,True,+73.5%,True,4165.0K,False,$49.74 / SMA $52.51,False,2.73%,True,+25.3%,False,307.1M,True,NYQ,False,
LW,"Lamb Weston Holdings, Inc.",45.42,2026-06-16T00:20:10.974399+00:00,False,+20.7%,True,$6271.3M,False,+-62.1%,True,2520.4K,True,$45.42 / SMA $42.83,True,3.24%,False,+2.9%,True,136.8M,True,NYQ,False,
LWAC,LightWave Acquisition Corp.,10.26,2026-06-16T00:27:03.256633+00:00,False,+4.6%,True,$308.6M,,,False,5.4K,True,$10.26 / SMA $10.19,False,0.03%,,,True,21.6M,True,NGM,False,
LWSCF,Sienna Senior Living Inc.,15.56,2026-06-16T00:35:50.449058+00:00,False,+21.7%,True,$1651.4M,False,+-5.6%,False,0.7K,False,$15.56 / SMA $16.18,False,0.09%,False,+17.6%,True,106.0M,False,PNK,False,
LX,LexinFintech Holdings Ltd.,2.13,2026-06-16T00:26:56.543804+00:00,False,+19.0%,True,$351.0M,False,+-50.0%,True,1762.5K,True,$2.13 / SMA $2.10,True,6.78%,False,+6.6%,True,103.0M,True,NMS,False,
LXEO,"Lexeo Therapeutics, Inc.",4.65,2026-06-16T00:15:28.935932+00:00,False,+29.2%,True,$365.1M,True,+74.7%,True,827.4K,False,$4.65 / SMA $5.51,True,7.73%,,,True,47.5M,True,NGM,False,
LXFR,Luxfer Holdings PLC,18.01,2026-06-16T00:13:51.937240+00:00,False,+61.4%,True,$486.4M,False,+-35.0%,False,190.7K,True,$18.01 / SMA $15.15,True,3.73%,False,+-13.5%,True,26.2M,True,NYQ,False,
LXP,LXP Industrial Trust,53.9,2026-06-16T00:22:06.218115+00:00,False,+41.1%,True,$3177.5M,False,+-110.0%,False,487.7K,True,$53.90 / SMA $51.16,False,1.85%,False,+-3.3%,True,57.3M,True,NYQ,False,
LXRX,"Lexicon Pharmaceuticals, Inc.",1.96,2026-06-16T00:00:14.929234+00:00,True,+206.2%,True,$870.6M,True,+100.0%,True,2456.1K,True,$1.96 / SMA $1.90,True,6.26%,True,+1572.1%,False,262.5M,True,NCM,False,
LXU,"LSB Industries, Inc.",11.93,2026-06-16T00:24:25.298329+00:00,False,+68.3%,True,$858.2M,True,+1450.0%,True,1434.4K,False,$11.93 / SMA $13.78,True,4.52%,False,+18.2%,True,58.9M,True,NYQ,False,
LYB,LyondellBasell Industries N.V.,63.3,2026-06-16T00:31:06.462592+00:00,False,+52.2%,True,$20432.3M,False,+-29.6%,True,6623.9K,False,$63.30 / SMA $70.37,True,3.46%,False,+-6.3%,False,257.4M,True,NYQ,False,
LYPHF,Luye Pharma Group Ltd.,0.2041,2026-06-16T00:00:02.897946+00:00,False,+0.0%,True,$815.3M,,,False,65.1K,False,$0.20 / SMA $0.34,False,0.00%,,,False,2196.1M,False,PNK,False,
LYSCF,Lynas Rare Earths Limited,12.57,2026-06-16T00:31:16.468392+00:00,True,+141.3%,True,$12754.6M,,N/A,False,36.7K,False,$12.57 / SMA $13.73,True,5.61%,,N/A,False,893.1M,False,OQX,False,
LYSDY,Lynas Rare Earths Limited,12.57,2026-06-16T00:31:16.890102+00:00,True,+139.0%,True,$12651.7M,,N/A,False,267.6K,False,$12.57 / SMA $13.74,True,3.28%,,N/A,False,893.1M,False,OQX,False,
LYSFF,Lerøy Seafood Group ASA,4.3,2026-06-16T00:09:57.535720+00:00,False,+0.2%,True,$2576.8M,True,+175.0%,False,0.2K,False,$4.30 / SMA $4.90,False,0.00%,False,+1.7%,False,281.4M,False,PNK,False,
LZ,"LegalZoom.com, Inc.",5.98,2026-06-16T00:00:09.130464+00:00,False,+13.3%,True,$1026.5M,False,+-66.7%,True,2790.5K,False,$5.98 / SMA $6.21,True,5.28%,False,+12.9%,True,116.6M,True,NMS,False,
LZB,La-Z-Boy Incorporated,37.78,2026-06-16T00:35:53.338517+00:00,False,+30.1%,True,$1558.4M,False,+-23.5%,False,397.4K,True,$37.78 / SMA $35.40,True,3.01%,False,+3.8%,True,40.1M,True,NYQ,False,
LZM,Lifezone Metals Limited,4.07,2026-06-16T00:39:51.271159+00:00,False,+32.6%,True,$371.2M,,N/A,True,695.5K,False,$4.07 / SMA $4.81,True,8.47%,,N/A,True,33.4M,True,NYQ,False,
LZRFY,Localiza Rent a Car S.A.,8.075,2026-06-16T00:18:24.255580+00:00,False,+35.0%,True,$8847.8M,True,+39.4%,False,59.6K,False,$8.07 / SMA $9.23,True,3.68%,False,+21.2%,False,846.6M,False,OQX,False,
M,"Macy's, Inc.",24.68,2026-06-15T23:56:22.907074+00:00,True,+134.2%,True,$6491.8M,True,+76.9%,True,6733.4K,True,$24.68 / SMA $20.31,True,4.68%,False,+2.1%,False,258.8M,True,NYQ,False,
MA,Mastercard Incorporated,490.64,2026-06-16T00:17:29.808607+00:00,False,+5.6%,True,$433521.6M,False,+21.2%,True,3603.3K,False,$490.64 / SMA $499.30,False,2.07%,False,+15.8%,False,875.8M,True,NYQ,False,
MAA,"Mid-America Apartment Communities, Inc.",137.33,2026-06-16T00:06:14.476933+00:00,False,+14.2%,True,$16387.1M,False,+-31.2%,True,969.9K,True,$137.33 / SMA $129.45,False,1.89%,False,+0.8%,True,115.2M,True,NYQ,False,
MAAS,Maase Inc.,15.11,2026-06-16T00:20:16.394677+00:00,True,+527.0%,True,$6681.3M,,,False,199.2K,True,$15.11 / SMA $9.79,True,8.93%,,,,,True,NGM,False,
MAC,The Macerich Company,25.09,2026-06-16T00:33:15.467795+00:00,False,+62.1%,True,$7399.8M,True,+30.0%,True,2749.9K,True,$25.09 / SMA $22.16,False,2.48%,False,+-3.1%,False,260.7M,True,NYQ,False,
MAHLY,MediPal Holdings Corporation,16.64,2026-06-16T00:22:03.753540+00:00,False,+14.0%,True,$3406.2M,,,False,0.0K,False,$16.64 / SMA $18.95,False,0.00%,,,False,178.4M,False,PNK,False,
MAIN,Main Street Capital Corporation,51.29,2026-06-15T23:56:27.319430+00:00,False,+4.8%,True,$4769.4M,False,+-58.8%,True,785.3K,False,$51.29 / SMA $52.74,False,2.36%,False,+-47.4%,True,89.3M,True,NYQ,False,
MAKO,Mako Mining Corp.,7.94,2026-06-16T00:24:33.511299+00:00,True,+119.3%,True,$695.3M,True,+116.7%,False,176.1K,True,$7.94 / SMA $7.79,True,7.07%,True,+115.8%,True,84.9M,True,NCM,False,
MAKSY,Marks and Spencer Group plc,10.03,2026-06-15T23:54:35.683933+00:00,False,+22.5%,True,$10305.2M,,,False,219.0K,True,$10.03 / SMA $9.28,False,2.41%,,,False,970.5M,False,OQX,False,
MALRY,Mineral Resources Limited,48.97,2026-06-16T00:18:22.882922+00:00,True,+279.0%,True,$9678.0M,,,False,3.0K,True,$48.97 / SMA $46.45,False,1.47%,,,False,166.1M,False,PNK,False,
MAMA,"Mama's Creations, Inc.",14.99,2026-06-16T00:26:19.635008+00:00,True,+91.7%,True,$610.2M,True,+66.7%,False,414.8K,True,$14.99 / SMA $14.54,True,5.35%,True,+49.7%,True,36.7M,True,NCM,False,
MAN,ManpowerGroup Inc.,33.35,2026-06-16T00:35:56.513656+00:00,False,+32.6%,True,$1551.0M,False,+-58.3%,True,1019.6K,True,$33.35 / SMA $29.51,True,5.10%,False,+10.3%,True,41.9M,True,NYQ,False,
MANDF,Mandatum Oyj,7.6582,2026-06-16T00:33:35.022358+00:00,True,+81.0%,True,$3853.7M,False,+-120.0%,False,0.0K,True,$7.66 / SMA $7.39,False,0.00%,False,+-48.6%,False,428.9M,False,PNK,False,
MANE,MANE,96.27,2026-06-16T00:33:29.901520+00:00,True,+200.8%,True,$4022.0M,,N/A,True,581.2K,True,$96.27 / SMA $91.83,True,6.90%,,N/A,True,27.2M,True,NYQ,True,
MAR,"Marriott International, Inc.",400.63,2026-06-16T00:05:46.896876+00:00,False,+57.9%,True,$105641.6M,False,+1.7%,True,1446.9K,True,$400.63 / SMA $366.57,False,2.26%,False,+6.2%,False,228.2M,True,NMS,False,
MARA,"MARA Holdings, Inc.",14.64,2026-06-16T00:20:16.092537+00:00,True,+119.8%,True,$5581.8M,False,+-113.5%,True,44102.1K,True,$14.64 / SMA $12.33,True,7.57%,False,+-18.4%,False,372.8M,True,NCM,False,
MARUF,Marubeni Corporation,30.784,2026-06-16T00:17:43.444442+00:00,False,+60.8%,True,$50331.9M,,,False,19.3K,False,$30.78 / SMA $35.32,True,5.04%,,,False,1637.0M,False,PNK,False,
MARUY,Marubeni Corporation,308.35,2026-06-15T23:54:07.259154+00:00,False,+62.3%,True,$50415.3M,,,False,23.2K,False,$308.35 / SMA $352.20,False,2.59%,,,False,163.7M,False,PNK,False,
MAS,Masco Corporation,74.33,2026-06-15T23:54:28.323715+00:00,False,+27.8%,True,$14994.9M,False,+20.7%,True,2873.3K,True,$74.33 / SMA $68.53,False,2.89%,False,+6.5%,False,200.8M,True,NYQ,False,
MASI,Masimo Corporation,179.95,2026-06-16T00:18:24.098018+00:00,False,+42.9%,True,$9423.8M,True,+134.4%,True,1065.9K,True,$179.95 / SMA $178.68,False,0.13%,False,+8.5%,True,44.3M,True,NGM,False,
MAT,"Mattel, Inc.",14.35,2026-06-15T23:56:28.659355+00:00,False,+2.9%,True,$4169.7M,True,+266.7%,True,4463.7K,False,$14.35 / SMA $14.79,True,3.09%,False,+4.3%,False,238.2M,True,NMS,False,
MATW,Matthews International Corporation,26.43,2026-06-16T00:13:36.603536+00:00,False,+27.4%,True,$824.7M,False,+-137.9%,False,225.2K,False,$26.43 / SMA $26.90,True,3.33%,False,+-39.5%,True,28.5M,True,NMS,False,
MAUTF,Montage Gold Corp.,11.36,2026-06-15T23:56:34.179782+00:00,True,+281.2%,True,$4580.9M,False,+-71.4%,False,189.7K,True,$11.36 / SMA $10.98,True,8.66%,,,False,306.2M,False,OQX,False,
MAWHF,Man Wah Holdings Limited,0.55,2026-06-16T00:35:35.729498+00:00,False,+12.2%,True,$2114.2M,,N/A,False,0.0K,False,$0.55 / SMA $0.58,False,0.00%,,N/A,False,1445.1M,False,PNK,False,
MAWHY,Man Wah Holdings Limited,8.52,2026-06-16T00:22:26.674701+00:00,False,+1.3%,True,$1637.5M,,,False,1.3K,False,$8.52 / SMA $10.44,False,1.06%,,,True,144.5M,False,PNK,False,
MAX,"MediaAlpha, Inc.",9.84,2026-06-16T00:26:29.495609+00:00,False,+38.8%,True,$532.0M,True,+625.0%,True,575.3K,True,$9.84 / SMA $9.15,True,5.20%,False,+17.3%,True,31.1M,True,NYQ,False,
MAZE,"Maze Therapeutics, Inc.",24.27,2026-06-16T00:00:00.173401+00:00,True,+146.9%,True,$1343.2M,True,+60.9%,True,855.2K,False,$24.27 / SMA $26.00,True,5.17%,,,True,37.2M,True,NGM,False,
MBAV,M3-Brigade Acquisition V Corp.,10.74,2026-06-16T00:03:42.722809+00:00,False,+18.0%,True,$386.0M,False,+-37.5%,False,68.8K,False,$10.74 / SMA $10.79,False,1.16%,,,True,15.4M,True,NGM,False,
MBC,"MasterBrand, Inc.",9.17,2026-06-16T00:24:22.549612+00:00,False,+38.8%,True,$1173.6M,False,+-220.0%,True,3097.4K,True,$9.17 / SMA $8.41,True,6.06%,False,+-6.4%,True,112.4M,True,NYQ,False,
MBFJF,"Mitsubishi UFJ Financial Group, Inc.",19.56,2026-06-16T00:17:31.600146+00:00,False,+58.1%,True,$220575.6M,,,False,167.5K,True,$19.56 / SMA $18.43,True,5.95%,True,+33.5%,False,11182.6M,False,PNK,False,
MBGYY,Mercedes-Benz Group AG,13.85,2026-06-16T00:30:51.651178+00:00,False,+2.4%,True,$53036.1M,,N/A,False,364.6K,False,$13.85 / SMA $14.56,False,1.62%,False,+-17.8%,False,2809.7M,False,PNK,False,
MBI,MBIA Inc.,6.15,2026-06-16T00:27:02.017296+00:00,False,+49.6%,True,$313.2M,True,+37.5%,False,323.5K,True,$6.15 / SMA $5.98,True,3.79%,True,+71.4%,True,45.1M,True,NYQ,False,
MBIN,Merchants Bancorp,49.17,2026-06-15T23:58:17.886701+00:00,True,+71.0%,True,$2258.6M,True,+34.4%,False,162.8K,True,$49.17 / SMA $47.17,False,2.88%,False,+20.0%,True,28.8M,True,NCM,False,
MBINL,Merchants Bancorp,24.57,2026-06-16T00:10:04.748308+00:00,False,+12.7%,,,,,False,26.2K,True,$24.57 / SMA $24.57,False,0.62%,False,+20.0%,True,28.8M,True,NCM,False,
MBINM,Merchants Bancorp,25.35,2026-06-16T00:22:21.123535+00:00,False,+5.6%,,,,,False,11.1K,False,$25.35 / SMA $25.45,False,0.65%,False,+20.0%,True,28.8M,True,NCM,False,
MBLY,Mobileye Global Inc.,9.53,2026-06-16T00:06:27.744610+00:00,False,+47.3%,True,$8026.0M,False,+-3500.0%,True,6554.2K,True,$9.53 / SMA $9.06,True,5.44%,True,+27.4%,False,169.7M,True,NMS,False,
MBRFY,MBRF Global Foods Company S.A.,3.0,2026-06-15T23:56:27.640122+00:00,False,+20.0%,True,$4204.8M,False,+-21.9%,False,332.9K,False,$3.00 / SMA $3.50,True,6.15%,False,+-0.1%,False,785.2M,False,PNK,False,
MBVI,M3-Brigade Acquisition Vi Corp.,10.13,2026-06-16T00:13:51.905031+00:00,False,+1.4%,True,$436.9M,,,False,21.5K,True,$10.13 / SMA $10.11,False,0.06%,,,True,34.5M,True,NGM,False,
MBVIU,M3-Brigade Acquisition Vi Corp.,10.25,2026-06-16T00:02:05.640228+00:00,False,+2.6%,,,,,False,0.5K,True,$10.25 / SMA $10.19,False,0.12%,,,True,34.5M,True,NGM,False,
MBWM,Mercantile Bank Corporation,53.76,2026-06-16T00:37:53.385432+00:00,False,+25.9%,True,$928.7M,False,+9.1%,False,123.8K,True,$53.76 / SMA $51.92,False,2.42%,False,+18.1%,True,16.8M,True,NMS,False,
MC,Moelis & Company,69.09,2026-06-16T00:08:12.667422+00:00,False,+35.3%,True,$5138.7M,False,+-25.0%,True,1137.8K,True,$69.09 / SMA $65.51,True,3.63%,False,+4.3%,True,73.6M,True,NYQ,False,
MCB,Metropolitan Bank Holding Corp.,94.76,2026-06-16T00:00:07.203323+00:00,False,+47.5%,True,$1174.5M,True,+101.4%,False,140.3K,True,$94.76 / SMA $89.70,False,2.78%,False,+23.0%,True,11.1M,True,NYQ,False,
MCBS,"MetroCity Bankshares, Inc.",33.82,2026-06-16T00:37:52.498654+00:00,False,+37.9%,True,$969.3M,False,+22.2%,False,99.4K,True,$33.82 / SMA $32.18,False,2.50%,True,+41.2%,True,21.9M,True,NMS,False,
MCCK,"Mestek, Inc.",72.5,2026-06-16T00:26:18.785032+00:00,True,+81.5%,True,$547.1M,,,False,0.6K,True,$72.50 / SMA $69.73,False,2.25%,,,,,False,OID,False,
MCD,McDonald's Corporation,286.12,2026-06-16T00:30:42.243916+00:00,False,+5.2%,True,$203289.9M,False,+6.9%,True,3781.5K,False,$286.12 / SMA $286.95,False,1.70%,False,+9.4%,False,709.5M,True,NYQ,False,
MCDIF,Mcdermott International Ltd.,25.65,2026-06-16T00:24:32.002408+00:00,True,+294.6%,True,$731.9M,,,False,16.3K,False,$25.65 / SMA $25.93,False,1.22%,,,,,False,PNK,False,
MCHB,Mechanics Bancorp,15.05,2026-06-16T00:22:04.367124+00:00,False,+24.9%,True,$3332.1M,,,False,461.7K,True,$15.05 / SMA $14.44,False,2.42%,True,+36.1%,True,40.7M,True,NMS,False,
MCHP,Microchip Technology Incorporated,100.32,2026-06-16T00:05:52.599705+00:00,True,+106.8%,True,$54381.4M,True,+172.4%,True,10486.3K,True,$100.32 / SMA $88.86,True,4.83%,True,+35.1%,False,531.1M,True,NMS,False,
MCHPP,Microchip Technology Incorporated,83.94,2026-06-16T00:17:44.368185+00:00,True,+78.3%,,,,,False,202.2K,True,$83.94 / SMA $75.29,True,3.49%,True,+35.1%,False,531.1M,True,NMS,False,
MCK,McKesson Corporation,779.78,2026-06-16T00:30:46.930376+00:00,False,+22.4%,True,$93732.7M,True,+37.0%,True,1024.2K,False,$779.78 / SMA $794.86,False,2.18%,False,+6.0%,True,120.0M,True,NYQ,False,
MCO,Moody's Corporation,454.06,2026-06-15T23:54:04.550052+00:00,False,+12.9%,True,$79313.6M,False,+7.8%,True,1052.9K,True,$454.06 / SMA $448.45,False,2.56%,False,+8.1%,False,160.0M,True,NYQ,False,
MCQEF,Macquarie Group Limited,162.44,2026-06-16T00:17:42.191813+00:00,False,+29.0%,True,$62600.9M,,,False,0.1K,True,$162.44 / SMA $162.01,False,0.00%,,,False,363.4M,False,PNK,False,
MCRNF,Micro-Mechanics (Holdings) Ltd.,2.45,2026-06-16T00:40:03.556171+00:00,True,+107.6%,True,$340.6M,False,+18.8%,False,7.6K,True,$2.45 / SMA $1.97,False,0.65%,False,+16.2%,True,48.8M,False,PNK,False,
MCRUF,Morgan Advanced Materials plc,2.95,2026-06-16T00:13:35.576681+00:00,False,+14.3%,True,$815.4M,,,False,0.0K,False,$2.95 / SMA $2.95,False,0.00%,,,False,254.9M,False,PNK,False,
MCS,The Marcus Corporation,22.03,2026-06-16T00:02:00.818178+00:00,True,+71.4%,True,$676.9M,False,+5.6%,False,149.5K,True,$22.03 / SMA $18.89,True,3.41%,False,+3.8%,True,22.1M,True,NYQ,False,
MCY,Mercury General Corporation,101.03,2026-06-16T00:08:11.193510+00:00,False,+62.3%,True,$5595.9M,True,+275.5%,False,236.4K,True,$101.03 / SMA $97.34,False,2.65%,False,+10.5%,True,26.6M,True,NYQ,False,
MD,"Pediatrix Medical Group, Inc.",24.37,2026-06-15T23:59:54.551373+00:00,True,+105.8%,True,$2001.3M,True,+50.0%,True,815.6K,True,$24.37 / SMA $22.54,True,3.07%,False,+3.9%,True,78.9M,True,NYQ,False,
MDB,"MongoDB, Inc.",354.18,2026-06-16T00:17:57.352156+00:00,True,+80.7%,True,$28487.4M,True,+110.9%,True,2003.7K,True,$354.18 / SMA $297.02,True,7.08%,True,+25.2%,True,78.4M,True,NGM,True,
MDBPF,Medibank Private Limited,3.9,2026-06-16T00:18:20.943059+00:00,False,+40.8%,True,$10740.6M,,,False,0.0K,True,$3.90 / SMA $3.35,False,0.00%,,,False,2750.3M,False,PNK,False,
MDCKF,MDCKF,37.25,2026-06-16T00:37:55.561400+00:00,False,+23.4%,True,$888.1M,,N/A,False,5.2K,True,$37.25 / SMA $35.97,False,1.77%,,N/A,,N/A,False,PNK,False,
MDEVY,Melco International Development Limited,2.229,2026-06-16T00:24:19.295610+00:00,False,+0.0%,True,$1014.2M,,,False,0.1K,False,$2.23 / SMA $2.48,False,0.00%,,,False,219.0M,False,PNK,False,
MDGL,"Madrigal Pharmaceuticals, Inc.",499.76,2026-06-15T23:54:31.135511+00:00,True,+81.7%,True,$11522.3M,False,+-24.5%,False,312.5K,False,$499.76 / SMA $510.97,True,4.11%,True,+126.8%,True,13.8M,True,NMS,False,
MDIBF,Mediobanca Banca di Credito Finanziario S.p.A.,28.964,2026-06-16T00:06:09.572319+00:00,False,+55.7%,True,$23360.5M,False,+0.0%,False,0.1K,True,$28.96 / SMA $24.19,False,0.00%,,,False,710.8M,False,PNK,False,
MDIBY,Mediobanca Banca di Credito Finanziario S.p.A.,29.77,2026-06-16T00:18:03.107670+00:00,False,+68.6%,True,$24183.6M,False,+0.0%,False,5.5K,True,$29.77 / SMA $23.59,False,1.13%,,,False,710.8M,False,PNK,False,
MDLN,Medline Inc.,37.33,2026-06-16T00:17:45.342189+00:00,False,+13.8%,True,$66513.5M,False,+-9.2%,True,9073.7K,False,$37.33 / SMA $40.78,True,4.87%,False,+10.7%,False,357.1M,True,NMS,False,
MDLZ,"Mondelez International, Inc.",61.5,2026-06-16T00:17:39.420630+00:00,False,+20.1%,True,$78944.5M,True,+41.9%,True,8413.0K,True,$61.50 / SMA $60.31,False,2.05%,False,+8.2%,False,1280.1M,True,NMS,False,
MDNDF,"McDonald's Holdings Company (Japan), Ltd.",51.0,2026-06-15T23:56:15.831079+00:00,False,+36.3%,True,$6780.9M,,,False,0.0K,True,$51.00 / SMA $45.60,False,0.00%,,,True,84.5M,False,PNK,False,
MDT,Medtronic plc,80.38,2026-06-15T23:54:02.487326+00:00,False,+9.6%,True,$103198.7M,False,+17.1%,True,9802.8K,False,$80.38 / SMA $80.59,False,2.01%,,,False,1281.4M,True,NYQ,False,
MDU,"MDU Resources Group, Inc.",21.05,2026-06-16T00:08:16.524643+00:00,False,+33.6%,True,$4399.6M,False,+-2.5%,True,1747.6K,False,$21.05 / SMA $21.71,False,1.97%,False,+-10.2%,False,207.8M,True,NYQ,False,
MDXG,"MiMedx Group, Inc.",3.68,2026-06-16T00:26:26.804789+00:00,False,+21.5%,True,$548.1M,False,+-240.0%,True,1531.7K,True,$3.68 / SMA $3.61,True,3.64%,False,+-33.1%,True,118.0M,True,NCM,False,
MEC,"Mayville Engineering Company, Inc.",34.74,2026-06-16T00:02:01.829398+00:00,True,+187.1%,True,$885.7M,,,False,355.5K,True,$34.74 / SMA $25.32,True,7.34%,False,+6.8%,True,15.9M,True,NYQ,False,
MEI,"Methode Electronics, Inc.",12.05,2026-06-16T00:03:41.678736+00:00,True,+146.9%,True,$426.9M,False,+-9.8%,True,768.4K,True,$12.05 / SMA $9.51,True,7.65%,False,+-2.6%,True,34.5M,True,NYQ,False,
MEQYF,Mainstreet Equity Corp.,119.25,2026-06-16T00:37:44.620408+00:00,False,+1.1%,True,$1107.8M,False,+-99.9%,False,0.5K,False,$119.25 / SMA $126.30,False,0.11%,False,+5.4%,True,4.3M,False,PNK,False,
MESH,Meshflow Acquisition Corp.,10.0,2026-06-16T00:02:06.097110+00:00,False,+1.3%,True,$431.2M,,,False,38.4K,True,$10.00 / SMA $9.95,False,0.04%,,,True,34.5M,True,NGM,False,
MESO,Mesoblast Limited,13.76,2026-06-16T00:35:39.770822+00:00,False,+39.3%,True,$1778.9M,,N/A,False,211.1K,False,$13.76 / SMA $14.95,False,2.88%,,N/A,True,83.4M,True,NMS,False,
MET,"MetLife, Inc.",87.66,2026-06-16T00:17:43.509228+00:00,False,+30.2%,True,$56403.7M,True,+35.9%,True,3473.5K,True,$87.66 / SMA $79.66,False,2.08%,False,+1.8%,False,537.5M,True,NYQ,False,
META,"Meta Platforms, Inc.",593.48,2026-06-16T00:05:41.905226+00:00,False,+14.1%,True,$1506503.4M,True,+62.4%,True,17100.9K,False,$593.48 / SMA $622.21,True,3.00%,True,+33.1%,False,2192.7M,True,NMS,False,
METC,"Ramaco Resources, Inc.",14.67,2026-06-16T00:13:33.770917+00:00,False,+50.5%,True,$956.1M,False,+-57.9%,True,1658.1K,False,$14.67 / SMA $14.83,True,7.69%,False,+-9.7%,True,42.1M,True,NMS,False,
METCB,"Ramaco Resources, Inc.",10.18,2026-06-16T00:00:19.839357+00:00,False,+46.8%,True,$663.5M,False,+-57.9%,False,30.8K,False,$10.18 / SMA $10.59,True,7.44%,False,+-9.7%,True,42.1M,True,NMS,False,
MEVO,M Evo Global Acquisition Corp II,9.94,2026-06-16T00:03:41.553444+00:00,False,+1.1%,True,$497.0M,,,False,21.6K,True,$9.94 / SMA $9.90,False,0.05%,,,True,27.4M,True,NGM,False,
MEVOU,M Evo Global Acquisition Corp II,10.22,2026-06-16T00:26:42.998698+00:00,False,+2.1%,,,,,False,4.7K,True,$10.22 / SMA $10.06,False,0.20%,,,True,27.4M,True,NGM,False,
MFA,"MFA Financial, Inc.",9.35,2026-06-16T00:37:51.979379+00:00,False,+6.5%,True,$954.6M,False,+-135.5%,True,1411.7K,False,$9.35 / SMA $9.73,False,1.66%,False,+-55.4%,True,99.1M,True,NYQ,False,
MFAO,MFAO,25.1499,2026-06-16T00:24:23.482426+00:00,False,+4.0%,,,,,False,20.7K,True,$25.15 / SMA $25.08,False,0.30%,,,,,True,NYQ,False,
MFGHF,Mainfreight Limited,36.54,2026-06-16T00:08:23.423602+00:00,False,+11.4%,True,$4013.6M,,,False,0.0K,False,$36.54 / SMA $39.12,False,0.00%,,,True,80.6M,False,PNK,False,
MFI,mF International Limited,6.98,2026-06-16T00:02:03.921247+00:00,False,+4.8%,True,$360.6M,,,False,9.7K,False,$6.98 / SMA $10.34,True,7.88%,,,True,0.5M,True,NCM,False,
MFRVF,"Minera Frisco, S.A.B. de C.V.",0.18,2026-06-15T23:57:55.259455+00:00,False,+5.9%,True,$1115.4M,True,+575.0%,False,0.4K,False,$0.18 / SMA $0.52,False,0.00%,True,+89.3%,False,5654.6M,False,PNK,False,
MGAWY,Megaworld Corporation,6.35,2026-06-16T00:24:19.137848+00:00,False,+4.3%,True,$1029.6M,,,False,0.4K,False,$6.35 / SMA $6.70,False,0.28%,False,+1.6%,True,41.3M,False,PNK,False,
MGCLY,MGCLY,11.63,2026-06-16T00:30:47.631874+00:00,False,+26.3%,True,$88544.3M,,N/A,False,90.9K,True,$11.63 / SMA $11.24,False,1.06%,True,+48.3%,False,4995.4M,False,PNK,False,
MGCOF,MGCOF,11.675,2026-06-16T00:05:46.989065+00:00,False,+29.7%,,,,,False,8.4K,True,$11.68 / SMA $11.34,True,3.19%,,,,,False,PNK,False,
MGDDF,Compagnie Générale des Établissements Michelin Société en commandite par actions,37.09,2026-06-16T00:17:57.186231+00:00,False,+25.3%,False,$0.0M,,,False,1.2K,True,$37.09 / SMA $36.26,False,0.02%,,,,,False,PNK,False,
MGEE,"MGE Energy, Inc.",76.81,2026-06-16T00:35:24.405223+00:00,False,+6.4%,True,$2899.3M,False,+15.8%,False,296.5K,False,$76.81 / SMA $76.96,False,2.25%,False,+10.8%,True,36.7M,True,NMS,False,
MGHTF,Mercury NZ Limited,4.37,2026-06-16T00:33:12.374642+00:00,True,+115.8%,True,$6194.0M,,N/A,False,0.5K,True,$4.37 / SMA $4.20,False,0.00%,,N/A,False,701.2M,False,PNK,False,
MGMNF,Magna Mining Inc.,1.49,2026-06-16T00:15:27.264202+00:00,False,+10.4%,True,$373.7M,False,+-160.0%,False,153.6K,False,$1.49 / SMA_short $1.65,True,4.76%,True,+503.2%,True,4.3M,False,OQX,False,
MGNI,"Magnite, Inc.",16.75,2026-06-16T00:35:41.653183+00:00,False,+54.8%,True,$2398.9M,True,+142.9%,True,2375.1K,True,$16.75 / SMA $13.64,True,5.09%,False,+5.5%,True,141.1M,True,NMS,False,
MGPI,"MGP Ingredients, Inc.",16.3,2026-06-16T00:15:30.825881+00:00,False,+3.3%,True,$348.4M,False,+-4400.0%,False,219.9K,False,$16.30 / SMA $18.43,True,3.36%,False,+-12.5%,True,14.5M,True,NMS,False,
MGPPF,Megaport Limited,12.655,2026-06-16T00:35:47.028309+00:00,True,+159.3%,True,$2795.0M,,N/A,False,0.6K,True,$12.65 / SMA $8.00,False,1.83%,,N/A,False,173.0M,False,PNK,False,
MGPUF,M&G plc,4.198,2026-06-16T00:06:23.087226+00:00,False,+28.0%,True,$10001.0M,,,False,0.7K,True,$4.20 / SMA $4.04,False,0.00%,,,False,1783.1M,False,PNK,False,
MGTX,MeiraGTx Holdings plc,9.75,2026-06-16T00:37:55.212273+00:00,False,+60.6%,True,$902.9M,False,+-11.8%,True,831.3K,True,$9.75 / SMA $9.64,True,5.36%,False,+-84.8%,True,52.3M,True,NMS,False,
MGY,Magnolia Oil & Gas Corporation,27.08,2026-06-16T00:20:13.836889+00:00,False,+28.6%,True,$5158.0M,False,+0.0%,True,2360.5K,False,$27.08 / SMA $28.77,False,2.85%,False,+2.3%,False,183.2M,True,NYQ,False,
MGYOY,MOL Magyar Olaj- és Gázipari Nyilvánosan Muködo Részvénytársaság,6.46,2026-06-15T23:54:34.730461+00:00,False,+67.8%,True,$10193.1M,False,+-74.2%,False,64.6K,False,$6.46 / SMA $6.59,True,4.73%,False,+-7.1%,False,893.2M,False,PNK,False,
MHD,"BlackRock MuniHoldings Fund, Inc.",11.75,2026-06-16T00:22:22.694678+00:00,False,+7.6%,True,$612.7M,,,False,405.4K,True,$11.75 / SMA $11.64,False,0.87%,,,,,True,NYQ,False,
MHGVY,Mowi ASA,20.65,2026-06-15T23:54:31.832820+00:00,False,+12.7%,True,$10952.8M,True,+480.0%,False,27.0K,False,$20.65 / SMA $21.51,False,1.36%,False,+14.1%,False,393.1M,False,PNK,False,
MHK,"Mohawk Industries, Inc.",111.43,2026-06-15T23:56:18.016350+00:00,False,+19.8%,True,$6792.0M,True,+65.2%,True,927.4K,True,$111.43 / SMA $103.47,True,3.62%,False,+8.0%,True,46.6M,True,NYQ,False,
MHO,"M/I Homes, Inc.",141.29,2026-06-16T00:22:02.042324+00:00,False,+36.5%,True,$3640.7M,False,+-35.9%,False,226.0K,True,$141.29 / SMA $130.33,False,2.88%,False,+-5.7%,True,25.0M,True,NYQ,False,
MHPSY,MHP SE,9.65,2026-06-16T00:00:11.743492+00:00,True,+82.2%,True,$1032.9M,True,+48.2%,False,0.1K,True,$9.65 / SMA $9.29,False,0.05%,,,True,40.9M,False,PNK,False,
MHVIY,MHVIY,11.094,2026-06-15T23:54:03.891711+00:00,False,+4.2%,True,$74556.3M,,,True,802.5K,False,$11.09 / SMA $21.80,True,3.29%,,,False,6640.7M,False,PNK,False,
MHVYF,"Mitsubishi Heavy Industries, Ltd.",22.25,2026-06-15T23:54:03.739451+00:00,False,+7.2%,True,$74764.7M,,,False,30.4K,False,$22.25 / SMA $27.14,True,5.83%,,,False,3320.4M,False,PNK,False,
MIAX,"Miami International Holdings, Inc.",44.11,2026-06-16T00:33:23.914515+00:00,False,+54.1%,True,$4186.4M,True,+678.5%,True,1393.7K,False,$44.11 / SMA $46.40,True,5.06%,False,+13.0%,True,89.0M,True,NYQ,False,
MIDD,The Middleby Corporation,163.52,2026-06-15T23:56:16.243907+00:00,False,+47.6%,True,$7393.5M,False,+-162.7%,True,580.5K,True,$163.52 / SMA $147.78,True,3.21%,False,+15.0%,True,37.7M,True,NMS,False,
MIELF,Mitsubishi Electric Corporation,36.33,2026-06-15T23:54:04.135462+00:00,True,+94.8%,True,$74347.0M,,,False,7.8K,False,$36.33 / SMA $38.42,True,5.10%,,,False,2012.4M,False,PNK,False,
MIMTF,Mitsubishi Materials Corporation,30.49,2026-06-16T00:20:20.765984+00:00,True,+97.3%,True,$3984.4M,,,False,0.0K,False,$30.49 / SMA $33.46,False,0.00%,,,True,120.9M,False,PNK,False,
MIR,"Mirion Technologies, Inc.",16.76,2026-06-16T00:08:16.674169+00:00,False,+7.6%,True,$4100.4M,,,True,3760.6K,False,$16.76 / SMA $18.61,True,4.78%,True,+27.5%,False,225.4M,True,NYQ,False,
MIRM,"Mirum Pharmaceuticals, Inc.",101.0,2026-06-15T23:56:19.156852+00:00,True,+110.9%,True,$6159.1M,False,+-4376.7%,True,950.7K,True,$101.00 / SMA $98.21,True,5.00%,True,+43.3%,True,52.5M,True,NGM,False,
MITEF,"Mitsubishi Estate Co., Ltd.",25.15,2026-06-16T00:17:52.695477+00:00,False,+39.6%,True,$30307.3M,,,False,0.1K,False,$25.15 / SMA $27.98,False,0.19%,,,False,1156.3M,False,PNK,False,
MITEY,"Mitsubishi Estate Co., Ltd.",26.42,2026-06-16T00:05:58.832049+00:00,False,+53.3%,True,$31837.7M,,,False,59.8K,False,$26.42 / SMA $27.18,False,1.76%,,,False,1156.3M,False,PNK,False,
MITFF,Mitie Group plc,2.29,2026-06-16T00:09:57.231081+00:00,False,+30.9%,True,$2871.0M,,,False,0.1K,False,$2.29 / SMA $2.42,False,0.00%,,,False,1159.6M,False,PNK,False,
MITFY,Mitie Group plc,8.71,2026-06-16T00:22:07.356479+00:00,False,+22.5%,True,$2729.9M,,,False,0.8K,False,$8.71 / SMA $9.47,False,0.43%,,,False,289.9M,False,PNK,False,
MITK,"Mitek Systems, Inc.",16.57,2026-06-16T00:13:38.354731+00:00,True,+94.3%,True,$748.3M,False,+0.0%,True,1041.4K,True,$16.57 / SMA $15.09,True,5.83%,False,+5.6%,True,43.7M,True,NCM,False,
MITSF,"Mitsui & Co., Ltd.",31.53,2026-06-16T00:17:36.031656+00:00,False,+61.7%,True,$89362.0M,,,False,49.6K,False,$31.53 / SMA $36.02,True,4.06%,,,False,2798.2M,False,PNK,False,
MITSY,"Mitsui & Co., Ltd.",604.0,2026-06-15T23:54:02.592684+00:00,False,+55.7%,True,$85592.5M,,,False,8.5K,False,$604.00 / SMA $717.37,False,2.45%,,,True,139.9M,False,PNK,False,
MIUFY,Mitsubishi HC Capital Inc.,15.0,2026-06-16T00:18:16.390452+00:00,False,+8.7%,True,$10769.4M,,,False,0.1K,False,$15.00 / SMA $17.29,False,0.43%,False,+3.1%,False,456.5M,False,PNK,False,
MJDLF,Major Drilling Group International Inc.,12.84,2026-06-16T00:24:25.744385+00:00,True,+105.8%,True,$1055.9M,,,False,29.1K,True,$12.84 / SMA $12.20,True,3.16%,False,+24.6%,True,82.0M,False,PNK,False,
MJPNF,"Micronics Japan Co., Ltd.",86.88,2026-06-16T00:20:27.287188+00:00,True,+108.1%,True,$3367.8M,,,False,0.0K,True,$86.88 / SMA $75.46,False,0.02%,,,True,31.7M,False,PNK,False,
MKC,"McCormick & Company, Incorporated",47.87,2026-06-15T23:54:29.522498+00:00,False,+6.8%,True,$12869.5M,True,+528.3%,True,4344.4K,False,$47.87 / SMA $49.14,False,2.77%,False,+16.7%,False,265.3M,True,NYQ,False,
MKGAF,Merck KGaA,155.6,2026-06-16T00:17:41.431575+00:00,False,+33.4%,True,$67651.4M,False,+-10.1%,False,0.8K,True,$155.60 / SMA $141.70,True,6.39%,False,+-2.8%,True,129.0M,False,PNK,False,
MKKGY,Merck KGaA,30.97,2026-06-16T00:17:41.469965+00:00,False,+30.5%,True,$67325.3M,False,+-10.1%,False,119.9K,True,$30.97 / SMA $27.86,False,1.92%,False,+-2.8%,False,644.8M,False,PNK,False,
MKSI,MKS Inc.,375.32,2026-06-16T00:06:06.956013+00:00,True,+324.1%,True,$25350.7M,True,+53.2%,True,1154.1K,True,$375.32 / SMA $298.53,True,5.25%,False,+15.2%,True,67.1M,True,NMS,False,
MKTAY,Makita Corporation,34.64,2026-06-16T00:31:25.877117+00:00,False,+29.4%,True,$8925.2M,,N/A,False,17.7K,False,$34.64 / SMA $35.22,False,1.92%,,N/A,False,243.1M,False,PNK,False,
MLAA,Mountain Lake Acquisition Corp. II,9.95,2026-06-16T00:13:48.670014+00:00,False,+5.9%,,,,,False,140.2K,False,$9.95 / SMA $9.97,False,0.26%,,,True,36.5M,True,NGM,False,
MLAB,"Mesa Laboratories, Inc.",104.08,2026-06-16T00:13:43.005813+00:00,True,+87.7%,True,$575.0M,True,+42.7%,False,149.4K,True,$104.08 / SMA $101.73,True,6.92%,False,+2.6%,True,4.9M,True,NMS,False,
MLAC,Mountain Lake Acquisition Corp.,3.12,2026-06-16T00:15:38.547817+00:00,True,+157.9%,False,$96.7M,False,+-14.3%,False,80.2K,False,$3.12 / SMA $10.12,True,18.58%,,,,,True,NGM,False,
MLI,"Mueller Industries, Inc.",137.75,2026-06-16T00:18:10.316216+00:00,True,+90.9%,True,$15231.1M,True,+55.4%,True,682.8K,True,$137.75 / SMA $131.21,False,2.87%,False,+19.3%,True,108.0M,True,NYQ,False,
MLKN,"MillerKnoll, Inc.",15.59,2026-06-16T00:24:19.993858+00:00,False,+13.2%,True,$1066.0M,True,+278.9%,True,898.0K,False,$15.59 / SMA $15.60,True,4.17%,False,+5.8%,True,67.0M,True,NMS,False,
MLM,"Martin Marietta Materials, Inc.",588.89,2026-06-16T00:17:53.249101+00:00,False,+12.1%,True,$35360.4M,True,+1218.9%,True,508.6K,False,$588.89 / SMA $590.00,False,2.85%,False,+17.2%,True,59.5M,True,NYQ,False,
MLP,"Maui Land & Pineapple Company, Inc.",17.8,2026-06-16T00:03:48.676930+00:00,False,+28.6%,True,$353.6M,True,+77.3%,False,15.9K,True,$17.80 / SMA $16.25,True,3.83%,False,+-41.3%,True,7.4M,True,NYQ,False,
MLR,"Miller Industries, Inc.",49.06,2026-06-16T00:02:01.376778+00:00,False,+45.1%,True,$559.1M,False,+-92.8%,False,90.1K,True,$49.06 / SMA $47.49,False,2.56%,False,+-19.8%,True,10.8M,True,NYQ,False,
MLSPF,Melrose Industries PLC,6.28,2026-06-16T00:31:29.406318+00:00,False,+7.5%,True,$7827.0M,,N/A,False,29.2K,False,$6.28 / SMA $6.81,True,6.93%,,N/A,False,1157.5M,False,PNK,False,
MLTX,MoonLake Immunotherapeutics,19.19,2026-06-16T00:24:11.068100+00:00,True,+222.5%,True,$1412.7M,False,+-55.6%,True,998.2K,True,$19.19 / SMA $17.80,True,5.13%,,,True,39.6M,True,NCM,False,
MLYBY,Malayan Banking Berhad,5.78,2026-06-16T00:17:52.275910+00:00,False,+41.7%,True,$34955.5M,False,+-4.3%,False,3.9K,False,$5.78 / SMA $5.83,True,5.20%,False,+-3.6%,False,5918.8M,False,PNK,False,
MLYS,"Mineralys Therapeutics, Inc.",23.92,2026-06-15T23:58:14.525094+00:00,True,+90.0%,True,$2108.8M,True,+40.5%,True,1462.7K,False,$23.92 / SMA $27.81,True,5.71%,,,True,60.4M,True,NMS,False,
MMED,"MiniMed Group, Inc.",15.0,2026-06-15T23:57:53.674241+00:00,False,+40.8%,True,$4212.3M,,,True,827.8K,True,$15.00 / SMA $12.90,True,7.01%,,,True,28.0M,True,NMS,False,
MMI,"Marcus & Millichap, Inc.",29.42,2026-06-16T00:37:46.248384+00:00,False,+20.4%,True,$1112.7M,True,+27.3%,False,244.8K,True,$29.42 / SMA $28.50,True,3.01%,False,+18.2%,True,23.0M,True,NYQ,False,
MMLTF,MMG Limited,1.0,2026-06-15T23:54:27.217963+00:00,True,+187.0%,True,$12140.5M,,,False,17.6K,False,$1.00 / SMA $1.15,True,4.75%,,,False,3953.3M,False,PNK,False,
MMM,3M Company,158.23,2026-06-16T00:05:48.530474+00:00,False,+13.6%,True,$82527.6M,False,+-39.7%,True,3828.4K,True,$158.23 / SMA $149.07,False,2.46%,False,+1.3%,False,520.7M,True,NYQ,False,
MMS,"Maximus, Inc.",61.18,2026-06-16T00:33:42.858534+00:00,False,+7.5%,True,$3214.4M,False,+6.5%,True,725.4K,False,$61.18 / SMA $63.37,True,3.23%,False,+-4.1%,True,51.8M,True,NYQ,False,
MMTOF,Mitsubishi Motors Corporation,2.03,2026-06-16T00:35:19.628446+00:00,False,+16.0%,True,$2716.9M,,N/A,False,0.4K,False,$2.03 / SMA $2.09,False,0.00%,,N/A,False,631.3M,False,PNK,False,
MMTOY,Mitsubishi Motors Corporation,19.6425,2026-06-16T00:09:41.233231+00:00,False,+4.7%,True,$2628.9M,,,False,0.1K,False,$19.64 / SMA $21.73,False,0.00%,,,False,631.3M,False,PNK,False,
MMU,Western Asset Managed Municipals Fund Inc.,10.3,2026-06-16T00:26:25.903128+00:00,False,+5.2%,True,$562.6M,,,False,128.2K,True,$10.30 / SMA $10.20,False,0.91%,,,,,True,NYQ,False,
MMYT,MakeMyTrip Limited,45.46,2026-06-15T23:56:32.310761+00:00,False,+39.1%,True,$4312.7M,False,+-92.0%,True,1335.7K,True,$45.46 / SMA $44.97,True,6.65%,,,True,27.6M,True,NMS,False,
MNARF,Morguard North American Residential Real Estate Investment Trust,12.11,2026-06-16T00:26:15.433303+00:00,False,+1.0%,True,$840.3M,,,False,0.3K,False,$12.11 / SMA $12.35,False,0.00%,False,+-1.6%,True,25.1M,False,PNK,False,
MNBEF,MINEBEA MITSUMI Inc.,26.63,2026-06-16T00:31:25.799780+00:00,True,+89.5%,True,$10694.5M,,N/A,False,0.2K,True,$26.63 / SMA $21.08,False,0.79%,,N/A,False,363.1M,False,PNK,False,
MNESP,MSA Safety Incorporated,37.5,2026-06-15T23:56:16.446084+00:00,False,+4.2%,,,,,False,0.0K,True,$37.50 / SMA $36.21,False,0.00%,False,+10.0%,True,36.2M,False,PNK,False,
MNKD,MannKind Corporation,4.0,2026-06-16T00:11:55.577380+00:00,True,+79.4%,True,$1235.8M,False,+-225.0%,True,5738.5K,True,$4.00 / SMA $3.13,True,6.41%,False,+15.1%,False,303.1M,True,NGM,False,
MNODF,Mondi plc,9.85,2026-06-16T00:33:28.807376+00:00,False,+0.0%,True,$4780.9M,,N/A,False,0.1K,False,$9.85 / SMA $10.43,False,0.00%,,N/A,False,437.5M,False,PNK,False,
MNPR,Monopar Therapeutics Inc.,61.47,2026-06-16T00:15:27.068358+00:00,True,+110.7%,True,$411.8M,False,+-21.1%,False,177.6K,True,$61.47 / SMA $58.63,True,7.22%,,,True,4.1M,True,NCM,False,
MNR,MNR,12.72,2026-06-16T00:10:02.548539+00:00,False,+21.6%,True,$2121.7M,False,+-250.0%,True,729.5K,False,$12.72 / SMA $13.09,False,2.66%,True,+26.1%,True,63.5M,True,NYQ,False,
MNRO,"Monro, Inc.",16.25,2026-06-16T00:39:46.990292+00:00,False,+32.5%,True,$487.9M,True,+68.1%,True,992.4K,True,$16.25 / SMA $16.20,True,6.36%,False,+-7.2%,True,27.8M,True,NMS,False,
MNSO,MINISO Group Holding Limited,12.86,2026-06-16T00:08:18.976621+00:00,False,+4.6%,True,$4006.3M,False,+-30.8%,False,497.4K,False,$12.86 / SMA $14.36,False,2.25%,True,+28.2%,True,90.6M,True,NYQ,False,
MNTHF,Minth Group Limited,4.41,2026-06-16T00:08:10.988023+00:00,True,+120.5%,True,$5165.9M,,,False,0.7K,False,$4.41 / SMA $4.74,False,1.11%,,,False,719.6M,False,PNK,False,
MNTHY,Minth Group Limited,78.295,2026-06-16T00:08:10.157582+00:00,False,+59.1%,True,$4585.8M,,,False,1.5K,False,$78.30 / SMA $92.88,False,0.94%,,,True,36.0M,False,PNK,False,
MNXBF,"Monex Group, Inc.",3.92,2026-06-16T00:00:10.221743+00:00,False,+1.8%,True,$985.3M,,,False,0.1K,False,$3.92 / SMA $4.28,False,0.09%,,,False,167.4M,False,PNK,False,
MNXMF,FireFly Metals Ltd,1.494,2026-06-16T00:24:18.957518+00:00,True,+137.1%,True,$1190.0M,,,False,7.0K,True,$1.49 / SMA $1.48,False,1.89%,,,False,693.0M,False,PNK,False,
MOD,Modine Manufacturing Company,285.72,2026-06-15T23:54:27.745362+00:00,True,+230.4%,True,$15090.5M,True,+47.8%,True,1131.2K,True,$285.72 / SMA $262.42,True,7.92%,True,+47.5%,True,51.8M,True,NYQ,True,
MODVF,Melcor Developments Ltd.,13.31,2026-06-16T00:26:46.345685+00:00,False,+31.1%,True,$399.1M,True,+375.0%,False,0.4K,True,$13.31 / SMA $13.30,False,0.22%,False,+-10.6%,True,25.7M,False,PNK,False,
MOG.A,MOG.A,,2026-06-15T23:54:34.043349+00:00,False,,False,,False,,False,,False,,False,,False,,False,,False,Unknown,False,No price data available
MOG.B,MOG.B,,2026-06-16T00:06:23.190721+00:00,False,,False,,False,,False,,False,,False,,False,,False,,False,Unknown,False,No price data available
MOGLF,Mongolian Mining Corporation,0.97,2026-06-16T00:11:56.080825+00:00,False,+24.4%,True,$1003.1M,,,False,1.9K,False,$0.97 / SMA $1.19,False,0.47%,,,False,551.5M,False,OQX,False,
MOH,"Molina Healthcare, Inc.",201.87,2026-06-15T23:54:35.314701+00:00,False,+66.8%,True,$10517.4M,False,+-95.1%,True,1390.5K,True,$201.87 / SMA $177.42,True,3.68%,False,+-3.1%,True,48.5M,True,NYQ,False,
MOMO,Hello Group Inc.,5.79,2026-06-16T00:13:32.873361+00:00,False,+7.7%,True,$855.5M,False,+-12.5%,True,731.7K,False,$5.79 / SMA $6.02,False,2.97%,False,+-5.3%,True,92.1M,True,NMS,False,
MONRY,Moncler S.p.A.,62.54,2026-06-16T00:18:08.273776+00:00,False,+17.5%,True,$17010.0M,,,False,57.4K,True,$62.54 / SMA $61.52,True,3.14%,,,False,225.9M,False,PNK,False,
MORN,"Morningstar, Inc.",173.13,2026-06-16T00:18:34.730677+00:00,False,+16.1%,True,$6583.8M,True,+50.0%,True,514.9K,False,$173.13 / SMA $177.40,True,4.05%,False,+10.8%,True,19.5M,True,NMS,False,
MOS,The Mosaic Company,22.52,2026-06-16T00:06:31.346931+00:00,False,+13.7%,True,$7157.9M,False,+-208.0%,True,9498.4K,False,$22.52 / SMA $23.07,True,4.59%,False,+14.4%,False,315.9M,True,NYQ,False,
MOV,"Movado Group, Inc.",37.14,2026-06-16T00:39:52.434617+00:00,True,+152.5%,True,$825.5M,True,+400.0%,False,206.8K,True,$37.14 / SMA $29.74,True,4.58%,False,+8.1%,True,16.0M,True,NYQ,False,
MP,MP Materials Corp.,58.26,2026-06-16T00:31:21.665340+00:00,True,+97.0%,True,$10371.6M,True,+71.4%,True,6227.4K,False,$58.26 / SMA $62.00,True,6.69%,True,+49.1%,True,144.3M,True,NYQ,False,
MPC,Marathon Petroleum Corporation,250.86,2026-06-16T00:05:48.880158+00:00,False,+58.8%,True,$73235.2M,True,+820.8%,True,2431.6K,True,$250.86 / SMA $244.19,True,3.40%,False,+8.5%,False,291.1M,True,NYQ,False,
MPFRF,"Mapfre, S.A.",4.86,2026-06-16T00:31:14.845169+00:00,False,+35.0%,True,$14890.4M,,N/A,False,0.8K,True,$4.86 / SMA $4.72,False,0.00%,,N/A,False,916.6M,False,PNK,False,
MPGPF,PageGroup plc,1.6566,2026-06-16T00:02:03.185268+00:00,False,+5.5%,True,$515.8M,,,False,0.3K,False,$1.66 / SMA $2.29,False,0.00%,,,False,288.3M,False,PNK,False,
MPGPY,PageGroup plc,6.0,2026-06-16T00:39:49.315048+00:00,True,+117.4%,True,$934.1M,,N/A,False,0.6K,True,$6.00 / SMA_short $4.31,True,7.50%,,N/A,True,144.1M,False,PNK,False,
MPLT,"MapLight Therapeutics, Inc.",27.96,2026-06-16T00:24:14.159635+00:00,True,+128.4%,True,$1267.9M,,,False,300.9K,False,$27.96 / SMA $28.63,True,8.52%,,,True,13.4M,True,NMS,False,
MPLX,MPLX LP,55.67,2026-06-16T00:30:51.730347+00:00,False,+16.5%,True,$56490.2M,False,+-18.2%,True,2028.7K,True,$55.67 / SMA $55.14,False,1.80%,False,+-2.8%,False,365.8M,True,NYQ,False,
MPNGF,Meituan,10.114,2026-06-15T23:54:06.192705+00:00,False,+13.8%,True,$62447.7M,False,+-152.0%,False,2.1K,False,$10.11 / SMA $10.49,False,1.74%,,,False,5433.3M,False,PNK,False,
MPNGY,Meituan,19.83,2026-06-16T00:05:50.226387+00:00,False,+7.0%,True,$61219.0M,False,+-152.0%,False,322.9K,False,$19.83 / SMA $21.05,False,2.27%,,,False,2716.6M,False,PNK,False,
MPTI,"M-tron Industries, Inc.",99.42,2026-06-16T00:03:46.247988+00:00,True,+173.3%,True,$429.6M,False,+19.6%,False,98.2K,True,$99.42 / SMA $76.83,True,5.84%,False,+15.3%,True,4.1M,True,ASE,False,
MPWR,"Monolithic Power Systems, Inc.",1652.29,2026-06-16T00:05:48.960970+00:00,True,+146.2%,True,$81177.0M,True,+40.5%,True,640.8K,True,$1652.29 / SMA $1529.89,True,5.58%,True,+26.1%,True,47.3M,True,NMS,True,
MPZAY,Mips AB (publ),12.76,2026-06-16T00:01:42.246534+00:00,False,+0.0%,True,$676.1M,False,+-45.2%,False,0.1K,False,$12.76 / SMA $14.50,False,0.26%,False,+4.9%,True,53.0M,False,PNK,False,
MPZZF,MPC Container Ships ASA,2.85,2026-06-16T00:37:48.698591+00:00,True,+97.9%,True,$1283.7M,False,+-30.8%,False,15.4K,True,$2.85 / SMA $2.43,False,2.77%,False,+-6.4%,False,369.7M,False,PNK,False,
MQ,"Marqeta, Inc.",3.89,2026-06-15T23:59:55.606700+00:00,False,+5.1%,True,$1649.5M,True,+200.0%,True,3826.5K,False,$3.89 / SMA $4.09,True,4.41%,False,+19.2%,False,367.4M,True,NMS,False,
MRAAF,"Murata Manufacturing Co., Ltd.",54.605,2026-06-16T00:17:38.555863+00:00,True,+327.2%,True,$99397.0M,,,False,8.2K,True,$54.60 / SMA $39.90,True,7.95%,False,+5.4%,False,1817.1M,False,PNK,False,
MRCHF,"H.U. Group Holdings, Inc.",20.91,2026-06-16T00:24:18.310074+00:00,False,+12.4%,True,$1157.9M,,,False,0.1K,True,$20.91 / SMA $20.28,False,0.44%,,,True,54.7M,False,PNK,False,
MRCY,"Mercury Systems, Inc.",115.93,2026-06-16T00:33:14.078824+00:00,True,+137.8%,True,$6960.8M,True,+87.9%,True,610.4K,True,$115.93 / SMA $92.82,True,5.89%,False,+11.5%,True,55.5M,True,NMS,False,
MRETF,Martinrea International Inc.,7.48,2026-06-16T00:39:43.786429+00:00,False,+24.0%,True,$530.3M,True,+62.5%,False,2.9K,True,$7.48 / SMA $7.46,False,0.47%,False,+-3.7%,True,69.4M,False,PNK,False,
MRK,"Merck & Co., Inc.",114.9,2026-06-16T00:05:42.582218+00:00,False,+49.9%,True,$283782.8M,False,+-185.6%,True,9839.0K,False,$114.90 / SMA $116.06,False,2.52%,False,+4.9%,False,2465.7M,True,NYQ,False,
MRNA,"Moderna, Inc.",52.13,2026-06-15T23:54:22.312263+00:00,True,+134.0%,True,$20684.5M,False,+-34.9%,True,6541.6K,True,$52.13 / SMA $49.60,True,5.66%,True,+263.6%,False,370.1M,True,NMS,False,
MRNFF,Meren Energy Inc.,1.52,2026-06-16T00:37:42.225908+00:00,False,+28.8%,True,$1027.7M,False,+-154.5%,False,135.5K,False,$1.52 / SMA $1.69,False,2.47%,True,+49.6%,False,433.4M,False,OQX,False,
MRP,"Millrose Properties, Inc.",29.07,2026-06-15T23:56:30.078087+00:00,False,+10.5%,True,$4827.0M,,,True,1469.3K,True,$29.07 / SMA $28.90,False,2.42%,True,+156.0%,False,153.1M,True,NYQ,False,
MRPLY,Mr Price Group Limited,9.805,2026-06-16T00:35:30.827470+00:00,False,+12.4%,True,$2520.9M,,N/A,False,0.5K,True,$9.80 / SMA $9.60,False,0.51%,,N/A,False,252.7M,False,PNK,False,
MRPMF,Marco Polo Marine Ltd.,0.13,2026-06-16T00:02:02.559998+00:00,True,+381.5%,True,$508.8M,,,False,5.7K,True,$0.13 / SMA $0.12,False,0.00%,,,False,2410.0M,False,PNK,False,
MRPRF,"MERLIN Properties SOCIMI, S.A.",17.79,2026-06-15T23:54:32.436747+00:00,False,+42.3%,True,$11013.6M,,,False,0.0K,False,$17.79 / SMA $17.83,False,0.60%,False,+20.8%,False,432.7M,False,PNK,False,
MRRDF,Meridian Mining Plc,1.2,2026-06-16T00:13:40.627888+00:00,True,+122.2%,True,$582.6M,False,+-100.0%,False,29.9K,False,$1.20 / SMA $1.33,True,3.43%,,,False,293.5M,False,OQX,False,
MRTN,"Marten Transport, Ltd.",17.77,2026-06-16T00:11:48.898569+00:00,True,+90.1%,True,$1449.8M,False,+-60.0%,True,880.5K,True,$17.77 / SMA $15.75,False,2.76%,False,+-8.8%,True,57.6M,True,NMS,False,
MRVI,"Maravai LifeSciences Holdings, Inc.",4.96,2026-06-16T00:00:06.785520+00:00,True,+149.2%,True,$1829.6M,True,+90.5%,True,2435.5K,True,$4.96 / SMA $4.10,True,5.27%,True,+40.5%,True,102.4M,True,NMS,True,
MRVSY,Minerva S.A.,2.88,2026-06-16T00:13:38.036719+00:00,False,+0.0%,True,$711.0M,,,False,8.6K,False,$2.88 / SMA $3.21,False,1.96%,True,+25.2%,True,113.7M,False,OID,False,
MRX,Marex Group plc,62.5,2026-06-15T23:56:33.776361+00:00,True,+123.9%,True,$4495.7M,True,+55.4%,True,1110.7K,True,$62.50 / SMA $53.76,True,4.66%,True,+54.0%,True,51.0M,True,NMS,True,
MS,Morgan Stanley,217.98,2026-06-15T23:53:57.894104+00:00,False,+68.1%,True,$343816.5M,True,+31.9%,True,6086.9K,True,$217.98 / SMA $194.64,False,2.53%,False,+17.0%,False,1196.3M,True,NYQ,False,
MSADF,"MS&AD Insurance Group Holdings, Inc.",27.34,2026-06-16T00:17:52.690559+00:00,False,+39.7%,True,$39668.7M,,,False,1.1K,True,$27.34 / SMA $26.29,False,0.80%,,,False,1379.5M,False,PNK,False,
MSADY,"MS&AD Insurance Group Holdings, Inc.",28.96,2026-06-16T00:05:55.513336+00:00,False,+45.9%,True,$42019.2M,,,False,90.9K,True,$28.96 / SMA $26.45,False,2.23%,,,False,1379.5M,False,PNK,False,
MSB,Mesabi Trust,25.13,2026-06-16T00:26:55.416895+00:00,False,+11.4%,True,$329.7M,False,+-70.1%,False,54.6K,False,$25.13 / SMA $27.80,True,5.25%,False,+-52.2%,True,13.1M,True,NYQ,False,
MSBC,Mission Bancorp,102.5,2026-06-16T00:03:54.047537+00:00,False,+16.4%,True,$314.7M,False,+-11.0%,False,0.4K,True,$102.50 / SMA $99.92,False,0.12%,False,+10.0%,,,False,OID,False,
MSBHF,Mitsubishi Corporation,29.76,2026-06-16T00:05:45.498664+00:00,False,+62.3%,True,$108966.2M,,,False,54.0K,False,$29.76 / SMA $32.63,True,5.17%,,,False,3658.7M,False,PNK,False,
MSBIP,"Midland States Bancorp, Inc.",25.4,2026-06-16T00:39:40.499403+00:00,False,+15.3%,,N/A,,N/A,False,3.2K,True,$25.40 / SMA $25.29,False,0.39%,False,+1.6%,True,19.5M,True,NMS,False,
MSC,Studio City International Holdings Limited,2.09,2026-06-16T00:26:32.442193+00:00,False,+13.3%,True,$402.5M,True,+119.0%,False,9.1K,False,$2.09 / SMA $2.49,True,5.22%,False,+9.3%,True,17.0M,True,NYQ,False,
MSDL,Morgan Stanley Direct Lending Fund,15.4,2026-06-16T00:24:12.340996+00:00,False,+12.7%,True,$1305.4M,False,+-114.7%,True,673.1K,True,$15.40 / SMA $15.17,False,1.93%,False,+-105.9%,,,True,NYQ,False,
MSEX,Middlesex Water Company,52.71,2026-06-16T00:37:51.102919+00:00,False,+19.3%,True,$981.7M,False,+7.5%,False,155.9K,True,$52.71 / SMA $52.13,False,2.38%,False,+10.0%,True,18.1M,True,NMS,False,
MSEXP,Middlesex Water Company PFD 7%,589.0,2026-06-16T00:24:23.103845+00:00,False,+11.1%,,,,,False,0.0K,False,$589.00 / SMA $601.60,False,0.00%,False,+10.0%,,,False,PNK,False,
MSFT,Microsoft Corporation,399.76,2026-06-16T00:17:29.713754+00:00,False,+12.2%,True,$2969591.3M,False,+23.4%,True,35129.3K,False,$399.76 / SMA $411.74,False,2.78%,False,+18.3%,False,7417.5M,True,NMS,False,
MSGE,Madison Square Garden Entertainment Corp.,74.57,2026-06-16T00:09:45.075304+00:00,True,+111.2%,True,$3527.6M,False,+-35.3%,False,387.0K,True,$74.57 / SMA $66.79,False,2.67%,False,+1.6%,True,35.5M,True,NYQ,False,
MSGS,Madison Square Garden Sports Corp.,380.0,2026-06-15T23:54:37.897054+00:00,True,+104.1%,True,$9148.9M,False,+-40.7%,False,244.0K,True,$380.00 / SMA $350.43,False,2.86%,False,+1.9%,True,17.1M,True,NYQ,False,
MSIF,"MSC Income Fund, Inc.",11.69,2026-06-16T00:39:44.002052+00:00,False,+0.8%,True,$530.1M,False,+-19.4%,False,319.2K,False,$11.69 / SMA $12.37,False,2.87%,False,+-7.1%,,N/A,True,NYQ,False,
MSILF,MS INTERNATIONAL plc,24.0,2026-06-16T00:40:01.468112+00:00,False,+44.6%,,N/A,,N/A,False,1.6K,True,$24.00 / SMA_short $21.43,,N/A,,N/A,,N/A,False,PNK,False,
MSLOY,"Mitsui O.S.K. Lines, Ltd.",17.99,2026-06-16T00:31:17.859286+00:00,False,+31.2%,True,$12358.1M,,N/A,False,49.6K,False,$17.99 / SMA $18.73,False,1.52%,,N/A,False,686.1M,False,PNK,False,
MSTR,Strategy Inc,131.14,2026-06-16T00:05:51.205608+00:00,False,+25.9%,True,$46334.5M,False,+-132.0%,True,18552.0K,False,$131.14 / SMA $155.02,True,6.04%,False,+11.9%,False,329.9M,True,NMS,False,
MTAL,MTAL,10.22,2026-06-16T00:27:02.868561+00:00,False,+2.2%,True,$391.8M,,,False,22.8K,True,$10.22 / SMA_short $10.10,False,0.54%,,,True,18.9M,True,NYQ,False,
MTAL.U,MTAL.U,,2026-06-16T00:03:52.078342+00:00,False,,False,,False,,False,,False,,False,,False,,False,,False,Unknown,False,No price data available
MTB,M&T Bank Corporation,225.94,2026-06-16T00:31:00.546409+00:00,False,+29.3%,True,$33087.8M,False,+24.4%,True,1049.9K,True,$225.94 / SMA $215.15,False,1.91%,False,+4.4%,True,145.7M,True,NYQ,False,
MTC,"MMTec, Inc.",2.94,2026-06-16T00:38:05.139037+00:00,True,+1071.3%,False,$292.8M,,N/A,False,103.1K,False,$2.94 / SMA $5.82,True,17.09%,,N/A,True,99.5M,True,NCM,False,
MTCH,"Match Group, Inc.",35.94,2026-06-15T23:54:38.231022+00:00,False,+24.7%,True,$8383.6M,True,+54.5%,True,4626.3K,True,$35.94 / SMA $35.45,False,2.43%,False,+3.9%,False,231.7M,True,NMS,False,
MTDR,Matador Resources Company,51.38,2026-06-16T00:31:36.227424+00:00,False,+38.3%,True,$6380.3M,False,+-115.1%,True,1755.8K,False,$51.38 / SMA $57.78,True,3.71%,False,+-6.4%,True,116.0M,True,NYQ,False,
MTG,MGIC Investment Corporation,25.84,2026-06-15T23:56:23.644014+00:00,False,+4.7%,True,$5464.9M,False,+1.3%,True,1909.1K,False,$25.84 / SMA $26.53,False,1.86%,False,+-3.0%,False,197.4M,True,NYQ,False,
MTHRF,"M3, Inc.",8.552,2026-06-15T23:56:20.403754+00:00,False,+0.0%,True,$5707.9M,,,False,0.0K,False,$8.55 / SMA $10.02,False,0.00%,,,False,396.8M,False,PNK,False,
MTHRY,"M3, Inc.",4.99,2026-06-15T23:56:20.399083+00:00,False,+25.7%,True,$6660.9M,,,False,376.1K,True,$4.99 / SMA $4.70,False,2.29%,,,False,793.6M,False,PNK,False,
MTLHF,Mitsubishi Chemical Group Corporation,6.26,2026-06-15T23:54:38.999411+00:00,False,+27.5%,True,$8504.5M,,,False,0.1K,False,$6.26 / SMA $6.40,False,0.00%,,,False,1358.2M,False,PNK,False,
MTLHY,Mitsubishi Chemical Group Corporation,34.7,2026-06-15T23:54:37.680561+00:00,False,+43.1%,True,$9428.3M,,,False,0.1K,True,$34.70 / SMA $31.45,False,0.51%,,,False,271.6M,False,PNK,False,
MTLS,Materialise NV,6.67,2026-06-16T00:03:48.081889+00:00,False,+39.5%,True,$388.1M,True,+400.0%,False,119.5K,True,$6.67 / SMA $5.78,True,3.99%,False,+-0.2%,True,23.6M,True,NMS,False,
MTPLF,MTPLF,1.51,2026-06-15T23:58:14.420971+00:00,False,+11.0%,True,$1934.7M,False,+-701.8%,True,1261.6K,False,$1.51 / SMA $1.94,True,7.38%,True,+251.2%,False,357.9M,False,OQX,False,
MTPOF,Metropolitan Bank & Trust Company,1.17,2026-06-15T23:56:26.334466+00:00,False,+54.6%,True,$5262.0M,,,False,6.7K,True,$1.17 / SMA $1.13,True,10.13%,False,+20.8%,False,2010.1M,False,PNK,False,
MTPOY,Metropolitan Bank & Trust Company,19.89,2026-06-16T00:20:18.883728+00:00,False,+3.9%,True,$4472.7M,,,False,0.4K,False,$19.89 / SMA $21.55,False,0.00%,False,+20.8%,True,100.5M,False,PNK,False,
MTRAF,Metro Inc.,67.62,2026-06-15T23:54:27.792198+00:00,False,+6.9%,True,$14263.3M,False,+17.2%,False,2.3K,True,$67.62 / SMA $65.89,False,0.16%,False,+4.1%,False,251.1M,False,PNK,False,
MTRBF,Metro Bank Holdings PLC,2.25,2026-06-16T00:24:14.261691+00:00,True,+73.1%,True,$1515.3M,,,False,3.5K,True,$2.25 / SMA $1.85,False,0.00%,,,False,232.0M,False,PNK,False,
MTRJF,MTR Corporation Limited,4.2,2026-06-16T00:31:02.081218+00:00,False,+33.3%,True,$26099.6M,,N/A,False,0.1K,True,$4.20 / SMA $3.94,False,0.00%,,N/A,False,1587.1M,False,PNK,False,
MTRN,Materion Corporation,252.14,2026-06-16T00:33:27.760345+00:00,True,+231.4%,True,$5244.9M,False,+8.2%,False,273.3K,True,$252.14 / SMA $198.34,True,4.45%,True,+30.8%,True,20.5M,True,NYQ,False,
MTSFF,"Mitsui Fudosan Co., Ltd.",9.6,2026-06-16T00:17:59.473235+00:00,False,+10.3%,True,$25836.3M,,,False,1.6K,False,$9.60 / SMA $10.34,False,0.60%,,,False,2675.6M,False,PNK,False,
MTSFY,"Mitsui Fudosan Co., Ltd.",29.47,2026-06-16T00:31:04.110899+00:00,False,+13.2%,True,$26437.4M,,N/A,False,106.6K,False,$29.47 / SMA $30.78,False,1.51%,,N/A,False,891.9M,False,PNK,False,
MTSI,"MACOM Technology Solutions Holdings, Inc.",384.77,2026-06-16T00:05:59.247930+00:00,True,+225.6%,True,$29356.3M,True,+42.9%,True,1355.6K,True,$384.77 / SMA $326.35,True,6.20%,False,+22.5%,True,69.3M,True,NMS,False,
MTSUY,Mitsubishi Corporation,29.5,2026-06-16T00:17:34.777033+00:00,False,+55.5%,True,$108014.2M,,,False,307.2K,False,$29.50 / SMA $32.54,False,1.70%,,,False,3658.7M,False,PNK,False,
MTTRF,Mattr Corp.,9.08,2026-06-16T00:13:44.432592+00:00,True,+75.3%,True,$557.4M,False,+-85.7%,False,23.9K,True,$9.08 / SMA $7.85,False,1.90%,False,+0.5%,True,45.1M,False,PNK,False,
MTTRY,Ceconomy AG,0.68,2026-06-15T23:58:17.149775+00:00,False,+13.3%,True,$1694.1M,False,+-171.4%,False,0.2K,False,$0.68 / SMA $0.85,False,0.00%,False,+4.1%,False,880.7M,False,PNK,False,
MTUS,Metallus Inc.,20.1,2026-06-16T00:24:30.656132+00:00,False,+43.3%,True,$836.7M,True,+333.3%,False,350.1K,True,$20.10 / SMA $18.73,True,3.39%,False,+9.9%,True,36.2M,True,NYQ,False,
MTW,"The Manitowoc Company, Inc.",12.58,2026-06-16T00:26:41.819551+00:00,False,+38.4%,True,$451.7M,False,+5.6%,False,234.6K,True,$12.58 / SMA $12.57,True,3.88%,False,+5.0%,True,33.3M,True,NYQ,False,
MTX,Minerals Technologies Inc.,78.43,2026-06-16T00:35:31.438207+00:00,False,+47.7%,True,$2432.0M,True,+125.9%,False,207.5K,True,$78.43 / SMA $75.21,False,2.62%,False,+11.2%,True,30.5M,True,NYQ,False,
MTYFF,MTY Food Group Inc.,28.94,2026-06-16T00:26:14.615146+00:00,False,+23.8%,True,$661.0M,True,+169.2%,False,5.3K,True,$28.94 / SMA $28.45,False,0.41%,False,+-5.9%,True,18.9M,False,PNK,False,
MTZ,"MasTec, Inc.",371.85,2026-06-15T23:54:14.454300+00:00,True,+132.4%,True,$29383.1M,True,+492.3%,True,1018.3K,False,$371.85 / SMA $381.46,True,4.58%,True,+34.5%,True,60.7M,True,NYQ,False,
MU,"Micron Technology, Inc.",1087.99,2026-06-15T23:53:57.388350+00:00,True,+952.4%,True,$1226963.3M,True,+756.0%,True,51198.9K,True,$1087.99 / SMA $692.08,True,7.38%,True,+196.3%,False,1123.6M,True,NMS,False,
MUA,"BlackRock MuniAssets Fund, Inc.",10.69,2026-06-16T00:39:45.317535+00:00,False,+6.7%,True,$538.3M,,N/A,False,106.7K,True,$10.69 / SMA $10.62,False,0.92%,,N/A,,N/A,True,NYQ,False,
MUEL,Paul Mueller Company,468.99,2026-06-16T00:38:07.835127+00:00,False,+64.0%,True,$421.6M,,N/A,False,0.2K,True,$468.99 / SMA $462.65,False,2.63%,,N/A,True,0.5M,False,OID,False,
MUFG,"Mitsubishi UFJ Financial Group, Inc.",20.18,2026-06-16T00:05:43.065264+00:00,False,+53.0%,True,$227567.3M,,,True,3260.5K,True,$20.18 / SMA $18.59,False,1.57%,True,+33.5%,False,11182.6M,True,NYQ,False,
MUJ,"BlackRock MuniHoldings New Jersey Quality Fund, Inc.",12.34,2026-06-16T00:01:55.359370+00:00,False,+15.8%,True,$656.3M,,,False,108.0K,True,$12.34 / SMA $12.10,False,0.92%,,,,,True,NYQ,False,
MUR,Murphy Oil Corporation,36.45,2026-06-16T00:08:12.289075+00:00,False,+66.7%,True,$5225.1M,False,+-26.0%,True,2114.6K,False,$36.45 / SMA $38.70,True,3.85%,False,+8.9%,True,134.6M,True,NYQ,False,
MURGY,Münchener Rückversicherungs-Gesellschaft Aktiengesellschaft in München,10.56,2026-06-16T00:17:42.670037+00:00,False,+4.7%,True,$67563.9M,True,+60.8%,True,715.7K,False,$10.56 / SMA $11.53,False,1.31%,False,+-0.9%,False,6368.0M,False,PNK,False,
MUX,McEwen Inc.,20.1,2026-06-16T00:11:50.607370+00:00,True,+124.6%,True,$1200.8M,True,+491.7%,True,1075.2K,False,$20.10 / SMA $22.23,True,5.72%,True,+107.4%,True,51.2M,True,NYQ,False,
MWA,"Mueller Water Products, Inc.",25.79,2026-06-16T00:08:21.535121+00:00,False,+13.4%,True,$4035.4M,False,+15.2%,True,1225.9K,False,$25.79 / SMA $26.80,False,2.21%,False,+5.5%,False,154.6M,True,NYQ,False,
MWH,"SOLV Energy, Inc.",32.18,2026-06-15T23:56:30.099086+00:00,False,+21.8%,True,$6747.9M,,,True,1333.1K,False,$32.18 / SMA $36.84,True,6.13%,,,True,32.4M,True,NMS,False,
MWTCY,"Manila Water Company, Inc.",18.0,2026-06-16T00:35:44.144130+00:00,False,+28.1%,True,$2134.6M,False,+23.1%,False,0.0K,True,$18.00 / SMA $17.87,False,0.00%,False,+11.4%,True,43.1M,False,PNK,False,
MXCHF,"Orbia Advance Corporation, S.A.B. de C.V.",1.31,2026-06-16T00:22:11.258169+00:00,True,+111.3%,True,$2523.6M,True,+33.3%,False,2.2K,True,$1.31 / SMA $1.28,False,1.36%,False,+10.3%,False,898.8M,False,PNK,False,
MXCHY,"Orbia Advance Corporation, S.A.B. de C.V.",2.472,2026-06-15T23:58:14.461922+00:00,True,+147.2%,True,$2381.1M,True,+33.3%,False,2.5K,False,$2.47 / SMA $2.50,False,0.62%,False,+10.3%,False,449.4M,False,PNK,False,
MXUBY,MXUBY,8.27,2026-06-16T00:18:13.646861+00:00,False,+5.9%,,,,,False,1.8K,False,$8.27 / SMA $9.32,False,2.32%,,,False,166.2M,False,PNK,False,
MYGN,"Myriad Genetics, Inc.",4.32,2026-06-16T00:15:33.665875+00:00,False,+22.4%,True,$408.0M,,,True,1829.5K,False,$4.32 / SMA $4.43,True,6.98%,False,+2.3%,True,86.0M,True,NMS,False,
MYI,"BlackRock MuniYield Quality Fund III, Inc.",10.91,2026-06-16T00:24:11.845774+00:00,False,+7.0%,True,$725.2M,,,False,307.0K,True,$10.91 / SMA $10.86,False,0.91%,,,,,True,NYQ,False,
MYN,"BlackRock MuniYield New York Quality Fund, Inc.",10.01,2026-06-16T00:24:25.827729+00:00,False,+9.8%,True,$383.5M,,,False,145.4K,True,$10.01 / SMA $9.89,False,0.91%,,,,,True,NYQ,False,
MYRG,MYR Group Inc.,449.94,2026-06-16T00:18:34.118294+00:00,True,+178.5%,True,$7006.0M,True,+106.2%,False,285.1K,True,$449.94 / SMA $402.88,True,5.36%,False,+20.0%,True,15.3M,True,NMS,False,
MYTKY,MYTKY,8.9,2026-06-15T23:54:39.615944+00:00,True,+70.5%,True,$7883.3M,False,+11.7%,False,10.1K,True,$8.90 / SMA $7.96,True,3.15%,False,+-1.5%,False,268.3M,False,PNK,False,
MZDAF,Mazda Motor Corporation,6.85,2026-06-16T00:33:29.352288+00:00,False,+22.3%,True,$4320.8M,,N/A,False,0.4K,True,$6.85 / SMA $6.61,False,1.37%,,N/A,False,598.7M,False,PNK,False,
MZDAY,Mazda Motor Corporation,3.53,2026-06-16T00:33:30.039941+00:00,False,+30.7%,True,$4453.3M,,N/A,False,55.8K,True,$3.53 / SMA $3.33,False,2.12%,,N/A,False,1197.4M,False,PNK,False,
MZTI,The Marzetti Company,108.69,2026-06-16T00:09:49.133585+00:00,False,+2.7%,True,$2980.5M,False,+-9.4%,False,362.0K,False,$108.69 / SMA $120.37,False,2.94%,False,+-1.0%,True,19.6M,True,NMS,False,
MZYX,MZYX,9.9,2026-06-16T00:15:32.713950+00:00,False,+0.4%,True,$371.2M,,,False,116.9K,False,$9.90 / SMA_short $9.90,False,0.10%,,,True,29.8M,True,NYQ,False,
MZYX.U,MZYX.U,,2026-06-16T00:26:48.224235+00:00,False,,False,,False,,False,,False,,False,,False,,False,,False,Unknown,False,No price data available
NABZY,National Australia Bank Limited,12.79,2026-06-16T00:30:48.290529+00:00,False,+8.8%,True,$78309.0M,,N/A,False,288.9K,False,$12.79 / SMA $13.88,False,2.22%,,N/A,False,6120.9M,False,PNK,False,
NAD,Nuveen Quality Municipal Income Fund,11.93,2026-06-16T00:09:59.851343+00:00,False,+8.1%,True,$2785.2M,,,True,745.0K,True,$11.93 / SMA $11.73,False,0.94%,,,,,True,NYQ,False,
NAN,Nuveen New York Quality Municipal Income Fund,11.47,2026-06-16T00:03:48.146656+00:00,False,+6.3%,True,$366.4M,,,False,68.3K,True,$11.47 / SMA $11.38,False,0.81%,,,,,True,NYQ,False,
NAT,Nordic American Tankers Limited,5.44,2026-06-16T00:00:06.726511+00:00,True,+109.2%,True,$1151.9M,True,+993.1%,True,4084.6K,True,$5.44 / SMA $5.38,True,3.78%,True,+104.3%,False,200.2M,True,NYQ,False,
NATH,"Nathan's Famous, Inc.",101.95,2026-06-16T00:03:39.539427+00:00,False,+15.0%,True,$417.4M,,,False,21.3K,True,$101.95 / SMA $101.15,False,0.51%,False,+13.9%,True,2.8M,True,NMS,False,
NATR,"Nature's Sunshine Products, Inc.",20.04,2026-06-16T00:15:31.101665+00:00,False,+54.5%,True,$352.4M,False,+16.0%,False,112.8K,False,$20.04 / SMA $23.81,True,3.91%,False,+8.5%,True,12.7M,True,NCM,False,
NAUT,"Nautilus Biotechnology, Inc.",2.25,2026-06-16T00:40:16.321064+00:00,True,+262.9%,False,$285.9M,False,+7.7%,False,397.4K,False,$2.25 / SMA $2.71,True,7.02%,,N/A,True,52.2M,True,NCM,False,
NAVN,"Navan, Inc.",20.1,2026-06-16T00:33:22.922045+00:00,True,+148.0%,True,$5112.1M,True,+67.6%,True,3825.8K,True,$20.10 / SMA $17.85,True,6.77%,True,+39.9%,True,101.1M,True,NMS,True,
NBB,Nuveen Taxable Municipal Income Fund,15.64,2026-06-16T00:39:51.300617+00:00,False,+4.6%,True,$459.7M,,N/A,False,50.5K,False,$15.64 / SMA $15.69,False,1.31%,,N/A,,N/A,True,NYQ,False,
NBBK,"NB Bancorp, Inc.",20.27,2026-06-16T00:13:35.195159+00:00,False,+26.6%,True,$888.8M,False,+9.1%,False,280.9K,False,$20.27 / SMA $20.48,False,1.98%,True,+46.3%,True,36.9M,True,NCM,False,
NBGIF,National Bank of Greece S.A.,16.1,2026-06-16T00:31:15.016463+00:00,False,+32.5%,True,$14471.8M,True,+333.3%,False,2.5K,False,$16.10 / SMA $16.55,False,1.65%,False,+5.5%,False,821.1M,False,PNK,False,
NBGRY,National Bank of Greece S.A.,17.7,2026-06-16T00:06:14.562695+00:00,False,+52.5%,True,$15910.0M,True,+333.3%,False,144.1K,True,$17.70 / SMA $16.69,True,4.47%,False,+5.5%,False,205.3M,False,PNK,False,
NBHC,National Bank Holdings Corporation,42.92,2026-06-16T00:35:42.171355+00:00,False,+22.4%,True,$1922.4M,False,+-27.0%,False,437.8K,True,$42.92 / SMA $41.80,False,2.11%,False,+24.5%,True,42.8M,True,NYQ,False,
NBIS,NBIS,260.07,2026-06-16T00:30:52.315521+00:00,True,+492.5%,True,$66031.3M,True,+539.6%,True,18127.3K,True,$260.07 / SMA $187.64,True,10.02%,True,+683.9%,False,210.6M,True,NMS,False,
NBITF,NBITF,17.99,2026-06-16T00:37:33.722097+00:00,False,+9.4%,,N/A,,N/A,False,0.2K,False,$17.99 / SMA_short $20.72,,N/A,,N/A,,N/A,False,PNK,False,
NBIX,"Neurocrine Biosciences, Inc.",159.51,2026-06-15T23:54:25.176840+00:00,False,+30.6%,True,$16038.7M,True,+2287.5%,True,1172.0K,True,$159.51 / SMA $146.00,False,2.90%,True,+42.2%,True,99.3M,True,NMS,False,
NBNKF,Nordea Bank Abp,17.2,2026-06-16T00:17:41.810735+00:00,False,+22.4%,True,$58372.6M,False,+0.0%,False,0.7K,False,$17.20 / SMA $18.57,False,0.26%,False,+-1.3%,False,3181.2M,False,OQX,False,
NBPVF,NB Private Equity Partners Limited,18.95,2026-06-16T00:01:35.590401+00:00,False,+8.0%,,,,,False,0.6K,False,$18.95 / SMA $18.98,False,0.04%,,,,,False,PNK,False,
NBR,Nabors Industries Ltd.,94.98,2026-06-16T00:11:45.782339+00:00,True,+249.4%,True,$1405.3M,False,+-170.6%,False,326.0K,False,$94.98 / SMA $95.05,True,5.26%,False,+6.4%,True,13.3M,True,NYQ,False,
NBTB,NBT Bancorp Inc.,47.41,2026-06-15T23:58:15.180252+00:00,False,+20.9%,True,$2465.8M,True,+27.3%,False,283.3K,True,$47.41 / SMA $45.06,False,2.04%,False,+19.4%,True,51.0M,True,NMS,False,
NBTX,Nanobiotix S.A.,37.12,2026-06-15T23:58:18.371996+00:00,True,+788.0%,True,$1885.2M,,,False,76.1K,False,$37.12 / SMA $37.63,True,6.76%,,,True,31.8M,True,NMS,False,
NC,"NACCO Industries, Inc.",52.04,2026-06-16T00:03:46.930266+00:00,False,+46.9%,True,$392.4M,True,+74.6%,False,10.8K,True,$52.04 / SMA $49.91,False,2.60%,False,+-4.3%,True,4.2M,True,NYQ,False,
NCBDY,BANDAI NAMCO Holdings Inc.,11.45,2026-06-16T00:31:14.562154+00:00,False,+4.7%,True,$14687.3M,,N/A,False,137.9K,False,$11.45 / SMA $11.78,False,1.22%,,N/A,False,1069.7M,False,PNK,False,
NCCGF,NCC Group plc,1.82,2026-06-16T00:02:02.860926+00:00,False,+5.8%,True,$507.6M,,,False,0.0K,True,$1.82 / SMA $1.81,False,0.00%,,,False,256.7M,False,PNK,False,
NCDL,Nuveen Churchill Direct Lending Corp.,12.36,2026-06-16T00:38:04.622506+00:00,False,+0.3%,True,$610.4M,False,+-37.9%,False,212.6K,False,$12.36 / SMA $13.53,False,2.54%,False,+-24.1%,,N/A,True,NYQ,False,
NCKAF,Nickel Asia Corporation,0.1,2026-06-16T00:00:00.634393+00:00,True,+675.2%,True,$1393.1M,False,+-25.0%,False,1.5K,True,$0.10 / SMA $0.09,False,0.00%,False,+8.0%,False,5516.6M,False,PNK,False,
NCLH,Norwegian Cruise Line Holdings Ltd.,20.14,2026-06-15T23:54:40.573698+00:00,False,+38.6%,True,$9246.5M,True,+355.6%,True,22203.8K,True,$20.14 / SMA $18.23,True,4.86%,False,+9.6%,False,455.2M,True,NYQ,False,
NCNO,"nCino, Inc.",14.74,2026-06-16T00:35:45.982586+00:00,False,+6.8%,True,$1614.8M,True,+140.0%,True,3429.4K,False,$14.74 / SMA $16.66,True,6.01%,False,+10.6%,True,93.7M,True,NMS,False,
NCSYF,NICE Ltd.,86.5,2026-06-16T00:33:21.676703+00:00,False,+0.0%,True,$5068.7M,False,+-61.7%,False,0.0K,False,$86.50 / SMA $94.41,False,0.00%,False,+9.8%,True,59.5M,False,PNK,False,
NCTKF,Nabtesco Corporation,31.65,2026-06-16T00:33:32.933637+00:00,True,+100.2%,True,$3708.9M,,N/A,False,0.0K,True,$31.65 / SMA $28.80,False,0.02%,,N/A,True,100.7M,False,PNK,False,
NCTKY,Nabtesco Corporation,16.11,2026-06-15T23:56:32.481660+00:00,True,+113.1%,True,$4001.7M,,,False,3.1K,False,$16.11 / SMA $16.26,True,5.25%,,,False,201.3M,False,PNK,False,
NCV,Virtus Convertible & Income Fund,17.24,2026-06-16T00:15:30.354831+00:00,False,+28.2%,True,$389.5M,,,False,85.8K,True,$17.24 / SMA $16.76,False,1.94%,,,,,True,NYQ,False,
NDAQ,"Nasdaq, Inc.",91.04,2026-06-15T23:54:08.051300+00:00,False,+18.1%,True,$51486.8M,True,+33.8%,True,3130.8K,True,$91.04 / SMA $88.76,False,2.21%,False,+2.0%,False,503.1M,True,NMS,False,
NDBKY,Nedbank Group Limited,16.17,2026-06-16T00:31:35.057084+00:00,False,+36.1%,True,$7411.3M,,N/A,False,32.9K,True,$16.17 / SMA $15.96,False,2.20%,,N/A,False,434.5M,False,PNK,False,
NDCVF,Nordic Semiconductor ASA,18.85,2026-06-16T00:33:28.121009+00:00,False,+53.9%,True,$3722.1M,True,+783.3%,False,3.4K,False,$18.85 / SMA $19.94,False,2.24%,False,+24.1%,False,157.7M,False,PNK,False,
NDEKF,Nitto Denko Corporation,17.72,2026-06-16T00:06:18.002675+00:00,False,+0.0%,True,$11833.8M,,,False,0.0K,False,$17.72 / SMA $19.73,False,0.00%,,,False,673.1M,False,PNK,False,
NDRBF,NIBE Industrier AB (publ),3.862,2026-06-16T00:18:29.380289+00:00,False,+10.3%,True,$8412.6M,True,+31.6%,False,0.4K,False,$3.86 / SMA $4.24,False,0.18%,False,+-0.2%,False,1457.4M,False,PNK,False,
NDSN,Nordson Corporation,292.24,2026-06-16T00:18:08.552596+00:00,False,+41.1%,True,$16283.0M,False,+6.1%,False,362.7K,True,$292.24 / SMA $281.74,False,2.16%,False,+8.5%,True,49.6M,True,NMS,False,
NDTAF,Northern Data AG,6.38,2026-06-16T00:11:52.845326+00:00,False,+0.0%,True,$409.6M,,,False,0.0K,False,$6.38 / SMA $13.25,False,2.66%,,,,,False,PNK,False,
NEA,Nuveen AMT-Free Quality Municipal Income Fund,11.56,2026-06-15T23:57:52.050505+00:00,False,+9.1%,True,$3456.9M,,,True,899.2K,True,$11.56 / SMA $11.42,False,0.77%,,,,,True,NYQ,False,
NECB,"Northeast Community Bancorp, Inc.",25.385,2026-06-16T00:26:55.965557+00:00,False,+31.7%,True,$351.2M,False,+-5.1%,False,34.9K,True,$25.39 / SMA $24.50,False,2.24%,False,+-2.2%,True,11.8M,True,NCM,False,
NEMKY,Nemetschek SE,14.12,2026-06-16T00:06:27.848348+00:00,False,+9.8%,True,$8147.9M,,,False,0.3K,False,$14.12 / SMA $14.66,False,0.98%,False,+7.6%,False,284.7M,False,PNK,False,
NEOG,Neogen Corporation,9.3,2026-06-16T00:35:40.133546+00:00,True,+103.9%,True,$2024.4M,False,+-58.5%,True,2555.9K,True,$9.30 / SMA $9.17,True,3.98%,False,+-4.4%,False,216.3M,True,NMS,False,
NESRF,Northern Star Resources Limited,13.74,2026-06-16T00:18:03.744845+00:00,False,+40.2%,True,$19610.6M,,,False,37.9K,False,$13.74 / SMA $15.22,True,5.90%,,,False,1377.2M,False,PNK,False,
NET,"Cloudflare, Inc.",235.71,2026-06-16T00:30:48.770525+00:00,False,+48.4%,True,$83662.8M,True,+36.4%,True,4478.5K,True,$235.71 / SMA $216.91,True,5.79%,True,+33.5%,False,317.4M,True,NYQ,False,
NETTF,"NetEase, Inc.",24.5,2026-06-15T23:54:05.338689+00:00,False,+26.3%,True,$78487.6M,False,+3.1%,False,0.2K,True,$24.50 / SMA $21.42,False,0.00%,False,+6.1%,False,1744.0M,False,PNK,False,
NEU,NewMarket Corporation,815.1,2026-06-16T00:31:36.039627+00:00,False,+40.5%,True,$7497.3M,False,+-4.8%,False,114.4K,True,$815.10 / SMA $710.85,False,2.99%,False,+-4.5%,True,7.6M,True,NYQ,False,
NEWP,New Pacific Metals Corp.,4.85,2026-06-16T00:13:33.568786+00:00,True,+278.9%,True,$897.6M,True,+100.0%,True,1037.7K,False,$4.85 / SMA $5.09,True,6.65%,,,True,89.8M,True,ASE,False,
NEWT,"NewtekOne, Inc.",13.72,2026-06-16T00:40:03.402226+00:00,False,+43.1%,True,$395.9M,False,+22.9%,False,198.9K,True,$13.72 / SMA $13.07,True,3.17%,False,+8.0%,True,25.0M,True,NGM,False,
NEXA,Nexa Resources S.A.,14.41,2026-06-15T23:58:19.662490+00:00,True,+224.7%,True,$1908.4M,True,+644.4%,True,1199.0K,True,$14.41 / SMA $14.17,True,6.75%,True,+41.7%,True,46.8M,True,NYQ,True,
NEXN,Nexxen International Ltd.,8.69,2026-06-16T00:13:50.428898+00:00,False,+55.2%,True,$484.2M,False,+-550.0%,False,290.7K,True,$8.69 / SMA $7.78,True,4.50%,False,+10.9%,True,42.7M,True,NGM,False,
NEXNY,Nexans S.A.,84.815,2026-06-15T23:54:38.737233+00:00,False,+54.2%,True,$7419.6M,,,False,0.6K,False,$84.81 / SMA $85.74,False,0.39%,,,True,71.1M,False,PNK,False,
NEXOF,"NEXON Co., Ltd.",13.3,2026-06-16T00:06:17.625103+00:00,False,+0.0%,True,$10514.7M,,,False,0.0K,False,$13.30 / SMA $17.57,False,0.00%,,,False,324.3M,False,PNK,False,
NEXPF,Nexi S.p.A.,4.66,2026-06-16T00:20:14.424092+00:00,False,+43.3%,True,$5474.2M,,,False,1.5K,True,$4.66 / SMA $4.36,False,0.00%,,,False,456.8M,False,PNK,False,
NFGC,New Found Gold Corp.,1.64,2026-06-16T00:13:41.103556+00:00,False,+22.4%,True,$629.9M,False,+-100.0%,True,1859.5K,False,$1.64 / SMA $1.98,True,6.10%,,,False,165.1M,True,ASE,False,
NFJ,"Virtus Dividend, Interest & Premium Strategy Fund",15.12,2026-06-16T00:35:55.958826+00:00,False,+26.0%,True,$1422.8M,,N/A,False,180.0K,True,$15.12 / SMA $14.29,False,1.39%,,N/A,,N/A,True,NYQ,False,
NFLX,"Netflix, Inc.",81.67,2026-06-16T00:05:42.320120+00:00,False,+8.9%,True,$343895.9M,True,+86.1%,True,37830.8K,False,$81.67 / SMA $90.51,False,2.37%,False,+16.2%,False,4183.4M,True,NMS,False,
NFPDF,"Nissin Foods Holdings Co.,Ltd.",17.424,2026-06-15T23:56:24.769493+00:00,False,+5.9%,True,$5001.7M,,,False,0.0K,False,$17.42 / SMA $18.93,False,0.00%,,,False,213.4M,False,PNK,False,
NG,NovaGold Resources Inc.,8.12,2026-06-16T00:33:40.337850+00:00,True,+124.9%,True,$3562.9M,False,+-33.3%,True,3387.2K,False,$8.12 / SMA $8.56,True,5.28%,,N/A,False,310.2M,True,ASE,False,
NGG,National Grid plc,81.57,2026-06-16T00:05:47.888208+00:00,False,+20.8%,True,$81173.7M,,,True,1274.8K,False,$81.57 / SMA $83.82,False,1.43%,,,False,5910.2M,True,NYQ,False,
NGGTF,National Grid plc,15.92,2026-06-16T00:17:37.944891+00:00,False,+18.4%,True,$79213.3M,,,False,7.4K,False,$15.92 / SMA $17.03,False,2.09%,,,False,4923.2M,False,PNK,False,
NGKIF,NGK Corporation,39.71,2026-06-16T00:18:22.658664+00:00,True,+223.4%,True,$11173.0M,,,False,0.2K,True,$39.71 / SMA $33.75,False,0.55%,,,False,287.4M,False,PNK,False,
NGNE,Neurogene Inc.,29.86,2026-06-16T00:26:38.322811+00:00,True,+103.8%,True,$471.8M,False,+-28.7%,False,156.8K,True,$29.86 / SMA $27.07,True,6.89%,,,True,6.0M,True,NGM,False,
NGRRF,Nagarro SE,40.424,2026-06-16T00:01:57.579982+00:00,False,+0.0%,True,$500.3M,True,+82.4%,False,0.2K,False,$40.42 / SMA $50.33,False,0.30%,False,+0.5%,True,12.4M,False,PNK,False,
NGVC,"Natural Grocers by Vitamin Cottage, Inc.",30.65,2026-06-16T00:38:03.382183+00:00,False,+30.6%,True,$706.2M,False,+3.6%,False,132.1K,True,$30.65 / SMA $28.27,True,4.29%,False,+0.5%,True,10.6M,True,NYQ,False,
NHI,"National Health Investors, Inc.",70.7,2026-06-16T00:20:26.895551+00:00,False,+4.1%,True,$3426.9M,False,+10.8%,False,402.1K,False,$70.70 / SMA $76.86,False,2.31%,True,+28.9%,True,46.5M,True,NYQ,False,
NHKGF,"NHK Spring Co., Ltd.",24.51,2026-06-16T00:08:18.408617+00:00,True,+106.8%,True,$4965.5M,,,False,0.0K,True,$24.51 / SMA $16.28,False,0.00%,,,False,160.3M,False,PNK,False,
NHNKY,Nihon Kohden Corporation,8.48,2026-06-16T00:35:50.963592+00:00,False,+2.3%,True,$1356.6M,,N/A,False,24.8K,False,$8.48 / SMA $9.25,False,2.16%,,N/A,False,154.2M,False,PNK,False,
NHOLF,"Sompo Holdings, Inc.",37.468,2026-06-15T23:54:13.081378+00:00,False,+30.9%,True,$33430.5M,,,False,0.1K,True,$37.47 / SMA $36.18,False,0.27%,,,False,819.7M,False,PNK,False,
NHYDY,Norsk Hydro ASA,11.6,2026-06-15T23:54:18.190006+00:00,True,+114.0%,True,$22831.9M,False,+-11.8%,False,153.3K,True,$11.60 / SMA $11.47,False,2.00%,False,+-11.7%,False,1123.6M,False,OQX,False,
NHYKF,Norsk Hydro ASA,11.61,2026-06-16T00:31:05.283153+00:00,True,+112.2%,True,$22816.9M,False,+-11.8%,False,8.4K,False,$11.61 / SMA $11.65,False,2.19%,False,+-11.7%,False,1123.6M,False,OQX,False,
NIC,"Nicolet Bankshares, Inc.",146.64,2026-06-16T00:35:20.305462+00:00,False,+28.5%,True,$3116.4M,False,+-61.1%,False,182.7K,True,$146.64 / SMA $145.73,False,2.88%,True,+50.8%,True,20.1M,True,NYQ,False,
NICMF,Nickel Industries Limited,0.6588,2026-06-16T00:09:50.350172+00:00,False,+57.2%,True,$2860.5M,,,False,4.1K,False,$0.66 / SMA $0.72,False,1.65%,,,False,831.5M,False,PNK,False,
NIE,Virtus Equity & Convertible Income Fund,26.47,2026-06-16T00:13:38.615795+00:00,False,+16.4%,True,$733.5M,,,False,69.4K,True,$26.47 / SMA $26.03,False,1.52%,,,,,True,NYQ,False,
NINE,"Nine Energy Service, Inc.",10.2,2026-06-16T00:26:35.212135+00:00,False,+39.3%,True,$441.9M,,,False,42.2K,True,$10.20 / SMA $9.82,True,6.36%,False,+-6.5%,True,8.0M,True,ASE,False,
NINOF,Nikon Corporation,11.4,2026-06-16T00:33:29.791669+00:00,False,+20.3%,True,$3755.3M,,N/A,False,0.4K,False,$11.40 / SMA $13.27,False,2.40%,,N/A,False,264.0M,False,PNK,False,
NIO,NIO Inc.,5.2,2026-06-16T00:31:18.441240+00:00,False,+55.7%,True,$13029.5M,True,+93.9%,True,38464.6K,False,$5.20 / SMA $5.98,True,4.51%,True,+112.2%,False,1888.4M,True,NYQ,False,
NIOIF,NIO Inc.,5.2,2026-06-16T00:18:12.042523+00:00,False,+50.7%,True,$13029.5M,True,+93.9%,False,0.3K,False,$5.20 / SMA $6.04,False,0.15%,True,+112.2%,False,1888.4M,False,PNK,False,
NIPNF,NEC Corporation,24.45,2026-06-15T23:54:12.405059+00:00,False,+7.0%,True,$32481.8M,,,False,14.9K,False,$24.45 / SMA $26.59,True,3.73%,,,False,1260.9M,False,PNK,False,
NIQ,NIQ,8.53,2026-06-15T23:58:13.893821+00:00,False,+7.6%,True,$2517.5M,False,+23.7%,True,1551.0K,False,$8.53 / SMA $9.86,True,5.71%,False,+11.1%,,,True,NYQ,False,
NISTF,Nippon Steel Corporation,3.5,2026-06-16T00:18:04.124763+00:00,False,+7.7%,True,$18292.0M,,,False,11.7K,False,$3.50 / SMA $3.63,True,3.78%,,,False,5212.0M,False,PNK,False,
NIUWF,NSI N.V.,23.4,2026-06-16T00:15:29.136837+00:00,False,+18.5%,True,$456.8M,,,False,0.0K,True,$23.40 / SMA $21.46,False,0.00%,,,True,12.6M,False,PNK,False,
NJDCY,Nidec Corporation,3.65,2026-06-16T00:18:03.383359+00:00,True,+98.4%,True,$17872.1M,,,False,21.9K,False,$3.65 / SMA $3.96,True,28.95%,,,False,3697.2M,False,PNK,False,
NKE,"NIKE, Inc.",45.2,2026-06-15T23:54:05.769300+00:00,False,+9.3%,True,$66936.1M,False,+-35.2%,True,22757.2K,True,$45.20 / SMA $43.94,True,3.15%,False,+0.1%,False,1174.3M,True,NYQ,False,
NKLR,Terra Innovatum Global N.V.,5.11,2026-06-16T00:24:33.546035+00:00,False,+37.0%,True,$359.2M,,,True,545.5K,False,$5.11 / SMA $5.87,True,8.16%,,,True,40.1M,True,NGM,False,
NKRKY,Nokian Renkaat Oyj,6.49,2026-06-16T00:11:43.782834+00:00,True,+92.0%,True,$1789.6M,False,+-500.0%,False,1.9K,True,$6.49 / SMA $5.95,False,0.57%,False,+-32.6%,False,247.3M,False,PNK,False,
NKTR,Nektar Therapeutics,61.145,2026-06-15T23:58:16.169312+00:00,True,+665.3%,True,$2065.8M,True,+49.4%,True,1005.0K,False,$61.15 / SMA $74.87,True,4.85%,False,+3.8%,True,29.1M,True,NCM,False,
NLLSY,Nel ASA,9.53,2026-06-16T00:01:43.158082+00:00,False,+46.8%,True,$583.9M,False,+-100.0%,False,0.2K,True,$9.53 / SMA $9.19,False,0.00%,False,+-64.4%,True,55.7M,False,PNK,False,
NLST,"Netlist, Inc.",2.6,2026-06-16T00:24:23.467474+00:00,True,+477.8%,True,$866.6M,True,+200.0%,True,2290.8K,True,$2.60 / SMA $2.45,True,13.37%,True,+262.0%,False,323.2M,False,OQB,False,
NLY,"Annaly Capital Management, Inc.",22.24,2026-06-16T00:18:08.961720+00:00,False,+19.3%,True,$16296.9M,True,+120.0%,True,7130.2K,True,$22.24 / SMA $22.03,False,1.63%,True,+85.4%,False,731.4M,True,NYQ,False,
NMAI,Nuveen Multi-Asset Income Fund,13.95,2026-06-16T00:13:50.288293+00:00,False,+16.3%,True,$466.3M,,,False,112.6K,True,$13.95 / SMA $13.69,False,1.94%,,,,,True,NYQ,False,
NMAKF,"Nemak, S. A. B. de C. V.",0.20069,2026-06-16T00:13:44.051698+00:00,False,+18.6%,True,$575.6M,True,+141.9%,False,0.1K,True,$0.20 / SMA $0.20,False,0.00%,False,+15.7%,,,False,PNK,False,
NMFC,New Mountain Finance Corporation,7.78,2026-06-16T00:13:37.975167+00:00,False,+4.0%,True,$734.8M,False,+-331.8%,True,753.0K,False,$7.78 / SMA $8.13,False,2.12%,False,+-320.4%,,,True,NMS,False,
NMFCZ,New Mountain Finance Corporation 8.250% Notes due 2028,25.4,2026-06-16T00:01:38.581575+00:00,False,+1.6%,,,,,False,11.6K,True,$25.40 / SMA $25.17,False,0.41%,,,,,True,NGM,False,
NMIH,"NMI Holdings, Inc.",37.24,2026-06-16T00:35:23.543548+00:00,False,+6.9%,True,$2829.2M,False,+0.0%,True,507.3K,False,$37.24 / SMA $38.09,False,2.00%,False,+5.9%,True,74.5M,True,NGM,False,
NMR,"Nomura Holdings, Inc.",8.81,2026-06-16T00:17:59.948561+00:00,False,+46.3%,True,$25748.0M,,,True,1750.7K,True,$8.81 / SMA $8.22,False,1.85%,,,False,2734.2M,True,NYQ,False,
NMRA,"Neumora Therapeutics, Inc.",0.9145,2026-06-16T00:40:12.227344+00:00,False,+27.7%,False,$169.4M,True,+28.6%,True,1225.3K,False,$0.91 / SMA $1.96,True,8.31%,,N/A,True,113.8M,True,NMS,False,
NMRK,"Newmark Group, Inc.",15.04,2026-06-16T00:35:27.986299+00:00,False,+36.5%,True,$3748.1M,True,+260.0%,True,1530.6K,False,$15.04 / SMA $15.30,True,3.71%,True,+27.2%,False,150.1M,True,NMS,False,
NN,NextNav Inc.,19.53,2026-06-16T00:22:07.722400+00:00,True,+79.7%,True,$2664.6M,True,+73.3%,True,2619.2K,False,$19.53 / SMA $19.82,True,9.03%,False,+-35.3%,True,72.1M,True,NCM,False,
NNCHY,Nissan Chemical Corporation,43.655,2026-06-15T23:56:18.529629+00:00,False,+63.8%,True,$5854.7M,,,False,0.1K,False,$43.66 / SMA $44.20,False,0.00%,,,True,130.2M,False,PNK,False,
NNDNF,Nidec Corporation,14.0,2026-06-15T23:54:21.437187+00:00,False,+15.7%,True,$19198.7M,,,False,0.0K,False,$14.00 / SMA $15.55,False,0.00%,,,False,924.3M,False,PNK,False,
NNE,NANO Nuclear Energy Inc.,25.08,2026-06-16T00:24:09.806088+00:00,False,+32.5%,True,$1307.2M,True,+68.4%,True,2586.7K,True,$25.08 / SMA $25.04,True,9.85%,,,True,40.5M,True,NCM,False,
NNFSF,"Nongfu Spring Co., Ltd.",5.49,2026-06-16T00:17:41.813455+00:00,False,+13.4%,True,$61743.1M,,,False,4.1K,True,$5.49 / SMA $5.21,False,0.38%,,,False,1785.2M,False,PNK,False,
NNGPF,NN Group N.V.,79.6,2026-06-16T00:31:06.720968+00:00,False,+24.5%,True,$21880.9M,,N/A,False,1.4K,False,$79.60 / SMA $84.63,False,0.01%,,N/A,False,262.1M,False,PNK,False,
NNGRY,NN Group N.V.,42.35,2026-06-16T00:18:00.957667+00:00,False,+34.1%,True,$22161.8M,,,False,74.2K,True,$42.35 / SMA $41.78,False,1.38%,,,False,524.2M,False,PNK,False,
NNI,"Nelnet, Inc.",128.25,2026-06-15T23:56:27.145990+00:00,False,+13.9%,True,$4608.5M,False,+-12.8%,False,153.5K,False,$128.25 / SMA $132.51,False,2.19%,False,+6.9%,True,16.3M,True,NYQ,False,
NNN,"NNN REIT, Inc.",45.93,2026-06-16T00:18:27.661345+00:00,False,+18.1%,True,$8738.1M,False,+-2.0%,True,1746.7K,True,$45.93 / SMA $44.22,False,1.71%,False,+4.1%,False,188.3M,True,NYQ,False,
NNNN,Anbio Biotechnology,16.81,2026-06-16T00:08:16.208733+00:00,True,+95.5%,True,$737.8M,,,False,27.4K,False,$16.81 / SMA $26.94,True,14.76%,,,True,39.7M,True,NGM,False,
NNWWF,The North West Company Inc.,34.51,2026-06-15T23:59:53.790230+00:00,False,+14.6%,True,$1637.9M,False,+5.7%,False,8.3K,False,$34.51 / SMA $37.37,False,0.24%,False,+-1.5%,True,30.9M,False,PNK,False,
NOAH,Noah Holdings Limited,10.52,2026-06-16T00:24:33.090725+00:00,False,+10.4%,True,$690.2M,False,+-15.2%,False,106.4K,True,$10.52 / SMA $10.34,True,3.03%,False,+1.8%,True,28.2M,True,NYQ,False,
NOC,Northrop Grumman Corporation,544.73,2026-06-15T23:54:04.514318+00:00,False,+13.2%,True,$77369.9M,True,+84.9%,True,851.1K,False,$544.73 / SMA $582.20,False,2.09%,False,+4.4%,True,141.6M,True,NYQ,False,
NOK,Nokia Oyj,14.82,2026-06-15T23:54:03.536793+00:00,True,+270.5%,True,$82733.2M,True,+300.0%,True,103663.5K,True,$14.82 / SMA $12.89,True,6.29%,False,+2.4%,False,4442.0M,True,NYQ,False,
NOKBF,Nokia Oyj,14.91,2026-06-16T00:05:47.563645+00:00,True,+275.6%,True,$83235.6M,True,+300.0%,True,1710.6K,True,$14.91 / SMA $12.79,True,6.07%,False,+2.4%,False,4442.0M,False,PNK,False,
NOMD,Nomad Foods Limited,10.32,2026-06-16T00:35:54.342137+00:00,False,+14.8%,True,$1442.6M,False,+-4.8%,True,1391.7K,True,$10.32 / SMA $9.76,False,2.43%,False,+-5.9%,True,113.8M,True,NYQ,False,
NOPMF,Neo Performance Materials Inc.,24.02,2026-06-16T00:00:18.773285+00:00,True,+174.1%,True,$1104.7M,False,+0.0%,False,16.4K,True,$24.02 / SMA $20.43,True,6.36%,True,+27.4%,True,40.4M,False,OQX,False,
NOV,NOV Inc.,20.52,2026-06-15T23:54:40.607061+00:00,True,+74.2%,True,$7364.4M,False,+-73.7%,True,4566.2K,True,$20.52 / SMA $20.04,True,3.29%,False,+-2.4%,False,356.8M,True,NYQ,False,
NOVT,Novanta Inc.,156.63,2026-06-16T00:20:12.821171+00:00,False,+59.4%,True,$5578.1M,False,+-13.6%,False,437.4K,True,$156.63 / SMA $143.44,True,4.90%,False,+10.4%,True,35.3M,True,NMS,False,
NOVTU,Novanta Inc.,66.305,2026-06-16T00:08:10.613052+00:00,False,+39.4%,,,,,False,81.4K,True,$66.31 / SMA $61.75,True,4.44%,False,+10.4%,True,35.3M,True,NMS,False,
NP,Neptune Insurance Holdings Inc.,27.56,2026-06-16T00:20:25.581307+00:00,True,+86.5%,True,$3812.4M,True,+49.3%,True,614.4K,True,$27.56 / SMA $26.78,True,5.06%,True,+28.8%,True,49.5M,True,NYQ,True,
NPAC,New Providence Acquisition Corp. III,10.37,2026-06-16T00:40:01.077249+00:00,False,+3.0%,True,$398.1M,True,+2371.4%,False,105.8K,True,$10.37 / SMA $10.33,False,0.07%,,N/A,True,28.1M,True,NGM,False,
NPB,"Northpointe Bancshares, Inc.",17.84,2026-06-16T00:01:58.156897+00:00,False,+38.7%,True,$616.9M,True,+26.5%,False,155.7K,True,$17.84 / SMA $17.75,False,2.82%,False,+19.1%,True,13.2M,True,NYQ,False,
NPIFF,Northland Power Inc.,16.2,2026-06-16T00:33:28.166631+00:00,False,+41.7%,True,$4236.3M,True,+32.0%,False,50.1K,False,$16.20 / SMA $16.80,False,0.60%,False,+16.5%,False,261.3M,False,PNK,False,
NPK,"National Presto Industries, Inc.",128.11,2026-06-16T00:37:51.940570+00:00,False,+40.5%,True,$918.0M,False,+-13.1%,False,110.7K,False,$128.11 / SMA $137.12,True,4.44%,False,+14.5%,True,4.9M,True,NYQ,False,
NPPHY,"Nippon Paint Holdings Co., Ltd.",3.21,2026-06-15T23:54:25.641930+00:00,False,+18.2%,True,$14890.9M,,,False,3.6K,True,$3.21 / SMA $3.12,True,4.84%,,,False,1636.7M,False,PNK,False,
NPPNY,"Nippon Shinyaku Co., Ltd.",6.12,2026-06-16T00:35:44.745037+00:00,False,+21.7%,True,$1650.0M,,N/A,False,0.1K,False,$6.12 / SMA $7.37,False,0.16%,,N/A,False,250.9M,False,PNK,False,
NPSCY,Nippon Steel Corporation,3.52,2026-06-16T00:06:11.660797+00:00,False,+4.1%,True,$18396.6M,,,False,366.1K,False,$3.52 / SMA $3.61,False,2.08%,,,False,5212.0M,False,PNK,False,
NPSKY,NSK Ltd.,15.45,2026-06-16T00:33:37.190548+00:00,True,+72.0%,True,$3780.0M,,N/A,False,2.0K,True,$15.45 / SMA $15.23,False,0.77%,,N/A,False,223.2M,False,PNK,False,
NPSNY,Naspers Limited,10.45,2026-06-15T23:54:11.265401+00:00,False,+5.6%,True,$39552.1M,,,False,172.1K,False,$10.45 / SMA $10.82,False,2.06%,,,False,3916.3M,False,PNK,False,
NPXYY,NPXYY,17.0,2026-06-16T00:18:06.938218+00:00,False,+20.8%,True,$14717.0M,,,False,39.7K,False,$17.00 / SMA $18.23,True,3.16%,,,False,396.6M,False,PNK,False,
NRC,NRC Health,18.31,2026-06-16T00:39:54.277977+00:00,False,+66.2%,True,$412.6M,False,+-44.0%,False,112.8K,False,$18.31 / SMA $18.34,True,5.41%,False,+3.7%,True,12.2M,True,NMS,False,
NRDBY,Nordea Bank Abp,18.9,2026-06-15T23:54:06.020232+00:00,False,+35.9%,True,$64141.9M,False,+0.0%,False,433.6K,True,$18.90 / SMA $18.60,False,2.33%,False,+-1.3%,False,3181.2M,False,OQX,False,
NRDS,"NerdWallet, Inc.",8.38,2026-06-16T00:13:45.389404+00:00,False,+14.3%,True,$551.4M,,,True,898.0K,False,$8.38 / SMA $9.46,True,4.18%,False,+6.2%,True,26.5M,True,NGM,False,
NRDXF,Nordex SE,44.78,2026-06-15T23:54:30.858399+00:00,True,+137.8%,True,$10607.1M,,,False,0.1K,False,$44.78 / SMA $52.49,False,0.07%,False,+-27.6%,True,118.4M,False,PNK,False,
NRGV,"Energy Vault Holdings, Inc.",4.11,2026-06-16T00:24:25.936380+00:00,True,+528.4%,True,$732.6M,False,+-42.9%,True,4737.9K,False,$4.11 / SMA $4.56,True,11.40%,True,+156.4%,True,147.9M,True,NYQ,False,
NRILY,"Nomura Research Institute, Ltd.",28.29,2026-06-16T00:31:11.971260+00:00,False,+24.5%,True,$16249.9M,,N/A,False,71.9K,False,$28.29 / SMA $28.96,False,2.28%,,N/A,False,399.6M,False,PNK,False,
NRIM,"Northrim BanCorp, Inc.",25.11,2026-06-16T00:39:42.670075+00:00,False,+28.1%,True,$558.6M,False,+2.5%,False,126.1K,True,$25.11 / SMA $24.38,False,2.89%,False,+11.7%,True,21.5M,True,NMS,False,
NRIX,"Nurix Therapeutics, Inc.",17.04,2026-06-16T00:35:43.979016+00:00,True,+107.9%,True,$1762.0M,False,+-17.9%,True,1684.0K,True,$17.04 / SMA $16.46,True,7.38%,False,+-66.1%,True,82.4M,True,NGM,False,
NRK,Nuveen New York AMT-Free Quality Municipal Income Fund,10.61,2026-06-16T00:00:19.174718+00:00,False,+14.1%,True,$925.6M,,,False,276.6K,True,$10.61 / SMA $10.46,False,0.82%,,,,,True,NYQ,False,
NRP,Natural Resource Partners L.P.,102.19,2026-06-16T00:24:11.109028+00:00,False,+11.0%,True,$1354.1M,False,+-51.5%,False,38.7K,False,$102.19 / SMA $110.68,False,2.80%,False,+-15.3%,True,10.0M,True,NYQ,False,
NRSCF,"Nomura Holdings, Inc.",8.45,2026-06-16T00:31:05.420376+00:00,False,+45.7%,True,$24695.9M,False,+4.1%,False,0.9K,True,$8.45 / SMA $8.09,False,0.00%,,N/A,False,2734.2M,False,PNK,False,
NRXXY,Nordex SE,22.15,2026-06-16T00:31:20.507187+00:00,True,+122.7%,True,$10493.4M,,N/A,False,0.4K,False,$22.15 / SMA $26.61,False,0.88%,False,+-27.6%,False,236.8M,False,PNK,False,
NSANF,"Nissan Motor Co., Ltd.",2.2,2026-06-15T23:54:39.247118+00:00,False,+22.2%,True,$7692.0M,,,False,10.5K,False,$2.20 / SMA $2.29,True,6.09%,,,False,2043.1M,False,PNK,False,
NSANY,"Nissan Motor Co., Ltd.",4.28,2026-06-16T00:06:29.691004+00:00,False,+5.7%,True,$7482.3M,,,False,204.4K,False,$4.28 / SMA $4.53,False,2.60%,,,False,1021.6M,False,PNK,False,
NSC,Norfolk Southern Corporation,310.28,2026-06-15T23:54:05.565752+00:00,False,+24.7%,True,$69687.0M,False,+-26.6%,True,1238.6K,True,$310.28 / SMA $308.61,False,2.17%,False,+0.2%,False,224.3M,True,NYQ,False,
NSHBY,Nisshinbo Holdings Inc.,31.35,2026-06-16T00:35:31.517316+00:00,True,+194.4%,True,$2448.4M,,N/A,False,0.1K,True,$31.35 / SMA $27.23,False,0.00%,,N/A,True,79.2M,False,PNK,False,
NSKFF,Kongsberg Gruppen ASA,31.0808,2026-06-15T23:54:14.947756+00:00,False,+38.8%,True,$27339.0M,False,+15.8%,False,2.6K,False,$31.08 / SMA $34.17,False,0.87%,True,+26.1%,False,412.2M,False,PNK,False,
NSRGF,Nestlé S.A.,98.16,2026-06-16T00:17:30.894226+00:00,False,+15.5%,True,$252489.1M,,,False,7.1K,True,$98.16 / SMA $98.09,True,3.80%,,,False,2570.1M,False,OID,False,
NSSC,"Napco Security Technologies, Inc.",37.57,2026-06-16T00:37:30.863701+00:00,False,+42.1%,True,$1342.3M,False,+-103.6%,False,424.4K,False,$37.57 / SMA $40.04,True,3.36%,False,+11.8%,True,34.4M,True,NMS,False,
NTB,The Bank of N.T. Butterfield & Son Limited,58.46,2026-06-15T23:58:16.569788+00:00,False,+44.0%,True,$2315.6M,False,+24.4%,False,177.6K,True,$58.46 / SMA $55.94,False,1.89%,False,+5.5%,True,38.8M,True,NYQ,False,
NTCPF,NorthIsle Copper and Gold Inc.,2.13,2026-06-16T00:13:40.220584+00:00,True,+167.6%,True,$707.3M,,,False,313.2K,False,$2.13 / SMA $2.18,True,6.17%,,,False,322.2M,False,OQX,False,
NTDOF,"Nintendo Co., Ltd.",44.98,2026-06-15T23:54:07.741715+00:00,False,+8.1%,True,$51854.2M,,,False,18.8K,False,$44.98 / SMA $48.78,True,8.38%,,,False,1122.4M,False,PNK,False,
NTDOY,"Nintendo Co., Ltd.",11.18,2026-06-16T00:17:43.952038+00:00,False,+7.6%,True,$51554.5M,,,True,3057.6K,False,$11.18 / SMA $12.07,False,2.33%,,,False,4489.5M,False,PNK,False,
NTES,"NetEase, Inc.",125.93,2026-06-16T00:05:49.179917+00:00,False,+18.7%,True,$80685.3M,False,+3.1%,True,853.0K,True,$125.93 / SMA $116.89,False,2.43%,False,+6.1%,False,1744.0M,True,NMS,False,
NTGR,"NETGEAR, Inc.",24.53,2026-06-16T00:13:39.893298+00:00,False,+29.1%,True,$658.4M,False,+-123.8%,True,506.6K,False,$24.53 / SMA $25.29,True,3.99%,False,+-2.0%,True,24.0M,True,NMS,False,
NTIOF,National Bank of Canada,150.14,2026-06-16T00:30:51.144224+00:00,False,+52.9%,True,$57825.3M,True,+41.0%,False,40.5K,True,$150.14 / SMA $147.21,False,1.19%,False,+6.8%,False,384.7M,False,PNK,False,
NTNX,"Nutanix, Inc.",49.4,2026-06-15T23:54:29.900113+00:00,False,+45.3%,True,$13353.8M,False,+13.6%,True,3787.3K,True,$49.40 / SMA $44.80,True,4.57%,False,+10.0%,False,253.6M,True,NMS,False,
NTOIF,Neste Oyj,31.05,2026-06-16T00:17:57.779034+00:00,True,+187.5%,True,$23855.2M,True,+1480.0%,False,2.1K,False,$31.05 / SMA $32.25,False,0.01%,False,+2.9%,False,418.4M,False,PNK,False,
NTOIY,Neste Oyj,16.04,2026-06-16T00:31:03.995616+00:00,True,+160.8%,True,$24646.5M,True,+1480.0%,False,58.7K,False,$16.04 / SMA $16.09,False,2.94%,False,+2.9%,False,836.9M,False,PNK,False,
NTPIF,Nam Tai Property Inc.,4.67,2026-06-16T00:15:42.707844+00:00,False,+45.9%,False,$282.0M,False,+-11.1%,False,4.9K,False,$4.67 / SMA $4.98,False,1.41%,False,+-11.8%,True,26.5M,False,PNK,False,
NTRA,"Natera, Inc.",216.97,2026-06-16T00:31:01.895124+00:00,False,+64.6%,True,$31073.4M,False,+-20.0%,True,1405.1K,True,$216.97 / SMA $206.82,True,5.03%,True,+38.8%,True,138.9M,True,NMS,False,
NTSK,"Netskope, Inc.",8.81,2026-06-16T00:08:16.255548+00:00,False,+14.9%,True,$3558.6M,False,+-39.8%,True,4947.2K,False,$8.81 / SMA $10.35,True,6.62%,True,+27.8%,False,173.0M,True,NMS,False,
NTST,NETSTREIT Corp.,19.96,2026-06-15T23:58:18.805246+00:00,False,+23.7%,True,$1949.5M,True,+200.0%,True,1312.8K,False,$19.96 / SMA $20.14,False,1.96%,True,+26.5%,True,96.6M,True,NYQ,False,
NTTYY,"NTT, Inc.",23.1,2026-06-16T00:17:38.987233+00:00,False,+1.7%,True,$75235.4M,,,False,163.7K,False,$23.10 / SMA $23.87,False,1.72%,,,False,1983.6M,False,PNK,False,
NU,Nu Holdings Ltd.,12.43,2026-06-16T00:05:50.167726+00:00,False,+11.0%,True,$60431.4M,True,+55.9%,True,52184.1K,False,$12.43 / SMA $13.58,True,3.71%,True,+57.2%,False,3610.4M,True,NYQ,False,
NUAI,"New Era Energy & Digital, Inc.",5.63,2026-06-16T00:13:51.142995+00:00,True,+1653.9%,True,$570.3M,True,+33.3%,True,6437.6K,True,$5.63 / SMA $4.64,True,14.21%,True,+145.8%,True,74.7M,True,NGM,True,
NUCL,Eagle Nuclear Energy Corp.,9.22,2026-06-16T00:26:51.188076+00:00,True,+102.6%,False,$272.7M,False,+-254.8%,False,446.0K,False,$9.22 / SMA $10.21,True,8.57%,,,True,36.8M,True,NCM,False,
NUE,Nucor Corporation,259.32,2026-06-16T00:05:52.165339+00:00,True,+115.4%,True,$59057.8M,True,+382.1%,True,1480.2K,True,$259.32 / SMA $225.31,False,2.90%,False,+21.3%,False,222.3M,True,NYQ,False,
NURPF,Neuren Pharmaceuticals Limited,8.875,2026-06-16T00:37:44.472493+00:00,False,+15.3%,True,$1121.1M,,N/A,False,0.0K,True,$8.88 / SMA $8.78,False,0.00%,,N/A,True,109.7M,False,PNK,False,
NUV,"Nuveen Municipal Value Fund, Inc.",9.12,2026-06-16T00:35:42.820544+00:00,False,+8.2%,True,$1892.8M,,N/A,True,527.4K,True,$9.12 / SMA $9.10,False,0.68%,,N/A,,N/A,True,NYQ,False,
NVAX,"Novavax, Inc.",9.21,2026-06-16T00:11:46.923525+00:00,False,+50.2%,True,$1514.5M,False,+-102.0%,True,4608.5K,True,$9.21 / SMA $8.98,True,6.49%,False,+-79.1%,True,141.5M,True,NMS,False,
NVCR,NovoCure Limited,17.6,2026-06-16T00:35:37.113652+00:00,True,+79.2%,True,$2038.4M,False,+-100.0%,True,1502.2K,True,$17.60 / SMA $15.27,True,5.99%,False,+12.3%,True,95.2M,True,NMS,False,
NVGS,Navigator Holdings Ltd.,22.74,2026-06-16T00:35:47.712622+00:00,False,+63.6%,True,$1403.6M,True,+38.5%,False,467.4K,True,$22.74 / SMA $21.87,False,2.68%,False,+-7.1%,True,33.8M,True,NYQ,False,
NVMI,Nova Ltd.,605.65,2026-06-15T23:54:25.147302+00:00,True,+170.4%,True,$19263.4M,False,+0.5%,False,381.7K,True,$605.65 / SMA $511.56,True,5.96%,False,+10.3%,True,31.7M,True,NMS,False,
NVRI,Enviri Corporation,20.71,2026-06-16T00:22:28.867670+00:00,True,+169.0%,True,$582.0M,,,True,1459.2K,True,$20.71 / SMA $19.51,True,7.14%,,,True,82.7M,True,NYQ,True,
NVSEF,Novartis AG,144.88,2026-06-16T00:17:30.865144+00:00,False,+30.8%,True,$276444.3M,False,+-9.3%,False,42.6K,False,$144.88 / SMA $146.80,False,0.57%,False,+-0.7%,False,1812.2M,False,PNK,False,
NVST,Envista Holdings Corporation,24.68,2026-06-16T00:08:22.444519+00:00,False,+35.2%,True,$4016.1M,True,+130.0%,True,2961.9K,False,$24.68 / SMA $25.06,True,3.11%,False,+14.4%,False,162.0M,True,NYQ,False,
NVT,nVent Electric plc,169.0,2026-06-16T00:17:56.659240+00:00,True,+146.4%,True,$27330.8M,False,+-59.7%,True,2172.5K,True,$169.00 / SMA $154.43,True,4.51%,True,+53.5%,False,161.1M,True,NYQ,False,
NVTS,Navitas Semiconductor Corporation,23.73,2026-06-15T23:56:15.561712+00:00,True,+336.2%,True,$5701.7M,False,+-66.7%,True,33012.5K,True,$23.73 / SMA $19.26,True,13.13%,False,+-38.7%,False,210.2M,True,NGM,False,
NVZMF,Novozymes A/S,59.86,2026-06-16T00:31:02.717629+00:00,False,+14.9%,True,$27908.4M,False,+-18.9%,False,1.1K,True,$59.86 / SMA $59.20,False,1.06%,False,+14.1%,False,344.4M,False,PNK,False,
NWARF,Norwegian Air Shuttle ASA,1.605,2026-06-16T00:35:48.069958+00:00,False,+39.6%,True,$1688.0M,False,+-25.9%,False,3.8K,True,$1.60 / SMA $1.58,True,3.90%,False,+-16.1%,False,781.4M,False,PNK,False,
NWAX,New America Acquisition I Corp.,10.13,2026-06-16T00:02:02.680269+00:00,False,+4.7%,True,$504.5M,,,False,53.9K,True,$10.13 / SMA $10.10,False,0.37%,,,True,36.7M,True,NYQ,False,
NWAX.U,NWAX.U,,2026-06-16T00:26:31.201642+00:00,False,,False,,False,,False,,False,,False,,False,,False,,False,Unknown,False,No price data available
NWBI,"Northwest Bancshares, Inc.",14.55,2026-06-15T23:58:18.468787+00:00,False,+29.3%,True,$2128.9M,False,+0.0%,True,1267.8K,True,$14.55 / SMA $13.71,False,1.79%,False,+11.8%,True,144.6M,True,NMS,False,
NWBO,"Northwest Biotherapeutics, Inc.",0.2,2026-06-16T00:15:31.279823+00:00,False,+11.1%,True,$328.7M,True,+100.0%,True,3183.2K,False,$0.20 / SMA $0.21,True,7.94%,True,+31.7%,False,1606.7M,False,OQB,False,
NWFL,Norwood Financial Corp.,31.06,2026-06-16T00:03:50.359791+00:00,False,+31.1%,True,$338.3M,False,+-44.4%,False,20.9K,True,$31.06 / SMA $30.36,False,2.49%,True,+34.9%,True,9.8M,True,NGM,False,
NWHUF,Vital Infrastructure Property Trust,3.9,2026-06-16T00:11:57.151517+00:00,False,+16.8%,True,$975.0M,False,+-329.2%,False,11.7K,False,$3.90 / SMA $3.96,False,0.36%,False,+-33.7%,False,221.7M,False,PNK,False,
NWN,Northwest Natural Holding Company,49.64,2026-06-16T00:10:05.223327+00:00,False,+26.3%,True,$2088.9M,False,+6.3%,False,270.2K,False,$49.64 / SMA $51.22,False,2.33%,False,+-0.8%,True,41.8M,True,NYQ,False,
NWS,News Corporation,29.25,2026-06-16T00:18:10.226525+00:00,False,+14.8%,True,$15929.1M,False,+-11.1%,True,1491.3K,False,$29.25 / SMA $30.00,False,2.49%,False,+8.8%,False,545.7M,True,NMS,False,
NWSA,News Corporation,25.7,2026-06-16T00:06:14.870601+00:00,False,+15.8%,True,$13995.8M,False,+-11.1%,True,4572.3K,False,$25.70 / SMA $26.10,False,2.57%,False,+8.8%,False,545.7M,True,NMS,False,
NWWCF,New China Life Insurance Company Ltd.,7.04,2026-06-16T00:17:59.506161+00:00,True,+90.3%,True,$21961.6M,,,False,2.3K,True,$7.04 / SMA $6.55,True,7.43%,False,+-15.8%,False,2731.2M,False,PNK,False,
NX,Quanex Building Products Corporation,16.78,2026-06-16T00:13:35.685201+00:00,False,+52.0%,True,$770.7M,False,+-84.1%,False,423.0K,False,$16.78 / SMA $18.71,True,5.61%,False,+2.2%,True,39.6M,True,NYQ,False,
NXDCF,NEXTDC Limited,10.505,2026-06-16T00:06:29.197391+00:00,False,+39.7%,True,$7590.9M,,,False,0.4K,True,$10.51 / SMA $10.13,False,0.02%,,,False,639.9M,False,PNK,False,
NXDR,NXDR,2.15,2026-06-16T00:37:59.005403+00:00,False,+61.7%,True,$820.0M,True,+50.0%,True,2907.7K,True,$2.15 / SMA $1.82,True,5.32%,False,+13.8%,False,245.5M,True,NYQ,False,
NXE,NexGen Energy Ltd.,10.54,2026-06-15T23:56:15.033445+00:00,False,+68.4%,True,$6976.5M,False,+-166.7%,True,6625.9K,False,$10.54 / SMA $11.60,True,5.33%,,,False,618.4M,True,NYQ,False,
NXG,NXG NextGen Infrastructure Income Fund,57.4,2026-06-16T00:15:38.968749+00:00,False,+27.4%,True,$326.2M,,,False,89.9K,True,$57.40 / SMA $56.32,False,2.07%,,,,,True,NYQ,False,
NXGPF,NEXT plc,184.28,2026-06-15T23:54:21.521914+00:00,False,+11.6%,True,$21035.9M,,,False,0.0K,True,$184.28 / SMA $180.61,False,0.01%,,,True,107.6M,False,PNK,False,
NXGPY,NEXT plc,93.24,2026-06-16T00:18:02.977132+00:00,False,+18.5%,True,$21287.1M,,,False,0.5K,True,$93.24 / SMA $89.46,False,0.22%,,,False,215.3M,False,PNK,False,
NXP,Nuveen Select Tax-Free Income Portfolio,14.34,2026-06-16T00:13:34.088127+00:00,False,+4.4%,True,$897.1M,,,False,142.7K,True,$14.34 / SMA $14.21,False,0.90%,,,,,True,NYQ,False,
NXPI,NXP Semiconductors N.V.,315.88,2026-06-16T00:30:48.287711+00:00,True,+72.6%,True,$79750.6M,True,+130.7%,True,3606.0K,True,$315.88 / SMA $274.59,True,4.58%,False,+12.2%,False,252.0M,True,NMS,False,
NXRT,"NexPoint Residential Trust, Inc.",27.42,2026-06-16T00:37:59.100801+00:00,False,+15.3%,True,$1413.4M,False,+0.0%,False,201.4K,False,$27.42 / SMA $28.06,False,2.31%,False,+0.5%,True,21.7M,True,NYQ,False,
NXST,"Nexstar Media Group, Inc.",172.29,2026-06-16T00:20:12.478663+00:00,False,+5.1%,True,$5261.6M,True,+51.0%,False,409.0K,False,$172.29 / SMA $190.54,True,3.55%,False,+13.1%,True,28.4M,True,NMS,False,
NYAX,Nayax Ltd.,67.53,2026-06-16T00:22:14.573991+00:00,True,+72.4%,True,$2524.1M,False,+-84.1%,False,26.3K,True,$67.53 / SMA $66.77,True,3.14%,True,+31.7%,True,15.8M,True,NMS,False,
NYT,The New York Times Company,73.8,2026-06-16T00:18:15.376917+00:00,False,+44.6%,True,$11945.5M,True,+80.0%,True,2011.5K,False,$73.80 / SMA $77.83,False,2.56%,False,+12.0%,True,134.7M,True,NYQ,False,
NZF,Nuveen Municipal Credit Income Fund,12.61,2026-06-16T00:10:02.460120+00:00,False,+9.4%,True,$2442.9M,,,True,555.6K,True,$12.61 / SMA $12.47,False,0.90%,,,,,True,NYQ,False,
NZTCF,Spark New Zealand Limited,1.05,2026-06-16T00:10:03.474195+00:00,False,+7.1%,True,$1984.6M,,,False,6.2K,False,$1.05 / SMA $1.21,False,0.80%,,,False,1888.1M,False,PNK,False,
OABI,"OmniAb, Inc.",2.11,2026-06-16T00:26:46.274927+00:00,False,+62.3%,True,$305.9M,True,+64.7%,True,654.3K,True,$2.11 / SMA $1.93,True,7.83%,True,+247.3%,True,114.6M,True,NGM,False,
OBE,Obsidian Energy Ltd.,10.41,2026-06-16T00:37:57.086361+00:00,True,+97.5%,True,$695.1M,False,+-240.0%,True,1059.4K,False,$10.41 / SMA $11.80,True,4.93%,False,+-29.8%,True,59.8M,True,ASE,False,
OBICY,OBICY,11.99,2026-06-16T00:06:20.909681+00:00,False,+2.7%,True,$10375.0M,,,False,212.9K,False,$11.99 / SMA $12.90,True,5.82%,,,False,641.0M,False,PNK,False,
OBIIF,"OBIC Co.,Ltd.",25.61,2026-06-16T00:06:20.919382+00:00,False,+5.3%,True,$11080.2M,,,False,0.2K,True,$25.61 / SMA $25.14,False,0.00%,,,False,320.5M,False,PNK,False,
OBK,"Origin Bancorp, Inc.",49.28,2026-06-15T23:59:59.757564+00:00,False,+53.4%,True,$1523.0M,True,+25.4%,False,169.5K,True,$49.28 / SMA $46.47,False,2.05%,False,+10.0%,True,28.9M,True,NYQ,False,
OBYCF,Obayashi Corporation,19.35,2026-06-16T00:18:11.700236+00:00,False,+39.9%,True,$13301.6M,,,False,0.8K,False,$19.35 / SMA $22.36,False,2.25%,,,False,648.4M,False,PNK,False,
OC,Owens Corning,123.4,2026-06-16T00:18:27.738482+00:00,False,+26.5%,True,$9937.2M,False,+-20.4%,True,1204.1K,True,$123.40 / SMA $119.41,True,3.82%,False,+-10.5%,True,79.7M,True,NYQ,False,
OCGN,"Ocugen, Inc.",1.22,2026-06-16T00:02:05.039618+00:00,False,+35.1%,True,$413.0M,False,+-20.0%,True,7595.8K,False,$1.22 / SMA $1.54,True,5.23%,False,+3.5%,False,316.9M,True,NCM,False,
OCINF,OCI N.V.,4.45,2026-06-16T00:24:26.403785+00:00,False,+32.4%,True,$938.8M,,,False,0.3K,True,$4.45 / SMA $4.35,False,0.00%,,,True,105.0M,False,PNK,False,
OCUL,"Ocular Therapeutix, Inc.",8.99,2026-06-16T00:11:40.664702+00:00,False,+44.3%,True,$1968.5M,False,+-5.3%,True,3019.8K,True,$8.99 / SMA $8.96,True,5.37%,False,+0.8%,False,184.4M,True,NGM,False,
ODC,Oil-Dri Corporation of America,93.91,2026-06-16T00:37:49.729458+00:00,True,+105.9%,True,$1360.6M,False,+12.4%,False,72.1K,True,$93.91 / SMA $76.91,True,4.17%,False,+8.1%,True,9.7M,True,NYQ,False,
ODD,Oddity Tech Ltd.,11.56,2026-06-16T00:24:34.189820+00:00,False,+25.0%,True,$664.0M,False,+-160.3%,True,1576.3K,False,$11.56 / SMA $13.45,True,7.68%,False,+-26.2%,True,38.9M,True,NGM,False,
ODFJF,ODFJF,9.24,2026-06-16T00:22:16.961533+00:00,True,+76.0%,True,$2215.8M,True,+400.0%,False,0.4K,False,$9.24 / SMA $10.26,False,0.21%,False,+17.7%,True,115.9M,False,PNK,False,
ODTX,"Odyssey Therapeutics, Inc.",17.65,2026-06-16T00:37:55.980070+00:00,False,+15.0%,True,$832.6M,,N/A,False,435.4K,True,$17.65 / SMA_short $17.18,True,7.77%,,N/A,True,11.6M,True,NCM,False,
ODV,Osisko Development Corp.,2.72,2026-06-16T00:01:27.645350+00:00,False,+38.1%,True,$828.8M,True,+170.4%,True,3247.0K,False,$2.72 / SMA $3.04,True,6.15%,,,False,151.1M,True,NYQ,False,
OEC,Orion S.A.,8.13,2026-06-16T00:15:29.509763+00:00,True,+87.1%,True,$458.4M,False,+-212.5%,True,542.7K,True,$8.13 / SMA $7.21,True,5.70%,False,+-3.8%,True,51.1M,True,NYQ,False,
OERLY,OC Oerlikon Corporation AG,9.6,2026-06-16T00:24:06.937319+00:00,False,+38.3%,True,$1600.3M,,,False,0.4K,True,$9.60 / SMA $8.64,False,0.00%,,,True,88.3M,False,PNK,False,
OEZVY,VERBUND AG,13.15,2026-06-16T00:17:59.091904+00:00,False,+0.8%,True,$22842.6M,,,False,0.4K,False,$13.15 / SMA $14.13,False,0.37%,False,+-19.5%,False,330.0M,False,PNK,False,
OFG,OFG Bancorp,47.62,2026-06-15T23:58:19.788164+00:00,False,+33.4%,True,$2012.3M,True,+26.0%,False,306.6K,True,$47.62 / SMA $44.92,False,1.94%,False,+4.9%,True,41.8M,True,NYQ,False,
OFRM,"Once Upon A Farm, PBC",18.64,2026-06-16T00:26:10.176099+00:00,False,+33.1%,True,$781.1M,False,+3.6%,False,498.8K,True,$18.64 / SMA $15.70,True,5.45%,,,True,13.4M,True,NYQ,False,
OGE,OGE Energy Corp.,47.93,2026-06-15T23:54:34.409194+00:00,False,+14.9%,True,$9891.5M,False,+-22.6%,True,1574.3K,True,$47.93 / SMA $47.73,False,1.81%,False,+0.7%,False,205.0M,True,NYQ,False,
OGFGY,Origin Energy Limited,7.925,2026-06-16T00:06:16.938577+00:00,False,+16.1%,True,$13652.8M,,,False,28.4K,False,$7.92 / SMA $8.50,True,3.57%,,,False,1702.8M,False,PNK,False,
OGN,Organon & Co.,13.44,2026-06-16T00:33:38.999270+00:00,True,+136.2%,True,$3529.4M,True,+66.7%,True,8605.1K,True,$13.44 / SMA $11.88,False,0.38%,False,+-3.5%,False,261.1M,True,NYQ,False,
OHI,"Omega Healthcare Investors, Inc.",45.21,2026-06-15T23:54:27.305415+00:00,False,+26.6%,True,$14096.3M,True,+42.4%,True,2242.4K,False,$45.21 / SMA $46.12,False,2.33%,False,+16.7%,False,296.8M,True,NYQ,False,
OI,"O-I Glass, Inc.",8.99,2026-06-16T00:35:56.861955+00:00,False,+16.0%,True,$1378.2M,False,+-380.0%,True,2654.1K,False,$8.99 / SMA $9.38,True,4.90%,False,+-1.7%,True,150.0M,True,NYQ,False,
OII,"Oceaneering International, Inc.",37.89,2026-06-16T00:20:25.611450+00:00,True,+87.5%,True,$3779.3M,False,+-26.5%,True,1054.8K,True,$37.89 / SMA $37.80,True,4.06%,False,+2.7%,True,98.1M,True,NYQ,False,
OILRF,Oil Refineries Ltd.,0.45,2026-06-16T00:35:35.683692+00:00,True,+125.0%,True,$1404.5M,True,+70.0%,False,6.8K,False,$0.45 / SMA $0.50,True,19.57%,False,+24.4%,False,1823.5M,False,PNK,False,
OILSF,Saturn Oil & Gas Inc.,4.95,2026-06-16T00:11:57.522136+00:00,True,+234.5%,True,$899.0M,False,+-378.9%,False,129.6K,True,$4.95 / SMA $4.75,True,4.74%,False,+-2.4%,True,109.1M,False,OQX,False,
OIM,OneIM Acquisition Corp.,10.04,2026-06-16T00:40:08.512720+00:00,False,+5.7%,True,$362.8M,,N/A,False,40.5K,True,$10.04 / SMA $10.02,False,0.11%,,N/A,True,26.5M,True,NGM,False,
OIMAU,OneIM Acquisition Corp.,10.18,2026-06-16T00:15:33.178673+00:00,False,+1.3%,,,,,False,8.0K,True,$10.18 / SMA $10.13,False,0.70%,,,True,26.5M,True,NGM,False,
OIO,OIO Group,2.41,2026-06-16T00:01:50.980089+00:00,False,+60.7%,True,$838.7M,,,False,75.3K,False,$2.41 / SMA $3.86,True,13.30%,,,,,True,NCM,False,
OLCLF,"Oriental Land Co., Ltd.",15.65,2026-06-15T23:54:18.604673+00:00,False,+18.6%,True,$25658.4M,,,False,0.8K,True,$15.65 / SMA $15.20,False,0.00%,,,False,1148.9M,False,PNK,False,
OLLI,"Ollie's Bargain Outlet Holdings, Inc.",85.0,2026-06-16T00:20:17.842720+00:00,False,+15.9%,True,$5138.5M,False,+19.5%,True,1704.2K,True,$85.00 / SMA $84.70,True,4.71%,False,+14.2%,True,60.2M,True,NGM,False,
OLP,"One Liberty Properties, Inc.",24.28,2026-06-16T00:13:48.361115+00:00,False,+23.8%,True,$529.8M,True,+55.6%,False,62.6K,True,$24.28 / SMA $23.25,False,2.09%,False,+17.0%,True,18.4M,True,NYQ,False,
OLYMY,Olympus Corporation,10.68,2026-06-15T23:54:29.000705+00:00,False,+32.2%,True,$11343.9M,False,+-56.9%,False,116.3K,True,$10.68 / SMA $10.54,False,1.90%,,,False,1100.7M,False,PNK,False,
OMAB,"Grupo Aeroportuario del Centro Norte, S.A.B. de C.V.",109.0,2026-06-16T00:20:17.935008+00:00,False,+13.9%,True,$5261.6M,False,+-4.2%,False,84.7K,True,$109.00 / SMA $104.76,False,2.94%,False,+6.9%,True,42.0M,True,NMS,False,
OMC,Omnicom Group Inc.,76.51,2026-06-16T00:18:02.270173+00:00,False,+15.3%,True,$21805.8M,False,+-6.9%,True,4272.8K,True,$76.51 / SMA $74.85,False,2.84%,True,+69.2%,False,282.3M,True,NYQ,False,
OMDA,"Omada Health, Inc.",17.33,2026-06-16T00:11:56.812926+00:00,False,+68.6%,True,$1030.2M,True,+70.5%,True,1094.8K,True,$17.33 / SMA $15.48,True,4.98%,True,+42.0%,True,46.7M,True,NMS,False,
OMER,Omeros Corporation,9.33,2026-06-16T00:13:35.037111+00:00,True,+216.3%,True,$675.3M,True,+206.9%,True,1488.7K,False,$9.33 / SMA $12.30,True,7.98%,,,True,69.8M,True,NGM,False,
OMGGF,Omai Gold Mines Corp.,1.635,2026-06-16T00:24:14.667894+00:00,True,+322.7%,True,$1104.3M,False,+0.0%,False,253.6K,False,$1.64 / SMA $1.73,True,6.55%,,,False,664.9M,False,OQB,False,
OMLAF,oOh!media Limited,0.89,2026-06-16T00:13:47.897594+00:00,False,+37.5%,True,$470.1M,,,False,6.8K,True,$0.89 / SMA $0.87,False,0.00%,,,False,498.4M,False,PNK,False,
OMRNF,OMRON Corporation,38.55,2026-06-16T00:06:30.307578+00:00,False,+55.7%,True,$7580.1M,,,False,0.3K,True,$38.55 / SMA $33.36,False,0.00%,,,False,192.6M,False,PNK,False,
OMZNF,Osisko Metals Incorporated,1.223,2026-06-16T00:37:54.256720+00:00,True,+340.6%,True,$917.4M,False,+-400.0%,False,211.4K,True,$1.22 / SMA $1.17,True,4.52%,,N/A,False,597.6M,False,OQX,False,
ON,ON Semiconductor Corporation,125.9,2026-06-15T23:54:09.292839+00:00,True,+182.5%,True,$48950.3M,True,+93.0%,True,10961.9K,True,$125.90 / SMA $102.46,True,5.96%,False,+4.7%,False,390.2M,True,NMS,False,
ONB,Old National Bancorp,24.76,2026-06-16T00:18:24.491175+00:00,False,+27.7%,True,$9566.6M,True,+34.1%,True,3139.3K,True,$24.76 / SMA $23.70,False,1.97%,True,+44.3%,False,383.2M,True,NMS,False,
ONBPO,Old National Bancorp,24.823,2026-06-16T00:31:27.497186+00:00,False,+1.2%,,N/A,,N/A,False,7.1K,True,$24.82 / SMA $24.76,False,0.40%,True,+44.3%,False,383.2M,True,NMS,False,
ONBPP,Old National Bancorp,25.07,2026-06-16T00:06:25.443590+00:00,False,+2.7%,,,,,False,18.4K,True,$25.07 / SMA $24.72,False,0.61%,True,+44.3%,False,383.2M,True,NMS,False,
ONC,BeOne Medicines AG,268.2,2026-06-16T00:30:58.637810+00:00,False,+12.1%,True,$27826.1M,,N/A,False,233.6K,False,$268.20 / SMA $297.96,False,2.57%,True,+35.5%,True,78.0M,True,NMS,False,
ONEXF,Onex Corporation,79.14,2026-06-16T00:20:11.850811+00:00,False,+14.3%,True,$6037.3M,False,+-25.4%,False,9.3K,False,$79.14 / SMA $80.19,False,0.80%,False,+-11.4%,True,65.6M,False,PNK,False,
ONON,On Holding AG,38.69,2026-06-16T00:31:17.568800+00:00,False,+23.2%,True,$12896.5M,True,+82.4%,True,6666.2K,True,$38.69 / SMA $36.62,True,3.79%,False,+14.5%,False,245.4M,True,NYQ,False,
ONTO,Onto Innovation Inc.,335.96,2026-06-16T00:31:17.526112+00:00,True,+275.8%,True,$16711.8M,False,+-48.5%,True,1035.4K,True,$335.96 / SMA $275.31,True,6.19%,False,+9.5%,True,49.4M,True,NYQ,False,
ONTTF,Oxford Nanopore Technologies plc,1.608,2026-06-16T00:11:42.979077+00:00,False,+14.9%,True,$1564.4M,,,False,26.0K,False,$1.61 / SMA $1.65,True,6.12%,,,False,398.2M,False,PNK,False,
OOMA,"Ooma, Inc.",17.15,2026-06-16T00:02:02.057028+00:00,True,+75.1%,True,$471.2M,True,+1000.0%,False,304.3K,True,$17.15 / SMA $17.07,True,5.27%,False,+24.8%,True,23.8M,True,NYQ,False,
OPEN,Opendoor Technologies Inc.,4.61,2026-06-16T00:20:21.608164+00:00,True,+807.5%,True,$4447.4M,False,+-50.0%,True,36051.7K,False,$4.61 / SMA $4.86,True,7.76%,False,+-37.6%,False,949.1M,True,NMS,False,
OPFI,OppFi Inc.,8.26,2026-06-16T00:37:40.678483+00:00,False,+12.2%,True,$1189.7M,True,+216.7%,True,574.9K,False,$8.26 / SMA $8.64,True,3.58%,False,+8.3%,True,33.8M,True,NYQ,False,
OPK,"OPKO Health, Inc.",1.4,2026-06-16T00:11:57.335750+00:00,False,+42.9%,True,$1057.1M,True,+30.0%,True,2580.7K,True,$1.40 / SMA $1.24,True,5.28%,False,+-17.2%,False,332.7M,True,NMS,False,
OPLN,"OPENLANE, Inc.",38.59,2026-06-16T00:08:23.169568+00:00,True,+74.7%,True,$4088.5M,True,+94.4%,True,915.2K,True,$38.59 / SMA $34.26,False,2.77%,False,+14.7%,True,88.0M,True,NYQ,False,
OPRA,Opera Limited,19.32,2026-06-15T23:59:57.803748+00:00,False,+65.0%,True,$1730.2M,True,+35.0%,False,470.7K,True,$19.32 / SMA $17.55,True,3.63%,False,+23.2%,True,28.5M,True,NMS,False,
OPTEY,Opthea Limited,0.025,2026-06-16T00:26:29.969095+00:00,True,+1150.0%,False,$4.3M,,,False,28.4K,False,$0.03 / SMA $0.03,True,31.88%,,,True,133.5M,False,PNK,False,
OPTX,"Syntec Optics Holdings, Inc.",12.23,2026-06-16T00:26:39.369486+00:00,True,+936.4%,True,$492.6M,False,+-5424.9%,True,1165.3K,True,$12.23 / SMA $9.79,True,17.17%,False,+-17.2%,True,9.3M,True,NCM,False,
OR,OR Royalties Inc.,36.16,2026-06-16T00:18:35.399548+00:00,False,+46.0%,True,$6779.9M,True,+178.6%,True,1050.0K,False,$36.16 / SMA $37.52,True,3.73%,True,+87.3%,False,167.1M,True,NYQ,False,
ORBS,Eightco Holdings Inc.,1.05,2026-06-16T00:15:33.239492+00:00,False,+44.8%,True,$407.4M,True,+61.9%,True,25447.5K,True,$1.05 / SMA $0.91,True,13.27%,False,+-23.7%,False,269.6M,True,NCM,False,
ORCL,Oracle Corporation,192.64,2026-06-16T00:30:39.745548+00:00,False,+43.2%,True,$554041.5M,,N/A,True,26645.2K,True,$192.64 / SMA $185.88,True,5.67%,,N/A,False,1710.1M,True,NYQ,False,
ORI,Old Republic International Corporation,38.56,2026-06-16T00:06:24.918073+00:00,False,+8.3%,True,$9391.4M,True,+34.7%,True,1545.0K,False,$38.56 / SMA $39.27,False,1.96%,False,+13.5%,False,241.8M,True,NYQ,False,
ORIC,"ORIC Pharmaceuticals, Inc.",8.4,2026-06-16T00:01:56.006878+00:00,False,+16.2%,True,$869.5M,False,+19.0%,True,1898.4K,False,$8.40 / SMA $9.06,True,6.71%,,,True,82.5M,True,NMS,False,
ORKLF,Orkla ASA,10.65,2026-06-16T00:06:20.309416+00:00,False,+5.2%,True,$10405.2M,False,+-4.5%,False,0.1K,False,$10.65 / SMA $11.89,False,0.27%,False,+1.3%,False,647.5M,False,PNK,False,
ORLA,Orla Mining Ltd.,11.2,2026-06-16T00:33:31.349027+00:00,False,+22.3%,True,$3875.1M,True,+190.9%,True,3193.2K,False,$11.20 / SMA $13.79,True,5.63%,True,+169.3%,False,263.4M,True,ASE,False,
ORLNY,ORLNY,22.1,2026-06-16T00:05:53.902643+00:00,False,+18.2%,True,$25656.8M,True,+94.4%,False,0.1K,True,$22.10 / SMA_short $20.96,False,0.46%,False,+2.9%,False,2321.9M,False,PNK,False,
ORLY,"O'Reilly Automotive, Inc.",90.26,2026-06-15T23:54:04.567936+00:00,False,+5.8%,True,$74799.8M,False,+15.5%,True,6040.1K,False,$90.26 / SMA $91.73,False,2.50%,False,+10.2%,False,821.0M,True,NMS,False,
ORN,"Orion Group Holdings, Inc.",14.91,2026-06-16T00:26:24.533426+00:00,True,+131.5%,True,$603.5M,True,+400.0%,False,342.2K,True,$14.91 / SMA $13.48,True,5.13%,False,+14.7%,True,38.2M,True,NYQ,False,
OROVY,Orient Overseas (International) Limited,89.71,2026-06-16T00:31:19.259307+00:00,False,+17.7%,True,$11848.4M,,N/A,False,0.2K,True,$89.71 / SMA $88.59,False,0.00%,,N/A,True,26.0M,False,PNK,False,
ORRAF,Orora Limited,1.32,2026-06-16T00:24:17.313766+00:00,False,+46.5%,True,$1617.5M,,,False,0.0K,True,$1.32 / SMA $1.16,False,0.00%,,,False,1229.6M,False,PNK,False,
ORRF,"Orrstown Financial Services, Inc.",39.09,2026-06-16T00:13:38.492879+00:00,False,+33.0%,True,$768.0M,False,+20.4%,False,141.1K,True,$39.09 / SMA $37.17,False,2.87%,False,+6.3%,True,18.7M,True,NCM,False,
ORXCF,ORIX Corporation,38.4,2026-06-16T00:17:50.028457+00:00,True,+92.7%,True,$41192.0M,,,False,16.6K,True,$38.40 / SMA $34.72,True,4.52%,False,+10.7%,False,1098.3M,False,PNK,False,
OSBC,"Old Second Bancorp, Inc.",22.01,2026-06-16T00:00:11.853606+00:00,False,+34.0%,True,$1132.0M,False,+11.6%,False,388.4K,True,$22.01 / SMA $21.14,False,2.35%,True,+28.6%,True,49.6M,True,NMS,False,
OSBGF,OSB Group Plc,6.65,2026-06-16T00:22:17.113539+00:00,False,+0.0%,True,$2278.9M,,,False,0.1K,False,$6.65 / SMA $7.12,False,0.00%,,,False,351.2M,False,PNK,False,
OSCR,"Oscar Health, Inc.",29.14,2026-06-16T00:33:13.640958+00:00,True,+172.6%,True,$8785.5M,True,+125.0%,True,7475.2K,True,$29.14 / SMA $20.44,True,6.95%,True,+52.6%,False,246.8M,True,NYQ,False,
OSCUF,"Japan Exchange Group, Inc.",13.4,2026-06-16T00:06:18.086679+00:00,False,+44.1%,True,$13774.2M,,,False,12.8K,True,$13.40 / SMA $12.50,False,2.13%,,,False,1027.0M,False,PNK,False,
OSGSY,"Osaka Gas Co., Ltd.",72.62,2026-06-16T00:31:16.014326+00:00,True,+121.3%,True,$13845.2M,,N/A,False,0.7K,False,$72.62 / SMA $75.40,False,0.72%,,N/A,False,191.8M,False,PNK,False,
OSS,"One Stop Systems, Inc.",17.23,2026-06-16T00:39:52.472145+00:00,True,+398.0%,True,$426.8M,True,+77.8%,True,1817.8K,True,$17.23 / SMA $13.50,True,8.93%,True,+55.0%,True,21.5M,True,NCM,True,
OSSUY,Embla Medical hf.,3.815,2026-06-16T00:11:41.468038+00:00,False,+4.0%,True,$1626.2M,False,+-22.7%,False,0.0K,False,$3.81 / SMA $3.82,False,0.00%,False,+3.4%,False,157.3M,False,PNK,False,
OSTTF,"OSAKA Titanium technologies Co.,Ltd.",15.6,2026-06-16T00:02:01.238528+00:00,False,+17.1%,True,$574.1M,,,False,0.1K,True,$15.60 / SMA $14.79,False,0.10%,,,True,31.1M,False,PNK,False,
OTCM,OTC Markets Group Inc.,51.69,2026-06-16T00:38:05.224733+00:00,False,+4.7%,True,$622.5M,False,+18.0%,False,8.1K,False,$51.69 / SMA $53.16,False,1.67%,False,+14.5%,,N/A,False,OQX,False,
OTEX,Open Text Corporation,22.06,2026-06-16T00:33:16.116608+00:00,False,+10.3%,True,$5353.1M,True,+100.0%,True,2344.6K,False,$22.06 / SMA $22.72,True,4.42%,False,+2.2%,False,238.5M,True,NMS,False,
OTF,Blue Owl Technology Finance Corp.,10.78,2026-06-15T23:56:25.740277+00:00,False,+2.8%,True,$4987.3M,,,True,2150.0K,False,$10.78 / SMA $11.22,True,3.15%,False,+-285.6%,,,True,NYQ,False,
OTGLY,CD Projekt S.A.,15.16,2026-06-15T23:57:46.325143+00:00,False,+2.3%,True,$6058.6M,,,False,20.6K,False,$15.16 / SMA $17.50,True,3.95%,False,+-42.6%,False,258.8M,False,PNK,False,
OTIS,Otis Worldwide Corporation,71.81,2026-06-16T00:31:02.551657+00:00,False,+3.8%,True,$27554.7M,True,+42.6%,True,3754.9K,False,$71.81 / SMA $74.69,False,1.91%,False,+6.4%,False,383.0M,True,NYQ,False,
OTLY,Oatly Group AB,8.3,2026-06-16T00:26:59.702803+00:00,False,+2.7%,False,$259.2M,True,+33.3%,False,86.9K,False,$8.30 / SMA $10.62,True,4.49%,False,+15.6%,True,11.3M,True,NMS,False,
OTSKY,"Otsuka Holdings Co., Ltd.",32.06,2026-06-16T00:30:57.208020+00:00,False,+47.9%,True,$33734.7M,,N/A,False,40.3K,False,$32.06 / SMA $34.66,False,1.44%,,N/A,False,882.0M,False,PNK,False,
OTTR,Otter Tail Corporation,88.76,2026-06-15T23:56:35.648207+00:00,False,+19.7%,True,$3726.5M,False,+6.8%,False,272.7K,True,$88.76 / SMA $87.92,False,1.99%,False,+2.9%,True,41.1M,True,NMS,False,
OUKPF,Metso Oyj,18.0107,2026-06-16T00:18:09.939529+00:00,True,+70.5%,True,$14914.9M,False,+-21.1%,False,0.4K,True,$18.01 / SMA $17.43,False,0.00%,False,+-3.8%,False,699.7M,False,PNK,False,
OUST,"Ouster, Inc.",45.18,2026-06-16T00:22:16.138927+00:00,True,+175.5%,True,$2876.7M,True,+33.3%,True,3583.3K,True,$45.18 / SMA $31.67,True,12.74%,True,+48.9%,True,61.5M,True,NMS,True,
OUTFF,Outokumpu Oyj,7.02,2026-06-15T23:58:04.874355+00:00,True,+133.2%,True,$3432.9M,True,+85.7%,False,0.0K,True,$7.02 / SMA $6.37,False,0.00%,False,+3.3%,False,387.7M,False,PNK,False,
OVCHF,Oversea-Chinese Banking Corporation Limited,18.0,2026-06-16T00:05:47.998163+00:00,False,+47.8%,True,$80813.6M,False,+5.0%,False,0.1K,True,$18.00 / SMA $16.56,False,0.33%,False,+4.7%,False,3517.2M,False,PNK,False,
OVCHY,Oversea-Chinese Banking Corporation Limited,36.68,2026-06-16T00:17:39.009135+00:00,False,+51.1%,True,$82340.0M,False,+5.0%,False,43.4K,True,$36.68 / SMA $35.46,True,3.53%,False,+4.7%,False,1758.6M,False,PNK,False,
OVID,Ovid Therapeutics Inc.,2.26,2026-06-16T00:39:50.809425+00:00,True,+721.8%,True,$421.8M,False,+14.3%,True,3061.2K,False,$2.26 / SMA $2.62,True,6.94%,False,+-100.0%,False,152.4M,True,NCM,False,
OVV,Ovintiv Inc.,54.31,2026-06-16T00:18:07.961554+00:00,False,+53.1%,True,$15262.1M,False,+-285.2%,True,3863.3K,False,$54.31 / SMA $57.78,True,3.07%,False,+6.5%,False,279.6M,True,NYQ,False,
OWLS,Obook Holdings Inc.,5.75,2026-06-16T00:39:47.107080+00:00,False,+11.6%,True,$507.9M,,N/A,False,33.2K,False,$5.75 / SMA $5.85,True,3.46%,,N/A,True,15.7M,True,NGM,False,
OXBDF,Oxford Biomedica plc,8.0,2026-06-16T00:00:13.341374+00:00,True,+89.1%,True,$968.1M,,,False,1.5K,False,$8.00 / SMA $8.15,False,0.06%,,,True,60.8M,False,PNK,False,
OXFYY,OXFYY,6.5,2026-06-16T00:11:43.417522+00:00,False,+9.1%,True,$1581.0M,,,False,0.2K,False,$6.50 / SMA $6.71,False,0.14%,,,True,99.5M,False,PNK,False,
OXLC,Oxford Lane Capital Corp.,9.28,2026-06-16T00:00:16.046758+00:00,False,+15.9%,True,$906.2M,,,True,1136.4K,False,$9.28 / SMA $9.76,False,2.22%,,,,,True,NGM,False,
OXM,"Oxford Industries, Inc.",36.83,2026-06-16T00:26:16.986253+00:00,False,+20.5%,True,$549.9M,False,+-41.2%,False,374.2K,False,$36.83 / SMA $42.68,True,6.51%,False,+-0.4%,True,13.9M,True,NYQ,False,
OYSE,Oyster Enterprises II Acquisition Corp,10.28,2026-06-16T00:26:52.184347+00:00,False,+3.8%,True,$348.6M,True,+3833.7%,False,12.3K,True,$10.28 / SMA $10.23,False,0.01%,,,True,25.6M,True,NGM,False,
OZK,Bank OZK,51.13,2026-06-16T00:20:14.669461+00:00,False,+20.7%,True,$5581.7M,False,+-2.0%,True,1143.3K,True,$51.13 / SMA $48.33,False,1.94%,False,+2.2%,True,101.2M,True,NMS,False,
OZKAP,Bank OZK,16.36,2026-06-16T00:08:11.906573+00:00,False,+3.8%,,,,,False,24.7K,False,$16.36 / SMA $16.37,False,0.85%,False,+2.2%,True,101.2M,True,NMS,False,
P,"Everpure, Inc.",74.7,2026-06-16T00:05:59.981854+00:00,False,+48.8%,True,$24830.6M,True,+275.0%,True,3177.6K,True,$74.70 / SMA $73.70,True,6.18%,True,+35.2%,False,314.6M,True,NYQ,False,
PAA,"Plains All American Pipeline, L.P.",21.94,2026-06-16T00:31:11.767069+00:00,False,+39.8%,True,$15479.4M,False,+-71.4%,True,3026.9K,False,$21.94 / SMA $22.18,False,2.21%,False,+8.7%,False,465.0M,True,NMS,False,
PAAS,Pan American Silver Corp.,50.97,2026-06-16T00:31:06.048370+00:00,True,+90.4%,True,$21476.2M,True,+129.8%,True,5863.6K,False,$50.97 / SMA $54.67,True,4.62%,True,+49.3%,False,420.9M,True,NYQ,False,
PACB,"Pacific Biosciences of California, Inc.",1.32,2026-06-16T00:15:31.689289+00:00,False,+21.1%,True,$410.0M,True,+97.9%,True,6042.5K,False,$1.32 / SMA $1.45,True,8.55%,False,+0.1%,False,303.4M,True,NMS,False,
PAFRY,Pan African Resources PLC,27.9,2026-06-15T23:56:35.580964+00:00,True,+157.1%,True,$2828.1M,,,False,0.1K,False,$27.90 / SMA $37.38,False,0.00%,,,True,70.4M,False,OQX,False,
PAGP,"Plains GP Holdings, L.P.",23.88,2026-06-16T00:08:13.962275+00:00,False,+43.2%,True,$5564.0M,False,+-66.7%,True,1838.6K,False,$23.88 / SMA $23.92,False,2.06%,False,+8.7%,False,192.4M,True,NMS,False,
PAHC,Phibro Animal Health Corporation,32.28,2026-06-16T00:37:31.949835+00:00,False,+37.0%,True,$1309.4M,False,+15.7%,False,369.3K,False,$32.28 / SMA $43.67,True,4.90%,False,+10.3%,True,20.9M,True,NGM,False,
PAHGF,Pets at Home Group Plc,2.82,2026-06-16T00:00:05.207758+00:00,False,+28.8%,True,$1247.2M,,,False,1.4K,True,$2.82 / SMA $2.57,False,0.00%,,,False,408.3M,False,PNK,False,
PALAF,Paladin Energy Ltd,6.99,2026-06-16T00:20:30.367549+00:00,True,+83.5%,True,$3141.0M,,,False,61.8K,False,$6.99 / SMA $8.38,True,6.15%,,,False,437.6M,False,OQX,False,
PALI,"Palisade Bio, Inc.",1.69,2026-06-16T00:03:49.082245+00:00,True,+218.9%,False,$293.7M,True,+89.4%,True,3678.6K,False,$1.69 / SMA $1.98,True,7.05%,,,True,128.4M,True,NCM,False,
PANHF,Ping An Healthcare and Technology Company Limited,2.0,2026-06-16T00:22:13.788880+00:00,True,+120.0%,True,$4253.3M,,,False,0.1K,True,$2.00 / SMA $1.40,False,0.00%,,,False,859.9M,False,PNK,False,
PANL,Pangaea Logistics Solutions Ltd.,7.57,2026-06-16T00:39:45.358237+00:00,False,+69.7%,True,$495.2M,True,+800.0%,True,578.2K,False,$7.57 / SMA $7.64,True,4.55%,True,+38.9%,True,25.7M,True,NCM,False,
PANW,"Palo Alto Networks, Inc.",284.54,2026-06-16T00:05:43.135625+00:00,True,+103.9%,True,$231900.1M,False,+-159.5%,True,8373.7K,True,$284.54 / SMA $217.70,True,5.17%,True,+31.1%,False,808.2M,True,NMS,False,
PAOTF,Parrot S.A.,11.37,2026-06-16T00:13:52.349917+00:00,False,+64.8%,True,$351.8M,,,False,3.0K,False,$11.37 / SMA $12.31,False,2.41%,,,True,11.8M,False,PNK,False,
PAR,PAR Technology Corporation,14.69,2026-06-16T00:01:58.036946+00:00,False,+26.7%,True,$605.9M,True,+35.0%,True,1613.4K,True,$14.69 / SMA $14.16,True,6.98%,False,+19.4%,True,32.3M,True,NYQ,False,
PARR,"Par Pacific Holdings, Inc.",53.48,2026-06-16T00:22:07.913787+00:00,True,+120.5%,True,$2681.7M,True,+293.0%,True,1328.7K,False,$53.48 / SMA $60.70,True,5.06%,False,+4.5%,True,48.7M,True,NYQ,False,
PATK,"Patrick Industries, Inc.",86.2,2026-06-16T00:35:20.885317+00:00,False,+4.7%,True,$2835.4M,False,+-0.9%,False,490.3K,False,$86.20 / SMA $95.59,True,3.50%,False,+-0.6%,True,31.5M,True,NMS,False,
PAY,"Paymentus Holdings, Inc.",21.24,2026-06-16T00:35:21.554772+00:00,False,+4.5%,True,$2671.8M,True,+45.5%,True,608.9K,False,$21.24 / SMA $25.04,True,4.21%,True,+30.2%,True,58.0M,True,NYQ,False,
PAYC,"Paycom Software, Inc.",134.69,2026-06-16T00:18:35.596151+00:00,False,+28.4%,True,$6280.2M,False,+22.6%,True,1233.3K,True,$134.69 / SMA $131.38,True,4.18%,False,+7.8%,True,39.8M,True,NYQ,False,
PAYO,Payoneer Global Inc.,7.03,2026-06-15T23:59:56.351288+00:00,True,+72.3%,True,$2353.5M,False,+20.0%,True,4928.0K,True,$7.03 / SMA $5.18,True,5.63%,False,+11.4%,False,268.8M,True,NGM,False,
PAYP,PayPay Corporation,14.25,2026-06-16T00:31:18.148432+00:00,False,+6.3%,True,$9645.4M,,N/A,True,1501.6K,False,$14.25 / SMA $19.20,True,4.74%,,N/A,False,240.6M,True,NMS,False,
PAYS,"Paysign, Inc.",6.97,2026-06-16T00:03:43.703231+00:00,True,+126.3%,True,$389.7M,True,+80.0%,True,1003.8K,True,$6.97 / SMA $6.44,True,6.17%,True,+50.8%,True,35.1M,True,NCM,True,
PAYX,"Paychex, Inc.",100.9,2026-06-15T23:54:12.755311+00:00,False,+18.1%,True,$36151.5M,False,+9.1%,True,3575.9K,True,$100.90 / SMA $93.44,False,2.88%,False,+19.9%,,,True,NMS,False,
PBAM,"Private Bancorp of America, Inc.",74.84,2026-06-16T00:16:59.620796+00:00,False,+40.5%,True,$428.7M,False,+13.7%,False,5.0K,True,$74.84 / SMA $72.62,False,0.66%,False,+17.7%,True,5.4M,False,OQX,False,
PBATF,PT Bukit Asam (Persero) Tbk,0.17,2026-06-16T00:22:23.314701+00:00,False,+29.7%,True,$1957.4M,,,False,0.0K,True,$0.17 / SMA $0.14,False,0.00%,False,+-18.0%,False,3776.9M,False,PNK,False,
PBCRY,PT Bank Central Asia Tbk,8.24,2026-06-16T00:17:47.571708+00:00,False,+24.1%,True,$40500.0M,,,False,351.1K,False,$8.24 / SMA $8.67,False,2.70%,False,+1.1%,False,24120.6M,False,PNK,False,
PBFS,"Pioneer Bancorp, Inc.",16.73,2026-06-16T00:40:06.057855+00:00,False,+46.8%,True,$408.5M,False,+-4.3%,False,17.6K,True,$16.73 / SMA $14.92,False,2.70%,False,+7.9%,True,7.6M,True,NCM,False,
PBI,Pitney Bowes Inc.,17.24,2026-06-16T00:10:05.670753+00:00,True,+92.6%,True,$2335.0M,True,+105.3%,True,3293.1K,True,$17.24 / SMA $14.96,True,3.26%,False,+-3.2%,True,133.4M,True,NYQ,False,
PBKOF,Pollard Banknote Limited,11.39,2026-06-16T00:03:51.482111+00:00,False,+0.0%,True,$308.3M,False,+-69.8%,False,0.9K,False,$11.39 / SMA $12.47,False,0.33%,False,+-3.2%,True,9.7M,False,PNK,False,
PBR,Petróleo Brasileiro S.A. - Petrobras,17.34,2026-06-16T00:05:45.713389+00:00,False,+51.7%,True,$111745.3M,False,+-7.3%,True,23147.2K,False,$17.34 / SMA $19.93,False,2.34%,False,+0.4%,False,3944.7M,True,NYQ,False,
PBR.A,PBR.A,,2026-06-16T00:17:34.393230+00:00,False,,False,,False,,False,,False,,False,,False,,False,,False,Unknown,False,No price data available
PBSFY,ProSiebenSat 1 Media SE,1.07,2026-06-16T00:37:49.167992+00:00,False,+9.3%,True,$996.4M,True,+30.8%,False,1.8K,False,$1.07 / SMA $1.10,False,0.48%,False,+-9.4%,True,54.7M,False,PNK,False,
PBT,Permian Basin Royalty Trust,27.37,2026-06-16T00:00:00.061490+00:00,True,+133.9%,True,$1275.7M,False,+0.0%,False,177.3K,True,$27.37 / SMA $25.48,True,6.21%,False,+16.2%,True,35.7M,True,NYQ,False,
PBTDF,Plover Bay Technologies Limited,1.1788,2026-06-16T00:24:15.379099+00:00,True,+144.6%,True,$1303.5M,,,False,0.5K,True,$1.18 / SMA $1.04,False,0.00%,,,False,331.7M,False,PNK,False,
PBYI,"Puma Biotechnology, Inc.",7.07,2026-06-16T00:40:07.995982+00:00,True,+133.3%,True,$359.9M,False,+-216.7%,False,259.4K,False,$7.07 / SMA $7.25,True,3.77%,False,+-2.6%,True,39.1M,True,NMS,False,
PCAP,ProCap Acquisition Corp,10.28,2026-06-16T00:26:57.306871+00:00,False,+14.1%,True,$389.9M,True,+2322.2%,False,42.1K,True,$10.28 / SMA $10.24,False,0.04%,,,True,22.8M,True,NGM,False,
PCAPU,PCAPU,10.35,2026-06-16T00:40:15.509105+00:00,False,+11.8%,,N/A,,N/A,False,5.4K,True,$10.35 / SMA $10.31,False,0.28%,,N/A,True,22.8M,True,NGM,False,
PCAR,PACCAR Inc,120.69,2026-06-16T00:05:51.122326+00:00,False,+34.0%,True,$63517.5M,False,+19.8%,True,2806.4K,True,$120.69 / SMA $117.55,False,2.67%,False,+-8.9%,False,515.9M,True,NMS,False,
PCB,PCB Bancorp,26.15,2026-06-16T00:03:47.807935+00:00,False,+34.5%,True,$372.2M,True,+39.6%,False,25.5K,True,$26.15 / SMA $24.34,False,1.95%,False,+12.4%,True,10.4M,True,NMS,False,
PCCOF,PCCOF,42.0,2026-06-16T00:10:00.870396+00:00,False,+39.8%,True,$2546.5M,,,False,0.0K,True,$42.00 / SMA $36.02,False,0.00%,,,True,25.7M,False,PNK,False,
PCCWY,PCCW Limited,7.06,2026-06-15T23:56:18.865931+00:00,False,+13.1%,True,$5469.9M,,,False,0.7K,False,$7.06 / SMA $7.18,False,0.52%,,,False,402.2M,False,PNK,False,
PCCYF,PetroChina Company Limited,1.34,2026-06-16T00:30:41.136880+00:00,False,+61.4%,True,$330131.0M,,N/A,False,52.8K,False,$1.34 / SMA $1.38,True,6.39%,False,+8.0%,False,29658.5M,False,PNK,False,
PCFBF,Pacific Basin Shipping Limited,0.4,2026-06-15T23:58:18.411063+00:00,False,+53.8%,True,$2064.5M,,,False,0.8K,True,$0.40 / SMA $0.39,False,0.00%,,,False,4039.8M,False,PNK,False,
PCQ,PIMCO California Municipal Income Fund,8.83,2026-06-16T00:02:03.718977+00:00,False,+8.2%,False,$167.6M,,,False,155.5K,True,$8.83 / SMA $8.72,False,0.93%,,,,,True,NYQ,False,
PCRFF,Panasonic Holdings Corporation,24.33,2026-06-16T00:17:44.315055+00:00,True,+163.0%,True,$56803.3M,,,False,20.4K,True,$24.33 / SMA $20.70,True,4.57%,,,False,2264.3M,False,PNK,False,
PCT,"PureCycle Technologies, Inc.",8.8,2026-06-16T00:35:38.160698+00:00,True,+78.5%,True,$1591.6M,False,+-520.0%,True,5262.2K,False,$8.80 / SMA $9.28,True,8.49%,True,+161.2%,True,141.8M,True,NCM,False,
PCTY,Paylocity Holding Corporation,106.93,2026-06-16T00:08:08.686256+00:00,False,+15.0%,True,$5725.5M,True,+27.3%,True,769.5K,False,$106.93 / SMA $107.30,True,4.26%,False,+10.5%,True,42.9M,True,NMS,False,
PCVX,"Vaxcyte, Inc.",49.56,2026-06-16T00:31:35.879771+00:00,True,+70.4%,True,$7156.3M,False,+-121.2%,True,1426.8K,False,$49.56 / SMA $54.30,True,4.33%,,N/A,True,132.0M,True,NMS,False,
PCWLF,PCCW Limited,0.71,2026-06-16T00:33:15.493116+00:00,False,+14.5%,True,$5500.9M,,N/A,False,0.9K,False,$0.71 / SMA $0.73,False,2.52%,,N/A,False,4022.4M,False,PNK,False,
PD,"PagerDuty, Inc.",8.97,2026-06-16T00:26:25.702179+00:00,False,+57.4%,True,$691.8M,True,+285.7%,True,2440.2K,True,$8.97 / SMA $7.37,True,6.17%,False,+1.0%,True,71.1M,True,NYQ,False,
PDFS,"PDF Solutions, Inc.",65.09,2026-06-16T00:22:25.471652+00:00,True,+259.2%,True,$2725.2M,True,+250.0%,True,686.7K,True,$65.09 / SMA $47.20,True,6.53%,True,+25.9%,True,32.6M,True,NMS,True,
PDI,PIMCO Dynamic Income Fund,16.51,2026-06-16T00:18:31.401357+00:00,False,+1.6%,True,$7620.4M,,,True,2631.3K,False,$16.51 / SMA $16.75,False,0.94%,,,,,True,NYQ,False,
PDIYF,Predictive Discovery Limited,0.5481,2026-06-15T23:58:13.897864+00:00,True,+149.1%,True,$2705.4M,,,False,243.9K,False,$0.55 / SMA $0.62,False,0.81%,,,False,1786.8M,False,PNK,False,
PDM,"Piedmont Realty Trust, Inc.",9.09,2026-06-16T00:11:56.072685+00:00,False,+43.8%,True,$1136.4M,False,+-25.0%,True,1163.7K,True,$9.09 / SMA $8.14,False,2.66%,False,+0.4%,True,123.4M,True,NYQ,False,
PDRDF,Pernod Ricard SA,72.35,2026-06-16T00:18:05.273556+00:00,False,+6.7%,True,$18218.4M,,,False,4.5K,False,$72.35 / SMA $73.96,True,3.35%,,,False,193.0M,False,PNK,False,
PDS,Precision Drilling Corporation,89.51,2026-06-16T00:00:03.710373+00:00,True,+94.7%,True,$1158.4M,False,+-39.1%,False,126.3K,False,$89.51 / SMA $93.24,True,4.03%,False,+6.0%,True,12.6M,True,NYQ,False,
PDYN,Palladyne AI Corp.,6.4,2026-06-16T00:03:54.304621+00:00,False,+54.6%,True,$302.4M,False,+-150.9%,True,1832.8K,False,$6.40 / SMA $6.70,True,9.63%,True,+106.9%,True,29.8M,True,NGM,False,
PEB,Pebblebrook Hotel Trust,18.5,2026-06-16T00:22:28.230801+00:00,True,+105.1%,True,$2097.3M,True,+29.7%,True,2411.4K,True,$18.50 / SMA $14.82,False,2.82%,False,+7.9%,True,104.3M,True,NYQ,False,
PEBO,Peoples Bancorp Inc.,35.89,2026-06-16T00:37:36.230334+00:00,False,+30.6%,True,$1289.3M,False,+19.1%,False,257.3K,True,$35.89 / SMA $34.27,False,1.82%,False,+5.8%,True,34.6M,True,NMS,False,
PEFDF,Delfi Limited,0.67,2026-06-16T00:39:49.128360+00:00,False,+26.4%,True,$409.5M,,N/A,False,16.7K,False,$0.67 / SMA $0.82,False,0.35%,,N/A,False,281.8M,False,PNK,False,
PEG,Public Service Enterprise Group Incorporated,80.15,2026-06-16T00:05:55.560162+00:00,False,+5.4%,True,$39940.5M,True,+25.6%,True,2802.1K,True,$80.15 / SMA $78.89,False,1.80%,False,+19.4%,False,497.0M,True,NYQ,False,
PEGA,Pegasystems Inc.,32.72,2026-06-16T00:20:12.706844+00:00,False,+4.0%,True,$5468.0M,False,+-60.9%,True,2050.4K,False,$32.72 / SMA $36.63,True,4.63%,False,+-9.6%,True,88.8M,True,NMS,False,
PEGRY,Pennon Group Plc,12.725,2026-06-16T00:20:29.911373+00:00,False,+7.8%,True,$3002.2M,,,False,10.5K,False,$12.72 / SMA $14.16,False,1.32%,,,False,235.3M,False,PNK,False,
PEN,"Penumbra, Inc.",318.21,2026-06-16T00:31:17.813799+00:00,False,+43.8%,True,$12515.7M,False,+-18.0%,True,507.0K,False,$318.21 / SMA $325.22,False,0.83%,False,+15.6%,True,38.2M,True,NYQ,False,
PENG,"Penguin Solutions, Inc.",63.87,2026-06-15T23:58:12.450674+00:00,True,+298.2%,True,$3357.0M,True,+544.4%,True,2492.4K,True,$63.87 / SMA $42.43,True,10.93%,False,+-6.2%,True,49.1M,True,NMS,False,
PENN,"PENN Entertainment, Inc.",21.84,2026-06-16T00:35:33.261614+00:00,True,+87.5%,True,$2923.1M,False,+-102.9%,True,3813.5K,True,$21.84 / SMA $17.38,True,4.47%,False,+6.4%,True,124.9M,True,NMS,False,
PEO,"Adams Natural Resources Fund, Inc.",25.16,2026-06-16T00:24:32.878051+00:00,False,+22.3%,True,$691.8M,,,False,91.7K,False,$25.16 / SMA $26.09,False,2.04%,,,True,25.1M,True,NYQ,False,
PEP,"PepsiCo, Inc.",146.25,2026-06-15T23:53:59.224147+00:00,False,+14.6%,True,$199915.1M,True,+27.8%,True,6894.2K,False,$146.25 / SMA $149.62,False,2.01%,False,+8.5%,False,1362.9M,True,NMS,False,
PERI,Perion Network Ltd.,8.56,2026-06-16T00:03:47.680346+00:00,False,+12.2%,True,$353.6M,False,+-36.8%,False,441.2K,False,$8.56 / SMA $9.66,True,3.96%,False,+1.2%,True,38.4M,True,NMS,False,
PESAF,Panoro Energy ASA,3.65,2026-06-16T00:13:49.125106+00:00,True,+108.6%,True,$510.2M,False,+-245.5%,False,1.0K,True,$3.65 / SMA $3.61,False,0.43%,True,+83.5%,True,102.4M,False,PNK,False,
PEXNY,PTT Exploration and Production Public Company Limited,8.86,2026-06-16T00:06:10.768637+00:00,True,+86.9%,True,$20648.4M,,,False,0.3K,True,$8.86 / SMA $8.64,False,0.12%,False,+-0.4%,False,1327.3M,False,PNK,False,
PEYUF,Peyto Exploration & Development Corp.,18.03,2026-06-16T00:33:33.829925+00:00,False,+38.9%,True,$3693.6M,True,+43.9%,False,113.9K,False,$18.03 / SMA $18.43,False,2.95%,True,+32.8%,False,198.2M,False,PNK,False,
PFBC,Preferred Bank,100.26,2026-06-16T00:00:03.382099+00:00,False,+26.0%,True,$1187.3M,False,+13.5%,False,104.8K,True,$100.26 / SMA $94.93,False,2.23%,False,+4.5%,True,10.9M,True,NMS,False,
PFE,Pfizer Inc.,26.0,2026-06-16T00:30:43.797648+00:00,False,+12.5%,True,$148185.5M,False,+-9.6%,True,36574.2K,False,$26.00 / SMA $26.14,False,1.67%,False,+5.4%,False,5691.7M,True,NYQ,False,
PFFVF,Pfeiffer Vacuum Technology AG,190.0,2026-06-15T23:58:19.485968+00:00,False,+10.4%,True,$1886.3M,,,False,0.0K,False,$190.00 / SMA $193.42,False,0.00%,,,True,3.6M,False,PNK,False,
PFGC,Performance Food Group Company,104.1,2026-06-15T23:54:26.310365+00:00,False,+28.8%,True,$16353.1M,False,+-27.0%,True,1709.6K,True,$104.10 / SMA $93.30,False,2.88%,False,+6.4%,False,154.0M,True,NYQ,False,
PFIS,Peoples Financial Services Corp.,62.42,2026-06-16T00:13:43.707170+00:00,False,+43.0%,True,$624.9M,False,+-1.3%,False,56.5K,True,$62.42 / SMA $57.99,False,2.87%,False,+10.3%,True,9.2M,True,NMS,False,
PFL,PIMCO Income Strategy Fund,7.67,2026-06-16T00:40:04.157523+00:00,False,+1.2%,True,$381.4M,,N/A,False,201.0K,False,$7.67 / SMA $7.77,False,0.88%,,N/A,,N/A,True,NYQ,False,
PFN,PIMCO Income Strategy Fund II,6.84,2026-06-16T00:01:49.197594+00:00,False,+4.7%,True,$674.4M,,,False,471.8K,False,$6.84 / SMA $6.86,False,0.88%,,,,,True,NYQ,False,
PFSI,"PennyMac Financial Services, Inc.",82.41,2026-06-16T00:33:27.531640+00:00,False,+6.1%,True,$4279.1M,False,+7.7%,True,545.1K,False,$82.41 / SMA $87.42,False,2.75%,False,+-9.6%,True,27.5M,True,NYQ,False,
PG,The Procter & Gamble Company,150.46,2026-06-15T23:53:58.178236+00:00,False,+9.3%,True,$350361.0M,False,+5.8%,True,9424.1K,True,$150.46 / SMA $144.50,False,1.99%,False,+7.4%,False,2324.3M,True,NYQ,False,
PGC,Peapack-Gladstone Financial Corporation,44.99,2026-06-16T00:01:37.691771+00:00,True,+84.2%,True,$797.1M,True,+86.0%,False,119.7K,True,$44.99 / SMA $41.77,False,2.72%,True,+28.4%,True,15.1M,True,NMS,False,
PGEN,"Precigen, Inc.",4.8,2026-06-16T00:11:46.449473+00:00,True,+247.8%,True,$1711.3M,True,+88.9%,True,4615.6K,True,$4.80 / SMA $4.13,True,7.32%,True,+1633.9%,False,189.5M,True,NMS,False,
PGENY,Pigeon Corporation,2.86,2026-06-16T00:24:09.452091+00:00,False,+29.4%,True,$1368.7M,,,False,0.1K,True,$2.86 / SMA $2.81,False,0.62%,,,False,446.4M,False,PNK,False,
PGGCY,Piaggio & C. SpA,7.94,2026-06-16T00:13:39.366363+00:00,False,+0.0%,True,$699.3M,False,+-40.0%,False,0.0K,False,$7.94 / SMA $8.55,False,0.00%,False,+-7.8%,True,43.0M,False,PNK,False,
PGPHF,Partners Group Holding AG,890.0,2026-06-16T00:31:01.670258+00:00,False,+5.4%,True,$23683.2M,,N/A,False,0.1K,False,$890.00 / SMA $1089.35,False,1.35%,,N/A,True,21.3M,False,PNK,False,
PGR,The Progressive Corporation,203.5,2026-06-15T23:54:01.782637+00:00,False,+7.6%,True,$118742.3M,False,+9.8%,True,2938.2K,True,$203.50 / SMA $199.42,False,2.34%,False,+8.7%,False,582.1M,True,NYQ,False,
PH,Parker-Hannifin Corporation,918.86,2026-06-16T00:30:45.889346+00:00,False,+42.1%,True,$115855.7M,False,+-4.2%,True,765.6K,True,$918.86 / SMA $906.14,False,2.49%,False,+10.6%,True,125.7M,True,NYQ,False,
PHAT,"Phathom Pharmaceuticals, Inc.",10.71,2026-06-16T00:00:18.264050+00:00,False,+40.7%,True,$854.2M,True,+71.8%,True,1222.0K,False,$10.71 / SMA $11.55,True,6.59%,True,+104.4%,True,60.3M,True,NMS,False,
PHDWY,PT Aspirasi Hidup Indonesia Tbk,2.0,2026-06-16T00:15:38.570260+00:00,False,+0.0%,True,$342.4M,,,False,0.0K,False,$2.00 / SMA $3.07,False,0.00%,False,+-0.1%,True,68.5M,False,PNK,False,
PHI,PLDT Inc.,17.88,2026-06-16T00:20:23.427000+00:00,False,+4.9%,True,$3863.1M,False,+-1.8%,False,165.6K,False,$17.88 / SMA $19.58,False,2.48%,False,+2.2%,True,71.4M,True,NYQ,False,
PHIN,PHINIA Inc.,83.65,2026-06-16T00:22:09.948294+00:00,True,+101.1%,True,$3096.8M,True,+52.4%,False,344.2K,True,$83.65 / SMA $75.52,True,3.08%,False,+10.3%,True,36.2M,True,NYQ,False,
PHJMF,PT Hanjaya Mandala Sampoerna Tbk,0.06,2026-06-16T00:33:12.910828+00:00,True,+100.0%,True,$6979.1M,,N/A,False,18.5K,True,$0.06 / SMA $0.05,True,3.33%,False,+-7.5%,False,8794.8M,False,PNK,False,
PHM,"PulteGroup, Inc.",122.84,2026-06-16T00:31:07.031694+00:00,False,+25.0%,True,$23399.3M,False,+-30.4%,True,1835.7K,True,$122.84 / SMA $119.70,False,2.89%,False,+-12.4%,False,189.0M,True,NYQ,False,
PHPRF,Primary Health Properties Plc,1.31,2026-06-16T00:37:47.434296+00:00,False,+20.8%,True,$3399.6M,,N/A,False,0.2K,True,$1.31 / SMA $1.17,False,0.00%,,N/A,False,2220.3M,False,PNK,False,
PHR,"Phreesia, Inc.",9.15,2026-06-16T00:39:41.968244+00:00,False,+17.8%,True,$565.6M,True,+171.4%,True,1980.4K,False,$9.15 / SMA $9.27,True,5.71%,False,+12.9%,True,50.0M,True,NYQ,False,
PHVS,Pharvaris N.V.,31.54,2026-06-16T00:10:06.656824+00:00,True,+97.1%,True,$2204.0M,True,+29.5%,False,313.2K,True,$31.54 / SMA $29.68,True,4.60%,,,True,40.1M,True,NMS,False,
PHXHF,PHX Energy Services Corp.,8.05,2026-06-16T00:15:30.160693+00:00,False,+65.6%,True,$367.6M,False,+-33.3%,False,9.9K,False,$8.05 / SMA $8.50,True,3.60%,False,+2.9%,True,41.3M,False,OQB,False,
PHYS,Sprott Physical Gold Trust,32.56,2026-06-16T00:18:07.907032+00:00,False,+31.0%,True,$15520.8M,False,+-30.1%,True,4196.9K,False,$32.56 / SMA $34.67,False,1.57%,False,+-20.5%,,,True,ASE,False,
PIAGF,Piaggio & C. SpA,1.88,2026-06-16T00:13:39.422853+00:00,False,+4.4%,True,$662.3M,False,+-40.0%,False,0.2K,False,$1.88 / SMA $1.97,False,0.22%,False,+-7.8%,False,172.2M,False,PNK,False,
PIAIF,"Ping An Insurance (Group) Company of China, Ltd.",6.81,2026-06-16T00:05:44.518681+00:00,False,+14.1%,True,$123313.0M,False,+-13.2%,False,10.2K,False,$6.81 / SMA $7.92,True,7.31%,False,+-7.8%,False,15137.3M,False,PNK,False,
PIFMF,PT Indofood Sukses Makmur Tbk,0.3922,2026-06-16T00:08:24.157064+00:00,False,+0.0%,True,$3443.7M,,,False,0.0K,False,$0.39 / SMA $0.47,False,0.00%,False,+17.5%,False,4361.8M,False,PNK,False,
PIFMY,PT Indofood Sukses Makmur Tbk,18.75,2026-06-15T23:57:54.861195+00:00,False,+15.2%,True,$3292.7M,,,False,7.1K,False,$18.75 / SMA $19.98,True,4.18%,False,+17.5%,True,87.2M,False,PNK,False,
PII,Polaris Inc.,70.11,2026-06-15T23:56:33.604834+00:00,True,+82.5%,True,$3988.3M,True,+29.1%,True,1248.6K,True,$70.11 / SMA $63.20,True,4.16%,False,+8.0%,True,53.5M,True,NYQ,False,
PILBF,PLS Group Limited,4.71,2026-06-16T00:31:16.562161+00:00,True,+545.2%,True,$15319.5M,,N/A,False,34.7K,True,$4.71 / SMA $4.22,True,4.52%,,N/A,False,2997.4M,False,PNK,False,
PINS,"Pinterest, Inc.",21.33,2026-06-16T00:06:21.722430+00:00,False,+54.1%,True,$11948.2M,False,+-1300.0%,True,18602.2K,True,$21.33 / SMA $20.11,True,5.45%,False,+17.8%,False,477.6M,True,NYQ,False,
PINXF,The People's Insurance Company (Group) of China Limited,0.65,2026-06-16T00:30:56.126212+00:00,False,+0.0%,True,$28745.6M,,N/A,False,56.0K,False,$0.65 / SMA $0.70,False,0.00%,,N/A,False,11530.5M,False,PNK,False,
PINXY,The People's Insurance Company (Group) of China Limited,14.05,2026-06-16T00:05:54.654191+00:00,False,+13.5%,True,$42677.0M,,,False,0.1K,False,$14.05 / SMA $14.33,False,0.00%,,,False,576.5M,False,PNK,False,
PIPR,Piper Sandler Companies,79.52,2026-06-16T00:33:15.922585+00:00,False,+26.2%,True,$5373.8M,False,+0.8%,True,639.8K,False,$79.52 / SMA $81.63,False,2.91%,True,+33.3%,True,68.8M,True,NYQ,False,
PK,Park Hotels & Resorts Inc.,14.4,2026-06-15T23:58:15.696216+00:00,False,+46.3%,True,$2899.6M,True,+117.2%,True,4472.3K,True,$14.40 / SMA $11.84,True,3.33%,False,+-1.3%,False,193.2M,True,NYQ,False,
PKBK,"Parke Bancorp, Inc.",31.75,2026-06-16T00:40:06.751059+00:00,False,+69.1%,True,$376.0M,True,+52.3%,False,91.6K,True,$31.75 / SMA $30.48,False,2.56%,True,+31.9%,True,9.0M,True,NCM,False,
PKE,Park Aerospace Corp.,33.97,2026-06-16T00:01:46.836198+00:00,True,+151.1%,True,$709.2M,True,+216.7%,False,251.1K,True,$33.97 / SMA $33.43,True,5.99%,True,+42.8%,True,18.9M,True,NYQ,False,
PKG,Packaging Corporation of America,229.96,2026-06-16T00:31:09.413166+00:00,False,+24.5%,True,$20489.1M,False,+-15.5%,True,875.9K,True,$229.96 / SMA $216.50,False,2.80%,False,+10.6%,True,86.9M,True,NYQ,False,
PKOH,Park-Ohio Holdings Corp.,34.3,2026-06-16T00:39:52.595717+00:00,True,+121.0%,True,$493.9M,False,+-5.0%,False,58.4K,True,$34.30 / SMA $29.73,True,4.39%,False,+3.8%,True,9.1M,True,NMS,False,
PKX,POSCO Holdings Inc.,65.21,2026-06-16T00:18:01.633430+00:00,False,+44.9%,True,$19724.9M,True,+54.5%,False,270.9K,False,$65.21 / SMA $71.44,True,3.03%,False,+2.5%,False,1147.6M,True,NYQ,False,
PLAB,"Photronics, Inc.",32.74,2026-06-16T00:22:06.639767+00:00,True,+81.9%,True,$1930.5M,True,+260.0%,True,1316.9K,False,$32.74 / SMA $44.44,True,6.86%,False,+-0.5%,True,57.5M,True,NMS,False,
PLAY,"Dave & Buster's Entertainment, Inc.",12.32,2026-06-16T00:03:40.434633+00:00,False,+28.2%,True,$428.0M,False,+-579.2%,True,1881.1K,True,$12.32 / SMA $11.97,True,7.94%,False,+-0.9%,True,24.3M,True,NMS,False,
PLBC,Plumas Bancorp,55.03,2026-06-16T00:40:07.463419+00:00,False,+38.6%,True,$383.5M,False,+15.0%,False,54.3K,True,$55.03 / SMA $52.15,False,2.26%,True,+28.8%,True,6.4M,True,NCM,False,
PLCQF,PLCQF,9.42,2026-06-16T00:31:24.727198+00:00,True,+125.9%,,N/A,,N/A,False,0.5K,False,$9.42 / SMA_short $9.49,,N/A,,N/A,,N/A,False,PNK,False,
PLD,"Prologis, Inc.",148.5,2026-06-16T00:30:44.360695+00:00,False,+43.6%,True,$139151.0M,True,+66.7%,True,3472.6K,True,$148.50 / SMA $142.23,False,1.86%,False,+7.4%,False,927.8M,True,NYQ,False,
PLDGP,"Prologis, Inc.",53.88,2026-06-16T00:17:33.571576+00:00,False,+7.4%,,,,,False,1.0K,True,$53.88 / SMA $53.05,False,0.50%,False,+7.4%,False,927.8M,False,OQB,False,
PLLIF,Pirelli & C. S.p.A.,7.05,2026-06-16T00:06:31.236621+00:00,False,+16.9%,True,$7648.4M,False,+10.0%,False,0.3K,True,$7.05 / SMA $6.84,False,0.00%,False,+-1.2%,False,590.8M,False,PNK,False,
PLPC,Preformed Line Products Company,380.16,2026-06-16T00:22:26.955201+00:00,True,+173.4%,True,$1858.2M,False,+-8.2%,False,142.1K,True,$380.16 / SMA $344.52,True,5.19%,False,+18.7%,True,2.6M,True,NMS,False,
PLSE,"Pulse Biosciences, Inc.",25.925,2026-06-16T00:22:25.970005+00:00,True,+106.4%,True,$1794.3M,False,+-8.0%,False,308.2K,True,$25.93 / SMA $23.01,True,7.55%,,,True,18.3M,True,NCM,False,
PLTK,Playtika Holding Corp.,3.37,2026-06-16T00:11:50.004933+00:00,False,+27.7%,True,$1281.9M,False,+-287.5%,True,1353.1K,False,$3.37 / SMA $3.44,True,5.29%,False,+5.5%,True,59.2M,True,NMS,False,
PLTR,Palantir Technologies Inc.,134.71,2026-06-16T00:05:42.410487+00:00,False,+9.8%,True,$322941.9M,True,+324.4%,True,44115.3K,False,$134.71 / SMA $139.36,True,4.56%,True,+84.7%,False,2104.1M,True,NMS,False,
PLUG,Plug Power Inc.,2.8,2026-06-15T23:56:23.850366+00:00,True,+171.8%,True,$3906.2M,False,+14.3%,True,76302.5K,False,$2.80 / SMA $3.27,True,9.08%,False,+22.3%,False,1331.0M,True,NCM,False,
PLYGF,PLYGF,43.0,2026-06-16T00:11:43.948400+00:00,False,+36.5%,True,$1419.3M,,,False,0.0K,False,$43.00 / SMA $45.77,False,0.00%,,,True,13.0M,False,PNK,False,
PMDIY,PMDIY,25.35,2026-06-16T00:31:26.602028+00:00,True,+78.5%,True,$13241.6M,,N/A,False,0.5K,True,$25.35 / SMA $20.62,False,1.68%,,N/A,False,265.0M,False,PNK,False,
PML,PIMCO Municipal Income Fund II,7.49,2026-06-16T00:00:17.119383+00:00,False,+5.5%,True,$498.0M,,,False,446.3K,True,$7.49 / SMA $7.44,False,0.96%,,,,,True,NYQ,False,
PMOIF,Harbour Energy plc,3.35,2026-06-15T23:54:41.487302+00:00,False,+34.0%,True,$5255.8M,,,False,4.2K,False,$3.35 / SMA $3.76,False,0.59%,,,False,876.4M,False,PNK,False,
PMRTY,Pop Mart International Group Limited,23.32,2026-06-15T23:54:17.185940+00:00,False,+30.3%,True,$30922.4M,,,False,61.6K,True,$23.32 / SMA $20.46,False,2.74%,,,False,660.9M,False,PNK,False,
PMT,PennyMac Mortgage Investment Trust,10.14,2026-06-16T00:00:17.803381+00:00,False,+3.2%,True,$884.2M,True,+1700.0%,True,1076.8K,False,$10.14 / SMA $11.08,False,2.17%,True,+557.4%,True,72.4M,True,NYQ,False,
PMTR,Perimeter Acquisition Corp. I,10.41,2026-06-16T00:26:58.316298+00:00,False,+3.3%,True,$320.9M,True,+3010.4%,False,24.7K,True,$10.41 / SMA $10.34,False,0.40%,,,True,20.2M,True,NGM,False,
PMTRU,PMTRU,10.78,2026-06-16T00:15:39.716942+00:00,False,+7.8%,,,,,False,0.4K,True,$10.78 / SMA $10.67,False,0.73%,,,True,20.2M,True,NGM,False,
PMTU,PMTU,25.35,2026-06-16T00:11:58.484033+00:00,False,+1.8%,,,,,False,1.6K,False,$25.35 / SMA $25.57,False,0.27%,,,,,True,NYQ,False,
PNC,"The PNC Financial Services Group, Inc.",230.56,2026-06-15T23:54:03.393342+00:00,False,+33.4%,True,$92584.7M,False,+17.7%,True,2087.2K,True,$230.56 / SMA $221.12,False,2.00%,False,+13.0%,False,398.6M,True,NYQ,False,
PNDRY,PNDRY,12.43,2026-06-16T00:20:10.318401+00:00,False,+50.7%,True,$7438.2M,False,+-64.5%,False,113.2K,True,$12.43 / SMA $10.38,False,2.01%,False,+-40.6%,False,515.2M,False,PNK,False,
PNFP,"Pinnacle Financial Partners, Inc.",96.08,2026-06-16T00:18:10.345175+00:00,False,+18.5%,True,$14518.3M,False,+-49.7%,True,1341.0K,True,$96.08 / SMA $95.70,False,2.61%,True,+168.3%,True,148.4M,True,NYQ,False,
PNGAY,"Ping An Insurance (Group) Company of China, Ltd.",14.61,2026-06-16T00:05:44.758413+00:00,False,+22.8%,True,$132276.3M,False,+-13.2%,False,173.5K,False,$14.61 / SMA $15.25,False,1.60%,False,+-7.8%,False,7568.6M,False,PNK,False,
PNR,Pentair plc,74.21,2026-06-16T00:31:20.024453+00:00,False,+6.1%,True,$11992.7M,False,+12.9%,True,1954.7K,False,$74.21 / SMA $79.58,False,2.55%,False,+2.6%,False,160.3M,True,NYQ,False,
PNRG,PrimeEnergy Resources Corporation,178.1,2026-06-16T00:03:41.083389+00:00,False,+40.9%,False,$288.2M,False,+-51.1%,False,64.1K,False,$178.10 / SMA $218.63,True,7.24%,False,+-16.3%,True,0.6M,True,NCM,False,
PNTG,"The Pennant Group, Inc.",33.04,2026-06-16T00:00:05.489427+00:00,False,+52.0%,True,$1148.7M,False,+9.1%,False,247.0K,True,$33.04 / SMA $32.31,True,4.67%,True,+36.0%,True,33.1M,True,NMS,False,
PNW,Pinnacle West Capital Corporation,103.27,2026-06-16T00:18:14.375777+00:00,False,+21.0%,True,$12515.0M,True,+775.0%,True,1168.1K,True,$103.27 / SMA $101.35,False,1.96%,False,+11.4%,True,120.4M,True,NYQ,False,
POAHF,Porsche Automobil Holding SE,34.4,2026-06-15T23:54:32.087754+00:00,False,+0.0%,True,$10635.2M,False,+14.6%,False,1.2K,False,$34.40 / SMA $37.06,False,2.96%,False,+17.4%,False,153.1M,False,PNK,False,
POAHY,Porsche Automobil Holding SE,3.51,2026-06-16T00:06:20.210683+00:00,False,+2.9%,True,$10969.5M,False,+14.6%,False,346.2K,False,$3.51 / SMA $3.66,False,1.69%,False,+17.4%,False,1531.2M,False,PNK,False,
POET,POET Technologies Inc.,13.93,2026-06-16T00:35:34.032435+00:00,True,+259.9%,True,$2404.3M,False,+-200.0%,True,40091.1K,True,$13.93 / SMA $11.07,True,15.72%,True,+201.9%,False,154.1M,True,NCM,False,
POGHF,Pilot Corporation,32.0,2026-06-16T00:37:52.956808+00:00,False,+21.7%,True,$1281.1M,,N/A,False,0.0K,True,$32.00 / SMA $29.93,False,0.00%,,N/A,True,33.2M,False,PNK,False,
POLE,Andretti Acquisition Corp. II,10.74,2026-06-16T00:40:17.863672+00:00,False,+3.7%,True,$316.9M,False,+-25.0%,False,13.9K,True,$10.74 / SMA $10.70,False,0.07%,,N/A,True,22.3M,True,NGM,False,
POLEU,Andretti Acquisition Corp. II,10.83,2026-06-16T00:27:00.014328+00:00,False,+3.2%,,,,,False,0.1K,False,$10.83 / SMA $11.50,False,0.83%,,,True,22.3M,True,NGM,False,
PONY,Pony AI Inc.,8.32,2026-06-16T00:08:21.497936+00:00,False,+4.7%,True,$3607.1M,False,+0.0%,True,5099.8K,False,$8.32 / SMA $9.64,True,6.46%,True,+145.0%,False,277.4M,True,NMS,False,
POR,Portland General Electric Company,50.46,2026-06-16T00:08:10.334937+00:00,False,+27.6%,True,$5839.7M,False,+-58.2%,True,1258.0K,False,$50.46 / SMA $50.48,False,1.93%,False,+-5.3%,True,115.1M,True,NYQ,False,
POWI,"Power Integrations, Inc.",83.31,2026-06-16T00:08:21.796303+00:00,True,+170.0%,True,$4642.0M,False,+-60.0%,True,1190.6K,True,$83.31 / SMA $70.76,True,6.96%,False,+2.6%,True,54.8M,True,NMS,False,
POWL,"Powell Industries, Inc.",303.53,2026-06-16T00:18:22.005889+00:00,True,+435.3%,True,$11058.1M,False,+-1.6%,True,660.2K,True,$303.53 / SMA $270.33,True,7.12%,False,+6.5%,True,28.7M,True,NMS,False,
PPAAY,PT Perusahaan Gas Negara (Persero) Tbk,4.23,2026-06-16T00:22:14.433324+00:00,False,+2.2%,True,$2525.8M,True,+42.3%,False,0.6K,False,$4.23 / SMA $4.82,False,0.60%,False,+-3.8%,False,208.6M,False,PNK,False,
PPC,Pilgrim's Pride Corporation,29.04,2026-06-16T00:31:36.142808+00:00,False,+7.0%,True,$6909.3M,False,+-65.3%,True,1279.3K,False,$29.04 / SMA $31.02,True,3.55%,False,+1.6%,True,42.2M,True,NMS,False,
PPCCY,PICC Property and Casualty Company Limited,49.69,2026-06-16T00:05:54.843256+00:00,False,+15.7%,True,$44209.7M,,,False,3.4K,True,$49.69 / SMA $46.55,True,3.39%,,,False,276.0M,False,PNK,False,
PPG,"PPG Industries, Inc.",121.53,2026-06-15T23:54:18.233304+00:00,False,+30.1%,True,$27089.0M,False,+4.3%,True,2007.4K,True,$121.53 / SMA $109.52,False,2.80%,False,+6.7%,False,222.4M,True,NYQ,False,
PPHC,"Public Policy Holding Company, Inc.",9.68,2026-06-16T00:40:12.960773+00:00,False,+0.5%,False,$284.1M,False,+22.2%,False,112.4K,False,$9.68 / SMA $12.37,True,7.79%,True,+27.5%,True,15.9M,True,NGM,False,
PPLC,PPL Corporation,48.93,2026-06-16T00:31:02.987840+00:00,False,+4.1%,,N/A,,N/A,False,257.2K,False,$48.93 / SMA $49.28,False,1.71%,False,+10.8%,False,750.2M,True,NYQ,False,
PPRQF,Choice Properties Real Estate Investment Trust,11.64,2026-06-16T00:31:30.990981+00:00,False,+19.5%,True,$8471.0M,False,+9.4%,False,21.5K,True,$11.64 / SMA $11.30,False,0.10%,False,+4.1%,False,315.3M,False,PNK,False,
PPRUY,Kering SA,30.97,2026-06-16T00:05:56.948381+00:00,False,+56.1%,True,$37975.1M,,,False,209.4K,True,$30.97 / SMA $28.84,False,2.56%,,,False,700.3M,False,PNK,False,
PPT,Putnam Premier Income Trust,3.46,2026-06-16T00:03:52.270748+00:00,False,+1.5%,True,$330.7M,,,False,122.5K,False,$3.46 / SMA $3.46,False,0.78%,,,,,True,NYQ,False,
PPTTF,Perpetual Limited,12.2,2026-06-16T00:00:00.641125+00:00,False,+7.0%,True,$1410.9M,,,False,0.0K,True,$12.20 / SMA $11.80,False,0.00%,,,True,103.6M,False,PNK,False,
PR,Permian Resources Corporation,18.9,2026-06-16T00:18:06.555550+00:00,False,+58.6%,True,$16283.0M,False,+-88.6%,True,12201.5K,False,$18.90 / SMA $20.34,True,3.08%,False,+0.8%,False,795.9M,True,NYQ,False,
PRAA,"PRA Group, Inc.",15.5,2026-06-16T00:39:41.117856+00:00,False,+51.2%,True,$591.2M,True,+711.1%,False,468.5K,False,$15.50 / SMA $17.88,True,5.32%,False,+16.7%,True,33.5M,True,NMS,False,
PRAX,"Praxis Precision Medicines, Inc.",264.54,2026-06-16T00:06:24.416045+00:00,True,+611.3%,True,$7375.1M,False,+2.7%,False,442.6K,False,$264.54 / SMA $318.58,True,7.26%,,,True,24.0M,True,NMS,False,
PRBKY,PRBKY,11.5,2026-06-16T00:06:18.897842+00:00,False,+47.0%,True,$14138.9M,False,+0.0%,False,27.5K,True,$11.50 / SMA $9.95,True,7.96%,False,+1.5%,False,714.1M,False,OID,False,
PRBZF,Premium Brands Holdings Corporation,62.49,2026-06-15T23:57:51.016875+00:00,False,+8.9%,True,$3248.8M,False,+0.0%,False,16.2K,False,$62.49 / SMA $62.92,False,1.31%,False,+24.6%,True,50.8M,False,PNK,False,
PRCT,PROCEPT BioRobotics Corporation,23.22,2026-06-16T00:22:29.276848+00:00,False,+20.0%,True,$1321.7M,False,+-24.4%,True,1382.8K,False,$23.22 / SMA $25.71,True,6.46%,False,+20.2%,True,55.6M,True,NGM,False,
PRDO,Perdoceo Education Corporation,32.32,2026-06-16T00:35:35.808990+00:00,False,+21.2%,True,$2026.6M,True,+30.8%,True,656.9K,False,$32.32 / SMA $34.39,False,2.95%,False,+4.1%,True,58.5M,True,NMS,False,
PRDSF,Prada S.p.A.,5.0,2026-06-16T00:06:19.704904+00:00,False,+14.9%,True,$13077.9M,,,False,4.2K,True,$5.00 / SMA $4.67,False,1.38%,,,False,512.4M,False,PNK,False,
PRGS,Progress Software Corporation,31.01,2026-06-16T00:24:13.170817+00:00,False,+30.2%,True,$1304.9M,True,+120.8%,True,912.5K,True,$31.01 / SMA $29.52,True,4.55%,False,+4.1%,True,41.6M,True,NMS,False,
PRI,"Primerica, Inc.",280.64,2026-06-16T00:31:29.142899+00:00,False,+22.0%,True,$8751.5M,False,+18.2%,False,197.3K,True,$280.64 / SMA $271.74,False,2.21%,False,+8.4%,True,31.0M,True,NYQ,False,
PRIM,Primoris Services Corporation,101.34,2026-06-16T00:33:11.281982+00:00,False,+38.9%,True,$5498.2M,False,+-60.5%,True,1673.0K,False,$101.34 / SMA $137.51,True,7.25%,False,+-5.4%,True,53.7M,True,NYQ,False,
PRK,Park National Corporation,176.03,2026-06-15T23:58:05.495743+00:00,False,+18.1%,True,$3185.5M,False,+-8.1%,False,94.3K,True,$176.03 / SMA $171.12,False,2.06%,False,+22.6%,True,16.2M,True,ASE,False,
PRM,"Perimeter Solutions, Inc.",36.36,2026-06-16T00:20:17.540955+00:00,True,+178.7%,True,$5931.3M,False,+22.2%,True,1294.5K,True,$36.36 / SMA $30.53,True,4.31%,True,+73.6%,True,148.9M,True,NYQ,False,
PRME,"Prime Medicine, Inc.",2.9,2026-06-16T00:39:43.975602+00:00,True,+105.1%,True,$523.8M,True,+30.0%,True,2409.0K,False,$2.90 / SMA $3.32,True,8.56%,False,+-41.1%,True,115.0M,True,NGM,False,
PRMRF,Paramount Resources Ltd.,21.07,2026-06-16T00:09:39.995540+00:00,False,+59.1%,True,$3063.6M,,,False,14.9K,False,$21.07 / SMA $21.62,False,2.62%,False,+-47.5%,True,77.0M,False,PNK,False,
PRMRY,Paramount Resources Ltd.,22.5,2026-06-15T23:57:49.222777+00:00,False,+12.5%,True,$3271.5M,,,False,0.0K,True,$22.50 / SMA_short $21.38,False,0.00%,False,+-47.5%,True,77.0M,False,PNK,False,
PROK,ProKidney Corp.,1.67,2026-06-16T00:02:01.954002+00:00,True,+209.3%,True,$504.4M,False,+-7.7%,True,952.6K,False,$1.67 / SMA $1.83,True,7.40%,False,+-1.7%,False,156.9M,True,NCM,False,
PROSY,Prosus N.V.,9.07,2026-06-16T00:05:47.145551+00:00,False,+3.2%,True,$96675.7M,,,True,1334.4K,False,$9.07 / SMA $9.49,False,2.01%,,,False,6365.1M,False,PNK,False,
PRSU,"Pursuit Attractions and Hospitality, Inc.",48.59,2026-06-16T00:00:04.806915+00:00,True,+80.5%,True,$1333.8M,False,+18.9%,False,227.2K,True,$48.59 / SMA $42.78,False,2.64%,True,+37.4%,True,13.4M,True,NYQ,False,
PRTCY,PureTech Health plc,17.31,2026-06-16T00:39:51.862979+00:00,False,+19.4%,True,$421.4M,,N/A,False,8.2K,True,$17.31 / SMA $17.31,False,1.92%,,N/A,True,15.7M,False,PNK,False,
PRU,"Prudential Financial, Inc.",108.69,2026-06-15T23:54:12.007763+00:00,False,+18.3%,True,$37750.8M,False,+-14.3%,True,2144.0K,True,$108.69 / SMA $99.68,False,1.85%,False,+14.8%,False,345.9M,True,NYQ,False,
PRVA,"Privia Health Group, Inc.",23.02,2026-06-15T23:58:11.045511+00:00,False,+22.6%,True,$2900.8M,False,+-33.3%,True,939.8K,True,$23.02 / SMA $23.00,False,2.78%,True,+25.8%,True,113.2M,True,NMS,False,
PRXXF,Paradox Interactive AB (publ),14.0,2026-06-16T00:24:05.216331+00:00,False,+12.0%,True,$1478.7M,False,+-72.1%,False,0.1K,True,$14.00 / SMA $11.49,False,0.00%,False,+-39.2%,True,29.8M,False,PNK,False,
PRYMY,Prysmian S.p.A.,83.14,2026-06-16T00:30:53.814704+00:00,True,+161.9%,True,$48594.4M,True,+53.8%,False,93.0K,True,$83.14 / SMA $79.21,True,3.25%,False,+9.4%,False,573.6M,False,PNK,False,
PSA,Public Storage,320.98,2026-06-16T00:05:52.078139+00:00,False,+25.1%,True,$56346.7M,True,+32.8%,True,1082.8K,True,$320.98 / SMA $304.27,False,2.19%,False,+2.9%,False,157.4M,True,NYQ,False,
PSBD,Palmer Square Capital BDC Inc.,10.73,2026-06-16T00:26:54.853577+00:00,False,+14.9%,True,$333.9M,False,+-357.7%,False,104.0K,True,$10.73 / SMA $10.72,False,2.27%,False,+-399.7%,,,True,NYQ,False,
PSEC,Prospect Capital Corporation,2.31,2026-06-16T00:37:42.725349+00:00,False,+9.5%,True,$1157.3M,True,+112.8%,True,5371.9K,False,$2.31 / SMA $2.46,True,3.60%,True,+153.6%,,N/A,True,NMS,False,
PSGTF,PT Semen Indonesia (Persero) Tbk,0.12,2026-06-16T00:13:37.111757+00:00,False,+20.0%,True,$829.7M,,,False,0.0K,False,$0.12 / SMA $0.15,False,0.95%,False,+-16.2%,False,3277.7M,False,PNK,False,
PSHZF,"Pershing Square Holdings, Ltd.",50.82,2026-06-15T23:54:35.145605+00:00,False,+1.4%,,,,,False,26.9K,False,$50.82 / SMA $55.32,False,2.36%,,,,,False,PNK,False,
PSIX,"Power Solutions International, Inc.",39.44,2026-06-16T00:00:18.695790+00:00,False,+10.3%,True,$909.1M,False,+-61.4%,True,776.3K,False,$39.44 / SMA $57.75,True,6.73%,False,+-5.1%,True,7.3M,True,NCM,False,
PSMT,"PriceSmart, Inc.",179.73,2026-06-16T00:20:17.381718+00:00,True,+79.8%,True,$5552.9M,False,+11.7%,False,247.7K,True,$179.73 / SMA $163.06,False,2.85%,False,+9.7%,True,27.8M,True,NMS,False,
PSNY,Polestar Automotive Holding UK PLC,20.75,2026-06-16T00:22:21.629617+00:00,True,+76.6%,True,$1898.8M,,,False,118.5K,True,$20.75 / SMA $20.12,True,6.90%,,,True,27.5M,True,NGM,False,
PSNYW,Polestar Automotive Holding UK PLC,2.75,2026-06-16T00:10:05.322413+00:00,False,+18.0%,True,$25602.4M,,,False,7.5K,False,$2.75 / SMA $3.22,True,9.81%,,,True,27.5M,True,NGM,False,
PSO,Pearson plc,15.25,2026-06-16T00:31:28.017964+00:00,False,+26.9%,True,$9156.4M,,N/A,True,1052.1K,True,$15.25 / SMA $14.75,False,1.67%,,N/A,False,629.0M,True,NYQ,False,
PSTL,"Postal Realty Trust, Inc.",23.16,2026-06-16T00:24:31.134759+00:00,True,+70.4%,True,$813.1M,True,+83.3%,False,281.5K,True,$23.16 / SMA $22.03,False,2.42%,False,+20.3%,True,26.2M,True,NYQ,False,
PSTVY,"Postal Savings Bank of China Co., Ltd.",13.85,2026-06-16T00:30:51.090961+00:00,False,+26.3%,True,$93271.4M,,N/A,False,0.3K,True,$13.85 / SMA $13.23,False,1.19%,,N/A,False,847.1M,False,PNK,False,
PSUS,"Pershing Square USA, Ltd.",39.61,2026-06-16T00:33:31.756311+00:00,False,+6.6%,,N/A,,N/A,True,1098.8K,False,$39.61 / SMA_short $40.50,False,2.20%,,N/A,,N/A,True,NYQ,False,
PSYTF,Pason Systems Inc.,9.72,2026-06-16T00:24:30.233653+00:00,False,+23.2%,True,$753.7M,False,+-32.0%,False,22.9K,False,$9.72 / SMA $10.04,False,0.78%,False,+-9.5%,True,76.6M,False,OQX,False,
PSZKF,Powszechna Kasa Oszczednosci Bank Polski Spólka Akcyjna,29.46,2026-06-16T00:30:57.881197+00:00,False,+60.9%,True,$36825.0M,False,+2.0%,False,2.4K,True,$29.46 / SMA $27.56,False,0.16%,False,+1.8%,False,880.9M,False,PNK,False,
PTAIF,PT Astra International Tbk,0.2641,2026-06-16T00:06:16.347314+00:00,False,+13.1%,True,$10580.9M,,,False,3.7K,False,$0.26 / SMA $0.33,False,0.00%,False,+-7.0%,False,17803.2M,False,PNK,False,
PTAIY,PT Astra International Tbk,5.4,2026-06-16T00:06:19.010915+00:00,False,+7.6%,True,$10817.2M,,,False,237.2K,False,$5.40 / SMA $6.66,True,4.41%,False,+-7.0%,False,890.2M,False,PNK,False,
PTBRY,PT Bank Negara Indonesia (Persero) Tbk,10.0,2026-06-16T00:31:32.028563+00:00,False,+19.3%,True,$7513.1M,False,+5.6%,False,15.2K,False,$10.00 / SMA $10.92,True,5.22%,False,+11.5%,False,14832.0M,False,PNK,False,
PTC,PTC Inc.,114.85,2026-06-16T00:06:12.125113+00:00,False,+5.9%,True,$13265.8M,True,+268.9%,True,1429.6K,False,$114.85 / SMA $138.80,True,4.03%,False,+21.7%,True,115.0M,True,NMS,False,
PTCAY,PT Chandra Asri Pacific Tbk,8.0,2026-06-16T00:31:26.004928+00:00,False,+0.0%,True,$6919.4M,,N/A,False,0.1K,False,$8.00 / SMA $33.48,False,0.86%,True,+334.1%,False,254.6M,False,PNK,False,
PTCHF,PureTech Health plc,1.7,2026-06-16T00:03:40.962136+00:00,False,+9.7%,True,$413.8M,,,False,10.5K,False,$1.70 / SMA $1.74,False,0.00%,,,False,157.4M,False,PNK,False,
PTCT,"PTC Therapeutics, Inc.",76.77,2026-06-16T00:20:12.735437+00:00,True,+77.8%,True,$6368.0M,False,+-100.3%,True,1229.4K,True,$76.77 / SMA $70.60,True,3.60%,False,+-76.8%,True,73.2M,True,NMS,False,
PTEN,"Patterson-UTI Energy, Inc.",10.66,2026-06-16T00:20:19.441484+00:00,True,+109.0%,True,$4046.7M,,,True,9398.0K,False,$10.66 / SMA $11.37,True,4.90%,False,+-12.7%,False,371.8M,True,NMS,False,
PTGX,"Protagonist Therapeutics, Inc.",112.46,2026-06-16T00:20:09.167286+00:00,True,+127.7%,True,$7232.5M,True,+126.3%,True,720.5K,True,$112.46 / SMA $101.78,True,4.45%,True,+99.0%,True,52.5M,True,NGM,True,
PTHRF,Pantheon Resources Plc,0.2118,2026-06-16T00:15:39.735968+00:00,True,+138.5%,True,$308.8M,,,False,446.2K,True,$0.21 / SMA $0.17,True,11.15%,,,False,1320.5M,False,OQX,False,
PTKFY,PT Kalbe Farma Tbk.,8.576,2026-06-15T23:58:17.959936+00:00,False,+0.0%,True,$1940.3M,False,+-3.5%,False,0.1K,False,$8.58 / SMA $9.84,False,0.00%,False,+10.1%,True,90.0M,False,PNK,False,
PTLO,Portillo's Inc.,4.44,2026-06-16T00:40:20.726276+00:00,False,+17.6%,True,$321.4M,False,+-120.0%,True,1710.8K,False,$4.44 / SMA $4.91,True,5.01%,False,+3.5%,True,67.3M,True,NMS,False,
PTOAF,Cavvy Energy Ltd.,1.32,2026-06-16T00:15:34.634499+00:00,True,+407.7%,True,$408.0M,False,+0.0%,False,113.2K,True,$1.32 / SMA $1.09,True,3.62%,True,+44.0%,True,144.7M,False,PNK,False,
PTON,"Peloton Interactive, Inc.",5.8,2026-06-16T00:10:01.726260+00:00,False,+58.9%,True,$2511.4M,True,+150.0%,True,14823.8K,True,$5.80 / SMA $5.38,True,5.17%,False,+1.1%,False,406.9M,True,NMS,False,
PTORU,Praetorian Acquisition Corp.,10.11,2026-06-16T00:26:54.411775+00:00,False,+13.6%,,,,,False,13.1K,True,$10.11 / SMA $9.99,False,0.94%,,,True,25.5M,True,NGM,False,
PTRN,Pattern Group Inc.,19.6,2026-06-16T00:09:46.718511+00:00,True,+119.7%,True,$3890.0M,True,+80.0%,True,1069.9K,True,$19.60 / SMA $16.15,True,5.48%,True,+43.2%,True,36.5M,True,NMS,True,
PTRRY,Prio S.A.,12.38,2026-06-16T00:18:18.704243+00:00,True,+89.9%,True,$9918.0M,True,+30.3%,False,32.5K,False,$12.38 / SMA $12.91,True,4.78%,True,+64.7%,,,False,PNK,False,
PTTMF,PT TIMAH Tbk,0.2078,2026-06-16T00:35:51.696118+00:00,True,+748.2%,True,$2491.8M,,N/A,False,0.0K,False,$0.21 / SMA $0.21,False,0.00%,True,+110.1%,False,2156.9M,False,PNK,False,
PTVLF,Pet Valu Holdings Ltd.,13.528,2026-06-16T00:24:28.066808+00:00,False,+10.6%,True,$921.4M,False,+-6.5%,False,5.1K,False,$13.53 / SMA $14.20,False,0.06%,False,+3.2%,True,68.0M,False,PNK,False,
PTY,PIMCO Corporate & Income Opportunity Fund,11.81,2026-06-16T00:35:28.916801+00:00,False,+2.0%,True,$2503.5M,,N/A,True,1120.7K,False,$11.81 / SMA $11.84,False,0.81%,,N/A,,N/A,True,NYQ,False,
PUBGY,Publicis Groupe S.A.,26.18,2026-06-16T00:31:04.913462+00:00,False,+32.8%,True,$26020.2M,,N/A,False,273.9K,True,$26.18 / SMA $23.58,False,2.19%,,N/A,False,872.1M,False,OQX,False,
PUBM,"PubMatic, Inc.",11.47,2026-06-16T00:26:33.976805+00:00,True,+86.5%,True,$532.7M,False,+-35.0%,True,688.8K,True,$11.47 / SMA $10.17,True,4.79%,False,+-2.0%,True,34.4M,True,NGM,False,
PUGBY,PUGBY,9.7016,2026-06-16T00:06:23.232233+00:00,False,+29.6%,True,$14746.1M,,,False,7.1K,False,$9.70 / SMA $10.12,False,1.26%,,,True,42.6M,False,PNK,False,
PUK,Prudential plc,27.14,2026-06-16T00:05:55.944357+00:00,False,+13.7%,True,$33931.0M,,,True,1044.6K,False,$27.14 / SMA $29.70,False,2.03%,,,False,5006.8M,True,NYQ,False,
PUKPF,Prudential plc,11.85,2026-06-16T00:05:56.830814+00:00,False,+7.7%,True,$29630.3M,,,False,0.2K,False,$11.85 / SMA $14.82,False,0.30%,,,False,2503.4M,False,PNK,False,
PUMSY,PUMA SE,3.195,2026-06-15T23:56:25.891646+00:00,True,+86.8%,True,$4839.5M,,,False,18.9K,True,$3.19 / SMA $2.97,False,1.99%,False,+-18.6%,False,978.5M,False,PNK,False,
PVARF,Porvair plc,10.85,2026-06-16T00:02:02.915444+00:00,False,+41.2%,True,$500.1M,,,False,0.4K,True,$10.85 / SMA $10.31,False,0.00%,,,True,23.0M,False,PNK,False,
PVH,PVH Corp.,83.26,2026-06-16T00:20:24.038176+00:00,False,+39.7%,True,$3839.0M,True,+315.9%,True,1268.8K,False,$83.26 / SMA $87.99,True,4.90%,False,+2.1%,True,45.6M,True,NYQ,False,
PWP,Perella Weinberg Partners,16.01,2026-06-16T00:22:27.110097+00:00,False,+10.1%,True,$1522.2M,False,+-91.7%,True,1126.1K,False,$16.01 / SMA $18.69,True,5.10%,False,+-29.7%,True,68.2M,True,NMS,False,
PWRHF,PWR Holdings Limited,6.475,2026-06-16T00:01:53.839854+00:00,True,+75.5%,True,$896.7M,,,False,0.0K,True,$6.47 / SMA $5.78,False,0.00%,,,True,79.7M,False,PNK,False,
PXGYF,PAX Global Technology Limited,0.4179,2026-06-16T00:13:47.002366+00:00,False,+3.2%,True,$444.8M,,,False,2.7K,False,$0.42 / SMA $0.50,False,0.00%,,,False,688.0M,False,PNK,False,
PXMFF,Philex Mining Corporation,0.1025,2026-06-16T00:13:34.055574+00:00,True,+70.5%,True,$655.7M,False,+-543.5%,False,0.8K,False,$0.10 / SMA $0.14,True,3.80%,False,+-43.7%,False,2893.7M,False,PNK,False,
PYCXF,PYCXF,0.9582,2026-06-16T00:00:15.758827+00:00,False,+43.5%,True,$942.4M,,,False,0.0K,False,$0.96 / SMA $1.03,False,0.15%,,,False,373.2M,False,PNK,False,
PYPTF,PayPoint plc,7.5,2026-06-16T00:13:48.409952+00:00,False,+12.6%,True,$451.5M,,,False,0.2K,False,$7.50 / SMA $7.78,False,0.00%,,,True,65.5M,False,PNK,False,
PYTCY,Playtech plc,9.655,2026-06-16T00:35:55.874310+00:00,False,+54.9%,True,$1341.3M,,N/A,False,0.8K,False,$9.65 / SMA $10.40,False,0.00%,,N/A,True,97.6M,False,PNK,False,
PZZA,"Papa John's International, Inc.",33.16,2026-06-16T00:37:45.676847+00:00,False,+12.2%,True,$1091.0M,False,+-22.2%,True,1061.0K,False,$33.16 / SMA $34.03,True,4.38%,False,+-7.7%,True,32.4M,True,NMS,False,
Q,"Qnity Electronics, Inc.",161.02,2026-06-15T23:54:13.233442+00:00,True,+128.4%,True,$33707.8M,False,+-21.9%,True,1786.7K,True,$161.02 / SMA $145.47,True,4.72%,False,+17.6%,False,208.8M,True,NYQ,False,
QABSY,Qantas Airways Limited,33.09,2026-06-16T00:31:27.363891+00:00,False,+17.5%,True,$10014.4M,,N/A,False,62.0K,True,$33.09 / SMA $31.62,False,1.53%,,N/A,False,298.7M,False,PNK,False,
QBCRF,Quebecor Inc.,48.9,2026-06-16T00:31:23.296239+00:00,True,+81.6%,True,$11019.7M,True,+27.6%,False,3.5K,True,$48.90 / SMA $43.93,False,1.92%,False,+-6.9%,False,154.6M,False,PNK,False,
QBEIF,QBE Insurance Group Limited,16.24,2026-06-16T00:17:57.781680+00:00,False,+30.5%,True,$24263.0M,,,False,0.2K,True,$16.24 / SMA $15.82,False,0.00%,,,False,1498.8M,False,PNK,False,
QBTS,D-Wave Quantum Inc.,26.26,2026-06-16T00:31:23.155296+00:00,True,+106.0%,True,$9727.9M,False,+-150.0%,True,33223.2K,True,$26.26 / SMA $21.90,True,10.77%,False,+-80.9%,False,358.4M,True,NYQ,False,
QCOM,QUALCOMM Incorporated,220.81,2026-06-16T00:30:41.180544+00:00,True,+81.0%,True,$232733.7M,True,+173.0%,True,20815.5K,True,$220.81 / SMA $185.35,True,7.67%,False,+-3.5%,False,1051.8M,True,NMS,False,
QCRH,"QCR Holdings, Inc.",94.71,2026-06-16T00:24:06.551252+00:00,False,+48.7%,True,$1563.6M,True,+30.9%,False,105.9K,True,$94.71 / SMA $91.14,False,2.31%,False,+18.3%,True,15.9M,True,NGM,False,
QGEN,Qiagen N.V.,37.01,2026-06-16T00:18:32.976793+00:00,False,+13.8%,True,$7633.3M,False,+-19.5%,True,2053.0K,True,$37.01 / SMA $36.82,False,2.34%,False,+1.8%,False,204.8M,True,NYQ,False,
QLYS,"Qualys, Inc.",114.65,2026-06-16T00:20:27.344004+00:00,False,+53.9%,True,$4037.6M,False,+10.1%,True,812.8K,True,$114.65 / SMA $94.93,True,4.48%,False,+9.8%,True,35.0M,True,NMS,False,
QNC,Quantum eMotion Corp.,3.38,2026-06-16T00:01:41.832377+00:00,True,+77.9%,True,$741.5M,False,+20.0%,True,624.8K,True,$3.38 / SMA $2.87,True,8.58%,,,False,211.9M,True,ASE,False,
QNST,"QuinStreet, Inc.",12.46,2026-06-16T00:24:33.936370+00:00,False,+21.1%,True,$715.8M,True,+62.5%,True,793.2K,True,$12.46 / SMA $12.39,True,4.19%,True,+28.3%,True,54.2M,True,NMS,False,
QNTPF,XtalPi Holdings Limited,0.98,2026-06-16T00:20:19.003867+00:00,False,+63.3%,,,,,False,3.3K,False,$0.98 / SMA_short $1.22,False,1.67%,,,False,3396.7M,False,PNK,False,
QNTQF,QinetiQ Group plc,6.38,2026-06-16T00:22:08.570757+00:00,False,+25.3%,True,$3285.4M,,,False,0.3K,True,$6.38 / SMA $5.99,False,0.17%,,,False,423.3M,False,PNK,False,
QQQX,Nuveen Nasdaq 100 Dynamic Overwrite Fund,30.6,2026-06-16T00:11:46.926325+00:00,False,+21.7%,True,$1494.1M,,,False,110.3K,True,$30.60 / SMA $30.11,False,1.79%,,,,,True,NGM,False,
QSR,Restaurant Brands International Inc.,75.65,2026-06-16T00:30:58.833131+00:00,False,+23.3%,True,$34521.9M,True,+98.0%,True,3621.9K,False,$75.65 / SMA $76.71,False,2.22%,False,+7.3%,False,298.3M,True,NYQ,False,
QTWO,"Q2 Holdings, Inc.",44.05,2026-06-15T23:58:10.917046+00:00,False,+4.2%,True,$2757.5M,True,+471.4%,True,802.7K,False,$44.05 / SMA $47.98,True,4.72%,False,+14.1%,True,61.4M,True,NYQ,False,
QUBT,Quantum Computing Inc.,11.1,2026-06-16T00:22:09.904111+00:00,True,+79.6%,True,$2503.4M,False,+-118.2%,True,19508.8K,True,$11.10 / SMA $9.81,True,9.51%,True,+9364.1%,False,200.4M,True,NCM,False,
QUIK,QuickLogic Corporation,21.68,2026-06-16T00:26:49.124410+00:00,True,+351.7%,True,$384.3M,False,+7.1%,False,485.1K,True,$21.68 / SMA $17.24,True,9.24%,False,+16.8%,True,16.1M,True,NCM,False,
QURE,uniQure N.V.,27.87,2026-06-15T23:59:58.660044+00:00,True,+219.2%,True,$1757.7M,False,+-3.7%,True,1770.7K,True,$27.87 / SMA $22.70,True,6.68%,True,+127.3%,True,53.6M,True,NMS,False,
R,"Ryder System, Inc.",277.23,2026-06-16T00:06:24.932688+00:00,True,+87.6%,True,$10726.3M,False,+2.6%,False,395.4K,True,$277.23 / SMA $241.16,False,2.78%,False,+-0.1%,True,37.3M,True,NYQ,False,
RA,Brookfield Real Assets Income Fund Inc.,12.59,2026-06-16T00:38:01.337637+00:00,False,+0.7%,True,$695.7M,,N/A,False,160.9K,False,$12.59 / SMA $12.67,False,0.93%,,N/A,,N/A,True,NYQ,False,
RACE,Ferrari N.V.,369.06,2026-06-15T23:54:04.129241+00:00,False,+18.1%,True,$64973.0M,False,+1.3%,True,661.7K,True,$369.06 / SMA $345.13,False,2.46%,False,+3.2%,False,173.9M,True,NYQ,False,
RAL,Ralliant Corporation,68.77,2026-06-16T00:31:35.485302+00:00,True,+84.5%,True,$7697.6M,False,+-31.0%,True,1463.2K,True,$68.77 / SMA $53.29,True,3.44%,False,+11.0%,True,111.4M,True,NYQ,False,
RANJF,Randstad N.V.,31.85,2026-06-15T23:56:23.507779+00:00,False,+26.4%,True,$5588.1M,True,+140.7%,False,0.4K,True,$31.85 / SMA $28.75,False,0.29%,False,+-9.4%,True,77.3M,False,PNK,False,
RANJY,Randstad N.V.,15.71,2026-06-16T00:33:19.546492+00:00,False,+26.1%,True,$5512.6M,True,+140.7%,False,66.6K,True,$15.71 / SMA $14.57,False,1.94%,False,+-9.4%,False,154.6M,False,PNK,False,
RAYGF,RAYGF,7.88,2026-06-16T00:38:03.999389+00:00,False,+0.0%,,N/A,,N/A,False,3.1K,False,$7.88 / SMA_short $9.07,,N/A,,N/A,,N/A,False,PNK,False,
RBB,RBB Bancorp,25.0,2026-06-16T00:40:00.231483+00:00,False,+56.8%,True,$423.4M,True,+407.7%,False,93.3K,True,$25.00 / SMA $23.56,False,2.35%,False,+22.1%,True,14.3M,True,NMS,False,
RBBN,Ribbon Communications Inc.,2.72,2026-06-16T00:39:48.031763+00:00,False,+51.1%,True,$479.1M,False,+-33.3%,True,946.9K,True,$2.72 / SMA $2.71,True,6.60%,False,+-10.3%,True,90.1M,True,NMS,False,
RBC,RBC Bearings Incorporated,616.95,2026-06-16T00:18:06.099178+00:00,False,+69.9%,True,$19517.4M,True,+25.7%,False,227.1K,True,$616.95 / SMA $588.90,True,3.47%,False,+18.3%,True,28.7M,True,NYQ,False,
RBCAA,"Republic Bancorp, Inc.",85.21,2026-06-16T00:00:00.956333+00:00,False,+33.2%,True,$1671.6M,False,+-9.9%,False,82.1K,True,$85.21 / SMA $77.89,False,2.40%,False,+-11.3%,True,8.9M,True,NMS,False,
RBLX,Roblox Corporation,45.66,2026-06-15T23:54:12.631993+00:00,False,+13.7%,True,$32691.6M,False,+-9.4%,True,10936.1K,False,$45.66 / SMA $49.45,True,5.76%,True,+39.3%,False,644.6M,True,NYQ,False,
RBSPF,NatWest Group plc,8.24,2026-06-16T00:30:50.966291+00:00,False,+33.5%,True,$65592.5M,False,+15.6%,False,16.9K,True,$8.24 / SMA $7.92,True,5.30%,False,+9.5%,False,7932.4M,False,PNK,False,
RBSTF,RBSTF,3.5975,2026-06-16T00:10:06.596269+00:00,False,+1.1%,,,,,False,1.3K,False,$3.60 / SMA_short $4.35,False,1.85%,,,False,342.2M,False,PNK,False,
RCAT,"Red Cat Holdings, Inc.",11.97,2026-06-16T00:24:15.709726+00:00,True,+107.5%,True,$1821.7M,False,+18.5%,True,14710.2K,True,$11.97 / SMA $11.72,True,10.47%,True,+849.1%,True,111.2M,True,NCM,False,
RCBC,River City Bank,42.99,2026-06-16T00:13:43.205052+00:00,False,+27.9%,True,$619.2M,,,False,3.9K,True,$42.99 / SMA $41.30,False,0.31%,,,,,False,OID,False,
RCI,Rogers Communications Inc.,38.86,2026-06-16T00:31:08.930307+00:00,False,+42.9%,True,$20993.2M,True,+60.0%,True,1332.5K,True,$38.86 / SMA $35.82,False,2.25%,False,+10.2%,False,385.1M,True,NYQ,False,
RCIAF,Rogers Communications Inc.,39.0,2026-06-16T00:31:09.276245+00:00,False,+29.9%,True,$21068.8M,True,+60.0%,False,0.1K,True,$39.00 / SMA $36.37,False,0.00%,False,+10.2%,False,385.1M,False,PNK,False,
RCKHF,Rockhopper Exploration plc,0.94,2026-06-16T00:11:57.734273+00:00,False,+44.6%,True,$807.6M,,,False,16.0K,False,$0.94 / SMA $1.09,False,1.30%,,,False,605.0M,False,PNK,False,
RCKT,"Rocket Pharmaceuticals, Inc.",2.86,2026-06-16T00:03:50.878916+00:00,False,+19.2%,True,$312.3M,True,+25.0%,True,3141.7K,False,$2.86 / SMA $3.32,True,6.11%,,,True,87.6M,True,NGM,False,
RCL,Royal Caribbean Cruises Ltd.,313.67,2026-06-16T00:17:40.954119+00:00,False,+35.1%,True,$84124.7M,True,+28.9%,True,2712.5K,True,$313.67 / SMA $271.51,True,4.67%,False,+11.3%,False,254.4M,True,NYQ,False,
RCRRF,"Recruit Holdings Co., Ltd.",69.504,2026-06-16T00:30:48.245013+00:00,True,+79.1%,True,$96759.2M,,N/A,False,21.1K,True,$69.50 / SMA $54.09,False,2.64%,,N/A,False,1368.4M,False,PNK,False,
RCRUY,"Recruit Holdings Co., Ltd.",13.6,2026-06-16T00:30:48.056819+00:00,True,+79.7%,True,$94665.4M,,N/A,True,1099.1K,True,$13.60 / SMA $10.79,True,3.42%,,N/A,False,6842.1M,False,PNK,False,
RCUS,"Arcus Biosciences, Inc.",24.18,2026-06-15T23:58:10.153092+00:00,True,+205.7%,True,$3041.2M,False,+10.5%,True,1163.4K,True,$24.18 / SMA $24.16,True,5.87%,False,+-39.3%,True,89.1M,True,NYQ,False,
RDAG,Republic Digital Acquisition Company,10.36,2026-06-16T00:15:30.642484+00:00,False,+6.1%,True,$388.5M,,,False,41.8K,True,$10.36 / SMA $10.28,False,0.08%,,,True,27.0M,True,NGM,False,
RDAGU,Republic Digital Acquisition Company,10.48,2026-06-16T00:26:45.544809+00:00,False,+1.3%,,,,,False,5.2K,False,$10.48 / SMA $10.49,False,0.00%,,,True,27.0M,True,NGM,False,
RDDT,"Reddit, Inc.",181.88,2026-06-15T23:54:15.994310+00:00,False,+52.5%,True,$35013.5M,True,+676.9%,True,4982.0K,True,$181.88 / SMA $159.42,True,6.89%,True,+69.1%,True,139.6M,True,NYQ,False,
RDEIY,"Redeia Corporación, S.A.",8.75,2026-06-16T00:31:27.348722+00:00,False,+8.3%,True,$9458.9M,,N/A,False,88.8K,True,$8.75 / SMA $8.65,False,1.49%,True,+87.2%,False,811.3M,False,PNK,False,
RDNT,"RadNet, Inc.",57.05,2026-06-16T00:08:18.584024+00:00,False,+12.4%,True,$4486.1M,False,+15.7%,True,805.7K,True,$57.05 / SMA $56.01,True,4.23%,False,+22.1%,True,66.2M,True,NGM,False,
RDW,Redwire Corporation,14.83,2026-06-16T00:09:39.619969+00:00,True,+204.5%,True,$2950.0M,False,+-344.4%,True,37008.0K,True,$14.83 / SMA $13.50,True,14.10%,True,+57.9%,False,195.2M,True,NYQ,False,
RDWR,Radware Ltd.,28.49,2026-06-16T00:11:50.644377+00:00,False,+31.4%,True,$1198.9M,False,+-20.0%,False,252.2K,True,$28.49 / SMA $27.53,True,3.34%,False,+10.8%,True,32.6M,True,NMS,False,
RDY,Dr. Reddy's Laboratories Limited,13.33,2026-06-16T00:06:20.767870+00:00,False,+9.4%,True,$11099.9M,False,+-86.1%,True,2406.3K,False,$13.33 / SMA $13.34,False,1.42%,False,+-11.6%,False,3590.5M,True,NYQ,False,
REAL,"The RealReal, Inc.",11.07,2026-06-16T00:11:53.869778+00:00,True,+135.5%,True,$1333.8M,False,+-113.5%,True,3357.8K,True,$11.07 / SMA $10.43,True,6.23%,False,+18.5%,True,109.9M,True,NMS,False,
REAX,The Real Brokerage Inc.,1.66,2026-06-16T00:40:04.670522+00:00,False,+7.1%,True,$356.3M,False,+0.0%,True,2989.0K,False,$1.66 / SMA $2.06,True,6.53%,True,+31.5%,True,146.3M,True,NCM,False,
REGCP,Regency Centers Corporation,23.29,2026-06-16T00:31:15.490823+00:00,False,+4.2%,,N/A,,N/A,False,4.4K,True,$23.29 / SMA $23.20,False,0.72%,False,+8.3%,False,164.2M,True,NMS,False,
REGMF,"RemeGen Co., Ltd.",12.05,2026-06-15T23:54:36.082511+00:00,True,+138.1%,True,$6791.5M,,,False,0.1K,True,$12.05 / SMA $11.64,False,0.00%,,,False,348.1M,False,PNK,False,
REGN,"Regeneron Pharmaceuticals, Inc.",614.98,2026-06-16T00:05:49.715448+00:00,False,+22.2%,True,$64473.9M,False,+-7.2%,True,878.9K,False,$614.98 / SMA $688.67,False,2.62%,False,+19.0%,True,97.7M,True,NMS,False,
RELX,RELX PLC,32.84,2026-06-16T00:05:50.730499+00:00,False,+19.1%,True,$57767.1M,,,True,2914.8K,False,$32.84 / SMA $34.06,False,2.43%,,,False,7215.4M,True,NYQ,False,
RELY,"Remitly Global, Inc.",19.63,2026-06-15T23:56:27.703722+00:00,False,+62.5%,True,$4133.3M,True,+360.0%,True,4323.7K,False,$19.63 / SMA $20.50,True,4.12%,True,+25.2%,False,185.0M,True,NMS,False,
REMYF,Rémy Cointreau SA,52.44,2026-06-15T23:58:14.980762+00:00,False,+31.1%,True,$2805.1M,,,False,0.2K,True,$52.44 / SMA $46.61,False,0.17%,,,True,21.3M,False,PNK,False,
REMYY,Rémy Cointreau SA,5.12,2026-06-16T00:10:01.730111+00:00,False,+28.6%,True,$2689.9M,,,False,16.9K,True,$5.12 / SMA $4.66,False,1.55%,,,False,212.8M,False,PNK,False,
REPX,"Riley Exploration Permian, Inc.",33.36,2026-06-16T00:37:56.078139+00:00,False,+38.5%,True,$723.8M,False,+-348.5%,False,407.5K,False,$33.36 / SMA $35.98,True,4.75%,False,+11.2%,True,15.9M,True,ASE,False,
REPYF,"Repsol, S.A.",26.85,2026-06-16T00:31:02.349424+00:00,True,+87.5%,True,$29427.8M,True,+720.0%,False,1.0K,True,$26.85 / SMA $25.87,False,0.15%,False,+-42.6%,False,1131.3M,False,OQX,False,
RES,"RPC, Inc.",6.89,2026-06-16T00:35:51.645418+00:00,False,+64.8%,True,$1527.1M,False,+-100.0%,True,2028.6K,False,$6.89 / SMA $7.11,True,4.16%,True,+36.6%,True,86.3M,True,NYQ,False,
REVXF,Revenio Group Oyj,16.41,2026-06-16T00:26:38.706031+00:00,False,+0.0%,True,$477.4M,False,+-62.8%,False,0.0K,False,$16.41 / SMA $22.08,False,0.00%,False,+-10.5%,True,25.2M,False,PNK,False,
REX,REX American Resources Corporation,42.97,2026-06-15T23:59:57.263699+00:00,True,+83.8%,True,$1415.3M,True,+115.4%,False,210.3K,False,$42.97 / SMA $46.80,True,4.32%,False,+-1.2%,True,30.7M,True,NYQ,False,
REYN,Reynolds Consumer Products Inc.,23.43,2026-06-16T00:33:26.616519+00:00,False,+14.6%,True,$4938.3M,True,+86.7%,True,1113.2K,True,$23.43 / SMA $21.60,False,2.08%,False,+7.2%,True,54.2M,True,NMS,False,
REZI,"Resideo Technologies, Inc.",31.62,2026-06-16T00:20:21.570724+00:00,False,+53.1%,True,$4788.1M,True,+950.0%,True,1290.8K,False,$31.62 / SMA $35.02,True,4.59%,False,+8.0%,True,132.9M,True,NYQ,False,
RF,Regions Financial Corporation,28.6,2026-06-16T00:06:04.544706+00:00,False,+33.6%,True,$24406.7M,False,+21.6%,True,11496.4K,True,$28.60 / SMA $27.66,False,2.32%,False,+5.0%,False,849.4M,True,NYQ,False,
RFAFF,RFAFF,19.9,2026-06-16T00:37:52.585899+00:00,True,+98.8%,,N/A,,N/A,False,9.8K,True,$19.90 / SMA_short $16.98,,N/A,,N/A,True,24.7M,False,OQX,False,
RGA,"Reinsurance Group of America, Incorporated",210.39,2026-06-16T00:06:15.986468+00:00,False,+27.1%,True,$13783.3M,False,+16.6%,False,337.4K,True,$210.39 / SMA $207.72,False,2.12%,False,+22.4%,True,65.2M,True,NYQ,False,
RGLD,"Royal Gold, Inc.",215.52,2026-06-16T00:31:10.194879+00:00,False,+43.0%,True,$18290.5M,True,+91.9%,True,944.3K,False,$215.52 / SMA $235.88,True,3.19%,True,+142.5%,True,84.6M,True,NMS,False,
RGLSF,Regulus Resources Inc.,2.86,2026-06-16T00:26:51.760364+00:00,True,+81.0%,True,$359.1M,,,False,3.1K,False,$2.86 / SMA $2.93,False,2.09%,,,True,84.3M,False,OQX,False,
RGLXY,RTL Group S.A.,3.97,2026-06-16T00:08:11.317222+00:00,False,+22.5%,True,$6143.3M,,,False,0.6K,True,$3.97 / SMA $3.85,True,3.29%,,,False,378.2M,False,PNK,False,
RGNX,REGENXBIO Inc.,7.07,2026-06-16T00:40:15.031487+00:00,False,+29.6%,True,$365.5M,False,+-1533.3%,True,1220.4K,False,$7.07 / SMA $8.02,True,7.65%,False,+-92.8%,True,43.0M,True,NMS,False,
RGR,"Sturm, Ruger & Company, Inc.",38.41,2026-06-16T00:01:56.569518+00:00,False,+35.6%,True,$612.4M,False,+-97.8%,False,148.4K,False,$38.41 / SMA $40.38,False,2.28%,False,+4.1%,True,14.0M,True,NYQ,False,
RGRNF,Regis Resources Limited,3.97,2026-06-16T00:09:40.404387+00:00,False,+69.7%,True,$3006.3M,,,False,4.0K,False,$3.97 / SMA $4.89,False,2.35%,,,False,746.0M,False,PNK,False,
RGTI,"Rigetti Computing, Inc.",22.7,2026-06-16T00:06:27.229333+00:00,True,+120.4%,True,$7545.5M,False,+-146.2%,True,39929.0K,True,$22.70 / SMA $19.43,True,11.73%,True,+198.9%,False,327.6M,True,NCM,False,
RHHBF,Roche Holding AG,419.8,2026-06-16T00:05:42.150797+00:00,False,+41.8%,True,$334000.3M,,,False,0.1K,True,$419.80 / SMA $418.95,False,2.41%,,,False,652.9M,False,OQX,False,
RHLD,"Resolute Holdings Management, Inc.",131.7,2026-06-16T00:11:58.188887+00:00,True,+355.5%,True,$1087.5M,True,+1943.6%,False,196.4K,True,$131.70 / SMA $128.82,True,6.48%,True,+292.5%,True,3.4M,True,NYQ,False,
RHP,"Ryman Hospitality Properties, Inc.",122.47,2026-06-15T23:56:14.744407+00:00,False,+46.1%,True,$7729.0M,False,+3.0%,True,568.0K,True,$122.47 / SMA $108.41,False,2.40%,False,+13.2%,True,61.1M,True,NYQ,False,
RHUHF,Richelieu Hardware Ltd.,28.14,2026-06-15T23:59:58.274845+00:00,False,+20.1%,True,$1547.4M,False,+4.0%,False,3.2K,False,$28.14 / SMA $28.51,False,0.08%,False,+5.0%,True,50.5M,False,PNK,False,
RIGL,"Rigel Pharmaceuticals, Inc.",33.42,2026-06-16T00:13:46.558304+00:00,True,+84.2%,True,$618.3M,False,+-30.2%,False,362.3K,True,$33.42 / SMA $29.94,True,4.63%,False,+10.3%,True,15.9M,True,NMS,False,
RILYL,"BRC Group Holdings, Inc.",16.56,2026-06-16T00:26:43.741934+00:00,True,+835.6%,,,,,False,12.8K,True,$16.56 / SMA $14.80,True,4.77%,True,+78.0%,True,24.9M,True,NGM,False,
RILYP,"BRC Group Holdings, Inc.",16.4999,2026-06-16T00:40:00.874115+00:00,True,+853.8%,,N/A,,N/A,False,17.8K,True,$16.50 / SMA $14.39,True,3.93%,True,+78.0%,True,24.9M,True,NGM,False,
RIO,Rio Tinto Group,105.89,2026-06-15T23:53:59.686129+00:00,True,+90.3%,True,$172203.8M,,,True,2714.0K,True,$105.89 / SMA $102.42,False,2.10%,,,False,1431.3M,True,NYQ,False,
RIOCF,RioCan Real Estate Investment Trust,16.55,2026-06-16T00:20:19.643892+00:00,False,+35.9%,True,$4818.0M,True,+214.3%,False,9.5K,True,$16.55 / SMA $15.50,False,1.83%,False,+-9.4%,False,289.3M,False,PNK,False,
RITM,Rithm Capital Corp.,9.19,2026-06-16T00:20:16.921683+00:00,False,+9.0%,True,$5130.8M,True,+71.4%,True,8326.1K,False,$9.19 / SMA $9.58,False,1.95%,True,+80.9%,False,555.8M,True,NYQ,False,
RITPF,RIT Capital Partners Plc,29.0,2026-06-16T00:20:23.859231+00:00,False,+13.7%,True,$3930.2M,,,False,0.0K,False,$29.00 / SMA $30.50,False,0.00%,,,True,126.9M,False,PNK,False,
RIVN,"Rivian Automotive, Inc.",16.68,2026-06-16T00:31:10.694827+00:00,False,+44.2%,True,$22399.0M,True,+31.2%,True,29510.4K,True,$16.68 / SMA $15.57,True,6.46%,False,+11.4%,False,784.5M,True,NMS,False,
RJET,Republic Airways Holdings Inc.,18.43,2026-06-16T00:24:17.268314+00:00,False,+36.5%,True,$863.1M,,,False,170.1K,False,$18.43 / SMA $19.81,True,8.26%,,,True,9.5M,True,NMS,False,
RJF,"Raymond James Financial, Inc.",154.71,2026-06-16T00:31:01.608468+00:00,False,+11.4%,True,$30150.4M,False,+15.3%,True,1375.1K,True,$154.71 / SMA $151.65,False,2.48%,False,+13.3%,False,174.2M,True,NYQ,False,
RKGRY,RKGRY,11.09,2026-06-16T00:20:12.753289+00:00,False,+10.5%,True,$5545.0M,True,+1400.0%,False,0.4K,False,$11.09 / SMA $11.82,False,0.24%,False,+4.0%,False,350.8M,False,PNK,False,
RKLB,Rocket Lab Corporation,109.25,2026-06-16T00:30:48.792871+00:00,True,+326.8%,True,$68261.4M,True,+41.7%,True,26617.7K,True,$109.25 / SMA $101.57,True,8.96%,True,+63.5%,False,534.4M,True,NMS,False,
RKUNF,"Rakuten Group, Inc.",4.6208,2026-06-15T23:54:33.577808+00:00,False,+14.1%,True,$10044.2M,,,False,1.9K,False,$4.62 / SMA $4.81,False,2.35%,,,False,1095.0M,False,PNK,False,
RKWBF,Rockwool A/S,32.2,2026-06-16T00:20:11.817539+00:00,False,+17.1%,True,$6656.8M,False,+-180.0%,False,0.1K,True,$32.20 / SMA $28.41,False,0.00%,False,+0.0%,False,161.4M,False,PNK,False,
RL,Ralph Lauren Corporation,412.36,2026-06-16T00:18:00.471062+00:00,False,+59.0%,True,$24542.2M,False,+20.7%,True,667.2K,True,$412.36 / SMA $366.02,True,3.26%,False,+16.6%,True,37.2M,True,NYQ,False,
RLAY,"Relay Therapeutics, Inc.",14.96,2026-06-16T00:22:12.605598+00:00,True,+402.0%,True,$3260.4M,False,+10.9%,True,3707.1K,True,$14.96 / SMA $14.05,True,8.23%,False,+-60.9%,True,136.0M,True,NGM,False,
RLI,RLI Corp.,53.59,2026-06-16T00:08:15.847542+00:00,False,+13.4%,True,$4927.0M,False,+-12.2%,True,854.2K,True,$53.59 / SMA $51.50,False,2.69%,False,+4.0%,True,81.6M,True,NYQ,False,
RLLCF,Rolls-Royce Holdings plc,0.0015,2026-06-16T00:30:44.451855+00:00,False,+0.0%,,N/A,,N/A,True,2035.9K,False,$0.00 / SMA $0.00,True,16.27%,,N/A,False,8177.5M,False,PNK,False,
RLX,RLX Technology Inc.,2.01,2026-06-16T00:22:13.977756+00:00,False,+2.6%,True,$2456.7M,True,+27.1%,True,2556.2K,False,$2.01 / SMA $2.11,True,4.00%,True,+107.4%,False,514.0M,True,NYQ,False,
RM,Regional Management Corp.,36.77,2026-06-16T00:03:50.416008+00:00,False,+36.3%,True,$338.6M,True,+68.6%,False,59.0K,True,$36.77 / SMA $36.17,True,3.50%,False,+8.4%,True,6.5M,True,NYQ,False,
RMAX,"RE/MAX Holdings, Inc.",9.38,2026-06-16T00:15:40.203957+00:00,True,+71.8%,True,$516.1M,False,+-380.0%,True,697.2K,True,$9.38 / SMA $8.65,True,4.32%,False,+-5.7%,True,19.4M,True,NYQ,False,
RMD,ResMed Inc.,192.74,2026-06-16T00:05:59.116302+00:00,False,+6.9%,True,$27958.2M,False,+10.5%,True,1294.6K,False,$192.74 / SMA $208.96,False,2.69%,False,+10.8%,True,144.2M,True,NYQ,False,
RMIX,"Suncrete, Inc.",22.76,2026-06-16T00:24:15.948142+00:00,True,+147.4%,True,$2198.9M,,,False,395.9K,True,$22.76 / SMA $15.87,True,7.79%,,,True,69.2M,True,NGM,False,
RMLFF,Rusoro Mining Ltd.,0.825,2026-06-16T00:39:46.115556+00:00,False,+37.5%,True,$523.9M,False,+-50.0%,False,65.5K,True,$0.82 / SMA $0.81,False,2.33%,,N/A,False,399.5M,False,PNK,False,
RMNI,"Rimini Street, Inc.",4.17,2026-06-16T00:26:55.152621+00:00,False,+45.3%,True,$386.0M,False,+-75.0%,False,395.4K,True,$4.17 / SMA $3.73,True,3.99%,False,+1.2%,True,40.1M,True,NGM,False,
RMRDF,Radisson Mining Resources Inc.,0.61,2026-06-16T00:03:51.144635+00:00,True,+131.4%,False,$274.8M,True,+100.0%,False,455.7K,False,$0.61 / SMA $0.74,True,7.21%,,,False,405.6M,False,OQX,False,
RMSYF,Ramsay Health Care Limited,25.0,2026-06-15T23:56:21.448902+00:00,False,+25.0%,True,$5770.7M,,,False,0.0K,True,$25.00 / SMA $24.87,False,0.00%,,,False,182.4M,False,PNK,False,
RMTHF,Matrix IT Ltd.,26.27,2026-06-15T23:58:11.336057+00:00,False,+9.4%,True,$2431.0M,False,+8.3%,False,3.2K,False,$26.27 / SMA $29.32,True,8.24%,False,+2.4%,True,61.9M,False,PNK,False,
RMVEY,RMVEY,11.41,2026-06-16T00:08:17.564014+00:00,False,+7.7%,True,$4245.8M,,,False,52.9K,False,$11.41 / SMA $11.49,False,2.42%,,,False,374.4M,False,PNK,False,
RNDOF,Round One Corporation,6.2,2026-06-16T00:35:49.733837+00:00,False,+17.2%,True,$1629.8M,,N/A,False,0.1K,True,$6.20 / SMA $5.81,False,0.26%,,N/A,False,168.0M,False,PNK,False,
RNECF,Renesas Electronics Corporation,27.74,2026-06-15T23:54:09.792437+00:00,True,+177.4%,True,$50328.5M,,,False,9.0K,True,$27.74 / SMA $21.98,True,3.49%,,,False,1663.4M,False,PNK,False,
RNECY,Renesas Electronics Corporation,13.9,2026-06-15T23:54:09.357530+00:00,True,+152.7%,True,$50437.4M,,,True,902.9K,True,$13.90 / SMA $11.04,True,4.48%,,,False,3326.8M,False,PNK,False,
RNG,"RingCentral, Inc.",38.32,2026-06-16T00:20:26.964617+00:00,False,+62.4%,True,$3213.5M,True,+418.2%,True,1689.5K,False,$38.32 / SMA $41.23,True,5.68%,False,+5.3%,True,72.8M,True,NYQ,False,
RNGR,"Ranger Energy Services, Inc.",15.58,2026-06-16T00:15:30.967440+00:00,False,+39.9%,True,$370.2M,True,+300.0%,False,245.7K,False,$15.58 / SMA $16.52,True,3.66%,False,+17.7%,True,18.7M,True,NYQ,False,
RNGTU,Range Capital Acquisition Corp II,10.5,2026-06-16T00:15:40.647791+00:00,False,+5.0%,,,,,False,0.1K,True,$10.50 / SMA $10.21,False,0.01%,,,True,21.5M,True,NGM,False,
RNKGF,RNKGF,55.39,2026-06-16T00:20:16.491541+00:00,False,+7.0%,True,$5641.4M,True,+1400.0%,False,0.3K,False,$55.39 / SMA $59.19,False,0.05%,False,+4.0%,True,70.2M,False,PNK,False,
RNR,RenaissanceRe Holdings Ltd.,297.38,2026-06-15T23:54:29.826646+00:00,False,+28.6%,True,$12678.2M,True,+100.9%,False,348.9K,False,$297.38 / SMA $299.04,False,2.33%,False,+-37.0%,True,41.6M,True,NYQ,False,
ROAD,"Construction Partners, Inc.",120.28,2026-06-16T00:08:07.327076+00:00,False,+29.0%,True,$6800.0M,True,+100.0%,True,560.4K,True,$120.28 / SMA $118.20,True,4.79%,True,+34.6%,True,47.4M,True,NMS,False,
ROHCF,"ROHM Co., Ltd.",31.24,2026-06-15T23:54:33.236321+00:00,True,+239.6%,True,$12059.7M,,,False,0.4K,True,$31.24 / SMA $25.49,False,0.16%,,,False,374.5M,False,PNK,False,
ROHCY,"ROHM Co., Ltd.",29.75,2026-06-15T23:54:31.851985+00:00,True,+166.1%,True,$11484.5M,,,False,2.4K,True,$29.75 / SMA $26.02,False,1.23%,,,False,374.5M,False,PNK,False,
ROIV,Roivant Sciences Ltd.,30.03,2026-06-16T00:06:07.559569+00:00,True,+180.5%,True,$21599.7M,True,+196.6%,True,5625.5K,True,$30.03 / SMA $28.95,True,3.62%,False,+-66.7%,False,545.5M,True,NMS,False,
ROKOF,ROKOF,210.6,2026-06-16T00:09:59.385331+00:00,False,+29.7%,,,,,False,0.2K,True,$210.60 / SMA_short $186.33,,,,,True,7.0M,False,PNK,False,
ROL,"Rollins, Inc.",46.9,2026-06-15T23:54:17.016853+00:00,False,+5.6%,True,$22580.6M,False,+0.0%,True,3429.2K,False,$46.90 / SMA $52.32,False,2.55%,False,+10.2%,False,309.1M,True,NYQ,False,
ROMA,Roma Green Finance Limited,7.67,2026-06-16T00:26:37.552044+00:00,True,+561.2%,True,$456.9M,,,False,174.8K,True,$7.67 / SMA $6.58,True,11.66%,,,True,40.4M,True,NCM,False,
ROP,"Roper Technologies, Inc.",332.45,2026-06-16T00:17:52.391718+00:00,False,+8.7%,True,$33550.0M,True,+59.2%,True,1176.9K,False,$332.45 / SMA $342.05,False,2.81%,False,+11.3%,True,100.4M,True,NMS,False,
ROST,"Ross Stores, Inc.",236.77,2026-06-16T00:30:49.147705+00:00,True,+90.2%,True,$75951.3M,True,+37.4%,True,2792.6K,True,$236.77 / SMA $224.91,False,2.58%,False,+20.6%,False,313.1M,True,NMS,False,
ROYUY,Royal Unibrew A/S,6.85,2026-06-16T00:33:43.370020+00:00,False,+0.0%,True,$3292.4M,True,+40.0%,False,0.0K,True,$6.85 / SMA_short $6.85,False,0.00%,False,+3.3%,False,487.4M,False,PNK,False,
RPAY,Repay Holdings Corporation,3.37,2026-06-16T00:15:42.099914+00:00,False,+46.5%,False,$296.9M,False,+-33.3%,True,1471.5K,False,$3.37 / SMA $3.51,True,5.43%,False,+4.5%,True,46.4M,True,NCM,False,
RPC,"Ridgepost Capital, Inc",8.42,2026-06-16T00:00:18.246330+00:00,False,+24.0%,True,$921.8M,True,+100.0%,True,600.8K,True,$8.42 / SMA $7.98,True,3.51%,False,+10.9%,True,62.5M,True,NYQ,False,
RPD,"Rapid7, Inc.",7.17,2026-06-16T00:26:33.693924+00:00,False,+44.3%,True,$479.2M,False,+-33.3%,True,2228.5K,True,$7.17 / SMA $6.58,True,6.99%,False,+-0.3%,True,58.8M,True,NGM,False,
RPGRY,REA Group Limited,25.22,2026-06-16T00:06:15.903827+00:00,False,+1.0%,True,$13227.5M,,,False,90.1K,False,$25.22 / SMA $29.09,True,4.42%,,,False,197.4M,False,PNK,False,
RPM,RPM International Inc.,108.85,2026-06-16T00:18:13.512192+00:00,False,+17.1%,True,$13941.0M,False,+0.0%,True,934.3K,True,$108.85 / SMA $103.41,False,2.77%,False,+8.9%,True,125.9M,True,NYQ,False,
RPRX,Royalty Pharma plc,54.27,2026-06-16T00:17:53.399056+00:00,False,+59.2%,True,$31250.4M,True,+28.6%,True,3641.9K,True,$54.27 / SMA $51.51,False,2.24%,False,+11.0%,False,410.3M,True,NMS,False,
RQI,"Cohen & Steers Quality Income Realty Fund, Inc.",12.82,2026-06-16T00:35:44.528859+00:00,False,+13.5%,True,$1723.4M,,N/A,False,404.0K,False,$12.82 / SMA $12.97,False,1.73%,,N/A,,N/A,True,NYQ,False,
RRBI,"Red River Bancshares, Inc.",89.8,2026-06-16T00:26:20.989282+00:00,False,+60.2%,True,$591.3M,False,+19.1%,False,76.8K,False,$89.80 / SMA $91.61,False,2.77%,False,+10.1%,True,5.1M,True,NMS,False,
RRC,Range Resources Corporation,37.46,2026-06-16T00:18:23.173948+00:00,False,+14.9%,True,$8826.4M,True,+260.0%,True,3183.1K,False,$37.46 / SMA $41.16,False,2.63%,True,+26.1%,False,232.4M,True,NYQ,False,
RREVU,RRE Ventures Acquisition Corp.,10.045,2026-06-16T00:40:13.860112+00:00,False,+0.9%,,N/A,,N/A,False,246.2K,True,$10.04 / SMA_short $10.00,False,0.21%,,N/A,,N/A,True,NGM,False,
RRR,"Red Rock Resorts, Inc.",61.13,2026-06-15T23:56:20.542327+00:00,False,+27.1%,True,$6193.9M,False,+-2.7%,True,933.8K,True,$61.13 / SMA $55.81,True,3.34%,False,+1.9%,True,47.6M,True,NMS,False,
RRX,Regal Rexnord Corporation,218.85,2026-06-15T23:54:28.480309+00:00,True,+71.0%,True,$14568.8M,False,+11.6%,True,1078.1K,True,$218.85 / SMA $206.72,True,4.61%,False,+4.3%,True,66.2M,True,NYQ,False,
RS,"Reliance, Inc.",405.92,2026-06-16T00:06:10.695953+00:00,False,+55.9%,True,$20721.6M,True,+36.4%,False,317.8K,True,$405.92 / SMA $361.23,False,2.53%,False,+15.5%,True,50.8M,True,NYQ,False,
RSG,"Republic Services, Inc.",208.09,2026-06-15T23:54:06.129800+00:00,False,+5.9%,True,$64021.8M,False,+7.6%,True,1702.0K,False,$208.09 / SMA $208.21,False,1.89%,False,+2.6%,False,306.9M,True,NYQ,False,
RSHGY,RSHGY,27.03,2026-06-15T23:54:14.057976+00:00,False,+59.1%,True,$30386.5M,,,False,242.9K,True,$27.03 / SMA $25.15,False,2.63%,,,False,1126.2M,False,PNK,False,
RSHPF,Irish Residential Properties REIT Plc,1.16,2026-06-16T00:26:17.352980+00:00,False,+11.5%,True,$617.8M,,,False,0.7K,False,$1.16 / SMA $1.18,False,0.00%,,,False,522.7M,False,PNK,False,
RSI,"Rush Street Interactive, Inc.",30.12,2026-06-15T23:56:17.610475+00:00,True,+125.3%,True,$6975.0M,True,+60.0%,True,1925.2K,True,$30.12 / SMA $25.80,True,3.54%,True,+41.1%,True,95.5M,True,NYQ,True,
RSKD,Riskified Ltd.,4.95,2026-06-16T00:24:33.990325+00:00,False,+33.8%,True,$713.0M,True,+66.7%,True,894.8K,True,$4.95 / SMA $4.63,True,3.61%,False,+7.1%,True,58.4M,True,NYQ,False,
RSMDF,ResMed Inc.,16.99,2026-06-16T00:17:54.380849+00:00,False,+43.4%,True,$24645.1M,False,+10.5%,False,0.1K,False,$16.99 / SMA $20.48,False,0.00%,False,+10.8%,False,576.6M,False,PNK,False,
RSNHF,"Resona Holdings, Inc.",13.4,2026-06-16T00:31:01.199186+00:00,False,+53.5%,True,$30127.9M,,N/A,False,94.3K,True,$13.40 / SMA $12.42,True,9.69%,,N/A,False,2252.4M,False,PNK,False,
RSTCF,"RS Technologies Co., Ltd.",40.0,2026-06-16T00:11:56.078275+00:00,False,+3.1%,True,$1063.9M,,,False,0.2K,False,$40.00 / SMA_short $41.46,False,0.37%,,,True,12.8M,False,PNK,False,
RSVR,"Reservoir Media, Inc.",10.21,2026-06-16T00:38:02.766085+00:00,False,+44.4%,True,$670.4M,True,+75.0%,False,78.3K,True,$10.21 / SMA $10.11,True,4.55%,False,+14.7%,True,14.0M,True,NGM,False,
RTAC,Renatus Tactical Acquisition Corp I,10.42,2026-06-16T00:26:57.472221+00:00,False,+1.6%,True,$397.8M,,,False,115.9K,True,$10.42 / SMA $10.38,False,0.40%,,,True,24.1M,True,NGM,False,
RTACU,Renatus Tactical Acquisition Corp I,10.76,2026-06-16T00:15:39.278087+00:00,False,+3.5%,,,,,False,10.3K,True,$10.76 / SMA $10.68,False,0.57%,,,True,24.1M,True,NGM,False,
RTLLF,RATIONAL Aktiengesellschaft,790.64,2026-06-15T23:54:38.687208+00:00,False,+13.6%,True,$9091.3M,,,False,0.0K,True,$790.64 / SMA $767.63,False,0.00%,False,+-0.1%,True,6.0M,False,PNK,False,
RTNTF,Rio Tinto Group,128.0,2026-06-16T00:30:42.493430+00:00,True,+101.4%,True,$208155.4M,,N/A,False,0.2K,True,$128.00 / SMA $125.07,False,0.23%,,N/A,False,1431.3M,False,PNK,False,
RTO,Rentokil Initial plc,30.19,2026-06-16T00:06:13.949514+00:00,False,+32.9%,True,$15193.1M,,,True,1031.7K,False,$30.19 / SMA $32.25,False,1.50%,,,False,490.3M,True,NYQ,False,
RTOXF,Rotork plc,4.064,2026-06-16T00:22:06.146012+00:00,False,+9.8%,True,$3305.9M,,,False,1.3K,False,$4.06 / SMA $4.21,False,0.00%,,,False,817.6M,False,PNK,False,
RTWFF,RTW Biotech Opportunities Ltd,2.25,2026-06-16T00:13:39.002317+00:00,True,+108.3%,,,,,False,1.0K,True,$2.25 / SMA $2.10,False,0.00%,,,,,False,PNK,False,
RTX,RTX Corporation,183.64,2026-06-15T23:53:58.811062+00:00,False,+30.7%,True,$247304.9M,True,+32.5%,True,5298.8K,True,$183.64 / SMA $181.68,False,2.30%,False,+8.7%,False,1251.7M,True,NYQ,False,
RUM,Rumble Inc.,7.75,2026-06-15T23:57:46.837858+00:00,False,+67.7%,True,$1677.1M,False,+-1100.0%,True,3028.0K,True,$7.75 / SMA $7.27,True,9.94%,False,+7.4%,True,87.7M,True,NGM,False,
RUN,Sunrun Inc.,12.47,2026-06-16T00:33:39.178247+00:00,True,+131.8%,True,$2974.7M,True,+210.0%,True,8437.1K,False,$12.47 / SMA $13.51,True,6.63%,True,+43.2%,False,219.9M,True,NMS,False,
RUSHB,"Rush Enterprises, Inc.",70.75,2026-06-16T00:33:19.831163+00:00,False,+48.3%,True,$5498.1M,False,+5.5%,False,72.5K,True,$70.75 / SMA $68.97,False,2.75%,False,+-9.0%,True,68.3M,True,NMS,False,
RUSMF,Russel Metals Inc.,44.25,2026-06-16T00:10:02.675994+00:00,False,+59.3%,True,$2429.8M,True,+176.6%,False,10.8K,True,$44.25 / SMA $40.23,False,0.30%,True,+36.5%,True,54.5M,False,PNK,False,
RVI,Robinhood Ventures Fund I,40.62,2026-06-16T00:13:38.881510+00:00,True,+93.4%,True,$1106.8M,,,True,776.3K,True,$40.62 / SMA $38.67,True,12.54%,,,,,True,NYQ,False,
RVLV,"Revolve Group, Inc.",20.77,2026-06-16T00:00:00.977120+00:00,False,+19.7%,True,$1486.2M,True,+25.0%,True,1088.1K,False,$20.77 / SMA $22.11,True,4.37%,False,+15.6%,True,41.1M,True,NYQ,False,
RVMD,"Revolution Medicines, Inc.",160.06,2026-06-16T00:05:57.919861+00:00,True,+370.8%,True,$34028.2M,False,+-102.7%,True,3082.7K,True,$160.06 / SMA $142.72,True,4.21%,,,False,194.2M,True,NMS,False,
RWEOY,RWE Aktiengesellschaft,66.49,2026-06-15T23:54:08.690913+00:00,False,+69.8%,True,$48249.7M,False,+-97.2%,False,75.8K,False,$66.49 / SMA $67.12,False,1.24%,False,+-32.8%,False,636.4M,False,PNK,False,
RWNFF,RWE Aktiengesellschaft,67.5,2026-06-16T00:17:45.073241+00:00,True,+72.8%,True,$49455.7M,False,+-97.2%,False,3.6K,True,$67.50 / SMA $66.85,False,1.49%,False,+-32.8%,False,636.4M,False,PNK,False,
RWSPF,RWS Holdings plc,1.505,2026-06-16T00:13:49.604213+00:00,False,+56.8%,True,$558.6M,,,False,0.1K,True,$1.50 / SMA $1.23,False,0.00%,,,False,205.6M,False,PNK,False,
RWT,"Redwood Trust, Inc.",5.23,2026-06-16T00:01:51.521019+00:00,False,+4.6%,True,$654.9M,False,+-170.0%,True,1309.5K,False,$5.23 / SMA $5.52,False,2.43%,False,+-24.0%,True,122.8M,True,NYQ,False,
RWWI,"Rand Worldwide, Inc.",13.8,2026-06-16T00:26:31.391709+00:00,False,+6.1%,True,$463.8M,,,False,3.3K,False,$13.80 / SMA $14.88,False,2.61%,,,,,False,PNK,False,
RXEEY,Rexel S.A.,41.7,2026-06-16T00:31:18.659158+00:00,False,+49.3%,True,$12239.0M,,N/A,False,19.2K,False,$41.70 / SMA $42.06,False,2.57%,,N/A,False,233.2M,False,PNK,False,
RXO,"RXO, Inc.",27.71,2026-06-16T00:20:24.693513+00:00,True,+165.8%,True,$4569.9M,False,+-16.7%,True,2332.2K,True,$27.71 / SMA $21.52,True,6.57%,False,+-0.6%,True,125.4M,True,NYQ,False,
RXT,"Rackspace Technology, Inc.",5.915,2026-06-16T00:11:55.783796+00:00,True,+1405.1%,True,$1474.2M,True,+109.7%,True,19675.9K,True,$5.92 / SMA $3.45,True,18.17%,False,+1.9%,True,102.3M,True,NMS,False,
RY,Royal Bank of Canada,199.07,2026-06-16T00:30:41.224324+00:00,False,+58.0%,True,$276640.1M,True,+27.5%,True,1520.3K,True,$199.07 / SMA $182.61,False,1.48%,False,+11.3%,False,1388.5M,True,NYQ,False,
RYAAY,Ryanair Holdings plc,61.87,2026-06-15T23:54:15.364970+00:00,False,+16.4%,True,$32204.4M,,,True,1517.8K,True,$61.87 / SMA $58.13,False,2.79%,False,+9.4%,False,450.4M,True,NMS,False,
RYAM,Rayonier Advanced Materials Inc.,9.08,2026-06-16T00:26:23.111617+00:00,True,+171.0%,True,$612.3M,False,+-149.0%,True,984.4K,False,$9.08 / SMA $9.15,True,4.43%,False,+-9.5%,True,54.2M,True,NYQ,False,
RYAN,"Ryan Specialty Holdings, Inc.",35.34,2026-06-16T00:06:27.584026+00:00,False,+20.7%,True,$9328.9M,True,+159.1%,True,2458.1K,True,$35.34 / SMA $33.47,True,4.73%,False,+15.2%,True,113.6M,True,NYQ,False,
RYBIF,Ryobi Limited,17.7,2026-06-16T00:13:46.144313+00:00,False,+18.0%,True,$563.0M,,,False,0.0K,True,$17.70 / SMA $16.71,False,0.23%,,,True,27.9M,False,PNK,False,
RYCEF,Rolls-Royce Holdings plc,17.5,2026-06-15T23:54:00.488679+00:00,False,+49.6%,True,$145089.2M,,,False,101.8K,True,$17.50 / SMA $16.47,True,4.35%,,,False,8177.5M,False,PNK,False,
RYCEY,Rolls-Royce Holdings plc,17.6,2026-06-16T00:17:33.425936+00:00,False,+48.1%,True,$145918.3M,,,True,3266.7K,True,$17.60 / SMA $16.57,False,2.23%,,,False,8177.5M,False,PNK,False,
RYKKY,"Ryohin Keikaku Co., Ltd.",11.69,2026-06-16T00:06:18.516034+00:00,False,+33.4%,True,$12439.2M,,,False,4.6K,True,$11.69 / SMA $11.49,True,5.46%,,,False,240.1M,False,PNK,False,
RYLPF,Koninklijke Philips N.V.,25.808,2026-06-15T23:54:16.655180+00:00,False,+15.8%,True,$25084.9M,True,+100.0%,False,1.4K,False,$25.81 / SMA $27.04,False,0.07%,False,+-4.7%,False,951.2M,False,PNK,False,
RYN,Rayonier Inc.,21.54,2026-06-16T00:08:08.210531+00:00,False,+10.5%,True,$6514.3M,False,+-150.0%,True,2532.6K,True,$21.54 / SMA $20.86,False,2.34%,True,+233.8%,False,281.8M,True,NYQ,False,
RYSKF,Reysas Tasimacilik ve Lojistik Ticaret A.S.,0.54,2026-06-16T00:24:29.282976+00:00,True,+75.0%,True,$1080.0M,True,+189.7%,False,14.6K,True,$0.54 / SMA $0.48,False,0.61%,False,+8.9%,False,492.2M,False,PNK,False,
RYZ,Ryerson Holding Corporation,29.02,2026-06-16T00:24:09.948968+00:00,False,+52.6%,True,$1505.8M,True,+155.6%,False,437.5K,True,$29.02 / SMA $26.27,True,3.94%,True,+37.9%,True,41.7M,True,NYQ,False,
RZLT,"Rezolute, Inc.",4.33,2026-06-16T00:40:18.543217+00:00,True,+304.7%,True,$416.9M,True,+40.7%,True,2177.5K,True,$4.33 / SMA $3.48,True,8.76%,,N/A,True,66.0M,True,NCM,True,
RZLV,Rezolve AI PLC,2.78,2026-06-16T00:24:20.062931+00:00,False,+44.8%,True,$1108.7M,,,True,17371.3K,True,$2.78 / SMA $2.61,True,7.13%,,,False,195.4M,True,NGM,False,
RZSMF,RCS MediaGroup S.p.A.,1.07,2026-06-16T00:26:26.402724+00:00,False,+18.9%,True,$554.3M,True,+33.4%,False,0.4K,True,$1.07 / SMA $1.05,False,0.00%,False,+0.4%,False,164.8M,False,PNK,False,
S,"SentinelOne, Inc.",15.19,2026-06-16T00:33:10.782911+00:00,False,+28.6%,True,$5207.2M,True,+63.5%,True,8417.8K,False,$15.19 / SMA $15.46,True,5.05%,False,+20.8%,False,307.6M,True,NYQ,False,
SAABF,Saab AB (publ),55.68,2026-06-16T00:05:58.900965+00:00,False,+18.4%,True,$30072.9M,False,+-0.4%,False,3.0K,False,$55.68 / SMA $59.78,False,1.87%,False,+-8.1%,False,372.6M,False,PNK,False,
SAABY,Saab AB (publ),27.59,2026-06-16T00:31:00.753346+00:00,False,+18.5%,True,$29762.3M,False,+-0.4%,False,122.6K,False,$27.59 / SMA $30.02,False,2.88%,False,+-8.1%,False,745.2M,False,PNK,False,
SABR,Sabre Corporation,1.74,2026-06-16T00:13:43.043694+00:00,True,+114.8%,True,$687.8M,False,+-77.8%,True,5902.0K,True,$1.74 / SMA $1.73,True,6.84%,False,+8.3%,False,262.2M,True,NMS,False,
SAC,Safeguard Acquisition Corp.,10.01,2026-06-16T00:40:18.318695+00:00,False,+1.1%,True,$314.0M,,N/A,False,57.7K,False,$10.01 / SMA $10.04,False,0.21%,,N/A,True,21.4M,True,NYQ,False,
SAEYY,Redcare Pharmacy NV,5.5,2026-06-16T00:37:47.951667+00:00,False,+53.2%,True,$1128.4M,,N/A,False,0.4K,False,$5.50 / SMA $5.74,False,0.00%,False,+17.8%,True,138.2M,False,PNK,False,
SAFE,Safehold Inc.,15.69,2026-06-16T00:00:11.337215+00:00,False,+23.0%,True,$1123.6M,False,+-2.4%,False,364.4K,True,$15.69 / SMA $15.12,False,2.51%,False,+13.5%,True,55.4M,True,NYQ,False,
SAFRF,Safran SA,359.0,2026-06-16T00:05:44.978880+00:00,False,+22.0%,True,$149144.9M,,,False,5.2K,True,$359.00 / SMA $338.65,False,2.58%,,,False,314.6M,False,PNK,False,
SAFRY,Safran SA,88.27,2026-06-16T00:05:45.038846+00:00,False,+19.7%,True,$146685.4M,,,False,310.6K,True,$88.27 / SMA $83.92,False,2.06%,,,False,1258.5M,False,PNK,False,
SAFT,"Safety Insurance Group, Inc.",71.46,2026-06-16T00:00:10.602215+00:00,False,+6.6%,True,$1049.3M,False,+-166.9%,False,97.5K,False,$71.46 / SMA $72.27,False,2.07%,False,+3.8%,True,14.3M,True,NMS,False,
SAH,"Sonic Automotive, Inc.",83.71,2026-06-16T00:35:29.458611+00:00,False,+54.7%,True,$2645.6M,False,+-12.3%,False,292.5K,True,$83.71 / SMA $76.11,True,3.57%,False,+1.0%,True,11.9M,True,NYQ,False,
SAIA,"Saia, Inc.",474.19,2026-06-16T00:31:19.503680+00:00,True,+90.2%,True,$12614.4M,False,+0.0%,False,454.8K,True,$474.19 / SMA $444.26,True,4.36%,False,+2.4%,True,26.5M,True,NMS,False,
SAIC,Science Applications International Corporation,109.39,2026-06-16T00:33:29.465227+00:00,False,+34.9%,True,$4624.7M,True,+83.8%,True,583.1K,True,$109.39 / SMA $100.00,True,4.05%,False,+1.5%,True,39.7M,True,NMS,False,
SAIL,"SailPoint, Inc.",14.21,2026-06-16T00:18:25.777842+00:00,False,+38.0%,True,$8059.7M,True,+69.0%,True,3959.0K,True,$14.21 / SMA $13.71,True,7.21%,False,+21.6%,False,331.1M,True,NMS,False,
SAMHF,Alleima AB (publ),9.47,2026-06-15T23:58:17.917236+00:00,False,+39.5%,True,$2441.0M,False,+-1.7%,False,0.0K,True,$9.47 / SMA $7.44,False,0.00%,False,+-10.2%,False,220.7M,False,PNK,False,
SAN,"Banco Santander, S.A.",13.14,2026-06-16T00:30:43.117921+00:00,False,+67.2%,True,$188693.0M,True,+71.4%,True,9428.4K,True,$13.14 / SMA $12.15,False,2.21%,False,+2.9%,False,14301.6M,True,NYQ,False,
SANM,Sanmina Corporation,259.82,2026-06-15T23:54:28.740984+00:00,True,+200.1%,True,$13925.8M,True,+46.6%,True,834.3K,True,$259.82 / SMA $217.18,True,6.19%,True,+102.3%,True,51.9M,True,NMS,True,
SAPIF,Saputo Inc.,29.94,2026-06-15T23:54:30.342997+00:00,False,+54.9%,True,$11989.4M,,,False,119.7K,True,$29.94 / SMA $29.93,False,1.71%,False,+-30.3%,False,232.7M,False,PNK,False,
SAPLF,Sylvania Platinum Limited,1.1788,2026-06-16T00:03:45.689799+00:00,False,+36.9%,True,$305.1M,,,False,15.2K,False,$1.18 / SMA $1.34,True,3.76%,,,False,203.6M,False,PNK,False,
SAPMF,Saipem SpA,5.44,2026-06-16T00:31:26.265841+00:00,True,+117.6%,True,$10555.1M,False,+-21.3%,False,4.8K,True,$5.44 / SMA $5.05,False,0.64%,,N/A,False,1261.6M,False,PNK,False,
SAPMY,Saipem SpA,1.03,2026-06-16T00:18:22.890482+00:00,True,+145.2%,True,$9992.5M,False,+-21.3%,False,37.1K,True,$1.03 / SMA $0.99,True,9.87%,,,False,6308.0M,False,PNK,False,
SARO,"StandardAero, Inc.",26.98,2026-06-16T00:18:25.812515+00:00,False,+13.2%,True,$8970.1M,True,+26.3%,True,3965.9K,True,$26.98 / SMA $26.01,True,3.66%,False,+13.3%,False,223.3M,True,NYQ,False,
SATA,"Strive, Inc.",100.01,2026-06-16T00:00:03.691165+00:00,False,+23.4%,,,,,False,332.1K,True,$100.01 / SMA $97.77,False,1.07%,True,+166.6%,True,56.7M,True,NGM,False,
SATL,Satellogic Inc.,6.69,2026-06-16T00:11:45.461951+00:00,True,+433.1%,True,$991.8M,False,+-147.1%,True,11539.5K,False,$6.69 / SMA $7.72,True,12.22%,True,+80.3%,True,119.3M,True,NCM,False,
SATLF,"ZOZO, Inc.",7.15,2026-06-16T00:08:08.338607+00:00,False,+9.7%,True,$6322.9M,,,False,0.0K,True,$7.15 / SMA $7.07,False,0.00%,,,False,412.6M,False,PNK,False,
SAUHF,Straumann Holding AG,121.77,2026-06-16T00:06:10.268414+00:00,False,+30.7%,True,$19526.9M,,,False,0.5K,True,$121.77 / SMA $111.69,False,0.86%,,,True,107.9M,False,PNK,False,
SAUHY,Straumann Holding AG,11.69,2026-06-16T00:31:10.616852+00:00,False,+23.8%,True,$18950.5M,,N/A,False,157.8K,True,$11.69 / SMA $11.12,True,3.11%,,N/A,False,1079.2M,False,PNK,False,
SAXPF,Sampo Oyj,10.07,2026-06-16T00:05:59.738141+00:00,False,+2.8%,True,$26639.8M,False,+-133.3%,False,0.5K,False,$10.07 / SMA $10.24,False,0.00%,True,+36.6%,False,2045.9M,False,PNK,False,
SAY,SAY,25.3397,2026-06-16T00:03:45.806786+00:00,False,+1.3%,,,,,False,4.7K,True,$25.34 / SMA $25.06,False,0.33%,,,,,True,NYQ,False,
SBAC,SBA Communications Corporation,195.82,2026-06-16T00:06:07.808552+00:00,False,+20.6%,True,$20769.3M,False,+-1.7%,True,1127.1K,False,$195.82 / SMA $210.13,True,3.14%,False,+5.9%,True,105.3M,True,NMS,False,
SBC,SBC Medical Group Holdings Incorporated,2.91,2026-06-16T00:27:00.411016+00:00,False,+4.7%,False,$298.5M,False,+-47.6%,False,118.6K,False,$2.91 / SMA $3.41,True,4.54%,False,+-9.0%,True,12.0M,True,NGM,False,
SBCF,Seacoast Banking Corporation of Florida,31.12,2026-06-16T00:35:21.065797+00:00,False,+27.2%,True,$3026.3M,False,+-21.6%,True,754.6K,True,$31.12 / SMA $31.08,False,2.36%,False,+16.5%,True,89.0M,True,NMS,False,
SBCLY,SBCLY,15.02,2026-06-16T00:09:56.157244+00:00,False,+40.5%,,,,,False,1.7K,True,$15.02 / SMA_short $13.01,,,,,True,24.4M,False,PNK,False,
SBET,"Sharplink, Inc.",5.8,2026-06-16T00:37:36.835545+00:00,False,+14.6%,True,$1143.8M,False,+-76.6%,True,7274.8K,False,$5.80 / SMA $6.67,True,6.34%,True,+3143.0%,False,184.6M,True,NCM,False,
SBFFF,SBM Offshore N.V.,38.0,2026-06-16T00:33:10.158331+00:00,False,+50.3%,True,$6323.0M,,N/A,False,0.0K,False,$38.00 / SMA $40.10,False,0.00%,,N/A,True,135.2M,False,PNK,False,
SBGI,"Sinclair, Inc.",13.43,2026-06-16T00:37:49.823871+00:00,False,+13.0%,True,$969.2M,True,+112.2%,False,447.0K,False,$13.43 / SMA $14.38,True,3.51%,False,+4.0%,True,38.8M,True,NMS,False,
SBGOF,Standard Bank Group Limited,18.8,2026-06-16T00:31:00.104455+00:00,True,+70.6%,True,$30510.3M,,N/A,False,3.8K,False,$18.80 / SMA $19.48,True,3.64%,,N/A,False,1295.6M,False,PNK,False,
SBGSF,Schneider Electric S.E.,303.0,2026-06-16T00:17:32.220599+00:00,False,+25.1%,True,$170482.7M,,,False,1.6K,False,$303.00 / SMA $311.72,True,5.37%,,,False,562.2M,False,PNK,False,
SBH,"Sally Beauty Holdings, Inc.",13.62,2026-06-16T00:37:38.323823+00:00,False,+60.6%,True,$1299.5M,False,+13.2%,True,1502.1K,True,$13.62 / SMA $13.41,True,3.78%,False,+2.3%,True,93.9M,True,NYQ,False,
SBHGF,"SBI Holdings, Inc.",17.9,2026-06-15T23:54:29.962615+00:00,False,+12.1%,True,$11569.9M,,,False,12.0K,False,$17.90 / SMA $19.08,True,7.80%,,,False,581.4M,False,PNK,False,
SBLK,Star Bulk Carriers Corp.,27.07,2026-06-15T23:58:08.572521+00:00,False,+67.0%,True,$3019.1M,,,True,1244.0K,True,$27.07 / SMA $25.49,False,2.79%,False,+21.9%,True,67.4M,True,NMS,False,
SBMFF,Sino Biopharmaceutical Limited,0.7779,2026-06-16T00:31:18.945790+00:00,False,+27.5%,True,$13874.9M,,N/A,False,0.2K,True,$0.78 / SMA $0.71,False,0.00%,,N/A,False,8769.8M,False,PNK,False,
SBNCM,"Southern BancShares (N.C.), Inc.",12.8,2026-06-16T00:00:19.237327+00:00,False,+0.0%,,,,,False,0.0K,True,$12.80 / SMA $12.63,False,0.00%,,,,,False,OID,False,
SBR,Sabine Royalty Trust,71.76,2026-06-16T00:00:07.345045+00:00,False,+11.1%,True,$1046.2M,False,+-28.2%,False,42.0K,False,$71.76 / SMA $75.66,False,2.50%,False,+-26.8%,True,14.0M,True,NYQ,False,
SBRA,"Sabra Health Care REIT, Inc.",18.58,2026-06-16T00:08:13.076842+00:00,False,+8.2%,True,$4685.7M,False,+-5.9%,True,2408.9K,False,$18.58 / SMA $19.87,False,2.71%,False,+20.8%,False,248.0M,True,NMS,False,
SBXE,SilverBox Corp V,10.03,2026-06-16T00:26:53.297088+00:00,False,+1.5%,True,$346.0M,,,False,25.3K,True,$10.03 / SMA $9.98,False,0.06%,,,True,25.7M,True,NYQ,False,
SBXE.U,SBXE.U,,2026-06-16T00:26:52.161248+00:00,False,,False,,False,,False,,False,,False,,False,,False,,False,Unknown,False,No price data available
SBYSF,Sibanye Stillwater Limited,2.35,2026-06-16T00:31:29.827290+00:00,False,+34.3%,True,$6757.0M,,N/A,False,0.5K,False,$2.35 / SMA $3.03,False,0.00%,,N/A,False,2819.4M,False,PNK,False,
SCABY,Svenska Cellulosa Aktiebolaget SCA (publ),11.23,2026-06-15T23:54:40.668366+00:00,False,+12.3%,True,$7887.3M,False,+-52.6%,False,0.9K,False,$11.23 / SMA $11.82,True,4.40%,False,+-8.2%,False,644.3M,False,PNK,False,
SCBFF,Standard Chartered PLC,25.86,2026-06-16T00:30:52.191199+00:00,False,+69.5%,True,$56348.1M,,N/A,False,14.2K,True,$25.86 / SMA $24.66,False,2.62%,False,+6.4%,False,1764.6M,False,PNK,False,
SCCO,Southern Copper Corporation,193.22,2026-06-15T23:54:00.182666+00:00,True,+125.7%,True,$161208.4M,True,+67.4%,True,1503.4K,True,$193.22 / SMA $181.73,True,4.49%,True,+36.2%,True,92.1M,True,NYQ,True,
SCCTY,Scout24 SE,44.135,2026-06-16T00:33:13.584571+00:00,False,+9.2%,True,$6320.7M,,N/A,False,0.2K,True,$44.13 / SMA $43.93,False,0.00%,,N/A,True,137.5M,False,PNK,False,
SCD,LMP Capital and Income Fund Inc.,15.62,2026-06-16T00:15:35.130192+00:00,False,+13.3%,True,$357.8M,,,False,64.7K,True,$15.62 / SMA $15.17,False,1.58%,,,,,True,NYQ,False,
SCGLF,Société Générale Société anonyme,84.2,2026-06-16T00:05:53.255921+00:00,False,+54.6%,True,$61468.9M,,,False,0.8K,True,$84.20 / SMA $81.37,False,0.33%,False,+-77.9%,False,729.8M,False,OID,False,
SCGLY,Société Générale Société anonyme,17.06,2026-06-16T00:17:44.348707+00:00,False,+58.7%,True,$62272.0M,,,False,485.2K,True,$17.06 / SMA $16.04,False,2.33%,False,+-77.9%,False,3649.0M,False,OID,False,
SCHL,Scholastic Corporation,42.25,2026-06-16T00:24:27.245698+00:00,True,+126.8%,True,$779.7M,True,+2061.5%,True,544.9K,True,$42.25 / SMA $40.52,True,3.12%,False,+-1.9%,True,17.2M,True,NMS,False,
SCHW,The Charles Schwab Corporation,90.95,2026-06-16T00:17:33.011576+00:00,False,+8.3%,True,$158174.4M,True,+38.4%,True,10842.9K,True,$90.95 / SMA $90.81,False,2.36%,False,+15.8%,False,1635.3M,True,NYQ,False,
SCHYY,Sands China Ltd.,18.79,2026-06-16T00:18:08.946367+00:00,False,+2.8%,True,$15321.9M,,,False,45.4K,False,$18.79 / SMA $20.17,False,2.10%,,,False,204.0M,False,PNK,False,
SCI,Service Corporation International,73.96,2026-06-16T00:18:21.101031+00:00,False,+8.1%,True,$10204.3M,False,+-1.0%,True,1412.8K,False,$73.96 / SMA $78.79,False,2.64%,False,+2.1%,True,134.6M,True,NYQ,False,
SCL,Stepan Company,54.47,2026-06-16T00:37:39.403964+00:00,False,+30.2%,True,$1237.2M,False,+-310.5%,False,149.4K,True,$54.47 / SMA $51.29,False,2.69%,False,+1.9%,True,21.4M,True,NYQ,False,
SCMWY,Swisscom AG,83.02,2026-06-15T23:54:09.752192+00:00,False,+22.1%,True,$43090.5M,False,+-9.6%,False,10.6K,False,$83.02 / SMA $84.70,False,1.51%,False,+-4.1%,False,253.7M,False,OID,False,
SCNLF,Scancell Holdings plc,0.245,2026-06-16T00:03:52.554842+00:00,True,+105.9%,False,$276.7M,,,False,4.2K,True,$0.24 / SMA $0.23,False,0.00%,,,False,582.6M,False,PNK,False,
SCOTF,Scout24 SE,85.0,2026-06-16T00:08:08.494865+00:00,False,+6.2%,True,$6010.8M,,,False,0.0K,False,$85.00 / SMA $94.22,False,0.00%,,,True,68.7M,False,PNK,False,
SCPPF,S4 Capital plc,0.513,2026-06-16T00:26:45.898781+00:00,True,+157.8%,True,$341.6M,,,False,29.9K,False,$0.51 / SMA $0.54,False,1.03%,,,False,448.3M,False,PNK,False,
SCRNY,"SCREEN Holdings Co., Ltd.",13.8876,2026-06-15T23:54:29.831337+00:00,False,+22.0%,True,$13129.9M,,,False,0.3K,True,$13.89 / SMA $13.46,False,0.76%,,,False,925.6M,False,PNK,False,
SCRYY,SCOR SE,3.64,2026-06-16T00:08:05.547995+00:00,False,+23.4%,True,$6503.0M,,,False,8.7K,True,$3.64 / SMA $3.62,False,2.47%,,,False,1696.4M,False,PNK,False,
SCSHF,The Scottish Oriental Smaller Companies Trust plc,3.5,2026-06-16T00:39:59.476685+00:00,False,+12.5%,,N/A,,N/A,False,5.5K,True,$3.50 / SMA_short $3.40,,N/A,,N/A,,N/A,False,PNK,False,
SCVL,Shoe Station Group Inc.,17.43,2026-06-16T00:26:36.370086+00:00,False,+16.9%,True,$473.2M,False,+-161.8%,False,483.2K,True,$17.43 / SMA $17.38,True,4.90%,False,+-2.5%,True,17.7M,True,NMS,False,
SCVPY,The Siam Cement Public Company Limited,7.55,2026-06-16T00:06:28.882072+00:00,False,+54.1%,True,$9060.0M,True,+464.1%,False,0.2K,True,$7.55 / SMA $7.44,False,0.00%,False,+-0.9%,False,705.6M,False,PNK,False,
SD,"SandRidge Energy, Inc.",14.21,2026-06-16T00:26:24.790386+00:00,False,+43.7%,True,$524.6M,True,+42.9%,False,392.0K,False,$14.21 / SMA $14.91,True,3.29%,False,+16.8%,True,36.1M,True,NYQ,False,
SDGR,"Schrödinger, Inc.",14.6,2026-06-16T00:24:22.211833+00:00,False,+33.4%,True,$1090.9M,False,+1.2%,True,1346.4K,True,$14.60 / SMA $12.96,True,6.12%,False,+-1.6%,True,57.7M,True,NMS,False,
SDHIU,Siddhi Acquisition Corp.,10.53,2026-06-16T00:40:08.217528+00:00,False,+9.7%,,N/A,,N/A,False,0.0K,False,$10.53 / SMA $10.54,False,0.00%,,N/A,True,26.2M,True,NGM,False,
SDMHF,Sartorius Stedim Biotech S.A.,205.45,2026-06-16T00:06:10.503349+00:00,False,+15.2%,True,$19985.7M,,,False,1.8K,True,$205.45 / SMA $198.59,False,1.51%,False,+1.4%,True,27.6M,False,PNK,False,
SDRL,Seadrill Limited,42.39,2026-06-16T00:09:48.168629+00:00,False,+66.4%,True,$2650.7M,True,+52.2%,True,679.6K,False,$42.39 / SMA $48.15,True,3.71%,False,+6.9%,True,57.5M,True,NYQ,False,
SDRMF,SiteMinder Limited,2.59,2026-06-16T00:13:41.520381+00:00,False,+34.2%,True,$775.4M,,,False,1.6K,True,$2.59 / SMA $2.26,False,0.77%,,,False,263.5M,False,PNK,False,
SDTHF,Sdiptech AB (publ),25.91,2026-06-16T00:00:13.637571+00:00,False,+23.3%,True,$984.4M,False,+-85.4%,False,0.0K,True,$25.91 / SMA $22.00,False,0.00%,False,+-5.8%,True,33.4M,False,PNK,False,
SDVKF,Sandvik AB (publ),38.99,2026-06-16T00:05:53.029080+00:00,True,+83.2%,True,$51244.5M,False,+4.0%,False,0.3K,False,$38.99 / SMA $40.14,False,0.28%,False,+4.7%,False,1024.9M,False,PNK,False,
SDVKY,Sandvik AB (publ),40.32,2026-06-16T00:30:53.279679+00:00,True,+89.1%,True,$50576.8M,False,+4.0%,False,93.8K,False,$40.32 / SMA $40.77,False,2.28%,False,+4.7%,False,1024.9M,False,PNK,False,
SDXAY,Sodexo S.A.,11.62,2026-06-15T23:54:39.894579+00:00,False,+28.0%,True,$8473.1M,,,False,127.5K,True,$11.62 / SMA $10.54,False,1.77%,,,False,406.3M,False,PNK,False,
SDXOF,Sodexo S.A.,53.55,2026-06-16T00:18:33.403865+00:00,False,+13.9%,True,$7809.5M,,,False,0.2K,True,$53.55 / SMA $50.09,False,0.00%,,,True,81.3M,False,PNK,False,
SDZNY,Sandoz Group AG,84.325,2026-06-16T00:30:57.981981+00:00,False,+63.0%,True,$36581.2M,,N/A,False,30.0K,True,$84.33 / SMA $82.66,False,1.39%,,N/A,False,414.3M,False,OQX,False,
SE,Sea Limited,86.66,2026-06-16T00:05:51.677071+00:00,False,+12.5%,True,$53077.9M,False,+3.1%,True,4055.5K,False,$86.66 / SMA $87.49,True,4.50%,True,+46.6%,False,400.4M,True,NYQ,False,
SEB,Seaboard Corporation,5198.05,2026-06-15T23:56:26.871631+00:00,True,+92.7%,True,$4978.7M,True,+277.1%,False,11.1K,False,$5198.05 / SMA $5304.72,True,4.54%,False,+3.6%,True,0.2M,True,ASE,False,
SECCF,Serco Group plc,3.25,2026-06-16T00:08:23.502950+00:00,False,+28.0%,True,$3194.4M,,,False,0.0K,False,$3.25 / SMA $3.61,False,0.00%,,,False,981.0M,False,PNK,False,
SECYF,SECURE Waste Infrastructure Corp.,15.512,2026-06-15T23:57:53.031155+00:00,False,+42.6%,True,$3381.9M,,,False,130.6K,False,$15.51 / SMA $15.90,False,1.23%,False,+-85.1%,False,189.2M,False,PNK,False,
SEDG,"SolarEdge Technologies, Inc.",60.19,2026-06-16T00:08:22.840857+00:00,True,+338.4%,True,$3660.6M,True,+44.1%,True,4082.3K,True,$60.19 / SMA $52.02,True,11.51%,True,+41.5%,True,60.0M,True,NMS,True,
SEIC,SEI Investments Company,89.57,2026-06-16T00:06:21.485662+00:00,False,+19.3%,True,$10772.9M,False,+19.7%,True,837.6K,True,$89.57 / SMA $86.82,False,1.84%,False,+12.8%,True,99.6M,True,NMS,False,
SEIGY,Semperit Aktiengesellschaft Holding,4.745,2026-06-16T00:26:50.326135+00:00,False,+45.6%,True,$390.5M,True,+222.9%,False,0.0K,True,$4.75 / SMA $4.15,False,0.00%,False,+7.9%,True,26.0M,False,PNK,False,
SEKEY,Seiko Epson Corporation,8.7,2026-06-16T00:08:13.888510+00:00,False,+51.3%,True,$5575.4M,,,False,28.5K,True,$8.70 / SMA $7.59,False,1.34%,,,False,557.2M,False,PNK,False,
SEM,Select Medical Holdings Corporation,16.65,2026-06-16T00:22:22.054570+00:00,False,+42.9%,True,$2064.8M,False,+-20.5%,True,1767.3K,True,$16.65 / SMA $16.44,False,0.30%,False,+5.0%,True,97.3M,True,NYQ,False,
SEMHF,Siemens Healthineers AG,39.0,2026-06-16T00:17:46.109342+00:00,False,+5.4%,True,$43648.8M,False,+-27.3%,False,5.2K,False,$39.00 / SMA $41.23,True,4.77%,False,+-14.6%,False,178.2M,False,PNK,False,
SENS,"Senseonics Holdings, Inc.",7.24,2026-06-16T00:03:49.744971+00:00,False,+51.1%,True,$377.9M,False,+-3450.0%,True,710.2K,True,$7.24 / SMA $6.44,True,6.74%,True,+87.2%,True,38.5M,True,NMS,False,
SEOAY,Stora Enso Oyj,11.09,2026-06-16T00:31:28.837117+00:00,False,+16.6%,True,$8745.8M,True,+109.3%,False,51.5K,False,$11.09 / SMA $11.52,False,1.62%,False,+1.6%,False,695.5M,False,OQX,False,
SERV,Serve Robotics Inc.,7.22,2026-06-16T00:26:09.745670+00:00,False,+5.6%,True,$614.4M,False,+-182.6%,True,4394.7K,False,$7.22 / SMA $8.73,True,7.18%,True,+578.2%,True,70.7M,True,NCM,False,
SES,SES AI Corporation,1.12,2026-06-16T00:02:05.021526+00:00,False,+40.0%,True,$413.6M,False,+0.0%,True,8560.5K,True,$1.12 / SMA $1.11,True,9.14%,False,+15.8%,False,284.8M,True,NYQ,False,
SESMF,SUSS MicroTec SE,102.3,2026-06-16T00:10:06.773315+00:00,True,+239.0%,True,$2002.2M,False,+-85.1%,False,0.6K,True,$102.30 / SMA $88.67,False,0.43%,False,+-30.7%,True,18.6M,False,PNK,False,
SEZL,Sezzle Inc.,146.12,2026-06-16T00:33:39.847931+00:00,True,+195.2%,True,$4913.6M,True,+47.0%,True,681.0K,True,$146.12 / SMA $96.18,True,6.92%,True,+29.2%,True,17.0M,True,NCM,True,
SFBQF,SoftBank Corp.,1.305,2026-06-16T00:30:50.363725+00:00,False,+11.5%,True,$62380.7M,,N/A,False,75.9K,False,$1.30 / SMA $1.37,True,6.93%,,N/A,False,28412.1M,False,PNK,False,
SFBS,"ServisFirst Bancshares, Inc.",81.06,2026-06-15T23:56:31.283372+00:00,False,+20.6%,True,$4431.0M,True,+31.0%,False,258.3K,True,$81.06 / SMA $78.10,False,2.06%,False,+20.6%,True,50.6M,True,NYQ,False,
SFD,"Smithfield Foods, Inc.",25.93,2026-06-16T00:18:21.749873+00:00,False,+23.0%,True,$10202.9M,False,+8.8%,True,1693.4K,False,$25.93 / SMA $26.82,False,2.30%,False,+0.8%,True,46.0M,True,NMS,False,
SFGRF,SFGRF,0.8,2026-06-16T00:08:10.066079+00:00,False,+26.7%,True,$5366.8M,,,False,1.1K,False,$0.80 / SMA $0.85,False,1.28%,,,False,5536.2M,False,PNK,False,
SFGYY,SFGYY,4.39,2026-06-16T00:20:10.721825+00:00,False,+8.4%,True,$5890.0M,,,False,472.3K,False,$4.39 / SMA $4.43,True,3.54%,,,False,1107.2M,False,PNK,False,
SFHOY,SFHOY,15.84,2026-06-16T00:31:04.444939+00:00,False,+4.8%,True,$20850.6M,False,+11.1%,False,22.8K,False,$15.84 / SMA $17.13,True,3.29%,False,+6.1%,False,610.0M,False,PNK,False,
SFIX,"Stitch Fix, Inc.",4.23,2026-06-16T00:13:50.865011+00:00,False,+43.4%,True,$564.4M,True,+83.3%,True,1970.8K,True,$4.23 / SMA $3.53,True,6.87%,False,+4.7%,True,100.5M,True,NMS,False,
SFL,SFL Corporation Ltd.,11.44,2026-06-16T00:22:26.484604+00:00,False,+70.0%,True,$1521.4M,True,+183.3%,True,1340.3K,True,$11.44 / SMA $11.31,False,2.26%,False,+-6.7%,True,107.0M,True,NYQ,False,
SFM,"Sprouts Farmers Market, Inc.",85.39,2026-06-15T23:54:38.921057+00:00,False,+31.9%,True,$8030.4M,False,+-5.5%,True,2173.5K,True,$85.39 / SMA $80.70,True,4.50%,False,+4.1%,True,93.3M,True,NMS,False,
SFNC,Simmons First National Corporation,22.0,2026-06-15T23:58:04.082505+00:00,False,+29.4%,True,$3191.4M,True,+80.8%,True,1264.3K,True,$22.00 / SMA $21.18,False,2.03%,False,+15.4%,True,142.7M,True,NMS,False,
SFOSF,"Shanghai Fosun Pharmaceutical (Group) Co., Ltd.",2.02,2026-06-16T00:06:28.353875+00:00,False,+3.3%,True,$7600.6M,,,False,0.0K,False,$2.02 / SMA $2.47,False,0.00%,False,+-0.8%,False,1635.6M,False,PNK,False,
SFRGF,Salvatore Ferragamo S.p.A.,8.9,2026-06-15T23:59:59.371360+00:00,False,+61.8%,True,$1474.9M,,,False,0.0K,False,$8.90 / SMA $9.75,False,0.00%,,,True,63.9M,False,PNK,False,
SFRGY,Salvatore Ferragamo S.p.A.,5.53,2026-06-16T00:24:06.908495+00:00,True,+117.7%,True,$1832.8M,,,False,3.0K,True,$5.53 / SMA $4.71,True,4.39%,,,True,127.7M,False,PNK,False,
SFRRF,Sandfire Resources Limited,12.0,2026-06-16T00:33:14.678908+00:00,True,+71.4%,True,$5603.4M,,N/A,False,0.7K,False,$12.00 / SMA $12.46,False,0.07%,,N/A,False,460.0M,False,PNK,False,
SFST,"Southern First Bancshares, Inc.",58.78,2026-06-16T00:26:26.564102+00:00,False,+68.9%,True,$555.8M,True,+83.1%,False,134.0K,True,$58.78 / SMA $57.34,False,2.85%,True,+27.6%,True,7.5M,True,NGM,False,
SFTBF,SoftBank Group Corp.,44.02,2026-06-16T00:17:30.980079+00:00,True,+111.6%,True,$250866.6M,False,+-78.8%,False,26.2K,True,$44.02 / SMA $36.99,True,7.32%,,,False,3661.9M,False,PNK,False,
SFTBY,SoftBank Group Corp.,21.91,2026-06-16T00:05:42.965032+00:00,True,+199.6%,True,$249726.8M,False,+-78.8%,True,2535.6K,True,$21.91 / SMA $18.48,True,6.65%,,,False,1830950.2M,False,PNK,False,
SG,"Sweetgreen, Inc.",8.86,2026-06-16T00:24:15.546924+00:00,True,+97.3%,True,$1052.8M,True,+600.0%,True,5115.7K,True,$8.86 / SMA $7.50,True,10.06%,False,+-2.9%,True,103.3M,True,NYQ,False,
SGAMF,Sega Sammy Holdings Inc.,13.5,2026-06-16T00:22:10.435097+00:00,False,+0.0%,True,$2737.0M,,,False,0.1K,False,$13.50 / SMA $14.70,False,0.00%,,,True,141.6M,False,PNK,False,
SGAMY,Sega Sammy Holdings Inc.,3.44,2026-06-16T00:09:56.381333+00:00,False,+7.5%,True,$2789.7M,,,False,4.3K,False,$3.44 / SMA $3.73,True,4.05%,,,False,566.4M,False,PNK,False,
SGAPY,Singapore Telecommunications Limited,33.08,2026-06-16T00:05:50.600224+00:00,False,+14.5%,True,$54273.1M,,,False,93.0K,False,$33.08 / SMA $36.45,True,3.92%,,,False,793.1M,False,PNK,False,
SGBLY,Standard Bank Group Limited,19.74,2026-06-16T00:05:58.697766+00:00,False,+61.5%,True,$32035.8M,,,False,50.6K,True,$19.74 / SMA $19.01,False,1.52%,,,False,1295.6M,False,PNK,False,
SGCFF,Sagicor Financial Company Ltd.,5.83,2026-06-16T00:01:25.601978+00:00,False,+35.0%,True,$793.8M,False,+-629.2%,False,1.2K,False,$5.83 / SMA $6.59,False,0.05%,False,+-33.1%,True,90.8M,False,PNK,False,
SGGKF,Singapore Technologies Engineering Ltd,8.71,2026-06-16T00:17:56.673612+00:00,False,+55.0%,True,$27186.5M,,,False,4.6K,True,$8.71 / SMA $8.67,False,0.02%,,,False,1523.7M,False,PNK,False,
SGGKY,Singapore Technologies Engineering Ltd,79.33,2026-06-15T23:54:16.023631+00:00,False,+37.0%,True,$24761.3M,,,False,0.2K,False,$79.33 / SMA $85.02,False,0.00%,,,False,152.4M,False,PNK,False,
SGHC,Super Group (SGHC) Limited,13.65,2026-06-16T00:31:35.737278+00:00,False,+61.3%,True,$6935.2M,True,+46.7%,True,3428.9K,True,$13.65 / SMA $12.57,True,4.18%,False,+18.4%,False,265.5M,True,NYQ,False,
SGHDY,"SG Holdings Co.,Ltd.",9.28,2026-06-16T00:20:11.495299+00:00,False,+3.9%,True,$5537.7M,,,False,0.0K,True,$9.28 / SMA $9.21,False,0.00%,,,False,380.8M,False,PNK,False,
SGIOF,"Shionogi & Co., Ltd.",16.0,2026-06-15T23:54:25.389843+00:00,False,+12.3%,True,$13615.6M,,,False,0.7K,False,$16.00 / SMA $18.86,False,0.00%,,,False,851.0M,False,PNK,False,
SGLFF,SGL Carbon SE,5.46,2026-06-16T00:13:41.187496+00:00,True,+82.0%,True,$667.6M,,,False,0.3K,True,$5.46 / SMA $4.97,False,0.47%,False,+-19.3%,True,53.5M,False,PNK,False,
SGLLF,SGLLF,8.33,2026-06-16T00:01:59.474446+00:00,False,+19.3%,True,$569.3M,,,False,0.0K,False,$8.33 / SMA $8.38,False,0.00%,,,True,56.8M,False,PNK,False,
SGML,Sigma Lithium Corporation,15.4,2026-06-16T00:35:48.928804+00:00,True,+262.4%,True,$1725.8M,True,+150.0%,True,3840.7K,False,$15.40 / SMA $17.73,True,7.85%,False,+-11.2%,True,57.6M,True,NCM,False,
SGP,"SpyGlass Pharma, Inc.",18.94,2026-06-16T00:38:02.193076+00:00,False,+7.6%,True,$633.2M,,N/A,False,87.1K,False,$18.94 / SMA $22.02,True,7.27%,,N/A,True,6.5M,True,NMS,False,
SGPYY,The Sage Group plc,44.34,2026-06-15T23:54:33.092128+00:00,False,+5.6%,True,$9987.2M,,,False,69.9K,False,$44.34 / SMA $47.28,False,2.41%,,,False,213.6M,False,PNK,False,
SGQMF,SGQMF,0.0611,2026-06-16T00:03:50.155634+00:00,False,+16.4%,,,,,False,26.4K,False,$0.06 / SMA_short $0.11,True,14.31%,,,False,2819.3M,False,PNK,False,
SGSOY,SGS SA,11.18,2026-06-15T23:54:19.414135+00:00,False,+14.1%,True,$22112.4M,,,False,110.7K,True,$11.18 / SMA $10.95,False,1.71%,,,False,1656.6M,False,PNK,False,
SGU,"Star Group, L.P.",12.57,2026-06-16T00:26:42.104549+00:00,False,+11.1%,True,$412.7M,True,+32.3%,False,22.3K,False,$12.57 / SMA $12.65,False,2.17%,False,+3.2%,True,24.6M,True,NYQ,False,
SHAK,Shake Shack Inc.,58.4,2026-06-16T00:35:25.923546+00:00,False,+13.2%,True,$2498.4M,False,+-110.0%,True,2059.1K,False,$58.40 / SMA $78.47,True,4.90%,False,+14.3%,True,38.5M,True,NYQ,False,
SHASF,ShaMaran Petroleum Ltd.,0.1,2026-06-16T00:40:02.762765+00:00,True,+900.0%,False,$288.8M,,N/A,False,18.8K,False,$0.10 / SMA $0.14,True,79.02%,False,+6.0%,False,2119.1M,False,PNK,False,
SHAZ,SharonAI Holdings Inc.,70.21,2026-06-16T00:00:09.110291+00:00,True,+324.2%,True,$1185.2M,False,+-1724.1%,False,489.4K,True,$70.21 / SMA $52.03,True,14.28%,False,+-9.6%,True,9.4M,True,NCM,False,
SHBI,SHBI,,2026-06-16T00:27:41.059800+00:00,False,,False,,False,,False,,False,,False,,False,,False,,False,Unknown,False,Too Many Requests. Rate limited. Try after a while.
SHC,Sotera Health Company,16.23,2026-06-16T00:20:21.186250+00:00,False,+50.3%,True,$4628.3M,True,+280.0%,True,3294.7K,True,$16.23 / SMA $15.64,False,2.97%,False,+10.0%,False,191.8M,True,NMS,False,
SHCAY,Sharp Corporation,0.94,2026-06-15T23:58:13.645217+00:00,False,+17.5%,True,$2441.4M,,,False,7.0K,True,$0.94 / SMA $0.90,True,4.48%,,,False,954.9M,False,PNK,False,
SHEL,Shell plc,82.61,2026-06-16T00:30:41.619410+00:00,False,+22.8%,True,$229042.6M,True,+26.6%,True,7921.5K,False,$82.61 / SMA $87.06,False,1.68%,False,+0.7%,False,2746.3M,True,NYQ,False,
SHG,"Shinhan Financial Group Co., Ltd.",69.75,2026-06-16T00:05:59.214467+00:00,False,+63.3%,True,$32842.8M,False,+14.1%,False,270.1K,True,$69.75 / SMA $65.91,False,2.38%,False,+8.0%,False,439.3M,True,NYQ,False,
SHHFF,SHHFF,2.16,2026-06-16T00:22:21.407651+00:00,True,+80.0%,,,,,False,24.7K,True,$2.16 / SMA_short $2.05,False,0.41%,,,,,False,PNK,False,
SHIP,Seanergy Maritime Holdings Corp,16.31,2026-06-16T00:27:01.600980+00:00,True,+166.9%,True,$353.4M,True,+232.4%,False,235.3K,True,$16.31 / SMA $15.21,True,5.10%,True,+77.0%,True,14.4M,True,NCM,False,
SHJBF,"Shanghai Junshi Biosciences Co., Ltd.",3.35,2026-06-16T00:33:17.110760+00:00,True,+70.1%,True,$4841.9M,,N/A,False,0.0K,True,$3.35 / SMA $3.17,False,0.00%,,N/A,False,723.4M,False,PNK,False,
SHLAF,Schindler Holding AG,344.11,2026-06-16T00:05:57.469884+00:00,False,+4.1%,True,$37577.1M,False,+-0.4%,False,0.0K,True,$344.11 / SMA $341.46,False,0.26%,False,+-9.2%,True,63.0M,False,PNK,False,
SHLRF,Schindler Holding AG,314.5,2026-06-16T00:30:59.416080+00:00,False,+3.0%,True,$35121.6M,False,+-0.4%,False,0.0K,False,$314.50 / SMA $321.24,False,0.09%,False,+-9.2%,True,63.0M,False,PNK,False,
SHLS,"Shoals Technologies Group, Inc.",10.3,2026-06-15T23:59:56.129512+00:00,True,+158.1%,True,$1728.0M,,,True,5334.6K,True,$10.30 / SMA $9.00,True,9.32%,True,+74.9%,False,166.4M,True,NGM,False,
SHMD,SCHMID Group N.V.,6.23,2026-06-16T00:03:45.331327+00:00,True,+211.5%,True,$360.1M,,,True,983.8K,True,$6.23 / SMA $6.15,True,13.02%,,,True,15.5M,True,NGM,True,
SHMUY,Shimizu Corporation,79.2648,2026-06-15T23:54:32.948691+00:00,True,+81.6%,True,$13459.2M,,,False,0.1K,True,$79.26 / SMA $77.33,False,0.00%,,,True,133.4M,False,PNK,False,
SHMWF,"ShinMaywa Industries, Ltd.",13.3,2026-06-16T00:24:27.684195+00:00,False,+52.7%,True,$879.7M,,,False,0.0K,True,$13.30 / SMA $13.18,False,0.00%,,,True,58.3M,False,PNK,False,
SHMXY,SHMXY,11.9,2026-06-16T00:18:34.343489+00:00,False,+14.3%,True,$6876.8M,,,False,0.4K,True,$11.90 / SMA $11.72,False,0.36%,,,False,577.7M,False,PNK,False,
SHNDY,Schindler Holding AG,15.965,2026-06-16T00:17:51.457449+00:00,False,+8.5%,True,$34091.0M,False,+-0.4%,False,12.0K,False,$15.96 / SMA $16.32,True,5.49%,False,+-9.2%,False,1260.6M,False,PNK,False,
SHO,"Sunstone Hotel Investors, Inc.",11.78,2026-06-15T23:58:18.998770+00:00,False,+38.9%,True,$2194.5M,True,+700.0%,True,1857.0K,True,$11.78 / SMA $10.31,False,2.23%,False,+11.0%,False,183.3M,True,NYQ,False,
SHOO,"Steven Madden, Ltd.",45.42,2026-06-16T00:35:17.999219+00:00,True,+104.0%,True,$3319.5M,True,+75.4%,True,1061.8K,True,$45.42 / SMA $40.08,True,3.66%,False,+18.0%,True,71.3M,True,NMS,False,
SHPPF,Redcare Pharmacy NV,45.18,2026-06-16T00:00:06.754856+00:00,False,+0.0%,True,$919.0M,,,False,0.0K,False,$45.18 / SMA $45.57,False,0.00%,False,+17.8%,True,13.8M,False,PNK,False,
SHTDY,Sinopharm Group Co. Ltd.,10.78,2026-06-16T00:18:34.489692+00:00,False,+2.0%,True,$6774.2M,,,False,86.4K,False,$10.78 / SMA $11.87,False,1.37%,,,False,268.4M,False,PNK,False,
SHTLF,South32 Limited,2.955,2026-06-16T00:31:15.406332+00:00,True,+84.6%,True,$13587.6M,,N/A,False,0.4K,False,$2.96 / SMA $3.16,False,0.94%,,N/A,False,4230.9M,False,PNK,False,
SHVTF,Select Harvests Limited,2.75,2026-06-16T00:26:42.169350+00:00,False,+13.2%,True,$392.3M,,,False,1.0K,True,$2.75 / SMA $2.73,False,0.55%,,,True,119.7M,False,PNK,False,
SHWDF,Resonac Holdings Corporation,95.5,2026-06-16T00:31:10.120733+00:00,True,+312.5%,True,$17283.9M,,N/A,False,0.1K,True,$95.50 / SMA $90.62,False,0.05%,,N/A,False,180.9M,False,PNK,False,
SHZHY,Shenzhou International Group Holdings Limited,5.71,2026-06-15T23:54:36.937879+00:00,False,+6.1%,True,$8583.9M,,,False,15.2K,False,$5.71 / SMA $5.86,False,2.27%,,,False,790.7M,False,PNK,False,
SI,"Shoulder Innovations, Inc.",18.12,2026-06-16T00:03:54.269834+00:00,False,+65.9%,True,$375.8M,False,+-77.9%,False,95.7K,True,$18.12 / SMA $14.50,True,5.95%,True,+64.9%,,,True,NYQ,False,
SIBN,"SI-BONE, Inc.",15.12,2026-06-16T00:13:41.151813+00:00,False,+31.7%,True,$670.6M,True,+33.3%,True,683.0K,True,$15.12 / SMA $13.96,True,4.36%,False,+11.2%,True,42.8M,True,NGM,False,
SID,Companhia Siderúrgica Nacional,1.22,2026-06-16T00:11:42.476657+00:00,False,+9.9%,True,$1622.3M,False,+0.6%,True,4464.1K,False,$1.22 / SMA $1.30,True,5.39%,False,+-2.8%,False,624.8M,True,NYQ,False,
SIEGY,Siemens Aktiengesellschaft,153.1,2026-06-16T00:05:43.201917+00:00,False,+32.5%,True,$235508.9M,,,False,206.0K,True,$153.10 / SMA $148.41,False,1.90%,False,+-0.0%,False,1554.6M,False,PNK,False,
SIETY,D'Ieteren Group SA,93.475,2026-06-15T23:54:33.785086+00:00,False,+11.4%,True,$9831.1M,,,False,1.1K,False,$93.47 / SMA $97.91,False,0.24%,,,True,30.5M,False,PNK,False,
SIEVF,D'Ieteren Group SA,193.0,2026-06-15T23:54:35.425250+00:00,False,+12.2%,True,$10149.2M,,,False,0.0K,False,$193.00 / SMA $201.24,False,0.13%,,,True,15.2M,False,PNK,False,
SIFY,Sify Technologies Limited,16.59,2026-06-16T00:00:06.069045+00:00,True,+299.8%,True,$1200.3M,,,False,67.6K,True,$16.59 / SMA $15.38,True,6.75%,,,,,True,NCM,False,
SIG,Signet Jewelers Limited,88.72,2026-06-16T00:33:42.930965+00:00,False,+23.9%,True,$3446.8M,False,+0.0%,True,953.8K,True,$88.72 / SMA $86.35,True,5.29%,False,+0.8%,True,34.7M,True,NYQ,False,
SII,Sprott Inc.,128.35,2026-06-16T00:22:02.930099+00:00,True,+107.2%,True,$3309.2M,True,+145.7%,False,194.9K,False,$128.35 / SMA $133.02,True,4.11%,True,+240.4%,True,24.0M,True,NYQ,False,
SILA,"Sila Realty Trust, Inc.",30.29,2026-06-16T00:35:48.745644+00:00,False,+38.1%,True,$1673.3M,True,+69.2%,True,762.1K,True,$30.29 / SMA $29.00,False,0.16%,False,+9.1%,True,54.7M,True,NYQ,False,
SILXF,Silex Systems Limited,3.66,2026-06-16T00:00:05.306927+00:00,False,+59.1%,True,$1024.8M,,,False,13.1K,False,$3.66 / SMA $4.17,True,5.69%,,,False,227.0M,False,OQX,False,
SILXY,Silex Systems Limited,18.15,2026-06-16T00:24:14.969390+00:00,False,+61.9%,True,$1046.8M,,,False,8.9K,False,$18.15 / SMA $20.93,False,2.94%,,,True,45.4M,False,OQX,False,
SIMA,SIM Acquisition Corp. I,10.89,2026-06-16T00:26:56.326036+00:00,False,+7.8%,False,$89.5M,False,+0.0%,False,73.0K,True,$10.89 / SMA $10.84,False,1.20%,,,True,0.4M,True,NGM,False,
SIMAU,SIM Acquisition Corp. I,11.11,2026-06-16T00:15:38.028085+00:00,False,+5.8%,,,,,False,1.2K,False,$11.11 / SMA $11.85,True,12.50%,,,True,0.4M,True,NGM,False,
SIMO,Silicon Motion Technology Corporation,276.4,2026-06-16T00:31:27.575072+00:00,True,+310.2%,True,$9372.1M,True,+251.4%,True,933.6K,True,$276.40 / SMA $218.82,True,8.35%,True,+105.5%,True,32.1M,True,NMS,True,
SINGF,Singapore Airlines Limited,5.0,2026-06-16T00:06:13.548517+00:00,False,+9.9%,True,$15754.4M,,,False,9.3K,False,$5.00 / SMA $5.07,False,0.08%,False,+10.7%,False,1556.3M,False,PNK,False,
SINGY,Singapore Airlines Limited,10.87,2026-06-16T00:06:13.234646+00:00,False,+17.1%,True,$17125.1M,,,False,96.1K,True,$10.87 / SMA $10.27,False,1.63%,False,+10.7%,False,778.2M,False,PNK,False,
SION,"Sionna Therapeutics, Inc.",36.0,2026-06-16T00:22:25.122617+00:00,True,+166.5%,True,$1625.4M,False,+3.2%,False,396.1K,False,$36.00 / SMA $39.96,True,7.16%,,,True,16.8M,True,NGM,False,
SIRI,Sirius XM Holdings Inc.,27.46,2026-06-16T00:18:22.927765+00:00,False,+38.9%,True,$9243.6M,False,+22.0%,True,5384.1K,True,$27.46 / SMA $26.60,True,3.27%,False,+1.1%,False,309.8M,True,NMS,False,
SISXF,Savaria Corporation,20.83,2026-06-16T00:11:47.397479+00:00,False,+50.3%,True,$1497.3M,,,False,3.4K,False,$20.83 / SMA $20.99,False,0.04%,False,+5.5%,True,59.2M,False,PNK,False,
SITE,"SiteOne Landscape Supply, Inc.",107.26,2026-06-16T00:33:22.434999+00:00,False,+6.7%,True,$4752.5M,False,+1.6%,True,808.6K,False,$107.26 / SMA $122.48,True,3.44%,False,+0.1%,True,41.3M,True,NYQ,False,
SITIF,SITC International Holdings Company Limited,4.325,2026-06-16T00:18:15.806650+00:00,False,+41.1%,True,$11637.0M,,,False,0.1K,True,$4.33 / SMA $4.03,False,0.00%,,,False,1321.3M,False,PNK,False,
SJMHF,SJM Holdings Limited,0.23,2026-06-15T23:59:55.476283+00:00,False,+0.0%,True,$1633.4M,,,False,1.2K,False,$0.23 / SMA $0.26,False,0.19%,,,False,2429.4M,False,PNK,False,
SKBSY,Skanska AB (publ),25.57,2026-06-16T00:18:20.449246+00:00,False,+11.8%,True,$10588.0M,False,+-20.8%,False,17.1K,False,$25.57 / SMA $26.81,False,2.01%,False,+-11.8%,False,372.5M,False,PNK,False,
SKE,Skeena Resources Limited,30.03,2026-06-16T00:33:39.705656+00:00,True,+117.5%,True,$3726.3M,False,+-138.9%,True,736.2K,False,$30.03 / SMA $30.50,True,5.45%,,N/A,True,91.5M,True,NYQ,False,
SKFOF,Sika AG,195.47,2026-06-15T23:54:15.459400+00:00,False,+24.3%,True,$31802.1M,,,False,0.2K,True,$195.47 / SMA $180.47,False,0.20%,,,False,160.2M,False,PNK,False,
SKFRY,AB SKF (publ),25.34,2026-06-16T00:31:21.345188+00:00,False,+18.6%,True,$11538.6M,False,+7.9%,False,24.1K,False,$25.34 / SMA $25.37,False,2.00%,False,+-11.5%,False,454.8M,False,PNK,False,
SKHCF,Sonic Healthcare Limited,13.36,2026-06-16T00:33:14.130596+00:00,False,+11.3%,True,$7075.4M,,N/A,False,0.6K,True,$13.36 / SMA $13.27,False,0.00%,,N/A,False,458.2M,False,PNK,False,
SKHHY,Sonic Healthcare Limited,14.32,2026-06-16T00:18:35.462810+00:00,False,+10.7%,True,$7194.3M,,,False,155.7K,True,$14.32 / SMA $13.92,True,3.85%,,,False,458.2M,False,PNK,False,
SKHSF,"Sekisui House, Ltd.",19.856,2026-06-16T00:06:17.994169+00:00,False,+5.0%,True,$12871.4M,True,+75.2%,False,1.5K,False,$19.86 / SMA $21.27,False,2.51%,False,+1.7%,False,611.6M,False,OID,False,
SKHSY,"Sekisui House, Ltd.",20.59,2026-06-16T00:31:17.074542+00:00,False,+4.5%,True,$13347.2M,True,+75.2%,False,122.5K,False,$20.59 / SMA $21.50,False,2.03%,False,+1.7%,False,611.6M,False,OID,False,
SKLTF,SEEK Limited,8.825,2026-06-16T00:33:36.935280+00:00,False,+0.0%,True,$3152.5M,,N/A,False,0.0K,False,$8.82 / SMA $11.42,False,0.00%,,N/A,False,342.8M,False,PNK,False,
SKM,"SK Telecom Co., Ltd.",38.52,2026-06-15T23:54:27.187498+00:00,True,+95.9%,True,$14787.4M,,,True,2291.4K,True,$38.52 / SMA $37.90,True,5.07%,False,+-4.1%,False,264.8M,True,NYQ,False,
SKPJF,SKY Perfect JSAT Corporation,22.375,2026-06-16T00:18:30.084970+00:00,True,+219.6%,True,$6342.0M,,,False,0.0K,True,$22.38 / SMA $12.00,False,0.00%,,,True,121.4M,False,PNK,False,
SKPJY,SKY Perfect JSAT Corporation,47.85,2026-06-15T23:54:40.175480+00:00,True,+560.0%,True,$6781.3M,,,False,0.0K,True,$47.85 / SMA $42.01,False,0.22%,,,True,60.7M,False,PNK,False,
SKSUF,"Sekisui Chemical Co., Ltd.",14.69,2026-06-16T00:33:14.056779+00:00,False,+0.0%,True,$5930.4M,,N/A,False,0.0K,False,$14.69 / SMA $15.92,False,0.00%,,N/A,False,375.9M,False,PNK,False,
SKT,Tanger Inc.,40.61,2026-06-16T00:08:20.888888+00:00,False,+38.9%,True,$4665.1M,True,+41.2%,True,836.4K,True,$40.61 / SMA $36.48,False,2.12%,False,+11.1%,True,112.2M,True,NYQ,False,
SKUFF,AB SKF (publ),26.7,2026-06-15T23:54:32.618819+00:00,False,+24.0%,True,$12157.9M,False,+7.9%,False,0.0K,True,$26.70 / SMA $24.36,False,0.00%,False,+-11.5%,False,454.8M,False,PNK,False,
SKY,"Champion Homes, Inc.",78.61,2026-06-16T00:33:34.593211+00:00,False,+32.3%,True,$4315.2M,False,+-15.9%,True,650.6K,True,$78.61 / SMA $74.98,True,4.57%,False,+4.6%,True,54.0M,True,NYQ,False,
SKYH,Sky Harbour Group Corporation,9.4,2026-06-16T00:38:02.894649+00:00,False,+14.4%,True,$719.4M,False,+15.8%,False,156.1K,False,$9.40 / SMA $9.84,True,3.91%,True,+56.0%,True,19.3M,True,NYQ,False,
SKYT,SKYT,,2026-06-16T00:13:10.696394+00:00,False,,False,,False,,False,,False,,False,,False,,False,,False,Unknown,False,Too Many Requests. Rate limited. Try after a while.
SLB,SLB N.V.,53.71,2026-06-15T23:54:03.615065+00:00,False,+69.8%,True,$80299.5M,False,+-13.8%,True,15435.2K,False,$53.71 / SMA $54.61,True,3.03%,False,+2.7%,False,1490.4M,True,NYQ,False,
SLCJY,SLC Agrícola S.A.,2.82,2026-06-16T00:11:45.525894+00:00,False,+11.2%,True,$1400.3M,False,+-50.4%,False,10.2K,False,$2.82 / SMA $3.41,True,3.51%,False,+-6.0%,False,167.8M,False,PNK,False,
SLCVF,SLCVF,0.23,2026-06-16T00:37:33.766778+00:00,True,+91.7%,True,$1094.3M,False,+-455.6%,False,1.0K,False,$0.23 / SMA $0.29,False,0.00%,False,+-0.9%,False,3235.0M,False,PNK,False,
SLFIF,Sun Life Financial Inc.,15.75,2026-06-16T00:05:55.132726+00:00,False,+9.8%,,,,,False,0.0K,True,$15.75 / SMA $15.47,False,0.00%,False,+-22.7%,False,553.0M,False,PNK,False,
SLFPF,Aberdeen Group Plc,3.02,2026-06-15T23:56:21.524033+00:00,False,+23.3%,True,$5403.2M,,,False,0.3K,True,$3.02 / SMA $2.84,False,0.00%,,,False,1749.8M,False,PNK,False,
SLFPY,Aberdeen Group Plc,12.91,2026-06-16T00:08:09.355818+00:00,False,+30.4%,True,$5774.5M,,,False,0.4K,True,$12.91 / SMA $12.00,False,0.14%,,,False,437.4M,False,PNK,False,
SLG,SL Green Realty Corp.,51.45,2026-06-16T00:20:30.719701+00:00,False,+48.0%,True,$3961.8M,False,+-300.0%,True,1239.8K,True,$51.45 / SMA $43.75,True,3.57%,False,+6.5%,True,70.9M,True,NYQ,False,
SLLDY,Sanlam Limited,10.85,2026-06-16T00:31:25.353025+00:00,False,+15.7%,True,$11336.9M,,N/A,False,61.7K,True,$10.85 / SMA $10.60,False,1.80%,,N/A,False,846.5M,False,PNK,False,
SLM,SLM Corporation,21.92,2026-06-15T23:56:30.951764+00:00,False,+23.4%,True,$4134.0M,False,+10.0%,True,3033.4K,False,$21.92 / SMA $22.13,True,3.12%,False,+-3.6%,False,186.5M,True,NMS,False,
SLMBP,SLM Corporation,74.99,2026-06-16T00:08:19.393446+00:00,False,+6.2%,,,,,False,3.0K,True,$74.99 / SMA $73.55,False,0.41%,False,+-3.6%,False,186.5M,True,NMS,False,
SLOIF,Soitec SA,159.0,2026-06-16T00:06:30.757254+00:00,True,+547.1%,True,$5679.5M,,,False,23.0K,True,$159.00 / SMA $147.18,True,7.90%,,,True,27.1M,False,PNK,False,
SLP,"Simulations Plus, Inc.",16.37,2026-06-16T00:03:53.286625+00:00,False,+47.6%,True,$330.8M,True,+46.7%,False,323.3K,True,$16.37 / SMA $14.93,True,5.16%,False,+8.3%,True,16.7M,True,NMS,False,
SLRC,SLR Investment Corp.,12.54,2026-06-16T00:01:44.208619+00:00,False,+0.3%,True,$684.1M,False,+-16.2%,False,411.9K,False,$12.54 / SMA $13.85,False,1.90%,False,+-9.9%,,,True,NMS,False,
SLTCY,Siltronic AG,10.45,2026-06-16T00:33:42.540141+00:00,True,+132.2%,True,$3287.2M,,N/A,False,1.8K,True,$10.45 / SMA $9.53,False,0.80%,False,+-15.0%,False,150.9M,False,PNK,False,
SLVM,Sylvamo Corporation,41.02,2026-06-16T00:35:52.852985+00:00,False,+15.5%,True,$1630.0M,False,+-112.3%,False,370.7K,True,$41.02 / SMA $40.78,True,3.62%,False,+-8.0%,True,30.7M,True,NYQ,False,
SLVYY,Solvay SA,3.05,2026-06-16T00:33:43.513678+00:00,False,+10.1%,True,$3247.5M,False,+-68.8%,False,42.1K,True,$3.05 / SMA $2.97,False,1.40%,False,+-8.1%,False,661.2M,False,PNK,False,
SM,SM Energy Company,28.47,2026-06-16T00:06:29.376438+00:00,False,+63.2%,True,$6825.6M,False,+-205.7%,True,4778.5K,False,$28.47 / SMA $30.46,True,4.74%,True,+75.8%,False,237.5M,True,NYQ,False,
SMA,"SmartStop Self Storage REIT, Inc.",32.25,2026-06-16T00:35:43.552503+00:00,False,+9.7%,True,$1785.5M,True,+148.6%,True,804.3K,True,$32.25 / SMA $31.41,False,2.54%,False,+19.7%,True,54.9M,True,NYQ,False,
SMAWF,Siemens Aktiengesellschaft,296.88,2026-06-16T00:30:41.725078+00:00,False,+30.1%,True,$226443.2M,,N/A,False,5.6K,True,$296.88 / SMA $294.27,True,4.69%,False,+-0.0%,False,777.3M,False,PNK,False,
SMBMF,Seatrium Limited,1.525,2026-06-15T23:56:17.887842+00:00,False,+36.2%,True,$5167.8M,,,False,0.9K,False,$1.52 / SMA $1.78,False,0.61%,,,False,2164.0M,False,PNK,False,
SMBMY,Seatrium Limited,15.0,2026-06-16T00:33:14.676415+00:00,False,+0.0%,True,$5083.1M,,N/A,False,0.2K,False,$15.00 / SMA $18.19,False,0.01%,,N/A,False,216.4M,False,PNK,False,
SMC,Summit Midstream Corporation,28.92,2026-06-16T00:01:56.969367+00:00,False,+51.2%,True,$399.5M,False,+-168.8%,False,71.9K,False,$28.92 / SMA $30.02,True,4.29%,False,+4.9%,True,2.2M,True,NYQ,False,
SMCI,"Super Micro Computer, Inc.",30.85,2026-06-16T00:06:07.628248+00:00,False,+58.4%,True,$18553.8M,True,+323.5%,True,49867.5K,False,$30.85 / SMA $32.41,True,8.90%,True,+122.7%,False,509.4M,True,NMS,False,
SMDPY,"Sumitomo Pharma Co., Ltd.",9.05,2026-06-16T00:20:22.451223+00:00,False,+48.8%,True,$4059.8M,,,False,0.1K,False,$9.05 / SMA $10.95,False,0.40%,,,False,207.8M,False,PNK,False,
SMDRF,Sierra Madre Gold and Silver Ltd.,1.31,2026-06-16T00:40:17.675939+00:00,True,+217.0%,False,$257.7M,,N/A,False,68.4K,False,$1.31 / SMA $1.35,True,7.15%,True,+103.8%,True,131.6M,False,OQX,False,
SMECF,SMC Corporation,414.24,2026-06-16T00:31:03.861820+00:00,False,+47.4%,True,$26610.9M,,N/A,False,1.0K,False,$414.24 / SMA $438.18,True,6.22%,,N/A,True,55.9M,False,PNK,False,
SMERY,SMERY,176.65,2026-06-16T00:17:32.508144+00:00,True,+81.3%,True,$150302.4M,,,False,156.6K,False,$176.65 / SMA $196.97,True,3.45%,False,+3.3%,False,788.7M,False,PNK,False,
SMFG,"Sumitomo Mitsui Financial Group, Inc.",24.3,2026-06-15T23:54:00.037851+00:00,False,+68.8%,True,$154386.0M,,,True,2130.7K,True,$24.30 / SMA $21.89,False,1.67%,True,+25.4%,False,6358.3M,True,NYQ,False,
SMFRF,"Sumitomo Forestry Co., Ltd.",8.5,2026-06-16T00:33:23.504272+00:00,False,+6.9%,True,$5211.9M,,N/A,False,1.5K,False,$8.50 / SMA $8.72,False,1.14%,,N/A,False,161.6M,False,PNK,False,
SMGRF,Summerset Group Holdings Limited,4.7,2026-06-16T00:37:45.030135+00:00,False,+4.0%,True,$1140.3M,,N/A,False,0.0K,False,$4.70 / SMA $4.90,False,0.00%,,N/A,False,228.9M,False,PNK,False,
SMGSY,SMGSY,6.72,2026-06-16T00:09:57.495737+00:00,False,+1.7%,,,,,False,0.1K,False,$6.72 / SMA_short $7.18,False,0.58%,,,False,205.9M,False,PNK,False,
SMGZY,Smiths Group plc,34.11,2026-06-15T23:54:34.029129+00:00,False,+20.6%,True,$10235.4M,,,False,39.8K,False,$34.11 / SMA $34.16,False,1.52%,,,False,318.9M,False,OID,False,
SMIZF,"Meliá Hotels International, S.A.",13.25,2026-06-16T00:22:08.299150+00:00,True,+82.8%,True,$3003.5M,False,+-100.0%,False,0.4K,True,$13.25 / SMA $12.94,False,0.00%,False,+3.9%,True,80.6M,False,PNK,False,
SMMYY,"Sumitomo Metal Mining Co., Ltd.",13.58,2026-06-15T23:54:24.299788+00:00,True,+148.7%,True,$14593.5M,,,False,116.6K,False,$13.58 / SMA $15.06,False,2.79%,,,False,1022.8M,False,PNK,False,
SMNR,"Semnur Pharmaceuticals, Inc.",2.8,2026-06-16T00:00:06.253034+00:00,False,+12.0%,True,$644.6M,,,False,0.1K,False,$2.80 / SMA $5.90,False,1.76%,,,True,29.7M,False,PNK,False,
SMP,"Standard Motor Products, Inc.",39.02,2026-06-16T00:37:55.938763+00:00,False,+32.5%,True,$868.7M,True,+33.9%,False,121.6K,True,$39.02 / SMA $37.97,True,3.56%,False,+9.1%,True,21.0M,True,NYQ,False,
SMPL,The Simply Good Foods Company,12.51,2026-06-16T00:00:09.982190+00:00,False,+22.5%,True,$1158.1M,False,+-580.6%,True,2848.0K,True,$12.51 / SMA $12.22,True,3.92%,False,+-9.4%,True,82.2M,True,NCM,False,
SMR,NuScale Power Corporation,10.64,2026-06-15T23:56:31.369341+00:00,False,+20.2%,True,$3682.6M,False,+-27.3%,True,32657.0K,False,$10.64 / SMA $11.48,True,9.19%,False,+-95.8%,False,339.3M,True,NYQ,False,
SMSSY,"SMS Co., Ltd.",6.4,2026-06-16T00:37:47.204256+00:00,False,+44.8%,True,$1264.3M,,N/A,False,0.0K,True,$6.40 / SMA $5.52,False,0.00%,,N/A,True,93.9M,False,PNK,False,
SMSZF,"SMS Co., Ltd.",8.56,2026-06-16T00:11:52.970829+00:00,False,+0.0%,True,$702.6M,,,False,0.0K,False,$8.56 / SMA $8.56,False,0.00%,,,True,47.0M,False,PNK,False,
SMTC,Semtech Corporation,174.3,2026-06-16T00:18:15.610191+00:00,True,+336.1%,True,$16236.2M,False,+22.7%,True,3174.5K,True,$174.30 / SMA $126.89,True,8.87%,False,+15.9%,True,92.6M,True,NMS,False,
SMTGF,SMA Solar Technology AG,56.38,2026-06-15T23:58:12.759905+00:00,True,+209.8%,True,$1956.4M,False,+-131.2%,False,0.2K,False,$56.38 / SMA $63.54,False,0.59%,False,+4.0%,True,26.8M,False,PNK,False,
SMTGY,SMA Solar Technology AG,5.55,2026-06-16T00:09:59.921735+00:00,True,+203.3%,True,$1925.9M,False,+-131.2%,False,1.6K,False,$5.55 / SMA $6.53,True,3.83%,False,+4.0%,False,267.6M,False,PNK,False,
SMTOY,"Sumitomo Electric Industries, Ltd.",70.66,2026-06-16T00:17:42.647007+00:00,True,+269.9%,True,$55109.1M,,,False,79.0K,True,$70.66 / SMA $69.73,True,4.92%,,,False,766.8M,False,PNK,False,
SMTUF,"Sumitomo Rubber Industries, Ltd.",13.668,2026-06-16T00:20:27.703369+00:00,False,+22.1%,True,$3592.4M,,,False,0.0K,True,$13.67 / SMA $12.88,False,0.00%,,,False,186.7M,False,PNK,False,
SNA,Snap-on Incorporated,386.63,2026-06-16T00:31:09.921888+00:00,False,+28.1%,True,$20028.2M,False,+4.0%,False,376.1K,True,$386.63 / SMA $373.93,False,1.85%,False,+5.2%,True,50.5M,True,NYQ,False,
SNDK,Sandisk Corporation,2107.86,2026-06-15T23:53:58.793559+00:00,True,+5156.5%,True,$312152.5M,True,+272.8%,True,15304.9K,True,$2107.86 / SMA $1321.48,True,8.52%,True,+251.0%,True,146.0M,True,NMS,True,
SNDR,"Schneider National, Inc.",37.69,2026-06-16T00:20:12.141102+00:00,True,+87.4%,True,$6600.4M,False,+-20.0%,True,1092.4K,True,$37.69 / SMA $32.09,True,3.45%,False,+-0.2%,True,67.2M,True,NYQ,False,
SNEJF,Sony Group Corporation,22.15,2026-06-15T23:54:00.717057+00:00,False,+18.6%,True,$130460.5M,False,+-57.4%,False,144.7K,True,$22.15 / SMA $21.30,True,9.00%,,,False,5905.3M,False,PNK,False,
SNGNF,Singapore Telecommunications Limited,3.31,2026-06-15T23:54:06.492355+00:00,False,+16.1%,True,$54305.9M,,,False,5.5K,False,$3.31 / SMA $3.62,False,0.55%,,,False,7931.4M,False,PNK,False,
SNLAF,Sino Land Company Limited,1.32,2026-06-16T00:06:12.789117+00:00,False,+28.2%,True,$12653.7M,,,False,0.2K,False,$1.32 / SMA $1.53,False,0.00%,,,False,3814.9M,False,PNK,False,
SNLAY,Sino Land Company Limited,7.18,2026-06-16T00:31:14.565965+00:00,False,+47.7%,True,$13765.7M,,N/A,False,3.7K,False,$7.18 / SMA $7.98,True,4.84%,,N/A,False,763.0M,False,PNK,False,
SNLRF,Sanlorenzo S.p.A.,43.64,2026-06-16T00:24:05.908589+00:00,False,+34.9%,True,$1548.1M,False,+4.1%,False,0.1K,True,$43.64 / SMA $40.20,False,0.01%,False,+3.2%,True,9.8M,False,PNK,False,
SNMSF,Spin Master Corp.,13.65,2026-06-16T00:24:09.984803+00:00,False,+7.9%,True,$1373.4M,,,False,14.0K,False,$13.65 / SMA $13.69,False,0.34%,False,+-49.4%,True,30.6M,False,PNK,False,
SNMYF,Suncorp Group Limited,13.09,2026-06-16T00:18:11.250593+00:00,False,+20.9%,True,$14176.0M,,,False,0.3K,True,$13.09 / SMA $12.18,False,0.19%,,,False,1068.8M,False,PNK,False,
SNN,Smith & Nephew plc,30.46,2026-06-15T23:54:28.909783+00:00,False,+7.3%,True,$12903.6M,,,True,1085.7K,False,$30.46 / SMA $31.25,False,1.63%,,,False,2099.1M,True,NYQ,False,
SNNRF,SNNRF,52.57,2026-06-16T00:08:21.834028+00:00,False,+8.6%,,,,,False,5.7K,False,$52.57 / SMA_short $56.97,False,0.15%,,,True,47.4M,False,PNK,False,
SNOW,Snowflake Inc.,240.78,2026-06-16T00:30:51.027574+00:00,True,+103.5%,True,$83454.3M,True,+33.3%,True,8385.0K,True,$240.78 / SMA $174.68,True,5.75%,True,+33.5%,False,337.8M,True,NYQ,False,
SNPHY,"Santen Pharmaceutical Co., Ltd.",12.0,2026-06-16T00:08:22.247716+00:00,False,+30.2%,True,$3860.2M,,,False,12.4K,True,$12.00 / SMA $11.41,False,2.73%,,,False,321.7M,False,PNK,False,
SNPS,"Synopsys, Inc.",454.38,2026-06-16T00:05:46.468572+00:00,False,+20.8%,True,$87004.4M,False,+-95.9%,True,1824.5K,False,$454.38 / SMA $476.05,True,4.29%,True,+41.9%,False,190.4M,True,NMS,False,
SNPTF,Sunny Optical Technology (Group) Company Limited,9.6,2026-06-16T00:31:29.763643+00:00,False,+45.2%,True,$10312.1M,,N/A,False,0.0K,True,$9.60 / SMA $7.82,False,0.00%,,N/A,False,648.9M,False,PNK,False,
SNROY,SNROY,10.97,2026-06-15T23:56:15.332666+00:00,False,+14.4%,True,$6650.3M,,,False,2.6K,False,$10.97 / SMA $12.20,False,2.05%,,,,,False,PNK,False,
SNTMF,SenseTime Group Inc.,0.23362,2026-06-16T00:31:24.693817+00:00,True,+367.2%,True,$9729.2M,,N/A,False,0.3K,False,$0.23 / SMA $0.26,False,0.00%,,N/A,False,30558.1M,False,PNK,False,
SNTNF,SNTNF,0.7562,2026-06-16T00:13:37.933573+00:00,True,+7462.0%,True,$745.4M,,,False,0.0K,True,$0.76 / SMA $0.34,False,0.00%,,,False,664.2M,False,PNK,False,
SNWGF,Snowline Gold Corp.,8.89,2026-06-16T00:10:07.228233+00:00,False,+64.3%,True,$1565.6M,False,+-150.0%,False,221.0K,False,$8.89 / SMA $10.66,True,6.08%,,,True,130.7M,False,OQB,False,
SNY,Sanofi,43.8,2026-06-15T23:54:02.211017+00:00,False,+3.6%,True,$104847.1M,False,+-11.8%,True,2788.2K,False,$43.80 / SMA $44.02,False,1.30%,False,+6.0%,False,2174.7M,True,NMS,False,
SNYNF,Sanofi,88.55,2026-06-15T23:54:02.412319+00:00,False,+6.5%,True,$105984.1M,False,+-11.8%,False,1.5K,False,$88.55 / SMA $89.88,False,0.44%,False,+6.0%,False,1087.4M,False,PNK,False,
SOAGY,Sartorius Aktiengesellschaft,53.48,2026-06-15T23:54:23.864291+00:00,False,+30.6%,True,$18464.6M,,,False,12.5K,True,$53.48 / SMA $52.82,False,2.14%,False,+-0.8%,True,137.3M,False,PNK,False,
SOBKY,SoftBank Corp.,13.33,2026-06-16T00:17:40.975960+00:00,False,+7.2%,True,$63719.1M,,,False,168.4K,False,$13.33 / SMA $13.77,False,1.09%,,,False,2841.2M,False,PNK,False,
SOC,Sable Offshore Corp.,10.6,2026-06-16T00:35:33.209706+00:00,True,+184.9%,True,$1636.2M,False,+-5.4%,True,4142.5K,False,$10.60 / SMA $13.55,True,9.35%,,N/A,True,100.5M,True,NYQ,False,
SOFI,"SoFi Technologies, Inc.",17.13,2026-06-15T23:54:21.062478+00:00,False,+20.4%,True,$21973.4M,True,+100.0%,True,67847.1K,True,$17.13 / SMA $16.86,True,5.25%,True,+42.6%,False,1263.1M,True,NMS,False,
SOFWF,SOFWF,16.0,2026-06-16T00:13:43.841268+00:00,True,+174.0%,True,$580.7M,,,False,0.0K,True,$16.00 / SMA $14.35,False,0.00%,True,+33.2%,True,17.1M,False,PNK,False,
SOHVY,"Sumitomo Heavy Industries, Ltd.",8.01,2026-06-15T23:56:32.711444+00:00,False,+61.8%,True,$3826.5M,,,False,0.2K,False,$8.01 / SMA $8.32,False,0.00%,,,False,456.7M,False,PNK,False,
SOLTF,"Nxera Pharma Co., Ltd.",6.185,2026-06-16T00:38:02.772080+00:00,False,+26.2%,True,$567.4M,,N/A,False,1.1K,False,$6.18 / SMA $6.42,False,0.00%,,N/A,True,69.1M,False,PNK,False,
SOMLF,"SECOM CO., LTD.",40.05,2026-06-16T00:18:05.979022+00:00,False,+20.1%,True,$16146.6M,,,False,0.0K,True,$40.05 / SMA $35.86,False,0.00%,,,False,404.4M,False,PNK,False,
SON,Sonoco Products Company,50.35,2026-06-16T00:20:20.874436+00:00,False,+30.3%,True,$4978.0M,False,+23.6%,True,1276.5K,False,$50.35 / SMA $50.56,True,3.09%,False,+-1.9%,True,97.7M,True,NYQ,False,
SONO,"Sonos, Inc.",14.9,2026-06-15T23:59:53.094176+00:00,False,+54.4%,True,$1775.0M,True,+58.6%,True,1402.3K,True,$14.90 / SMA $14.78,True,4.41%,False,+8.4%,True,98.8M,True,NMS,False,
SONVF,Sonova Holding AG,241.76,2026-06-16T00:06:14.037428+00:00,False,+15.9%,True,$14361.7M,,,False,0.1K,True,$241.76 / SMA $239.97,False,0.46%,,,True,59.2M,False,PNK,False,
SONY,Sony Group Corporation,20.4,2026-06-16T00:30:44.419630+00:00,False,+3.9%,True,$120153.3M,False,+-57.4%,True,6242.7K,False,$20.40 / SMA $21.30,False,1.72%,,N/A,False,5905.3M,True,NYQ,False,
SOOBF,Sapporo Holdings Limited,10.66,2026-06-16T00:20:22.638952+00:00,False,+26.6%,True,$4155.7M,,,False,0.1K,True,$10.66 / SMA $10.02,False,0.08%,,,False,313.1M,False,PNK,False,
SOPH,SOPHiA GENETICS SA,5.01,2026-06-16T00:40:10.662468+00:00,True,+93.4%,True,$359.7M,False,+-3.8%,False,104.7K,True,$5.01 / SMA $4.99,True,6.19%,False,+22.0%,True,51.7M,True,NMS,False,
SOR,Source Capital,46.0,2026-06-16T00:03:47.073513+00:00,False,+9.6%,True,$378.6M,,,False,13.1K,True,$46.00 / SMA $45.66,False,1.56%,,,,,True,NYQ,False,
SORN,Soren Acquisition Corp.,9.92,2026-06-16T00:40:11.716354+00:00,False,+1.1%,True,$344.6M,,N/A,False,19.2K,True,$9.92 / SMA $9.91,False,0.05%,,N/A,True,20.7M,True,NGM,False,
SOUHY,South32 Limited,16.14,2026-06-15T23:54:27.544776+00:00,True,+100.0%,True,$14582.3M,,,False,72.5K,True,$16.14 / SMA $15.86,False,2.22%,,,False,846.2M,False,PNK,False,
SPASF,SATS Ltd.,2.67,2026-06-16T00:20:25.024682+00:00,False,+34.8%,True,$3943.9M,,,False,0.0K,False,$2.67 / SMA $2.77,False,0.02%,False,+9.8%,False,875.3M,False,PNK,False,
SPB,"Spectrum Brands Holdings, Inc.",84.55,2026-06-16T00:22:26.073780+00:00,False,+69.1%,True,$1961.1M,True,+3033.3%,False,357.5K,True,$84.55 / SMA $80.09,True,3.39%,False,+4.9%,True,20.1M,True,NYQ,False,
SPCE,"Virgin Galactic Holdings, Inc.",3.56,2026-06-16T00:26:57.112504+00:00,False,+67.1%,True,$395.8M,True,+66.0%,True,27231.6K,True,$3.56 / SMA $3.34,True,23.61%,False,+-50.8%,True,100.5M,True,NYQ,False,
SPG,"Simon Property Group, Inc.",215.66,2026-06-16T00:30:50.611500+00:00,False,+38.3%,True,$81946.4M,False,+16.5%,True,1596.1K,True,$215.66 / SMA $201.77,False,1.78%,False,+19.3%,False,320.6M,True,NYQ,False,
SPGDF,Springer Nature AG & Co. KGaA,21.8,2026-06-16T00:20:20.647753+00:00,True,+217900.0%,,,,,False,1.0K,True,$21.80 / SMA_short $21.78,,,,,,,False,PNK,False,
SPGNY,Springer Nature AG & Co. KGaA,11.36,2026-06-16T00:33:26.022853+00:00,False,+3.0%,True,$2259.4M,,N/A,False,0.1K,True,$11.36 / SMA_short $11.04,False,0.00%,,N/A,True,53.3M,False,PNK,False,
SPH,"Suburban Propane Partners, L.P.",17.45,2026-06-16T00:00:01.860114+00:00,False,+0.9%,True,$1157.7M,False,+-1.9%,False,133.5K,False,$17.45 / SMA $19.36,False,2.56%,False,+-6.2%,True,64.3M,True,NYQ,False,
SPHR,Sphere Entertainment Co.,154.38,2026-06-16T00:20:19.747394+00:00,True,+307.4%,True,$5525.6M,True,+98.2%,True,776.5K,True,$154.38 / SMA $135.75,True,4.71%,True,+37.7%,True,24.6M,True,NYQ,True,
SPIIY,SPIIY,15.375,2026-06-15T23:54:35.523538+00:00,False,+42.5%,True,$10388.9M,,,False,2.1K,True,$15.38 / SMA $14.13,False,1.29%,,,False,617.1M,False,PNK,False,
SPIR,"Spire Global, Inc.",18.44,2026-06-16T00:01:56.645879+00:00,True,+179.4%,True,$713.8M,,,True,1839.4K,False,$18.44 / SMA $18.97,True,11.93%,False,+-26.9%,True,36.0M,True,NYQ,False,
SPIWF,SPIE SA,54.85,2026-06-16T00:06:24.422842+00:00,True,+78.0%,True,$9265.5M,,,False,0.1K,False,$54.85 / SMA $56.12,False,0.00%,,,False,154.3M,False,PNK,False,
SPPJY,Sappi Limited,0.72,2026-06-16T00:02:05.203615+00:00,False,+9.1%,True,$437.1M,False,+-666.7%,False,8.5K,False,$0.72 / SMA $0.95,True,4.28%,False,+-2.1%,False,483.6M,False,OQX,False,
SPPP,Sprott Physical Platinum & Palladium Tr,13.97,2026-06-16T00:26:13.075362+00:00,False,+24.7%,True,$608.9M,False,+-244.4%,True,577.8K,False,$13.97 / SMA $15.40,False,2.46%,False,+-427.4%,,,True,ASE,False,
SPRY,"ARS Pharmaceuticals, Inc.",9.81,2026-06-16T00:01:34.448738+00:00,False,+47.3%,True,$974.2M,False,+-74.3%,True,1690.3K,True,$9.81 / SMA $8.47,True,7.23%,True,+184.5%,True,42.5M,True,NGM,False,
SPSTY,Singapore Post Limited,4.82,2026-06-16T00:01:58.891454+00:00,False,+6.2%,True,$542.8M,,,False,0.4K,False,$4.82 / SMA $5.34,False,0.00%,,,True,81.2M,False,PNK,False,
SPT,"Sprout Social, Inc.",7.25,2026-06-16T00:26:42.604444+00:00,False,+47.4%,True,$435.8M,True,+42.1%,True,1543.8K,True,$7.25 / SMA $6.46,True,5.86%,False,+11.2%,True,53.2M,True,NCM,False,
SPTJF,Sinopec Shanghai Petrochemical Company Limited,0.15,2026-06-16T00:33:40.097625+00:00,False,+15.7%,True,$3432.0M,True,+587.5%,False,3.1K,False,$0.15 / SMA $0.16,False,0.25%,False,+-9.5%,False,3734.6M,False,PNK,False,
SPXC,"SPX Technologies, Inc.",237.06,2026-06-16T00:31:24.535801+00:00,False,+55.2%,True,$11868.4M,False,+9.2%,True,590.9K,True,$237.06 / SMA $215.42,True,4.62%,False,+17.4%,True,48.9M,True,NYQ,False,
SPXCF,Singapore Exchange Limited,18.45,2026-06-16T00:31:10.346428+00:00,True,+71.8%,True,$19754.1M,,N/A,False,2.2K,True,$18.45 / SMA $16.78,False,1.64%,,N/A,False,1063.1M,False,OQX,False,
SPXX,Nuveen S&P 500 Dynamic Overwrite Fund,18.12,2026-06-16T00:35:30.199178+00:00,False,+14.8%,True,$325.7M,,N/A,False,245.4K,True,$18.12 / SMA $17.71,False,1.13%,,N/A,,N/A,True,NYQ,False,
SRCE,1st Source Corporation,77.4,2026-06-15T23:59:54.019761+00:00,False,+36.1%,True,$1862.9M,False,+7.2%,False,139.5K,True,$77.40 / SMA $73.68,False,2.05%,False,+8.7%,True,17.7M,True,NMS,False,
SRE,Sempra,91.93,2026-06-16T00:17:41.980504+00:00,False,+25.8%,True,$60095.3M,False,+13.7%,True,3483.5K,False,$91.93 / SMA $92.92,False,1.97%,False,+-3.9%,False,652.5M,True,NYQ,False,
SREMF,Sunrise Energy Metals Limited,9.6,2026-06-16T00:11:44.283658+00:00,True,+2928.4%,True,$1476.3M,,,False,36.1K,True,$9.60 / SMA $8.99,True,8.15%,,,True,78.0M,False,OQX,False,
SRRK,Scholar Rock Holding Corporation,45.92,2026-06-15T23:56:20.852723+00:00,False,+69.6%,True,$5502.5M,False,+-23.9%,True,1458.4K,False,$45.92 / SMA $47.69,True,4.67%,,,True,91.8M,True,NMS,False,
SRRTF,Slate Grocery REIT,12.43,2026-06-16T00:38:00.024056+00:00,False,+25.8%,True,$738.9M,False,+16.7%,False,13.0K,True,$12.43 / SMA $11.80,False,1.82%,False,+11.8%,True,59.0M,False,PNK,False,
SRTA,"Strata Critical Medical, Inc.",5.89,2026-06-16T00:13:46.996439+00:00,False,+65.0%,True,$509.6M,True,+175.0%,True,869.8K,True,$5.89 / SMA $5.25,True,5.31%,True,+87.4%,True,61.8M,True,NCM,False,
SRTOY,Sartorius Stedim Biotech S.A.,20.16,2026-06-16T00:06:09.869436+00:00,False,+16.9%,True,$19611.2M,,,False,52.7K,True,$20.16 / SMA $19.97,True,4.46%,False,+1.4%,False,276.0M,False,PNK,False,
SRTTY,"ZOZO, Inc.",6.31,2026-06-15T23:56:21.247325+00:00,False,+9.9%,True,$5580.1M,,,False,3.8K,False,$6.31 / SMA $6.53,True,8.73%,,,False,412.6M,False,PNK,False,
SRV,NXG Cushing Midstream Energy Fund,46.97,2026-06-16T00:03:53.841330+00:00,False,+23.2%,False,$219.2M,,,False,56.4K,False,$46.97 / SMA $46.98,False,2.42%,,,,,True,NYQ,False,
SRZN,"Surrozen, Inc.",23.14,2026-06-16T00:03:53.606379+00:00,True,+189.2%,False,$268.7M,False,+-56.8%,False,103.2K,False,$23.14 / SMA $28.05,True,8.24%,True,+408.6%,True,5.1M,True,NCM,False,
SSAAF,SSAB AB (publ),8.25,2026-06-15T23:54:36.504790+00:00,False,+45.0%,True,$8222.1M,True,+235.4%,False,0.2K,False,$8.25 / SMA $8.74,False,0.00%,False,+7.3%,False,996.2M,False,PNK,False,
SSB,SouthState Bank Corporation,97.6,2026-06-15T23:54:36.220791+00:00,False,+15.5%,True,$9532.4M,True,+162.1%,True,826.6K,True,$97.60 / SMA $95.71,False,1.91%,False,+4.9%,True,96.7M,True,NYQ,False,
SSD,"Simpson Manufacturing Co., Inc.",193.64,2026-06-16T00:06:30.269419+00:00,False,+27.9%,True,$7966.0M,False,+15.1%,False,296.0K,True,$193.64 / SMA $184.64,False,2.78%,False,+9.1%,True,40.9M,True,NYQ,False,
SSDOF,"Shiseido Company, Limited",17.25,2026-06-15T23:54:39.425559+00:00,False,+14.6%,True,$6892.3M,,,False,0.0K,False,$17.25 / SMA $19.92,False,0.00%,,,False,361.9M,False,PNK,False,
SSDOY,"Shiseido Company, Limited",16.38,2026-06-16T00:18:34.908903+00:00,False,+20.4%,True,$6544.7M,,,False,47.2K,False,$16.38 / SMA $19.10,False,1.51%,,,False,361.9M,False,PNK,False,
SSL,Sasol Limited,11.39,2026-06-16T00:18:33.683582+00:00,True,+164.9%,True,$7261.6M,,,True,2114.7K,False,$11.39 / SMA $13.08,False,2.66%,,,False,578.5M,True,NYQ,False,
SSLLF,Siltronic AG,102.2,2026-06-16T00:09:52.521651+00:00,True,+152.0%,True,$3214.8M,,,False,0.2K,True,$102.20 / SMA $92.28,False,1.45%,False,+-15.0%,True,15.1M,False,PNK,False,
SSLZY,Santos Limited,5.85,2026-06-15T23:54:21.866651+00:00,False,+49.6%,True,$18999.5M,,,False,106.9K,True,$5.85 / SMA $5.63,False,1.75%,,,False,3197.3M,False,PNK,False,
SSMXF,Sysmex Corporation,8.85,2026-06-15T23:56:22.147785+00:00,False,+11.0%,True,$5445.5M,,,False,0.2K,True,$8.85 / SMA $8.54,False,0.00%,,,False,529.3M,False,PNK,False,
SSNC,"SS&C Technologies Holdings, Inc.",67.42,2026-06-16T00:31:13.757502+00:00,False,+4.5%,True,$16237.0M,False,+8.3%,True,2677.4K,False,$67.42 / SMA $68.23,False,2.73%,False,+8.8%,False,206.8M,True,NMS,False,
SSP,The E.W. Scripps Company,2.89,2026-06-16T00:15:41.112896+00:00,True,+90.3%,False,$264.6M,False,+9.0%,True,670.4K,False,$2.89 / SMA $3.99,True,6.42%,False,+-1.4%,True,53.6M,True,NMS,False,
SSREY,Swiss Re AG,37.95,2026-06-16T00:17:47.312178+00:00,False,+5.4%,True,$44906.9M,,,False,56.7K,False,$37.95 / SMA $39.41,False,1.17%,,,False,1109.0M,False,PNK,False,
SSSS,SuRo Capital Corp.,13.56,2026-06-16T00:40:07.905331+00:00,True,+90.7%,True,$353.5M,True,+17366.7%,False,330.5K,True,$13.56 / SMA $13.37,True,3.72%,True,+7498.2%,True,23.9M,True,NMS,False,
SSTK,"Shutterstock, Inc.",13.62,2026-06-16T00:38:07.217451+00:00,False,+6.6%,True,$500.4M,False,+-352.8%,False,378.2K,False,$13.62 / SMA $15.70,True,5.74%,False,+-17.9%,True,25.2M,True,NYQ,False,
SSUMF,Sumitomo Corporation,37.5,2026-06-15T23:54:07.611161+00:00,False,+56.2%,True,$44739.9M,,,False,4.5K,False,$37.50 / SMA $41.58,False,1.85%,,,False,1192.1M,False,PNK,False,
SSYS,Stratasys Ltd.,8.9,2026-06-16T00:01:35.274837+00:00,False,+21.3%,True,$772.6M,False,+-55.6%,True,879.4K,True,$8.90 / SMA $8.84,True,5.53%,False,+-2.5%,True,57.0M,True,NMS,False,
STBA,"S&T Bancorp, Inc.",47.26,2026-06-16T00:11:44.824908+00:00,False,+39.0%,True,$1700.3M,False,+8.0%,False,252.1K,True,$47.26 / SMA $44.33,False,2.14%,False,+8.9%,True,35.5M,True,NMS,False,
STBFY,Suntory Beverage & Food Limited,13.33,2026-06-15T23:54:39.095401+00:00,False,+3.9%,True,$8237.9M,,,False,140.6K,False,$13.33 / SMA $13.87,False,0.92%,,,False,247.0M,False,PNK,False,
STE,STERIS plc,205.93,2026-06-16T00:18:02.000357+00:00,False,+5.5%,True,$20069.5M,True,+51.4%,True,760.0K,False,$205.93 / SMA $215.13,False,2.40%,False,+7.3%,True,97.2M,True,NYQ,False,
STEW,"SRH Total Return Fund, Inc.",17.85,2026-06-16T00:35:47.462699+00:00,False,+7.9%,True,$1721.5M,,N/A,False,79.0K,True,$17.85 / SMA $17.60,False,0.98%,,N/A,,N/A,True,NYQ,False,
STGPF,Scentre Group,2.65,2026-06-16T00:18:11.969509+00:00,False,+32.5%,True,$14726.2M,,,False,6.4K,True,$2.65 / SMA $2.62,False,0.00%,,,False,5190.1M,False,PNK,False,
STGW,Stagwell Inc.,6.59,2026-06-16T00:22:29.369334+00:00,False,+54.0%,True,$1633.4M,False,+-66.7%,True,1463.7K,True,$6.59 / SMA $6.58,True,4.81%,False,+8.0%,True,104.0M,True,NMS,False,
STHRF,Strathcona Resources Ltd.,31.87,2026-06-16T00:31:33.473050+00:00,True,+74.8%,True,$6846.3M,,N/A,False,48.0K,True,$31.87 / SMA $31.07,True,4.45%,False,+-13.3%,True,62.9M,False,PNK,False,
STLA,Stellantis N.V.,7.04,2026-06-16T00:31:01.841461+00:00,False,+12.1%,True,$20398.5M,,N/A,True,20320.0K,False,$7.04 / SMA $7.67,True,3.39%,,N/A,False,2441.4M,True,NYQ,False,
STLJF,Stella-Jones Inc.,58.21,2026-06-16T00:09:58.904500+00:00,False,+12.8%,True,$3175.7M,False,+18.3%,False,3.2K,True,$58.21 / SMA $58.08,False,0.17%,False,+8.4%,True,54.4M,False,PNK,False,
STM,STMicroelectronics N.V.,78.95,2026-06-16T00:05:50.430184+00:00,True,+274.0%,True,$70170.3M,False,+-33.3%,True,11742.6K,True,$78.95 / SMA $58.27,True,4.97%,False,+23.0%,False,637.7M,True,NYQ,False,
STMEF,STMicroelectronics N.V.,78.6,2026-06-16T00:30:51.608228+00:00,True,+240.0%,True,$69859.2M,False,+-33.3%,False,152.9K,True,$78.60 / SMA $56.62,False,1.66%,False,+23.0%,False,637.7M,False,PNK,False,
STMRF,Stanmore Resources Limited,1.79,2026-06-15T23:59:56.606069+00:00,False,+53.0%,True,$1613.5M,,,False,11.2K,True,$1.79 / SMA $1.74,False,0.13%,,,True,11.3M,False,OQX,False,
STMZF,Scottish Mortgage Investment Trust PLC,19.25,2026-06-16T00:18:00.980055+00:00,False,+48.1%,,,,,False,13.6K,False,$19.25 / SMA $19.56,False,2.96%,,,,,False,PNK,False,
STN,Stantec Inc.,71.25,2026-06-16T00:18:26.648615+00:00,False,+0.6%,True,$8127.3M,False,+10.2%,False,376.4K,False,$71.25 / SMA $82.69,True,3.08%,False,+7.5%,True,113.7M,True,NYQ,False,
STNE,StoneCo Ltd.,10.99,2026-06-16T00:35:26.316360+00:00,False,+16.3%,True,$2673.1M,True,+273.9%,True,5563.9K,False,$10.99 / SMA $11.25,True,4.55%,False,+6.5%,False,216.3M,True,NMS,False,
STNG,Scorpio Tankers Inc.,78.75,2026-06-16T00:08:20.044953+00:00,True,+102.8%,True,$3919.3M,True,+254.1%,True,1101.3K,True,$78.75 / SMA $78.25,True,3.11%,True,+46.2%,True,38.9M,True,NYQ,True,
STOHF,Equinor ASA,36.1,2026-06-16T00:17:36.492088+00:00,False,+62.5%,True,$89913.5M,True,+29.2%,False,119.9K,False,$36.10 / SMA $38.05,False,0.25%,False,+-5.3%,False,621.3M,False,PNK,False,
STRA,"Strategic Education, Inc.",74.03,2026-06-16T00:35:45.106010+00:00,False,+6.2%,True,$1682.7M,False,+19.4%,False,284.1K,False,$74.03 / SMA $79.02,False,2.93%,False,+0.8%,True,21.5M,True,NMS,False,
STRD,Strategy Inc,68.23,2026-06-15T23:54:07.021244+00:00,False,+6.3%,,,,,False,101.3K,False,$68.23 / SMA $74.30,False,2.65%,False,+11.9%,False,329.9M,True,NMS,False,
STRF,Strategy Inc,94.55,2026-06-16T00:17:43.013800+00:00,False,+3.9%,,,,,False,107.6K,False,$94.55 / SMA $98.75,False,1.49%,False,+11.9%,False,329.9M,True,NMS,False,
STRNY,Severn Trent PLC,39.77,2026-06-16T00:31:18.477494+00:00,False,+17.9%,True,$12000.6M,,N/A,False,19.2K,False,$39.77 / SMA $41.35,False,1.55%,,N/A,False,264.3M,False,PNK,False,
STRO,"Sutro Biopharma, Inc.",30.2,2026-06-16T00:39:56.564180+00:00,True,+350.7%,True,$500.4M,True,+67.6%,False,269.6K,False,$30.20 / SMA $31.62,True,10.94%,False,+-16.5%,True,10.3M,True,NGM,False,
STRT,Strattec Security Corporation,78.71,2026-06-16T00:28:37.971746+00:00,False,+42.2%,True,$328.9M,False,+-40.9%,False,101.9K,True,$78.71 / SMA $75.11,True,4.79%,False,+-4.5%,True,4.0M,True,NGM,False,
STRZ,Starz Entertainment Corp.,28.14,2026-06-16T00:26:47.652918+00:00,True,+235.0%,True,$472.5M,False,+-436.8%,False,157.5K,True,$28.14 / SMA $20.94,True,7.18%,False,+-11.5%,True,12.0M,True,NMS,False,
STT,State Street Corporation,167.37,2026-06-15T23:54:10.505134+00:00,True,+74.1%,True,$46322.5M,False,+22.1%,True,2049.1K,True,$167.37 / SMA $151.98,False,2.24%,False,+15.6%,False,346.4M,True,NYQ,False,
STTK,"Shattuck Labs, Inc.",4.63,2026-06-16T00:39:50.333568+00:00,True,+550.3%,True,$442.2M,True,+51.9%,True,695.4K,False,$4.63 / SMA $6.34,True,10.64%,,N/A,True,52.6M,True,NMS,False,
STUB,"StubHub Holdings, Inc.",11.5,2026-06-16T00:20:26.405470+00:00,True,+100.3%,True,$4317.5M,True,+161.5%,True,4808.7K,True,$11.50 / SMA $8.32,True,6.73%,False,+12.2%,False,253.6M,True,NYQ,False,
STVN,Stevanato Group S.p.A.,16.63,2026-06-16T00:08:15.246720+00:00,False,+29.0%,True,$4540.1M,False,+0.0%,True,516.2K,False,$16.63 / SMA $16.87,True,4.41%,False,+6.6%,True,48.9M,True,NYQ,False,
STWD,"Starwood Property Trust, Inc.",16.82,2026-06-16T00:08:07.192442+00:00,False,+0.4%,True,$6397.5M,False,+-60.6%,True,3041.9K,False,$16.82 / SMA $17.55,False,1.51%,False,+-4.2%,False,352.7M,True,NYQ,False,
SU,Suncor Energy Inc.,59.65,2026-06-16T00:17:39.163538+00:00,False,+60.2%,True,$70431.5M,True,+30.1%,True,4310.9K,False,$59.65 / SMA $64.50,False,2.56%,False,+15.7%,False,1179.5M,True,NYQ,False,
SUBCY,Subsea 7 S.A.,36.18,2026-06-16T00:31:25.508463+00:00,True,+103.4%,True,$10736.2M,True,+466.7%,False,38.4K,True,$36.18 / SMA $33.20,False,1.40%,False,+17.0%,False,197.5M,False,PNK,False,
SUEZY,Südzucker AG,7.1,2026-06-15T23:58:11.864321+00:00,False,+29.1%,True,$2899.4M,,,False,0.1K,True,$7.10 / SMA $6.86,False,0.00%,False,+-15.9%,True,59.6M,False,PNK,False,
SUHJY,Sun Hung Kai Properties Limited,15.01,2026-06-16T00:05:52.623122+00:00,False,+38.9%,True,$43495.7M,,,False,83.5K,False,$15.01 / SMA $17.20,False,1.93%,,,False,1351.0M,False,OID,False,
SUI,"Sun Communities, Inc.",124.41,2026-06-16T00:06:13.849654+00:00,False,+7.7%,True,$15907.2M,True,+79.4%,True,877.7K,False,$124.41 / SMA $125.91,False,2.29%,False,+7.4%,True,121.6M,True,NYQ,False,
SULZF,SULZF,,2026-06-16T00:34:39.366665+00:00,False,N/A,False,N/A,False,N/A,False,N/A,False,N/A,False,N/A,False,N/A,False,N/A,False,Unknown,False,Too Many Requests. Rate limited. Try after a while.
SUMCF,Sumco Corporation,22.92,2026-06-16T00:20:09.697103+00:00,True,+244.7%,True,$8015.4M,,,False,9.9K,True,$22.92 / SMA $18.48,True,9.24%,,,False,343.3M,False,PNK,False,
SUNB,"Sunbelt Rentals Holdings, Inc.",83.62,2026-06-16T00:31:00.088553+00:00,False,+37.0%,True,$34560.1M,False,+-6.8%,True,3381.5K,True,$83.62 / SMA $74.84,True,3.13%,False,+2.7%,False,407.6M,True,NYQ,False,
SUNC,SunocoCorp LLC,65.68,2026-06-16T00:33:37.359916+00:00,False,+39.7%,True,$3383.6M,,N/A,True,542.1K,True,$65.68 / SMA $65.32,False,2.39%,,N/A,True,51.5M,True,NYQ,False,
SUOPY,Sumco Corporation,44.41,2026-06-16T00:06:32.087558+00:00,True,+224.2%,True,$7765.4M,,,False,6.7K,True,$44.41 / SMA $36.43,True,3.69%,,,False,171.7M,False,PNK,False,
SUPIF,Supermarket Income REIT plc,1.1,2026-06-16T00:11:48.843565+00:00,False,+46.7%,,,,,False,0.7K,True,$1.10 / SMA $1.09,False,0.00%,,,False,1229.7M,False,PNK,False,
SUPN,"Supernus Pharmaceuticals, Inc.",43.86,2026-06-16T00:22:09.998704+00:00,False,+42.3%,True,$2545.6M,True,+81.0%,True,629.2K,False,$43.86 / SMA $48.51,True,3.30%,True,+38.6%,True,52.1M,True,NGM,False,
SUPV,Grupo Supervielle S.A.,11.29,2026-06-16T00:01:35.975654+00:00,True,+148.7%,True,$1067.0M,False,+-292.2%,True,798.6K,True,$11.29 / SMA $9.06,True,6.42%,True,+51.0%,True,54.8M,True,NYQ,False,
SUPX,SuperX AI Technology Limited,8.35,2026-06-16T00:40:15.233192+00:00,False,+26.3%,True,$361.1M,,N/A,False,352.7K,False,$8.35 / SMA $8.95,True,14.87%,,N/A,True,24.7M,True,NCM,False,
SURRY,Sun Art Retail Group Limited,1.57,2026-06-15T23:59:54.828055+00:00,False,+20.5%,True,$1635.7M,,,False,0.2K,False,$1.57 / SMA $1.65,False,0.54%,,,False,198.9M,False,PNK,False,
SURVF,Suntec Real Estate Investment Trust,1.04,2026-06-15T23:58:09.169334+00:00,False,+22.4%,True,$3195.4M,,,False,1.6K,False,$1.04 / SMA $1.17,False,0.37%,,,False,1616.0M,False,PNK,False,
SURYY,"Sumitomo Realty & Development Co., Ltd.",11.325,2026-06-16T00:06:06.288347+00:00,False,+33.2%,True,$20919.9M,,,False,0.8K,False,$11.32 / SMA $14.08,False,2.57%,,,False,1666.4M,False,PNK,False,
SUTNY,"Sumitomo Mitsui Trust Group, Inc.",7.44,2026-06-15T23:54:17.605323+00:00,False,+47.9%,True,$25798.0M,,,False,202.7K,True,$7.44 / SMA $6.96,False,2.24%,False,+1.2%,False,3346.6M,False,OID,False,
SUVPF,Sartorius Aktiengesellschaft,288.215,2026-06-16T00:06:12.585347+00:00,False,+38.6%,True,$19901.9M,,,False,0.0K,True,$288.21 / SMA $261.97,False,0.08%,False,+-0.8%,True,27.5M,False,PNK,False,
SUZ,Suzano S.A.,8.45,2026-06-15T23:54:33.571394+00:00,False,+6.7%,True,$10431.4M,False,+-31.9%,True,3457.8K,False,$8.45 / SMA $8.74,False,2.14%,False,+-5.1%,False,671.3M,True,NYQ,False,
SVAC,Spring Valley Acquisition Corp. III,10.33,2026-06-16T00:40:16.916989+00:00,False,+3.0%,True,$316.8M,,N/A,False,149.6K,False,$10.33 / SMA $10.43,False,1.09%,,N/A,True,23.0M,True,NGM,False,
SVACU,Spring Valley Acquisition Corp. III,11.22,2026-06-16T00:26:57.716892+00:00,False,+12.2%,,,,,False,0.5K,True,$11.22 / SMA $10.96,False,1.13%,,,True,23.0M,True,NGM,False,
SVAUF,StorageVault Canada Inc.,3.32,2026-06-16T00:24:17.719643+00:00,False,+24.8%,True,$1214.0M,,,False,13.4K,True,$3.32 / SMA $3.20,False,0.08%,False,+6.2%,False,223.1M,False,PNK,False,
SVCO,"Silvaco Group, Inc.",12.25,2026-06-16T00:15:40.103791+00:00,True,+299.0%,True,$409.7M,True,+71.6%,True,519.7K,True,$12.25 / SMA $10.07,True,10.05%,True,+26.0%,True,13.0M,True,NMS,True,
SVKEF,Skandinaviska Enskilda Banken AB (publ),20.21,2026-06-15T23:54:11.849049+00:00,False,+19.5%,True,$39436.8M,False,+3.8%,False,0.5K,True,$20.21 / SMA $19.63,False,0.00%,False,+-7.9%,False,1465.1M,False,PNK,False,
SVMB,"Jingbo Technology, Inc.",1.0,2026-06-16T00:38:03.710584+00:00,False,+17.9%,True,$555.3M,,N/A,False,0.2K,False,$1.00 / SMA $1.47,False,0.00%,,N/A,False,521.4M,False,OID,False,
SVNDF,"Seven & i Holdings Co., Ltd.",11.76,2026-06-15T23:54:14.170527+00:00,False,+7.4%,True,$27186.1M,,,False,0.8K,False,$11.76 / SMA $12.25,False,0.02%,,,False,2035.0M,False,PNK,False,
SVNLF,Svenska Handelsbanken AB (publ),14.4,2026-06-16T00:17:54.844301+00:00,False,+23.4%,True,$29394.9M,False,+0.6%,False,2.7K,True,$14.40 / SMA $14.23,False,0.24%,False,+-1.2%,False,1625.6M,False,PNK,False,
SVRA,Savara Inc.,5.33,2026-06-16T00:24:20.924833+00:00,True,+169.2%,True,$1092.3M,False,+-25.0%,True,1568.8K,True,$5.33 / SMA $5.28,True,5.38%,,,True,130.1M,True,NMS,False,
SVTMF,SM Investments Corporation,9.808,2026-06-16T00:18:16.029364+00:00,False,+0.3%,True,$11934.0M,False,+8.0%,False,0.0K,False,$9.81 / SMA $10.41,False,0.29%,False,+4.7%,False,478.8M,False,PNK,False,
SVV,"Savers Value Village, Inc.",10.14,2026-06-16T00:24:12.829716+00:00,False,+46.9%,True,$1561.4M,False,+0.0%,True,1169.8K,True,$10.14 / SMA $8.46,True,5.17%,False,+8.9%,True,36.0M,True,NYQ,False,
SVYSF,Solvay SA,29.85,2026-06-16T00:09:47.753461+00:00,False,+8.9%,True,$3125.9M,False,+-68.8%,False,1.4K,False,$29.85 / SMA $30.42,False,1.98%,False,+-8.1%,True,66.1M,False,PNK,False,
SWDBF,Swedbank AB (publ),35.45,2026-06-15T23:54:10.536609+00:00,False,+42.5%,True,$39835.7M,False,+-13.3%,False,1.3K,True,$35.45 / SMA $35.25,False,0.84%,False,+-8.5%,False,854.9M,False,PNK,False,
SWGAY,The Swatch Group AG,13.09,2026-06-16T00:06:17.351792+00:00,False,+65.9%,True,$13828.9M,,,False,90.2K,True,$13.09 / SMA $12.20,False,2.07%,,,False,736.9M,False,PNK,False,
SWKS,"Skyworks Solutions, Inc.",76.26,2026-06-16T00:18:14.557728+00:00,False,+46.9%,True,$11470.0M,False,+-44.2%,True,4216.9K,True,$76.26 / SMA $67.68,True,6.20%,False,+-1.0%,True,149.7M,True,NMS,False,
SWMR,"Swarmer, Inc",41.96,2026-06-16T00:39:53.730173+00:00,True,+273.0%,True,$453.1M,,N/A,True,2071.4K,False,$41.96 / SMA $42.98,True,18.07%,,N/A,True,4.9M,True,NCM,False,
SWOBY,Swedish Orphan Biovitrum AB (publ),23.285,2026-06-15T23:54:24.709067+00:00,True,+71.6%,True,$16844.8M,False,+-6.2%,False,0.4K,True,$23.29 / SMA $22.77,False,0.65%,False,+-3.4%,False,443.9M,False,PNK,False,
SWONF,SoftwareOne Holding AG,11.04,2026-06-15T23:58:16.991064+00:00,False,+47.2%,True,$2482.3M,,,False,3.2K,True,$11.04 / SMA $9.28,False,0.00%,,,False,163.2M,False,PNK,False,
SWPFF,Swire Properties Limited,2.755,2026-06-16T00:18:05.502879+00:00,False,+18.8%,True,$16138.1M,,,False,0.7K,False,$2.75 / SMA $3.10,False,0.00%,,,False,960.7M,False,PNK,False,
SWRAY,Swire Pacific Limited,10.56,2026-06-15T23:54:28.680482+00:00,False,+35.9%,True,$38310.8M,,,False,22.3K,False,$10.56 / SMA $10.93,False,1.68%,,,False,479.4M,False,PNK,False,
SWRD,Stewards Inc.,2.9,2026-06-16T00:26:16.001438+00:00,True,+279.7%,True,$606.4M,,,False,0.6K,True,$2.90 / SMA $2.89,False,0.30%,,,True,86.4M,False,OID,False,
SWSDF,Swiss Life Holding AG,1070.0,2026-06-16T00:17:54.414709+00:00,False,+8.7%,True,$29901.7M,,,False,0.0K,True,$1070.00 / SMA $1069.00,False,0.16%,,,True,27.8M,False,PNK,False,
SWX,"Southwest Gas Holdings, Inc.",88.42,2026-06-15T23:56:16.809087+00:00,False,+23.4%,True,$6399.4M,False,+20.9%,False,486.4K,False,$88.42 / SMA $89.28,False,1.70%,False,+-21.6%,True,71.9M,True,NYQ,False,
SXC,"SunCoke Energy, Inc.",9.21,2026-06-16T00:13:38.998363+00:00,False,+66.8%,True,$781.5M,False,+-125.0%,True,1801.4K,True,$9.21 / SMA $7.58,True,4.09%,False,+4.4%,True,83.9M,True,NYQ,False,
SXTAF,SXTAF,71.63,2026-06-15T23:56:34.599349+00:00,False,+0.0%,,,,,False,0.1K,False,$71.63 / SMA_short $71.95,,,,,,,False,PNK,False,
SXYAY,Sika AG,19.496,2026-06-15T23:54:14.500451+00:00,False,+23.8%,True,$31279.2M,,,False,322.8K,True,$19.50 / SMA $18.41,False,1.75%,,,False,1601.7M,False,PNK,False,
SYAXF,Elevra Lithium Limited,8.47,2026-06-16T00:11:40.295019+00:00,True,+597.1%,True,$1496.5M,,,False,8.7K,True,$8.47 / SMA $8.18,True,5.59%,,,False,151.7M,False,PNK,False,
SYBJF,Security Bank Corporation,0.99,2026-06-16T00:01:39.037012+00:00,False,+1.6%,True,$762.3M,False,+-4.3%,False,0.2K,True,$0.99 / SMA $0.71,False,0.00%,False,+8.3%,False,418.3M,False,PNK,False,
SYBT,"Stock Yards Bancorp, Inc.",73.45,2026-06-15T23:58:17.993271+00:00,False,+19.4%,True,$2167.9M,False,+9.7%,False,179.0K,True,$73.45 / SMA $71.47,False,2.38%,False,+9.7%,True,26.2M,True,NMS,False,
SYF,Synchrony Financial,74.61,2026-06-15T23:54:18.067489+00:00,False,+24.3%,True,$25096.6M,False,+20.1%,True,3798.7K,True,$74.61 / SMA $72.95,False,2.81%,False,+-0.5%,False,334.9M,True,NYQ,False,
SYIEF,Symrise AG,93.89,2026-06-15T23:54:29.348611+00:00,False,+23.0%,True,$13123.2M,,,False,0.7K,True,$93.89 / SMA $88.20,False,0.22%,,,True,132.6M,False,PNK,False,
SYIEY,Symrise AG,23.77,2026-06-16T00:18:13.357420+00:00,False,+23.1%,True,$13389.4M,,,False,71.2K,True,$23.77 / SMA $21.96,False,1.38%,,,False,530.6M,False,PNK,False,
SYK,Stryker Corporation,307.94,2026-06-15T23:54:01.274392+00:00,False,+9.6%,True,$118052.1M,False,+14.2%,True,2499.8K,False,$307.94 / SMA $314.70,False,2.53%,False,+2.6%,False,347.6M,True,NYQ,False,
SYM,Symbotic Inc.,41.72,2026-06-15T23:54:13.291803+00:00,False,+46.4%,True,$25183.6M,True,+125.0%,True,1871.9K,False,$41.72 / SMA $52.83,True,5.72%,False,+23.1%,True,111.5M,True,NGM,False,
SYNA,Synaptics Incorporated,140.23,2026-06-15T23:56:21.892407+00:00,True,+140.6%,True,$5418.2M,True,+62.5%,True,876.6K,True,$140.23 / SMA $110.94,True,6.97%,False,+10.4%,True,37.9M,True,NMS,False,
SYY,Sysco Corporation,79.69,2026-06-16T00:17:49.934415+00:00,False,+16.9%,True,$38106.4M,False,+-13.4%,True,4659.4K,True,$79.69 / SMA $74.89,False,2.17%,False,+4.7%,False,476.7M,True,NYQ,False,
SZCRF,SCOR SE,34.67,2026-06-16T00:18:34.930550+00:00,False,+14.0%,True,$6193.9M,,,False,0.2K,False,$34.67 / SMA $37.27,False,0.00%,,,False,169.6M,False,PNK,False,
SZGPF,Salzgitter AG,65.6,2026-06-15T23:56:33.189832+00:00,True,+187.7%,True,$3582.4M,True,+325.8%,False,0.0K,True,$65.60 / SMA $55.07,False,0.10%,False,+0.7%,True,30.3M,False,PNK,False,
SZGPY,Salzgitter AG,7.1,2026-06-16T00:20:25.055518+00:00,True,+239.7%,True,$3869.1M,True,+325.8%,False,0.9K,True,$7.10 / SMA $5.99,False,0.66%,False,+0.7%,False,303.1M,False,PNK,False,
SZHFY,Sojitz Corporation,315.734,2026-06-15T23:56:16.282529+00:00,False,+-0.0%,True,$6569.2M,,,False,0.0K,False,$315.73 / SMA $373.41,False,0.00%,,,True,20.8M,False,PNK,False,
SZKMF,Suzuki Motor Corporation,12.23,2026-06-15T23:54:19.296248+00:00,False,+17.6%,True,$23595.0M,,,False,51.1K,True,$12.23 / SMA $11.47,False,0.17%,,,False,1832.6M,False,PNK,False,
SZKMY,Suzuki Motor Corporation,47.17,2026-06-15T23:54:19.771289+00:00,False,+14.8%,True,$22751.0M,,,False,115.9K,True,$47.17 / SMA $46.07,True,3.05%,,,False,458.1M,False,PNK,False,
SZLMY,Swiss Life Holding AG,53.887,2026-06-16T00:17:53.825156+00:00,False,+11.8%,True,$30822.3M,,,False,14.5K,False,$53.89 / SMA $55.13,False,2.16%,,,False,556.6M,False,PNK,False,
TAC,TransAlta Corporation,13.57,2026-06-16T00:08:21.403658+00:00,False,+32.0%,True,$4288.3M,False,+-73.3%,True,1582.4K,True,$13.57 / SMA $13.10,True,3.85%,False,+-25.5%,False,246.3M,True,NYQ,False,
TACHU,Titan Acquisition Corp,10.66,2026-06-16T00:03:46.617457+00:00,False,+4.8%,,,,,False,0.6K,True,$10.66 / SMA $10.47,False,0.21%,,,True,23.4M,True,NGM,False,
TACO,Berto Acquisition Corp.,10.38,2026-06-16T00:15:29.962615+00:00,False,+2.7%,True,$389.4M,True,+11009.1%,False,88.3K,True,$10.38 / SMA $10.36,False,0.45%,,,True,30.3M,True,NGM,False,
TACOU,Berto Acquisition Corp.,10.76,2026-06-16T00:26:44.535207+00:00,False,+5.4%,,,,,False,2.5K,True,$10.76 / SMA $10.66,False,1.16%,,,True,30.3M,True,NGM,False,
TAKOF,Volatus Aerospace Inc.,0.422,2026-06-16T00:40:17.329562+00:00,True,+199.3%,False,$285.5M,False,+0.0%,False,358.5K,False,$0.42 / SMA $0.50,True,10.25%,False,+-1.4%,False,532.4M,False,OQX,False,
TALO,Talos Energy Inc.,13.86,2026-06-15T23:58:12.850239+00:00,True,+80.7%,True,$2313.6M,False,+-2940.0%,True,2159.6K,False,$13.86 / SMA $15.15,True,4.22%,False,+-7.9%,True,124.8M,True,NYQ,False,
TAOFF,IperionX Limited,3.43,2026-06-16T00:37:36.838401+00:00,False,+47.8%,True,$1164.1M,,N/A,False,2.3K,False,$3.43 / SMA $3.53,False,0.74%,,N/A,False,270.0M,False,PNK,False,
TAP,Molson Coors Beverage Company,40.89,2026-06-16T00:18:30.589372+00:00,False,+7.5%,True,$7669.0M,True,+35.6%,True,3165.4K,False,$40.89 / SMA $41.68,False,2.58%,False,+2.0%,False,168.3M,True,NYQ,False,
TAP.A,TAP.A,,2026-06-15T23:54:39.657138+00:00,False,,False,,False,,False,,False,,False,,False,,False,,False,Unknown,False,No price data available
TASK,"TaskUs, Inc.",5.38,2026-06-16T00:39:43.259922+00:00,False,+0.2%,True,$492.7M,False,+13.0%,True,640.1K,False,$5.38 / SMA $6.27,True,4.60%,False,+10.3%,True,18.5M,True,NMS,False,
TATT,TAT Technologies Ltd.,45.45,2026-06-16T00:13:49.588746+00:00,True,+78.1%,True,$590.1M,False,+-23.5%,False,225.2K,True,$45.45 / SMA $39.18,True,5.93%,False,+-2.4%,True,13.0M,True,NGM,False,
TATYF,Tate & Lyle plc,7.5,2026-06-16T00:35:19.075678+00:00,True,+73.2%,True,$3319.2M,,N/A,False,3.0K,True,$7.50 / SMA $5.65,False,0.14%,,N/A,False,354.3M,False,OQX,False,
TATYY,Tate & Lyle plc,30.0,2026-06-15T23:58:08.052101+00:00,True,+70.1%,True,$3319.2M,,,False,1.6K,True,$30.00 / SMA $23.12,False,0.85%,,,True,88.6M,False,OQX,False,
TAVHY,TAV Havalimanlari Holding A.S.,24.079,2026-06-15T23:58:19.279384+00:00,False,+14.4%,True,$2186.9M,,,False,4.0K,False,$24.08 / SMA $25.30,False,2.13%,False,+-15.8%,True,45.2M,False,PNK,False,
TBBB,BBB Foods Inc.,42.41,2026-06-15T23:56:29.067610+00:00,True,+78.1%,True,$5113.1M,False,+-526.3%,True,628.8K,True,$42.41 / SMA $37.49,True,5.09%,True,+33.4%,True,62.7M,True,NYQ,False,
TBBK,"The Bancorp, Inc.",56.06,2026-06-15T23:58:15.764921+00:00,False,+12.9%,True,$2334.0M,False,+18.5%,False,449.7K,False,$56.06 / SMA $56.98,False,2.78%,False,+-8.0%,True,39.4M,True,NMS,False,
TBCRF,Timbercreek Financial Corp.,4.7,2026-06-16T00:03:42.041188+00:00,False,+3.3%,True,$388.9M,,,False,10.5K,False,$4.70 / SMA $4.77,False,0.24%,False,+-2.7%,True,82.5M,False,PNK,False,
TBLA,TBLA,,2026-06-16T00:39:01.033369+00:00,False,N/A,False,N/A,False,N/A,False,N/A,False,N/A,False,N/A,False,N/A,False,N/A,False,Unknown,False,Too Many Requests. Rate limited. Try after a while.
TBN,Tamboran Resources Corporation,36.47,2026-06-16T00:00:13.931148+00:00,True,+110.9%,True,$1271.2M,False,+8.3%,False,227.3K,True,$36.47 / SMA $35.88,True,5.56%,,,True,24.1M,True,NYQ,False,
TBNGY,PT Bukit Asam (Persero) Tbk,3.55,2026-06-15T23:59:54.679313+00:00,False,+13.1%,True,$1644.2M,,,False,1.5K,False,$3.55 / SMA $4.24,False,0.29%,False,+-18.0%,False,151.1M,False,PNK,False,
TBNRL,Tamboran Resources Corporation,0.185,2026-06-16T00:11:56.438436+00:00,True,+226.3%,True,$1289.7M,False,+8.3%,False,4.6K,True,$0.18 / SMA $0.18,False,0.24%,,,False,4811.3M,False,PNK,False,
TBPH,"Theravance Biopharma, Inc.",16.32,2026-06-16T00:24:28.699577+00:00,False,+56.6%,True,$841.3M,True,+63.0%,False,430.4K,False,$16.32 / SMA $16.50,False,1.95%,False,+15.0%,True,23.7M,True,NGM,False,
TBRG,"TruBridge, Inc.",26.13,2026-06-16T00:03:42.495854+00:00,True,+88.3%,True,$391.9M,False,+0.0%,False,310.0K,True,$26.13 / SMA $24.50,False,0.20%,False,+-1.1%,True,8.5M,True,NMS,False,
TBVPF,Thai Beverage Public Company Limited,0.346,2026-06-16T00:31:32.959712+00:00,False,+13.4%,True,$8777.4M,,N/A,False,2.2K,True,$0.35 / SMA $0.33,False,0.00%,,N/A,False,7253.3M,False,PNK,False,
TCAPF,TP ICAP Group PLC,4.0,2026-06-15T23:58:11.404782+00:00,False,+14.4%,True,$2921.5M,,,False,0.2K,True,$4.00 / SMA $3.75,False,0.01%,,,False,728.3M,False,PNK,False,
TCBI,"Texas Capital Bancshares, Inc.",100.73,2026-06-16T00:20:21.826228+00:00,False,+36.8%,True,$4399.0M,True,+69.6%,False,453.2K,True,$100.73 / SMA $100.07,False,2.29%,False,+15.5%,True,40.4M,True,NMS,False,
TCBIO,"Texas Capital Bancshares, Inc.",20.7,2026-06-16T00:08:18.051294+00:00,False,+4.7%,,,,,False,22.8K,False,$20.70 / SMA $21.02,False,0.98%,False,+15.5%,True,40.4M,True,NMS,False,
TCBK,TriCo Bancshares,51.67,2026-06-16T00:35:49.956348+00:00,False,+36.1%,True,$1661.2M,True,+30.0%,False,125.5K,True,$51.67 / SMA $50.04,False,2.15%,False,+10.2%,True,30.3M,True,NMS,False,
TCBX,"Third Coast Bancshares, Inc.",39.36,2026-06-16T00:13:42.004828+00:00,False,+32.7%,True,$653.1M,False,+12.8%,False,87.1K,True,$39.36 / SMA $38.83,False,2.33%,True,+25.2%,True,15.2M,True,NYQ,False,
TCCHF,Technogym S.p.A.,24.0,2026-06-16T00:20:18.707731+00:00,True,+71.4%,True,$4783.0M,,,False,0.2K,True,$24.00 / SMA $22.59,False,0.00%,,,True,82.9M,False,PNK,False,
TCHBF,Tecan Group AG,177.55,2026-06-16T00:35:33.392230+00:00,False,+14.4%,True,$2247.1M,,N/A,False,0.0K,True,$177.55 / SMA $176.37,False,0.00%,,N/A,True,12.5M,False,PNK,False,
TCI,"Transcontinental Realty Investors, Inc.",38.47,2026-06-16T00:40:19.155154+00:00,False,+22.2%,True,$332.4M,False,+-96.2%,False,6.2K,True,$38.47 / SMA $37.38,True,3.18%,False,+2.0%,True,1.2M,True,NYQ,False,
TCLHF,TCL Electronics Holdings Limited,1.79,2026-06-15T23:56:25.181358+00:00,False,+67.3%,True,$4512.3M,,,False,1.2K,False,$1.79 / SMA $1.90,False,1.21%,,,False,1013.0M,False,PNK,False,
TCMD,"Tactile Systems Technology, Inc.",26.36,2026-06-16T00:26:25.010096+00:00,True,+180.0%,True,$594.6M,True,+38.5%,False,295.9K,True,$26.36 / SMA $24.60,True,3.95%,False,+22.8%,True,22.1M,True,NGM,False,
TCMFF,Telecom Argentina S.A.,1.75,2026-06-15T23:56:35.197794+00:00,True,+174900.0%,True,$3769.0M,True,+439.1%,False,0.0K,True,$1.75 / SMA $1.38,False,0.00%,True,+30.5%,False,162.6M,False,PNK,False,
TCNNF,Trulieve Cannabis Corp.,10.35,2026-06-16T00:24:08.490783+00:00,True,+218.5%,True,$1990.4M,True,+105.9%,True,611.9K,True,$10.35 / SMA $8.59,True,11.20%,False,+-3.7%,False,165.8M,False,PNK,False,
TCOM,Trip.com Group Limited,47.4,2026-06-16T00:31:00.731544+00:00,False,+3.2%,True,$29848.0M,True,+97.7%,True,2690.5K,False,$47.40 / SMA $50.73,False,2.14%,False,+20.8%,False,568.3M,True,NMS,False,
TCPC,BlackRock TCP Capital Corp.,3.6,2026-06-16T00:27:01.570089+00:00,False,+5.0%,True,$302.0M,False,+-176.0%,True,940.8K,False,$3.60 / SMA $4.01,True,3.29%,False,+-148.7%,,,True,NMS,False,
TCYSF,Tecsys Inc.,26.27,2026-06-16T00:03:47.710747+00:00,False,+55.3%,True,$384.6M,True,+50.0%,False,0.6K,True,$26.27 / SMA $24.99,False,0.09%,False,+7.3%,True,11.5M,False,PNK,False,
TD,The Toronto-Dominion Bank,117.34,2026-06-16T00:30:42.483005+00:00,False,+66.4%,True,$193851.7M,False,+-61.2%,True,2367.3K,True,$117.34 / SMA $107.94,False,1.56%,False,+6.0%,False,1612.2M,True,NYQ,False,
TDAY,"USA TODAY Co., Inc.",7.6,2026-06-16T00:00:07.803698+00:00,True,+141.3%,True,$1118.0M,True,+340.0%,True,1776.2K,True,$7.60 / SMA $7.45,True,3.88%,False,+-4.0%,True,102.0M,True,NYQ,False,
TDC,Teradata Corporation,33.62,2026-06-16T00:35:16.687144+00:00,False,+69.5%,True,$3163.6M,True,+671.1%,True,2125.8K,True,$33.62 / SMA $30.28,True,4.02%,False,+6.2%,True,83.2M,True,NYQ,False,
TDG,TransDigm Group Incorporated,1277.35,2026-06-16T00:05:49.799322+00:00,False,+13.7%,True,$71446.8M,False,+11.7%,False,399.7K,True,$1277.35 / SMA $1212.31,False,2.75%,False,+18.3%,True,55.6M,True,NYQ,False,
TDOC,"Teladoc Health, Inc.",7.46,2026-06-16T00:11:52.462642+00:00,False,+69.5%,True,$1346.6M,True,+32.1%,True,4695.6K,True,$7.46 / SMA $6.44,True,5.52%,False,+-2.5%,False,179.3M,True,NYQ,False,
TDUP,ThredUp Inc.,5.21,2026-06-16T00:26:25.392999+00:00,False,+69.2%,True,$672.3M,False,+-25.0%,True,2395.8K,True,$5.21 / SMA $4.41,True,6.54%,False,+14.6%,True,101.9M,True,NMS,False,
TDVXF,Dynavox Group AB (publ),7.0,2026-06-16T00:13:34.712879+00:00,False,+0.0%,True,$738.9M,False,+-31.4%,False,0.5K,False,$7.00 / SMA $8.88,False,0.22%,False,+0.3%,True,100.9M,False,PNK,False,
TDW,Tidewater Inc.,74.35,2026-06-16T00:20:25.157939+00:00,False,+68.6%,True,$3697.5M,False,+-85.5%,True,772.0K,False,$74.35 / SMA $81.69,True,3.55%,False,+-2.2%,True,45.9M,True,NYQ,False,
TDWRF,Tidewater Renewables Ltd.,8.19,2026-06-16T00:03:52.226384+00:00,True,+324.4%,False,$299.1M,True,+92.9%,False,8.9K,True,$8.19 / SMA $7.53,False,2.69%,True,+62.2%,True,12.6M,False,PNK,False,
TDY,Teledyne Technologies Incorporated,628.34,2026-06-16T00:06:09.000848+00:00,False,+30.1%,True,$29110.5M,False,+21.6%,False,323.0K,False,$628.34 / SMA $631.16,False,2.50%,False,+7.6%,True,45.9M,True,NYQ,False,
TEAM,Atlassian Corporation,91.55,2026-06-15T23:54:19.879652+00:00,False,+63.5%,True,$23232.4M,False,+-40.7%,True,7229.9K,True,$91.55 / SMA $82.49,True,6.83%,True,+31.7%,False,157.5M,True,NMS,False,
TECH,Bio-Techne Corporation,56.17,2026-06-16T00:31:33.002156+00:00,False,+30.0%,True,$8794.5M,True,+128.6%,True,2667.4K,True,$56.17 / SMA $52.31,True,3.93%,False,+-1.5%,False,156.0M,True,NMS,False,
TECX,"Tectonic Therapeutic, Inc.",29.39,2026-06-16T00:02:00.455741+00:00,True,+104.2%,True,$554.6M,False,+-44.1%,False,203.5K,True,$29.39 / SMA $28.96,True,6.41%,,,True,11.2M,True,NGM,False,
TEL,TE Connectivity plc,216.14,2026-06-15T23:54:06.605101+00:00,False,+33.3%,True,$63090.4M,True,+7150.0%,True,2588.6K,True,$216.14 / SMA $214.06,True,3.38%,False,+14.5%,False,291.4M,True,NYQ,False,
TELDF,Telefónica Deutschland Holding AG,2.263,2026-06-15T23:56:17.918152+00:00,False,+19.7%,True,$6878.8M,,,False,0.1K,False,$2.26 / SMA $2.29,False,0.10%,,,True,93.7M,False,PNK,False,
TELFY,"Telefónica, S.A.",4.47,2026-06-16T00:06:01.367663+00:00,False,+21.8%,True,$25201.5M,True,+62.5%,False,273.0K,False,$4.47 / SMA $4.50,True,3.72%,,,False,3924.4M,False,PNK,False,
TELNY,Telenor ASA,15.97,2026-06-15T23:54:18.859741+00:00,False,+15.8%,True,$21838.8M,True,+757.1%,False,38.8K,False,$15.97 / SMA $16.49,False,1.90%,False,+-5.6%,False,629.1M,False,OQX,False,
TEN,Tsakos Energy Navigation Limited,38.9,2026-06-16T00:11:50.810714+00:00,True,+108.8%,True,$1172.0M,True,+161.5%,False,366.6K,False,$38.90 / SMA $40.13,True,4.21%,True,+28.4%,True,21.5M,True,NYQ,False,
TEO,Telecom Argentina S.A.,15.11,2026-06-15T23:56:23.105969+00:00,True,+135.0%,True,$6508.4M,True,+439.1%,False,425.6K,True,$15.11 / SMA $12.47,True,5.78%,True,+30.5%,True,32.5M,True,NYQ,False,
TER,"Teradyne, Inc.",432.41,2026-06-16T00:17:42.920552+00:00,True,+414.0%,True,$67690.4M,True,+314.8%,True,3579.7K,True,$432.41 / SMA $366.90,True,6.70%,True,+87.0%,False,156.2M,True,NMS,False,
TERRF,Terna S.p.A.,11.7,2026-06-16T00:06:04.108479+00:00,False,+17.6%,True,$23879.8M,False,+0.4%,False,0.0K,True,$11.70 / SMA $11.68,False,0.00%,False,+9.6%,False,1405.7M,False,PNK,False,
TEVA,Teva Pharmaceutical Industries Limited,33.69,2026-06-16T00:17:47.829362+00:00,True,+124.7%,True,$39229.5M,True,+72.2%,True,6333.0K,True,$33.69 / SMA $33.48,True,3.07%,False,+2.3%,False,1083.0M,True,NYQ,False,
TEVJF,Teva Pharmaceutical Industries Limited,30.34,2026-06-15T23:54:12.314324+00:00,True,+116.7%,True,$35328.7M,True,+72.2%,False,0.0K,True,$30.34 / SMA $29.31,False,1.05%,False,+2.3%,False,1083.0M,False,PNK,False,
TEX,Terex Corporation,65.29,2026-06-16T00:08:05.985376+00:00,False,+56.6%,True,$7457.2M,False,+-400.0%,True,1201.1K,True,$65.29 / SMA $61.12,True,4.30%,True,+41.1%,True,112.7M,True,NYQ,False,
TFII,TFI International Inc.,155.7,2026-06-16T00:18:15.100491+00:00,True,+93.1%,True,$12796.4M,False,+-19.7%,False,387.4K,True,$155.70 / SMA $141.52,False,2.88%,False,+-0.8%,True,77.0M,True,NYQ,False,
TFIN,"Triumph Financial, Inc.",74.77,2026-06-15T23:59:57.207438+00:00,False,+61.0%,True,$1780.0M,True,+866.7%,False,256.6K,True,$74.77 / SMA $67.03,True,3.66%,False,+4.1%,True,21.2M,True,NYQ,False,
TFPM,Triple Flag Precious Metals Corp.,30.74,2026-06-16T00:08:07.371746+00:00,False,+36.0%,True,$6351.0M,True,+143.5%,True,613.8K,False,$30.74 / SMA $32.46,True,3.64%,True,+78.7%,True,69.6M,True,NYQ,False,
TFSL,TFS Financial Corporation,16.51,2026-06-16T00:08:17.627878+00:00,False,+31.7%,True,$4629.9M,False,+14.3%,True,819.0K,True,$16.51 / SMA $15.13,False,1.94%,False,+7.7%,True,50.3M,True,NMS,False,
TFX,Teleflex Incorporated,130.09,2026-06-16T00:33:14.673365+00:00,False,+29.9%,True,$5759.1M,False,+-108.7%,True,809.2K,True,$130.09 / SMA $128.50,False,2.77%,True,+32.3%,True,44.1M,True,NYQ,False,
TGB,Taseko Mines Limited,7.76,2026-06-16T00:10:02.175593+00:00,True,+180.1%,True,$2837.4M,True,+155.6%,True,5102.5K,True,$7.76 / SMA $7.22,True,6.05%,True,+70.4%,False,359.0M,True,ASE,False,
TGLS,Tecnoglass Inc.,43.88,2026-06-16T00:22:25.541586+00:00,False,+17.0%,True,$1946.7M,False,+-21.1%,False,393.1K,True,$43.88 / SMA $42.73,True,4.08%,False,+12.0%,True,23.5M,True,NYQ,False,
TGONF,Tetragon Financial Group Limited,11.97,2026-06-16T00:37:46.860292+00:00,False,+0.0%,True,$1006.7M,,N/A,False,6.1K,False,$11.97 / SMA $13.18,False,0.48%,,N/A,,N/A,False,PNK,False,
TGOPF,3i Group plc,31.43,2026-06-15T23:54:13.594055+00:00,False,+13.2%,True,$31810.7M,,,False,7.3K,False,$31.43 / SMA $33.47,False,1.21%,,,False,991.6M,False,PNK,False,
TGOPY,3i Group plc,7.75,2026-06-15T23:54:13.647717+00:00,False,+12.3%,True,$31375.5M,,,True,1715.3K,False,$7.75 / SMA $8.36,False,2.48%,,,False,3966.4M,False,PNK,False,
TGRNF,Tong Ren Tang Technologies Co. Ltd.,0.4949,2026-06-16T00:38:05.153853+00:00,False,+0.0%,True,$633.9M,,N/A,False,0.0K,False,$0.49 / SMA $0.53,False,0.00%,,N/A,False,585.3M,False,PNK,False,
TGS,Transportadora de Gas del Sur S.A.,32.4,2026-06-16T00:20:19.342648+00:00,False,+64.1%,True,$4877.9M,False,+12.4%,False,380.7K,True,$32.40 / SMA $30.89,True,4.24%,False,+13.5%,True,31.3M,True,NYQ,False,
TGSNF,TGS ASA,16.07,2026-06-16T00:33:42.251495+00:00,True,+129.6%,True,$3157.8M,False,+-126.3%,False,0.7K,True,$16.07 / SMA $15.52,False,0.28%,False,+-41.5%,False,180.0M,False,OQX,False,
TH,Target Hospitality Corp.,18.91,2026-06-15T23:59:53.543515+00:00,True,+216.8%,True,$1883.2M,False,+-85.7%,True,1414.3K,True,$18.91 / SMA $16.19,True,3.95%,False,+4.1%,True,49.0M,True,NCM,False,
THFF,First Financial Corporation,73.37,2026-06-16T00:01:28.322448+00:00,False,+47.6%,True,$872.5M,False,+7.7%,False,84.4K,True,$73.37 / SMA $67.90,False,2.45%,False,+9.1%,True,11.3M,True,NMS,False,
THKLY,"THK Co., Ltd.",22.19,2026-06-15T23:56:24.833933+00:00,True,+86.0%,True,$4980.7M,,,False,6.0K,True,$22.19 / SMA $20.35,False,1.54%,,,False,205.6M,False,PNK,False,
THLEF,Thales S.A.,270.0,2026-06-16T00:17:43.347682+00:00,False,+9.3%,True,$55480.0M,,,False,0.3K,False,$270.00 / SMA $277.54,True,6.23%,,,True,0.7M,False,PNK,False,
THM,International Tower Hill Mines Ltd.,2.25,2026-06-16T00:13:41.977938+00:00,True,+171.1%,True,$598.1M,,,True,1086.5K,False,$2.25 / SMA $2.45,True,6.69%,,,True,103.6M,True,ASE,False,
THNOF,Technology One Limited,21.37,2026-06-16T00:08:04.979369+00:00,False,+42.8%,True,$7073.8M,,,False,0.1K,True,$21.37 / SMA $20.77,False,0.00%,,,False,275.3M,False,PNK,False,
THO,"THOR Industries, Inc.",75.98,2026-06-16T00:08:21.050223+00:00,False,+9.0%,True,$3955.3M,False,+-26.5%,True,782.6K,False,$75.98 / SMA $77.33,True,4.58%,False,+-3.9%,True,49.6M,True,NYQ,False,
THQQF,Embracer Group AB (publ),6.918,2026-06-16T00:22:27.476925+00:00,False,+35.6%,True,$1539.9M,False,+-188.5%,False,0.1K,True,$6.92 / SMA $6.72,False,0.40%,False,+-24.1%,True,102.4M,False,PNK,False,
THR,"Thermon Group Holdings, Inc.",61.14,2026-06-15T23:58:17.046195+00:00,True,+156.2%,True,$2013.9M,False,+-84.0%,True,573.6K,True,$61.14 / SMA $58.10,True,5.06%,False,+10.6%,True,30.4M,True,NYQ,False,
THSGF,Thesis Gold & Silver Inc.,2.06,2026-06-16T00:13:40.704675+00:00,True,+216.0%,True,$574.6M,,,False,65.7K,False,$2.06 / SMA $2.45,True,5.58%,,,False,277.6M,False,OQX,False,
THW,Abrdn World Healthcare Fund,12.31,2026-06-16T00:26:30.933564+00:00,False,+21.9%,True,$496.9M,,,False,93.2K,False,$12.31 / SMA $12.45,False,1.95%,,,,,True,NYQ,False,
THXPF,Thor Explorations Ltd.,0.8239,2026-06-16T00:38:04.588447+00:00,False,+59.7%,True,$549.2M,True,+34.6%,False,80.5K,False,$0.82 / SMA $0.97,True,5.93%,False,+16.0%,False,477.9M,False,PNK,False,
THYCF,Taiheiyo Cement Corporation,23.64,2026-06-16T00:22:11.333615+00:00,False,+6.2%,True,$2431.3M,,,False,0.4K,True,$23.64 / SMA $23.15,False,0.00%,,,True,104.5M,False,PNK,False,
THYCY,Taiheiyo Cement Corporation,6.96,2026-06-16T00:22:08.094845+00:00,False,+28.2%,True,$2863.3M,,,False,0.1K,True,$6.96 / SMA $6.08,False,0.00%,,,False,417.9M,False,PNK,False,
THYKF,thyssenkrupp nucera AG & Co. KGaA,10.18,2026-06-16T00:24:12.216560+00:00,False,+18.2%,True,$1493.5M,False,+-1566.7%,False,0.1K,True,$10.18 / SMA $9.83,False,0.00%,False,+-76.7%,True,22.6M,False,PNK,False,
TIAJF,Telecom Italia S.p.A.,0.961,2026-06-15T23:54:29.402739+00:00,True,+118.4%,True,$20455.3M,,,False,0.3K,True,$0.96 / SMA $0.92,False,0.00%,False,+-12.9%,False,5756.3M,False,PNK,False,
TIC,"TIC Solutions, Inc.",8.55,2026-06-16T00:22:24.198905+00:00,False,+34.4%,True,$1889.9M,False,+9.5%,True,2699.5K,True,$8.55 / SMA $8.54,True,5.74%,True,+108.4%,True,96.9M,True,NYQ,False,
TIGO,Millicom International Cellular S.A.,89.45,2026-06-16T00:06:15.498872+00:00,True,+151.1%,True,$14986.6M,False,+-43.0%,True,1662.1K,True,$89.45 / SMA $83.60,True,4.38%,True,+45.1%,True,92.3M,True,NMS,False,
TIGR,UP Fintech Holding Limited,4.73,2026-06-16T00:37:58.443731+00:00,False,+18.3%,True,$845.3M,False,+-190.9%,True,4687.7K,False,$4.73 / SMA $6.04,True,6.54%,True,+26.3%,True,138.4M,True,NMS,False,
TIHRF,Tharisa plc,1.44,2026-06-16T00:02:00.149849+00:00,True,+73.5%,True,$426.7M,,,False,0.8K,False,$1.44 / SMA $1.61,False,0.86%,,,False,256.3M,False,PNK,False,
TIIAY,Telecom Italia S.p.A.,9.4,2026-06-16T00:06:18.127511+00:00,True,+114.1%,True,$2000.5M,,,False,47.8K,True,$9.40 / SMA $8.15,False,2.12%,False,+-12.9%,False,575.6M,False,PNK,False,
TILE,"Interface, Inc.",31.35,2026-06-15T23:59:56.055667+00:00,False,+56.6%,True,$1820.1M,True,+81.8%,True,648.5K,True,$31.35 / SMA $28.42,True,3.59%,False,+11.3%,True,56.5M,True,NMS,False,
TIMB,TIM S.A.,22.05,2026-06-16T00:06:22.052320+00:00,False,+24.9%,True,$10534.0M,False,+3.0%,False,389.8K,False,$22.05 / SMA $24.19,False,1.83%,False,+6.5%,False,477.3M,True,NYQ,False,
TINLF,Teijin Limited,9.51,2026-06-15T23:59:52.654964+00:00,False,+4.6%,True,$1834.6M,,,False,0.0K,True,$9.51 / SMA $9.31,False,0.00%,,,True,148.1M,False,PNK,False,
TIPT,Tiptree Inc.,17.66,2026-06-16T00:38:03.525762+00:00,False,+14.0%,True,$663.5M,True,+161.5%,False,268.9K,True,$17.66 / SMA $17.20,False,2.92%,False,+-123.1%,True,23.0M,True,NCM,False,
TJX,"The TJX Companies, Inc.",167.33,2026-06-15T23:53:59.540978+00:00,False,+39.6%,True,$184850.2M,True,+29.3%,True,5184.2K,True,$167.33 / SMA $157.28,False,2.21%,False,+9.2%,False,1102.2M,True,NYQ,False,
TK,Teekay Corporation Ltd.,12.17,2026-06-16T00:00:09.710379+00:00,True,+70.9%,True,$1058.9M,,,True,567.0K,True,$12.17 / SMA $12.03,True,3.65%,,,True,54.6M,True,NYQ,True,
TKCBY,"Tokai Carbon Co., Ltd.",47.28,2026-06-16T00:10:04.237071+00:00,True,+106.0%,True,$2523.6M,,,False,0.0K,True,$47.28 / SMA $25.88,False,0.03%,,,True,53.2M,False,PNK,False,
TKCOF,"Toho Co., Ltd.",7.34,2026-06-15T23:56:18.597504+00:00,False,+0.0%,True,$6105.8M,,,False,0.1K,False,$7.34 / SMA $9.16,False,0.00%,,,False,531.5M,False,PNK,False,
TKECF,"Tokyo Electric Power Company Holdings, Incorporated",3.04,2026-06-16T00:20:13.214497+00:00,False,+16.0%,True,$4872.2M,,,False,0.4K,False,$3.04 / SMA $3.71,False,0.69%,,,False,1510.6M,False,PNK,False,
TKGBY,Turkiye Garanti Bankasi A.S.,2.86,2026-06-16T00:06:21.444534+00:00,False,+7.9%,True,$12939.0M,,,False,1.6K,False,$2.86 / SMA $3.01,False,2.07%,True,+51.1%,False,589.1M,False,OQX,False,
TKGSY,"Tokyo Gas Co.,Ltd.",22.1,2026-06-16T00:06:16.352032+00:00,False,+42.7%,True,$14673.7M,,,False,5.1K,True,$22.10 / SMA $20.87,True,5.78%,,,False,603.2M,False,PNK,False,
TKHVY,Türk Hava Yollari Anonim Ortakligi,65.44,2026-06-16T00:18:27.625342+00:00,False,+8.3%,True,$8980.2M,True,+633.3%,False,0.3K,False,$65.44 / SMA $67.25,False,0.69%,False,+21.1%,True,70.2M,False,PNK,False,
TKKHF,Tikehau Capital,20.75,2026-06-16T00:08:24.298380+00:00,False,+17.9%,True,$3588.9M,,,False,0.0K,True,$20.75 / SMA $18.55,False,0.00%,,,True,54.5M,False,PNK,False,
TKMSF,TKMS AG & Co KGaA,84.0,2026-06-16T00:33:17.013547+00:00,False,+15.1%,,N/A,,N/A,False,0.5K,False,$84.00 / SMA_short $93.10,False,0.37%,,N/A,,N/A,False,PNK,False,
TKO,"TKO Group Holdings, Inc.",201.19,2026-06-16T00:05:56.554462+00:00,False,+32.1%,True,$38452.7M,True,+62.3%,True,1388.8K,True,$201.19 / SMA $193.13,True,3.42%,True,+25.9%,True,61.6M,True,NYQ,False,
TKOMF,"Tokio Marine Holdings, Inc.",48.13,2026-06-15T23:54:02.883993+00:00,False,+51.9%,True,$92009.8M,,,False,9.1K,True,$48.13 / SMA $46.30,True,5.23%,,,False,1825.3M,False,PNK,False,
TKOMY,"Tokio Marine Holdings, Inc.",46.29,2026-06-16T00:17:37.510327+00:00,False,+44.1%,True,$88492.3M,,,False,124.0K,True,$46.29 / SMA $45.67,False,1.62%,,,False,1825.3M,False,PNK,False,
TKPHF,Takeda Pharmaceutical Company Limited,34.28,2026-06-16T00:05:52.132903+00:00,False,+30.2%,True,$54156.8M,,,False,8.5K,True,$34.28 / SMA $32.80,False,0.24%,False,+4.2%,False,1578.2M,False,PNK,False,
TKUGF,"Takeuchi Mfg. Co., Ltd.",44.82,2026-06-16T00:22:20.219950+00:00,False,+38.5%,True,$2070.4M,,,False,0.0K,True,$44.82 / SMA $40.08,False,0.00%,,,True,30.8M,False,PNK,False,
TKYMY,Tokuyama Corporation,14.0,2026-06-16T00:22:22.252066+00:00,False,+41.4%,True,$2014.5M,,,False,0.0K,True,$14.00 / SMA $12.81,False,0.00%,,,True,140.9M,False,PNK,False,
TLK,Perusahaan Perseroan (Persero) PT Telekomunikasi Indonesia Tbk,16.09,2026-06-16T00:31:12.663644+00:00,False,+17.9%,True,$15880.8M,False,+-21.6%,True,907.4K,False,$16.09 / SMA $17.00,False,2.28%,False,+1.5%,False,933.0M,True,NYQ,False,
TLNC,Talon Capital Corp.,10.3,2026-06-16T00:40:11.506240+00:00,False,+4.4%,True,$435.5M,,N/A,False,24.6K,True,$10.30 / SMA $10.24,False,0.10%,,N/A,True,23.1M,True,NGM,False,
TLNCU,Talon Capital Corp.,10.44,2026-06-16T00:26:52.661519+00:00,False,+4.6%,,,,,False,0.6K,True,$10.44 / SMA $10.37,False,0.89%,,,True,23.1M,True,NGM,False,
TLOFF,Talon Metals Corp.,4.35,2026-06-16T00:01:40.368755+00:00,True,+180.6%,True,$700.5M,True,+200.0%,False,272.1K,False,$4.35 / SMA $5.17,True,7.79%,,,True,144.3M,False,OID,False,
TLPFF,Teleperformance SE,64.41,2026-06-16T00:20:17.254744+00:00,False,+24.1%,True,$3745.1M,,,False,1.5K,False,$64.41 / SMA $67.14,False,2.15%,,,True,40.3M,False,PNK,False,
TLS,Telos Corporation,4.48,2026-06-16T00:40:11.241045+00:00,True,+89.0%,True,$335.2M,True,+125.0%,True,813.4K,True,$4.48 / SMA $4.43,True,7.25%,True,+55.9%,True,52.8M,True,NGM,True,
TLSNF,Telia Company AB (publ),5.35,2026-06-16T00:31:08.186029+00:00,False,+54.2%,True,$21036.8M,True,+223.1%,False,0.1K,True,$5.35 / SMA $5.21,False,0.00%,False,+-0.3%,False,2314.7M,False,PNK,False,
TLTZY,Tele2 AB (publ),9.91,2026-06-16T00:31:17.022674+00:00,False,+44.0%,True,$13746.3M,True,+559.0%,False,72.8K,True,$9.91 / SMA $9.81,False,2.69%,False,+-6.9%,False,1386.3M,False,PNK,False,
TLXPF,New Murchison Gold Limited,0.036,2026-06-16T00:26:44.835580+00:00,True,+260.0%,True,$391.1M,,,False,0.8K,True,$0.04 / SMA $0.02,False,0.00%,,,False,5581.9M,False,PNK,False,
TM,Toyota Motor Corporation,180.22,2026-06-15T23:53:58.477697+00:00,False,+7.8%,True,$234887.6M,,,False,439.9K,False,$180.22 / SMA $192.40,False,1.32%,False,+1.9%,False,19657.9M,True,NYQ,False,
TMC,TMC the metals company Inc.,5.34,2026-06-16T00:35:32.118326+00:00,False,+35.9%,True,$2979.3M,False,+-16.7%,True,6174.3K,False,$5.34 / SMA $5.34,True,7.64%,,N/A,False,248.9M,True,NMS,False,
TMCR,The Metals Royalty Company Inc.,9.48,2026-06-16T00:13:37.526749+00:00,False,+8.7%,True,$522.0M,,,False,115.8K,False,$9.48 / SMA_short $13.56,True,9.33%,,,True,18.0M,True,NCM,False,
TMDX,"TransMedics Group, Inc.",75.48,2026-06-15T23:58:15.217846+00:00,False,+25.6%,True,$2608.7M,False,+-71.4%,True,1316.9K,False,$75.48 / SMA $86.25,True,5.81%,False,+21.2%,True,33.4M,True,NGM,False,
TME,Tencent Music Entertainment Group,9.23,2026-06-16T00:18:12.983007+00:00,False,+9.4%,True,$15112.0M,False,+-51.8%,True,12423.7K,False,$9.23 / SMA $9.27,True,3.67%,False,+7.3%,False,559.8M,True,NYQ,False,
TMHC,Taylor Morrison Home Corporation,71.95,2026-06-16T00:33:18.976561+00:00,False,+32.9%,True,$6624.8M,False,+-51.2%,True,2423.2K,True,$71.95 / SMA $62.09,False,1.51%,False,+-26.8%,True,92.7M,True,NYQ,False,
TMICF,Trend Micro Incorporated,41.3995,2026-06-16T00:20:14.802640+00:00,False,+25.1%,True,$5372.3M,,,False,0.0K,True,$41.40 / SMA $36.09,False,0.00%,,,True,122.3M,False,PNK,False,
TMLDF,TMLDF,6.91,2026-06-16T00:11:52.835363+00:00,True,+165.8%,,,,,False,3.3K,True,$6.91 / SMA_short $4.25,False,1.29%,,,True,107.7M,False,PNK,False,
TMO,Thermo Fisher Scientific Inc.,473.72,2026-06-16T00:05:44.326619+00:00,False,+22.9%,True,$176044.5M,False,+11.3%,True,2252.3K,False,$473.72 / SMA $478.52,False,2.83%,False,+6.2%,False,370.7M,True,NYQ,False,
TMP,Tompkins Financial Corporation,90.58,2026-06-16T00:11:51.173661+00:00,False,+51.8%,True,$1302.8M,True,+32.8%,False,63.1K,True,$90.58 / SMA $84.93,False,2.22%,False,+2.4%,True,13.0M,True,ASE,False,
TMQ,Trilogy Metals Inc.,4.05,2026-06-16T00:01:42.714357+00:00,True,+232.0%,True,$698.8M,False,+-100.0%,True,2620.1K,False,$4.05 / SMA $4.23,True,6.92%,,,True,109.7M,True,ASE,False,
TMRAF,Tomra Systems ASA,10.03,2026-06-16T00:09:50.003751+00:00,False,+10.5%,True,$2962.8M,False,+-105.9%,False,0.8K,False,$10.03 / SMA $11.27,False,0.29%,False,+-16.1%,False,217.3M,False,PNK,False,
TMRAY,Tomra Systems ASA,10.12,2026-06-15T23:58:02.064712+00:00,False,+4.9%,True,$2989.4M,False,+-105.9%,False,2.0K,False,$10.12 / SMA $10.92,False,1.14%,False,+-16.1%,False,217.3M,False,PNK,False,
TMTNF,Toromont Industries Ltd.,156.52,2026-06-16T00:31:17.225715+00:00,True,+73.9%,True,$12761.6M,,N/A,False,5.1K,True,$156.52 / SMA $155.45,False,0.00%,False,+-6.0%,True,81.4M,False,PNK,False,
TMTS,Spartacus Acquisition Corp. II,10.0,2026-06-16T00:03:53.493050+00:00,False,+1.0%,True,$306.7M,,,False,51.4K,True,$10.00 / SMA $9.98,False,0.09%,,,True,21.2M,True,NGM,False,
TMTSU,Spartacus Acquisition Corp. II,10.15,2026-06-16T00:15:41.482043+00:00,False,+1.5%,,,,,False,4.7K,True,$10.15 / SMA $10.15,False,0.05%,,,True,21.2M,True,NGM,False,
TMUS,"T-Mobile US, Inc.",188.86,2026-06-16T00:30:41.891508+00:00,False,+8.5%,True,$204385.2M,False,+-12.0%,True,5686.9K,False,$188.86 / SMA $189.91,False,2.65%,False,+10.6%,False,495.8M,True,NMS,False,
TMVWF,TeamViewer SE,7.39,2026-06-16T00:11:54.822097+00:00,False,+42.9%,True,$1160.0M,False,+0.0%,False,0.2K,True,$7.39 / SMA $6.34,False,0.07%,False,+3.5%,True,148.6M,False,PNK,False,
TMXXF,TMX Group Limited,36.55,2026-06-16T00:18:20.545189+00:00,False,+13.2%,True,$10093.1M,,,False,2.3K,False,$36.55 / SMA $38.19,False,0.70%,False,+24.1%,False,272.9M,False,PNK,False,
TNDM,"Tandem Diabetes Care, Inc.",16.76,2026-06-16T00:00:13.187683+00:00,False,+67.9%,True,$1148.5M,True,+84.8%,True,2354.2K,False,$16.76 / SMA $17.82,True,7.94%,False,+5.5%,True,62.9M,True,NGM,False,
TNET,"TriNet Group, Inc.",46.68,2026-06-16T00:35:42.817434+00:00,False,+38.9%,True,$2144.7M,False,+11.1%,False,432.0K,True,$46.68 / SMA $42.26,True,4.57%,False,+-5.1%,True,26.8M,True,NYQ,False,
TNEYF,Tamarack Valley Energy Ltd.,9.31,2026-06-16T00:20:21.017784+00:00,True,+173.0%,True,$4451.5M,,,False,31.3K,True,$9.31 / SMA $8.99,True,8.92%,False,+3.9%,False,469.7M,False,PNK,False,
TNGX,"Tango Therapeutics, Inc.",32.9,2026-06-16T00:09:57.870445+00:00,True,+647.7%,True,$5356.6M,False,+11.1%,True,3662.0K,True,$32.90 / SMA $23.72,True,9.14%,False,+-100.0%,True,69.6M,True,NGM,False,
TNIEF,tonies SE,13.025,2026-06-16T00:11:45.958168+00:00,True,+101.0%,True,$1665.8M,,,False,0.2K,True,$13.03 / SMA $11.83,False,0.41%,,,True,61.8M,False,PNK,False,
TNIPF,TNIPF,38.44,2026-06-16T00:22:11.072406+00:00,False,+18.3%,,,,,False,0.3K,True,$38.44 / SMA_short $36.73,False,0.20%,,,,,False,PNK,False,
TNL,Travel + Leisure Co.,74.33,2026-06-16T00:33:32.551268+00:00,False,+55.7%,True,$4640.0M,False,+14.0%,True,873.7K,True,$74.33 / SMA $68.46,False,2.87%,False,+2.9%,True,61.0M,True,NYQ,False,
TNLIY,Trainline plc,5.87,2026-06-16T00:11:55.455691+00:00,False,+0.0%,True,$1043.0M,,,False,0.0K,False,$5.87 / SMA $6.09,False,0.00%,,,False,179.9M,False,PNK,False,
TOELY,Tokyo Electron Limited,217.65,2026-06-16T00:30:43.830987+00:00,True,+229.3%,True,$197998.4M,,N/A,False,190.2K,True,$217.65 / SMA $157.95,True,3.94%,,N/A,False,878.7M,False,PNK,False,
TOLWF,Trican Well Service Ltd.,5.29,2026-06-16T00:11:51.516391+00:00,False,+64.8%,True,$1110.8M,,,False,36.5K,False,$5.29 / SMA $5.32,False,2.39%,False,+19.9%,False,188.4M,False,PNK,False,
TOSCF,Tosoh Corporation,16.0,2026-06-15T23:56:24.965305+00:00,False,+18.1%,True,$4926.2M,,,False,0.0K,False,$16.00 / SMA $16.62,False,0.00%,,,False,302.0M,False,PNK,False,
TOTDF,TOTO LTD.,51.49,2026-06-16T00:08:06.864800+00:00,True,+115.0%,True,$8773.5M,,,False,0.4K,True,$51.49 / SMA $41.35,False,1.14%,,,True,143.1M,False,PNK,False,
TOTDY,TOTO LTD.,48.32,2026-06-15T23:56:15.820399+00:00,True,+102.7%,True,$8009.2M,,,False,31.8K,True,$48.32 / SMA $40.93,False,1.98%,,,True,143.1M,False,PNK,False,
TOTZF,Total Energy Services Inc.,17.19,2026-06-16T00:38:00.642863+00:00,True,+121.8%,True,$630.3M,True,+32.7%,False,7.6K,False,$17.19 / SMA $17.44,True,3.62%,True,+25.0%,True,28.0M,False,PNK,False,
TOWCF,TOWA Corporation,18.58,2026-06-16T00:11:48.710107+00:00,True,+76.3%,True,$1394.0M,,,False,11.5K,False,$18.58 / SMA $18.91,True,4.28%,,,True,60.7M,False,PNK,False,
TOWN,TowneBank,35.09,2026-06-15T23:57:58.378321+00:00,False,+10.0%,True,$3203.6M,False,+-22.4%,True,543.1K,True,$35.09 / SMA $34.55,False,1.91%,True,+34.6%,True,85.5M,True,NMS,False,
TOYOF,Toyota Motor Corporation,17.83,2026-06-16T00:05:42.984250+00:00,False,+14.3%,True,$232385.2M,,,False,204.4K,False,$17.83 / SMA $19.45,True,5.55%,False,+1.9%,False,12286.2M,False,PNK,False,
TPB,"Turning Point Brands, Inc.",82.05,2026-06-16T00:35:46.285313+00:00,False,+24.7%,True,$1589.1M,False,+-25.9%,False,479.5K,False,$82.05 / SMA $83.48,True,4.08%,False,+16.8%,True,17.0M,True,NYQ,False,
TPG,TPG Inc.,43.49,2026-06-16T00:06:13.469595+00:00,False,+17.7%,True,$16713.7M,,,True,2709.7K,True,$43.49 / SMA $42.15,True,3.93%,False,+-24.7%,True,124.8M,True,NMS,False,
TPGVF,Top Glove Corporation Bhd.,0.1917,2026-06-16T00:10:06.218424+00:00,True,+94.0%,True,$1537.0M,False,+0.0%,False,0.8K,False,$0.19 / SMA $0.21,False,0.00%,False,+13.7%,False,4950.8M,False,PNK,False,
TPL,Texas Pacific Land Corporation,362.78,2026-06-15T23:54:16.020741+00:00,False,+34.7%,True,$25022.5M,False,+18.5%,False,459.1K,False,$362.78 / SMA $408.20,True,4.30%,False,+20.8%,True,58.6M,True,NYQ,False,
TPLWF,Temple & Webster Group Ltd,3.6,2026-06-16T00:02:05.825771+00:00,False,+9.1%,True,$433.0M,,,False,7.8K,False,$3.60 / SMA $4.22,False,0.85%,,,True,84.7M,False,PNK,False,
TPR,"Tapestry, Inc.",150.99,2026-06-15T23:54:15.534170+00:00,True,+87.9%,True,$30506.7M,True,+73.7%,True,2198.8K,True,$150.99 / SMA $142.15,True,3.43%,False,+21.2%,False,201.1M,True,NYQ,False,
TPRKY,Travis Perkins plc,7.35,2026-06-16T00:35:52.149863+00:00,False,+8.4%,True,$1557.0M,,N/A,False,4.8K,True,$7.35 / SMA $7.30,False,0.41%,,N/A,False,208.7M,False,PNK,False,
TRATF,Traton SE,39.3,2026-06-16T00:06:10.028277+00:00,False,+29.5%,True,$20454.1M,,,False,0.2K,True,$39.30 / SMA $37.90,False,0.00%,False,+-16.3%,True,51.4M,False,PNK,False,
TRC,Tejon Ranch Co.,19.33,2026-06-16T00:26:30.571383+00:00,False,+26.3%,True,$521.8M,True,+120.0%,False,91.3K,False,$19.33 / SMA $19.47,False,2.23%,False,+15.8%,True,17.5M,True,NYQ,False,
TRDCF,TRDCF,67.0,2026-06-16T00:01:53.452341+00:00,False,+38.3%,True,$652.9M,,,False,0.5K,True,$67.00 / SMA_short $67.00,,,,,True,3.5M,False,PNK,False,
TREX,"Trex Company, Inc.",46.37,2026-06-16T00:20:24.327958+00:00,False,+55.8%,True,$4817.8M,False,+3.6%,True,1868.7K,True,$46.37 / SMA $40.40,True,4.67%,False,+1.0%,True,103.2M,True,NYQ,False,
TRGP,Targa Resources Corp.,262.33,2026-06-16T00:05:50.382487+00:00,True,+82.0%,True,$56307.5M,True,+142.9%,True,1275.4K,True,$262.33 / SMA $255.14,False,2.52%,False,+-10.2%,False,211.3M,True,NYQ,False,
TRI,Thomson Reuters Corporation,80.47,2026-06-16T00:17:49.003772+00:00,False,+3.0%,True,$35128.3M,False,+7.3%,True,1991.3K,False,$80.47 / SMA $87.01,True,4.63%,False,+9.8%,True,127.5M,True,NMS,False,
TRIN,Trinity Capital Inc.,16.89,2026-06-16T00:11:46.954960+00:00,False,+22.7%,True,$1518.2M,False,+-16.3%,True,1156.0K,True,$16.89 / SMA $16.17,False,1.81%,False,+21.1%,True,86.1M,True,NMS,False,
TRINZ,Trinity Capital Inc. 7.875% Notes due 2029,25.15,2026-06-15T23:59:59.086873+00:00,False,+1.0%,,,,,False,7.2K,False,$25.15 / SMA $25.36,False,0.30%,,,,,True,NMS,False,
TRKNY,Türk Telekomünikasyon Anonim Sirketi,4.0,2026-06-15T23:56:28.189369+00:00,True,+74.7%,True,$7000.0M,,,False,0.1K,True,$4.00 / SMA $3.51,False,0.03%,False,+23.7%,,,False,PNK,False,
TRMB,Trimble Inc.,50.21,2026-06-16T00:06:17.346429+00:00,False,+2.7%,True,$11704.5M,True,+55.6%,True,2259.8K,False,$50.21 / SMA $60.68,True,3.41%,False,+11.8%,False,231.9M,True,NMS,False,
TRMK,Trustmark Corporation,45.17,2026-06-16T00:22:12.464041+00:00,False,+35.3%,True,$2647.2M,False,+8.0%,False,383.4K,True,$45.17 / SMA $44.24,False,1.93%,False,+3.7%,True,57.2M,True,NMS,False,
TRMLF,Tourmaline Oil Corp.,45.14,2026-06-16T00:31:09.882404+00:00,False,+12.8%,True,$17528.1M,,N/A,False,243.1K,False,$45.14 / SMA $46.50,False,2.65%,False,+17.0%,False,369.7M,False,PNK,False,
TRN,"Trinity Industries, Inc.",34.8,2026-06-16T00:35:27.724646+00:00,False,+55.5%,True,$2766.8M,False,+15.4%,True,700.5K,True,$34.80 / SMA $33.51,True,3.09%,False,+-16.0%,True,78.3M,True,NYQ,False,
TRON,Tron Inc.,1.8,2026-06-16T00:24:26.259592+00:00,False,+60.7%,True,$853.9M,True,+225.0%,True,1181.8K,False,$1.80 / SMA $2.10,True,6.98%,False,+8.7%,True,46.1M,True,NCM,False,
TROX,Tronox Holdings plc,8.03,2026-06-16T00:11:51.977741+00:00,True,+180.8%,True,$1281.0M,False,+7.1%,True,3100.0K,False,$8.03 / SMA $8.72,True,5.68%,False,+3.0%,True,118.7M,True,NYQ,False,
TRP,TC Energy Corporation,69.07,2026-06-15T23:54:05.022834+00:00,False,+49.2%,True,$71954.8M,False,+-8.5%,True,2525.5K,True,$69.07 / SMA $65.75,False,2.02%,False,+6.6%,False,999.0M,True,NYQ,False,
TRPCF,Trip.com Group Limited,50.155,2026-06-16T00:05:57.832411+00:00,False,+0.0%,True,$31582.9M,True,+97.7%,False,0.0K,False,$50.16 / SMA $51.68,False,0.00%,False,+20.8%,False,568.3M,False,PNK,False,
TRPPF,TRPPF,18.0,2026-06-16T00:30:49.316493+00:00,False,+32.5%,,N/A,,N/A,False,0.8K,False,$18.00 / SMA $18.01,False,0.00%,False,+6.6%,,N/A,False,PNK,False,
TRSBF,3SBio Inc.,2.2,2026-06-16T00:18:35.854902+00:00,False,+10.0%,True,$5501.4M,,,False,0.8K,False,$2.20 / SMA $2.70,False,0.00%,,,False,1852.3M,False,PNK,False,
TRST,TrustCo Bank Corp NY,53.05,2026-06-16T00:00:20.913804+00:00,True,+73.8%,True,$927.0M,False,+21.3%,False,112.5K,True,$53.05 / SMA $48.76,False,2.12%,False,+9.3%,True,16.8M,True,NMS,False,
TRTPF,TRTPF,3.5,2026-06-16T00:00:01.636229+00:00,True,+104.7%,True,$1353.2M,,,False,0.2K,True,$3.50 / SMA $3.40,False,0.00%,,,False,353.1M,False,PNK,False,
TRTX,"TPG RE Finance Trust, Inc.",8.49,2026-06-16T00:01:56.109246+00:00,False,+12.2%,True,$656.3M,True,+58.3%,True,619.6K,True,$8.49 / SMA $8.33,False,1.84%,False,+0.5%,True,67.4M,True,NYQ,False,
TRU,TransUnion,67.31,2026-06-15T23:54:28.210875+00:00,False,+4.3%,True,$12977.4M,True,+172.0%,True,2168.2K,False,$67.31 / SMA $70.54,True,3.83%,False,+13.7%,False,191.5M,True,NYQ,False,
TRUMY,Terumo Corporation,13.75,2026-06-15T23:54:19.398326+00:00,False,+13.8%,True,$20282.4M,,,False,230.2K,True,$13.75 / SMA $13.60,False,1.92%,,,False,1445.3M,False,PNK,False,
TRUP,"Trupanion, Inc.",23.9,2026-06-16T00:24:23.988035+00:00,False,+12.9%,True,$1042.5M,True,+466.7%,False,386.6K,False,$23.90 / SMA $24.28,True,4.30%,False,+12.3%,True,33.3M,True,NGM,False,
TRV,"The Travelers Companies, Inc.",306.47,2026-06-15T23:54:06.035535+00:00,False,+23.0%,True,$65169.2M,True,+357.6%,True,1435.8K,True,$306.47 / SMA $299.41,False,2.06%,False,+1.0%,False,211.4M,True,NYQ,False,
TRVG,trivago N.V.,4.3,2026-06-16T00:35:49.418454+00:00,False,+66.0%,True,$304.0M,False,+0.0%,False,61.7K,True,$4.30 / SMA $3.28,True,8.06%,False,+15.1%,True,9.8M,True,NMS,False,
TRVI,"Trevi Therapeutics, Inc.",14.66,2026-06-15T23:58:18.832777+00:00,True,+171.0%,True,$2081.4M,False,+0.0%,True,1436.9K,True,$14.66 / SMA $14.06,True,4.58%,,,True,118.8M,True,NGM,False,
TRX,TRX Gold Corporation,0.971,2026-06-16T00:40:09.177509+00:00,True,+203.4%,True,$316.2M,False,+-600.0%,True,3469.1K,False,$0.97 / SMA $1.20,True,6.26%,True,+274.1%,False,317.7M,True,ASE,False,
TRYIF,"Toray Industries, Inc.",7.71,2026-06-15T23:54:35.541192+00:00,False,+26.4%,True,$11236.1M,,,False,0.1K,True,$7.71 / SMA $6.82,False,0.02%,,,False,1455.2M,False,PNK,False,
TS,Tenaris S.A.,61.65,2026-06-16T00:30:59.626822+00:00,True,+83.2%,True,$31122.1M,False,+14.9%,True,1920.0K,True,$61.65 / SMA $60.75,False,2.08%,False,+6.1%,False,316.7M,True,NYQ,False,
TSBK,"Timberland Bancorp, Inc.",42.09,2026-06-16T00:15:41.230962+00:00,False,+40.5%,True,$329.5M,False,+5.9%,False,34.0K,True,$42.09 / SMA $40.81,False,2.52%,False,+6.2%,True,7.2M,True,NGM,False,
TSCDY,Tesco PLC,19.06,2026-06-15T23:54:10.973132+00:00,False,+17.5%,True,$39924.3M,,,True,502.4K,True,$19.06 / SMA $18.81,False,1.51%,,,False,2029.5M,False,OQX,False,
TSCO,Tractor Supply Company,30.88,2026-06-15T23:54:24.461605+00:00,False,+8.9%,True,$16195.0M,False,+-8.8%,True,10692.0K,False,$30.88 / SMA $34.79,True,3.54%,False,+3.6%,False,522.7M,True,NMS,False,
TSEM,Tower Semiconductor Ltd.,286.86,2026-06-16T00:31:00.218411+00:00,True,+646.6%,True,$34133.2M,True,+62.9%,True,2868.0K,True,$286.86 / SMA $234.75,True,8.22%,False,+15.5%,True,112.4M,True,NMS,False,
TSGTY,Tsingtao Brewery Company Limited,31.03,2026-06-16T00:31:24.141735+00:00,False,+7.9%,True,$10055.2M,False,+5.2%,False,0.2K,False,$31.03 / SMA $32.69,False,0.24%,False,+-1.5%,False,176.3M,False,PNK,False,
TSHA,"Taysha Gene Therapies, Inc.",5.97,2026-06-16T00:22:30.288523+00:00,True,+165.3%,True,$1715.5M,False,+-50.0%,True,2666.8K,True,$5.97 / SMA $5.87,True,6.96%,False,+-100.0%,False,196.7M,True,NMS,False,
TSHTY,Toshiba Tec Corporation,10.28,2026-06-16T00:00:09.562950+00:00,False,+28.3%,True,$1089.4M,,,False,0.3K,True,$10.28 / SMA $9.38,False,2.84%,,,True,49.2M,False,PNK,False,
TSHXY,Tosoh Corporation,8.03,2026-06-15T23:56:24.344110+00:00,False,+0.0%,True,$4944.7M,,,False,0.1K,False,$8.03 / SMA_short $8.72,False,0.00%,,,False,151.0M,False,PNK,False,
TSIOF,361 Degrees International Limited,0.6054,2026-06-16T00:24:11.490767+00:00,False,+12.0%,True,$1312.3M,,,False,0.5K,False,$0.61 / SMA $0.69,False,0.00%,,,False,779.5M,False,PNK,False,
TSLA,"Tesla, Inc.",411.15,2026-06-15T23:53:57.359214+00:00,False,+42.4%,True,$1544165.8M,False,+8.3%,True,58965.3K,True,$411.15 / SMA $399.31,True,3.81%,False,+15.8%,False,2815.9M,True,NMS,False,
TSLTF,TransAlta Corporation,18.8194,2026-06-16T00:33:33.084260+00:00,False,+12.8%,,N/A,,N/A,False,0.0K,True,$18.82 / SMA $18.41,False,0.00%,False,+-25.5%,False,246.3M,False,PNK,False,
TSN,"Tyson Foods, Inc.",57.3,2026-06-16T00:18:00.745248+00:00,False,+13.3%,True,$20177.0M,True,+3550.0%,True,3070.2K,False,$57.30 / SMA $63.17,False,2.62%,False,+4.4%,False,275.0M,True,NYQ,False,
TSRYF,Treasury Wine Estates Limited,2.9,2026-06-16T00:22:16.769025+00:00,False,+34.9%,True,$2504.0M,,,False,2.1K,False,$2.90 / SMA $2.92,False,0.00%,,,False,702.3M,False,PNK,False,
TSRYY,Treasury Wine Estates Limited,3.39,2026-06-15T23:58:13.479458+00:00,False,+50.7%,True,$2757.4M,,,False,140.6K,True,$3.39 / SMA $3.01,False,1.62%,,,False,702.3M,False,PNK,False,
TSUKY,"Toyo Suisan Kaisha, Ltd.",62.71,2026-06-16T00:18:33.401199+00:00,False,+7.9%,True,$6104.3M,,,False,4.3K,False,$62.71 / SMA $67.88,True,5.78%,,,True,86.4M,False,PNK,False,
TT,Trane Technologies plc,472.54,2026-06-16T00:30:46.305131+00:00,False,+35.8%,True,$104457.6M,False,+-1.9%,True,1363.8K,True,$472.54 / SMA $465.24,False,2.57%,False,+6.0%,False,220.5M,True,NYQ,False,
TTAM,Titan America SA,17.11,2026-06-16T00:09:59.002462+00:00,False,+40.5%,True,$3154.4M,False,+-5.3%,False,288.6K,True,$17.11 / SMA $16.09,True,3.39%,False,+1.5%,True,24.5M,True,NYQ,False,
TTAN,"ServiceTitan, Inc.",68.8,2026-06-15T23:56:18.914298+00:00,False,+27.0%,True,$6562.7M,True,+52.9%,True,1268.6K,True,$68.80 / SMA $64.15,True,6.16%,False,+24.6%,True,64.0M,True,NMS,False,
TTBXF,Tritax Big Box REIT plc,1.98,2026-06-16T00:20:16.677246+00:00,False,+16.6%,,,,,False,2.0K,True,$1.98 / SMA_short $1.98,,,,,False,2453.3M,False,PNK,False,
TTC,The Toro Company,88.84,2026-06-15T23:54:37.214254+00:00,False,+31.7%,True,$8460.2M,False,+9.5%,True,843.0K,False,$88.84 / SMA $92.77,True,3.13%,False,+8.1%,True,94.8M,True,NYQ,False,
TTD,"The Trade Desk, Inc.",19.27,2026-06-16T00:31:24.262920+00:00,False,+5.2%,True,$9059.0M,False,+-20.0%,True,20151.1K,False,$19.27 / SMA $21.82,True,5.96%,False,+11.8%,False,418.3M,True,NGM,False,
TTDKF,TDK Corporation,22.288,2026-06-16T00:17:48.630368+00:00,True,+137.1%,True,$42305.8M,True,+756.9%,False,11.6K,True,$22.29 / SMA $19.17,True,7.86%,,,False,1897.8M,False,PNK,False,
TTDKY,TDK Corporation,22.21,2026-06-16T00:30:56.777724+00:00,True,+119.0%,True,$42157.7M,True,+756.9%,False,255.5K,True,$22.21 / SMA $18.98,True,3.81%,,N/A,False,1897.8M,False,PNK,False,
TTE,TotalEnergies SE,84.07,2026-06-16T00:05:43.419788+00:00,False,+46.5%,True,$186735.6M,True,+57.1%,True,1747.0K,False,$84.07 / SMA $90.09,False,1.72%,False,+3.4%,False,1805.0M,True,NYQ,False,
TTEK,"Tetra Tech, Inc.",28.0,2026-06-16T00:31:34.453059+00:00,False,+8.5%,True,$7266.7M,True,+1700.0%,True,3303.4K,False,$28.00 / SMA $29.45,True,3.32%,False,+-7.7%,False,257.9M,True,NMS,False,
TTGT,"TechTarget, Inc.",3.65,2026-06-16T00:15:35.512912+00:00,False,+7.0%,False,$263.9M,True,+86.6%,False,489.0K,False,$3.65 / SMA $4.79,True,7.53%,False,+2.1%,True,21.9M,True,NMS,False,
TTI,"TETRA Technologies, Inc.",10.16,2026-06-16T00:00:00.483445+00:00,True,+220.5%,True,$1501.9M,True,+100.0%,True,1649.0K,True,$10.16 / SMA $9.71,True,5.10%,False,+-0.6%,True,127.2M,True,NYQ,False,
TTNDY,Techtronic Industries Company Limited,75.6,2026-06-16T00:17:56.220842+00:00,False,+42.1%,True,$27645.4M,,,False,39.0K,True,$75.60 / SMA $73.09,False,1.53%,,,False,284.6M,False,OQX,False,
TTNNF,Toho Titanium Co Ltd,17.704,2026-06-16T00:00:03.058274+00:00,True,+156.1%,True,$1272.8M,,,False,0.0K,True,$17.70 / SMA $15.96,False,0.15%,,,True,30.6M,False,PNK,False,
TTRAF,TTRAF,3.2,2026-06-16T00:30:55.825115+00:00,False,+11.1%,True,$35645.2M,,N/A,False,2.4K,False,$3.20 / SMA $3.68,False,0.18%,,N/A,False,11343.4M,False,PNK,False,
TTWO,"Take-Two Interactive Software, Inc.",216.23,2026-06-15T23:54:10.266397+00:00,False,+15.2%,True,$40146.7M,True,+98.5%,True,2059.8K,False,$216.23 / SMA $217.85,True,3.47%,False,+6.1%,False,184.8M,True,NMS,False,
TUIFF,TUI AG,7.8,2026-06-16T00:08:21.326717+00:00,False,+8.3%,True,$3958.0M,False,+6.7%,False,0.1K,True,$7.80 / SMA $7.79,False,0.00%,False,+-0.1%,False,429.6M,False,PNK,False,
TUWOY,Tullow Oil plc,0.09,2026-06-16T00:26:53.668306+00:00,True,+350.0%,False,$272.7M,,,False,336.7K,False,$0.09 / SMA $0.09,True,26.50%,,,False,2177.1M,False,PNK,False,
TUYA,Tuya Inc.,1.99,2026-06-16T00:37:31.730426+00:00,False,+6.4%,True,$1220.1M,True,+50.0%,True,1372.1K,False,$1.99 / SMA $2.24,True,4.38%,False,+8.3%,False,287.6M,True,NYQ,False,
TV,"Grupo Televisa, S.A.B.",2.93,2026-06-16T00:24:10.893877+00:00,False,+44.3%,True,$1544.3M,True,+229.8%,True,1200.6K,True,$2.93 / SMA $2.88,True,3.47%,False,+-3.1%,False,243.7M,True,NYQ,False,
TVA,Texas Ventures Acquisition III Corp,10.46,2026-06-16T00:03:52.652583+00:00,False,+4.0%,True,$313.8M,False,+-1246.8%,False,53.6K,False,$10.46 / SMA $10.47,False,0.26%,,,True,19.3M,True,NGM,False,
TVAVF,The Tel-Aviv Stock Exchange Ltd.,52.08,2026-06-16T00:20:17.595009+00:00,True,+217.6%,True,$4889.1M,True,+113.9%,False,1.3K,False,$52.08 / SMA $52.55,False,1.45%,True,+39.9%,True,88.4M,False,PNK,False,
TVTX,"Travere Therapeutics, Inc.",53.8,2026-06-16T00:20:23.471129+00:00,True,+287.6%,True,$5003.0M,False,+14.9%,True,2288.0K,True,$53.80 / SMA $42.45,True,4.96%,True,+55.6%,True,87.0M,True,NGM,False,
TWI,"Titan International, Inc.",7.59,2026-06-16T00:13:49.927472+00:00,False,+18.0%,True,$488.6M,False,+-3700.0%,True,962.4K,False,$7.59 / SMA $7.74,True,4.20%,False,+2.9%,True,51.6M,True,NYQ,False,
TWLO,Twilio Inc.,202.0,2026-06-15T23:54:15.095333+00:00,True,+119.9%,True,$30658.3M,True,+375.0%,True,2621.3K,True,$202.00 / SMA $176.39,True,5.99%,False,+20.0%,False,151.1M,True,NYQ,False,
TWN,"The Taiwan Fund, Inc.",97.29,2026-06-16T00:13:45.896676+00:00,True,+133.1%,True,$558.6M,,,False,43.3K,True,$97.29 / SMA $89.67,True,5.02%,,,,,True,NYQ,False,
TWNMF,29Metals Limited,0.2203,2026-06-16T00:03:46.283279+00:00,False,+69.5%,True,$385.5M,,,False,0.0K,False,$0.22 / SMA $0.27,False,0.00%,,,False,751.4M,False,PNK,False,
TWO,Two Harbors Investment Corp.,12.24,2026-06-16T00:00:02.355684+00:00,False,+39.4%,True,$1285.8M,True,+120.2%,True,3002.0K,True,$12.24 / SMA $11.92,False,0.76%,True,+372.1%,True,104.0M,True,NYQ,False,
TWODF,Taylor Wimpey plc,1.01,2026-06-15T23:56:34.950066+00:00,False,+6.3%,True,$3508.2M,,,False,12.2K,False,$1.01 / SMA $1.08,False,0.74%,,,False,3491.5M,False,PNK,False,
TWST,Twist Bioscience Corporation,80.79,2026-06-16T00:33:35.719416+00:00,True,+246.7%,True,$5030.9M,False,+-7.6%,True,1458.9K,True,$80.79 / SMA $60.40,True,7.97%,False,+19.3%,True,55.4M,True,NMS,False,
TX,Ternium S.A.,49.92,2026-06-16T00:31:27.745048+00:00,True,+73.5%,True,$9799.7M,True,+266.7%,False,342.8K,True,$49.92 / SMA $44.46,True,3.25%,False,+0.0%,True,43.0M,True,NYQ,False,
TXN,Texas Instruments Incorporated,313.34,2026-06-16T00:30:41.001566+00:00,True,+105.2%,True,$285168.5M,True,+31.2%,True,7634.9K,True,$313.34 / SMA $274.65,True,3.92%,False,+18.6%,False,907.9M,True,NMS,False,
TXNM,TXNM,,2026-06-16T00:34:40.406949+00:00,False,N/A,False,N/A,False,N/A,False,N/A,False,N/A,False,N/A,False,N/A,False,N/A,False,Unknown,False,Too Many Requests. Rate limited. Try after a while.
TXO,"TXO Partners, L.P.",12.9,2026-06-16T00:24:31.933427+00:00,False,+27.5%,True,$712.6M,False,+-2350.0%,False,229.8K,True,$12.90 / SMA $12.54,True,4.22%,False,+-66.5%,True,40.0M,True,NYQ,False,
TXT,Textron Inc.,93.75,2026-06-16T00:18:08.532783+00:00,False,+23.7%,True,$16302.1M,False,+10.8%,True,1370.0K,True,$93.75 / SMA $91.14,False,2.38%,False,+11.8%,False,172.6M,True,NYQ,False,
TY,Tri-Continental Corporation,35.86,2026-06-16T00:35:42.672638+00:00,False,+18.0%,True,$1908.9M,,N/A,False,36.5K,True,$35.86 / SMA $34.27,False,1.46%,,N/A,,N/A,True,NYQ,False,
TYCMY,Tingyi (Cayman Islands) Holding Corp.,27.0,2026-06-16T00:31:30.021562+00:00,False,+4.1%,True,$7609.3M,,N/A,False,19.4K,False,$27.00 / SMA $29.56,True,3.91%,,N/A,True,93.1M,False,PNK,False,
TYG,Tortoise Energy Infrastructure Corporation,42.61,2026-06-16T00:00:14.455219+00:00,False,+5.6%,True,$916.7M,,,False,163.7K,False,$42.61 / SMA $45.66,False,1.53%,,,,,True,NYQ,False,
TYGO,"Tigo Energy, Inc.",2.84,2026-06-16T00:15:40.583396+00:00,True,+149.1%,False,$215.6M,True,+81.8%,True,622.1K,False,$2.84 / SMA $4.02,True,7.30%,True,+33.7%,True,28.7M,True,NCM,False,
TYIDF,Toyota Industries Corp,132.61,2026-06-16T00:05:55.706146+00:00,False,+24.0%,True,$39845.7M,,,False,0.4K,True,$132.61 / SMA $127.97,False,0.10%,,,True,2.6M,False,PNK,False,
TYIDY,Toyota Industries Corporation,127.0,2026-06-16T00:05:55.921894+00:00,False,+23.1%,True,$38426.9M,,,False,6.5K,True,$127.00 / SMA $126.52,False,2.63%,,,False,300.5M,False,PNK,False,
TYNPF,Nippon Sanso Holdings Corporation,35.316,2026-06-16T00:18:06.044296+00:00,False,+26.5%,True,$15286.7M,,,False,1.5K,False,$35.32 / SMA $37.38,True,5.40%,,,False,198.3M,False,PNK,False,
TYOYY,"Taiyo Yuden Co., Ltd.",404.0,2026-06-16T00:18:32.983714+00:00,True,+567.0%,True,$12630.1M,,,False,0.7K,True,$404.00 / SMA $224.36,True,6.56%,,,True,31.3M,False,PNK,False,
TYRA,"Tyra Biosciences, Inc.",28.55,2026-06-16T00:10:06.795214+00:00,True,+217.9%,True,$1697.9M,False,+-36.2%,True,959.2K,False,$28.55 / SMA $33.40,True,6.47%,,,True,30.9M,True,NMS,False,
U,Unity Software Inc.,28.49,2026-06-16T00:06:20.704097+00:00,False,+69.8%,True,$12436.9M,False,+-321.1%,True,12520.5K,True,$28.49 / SMA $26.58,True,5.90%,False,+16.8%,False,357.9M,True,NYQ,False,
UA,"Under Armour, Inc.",5.85,2026-06-16T00:35:32.151690+00:00,False,+48.1%,True,$2494.0M,,N/A,True,2796.3K,True,$5.85 / SMA $5.75,True,4.33%,False,+-0.8%,False,302.0M,True,NYQ,False,
UAMY,United States Antimony Corporation,7.48,2026-06-16T00:11:51.063749+00:00,True,+285.6%,True,$1108.4M,False,+-1897.8%,True,12241.1K,False,$7.48 / SMA $9.44,True,9.08%,False,+-3.1%,True,130.3M,True,NYQ,False,
UAN,"CVR Partners, LP",111.38,2026-06-16T00:00:02.092862+00:00,False,+32.5%,True,$1177.2M,True,+84.4%,False,75.0K,False,$111.38 / SMA $122.92,True,3.20%,True,+26.0%,True,10.3M,True,NYQ,False,
UBER,"Uber Technologies, Inc.",72.85,2026-06-16T00:17:33.355911+00:00,False,+8.4%,True,$148293.4M,False,+-84.3%,True,17505.7K,False,$72.85 / SMA $73.52,False,2.97%,False,+14.5%,False,2023.9M,True,NYQ,False,
UBSFF,Ubisoft Entertainment SA,5.75,2026-06-16T00:01:34.857142+00:00,False,+27.8%,True,$781.7M,,,False,2.5K,True,$5.75 / SMA $5.74,False,2.55%,,,True,98.9M,False,PNK,False,
UBSFY,Ubisoft Entertainment SA,1.07,2026-06-16T00:37:56.296173+00:00,False,+33.7%,True,$727.3M,,N/A,False,188.1K,False,$1.07 / SMA $1.09,True,5.59%,,N/A,False,494.4M,False,PNK,False,
UBSI,"United Bankshares, Inc.",44.86,2026-06-16T00:08:08.975948+00:00,False,+31.6%,True,$6181.6M,True,+50.8%,True,888.1K,True,$44.86 / SMA $43.14,False,1.80%,False,+9.3%,True,134.1M,True,NMS,False,
UBTRF,UBTRF,13.705,2026-06-15T23:54:39.673163+00:00,False,+23.9%,,,,,False,3.5K,False,$13.71 / SMA $14.05,True,5.58%,,,False,275.6M,False,PNK,False,
UCB,"United Community Banks, Inc.",33.45,2026-06-16T00:33:33.671795+00:00,False,+22.8%,True,$4006.0M,False,+19.0%,True,839.6K,True,$33.45 / SMA $33.31,False,1.96%,False,+11.3%,True,119.0M,True,NYQ,False,
UCBJY,UCB SA,158.72,2026-06-16T00:17:43.833689+00:00,True,+78.3%,True,$60472.9M,,,False,41.6K,True,$158.72 / SMA $144.86,False,1.51%,,,False,239.7M,False,PNK,False,
UCTT,"Ultra Clean Holdings, Inc.",113.55,2026-06-16T00:20:26.519951+00:00,True,+482.0%,True,$5090.3M,False,+-263.6%,True,1084.9K,True,$113.55 / SMA $82.63,True,8.23%,False,+2.9%,True,43.9M,True,NMS,False,
UDR,"UDR, Inc.",38.9,2026-06-15T23:54:30.301654+00:00,False,+18.1%,True,$14413.1M,True,+147.8%,True,4254.1K,True,$38.90 / SMA $36.67,False,1.90%,False,+0.9%,False,292.5M,True,NYQ,False,
UE,Urban Edge Properties,22.92,2026-06-16T00:35:23.953580+00:00,False,+25.8%,True,$3042.8M,True,+157.1%,True,869.3K,True,$22.92 / SMA $21.96,False,1.93%,False,+12.2%,True,125.9M,True,NYQ,False,
UEC,Uranium Energy Corp.,11.77,2026-06-15T23:56:17.339065+00:00,True,+99.5%,True,$5824.6M,False,+-57.1%,True,9923.0K,False,$11.77 / SMA $13.87,True,8.21%,,,False,486.2M,True,ASE,False,
UFCS,"United Fire Group, Inc.",47.91,2026-06-16T00:11:52.002294+00:00,True,+85.8%,True,$1229.2M,True,+71.6%,False,119.9K,True,$47.91 / SMA $43.38,True,3.03%,False,+11.6%,True,22.2M,True,NMS,False,
UFGSY,Unipol Assicurazioni S.p.A.,13.86,2026-06-15T23:54:22.985754+00:00,False,+43.3%,True,$20512.7M,,,False,0.9K,True,$13.86 / SMA $12.55,False,2.81%,,,False,802.6M,False,PNK,False,
UFPI,"UFP Industries, Inc.",84.65,2026-06-16T00:33:26.975124+00:00,False,+8.7%,True,$4781.1M,False,+-31.5%,False,461.4K,False,$84.65 / SMA $86.42,False,2.84%,False,+-8.4%,True,55.4M,True,NMS,False,
UFPT,"UFP Technologies, Inc.",233.665,2026-06-16T00:35:45.417575+00:00,False,+34.4%,True,$1807.9M,False,+1.4%,False,209.3K,True,$233.66 / SMA $212.63,True,4.45%,False,+4.1%,True,7.4M,True,NCM,False,
UHAL,U-Haul Holding Company,62.08,2026-06-16T00:06:25.390639+00:00,False,+48.0%,True,$11793.8M,False,+-52.2%,False,253.0K,True,$62.08 / SMA $53.31,True,3.34%,False,+3.1%,True,107.8M,True,NYQ,False,
UHAL.B,UHAL.B,,2026-06-16T00:18:23.997058+00:00,False,,False,,False,,False,,False,,False,,False,,False,,False,Unknown,False,No price data available
UHS,"Universal Health Services, Inc.",145.97,2026-06-16T00:18:23.408110+00:00,False,+4.2%,True,$8836.5M,False,+17.7%,True,935.0K,False,$145.97 / SMA $165.27,True,3.33%,False,+9.6%,True,50.3M,True,NYQ,False,
UHT,Universal Health Realty Income Trust,40.33,2026-06-16T00:38:07.785079+00:00,False,+14.4%,True,$559.6M,False,+5.9%,False,73.5K,False,$40.33 / SMA $41.12,False,2.40%,False,+-0.1%,True,12.7M,True,NYQ,False,
UI,Ubiquiti Inc.,574.74,2026-06-16T00:30:57.826668+00:00,False,+56.0%,True,$34784.5M,True,+29.5%,False,118.8K,False,$574.74 / SMA $790.49,True,4.85%,False,+18.7%,True,4.2M,True,NYQ,False,
UL,Unilever PLC,58.69,2026-06-16T00:30:44.996584+00:00,False,+7.2%,True,$127089.6M,,N/A,True,4741.3K,True,$58.69 / SMA $57.24,False,1.39%,,N/A,False,2162.5M,True,NYQ,False,
ULCC,"Frontier Group Holdings, Inc.",6.57,2026-06-16T00:24:16.117252+00:00,True,+117.5%,True,$1509.7M,False,+-521.1%,True,5571.4K,True,$6.57 / SMA $4.78,True,7.52%,False,+8.8%,True,57.7M,True,NMS,False,
ULH,"Universal Logistics Holdings, Inc.",17.07,2026-06-16T00:03:44.140624+00:00,False,+45.5%,True,$450.1M,False,+-156.5%,False,75.9K,False,$17.07 / SMA $18.15,True,6.59%,False,+-3.9%,True,6.7M,True,NMS,False,
ULS,UL Solutions Inc.,96.99,2026-06-15T23:54:20.309830+00:00,False,+57.3%,True,$19549.6M,True,+36.4%,True,754.2K,True,$96.99 / SMA $94.78,False,2.55%,False,+7.5%,True,76.8M,True,NYQ,False,
ULTA,"Ulta Beauty, Inc.",471.65,2026-06-16T00:31:06.620062+00:00,False,+4.3%,True,$20275.9M,False,+15.5%,True,800.3K,False,$471.65 / SMA $514.90,True,3.15%,False,+11.1%,True,42.8M,True,NMS,False,
ULVAF,"ULVAC, Inc.",51.96,2026-06-15T23:58:10.545409+00:00,False,+55.7%,True,$2555.1M,,,False,0.0K,True,$51.96 / SMA $50.12,False,0.15%,,,True,49.0M,False,PNK,False,
UMAC,"Unusual Machines, Inc.",24.73,2026-06-16T00:37:57.420956+00:00,True,+241.3%,True,$1181.9M,True,+200.0%,True,6171.6K,True,$24.73 / SMA $18.09,True,15.76%,True,+296.4%,True,44.5M,True,ASE,True,
UMC,United Microelectronics Corporation,23.08,2026-06-16T00:30:54.882661+00:00,True,+251.8%,True,$57914.3M,True,+108.1%,True,13974.1K,True,$23.08 / SMA $15.71,True,4.91%,False,+5.5%,False,2325.4M,True,NYQ,False,
UMGNF,Universal Music Group N.V.,20.655,2026-06-16T00:30:55.187852+00:00,False,+19.0%,True,$38078.4M,,N/A,False,46.3K,False,$20.66 / SMA $22.50,True,3.37%,,N/A,False,1037.8M,False,PNK,False,
UMICY,Umicore SA,6.495,2026-06-16T00:06:31.563148+00:00,True,+96.8%,True,$6264.0M,,,False,36.4K,True,$6.50 / SMA $6.04,False,2.17%,,,False,863.6M,False,PNK,False,
UNBLF,Unibail-Rodamco-Westfield SE,109.733,2026-06-16T00:06:13.035910+00:00,False,+19.6%,True,$15840.8M,,,False,0.2K,False,$109.73 / SMA $117.09,False,0.04%,,,True,115.4M,False,PNK,False,
UNCFF,UniCredit S.p.A.,85.96,2026-06-16T00:30:44.448821+00:00,False,+36.2%,True,$128791.9M,False,+20.1%,False,4.8K,True,$85.96 / SMA $81.23,False,2.22%,False,+7.9%,False,1493.9M,False,PNK,False,
UNCHF,Unicharm Corporation,5.85,2026-06-16T00:31:23.427419+00:00,False,+10.8%,True,$10066.7M,False,+-19.6%,False,5.9K,False,$5.85 / SMA $5.92,False,0.03%,False,+2.9%,False,1099.7M,False,PNK,False,
UNF,UniFirst Corporation,263.83,2026-06-16T00:20:19.904505+00:00,True,+78.7%,True,$4771.1M,False,+-13.7%,False,269.9K,True,$263.83 / SMA $260.80,False,2.16%,False,+3.4%,True,13.0M,True,NYQ,False,
UNFI,"United Natural Foods, Inc.",50.33,2026-06-15T23:58:08.990625+00:00,True,+136.6%,True,$3045.9M,True,+533.3%,True,694.4K,True,$50.33 / SMA $49.72,True,4.79%,False,+-4.2%,True,59.4M,True,NYQ,False,
UNH,UnitedHealth Group Incorporated,411.04,2026-06-15T23:53:57.841915+00:00,True,+75.2%,True,$373283.7M,False,+0.7%,True,8198.5K,True,$411.04 / SMA $366.41,False,2.28%,False,+2.0%,False,905.4M,True,NYQ,False,
UNICY,Unicharm Corporation,2.85,2026-06-16T00:06:21.320079+00:00,False,+9.2%,True,$9808.6M,False,+-19.6%,False,383.3K,False,$2.85 / SMA $2.99,False,1.60%,False,+2.9%,False,2199.4M,False,PNK,False,
UNLRF,PT Unilever Indonesia Tbk,0.074,2026-06-15T23:56:35.257419+00:00,False,+15.6%,True,$2810.6M,,,False,24.7K,False,$0.07 / SMA $0.09,False,2.32%,False,+9.3%,False,5557.0M,False,PNK,False,
UNLYF,Unilever PLC,57.6,2026-06-16T00:17:34.295454+00:00,False,+5.6%,True,$124729.3M,,,False,7.4K,True,$57.60 / SMA $57.03,False,1.22%,,,False,2162.5M,False,PNK,False,
UNP,Union Pacific Corporation,267.32,2026-06-16T00:05:44.221759+00:00,False,+26.8%,True,$158711.4M,False,+6.3%,True,2973.0K,True,$267.32 / SMA $261.98,False,2.37%,False,+3.2%,False,592.4M,True,NYQ,False,
UNTC,Unit Corporation,34.31,2026-06-16T00:40:14.552187+00:00,False,+34.5%,True,$339.5M,False,+-73.9%,False,22.0K,True,$34.31 / SMA $33.25,False,1.81%,False,+2.4%,,N/A,False,OQX,False,
UOLGF,UOL Group Limited,8.0404,2026-06-16T00:08:04.564387+00:00,True,+78.7%,True,$6807.0M,,,False,0.0K,False,$8.04 / SMA $8.06,False,0.00%,,,False,453.9M,False,PNK,False,
UOVEF,United Overseas Bank Limited,27.5,2026-06-16T00:05:53.605529+00:00,False,+12.8%,True,$45446.2M,,,False,0.2K,False,$27.50 / SMA $28.99,False,0.81%,,,False,1154.1M,False,PNK,False,
UP,Wheels Up Experience Inc.,8.3,2026-06-16T00:03:49.866228+00:00,True,+77.0%,True,$301.0M,False,+18.2%,False,163.9K,True,$8.30 / SMA $7.54,True,13.61%,False,+-4.8%,True,5.6M,True,NYQ,False,
UPMKF,UPM-Kymmene Oyj,29.33,2026-06-16T00:31:13.816568+00:00,False,+20.2%,True,$15466.4M,True,+294.7%,False,1.2K,False,$29.33 / SMA $30.07,False,0.00%,False,+-4.8%,False,511.0M,False,PNK,False,
UPMMY,UPM-Kymmene Oyj,28.57,2026-06-16T00:18:09.328738+00:00,False,+13.8%,True,$15065.6M,True,+294.7%,False,59.7K,False,$28.57 / SMA $29.80,False,1.35%,False,+-4.8%,False,511.0M,False,PNK,False,
UPS,"United Parcel Service, Inc.",108.83,2026-06-16T00:17:38.116387+00:00,False,+32.7%,True,$92506.2M,False,+-27.1%,True,6052.7K,True,$108.83 / SMA $102.52,False,2.57%,False,+-1.6%,False,745.8M,True,NYQ,False,
UPST,"Upstart Holdings, Inc.",32.36,2026-06-16T00:35:25.226239+00:00,False,+35.0%,True,$3097.2M,False,+-133.3%,True,4703.6K,True,$32.36 / SMA $30.64,True,6.88%,True,+44.4%,True,82.2M,True,NMS,False,
UPWK,Upwork Inc.,8.48,2026-06-16T00:37:46.894506+00:00,False,+14.0%,True,$1047.4M,False,+-11.1%,True,4025.1K,False,$8.48 / SMA $9.66,True,4.66%,False,+1.4%,True,114.5M,True,NMS,False,
URG,Ur-Energy Inc.,1.7,2026-06-16T00:01:57.514837+00:00,True,+75.3%,True,$675.5M,False,+-133.3%,True,9702.6K,True,$1.70 / SMA $1.68,True,8.73%,,,False,371.0M,True,ASE,False,
URGN,UroGen Pharma Ltd.,30.865,2026-06-16T00:11:48.316805+00:00,True,+144.8%,True,$1503.8M,True,+48.9%,True,795.4K,True,$30.86 / SMA $25.93,True,5.51%,True,+151.6%,True,43.2M,True,NGM,True,
URI,"United Rentals, Inc.",1084.01,2026-06-16T00:30:51.690707+00:00,False,+58.9%,True,$67909.5M,False,+6.6%,True,542.6K,True,$1084.01 / SMA $930.44,True,3.03%,False,+7.2%,True,62.3M,True,NYQ,False,
URMCY,Unibail-Rodamco-Westfield SE,11.75,2026-06-15T23:54:24.371819+00:00,False,+12.4%,True,$16962.0M,,,False,8.6K,False,$11.75 / SMA $12.49,True,14.35%,,,False,2307.6M,False,PNK,False,
USA,Liberty All-Star Equity Fund,5.87,2026-06-15T23:59:55.165293+00:00,False,+8.7%,True,$1770.1M,,,True,1183.6K,True,$5.87 / SMA $5.76,False,1.20%,,,,,True,NYQ,False,
USB,U.S. Bancorp,57.79,2026-06-16T00:17:38.504031+00:00,False,+35.8%,True,$90021.3M,False,+14.6%,True,9207.9K,True,$57.79 / SMA $55.41,False,2.11%,False,+4.8%,False,1547.6M,True,NYQ,False,
USCB,"USCB Financial Holdings, Inc.",19.52,2026-06-16T00:03:49.000778+00:00,False,+25.4%,True,$356.5M,True,+34.2%,False,53.6K,True,$19.52 / SMA $18.80,False,2.28%,False,+14.7%,True,14.8M,True,NGM,False,
USFD,US Foods Holding Corp.,93.44,2026-06-15T23:54:22.873675+00:00,False,+33.7%,True,$20577.5M,False,+6.1%,True,2566.7K,True,$93.44 / SMA $87.80,False,2.58%,False,+2.8%,False,218.7M,True,NYQ,False,
USLM,"United States Lime & Minerals, Inc.",110.35,2026-06-16T00:22:06.609472+00:00,False,+17.4%,True,$3165.1M,False,+-10.9%,False,166.7K,False,$110.35 / SMA $116.93,True,4.33%,False,+-3.7%,True,10.7M,True,NMS,False,
USNA,"USANA Health Sciences, Inc.",19.41,2026-06-16T00:15:35.926427+00:00,False,+16.9%,True,$358.4M,False,+-16.3%,False,117.9K,True,$19.41 / SMA $18.69,True,4.17%,False,+0.3%,True,9.9M,True,NYQ,False,
USNZY,Usinas Siderúrgicas de Minas Gerais S.A.,2.15,2026-06-16T00:35:30.259803+00:00,True,+207.1%,True,$2646.5M,,N/A,False,204.3K,True,$2.15 / SMA $1.73,True,7.20%,False,+-9.4%,False,494.7M,False,PNK,False,
USSJY,"USS Co., Ltd.",25.75,2026-06-16T00:33:21.844006+00:00,False,+30.6%,True,$5845.8M,,N/A,False,0.0K,True,$25.75 / SMA $22.81,False,0.00%,,N/A,False,183.6M,False,PNK,False,
UTF,"Cohen & Steers Infrastructure Fund, Inc",27.38,2026-06-16T00:35:27.131615+00:00,False,+16.9%,True,$3061.4M,,N/A,False,311.4K,True,$27.38 / SMA $26.56,False,1.03%,,N/A,,N/A,True,NYQ,False,
UTG,Reaves Utility Income Fund,41.71,2026-06-16T00:33:36.169276+00:00,False,+20.7%,True,$3813.5M,,N/A,False,219.1K,False,$41.71 / SMA $41.74,False,2.09%,,N/A,,N/A,True,ASE,False,
UTHR,United Therapeutics Corporation,549.57,2026-06-16T00:06:04.069520+00:00,True,+102.0%,True,$23327.5M,False,+-12.2%,True,514.6K,False,$549.57 / SMA $566.82,False,2.31%,False,+-1.6%,True,38.9M,True,NMS,False,
UTI,"Universal Technical Institute, Inc.",36.7,2026-06-16T00:22:18.847975+00:00,True,+72.4%,True,$2020.8M,False,+-95.2%,True,987.5K,False,$36.70 / SMA $38.14,True,5.85%,False,+6.7%,True,53.6M,True,NYQ,False,
UTL,Unitil Corporation,51.52,2026-06-16T00:00:16.310179+00:00,False,+15.5%,True,$926.9M,False,+9.5%,False,136.1K,True,$51.52 / SMA $51.49,False,2.59%,True,+27.0%,True,17.6M,True,NYQ,False,
UTZ,"Utz Brands, Inc.",7.22,2026-06-16T00:00:07.300706+00:00,False,+6.5%,True,$639.2M,False,+-122.2%,True,1908.6K,False,$7.22 / SMA $7.47,True,3.96%,False,+2.6%,True,77.6M,True,NYQ,False,
UUGRY,United Utilities Group PLC,35.16,2026-06-16T00:18:12.493949+00:00,False,+20.4%,True,$13059.5M,,,False,37.1K,False,$35.16 / SMA $36.46,False,1.36%,,,False,338.1M,False,PNK,False,
UURAF,Ucore Rare Metals Inc.,3.82,2026-06-16T00:02:05.592840+00:00,True,+389.7%,True,$444.8M,True,+37.5%,False,400.6K,False,$3.82 / SMA $4.03,True,9.37%,,,True,104.5M,False,OQX,False,
UUUU,Energy Fuels Inc.,15.64,2026-06-16T00:08:17.078095+00:00,True,+193.4%,True,$3907.9M,True,+69.2%,True,10407.7K,False,$15.64 / SMA $19.03,True,7.44%,True,+112.1%,False,247.8M,True,ASE,False,
UVE,"Universal Insurance Holdings, Inc.",37.06,2026-06-16T00:11:54.696855+00:00,False,+68.8%,True,$1034.4M,True,+30.6%,False,196.6K,False,$37.06 / SMA $37.41,False,2.84%,False,+-0.3%,True,25.3M,True,NYQ,False,
UVSP,Univest Financial Corporation,41.9,2026-06-16T00:24:17.924194+00:00,False,+50.1%,True,$1166.7M,False,+24.7%,False,198.5K,True,$41.90 / SMA $38.48,False,2.48%,False,+10.4%,True,27.2M,True,NMS,False,
UVV,Universal Corporation,53.33,2026-06-16T00:24:10.416156+00:00,False,+8.4%,True,$1329.2M,False,+-567.6%,False,218.4K,True,$53.33 / SMA $53.28,False,2.76%,False,+1.8%,True,24.5M,True,NYQ,False,
V,Visa Inc.,323.82,2026-06-15T23:53:57.436243+00:00,False,+10.2%,True,$615822.7M,True,+35.3%,True,7443.9K,True,$323.82 / SMA $319.18,False,2.00%,False,+17.1%,False,1688.2M,True,NYQ,False,
VAC,Marriott Vacations Worldwide Corporation,95.32,2026-06-16T00:22:12.851766+00:00,True,+113.8%,True,$3273.6M,False,+-56.2%,True,528.2K,True,$95.32 / SMA $76.41,True,4.32%,False,+4.8%,True,28.3M,True,NYQ,False,
VACH,Voyager Acquisition Corp.,17.1147,2026-06-16T00:15:42.764796+00:00,True,+103.7%,True,$541.3M,False,+-87.5%,False,15.5K,True,$17.11 / SMA $11.89,True,19.25%,,,True,0.1M,True,NGM,False,
VACHU,Voyager Acquisition Corp.,14.5,2026-06-16T00:30:09.061866+00:00,False,+43.8%,,,,,False,0.9K,True,$14.50 / SMA $12.87,True,12.73%,,,True,0.1M,True,NGM,False,
VACI,Viking Acquisition Corp. I,10.19,2026-06-16T00:40:15.858466+00:00,False,+3.3%,True,$319.2M,,N/A,False,242.0K,True,$10.19 / SMA $10.18,False,0.83%,,N/A,,N/A,True,NYQ,False,
VAIAF,Vaisala Oyj,58.65,2026-06-16T00:35:36.278809+00:00,False,+24.1%,True,$2328.6M,False,+-37.3%,False,0.0K,True,$58.65 / SMA $57.08,False,0.00%,False,+-18.3%,True,24.4M,False,PNK,False,
VALU,"Value Line, Inc.",34.68,2026-06-16T00:27:02.552714+00:00,False,+8.4%,True,$325.5M,False,+14.5%,False,2.1K,True,$34.68 / SMA $34.11,False,2.89%,False,+-7.7%,True,0.7M,True,NCM,False,
VBREY,VBREY,12.23,2026-06-16T00:18:32.065630+00:00,True,+83.4%,True,$7295.1M,True,+166.4%,False,36.0K,False,$12.23 / SMA $13.02,True,4.12%,False,+7.1%,False,494.1M,False,PNK,False,
VC,Visteon Corporation,116.89,2026-06-15T23:58:07.533459+00:00,False,+40.0%,True,$3120.3M,False,+-51.7%,True,559.8K,True,$116.89 / SMA $109.53,True,3.60%,False,+2.1%,True,26.2M,True,NMS,False,
VCISF,Vinci SA,147.03,2026-06-16T00:17:39.434891+00:00,False,+13.1%,True,$81535.3M,,,False,0.6K,False,$147.03 / SMA $147.38,False,0.09%,,,False,408.2M,False,PNK,False,
VCISY,Vinci SA,36.39,2026-06-16T00:05:48.448121+00:00,False,+11.2%,True,$80720.1M,,,False,169.5K,False,$36.39 / SMA $37.21,False,1.52%,,,False,1632.8M,False,PNK,False,
VCTR,"Victory Capital Holdings, Inc.",85.97,2026-06-15T23:56:23.368418+00:00,False,+50.7%,True,$5375.8M,True,+38.5%,True,565.6K,True,$85.97 / SMA $79.82,True,3.24%,True,+76.7%,True,44.5M,True,NMS,False,
VCVOF,VinaCapital Vietnam Opportunity Fund Limited,5.8,2026-06-16T00:37:59.501445+00:00,False,+12.2%,,N/A,,N/A,False,2.5K,False,$5.80 / SMA $6.27,False,0.30%,,N/A,,N/A,False,PNK,False,
VCX,"Fundrise Growth Tech Fund, LLC",110.0,2026-06-16T00:31:33.619886+00:00,True,+252.5%,,N/A,,N/A,False,435.3K,False,$110.00 / SMA $154.91,True,17.08%,,N/A,,N/A,True,NYQ,False,
VCYT,"Veracyte, Inc.",49.15,2026-06-15T23:58:10.881827+00:00,True,+117.4%,True,$3921.8M,True,+288.9%,True,1035.7K,True,$49.15 / SMA $39.55,True,5.27%,False,+21.5%,True,79.4M,True,NGM,False,
VDMCY,Vodacom Group Limited,9.26,2026-06-16T00:06:11.433302+00:00,False,+27.7%,True,$17891.1M,,,False,43.6K,True,$9.26 / SMA $9.11,False,2.61%,,,False,447.7M,False,PNK,False,
VECO,Veeco Instruments Inc.,83.04,2026-06-16T00:33:37.472056+00:00,True,+330.5%,True,$5068.2M,False,+-105.0%,True,1446.6K,True,$83.04 / SMA $54.41,True,7.58%,False,+-5.4%,True,59.8M,True,NMS,False,
VEL,"Velocity Financial, Inc.",17.52,2026-06-16T00:13:40.320726+00:00,False,+8.2%,True,$687.8M,False,+11.8%,False,89.2K,False,$17.52 / SMA $18.28,False,2.58%,False,+24.2%,True,5.3M,True,NYQ,False,
VELO,"Velo3D, Inc.",23.09,2026-06-16T00:01:47.307882+00:00,True,+721.7%,True,$688.1M,True,+85.6%,True,3344.8K,True,$23.09 / SMA $16.78,True,18.08%,True,+48.2%,True,13.8M,True,NCM,True,
VEMLF,Venture Corporation Limited,13.99,2026-06-15T23:56:32.685101+00:00,False,+52.7%,True,$4022.5M,,,False,0.2K,True,$13.99 / SMA $13.21,False,0.00%,,,False,264.9M,False,PNK,False,
VEMLY,Venture Corporation Limited,72.94,2026-06-16T00:33:33.372129+00:00,True,+77.5%,True,$4194.5M,,N/A,False,0.1K,True,$72.94 / SMA $68.22,False,0.00%,,N/A,True,53.0M,False,PNK,False,
VEOEF,Veolia Environnement SA,41.34,2026-06-16T00:05:59.250600+00:00,False,+27.4%,True,$30269.8M,,,False,21.6K,True,$41.34 / SMA $39.90,False,0.75%,,,False,634.5M,False,PNK,False,
VEON,VEON Ltd.,52.215,2026-06-16T00:33:34.347844+00:00,False,+49.2%,True,$3615.4M,False,+0.0%,False,99.5K,False,$52.22 / SMA $52.38,True,4.28%,False,+17.1%,True,63.5M,True,NMS,False,
VERA,"Vera Therapeutics, Inc.",34.24,2026-06-15T23:58:14.794198+00:00,True,+79.6%,True,$2457.8M,False,+-108.6%,True,1156.7K,False,$34.24 / SMA $36.80,True,6.53%,,,True,52.1M,True,NGM,False,
VERX,"Vertex, Inc.",11.87,2026-06-16T00:22:20.252134+00:00,False,+12.1%,True,$1920.8M,False,+-128.6%,True,1449.8K,False,$11.87 / SMA $12.76,True,5.56%,False,+11.1%,True,70.2M,True,NGM,False,
VET,Vermilion Energy Inc.,10.56,2026-06-16T00:35:42.153205+00:00,False,+50.9%,True,$1617.8M,False,+-1050.0%,True,2032.7K,False,$10.56 / SMA $12.28,True,3.49%,False,+7.0%,False,151.8M,True,NYQ,False,
VFC,V.F. Corporation,17.97,2026-06-16T00:08:06.610239+00:00,False,+62.5%,True,$7040.1M,,,True,7377.5K,False,$17.97 / SMA $17.99,True,4.21%,False,+1.0%,False,391.6M,True,NYQ,False,
VGM,Invesco Trust for Investment Grade Municipals,10.26,2026-06-16T00:39:42.672932+00:00,False,+9.5%,True,$556.4M,,N/A,False,199.4K,True,$10.26 / SMA $10.16,False,1.05%,,N/A,,N/A,True,NYQ,False,
VGNT,Versigent PLC,46.94,2026-06-16T00:35:22.336764+00:00,True,+78.2%,True,$3327.7M,,N/A,True,2413.0K,True,$46.94 / SMA $39.64,True,5.87%,,N/A,True,70.1M,True,NYQ,True,
VGZ,Vista Gold Corp.,2.49,2026-06-16T00:26:56.923235+00:00,True,+173.6%,True,$363.5M,False,+0.0%,True,1553.1K,True,$2.49 / SMA $2.20,True,5.76%,,,True,138.4M,True,ASE,False,
VHCP,Vine Hill Capital Investment Corp. II,10.01,2026-06-16T00:03:53.854585+00:00,False,+1.2%,True,$307.0M,,,False,17.9K,True,$10.01 / SMA $9.95,False,0.02%,,,True,23.0M,True,NGM,False,
VHI,"Valhi, Inc.",14.54,2026-06-16T00:15:34.840108+00:00,False,+27.1%,True,$411.5M,False,+-88.1%,False,13.8K,True,$14.54 / SMA $14.07,True,4.10%,False,+4.0%,True,2.4M,True,NYQ,False,
VHIBF,Vitalhub Corp.,5.15,2026-06-16T00:03:50.004639+00:00,False,+5.5%,True,$325.8M,True,+92.1%,False,17.0K,False,$5.15 / SMA $5.49,False,1.41%,True,+47.2%,True,55.6M,False,OQX,False,
VIA,VIA,14.98,2026-06-16T00:00:04.551837+00:00,False,+15.7%,True,$1275.4M,False,+-21.6%,True,750.3K,False,$14.98 / SMA $15.61,True,7.17%,True,+29.2%,True,60.3M,True,NYQ,False,
VIAV,VIAV,54.05,2026-06-16T00:31:20.256865+00:00,True,+491.4%,True,$13333.4M,False,+-66.7%,True,6596.0K,True,$54.05 / SMA $48.13,True,8.50%,True,+42.8%,False,231.5M,True,NMS,False,
VICI,VICI Properties Inc.,27.99,2026-06-16T00:17:53.794628+00:00,False,+5.4%,True,$30139.1M,True,+60.8%,True,8249.7K,False,$27.99 / SMA $28.27,False,1.79%,False,+3.5%,False,1064.6M,True,NYQ,False,
VICR,Vicor Corporation,322.41,2026-06-16T00:31:19.073446+00:00,True,+672.1%,True,$14695.9M,True,+633.3%,True,897.6K,True,$322.41 / SMA $264.19,True,8.79%,False,+20.2%,True,24.9M,True,NMS,False,
VIK,Viking Holdings Ltd,94.83,2026-06-16T00:05:55.993308+00:00,True,+101.7%,True,$42309.1M,True,+50.0%,True,3124.3K,True,$94.83 / SMA $84.15,True,3.56%,False,+17.5%,False,206.2M,True,NYQ,False,
VINP,Vinci Compass Investments Ltd.,10.01,2026-06-16T00:13:41.733724+00:00,False,+8.8%,True,$655.8M,True,+89.3%,False,88.5K,False,$10.01 / SMA $10.38,True,3.03%,False,+17.1%,True,21.6M,True,NMS,False,
VIPS,Vipshop Holdings Limited,13.87,2026-06-16T00:06:32.208649+00:00,False,+3.2%,True,$6661.4M,False,+20.2%,True,2432.5K,False,$13.87 / SMA $14.42,True,3.01%,False,+1.2%,False,289.5M,True,NYQ,False,
VIR,"Vir Biotechnology, Inc.",8.61,2026-06-16T00:24:03.790189+00:00,True,+107.2%,True,$1452.1M,False,+3.4%,True,1786.0K,False,$8.61 / SMA $9.49,True,4.81%,False,+-102.3%,True,128.8M,True,NMS,False,
VIRT,"Virtu Financial, Inc.",57.7,2026-06-16T00:18:29.979780+00:00,True,+82.9%,True,$12415.8M,True,+84.3%,True,1314.7K,True,$57.70 / SMA $51.03,True,3.32%,True,+30.7%,True,82.2M,True,NYQ,True,
VISN,"Vistance Networks, Inc.",12.76,2026-06-16T00:35:24.492114+00:00,True,+132.0%,True,$2878.3M,True,+703.8%,True,6627.4K,True,$12.76 / SMA $11.11,True,3.54%,False,+21.6%,False,214.9M,True,NMS,False,
VIST,"Vista Energy, S.A.B. de C.V.",68.59,2026-06-16T00:06:31.282393+00:00,True,+116.9%,True,$7643.8M,False,+19.0%,True,1448.9K,False,$68.59 / SMA $71.20,True,4.33%,True,+97.3%,True,90.2M,True,NYQ,False,
VITBF,VITBF,25.22,2026-06-16T00:00:06.103262+00:00,False,+5.1%,,,,,False,0.7K,False,$25.22 / SMA_short $27.63,False,0.48%,,,True,35.2M,False,PNK,False,
VITL,"Vital Farms, Inc.",10.61,2026-06-16T00:13:52.104589+00:00,False,+33.5%,True,$454.6M,False,+-108.1%,True,3251.8K,False,$10.61 / SMA $11.13,True,6.31%,False,+15.4%,True,34.4M,True,NGM,False,
VIVHY,Vivendi SE,2.46,2026-06-16T00:22:11.801033+00:00,False,+31.6%,True,$2450.6M,,,False,120.2K,True,$2.46 / SMA $2.45,False,1.65%,,,False,624.3M,False,PNK,False,
VKQ,Invesco Municipal Trust,9.81,2026-06-16T00:26:29.118561+00:00,False,+9.7%,True,$542.8M,,,False,239.0K,True,$9.81 / SMA $9.66,False,0.69%,,,,,True,NYQ,False,
VLEEF,Valeo SE,16.46,2026-06-16T00:20:28.240032+00:00,False,+62.2%,True,$3998.9M,,,False,0.3K,True,$16.46 / SMA $14.16,False,0.64%,,,False,204.1M,False,PNK,False,
VLEEY,Valeo SE,8.54,2026-06-15T23:58:09.581287+00:00,True,+74.6%,True,$4149.5M,,,False,7.2K,True,$8.54 / SMA $6.89,False,1.63%,,,False,408.2M,False,PNK,False,
VLGEA,"Village Super Market, Inc.",40.83,2026-06-16T00:13:42.711443+00:00,False,+35.7%,True,$604.7M,False,+-46.5%,False,56.1K,False,$40.83 / SMA $43.27,True,4.80%,False,+-4.5%,True,9.0M,True,NMS,False,
VLKPF,Volkswagen AG,95.15,2026-06-16T00:17:43.862587+00:00,False,+2.4%,True,$47698.2M,,,False,0.3K,False,$95.15 / SMA $102.56,True,3.30%,False,+-13.4%,False,234.7M,False,PNK,False,
VLN,Valens Semiconductor Ltd.,2.45,2026-06-16T00:26:54.454545+00:00,True,+122.7%,False,$259.0M,False,+0.0%,True,2906.0K,True,$2.45 / SMA $2.30,True,14.32%,False,+0.2%,True,74.0M,True,NYQ,False,
VLO,Valero Energy Corporation,247.16,2026-06-16T00:17:40.271960+00:00,True,+89.0%,True,$73389.9M,True,+322.1%,True,3413.9K,True,$247.16 / SMA $245.01,True,3.68%,False,+7.0%,False,295.4M,True,NYQ,False,
VLRS,"Controladora Vuela Compañía de Aviación, S.A.B. de C.V.",8.33,2026-06-16T00:24:30.714438+00:00,True,+100.7%,True,$956.7M,False,+-37.8%,True,604.5K,True,$8.33 / SMA $7.45,True,5.12%,False,+13.6%,True,89.1M,True,NYQ,False,
VLSOF,Velesto Energy Berhad,0.0865,2026-06-16T00:37:59.920062+00:00,False,+0.1%,,N/A,,N/A,False,16.8K,False,$0.09 / SMA_short $0.09,,N/A,,N/A,,N/A,False,PNK,False,
VLTAF,Voltalia SA,8.54,2026-06-16T00:00:04.058871+00:00,False,+20.9%,True,$1118.1M,,,False,0.0K,False,$8.54 / SMA $8.65,False,0.30%,,,True,37.1M,False,PNK,False,
VLTO,Veralto Corporation,82.68,2026-06-15T23:54:20.158857+00:00,False,+3.3%,True,$20306.1M,False,+13.3%,True,2146.9K,False,$82.68 / SMA $86.98,False,2.63%,False,+6.8%,False,245.1M,True,NYQ,False,
VLVOF,Volvo Car AB (publ.),2.13,2026-06-16T00:18:32.489340+00:00,False,+27.5%,True,$6314.7M,False,+-35.7%,False,0.1K,False,$2.13 / SMA $2.41,False,0.00%,False,+-35.2%,False,596.5M,False,PNK,False,
VLY,Valley National Bancorp,14.29,2026-06-15T23:54:40.454734+00:00,True,+70.9%,True,$7918.5M,True,+55.6%,True,6624.9K,True,$14.29 / SMA $13.46,False,2.09%,False,+12.9%,False,546.4M,True,NMS,False,
VLYPN,Valley National Bancorp,25.54,2026-06-16T00:31:33.225533+00:00,False,+3.7%,,N/A,,N/A,False,23.2K,False,$25.54 / SMA $26.01,False,0.62%,False,+12.9%,False,546.4M,True,NMS,False,
VLYPO,Valley National Bancorp,24.73,2026-06-16T00:06:30.412369+00:00,False,+2.6%,,,,,False,6.4K,False,$24.73 / SMA $24.97,False,0.40%,False,+12.9%,False,546.4M,True,NMS,False,
VLYPP,Valley National Bancorp,24.69,2026-06-16T00:18:31.976146+00:00,False,+1.4%,,,,,False,4.2K,False,$24.69 / SMA $25.15,False,0.31%,False,+12.9%,False,546.4M,True,NMS,False,
VMC,Vulcan Materials Company,292.99,2026-06-16T00:05:57.508414+00:00,False,+16.1%,True,$38016.9M,True,+29.9%,True,1172.0K,True,$292.99 / SMA $283.20,False,2.92%,False,+7.4%,True,129.4M,True,NYQ,False,
VMI,"Valmont Industries, Inc.",540.62,2026-06-15T23:54:34.494295+00:00,True,+70.8%,True,$10495.4M,True,+27.5%,False,225.3K,True,$540.62 / SMA $493.14,True,3.36%,False,+6.2%,True,18.9M,True,NYQ,False,
VMO,Invesco Municipal Opportunity Trust,9.75,2026-06-16T00:38:04.531704+00:00,False,+9.6%,True,$657.5M,,N/A,False,266.5K,True,$9.75 / SMA $9.64,False,0.82%,,N/A,,N/A,True,NYQ,False,
VNDA,Vanda Pharmaceuticals Inc.,5.88,2026-06-16T00:26:48.132236+00:00,False,+42.0%,True,$353.6M,False,+-64.0%,True,1295.1K,False,$5.88 / SMA $6.63,True,3.96%,False,+3.4%,True,53.8M,True,NGM,False,
VNET,"VNET Group, Inc.",9.34,2026-06-16T00:35:26.972227+00:00,True,+75.9%,True,$2659.0M,False,+-806.7%,True,7800.9K,True,$9.34 / SMA $9.26,True,6.90%,False,+19.8%,True,59.1M,True,NMS,False,
VNNVF,Vonovia SE,23.104,2026-06-16T00:31:08.652243+00:00,False,+5.0%,True,$19602.0M,,N/A,False,1.2K,False,$23.10 / SMA $25.10,False,0.92%,False,+-34.5%,False,729.7M,False,PNK,False,
VNOM,"Viper Energy, Inc.",43.69,2026-06-16T00:31:11.959574+00:00,False,+24.5%,True,$15684.5M,False,+-14.5%,True,2071.4K,False,$43.69 / SMA $46.43,False,2.59%,True,+108.6%,False,193.7M,True,NMS,False,
VNT,Vontier Corporation,29.54,2026-06-16T00:33:30.404515+00:00,False,+8.4%,True,$4159.2M,False,+11.9%,True,1593.3K,False,$29.54 / SMA $32.21,True,3.04%,False,+1.3%,True,139.8M,True,NYQ,False,
VOBIF,Vobile Group Limited,0.39,2026-06-16T00:24:21.790051+00:00,False,+0.0%,True,$991.4M,,,False,0.0K,False,$0.39 / SMA $0.43,False,0.00%,,,False,2061.8M,False,OQX,False,
VOD,Vodafone Group Public Limited Company,15.0,2026-06-16T00:17:51.250635+00:00,False,+49.6%,True,$34540.1M,,,True,3866.7K,False,$15.00 / SMA $15.13,False,1.38%,,,False,3597.8M,True,NMS,False,
VODAF,Vodacom Group Limited,8.98,2026-06-16T00:18:06.353615+00:00,False,+56.2%,True,$17350.2M,,,False,0.0K,True,$8.98 / SMA $8.98,False,0.00%,,,False,447.7M,False,PNK,False,
VOLVF,AB Volvo (publ),33.79,2026-06-16T00:05:49.335321+00:00,False,+29.8%,True,$68710.3M,False,+-15.8%,False,14.0K,False,$33.79 / SMA $34.51,False,0.99%,False,+-9.1%,False,1943.7M,False,PNK,False,
VONOY,Vonovia SE,11.71,2026-06-16T00:18:04.641088+00:00,False,+4.0%,True,$19870.1M,,,False,292.5K,False,$11.71 / SMA $12.36,False,1.79%,False,+-34.5%,False,1459.3M,False,PNK,False,
VOPKF,Koninklijke Vopak N.V.,53.25,2026-06-16T00:20:12.046790+00:00,False,+24.3%,True,$6211.2M,,,False,6.2K,True,$53.25 / SMA $52.03,False,0.09%,,,True,56.9M,False,PNK,False,
VOPKY,Koninklijke Vopak N.V.,52.5,2026-06-15T23:56:19.959511+00:00,False,+23.7%,True,$6016.9M,,,False,0.1K,True,$52.50 / SMA $50.92,False,0.16%,,,True,56.9M,False,PNK,False,
VOR,Vor Biopharma Inc.,14.07,2026-06-16T00:24:31.098003+00:00,True,+286.5%,True,$762.4M,False,+1.9%,True,1044.4K,False,$14.07 / SMA $14.94,True,6.94%,,,True,40.2M,True,NMS,False,
VOYG,"Voyager Technologies, Inc.",40.31,2026-06-16T00:10:00.314369+00:00,True,+131.5%,True,$2388.9M,False,+-28.8%,True,2154.6K,True,$40.31 / SMA $35.23,True,11.18%,False,+2.1%,True,46.4M,True,NYQ,False,
VRBCF,Virbac SA,408.0,2026-06-16T00:33:40.252864+00:00,False,+17.9%,True,$3419.7M,,N/A,False,0.0K,True,$408.00 / SMA $395.91,False,0.00%,,N/A,True,4.1M,False,PNK,False,
VRE,"Veris Residential, Inc.",18.99,2026-06-16T00:22:26.377759+00:00,False,+38.7%,True,$1943.8M,False,+-25.0%,True,1171.5K,True,$18.99 / SMA $18.91,False,0.13%,False,+3.5%,True,81.4M,True,NYQ,False,
VREOF,Vireo Growth Inc.,12.46,2026-06-16T00:39:49.936709+00:00,True,+2936.8%,True,$854.8M,False,+0.0%,False,11.0K,False,$12.46 / SMA $12.67,True,7.80%,True,+333.5%,True,5.7M,False,PNK,False,
VREX,Varex Imaging Corporation,10.44,2026-06-16T00:26:40.406992+00:00,False,+54.4%,True,$440.0M,False,+-211.8%,False,364.0K,False,$10.44 / SMA $10.88,True,4.70%,False,+1.5%,True,41.4M,True,NMS,False,
VRRM,Verra Mobility Corporation,4.98,2026-06-16T00:10:05.618888+00:00,False,+46.5%,True,$756.5M,False,+-15.0%,True,5110.4K,False,$4.98 / SMA $11.62,True,10.09%,False,+0.1%,False,150.3M,True,NCM,False,
VRSK,"Verisk Analytics, Inc.",180.46,2026-06-15T23:54:19.361817+00:00,False,+15.7%,True,$23644.2M,False,+4.8%,True,1943.0K,True,$180.46 / SMA $175.61,True,3.54%,False,+3.9%,True,130.6M,True,NMS,False,
VRSN,"VeriSign, Inc.",272.96,2026-06-16T00:06:00.492476+00:00,False,+30.7%,True,$24839.4M,False,+11.4%,True,847.3K,False,$272.96 / SMA $282.65,False,2.89%,False,+6.6%,True,90.4M,True,NMS,False,
VRSUY,VRSUY,7.09,2026-06-15T23:54:27.114681+00:00,False,+0.0%,,,,,False,3.8K,False,$7.09 / SMA_short $7.09,,,,,,,False,PNK,False,
VRT,Vertiv Holdings Co,311.93,2026-06-15T23:54:01.047501+00:00,True,+183.4%,True,$119815.1M,True,+135.7%,True,7184.3K,False,$311.93 / SMA $318.57,True,5.53%,True,+30.1%,False,377.8M,True,NYQ,False,
VRTX,Vertex Pharmaceuticals Incorporated,450.46,2026-06-16T00:05:46.101669+00:00,False,+24.3%,True,$114329.2M,True,+61.4%,True,1254.7K,True,$450.46 / SMA $436.99,False,2.42%,False,+7.8%,False,253.0M,True,NMS,False,
VSCO,Victoria's Secret & Co,54.3,2026-06-16T00:08:19.933096+00:00,True,+209.8%,True,$4312.8M,True,+2900.0%,True,2489.6K,False,$54.30 / SMA $55.38,True,6.33%,False,+15.3%,True,69.1M,True,NYQ,False,
VSEC,VSE Corporation,198.55,2026-06-16T00:08:15.719132+00:00,False,+60.5%,True,$5570.7M,True,+336.4%,True,621.0K,True,$198.55 / SMA $187.29,True,5.57%,True,+26.8%,True,26.2M,True,NMS,False,
VSECU,VSE Corporation,52.2,2026-06-15T23:56:26.570653+00:00,False,+35.8%,,,True,+336.4%,False,97.6K,True,$52.20 / SMA $49.49,True,6.65%,True,+26.8%,True,26.2M,True,NMS,False,
VSNT,"Versant Media Group, Inc.",38.94,2026-06-15T23:56:18.478600+00:00,False,+43.3%,True,$5509.9M,,,True,1999.3K,False,$38.94 / SMA $40.84,True,3.08%,,,True,139.6M,True,NMS,False,
VSOGF,"Vista Energy, S.A.B. de C.V.",75.0,2026-06-16T00:31:34.498226+00:00,True,+126.9%,True,$8358.2M,False,+19.0%,False,0.2K,True,$75.00 / SMA $71.35,False,0.00%,True,+97.3%,True,90.2M,False,PNK,False,
VSTM,"Verastem, Inc.",4.0,2026-06-16T00:03:44.103060+00:00,False,+12.7%,True,$351.5M,True,+52.1%,True,2330.4K,False,$4.00 / SMA $4.99,True,6.90%,,,True,70.4M,True,NCM,False,
VSTS,Vestis Corporation,13.14,2026-06-16T00:11:46.029062+00:00,True,+230.2%,True,$1735.9M,True,+109.5%,True,1507.0K,True,$13.14 / SMA $10.80,True,4.47%,False,+-0.9%,True,91.3M,True,NYQ,False,
VTKLF,Vtech Holdings Limited,7.805,2026-06-16T00:10:06.454189+00:00,False,+34.3%,True,$1975.0M,,,False,0.4K,True,$7.80 / SMA $7.80,False,0.00%,,,False,158.2M,False,PNK,False,
VTMX,"Corporación Inmobiliaria Vesta, S.A.B. de C.V.",34.32,2026-06-16T00:09:55.587566+00:00,False,+37.3%,True,$3157.9M,True,+583.7%,False,97.9K,False,$34.32 / SMA $34.88,False,2.95%,,,True,64.6M,True,NYQ,False,
VTOL,Bristow Group Inc.,43.13,2026-06-16T00:24:12.594102+00:00,False,+35.8%,True,$1276.9M,False,+-52.2%,False,214.6K,False,$43.13 / SMA $45.17,False,2.84%,False,+10.9%,True,25.8M,True,NYQ,False,
VTR,"Ventas, Inc.",83.46,2026-06-16T00:30:55.631938+00:00,False,+35.1%,True,$40575.7M,False,+10.0%,True,4070.0K,False,$83.46 / SMA $85.24,False,2.70%,False,+22.0%,False,483.7M,True,NYQ,False,
VTRS,Viatris Inc.,16.32,2026-06-16T00:31:09.434081+00:00,True,+89.1%,True,$19005.5M,True,+105.9%,True,10667.2K,True,$16.32 / SMA $15.43,False,2.39%,False,+8.1%,False,1155.3M,True,NMS,False,
VTS,"Vitesse Energy, Inc.",16.0,2026-06-16T00:01:38.166959+00:00,False,+0.0%,True,$667.4M,False,+-1412.5%,True,551.1K,False,$16.00 / SMA $18.06,False,2.90%,False,+1.9%,True,31.2M,True,NYQ,False,
VTXPF,Victrex plc,8.18,2026-06-16T00:38:01.096844+00:00,False,+5.7%,True,$712.7M,,N/A,False,0.1K,True,$8.18 / SMA $7.95,False,0.00%,,N/A,True,68.4M,False,PNK,False,
VULNF,Vulcan Energy Resources Limited,2.35,2026-06-16T00:11:54.193047+00:00,False,+19.9%,True,$1124.9M,,,False,1.4K,False,$2.35 / SMA $2.55,False,1.86%,,,False,349.3M,False,PNK,False,
VUZI,Vuzix Corporation,3.4,2026-06-16T00:02:06.229445+00:00,True,+85.8%,False,$282.7M,False,+18.2%,True,1687.7K,True,$3.40 / SMA $3.21,True,13.89%,False,+-12.0%,True,70.8M,True,NCM,False,
VVR,Invesco Senior Income Trust,2.98,2026-06-16T00:02:05.174564+00:00,False,+1.7%,True,$458.7M,,,True,889.1K,False,$2.98 / SMA $3.05,False,1.42%,,,,,True,NYQ,False,
VVV,Valvoline Inc.,38.14,2026-06-15T23:56:29.596264+00:00,False,+33.8%,True,$4864.2M,False,+20.7%,True,2127.1K,True,$38.14 / SMA $34.01,True,3.49%,False,+25.0%,True,127.0M,True,NYQ,False,
VVVNF,Vivendi SE,2.64,2026-06-16T00:10:00.487528+00:00,False,+41.9%,True,$2629.9M,,,False,3.2K,True,$2.64 / SMA $2.56,False,1.27%,,,False,624.3M,False,PNK,False,
VVX,"V2X, Inc.",87.57,2026-06-16T00:10:02.978772+00:00,True,+99.9%,True,$2741.9M,True,+140.0%,True,546.7K,True,$87.57 / SMA $73.62,True,3.54%,False,+23.4%,True,30.8M,True,NYQ,False,
VWAPY,Volkswagen AG,10.19,2026-06-16T00:30:52.783082+00:00,False,+5.3%,True,$51082.0M,,N/A,False,117.1K,False,$10.19 / SMA $10.27,False,1.41%,False,+-13.4%,False,2346.8M,False,PNK,False,
VWSYF,Vestas Wind Systems A/S,25.75,2026-06-16T00:17:54.531413+00:00,True,+75.4%,True,$25276.7M,,,False,1.5K,False,$25.75 / SMA $29.18,True,4.08%,False,+14.4%,False,1024.2M,False,PNK,False,
VYX,NCR Voyix Corporation,7.44,2026-06-16T00:11:58.765785+00:00,False,+23.6%,True,$1025.3M,True,+60.0%,True,2323.3K,True,$7.44 / SMA $6.96,True,5.94%,False,+-1.0%,True,117.0M,True,NYQ,False,
VZ,Verizon Communications Inc.,47.07,2026-06-16T00:17:31.813799+00:00,False,+22.6%,True,$196543.6M,False,+4.3%,True,24517.5K,True,$47.07 / SMA $47.04,False,2.24%,False,+2.9%,False,4169.8M,True,NYQ,False,
VZLA,Vizsla Silver Corp.,3.65,2026-06-16T00:37:40.055246+00:00,False,+29.7%,True,$1275.7M,False,+-4300.0%,True,7154.6K,True,$3.65 / SMA $3.50,True,6.50%,,N/A,False,329.7M,True,ASE,False,
W,Wayfair Inc.,82.99,2026-06-16T00:31:28.499603+00:00,True,+78.1%,True,$10954.4M,False,+10.1%,True,3957.0K,True,$82.99 / SMA $70.55,True,6.50%,False,+7.4%,True,109.0M,True,NYQ,False,
WAB,Westinghouse Air Brake Technologies Corporation,268.89,2026-06-16T00:17:46.990559+00:00,False,+45.9%,True,$45624.5M,False,+12.8%,True,961.7K,True,$268.89 / SMA $262.90,False,2.30%,False,+13.0%,False,167.6M,True,NYQ,False,
WABC,Westamerica Bancorporation,57.64,2026-06-16T00:24:12.006252+00:00,False,+28.3%,True,$1353.8M,False,+-2.6%,False,190.3K,True,$57.64 / SMA $54.69,False,2.10%,False,+-6.5%,True,22.2M,True,NMS,False,
WAFD,"WaFd, Inc.",36.59,2026-06-15T23:58:13.419489+00:00,False,+39.1%,True,$2703.6M,True,+26.2%,True,640.4K,True,$36.59 / SMA $34.75,False,1.86%,False,+10.1%,True,73.0M,True,NMS,False,
WAFDP,"WaFd, Inc.",16.25,2026-06-16T00:10:00.803073+00:00,False,+5.9%,,,,,False,15.7K,False,$16.25 / SMA $16.43,False,1.16%,False,+10.1%,True,73.0M,True,NMS,False,
WAL,Western Alliance Bancorporation,81.81,2026-06-15T23:54:37.669054+00:00,False,+24.3%,True,$8932.5M,False,+-7.8%,True,1126.5K,True,$81.81 / SMA $78.60,False,2.74%,True,+31.6%,True,102.0M,True,NYQ,False,
WARFY,The Wharf (Holdings) Limited,4.9,2026-06-16T00:06:25.651243+00:00,False,+3.8%,True,$7487.3M,,,False,1.7K,False,$4.90 / SMA $6.03,False,1.05%,,,False,478.6M,False,PNK,False,
WASH,"Washington Trust Bancorp, Inc.",35.18,2026-06-16T00:13:42.550658+00:00,False,+39.4%,True,$670.7M,False,+4.8%,False,198.2K,True,$35.18 / SMA $32.97,False,2.80%,False,+11.1%,True,18.6M,True,NMS,False,
WAT,Waters Corporation,357.76,2026-06-16T00:05:57.445465+00:00,False,+30.1%,True,$35127.0M,False,+-142.9%,True,1030.9K,True,$357.76 / SMA $337.85,True,3.24%,True,+91.4%,True,98.0M,True,NYQ,False,
WAWIF,Wallenius Wilhelmsen ASA,14.3,2026-06-16T00:08:09.548442+00:00,True,+96.2%,True,$6079.3M,False,+-41.3%,False,2.5K,True,$14.30 / SMA $13.19,False,0.14%,False,+-6.0%,False,260.8M,False,PNK,False,
WAY,Waystar Holding Corp.,18.55,2026-06-15T23:56:34.582922+00:00,False,+3.7%,True,$3558.1M,True,+37.5%,True,2465.0K,False,$18.55 / SMA $21.34,True,4.80%,False,+22.4%,True,139.7M,True,NMS,False,
WB,Weibo Corporation,7.67,2026-06-16T00:35:39.649782+00:00,False,+2.7%,True,$1884.3M,False,+-65.9%,True,1315.6K,False,$7.67 / SMA $8.21,False,2.13%,False,+6.2%,True,83.7M,True,NMS,False,
WBD,"Warner Bros. Discovery, Inc.",26.83,2026-06-16T00:17:41.009759+00:00,True,+167.2%,True,$67266.5M,False,+-550.0%,True,21475.4K,False,$26.83 / SMA $27.10,False,1.44%,False,+-1.0%,False,2381.0M,True,NMS,False,
WBDSF,WBDSF,3.0,2026-06-16T00:22:06.951740+00:00,False,+46.3%,True,$2966.4M,,,False,0.0K,False,$3.00 / SMA $3.44,False,0.00%,,,False,454.7M,False,PNK,False,
WBI,WaterBridge Infrastructure LLC,32.27,2026-06-16T00:24:07.421925+00:00,True,+73.1%,True,$1517.2M,True,+68.3%,True,903.2K,True,$32.27 / SMA $28.81,True,4.63%,True,+105.3%,True,14.7M,True,NYQ,True,
WBKCY,WBKCY,48.051,2026-06-16T00:05:47.418270+00:00,False,+3.0%,True,$164089.7M,,,False,3.5K,False,$48.05 / SMA_short $51.57,False,2.91%,,,False,3411.3M,False,PNK,False,
WBRBY,Wienerberger AG,5.24,2026-06-15T23:58:10.583336+00:00,False,+9.6%,True,$2866.5M,False,+-800.0%,False,14.7K,False,$5.24 / SMA $5.37,True,4.59%,False,+-6.7%,False,528.8M,False,PNK,False,
WBS,Webster Financial Corporation,74.38,2026-06-16T00:18:17.282444+00:00,False,+46.8%,True,$12051.5M,False,+15.4%,True,3154.1K,True,$74.38 / SMA $72.05,False,0.95%,False,+4.4%,False,160.7M,True,NYQ,False,
WBTNF,Weebit Nano Limited,4.5,2026-06-16T00:24:13.897215+00:00,True,+400.0%,True,$1078.2M,,,False,49.8K,True,$4.50 / SMA $3.82,True,9.33%,,,False,195.4M,False,PNK,False,
WCC,"WESCO International, Inc.",347.79,2026-06-16T00:31:11.061373+00:00,True,+103.0%,True,$16939.1M,True,+48.1%,True,570.9K,True,$347.79 / SMA $338.28,True,3.63%,False,+13.8%,True,47.9M,True,NYQ,False,
WCCB,West Coast Community Bancorp,49.5,2026-06-16T00:39:45.314982+00:00,False,+29.2%,True,$519.7M,True,+297.2%,False,2.0K,True,$49.50 / SMA $49.08,False,0.61%,False,+5.2%,True,9.6M,False,OQX,False,
WCN,"Waste Connections, Inc.",154.98,2026-06-16T00:30:57.124100+00:00,False,+5.5%,True,$39377.5M,False,+-7.5%,True,1570.0K,False,$154.98 / SMA $157.27,False,2.01%,False,+6.4%,False,253.2M,True,NYQ,False,
WCPRF,Whitecap Resources Inc.,11.68,2026-06-16T00:31:14.919135+00:00,True,+83.9%,True,$14196.7M,,N/A,False,478.9K,True,$11.68 / SMA $11.41,True,3.24%,True,+108.0%,False,1204.8M,False,OQX,False,
WD,"Walker & Dunlop, Inc.",51.28,2026-06-16T00:22:27.445534+00:00,False,+21.7%,True,$1760.5M,True,+475.0%,False,320.9K,True,$51.28 / SMA $50.01,True,3.98%,True,+26.9%,True,32.9M,True,NYQ,False,
WDCTF,Wildcat Resources Limited,0.33079,2026-06-16T00:01:59.350338+00:00,True,+270.1%,True,$455.4M,,,False,3.2K,False,$0.33 / SMA $0.38,False,0.03%,,,False,895.0M,False,PNK,False,
WDFC,WD-40 Company,226.34,2026-06-15T23:58:11.885121+00:00,False,+29.1%,True,$3045.5M,False,+-31.5%,False,175.4K,True,$226.34 / SMA $209.92,True,3.07%,False,+10.7%,True,13.4M,True,NMS,False,
WDH,Waterdrop Inc.,1.4,2026-06-16T00:39:46.028908+00:00,False,+8.5%,True,$503.0M,True,+33.3%,False,192.5K,False,$1.40 / SMA $1.57,False,3.00%,True,+105.5%,True,140.9M,True,NYQ,False,
WDOFF,Wesdome Gold Mines Ltd.,18.15,2026-06-16T00:22:09.118623+00:00,False,+57.8%,True,$2691.5M,,,False,254.8K,False,$18.15 / SMA $19.49,True,5.53%,True,+64.2%,True,148.0M,False,OQX,False,
WDS,Woodside Energy Group Ltd,20.66,2026-06-16T00:05:54.466723+00:00,False,+44.8%,True,$39276.7M,,,True,1153.8K,False,$20.66 / SMA $22.74,False,2.56%,,,False,1895.1M,True,NYQ,False,
WEAV,"Weave Communications, Inc.",5.44,2026-06-16T00:26:36.746981+00:00,False,+28.3%,True,$432.8M,True,+41.7%,True,1311.9K,False,$5.44 / SMA $5.45,True,5.65%,False,+17.4%,True,64.6M,True,NYQ,False,
WEDXF,The Westaim Corporation,16.6,2026-06-16T00:13:46.102590+00:00,False,+7.1%,True,$550.9M,False,+-194.1%,False,3.4K,False,$16.60 / SMA $17.21,False,0.52%,True,+394.2%,True,19.0M,False,PNK,False,
WEGRY,The Weir Group PLC,15.91,2026-06-16T00:18:27.121998+00:00,False,+3.4%,True,$8260.9M,,,False,48.8K,False,$15.91 / SMA $18.18,False,2.47%,,,False,507.9M,False,PNK,False,
WEGZY,WEG S.A.,8.4,2026-06-15T23:54:12.278232+00:00,False,+32.3%,True,$35245.0M,,,False,61.1K,False,$8.40 / SMA $9.16,True,3.12%,False,+-12.5%,False,1460.5M,False,OID,False,
WEICF,"Weichai Power Co., Ltd.",4.54,2026-06-16T00:05:54.019621+00:00,True,+156.5%,True,$39326.1M,False,+16.1%,False,8.7K,False,$4.54 / SMA $4.80,True,3.01%,False,+8.9%,False,6840.1M,False,PNK,False,
WEIGF,The Weir Group PLC,31.43,2026-06-15T23:54:38.109186+00:00,False,+0.0%,True,$8279.2M,,,False,0.4K,False,$31.43 / SMA $35.73,False,0.00%,,,False,254.0M,False,PNK,False,
WELL,Welltower Inc.,212.82,2026-06-16T00:17:33.106952+00:00,False,+42.9%,True,$150232.7M,True,+155.0%,True,3234.6K,True,$212.82 / SMA $210.08,False,2.69%,True,+38.4%,False,704.9M,True,NYQ,False,
WEN,The Wendy's Company,6.91,2026-06-15T23:59:59.213964+00:00,False,+8.5%,True,$1316.2M,False,+-36.8%,True,9857.0K,False,$6.91 / SMA $7.04,True,4.52%,False,+3.3%,False,156.9M,True,NMS,False,
WENN,Wen Acquisition Corp.,10.3,2026-06-16T00:26:45.792198+00:00,False,+6.5%,True,$386.4M,True,+5296.7%,False,46.6K,True,$10.30 / SMA $10.25,False,0.09%,,,True,30.0M,True,NGM,False,
WENNU,Wen Acquisition Corp.,10.41,2026-06-16T00:40:03.582090+00:00,False,+1.8%,,N/A,,N/A,False,12.4K,True,$10.41 / SMA $10.37,False,0.11%,,N/A,True,30.0M,True,NGM,False,
WES,"Western Midstream Partners, LP",43.96,2026-06-16T00:31:10.603157+00:00,False,+19.1%,True,$17310.6M,False,+7.6%,True,1437.7K,True,$43.96 / SMA $42.80,False,2.54%,False,+22.5%,False,242.6M,True,NYQ,False,
WEX,WEX Inc.,131.66,2026-06-16T00:33:20.427344+00:00,False,+1.6%,True,$4564.4M,False,+22.7%,True,552.7K,False,$131.66 / SMA $151.02,True,3.66%,False,+5.8%,True,31.9M,True,NYQ,False,
WEYS,"Weyco Group, Inc.",36.28,2026-06-16T00:26:56.107470+00:00,False,+33.1%,True,$345.8M,False,+12.3%,False,16.4K,True,$36.28 / SMA $34.32,True,3.98%,False,+-0.0%,True,5.6M,True,NMS,False,
WFC,Wells Fargo & Company,83.14,2026-06-16T00:17:32.408401+00:00,False,+15.0%,True,$254424.2M,False,+15.1%,True,16728.8K,True,$83.14 / SMA $79.44,False,2.17%,False,+6.4%,False,3051.8M,True,NYQ,False,
WFG,West Fraser Timber Co. Ltd.,70.79,2026-06-15T23:56:26.214115+00:00,False,+23.5%,True,$5543.1M,False,+-621.7%,False,190.6K,True,$70.79 / SMA $64.39,True,3.18%,False,+-8.6%,True,54.6M,True,NYQ,False,
WFRD,Weatherford International plc,100.1,2026-06-16T00:06:29.843417+00:00,True,+116.7%,True,$7199.7M,True,+44.7%,True,1246.9K,False,$100.10 / SMA $104.30,True,3.64%,False,+-3.4%,True,70.3M,True,NMS,False,
WFRSF,West African Resources Limited,2.0,2026-06-16T00:10:01.643442+00:00,True,+166.6%,True,$2286.0M,,,False,2.3K,False,$2.00 / SMA $2.22,False,1.24%,,,False,933.2M,False,PNK,False,
WGXRF,Westgold Resources Limited,3.38,2026-06-16T00:20:29.593137+00:00,True,+116.7%,True,$3202.8M,,,False,36.9K,False,$3.38 / SMA $3.98,True,5.48%,,,False,940.6M,False,PNK,False,
WH,"Wyndham Hotels & Resorts, Inc.",81.35,2026-06-16T00:08:09.107772+00:00,False,+17.5%,True,$6089.9M,False,+2.6%,True,1224.8K,False,$81.35 / SMA $82.52,True,3.30%,False,+3.5%,True,73.7M,True,NYQ,False,
WHD,"Cactus, Inc.",58.07,2026-06-15T23:56:25.422466+00:00,True,+74.9%,True,$4031.1M,False,+-209.4%,True,811.7K,True,$58.07 / SMA $56.48,True,3.22%,True,+38.5%,True,58.9M,True,NYQ,False,
WHGOF,White Gold Corp.,1.36,2026-06-16T00:03:54.386040+00:00,True,+623.4%,True,$301.3M,False,+0.0%,False,72.2K,True,$1.36 / SMA $1.35,True,6.32%,,,True,141.0M,False,OQX,False,
WHR,Whirlpool Corporation,41.86,2026-06-16T00:35:24.587702+00:00,False,+9.1%,True,$2713.5M,False,+-211.7%,True,2819.4K,False,$41.86 / SMA $48.24,True,5.16%,False,+-9.6%,True,64.3M,True,NYQ,False,
WHTCF,WELL Health Technologies Corp.,3.27,2026-06-16T00:24:31.422923+00:00,False,+34.0%,True,$835.2M,True,+73.7%,False,63.5K,True,$3.27 / SMA $3.08,False,1.49%,True,+25.2%,False,197.9M,False,OQX,False,
WIGBY,WiseTech Global Limited,27.05,2026-06-15T23:54:37.080780+00:00,False,+10.4%,True,$9091.7M,,,False,0.3K,False,$27.05 / SMA $28.23,False,0.24%,,,False,189.6M,False,PNK,False,
WILC,G. Willi-Food International Ltd.,34.99,2026-06-16T00:13:48.448442+00:00,True,+114.1%,True,$486.6M,False,+3.6%,False,3.0K,True,$34.99 / SMA $32.55,True,3.22%,False,+8.3%,True,5.4M,True,NCM,False,
WILLF,Demant A/S,35.45,2026-06-16T00:31:34.127802+00:00,False,+26.2%,True,$7476.4M,,N/A,False,0.0K,True,$35.45 / SMA $33.52,False,0.00%,,N/A,True,83.8M,False,PNK,False,
WINA,Winmark Corporation,402.61,2026-06-16T00:37:32.671644+00:00,False,+19.1%,True,$1440.4M,False,+-7.7%,False,57.4K,True,$402.61 / SMA $384.59,True,3.66%,False,+-4.9%,True,2.8M,True,NGM,False,
WING,Wingstop Inc.,166.22,2026-06-16T00:20:25.976761+00:00,False,+42.9%,True,$4526.6M,False,+-66.7%,True,1351.2K,True,$166.22 / SMA $157.04,True,6.90%,False,+7.4%,True,25.5M,True,NMS,False,
WIPKF,Winpak Ltd.,29.35,2026-06-15T23:59:55.080218+00:00,False,+2.5%,True,$1721.7M,False,+-5.4%,False,5.5K,False,$29.35 / SMA $30.23,False,0.92%,False,+-1.7%,True,24.4M,False,PNK,False,
WIT,Wipro Limited,2.3,2026-06-16T00:31:07.196331+00:00,False,+27.8%,True,$24129.5M,False,+-1.8%,True,11424.8K,True,$2.30 / SMA $2.10,True,5.83%,False,+7.7%,False,3052.5M,True,NYQ,False,
WIW,Western Asset Inflation-Linked Opportunities & Income Fund,8.47,2026-06-16T00:13:48.007312+00:00,False,+1.7%,True,$518.2M,,,False,242.8K,True,$8.47 / SMA $8.45,False,0.67%,,,,,True,NYQ,False,
WIX,Wix.com Ltd.,45.59,2026-06-15T23:58:10.540002+00:00,False,+6.9%,True,$1907.9M,False,+-278.9%,True,2542.3K,False,$45.59 / SMA $64.59,True,7.28%,False,+14.3%,True,29.5M,True,NMS,False,
WJRYY,West Japan Railway Company,16.09,2026-06-16T00:31:32.567031+00:00,False,+6.7%,True,$7322.3M,,N/A,False,82.0K,False,$16.09 / SMA $17.75,True,4.26%,,N/A,False,449.1M,False,PNK,False,
WKC,World Kinect Corporation,31.27,2026-06-15T23:59:58.453609+00:00,False,+40.8%,True,$1605.9M,True,+235.1%,True,823.1K,True,$31.27 / SMA $27.16,False,2.64%,False,+2.5%,True,49.5M,True,NYQ,False,
WKPPF,Workspace Group Plc,4.26,2026-06-16T00:24:29.536782+00:00,False,+0.0%,True,$819.1M,,,False,0.0K,False,$4.26 / SMA $5.58,False,0.00%,,,True,126.7M,False,PNK,False,
WLDN,"Willdan Group, Inc.",95.51,2026-06-16T00:35:54.986067+00:00,True,+71.2%,True,$1443.2M,True,+71.9%,False,372.2K,True,$95.51 / SMA $85.60,True,4.67%,False,+1.8%,True,13.3M,True,NGM,False,
WLFC,Willis Lease Finance Corporation,190.83,2026-06-16T00:11:50.202451+00:00,False,+67.4%,True,$1520.3M,True,+49.1%,False,103.6K,False,$190.83 / SMA $193.24,True,4.11%,False,+23.2%,True,2.9M,True,NGM,False,
WLK,Westlake Corporation,87.45,2026-06-16T00:18:18.294407+00:00,False,+55.2%,True,$11204.4M,False,+-322.6%,True,1114.2K,False,$87.45 / SMA $100.32,False,2.96%,False,+-6.8%,True,33.1M,True,NYQ,False,
WLKP,Westlake Chemical Partners LP,23.25,2026-06-16T00:01:33.811265+00:00,False,+31.0%,True,$819.5M,True,+185.7%,False,28.3K,True,$23.25 / SMA $22.58,False,1.62%,True,+28.6%,True,19.4M,True,NYQ,False,
WLMIF,Wilmar International Limited,2.9,2026-06-16T00:18:05.179486+00:00,False,+40.1%,True,$18104.4M,,,False,7.4K,False,$2.90 / SMA $2.93,False,0.00%,,,False,1780.0M,False,PNK,False,
WLTH,Wealthfront Corporation,8.8,2026-06-16T00:11:42.376585+00:00,False,+22.2%,True,$1315.4M,False,+-60.5%,True,1577.8K,False,$8.80 / SMA $10.84,True,5.68%,False,+7.1%,True,79.5M,True,NMS,False,
WLWHY,Woolworths Holdings Limited,3.45,2026-06-16T00:35:25.788989+00:00,False,+29.7%,True,$3032.9M,,N/A,False,1.6K,True,$3.45 / SMA $3.25,False,0.00%,,N/A,False,882.0M,False,PNK,False,
WLYB,"John Wiley & Sons, Inc.",44.1,2026-06-16T00:35:37.203253+00:00,False,+48.9%,True,$2263.3M,True,+230.2%,False,0.6K,True,$44.10 / SMA $41.36,False,0.05%,False,+1.3%,True,39.2M,True,NYQ,False,
WM,"Waste Management, Inc.",216.94,2026-06-16T00:17:37.686639+00:00,False,+11.8%,True,$87117.8M,False,+13.3%,True,2039.2K,False,$216.94 / SMA $221.65,False,1.87%,False,+3.5%,False,400.4M,True,NYQ,False,
WMB,"The Williams Companies, Inc.",71.49,2026-06-16T00:30:46.440963+00:00,False,+28.1%,True,$87432.1M,False,+25.0%,True,6276.5K,False,$71.49 / SMA $72.91,False,2.20%,False,+-0.6%,False,1216.0M,True,NYQ,False,
WMMVF,"Wal-Mart de México, S.A.B. de C.V.",2.99,2026-06-15T23:54:07.108203+00:00,False,+10.7%,True,$52750.0M,False,+-16.9%,False,65.4K,False,$2.99 / SMA $3.16,True,3.08%,False,+-10.8%,False,4941.6M,False,OID,False,
WMS,"Advanced Drainage Systems, Inc.",136.79,2026-06-15T23:54:33.967074+00:00,False,+24.8%,True,$10477.5M,False,+-57.6%,True,945.1K,False,$136.79 / SMA $141.93,False,2.99%,False,+9.9%,True,71.1M,True,NYQ,False,
WOLF,"Wolfspeed, Inc.",49.09,2026-06-16T00:20:30.099288+00:00,True,+509.8%,True,$2551.3M,False,+-28.0%,True,6390.0K,True,$49.09 / SMA $43.60,True,17.36%,False,+-16.8%,True,23.6M,True,NYQ,False,
WOLTF,Wolters Kluwer N.V.,73.85,2026-06-16T00:31:13.786948+00:00,False,+10.8%,True,$16538.3M,,N/A,False,2.8K,False,$73.85 / SMA $73.98,False,2.26%,,N/A,False,225.6M,False,PNK,False,
WOOF,"Petco Health and Wellness Company, Inc.",2.79,2026-06-16T00:37:59.170544+00:00,False,+24.6%,True,$796.7M,False,+-25.0%,True,2129.4K,False,$2.79 / SMA $2.80,True,6.54%,False,+0.2%,True,89.3M,True,NMS,False,
WOPEF,Woodside Energy Group Ltd,24.51,2026-06-16T00:05:54.492732+00:00,True,+75.1%,True,$52532.5M,,,False,7.6K,True,$24.51 / SMA $22.77,False,0.45%,,,False,1895.1M,False,PNK,False,
WOR,"Worthington Enterprises, Inc.",59.85,2026-06-15T23:58:12.514329+00:00,False,+33.0%,True,$2965.4M,False,+16.5%,False,208.6K,True,$59.85 / SMA $55.42,False,2.80%,False,+24.4%,True,30.7M,True,NYQ,False,
WOSGF,Watches of Switzerland Group PLC,9.48,2026-06-16T00:35:35.261257+00:00,True,+118.7%,True,$2193.8M,,N/A,False,5.9K,True,$9.48 / SMA $7.95,False,1.29%,,N/A,False,217.4M,False,PNK,False,
WPM,Wheaton Precious Metals Corp.,123.94,2026-06-16T00:17:42.479776+00:00,False,+44.8%,True,$56284.3M,True,+128.8%,True,2306.7K,False,$123.94 / SMA $132.19,True,4.00%,True,+91.6%,False,453.2M,True,NYQ,False,
WPP,WPP plc,18.74,2026-06-16T00:33:33.869941+00:00,False,+26.5%,True,$4042.3M,,N/A,True,539.1K,True,$18.74 / SMA $17.60,False,3.00%,,N/A,False,1078.0M,True,NYQ,False,
WRB,W. R. Berkley Corporation,68.03,2026-06-15T23:54:17.279304+00:00,False,+8.2%,True,$25326.0M,True,+26.0%,True,2228.9K,True,$68.03 / SMA $66.63,False,2.09%,False,+5.1%,False,244.6M,True,NYQ,False,
WRBY,Warby Parker Inc.,26.38,2026-06-16T00:35:17.508021+00:00,True,+76.3%,True,$3237.2M,False,+0.0%,True,2814.2K,True,$26.38 / SMA $24.42,True,7.69%,False,+8.3%,True,93.5M,True,NYQ,False,
WRD,WeRide Inc.,6.48,2026-06-16T00:22:13.681327+00:00,False,+7.9%,True,$2138.7M,False,+17.4%,True,4042.4K,False,$6.48 / SMA $7.46,True,4.79%,True,+57.6%,False,234.1M,True,NGM,False,
WRDLY,Worldline SA,0.202,2026-06-16T00:01:26.627901+00:00,True,+100.0%,True,$912.5M,,,False,20.0K,True,$0.20 / SMA $0.14,True,7.77%,,,True,10.8M,False,PNK,False,
WRFRF,Wharf Real Estate Investment Company Limited,2.9,2026-06-16T00:31:24.045427+00:00,False,+23.4%,True,$8805.1M,,N/A,False,0.5K,False,$2.90 / SMA $3.13,False,0.00%,,N/A,False,1599.5M,False,PNK,False,
WRN,Western Copper and Gold Corporation,2.56,2026-06-16T00:38:05.686105+00:00,True,+116.9%,True,$577.6M,,N/A,True,1988.0K,False,$2.56 / SMA $2.78,True,5.56%,,N/A,False,184.4M,True,ASE,False,
WRTBF,Wärtsilä Oyj Abp,38.365,2026-06-16T00:31:07.071410+00:00,True,+74.8%,True,$22617.9M,False,+-7.4%,False,0.7K,False,$38.37 / SMA $40.62,False,0.96%,False,+-16.1%,False,468.6M,False,PNK,False,
WSBCO,"WesBanco, Inc.",25.53,2026-06-15T23:57:54.177723+00:00,False,+2.0%,,,,,False,20.4K,True,$25.53 / SMA $25.24,False,0.66%,True,+33.1%,True,92.7M,True,NMS,False,
WSBF,"Waterstone Financial, Inc.",19.15,2026-06-16T00:15:37.917191+00:00,False,+46.4%,True,$345.7M,True,+100.0%,False,66.4K,True,$19.15 / SMA $18.43,False,1.97%,False,+20.6%,True,14.8M,True,NMS,False,
WSC,WillScot Holdings Corporation,28.3,2026-06-15T23:56:28.111921+00:00,True,+89.8%,True,$5122.1M,False,+-34.8%,True,2520.7K,True,$28.30 / SMA $23.51,True,4.55%,False,+-2.0%,False,175.5M,True,NCM,False,
WSE,Wise Group plc,10.93,2026-06-16T00:18:09.121069+00:00,False,+5.5%,True,$10932.9M,,,True,1636.5K,False,$10.93 / SMA_short $12.16,True,3.98%,,,False,706.7M,True,NMS,False,
WSFS,WSFS Financial Corporation,74.17,2026-06-16T00:20:26.946565+00:00,False,+48.6%,True,$3860.1M,True,+46.4%,False,408.4K,True,$74.17 / SMA $70.96,False,1.80%,False,+7.5%,True,51.4M,True,NMS,False,
WSIOF,Wasion Holdings Limited,3.305,2026-06-16T00:22:08.164087+00:00,True,+240.7%,True,$3439.2M,,,False,0.5K,False,$3.31 / SMA $3.33,False,0.00%,,,False,475.7M,False,PNK,False,
WSOUF,WHSP Holdings Limited,30.845,2026-06-16T00:06:19.887951+00:00,False,+40.9%,True,$11718.6M,,,False,0.0K,True,$30.84 / SMA $28.08,False,0.00%,,,False,255.1M,False,PNK,False,
WSPOF,WSP Global Inc.,130.272,2026-06-16T00:18:04.350904+00:00,False,+1.1%,True,$17692.8M,False,+-16.4%,False,20.7K,False,$130.27 / SMA $151.43,True,4.12%,False,+-2.4%,True,104.4M,False,PNK,False,
WSR,Whitestone REIT,19.08,2026-06-16T00:35:40.423346+00:00,False,+66.9%,True,$992.7M,False,+14.3%,True,503.4K,True,$19.08 / SMA $18.85,False,0.17%,False,+9.3%,True,45.4M,True,NYQ,False,
WT,"WisdomTree, Inc.",18.32,2026-06-16T00:09:57.910257+00:00,True,+81.4%,True,$2801.9M,False,+-200.0%,True,3307.2K,True,$18.32 / SMA $17.80,True,3.87%,True,+47.5%,True,135.5M,True,NYQ,False,
WTBA,"West Bancorporation, Inc.",24.63,2026-06-16T00:03:40.959493+00:00,False,+42.3%,True,$419.4M,True,+32.6%,False,43.6K,True,$24.63 / SMA $23.97,False,2.35%,False,+16.6%,True,15.2M,True,NMS,False,
WTBDY,Whitbread plc,7.95,2026-06-16T00:20:15.645261+00:00,False,+7.1%,True,$5315.1M,,,False,36.4K,True,$7.95 / SMA $7.88,False,1.94%,,,False,646.0M,False,PNK,False,
WTBFA,W.T.B. Financial Corporation,700.0,2026-06-16T00:37:49.563135+00:00,False,+26.4%,True,$1716.8M,True,+59.0%,False,0.0K,True,$700.00 / SMA $665.48,False,0.00%,False,+21.1%,,N/A,False,OID,False,
WTFC,Wintrust Financial Corporation,156.7,2026-06-16T00:18:22.234876+00:00,False,+34.4%,True,$10569.1M,False,+19.7%,False,446.3K,True,$156.70 / SMA $149.02,False,2.12%,False,+10.9%,True,66.5M,True,NMS,False,
WTFCN,Wintrust Financial Corporation,26.3,2026-06-16T00:31:24.981529+00:00,False,+3.7%,,N/A,,N/A,False,28.4K,True,$26.30 / SMA $26.26,False,0.56%,False,+10.9%,True,66.5M,True,NMS,False,
WTKWY,Wolters Kluwer N.V.,70.43,2026-06-16T00:18:07.909608+00:00,False,+7.5%,True,$15772.4M,,,False,92.8K,False,$70.43 / SMA $73.36,False,2.56%,,,False,225.6M,False,PNK,False,
WTRG,"Essential Utilities, Inc.",37.56,2026-06-16T00:31:23.946013+00:00,False,+4.0%,True,$10653.3M,False,+-23.3%,True,1945.7K,False,$37.56 / SMA $37.99,False,2.24%,False,+10.0%,False,282.7M,True,NYQ,False,
WTSHF,Westshore Terminals Investment Corporation,29.03,2026-06-16T00:11:41.651788+00:00,False,+66.4%,True,$1793.2M,True,+63.2%,False,3.3K,True,$29.03 / SMA $27.71,False,0.21%,False,+10.9%,True,32.4M,False,PNK,False,
WTTR,"Select Water Solutions, Inc.",18.46,2026-06-16T00:09:59.886273+00:00,True,+134.9%,True,$2595.0M,False,+0.0%,True,1809.4K,True,$18.46 / SMA $17.33,True,3.68%,False,+-2.3%,True,117.6M,True,NYQ,False,
WTWGF,Westwing Group SE,18.45,2026-06-16T00:40:09.921698+00:00,True,+115.5%,True,$347.6M,,N/A,False,0.0K,True,$18.45 / SMA $17.42,False,0.00%,False,+6.8%,True,11.2M,False,PNK,False,
WU,The Western Union Company,7.49,2026-06-16T00:10:00.436654+00:00,False,+3.5%,True,$2340.1M,False,+-44.4%,True,8652.8K,False,$7.49 / SMA $8.60,False,2.99%,False,+-0.1%,False,310.3M,True,NYQ,False,
WVE,Wave Life Sciences Ltd.,6.0,2026-06-16T00:00:04.272719+00:00,False,+19.5%,True,$1154.4M,True,+55.2%,True,4861.6K,False,$6.00 / SMA $6.76,True,5.73%,True,+316.9%,True,90.1M,True,NGM,False,
WWD,"Woodward, Inc.",402.5,2026-06-15T23:54:20.431677+00:00,True,+72.5%,True,$23982.1M,False,+23.0%,True,729.9K,True,$402.50 / SMA $369.30,True,3.10%,False,+23.4%,True,59.4M,True,NMS,False,
WWLNF,Worldline SA,15.4496,2026-06-16T00:37:54.940405+00:00,True,+4671.3%,True,$34895.2M,,N/A,False,0.1K,True,$15.45 / SMA $13.48,False,0.00%,,N/A,True,5.4M,False,PNK,False,
WWNTY,Want Want China Holdings Limited,26.64,2026-06-16T00:20:10.083759+00:00,False,+9.9%,True,$6506.3M,,,False,0.0K,False,$26.64 / SMA $27.05,False,0.00%,,,True,86.2M,False,PNK,False,
WWUEY,Wüstenrot & Württembergische AG,9.01,2026-06-16T00:11:45.048487+00:00,False,+8.6%,True,$1689.4M,,,False,0.0K,True,$9.01 / SMA $8.44,False,0.00%,,,True,43.3M,False,PNK,False,
WWW,"Wolverine World Wide, Inc.",17.77,2026-06-16T00:11:49.375481+00:00,False,+31.9%,True,$1457.0M,True,+60.0%,True,1087.5K,True,$17.77 / SMA $16.90,True,4.96%,False,+11.0%,True,76.2M,True,NYQ,False,
WY,Weyerhaeuser Company,24.65,2026-06-16T00:06:12.244128+00:00,False,+16.5%,True,$17773.7M,True,+100.0%,True,5097.8K,True,$24.65 / SMA $24.03,False,2.51%,False,+-2.0%,False,717.5M,True,NYQ,False,
WYGPY,Worley Limited,8.79,2026-06-16T00:33:28.709704+00:00,False,+35.4%,True,$4589.9M,,N/A,False,1.7K,True,$8.79 / SMA $8.73,False,0.24%,,N/A,False,461.7M,False,PNK,False,
WYNMF,"Wynn Macau, Limited",0.71,2026-06-16T00:20:26.850735+00:00,False,+14.5%,True,$3718.8M,,,False,1.7K,True,$0.71 / SMA $0.71,False,0.41%,,,False,1478.3M,False,PNK,False,
WYNN,"Wynn Resorts, Limited",105.96,2026-06-16T00:06:23.161599+00:00,False,+23.3%,True,$10997.2M,True,+50.7%,True,1479.9K,True,$105.96 / SMA $103.26,True,3.36%,False,+9.2%,True,73.5M,True,NMS,False,
XEL,Xcel Energy Inc.,79.35,2026-06-16T00:30:53.837423+00:00,False,+21.7%,True,$49535.8M,False,+6.0%,True,5147.3K,False,$79.35 / SMA $79.76,False,2.07%,False,+2.9%,False,622.6M,True,NMS,False,
XENE,Xenon Pharmaceuticals Inc.,52.4,2026-06-16T00:33:20.108553+00:00,True,+74.7%,True,$5065.3M,False,+-41.0%,True,1165.9K,False,$52.40 / SMA $55.37,True,3.00%,False,+-100.0%,True,90.8M,True,NGM,False,
XERS,"Xeris Biopharma Holdings, Inc.",6.88,2026-06-16T00:37:47.993406+00:00,False,+57.8%,True,$1187.8M,True,+116.7%,True,1646.0K,True,$6.88 / SMA $6.22,True,4.06%,True,+38.3%,False,163.7M,True,NMS,False,
XFOR,"X4 Pharmaceuticals, Inc.",4.08,2026-06-16T00:26:46.800942+00:00,True,+202.2%,True,$384.8M,False,+-500.1%,False,399.7K,False,$4.08 / SMA $4.09,True,5.95%,False,+-90.6%,True,57.4M,True,NCM,False,
XHR,"Xenia Hotels & Resorts, Inc.",19.13,2026-06-15T23:59:57.973817+00:00,False,+62.8%,True,$1870.0M,True,+40.0%,True,726.3K,True,$19.13 / SMA $16.79,False,2.48%,False,+2.2%,True,91.5M,True,NYQ,False,
XIACF,Xiaomi Corporation,3.345,2026-06-16T00:17:36.519630+00:00,False,+6.5%,True,$86169.8M,False,+-14.3%,False,62.1K,False,$3.35 / SMA $3.87,True,5.09%,,,False,17211.0M,False,PNK,False,
XIACY,Xiaomi Corporation,16.64,2026-06-16T00:05:46.605450+00:00,False,+1.8%,True,$85731.9M,False,+-14.3%,False,392.1K,False,$16.64 / SMA $19.27,False,1.69%,,,False,3442.2M,False,PNK,False,
XIFR,"XPLR Infrastructure, LP",11.66,2026-06-15T23:58:16.945983+00:00,False,+45.9%,True,$1099.2M,True,+133.3%,True,958.6K,True,$11.66 / SMA $11.09,True,3.74%,False,+-2.5%,True,82.7M,True,NYQ,False,
XISHY,Xinyi Solar Holdings Limited,6.44,2026-06-16T00:22:07.151836+00:00,False,+12.4%,True,$3079.9M,,,False,0.3K,False,$6.44 / SMA $7.26,False,0.59%,,,False,225.7M,False,PNK,False,
XMAX,XMax Inc.,8.41,2026-06-16T00:39:44.636600+00:00,True,+578.2%,True,$534.9M,True,+100.0%,True,1295.4K,True,$8.41 / SMA $7.96,True,4.92%,False,+-32.4%,True,58.3M,True,NCM,False,
XNCR,"Xencor, Inc.",12.21,2026-06-16T00:24:29.004956+00:00,True,+76.4%,True,$905.3M,False,+-159.1%,True,803.2K,True,$12.21 / SMA $12.15,True,5.04%,False,+-86.2%,True,54.5M,True,NGM,False,
XNDU,Xanadu Quantum Technologies Limited,13.94,2026-06-16T00:26:11.167578+00:00,True,+100.0%,True,$4161.2M,,,True,5154.9K,False,$13.94 / SMA $17.66,True,10.58%,True,+298.3%,True,35.0M,True,NGM,False,
XNET,Xunlei Limited,5.32,2026-06-16T00:03:48.537697+00:00,False,+32.3%,True,$338.6M,False,+-21234.6%,False,237.4K,False,$5.32 / SMA $5.88,True,6.32%,True,+53.9%,True,28.6M,True,NMS,False,
XNGSF,ENN Energy Holdings Limited,8.6,2026-06-16T00:31:29.375711+00:00,False,+45.5%,True,$9562.0M,,N/A,False,3.0K,True,$8.60 / SMA $7.77,False,0.37%,,N/A,False,724.0M,False,PNK,False,
XNGSY,ENN Energy Holdings Limited,24.2,2026-06-16T00:06:28.282090+00:00,False,+3.5%,True,$6726.7M,,,False,11.5K,False,$24.20 / SMA $29.16,False,1.85%,,,False,181.0M,False,PNK,False,
XOM,Exxon Mobil Corporation,140.92,2026-06-16T00:30:39.949845+00:00,False,+33.5%,True,$584106.0M,False,+-43.2%,True,19806.7K,False,$140.92 / SMA $150.92,False,2.63%,False,+2.6%,False,4136.2M,True,NYQ,False,
XOMA,XOMA Royalty Corporation,41.95,2026-06-16T00:13:47.503326+00:00,True,+88.2%,True,$741.6M,True,+183.3%,False,210.1K,True,$41.95 / SMA $40.55,False,0.77%,False,+-92.8%,True,0.9M,True,NGM,False,
XOMAO,XOMA Royalty Corporation,25.4,2026-06-16T00:26:30.478473+00:00,False,+2.2%,,,,,False,5.0K,False,$25.40 / SMA $25.42,False,0.18%,False,+-92.8%,True,0.9M,True,NGM,False,
XOMAP,XOMA Royalty Corporation,25.4348,2026-06-16T00:39:45.922436+00:00,False,+1.2%,,N/A,,N/A,False,2.2K,False,$25.43 / SMA $25.65,False,0.30%,False,+-92.8%,True,0.9M,True,NGM,False,
XP,XP Inc.,15.81,2026-06-16T00:18:27.050619+00:00,False,+6.8%,True,$8168.7M,False,+9.9%,True,5663.1K,False,$15.81 / SMA $17.98,True,3.89%,False,+17.2%,False,411.8M,True,NMS,False,
XPER,Xperi Inc.,7.71,2026-06-16T00:15:32.156109+00:00,False,+52.2%,True,$372.2M,True,+58.5%,False,409.5K,True,$7.71 / SMA $7.15,True,3.88%,False,+0.2%,True,37.9M,True,NYQ,False,
XPEV,XPeng Inc.,14.49,2026-06-15T23:54:25.679921+00:00,False,+3.6%,True,$13848.8M,False,+-165.7%,True,6695.6K,False,$14.49 / SMA $16.37,True,3.31%,False,+-17.6%,False,708.4M,True,NYQ,False,
XPO,"XPO, Inc.",220.74,2026-06-16T00:17:59.467571+00:00,True,+89.2%,True,$25917.1M,True,+46.6%,True,1481.4K,True,$220.74 / SMA $213.84,True,4.28%,False,+7.3%,True,103.5M,True,NYQ,False,
XROLF,Xero Limited,51.75,2026-06-15T23:54:35.693398+00:00,False,+7.5%,True,$8974.2M,,,False,1.5K,False,$51.75 / SMA $56.01,False,0.44%,,,False,163.2M,False,PNK,False,
XRPNU,Armada Acquisition Corp. II,10.79,2026-06-16T00:40:15.086180+00:00,False,+6.8%,,N/A,,N/A,False,5.4K,False,$10.79 / SMA $10.88,False,0.63%,,N/A,True,13.4M,True,NGM,False,
XTEPY,Xtep International Holdings Limited,57.1,2026-06-16T00:24:09.125258+00:00,False,+12.5%,True,$1555.4M,,,False,0.0K,True,$57.10 / SMA $54.67,False,0.30%,,,True,13.9M,False,PNK,False,
XXI,"Twenty One Capital, Inc.",6.08,2026-06-16T00:20:19.156666+00:00,False,+14.5%,True,$2108.6M,,,True,1659.9K,False,$6.08 / SMA $7.36,True,5.60%,,,True,131.0M,True,NYQ,False,
XYIGY,Xinyi Glass Holdings Limited,24.41,2026-06-16T00:33:15.029389+00:00,False,+30.3%,True,$5399.6M,,N/A,False,0.2K,False,$24.41 / SMA $24.60,False,0.00%,,N/A,True,80.0M,False,PNK,False,
XYL,Xylem Inc.,110.97,2026-06-16T00:31:03.454174+00:00,False,+5.4%,True,$26376.8M,False,+14.5%,True,2161.4K,False,$110.97 / SMA $115.20,False,2.06%,False,+2.7%,False,237.1M,True,NYQ,False,
XYZ,"Block, Inc.",74.35,2026-06-16T00:30:56.641326+00:00,False,+54.2%,True,$44251.7M,False,+-273.3%,True,5777.9K,True,$74.35 / SMA $69.80,True,3.98%,False,+4.9%,False,530.0M,True,NYQ,False,
XZO,"Exzeo Group, Inc.",13.29,2026-06-16T00:11:52.539855+00:00,False,+7.5%,True,$1208.3M,False,+11.2%,False,232.5K,False,$13.29 / SMA $14.76,True,5.11%,False,+6.0%,True,12.4M,True,NYQ,False,
YACAF,Yancoal Australia Ltd,4.49,2026-06-16T00:33:10.185200+00:00,False,+39.4%,True,$6025.6M,,N/A,False,17.1K,False,$4.49 / SMA $5.10,False,2.79%,,N/A,False,395.9M,False,PNK,False,
YADGF,Yadea Group Holdings Ltd.,1.42,2026-06-15T23:56:28.115407+00:00,False,+32.7%,True,$4311.3M,,,False,0.3K,True,$1.42 / SMA $1.35,False,0.03%,,,False,1076.4M,False,PNK,False,
YAHOY,LY Corporation,4.99,2026-06-16T00:31:11.158930+00:00,False,+9.0%,True,$17112.6M,,N/A,False,321.8K,False,$4.99 / SMA $5.18,False,1.05%,,N/A,False,1283.0M,False,PNK,False,
YARIY,Yara International ASA,24.71,2026-06-16T00:18:10.744918+00:00,False,+41.4%,True,$12588.5M,True,+212.3%,False,42.4K,False,$24.71 / SMA $27.59,False,1.94%,False,+24.2%,False,325.0M,False,OID,False,
YASKF,YASKAWA Electric Corporation,46.38,2026-06-15T23:54:32.709247+00:00,True,+156.0%,True,$12029.5M,,,False,0.1K,True,$46.38 / SMA $39.00,False,0.02%,,,False,259.3M,False,PNK,False,
YDES,YD Bio Ltd,3.3901,2026-06-16T00:03:49.301075+00:00,False,+17.7%,False,$240.1M,,,False,19.0K,False,$3.39 / SMA $4.75,True,11.01%,,,True,0.3M,True,NGM,False,
YEXT,"Yext, Inc.",4.05,2026-06-16T00:15:32.854424+00:00,False,+24.0%,True,$406.0M,True,+100.0%,True,2568.6K,True,$4.05 / SMA $3.82,True,5.80%,False,+-1.4%,True,67.8M,True,NYQ,False,
YITJF,YITJF,2.91,2026-06-16T00:13:40.340235+00:00,False,+0.0%,True,$671.2M,False,+0.0%,False,0.0K,False,$2.91 / SMA $4.95,False,0.00%,False,+-28.4%,True,127.2M,False,PNK,False,
YKLTY,"Yakult Honsha Co.,Ltd.",8.01,2026-06-15T23:56:24.340123+00:00,False,+14.1%,True,$4624.6M,,,False,2.9K,False,$8.01 / SMA $8.78,False,1.26%,,,False,528.0M,False,PNK,False,
YLLXF,Yellow Cake plc,7.48,2026-06-16T00:22:23.624121+00:00,False,+20.3%,True,$1889.9M,,,False,2.8K,False,$7.48 / SMA $7.94,False,2.74%,,,False,239.5M,False,OQX,False,
YMATF,Azbil Corporation,9.4,2026-06-15T23:56:25.200887+00:00,False,+6.2%,True,$4736.0M,,,False,0.0K,True,$9.40 / SMA $9.12,False,0.00%,,,False,476.3M,False,PNK,False,
YMHAY,"Yamaha Motor Co., Ltd.",14.99,2026-06-16T00:18:32.379034+00:00,False,+14.9%,True,$7273.0M,,,False,3.7K,True,$14.99 / SMA $14.95,False,1.20%,,,False,439.6M,False,PNK,False,
YMM,Full Truck Alliance Co. Ltd.,8.41,2026-06-16T00:31:29.253575+00:00,False,+4.6%,True,$8796.0M,False,+-16.7%,True,8542.0K,False,$8.41 / SMA $8.65,True,3.87%,False,+5.5%,False,745.1M,True,NYQ,False,
YOKEF,Yokogawa Electric Corporation,33.41,2026-06-16T00:31:29.616451+00:00,True,+74.9%,True,$8435.1M,,N/A,False,0.0K,True,$33.41 / SMA $33.37,False,0.00%,,N/A,False,246.4M,False,PNK,False,
YORW,The York Water Company,29.84,2026-06-16T00:02:03.352612+00:00,False,+5.6%,True,$483.7M,True,+32.0%,False,167.9K,False,$29.84 / SMA $29.95,False,1.86%,False,+8.8%,True,16.1M,True,NMS,False,
YOU,"Clear Secure, Inc.",51.66,2026-06-16T00:31:31.548781+00:00,True,+114.7%,True,$6904.9M,True,+50.0%,True,1604.1K,False,$51.66 / SMA $55.00,True,4.59%,False,+19.7%,True,88.5M,True,NYQ,False,
YPF,YPF Sociedad Anónima,52.59,2026-06-16T00:06:09.412386+00:00,True,+130.5%,True,$20622.0M,True,+2675.0%,True,2479.3K,True,$52.59 / SMA $46.83,True,4.03%,False,+7.5%,False,160.6M,True,NYQ,False,
YRAIF,Yara International ASA,49.65,2026-06-16T00:06:15.211159+00:00,False,+39.4%,True,$12647.1M,True,+212.3%,False,0.7K,False,$49.65 / SMA $57.04,False,0.17%,False,+24.2%,False,162.5M,False,OID,False,
YSS,"York Space Systems, Inc.",30.5,2026-06-16T00:33:36.160595+00:00,True,+80.2%,True,$3955.7M,,N/A,True,2438.2K,False,$30.50 / SMA $31.96,True,13.27%,,N/A,True,98.7M,True,NYQ,False,
YUBCF,YUBCF,6.05,2026-06-16T00:01:56.608693+00:00,True,+92.1%,True,$606.9M,False,+-56.9%,False,1.3K,True,$6.05 / SMA $5.37,False,0.72%,False,+-23.1%,True,37.3M,False,PNK,False,
YUEIF,Yue Yuen Industrial (Holdings) Limited,1.73,2026-06-16T00:35:23.216792+00:00,False,+17.7%,True,$2874.9M,,N/A,False,0.2K,False,$1.73 / SMA $1.87,False,0.78%,,N/A,False,778.9M,False,PNK,False,
YUEIY,Yue Yuen Industrial (Holdings) Limited,9.21,2026-06-16T00:22:07.982469+00:00,False,+34.3%,True,$2955.4M,,,False,5.9K,True,$9.21 / SMA $9.09,False,2.62%,,,False,155.8M,False,PNK,False,
YUM,"Yum! Brands, Inc.",154.67,2026-06-16T00:05:54.686008+00:00,False,+12.6%,True,$42630.3M,True,+72.2%,True,1839.3K,True,$154.67 / SMA $154.41,False,2.03%,False,+15.2%,False,274.9M,True,NYQ,False,
YUPRF,Yuexiu Property Company Limited,0.3024,2026-06-16T00:37:37.662509+00:00,False,+0.0%,True,$1217.3M,,N/A,False,0.0K,False,$0.30 / SMA $0.36,False,0.00%,,N/A,False,2272.9M,False,PNK,False,
YZOFF,Yangtze Optical Fibre And Cable Joint Stock Limited Company,32.0,2026-06-16T00:30:57.084078+00:00,True,+3006.8%,True,$26301.0M,,N/A,False,0.2K,True,$32.00 / SMA $26.11,False,0.00%,,N/A,False,374.1M,False,PNK,False,
Z,"Zillow Group, Inc.",32.36,2026-06-16T00:31:30.134566+00:00,False,+2.8%,True,$7404.0M,True,+533.3%,True,4108.5K,False,$32.36 / SMA $39.78,True,4.89%,False,+18.4%,False,210.0M,True,NMS,False,
ZBIO,"Zenas BioPharma, Inc.",18.71,2026-06-16T00:11:52.096688+00:00,True,+110.0%,True,$1181.2M,False,+-82.5%,True,706.6K,False,$18.71 / SMA $19.39,True,7.68%,False,+-100.0%,True,41.1M,True,NMS,False,
ZBRA,Zebra Technologies Corporation,240.05,2026-06-16T00:06:18.949599+00:00,False,+20.6%,True,$11434.4M,False,+3.8%,True,938.1K,True,$240.05 / SMA $234.39,True,4.25%,False,+14.3%,True,47.2M,True,NMS,False,
ZD,"Ziff Davis, Inc.",45.85,2026-06-16T00:35:50.235768+00:00,True,+104.2%,True,$1688.9M,False,+5.4%,True,659.9K,True,$45.85 / SMA $44.80,True,4.21%,False,+-1.9%,True,33.2M,True,NMS,False,
ZDCAF,Zedcor Inc.,4.0995,2026-06-16T00:26:34.927366+00:00,False,+63.3%,True,$454.7M,False,+-100.0%,False,32.4K,False,$4.10 / SMA $4.26,True,3.59%,True,+69.1%,True,89.7M,False,PNK,False,
ZEGLF,ZEGLF,24.58,2026-06-16T00:33:17.834683+00:00,False,+3.3%,True,$5554.2M,,N/A,False,0.3K,True,$24.58 / SMA_short $24.42,False,0.04%,,N/A,False,574.9M,False,PNK,False,
ZETA,Zeta Global Holdings Corp.,19.77,2026-06-15T23:56:27.077425+00:00,False,+61.9%,True,$4927.8M,True,+46.7%,True,8325.1K,True,$19.77 / SMA $18.57,True,7.19%,True,+49.9%,False,220.2M,True,NYQ,False,
ZFSVF,Zurich Insurance Group AG,702.24,2026-06-16T00:17:35.371323+00:00,False,+7.0%,True,$104893.1M,,,False,0.4K,False,$702.24 / SMA $702.44,False,0.89%,,,True,142.0M,False,OQX,False,
ZGN,Ermenegildo Zegna N.V.,14.77,2026-06-16T00:08:11.136258+00:00,True,+94.2%,True,$3961.9M,,,True,912.7K,True,$14.77 / SMA $12.89,True,3.52%,,,True,45.5M,True,NYQ,True,
ZHAOF,Zhaojin Mining Industry Company Limited,2.06,2026-06-16T00:06:20.125698+00:00,False,+0.0%,True,$7297.3M,,,False,0.1K,False,$2.06 / SMA $3.72,False,0.99%,,,False,1648.1M,False,PNK,False,
ZHEXF,"Zhejiang Expressway Co., Ltd.",0.83,2026-06-16T00:20:18.007730+00:00,False,+3.7%,True,$5126.3M,,,False,1.1K,False,$0.83 / SMA $0.91,False,0.06%,,,False,1659.4M,False,PNK,False,
ZIJMF,Zijin Mining Group Company Limited,4.14,2026-06-15T23:54:01.222172+00:00,True,+80.0%,True,$110085.6M,True,+95.7%,False,31.6K,False,$4.14 / SMA $4.52,True,7.33%,False,+24.8%,False,20145.9M,False,PNK,False,
ZIJMY,Zijin Mining Group Company Limited,80.91,2026-06-16T00:30:45.211295+00:00,False,+65.6%,True,$107572.7M,True,+95.7%,False,34.5K,False,$80.91 / SMA $88.88,False,2.34%,False,+24.8%,False,201458.8M,False,PNK,False,
ZIM,ZIM Integrated Shipping Services Ltd.,24.92,2026-06-16T00:35:18.776474+00:00,True,+102.1%,True,$3003.3M,False,+-129.0%,True,1422.2K,False,$24.92 / SMA $25.91,False,2.58%,False,+-30.4%,True,114.9M,True,NYQ,False,
ZION,"Zions Bancorporation, National Association",66.27,2026-06-16T00:18:25.307463+00:00,False,+43.5%,True,$9747.8M,True,+38.1%,True,1579.2K,True,$66.27 / SMA $61.99,False,2.02%,False,+6.8%,True,144.8M,True,NMS,False,
ZIONP,"Zions Bancorporation, National Association",18.71,2026-06-16T00:06:26.104405+00:00,False,+1.7%,,,,,False,5.1K,False,$18.71 / SMA $18.83,False,0.54%,False,+6.8%,True,144.8M,True,NGM,False,
ZKP,Lafayette Digital Acquisition Corp. I,9.93,2026-06-16T00:26:45.197482+00:00,False,+0.8%,True,$388.2M,,,False,9.1K,True,$9.93 / SMA $9.92,False,0.07%,,,True,29.1M,True,NGM,False,
ZKPU,Lafayette Digital Acquisition Corp. I,10.44,2026-06-16T00:40:00.442344+00:00,False,+5.5%,,N/A,,N/A,False,0.3K,True,$10.44 / SMA $9.93,False,0.36%,,N/A,True,29.1M,True,NGM,False,
ZLDPF,Zealand Pharma A/S,44.7,2026-06-16T00:20:27.793455+00:00,False,+24.4%,True,$3127.1M,False,+-17.7%,False,1.2K,False,$44.70 / SMA $47.92,False,0.76%,True,+325.0%,True,56.7M,False,PNK,False,
ZLIOY,"Zoomlion Heavy Industry Science and Technology Co., Ltd.",9.27,2026-06-16T00:18:26.123610+00:00,False,+27.4%,True,$11902.6M,,,False,0.1K,False,$9.27 / SMA $10.83,False,0.42%,False,+16.8%,False,676.1M,False,PNK,False,
ZLNDY,Zalando SE,14.25,2026-06-16T00:20:09.307069+00:00,False,+31.5%,True,$7357.4M,False,+-950.0%,False,72.5K,True,$14.25 / SMA $12.73,False,2.02%,False,+23.8%,False,458.3M,False,PNK,False,
ZNOG,"Zion Oil & Gas, Inc.",0.55,2026-06-16T00:13:39.929301+00:00,True,+266.7%,True,$651.1M,,,True,3806.8K,True,$0.55 / SMA $0.46,True,11.21%,,,False,1098.9M,False,OQX,False,
ZPTAF,Surge Energy Inc.,7.28,2026-06-16T00:24:33.260105+00:00,False,+65.5%,True,$729.4M,False,+-412.5%,False,46.0K,True,$7.28 / SMA $6.97,False,2.83%,False,+-1.8%,True,95.9M,False,OID,False,
ZSHGY,Zhongsheng Group Holdings Limited,7.38,2026-06-15T23:58:19.200200+00:00,False,+0.0%,True,$1848.4M,,,False,1.1K,False,$7.38 / SMA $8.94,False,1.67%,,,True,85.9M,False,PNK,False,
ZTO,ZTO Express (Cayman) Inc.,22.88,2026-06-16T00:31:11.475453+00:00,False,+34.4%,True,$17479.5M,False,+9.8%,True,1744.2K,False,$22.88 / SMA $24.09,False,2.03%,False,+22.0%,False,363.9M,True,NYQ,False,
ZTR,Virtus Global Dividend & Income Fund Inc.,6.76,2026-06-16T00:40:05.860331+00:00,False,+13.2%,,N/A,,N/A,False,146.5K,True,$6.76 / SMA $6.73,False,1.00%,,N/A,,N/A,True,NYQ,False,
ZTS,Zoetis Inc.,79.95,2026-06-16T00:30:59.060603+00:00,False,+10.5%,True,$33517.3M,False,+0.7%,True,6126.8K,False,$79.95 / SMA $96.62,True,3.42%,False,+2.9%,False,418.4M,True,NYQ,False,
ZURA,Zura Bio Limited,3.68,2026-06-16T00:39:58.956482+00:00,True,+268.0%,True,$349.2M,False,+-15.8%,True,734.5K,False,$3.68 / SMA $4.76,True,7.24%,,N/A,True,54.8M,True,NCM,False,
ZVRA,"Zevra Therapeutics, Inc.",12.55,2026-06-16T00:26:22.242581+00:00,True,+75.3%,True,$741.9M,True,+1100.0%,True,1432.1K,True,$12.55 / SMA $10.77,True,6.34%,True,+77.5%,True,55.0M,True,NMS,True,
ZWS,Zurn Elkay Water Solutions Corporation,48.83,2026-06-15T23:54:39.288753+00:00,False,+39.2%,True,$8181.1M,True,+34.6%,True,1053.0K,True,$48.83 / SMA $48.78,False,2.43%,False,+11.4%,True,148.0M,True,NYQ,False,
ZYME,Zymeworks Inc.,23.26,2026-06-15T23:58:19.798257+00:00,True,+102.1%,True,$1711.3M,,,True,652.6K,False,$23.26 / SMA $25.70,True,3.85%,,,True,68.1M,True,NMS,False,
