ticker,name,price,fetched_at,c1_price_vs_52w_low_passes,c1_price_vs_52w_low_value,c2_market_cap_passes,c2_market_cap_value,c3_eps_growth_passes,c3_eps_growth_value,c4_avg_volume_passes,c4_avg_volume_value,c5_price_vs_sma50_passes,c5_price_vs_sma50_value,c6_volatility_1m_passes,c6_volatility_1m_value,c7_revenue_growth_passes,c7_revenue_growth_value,c8_float_passes,c8_float_value,c9_us_market_passes,c9_us_market_value,passes_all,error
AA,Alcoa Corporation,47.48,2026-07-01T23:55:29.028866+00:00,False,+68.9%,True,$12529.5M,False,+-22.7%,True,4921.0K,False,$47.48 / SMA $65.48,True,5.02%,False,+-5.2%,False,262.8M,True,NYQ,False,
AAIGF,AIA Group Limited,9.51,2026-07-01T23:55:08.718045+00:00,False,+14.7%,True,$98002.1M,,N/A,False,91.1K,False,$9.51 / SMA $10.23,True,5.29%,,N/A,False,10460.1M,False,PNK,False,
AAL,American Airlines Group Inc.,18.15,2026-07-01T23:55:43.119747+00:00,True,+79.9%,True,$12004.1M,False,+19.4%,True,86537.2K,True,$18.15 / SMA $13.95,True,4.13%,False,+10.8%,False,654.9M,True,NMS,False,
AAMI,Acadian Asset Management Inc.,71.98,2026-07-01T23:59:18.170555+00:00,True,+102.8%,True,$2564.6M,True,+25.9%,False,464.1K,True,$71.98 / SMA $71.72,True,4.06%,True,+39.3%,True,29.6M,True,NYQ,False,
AANNF,Aroundtown SA,2.785,2026-07-01T23:59:11.449025+00:00,False,+7.1%,True,$2884.0M,False,+-75.0%,False,0.0K,True,$2.79 / SMA $2.68,False,0.00%,False,+0.6%,False,447.1M,False,PNK,False,
AAPG,AAPG,17.96,2026-07-01T23:59:23.299209+00:00,False,+9.8%,True,$1676.3M,,N/A,False,10.2K,False,$17.96 / SMA $19.77,False,2.72%,,N/A,True,55.7M,True,NGM,False,
AAVVF,Advantage Energy Ltd.,7.24,2026-07-02T00:01:10.121949+00:00,False,+7.7%,True,$1214.7M,,N/A,False,182.1K,True,$7.24 / SMA $7.24,False,2.76%,True,+25.3%,True,144.8M,False,PNK,False,
ABANF,Automatic Bank Services Limited,7.9331,2026-07-02T00:04:54.017935+00:00,False,+34.5%,True,$317.6M,False,+-34.6%,False,0.1K,True,$7.93 / SMA $7.14,False,0.00%,False,+0.7%,True,32.4M,False,PNK,False,
ABBNY,ABB Ltd,105.61,2026-07-01T23:55:06.586465+00:00,True,+80.3%,True,$191673.0M,True,+37.7%,False,351.0K,True,$105.61 / SMA $103.93,False,2.11%,False,+9.2%,False,7255.8M,False,PNK,False,
ABCL,AbCellera Biologics Inc.,7.6,2026-07-02T00:01:03.549492+00:00,True,+176.9%,True,$2320.9M,False,+6.7%,True,7562.9K,True,$7.60 / SMA $5.27,True,9.89%,True,+96.3%,False,205.1M,True,NMS,False,
ABUS,Arbutus Biopharma Corporation,4.73,2026-07-02T00:02:52.719237+00:00,False,+53.6%,True,$934.4M,True,+769.2%,True,1948.7K,True,$4.73 / SMA $4.38,True,4.17%,True,+10054.5%,True,121.4M,True,NMS,False,
ACEHF,PT Aspirasi Hidup Indonesia Tbk,0.0314,2026-07-02T00:03:04.524846+00:00,True,+797.1%,True,$537.6M,,N/A,False,0.0K,True,$0.03 / SMA $-27.60,,N/A,False,+-0.1%,False,6846.4M,False,PNK,False,
ACGBY,Agricultural Bank of China Limited,17.02,2026-07-01T23:55:05.232839+00:00,False,+7.4%,True,$238268.4M,False,+5.3%,False,34.9K,False,$17.02 / SMA $18.66,False,1.48%,False,+10.5%,False,8017.1M,False,PNK,False,
ACHC,"Acadia Healthcare Company, Inc.",31.25,2026-07-01T23:59:21.604657+00:00,True,+173.4%,True,$2874.0M,False,+-44.4%,True,3055.7K,True,$31.25 / SMA $25.68,True,5.26%,False,+7.6%,True,85.1M,True,NMS,False,
ACN,Accenture plc,131.13,2026-07-01T23:55:09.203432+00:00,False,+11.0%,True,$80244.0M,False,+8.9%,True,7485.4K,False,$131.13 / SMA $167.55,True,4.45%,False,+5.6%,False,610.8M,True,NYQ,False,
ACTG,Acacia Research Corporation,4.7,2026-07-02T00:03:09.416879+00:00,False,+50.6%,True,$454.0M,False,+-164.0%,False,246.6K,False,$4.70 / SMA $4.75,False,2.60%,False,+-56.4%,True,33.8M,True,NMS,False,
ADAM,"Adamas Trust, Inc.",9.28,2026-07-02T00:02:54.455584+00:00,False,+50.6%,True,$833.9M,False,+21.2%,True,825.5K,True,$9.28 / SMA $8.64,False,2.59%,True,+59.3%,True,83.8M,True,NMS,False,
ADCT,ADC Therapeutics SA,1.14,2026-07-02T00:04:44.899619+00:00,False,+46.2%,False,$145.0M,True,+41.7%,True,1838.2K,False,$1.14 / SMA $2.62,True,12.74%,False,+-9.5%,True,100.4M,True,NYQ,False,
ADP,"Automatic Data Processing, Inc.",235.73,2026-07-01T23:55:10.185283+00:00,False,+25.3%,True,$94229.4M,False,+10.5%,True,2969.9K,True,$235.73 / SMA $216.77,False,2.42%,False,+7.0%,False,398.8M,True,NMS,False,
ADUR,Aduro Clean Technologies Inc.,15.54,2026-07-02T00:03:07.129561+00:00,True,+79.0%,True,$550.8M,True,+51.0%,False,449.1K,True,$15.54 / SMA $14.34,True,8.66%,False,+-100.0%,True,22.9M,True,NCM,False,
ADYEY,Adyen N.V.,9.58,2026-07-01T23:55:19.137020+00:00,False,+7.3%,True,$30212.1M,,N/A,True,1859.3K,False,$9.58 / SMA $10.44,False,2.66%,,N/A,False,2821.2M,False,PNK,False,
AEF,"abrdn Emerging Markets ex-China Fund, Inc.",9.26,2026-07-02T00:04:50.549482+00:00,False,+58.8%,True,$376.0M,,N/A,False,178.7K,True,$9.26 / SMA $9.26,True,3.32%,,N/A,,N/A,True,ASE,False,
AEGXF,Aecon Group Inc.,32.0,2026-07-01T23:59:20.621950+00:00,True,+153.0%,True,$2191.0M,False,+-233.3%,False,28.9K,False,$32.00 / SMA $34.00,False,2.72%,False,+-0.8%,True,68.1M,False,PNK,False,
AEP,"American Electric Power Company, Inc.",135.05,2026-07-01T23:55:12.355371+00:00,False,+31.9%,True,$73481.4M,False,+6.7%,True,4452.1K,True,$135.05 / SMA $130.93,False,1.91%,False,+10.2%,False,543.3M,True,NMS,False,
AFFU,Affluence Corporation,0.0075,2026-07-02T00:04:47.325683+00:00,False,+0.0%,False,$0.1M,,N/A,False,123.4K,False,$0.01 / SMA $0.02,True,41.23%,,N/A,True,0.0M,False,OID,False,
AFL,Aflac Incorporated,118.49,2026-07-01T23:55:13.480586+00:00,False,+22.2%,True,$60309.6M,True,+3860.0%,True,2494.6K,True,$118.49 / SMA $115.72,False,1.97%,True,+27.7%,False,504.6M,True,NYQ,False,
AFLYY,Air France-KLM SA,1.44,2026-07-01T23:59:11.896362+00:00,False,+45.5%,True,$3779.1M,False,+-379.4%,False,108.5K,True,$1.44 / SMA $1.24,True,4.25%,False,+-5.1%,False,1143.8M,False,PNK,False,
AGLNF,AGL Energy Limited,5.97,2026-07-01T23:57:37.961784+00:00,False,+9.5%,True,$4016.3M,,N/A,False,0.2K,False,$5.97 / SMA $6.25,False,0.22%,,N/A,False,598.0M,False,PNK,False,
AGNCO,AGNC Investment Corp.,25.1177,2026-07-01T23:55:37.643688+00:00,False,+3.0%,,N/A,,N/A,False,29.6K,False,$25.12 / SMA $25.50,False,0.42%,False,+-246.2%,False,1140.4M,True,NMS,False,
AGRPY,Absa Group Limited,27.54,2026-07-01T23:55:37.678005+00:00,False,+43.2%,True,$11412.3M,,N/A,False,0.5K,False,$27.54 / SMA $28.55,False,0.62%,,N/A,False,413.8M,False,PNK,False,
AHEXY,Adecco Group AG,9.35,2026-07-01T23:59:02.570917+00:00,False,+4.1%,True,$3241.1M,False,+13.9%,False,29.5K,False,$9.35 / SMA $10.37,False,1.38%,False,+1.5%,False,335.4M,False,PNK,False,
AIAGY,Aurubis AG,106.8,2026-07-01T23:55:40.704366+00:00,True,+113.3%,True,$9325.6M,,N/A,False,0.1K,False,$106.80 / SMA $112.80,False,0.51%,False,+21.5%,True,60.3M,False,PNK,False,
AIBGY,AIB Group plc,23.425,2026-07-01T23:55:24.434577+00:00,False,+55.6%,True,$24863.4M,,N/A,False,67.3K,True,$23.43 / SMA $23.10,False,2.73%,,N/A,False,1036.7M,False,PNK,False,
AIBRF,AIB Group plc,11.57,2026-07-01T23:55:24.348480+00:00,False,+57.5%,True,$24560.9M,,N/A,False,3.9K,True,$11.57 / SMA $11.45,False,1.16%,,N/A,False,2073.5M,False,PNK,False,
AIQUF,L'Air Liquide S.A.,198.01,2026-07-01T23:55:08.480894+00:00,False,+11.0%,True,$125908.2M,,N/A,False,0.4K,False,$198.01 / SMA $202.83,False,1.86%,,N/A,False,633.4M,False,PNK,False,
AIR,AAR Corp.,142.76,2026-07-01T23:57:35.533527+00:00,True,+107.9%,True,$5676.7M,True,+784.0%,False,418.3K,True,$142.76 / SMA $118.27,True,3.98%,False,+24.6%,True,38.4M,True,NYQ,False,
AJINF,"Ajinomoto Co., Inc.",36.95,2026-07-01T23:55:22.090318+00:00,True,+82.4%,True,$35319.2M,,N/A,False,2.6K,True,$36.95 / SMA $32.39,False,1.02%,,N/A,False,949.4M,False,PNK,False,
AKKVF,Akastor ASA,1.31,2026-07-02T00:03:07.298698+00:00,False,+59.8%,True,$357.1M,True,+145.1%,False,2.1K,False,$1.31 / SMA $1.63,False,1.10%,True,+139.5%,True,112.2M,False,PNK,False,
AKO.A,AKO.A,,2026-07-01T23:57:37.839886+00:00,False,N/A,False,N/A,False,N/A,False,N/A,False,N/A,False,N/A,False,N/A,False,N/A,False,Unknown,False,No price data available
AKZOF,Akzo Nobel N.V.,67.5,2026-07-01T23:55:41.211441+00:00,False,+19.4%,True,$11562.7M,True,+350.0%,False,0.1K,True,$67.50 / SMA $63.52,False,0.04%,False,+-8.9%,False,153.8M,False,OQX,False,
ALB,Albemarle Corporation,136.08,2026-07-01T23:55:27.661164+00:00,True,+111.8%,True,$16048.5M,,N/A,True,2274.6K,False,$136.08 / SMA $173.16,True,4.76%,True,+32.7%,True,117.6M,True,NYQ,False,
ALBBY,Alibaba Health Information Technology Limited,8.4595,2026-07-01T23:55:46.413666+00:00,False,+8.0%,True,$6820.3M,,N/A,False,0.3K,False,$8.46 / SMA $10.08,False,1.29%,,N/A,False,293.2M,False,PNK,False,
ALBHF,Alibaba Health Information Technology Limited,0.414,2026-07-01T23:55:46.075781+00:00,False,+3.2%,True,$6675.6M,,N/A,False,1.1K,False,$0.41 / SMA $0.50,False,0.95%,,N/A,False,5864.6M,False,PNK,False,
ALFVF,Alfa Laval AB (publ),58.25,2026-07-01T23:55:24.499559+00:00,False,+50.1%,True,$24076.3M,False,+-7.5%,False,0.0K,False,$58.25 / SMA $58.56,False,0.19%,False,+-13.1%,False,290.8M,False,PNK,False,
ALGGY,"Alliance Global Group, Inc.",6.5,2026-07-02T00:01:10.527748+00:00,False,+18.0%,True,$1114.4M,False,+-37.2%,False,0.1K,False,$6.50 / SMA $7.01,False,0.00%,False,+-18.8%,True,31.5M,False,PNK,False,
ALGT,Allegiant Travel Company,119.16,2026-07-01T23:59:21.566860+00:00,True,+180.0%,True,$3202.7M,True,+32.9%,True,623.9K,True,$119.16 / SMA $87.28,True,5.32%,False,+4.8%,True,16.4M,True,NMS,False,
ALMU,"Aeluma, Inc.",20.5,2026-07-02T00:04:46.873031+00:00,True,+100.2%,True,$375.3M,False,+-190.9%,True,1709.7K,False,$20.50 / SMA $23.37,True,11.56%,False,+-2.6%,True,13.6M,True,NCM,False,
ALOVU,"Aldabra 4 Liquidity Opportunity Vehicle, Inc.",10.06,2026-07-02T00:04:50.691354+00:00,False,+1.3%,,N/A,,N/A,False,2.1K,True,$10.06 / SMA $10.04,False,0.35%,,N/A,True,30.0M,True,NGM,False,
ALPKF,"ALPEK, S.A.B. de C.V.",0.7661,2026-07-02T00:01:06.894996+00:00,True,+71.7%,True,$1596.9M,True,+59.1%,False,0.1K,True,$0.77 / SMA $0.67,False,0.00%,False,+-76.5%,False,1966.6M,False,PNK,False,
ALUB,Alussa Energy Acquisition Corp. II,10.06,2026-07-02T00:04:52.768160+00:00,False,+1.6%,True,$361.5M,,N/A,False,21.1K,True,$10.06 / SMA $10.02,False,0.04%,,N/A,True,28.8M,True,NYQ,False,
ALX,"Alexander's, Inc.",278.01,2026-07-02T00:01:09.911271+00:00,False,+38.1%,True,$1419.9M,False,+-62.1%,False,40.5K,True,$278.01 / SMA $251.30,False,2.78%,False,+-2.7%,True,2.1M,True,NYQ,False,
ALZCF,AlzChem Group AG,185.7,2026-07-01T23:59:23.296035+00:00,False,+21.8%,True,$1880.0M,,N/A,False,0.0K,False,$185.70 / SMA $207.23,False,0.00%,,N/A,True,4.8M,False,PNK,False,
AMAL,Amalgamated Financial Corp.,47.04,2026-07-02T00:01:10.490414+00:00,True,+87.2%,True,$1405.0M,False,+3.7%,False,147.6K,True,$47.04 / SMA $42.40,False,2.62%,False,+16.8%,True,20.6M,True,NGM,False,
AMBZ,American Business Bank,73.0,2026-07-02T00:02:59.369299+00:00,False,+64.2%,True,$649.7M,True,+30.1%,False,7.0K,True,$73.00 / SMA $72.31,False,0.44%,False,+17.9%,,N/A,False,OQX,False,
AMD,"Advanced Micro Devices, Inc.",540.88,2026-07-01T23:55:04.592742+00:00,True,+305.2%,True,$881959.2M,True,+90.9%,True,37160.9K,True,$540.88 / SMA $455.71,True,6.25%,True,+37.8%,False,1622.0M,True,NMS,False,
AMPX,"Amprius Technologies, Inc.",13.59,2026-07-01T23:59:20.403289+00:00,True,+246.7%,True,$1924.7M,True,+50.0%,True,8670.1K,False,$13.59 / SMA $17.92,True,9.50%,True,+152.9%,True,131.8M,True,NYQ,False,
AMRC,"Ameresco, Inc.",26.53,2026-07-02T00:01:01.939782+00:00,True,+70.9%,True,$1404.8M,False,+-250.0%,True,604.7K,False,$26.53 / SMA $29.81,True,6.94%,False,+13.8%,True,32.0M,True,NYQ,False,
AMSF,"AMERISAFE, Inc.",34.36,2026-07-02T00:03:02.883706+00:00,False,+16.8%,True,$642.7M,False,+-8.5%,False,237.5K,True,$34.36 / SMA $30.91,False,2.82%,False,+10.3%,True,18.3M,True,NMS,False,
ANDG,ANDG,36.88,2026-07-01T23:57:35.411252+00:00,True,+103.5%,True,$4148.5M,False,+-99.3%,False,281.1K,True,$36.88 / SMA $36.56,True,6.52%,False,+15.7%,True,10.6M,True,NYQ,False,
ANF,Abercrombie & Fitch Co.,92.32,2026-07-01T23:59:01.340809+00:00,False,+41.1%,True,$4101.9M,False,+-7.5%,True,1343.2K,True,$92.32 / SMA $82.13,True,4.52%,False,+1.5%,True,40.0M,True,NYQ,False,
ANGGF,Angang Steel Company Limited,0.15,2026-07-01T23:59:20.303669+00:00,False,+0.0%,True,$1405.4M,False,+-164.4%,False,0.0K,False,$0.15 / SMA $0.20,False,0.00%,False,+-12.2%,False,3439.0M,False,PNK,False,
ANIOY,"Acerinox, S.A.",8.73,2026-07-01T23:57:36.055574+00:00,False,+48.7%,True,$4353.3M,False,+-50.0%,False,1.5K,False,$8.73 / SMA $8.75,False,0.29%,False,+-10.8%,False,356.1M,False,PNK,False,
ANIP,"ANI Pharmaceuticals, Inc.",83.05,2026-07-02T00:00:57.742548+00:00,False,+32.6%,True,$1888.1M,True,+85.5%,False,358.2K,True,$83.05 / SMA $80.78,False,2.97%,False,+20.5%,True,19.4M,True,NGM,False,
ANPDF,ANTA Sports Products Limited,9.119,2026-07-01T23:55:23.025277+00:00,False,+0.2%,True,$25264.2M,,N/A,False,0.3K,False,$9.12 / SMA $9.95,False,0.00%,,N/A,False,1301.3M,False,PNK,False,
ANPMF,Andean Precious Metals Corp.,4.14,2026-07-02T00:02:56.561323+00:00,True,+92.6%,True,$623.5M,True,+220.0%,False,106.4K,False,$4.14 / SMA $4.63,True,7.88%,True,+163.2%,True,58.1M,False,OQX,False,
ANRO,ANRO,24.94,2026-07-02T00:02:56.205550+00:00,True,+1023.4%,True,$875.2M,False,+-42.9%,False,413.2K,True,$24.94 / SMA $22.89,True,8.77%,,N/A,True,23.7M,True,NYQ,False,
ANSCU,Agriculture & Natural Solutions Acquisition Corporation,11.49,2026-07-02T00:03:08.003810+00:00,False,+6.7%,,N/A,,N/A,False,0.6K,False,$11.49 / SMA $11.50,True,5.28%,,N/A,True,32.9M,True,NGM,False,
APEI,"American Public Education, Inc.",55.86,2026-07-02T00:01:17.501894+00:00,True,+101.4%,True,$1024.7M,True,+129.3%,False,255.5K,True,$55.86 / SMA $54.09,True,4.05%,False,+6.2%,True,14.2M,True,NMS,False,
APNHY,Aspen Pharmacare Holdings Limited,9.41,2026-07-01T23:58:56.329440+00:00,True,+79.6%,True,$4178.3M,,N/A,False,0.2K,True,$9.41 / SMA $8.62,False,0.00%,,N/A,False,366.6M,False,PNK,False,
APO,"Apollo Global Management, Inc.",118.44,2026-07-01T23:55:11.920825+00:00,False,+19.0%,True,$68282.7M,False,+-580.9%,True,4089.5K,False,$118.44 / SMA $128.78,True,3.39%,False,+-9.0%,False,450.8M,True,NYQ,False,
ARCIU,Archimedes Tech SPAC Partners III Co.,10.26,2026-07-02T00:04:53.749739+00:00,False,+2.7%,,N/A,,N/A,False,9.6K,True,$10.26 / SMA $10.08,False,0.34%,,N/A,True,26.8M,True,NGM,False,
ARGGY,Aston Martin Lagonda Global Holdings plc,0.5178,2026-07-02T00:03:00.194137+00:00,False,+17.1%,True,$524.4M,True,+27.2%,False,57.0K,False,$0.52 / SMA $0.58,True,7.27%,False,+15.6%,False,348.4M,False,PNK,False,
ARKO,Arko Corp.,8.16,2026-07-02T00:02:52.911590+00:00,True,+119.9%,True,$915.4M,True,+41.7%,True,965.9K,True,$8.16 / SMA $7.32,True,4.90%,False,+-3.1%,True,55.9M,True,NCM,False,
AROC,"Archrock, Inc.",38.76,2026-07-01T23:57:24.203139+00:00,True,+83.1%,True,$6793.1M,False,+2.5%,True,1871.0K,True,$38.76 / SMA $37.06,True,3.57%,False,+7.7%,False,170.5M,True,NYQ,False,
ARWR,"Arrowhead Pharmaceuticals, Inc.",80.44,2026-07-01T23:55:39.828339+00:00,True,+462.5%,True,$11330.5M,False,+-133.8%,True,2035.0K,True,$80.44 / SMA $76.20,True,5.40%,False,+-86.4%,True,122.8M,True,NMS,False,
ASBRF,"Asahi Group Holdings, Ltd.",9.75,2026-07-01T23:55:32.634376+00:00,False,+10.4%,True,$14263.0M,,N/A,False,1.4K,True,$9.75 / SMA $9.67,False,0.47%,,N/A,,N/A,False,PNK,False,
ASC,Ardmore Shipping Corporation,14.25,2026-07-02T00:02:55.797760+00:00,False,+46.3%,True,$581.4M,True,+314.3%,True,671.9K,False,$14.25 / SMA $17.04,True,4.51%,False,+18.8%,True,34.5M,True,NYQ,False,
ASIX,AdvanSix Inc.,19.85,2026-07-02T00:03:01.760568+00:00,False,+40.8%,True,$535.1M,False,+-167.4%,False,305.9K,False,$19.85 / SMA $22.06,True,3.87%,False,+7.0%,True,24.4M,True,NYQ,False,
ASMXF,ASM International NV,1123.0,2026-07-01T23:55:15.467074+00:00,True,+139.0%,True,$54899.1M,False,+6.1%,False,0.5K,True,$1123.00 / SMA $1053.29,False,1.06%,False,+6.6%,True,46.6M,False,OID,False,
ASRRF,ASRRF,73.97,2026-07-01T23:55:31.633447+00:00,False,+52.7%,True,$15131.2M,,N/A,False,0.1K,True,$73.97 / SMA $72.38,False,0.00%,,N/A,False,192.9M,False,PNK,False,
ASTE,"Astec Industries, Inc.",60.12,2026-07-02T00:01:13.005535+00:00,False,+59.0%,True,$1382.3M,False,+-90.3%,False,215.4K,True,$60.12 / SMA $54.38,True,3.97%,False,+20.3%,True,22.6M,True,NMS,False,
ATEAY,Atea ASA,9.32,2026-07-02T00:00:57.765366+00:00,False,+39.1%,True,$2077.1M,True,+59.9%,False,0.4K,True,$9.32 / SMA $8.74,False,0.33%,False,+-9.0%,True,140.1M,False,PNK,False,
ATEN,"A10 Networks, Inc.",38.0,2026-07-01T23:59:21.960314+00:00,True,+130.0%,True,$2735.9M,True,+30.8%,True,1142.8K,True,$38.00 / SMA $30.21,True,4.54%,False,+13.4%,True,70.6M,True,NYQ,False,
ATGFF,AltaGas Ltd.,36.81,2026-07-01T23:55:36.355119+00:00,False,+34.7%,True,$11468.5M,,N/A,False,68.5K,False,$36.81 / SMA $38.09,False,0.51%,False,+21.8%,False,309.2M,False,OQX,False,
ATR,"AptarGroup, Inc.",125.25,2026-07-01T23:55:47.864892+00:00,False,+21.3%,True,$7993.5M,False,+-4.3%,True,504.3K,True,$125.25 / SMA $119.26,False,2.55%,False,+10.8%,True,63.2M,True,NYQ,False,
AUCTF,Aucnet Inc.,7.64,2026-07-02T00:02:56.611156+00:00,True,+70.6%,True,$693.1M,,N/A,False,0.0K,True,$7.64 / SMA $-11.34,,N/A,,N/A,True,68.3M,False,PNK,False,
AUMTF,Aurelia Metals Limited,0.2185,2026-07-02T00:04:52.620794+00:00,True,+84.9%,True,$370.0M,,N/A,False,13.3K,True,$0.22 / SMA $0.21,True,3.97%,,N/A,False,1150.7M,False,PNK,False,
AVBH,"Avidbank Holdings, Inc.",33.51,2026-07-02T00:04:57.509505+00:00,False,+65.4%,True,$367.1M,False,+18.3%,False,107.9K,True,$33.51 / SMA $30.81,False,2.28%,True,+36.3%,True,6.6M,True,NMS,False,
AVEX,AEVEX Corp.,19.63,2026-07-01T23:59:13.332675+00:00,False,+30.3%,True,$1108.5M,,N/A,True,3049.3K,False,$19.63 / SMA $25.67,True,10.76%,,N/A,True,26.9M,True,NYQ,False,
AVPT,"AvePoint, Inc.",11.44,2026-07-01T23:59:21.123838+00:00,False,+29.5%,True,$2425.5M,True,+250.0%,True,2117.9K,True,$11.44 / SMA $10.45,True,4.46%,True,+26.0%,True,142.6M,True,NMS,False,
AVR,Anteris Technologies Global Corp.,9.94,2026-07-02T00:02:50.353822+00:00,True,+248.8%,True,$967.6M,,N/A,True,1093.6K,True,$9.94 / SMA $8.14,True,6.78%,,N/A,True,60.3M,True,NGM,True,
AVTR,"Avantor, Inc.",10.01,2026-07-01T23:57:28.963472+00:00,False,+37.8%,True,$6834.4M,False,+-33.3%,True,9520.8K,True,$10.01 / SMA $8.76,True,4.39%,False,+0.0%,False,664.3M,True,NYQ,False,
AVVOF,AVVOF,34.424,2026-07-02T00:00:56.719311+00:00,False,+13.8%,True,$1576.7M,,N/A,False,0.2K,False,$34.42 / SMA $39.72,False,1.03%,,N/A,True,37.6M,False,PNK,False,
AVVSY,AVVSY,8.91,2026-07-02T00:00:58.231603+00:00,False,+25.3%,True,$1632.4M,,N/A,False,13.4K,False,$8.91 / SMA $9.98,False,2.94%,,N/A,False,150.3M,False,PNK,False,
AWF,AllianceBernstein Global High Income Fund,10.31,2026-07-02T00:02:51.999879+00:00,False,+4.7%,True,$889.0M,,N/A,False,401.2K,True,$10.31 / SMA $10.18,False,0.69%,,N/A,,N/A,True,NYQ,False,
AWP,abrdn Global Premier Properties Fund,11.77,2026-07-02T00:04:53.222963+00:00,False,+10.4%,True,$360.5M,,N/A,False,116.5K,True,$11.77 / SMA $11.57,False,1.25%,,N/A,,N/A,True,NYQ,False,
AXAHF,AXA SA,50.75,2026-07-01T23:55:09.628621+00:00,False,+18.0%,True,$103236.8M,,N/A,False,6.7K,True,$50.75 / SMA $47.56,False,0.37%,,N/A,False,1539.7M,False,OQX,False,
AZBLY,AZBLY,18.41,2026-07-01T23:57:29.628340+00:00,False,+12.0%,True,$9275.6M,,N/A,False,0.1K,True,$18.41 / SMA_short $18.41,,N/A,,N/A,False,238.0M,False,PNK,False,
AZLGF,Azelis Group NV,11.622,2026-07-01T23:59:13.830076+00:00,False,+32.9%,True,$2828.6M,,N/A,False,0.3K,False,$11.62 / SMA $11.66,False,0.04%,,N/A,False,198.1M,False,PNK,False,
BABWF,International Consolidated Airlines Group S.A.,6.15,2026-07-01T23:55:26.071656+00:00,False,+34.6%,True,$27239.2M,True,+78.4%,False,2.7K,True,$6.15 / SMA $5.41,False,0.10%,False,+1.9%,False,3168.7M,False,PNK,False,
BACRP,Bank of America Corporation PFD SER B 7%,198.77,2026-07-01T23:55:05.053940+00:00,False,+9.8%,,N/A,,N/A,False,0.0K,True,$198.77 / SMA $196.54,False,0.00%,False,+7.2%,,N/A,False,PNK,False,
BAFBF,Balfour Beatty plc,11.2,2026-07-01T23:57:28.640223+00:00,False,+61.2%,True,$5309.5M,,N/A,False,0.1K,True,$11.20 / SMA $10.99,False,0.14%,,N/A,False,476.5M,False,PNK,False,
BAH,Booz Allen Hamilton Holding Corporation,60.01,2026-07-01T23:55:42.178126+00:00,False,+0.9%,True,$7197.2M,False,+10.5%,True,1884.2K,False,$60.01 / SMA $74.23,True,4.01%,False,+-6.4%,True,118.2M,True,NYQ,False,
BANR,Banner Corporation,67.83,2026-07-01T23:59:21.077381+00:00,False,+18.9%,True,$2305.2M,False,+23.1%,False,252.9K,True,$67.83 / SMA $65.34,False,2.08%,False,+6.0%,True,33.2M,True,NMS,False,
BASFY,BASF SE,13.28,2026-07-01T23:55:14.483209+00:00,False,+11.3%,True,$46975.4M,,N/A,False,201.2K,False,$13.28 / SMA $14.73,False,1.36%,False,+1.0%,,N/A,False,OQX,False,
BAYRY,Bayer Aktiengesellschaft,13.86,2026-07-01T23:55:16.797464+00:00,True,+92.8%,True,$54465.6M,True,+112.9%,True,1493.0K,True,$13.86 / SMA $11.06,False,2.80%,False,+-2.4%,False,3929.7M,False,OQX,False,
BBD,Banco Bradesco S.A.,3.48,2026-07-01T23:55:19.438218+00:00,False,+27.5%,True,$36786.1M,False,+-6.0%,True,32095.6K,False,$3.48 / SMA $3.57,False,2.77%,False,+9.2%,False,7474.8M,True,NYQ,False,
BCAL,California BanCorp,21.17,2026-07-02T00:03:01.296957+00:00,False,+45.4%,True,$680.9M,False,+-19.2%,False,206.4K,True,$21.17 / SMA $19.19,False,2.22%,False,+-1.3%,True,22.7M,True,NCM,False,
BCAUF,BCAUF,0.34,2026-07-02T00:00:58.709004+00:00,False,+0.0%,,N/A,,N/A,False,0.5K,False,$0.34 / SMA_short $0.39,False,0.00%,,N/A,,N/A,False,PNK,False,
BCC,Boise Cascade Company,75.48,2026-07-01T23:59:19.529607+00:00,False,+16.1%,True,$2656.1M,False,+-52.8%,False,426.3K,True,$75.48 / SMA $72.81,True,3.65%,False,+-2.5%,True,34.7M,True,NYQ,False,
BCML,BayCom Corp,33.84,2026-07-02T00:04:56.048624+00:00,False,+28.6%,True,$369.2M,True,+47.1%,False,71.9K,True,$33.84 / SMA $30.75,False,2.49%,False,+11.3%,True,10.1M,True,NMS,False,
BCUCY,Brunello Cucinelli S.p.A.,9.4,2026-07-01T23:57:24.399356+00:00,False,+19.5%,True,$6392.0M,,N/A,False,63.6K,False,$9.40 / SMA $9.66,True,4.24%,,N/A,False,339.7M,False,PNK,False,
BCX,Blackrock Resources & Commodities Strategy Trust,11.26,2026-07-02T00:02:52.918061+00:00,False,+19.8%,True,$858.4M,,N/A,False,203.6K,False,$11.26 / SMA $11.83,False,2.35%,,N/A,,N/A,True,NYQ,False,
BDWBF,Budweiser Brewing Company APAC Limited,0.813,2026-07-01T23:55:35.011668+00:00,False,+4.1%,True,$10755.8M,,N/A,False,5.7K,False,$0.81 / SMA $0.91,False,0.69%,,N/A,False,1655.7M,False,PNK,False,
BELGF,Bellevue Gold Limited,0.862,2026-07-02T00:01:03.984584+00:00,True,+70.8%,True,$1284.9M,,N/A,False,10.0K,False,$0.86 / SMA $1.07,True,3.13%,,N/A,False,1288.6M,False,PNK,False,
BETR,Better Home & Finance Holding Company,30.19,2026-07-02T00:03:07.508885+00:00,True,+146.4%,True,$569.7M,False,+-28.9%,True,525.3K,False,$30.19 / SMA $30.86,True,9.09%,True,+64.5%,True,9.6M,True,NGM,False,
BF.A,BF.A,,2026-07-01T23:55:36.848321+00:00,False,N/A,False,N/A,False,N/A,False,N/A,False,N/A,False,N/A,False,N/A,False,N/A,False,Unknown,False,No price data available
BFCC,BankFirst Capital Corporation,62.48,2026-07-02T00:04:56.506882+00:00,False,+55.2%,True,$332.0M,False,+18.2%,False,1.4K,False,$62.48 / SMA $62.61,False,0.75%,False,+18.6%,,N/A,False,OQX,False,
BFSAF,Befesa S.A.,40.7,2026-07-02T00:01:03.515874+00:00,False,+60.6%,True,$1628.0M,,N/A,False,0.2K,True,$40.70 / SMA $37.33,False,0.27%,False,+-12.0%,True,35.7M,False,PNK,False,
BGAOF,Proximus PLC,6.6,2026-07-01T23:59:19.129403+00:00,False,+1.1%,True,$2132.2M,False,+-10.3%,False,0.2K,False,$6.60 / SMA $7.73,False,0.26%,,N/A,True,142.1M,False,PNK,False,
BGC,"BGC Group, Inc.",10.87,2026-07-01T23:57:30.016256+00:00,False,+31.4%,True,$5207.3M,True,+54.5%,True,3431.1K,False,$10.87 / SMA $11.21,True,4.10%,True,+44.8%,False,366.6M,True,NMS,False,
BHC,Bausch Health Companies Inc.,4.77,2026-07-01T23:59:22.477623+00:00,False,+4.4%,True,$1781.5M,False,+-2287.5%,True,2092.8K,False,$4.77 / SMA $5.29,True,5.49%,False,+11.7%,False,260.0M,True,NYQ,False,
BHFAM,"Brighthouse Financial, Inc.",10.59,2026-07-01T23:58:57.670218+00:00,False,+3.7%,,N/A,,N/A,False,42.9K,False,$10.59 / SMA $10.97,False,1.48%,False,+-37.1%,True,56.6M,True,NMS,False,
BHP,BHP Group Limited,82.22,2026-07-01T23:55:06.137119+00:00,False,+67.6%,True,$208867.2M,,N/A,True,2678.1K,False,$82.22 / SMA $84.56,False,2.29%,,N/A,False,2462.3M,True,NYQ,False,
BIRK,Birkenstock Holding plc,44.03,2026-07-01T23:55:46.937253+00:00,False,+41.5%,True,$8097.4M,False,+-19.6%,True,2574.5K,True,$44.03 / SMA $41.24,True,4.75%,False,+7.7%,True,55.4M,True,NYQ,False,
BIT,BlackRock Multi-Sector Income Trust,12.48,2026-07-02T00:03:04.950367+00:00,False,+2.2%,True,$712.1M,,N/A,False,282.9K,True,$12.48 / SMA $12.43,False,0.82%,,N/A,,N/A,True,NYQ,False,
BKFKF,P/F Bakkafrost,41.678,2026-07-01T23:59:14.279077+00:00,False,+2.2%,True,$2468.3M,False,+-35.7%,False,0.1K,False,$41.68 / SMA $45.59,False,0.00%,True,+43.8%,True,41.1M,False,PNK,False,
BKGFY,The Berkeley Group Holdings plc,9.32,2026-07-01T23:57:36.548702+00:00,False,+15.2%,True,$4296.8M,,N/A,False,152.0K,True,$9.32 / SMA $9.08,False,1.88%,,N/A,False,454.7M,False,PNK,False,
BKKLY,Bangkok Bank Public Company Limited,28.69,2026-07-01T23:55:41.247364+00:00,False,+33.9%,True,$10952.9M,False,+-12.9%,False,7.7K,True,$28.69 / SMA $26.61,False,2.22%,False,+-9.9%,False,1674.6M,False,PNK,False,
BKV,BKV Corporation,27.2,2026-07-01T23:59:12.462294+00:00,False,+39.1%,True,$2975.3M,True,+145.2%,True,859.6K,False,$27.20 / SMA $27.53,True,3.96%,True,+38.2%,True,31.2M,True,NYQ,False,
BL,"BlackLine, Inc.",29.45,2026-07-02T00:01:01.768564+00:00,False,+19.2%,True,$1727.6M,True,+30.0%,True,1299.5K,True,$29.45 / SMA $29.03,True,5.32%,False,+9.7%,True,44.9M,True,NMS,False,
BLD,TopBuild Corp.,354.53,2026-07-01T23:55:38.061200+00:00,False,+7.3%,True,$9935.6M,False,+-11.8%,True,934.2K,False,$354.53 / SMA $421.34,False,2.57%,False,+17.2%,True,27.8M,True,NYQ,False,
BLDP,Ballard Power Systems Inc.,3.81,2026-07-02T00:01:02.434488+00:00,True,+136.6%,True,$1148.6M,True,+42.9%,True,8579.0K,False,$3.81 / SMA $4.42,True,9.79%,True,+26.2%,False,270.1M,True,NGM,False,
BLDR,"Builders FirstSource, Inc.",84.77,2026-07-01T23:55:46.487259+00:00,False,+30.2%,True,$9117.8M,False,+-151.2%,True,2635.3K,True,$84.77 / SMA $78.75,True,5.05%,False,+-10.1%,True,104.4M,True,NYQ,False,
BLFBY,BLFBY,23.35,2026-07-01T23:57:30.957208+00:00,True,+85.5%,True,$5534.7M,,N/A,False,1.8K,True,$23.35 / SMA $22.84,False,1.75%,,N/A,False,238.2M,False,PNK,False,
BLMOY,BLMOY,11.3,2026-07-01T23:55:36.175360+00:00,False,+47.0%,True,$13899.0M,,N/A,False,0.4K,True,$11.30 / SMA $10.41,False,0.67%,,N/A,False,1206.5M,False,PNK,False,
BLSFY,BlueScope Steel Limited,113.13,2026-07-01T23:55:42.378836+00:00,True,+73.0%,True,$9911.9M,,N/A,False,0.1K,True,$113.13 / SMA $112.21,False,0.00%,,N/A,True,87.2M,False,PNK,False,
BLZR,Trailblazer Acquisition Corp.,10.11,2026-07-02T00:04:54.809314+00:00,False,+1.1%,True,$347.5M,,N/A,False,36.1K,True,$10.11 / SMA $10.11,False,0.08%,,N/A,True,25.4M,True,NGM,False,
BMBOY,"Grupo Bimbo, S.A.B. de C.V.",13.11,2026-07-01T23:55:33.305309+00:00,False,+23.7%,True,$14106.0M,False,+-24.7%,False,2.2K,False,$13.11 / SMA $13.24,False,0.82%,False,+-9.1%,False,343.2M,False,OQX,False,
BMRC,Bank of Marin Bancorp,28.94,2026-07-02T00:04:45.966233+00:00,False,+32.9%,True,$468.5M,True,+76.7%,False,122.8K,True,$28.94 / SMA $25.99,False,2.94%,True,+26.4%,True,15.2M,True,NMS,False,
BMRN,BioMarin Pharmaceutical Inc.,57.82,2026-07-01T23:55:39.939791+00:00,False,+17.4%,True,$11175.7M,False,+-43.2%,True,2076.7K,True,$57.82 / SMA $54.63,False,2.79%,False,+2.8%,False,192.1M,True,NMS,False,
BNCDY,Banca Mediolanum S.p.A.,49.73,2026-07-01T23:55:30.406464+00:00,False,+51.1%,True,$18383.1M,False,+14.6%,False,4.0K,True,$49.73 / SMA $46.21,False,2.26%,,N/A,True,122.4M,False,PNK,False,
BNCZF,Banco BPM S.p.A.,16.6,2026-07-01T23:55:24.924432+00:00,True,+84.4%,True,$24984.1M,True,+113.1%,False,0.6K,True,$16.60 / SMA $15.70,False,0.00%,,N/A,False,1200.3M,False,PNK,False,
BNDSY,"Banco de Sabadell, S.A.",7.4,2026-07-01T23:55:28.009632+00:00,False,+20.3%,True,$17874.0M,False,+-22.8%,False,8.8K,True,$7.40 / SMA $6.92,True,8.04%,False,+-4.9%,False,2454.2M,False,PNK,False,
BOIRF,Boiron SA,30.0,2026-07-02T00:03:03.626773+00:00,False,+25.0%,True,$520.9M,,N/A,False,0.0K,False,$30.00 / SMA $31.10,False,0.00%,,N/A,True,3.5M,False,PNK,False,
BOMXF,"Bolsa Mexicana de Valores, S.A.B. de C.V.",2.06,2026-07-02T00:01:11.591782+00:00,False,+13.2%,True,$1141.7M,,N/A,False,4.7K,False,$2.06 / SMA $2.14,False,0.43%,,N/A,False,442.9M,False,PNK,False,
BOT,"Robostrategy, Inc.",39.66,2026-07-02T00:03:07.091223+00:00,True,+106.6%,True,$835.7M,,N/A,True,861.0K,True,$39.66 / SMA_short $31.11,True,20.33%,,N/A,,N/A,True,NGM,False,
BOUYY,Bouygues SA,10.82,2026-07-01T23:55:26.386698+00:00,False,+32.1%,True,$20854.4M,,N/A,False,96.6K,False,$10.82 / SMA $11.58,False,1.51%,False,+-20.0%,False,1081.7M,False,PNK,False,
BPZZF,Boston Pizza Royalties Income Fund,16.52,2026-07-02T00:04:51.614858+00:00,False,+26.9%,True,$351.5M,True,+171.4%,False,0.7K,False,$16.52 / SMA $17.36,False,0.37%,False,+3.2%,True,21.3M,False,PNK,False,
BRDNF,BRDNF,4.01,2026-07-02T00:01:07.823524+00:00,False,+2.8%,True,$1391.8M,,N/A,False,0.3K,False,$4.01 / SMA $4.13,False,0.00%,,N/A,False,254.1M,False,PNK,False,
BRK.B,BRK.B,,2026-07-01T23:55:04.752852+00:00,False,N/A,False,N/A,False,N/A,False,N/A,False,N/A,False,N/A,False,N/A,False,N/A,False,Unknown,False,No price data available
BRLAF,British Land Company PLC,5.34,2026-07-01T23:57:29.947636+00:00,False,+27.1%,True,$5470.4M,,N/A,False,0.2K,True,$5.34 / SMA $5.32,False,0.41%,,N/A,False,985.8M,False,PNK,False,
BSTZ,BlackRock Science and Technology Term Trust,30.38,2026-07-01T23:59:22.739962+00:00,False,+50.6%,True,$2088.4M,,N/A,False,233.9K,True,$30.38 / SMA $28.53,True,3.63%,,N/A,,N/A,True,NYQ,False,
BTDR,Bitdeer Technologies Group,15.44,2026-07-01T23:58:58.468465+00:00,True,+123.3%,True,$3756.8M,False,+-44.7%,True,9093.9K,True,$15.44 / SMA $15.24,True,10.34%,True,+169.4%,True,126.5M,True,NCM,False,
BTG,B2Gold Corp.,3.82,2026-07-01T23:57:25.732089+00:00,False,+15.4%,True,$5089.8M,True,+250.0%,True,26746.7K,False,$3.82 / SMA $4.48,True,4.38%,True,+117.7%,False,1254.5M,True,ASE,False,
BTGOF,BT Group plc,2.5,2026-07-01T23:55:22.531368+00:00,False,+14.2%,True,$24634.1M,,N/A,False,11.1K,False,$2.50 / SMA $2.83,False,0.72%,,N/A,False,5044.2M,False,PNK,False,
BTU,Peabody Energy Corporation,22.2,2026-07-01T23:59:14.031786+00:00,False,+63.2%,True,$2704.7M,False,+-200.0%,True,3448.5K,False,$22.20 / SMA $25.77,True,4.97%,False,+3.9%,True,114.4M,True,NYQ,False,
BUDFF,Anheuser-Busch InBev SA/NV,82.27,2026-07-01T23:55:07.150273+00:00,False,+43.3%,True,$159085.3M,False,+20.4%,False,28.6K,True,$82.27 / SMA $79.20,False,0.22%,False,+12.0%,False,970.3M,False,PNK,False,
BURL,"Burlington Stores, Inc.",314.97,2026-07-01T23:55:27.535347+00:00,False,+33.8%,True,$19824.9M,False,+13.3%,True,793.5K,False,$314.97 / SMA $318.78,True,3.59%,False,+14.1%,True,61.8M,True,NYQ,False,
BUSEP,First Busey Corporation,25.94,2026-07-01T23:59:20.028953+00:00,False,+3.8%,,N/A,,N/A,False,18.7K,True,$25.94 / SMA $25.74,False,0.74%,True,+57.0%,True,81.8M,True,NMS,False,
BVRDF,Bureau Veritas SA,29.43,2026-07-01T23:55:34.766740+00:00,False,+0.0%,True,$13069.4M,,N/A,False,0.0K,False,$29.43 / SMA $29.69,False,0.01%,,N/A,False,325.3M,False,PNK,False,
BWAY,BrainsWay Ltd.,15.29,2026-07-02T00:03:01.498516+00:00,True,+169.4%,True,$613.6M,True,+200.0%,False,135.5K,False,$15.29 / SMA $15.37,True,4.34%,True,+34.6%,True,26.6M,True,NGM,False,
BWXT,"BWX Technologies, Inc.",191.25,2026-07-01T23:55:28.961508+00:00,False,+42.9%,True,$17521.3M,False,+20.7%,True,1027.2K,False,$191.25 / SMA $202.89,True,3.87%,True,+26.1%,True,91.2M,True,NYQ,False,
BYCBF,Barry Callebaut AG,1387.89,2026-07-01T23:55:45.464307+00:00,False,+32.8%,True,$7609.4M,,N/A,False,0.0K,False,$1387.89 / SMA $1465.40,False,0.00%,,N/A,True,3.8M,False,PNK,False,
BYCRF,"Baycurrent, Inc.",32.96,2026-07-01T23:57:28.628023+00:00,False,+17.0%,True,$4940.4M,,N/A,False,0.0K,False,$32.96 / SMA $34.79,False,0.74%,,N/A,True,136.3M,False,PNK,False,
BYDDF,BYD Company Limited,9.87,2026-07-01T23:55:08.950325+00:00,False,+6.7%,True,$89986.7M,,N/A,False,250.8K,False,$9.87 / SMA $11.77,True,3.33%,False,+-45.3%,False,6021.6M,False,PNK,False,
BZLFF,Bunzl plc,27.6,2026-07-01T23:55:40.957123+00:00,False,+5.8%,True,$8861.6M,,N/A,False,0.1K,False,$27.60 / SMA $30.66,False,0.00%,,N/A,False,316.1M,False,PNK,False,
CADNF,Cascades Inc.,8.23,2026-07-02T00:02:55.506827+00:00,False,+25.8%,True,$833.8M,True,+392.3%,False,8.5K,True,$8.23 / SMA $7.80,False,0.01%,True,+7424.8%,True,72.1M,False,PNK,False,
CAJFF,Canon Inc.,25.55,2026-07-01T23:55:24.170791+00:00,False,+8.0%,True,$21826.5M,,N/A,False,1.9K,False,$25.55 / SMA $26.24,True,3.51%,,N/A,False,839.7M,False,PNK,False,
CAL,"Caleres, Inc.",12.39,2026-07-02T00:03:09.124958+00:00,False,+40.8%,True,$416.2M,True,+100.0%,True,665.2K,False,$12.39 / SMA $13.11,True,7.24%,False,+8.5%,True,31.8M,True,NYQ,False,
CALM,"Cal-Maine Foods, Inc.",80.45,2026-07-01T23:58:55.870613+00:00,False,+11.9%,True,$3811.4M,False,+-89.8%,True,791.5K,True,$80.45 / SMA $77.24,False,2.86%,False,+-53.0%,True,42.7M,True,NMS,False,
CALX,"Calix, Inc.",37.09,2026-07-01T23:59:18.503804+00:00,False,+6.4%,True,$2365.7M,True,+328.6%,True,1082.0K,False,$37.09 / SMA $40.06,True,3.67%,True,+27.1%,True,57.7M,True,NYQ,False,
CAOVF,China Overseas Land & Investment Limited,2.05,2026-07-01T23:55:25.902335+00:00,False,+56.5%,True,$22437.0M,,N/A,False,0.4K,True,$2.05 / SMA $1.92,False,0.00%,,N/A,False,3703.4M,False,PNK,False,
CAOVY,China Overseas Land & Investment Limited,8.15,2026-07-01T23:55:26.355218+00:00,False,+15.9%,True,$17840.2M,,N/A,False,5.9K,False,$8.15 / SMA $9.19,True,6.95%,,N/A,False,740.7M,False,PNK,False,
CAPMF,Capgemini SE,97.25,2026-07-01T23:55:27.411041+00:00,False,+0.0%,True,$16174.3M,,N/A,False,2.0K,False,$97.25 / SMA $116.60,True,5.21%,,N/A,False,169.4M,False,PNK,False,
CBGPY,Close Brothers Group plc,11.16,2026-07-02T00:02:49.812575+00:00,False,+23.5%,True,$840.9M,,N/A,False,0.1K,False,$11.16 / SMA $12.25,False,0.16%,,N/A,True,73.2M,False,PNK,False,
CBIO,"Crescent Biopharma, Inc.",17.08,2026-07-02T00:03:03.146049+00:00,True,+95.9%,True,$471.0M,False,+9.9%,False,317.8K,False,$17.08 / SMA $19.49,True,8.12%,,N/A,True,14.1M,True,NCM,False,
CBRS,Cerebras Systems Inc.,221.27,2026-07-01T23:55:13.860656+00:00,False,+37.6%,True,$49310.1M,,N/A,True,8915.5K,False,$221.27 / SMA_short $234.94,True,12.10%,,N/A,True,79.4M,True,NMS,False,
CBUMF,China National Building Material Company Limited,0.687,2026-07-01T23:57:32.307829+00:00,False,+28.7%,True,$5216.4M,,N/A,False,6.9K,True,$0.69 / SMA $0.64,True,3.18%,,N/A,False,3532.4M,False,PNK,False,
CCB,Coastal Financial Corporation,79.84,2026-07-02T00:01:14.807643+00:00,False,+20.1%,True,$1217.5M,False,+23.8%,False,142.4K,True,$79.84 / SMA $73.64,False,3.00%,False,+4.2%,True,13.2M,True,NMS,False,
CCC,CCC Intelligent Solutions Holdings Inc.,5.38,2026-07-01T23:59:17.086251+00:00,False,+31.9%,True,$3157.7M,True,+200.0%,True,11075.8K,True,$5.38 / SMA $4.79,True,5.89%,False,+14.1%,False,538.9M,True,NMS,False,
CCD,Calamos Dynamic Convertible and Income Fund,25.86,2026-07-02T00:02:57.909515+00:00,False,+29.4%,True,$739.2M,,N/A,False,94.4K,True,$25.86 / SMA $24.66,False,2.61%,,N/A,,N/A,True,NGM,False,
CCNE,CNB Financial Corporation,34.32,2026-07-02T00:02:50.885809+00:00,False,+58.7%,True,$1016.9M,True,+76.6%,False,159.4K,True,$34.32 / SMA $31.21,True,3.00%,True,+46.7%,True,28.5M,True,NMS,False,
CCO,"Clear Channel Outdoor Holdings, Inc.",2.41,2026-07-02T00:01:10.682603+00:00,True,+141.0%,True,$1226.7M,False,+-176.9%,True,6968.9K,True,$2.41 / SMA $2.40,False,0.64%,False,+11.9%,False,383.9M,True,NYQ,False,
CCOEY,"Capcom Co., Ltd.",9.59,2026-07-01T23:55:45.119435+00:00,False,+11.1%,True,$8023.2M,,N/A,False,158.4K,False,$9.59 / SMA $9.78,False,1.64%,,N/A,False,660.9M,False,PNK,False,
CCOHF,China State Construction International Holdings Limited,1.3,2026-07-01T23:57:24.563030+00:00,False,+47.7%,True,$6866.9M,,N/A,False,0.1K,True,$1.30 / SMA $1.17,False,0.00%,,N/A,False,2016.4M,False,PNK,False,
CCORF,Canaccord Genuity Group Inc.,9.83,2026-07-02T00:01:17.289038+00:00,False,+53.6%,True,$987.9M,,N/A,False,28.2K,True,$9.83 / SMA $9.33,False,1.40%,True,+33.5%,True,64.2M,False,PNK,False,
CCOZY,China Coal Energy Company Limited,30.5,2026-07-01T23:55:22.993252+00:00,False,+29.8%,True,$20219.5M,,N/A,False,0.0K,False,$30.50 / SMA $32.74,False,0.00%,,N/A,False,244.2M,False,PNK,False,
CD,Chaince Digital Holdings Inc.,4.15,2026-07-02T00:03:02.662641+00:00,True,+200.7%,True,$329.7M,,N/A,False,227.4K,False,$4.15 / SMA $6.17,True,16.03%,,N/A,True,56.7M,True,NGM,False,
CDEVY,City Developments Limited,6.46,2026-07-01T23:57:27.379276+00:00,False,+66.9%,True,$5771.4M,,N/A,False,1.6K,True,$6.46 / SMA $6.43,False,2.36%,,N/A,False,364.4M,False,PNK,False,
CDNAF,"Canadian Tire Corporation, Limited",137.61,2026-07-01T23:57:22.158800+00:00,False,+33.8%,True,$7240.1M,,N/A,False,20.9K,True,$137.61 / SMA $133.00,False,0.91%,False,+-20.8%,True,48.6M,False,PNK,False,
CDNL,Cardinal Infrastructure Group Inc.,86.0,2026-07-01T23:59:22.082896+00:00,True,+291.3%,True,$1659.5M,False,+-44.5%,True,574.1K,True,$86.00 / SMA $61.08,True,9.33%,True,+104.8%,True,14.0M,True,NMS,False,
CDPYF,Canadian Apartment Properties Real Estate Investment Trust,24.61,2026-07-01T23:57:38.891074+00:00,False,+2.5%,True,$3806.2M,False,+-2497.4%,False,31.0K,False,$24.61 / SMA $25.34,False,0.92%,False,+-2.1%,False,152.8M,False,PNK,False,
CEG,Constellation Energy Corporation,236.5,2026-07-01T23:55:09.281658+00:00,False,+3.4%,True,$84454.6M,True,+1081.6%,True,3540.0K,False,$236.50 / SMA $279.43,True,3.85%,True,+63.8%,False,337.7M,True,NMS,False,
CEPU,Central Puerto S.A.,14.5,2026-07-01T23:59:20.551075+00:00,True,+95.2%,True,$2174.8M,True,+127.1%,False,341.6K,False,$14.50 / SMA $14.79,True,4.17%,True,+63.1%,True,89.0M,True,NYQ,False,
CERT,"Certara, Inc.",6.73,2026-07-02T00:02:53.878085+00:00,False,+51.2%,True,$1046.9M,False,+-300.0%,True,4065.8K,True,$6.73 / SMA $5.63,True,7.12%,False,+0.9%,True,107.3M,True,NMS,False,
CF,"CF Industries Holdings, Inc.",108.16,2026-07-01T23:55:28.914892+00:00,False,+43.4%,True,$16616.5M,True,+115.1%,True,3221.2K,False,$108.16 / SMA $116.04,True,3.35%,False,+19.4%,False,152.6M,True,NYQ,False,
CG,The Carlyle Group Inc.,42.33,2026-07-01T23:55:31.160717+00:00,False,+6.9%,True,$15237.7M,False,+-205.7%,True,3584.9K,False,$42.33 / SMA $46.14,True,3.81%,False,+-47.1%,False,261.7M,True,NMS,False,
CGAU,Centerra Gold Inc.,15.54,2026-07-01T23:59:06.607660+00:00,True,+131.6%,True,$3086.2M,True,+200.0%,True,1607.5K,False,$15.54 / SMA $17.03,True,4.52%,True,+61.8%,False,198.1M,True,NYQ,False,
CGEM,"Cullinan Therapeutics, Inc.",17.28,2026-07-02T00:02:53.211549+00:00,True,+204.2%,True,$1062.0M,False,+-1.4%,True,1089.2K,True,$17.28 / SMA $14.94,True,8.70%,,N/A,True,44.3M,True,NMS,False,
CGHOF,China Gas Holdings Limited,1.16,2026-07-01T23:57:30.954604+00:00,False,+30.3%,True,$6319.9M,,N/A,False,0.1K,True,$1.16 / SMA $0.95,False,0.00%,,N/A,False,2554.1M,False,PNK,False,
CGIFF,Chemtrade Logistics Income Fund,11.09,2026-07-02T00:01:07.722437+00:00,False,+38.6%,True,$1236.1M,False,+-23.3%,False,12.8K,False,$11.09 / SMA $11.89,False,0.68%,False,+7.9%,True,110.8M,False,OQX,False,
CGMBF,"China Minsheng Banking Corp., Ltd.",0.45675,2026-07-01T23:55:25.577748+00:00,False,+0.0%,True,$21763.0M,,N/A,False,0.1K,True,$0.46 / SMA $0.42,False,0.00%,False,+9.2%,False,31524.2M,False,PNK,False,
CGMLF,Chalice Mining Limited,0.83,2026-07-02T00:04:48.994410+00:00,False,+10.7%,True,$323.3M,,N/A,False,1.1K,False,$0.83 / SMA $1.02,False,1.33%,,N/A,False,351.9M,False,PNK,False,
CGON,"CG Oncology, Inc.",70.89,2026-07-01T23:57:28.132571+00:00,True,+199.7%,True,$6252.7M,False,+-57.8%,True,1097.8K,True,$70.89 / SMA $64.68,True,6.02%,True,+1982.7%,True,65.8M,True,NMS,False,
CGRIF,"Canadian General Investments, Limited",35.89,2026-07-02T00:02:54.997091+00:00,False,+28.1%,,N/A,,N/A,False,0.2K,False,$35.89 / SMA $37.55,False,0.15%,,N/A,,N/A,False,PNK,False,
CHBAY,"The Chiba Bank, Ltd.",75.71,2026-07-01T23:55:40.468720+00:00,False,+61.1%,True,$10488.6M,,N/A,False,0.3K,True,$75.71 / SMA $71.17,False,0.00%,False,+21.4%,True,139.5M,False,PNK,False,
CHCT,Community Healthcare Trust Incorporated,18.38,2026-07-02T00:03:07.069955+00:00,False,+38.9%,True,$525.1M,True,+133.3%,False,192.9K,True,$18.38 / SMA $17.37,False,2.19%,False,+4.8%,True,25.3M,True,NYQ,False,
CHDRY,Christian Dior SE,133.76,2026-07-01T23:55:09.934348+00:00,False,+15.3%,True,$96526.9M,,N/A,False,0.1K,True,$133.76 / SMA $130.42,False,2.42%,,N/A,True,13.7M,False,PNK,False,
CHEAF,China Eastern Airlines Corporation Limited,0.4703,2026-07-01T23:55:31.688168+00:00,False,+37.5%,True,$10387.9M,True,+275.0%,False,0.7K,False,$0.47 / SMA $0.53,False,0.29%,False,+10.9%,False,6041.4M,False,PNK,False,
CHHQF,China Hongqiao Group Limited,2.69,2026-07-01T23:55:17.868096+00:00,False,+19.0%,True,$26414.2M,,N/A,False,15.3K,False,$2.69 / SMA $2.96,True,4.95%,,N/A,False,3713.7M,False,PNK,False,
CHI,Calamos Convertible Opportunities and Income Fund,13.22,2026-07-02T00:01:16.024270+00:00,False,+30.9%,True,$1066.9M,,N/A,False,184.9K,True,$13.22 / SMA $12.44,False,2.13%,,N/A,,N/A,True,NGM,False,
CHPXF,"China Pacific Insurance (Group) Co., Ltd.",5.45,2026-07-01T23:55:16.523161+00:00,False,+49.3%,True,$64183.5M,False,+-6.0%,False,1.3K,True,$5.45 / SMA $4.04,False,0.00%,False,+-1.3%,False,6156.4M,False,PNK,False,
CHSCN,CHS Inc.,24.74,2026-07-02T00:04:55.592314+00:00,False,+0.8%,,N/A,,N/A,False,26.3K,False,$24.74 / SMA $24.82,False,0.73%,,N/A,,N/A,True,NMS,False,
CHY,Calamos Convertible and High Income Fund,13.48,2026-07-02T00:01:15.331221+00:00,False,+29.5%,True,$1082.9M,,N/A,False,204.6K,True,$13.48 / SMA $12.76,False,1.87%,,N/A,,N/A,True,NGM,False,
CHYCF,Chiyoda Corporation,4.13,2026-07-02T00:01:08.423612+00:00,True,+123.2%,True,$1070.3M,,N/A,False,0.0K,False,$4.13 / SMA $5.64,False,0.00%,,N/A,False,165.2M,False,PNK,False,
CI,The Cigna Group,277.07,2026-07-01T23:55:11.964447+00:00,False,+15.7%,True,$73294.0M,True,+29.1%,True,1597.4K,False,$277.07 / SMA $283.53,False,2.19%,False,+4.6%,False,263.2M,True,NYQ,False,
CIBEY,Commercial International Bank Egypt (CIB) S.A.E.,2.65,2026-07-01T23:55:45.929804+00:00,False,+59.6%,True,$8743.1M,False,+7.2%,False,15.1K,True,$2.65 / SMA $2.51,False,2.81%,False,+21.9%,False,2689.2M,False,OQX,False,
CICHY,China Construction Bank Corporation,20.67,2026-07-01T23:55:05.443481+00:00,False,+13.5%,True,$270364.0M,,N/A,False,70.4K,False,$20.67 / SMA $22.19,False,1.36%,False,+16.8%,False,5148.8M,False,PNK,False,
CICOF,"COSCO SHIPPING Holdings Co., Ltd.",1.8,2026-07-01T23:55:20.546508+00:00,False,+13.2%,True,$27482.0M,,N/A,False,3.5K,False,$1.80 / SMA $1.83,False,0.00%,,N/A,False,7220.3M,False,PNK,False,
CII,"BlackRock Enhanced Large Cap Core Fund, Inc.",25.77,2026-07-02T00:01:15.839822+00:00,False,+26.1%,True,$1056.1M,,N/A,False,70.9K,True,$25.77 / SMA $24.53,False,1.89%,,N/A,,N/A,True,NYQ,False,
CILJF,China Life Insurance Company Limited,3.47,2026-07-01T23:55:07.870733+00:00,False,+48.3%,True,$98078.5M,False,+-32.4%,False,13.4K,False,$3.47 / SMA $3.68,False,2.27%,True,+47.3%,False,8941.3M,False,PNK,False,
CINT,CI&T Inc.,3.9,2026-07-02T00:04:45.164098+00:00,False,+23.4%,True,$501.3M,False,+20.0%,False,157.7K,True,$3.90 / SMA $3.84,True,6.08%,False,+23.2%,True,16.8M,True,NYQ,False,
CKHUF,CK Hutchison Holdings Limited,8.625,2026-07-01T23:55:19.638954+00:00,False,+54.3%,True,$33034.1M,,N/A,False,13.5K,True,$8.62 / SMA $8.55,False,0.64%,,N/A,False,2650.5M,False,PNK,False,
CLBK,"Columbia Financial, Inc.",21.27,2026-07-01T23:59:21.988705+00:00,False,+55.7%,True,$2213.3M,True,+44.4%,False,363.3K,True,$21.27 / SMA $19.80,False,2.20%,False,+14.2%,True,26.4M,True,NMS,False,
CLDT,Chatham Lodging Trust,12.97,2026-07-02T00:03:06.779350+00:00,True,+113.3%,True,$636.6M,False,+-1200.0%,False,412.6K,True,$12.97 / SMA $10.82,True,3.03%,False,+-1.6%,True,43.1M,True,NYQ,False,
CLF,Cleveland-Cliffs Inc.,9.42,2026-07-01T23:57:24.804557+00:00,False,+21.9%,True,$5373.3M,True,+58.0%,True,18098.6K,False,$9.42 / SMA $11.44,True,6.32%,False,+6.3%,False,564.4M,True,NYQ,False,
CLFD,"Clearfield, Inc.",38.5,2026-07-02T00:03:02.274166+00:00,False,+62.0%,True,$523.2M,False,+-144.4%,False,304.5K,False,$38.50 / SMA $39.05,True,6.71%,False,+-15.3%,True,10.3M,True,NGM,False,
CLPXY,China Longyuan Power Group Corporation Limited,6.38,2026-07-01T23:55:32.299534+00:00,False,+1.8%,True,$10336.1M,,N/A,False,2.8K,False,$6.38 / SMA $7.85,True,3.56%,False,+-26.6%,False,345.1M,False,PNK,False,
CLRPF,Clarity Pharmaceuticals Ltd,1.531,2026-07-02T00:02:56.395463+00:00,False,+24.3%,True,$571.0M,,N/A,False,12.1K,False,$1.53 / SMA $1.89,True,5.42%,,N/A,False,291.8M,False,PNK,False,
CMTOY,Cementos Argos S.A.,14.0,2026-07-01T23:59:00.000023+00:00,False,+26.1%,True,$3418.2M,False,+-95.3%,False,0.2K,False,$14.00 / SMA $14.79,False,0.34%,False,+-0.8%,,N/A,False,OID,False,
CNA,CNA Financial Corporation,49.64,2026-07-01T23:55:37.292457+00:00,False,+19.5%,True,$13429.2M,False,+-22.0%,True,525.2K,True,$49.64 / SMA $44.97,False,1.95%,False,+1.4%,True,20.5M,True,NYQ,False,
CNC,Centene Corporation,68.35,2026-07-01T23:55:21.947347+00:00,True,+172.5%,True,$33751.0M,False,+18.3%,True,5912.6K,True,$68.35 / SMA $58.04,True,3.68%,False,+7.1%,False,458.8M,True,NYQ,False,
CNDCF,Canadian Banc Corp.,11.5963,2026-07-02T00:03:02.479674+00:00,True,+84.0%,True,$625.1M,,N/A,False,0.7K,True,$11.60 / SMA $10.27,False,0.13%,,N/A,,N/A,False,PNK,False,
CNI,Canadian National Railway Company,119.82,2026-07-01T23:55:12.493606+00:00,False,+32.0%,True,$72682.8M,False,+1.1%,True,1491.7K,True,$119.82 / SMA $114.97,False,1.90%,False,+-0.5%,False,590.6M,True,NYQ,False,
CNM,"Core & Main, Inc.",45.41,2026-07-01T23:55:42.986867+00:00,False,+3.3%,True,$8788.7M,False,+9.6%,True,2608.1K,False,$45.41 / SMA $48.77,True,4.11%,False,+-0.1%,False,186.8M,True,NYQ,False,
CNO,"CNO Financial Group, Inc.",52.07,2026-07-01T23:57:34.616465+00:00,False,+47.8%,True,$4860.7M,True,+200.0%,True,782.4K,True,$52.07 / SMA $47.49,False,1.80%,False,+2.5%,True,90.8M,True,NYQ,False,
CNP,"CenterPoint Energy, Inc.",43.73,2026-07-01T23:55:22.791136+00:00,False,+23.3%,True,$28606.8M,False,+6.7%,True,5493.1K,True,$43.73 / SMA $42.65,False,1.97%,False,+1.9%,False,650.1M,True,NYQ,False,
CNRAF,Vicinity Centres,1.26,2026-07-01T23:55:44.971632+00:00,False,+0.0%,True,$5846.8M,,N/A,False,0.2K,False,$1.26 / SMA $1.82,False,0.00%,,N/A,False,3874.9M,False,PNK,False,
CNSWY,CNSWY,9.63,2026-07-01T23:55:17.238276+00:00,False,+17.4%,True,$40814.9M,True,+170.2%,False,123.0K,False,$9.63 / SMA $9.77,True,8.59%,False,+19.9%,False,4053.2M,False,PNK,False,
COAG,"Hemab Therapeutics Holdings, Inc.",32.5,2026-07-02T00:01:10.994848+00:00,False,+41.3%,True,$1517.9M,,N/A,False,359.1K,True,$32.50 / SMA_short $27.71,True,10.87%,,N/A,True,23.7M,True,NMS,False,
CODGF,Compagnie de Saint-Gobain S.A.,89.65,2026-07-01T23:55:16.861485+00:00,False,+14.9%,True,$43917.7M,,N/A,False,12.1K,True,$89.65 / SMA $88.11,False,0.55%,,N/A,False,452.3M,False,PNK,False,
CON,"Concentra Group Holdings Parent, Inc.",30.77,2026-07-01T23:59:07.860187+00:00,False,+65.9%,True,$3937.4M,True,+30.0%,True,850.4K,True,$30.77 / SMA $25.70,False,2.57%,False,+13.7%,True,114.4M,True,NYQ,False,
COO,"The Cooper Companies, Inc.",71.95,2026-07-01T23:55:36.684889+00:00,False,+22.2%,True,$14032.5M,False,+-190.9%,True,2823.3K,True,$71.95 / SMA $64.13,False,2.67%,False,+7.9%,False,193.7M,True,NMS,False,
COPJF,Amplitude Energy Limited,0.8454,2026-07-02T00:04:49.491214+00:00,True,+8439.4%,False,$253.5M,,N/A,False,0.2K,False,$0.85 / SMA $1.21,False,0.00%,,N/A,False,272.7M,False,PNK,False,
CORZ,"Core Scientific, Inc.",23.71,2026-07-01T23:55:46.407303+00:00,True,+90.9%,True,$7537.1M,False,+-184.8%,True,14111.9K,False,$23.71 / SMA $24.98,True,6.73%,True,+44.9%,False,255.6M,True,NMS,False,
CPAMF,CapitaLand Integrated Commercial Trust,1.85,2026-07-01T23:55:33.799817+00:00,False,+15.6%,True,$14577.5M,,N/A,False,20.9K,True,$1.85 / SMA $1.83,False,0.28%,,N/A,False,5456.5M,False,PNK,False,
CPBLF,ALS Limited,16.112,2026-07-01T23:55:45.979047+00:00,False,+47.1%,True,$9214.5M,,N/A,False,0.0K,True,$16.11 / SMA $15.48,False,0.00%,,N/A,False,491.1M,False,PNK,False,
CPHRF,Cipher Pharmaceuticals Inc.,11.58,2026-07-02T00:05:00.263699+00:00,False,+34.0%,False,$294.0M,True,+140.0%,False,4.0K,False,$11.58 / SMA $12.43,False,0.85%,False,+4.0%,True,13.7M,False,OQX,False,
CPPTL,Copper Property CTL Pass Through Trust,10.8,2026-07-02T00:02:54.176493+00:00,False,+3.8%,,N/A,,N/A,False,22.2K,True,$10.80 / SMA $10.76,False,0.30%,,N/A,,N/A,False,PNK,False,
CPS,Cooper-Standard Holdings Inc.,26.41,2026-07-02T00:03:06.568434+00:00,False,+18.3%,True,$468.9M,False,+-2155.6%,False,171.6K,False,$26.41 / SMA $29.28,True,4.91%,False,+2.9%,True,16.8M,True,NYQ,False,
CRDE,"Cardinal Ethanol, LLC",16007.0,2026-07-02T00:04:59.850553+00:00,False,+6.7%,False,$163.0M,,N/A,False,0.0K,False,$16007.00 / SMA $22155.00,False,0.79%,,N/A,True,0.0M,False,PNK,False,
CREQF,China Rare Earth Holdings Limited,0.0011,2026-07-02T00:04:44.637804+00:00,False,+10.0%,False,$3.1M,,N/A,False,1.6K,False,$0.00 / SMA $0.07,False,0.00%,,N/A,False,1395.0M,False,PNK,False,
CRL,"Charles River Laboratories International, Inc.",229.09,2026-07-01T23:55:47.084622+00:00,False,+58.8%,True,$11034.7M,False,+-160.0%,True,879.0K,True,$229.09 / SMA $179.45,True,4.23%,False,+1.2%,True,47.6M,True,NYQ,False,
CRNZF,Capricorn Energy PLC,4.32,2026-07-02T00:05:02.103786+00:00,True,+76.3%,False,$296.6M,,N/A,False,0.0K,True,$4.32 / SMA $4.23,False,0.00%,,N/A,True,39.6M,False,PNK,False,
CROX,"Crocs, Inc.",124.17,2026-07-01T23:57:29.141940+00:00,False,+69.6%,True,$6170.0M,False,+-4.2%,True,1271.0K,True,$124.17 / SMA $112.61,True,3.63%,False,+-1.7%,True,47.9M,True,NMS,False,
CRSP,CRISPR Therapeutics AG,55.62,2026-07-01T23:57:32.369384+00:00,False,+26.1%,True,$5477.7M,False,+19.0%,True,1728.8K,True,$55.62 / SMA $52.64,True,5.47%,,N/A,True,96.0M,True,NGM,False,
CRSR,"Corsair Gaming, Inc.",9.46,2026-07-02T00:02:53.707593+00:00,True,+111.2%,True,$1011.1M,True,+210.0%,True,2446.5K,True,$9.46 / SMA $8.25,True,6.70%,False,+-4.1%,True,46.6M,True,NMS,False,
CRWD,"CrowdStrike Holdings, Inc.",772.74,2026-07-01T23:55:06.914763+00:00,True,+125.5%,True,$196712.4M,True,+126.2%,True,3412.7K,True,$772.74 / SMA $601.12,True,5.07%,True,+25.6%,False,250.0M,True,NMS,False,
CSGP,"CoStar Group, Inc.",29.36,2026-07-01T23:55:33.989147+00:00,False,+4.2%,True,$11989.3M,True,+125.0%,True,7490.9K,False,$29.36 / SMA $33.11,True,4.83%,False,+22.5%,False,402.8M,True,NMS,False,
CSTM,Constellium SE,30.24,2026-07-01T23:57:34.160808+00:00,True,+131.9%,True,$4117.2M,True,+465.4%,True,2241.8K,False,$30.24 / SMA $33.08,True,4.72%,False,+24.4%,True,124.2M,True,NYQ,False,
CSW,"CSW Industrials, Inc.",273.26,2026-07-01T23:57:33.724808+00:00,False,+18.6%,True,$4459.5M,False,+-23.8%,False,136.3K,False,$273.26 / SMA $276.11,True,3.81%,True,+59.5%,True,16.1M,True,NYQ,False,
CSXXY,CAR Group Limited,33.2,2026-07-01T23:57:23.455253+00:00,False,+18.4%,True,$6289.1M,,N/A,False,0.3K,False,$33.20 / SMA $36.87,False,0.73%,,N/A,False,177.4M,False,PNK,False,
CTATF,CTATF,89.75,2026-07-01T23:55:05.661300+00:00,True,+102.1%,,N/A,,N/A,False,17.9K,True,$89.75 / SMA $88.12,False,1.07%,,N/A,False,2518.2M,False,PNK,False,
CTGO,Contango Silver & Gold Inc.,15.99,2026-07-02T00:03:00.330812+00:00,False,+10.3%,True,$492.0M,True,+55.9%,True,555.6K,False,$15.99 / SMA $20.05,True,6.08%,,N/A,True,25.7M,True,ASE,False,
CTIHY,China Taiping Insurance Holdings Company Limited,68.96,2026-07-01T23:55:42.287245+00:00,True,+165.1%,True,$9913.7M,,N/A,False,0.0K,False,$68.96 / SMA $69.55,False,0.00%,,N/A,True,55.7M,False,PNK,False,
CTRN,"Citi Trends, Inc.",56.32,2026-07-02T00:04:53.264240+00:00,True,+98.0%,True,$469.1M,True,+727.3%,False,154.7K,True,$56.32 / SMA $48.57,True,7.36%,False,+14.4%,True,4.9M,True,NMS,False,
CURR,CURRENC Group Inc.,2.61,2026-07-02T00:04:55.163560+00:00,True,+201.0%,False,$293.1M,,N/A,False,197.5K,False,$2.61 / SMA $3.27,True,10.73%,False,+-21.8%,True,32.0M,True,NGM,False,
CVHSY,Cablevisión Holding S.A.,5.0,2026-07-02T00:01:16.492715+00:00,True,+81.8%,True,$903.2M,True,+523.8%,False,3.3K,True,$5.00 / SMA $4.90,False,0.00%,True,+30.5%,True,121.1M,False,PNK,False,
CWAFF,China Water Affairs Group Limited,0.62,2026-07-02T00:01:15.730573+00:00,False,+0.0%,True,$1012.4M,,N/A,False,0.1K,False,$0.62 / SMA $0.65,False,0.00%,,N/A,False,699.9M,False,PNK,False,
CWK,Cushman & Wakefield Limited,13.84,2026-07-01T23:59:13.826102+00:00,False,+26.5%,True,$3242.7M,False,+-600.0%,True,1873.8K,True,$13.84 / SMA $13.41,True,4.16%,False,+11.0%,False,232.5M,True,NYQ,False,
CZFS,"Citizens Financial Services, Inc.",74.13,2026-07-02T00:05:01.571325+00:00,False,+48.3%,True,$356.2M,True,+36.4%,False,8.1K,True,$74.13 / SMA $65.72,True,3.21%,False,+12.8%,True,4.5M,True,NCM,False,
DAC,Danaos Corporation,123.18,2026-07-01T23:59:19.616370+00:00,False,+47.4%,True,$2242.3M,True,+25.6%,False,87.3K,False,$123.18 / SMA $126.57,False,2.50%,False,+0.2%,True,8.4M,True,NYQ,False,
DAL,"Delta Air Lines, Inc.",93.06,2026-07-01T23:55:15.507380+00:00,True,+92.9%,True,$61139.9M,False,+-218.9%,True,8626.1K,True,$93.06 / SMA $77.53,True,3.04%,False,+12.9%,False,649.0M,True,NYQ,False,
DBD,"Diebold Nixdorf, Incorporated",83.33,2026-07-01T23:59:18.062603+00:00,False,+54.5%,True,$2885.6M,True,+163.6%,False,462.7K,True,$83.33 / SMA $79.81,True,3.38%,False,+6.0%,True,30.1M,True,NYQ,False,
DCNSF,"Daiichi Life Group, Inc.",10.78,2026-07-01T23:55:18.152728+00:00,False,+58.1%,True,$38818.3M,,N/A,False,2.0K,True,$10.78 / SMA $9.99,False,0.00%,,N/A,False,3192.4M,False,PNK,False,
DDS,"Dillard's, Inc.",539.21,2026-07-01T23:55:43.950891+00:00,False,+26.9%,True,$8420.9M,True,+54.4%,False,111.5K,False,$539.21 / SMA $572.39,True,3.93%,False,+2.7%,True,7.3M,True,NYQ,False,
DE,Deere & Company,627.63,2026-07-01T23:55:07.735559+00:00,False,+44.9%,True,$169420.8M,False,+-1.4%,True,1285.4K,True,$627.63 / SMA $575.87,True,3.10%,False,+4.5%,False,269.4M,True,NYQ,False,
DECK,Deckers Outdoor Corporation,100.33,2026-07-01T23:55:32.555360+00:00,False,+27.1%,True,$13933.9M,False,+-4.0%,True,2033.5K,False,$100.33 / SMA $104.94,True,3.39%,False,+9.6%,True,137.7M,True,NYQ,False,
DEO,Diageo plc,78.7,2026-07-01T23:55:15.910948+00:00,False,+8.6%,True,$43749.3M,,N/A,True,1365.3K,False,$78.70 / SMA $81.42,False,1.78%,,N/A,False,9988.3M,True,NYQ,False,
DETRF,Deterra Royalties Limited,3.381,2026-07-02T00:00:59.793838+00:00,False,+38.0%,True,$1790.1M,,N/A,False,25.3K,True,$3.38 / SMA $3.22,False,1.16%,,N/A,False,410.6M,False,PNK,False,
DFYFF,DFYFF,52.0,2026-07-01T23:57:26.224426+00:00,False,+14.2%,True,$6251.2M,False,+-34.2%,False,3.0K,True,$52.00 / SMA $48.82,False,0.00%,True,+52.3%,True,118.9M,False,PNK,False,
DGICA,Donegal Group Inc.,19.24,2026-07-02T00:02:59.770351+00:00,False,+19.4%,True,$712.8M,False,+-56.3%,False,131.1K,True,$19.24 / SMA $17.37,False,2.45%,False,+-3.7%,True,17.6M,True,NMS,False,
DGTCF,Digital Core REIT,0.47,2026-07-02T00:02:58.304019+00:00,False,+4.9%,True,$612.9M,,N/A,False,9.7K,False,$0.47 / SMA $0.50,False,0.52%,,N/A,False,907.2M,False,PNK,False,
DINRF,"SCREEN Holdings Co., Ltd.",66.12,2026-07-01T23:55:35.877851+00:00,True,+74.8%,True,$12502.5M,,N/A,False,0.1K,True,$66.12 / SMA $65.74,False,0.03%,,N/A,False,185.1M,False,PNK,False,
DISPF,Disco Corporation,488.32,2026-07-01T23:55:16.396957+00:00,True,+169.8%,True,$52967.0M,,N/A,False,0.3K,True,$488.32 / SMA $460.12,True,5.67%,,N/A,True,87.4M,False,PNK,False,
DJCO,Daily Journal Corporation,605.6,2026-07-02T00:02:59.668486+00:00,True,+73.7%,True,$834.3M,False,+-177.5%,False,43.3K,True,$605.60 / SMA $519.84,True,4.35%,False,+25.0%,True,1.3M,True,NCM,False,
DKDRF,NewMed Energy - Limited Partnership,5.25,2026-07-01T23:57:21.748332+00:00,False,+18.0%,True,$6162.5M,False,+-100.0%,False,1.1K,False,$5.25 / SMA $5.98,False,0.18%,False,+-43.0%,False,525.8M,False,PNK,False,
DLMAY,DLMAY,14.44,2026-07-01T23:55:19.069091+00:00,False,+44.4%,True,$39100.5M,False,+-88.7%,False,0.6K,True,$14.44 / SMA $13.42,True,4.86%,False,+21.4%,False,2667.4M,False,PNK,False,
DMLP,"Dorchester Minerals, L.P.",25.38,2026-07-02T00:01:08.454771+00:00,False,+21.7%,True,$1224.7M,True,+63.9%,False,170.2K,False,$25.38 / SMA $26.98,False,2.62%,True,+36.4%,True,45.1M,True,NMS,False,
DNBBY,DNB Bank ASA,29.65,2026-07-01T23:55:15.946713+00:00,False,+19.7%,True,$42506.4M,False,+-20.8%,False,67.0K,False,$29.65 / SMA $30.33,False,1.36%,False,+0.4%,False,1452.1M,False,PNK,False,
DNGFF,Dongfang Electric Corporation Limited,2.875,2026-07-01T23:55:28.474036+00:00,True,+161.4%,True,$9942.8M,,N/A,False,0.3K,False,$2.88 / SMA $3.65,False,1.35%,False,+-20.0%,False,1669.2M,False,PNK,False,
DNOW,DNOW Inc.,12.8,2026-07-01T23:59:19.396911+00:00,False,+17.1%,True,$2336.6M,False,+-220.0%,True,3253.7K,False,$12.80 / SMA $13.21,True,3.43%,True,+97.5%,False,179.4M,True,NYQ,False,
DNPUF,"Sumitomo Pharma Co., Ltd.",9.41,2026-07-01T23:57:33.730180+00:00,False,+48.4%,True,$4221.3M,,N/A,False,0.1K,False,$9.41 / SMA $10.38,False,0.07%,,N/A,False,207.8M,False,PNK,False,
DNSKF,Danske Bank A/S,54.75,2026-07-01T23:55:17.471174+00:00,False,+56.4%,True,$44274.2M,False,+1.4%,False,0.1K,True,$54.75 / SMA $51.88,False,0.00%,False,+0.3%,False,640.9M,False,OID,False,
DOCU,"DocuSign, Inc.",46.02,2026-07-01T23:55:41.851371+00:00,False,+14.6%,True,$8787.3M,False,+17.6%,True,3914.4K,False,$46.02 / SMA $46.99,True,4.91%,False,+8.7%,False,189.7M,True,NMS,False,
DOO,BRP Inc.,58.71,2026-07-01T23:57:38.071441+00:00,False,+23.0%,True,$4306.2M,False,+-14.2%,False,465.3K,True,$58.71 / SMA $57.76,True,3.49%,True,+29.5%,True,38.3M,True,NMS,False,
DPMAY,Diploma PLC,23.71,2026-07-01T23:55:35.779033+00:00,False,+50.9%,True,$12717.6M,,N/A,False,38.5K,True,$23.71 / SMA $23.25,True,4.52%,,N/A,False,532.7M,False,PNK,False,
DPZ,"Domino's Pizza, Inc.",304.18,2026-07-01T23:55:40.002986+00:00,False,+7.9%,True,$10117.6M,False,+-4.6%,True,939.0K,False,$304.18 / SMA $316.36,True,3.06%,False,+3.5%,True,30.6M,True,NMS,False,
DQ,Daqo New Energy Corp.,12.7,2026-07-02T00:01:11.136929+00:00,False,+1.9%,True,$859.4M,False,+-22.4%,True,913.3K,False,$12.70 / SMA $17.22,True,5.89%,False,+-78.4%,True,43.2M,True,NYQ,False,
DRDB,Roman DBDR Acquisition Corp. II,10.5375,2026-07-02T00:04:58.360865+00:00,False,+3.0%,True,$323.2M,,N/A,False,128.3K,True,$10.54 / SMA $10.53,False,0.13%,,N/A,True,21.3M,True,NGM,False,
DREUF,Dream Industrial Real Estate Investment Trust,9.93,2026-07-01T23:59:15.720931+00:00,False,+23.8%,True,$2856.4M,True,+31.2%,False,65.2K,False,$9.93 / SMA $10.01,False,0.42%,False,+7.5%,False,279.7M,False,PNK,False,
DRMTY,Dr. Martens plc,1.8,2026-07-02T00:02:51.497299+00:00,False,+0.0%,True,$861.4M,,N/A,False,0.1K,True,$1.80 / SMA_short $1.80,,N/A,,N/A,False,249.7M,False,PNK,False,
DRS,"Leonardo DRS, Inc.",42.685,2026-07-01T23:55:37.177847+00:00,False,+31.6%,True,$11386.7M,False,+21.1%,True,1002.8K,False,$42.69 / SMA $43.90,True,3.95%,False,+5.9%,True,76.1M,True,NMS,False,
DSCSY,Disco Corporation,47.83,2026-07-01T23:55:16.340629+00:00,True,+91.8%,True,$51880.1M,,N/A,False,198.3K,True,$47.83 / SMA $46.35,True,4.79%,,N/A,False,873.7M,False,PNK,False,
DSECF,Daiwa Securities Group Inc.,6.49,2026-07-01T23:55:34.892500+00:00,False,+0.0%,True,$8999.0M,,N/A,False,0.0K,False,$6.49 / SMA $9.11,False,0.20%,,N/A,False,1365.6M,False,PNK,False,
DSGX,The Descartes Systems Group Inc.,70.94,2026-07-01T23:57:25.773427+00:00,False,+13.4%,True,$6078.9M,True,+34.1%,True,566.9K,False,$70.94 / SMA $71.66,True,4.07%,False,+14.7%,True,85.5M,True,NMS,False,
DSITF,Currys plc,2.09,2026-07-01T23:59:22.919962+00:00,False,+43.2%,True,$2169.7M,,N/A,False,0.6K,True,$2.09 / SMA $1.85,False,0.00%,,N/A,False,891.2M,False,PNK,False,
DSKYF,"Daiichi Sankyo Company, Limited",15.7,2026-07-01T23:55:21.075004+00:00,False,+13.4%,True,$28568.6M,,N/A,False,10.7K,False,$15.70 / SMA $16.40,True,4.88%,,N/A,False,1787.8M,False,PNK,False,
DSP,Viant Technology Inc.,13.35,2026-07-02T00:02:57.463843+00:00,False,+64.6%,True,$876.0M,True,+57.1%,False,273.3K,True,$13.35 / SMA $11.41,True,7.14%,True,+25.3%,True,18.0M,True,NMS,False,
DSVSF,Discovery Silver Corp.,5.97,2026-07-01T23:57:31.880927+00:00,True,+200.0%,True,$4840.8M,True,+600.0%,False,421.8K,False,$5.97 / SMA $6.26,True,8.10%,,N/A,False,525.0M,False,OQX,False,
DSX,Diana Shipping Inc.,2.07,2026-07-02T00:04:58.480505+00:00,False,+41.8%,False,$257.5M,True,+2400.0%,True,823.0K,False,$2.07 / SMA $2.44,True,4.09%,False,+-0.4%,True,66.6M,True,NYQ,False,
DTE,DTE Energy Company,150.57,2026-07-01T23:55:21.465435+00:00,False,+19.3%,True,$31322.8M,False,+-44.4%,True,1440.7K,True,$150.57 / SMA $144.77,False,1.74%,False,+15.8%,False,206.9M,True,NYQ,False,
DTLIF,D2L Inc.,7.16,2026-07-02T00:04:55.055770+00:00,False,+32.1%,True,$389.5M,False,+-50.0%,False,1.8K,True,$7.16 / SMA $6.98,False,0.49%,False,+8.1%,True,19.9M,False,PNK,False,
DUOT,"Duos Technologies Group, Inc.",11.5,2026-07-02T00:04:52.720663+00:00,True,+99.1%,True,$361.3M,False,+16.7%,True,690.5K,True,$11.50 / SMA $10.76,True,9.83%,False,+-45.0%,True,24.5M,True,NCM,False,
DV,"DoubleVerify Holdings, Inc.",11.22,2026-07-02T00:01:05.254372+00:00,False,+46.9%,True,$1721.9M,True,+300.0%,True,3119.8K,True,$11.22 / SMA $10.34,True,4.22%,False,+9.6%,True,121.9M,True,NYQ,False,
DVA,DaVita Inc.,228.03,2026-07-01T23:55:35.729782+00:00,True,+125.8%,True,$14636.1M,True,+43.5%,True,852.2K,True,$228.03 / SMA $191.16,False,2.92%,False,+6.0%,True,34.2M,True,NYQ,False,
DVLT,Datavault AI Inc.,0.4039,2026-07-02T00:04:47.921824+00:00,False,+61.6%,True,$345.6M,True,+50.0%,True,41582.8K,False,$0.40 / SMA $0.50,True,8.48%,True,+443.1%,False,538.0M,True,NCM,False,
DWAHY,"Daiwa House Industry Co., Ltd.",27.11,2026-07-01T23:55:29.427320+00:00,False,+4.6%,True,$16790.5M,,N/A,False,133.3K,False,$27.11 / SMA $28.23,False,1.07%,,N/A,False,604.0M,False,PNK,False,
DYLLF,Deep Yellow Limited,1.0,2026-07-02T00:01:13.285435+00:00,True,+99900.0%,True,$975.5M,,N/A,False,56.4K,False,$1.00 / SMA $1.16,True,4812.32%,,N/A,False,883.1M,False,OQX,False,
DYN,"Dyne Therapeutics, Inc.",21.79,2026-07-01T23:59:15.504686+00:00,True,+170.3%,True,$3602.2M,True,+30.5%,True,1792.1K,True,$21.79 / SMA $18.51,True,6.19%,,N/A,False,164.7M,True,NMS,False,
EA,Electronic Arts Inc.,205.45,2026-07-01T23:55:15.382638+00:00,False,+39.8%,True,$51516.9M,True,+84.7%,True,1879.3K,True,$205.45 / SMA $202.29,False,0.45%,False,+11.9%,False,212.3M,True,NMS,False,
EACO,EACO Corporation,86.01,2026-07-02T00:03:06.197577+00:00,True,+81.1%,True,$418.1M,True,+44.9%,False,0.1K,False,$86.01 / SMA $98.24,False,0.78%,False,+17.7%,True,0.2M,False,OID,False,
EBBNF,Enbridge Inc.,24.68,2026-07-01T23:55:08.155117+00:00,False,+7.1%,,N/A,,N/A,False,5.7K,True,$24.68 / SMA $24.44,False,0.43%,False,+20.8%,False,2180.0M,False,PNK,False,
EC,Ecopetrol S.A.,14.45,2026-07-01T23:55:22.138732+00:00,True,+74.7%,True,$29706.8M,False,+-7.7%,True,3097.5K,False,$14.45 / SMA $14.49,True,4.50%,False,+-8.7%,False,473.2M,True,NYQ,False,
ECG,"Everus Construction Group, Inc.",151.02,2026-07-01T23:55:47.286789+00:00,True,+141.9%,True,$7708.3M,True,+58.3%,True,632.1K,False,$151.02 / SMA $151.55,True,5.52%,True,+25.4%,True,50.8M,True,NYQ,False,
ECREY,Ecora Royalties PLC,7.72,2026-07-02T00:03:08.409899+00:00,False,+0.0%,True,$1925.8M,,N/A,False,0.2K,True,$7.72 / SMA_short $7.72,,N/A,,N/A,True,49.0M,False,OQX,False,
ECVT,Ecovyst Inc.,12.0,2026-07-02T00:01:05.137464+00:00,False,+61.9%,True,$1313.4M,True,+233.3%,True,2002.8K,False,$12.00 / SMA $13.51,False,2.77%,True,+50.2%,True,97.8M,True,NYQ,False,
EDEMY,eDreams ODIGEO S.A.,40.0,2026-07-02T00:04:45.428075+00:00,False,+10.2%,True,$416.8M,,N/A,False,0.0K,True,$40.00 / SMA $39.40,False,0.00%,False,+-8.6%,True,7.0M,False,PNK,False,
EDNMF,Edenred SE,20.86,2026-07-01T23:57:26.529374+00:00,False,+1.3%,True,$4838.0M,,N/A,False,0.0K,False,$20.86 / SMA $23.52,False,0.00%,,N/A,False,223.8M,False,PNK,False,
EDNMY,Edenred SE,10.75,2026-07-01T23:57:25.819658+00:00,False,+25.0%,True,$4986.4M,,N/A,False,12.2K,False,$10.75 / SMA $12.01,False,2.54%,,N/A,False,447.6M,False,PNK,False,
EDU,New Oriental Education & Technology Group Inc.,47.7,2026-07-01T23:55:45.637612+00:00,False,+14.6%,True,$7952.2M,True,+60.0%,True,681.9K,False,$47.70 / SMA $48.92,False,2.51%,False,+19.8%,True,110.4M,True,NYQ,False,
EE,"Excelerate Energy, Inc.",37.98,2026-07-01T23:57:37.433093+00:00,True,+78.4%,True,$4324.4M,False,+-19.6%,False,387.2K,True,$37.98 / SMA $34.64,True,3.25%,True,+37.6%,True,31.4M,True,NYQ,False,
EFSC,Enterprise Financial Services Corp,66.9,2026-07-01T23:59:20.889635+00:00,False,+30.7%,True,$2447.6M,False,+-0.8%,False,266.3K,True,$66.90 / SMA $60.77,False,2.24%,False,+13.1%,True,35.5M,True,NMS,False,
EFXT,Enerflex Ltd.,23.57,2026-07-01T23:59:04.649681+00:00,True,+210.5%,True,$2877.1M,True,+84.2%,True,580.8K,False,$23.57 / SMA $25.74,True,3.81%,False,+5.8%,True,121.5M,True,NYQ,False,
EGP,"EastGroup Properties, Inc.",205.46,2026-07-01T23:55:39.041748+00:00,False,+28.9%,True,$11044.5M,True,+55.3%,False,360.8K,True,$205.46 / SMA $200.65,False,1.95%,False,+9.1%,True,52.9M,True,NYQ,False,
EIFZF,Exchange Income Corporation,92.43,2026-07-01T23:57:34.854143+00:00,True,+114.2%,True,$5206.2M,True,+250.0%,False,6.1K,True,$92.43 / SMA $82.37,False,0.08%,True,+29.7%,True,53.5M,False,PNK,False,
EJPRF,EJPRF,22.75,2026-07-01T23:55:24.701056+00:00,False,+11.2%,True,$25686.3M,,N/A,False,0.2K,True,$22.75 / SMA $22.12,False,0.23%,,N/A,False,1085.3M,False,PNK,False,
EL,The Estée Lauder Companies Inc.,82.47,2026-07-01T23:55:20.662166+00:00,False,+24.5%,True,$29837.2M,False,+-45.5%,True,3900.3K,False,$82.47 / SMA $82.56,True,3.63%,False,+4.6%,False,246.3M,True,NYQ,False,
ELALF,El Al Israel Airlines Ltd.,4.74,2026-07-01T23:59:17.614639+00:00,False,+37.9%,True,$2799.2M,False,+-171.3%,False,0.6K,True,$4.74 / SMA $4.72,False,0.72%,False,+-27.3%,False,324.3M,False,PNK,False,
ELDN,"Eledon Pharmaceuticals, Inc.",3.9,2026-07-02T00:05:02.572287+00:00,True,+188.9%,True,$301.0M,False,+-312.5%,True,1525.8K,True,$3.90 / SMA $3.72,True,8.23%,,N/A,True,69.9M,True,NCM,False,
ELUXY,AB Electrolux (publ),6.6,2026-07-02T00:01:06.431529+00:00,False,+7.1%,True,$1624.4M,False,+-416.4%,False,7.0K,True,$6.60 / SMA $6.11,False,2.27%,False,+-22.2%,True,127.0M,False,PNK,False,
EMA,Emera Incorporated,52.27,2026-07-01T23:55:31.382128+00:00,False,+16.5%,True,$15989.4M,False,+-5.6%,False,397.2K,False,$52.27 / SMA $52.27,False,1.66%,False,+5.1%,False,304.8M,True,NYQ,False,
EMR,Emerson Electric Co.,139.52,2026-07-01T23:55:11.873310+00:00,False,+13.8%,True,$78145.2M,True,+27.9%,True,2907.9K,False,$139.52 / SMA $140.62,False,2.68%,False,+2.9%,False,558.0M,True,NYQ,False,
ENGGY,"Enagás, S.A.",9.47,2026-07-01T23:57:30.425023+00:00,False,+27.6%,True,$4924.6M,True,+236.8%,False,2.8K,False,$9.47 / SMA $9.88,False,0.59%,False,+-53.3%,False,467.1M,False,PNK,False,
ENLAY,Enel SpA,11.28,2026-07-01T23:55:08.923324+00:00,False,+29.7%,True,$111934.4M,False,+-5.3%,False,470.2K,False,$11.28 / SMA $11.30,False,1.13%,False,+-2.5%,False,7868.0M,False,PNK,False,
ENSG,"The Ensign Group, Inc.",164.82,2026-07-01T23:55:40.780588+00:00,False,+22.3%,True,$9633.0M,False,+21.9%,True,787.8K,False,$164.82 / SMA $170.13,True,4.32%,False,+18.4%,True,55.9M,True,NMS,False,
ENTA,"Enanta Pharmaceuticals, Inc.",14.77,2026-07-02T00:04:47.483120+00:00,True,+129.5%,True,$429.5M,True,+57.5%,False,199.2K,True,$14.77 / SMA $13.36,True,6.59%,False,+15.0%,True,20.1M,True,NMS,False,
EOHDF,Emeco Holdings Limited,0.7,2026-07-02T00:04:48.287067+00:00,False,+42.9%,True,$362.9M,,N/A,False,0.7K,False,$0.70 / SMA $0.80,False,0.00%,,N/A,False,270.3M,False,PNK,False,
EOI,Eaton Vance Enhanced Equity Income Fund,19.8,2026-07-02T00:02:54.251861+00:00,False,+9.8%,True,$811.8M,,N/A,False,88.2K,True,$19.80 / SMA $19.52,False,1.61%,,N/A,,N/A,True,NYQ,False,
EOLS,"Evolus, Inc.",6.74,2026-07-02T00:04:47.753414+00:00,True,+74.6%,True,$443.9M,True,+46.7%,True,830.7K,True,$6.74 / SMA $6.32,True,5.03%,False,+6.7%,True,50.0M,True,NGM,False,
EPRT,"Essential Properties Realty Trust, Inc.",30.01,2026-07-01T23:57:23.114039+00:00,False,+3.7%,True,$6506.7M,False,+-3.4%,True,2130.9K,False,$30.01 / SMA $30.46,False,2.11%,False,+22.8%,False,215.2M,True,NYQ,False,
EQGPF,EQB Inc.,92.96,2026-07-01T23:59:12.366470+00:00,False,+54.6%,True,$3294.0M,False,+-41.6%,False,9.5K,True,$92.96 / SMA $86.23,False,0.03%,False,+-4.3%,True,24.4M,False,PNK,False,
ERFSF,Eurofins Scientific SE,76.52,2026-07-01T23:55:35.219805+00:00,False,+17.8%,True,$13254.7M,,N/A,False,3.4K,True,$76.52 / SMA $72.57,True,5.56%,,N/A,True,112.5M,False,PNK,False,
ERO,Ero Copper Corp.,25.72,2026-07-01T23:59:15.982566+00:00,True,+101.1%,True,$2682.0M,True,+35.1%,True,1274.1K,False,$25.72 / SMA $27.95,True,5.68%,True,+110.4%,True,101.7M,True,NYQ,False,
ESALF,"Eisai Co., Ltd.",25.0,2026-07-01T23:55:46.535573+00:00,False,+4.7%,True,$7055.9M,,N/A,False,0.1K,False,$25.00 / SMA $27.23,False,0.00%,,N/A,False,281.5M,False,PNK,False,
ESEA,Euroseas Ltd.,66.43,2026-07-02T00:03:08.824610+00:00,False,+45.0%,True,$468.7M,False,+-12.1%,False,71.0K,False,$66.43 / SMA $68.13,True,3.76%,False,+-0.9%,True,2.8M,True,NCM,False,
ETB,Eaton Vance Tax-Managed Buy-Write Income Fund,15.53,2026-07-02T00:03:09.454097+00:00,False,+12.0%,True,$456.2M,,N/A,False,54.1K,True,$15.53 / SMA $15.21,False,1.42%,,N/A,,N/A,True,NYQ,False,
ETR,Entergy Corporation,112.86,2026-07-01T23:55:15.044929+00:00,False,+40.9%,True,$52659.9M,False,+1.2%,True,3589.3K,True,$112.86 / SMA $112.03,False,1.97%,False,+12.0%,False,455.4M,True,NYQ,False,
ETSY,"Etsy, Inc.",72.83,2026-07-01T23:57:26.636923+00:00,False,+65.5%,True,$6911.3M,True,+222.4%,True,3113.0K,True,$72.83 / SMA $66.88,True,3.93%,False,+3.1%,True,82.6M,True,NYQ,False,
ETV,Eaton Vance Tax-Managed Buy-Write Opportunities Fund,14.93,2026-07-02T00:01:01.348523+00:00,False,+13.7%,True,$1743.1M,,N/A,False,172.5K,True,$14.93 / SMA $14.55,False,1.51%,,N/A,,N/A,True,NYQ,False,
ETY,Eaton Vance Tax-Managed Diversified Equity Income Fund,14.58,2026-07-01T23:59:19.975604+00:00,False,+11.1%,True,$2322.3M,,N/A,False,279.0K,True,$14.58 / SMA $14.56,False,1.85%,,N/A,,N/A,True,NYQ,False,
EVLV,"Evolv Technologies Holdings, Inc.",6.37,2026-07-02T00:01:12.896313+00:00,False,+30.9%,True,$1145.8M,False,+-200.0%,True,2795.1K,True,$6.37 / SMA $6.28,True,5.64%,True,+44.7%,False,170.6M,True,NCM,False,
EVO,Evotec SE,2.85,2026-07-02T00:01:14.329139+00:00,False,+23.4%,True,$1012.3M,False,+-283.3%,False,71.7K,False,$2.85 / SMA $2.90,False,2.69%,False,+-21.7%,False,266.8M,True,NMS,False,
EVTC,"EVERTEC, Inc.",29.05,2026-07-02T00:01:04.570512+00:00,False,+33.2%,True,$1790.1M,False,+-24.0%,True,607.3K,True,$29.05 / SMA $25.97,True,5.14%,False,+8.4%,True,60.7M,True,NYQ,False,
EVTZF,Evertz Technologies Limited,13.99,2026-07-02T00:02:51.802455+00:00,False,+61.6%,True,$1057.4M,,N/A,False,0.3K,True,$13.99 / SMA $11.91,False,1.34%,False,+2.9%,True,26.7M,False,PNK,False,
EXC,Exelon Corporation,46.26,2026-07-01T23:55:16.058133+00:00,False,+8.9%,True,$47333.6M,False,+-0.1%,True,8438.7K,True,$46.26 / SMA $45.44,False,1.89%,False,+7.9%,False,1021.4M,True,NMS,False,
EXG,Eaton Vance Tax-Managed Global Diversified Equity Income Fund,9.73,2026-07-01T23:59:15.669021+00:00,False,+17.9%,True,$2976.8M,,N/A,False,468.2K,True,$9.73 / SMA $9.37,False,1.42%,,N/A,,N/A,True,NYQ,False,
EXPD,"Expeditors International of Washington, Inc.",166.81,2026-07-01T23:55:27.339311+00:00,False,+51.0%,True,$21817.3M,False,+16.3%,True,1174.8K,True,$166.81 / SMA $156.84,False,2.04%,False,+4.4%,True,129.8M,True,NYQ,False,
EXPGY,Experian plc,33.77,2026-07-01T23:55:20.820946+00:00,False,+4.7%,True,$30008.5M,,N/A,False,240.4K,False,$33.77 / SMA $34.70,False,2.40%,,N/A,False,897.3M,False,OQX,False,
EXPO,"Exponent, Inc.",59.94,2026-07-01T23:59:16.014591+00:00,False,+15.5%,True,$2907.8M,False,+13.5%,True,561.3K,True,$59.94 / SMA $59.71,True,3.64%,False,+14.3%,True,47.9M,True,NMS,False,
FA,First Advantage Corporation,18.895,2026-07-01T23:59:17.293693+00:00,True,+114.2%,True,$3241.2M,True,+104.2%,True,1421.6K,True,$18.89 / SMA $15.32,True,4.40%,False,+8.6%,True,77.7M,True,NMS,False,
FBAK,First National Bank Alaska,317.75,2026-07-02T00:01:12.781524+00:00,False,+27.1%,True,$1006.3M,False,+19.3%,False,0.3K,False,$317.75 / SMA $326.97,True,3.59%,False,+10.0%,,N/A,False,OQX,False,
FBK,FB Financial Corporation,56.56,2026-07-01T23:59:16.841421+00:00,False,+24.1%,True,$2914.2M,True,+31.0%,False,335.4K,True,$56.56 / SMA $53.51,False,2.01%,True,+32.1%,True,50.4M,True,NYQ,False,
FCBC,"First Community Bankshares, Inc.",45.64,2026-07-02T00:02:54.798481+00:00,False,+46.2%,True,$861.1M,False,+-1.6%,False,85.0K,True,$45.64 / SMA $42.98,False,2.71%,False,+10.3%,True,15.9M,True,NMS,False,
FCF,First Commonwealth Financial Corporation,20.76,2026-07-02T00:00:57.456920+00:00,False,+38.4%,True,$2111.0M,False,+15.4%,True,738.1K,True,$20.76 / SMA $19.00,False,1.89%,False,+13.2%,True,98.9M,True,NYQ,False,
FCMGF,Firm Capital Mortgage Investment Corporation,8.5,2026-07-02T00:04:58.892006+00:00,False,+2.4%,True,$312.3M,,N/A,False,1.5K,False,$8.50 / SMA $8.59,False,0.08%,False,+-6.8%,True,35.9M,False,PNK,False,
FCNCP,"First Citizens BancShares, Inc.",19.92,2026-07-01T23:55:25.696821+00:00,False,+1.3%,,N/A,,N/A,False,11.9K,False,$19.92 / SMA $20.42,False,1.20%,False,+0.7%,True,8.4M,True,NMS,False,
FCX,Freeport-McMoRan Inc.,60.53,2026-07-01T23:55:10.332133+00:00,True,+72.2%,True,$87015.5M,True,+154.2%,True,14795.0K,False,$60.53 / SMA $63.78,True,4.12%,False,+8.8%,False,1429.2M,True,NYQ,False,
FEIM,"Frequency Electronics, Inc.",65.79,2026-07-02T00:02:58.852000+00:00,True,+251.8%,True,$647.5M,False,+-90.0%,False,184.9K,True,$65.79 / SMA $63.40,True,9.19%,False,+-10.8%,True,6.9M,True,NGM,False,
FFC,Flaherty & Crumrine Preferred Securities Income Fund Inc.,16.28,2026-07-02T00:02:55.741475+00:00,False,+8.7%,True,$784.3M,,N/A,False,117.4K,True,$16.28 / SMA $15.86,False,0.99%,,N/A,,N/A,True,NYQ,False,
FFMR,First Farmers Financial Corporation,34.05,2026-07-02T00:03:07.984687+00:00,False,+6.2%,True,$472.0M,False,+10.2%,False,1.5K,True,$34.05 / SMA $33.29,False,0.23%,False,+9.9%,,N/A,False,OQX,False,
FINMF,Leonardo S.p.a.,52.66,2026-07-01T23:55:18.796923+00:00,False,+4.3%,True,$30384.3M,False,+-57.1%,False,2.7K,False,$52.66 / SMA $61.22,True,3.27%,False,+6.9%,False,402.3M,False,PNK,False,
FINMY,Leonardo S.p.a.,27.8,2026-07-01T23:55:19.294959+00:00,False,+8.6%,True,$32080.6M,False,+-57.1%,False,78.4K,False,$27.80 / SMA $29.64,False,2.20%,False,+6.9%,False,804.5M,False,PNK,False,
FIS,"Fidelity National Information Services, Inc.",40.8,2026-07-01T23:55:25.876391+00:00,False,+9.0%,True,$21088.7M,True,+2953.3%,True,6680.9K,False,$40.80 / SMA $41.97,True,3.30%,True,+30.1%,False,515.7M,True,NYQ,False,
FJTSY,Fujitsu Limited,20.25,2026-07-01T23:55:18.817519+00:00,False,+6.0%,True,$35129.2M,,N/A,False,463.1K,False,$20.25 / SMA $21.09,False,2.55%,,N/A,False,1645.0M,False,PNK,False,
FKURF,Fujikura Ltd.,37.7,2026-07-01T23:55:14.458408+00:00,True,+337.5%,True,$62418.4M,,N/A,False,31.3K,True,$37.70 / SMA $35.63,True,5.00%,,N/A,False,1655.3M,False,PNK,False,
FLG,"Flagstar Bank, National Association",15.0,2026-07-01T23:57:27.441496+00:00,False,+41.9%,True,$6252.2M,True,+111.5%,True,4853.9K,True,$15.00 / SMA $14.23,False,2.50%,False,+1.6%,False,266.8M,True,NYQ,False,
FLTLF,Flow Traders Ltd.,29.45,2026-07-02T00:01:05.511245+00:00,False,+11.8%,True,$1283.1M,False,+-20.4%,False,0.6K,False,$29.45 / SMA $31.41,False,0.13%,,N/A,True,37.5M,False,PNK,False,
FLXS,"Flexsteel Industries, Inc.",76.2,2026-07-02T00:05:02.382800+00:00,True,+133.4%,True,$310.6M,True,+260.6%,False,57.9K,True,$76.20 / SMA $58.61,True,4.80%,False,+1.0%,True,4.7M,True,NMS,False,
FMC,FMC Corporation,10.95,2026-07-02T00:01:02.548501+00:00,False,+2.1%,True,$1369.2M,False,+-1775.0%,True,3438.3K,False,$10.95 / SMA $12.89,True,6.32%,False,+-4.1%,True,114.5M,True,NYQ,False,
FMCCG,Federal Home Loan Mortgage Corporation,12.56,2026-07-01T23:57:36.491462+00:00,False,+14.2%,,N/A,,N/A,False,2.2K,False,$12.56 / SMA $13.73,False,0.99%,False,+-3.1%,False,650.1M,False,OQB,False,
FMCCI,Federal Home Loan Mortgage Corporation,12.66,2026-07-01T23:57:36.524727+00:00,False,+16.0%,,N/A,,N/A,False,2.7K,False,$12.66 / SMA $13.63,False,2.54%,False,+-3.1%,False,650.1M,False,OQB,False,
FMCCO,Federal Home Loan Mortgage Corporation,15.05,2026-07-01T23:57:36.887582+00:00,False,+11.0%,,N/A,,N/A,False,0.4K,False,$15.05 / SMA $17.29,False,0.34%,False,+-3.1%,False,650.1M,False,OQB,False,
FMCQF,Fresenius Medical Care AG,45.17,2026-07-01T23:55:38.588870+00:00,False,+7.5%,True,$12131.1M,False,+-17.3%,False,0.0K,True,$45.17 / SMA $43.89,False,0.00%,False,+-5.5%,False,184.7M,False,PNK,False,
FNMAO,Federal National Mortgage Association,12.65,2026-07-01T23:55:45.445395+00:00,False,+2.6%,,N/A,,N/A,False,1.8K,False,$12.65 / SMA $14.24,False,1.01%,False,+-12.4%,False,233.7M,False,OQB,False,
FNMFO,Federal National Mortgage Association,39000.0,2026-07-01T23:55:45.460078+00:00,False,+29.1%,,N/A,,N/A,False,0.0K,False,$39000.00 / SMA $40034.00,True,3.45%,False,+-12.4%,False,233.7M,False,OQB,False,
FORTY,Formula Systems (1985) Ltd.,107.0,2026-07-01T23:59:21.031049+00:00,False,+4.9%,True,$1640.8M,True,+82.9%,False,0.4K,False,$107.00 / SMA $123.53,False,0.68%,False,+19.2%,True,9.5M,True,NMS,False,
FOUR,"Shift4 Payments, Inc.",49.2,2026-07-01T23:59:02.129841+00:00,False,+42.4%,True,$4877.2M,False,+-105.0%,True,1722.5K,True,$49.20 / SMA $42.90,True,7.10%,True,+32.2%,True,43.3M,True,NYQ,False,
FOXA,Fox Corporation,54.13,2026-07-01T23:55:23.720350+00:00,False,+12.0%,True,$22729.2M,False,+-49.3%,True,5056.0K,False,$54.13 / SMA $61.63,True,4.22%,False,+-8.6%,False,329.5M,True,NMS,False,
FOXF,Fox Factory Holding Corp.,17.04,2026-07-02T00:02:58.401085+00:00,False,+30.3%,True,$714.6M,True,+94.2%,True,556.6K,False,$17.04 / SMA $17.55,True,4.63%,False,+3.8%,True,41.6M,True,NMS,False,
FQVTY,Fevertree Drinks PLC,11.19,2026-07-02T00:01:11.398676+00:00,False,+12.0%,True,$1269.6M,,N/A,False,0.1K,True,$11.19 / SMA $10.87,False,0.29%,,N/A,True,92.9M,False,PNK,False,
FRCOY,"Fast Retailing Co., Ltd.",50.9,2026-07-01T23:55:07.250278+00:00,True,+74.0%,True,$156181.4M,,N/A,True,624.1K,True,$50.90 / SMA $48.47,False,2.38%,,N/A,False,18470.5M,False,PNK,False,
FREJO,Federal Home Loan Mortgage Corporation PFD 5.1% SAL,16.84,2026-07-01T23:57:36.405092+00:00,False,+2.1%,,N/A,,N/A,False,0.0K,True,$16.84 / SMA $16.79,False,0.00%,False,+-3.1%,,N/A,False,OQB,False,
FRMI,Fermi Inc.,8.52,2026-07-01T23:57:39.434025+00:00,True,+90.6%,True,$5436.5M,False,+-227172.7%,True,18917.6K,True,$8.52 / SMA $6.61,True,10.90%,,N/A,False,262.6M,True,NMS,False,
FRRPF,Fiera Capital Corporation,3.672,2026-07-02T00:04:46.123896+00:00,False,+0.0%,True,$389.5M,False,+-82.4%,False,5.1K,False,$3.67 / SMA $3.92,False,0.05%,False,+-4.9%,True,81.4M,False,PNK,False,
FRT,Federal Realty Investment Trust,120.41,2026-07-01T23:55:40.195861+00:00,False,+33.8%,True,$10465.8M,True,+151.4%,True,961.1K,True,$120.41 / SMA $118.39,False,1.51%,False,+10.3%,True,78.0M,True,NYQ,False,
FRVO,Fervo Energy Company,29.07,2026-07-01T23:55:38.467195+00:00,False,+4.6%,True,$8565.3M,,N/A,True,4448.1K,False,$29.07 / SMA_short $35.91,True,8.81%,,N/A,True,6.2M,True,NMS,False,
FTAIM,FTAI Aviation Ltd.,27.1208,2026-07-01T23:55:23.507406+00:00,False,+4.1%,,N/A,,N/A,False,6.4K,True,$27.12 / SMA $26.62,False,0.73%,True,+65.5%,True,101.4M,True,NMS,False,
FTDR,"Frontdoor, Inc.",78.44,2026-07-01T23:57:35.574199+00:00,False,+61.8%,True,$5509.2M,False,+16.3%,True,610.3K,True,$78.44 / SMA $65.81,True,3.18%,False,+6.4%,True,69.7M,True,NMS,False,
FTGFF,Firan Technology Group Corporation,16.03,2026-07-02T00:04:51.018441+00:00,True,+129.0%,True,$403.5M,,N/A,False,5.3K,True,$16.03 / SMA $15.54,False,1.61%,False,+4.6%,True,20.0M,False,OQX,False,
FTS,Fortis Inc.,56.65,2026-07-01T23:55:22.079930+00:00,False,+21.9%,True,$28842.4M,False,+-1.0%,True,740.5K,True,$56.65 / SMA $56.12,False,1.56%,False,+1.9%,False,507.8M,True,NYQ,False,
FTTRF,Forterra plc,2.0,2026-07-02T00:04:46.284123+00:00,False,+0.0%,True,$410.2M,,N/A,False,0.0K,False,$2.00 / SMA $2.00,False,0.00%,,N/A,False,183.1M,False,PNK,False,
FUJHF,Subaru Corporation,14.95,2026-07-01T23:55:38.720064+00:00,False,+7.6%,True,$10695.7M,,N/A,False,0.8K,False,$14.95 / SMA $15.62,False,0.71%,,N/A,False,553.3M,False,PNK,False,
FUL,H.B. Fuller Company,57.28,2026-07-01T23:59:10.909206+00:00,False,+17.6%,True,$3080.9M,True,+61.8%,True,673.8K,False,$57.28 / SMA $61.18,True,3.52%,False,+5.8%,True,53.5M,True,NYQ,False,
FUWAY,"Furukawa Electric Co., Ltd.",132.0,2026-07-01T23:55:24.940931+00:00,True,+489.3%,True,$185723.5M,,N/A,False,6.0K,False,$132.00 / SMA $151.63,True,5.52%,,N/A,False,1301.4M,False,PNK,False,
GABC,"German American Bancorp, Inc.",48.06,2026-07-02T00:01:03.040615+00:00,False,+31.5%,True,$1805.3M,True,+193.3%,False,148.5K,True,$48.06 / SMA $44.07,False,2.29%,False,+18.0%,True,35.9M,True,NMS,False,
GARPF,Golden Agri-Resources Ltd,0.21,2026-07-01T23:59:09.803731+00:00,False,+31.2%,True,$2663.2M,,N/A,False,1.4K,False,$0.21 / SMA $0.24,False,0.00%,,N/A,False,6274.0M,False,PNK,False,
GATX,GATX Corporation,171.73,2026-07-01T23:57:26.350955+00:00,False,+15.9%,True,$6096.9M,False,+9.3%,False,235.9K,False,$171.73 / SMA $179.71,False,2.31%,True,+38.4%,True,35.3M,True,NYQ,False,
GBERF,Geberit AG,800.0,2026-07-01T23:55:27.367155+00:00,False,+32.3%,True,$26379.0M,,N/A,False,0.0K,True,$800.00 / SMA $656.61,False,0.08%,,N/A,True,32.8M,False,PNK,False,
GBFH,GBank Financial Holdings Inc.,31.18,2026-07-02T00:04:45.768324+00:00,False,+30.6%,True,$451.2M,False,+-71.0%,False,65.0K,True,$31.18 / SMA $29.37,True,4.17%,False,+13.0%,True,8.7M,True,NCM,False,
GBLI,"Global Indemnity Group, LLC",25.03,2026-07-02T00:04:48.611936+00:00,False,+3.1%,True,$365.7M,True,+196.7%,False,4.8K,False,$25.03 / SMA $26.44,False,2.26%,False,+0.5%,True,6.8M,True,NMS,False,
GCT,GigaCloud Technology Inc.,33.12,2026-07-02T00:01:06.857181+00:00,False,+68.9%,True,$1206.0M,True,+52.9%,True,771.5K,False,$33.12 / SMA $37.57,True,4.78%,True,+32.2%,True,28.0M,True,NGM,False,
GCWOF,"GCC, S.A.B. de C.V.",11.39,2026-07-01T23:57:38.413787+00:00,False,+30.0%,True,$3715.0M,False,+-39.6%,False,1.0K,False,$11.39 / SMA $11.88,False,0.02%,False,+-11.9%,False,154.5M,False,PNK,False,
GDRX,"GoodRx Holdings, Inc.",3.06,2026-07-02T00:02:51.337906+00:00,True,+72.9%,True,$1036.3M,False,+-100.0%,True,1521.7K,True,$3.06 / SMA $2.65,True,5.50%,False,+-4.4%,True,91.5M,True,NMS,False,
GDS,GDS Holdings Limited,31.61,2026-07-01T23:57:22.646353+00:00,False,+17.2%,True,$6333.9M,True,+207.0%,True,2207.3K,False,$31.61 / SMA $37.62,True,5.39%,False,+23.6%,True,133.8M,True,NGM,False,
GDV,The Gabelli Dividend & Income Trust,29.45,2026-07-01T23:59:18.267394+00:00,False,+14.4%,True,$2575.3M,,N/A,False,117.3K,True,$29.45 / SMA $28.91,False,1.35%,,N/A,,N/A,True,NYQ,False,
GDYN,"Grid Dynamics Holdings, Inc.",6.24,2026-07-02T00:03:01.891119+00:00,False,+22.1%,True,$521.8M,False,+-166.7%,True,2295.8K,False,$6.24 / SMA $6.32,True,7.34%,False,+3.7%,True,59.2M,True,NCM,False,
GE,GE Aerospace,374.94,2026-07-01T23:55:05.421312+00:00,False,+54.1%,True,$391748.4M,False,+-1.1%,True,5794.2K,True,$374.94 / SMA $317.11,False,2.92%,False,+24.7%,False,1039.4M,True,NYQ,False,
GEF,"Greif, Inc.",74.81,2026-07-01T23:59:06.142581+00:00,False,+34.2%,True,$4250.4M,False,+-68.1%,False,220.2K,True,$74.81 / SMA $66.38,False,2.56%,False,+-0.5%,True,26.6M,True,NYQ,False,
GEL,"Genesis Energy, L.P.",14.07,2026-07-01T23:59:23.117717+00:00,False,+2.3%,True,$1723.1M,True,+98.5%,False,345.0K,False,$14.07 / SMA $15.64,True,3.66%,False,+12.1%,True,108.6M,True,NYQ,False,
GENSF,Genus plc,31.065,2026-07-01T23:59:22.593209+00:00,False,+19.4%,True,$2063.1M,,N/A,False,0.0K,False,$31.07 / SMA $31.60,False,0.00%,,N/A,True,65.1M,False,PNK,False,
GFL,GFL Environmental Inc.,37.42,2026-07-01T23:55:35.473909+00:00,False,+12.3%,True,$13507.5M,False,+-107.3%,True,2861.6K,True,$37.42 / SMA $36.76,False,2.93%,False,+5.4%,False,273.7M,True,NYQ,False,
GGB,Gerdau S.A.,4.02,2026-07-01T23:55:44.460266+00:00,False,+42.0%,True,$7910.2M,True,+37.8%,True,18531.0K,False,$4.02 / SMA $4.52,False,2.92%,False,+-3.8%,False,1263.3M,True,NYQ,False,
GGG,Graco Inc.,74.82,2026-07-01T23:55:36.098099+00:00,False,+2.3%,True,$12417.7M,False,+-2.8%,True,1386.3K,False,$74.82 / SMA $76.86,False,1.83%,False,+2.2%,False,164.3M,True,NYQ,False,
GGNDF,GN Store Nord A/S,13.39,2026-07-01T23:59:21.859522+00:00,False,+4.6%,True,$1949.8M,,N/A,False,0.2K,False,$13.39 / SMA $15.02,False,0.00%,False,+-58.2%,True,145.4M,False,PNK,False,
GIB,CGI Inc.,65.47,2026-07-01T23:55:33.690320+00:00,False,+9.8%,True,$13710.7M,False,+10.6%,True,518.8K,False,$65.47 / SMA $66.72,True,3.09%,False,+3.3%,False,168.0M,True,NYQ,False,
GKOS,GKOS,,2026-07-01T23:58:54.848044+00:00,False,N/A,False,N/A,False,N/A,False,N/A,False,N/A,False,N/A,False,N/A,False,N/A,False,Unknown,False,Too Many Requests. Rate limited. Try after a while.
GLPI,"Gaming and Leisure Properties, Inc.",43.69,2026-07-01T23:55:34.583633+00:00,False,+6.1%,True,$12374.0M,True,+36.7%,True,2101.5K,False,$43.69 / SMA $46.25,False,2.07%,False,+6.3%,False,271.1M,True,NMS,False,
GMED,"Globus Medical, Inc.",75.96,2026-07-01T23:55:37.943060+00:00,False,+46.7%,True,$10311.2M,True,+66.7%,True,1633.2K,False,$75.96 / SMA $83.01,True,3.46%,True,+27.0%,True,111.7M,True,NYQ,False,
GMRS,GMR Solutions Inc.,14.76,2026-07-01T23:59:19.004208+00:00,False,+43.9%,True,$797.2M,,N/A,True,1399.6K,True,$14.76 / SMA_short $12.60,True,8.41%,,N/A,True,33.5M,True,NYQ,False,
GNE,Genie Energy Ltd.,14.58,2026-07-02T00:04:51.867562+00:00,False,+14.9%,True,$385.0M,False,+-72.5%,False,74.7K,True,$14.58 / SMA $13.96,False,2.95%,False,+4.0%,True,20.2M,True,NYQ,False,
GNL,"Global Net Lease, Inc.",8.93,2026-07-01T23:59:23.216574+00:00,False,+31.9%,True,$1885.0M,True,+90.8%,True,2206.0K,False,$8.93 / SMA $9.29,False,1.99%,False,+-17.5%,False,209.7M,True,NYQ,False,
GOF,Guggenheim Strategic Opportunities Fund,10.94,2026-07-02T00:00:59.693433+00:00,False,+4.2%,True,$2319.8M,,N/A,True,1342.5K,True,$10.94 / SMA $10.91,False,1.18%,,N/A,,N/A,True,NYQ,False,
GOGO,Gogo Inc.,3.47,2026-07-02T00:03:02.863849+00:00,False,+14.9%,True,$469.3M,False,+11.1%,True,1862.4K,False,$3.47 / SMA $3.95,True,7.16%,False,+-1.7%,True,96.0M,True,NMS,False,
GPC,Genuine Parts Company,117.4,2026-07-01T23:55:34.925554+00:00,False,+29.3%,True,$16332.9M,False,+-2.1%,True,1715.2K,True,$117.40 / SMA $102.90,False,2.75%,False,+6.8%,True,137.2M,True,NYQ,False,
GPDNF,Danone S.A.,80.85,2026-07-01T23:55:16.283345+00:00,False,+14.7%,True,$51915.1M,,N/A,False,4.0K,True,$80.85 / SMA $75.57,False,0.91%,,N/A,False,628.6M,False,OQX,False,
GPI,"Group 1 Automotive, Inc.",286.6,2026-07-01T23:57:38.936547+00:00,False,+0.8%,True,$3410.0M,False,+12.0%,False,173.2K,False,$286.60 / SMA $324.59,True,3.57%,False,+-1.8%,True,10.7M,True,NYQ,False,
GPMXY,GPMXY,24.545,2026-07-01T23:55:10.271235+00:00,False,+17.4%,True,$95541.4M,True,+57.1%,False,24.8K,True,$24.55 / SMA $23.82,False,1.10%,True,+32.6%,False,1556.3M,False,PNK,False,
GPOR,Gulfport Energy Corporation,165.41,2026-07-01T23:59:08.708848+00:00,False,+4.1%,True,$2972.4M,True,+12771.4%,False,369.8K,False,$165.41 / SMA $175.24,False,2.69%,True,+31.9%,True,15.1M,True,NYQ,False,
GPRE,Green Plains Inc.,15.86,2026-07-02T00:01:14.219606+00:00,True,+153.8%,True,$1110.7M,True,+136.8%,True,1520.7K,False,$15.86 / SMA $15.94,True,4.51%,False,+-25.9%,True,67.5M,True,NMS,False,
GRAF,Graf Global Corp.,10.82,2026-07-02T00:05:00.621082+00:00,False,+5.5%,True,$311.1M,False,+-12.5%,False,158.6K,True,$10.82 / SMA $10.81,False,1.26%,,N/A,True,16.9M,True,ASE,False,
GRDN,"Guardian Pharmacy Services, Inc.",42.13,2026-07-01T23:59:18.951384+00:00,True,+118.3%,True,$2667.7M,True,+40.0%,False,435.4K,True,$42.13 / SMA $38.87,True,4.70%,False,+2.2%,True,32.0M,True,NYQ,False,
GRGCF,Georgia Capital PLC,55.74,2026-07-02T00:00:57.988268+00:00,True,+110.5%,True,$1723.9M,,N/A,False,0.4K,True,$55.74 / SMA $54.13,False,0.01%,,N/A,True,24.3M,False,PNK,False,
GRPN,"Groupon, Inc.",25.68,2026-07-02T00:02:57.010481+00:00,True,+180.0%,True,$975.4M,False,+-288.2%,True,2048.0K,True,$25.68 / SMA $17.70,True,8.89%,False,+0.0%,True,17.7M,True,NMS,False,
GRPTF,Getlink SE,21.6,2026-07-01T23:55:37.752840+00:00,False,+21.6%,True,$11717.4M,,N/A,False,0.0K,True,$21.60 / SMA $21.55,False,0.00%,,N/A,False,251.9M,False,PNK,False,
GRRMF,Gerresheimer AG,30.73,2026-07-02T00:01:13.966070+00:00,False,+60.3%,True,$1061.4M,,N/A,False,0.0K,True,$30.73 / SMA $28.91,False,0.15%,,N/A,True,32.0M,False,PNK,False,
GSBD,"Goldman Sachs BDC, Inc.",9.69,2026-07-02T00:01:16.256491+00:00,False,+12.0%,True,$1090.8M,False,+-144.4%,True,1215.9K,True,$9.69 / SMA $9.00,False,2.12%,False,+-129.4%,,N/A,True,NYQ,False,
GSK,GSK plc,51.3,2026-07-01T23:55:09.788277+00:00,False,+44.7%,True,$102743.5M,False,+8.4%,True,3907.6K,False,$51.30 / SMA $51.48,False,1.72%,False,+1.5%,False,1946.2M,True,NYQ,False,
GSKRF,Goldsky Resources Corp.,2.35,2026-07-02T00:03:04.019043+00:00,True,+155.4%,True,$435.8M,False,+-77.8%,False,45.0K,False,$2.35 / SMA $2.69,True,4.45%,,N/A,True,101.7M,False,OQX,False,
GTLS,"Chart Industries, Inc.",208.68,2026-07-01T23:55:40.942946+00:00,False,+28.8%,True,$9989.3M,False,+-138.3%,True,1254.1K,True,$208.68 / SMA $207.73,False,0.35%,False,+-11.7%,True,47.6M,True,NYQ,False,
GTX,Garrett Motion Inc.,33.59,2026-07-01T23:57:25.302827+00:00,True,+215.4%,True,$6287.7M,True,+63.3%,True,2837.2K,True,$33.59 / SMA $30.17,True,3.95%,False,+12.2%,False,185.1M,True,NMS,False,
GUYGF,G2 Goldfields Inc.,6.79,2026-07-02T00:01:00.473509+00:00,True,+270.4%,True,$1756.2M,True,+100.0%,False,90.4K,False,$6.79 / SMA $7.25,True,8.54%,True,+194.1%,False,163.8M,False,OQX,False,
GUZOF,"Grupo Herdez, S.A.B. de C.V.",2.94,2026-07-02T00:01:09.563375+00:00,False,+10.1%,True,$945.5M,True,+4356.4%,False,0.2K,False,$2.94 / SMA $3.57,False,0.00%,False,+5.3%,True,95.6M,False,PNK,False,
GWLLF,Great Wall Motor Company Limited,1.15,2026-07-01T23:55:27.138285+00:00,False,+3.6%,True,$9828.3M,,N/A,False,1.1K,False,$1.15 / SMA $1.43,False,0.30%,,N/A,False,3391.9M,False,PNK,False,
GWW,"W.W. Grainger, Inc.",1338.24,2026-07-01T23:55:13.508202+00:00,False,+47.6%,True,$63182.5M,False,+18.2%,False,299.6K,True,$1338.24 / SMA $1256.92,False,2.27%,False,+10.1%,True,43.2M,True,NYQ,False,
HACQU,HCM IV Acquisition Corp.,10.14,2026-07-02T00:04:50.647322+00:00,False,+1.4%,,N/A,,N/A,False,6.7K,True,$10.14 / SMA $10.08,False,0.07%,,N/A,True,28.7M,True,NGM,False,
HAFN,Hafnia Limited,6.56,2026-07-01T23:57:35.945593+00:00,False,+31.7%,True,$3278.6M,True,+176.9%,True,1870.3K,False,$6.56 / SMA $7.87,True,3.14%,False,+22.5%,False,241.6M,True,NYQ,False,
HBANL,Huntington Bancshares Incorporated,24.87,2026-07-01T23:55:20.290399+00:00,False,+2.3%,,N/A,,N/A,False,18.3K,False,$24.87 / SMA $25.27,False,0.67%,True,+34.0%,False,2014.5M,True,NMS,False,
HCXLY,Hiscox Ltd,50.0,2026-07-01T23:55:46.887359+00:00,False,+35.9%,True,$7986.7M,,N/A,False,0.9K,True,$50.00 / SMA $46.99,False,0.47%,,N/A,False,161.5M,False,PNK,False,
HDIUF,ADENTRA Inc.,27.25,2026-07-02T00:03:01.101882+00:00,False,+39.4%,True,$660.2M,False,+-50.0%,False,1.6K,True,$27.25 / SMA $24.74,False,0.25%,False,+3.7%,True,23.1M,False,PNK,False,
HEPS,D-Market Elektronik Hizmetler ve Ticaret A.S.,2.91,2026-07-02T00:01:16.878236+00:00,False,+35.3%,True,$1039.5M,False,+-92.9%,False,329.1K,True,$2.91 / SMA $2.77,True,4.00%,False,+22.9%,True,29.8M,True,NMS,False,
HESAF,Hermès International Société en commandite par actions,1822.0,2026-07-01T23:55:06.464843+00:00,False,+1.2%,True,$190835.9M,,N/A,False,1.0K,False,$1822.00 / SMA $1896.01,False,2.72%,,N/A,True,34.3M,False,PNK,False,
HHH,Howard Hughes Holdings Inc.,72.53,2026-07-01T23:57:39.787111+00:00,False,+18.9%,True,$4324.6M,False,+-33.3%,False,449.6K,True,$72.53 / SMA $65.38,False,2.49%,False,+18.4%,True,30.4M,True,NYQ,False,
HIG,"The Hartford Insurance Group, Inc.",133.89,2026-07-01T23:55:18.364157+00:00,False,+11.9%,True,$36703.4M,True,+41.4%,True,1674.0K,True,$133.89 / SMA $132.26,False,1.97%,False,+5.6%,False,272.7M,True,NYQ,False,
HINKF,Heineken N.V.,85.43,2026-07-01T23:55:16.736349+00:00,False,+16.5%,True,$47488.3M,,N/A,False,3.1K,True,$85.43 / SMA $79.05,False,0.20%,,N/A,False,258.3M,False,OQX,False,
HIVE,HIVE Digital Technologies Ltd.,3.46,2026-07-02T00:01:15.496742+00:00,True,+100.0%,True,$925.3M,,N/A,True,28107.2K,False,$3.46 / SMA $3.51,True,11.82%,True,+130.5%,False,264.8M,True,NCM,False,
HKD,AMTD Digital Inc.,1.64,2026-07-02T00:03:05.566490+00:00,False,+30.2%,True,$515.4M,,N/A,False,250.2K,False,$1.64 / SMA $1.70,True,4.90%,,N/A,True,76.6M,True,NYQ,False,
HKHC,Horizon Kinetics Holding Corporation,33.0,2026-07-02T00:03:06.654507+00:00,False,+46.6%,True,$615.0M,True,+216.3%,False,4.2K,True,$33.00 / SMA $28.03,False,2.67%,False,+-3.8%,True,8.2M,False,OQX,False,
HLAGF,Hapag-Lloyd Aktiengesellschaft,130.0,2026-07-01T23:55:25.351624+00:00,False,+4.0%,True,$22848.8M,False,+-149.8%,False,0.0K,False,$130.00 / SMA $132.93,False,0.40%,False,+-16.8%,True,6.3M,False,PNK,False,
HLBBF,H. Lundbeck A/S,6.6,2026-07-01T23:57:30.507346+00:00,False,+28.2%,True,$6548.2M,True,+47.8%,False,0.1K,False,$6.60 / SMA $6.92,False,0.00%,False,+14.3%,False,305.0M,False,PNK,False,
HLIO,"Helios Technologies, Inc.",84.37,2026-07-01T23:59:17.505545+00:00,True,+149.2%,True,$2788.1M,True,+168.2%,False,379.6K,True,$84.37 / SMA $78.97,True,3.87%,False,+16.8%,True,32.9M,True,NYQ,False,
HLNCF,Haleon plc,4.52,2026-07-01T23:55:16.987687+00:00,False,+8.9%,True,$39810.3M,,N/A,False,27.1K,False,$4.52 / SMA $4.54,False,2.93%,,N/A,False,8860.5M,False,PNK,False,
HLTOY,Hellenic Telecommunications Organization S.A.,11.03,2026-07-01T23:55:44.554884+00:00,False,+27.5%,True,$8932.0M,,N/A,False,13.5K,True,$11.03 / SMA $10.86,False,2.03%,,N/A,False,346.1M,False,PNK,False,
HMH,HMH Holding Inc.,18.36,2026-07-02T00:01:14.777675+00:00,False,+12.5%,True,$820.5M,False,+-85.0%,False,370.5K,False,$18.36 / SMA $20.91,True,7.08%,False,+-13.7%,True,9.0M,True,NMS,False,
HMSNF,Hammerson Plc,4.85,2026-07-01T23:59:19.008577+00:00,False,+38.6%,True,$2571.3M,,N/A,False,0.1K,True,$4.85 / SMA $4.36,False,0.10%,,N/A,False,526.4M,False,PNK,False,
HNGE,"Hinge Health, Inc.",85.07,2026-07-01T23:57:35.436878+00:00,True,+182.8%,True,$6582.7M,False,+-73.6%,True,1713.3K,True,$85.07 / SMA $58.77,True,5.81%,True,+47.2%,True,43.2M,True,NYQ,False,
HNGKY,Hongkong Land Holdings Limited,35.46,2026-07-01T23:55:30.093882+00:00,False,+24.6%,True,$15172.2M,,N/A,False,30.0K,False,$35.46 / SMA $38.51,True,5.48%,,N/A,False,193.8M,False,PNK,False,
HNLGY,Hang Lung Group Limited,8.83,2026-07-01T23:59:16.747381+00:00,False,+8.1%,True,$2404.6M,,N/A,False,0.1K,False,$8.83 / SMA $9.72,False,0.06%,,N/A,False,167.5M,False,OID,False,
HNTIY,Hunting PLC,5.96,2026-07-02T00:01:17.325170+00:00,True,+95.4%,True,$869.3M,,N/A,False,4.2K,False,$5.96 / SMA $6.41,False,0.54%,,N/A,True,105.1M,False,PNK,False,
HOVNP,"Hovnanian Enterprises, Inc. PFD DEP1/1000A",20.2,2026-07-02T00:02:59.344664+00:00,False,+25.1%,,N/A,,N/A,False,4.3K,False,$20.20 / SMA $20.77,False,1.09%,False,+-2.7%,,N/A,True,NGM,False,
HPI,John Hancock Preferred Income Fund,16.26,2026-07-02T00:04:45.379501+00:00,False,+6.6%,True,$435.6M,,N/A,False,57.5K,True,$16.26 / SMA $15.99,False,1.05%,,N/A,,N/A,True,NYQ,False,
HPP,"Hudson Pacific Properties, Inc.",16.08,2026-07-02T00:03:01.424190+00:00,True,+205.7%,True,$872.2M,True,+77.9%,True,1228.7K,True,$16.08 / SMA $12.25,True,6.14%,False,+-8.4%,True,49.2M,True,NYQ,False,
HPQ,HP Inc.,22.02,2026-07-01T23:55:25.433775+00:00,False,+25.4%,True,$20137.8M,False,+16.7%,True,19389.7K,False,$22.02 / SMA $22.72,True,4.34%,False,+9.0%,False,911.2M,True,NYQ,False,
HPS,John Hancock Preferred Income Fund III,14.51,2026-07-02T00:03:08.541470+00:00,False,+5.1%,True,$466.8M,,N/A,False,54.3K,True,$14.51 / SMA $14.42,False,1.02%,,N/A,,N/A,True,NYQ,False,
HQ,Horizon Quantum Holdings Ltd.,27.03,2026-07-02T00:04:44.063137+00:00,True,+226.1%,True,$1394.2M,,N/A,True,626.0K,True,$27.03 / SMA $15.08,True,22.87%,,N/A,True,22.2M,True,NCM,True,
HRMY,"Harmony Biosciences Holdings, Inc.",36.0,2026-07-02T00:01:00.595085+00:00,False,+41.1%,True,$2084.1M,False,+-29.5%,True,834.9K,True,$36.00 / SMA $32.35,True,3.41%,False,+16.6%,True,51.7M,True,NGM,False,
HSHP,Himalaya Shipping Ltd.,13.4,2026-07-02T00:02:58.890954+00:00,True,+128.7%,True,$631.7M,True,+178.6%,False,313.3K,False,$13.40 / SMA $14.11,True,3.02%,True,+52.7%,True,31.4M,True,NYQ,False,
HSQVY,Husqvarna AB (publ),7.51,2026-07-01T23:59:17.418637+00:00,False,+0.9%,True,$2147.0M,True,+205.1%,False,121.0K,False,$7.51 / SMA $8.99,False,1.89%,True,+65.0%,False,180.0M,False,PNK,False,
HST,"Host Hotels & Resorts, Inc.",23.35,2026-07-01T23:55:32.367333+00:00,False,+54.4%,True,$16199.4M,True,+105.7%,True,8853.5K,True,$23.35 / SMA $22.11,False,2.27%,False,+3.2%,False,674.1M,True,NMS,False,
HTLD,"Heartland Express, Inc.",15.16,2026-07-02T00:01:13.435595+00:00,True,+116.6%,True,$1174.7M,True,+66.7%,True,560.9K,True,$15.16 / SMA $14.22,True,3.57%,False,+-19.7%,True,54.2M,True,NMS,False,
HTROF,Hexatronic Group AB (publ),4.1,2026-07-02T00:01:15.279583+00:00,True,+127.8%,True,$907.8M,False,+-4.8%,False,0.2K,False,$4.10 / SMA $4.43,False,0.00%,False,+-6.9%,False,169.9M,False,PNK,False,
HUM,Humana Inc.,409.42,2026-07-01T23:55:18.488678+00:00,True,+151.0%,True,$49155.6M,False,+-4.6%,True,1708.7K,True,$409.42 / SMA $309.94,True,3.58%,False,+23.5%,True,119.8M,True,NYQ,False,
HVRRF,Hannover Rück SE,274.9,2026-07-01T23:55:20.149338+00:00,False,+4.8%,True,$33152.2M,True,+48.0%,False,0.0K,False,$274.90 / SMA $285.55,False,0.16%,False,+8.1%,True,60.1M,False,PNK,False,
HVRRY,Hannover Rück SE,46.24,2026-07-01T23:55:19.768216+00:00,False,+7.5%,True,$33457.8M,True,+48.0%,False,28.2K,False,$46.24 / SMA $46.29,False,1.25%,False,+8.1%,False,359.8M,False,PNK,False,
IART,Integra LifeSciences Holdings Corporation,17.89,2026-07-02T00:01:11.620428+00:00,True,+105.6%,True,$1391.8M,True,+81.8%,True,1008.1K,True,$17.89 / SMA $15.05,True,4.54%,False,+2.4%,True,58.7M,True,NMS,False,
IBIDF,"Ibiden Co.,Ltd.",143.0,2026-07-01T23:55:18.905200+00:00,True,+623.1%,True,$39932.1M,,N/A,False,0.7K,True,$143.00 / SMA $111.29,False,0.58%,,N/A,False,258.9M,False,PNK,False,
IBKR,"Interactive Brokers Group, Inc.",93.25,2026-07-01T23:55:07.910386+00:00,False,+65.5%,True,$158172.7M,False,+21.6%,True,4898.5K,True,$93.25 / SMA $85.79,True,3.74%,False,+14.5%,False,432.5M,True,NMS,False,
IBRX,"ImmunityBio, Inc.",9.2,2026-07-01T23:55:47.497550+00:00,True,+371.8%,True,$9635.7M,False,+-313.3%,True,13920.8K,True,$9.20 / SMA $7.65,True,6.73%,True,+167.6%,False,394.1M,True,NMS,False,
ICL,ICL Group Ltd,5.03,2026-07-01T23:55:45.260172+00:00,False,+5.7%,True,$6492.3M,True,+42.9%,True,1428.4K,False,$5.03 / SMA $5.75,False,2.19%,False,+14.5%,False,723.4M,True,NYQ,False,
IDA,"IDACORP, Inc.",150.12,2026-07-01T23:55:47.026885+00:00,False,+31.7%,True,$8317.9M,False,+10.0%,True,551.1K,True,$150.12 / SMA $143.41,False,1.78%,False,+-6.7%,True,55.2M,True,NYQ,False,
IDEXF,"Industria de Diseño Textil, S.A.",62.17,2026-07-01T23:55:06.640918+00:00,False,+34.5%,True,$193578.2M,,N/A,False,4.5K,True,$62.17 / SMA $61.40,False,2.49%,False,+-21.9%,False,1109.7M,False,PNK,False,
IDR,"Idaho Strategic Resources, Inc.",32.75,2026-07-02T00:03:02.963920+00:00,True,+163.9%,True,$517.8M,True,+233.3%,False,266.6K,False,$32.75 / SMA $38.94,True,7.39%,True,+99.0%,True,14.9M,True,ASE,False,
IDRSF,Idorsia Ltd,7.4,2026-07-02T00:01:06.258172+00:00,True,+208.3%,True,$1887.3M,,N/A,False,2.3K,True,$7.40 / SMA $5.55,False,1.35%,False,+-4.2%,False,157.9M,False,PNK,False,
IEAG,Infinite Eagle Acquisition Corp.,10.16,2026-07-02T00:06:17.664814+00:00,False,+1.9%,True,$442.2M,,N/A,False,50.8K,True,$10.16 / SMA $10.05,False,0.11%,,N/A,True,32.3M,True,NGM,False,
IEAGU,Infinite Eagle Acquisition Corp.,10.25,2026-07-02T00:03:09.511876+00:00,False,+1.1%,,N/A,,N/A,False,3.1K,True,$10.25 / SMA $10.23,False,0.18%,,N/A,True,32.3M,True,NGM,False,
IFPJF,Informa plc,12.0,2026-07-01T23:55:34.161869+00:00,False,+12.9%,True,$15046.2M,,N/A,False,0.7K,True,$12.00 / SMA $10.84,False,0.00%,,N/A,False,1266.1M,False,PNK,False,
IGIFF,IGM Financial Inc.,55.87,2026-07-01T23:55:35.362202+00:00,True,+79.3%,True,$12987.2M,False,+22.4%,False,16.0K,True,$55.87 / SMA $55.61,False,0.84%,False,+12.2%,True,84.3M,False,PNK,False,
IKTSF,Intertek Group plc,77.73,2026-07-01T23:55:38.961830+00:00,False,+69.5%,True,$11931.3M,,N/A,False,1.2K,True,$77.73 / SMA $71.92,False,1.09%,,N/A,False,150.4M,False,PNK,False,
ILKAF,Iluka Resources Limited,4.93,2026-07-01T23:59:18.698796+00:00,True,+98.8%,True,$2208.4M,,N/A,False,5.9K,False,$4.93 / SMA $5.52,True,3.82%,,N/A,False,413.0M,False,PNK,False,
IMMX,"Immix Biopharma, Inc.",9.83,2026-07-02T00:03:07.747485+00:00,True,+406.7%,True,$699.8M,False,+-20.0%,True,1351.1K,True,$9.83 / SMA $9.24,True,8.31%,,N/A,True,43.4M,True,NCM,False,
IMOS,ChipMOS TECHNOLOGIES INC.,64.81,2026-07-02T00:01:00.291619+00:00,True,+330.3%,True,$2253.5M,True,+200.0%,False,101.3K,True,$64.81 / SMA $55.63,True,5.12%,True,+25.4%,True,27.8M,True,NMS,False,
IMPUY,Impala Platinum Holdings Limited,10.66,2026-07-01T23:55:36.940825+00:00,False,+25.4%,True,$9574.4M,,N/A,False,215.2K,False,$10.66 / SMA $13.54,True,3.88%,,N/A,False,743.6M,False,OQX,False,
IMTX,Immatics N.V.,9.85,2026-07-02T00:01:03.979543+00:00,True,+95.0%,True,$1346.2M,False,+-30.3%,False,467.5K,False,$9.85 / SMA $10.53,True,5.75%,False,+-59.0%,True,69.6M,True,NCM,False,
IMVT,"Immunovant, Inc.",38.14,2026-07-01T23:57:21.714525+00:00,True,+166.3%,True,$7830.5M,False,+-14.1%,True,1967.8K,True,$38.14 / SMA $31.78,True,4.44%,,N/A,True,78.7M,True,NMS,False,
IMYSF,Imerys S.A.,24.9084,2026-07-01T23:59:21.417850+00:00,False,+2.3%,True,$2111.1M,,N/A,False,0.1K,False,$24.91 / SMA $25.68,False,0.04%,,N/A,True,32.1M,False,PNK,False,
INCY,Incyte Corporation,113.81,2026-07-01T23:55:28.336141+00:00,True,+70.2%,True,$22737.2M,True,+83.7%,True,1661.6K,True,$113.81 / SMA $100.29,True,4.07%,False,+20.9%,False,167.5M,True,NMS,False,
INJJF,INJJF,0.51474,2026-07-02T00:04:59.278213+00:00,False,+0.0%,True,$347.1M,False,+-431.3%,False,0.0K,False,$0.51 / SMA $3.27,False,0.00%,False,+-12.8%,True,114.1M,False,PNK,False,
INMD,InMode Ltd.,14.68,2026-07-02T00:02:52.298515+00:00,False,+15.4%,True,$843.8M,False,+-30.8%,True,837.8K,True,$14.68 / SMA $13.96,False,1.78%,False,+5.3%,True,53.9M,True,NMS,False,
INPAP,International Paper Company PFD $4,81.13,2026-07-01T23:55:30.773109+00:00,False,+10.4%,,N/A,,N/A,False,0.0K,True,$81.13 / SMA $80.06,False,0.02%,False,+13.4%,,N/A,False,PNK,False,
INTA,"Intapp, Inc.",26.35,2026-07-02T00:01:04.038579+00:00,False,+38.6%,True,$2030.6M,False,+-400.0%,True,1008.9K,True,$26.35 / SMA $22.83,True,5.81%,False,+13.1%,True,51.3M,True,NMS,False,
INVA,"Innoviva, Inc.",21.9,2026-07-02T00:01:02.358515+00:00,False,+32.6%,True,$1616.4M,True,+400.0%,True,775.7K,False,$21.90 / SMA $22.66,False,2.77%,False,+10.6%,True,69.2M,True,NMS,False,
IOBCF,Ion Beam Applications SA,19.0,2026-07-02T00:03:04.828025+00:00,False,+65.9%,True,$551.8M,,N/A,False,0.3K,True,$19.00 / SMA $17.95,False,0.39%,,N/A,True,19.5M,False,PNK,False,
IPMLF,Imperial Metals Corporation,4.35,2026-07-02T00:02:53.399288+00:00,False,+51.6%,True,$775.0M,,N/A,False,43.6K,False,$4.35 / SMA $4.82,True,3.27%,False,+17.1%,True,86.3M,False,PNK,False,
IPOAF,"Industrias Peñoles, S.A.B. de C.V.",44.2,2026-07-01T23:55:26.747695+00:00,True,+76.8%,True,$17568.4M,True,+595.8%,False,0.4K,False,$44.20 / SMA $52.17,False,0.44%,True,+82.5%,False,397.2M,False,PNK,False,
IR,Ingersoll Rand Inc.,80.86,2026-07-01T23:55:22.587038+00:00,False,+18.8%,True,$31643.5M,False,+6.5%,True,4053.9K,True,$80.86 / SMA $75.78,True,3.11%,False,+7.6%,False,390.1M,True,NYQ,False,
IRMTF,Information Services Corporation,36.38,2026-07-02T00:02:58.298675+00:00,False,+57.4%,True,$680.3M,,N/A,False,0.0K,True,$36.38 / SMA $34.55,False,0.01%,False,+-0.6%,True,13.1M,False,PNK,False,
IRTC,"iRhythm Holdings, Inc.",124.53,2026-07-01T23:57:39.296523+00:00,False,+23.5%,True,$4092.4M,True,+55.7%,True,531.3K,True,$124.53 / SMA $115.32,True,5.16%,True,+25.7%,True,30.8M,True,NMS,False,
IRWD,"Ironwood Pharmaceuticals, Inc.",4.12,2026-07-02T00:02:59.811471+00:00,True,+514.9%,True,$678.2M,True,+204.3%,True,2298.3K,True,$4.12 / SMA $3.85,True,6.23%,True,+158.9%,True,134.9M,True,NMS,True,
ISMAF,"Indra Sistemas, S.A.",63.55,2026-07-01T23:55:39.628492+00:00,False,+67.7%,True,$11122.4M,False,+-53.8%,False,0.0K,True,$63.55 / SMA $60.79,False,0.00%,False,+-47.5%,True,74.1M,False,PNK,False,
ISMAY,"Indra Sistemas, S.A.",28.13,2026-07-01T23:55:39.256913+00:00,False,+47.6%,True,$9846.5M,False,+-53.8%,False,8.4K,False,$28.13 / SMA $30.27,True,3.07%,False,+-47.5%,True,148.2M,False,PNK,False,
ISUZY,Isuzu Motors Limited,13.24,2026-07-01T23:55:41.857617+00:00,False,+9.9%,True,$9099.0M,,N/A,False,108.9K,False,$13.24 / SMA $13.83,False,1.29%,,N/A,False,531.2M,False,PNK,False,
ITAYY,PT Indo Tambangraya Megah Tbk,2.94,2026-07-02T00:01:05.875065+00:00,False,+28.9%,True,$1638.9M,False,+-16.7%,False,0.5K,True,$2.94 / SMA $2.82,False,0.46%,False,+3.1%,False,188.7M,False,PNK,False,
ITHA,ITHAX Acquisition Corp III,9.98,2026-07-02T00:05:01.633164+00:00,False,+1.3%,True,$306.1M,,N/A,False,6.8K,True,$9.98 / SMA $9.96,False,0.08%,,N/A,True,23.0M,True,NGM,False,
ITHAU,ITHAX Acquisition Corp III,10.165,2026-07-02T00:04:59.779210+00:00,False,+2.3%,,N/A,,N/A,False,5.2K,True,$10.16 / SMA $10.06,False,0.00%,,N/A,True,23.0M,True,NGM,False,
ITT,ITT Inc.,188.84,2026-07-01T23:55:29.897558+00:00,False,+22.4%,True,$16965.4M,False,+-33.1%,True,855.2K,False,$188.84 / SMA $199.70,False,2.79%,True,+32.7%,True,89.0M,True,NYQ,False,
IVBXF,"Innovent Biologics, Inc.",11.028,2026-07-01T23:55:29.404200+00:00,False,+21.2%,True,$19129.4M,,N/A,False,5.5K,True,$11.03 / SMA $10.33,False,2.79%,,N/A,False,1611.6M,False,PNK,False,
IVSBF,Investor AB (publ),41.5,2026-07-01T23:55:08.267237+00:00,False,+47.2%,True,$127145.0M,,N/A,False,17.7K,True,$41.50 / SMA $40.33,False,2.33%,,N/A,False,2441.7M,False,PNK,False,
IWGFF,International Workplace Group plc,2.51,2026-07-01T23:59:19.227743+00:00,False,+16.7%,True,$2369.8M,,N/A,False,45.5K,False,$2.51 / SMA $2.52,False,2.66%,,N/A,False,575.9M,False,PNK,False,
JAGGF,Jaguar Mining Inc.,3.65,2026-07-02T00:04:52.328208+00:00,False,+41.5%,True,$311.5M,True,+350.0%,False,70.6K,False,$3.65 / SMA $4.52,True,5.82%,True,+63.4%,True,43.6M,False,OQX,False,
JAN,"Janus Living, Inc.",28.99,2026-07-01T23:57:31.432385+00:00,False,+27.4%,True,$6152.3M,,N/A,True,1250.3K,True,$28.99 / SMA $26.28,True,3.34%,,N/A,True,64.5M,True,NYQ,False,
JDHIY,JD Health International Inc.,4.26,2026-07-01T23:55:30.694475+00:00,False,+0.0%,True,$13590.0M,,N/A,False,0.1K,False,$4.26 / SMA $5.93,False,0.32%,,N/A,False,1009.7M,False,PNK,False,
JFBHF,Jungfraubahn Holding AG,312.0,2026-07-02T00:00:59.241459+00:00,False,+23.8%,True,$1820.4M,,N/A,False,0.0K,False,$312.00 / SMA $329.20,False,0.00%,,N/A,True,5.2M,False,PNK,False,
JKS,"JinkoSolar Holding Co., Ltd.",16.19,2026-07-02T00:01:12.167328+00:00,False,+5.6%,True,$847.9M,False,+4.3%,True,813.8K,False,$16.19 / SMA $19.95,True,5.87%,False,+-40.7%,True,30.2M,True,NYQ,False,
JMIA,Jumia Technologies AG,7.24,2026-07-02T00:02:52.779672+00:00,True,+77.0%,True,$896.7M,False,+-4.9%,True,2402.7K,True,$7.24 / SMA $7.08,True,6.20%,True,+39.4%,True,90.8M,True,NYQ,False,
JNJ,Johnson & Johnson,253.98,2026-07-01T23:55:04.674870+00:00,False,+64.7%,True,$611385.0M,False,+-52.9%,True,8135.0K,True,$253.98 / SMA $231.37,False,2.11%,False,+9.9%,False,2403.3M,True,NYQ,False,
JPEVF,JPEVF,,2026-07-02T00:02:26.656338+00:00,False,N/A,False,N/A,False,N/A,False,N/A,False,N/A,False,N/A,False,N/A,False,N/A,False,Unknown,False,Too Many Requests. Rate limited. Try after a while.
JRONY,"Jerónimo Martins, SGPS, S.A.",37.96,2026-07-01T23:55:34.292376+00:00,False,+0.0%,True,$11927.7M,False,+-5.5%,False,26.3K,False,$37.96 / SMA $42.58,False,1.06%,False,+6.3%,True,137.4M,False,PNK,False,
JSAIY,J Sainsbury plc,17.685,2026-07-01T23:55:42.883825+00:00,False,+16.0%,True,$9707.1M,,N/A,False,53.6K,True,$17.68 / SMA $16.63,False,1.74%,,N/A,False,317.9M,False,OQX,False,
JSNSF,J Sainsbury plc,4.44,2026-07-01T23:55:40.281191+00:00,False,+24.7%,True,$9748.3M,,N/A,False,1.3K,True,$4.44 / SMA $4.41,False,0.44%,,N/A,False,1271.7M,False,OQX,False,
JSVGF,Johnson Service Group PLC,1.95,2026-07-02T00:02:56.210469+00:00,False,+65.6%,True,$725.2M,,N/A,False,0.0K,True,$1.95 / SMA $1.85,False,0.00%,,N/A,,N/A,False,PNK,False,
JUMSY,Jumbo S.A.,27.82,2026-07-01T23:59:01.710053+00:00,False,+17.6%,True,$3738.1M,,N/A,False,1.9K,True,$27.82 / SMA $26.84,False,0.63%,,N/A,True,112.0M,False,PNK,False,
JXN,Jackson Financial Inc.,104.53,2026-07-01T23:55:47.519074+00:00,False,+26.5%,True,$7290.2M,False,+-1200.0%,True,612.1K,False,$104.53 / SMA $108.28,False,2.67%,False,+-21.9%,True,64.1M,True,NYQ,False,
KAI,Kadant Inc.,306.96,2026-07-01T23:57:39.865253+00:00,False,+25.4%,True,$3624.7M,False,+5.9%,False,171.4K,False,$306.96 / SMA $310.58,True,4.02%,False,+17.7%,True,11.7M,True,NYQ,False,
KAOOY,Kao Corporation,6.52,2026-07-01T23:55:30.279755+00:00,False,+19.5%,True,$29491.3M,,N/A,False,305.1K,True,$6.52 / SMA $6.26,False,2.49%,,N/A,False,3736.7M,False,PNK,False,
KB,KB Financial Group Inc.,102.58,2026-07-01T23:55:18.317942+00:00,False,+34.4%,True,$36383.9M,False,+16.8%,False,246.6K,False,$102.58 / SMA $105.44,False,2.60%,False,+8.3%,False,1383.4M,True,NYQ,False,
KBRLF,K-Bro Linen Inc.,30.45,2026-07-02T00:04:52.162122+00:00,False,+25.6%,True,$392.9M,True,+125.0%,False,0.5K,True,$30.45 / SMA $29.06,False,0.00%,True,+52.9%,True,12.4M,False,PNK,False,
KCDMY,"Kimberly-Clark de México, S. A. B. de C. V.",10.95,2026-07-01T23:57:23.635010+00:00,False,+32.7%,True,$6571.9M,False,+13.3%,False,45.5K,False,$10.95 / SMA $11.15,True,3.36%,False,+3.6%,,N/A,False,OID,False,
KDDIY,KDDI Corporation,16.35,2026-07-01T23:55:12.915296+00:00,False,+26.3%,True,$62245.7M,,N/A,False,453.6K,False,$16.35 / SMA $16.62,True,3.32%,,N/A,False,2881.2M,False,PNK,False,
KDK,"Kodiak AI, Inc.",5.53,2026-07-02T00:01:06.401400+00:00,False,+10.6%,True,$1068.1M,True,+113.6%,True,1150.6K,False,$5.53 / SMA $7.23,True,6.42%,False,+24.4%,True,93.3M,True,NGM,False,
KDP,Keurig Dr Pepper Inc.,33.37,2026-07-01T23:55:17.729885+00:00,False,+34.1%,True,$45401.9M,False,+-47.4%,True,13113.8K,True,$33.37 / SMA $29.83,False,2.50%,False,+9.4%,False,1354.3M,True,NMS,False,
KEP,Korea Electric Power Corporation,12.02,2026-07-01T23:55:30.640376+00:00,False,+2.0%,True,$15432.8M,False,+7.1%,True,987.1K,False,$12.02 / SMA $13.54,False,2.39%,False,+0.7%,False,611.3M,True,NYQ,False,
KEY,KeyCorp,23.25,2026-07-01T23:55:25.108229+00:00,False,+41.2%,True,$25095.3M,True,+33.3%,True,12197.1K,True,$23.25 / SMA $21.82,False,2.04%,False,+10.7%,False,1079.7M,True,NYQ,False,
KHC,The Kraft Heinz Company,25.01,2026-07-01T23:55:22.463268+00:00,False,+18.9%,True,$29656.3M,False,+13.6%,True,14227.2K,True,$25.01 / SMA $22.96,False,2.71%,False,+0.8%,False,855.9M,True,NMS,False,
KHNGF,Kuehne + Nagel International AG,247.46,2026-07-01T23:55:23.594032+00:00,False,+35.8%,True,$29388.4M,,N/A,False,0.1K,True,$247.46 / SMA $234.76,False,0.22%,False,+-17.1%,True,52.9M,False,PNK,False,
KIO,KKR Income Opportunities Fund,11.35,2026-07-02T00:03:08.544382+00:00,False,+6.6%,True,$465.2M,,N/A,False,173.9K,True,$11.35 / SMA $11.12,False,0.81%,,N/A,,N/A,True,NYQ,False,
KKR,KKR & Co. Inc.,92.56,2026-07-01T23:55:10.982398+00:00,False,+12.0%,True,$86306.8M,True,+272.7%,True,4882.5K,False,$92.56 / SMA $96.95,True,3.75%,True,+39.2%,False,690.3M,True,NYQ,False,
KLAR,KLAR,20.44,2026-07-01T23:57:25.270123+00:00,False,+69.5%,True,$7728.6M,,N/A,True,5626.5K,True,$20.44 / SMA $16.34,True,5.84%,,N/A,False,195.8M,True,NYQ,False,
KLRA,"Kailera Therapeutics, Inc.",20.82,2026-07-01T23:59:16.461466+00:00,False,+12.5%,True,$2697.6M,,N/A,True,974.2K,False,$20.82 / SMA $21.83,True,8.03%,,N/A,True,58.4M,True,NMS,False,
KMMPF,Killam Apartment REIT,13.0,2026-07-02T00:01:03.482636+00:00,False,+17.1%,True,$1623.3M,,N/A,False,5.7K,True,$13.00 / SMA $12.92,False,0.04%,False,+4.4%,True,120.0M,False,PNK,False,
KNSL,"Kinsale Capital Group, Inc.",345.27,2026-07-01T23:55:48.431535+00:00,False,+20.2%,True,$7962.9M,True,+27.4%,False,316.8K,True,$345.27 / SMA $313.82,True,3.15%,False,+10.2%,True,21.8M,True,NYQ,False,
KNYJY,KONE Oyj,28.5,2026-07-01T23:55:21.164461+00:00,False,+3.7%,True,$29542.2M,False,+-12.8%,False,72.5K,False,$28.50 / SMA $29.79,False,1.25%,False,+-9.0%,False,734.1M,False,PNK,False,
KO,The Coca-Cola Company,81.29,2026-07-01T23:55:05.376316+00:00,False,+24.4%,True,$349748.8M,False,+18.2%,True,16357.8K,True,$81.29 / SMA $79.31,False,1.91%,False,+12.1%,False,3874.0M,True,NYQ,False,
KRAQU,KRAKacquisition Corp.,10.15,2026-07-02T00:04:44.479540+00:00,False,+1.4%,,N/A,,N/A,False,7.6K,True,$10.15 / SMA $10.07,False,0.28%,,N/A,True,29.2M,True,NGM,False,
KREVF,Keppel REIT,0.65,2026-07-01T23:59:00.917760+00:00,False,+29.2%,True,$3228.8M,,N/A,False,4.7K,False,$0.65 / SMA $0.67,False,0.89%,,N/A,False,3567.6M,False,PNK,False,
KRMN,Karman Holdings Inc.,54.93,2026-07-01T23:55:44.963137+00:00,False,+26.3%,True,$7279.7M,True,+250.0%,True,2749.2K,False,$54.93 / SMA $58.95,True,7.01%,True,+51.0%,True,102.7M,True,NYQ,False,
KRNY,Kearny Financial Corp.,9.54,2026-07-02T00:03:05.087635+00:00,False,+65.6%,True,$600.4M,True,+45.5%,False,415.5K,True,$9.54 / SMA $8.31,False,2.53%,False,+17.4%,True,60.0M,True,NMS,False,
KSIOF,"kneat.com, inc.",4.0,2026-07-02T00:04:53.519753+00:00,True,+77.8%,True,$384.5M,False,+-300.0%,False,54.1K,True,$4.00 / SMA $3.90,False,0.67%,False,+22.1%,True,75.1M,False,OQX,False,
KT,KT Corporation,17.26,2026-07-01T23:55:43.858125+00:00,False,+0.8%,True,$8261.7M,False,+-33.5%,True,1529.3K,False,$17.26 / SMA $19.30,False,2.43%,False,+-1.0%,False,427.5M,True,NYQ,False,
KUMBF,Kumba Iron Ore Limited,19.77,2026-07-01T23:57:24.857215+00:00,False,+12.6%,True,$6335.0M,,N/A,False,0.0K,True,$19.77 / SMA $18.96,False,0.00%,,N/A,True,51.7M,False,PNK,False,
KVUE,Kenvue Inc.,19.33,2026-07-01T23:55:19.839082+00:00,False,+37.9%,True,$37113.8M,True,+47.1%,True,20155.2K,True,$19.33 / SMA $17.66,False,2.11%,False,+4.5%,False,1917.5M,True,NYQ,False,
KYOCY,Kyocera Corporation,22.89,2026-07-01T23:55:23.244134+00:00,True,+116.4%,True,$30155.4M,,N/A,False,82.6K,True,$22.89 / SMA $19.98,True,4.96%,,N/A,False,1210.6M,False,PNK,False,
LAC,Lithium Americas Corp.,3.83,2026-07-02T00:01:01.404880+00:00,False,+55.1%,True,$1344.6M,True,+100.0%,True,11079.9K,False,$3.83 / SMA $4.85,True,5.73%,,N/A,False,334.3M,True,NYQ,False,
LADR,Ladder Capital Corp,9.98,2026-07-02T00:01:08.905415+00:00,False,+3.9%,True,$1274.1M,False,+-77.8%,True,946.5K,True,$9.98 / SMA $9.96,False,1.80%,False,+1.0%,True,111.6M,True,NYQ,False,
LASR,"nLIGHT, Inc.",66.96,2026-07-01T23:57:34.581391+00:00,True,+275.3%,True,$3777.1M,True,+106.2%,True,1264.0K,False,$66.96 / SMA $71.11,True,8.23%,True,+55.2%,True,53.5M,True,NMS,False,
LBRDA,Liberty Broadband Corporation,32.73,2026-07-01T23:57:32.302284+00:00,False,+12.2%,True,$4708.6M,False,+-25.0%,False,212.0K,False,$32.73 / SMA $35.31,True,5.11%,,N/A,True,130.7M,True,NMS,False,
LDGYY,Landis+Gyr Group AG,15.0,2026-07-02T00:00:58.265035+00:00,False,+0.0%,True,$1705.9M,,N/A,False,0.0K,False,$15.00 / SMA $15.31,False,0.00%,,N/A,True,101.2M,False,PNK,False,
LEU,Centrus Energy Corp.,166.34,2026-07-01T23:58:59.273822+00:00,False,+15.0%,True,$3272.4M,False,+-68.1%,True,899.4K,False,$166.34 / SMA $185.67,True,7.64%,False,+4.9%,True,18.3M,True,NYQ,False,
LFCBY,Lifco AB (publ),17.02,2026-07-01T23:55:33.572076+00:00,False,+17.3%,True,$15461.5M,False,+-7.0%,False,0.7K,True,$17.02 / SMA $16.15,False,0.76%,False,+0.9%,False,442.6M,False,PNK,False,
LGDDF,Lagardere SA,22.15,2026-07-01T23:59:15.480961+00:00,False,+9.0%,True,$3164.8M,,N/A,False,0.0K,True,$22.15 / SMA $20.78,False,0.00%,,N/A,True,9.8M,False,PNK,False,
LGND,Ligand Pharmaceuticals Incorporated,312.01,2026-07-01T23:57:33.775399+00:00,True,+179.3%,True,$6253.0M,True,+69.7%,False,315.8K,True,$312.01 / SMA $242.73,True,4.27%,False,+14.1%,True,19.5M,True,NGM,False,
LIF,"Life360, Inc.",57.325,2026-07-01T23:59:07.435422+00:00,False,+54.9%,True,$4645.1M,False,+-40.0%,True,846.3K,True,$57.33 / SMA $45.25,True,6.44%,True,+38.1%,True,77.3M,True,NMS,False,
LILAB,Liberty Latin America Ltd.,7.25,2026-07-02T00:01:03.089556+00:00,False,+30.6%,True,$1460.2M,True,+84.1%,False,0.0K,False,$7.25 / SMA $7.88,False,0.00%,False,+-0.1%,True,129.2M,False,PNK,False,
LIMAF,Linamar Corporation,70.8,2026-07-01T23:57:37.036858+00:00,False,+48.3%,True,$4192.3M,True,+26.2%,False,4.3K,True,$70.80 / SMA $69.64,False,0.48%,False,+16.1%,True,37.7M,False,PNK,False,
LINC,Lincoln Educational Services Corporation,52.61,2026-07-02T00:01:04.911428+00:00,True,+204.3%,True,$1668.8M,True,+133.3%,False,494.9K,True,$52.61 / SMA $46.51,True,5.11%,False,+22.5%,True,27.8M,True,NMS,False,
LINRF,Liontown Limited,1.23,2026-07-01T23:57:30.535871+00:00,True,+171.0%,True,$3910.3M,,N/A,False,11.3K,False,$1.23 / SMA $1.60,True,6.17%,,N/A,False,1999.4M,False,PNK,False,
LKNCY,Luckin Coffee Inc.,29.1,2026-07-01T23:55:43.452356+00:00,False,+6.9%,True,$8331.0M,False,+0.0%,True,1263.6K,False,$29.10 / SMA $31.91,True,3.82%,True,+35.3%,False,208.3M,False,OID,False,
LLDTF,Lloyds Banking Group plc,1.45,2026-07-01T23:55:11.774052+00:00,False,+61.1%,True,$84363.2M,True,+41.2%,False,44.1K,True,$1.45 / SMA $1.32,False,0.54%,False,+10.4%,False,55523.4M,False,PNK,False,
LMAT,"LeMaitre Vascular, Inc.",98.74,2026-07-01T23:59:20.594739+00:00,False,+25.0%,True,$2256.3M,True,+41.7%,False,278.1K,False,$98.74 / SMA $99.70,True,3.11%,False,+11.2%,True,21.3M,True,NGM,False,
LNN,Lindsay Corporation,121.07,2026-07-02T00:01:12.764349+00:00,False,+24.5%,True,$1265.7M,False,+-52.9%,False,197.6K,True,$121.07 / SMA $112.62,False,2.68%,False,+-15.7%,True,10.3M,True,NYQ,False,
LNXSY,LANXESS Aktiengesellschaft,3.774,2026-07-02T00:01:01.856252+00:00,False,+38.3%,True,$1629.4M,,N/A,False,1.2K,False,$3.77 / SMA $3.96,False,0.25%,False,+-13.9%,False,425.8M,False,PNK,False,
LOTMY,LOTMY,27.7,2026-07-01T23:55:48.176697+00:00,False,+27.9%,True,$6509.3M,True,+41.2%,False,16.6K,False,$27.70 / SMA $29.80,False,1.66%,False,+2.6%,False,210.0M,False,PNK,False,
LPBBU,Launch Two Acquisition Corp.,10.86,2026-07-02T00:05:01.187462+00:00,False,+6.2%,,N/A,,N/A,False,0.0K,True,$10.86 / SMA $10.69,False,0.02%,,N/A,True,19.5M,True,NGM,False,
LPGCY,LPGCY,4.61,2026-07-01T23:55:38.093571+00:00,False,+8.0%,True,$8147.9M,,N/A,False,2.3K,False,$4.61 / SMA $6.49,True,5.01%,,N/A,False,442.5M,False,PNK,False,
LQDA,Liquidia Corporation,79.32,2026-07-01T23:57:29.567554+00:00,True,+568.8%,True,$7053.8M,True,+215.6%,True,1857.2K,True,$79.32 / SMA $57.98,True,7.32%,True,+4158.5%,True,62.7M,True,NCM,True,
LSRCY,Lasertec Corporation,59.1,2026-07-01T23:55:26.653548+00:00,True,+212.5%,True,$26485.9M,,N/A,False,78.4K,True,$59.10 / SMA $55.47,True,3.36%,,N/A,False,391.0M,False,PNK,False,
LTBR,Lightbridge Corporation,8.91,2026-07-02T00:04:48.554095+00:00,False,+5.8%,False,$292.6M,False,+16.7%,True,929.7K,False,$8.91 / SMA $11.18,True,7.19%,,N/A,True,31.1M,True,NCM,False,
LTM,LTM,56.91,2026-07-01T23:55:33.531655+00:00,False,+40.4%,True,$16660.1M,True,+70.6%,True,900.7K,True,$56.91 / SMA $51.31,True,3.58%,False,+21.9%,False,176.1M,True,NYQ,False,
LULU,lululemon athletica inc.,116.4,2026-07-01T23:55:32.425443+00:00,False,+11.5%,True,$13217.7M,False,+-35.0%,True,3630.0K,False,$116.40 / SMA $126.04,True,4.24%,False,+4.3%,True,98.1M,True,NMS,False,
LUOYF,Triumph New Energy Company Limited,0.4574,2026-07-02T00:02:58.201075+00:00,False,+1.6%,False,$295.3M,False,+-189.5%,False,0.0K,False,$0.46 / SMA $0.51,False,0.00%,False,+-24.5%,False,397.5M,False,PNK,False,
LUV,Southwest Airlines Co.,50.47,2026-07-01T23:55:27.966485+00:00,True,+74.2%,True,$24668.4M,True,+273.1%,True,7068.1K,True,$50.47 / SMA $42.56,True,3.70%,False,+12.8%,False,483.7M,True,NYQ,False,
LW,"Lamb Weston Holdings, Inc.",44.54,2026-07-01T23:57:26.158493+00:00,False,+18.4%,True,$6149.8M,False,+-62.1%,True,1672.9K,True,$44.54 / SMA $43.31,False,2.97%,False,+2.9%,True,136.8M,True,NYQ,False,
LWAC,LightWave Acquisition Corp.,10.26,2026-07-02T00:05:01.308756+00:00,False,+4.6%,True,$308.6M,,N/A,False,6.9K,True,$10.26 / SMA $10.20,False,0.01%,,N/A,True,21.6M,True,NGM,False,
LX,LexinFintech Holdings Ltd.,2.02,2026-07-02T00:04:57.479435+00:00,False,+12.8%,True,$332.9M,False,+-50.0%,True,1611.7K,False,$2.02 / SMA $2.08,True,4.99%,False,+6.6%,True,110.3M,True,NMS,False,
LXP,LXP Industrial Trust,54.56,2026-07-01T23:59:12.936502+00:00,False,+42.8%,True,$3216.4M,False,+-110.0%,True,502.9K,True,$54.56 / SMA $51.51,False,2.20%,False,+-3.3%,True,57.3M,True,NYQ,False,
LXU,"LSB Industries, Inc.",10.64,2026-07-02T00:02:50.553624+00:00,False,+50.1%,True,$765.4M,True,+1450.0%,True,1123.6K,False,$10.64 / SMA $13.07,True,3.85%,False,+18.2%,True,59.0M,True,NYQ,False,
LZRFY,Localiza Rent a Car S.A.,7.205,2026-07-01T23:55:42.737925+00:00,False,+20.5%,True,$7894.5M,True,+39.4%,False,45.9K,False,$7.21 / SMA $8.67,True,6.43%,False,+21.2%,False,846.6M,False,OQX,False,
MA,Mastercard Incorporated,522.44,2026-07-01T23:55:04.712905+00:00,False,+12.5%,True,$461619.6M,False,+21.2%,True,3792.5K,True,$522.44 / SMA $496.89,False,2.35%,False,+15.8%,False,875.8M,True,NYQ,False,
MAAS,Maase Inc.,15.62,2026-07-01T23:57:30.427709+00:00,True,+448.1%,True,$6906.8M,,N/A,False,236.8K,True,$15.62 / SMA $11.88,True,17.08%,,N/A,True,91.6M,True,NGM,False,
MAHLY,MediPal Holdings Corporation,16.28,2026-07-01T23:59:09.358640+00:00,False,+11.5%,True,$3332.5M,,N/A,False,0.1K,False,$16.28 / SMA $18.26,False,0.11%,,N/A,False,178.4M,False,PNK,False,
MAKO,Mako Mining Corp.,7.49,2026-07-02T00:02:57.349656+00:00,True,+106.9%,True,$655.9M,True,+116.7%,False,189.8K,False,$7.49 / SMA $7.88,True,5.93%,True,+115.8%,True,84.9M,True,NCM,False,
MALRY,Mineral Resources Limited,43.42,2026-07-01T23:55:41.397515+00:00,True,+196.8%,True,$8620.5M,,N/A,False,2.8K,False,$43.42 / SMA $47.63,False,1.54%,,N/A,False,170.3M,False,PNK,False,
MAMA,"Mama's Creations, Inc.",18.33,2026-07-02T00:03:01.796151+00:00,True,+132.6%,True,$750.5M,True,+66.7%,True,528.3K,True,$18.33 / SMA $15.19,True,6.04%,True,+49.7%,True,36.7M,True,NCM,True,
MARA,"MARA Holdings, Inc.",13.37,2026-07-01T23:57:30.109720+00:00,True,+100.8%,True,$5097.6M,False,+-113.5%,True,43609.3K,True,$13.37 / SMA $13.19,True,9.07%,False,+-18.4%,False,372.8M,True,NCM,False,
MARUF,Marubeni Corporation,29.2,2026-07-01T23:55:14.340224+00:00,False,+52.5%,True,$47742.1M,,N/A,False,19.3K,False,$29.20 / SMA $33.59,True,4.89%,,N/A,False,1637.0M,False,PNK,False,
MASI,Masimo Corporation,179.95,2026-07-01T23:55:42.590399+00:00,False,+42.9%,True,$9423.8M,True,+134.4%,True,946.4K,True,$179.95 / SMA $178.68,False,0.13%,False,+8.5%,True,44.3M,True,NGM,False,
MAWHY,Man Wah Holdings Limited,8.05,2026-07-02T00:01:00.081886+00:00,False,+9.4%,True,$1547.2M,,N/A,False,1.4K,False,$8.05 / SMA $9.79,False,0.60%,,N/A,True,142.5M,False,PNK,False,
MAX,"MediaAlpha, Inc.",12.8,2026-07-02T00:03:05.244200+00:00,True,+80.5%,True,$692.0M,True,+625.0%,True,619.2K,True,$12.80 / SMA $9.48,True,5.89%,False,+17.3%,True,31.1M,True,NYQ,False,
MBC,"MasterBrand, Inc.",9.98,2026-07-02T00:01:16.300675+00:00,False,+51.1%,True,$1277.3M,False,+-220.0%,True,3331.4K,True,$9.98 / SMA $8.57,True,5.78%,False,+-6.4%,True,112.4M,True,NYQ,False,
MBFJF,"Mitsubishi UFJ Financial Group, Inc.",20.53,2026-07-01T23:55:06.260093+00:00,False,+66.0%,True,$231514.2M,,N/A,False,143.4K,True,$20.53 / SMA $18.99,True,5.78%,True,+33.5%,False,11182.4M,False,PNK,False,
MBI,MBIA Inc.,6.75,2026-07-02T00:05:00.834450+00:00,False,+57.7%,True,$343.8M,True,+37.5%,False,324.6K,True,$6.75 / SMA $6.06,True,3.92%,True,+71.4%,True,45.1M,True,NYQ,False,
MBINM,Merchants Bancorp,25.3499,2026-07-01T23:59:22.037131+00:00,False,+5.6%,,N/A,,N/A,False,8.6K,True,$25.35 / SMA $25.06,False,0.71%,False,+20.0%,True,28.8M,True,NCM,False,
MCCK,"Mestek, Inc.",71.25,2026-07-02T00:03:01.313461+00:00,True,+70.7%,True,$537.6M,,N/A,False,0.5K,True,$71.25 / SMA $71.13,False,0.60%,,N/A,,N/A,False,OID,False,
MCDIF,Mcdermott International Ltd.,25.65,2026-07-02T00:02:56.064364+00:00,True,+307.1%,True,$731.9M,,N/A,False,32.2K,True,$25.65 / SMA $24.93,True,14.69%,,N/A,,N/A,False,PNK,False,
MCHB,Mechanics Bancorp,16.36,2026-07-01T23:59:07.046693+00:00,False,+31.3%,True,$3622.1M,,N/A,False,487.5K,True,$16.36 / SMA $14.66,False,2.52%,True,+36.1%,True,39.1M,True,NMS,False,
MCHPP,Microchip Technology Incorporated,75.08,2026-07-01T23:55:15.405678+00:00,False,+59.5%,,N/A,,N/A,False,193.3K,False,$75.08 / SMA $78.66,True,3.98%,True,+35.1%,False,531.1M,True,NMS,False,
MCQEF,Macquarie Group Limited,162.44,2026-07-01T23:55:13.389565+00:00,False,+29.0%,True,$62600.9M,,N/A,False,0.1K,False,$162.44 / SMA $165.07,False,0.00%,,N/A,False,363.4M,False,PNK,False,
MDB,"MongoDB, Inc.",359.38,2026-07-01T23:55:23.456805+00:00,True,+81.1%,True,$28905.6M,True,+110.9%,True,2099.5K,True,$359.38 / SMA $314.88,True,6.14%,True,+25.2%,True,78.3M,True,NGM,True,
MDBPF,Medibank Private Limited,3.9,2026-07-01T23:55:39.405405+00:00,False,+40.8%,True,$10740.6M,,N/A,False,0.0K,True,$3.90 / SMA $3.57,False,0.00%,,N/A,False,2750.3M,False,PNK,False,
MDEVY,Melco International Development Limited,2.57,2026-07-02T00:01:14.683349+00:00,False,+15.8%,True,$1169.3M,,N/A,False,0.1K,True,$2.57 / SMA $2.40,False,0.11%,,N/A,False,219.0M,False,PNK,False,
MDIBY,Mediobanca Banca di Credito Finanziario S.p.A.,29.73,2026-07-01T23:55:28.018781+00:00,False,+68.3%,True,$24151.1M,,N/A,False,5.5K,True,$29.73 / SMA $25.63,False,1.03%,,N/A,False,710.8M,False,PNK,False,
MDLN,Medline Inc.,41.73,2026-07-01T23:55:15.867777+00:00,False,+27.2%,True,$74353.3M,False,+-9.2%,True,9528.3K,True,$41.73 / SMA $38.87,True,4.65%,False,+10.7%,False,356.9M,True,NMS,False,
MDLZ,"Mondelez International, Inc.",59.35,2026-07-01T23:55:11.469598+00:00,False,+15.9%,True,$76184.6M,True,+41.9%,True,8379.0K,False,$59.35 / SMA $60.39,False,2.34%,False,+8.2%,False,1280.1M,True,NMS,False,
MDXG,"MiMedx Group, Inc.",3.9,2026-07-02T00:03:04.495853+00:00,False,+28.7%,True,$580.9M,False,+-240.0%,True,1601.6K,True,$3.90 / SMA $3.62,True,3.59%,False,+-33.1%,True,118.0M,True,NCM,False,
MET,"MetLife, Inc.",87.2,2026-07-01T23:55:14.501341+00:00,False,+29.5%,True,$56107.7M,True,+35.9%,True,3576.4K,True,$87.20 / SMA $82.19,False,2.31%,False,+1.8%,False,537.5M,True,NYQ,False,
MEVOU,M Evo Global Acquisition Corp II,10.22,2026-07-02T00:04:47.712099+00:00,False,+2.1%,,N/A,,N/A,False,0.5K,True,$10.22 / SMA $10.11,False,0.12%,,N/A,True,27.4M,True,NGM,False,
MFAO,MFAO,25.28,2026-07-02T00:01:16.882179+00:00,False,+4.5%,,N/A,,N/A,False,18.1K,True,$25.28 / SMA $25.16,False,0.28%,,N/A,,N/A,True,NYQ,False,
MGAWY,Megaworld Corporation,6.4,2026-07-02T00:01:14.474048+00:00,False,+3.9%,True,$1037.8M,,N/A,False,0.3K,False,$6.40 / SMA $6.59,False,0.04%,False,+1.6%,True,41.3M,False,PNK,False,
MGDDF,Compagnie Générale des Établissements Michelin Société en commandite par actions,40.16,2026-07-01T23:55:23.513529+00:00,False,+35.7%,False,$0.0M,,N/A,False,1.3K,True,$40.16 / SMA $37.19,False,1.33%,,N/A,,N/A,False,PNK,False,
MGY,Magnolia Oil & Gas Corporation,24.98,2026-07-01T23:57:28.790420+00:00,False,+18.6%,True,$4758.0M,False,+0.0%,True,2606.2K,False,$24.98 / SMA $28.18,True,3.05%,False,+2.3%,False,183.2M,True,NYQ,False,
MHD,"BlackRock MuniHoldings Fund, Inc.",11.91,2026-07-01T23:59:23.050260+00:00,False,+9.1%,True,$621.0M,,N/A,False,382.4K,True,$11.91 / SMA $11.63,False,0.81%,,N/A,,N/A,True,NYQ,False,
MHO,"M/I Homes, Inc.",156.56,2026-07-01T23:59:05.628293+00:00,False,+41.1%,True,$4034.2M,False,+-35.9%,False,249.4K,True,$156.56 / SMA $137.11,False,2.93%,False,+-5.7%,True,25.0M,True,NYQ,False,
MIMTF,Mitsubishi Materials Corporation,30.3,2026-07-01T23:57:34.120338+00:00,True,+96.1%,True,$3959.5M,,N/A,False,0.0K,False,$30.30 / SMA $32.58,False,0.00%,,N/A,True,120.9M,False,PNK,False,
MITEF,"Mitsubishi Estate Co., Ltd.",25.15,2026-07-01T23:55:20.192741+00:00,False,+39.6%,True,$30307.3M,,N/A,False,0.1K,False,$25.15 / SMA $27.03,False,0.19%,,N/A,False,1156.3M,False,PNK,False,
MITFY,Mitie Group plc,8.3,2026-07-01T23:59:14.312098+00:00,False,+16.7%,True,$2585.3M,,N/A,False,0.9K,False,$8.30 / SMA $9.18,False,0.45%,,N/A,False,289.9M,False,PNK,False,
MITSF,"Mitsui & Co., Ltd.",27.461,2026-07-01T23:55:09.462172+00:00,False,+40.1%,True,$77829.6M,,N/A,False,36.8K,False,$27.46 / SMA $33.75,True,3.13%,,N/A,False,2798.2M,False,PNK,False,
MIUFY,Mitsubishi HC Capital Inc.,16.25,2026-07-01T23:55:37.490683+00:00,False,+17.8%,True,$11666.9M,,N/A,False,0.2K,False,$16.25 / SMA $16.95,False,0.29%,False,+3.1%,False,456.5M,False,PNK,False,
MJDLF,Major Drilling Group International Inc.,10.6,2026-07-02T00:05:34.350617+00:00,False,+69.9%,True,$871.7M,,N/A,False,33.5K,False,$10.60 / SMA $11.80,True,3.96%,False,+24.6%,True,82.0M,False,PNK,False,
MJPNF,"Micronics Japan Co., Ltd.",86.88,2026-07-01T23:58:55.326683+00:00,True,+108.1%,True,$3367.8M,,N/A,False,0.0K,True,$86.88 / SMA $79.43,False,0.02%,,N/A,True,31.7M,False,PNK,False,
MKGAF,Merck KGaA,165.91,2026-07-01T23:55:12.959282+00:00,False,+42.2%,True,$72134.0M,False,+-10.1%,False,0.7K,True,$165.91 / SMA $148.17,True,6.29%,False,+-2.8%,True,129.0M,False,PNK,False,
MKKGY,Merck KGaA,32.96,2026-07-01T23:55:13.004925+00:00,False,+38.9%,True,$71651.4M,False,+-10.1%,False,97.0K,True,$32.96 / SMA $29.27,False,1.70%,False,+-2.8%,False,644.8M,False,PNK,False,
MLI,"Mueller Industries, Inc.",57.42,2026-07-01T23:55:32.966244+00:00,False,+41.1%,True,$12697.9M,True,+55.4%,True,1393.7K,False,$57.42 / SMA $66.95,True,3.19%,False,+19.3%,False,216.0M,True,NYQ,False,
MLKN,"MillerKnoll, Inc.",21.18,2026-07-02T00:01:15.037805+00:00,False,+53.8%,True,$1448.2M,True,+140.5%,True,879.8K,True,$21.18 / SMA $16.13,True,5.59%,,N/A,True,67.4M,True,NMS,False,
MLM,"Martin Marietta Materials, Inc.",579.24,2026-07-01T23:55:20.479913+00:00,False,+10.3%,True,$34781.0M,True,+1218.9%,True,538.9K,False,$579.24 / SMA $586.24,True,3.07%,False,+17.2%,True,59.6M,True,NYQ,False,
MLTX,MoonLake Immunotherapeutics,19.13,2026-07-02T00:01:08.328935+00:00,True,+221.5%,True,$1598.5M,False,+-55.6%,True,1082.4K,True,$19.13 / SMA $18.20,True,5.66%,,N/A,True,43.6M,True,NCM,False,
MLYBY,Malayan Banking Berhad,4.7,2026-07-01T23:55:19.958905+00:00,False,+15.2%,True,$28424.0M,False,+-4.3%,False,4.3K,False,$4.70 / SMA $5.62,True,6.31%,False,+-3.6%,False,5918.8M,False,PNK,False,
MMU,Western Asset Managed Municipals Fund Inc.,10.46,2026-07-02T00:03:03.992312+00:00,False,+6.8%,True,$571.3M,,N/A,False,126.8K,True,$10.46 / SMA $10.18,False,0.94%,,N/A,,N/A,True,NYQ,False,
MNARF,Morguard North American Residential Real Estate Investment Trust,12.175,2026-07-02T00:03:00.286729+00:00,False,+1.5%,True,$844.8M,,N/A,False,0.3K,False,$12.18 / SMA $12.23,False,0.00%,False,+-1.6%,True,25.1M,False,PNK,False,
MNXMF,FireFly Metals Ltd,1.42,2026-07-02T00:01:14.332211+00:00,False,+9.2%,True,$1131.0M,,N/A,False,18.6K,False,$1.42 / SMA_short $1.46,,N/A,,N/A,False,702.2M,False,PNK,False,
MODVF,Melcor Developments Ltd.,12.903,2026-07-02T00:04:50.201032+00:00,False,+27.1%,True,$386.9M,True,+375.0%,False,0.4K,False,$12.90 / SMA $13.19,False,0.07%,False,+-10.6%,True,25.7M,False,PNK,False,
MONRY,Moncler S.p.A.,58.48,2026-07-01T23:55:31.167081+00:00,False,+9.8%,True,$15905.7M,,N/A,False,52.8K,False,$58.48 / SMA $60.87,False,2.09%,,N/A,False,225.9M,False,PNK,False,
MORN,"Morningstar, Inc.",161.97,2026-07-01T23:57:22.588925+00:00,False,+14.5%,True,$6159.4M,True,+50.0%,True,516.7K,False,$161.97 / SMA $173.00,True,4.27%,False,+10.8%,True,19.5M,True,NMS,False,
MPLT,"MapLight Therapeutics, Inc.",36.08,2026-07-02T00:01:10.643920+00:00,True,+194.8%,True,$1636.1M,,N/A,False,356.4K,True,$36.08 / SMA $29.66,True,9.06%,,N/A,True,13.4M,True,NMS,False,
MRAAF,"Murata Manufacturing Co., Ltd.",71.082,2026-07-01T23:55:11.007527+00:00,True,+445.9%,True,$129389.9M,,N/A,False,7.9K,True,$71.08 / SMA $49.77,True,8.12%,,N/A,False,1817.1M,False,PNK,False,
MRCHF,"H.U. Group Holdings, Inc.",20.05,2026-07-02T00:01:13.911763+00:00,False,+7.8%,True,$1110.3M,,N/A,False,0.1K,True,$20.05 / SMA $19.88,False,0.44%,,N/A,True,54.6M,False,PNK,False,
MSADF,"MS&AD Insurance Group Holdings, Inc.",27.72,2026-07-01T23:55:17.245716+00:00,False,+41.6%,True,$40195.4M,,N/A,False,1.1K,True,$27.72 / SMA $26.95,False,0.35%,,N/A,False,1379.5M,False,PNK,False,
MSB,Mesabi Trust,25.75,2026-07-02T00:04:56.601380+00:00,False,+9.3%,True,$337.8M,False,+-70.1%,False,56.7K,False,$25.75 / SMA $26.44,True,4.41%,False,+-52.2%,True,13.1M,True,NYQ,False,
MSC,Studio City International Holdings Limited,1.85,2026-07-02T00:03:06.631895+00:00,False,+2.8%,True,$356.3M,True,+119.0%,False,10.8K,False,$1.85 / SMA $2.31,True,6.77%,False,+9.3%,True,17.0M,True,NYQ,False,
MSDL,Morgan Stanley Direct Lending Fund,15.25,2026-07-02T00:01:09.399498+00:00,False,+11.6%,True,$1292.7M,False,+-114.7%,True,649.0K,True,$15.25 / SMA $14.86,False,2.01%,False,+-105.9%,,N/A,True,NYQ,False,
MSEXP,Middlesex Water Company PFD 7%,589.0,2026-07-02T00:01:16.765533+00:00,False,+11.1%,,N/A,,N/A,False,0.0K,False,$589.00 / SMA $599.90,False,0.00%,False,+10.0%,,N/A,False,PNK,False,
MSFT,Microsoft Corporation,384.28,2026-07-01T23:55:04.798449+00:00,False,+10.0%,True,$2854599.0M,False,+23.4%,True,39406.1K,False,$384.28 / SMA $407.87,True,3.17%,False,+18.3%,False,7417.5M,True,NMS,False,
MTAL,MTAL,10.17,2026-07-02T00:05:01.049536+00:00,False,+1.7%,True,$389.9M,,N/A,False,21.5K,True,$10.17 / SMA $10.12,False,1.77%,,N/A,True,18.9M,True,NYQ,False,
MTPOY,Metropolitan Bank & Trust Company,21.62,2026-07-01T23:57:32.802502+00:00,False,+12.9%,True,$4861.7M,,N/A,False,0.1K,True,$21.62 / SMA $21.38,False,0.00%,False,+20.8%,True,100.5M,False,PNK,False,
MTRBF,Metro Bank Holdings PLC,2.28,2026-07-02T00:01:10.923495+00:00,True,+75.4%,True,$1535.5M,,N/A,False,3.7K,True,$2.28 / SMA $2.06,False,0.38%,,N/A,False,232.2M,False,PNK,False,
MTSFF,"Mitsui Fudosan Co., Ltd.",9.199,2026-07-01T23:55:23.956832+00:00,False,+5.7%,True,$24757.1M,,N/A,False,1.5K,False,$9.20 / SMA $9.96,False,0.52%,,N/A,False,2675.6M,False,PNK,False,
MTSUY,Mitsubishi Corporation,26.88,2026-07-01T23:55:08.620894+00:00,False,+40.4%,True,$98421.1M,,N/A,False,363.9K,False,$26.88 / SMA $31.27,False,1.91%,,N/A,False,3658.7M,False,PNK,False,
MTUS,Metallus Inc.,18.03,2026-07-02T00:02:54.761109+00:00,False,+27.1%,True,$750.5M,True,+333.3%,False,318.2K,False,$18.03 / SMA $19.16,True,3.71%,False,+9.9%,True,36.1M,True,NYQ,False,
MTW,"The Manitowoc Company, Inc.",13.09,2026-07-02T00:04:46.530779+00:00,False,+44.0%,True,$470.1M,False,+5.6%,False,247.2K,True,$13.09 / SMA $12.74,True,3.98%,False,+5.0%,True,33.3M,True,NYQ,False,
MTYFF,MTYFF,25.98,2026-07-02T00:03:00.224304+00:00,False,+11.1%,,N/A,True,+169.2%,False,6.5K,False,$25.98 / SMA $28.20,False,0.54%,False,+-5.9%,True,18.9M,False,PNK,False,
MURGY,Münchener Rückversicherungs-Gesellschaft Aktiengesellschaft in München,11.18,2026-07-01T23:55:12.514230+00:00,False,+10.8%,True,$71530.7M,True,+60.8%,True,1016.8K,True,$11.18 / SMA $11.15,False,1.42%,False,+-0.9%,False,6368.0M,False,PNK,False,
MXCHF,"Orbia Advance Corporation, S.A.B. de C.V.",1.3,2026-07-01T23:59:16.917237+00:00,True,+100.0%,True,$2504.4M,True,+33.3%,False,1.4K,False,$1.30 / SMA $1.31,False,0.52%,False,+10.3%,False,898.8M,False,PNK,False,
MXUBY,MXUBY,7.58,2026-07-01T23:55:35.735080+00:00,False,+0.5%,,N/A,,N/A,False,1.7K,False,$7.58 / SMA_short $8.89,False,1.70%,,N/A,False,166.2M,False,PNK,False,
MYI,"BlackRock MuniYield Quality Fund III, Inc.",11.11,2026-07-02T00:01:08.848832+00:00,False,+8.9%,True,$738.5M,,N/A,False,298.3K,True,$11.11 / SMA $10.84,False,0.80%,,N/A,,N/A,True,NYQ,False,
MYN,"BlackRock MuniYield New York Quality Fund, Inc.",10.16,2026-07-02T00:02:50.357029+00:00,False,+11.4%,True,$389.3M,,N/A,False,131.3K,True,$10.16 / SMA $9.92,False,0.74%,,N/A,,N/A,True,NYQ,False,
MYRG,MYR Group Inc.,463.11,2026-07-01T23:57:23.942676+00:00,True,+170.0%,True,$7211.1M,True,+106.2%,False,300.9K,True,$463.11 / SMA $437.96,True,5.64%,False,+20.0%,True,15.3M,True,NMS,False,
MZYX.U,MZYX.U,,2026-07-02T00:04:51.871845+00:00,False,N/A,False,N/A,False,N/A,False,N/A,False,N/A,False,N/A,False,N/A,False,N/A,False,Unknown,False,No price data available
NBNKF,Nordea Bank Abp,19.3,2026-07-01T23:55:12.980735+00:00,False,+37.4%,True,$65499.4M,False,+0.0%,False,1.0K,True,$19.30 / SMA $18.49,False,0.66%,False,+-1.3%,False,3181.2M,False,OQX,False,
NDRBF,NIBE Industrier AB (publ),3.56,2026-07-01T23:55:45.668654+00:00,False,+1.7%,True,$7754.8M,True,+31.6%,False,0.2K,False,$3.56 / SMA $4.13,False,0.18%,False,+-0.2%,False,1457.4M,False,PNK,False,
NDSN,Nordson Corporation,295.64,2026-07-01T23:55:31.439125+00:00,False,+42.8%,True,$16472.5M,False,+6.1%,False,396.3K,True,$295.64 / SMA $285.85,False,2.17%,False,+8.5%,True,49.6M,True,NMS,False,
NECB,"Northeast Community Bancorp, Inc.",28.32,2026-07-02T00:04:56.950718+00:00,False,+47.0%,True,$391.8M,False,+-5.1%,False,40.7K,True,$28.32 / SMA $24.90,False,2.62%,False,+-2.2%,True,11.8M,True,NCM,False,
NESRF,Northern Star Resources Limited,13.2,2026-07-01T23:55:28.631664+00:00,False,+34.7%,True,$18839.8M,,N/A,False,28.4K,False,$13.20 / SMA $14.64,True,5.54%,,N/A,False,1377.2M,False,PNK,False,
NEXPF,Nexi S.p.A.,4.66,2026-07-01T23:57:29.241455+00:00,False,+43.3%,True,$5474.2M,,N/A,False,1.1K,True,$4.66 / SMA $4.54,False,0.00%,,N/A,False,456.8M,False,PNK,False,
NGGTF,National Grid plc,16.27,2026-07-01T23:55:10.726159+00:00,False,+21.0%,True,$80954.8M,,N/A,False,7.4K,False,$16.27 / SMA $16.72,False,1.98%,,N/A,False,4928.9M,False,PNK,False,
NGKIF,NGK Corporation,46.665,2026-07-01T23:55:41.217627+00:00,True,+280.0%,True,$13129.8M,,N/A,False,0.2K,True,$46.66 / SMA $37.72,False,0.52%,,N/A,False,287.4M,False,PNK,False,
NGNE,Neurogene Inc.,33.88,2026-07-02T00:04:44.004239+00:00,True,+112.7%,True,$535.4M,False,+-28.7%,False,171.9K,True,$33.88 / SMA $28.97,True,7.41%,,N/A,True,6.0M,True,NGM,False,
NHI,"National Health Investors, Inc.",76.55,2026-07-01T23:59:13.521577+00:00,False,+12.7%,True,$3710.5M,False,+10.8%,True,598.1K,True,$76.55 / SMA $73.61,False,2.49%,True,+28.9%,True,47.3M,True,NYQ,False,
NINE,"Nine Energy Service, Inc.",12.75,2026-07-02T00:03:08.301791+00:00,True,+74.2%,False,$177.9M,,N/A,False,61.9K,True,$12.75 / SMA $10.57,True,8.07%,False,+-6.5%,True,8.0M,True,ASE,False,
NIOIF,NIO Inc.,5.2,2026-07-01T23:55:34.388934+00:00,False,+50.3%,True,$13029.5M,True,+93.9%,False,0.3K,False,$5.20 / SMA $5.76,False,0.00%,True,+112.2%,False,1889.0M,False,PNK,False,
NISTF,Nippon Steel Corporation,3.26,2026-07-01T23:55:28.680544+00:00,False,+0.3%,True,$17037.7M,,N/A,False,10.2K,False,$3.26 / SMA $3.56,True,4.45%,,N/A,False,5212.0M,False,PNK,False,
NJDCY,Nidec Corporation,3.65,2026-07-01T23:55:28.149304+00:00,True,+98.4%,True,$17872.1M,,N/A,False,20.1K,False,$3.65 / SMA $4.09,True,25.60%,,N/A,False,3697.2M,False,PNK,False,
NKLR,Terra Innovatum Global N.V.,4.87,2026-07-02T00:02:57.147590+00:00,False,+30.6%,True,$538.1M,,N/A,False,454.6K,False,$4.87 / SMA $5.79,True,8.18%,,N/A,True,63.0M,True,NGM,False,
NLST,"Netlist, Inc.",2.85,2026-07-02T00:01:16.799603+00:00,True,+533.3%,True,$950.0M,True,+200.0%,True,2215.3K,True,$2.85 / SMA $2.73,True,11.21%,True,+262.0%,False,323.2M,False,OQB,False,
NLY,"Annaly Capital Management, Inc.",22.2,2026-07-01T23:55:31.850359+00:00,False,+16.8%,True,$16267.6M,True,+120.0%,True,6927.9K,True,$22.20 / SMA $21.41,False,1.71%,True,+85.4%,False,731.4M,True,NYQ,False,
NMR,"Nomura Holdings, Inc.",8.98,2026-07-01T23:55:25.184121+00:00,False,+44.6%,True,$26248.3M,,N/A,True,1566.2K,True,$8.98 / SMA $8.31,False,1.95%,False,+11.9%,False,2754.6M,True,NYQ,False,
NN,NextNav Inc.,17.75,2026-07-01T23:59:14.379571+00:00,False,+63.3%,True,$2421.8M,True,+73.3%,True,2806.3K,False,$17.75 / SMA $19.84,True,8.69%,False,+-35.3%,True,72.0M,True,NCM,False,
NNE,NANO Nuclear Energy Inc.,20.75,2026-07-02T00:01:07.328481+00:00,False,+9.6%,True,$1081.5M,True,+68.4%,True,2775.7K,False,$20.75 / SMA $25.09,True,9.11%,,N/A,True,40.5M,True,NCM,False,
NNFSF,"Nongfu Spring Co., Ltd.",5.22,2026-07-01T23:55:13.340884+00:00,False,+3.8%,True,$58706.6M,,N/A,False,7.0K,False,$5.22 / SMA $5.24,False,0.00%,,N/A,False,1785.2M,False,PNK,False,
NNGRY,NN Group N.V.,43.15,2026-07-01T23:55:26.210245+00:00,False,+32.4%,True,$22580.5M,,N/A,False,75.3K,True,$43.15 / SMA $42.38,False,1.22%,,N/A,False,524.2M,False,PNK,False,
NNN,"NNN REIT, Inc.",46.57,2026-07-01T23:55:44.705860+00:00,False,+19.7%,True,$8859.9M,False,+-2.0%,True,1812.9K,True,$46.57 / SMA $44.82,False,1.78%,False,+4.1%,False,188.3M,True,NYQ,False,
NOAH,Noah Holdings Limited,9.97,2026-07-02T00:02:56.888356+00:00,False,+4.6%,True,$654.1M,False,+-15.2%,False,75.6K,False,$9.97 / SMA $10.35,False,2.64%,False,+1.8%,True,28.2M,True,NYQ,False,
NOVT,Novanta Inc.,163.7,2026-07-01T23:57:28.155013+00:00,False,+66.6%,True,$5829.9M,False,+-13.6%,False,484.4K,True,$163.70 / SMA $150.41,True,4.90%,False,+10.4%,True,35.3M,True,NMS,False,
NP,Neptune Insurance Holdings Inc.,34.06,2026-07-01T23:57:39.334507+00:00,True,+130.4%,True,$4711.6M,True,+49.3%,True,777.1K,True,$34.06 / SMA $27.54,True,5.42%,True,+28.8%,True,49.5M,True,NYQ,True,
NPXYY,NPXYY,18.43,2026-07-01T23:55:30.333308+00:00,False,+31.0%,True,$15955.0M,,N/A,False,47.2K,True,$18.43 / SMA $18.05,False,2.83%,,N/A,False,396.6M,False,PNK,False,
NRGV,"Energy Vault Holdings, Inc.",4.47,2026-07-02T00:02:50.793704+00:00,True,+496.0%,True,$796.8M,False,+-42.9%,True,5253.3K,False,$4.47 / SMA $4.77,True,10.85%,True,+156.4%,True,147.9M,True,NYQ,False,
NRP,Natural Resource Partners L.P.,99.11,2026-07-02T00:01:07.937762+00:00,False,+3.5%,True,$1313.2M,False,+-51.5%,False,43.4K,False,$99.11 / SMA $106.84,False,2.77%,False,+-15.3%,True,10.0M,True,NYQ,False,
NSRGF,Nestlé S.A.,103.99,2026-07-01T23:55:05.828719+00:00,False,+22.3%,True,$267485.1M,,N/A,False,6.8K,True,$103.99 / SMA $99.07,True,3.68%,,N/A,False,2570.1M,False,OID,False,
NTDOY,"Nintendo Co., Ltd.",10.75,2026-07-01T23:55:15.052616+00:00,False,+5.6%,True,$49571.6M,,N/A,True,3126.1K,False,$10.75 / SMA $11.44,False,2.23%,,N/A,False,4489.5M,False,PNK,False,
NTOIF,Neste Oyj,32.0,2026-07-01T23:55:23.950999+00:00,True,+138.8%,True,$24585.0M,True,+1480.0%,False,1.1K,False,$32.00 / SMA $32.39,False,0.14%,False,+2.9%,False,418.4M,False,PNK,False,
NTTYY,"NTT, Inc.",22.01,2026-07-01T23:55:11.301635+00:00,False,+2.5%,True,$71685.4M,,N/A,False,172.3K,False,$22.01 / SMA $23.41,False,1.37%,,N/A,False,1984.9M,False,PNK,False,
NUCL,Eagle Nuclear Energy Corp.,9.56,2026-07-02T00:04:53.711461+00:00,True,+110.1%,False,$282.8M,False,+-254.8%,True,503.2K,False,$9.56 / SMA $10.44,True,8.36%,,N/A,True,36.8M,True,NCM,False,
NVRI,Enviri Corporation,23.22,2026-07-02T00:01:02.939740+00:00,True,+201.6%,True,$652.6M,,N/A,True,1241.6K,True,$23.22 / SMA $20.00,True,6.75%,,N/A,True,81.9M,True,NYQ,True,
NVSEF,Novartis AG,153.38,2026-07-01T23:55:05.787775+00:00,False,+38.5%,True,$292663.1M,False,+-9.3%,False,23.4K,True,$153.38 / SMA $145.91,False,0.82%,False,+-0.7%,False,1812.2M,False,PNK,False,
NVT,nVent Electric plc,159.99,2026-07-01T23:55:23.137362+00:00,True,+132.2%,True,$25873.7M,False,+-59.7%,True,2146.2K,False,$159.99 / SMA $163.30,True,4.38%,True,+53.5%,False,161.0M,True,NYQ,False,
NWAX.U,NWAX.U,,2026-07-02T00:03:06.242922+00:00,False,N/A,False,N/A,False,N/A,False,N/A,False,N/A,False,N/A,False,N/A,False,N/A,False,Unknown,False,No price data available
NWS,News Corporation,29.25,2026-07-01T23:55:32.827458+00:00,False,+14.8%,True,$15905.1M,False,+-11.1%,True,1513.2K,False,$29.25 / SMA $29.95,False,2.83%,False,+8.8%,False,545.7M,True,NMS,False,
NWWCF,New China Life Insurance Company Ltd.,6.26,2026-07-01T23:55:24.028614+00:00,False,+26.5%,True,$19528.4M,,N/A,False,2.7K,False,$6.26 / SMA $6.61,True,4.06%,False,+-15.8%,False,2731.2M,False,PNK,False,
NXGPY,NEXT plc,100.11,2026-07-01T23:55:27.759240+00:00,False,+27.3%,True,$22855.5M,,N/A,False,0.5K,True,$100.11 / SMA $90.89,False,0.17%,,N/A,False,215.3M,False,PNK,False,
NXST,"Nexstar Media Group, Inc.",181.37,2026-07-01T23:57:27.751517+00:00,False,+17.4%,True,$5538.9M,True,+51.0%,False,411.4K,False,$181.37 / SMA $185.94,True,4.31%,False,+13.1%,True,28.4M,True,NMS,False,
NYAX,Nayax Ltd.,67.76,2026-07-01T23:59:18.590813+00:00,True,+73.0%,True,$2532.7M,False,+-84.1%,False,25.5K,False,$67.76 / SMA $67.79,False,2.38%,True,+31.7%,True,15.8M,True,NMS,False,
NYT,The New York Times Company,71.79,2026-07-01T23:55:36.843987+00:00,False,+40.7%,True,$11620.1M,True,+80.0%,True,1983.3K,False,$71.79 / SMA $75.70,False,2.66%,False,+12.0%,True,134.7M,True,NYQ,False,
OABI,"OmniAb, Inc.",2.39,2026-07-02T00:04:49.936140+00:00,True,+83.8%,True,$346.5M,True,+64.7%,True,739.1K,True,$2.39 / SMA $2.11,True,8.52%,True,+247.3%,True,113.9M,True,NGM,True,
OBYCF,Obayashi Corporation,20.81,2026-07-01T23:55:34.004993+00:00,False,+50.5%,True,$14305.2M,,N/A,False,0.8K,False,$20.81 / SMA $21.53,True,3.17%,,N/A,False,648.4M,False,PNK,False,
OC,Owens Corning,150.58,2026-07-01T23:55:42.282610+00:00,False,+54.4%,True,$12126.0M,False,+-20.4%,True,1238.5K,True,$150.58 / SMA $123.97,True,4.81%,False,+-10.5%,True,79.7M,True,NYQ,False,
OCINF,OCI N.V.,4.45,2026-07-02T00:02:51.294253+00:00,False,+32.4%,True,$938.8M,,N/A,False,0.3K,True,$4.45 / SMA $4.38,False,0.00%,,N/A,True,105.0M,False,PNK,False,
ODD,Oddity Tech Ltd.,17.01,2026-07-02T00:02:57.808298+00:00,True,+83.9%,True,$784.6M,False,+-160.3%,True,1689.8K,True,$17.01 / SMA $13.16,True,9.22%,False,+-26.2%,True,38.9M,True,NGM,False,
ODFJF,ODFJF,8.36,2026-07-01T23:59:19.997362+00:00,False,+59.2%,True,$2004.8M,True,+400.0%,False,0.6K,False,$8.36 / SMA $9.84,False,0.17%,False,+17.7%,True,115.9M,False,PNK,False,
OERLY,OC Oerlikon Corporation AG,9.6,2026-07-02T00:01:05.790104+00:00,False,+38.3%,True,$1600.3M,,N/A,False,0.1K,True,$9.60 / SMA $9.00,False,0.00%,,N/A,True,88.3M,False,PNK,False,
OEZVY,VERBUND AG,11.88,2026-07-01T23:55:24.539004+00:00,False,+0.0%,True,$20636.5M,,N/A,False,0.5K,False,$11.88 / SMA $13.82,False,0.72%,False,+-19.5%,False,330.0M,False,PNK,False,
OFRM,"Once Upon A Farm, PBC",21.88,2026-07-02T00:02:59.208138+00:00,False,+56.3%,True,$916.8M,False,+3.6%,False,493.4K,True,$21.88 / SMA $16.62,True,6.84%,,N/A,True,13.4M,True,NYQ,False,
OII,"Oceaneering International, Inc.",39.39,2026-07-01T23:57:39.006484+00:00,True,+94.9%,True,$3929.0M,False,+-26.5%,True,1128.4K,True,$39.39 / SMA $38.06,True,4.28%,False,+2.7%,True,98.1M,True,NYQ,False,
OLLI,"Ollie's Bargain Outlet Holdings, Inc.",75.51,2026-07-01T23:57:31.833805+00:00,False,+6.6%,True,$4564.8M,False,+19.5%,True,1848.3K,False,$75.51 / SMA $80.45,True,4.94%,False,+14.2%,True,60.2M,True,NGM,False,
OMAB,"Grupo Aeroportuario del Centro Norte, S.A.B. de C.V.",112.2,2026-07-01T23:57:31.902949+00:00,False,+17.3%,True,$5416.0M,False,+-4.2%,False,91.2K,True,$112.20 / SMA $104.71,True,3.11%,False,+6.9%,True,33.8M,True,NMS,False,
OMC,Omnicom Group Inc.,76.11,2026-07-01T23:55:26.948830+00:00,False,+14.7%,True,$21691.8M,False,+-6.9%,True,4421.0K,True,$76.11 / SMA $74.42,True,3.19%,True,+69.2%,False,282.3M,True,NYQ,False,
OMGGF,Omai Gold Mines Corp.,1.56,2026-07-02T00:01:11.179857+00:00,True,+291.5%,True,$1053.6M,False,+0.0%,False,245.6K,False,$1.56 / SMA $1.74,True,6.51%,,N/A,False,664.9M,False,OQB,False,
ONB,Old National Bancorp,26.23,2026-07-01T23:55:42.840047+00:00,False,+35.3%,True,$10134.6M,True,+34.1%,True,3380.9K,True,$26.23 / SMA $24.19,False,2.03%,True,+44.3%,False,383.2M,True,NMS,False,
ONEXF,Onex Corporation,74.47,2026-07-01T23:57:26.972736+00:00,False,+7.5%,True,$5681.1M,False,+-25.4%,False,11.0K,False,$74.47 / SMA $79.86,False,0.83%,False,+-11.4%,True,65.6M,False,PNK,False,
OPEN,Opendoor Technologies Inc.,4.94,2026-07-01T23:57:35.034951+00:00,True,+811.4%,True,$4765.8M,False,+-50.0%,True,40712.5K,True,$4.94 / SMA $4.81,True,7.64%,False,+-37.6%,False,948.8M,True,NMS,False,
OPTEY,Opthea Limited,0.034,2026-07-02T00:03:05.436863+00:00,True,+1600.0%,False,$5.8M,,N/A,False,21.2K,True,$0.03 / SMA $0.03,True,18.16%,,N/A,True,143.8M,False,PNK,False,
OPTX,"Syntec Optics Holdings, Inc.",12.17,2026-07-02T00:04:44.931598+00:00,True,+931.4%,True,$490.2M,,N/A,True,1291.2K,True,$12.17 / SMA $10.13,True,15.43%,,N/A,True,9.3M,True,NCM,True,
OR,OR Royalties Inc.,31.4,2026-07-01T23:57:23.596302+00:00,False,+24.9%,True,$5887.4M,True,+178.6%,True,909.0K,False,$31.40 / SMA $35.82,True,4.02%,True,+87.3%,False,167.1M,True,NYQ,False,
ORN,"Orion Group Holdings, Inc.",15.45,2026-07-02T00:03:03.373804+00:00,True,+139.9%,True,$625.4M,True,+400.0%,False,387.0K,True,$15.45 / SMA $14.43,True,5.75%,False,+14.7%,True,38.2M,True,NYQ,False,
ORRAF,Orora Limited,1.32,2026-07-02T00:01:13.447546+00:00,False,+46.5%,True,$1617.5M,,N/A,False,0.0K,True,$1.32 / SMA $1.07,False,0.00%,,N/A,False,1229.6M,False,PNK,False,
ORXCF,ORIX Corporation,37.72,2026-07-01T23:55:17.664359+00:00,True,+89.3%,True,$41374.7M,,N/A,False,13.7K,True,$37.72 / SMA $36.28,True,5.28%,True,+37.7%,False,1085.5M,False,PNK,False,
OSBGF,OSB Group Plc,6.65,2026-07-01T23:59:20.077565+00:00,False,+0.0%,True,$2270.8M,,N/A,False,0.1K,False,$6.65 / SMA $6.92,False,0.00%,,N/A,False,349.3M,False,PNK,False,
OTLY,Oatly Group AB,9.51,2026-07-02T00:04:59.238265+00:00,False,+18.7%,False,$296.9M,True,+33.3%,False,95.2K,False,$9.51 / SMA $9.86,True,5.18%,False,+15.6%,True,11.3M,True,NMS,False,
OUKPF,Metso Oyj,17.64,2026-07-01T23:55:32.736262+00:00,False,+67.0%,True,$14607.9M,False,+-21.1%,False,0.4K,True,$17.64 / SMA $17.52,False,0.00%,False,+-3.8%,False,699.7M,False,PNK,False,
OUST,"Ouster, Inc.",60.02,2026-07-01T23:59:19.613421+00:00,True,+266.0%,True,$3821.7M,True,+33.3%,True,4343.2K,True,$60.02 / SMA $37.25,True,14.33%,True,+48.9%,True,61.1M,True,NMS,True,
OVCHY,Oversea-Chinese Banking Corporation Limited,38.15,2026-07-01T23:55:11.272360+00:00,False,+53.3%,True,$85641.6M,False,+5.0%,False,36.8K,True,$38.15 / SMA $36.36,True,3.90%,False,+4.7%,False,1758.8M,False,PNK,False,
OVV,Ovintiv Inc.,51.98,2026-07-01T23:55:30.914485+00:00,False,+46.5%,True,$14607.3M,False,+-285.2%,True,3597.7K,False,$51.98 / SMA $56.93,False,2.83%,False,+6.5%,False,279.6M,True,NYQ,False,
OXM,"Oxford Industries, Inc.",35.97,2026-07-02T00:03:00.899376+00:00,False,+17.7%,True,$537.1M,False,+-41.2%,False,414.7K,False,$35.97 / SMA $41.31,True,5.99%,False,+-0.4%,True,13.9M,True,NYQ,False,
OYSE,Oyster Enterprises II Acquisition Corp,10.31,2026-07-02T00:04:54.576244+00:00,False,+4.1%,True,$349.7M,True,+3833.7%,False,12.6K,True,$10.31 / SMA $10.25,False,0.03%,,N/A,True,25.6M,True,NGM,False,
OZK,Bank OZK,52.85,2026-07-01T23:57:29.498671+00:00,False,+24.7%,True,$5769.4M,False,+-2.0%,True,1094.4K,True,$52.85 / SMA $49.05,False,2.14%,False,+2.2%,True,100.7M,True,NMS,False,
PALAF,Paladin Energy Ltd,6.5,2026-07-01T23:58:58.892957+00:00,True,+70.6%,True,$2920.8M,,N/A,False,59.0K,False,$6.50 / SMA $7.86,True,6.04%,,N/A,False,437.6M,False,OQX,False,
PANHF,Ping An Healthcare and Technology Company Limited,2.0,2026-07-01T23:59:15.136403+00:00,True,+122.2%,True,$4253.3M,,N/A,False,0.1K,True,$2.00 / SMA $1.28,False,0.00%,,N/A,False,859.9M,False,PNK,False,
PARR,"Par Pacific Holdings, Inc.",58.8,2026-07-01T23:59:14.544731+00:00,True,+119.2%,True,$2948.5M,True,+293.0%,True,1177.5K,True,$58.80 / SMA $58.78,True,4.34%,False,+4.5%,True,48.7M,True,NYQ,False,
PAYC,"Paycom Software, Inc.",133.96,2026-07-01T23:57:24.111188+00:00,False,+27.7%,True,$6246.2M,False,+22.6%,True,1004.4K,True,$133.96 / SMA $132.48,True,4.09%,False,+7.8%,True,39.8M,True,NYQ,False,
PBATF,PT Bukit Asam (Persero) Tbk,0.17,2026-07-02T00:00:56.051149+00:00,False,+29.7%,True,$1957.4M,,N/A,False,0.0K,True,$0.17 / SMA $-88.04,,N/A,False,+-18.0%,False,3776.9M,False,PNK,False,
PBCRY,PT Bank Central Asia Tbk,7.84,2026-07-01T23:55:17.281223+00:00,False,+18.1%,True,$38534.0M,,N/A,False,428.6K,False,$7.84 / SMA $8.36,False,3.00%,False,+1.1%,False,24120.6M,False,PNK,False,
PBR.A,PBR.A,,2026-07-01T23:55:08.651450+00:00,False,N/A,False,N/A,False,N/A,False,N/A,False,N/A,False,N/A,False,N/A,False,N/A,False,Unknown,False,No price data available
PBTDF,Plover Bay Technologies Limited,1.13,2026-07-02T00:01:11.888051+00:00,True,+134.4%,True,$1249.5M,,N/A,False,0.5K,True,$1.13 / SMA $1.08,False,0.00%,,N/A,False,331.7M,False,PNK,False,
PCAP,ProCap Acquisition Corp,10.28,2026-07-02T00:04:57.927142+00:00,False,+14.1%,True,$389.9M,True,+2322.2%,False,84.7K,True,$10.28 / SMA $10.26,False,0.04%,,N/A,True,22.8M,True,NGM,False,
PCRFF,Panasonic Holdings Corporation,29.25,2026-07-01T23:55:14.952652+00:00,True,+216.2%,True,$68294.2M,,N/A,False,21.7K,True,$29.25 / SMA $22.89,True,5.97%,,N/A,False,2264.4M,False,PNK,False,
PD,"PagerDuty, Inc.",10.03,2026-07-02T00:03:03.907664+00:00,True,+76.0%,True,$773.5M,True,+285.7%,True,2328.7K,True,$10.03 / SMA $7.96,True,5.55%,False,+1.0%,True,71.1M,True,NYQ,False,
PDFS,"PDF Solutions, Inc.",66.88,2026-07-02T00:00:58.601261+00:00,True,+269.1%,True,$2800.1M,True,+250.0%,True,780.3K,True,$66.88 / SMA $52.74,True,6.99%,True,+25.9%,True,32.6M,True,NMS,True,
PDI,PIMCO Dynamic Income Fund,16.72,2026-07-01T23:55:46.977281+00:00,False,+3.9%,True,$7717.4M,,N/A,True,2589.9K,True,$16.72 / SMA $16.67,False,0.98%,,N/A,,N/A,True,NYQ,False,
PDRDF,Pernod Ricard SA,72.31,2026-07-01T23:55:29.209928+00:00,False,+6.7%,True,$18208.0M,,N/A,False,4.0K,False,$72.31 / SMA $73.32,True,3.33%,,N/A,False,193.0M,False,PNK,False,
PEB,Pebblebrook Hotel Trust,18.59,2026-07-02T00:01:01.901576+00:00,True,+99.9%,True,$2107.5M,True,+29.7%,True,2708.3K,True,$18.59 / SMA $15.97,True,3.20%,False,+7.9%,True,104.3M,True,NYQ,False,
PEGA,Pegasystems Inc.,31.09,2026-07-01T23:57:27.701677+00:00,False,+8.5%,True,$5195.6M,False,+-60.9%,True,2229.7K,False,$31.09 / SMA $34.06,True,4.66%,False,+-9.6%,True,88.8M,True,NMS,False,
PEGRY,Pennon Group Plc,12.42,2026-07-01T23:59:04.135496+00:00,False,+5.3%,True,$2929.5M,,N/A,False,15.1K,False,$12.42 / SMA $13.60,False,1.68%,,N/A,False,235.2M,False,PNK,False,
PEO,"Adams Natural Resources Fund, Inc.",24.58,2026-07-02T00:02:56.709058+00:00,False,+19.5%,True,$675.8M,,N/A,False,86.2K,False,$24.58 / SMA $25.85,False,2.23%,,N/A,True,25.1M,True,NYQ,False,
PGENY,Pigeon Corporation,3.1,2026-07-02T00:01:07.059461+00:00,False,+40.3%,True,$1483.6M,,N/A,False,0.0K,True,$3.10 / SMA $2.90,False,0.62%,,N/A,False,446.4M,False,PNK,False,
PHI,PLDT Inc.,17.75,2026-07-01T23:57:36.976380+00:00,False,+4.1%,True,$3835.0M,False,+-1.8%,False,153.0K,False,$17.75 / SMA $18.92,False,2.54%,False,+2.2%,True,71.4M,True,NYQ,False,
PHIN,PHINIA Inc.,78.14,2026-07-01T23:59:16.420624+00:00,False,+68.3%,True,$2892.8M,True,+52.4%,False,381.5K,True,$78.14 / SMA $77.83,True,3.53%,False,+10.3%,True,36.2M,True,NYQ,False,
PHYS,Sprott Physical Gold Trust,30.37,2026-07-01T23:55:31.182028+00:00,False,+21.5%,True,$14476.8M,False,+-30.1%,True,3394.4K,False,$30.37 / SMA $33.54,False,1.69%,False,+-20.5%,,N/A,True,ASE,False,
PKX,POSCO Holdings Inc.,50.01,2026-07-01T23:55:26.629399+00:00,False,+11.2%,True,$15127.2M,True,+54.5%,False,329.3K,False,$50.01 / SMA $69.82,False,2.70%,False,+2.5%,False,1147.6M,True,NYQ,False,
PLAB,"Photronics, Inc.",30.31,2026-07-01T23:59:13.383810+00:00,False,+62.9%,True,$1787.2M,True,+260.0%,True,1453.2K,False,$30.31 / SMA $41.56,True,6.16%,False,+-0.5%,True,57.5M,True,NMS,False,
PLDGP,"Prologis, Inc.",53.34,2026-07-01T23:55:07.786527+00:00,False,+6.4%,,N/A,,N/A,False,1.1K,True,$53.34 / SMA $52.36,False,0.37%,False,+7.4%,False,927.8M,False,OQB,False,
PLPC,Preformed Line Products Company,393.52,2026-07-02T00:01:00.806267+00:00,True,+183.0%,True,$1923.5M,False,+-8.2%,False,129.9K,True,$393.52 / SMA $362.63,True,5.41%,False,+18.7%,True,2.6M,True,NMS,False,
PLSE,"Pulse Biosciences, Inc.",28.33,2026-07-02T00:00:59.355387+00:00,True,+125.6%,True,$1960.7M,False,+-8.0%,False,342.3K,True,$28.33 / SMA $24.38,True,7.72%,,N/A,True,18.5M,True,NCM,False,
PMTR,Perimeter Acquisition Corp. I,10.45,2026-07-02T00:04:58.768094+00:00,False,+3.7%,True,$322.1M,True,+3010.4%,False,26.9K,True,$10.45 / SMA $10.37,False,0.29%,,N/A,True,20.2M,True,NGM,False,
PNDRY,PNDRY,14.13,2026-07-01T23:57:25.526471+00:00,True,+71.3%,True,$8455.5M,False,+-64.5%,False,75.0K,True,$14.13 / SMA $11.23,False,1.76%,False,+-40.6%,False,515.2M,False,PNK,False,
PNFP,"Pinnacle Financial Partners, Inc.",100.82,2026-07-01T23:55:33.074159+00:00,False,+24.3%,True,$15234.6M,False,+-49.7%,True,1339.4K,True,$100.82 / SMA $96.97,False,2.72%,True,+168.3%,True,148.4M,True,NYQ,False,
PNW,Pinnacle West Capital Corporation,106.3,2026-07-01T23:55:36.323151+00:00,False,+24.6%,True,$12882.2M,True,+775.0%,True,1199.9K,True,$106.30 / SMA $101.98,False,1.81%,False,+11.4%,True,120.5M,True,NYQ,False,
POLEU,Andretti Acquisition Corp. II,10.8001,2026-07-02T00:04:59.357265+00:00,False,+3.0%,,N/A,,N/A,False,0.1K,False,$10.80 / SMA $11.33,False,0.28%,,N/A,True,23.8M,True,NGM,False,
POWL,"Powell Industries, Inc.",264.86,2026-07-01T23:55:40.514986+00:00,True,+287.6%,True,$9649.3M,False,+-1.6%,True,711.9K,False,$264.86 / SMA $284.79,True,7.05%,False,+6.5%,True,33.2M,True,NMS,False,
PPAAY,PT Perusahaan Gas Negara (Persero) Tbk,3.9,2026-07-01T23:59:18.803125+00:00,False,+0.0%,True,$2328.8M,True,+42.3%,False,0.6K,False,$3.90 / SMA $4.62,False,0.10%,False,+-3.8%,False,208.6M,False,PNK,False,
PR,Permian Resources Corporation,17.93,2026-07-01T23:55:30.231413+00:00,False,+50.4%,True,$15447.3M,False,+-88.6%,True,12110.0K,False,$17.93 / SMA $19.82,False,2.87%,False,+0.8%,False,795.9M,True,NYQ,False,
PRCT,PROCEPT BioRobotics Corporation,23.47,2026-07-02T00:01:02.378754+00:00,False,+21.3%,True,$1335.9M,False,+-24.4%,True,1541.0K,False,$23.47 / SMA $25.18,True,6.51%,False,+20.2%,True,55.5M,True,NGM,False,
PRGS,Progress Software Corporation,39.16,2026-07-02T00:01:09.996728+00:00,False,+64.4%,True,$1647.8M,True,+28.2%,True,857.6K,True,$39.16 / SMA $30.10,True,5.95%,False,+6.8%,True,41.6M,True,NMS,False,
PRM,"Perimeter Solutions, Inc.",34.65,2026-07-01T23:57:31.389570+00:00,True,+140.8%,True,$5652.4M,False,+22.2%,True,1538.0K,True,$34.65 / SMA $32.63,True,4.94%,True,+73.6%,True,148.9M,True,NYQ,False,
PRXXF,Paradox Interactive AB (publ),12.8924,2026-07-02T00:01:04.873747+00:00,False,+3.1%,True,$1361.7M,False,+-72.1%,False,0.1K,True,$12.89 / SMA $12.49,False,0.00%,False,+-39.2%,True,29.8M,False,PNK,False,
PSBD,Palmer Square Capital BDC Inc.,10.57,2026-07-02T00:04:56.104924+00:00,False,+13.2%,True,$328.9M,False,+-357.7%,False,118.5K,True,$10.57 / SMA $10.41,False,1.85%,False,+-399.7%,,N/A,True,NYQ,False,
PSMT,"PriceSmart, Inc.",195.29,2026-07-01T23:57:31.412119+00:00,True,+92.8%,True,$6033.7M,False,+11.7%,False,272.5K,True,$195.29 / SMA $170.00,False,2.69%,False,+9.7%,True,27.8M,True,NMS,False,
PSNY,Polestar Automotive Holding UK PLC,20.33,2026-07-01T23:59:22.439489+00:00,True,+73.0%,True,$2945.0M,,N/A,False,131.0K,True,$20.33 / SMA $19.97,True,7.23%,,N/A,True,41.7M,True,NGM,False,
PSTL,"Postal Realty Trust, Inc.",24.72,2026-07-02T00:02:55.226584+00:00,True,+81.9%,True,$867.9M,True,+83.3%,False,328.9K,True,$24.72 / SMA $22.93,False,2.75%,False,+20.3%,True,26.2M,True,NYQ,False,
PSYTF,Pason Systems Inc.,8.68,2026-07-02T00:02:54.390534+00:00,False,+10.0%,True,$673.1M,False,+-32.0%,False,29.0K,False,$8.68 / SMA $9.85,False,0.77%,False,+-9.5%,True,77.4M,False,OQX,False,
PTCT,"PTC Therapeutics, Inc.",81.35,2026-07-01T23:57:28.029173+00:00,True,+88.4%,True,$6747.9M,False,+-100.3%,True,1624.2K,True,$81.35 / SMA $72.78,True,4.05%,False,+-76.8%,True,73.2M,True,NMS,False,
PTEN,"Patterson-UTI Energy, Inc.",8.57,2026-07-01T23:57:33.209182+00:00,False,+68.0%,True,$3253.3M,,N/A,True,9432.8K,False,$8.57 / SMA $11.28,True,5.03%,False,+-12.7%,False,371.8M,True,NMS,False,
PTGX,"Protagonist Therapeutics, Inc.",125.17,2026-07-01T23:57:24.835095+00:00,True,+153.5%,True,$8049.9M,True,+126.3%,True,694.0K,True,$125.17 / SMA $105.19,True,4.66%,True,+99.0%,True,52.5M,True,NGM,True,
PTORU,Praetorian Acquisition Corp.,10.1,2026-07-02T00:04:55.679239+00:00,False,+13.5%,,N/A,,N/A,False,6.4K,True,$10.10 / SMA $10.03,False,0.77%,,N/A,True,25.5M,True,NGM,False,
PTRRY,Prio S.A.,9.97,2026-07-01T23:55:38.524916+00:00,False,+52.9%,True,$7987.3M,True,+30.3%,False,34.4K,False,$9.97 / SMA $12.44,True,4.49%,True,+64.7%,,N/A,False,PNK,False,
PTVLF,Pet Valu Holdings Ltd.,12.8,2026-07-02T00:02:52.455456+00:00,False,+4.7%,True,$871.8M,False,+-6.5%,False,11.7K,False,$12.80 / SMA $13.76,False,0.34%,False,+3.2%,True,68.0M,False,PNK,False,
PUBM,"PubMatic, Inc.",13.83,2026-07-02T00:03:07.554743+00:00,True,+124.9%,True,$642.3M,False,+-35.0%,True,678.3K,True,$13.83 / SMA $10.85,True,5.00%,False,+-2.0%,True,34.4M,True,NGM,False,
PVH,PVH Corp.,75.8,2026-07-01T23:57:37.559801+00:00,False,+27.2%,True,$3495.0M,True,+315.9%,True,1232.9K,False,$75.80 / SMA $84.99,True,5.07%,False,+2.1%,True,45.6M,True,NYQ,False,
PWP,Perella Weinberg Partners,16.13,2026-07-02T00:01:00.764460+00:00,False,+10.9%,True,$1533.6M,False,+-91.7%,True,1304.3K,False,$16.13 / SMA $17.76,True,5.43%,False,+-29.7%,True,68.3M,True,NMS,False,
QBEIF,QBE Insurance Group Limited,16.24,2026-07-01T23:55:23.985905+00:00,False,+30.5%,True,$24263.0M,,N/A,False,0.2K,True,$16.24 / SMA $15.98,False,0.00%,,N/A,False,1498.8M,False,PNK,False,
QCRH,"QCR Holdings, Inc.",98.85,2026-07-02T00:01:05.431884+00:00,False,+48.3%,True,$1632.0M,True,+30.9%,False,112.8K,True,$98.85 / SMA $92.31,False,2.52%,False,+18.3%,True,15.9M,True,NGM,False,
QGEN,Qiagen N.V.,39.13,2026-07-01T23:55:48.356150+00:00,False,+20.3%,True,$8070.6M,False,+-19.5%,True,2244.9K,True,$39.13 / SMA $36.15,False,2.30%,False,+1.8%,False,204.8M,True,NYQ,False,
QLYS,"Qualys, Inc.",143.44,2026-07-01T23:58:56.733255+00:00,True,+92.5%,True,$5051.5M,False,+10.1%,True,852.7K,True,$143.44 / SMA $103.01,True,4.71%,False,+9.8%,True,35.0M,True,NMS,False,
QNST,"QuinStreet, Inc.",15.32,2026-07-02T00:02:57.655385+00:00,False,+48.9%,True,$880.1M,True,+62.5%,True,792.5K,True,$15.32 / SMA $12.67,True,4.11%,True,+28.3%,True,54.2M,True,NMS,False,
QNTPF,XtalPi Holdings Limited,0.98,2026-07-01T23:57:32.781687+00:00,False,+63.3%,,N/A,,N/A,False,7.7K,False,$0.98 / SMA_short $1.16,False,1.21%,,N/A,False,3386.7M,False,PNK,False,
QNTQF,QinetiQ Group plc,5.65,2026-07-01T23:59:15.253429+00:00,False,+11.0%,True,$2901.1M,,N/A,False,0.4K,False,$5.65 / SMA $5.93,False,0.85%,,N/A,False,416.6M,False,PNK,False,
QUBT,Quantum Computing Inc.,9.43,2026-07-01T23:59:16.277878+00:00,False,+52.6%,True,$2126.8M,False,+-118.2%,True,21344.8K,False,$9.43 / SMA $10.22,True,8.86%,True,+9364.1%,False,200.4M,True,NCM,False,
QUIK,QuickLogic Corporation,17.88,2026-07-02T00:04:52.284577+00:00,True,+272.5%,True,$316.9M,False,+7.1%,True,572.8K,False,$17.88 / SMA $19.10,True,9.67%,False,+16.8%,True,16.7M,True,NCM,False,
RBC,RBC Bearings Incorporated,620.47,2026-07-01T23:55:29.686852+00:00,True,+70.2%,True,$19628.8M,True,+25.7%,False,249.6K,True,$620.47 / SMA $600.18,False,3.00%,False,+18.3%,True,28.7M,True,NYQ,False,
RCAT,"Red Cat Holdings, Inc.",10.55,2026-07-02T00:01:12.297052+00:00,True,+82.8%,True,$1605.6M,False,+18.5%,True,13641.8K,False,$10.55 / SMA $11.19,True,9.81%,True,+849.1%,True,111.3M,True,NCM,False,
RCL,Royal Caribbean Cruises Ltd.,306.3,2026-07-01T23:55:12.538577+00:00,False,+32.0%,True,$82148.1M,True,+28.9%,True,2829.3K,True,$306.30 / SMA $279.77,True,4.46%,False,+11.3%,False,254.4M,True,NYQ,False,
RDAGU,Republic Digital Acquisition Company,10.48,2026-07-02T00:04:49.392748+00:00,False,+1.3%,,N/A,,N/A,False,2.1K,False,$10.48 / SMA $10.49,False,0.07%,,N/A,True,27.0M,True,NGM,False,
REVXF,Revenio Group Oyj,16.41,2026-07-02T00:04:44.456242+00:00,False,+0.0%,True,$477.4M,False,+-62.8%,False,0.0K,False,$16.41 / SMA $20.36,False,0.00%,False,+-10.5%,True,25.2M,False,PNK,False,
REZI,"Resideo Technologies, Inc.",31.12,2026-07-01T23:57:34.997386+00:00,False,+35.7%,True,$4712.4M,True,+950.0%,True,1385.1K,False,$31.12 / SMA $33.52,True,4.42%,False,+8.0%,True,132.9M,True,NYQ,False,
RGLSF,Regulus Resources Inc.,2.974,2026-07-02T00:04:54.224952+00:00,True,+88.2%,True,$373.4M,,N/A,False,2.8K,True,$2.97 / SMA $2.89,False,2.47%,,N/A,True,84.3M,False,OQX,False,
RILYL,"BRC Group Holdings, Inc.",14.22,2026-07-02T00:04:48.184325+00:00,True,+611.0%,,N/A,,N/A,False,11.3K,False,$14.22 / SMA $15.49,True,3.82%,True,+78.0%,True,25.1M,True,NGM,False,
RIOCF,RioCan Real Estate Investment Trust,16.1,2026-07-01T23:57:33.277556+00:00,False,+32.2%,True,$4687.0M,True,+214.3%,False,36.1K,True,$16.10 / SMA $15.78,False,1.29%,False,+-9.4%,False,289.3M,False,PNK,False,
RITM,Rithm Capital Corp.,9.36,2026-07-01T23:57:30.951126+00:00,False,+11.0%,True,$5225.8M,True,+71.4%,True,5455.3K,False,$9.36 / SMA $9.44,False,2.08%,True,+80.9%,False,555.8M,True,NYQ,False,
RITPF,RIT Capital Partners Plc,29.0,2026-07-01T23:57:37.563695+00:00,False,+13.7%,True,$3919.8M,,N/A,False,0.1K,False,$29.00 / SMA $30.83,False,0.00%,,N/A,True,126.9M,False,PNK,False,
RJET,Republic Airways Holdings Inc.,21.54,2026-07-02T00:01:13.330557+00:00,False,+59.6%,True,$1008.7M,,N/A,False,179.1K,True,$21.54 / SMA $19.56,True,6.45%,,N/A,True,9.6M,True,NMS,False,
RKGRY,RKGRY,9.87,2026-07-01T23:57:27.899031+00:00,False,+5.4%,True,$4935.0M,True,+1400.0%,False,0.4K,False,$9.87 / SMA $11.30,False,0.46%,False,+4.0%,False,350.8M,False,PNK,False,
RKWBF,Rockwool A/S,32.33,2026-07-01T23:57:26.871092+00:00,False,+17.6%,True,$6683.7M,False,+-180.0%,False,0.1K,True,$32.33 / SMA $29.84,False,0.00%,False,+0.0%,False,161.4M,False,PNK,False,
RL,Ralph Lauren Corporation,398.02,2026-07-01T23:55:25.477117+00:00,False,+49.5%,True,$23688.7M,False,+20.7%,True,687.5K,True,$398.02 / SMA $372.39,False,2.95%,False,+16.6%,True,37.2M,True,NYQ,False,
RLAY,"Relay Therapeutics, Inc.",17.76,2026-07-01T23:59:17.796491+00:00,True,+487.1%,True,$3870.6M,False,+10.9%,True,4379.3K,True,$17.76 / SMA $14.59,True,6.96%,False,+-60.9%,True,136.0M,True,NGM,False,
RLX,RLX Technology Inc.,1.94,2026-07-01T23:59:18.479151+00:00,False,+10.2%,True,$2371.2M,True,+27.1%,True,2444.4K,False,$1.94 / SMA $2.05,True,3.82%,True,+107.4%,False,360.3M,True,NYQ,False,
RMIX,"Suncrete, Inc.",21.93,2026-07-02T00:01:12.400926+00:00,True,+138.4%,True,$2118.7M,,N/A,False,467.5K,True,$21.93 / SMA $18.12,True,8.14%,,N/A,True,57.9M,True,NGM,False,
RMNI,"Rimini Street, Inc.",4.5,2026-07-02T00:04:56.421054+00:00,False,+56.8%,True,$416.5M,False,+-75.0%,False,460.1K,True,$4.50 / SMA $3.89,True,3.95%,False,+1.2%,True,40.1M,True,NGM,False,
RNG,"RingCentral, Inc.",40.99,2026-07-01T23:59:11.997278+00:00,True,+73.8%,True,$3437.4M,True,+418.2%,True,1707.0K,False,$40.99 / SMA $41.00,True,5.23%,False,+5.3%,True,72.8M,True,NYQ,False,
RNKGF,RNKGF,48.2,2026-07-01T23:57:28.383821+00:00,False,+3.8%,True,$4909.1M,True,+1400.0%,False,0.4K,False,$48.20 / SMA $57.25,False,0.12%,False,+4.0%,True,70.2M,False,PNK,False,
ROMA,Roma Green Finance Limited,7.8,2026-07-02T00:03:09.451916+00:00,True,+572.4%,True,$464.6M,,N/A,False,93.6K,True,$7.80 / SMA $7.24,True,11.32%,,N/A,True,40.4M,True,NCM,False,
ROP,"Roper Technologies, Inc.",354.68,2026-07-01T23:55:20.062567+00:00,False,+15.9%,True,$35793.4M,True,+59.2%,True,1207.6K,True,$354.68 / SMA $337.29,False,2.77%,False,+11.3%,True,100.4M,True,NMS,False,
RPD,"Rapid7, Inc.",8.97,2026-07-02T00:03:07.605849+00:00,True,+80.5%,True,$599.5M,False,+-33.3%,True,2130.9K,True,$8.97 / SMA $6.97,True,6.89%,False,+-0.3%,True,58.7M,True,NGM,False,
RPM,RPM International Inc.,110.68,2026-07-01T23:55:35.499179+00:00,False,+19.1%,True,$14175.4M,False,+0.0%,True,889.9K,True,$110.68 / SMA $104.15,False,2.41%,False,+8.9%,True,125.9M,True,NYQ,False,
RPRX,Royalty Pharma plc,55.78,2026-07-01T23:55:20.711740+00:00,False,+63.7%,True,$32119.9M,True,+28.6%,True,3731.9K,True,$55.78 / SMA $52.99,False,2.60%,False,+11.0%,False,413.2M,True,NMS,False,
RRBI,"Red River Bancshares, Inc.",94.52,2026-07-02T00:03:01.870493+00:00,False,+62.6%,True,$622.4M,False,+19.1%,False,81.7K,True,$94.52 / SMA $90.88,False,2.89%,False,+10.1%,True,5.1M,True,NMS,False,
RRC,Range Resources Corporation,36.97,2026-07-01T23:55:41.769074+00:00,False,+13.4%,True,$8711.0M,True,+260.0%,True,3215.0K,False,$36.97 / SMA $39.96,False,2.51%,True,+26.1%,False,232.4M,True,NYQ,False,
RSHPF,Irish Residential Properties REIT Plc,1.16,2026-07-02T00:03:00.809181+00:00,False,+11.5%,True,$617.8M,,N/A,False,0.7K,False,$1.16 / SMA $1.17,False,0.00%,,N/A,False,522.7M,False,PNK,False,
RSKD,Riskified Ltd.,5.02,2026-07-02T00:02:57.830563+00:00,False,+35.7%,True,$723.1M,True,+66.7%,True,983.2K,True,$5.02 / SMA $4.79,False,2.92%,False,+7.1%,True,59.3M,True,NYQ,False,
RSMDF,ResMed Inc.,16.72,2026-07-01T23:55:22.039142+00:00,False,+41.1%,True,$24253.4M,False,+10.5%,False,0.1K,False,$16.72 / SMA $19.30,False,0.01%,False,+10.8%,False,576.6M,False,PNK,False,
RTAC,Renatus Tactical Acquisition Corp I,10.63,2026-07-02T00:04:57.984114+00:00,False,+3.6%,True,$405.8M,,N/A,False,109.8K,True,$10.63 / SMA $10.41,False,0.46%,,N/A,True,24.1M,True,NGM,False,
RTOXF,Rotork plc,3.981,2026-07-01T23:59:12.896591+00:00,False,+7.6%,True,$3238.4M,,N/A,False,1.3K,False,$3.98 / SMA $4.19,False,0.01%,,N/A,False,818.0M,False,PNK,False,
RWNFF,RWE Aktiengesellschaft,63.89,2026-07-01T23:55:15.829499+00:00,False,+63.5%,True,$46810.8M,False,+-97.2%,False,3.5K,False,$63.89 / SMA $66.13,False,2.08%,False,+-32.8%,False,636.4M,False,PNK,False,
RWWI,"Rand Worldwide, Inc.",13.95,2026-07-02T00:03:06.071865+00:00,False,+7.2%,True,$468.8M,,N/A,False,3.2K,False,$13.95 / SMA $14.70,False,0.88%,,N/A,,N/A,False,PNK,False,
RXO,"RXO, Inc.",27.74,2026-07-01T23:57:38.319115+00:00,True,+166.1%,True,$4574.9M,False,+-16.7%,True,2383.7K,True,$27.74 / SMA $23.65,True,5.09%,False,+-0.6%,True,125.4M,True,NYQ,False,
RYAM,Rayonier Advanced Materials Inc.,7.73,2026-07-02T00:03:02.373487+00:00,True,+130.7%,True,$521.3M,False,+-149.0%,True,1069.0K,False,$7.73 / SMA $8.84,True,4.73%,False,+-9.5%,True,54.2M,True,NYQ,False,
RYCEY,Rolls-Royce Holdings plc,19.21,2026-07-01T23:55:07.646912+00:00,False,+50.3%,True,$159211.5M,,N/A,True,3161.2K,True,$19.21 / SMA $17.01,False,2.05%,,N/A,False,8187.5M,False,PNK,False,
RYSKF,Reysas Tasimacilik ve Lojistik Ticaret A.S.,0.469,2026-07-02T00:02:53.934105+00:00,False,+52.0%,True,$938.0M,True,+189.7%,False,15.4K,False,$0.47 / SMA $0.48,False,0.25%,False,+8.9%,False,492.2M,False,PNK,False,
RYZ,Ryerson Holding Corporation,23.77,2026-07-02T00:01:07.365270+00:00,False,+22.9%,True,$1233.4M,True,+155.6%,False,417.2K,False,$23.77 / SMA $26.90,True,4.42%,True,+37.9%,True,41.7M,True,NYQ,False,
RZLV,Rezolve AI PLC,3.08,2026-07-02T00:01:15.092427+00:00,False,+50.2%,True,$1228.4M,,N/A,True,16414.3K,True,$3.08 / SMA $2.61,True,7.97%,,N/A,False,195.4M,True,NGM,False,
RZSMF,RCS MediaGroup S.p.A.,1.025,2026-07-02T00:03:04.436481+00:00,False,+13.9%,True,$531.0M,True,+33.4%,False,0.4K,False,$1.02 / SMA $1.05,False,0.00%,False,+0.4%,False,164.8M,False,PNK,False,
SAIL,"SailPoint, Inc.",15.31,2026-07-01T23:55:43.545363+00:00,False,+48.6%,True,$8683.6M,True,+69.0%,True,4144.1K,True,$15.31 / SMA $14.08,True,7.12%,False,+21.6%,False,331.1M,True,NMS,False,
SAPMY,Saipem SpA,0.99,2026-07-01T23:55:41.626276+00:00,True,+135.7%,True,$9604.4M,False,+-21.3%,False,37.1K,False,$0.99 / SMA $1.01,True,6.88%,,N/A,False,6308.0M,False,PNK,False,
SARO,"StandardAero, Inc.",30.0,2026-07-01T23:55:43.632547+00:00,False,+25.9%,True,$9974.2M,True,+26.3%,True,4042.1K,True,$30.00 / SMA $26.26,True,3.45%,False,+13.3%,False,223.2M,True,NYQ,False,
SBC,SBC Medical Group Holdings Incorporated,3.17,2026-07-02T00:04:59.671075+00:00,False,+14.0%,True,$325.2M,False,+-47.6%,False,147.5K,True,$3.17 / SMA $3.15,True,4.19%,False,+-9.0%,True,12.0M,True,NGM,False,
SBGSF,Schneider Electric S.E.,315.83,2026-07-01T23:55:06.876566+00:00,False,+30.1%,True,$177615.3M,,N/A,False,1.5K,False,$315.83 / SMA $317.68,True,5.47%,,N/A,False,562.2M,False,PNK,False,
SBXE,SilverBox Corp V,10.09,2026-07-02T00:04:55.310732+00:00,False,+2.1%,True,$348.1M,,N/A,False,40.9K,True,$10.09 / SMA $10.01,False,0.08%,,N/A,True,25.7M,True,NYQ,False,
SBXE.U,SBXE.U,,2026-07-02T00:04:54.432960+00:00,False,N/A,False,N/A,False,N/A,False,N/A,False,N/A,False,N/A,False,N/A,False,N/A,False,Unknown,False,No price data available
SCGLY,Société Générale Société anonyme,17.51,2026-07-01T23:55:15.423646+00:00,False,+54.8%,True,$63914.6M,,N/A,False,481.3K,True,$17.51 / SMA $16.38,False,1.99%,False,+-77.9%,False,3649.0M,False,OID,False,
SCHL,Scholastic Corporation,47.34,2026-07-02T00:02:51.839993+00:00,True,+129.8%,True,$873.6M,True,+2061.5%,True,502.1K,True,$47.34 / SMA $41.58,True,3.09%,False,+-1.9%,True,17.2M,True,NMS,False,
SCHW,The Charles Schwab Corporation,95.78,2026-07-01T23:55:07.186017+00:00,False,+14.1%,True,$166574.4M,True,+38.4%,True,11768.0K,True,$95.78 / SMA $90.22,False,2.45%,False,+15.8%,False,1635.3M,True,NYQ,False,
SCHYY,Sands China Ltd.,16.85,2026-07-01T23:55:31.903352+00:00,False,+2.2%,True,$13740.0M,,N/A,False,57.0K,False,$16.85 / SMA $19.19,False,2.68%,,N/A,False,204.0M,False,PNK,False,
SCI,Service Corporation International,76.75,2026-07-01T23:55:39.552846+00:00,False,+12.2%,True,$10589.3M,False,+-1.0%,True,1498.3K,True,$76.75 / SMA $76.72,False,2.79%,False,+2.1%,True,134.6M,True,NYQ,False,
SCPPF,S4 Capital plc,0.397,2026-07-02T00:04:49.771556+00:00,True,+99.5%,False,$264.3M,,N/A,False,31.0K,False,$0.40 / SMA $0.53,False,0.89%,,N/A,False,448.3M,False,PNK,False,
SCVL,Shoe Station Group Inc.,17.43,2026-07-02T00:03:08.946700+00:00,False,+16.9%,True,$473.2M,False,+-161.8%,False,497.6K,True,$17.43 / SMA $17.17,True,4.70%,False,+-2.5%,True,17.7M,True,NGM,False,
SD,"SandRidge Energy, Inc.",13.39,2026-07-02T00:03:03.411734+00:00,False,+35.4%,True,$494.3M,True,+42.9%,False,358.6K,False,$13.39 / SMA $14.68,False,2.89%,False,+16.8%,True,36.1M,True,NYQ,False,
SDGR,"Schrödinger, Inc.",16.39,2026-07-02T00:01:16.375962+00:00,False,+49.7%,True,$1224.7M,False,+1.2%,True,1479.6K,True,$16.39 / SMA $13.85,True,6.66%,False,+-1.6%,True,57.7M,True,NMS,False,
SDXOF,Sodexo S.A.,55.69,2026-07-01T23:55:48.564838+00:00,False,+18.5%,True,$8121.2M,,N/A,False,0.7K,True,$55.69 / SMA $51.37,False,0.00%,,N/A,True,81.3M,False,PNK,False,
SEIGY,Semperit Aktiengesellschaft Holding,4.78,2026-07-02T00:04:53.063635+00:00,False,+45.1%,True,$393.4M,True,+222.9%,False,0.0K,True,$4.78 / SMA $4.28,False,0.00%,False,+7.9%,True,21.9M,False,PNK,False,
SEM,Select Medical Holdings Corporation,16.51,2026-07-01T23:59:22.588501+00:00,False,+41.7%,True,$2046.3M,False,+-20.5%,True,2290.8K,True,$16.51 / SMA $16.47,False,0.37%,False,+5.0%,True,97.3M,True,NYQ,False,
SEMHF,Siemens Healthineers AG,39.985,2026-07-01T23:55:16.330800+00:00,False,+8.1%,True,$44751.2M,,N/A,False,6.5K,False,$39.98 / SMA $40.36,True,4.06%,False,+3.6%,False,178.2M,False,PNK,False,
SERV,Serve Robotics Inc.,6.53,2026-07-02T00:02:58.814076+00:00,False,+13.1%,True,$555.6M,False,+-182.6%,True,4723.5K,False,$6.53 / SMA $8.21,True,7.50%,True,+578.2%,True,70.6M,True,NCM,False,
SFD,"Smithfield Foods, Inc.",24.37,2026-07-01T23:55:40.138479+00:00,False,+15.6%,True,$9589.0M,False,+8.8%,True,1425.3K,False,$24.37 / SMA $26.03,False,2.49%,False,+0.8%,True,46.0M,True,NMS,False,
SFGYY,SFGYY,4.39,2026-07-01T23:57:26.034163+00:00,False,+8.4%,True,$5890.0M,,N/A,False,362.2K,True,$4.39 / SMA $4.37,True,3.09%,,N/A,False,1107.2M,False,PNK,False,
SFL,SFL Corporation Ltd.,10.25,2026-07-02T00:01:00.051358+00:00,False,+52.3%,True,$1363.2M,True,+183.3%,True,1467.9K,False,$10.25 / SMA $11.33,False,2.76%,False,+-6.7%,True,107.0M,True,NYQ,False,
SFRGY,Salvatore Ferragamo S.p.A.,6.41,2026-07-02T00:01:05.729734+00:00,True,+152.4%,True,$2124.5M,,N/A,False,3.0K,True,$6.41 / SMA $5.02,True,4.12%,,N/A,True,126.9M,False,PNK,False,
SFST,"Southern First Bancshares, Inc.",62.49,2026-07-02T00:03:04.352368+00:00,False,+63.2%,True,$590.9M,True,+83.1%,False,152.3K,True,$62.49 / SMA $57.85,True,3.06%,True,+27.6%,True,7.5M,True,NGM,False,
SFTBF,SoftBank Group Corp.,36.0,2026-07-01T23:55:05.994633+00:00,True,+73.1%,True,$205161.3M,,N/A,False,32.5K,False,$36.00 / SMA $40.75,True,6.54%,,N/A,False,3653.6M,False,PNK,False,
SG,"Sweetgreen, Inc.",9.1,2026-07-02T00:01:12.018812+00:00,True,+102.7%,True,$1081.3M,True,+600.0%,True,5297.6K,True,$9.10 / SMA $8.07,True,8.39%,False,+-2.9%,True,103.1M,True,NYQ,False,
SGAMF,Sega Sammy Holdings Inc.,13.5,2026-07-01T23:59:16.624058+00:00,False,+0.0%,True,$2737.0M,,N/A,False,0.0K,False,$13.50 / SMA $14.23,False,0.00%,,N/A,True,141.6M,False,PNK,False,
SGGKF,Singapore Technologies Engineering Ltd,8.32,2026-07-01T23:55:23.051786+00:00,False,+45.2%,True,$25956.8M,,N/A,False,4.6K,False,$8.32 / SMA $8.56,False,0.02%,,N/A,False,1522.9M,False,PNK,False,
SGHDY,"SG Holdings Co.,Ltd.",9.65,2026-07-01T23:57:26.643656+00:00,False,+8.1%,True,$5758.5M,,N/A,False,0.0K,True,$9.65 / SMA $9.31,False,0.00%,,N/A,False,380.8M,False,PNK,False,
SGU,"Star Group, L.P.",12.88,2026-07-02T00:04:46.908596+00:00,False,+13.3%,True,$422.9M,True,+32.3%,False,23.2K,True,$12.88 / SMA $12.72,False,2.24%,False,+3.2%,True,24.6M,True,NYQ,False,
SHBI,"Shore Bancshares, Inc.",23.4,2026-07-02T00:02:58.669158+00:00,False,+56.7%,True,$782.9M,False,+24.4%,False,230.3K,True,$23.40 / SMA $20.57,False,2.68%,False,+12.8%,True,30.5M,True,NMS,False,
SHC,Sotera Health Company,17.75,2026-07-01T23:57:34.535053+00:00,False,+62.2%,True,$5061.7M,True,+280.0%,True,3233.6K,True,$17.75 / SMA $15.87,True,3.13%,False,+10.0%,False,191.8M,True,NMS,False,
SHHFF,SHHFF,1.98,2026-07-01T23:59:22.275575+00:00,False,+65.0%,,N/A,,N/A,False,22.2K,False,$1.98 / SMA_short $2.05,False,0.50%,,N/A,,N/A,False,PNK,False,
SHIP,Seanergy Maritime Holdings Corp,13.34,2026-07-02T00:04:58.838671+00:00,True,+114.1%,False,$289.1M,True,+232.4%,False,230.3K,False,$13.34 / SMA $15.04,True,4.70%,True,+77.0%,True,14.4M,True,NCM,False,
SHMWF,"ShinMaywa Industries, Ltd.",13.3,2026-07-02T00:02:52.263502+00:00,False,+52.7%,True,$879.7M,,N/A,False,0.0K,True,$13.30 / SMA $13.22,False,0.00%,,N/A,True,58.3M,False,PNK,False,
SHMXY,SHMXY,11.05,2026-07-01T23:57:22.120202+00:00,False,+6.1%,True,$6385.6M,,N/A,False,0.4K,False,$11.05 / SMA $11.49,False,0.36%,,N/A,False,577.7M,False,PNK,False,
SHNDY,Schindler Holding AG,16.08,2026-07-01T23:55:19.518943+00:00,False,+9.3%,True,$34336.6M,False,+-0.4%,False,10.3K,False,$16.08 / SMA $16.20,True,3.45%,False,+-9.2%,False,1259.6M,False,PNK,False,
SHTDY,Sinopharm Group Co. Ltd.,10.16,2026-07-01T23:57:22.705754+00:00,False,+1.6%,True,$6384.5M,,N/A,False,107.2K,False,$10.16 / SMA $10.70,False,2.14%,,N/A,False,268.4M,False,PNK,False,
SHVTF,Select Harvests Limited,2.62,2026-07-02T00:04:46.972139+00:00,False,+7.8%,True,$370.4M,,N/A,False,0.7K,False,$2.62 / SMA $2.73,False,0.00%,,N/A,True,119.7M,False,PNK,False,
SII,Sprott Inc.,112.73,2026-07-01T23:59:08.298883+00:00,True,+82.0%,True,$2906.5M,True,+145.7%,False,193.1K,False,$112.73 / SMA $126.67,True,4.63%,True,+240.4%,True,24.0M,True,NYQ,False,
SILXY,Silex Systems Limited,19.3,2026-07-02T00:01:11.486528+00:00,True,+72.2%,True,$1113.2M,,N/A,False,7.6K,False,$19.30 / SMA $20.70,False,2.24%,,N/A,True,45.4M,False,OQX,False,
SIMA,SIM Acquisition Corp. I,10.87,2026-07-02T00:04:57.028324+00:00,False,+7.6%,False,$89.3M,False,+0.0%,False,24.3K,False,$10.87 / SMA $10.87,False,0.31%,,N/A,True,0.4M,True,NGM,False,
SION,"Sionna Therapeutics, Inc.",41.64,2026-07-02T00:00:58.306118+00:00,True,+154.2%,True,$1880.1M,False,+3.2%,False,429.5K,True,$41.64 / SMA $39.81,True,7.72%,,N/A,True,16.6M,True,NGM,False,
SIRI,Sirius XM Holdings Inc.,29.95,2026-07-01T23:55:41.480906+00:00,False,+51.5%,True,$10081.8M,False,+22.0%,True,5756.0K,True,$29.95 / SMA $27.56,True,3.29%,False,+1.1%,False,307.8M,True,NMS,False,
SITIF,SITC International Holdings Company Limited,4.4,2026-07-01T23:55:37.180889+00:00,False,+43.6%,True,$11838.8M,,N/A,False,0.4K,True,$4.40 / SMA $4.29,False,0.00%,,N/A,False,1321.3M,False,PNK,False,
SKBSY,Skanska AB (publ),26.44,2026-07-01T23:55:39.077282+00:00,False,+14.9%,True,$10948.3M,False,+3.7%,False,16.6K,False,$26.44 / SMA $26.60,False,1.90%,False,+-10.0%,False,372.4M,False,PNK,False,
SKHHY,Sonic Healthcare Limited,14.45,2026-07-01T23:57:23.968543+00:00,False,+11.7%,True,$7259.6M,,N/A,False,144.7K,True,$14.45 / SMA $13.88,True,4.28%,,N/A,False,458.2M,False,PNK,False,
SKPJF,SKY Perfect JSAT Corporation,22.375,2026-07-01T23:55:46.031876+00:00,True,+219.6%,True,$6342.0M,,N/A,False,0.0K,True,$22.38 / SMA $15.07,False,0.00%,,N/A,True,118.1M,False,PNK,False,
SLG,SL Green Realty Corp.,52.22,2026-07-01T23:59:05.158294+00:00,False,+50.2%,True,$4021.1M,False,+-300.0%,True,1235.8K,True,$52.22 / SMA $45.64,True,3.48%,False,+6.5%,True,70.9M,True,NYQ,False,
SMDPY,"Sumitomo Pharma Co., Ltd.",9.25,2026-07-01T23:57:35.950517+00:00,False,+52.1%,True,$4149.5M,,N/A,False,0.1K,False,$9.25 / SMA $10.39,False,0.00%,,N/A,False,207.8M,False,PNK,False,
SMERY,SMERY,36.84,2026-07-01T23:55:06.873375+00:00,True,+89.0%,True,$156726.3M,,N/A,True,785.0K,False,$36.84 / SMA $39.07,True,4.28%,False,+3.3%,False,3943.4M,False,PNK,False,
SMIZF,"Meliá Hotels International, S.A.",13.25,2026-07-01T23:59:15.043096+00:00,True,+82.8%,True,$3003.5M,False,+-100.0%,False,0.2K,True,$13.25 / SMA $13.15,False,0.00%,False,+3.9%,True,79.4M,False,PNK,False,
SMTC,Semtech Corporation,147.03,2026-07-01T23:55:33.213429+00:00,True,+246.6%,True,$13696.0M,False,+22.7%,True,3541.4K,True,$147.03 / SMA $141.41,True,7.86%,False,+15.9%,True,92.6M,True,NMS,False,
SMTOY,"Sumitomo Electric Industries, Ltd.",68.37,2026-07-01T23:55:13.963182+00:00,True,+226.3%,True,$213292.5M,,N/A,False,76.7K,False,$68.37 / SMA $72.95,True,5.24%,,N/A,False,3067.3M,False,PNK,False,
SMTUF,"Sumitomo Rubber Industries, Ltd.",13.668,2026-07-01T23:58:57.172394+00:00,False,+22.1%,True,$3592.4M,,N/A,False,0.0K,True,$13.67 / SMA $-25.68,,N/A,,N/A,False,186.7M,False,PNK,False,
SNDR,"Schneider National, Inc.",36.4,2026-07-01T23:57:27.202504+00:00,True,+81.0%,True,$6374.5M,False,+-20.0%,True,1114.2K,True,$36.40 / SMA $33.80,True,3.30%,False,+-0.2%,True,67.2M,True,NYQ,False,
SNLRF,Sanlorenzo S.p.A.,40.97,2026-07-02T00:01:04.703001+00:00,False,+26.6%,True,$1450.2M,False,+4.1%,False,0.1K,False,$40.97 / SMA $41.36,False,0.01%,False,+3.2%,True,9.8M,False,PNK,False,
SNMSF,Spin Master Corp.,14.22,2026-07-02T00:01:07.392791+00:00,False,+12.4%,True,$1430.8M,,N/A,False,15.0K,True,$14.22 / SMA $13.63,False,0.78%,False,+-49.4%,True,30.6M,False,PNK,False,
SNMYF,Suncorp Group Limited,13.09,2026-07-01T23:55:33.695232+00:00,False,+20.9%,True,$13876.1M,,N/A,False,0.3K,True,$13.09 / SMA $12.48,False,0.00%,,N/A,False,1068.8M,False,PNK,False,
SOBKY,SoftBank Corp.,12.65,2026-07-01T23:55:12.883518+00:00,False,+1.7%,True,$60503.6M,,N/A,False,189.6K,False,$12.65 / SMA $13.54,False,1.14%,,N/A,False,2843.5M,False,PNK,False,
SOMLF,"SECOM CO., LTD.",40.05,2026-07-01T23:55:29.649585+00:00,False,+20.1%,True,$16146.6M,,N/A,False,0.0K,True,$40.05 / SMA $37.34,False,0.00%,,N/A,False,404.4M,False,PNK,False,
SON,Sonoco Products Company,56.15,2026-07-01T23:57:32.350913+00:00,False,+45.3%,True,$5551.5M,False,+23.6%,True,1368.6K,True,$56.15 / SMA $50.17,True,3.01%,False,+-1.9%,True,97.7M,True,NYQ,False,
SOOBF,Sapporo Holdings Limited,10.66,2026-07-01T23:57:36.062370+00:00,False,+26.6%,True,$4155.7M,,N/A,False,0.1K,True,$10.66 / SMA $-8.15,,N/A,,N/A,False,276.5M,False,PNK,False,
SPASF,SATS Ltd.,3.27,2026-07-01T23:57:38.543630+00:00,False,+65.2%,True,$4830.1M,,N/A,False,0.1K,True,$3.27 / SMA $2.76,False,0.00%,False,+9.8%,False,875.3M,False,PNK,False,
SPB,"Spectrum Brands Holdings, Inc.",86.15,2026-07-02T00:00:58.929775+00:00,True,+72.3%,True,$1981.1M,True,+3033.3%,False,364.3K,True,$86.15 / SMA $81.24,False,2.77%,False,+4.9%,True,20.1M,True,NYQ,False,
SPCE,"Virgin Galactic Holdings, Inc.",2.78,2026-07-02T00:04:57.948062+00:00,False,+30.5%,True,$357.3M,True,+66.0%,True,31842.6K,False,$2.78 / SMA $3.36,True,17.32%,False,+-50.8%,True,100.0M,True,NYQ,False,
SPGDF,Springer Nature AG & Co. KGaA,21.65,2026-07-01T23:57:34.198780+00:00,True,+216400.0%,,N/A,,N/A,False,1.0K,False,$21.65 / SMA_short $21.92,,N/A,,N/A,,N/A,False,PNK,False,
SPHR,Sphere Entertainment Co.,169.12,2026-07-01T23:57:33.272728+00:00,True,+346.3%,True,$6053.2M,True,+98.2%,True,710.2K,True,$169.12 / SMA $142.67,True,4.93%,True,+37.7%,True,24.6M,True,NYQ,True,
SPPP,Sprott Physical Platinum and Palladium Trust,12.61,2026-07-02T00:02:59.829492+00:00,False,+9.0%,True,$549.6M,False,+-244.4%,False,483.3K,False,$12.61 / SMA $14.66,False,2.70%,False,+-427.4%,,N/A,True,ASE,False,
SPT,"Sprout Social, Inc.",7.99,2026-07-02T00:04:47.290623+00:00,False,+62.4%,True,$480.2M,True,+42.1%,True,1509.7K,True,$7.99 / SMA $6.80,True,6.73%,False,+11.2%,True,53.2M,True,NCM,False,
SRE,Sempra,91.37,2026-07-01T23:55:13.461010+00:00,False,+24.9%,True,$59729.2M,False,+13.7%,True,3778.7K,True,$91.37 / SMA $91.34,False,1.87%,False,+-3.9%,False,652.5M,True,NYQ,False,
SSDOY,"Shiseido Company, Limited",16.34,2026-07-01T23:57:23.120525+00:00,False,+20.1%,True,$6529.8M,,N/A,False,47.5K,False,$16.34 / SMA $17.89,False,1.01%,,N/A,False,361.9M,False,PNK,False,
SSL,Sasol Limited,9.59,2026-07-01T23:55:44.974610+00:00,True,+101.0%,True,$6147.6M,,N/A,True,1864.2K,False,$9.59 / SMA $12.57,False,2.74%,,N/A,False,578.5M,True,NYQ,False,
SSREY,Swiss Re AG,39.91,2026-07-01T23:55:17.439367+00:00,False,+10.8%,True,$47226.2M,,N/A,False,59.0K,True,$39.91 / SMA $38.88,False,1.09%,,N/A,False,1109.0M,False,PNK,False,
STE,STERIS plc,212.3,2026-07-01T23:55:26.909564+00:00,False,+8.8%,True,$20690.3M,True,+51.4%,True,795.1K,True,$212.30 / SMA $211.83,False,2.21%,False,+7.3%,True,97.2M,True,NYQ,False,
STGPF,Scentre Group,2.65,2026-07-01T23:55:34.130854+00:00,False,+32.5%,True,$14726.2M,,N/A,False,1.4K,False,$2.65 / SMA $2.68,False,0.00%,,N/A,False,5190.1M,False,PNK,False,
STGW,Stagwell Inc.,7.58,2026-07-02T00:01:02.983032+00:00,True,+76.7%,True,$1878.7M,False,+-66.7%,True,1485.5K,True,$7.58 / SMA $6.65,True,4.78%,False,+8.0%,True,104.0M,True,NMS,False,
STMZF,Scottish Mortgage Investment Trust PLC,19.6148,2026-07-01T23:55:26.271872+00:00,False,+44.0%,,N/A,,N/A,False,15.5K,True,$19.61 / SMA $19.58,True,3.28%,,N/A,,N/A,False,PNK,False,
STN,Stantec Inc.,67.62,2026-07-01T23:55:44.159514+00:00,False,+1.0%,True,$7713.2M,False,+10.2%,False,429.1K,False,$67.62 / SMA $78.10,False,2.80%,False,+7.5%,True,113.8M,True,NYQ,False,
STOHF,Equinor ASA,30.93,2026-07-01T23:55:09.728150+00:00,False,+39.3%,True,$77005.3M,True,+29.2%,False,47.3K,False,$30.93 / SMA $36.83,False,0.25%,False,+-5.3%,False,621.3M,False,PNK,False,
STRF,Strategy Inc,94.77,2026-07-01T23:55:13.952360+00:00,False,+14.9%,,N/A,,N/A,False,149.9K,False,$94.77 / SMA $95.23,False,2.89%,False,+11.9%,False,329.9M,True,NMS,False,
STRT,Strattec Security Corporation,82.69,2026-07-02T00:05:02.077772+00:00,False,+45.0%,True,$345.5M,False,+-40.9%,False,107.5K,True,$82.69 / SMA $75.38,True,4.01%,False,+-4.5%,True,4.0M,True,NGM,False,
STRZ,Starz Entertainment Corp.,30.21,2026-07-02T00:04:51.161287+00:00,True,+259.6%,True,$507.2M,,N/A,False,161.8K,True,$30.21 / SMA $23.64,True,6.91%,,N/A,True,12.0M,True,NMS,False,
STUB,"StubHub Holdings, Inc.",12.86,2026-07-01T23:57:39.906489+00:00,True,+124.0%,True,$4828.1M,True,+161.5%,True,6141.8K,True,$12.86 / SMA $9.50,True,5.93%,False,+12.2%,False,253.7M,True,NYQ,False,
SU,Suncor Energy Inc.,53.57,2026-07-01T23:55:11.499585+00:00,False,+42.7%,True,$63252.5M,True,+30.1%,True,4186.5K,False,$53.57 / SMA $62.65,False,2.44%,False,+15.7%,False,1179.5M,True,NYQ,False,
SUMCF,Sumco Corporation,23.76,2026-07-01T23:55:47.976916+00:00,True,+235.1%,True,$8309.2M,,N/A,False,10.4K,True,$23.76 / SMA $21.14,True,8.27%,,N/A,False,344.9M,False,PNK,False,
SUPN,"Supernus Pharmaceuticals, Inc.",47.41,2026-07-01T23:59:16.168031+00:00,False,+51.2%,True,$2751.7M,True,+81.0%,True,696.5K,True,$47.41 / SMA $47.32,True,3.07%,True,+38.6%,True,52.1M,True,NGM,False,
SVACU,Spring Valley Acquisition Corp. III,10.36,2026-07-02T00:04:58.311056+00:00,False,+3.6%,,N/A,,N/A,False,2.1K,False,$10.36 / SMA $10.97,False,0.65%,,N/A,True,23.0M,True,NGM,False,
SVAUF,StorageVault Canada Inc.,3.25,2026-07-02T00:01:13.784031+00:00,False,+9.1%,True,$1188.4M,,N/A,False,15.6K,True,$3.25 / SMA $3.21,False,0.01%,False,+6.2%,False,223.1M,False,PNK,False,
SVNLF,Svenska Handelsbanken AB (publ),14.81,2026-07-01T23:55:21.643697+00:00,False,+26.9%,True,$30231.8M,False,+0.6%,False,2.7K,True,$14.81 / SMA $14.41,False,0.52%,False,+-1.2%,False,1625.6M,False,PNK,False,
SVRA,Savara Inc.,6.06,2026-07-02T00:01:15.523901+00:00,True,+198.5%,True,$1241.9M,False,+-25.0%,True,1558.7K,True,$6.06 / SMA $5.28,True,5.14%,,N/A,True,130.1M,True,NMS,False,
SVTMF,SM Investments Corporation,10.153,2026-07-01T23:55:37.347568+00:00,False,+3.8%,True,$12351.5M,False,+8.0%,False,0.0K,False,$10.15 / SMA $10.21,False,0.00%,False,+4.7%,False,477.8M,False,PNK,False,
SVV,"Savers Value Village, Inc.",10.01,2026-07-02T00:01:09.710061+00:00,False,+45.0%,True,$1541.4M,False,+0.0%,True,1100.0K,True,$10.01 / SMA $8.83,True,4.78%,False,+8.9%,True,36.1M,True,NYQ,False,
SWKS,"Skyworks Solutions, Inc.",65.93,2026-07-01T23:55:36.171476+00:00,False,+27.0%,True,$9916.3M,False,+-44.2%,True,4772.6K,False,$65.93 / SMA $70.67,True,5.94%,False,+-1.0%,True,149.7M,True,NMS,False,
SWPFF,Swire Properties Limited,2.6,2026-07-01T23:55:29.350640+00:00,False,+12.1%,True,$15230.2M,,N/A,False,0.8K,False,$2.60 / SMA $3.00,False,0.03%,,N/A,False,960.7M,False,PNK,False,
SWRD,Stewards Inc.,2.5,2026-07-02T00:03:00.640620+00:00,True,+227.4%,True,$522.8M,,N/A,False,0.7K,False,$2.50 / SMA $2.92,True,4.15%,,N/A,True,86.4M,False,OID,False,
SWSDF,Swiss Life Holding AG,1106.01,2026-07-01T23:55:21.590175+00:00,False,+12.4%,True,$30908.0M,,N/A,False,0.0K,True,$1106.01 / SMA $1075.60,False,0.00%,,N/A,True,27.8M,False,PNK,False,
SYIEY,Symrise AG,25.46,2026-07-01T23:55:35.365309+00:00,False,+31.8%,True,$14341.4M,,N/A,False,63.5K,True,$25.46 / SMA $22.76,False,1.41%,,N/A,False,530.6M,False,PNK,False,
SYY,Sysco Corporation,83.53,2026-07-01T23:55:18.757609+00:00,False,+22.5%,True,$39942.6M,False,+-13.4%,True,4266.6K,True,$83.53 / SMA $76.32,False,1.95%,False,+4.7%,False,476.7M,True,NYQ,False,
SZCRF,SCOR SE,34.67,2026-07-01T23:57:23.015821+00:00,False,+14.0%,True,$6193.9M,,N/A,False,0.2K,False,$34.67 / SMA $36.61,False,0.00%,,N/A,False,169.6M,False,PNK,False,
SZGPY,Salzgitter AG,4.95,2026-07-01T23:57:38.494018+00:00,True,+120.0%,True,$2697.4M,True,+325.8%,False,1.0K,False,$4.95 / SMA $6.19,False,1.81%,False,+0.7%,False,303.1M,False,PNK,False,
SZLMY,Swiss Life Holding AG,55.16,2026-07-01T23:55:20.912092+00:00,False,+13.7%,True,$31550.5M,,N/A,False,12.3K,True,$55.16 / SMA $54.89,False,2.33%,,N/A,False,556.6M,False,PNK,False,
TACOU,Berto Acquisition Corp.,10.77,2026-07-02T00:04:48.811447+00:00,False,+5.5%,,N/A,,N/A,False,3.0K,True,$10.77 / SMA $10.74,False,1.38%,,N/A,True,30.3M,True,NGM,False,
TAP,Molson Coors Beverage Company,39.04,2026-07-01T23:55:46.528368+00:00,False,+2.6%,True,$7322.0M,True,+35.6%,True,3296.1K,False,$39.04 / SMA $40.79,False,2.70%,False,+2.0%,False,168.3M,True,NYQ,False,
TBPH,"Theravance Biopharma, Inc.",16.98,2026-07-02T00:02:53.257379+00:00,False,+56.9%,True,$880.0M,True,+63.0%,False,486.7K,True,$16.98 / SMA $16.58,False,2.14%,False,+15.0%,True,23.7M,True,NGM,False,
TCBI,"Texas Capital Bancshares, Inc.",104.54,2026-07-01T23:57:35.052863+00:00,False,+38.6%,True,$4565.4M,True,+69.6%,False,482.7K,True,$104.54 / SMA $100.16,False,2.34%,False,+15.5%,True,40.4M,True,NMS,False,
TCCHF,Technogym S.p.A.,24.0,2026-07-01T23:57:32.678020+00:00,True,+71.4%,True,$4783.0M,,N/A,False,0.2K,True,$24.00 / SMA $23.55,False,0.00%,,N/A,True,82.9M,False,PNK,False,
TCMD,"Tactile Systems Technology, Inc.",30.65,2026-07-02T00:03:03.451935+00:00,True,+225.5%,True,$691.3M,True,+38.5%,False,302.3K,True,$30.65 / SMA $25.34,True,4.20%,False,+22.8%,True,22.1M,True,NGM,False,
TCNNF,Trulieve Cannabis Corp.,9.83,2026-07-02T00:01:06.339660+00:00,False,+24.1%,True,$1890.4M,True,+105.9%,True,2136.9K,True,$9.83 / SMA_short $9.26,,N/A,False,+-3.7%,False,167.6M,False,PNK,False,
TCPC,BlackRock TCP Capital Corp.,3.45,2026-07-02T00:05:00.159442+00:00,False,+12.0%,False,$289.5M,False,+-176.0%,True,850.1K,False,$3.45 / SMA $3.71,True,3.48%,False,+-148.7%,,N/A,True,NMS,False,
TDUP,ThredUp Inc.,6.91,2026-07-02T00:03:03.930392+00:00,True,+124.4%,True,$891.7M,False,+-25.0%,True,2403.3K,True,$6.91 / SMA $4.93,True,6.12%,False,+14.6%,True,101.9M,True,NMS,False,
TDW,Tidewater Inc.,67.03,2026-07-01T23:57:38.807249+00:00,False,+46.6%,True,$3333.4M,False,+-85.5%,True,790.5K,False,$67.03 / SMA $77.50,True,3.76%,False,+-2.2%,True,45.9M,True,NYQ,False,
TER,"Teradyne, Inc.",427.34,2026-07-01T23:55:14.000686+00:00,True,+382.3%,True,$66896.7M,True,+314.8%,True,4244.1K,True,$427.34 / SMA $384.83,True,7.48%,True,+87.0%,False,156.2M,True,NMS,False,
TEVA,Teva Pharmaceutical Industries Limited,33.44,2026-07-01T23:55:17.784684+00:00,True,+123.1%,True,$38938.4M,True,+72.2%,True,6188.6K,False,$33.44 / SMA $33.93,True,3.51%,False,+2.3%,False,1083.1M,True,NYQ,False,
TFII,TFI International Inc.,141.66,2026-07-01T23:55:36.645082+00:00,True,+75.7%,True,$11642.5M,False,+-19.7%,False,388.1K,False,$141.66 / SMA $145.73,False,2.85%,False,+-0.8%,True,77.0M,True,NYQ,False,
TGLS,Tecnoglass Inc.,46.97,2026-07-02T00:00:58.880723+00:00,False,+25.2%,True,$2083.8M,False,+-21.1%,False,324.6K,True,$46.97 / SMA $42.85,True,3.98%,False,+12.0%,True,23.5M,True,NYQ,False,
TGS,Transportadora de Gas del Sur S.A.,28.66,2026-07-01T23:57:33.166282+00:00,False,+45.2%,True,$4314.8M,False,+12.4%,False,352.4K,False,$28.66 / SMA $30.41,True,3.87%,False,+13.5%,True,31.3M,True,NYQ,False,
THLEF,Thales S.A.,256.43,2026-07-01T23:55:14.405756+00:00,False,+5.6%,True,$52691.6M,,N/A,False,0.3K,False,$256.43 / SMA $267.15,True,5.09%,,N/A,True,89.0M,False,PNK,False,
THQQF,Embracer Group AB (publ),6.6,2026-07-02T00:01:01.225092+00:00,False,+29.4%,True,$1465.8M,False,+-188.5%,False,0.1K,False,$6.60 / SMA $6.85,False,0.40%,False,+-24.1%,True,102.4M,False,PNK,False,
THW,Abrdn World Healthcare Fund,13.44,2026-07-02T00:03:06.095128+00:00,False,+32.7%,True,$542.5M,,N/A,False,104.3K,True,$13.44 / SMA $12.51,False,2.01%,,N/A,,N/A,True,NYQ,False,
THYCF,Taiheiyo Cement Corporation,26.95,2026-07-01T23:59:16.926560+00:00,False,+21.1%,True,$2936.4M,,N/A,False,0.4K,True,$26.95 / SMA $23.50,False,0.00%,,N/A,True,109.8M,False,PNK,False,
THYCY,Taiheiyo Cement Corporation,6.82,2026-07-01T23:59:14.738218+00:00,False,+25.6%,True,$2972.3M,,N/A,False,0.1K,True,$6.82 / SMA $6.30,False,0.00%,,N/A,False,439.4M,False,PNK,False,
THYKF,thyssenkrupp nucera AG & Co. KGaA,8.52,2026-07-02T00:01:09.182729+00:00,False,+6.5%,True,$1250.0M,False,+-1566.7%,False,0.1K,False,$8.52 / SMA $9.78,False,0.00%,False,+-76.7%,True,22.6M,False,PNK,False,
TIC,"TIC Solutions, Inc.",8.0,2026-07-02T00:00:57.170647+00:00,False,+25.8%,True,$1768.3M,False,+9.5%,True,2386.6K,False,$8.00 / SMA $8.67,True,4.63%,True,+108.4%,True,96.9M,True,NYQ,False,
TKECF,"Tokyo Electric Power Company Holdings, Incorporated",3.1,2026-07-01T23:57:28.500259+00:00,False,+6.9%,True,$4968.4M,,N/A,False,0.6K,False,$3.10 / SMA $3.54,False,1.41%,,N/A,False,1510.6M,False,PNK,False,
TKHVY,Türk Hava Yollari Anonim Ortakligi,71.86,2026-07-01T23:55:44.759110+00:00,False,+18.9%,True,$9861.2M,True,+633.3%,False,0.2K,True,$71.86 / SMA $67.76,False,0.22%,False,+21.1%,True,70.2M,False,PNK,False,
TKOMY,"Tokio Marine Holdings, Inc.",44.33,2026-07-01T23:55:10.515158+00:00,False,+38.0%,True,$84745.3M,,N/A,False,107.8K,False,$44.33 / SMA $45.53,False,1.69%,,N/A,False,1825.3M,False,PNK,False,
TKUGF,"Takeuchi Mfg. Co., Ltd.",48.54,2026-07-01T23:59:21.572296+00:00,False,+50.0%,True,$2242.2M,,N/A,False,0.0K,True,$48.54 / SMA $42.38,False,0.00%,,N/A,True,30.8M,False,PNK,False,
TKYMY,Tokuyama Corporation,14.0,2026-07-01T23:59:22.954920+00:00,False,+41.4%,True,$2014.5M,,N/A,False,0.0K,True,$14.00 / SMA $13.24,False,0.00%,,N/A,True,140.9M,False,PNK,False,
TLNCU,Talon Capital Corp.,10.545,2026-07-02T00:04:54.714799+00:00,False,+5.7%,,N/A,,N/A,False,0.6K,True,$10.54 / SMA $10.42,False,0.94%,,N/A,True,23.1M,True,NGM,False,
TLPFF,Teleperformance SE,60.19,2026-07-01T23:57:30.962679+00:00,False,+16.0%,True,$3499.7M,,N/A,False,1.4K,False,$60.19 / SMA $67.97,False,0.07%,,N/A,True,37.3M,False,PNK,False,
TLXPF,New Murchison Gold Limited,0.036,2026-07-02T00:04:49.003005+00:00,True,+260.0%,True,$391.1M,,N/A,False,0.8K,True,$0.04 / SMA $0.03,False,0.00%,,N/A,False,5454.9M,False,PNK,False,
TME,Tencent Music Entertainment Group,8.66,2026-07-01T23:55:35.004307+00:00,False,+9.1%,True,$14178.8M,False,+-51.8%,True,10436.1K,False,$8.66 / SMA $9.02,True,3.21%,False,+7.3%,False,559.8M,True,NYQ,False,
TMICF,Trend Micro Incorporated,34.3575,2026-07-01T23:57:29.504073+00:00,False,+3.8%,True,$4458.5M,,N/A,False,0.0K,False,$34.36 / SMA $36.36,False,0.00%,,N/A,True,122.3M,False,PNK,False,
TMXXF,TMX Group Limited,32.57,2026-07-01T23:55:39.340446+00:00,False,+2.9%,True,$8994.0M,,N/A,False,33.6K,False,$32.57 / SMA $37.51,False,1.26%,False,+24.1%,False,272.9M,False,PNK,False,
TNEYF,Tamarack Valley Energy Ltd.,8.64,2026-07-01T23:57:34.331041+00:00,True,+151.2%,True,$4131.1M,,N/A,False,77.6K,False,$8.64 / SMA $9.15,True,5.19%,False,+3.9%,False,469.7M,False,PNK,False,
TNIPF,TNIPF,34.6,2026-07-01T23:59:16.370123+00:00,False,+6.5%,,N/A,,N/A,False,0.4K,False,$34.60 / SMA_short $37.85,,N/A,,N/A,,N/A,False,PNK,False,
TRC,Tejon Ranch Co.,18.91,2026-07-02T00:03:05.725760+00:00,False,+23.5%,True,$510.4M,True,+120.0%,False,95.4K,False,$18.91 / SMA $19.31,False,2.32%,False,+15.8%,True,17.5M,True,NYQ,False,
TREX,"Trex Company, Inc.",48.69,2026-07-01T23:57:38.028637+00:00,False,+63.6%,True,$5058.8M,False,+3.6%,True,1981.8K,True,$48.69 / SMA $42.23,True,4.56%,False,+1.0%,True,103.2M,True,NYQ,False,
TRI,Thomson Reuters Corporation,84.91,2026-07-01T23:55:18.282915+00:00,False,+11.3%,True,$37066.5M,False,+7.3%,True,2004.9K,False,$84.91 / SMA $85.64,True,4.06%,False,+9.8%,True,127.4M,True,NMS,False,
TRMK,Trustmark Corporation,47.09,2026-07-01T23:59:17.725718+00:00,False,+31.0%,True,$2759.7M,False,+8.0%,False,401.5K,True,$47.09 / SMA $44.56,False,1.98%,False,+3.7%,True,57.2M,True,NMS,False,
TRON,Tron Inc.,1.58,2026-07-02T00:02:51.033154+00:00,False,+41.1%,True,$749.5M,True,+225.0%,True,920.8K,False,$1.58 / SMA $1.92,True,8.33%,False,+8.7%,True,46.1M,True,NCM,False,
TRSBF,3SBio Inc.,2.15,2026-07-01T23:57:24.436291+00:00,False,+7.5%,True,$5374.4M,,N/A,False,0.8K,False,$2.15 / SMA $2.54,False,0.00%,,N/A,False,1852.3M,False,PNK,False,
TRUP,"Trupanion, Inc.",26.15,2026-07-02T00:01:17.322127+00:00,False,+23.6%,True,$1140.7M,True,+466.7%,False,390.7K,True,$26.15 / SMA $23.82,True,4.26%,False,+12.3%,True,33.3M,True,NGM,False,
TSHA,"Taysha Gene Therapies, Inc.",6.65,2026-07-02T00:01:03.718443+00:00,True,+185.4%,True,$1911.0M,False,+-50.0%,True,3034.2K,True,$6.65 / SMA $6.16,True,6.94%,False,+-100.0%,False,205.9M,True,NMS,False,
TSIOF,361 Degrees International Limited,0.5431,2026-07-02T00:01:08.730597+00:00,False,+0.0%,True,$1177.3M,,N/A,False,0.6K,False,$0.54 / SMA $0.66,False,0.35%,,N/A,False,779.5M,False,PNK,False,
TSN,"Tyson Foods, Inc.",58.43,2026-07-01T23:55:25.948199+00:00,False,+15.6%,True,$20574.9M,True,+3550.0%,True,3194.8K,False,$58.43 / SMA $61.70,False,2.60%,False,+4.4%,False,275.0M,True,NYQ,False,
TSRYF,Treasury Wine Estates Limited,3.4,2026-07-01T23:59:19.814273+00:00,False,+58.1%,True,$2935.7M,,N/A,False,1.2K,True,$3.40 / SMA $3.07,False,0.00%,,N/A,False,702.3M,False,PNK,False,
TSUKY,"Toyo Suisan Kaisha, Ltd.",62.56,2026-07-01T23:55:48.536541+00:00,False,+7.6%,True,$6089.7M,,N/A,False,5.8K,False,$62.56 / SMA $66.09,True,6.41%,,N/A,True,86.4M,False,PNK,False,
TTBXF,Tritax Big Box REIT plc,2.42,2026-07-01T23:57:29.029333+00:00,False,+42.6%,,N/A,,N/A,False,2.5K,True,$2.42 / SMA_short $2.03,,N/A,,N/A,,N/A,False,PNK,False,
TTDKF,TDK Corporation,22.31,2026-07-01T23:55:17.970918+00:00,True,+121.9%,True,$42347.8M,,N/A,False,11.4K,True,$22.31 / SMA $21.05,True,6.64%,,N/A,False,1897.8M,False,PNK,False,
TTNDY,Techtronic Industries Company Limited,83.6,2026-07-01T23:55:22.590542+00:00,False,+56.2%,True,$30569.2M,,N/A,False,40.0K,True,$83.60 / SMA $75.46,False,1.42%,,N/A,False,284.6M,False,OQX,False,
TUWOY,Tullow Oil plc,0.0751,2026-07-02T00:04:55.513107+00:00,True,+275.5%,False,$227.6M,,N/A,False,277.1K,False,$0.08 / SMA $0.09,True,27.44%,,N/A,False,2175.2M,False,PNK,False,
TV,"Grupo Televisa, S.A.B.",2.68,2026-07-02T00:01:08.251034+00:00,False,+32.0%,True,$1412.5M,True,+229.8%,True,1185.6K,False,$2.68 / SMA $2.82,True,3.98%,False,+-3.1%,False,243.7M,True,NYQ,False,
TVAVF,The Tel-Aviv Stock Exchange Ltd.,44.07,2026-07-01T23:57:31.467670+00:00,True,+149.3%,True,$4137.1M,True,+113.9%,False,0.8K,False,$44.07 / SMA $51.94,False,2.55%,True,+39.9%,True,88.4M,False,PNK,False,
TVTX,"Travere Therapeutics, Inc.",56.34,2026-07-01T23:57:37.015689+00:00,True,+290.7%,True,$5239.2M,False,+14.9%,True,2563.1K,True,$56.34 / SMA $47.07,True,4.60%,True,+55.6%,True,87.0M,True,NGM,False,
TXO,"TXO Partners, L.P.",12.39,2026-07-02T00:02:55.718150+00:00,False,+22.4%,True,$684.5M,False,+-2350.0%,False,205.3K,False,$12.39 / SMA $12.69,True,3.60%,False,+-66.5%,True,39.9M,True,NYQ,False,
TXT,Textron Inc.,91.93,2026-07-01T23:55:31.794294+00:00,False,+21.3%,True,$15985.6M,False,+10.8%,True,1404.2K,True,$91.93 / SMA $90.94,False,2.85%,False,+11.8%,False,172.6M,True,NYQ,False,
TYNPF,Nippon Sanso Holdings Corporation,38.712,2026-07-01T23:55:29.776325+00:00,False,+38.7%,True,$16756.6M,,N/A,False,1.4K,True,$38.71 / SMA $37.10,True,6.39%,,N/A,False,198.3M,False,PNK,False,
TYOYY,"Taiyo Yuden Co., Ltd.",550.43,2026-07-01T23:55:48.329720+00:00,True,+726.7%,True,$17221.2M,,N/A,False,1.1K,True,$550.43 / SMA $305.93,True,7.08%,,N/A,True,31.2M,False,PNK,False,
UBER,"Uber Technologies, Inc.",72.66,2026-07-01T23:55:07.401738+00:00,False,+8.1%,True,$147906.6M,False,+-84.3%,True,19413.2K,False,$72.66 / SMA $73.26,True,3.42%,False,+14.5%,False,2023.9M,True,NYQ,False,
UCBJY,UCB SA,146.85,2026-07-01T23:55:14.805754+00:00,False,+53.0%,True,$55950.4M,,N/A,False,40.1K,True,$146.85 / SMA $142.68,False,1.64%,,N/A,False,239.7M,False,PNK,False,
UCTT,"Ultra Clean Holdings, Inc.",129.59,2026-07-01T23:57:39.810914+00:00,True,+509.0%,True,$5809.3M,False,+-263.6%,True,1165.0K,True,$129.59 / SMA $93.00,True,8.57%,False,+2.9%,True,43.9M,True,NMS,False,
UHAL.B,UHAL.B,,2026-07-01T23:55:42.550407+00:00,False,N/A,False,N/A,False,N/A,False,N/A,False,N/A,False,N/A,False,N/A,False,N/A,False,Unknown,False,No price data available
UHS,"Universal Health Services, Inc.",150.58,2026-07-01T23:55:42.068142+00:00,False,+7.5%,True,$9115.6M,False,+17.7%,True,982.3K,False,$150.58 / SMA $157.25,False,2.75%,False,+9.6%,True,50.3M,True,NYQ,False,
ULCC,"Frontier Group Holdings, Inc.",7.73,2026-07-02T00:01:12.511224+00:00,True,+156.0%,True,$1776.3M,False,+-521.1%,True,5529.7K,True,$7.73 / SMA $5.53,True,6.89%,False,+8.8%,True,57.7M,True,NMS,False,
UNF,UniFirst Corporation,266.54,2026-07-01T23:57:33.703936+00:00,True,+80.5%,True,$4820.1M,False,+-48.8%,False,227.9K,True,$266.54 / SMA $261.81,False,2.22%,,N/A,True,13.0M,True,NYQ,False,
UNLYF,Unilever PLC,59.26,2026-07-01T23:55:08.304562+00:00,False,+8.6%,True,$127612.8M,,N/A,False,7.3K,True,$59.26 / SMA $57.44,False,1.24%,,N/A,False,2162.6M,False,PNK,False,
UPMMY,UPM-Kymmene Oyj,25.84,2026-07-01T23:55:32.121336+00:00,False,+2.9%,True,$13626.1M,True,+294.7%,False,71.0K,False,$25.84 / SMA $28.92,False,1.33%,False,+-4.8%,False,511.0M,False,PNK,False,
UPS,"United Parcel Service, Inc.",109.54,2026-07-01T23:55:10.783621+00:00,False,+33.6%,True,$93109.7M,False,+-27.1%,True,5671.8K,True,$109.54 / SMA $104.01,False,2.63%,False,+-1.6%,False,745.8M,True,NYQ,False,
USB,U.S. Bancorp,61.96,2026-07-01T23:55:10.939571+00:00,False,+42.6%,True,$96517.1M,False,+14.6%,True,9150.3K,True,$61.96 / SMA $55.89,False,2.27%,False,+4.8%,False,1547.6M,True,NYQ,False,
USLM,"United States Lime & Minerals, Inc.",106.03,2026-07-01T23:59:13.401858+00:00,False,+11.9%,True,$3041.2M,False,+-10.9%,False,204.9K,False,$106.03 / SMA $110.77,True,4.50%,False,+-3.7%,True,10.7M,True,NMS,False,
UTI,"Universal Technical Institute, Inc.",47.02,2026-07-01T23:59:21.183851+00:00,True,+120.9%,True,$2589.0M,False,+-95.2%,True,1035.8K,True,$47.02 / SMA $39.14,True,5.52%,False,+6.7%,True,53.6M,True,NYQ,False,
UUGRY,United Utilities Group PLC,34.71,2026-07-01T23:55:34.589621+00:00,False,+18.9%,True,$12892.4M,,N/A,False,38.0K,False,$34.71 / SMA $35.06,False,1.23%,,N/A,False,368.3M,False,PNK,False,
UVSP,Univest Financial Corporation,45.15,2026-07-02T00:01:13.813992+00:00,False,+61.8%,True,$1257.2M,False,+24.7%,False,217.7K,True,$45.15 / SMA $39.91,False,2.89%,False,+10.4%,True,27.2M,True,NMS,False,
UVV,Universal Corporation,52.08,2026-07-02T00:01:07.959065+00:00,False,+5.9%,True,$1298.0M,False,+-567.6%,False,239.5K,False,$52.08 / SMA $53.43,False,2.16%,False,+1.8%,True,24.5M,True,NYQ,False,
VAC,Marriott Vacations Worldwide Corporation,99.88,2026-07-01T23:59:17.971245+00:00,True,+124.0%,True,$3430.2M,False,+-56.2%,True,507.6K,True,$99.88 / SMA $82.93,True,4.10%,False,+4.8%,True,28.4M,True,NYQ,False,
VACHU,Voyager Acquisition Corp.,14.5,2026-07-02T00:05:01.806191+00:00,False,+43.8%,,N/A,,N/A,False,0.9K,True,$14.50 / SMA_short $12.97,True,12.73%,,N/A,True,0.1M,True,NGM,False,
VALU,"Value Line, Inc.",40.5,2026-07-02T00:05:00.814487+00:00,False,+26.6%,True,$380.2M,False,+14.5%,False,2.6K,True,$40.50 / SMA $34.53,True,4.16%,False,+-7.7%,True,0.7M,True,NCM,False,
VBREY,VBREY,11.24,2026-07-01T23:55:47.564879+00:00,False,+68.6%,True,$6704.5M,True,+166.4%,False,35.4K,False,$11.24 / SMA $12.43,True,5.60%,False,+7.1%,False,494.2M,False,PNK,False,
VCISF,Vinci SA,149.35,2026-07-01T23:55:11.475215+00:00,False,+14.8%,True,$82614.1M,,N/A,False,0.6K,True,$149.35 / SMA $147.45,False,0.09%,,N/A,False,408.2M,False,PNK,False,
VERX,"Vertex, Inc.",12.52,2026-07-01T23:59:21.525107+00:00,False,+22.6%,True,$2025.9M,False,+-128.6%,True,1520.9K,False,$12.52 / SMA $12.65,True,5.48%,False,+11.1%,True,70.2M,True,NGM,False,
VGZ,Vista Gold Corp.,1.86,2026-07-02T00:04:57.545158+00:00,True,+104.4%,False,$271.5M,False,+0.0%,True,1879.5K,False,$1.86 / SMA $2.20,True,6.61%,,N/A,True,138.4M,True,ASE,False,
VICI,VICI Properties Inc.,26.27,2026-07-01T23:55:21.142444+00:00,False,+0.7%,True,$28287.0M,True,+60.8%,True,8723.9K,False,$26.27 / SMA $27.58,False,2.04%,False,+3.5%,False,1064.6M,True,NYQ,False,
VIR,"Vir Biotechnology, Inc.",9.56,2026-07-02T00:01:04.305798+00:00,True,+130.1%,True,$1612.3M,False,+3.4%,True,1928.8K,True,$9.56 / SMA $9.45,True,5.28%,False,+-102.3%,True,128.8M,True,NMS,False,
VIRT,"Virtu Financial, Inc.",61.73,2026-07-01T23:55:45.962874+00:00,True,+95.7%,True,$13282.9M,True,+84.3%,True,1399.9K,True,$61.73 / SMA $53.57,True,4.15%,True,+30.7%,True,82.2M,True,NYQ,True,
VIVHY,Vivendi SE,2.48,2026-07-01T23:59:17.200825+00:00,False,+32.6%,True,$2470.5M,,N/A,False,40.3K,True,$2.48 / SMA $2.48,False,1.76%,,N/A,False,624.3M,False,PNK,False,
VKQ,Invesco Municipal Trust,10.06,2026-07-02T00:03:05.058615+00:00,False,+12.5%,True,$556.7M,,N/A,False,248.7K,True,$10.06 / SMA $9.69,False,0.59%,,N/A,,N/A,True,NYQ,False,
VLEEF,Valeo SE,16.46,2026-07-01T23:59:00.503806+00:00,False,+61.5%,True,$3969.3M,,N/A,False,0.2K,True,$16.46 / SMA $15.00,False,0.40%,,N/A,False,204.1M,False,PNK,False,
VLKPF,Volkswagen AG,85.0,2026-07-01T23:55:14.904476+00:00,False,+5.9%,True,$42610.1M,,N/A,False,0.4K,False,$85.00 / SMA $101.60,True,6.42%,False,+-13.4%,False,234.7M,False,PNK,False,
VLN,Valens Semiconductor Ltd.,2.23,2026-07-02T00:04:55.940891+00:00,True,+102.7%,False,$241.4M,False,+0.0%,True,3333.7K,False,$2.23 / SMA $2.48,True,13.38%,False,+0.2%,True,74.0M,True,NYQ,False,
VLO,Valero Energy Corporation,269.44,2026-07-01T23:55:12.027844+00:00,True,+106.0%,True,$80005.6M,True,+322.1%,True,3152.7K,True,$269.44 / SMA $248.18,True,3.70%,False,+7.0%,False,295.4M,True,NYQ,False,
VLRS,"Controladora Vuela Compañía de Aviación, S.A.B. de C.V.",9.2,2026-07-02T00:02:54.839754+00:00,True,+111.5%,True,$1056.7M,False,+-37.8%,True,598.8K,True,$9.20 / SMA $7.78,True,4.82%,False,+13.6%,True,89.1M,True,NYQ,False,
VLVOF,Volvo Car AB (publ.),1.96,2026-07-01T23:55:47.932927+00:00,False,+12.0%,True,$5810.7M,False,+-35.7%,False,0.5K,False,$1.96 / SMA $2.33,False,0.13%,False,+-35.2%,False,596.5M,False,PNK,False,
VLYPP,Valley National Bancorp,24.775,2026-07-01T23:55:47.402751+00:00,False,+1.5%,,N/A,,N/A,False,4.2K,True,$24.77 / SMA $24.68,False,0.37%,False,+12.9%,False,546.4M,True,NMS,False,
VNDA,Vanda Pharmaceuticals Inc.,6.05,2026-07-02T00:04:51.182287+00:00,False,+46.1%,True,$363.8M,False,+-64.0%,True,1051.8K,False,$6.05 / SMA $6.35,True,4.11%,False,+3.4%,True,53.8M,True,NGM,False,
VOBIF,Vobile Group Limited,0.28474,2026-07-02T00:01:15.895055+00:00,False,+0.0%,True,$723.8M,,N/A,False,0.0K,False,$0.28 / SMA $0.41,False,0.00%,,N/A,False,2061.8M,False,OQX,False,
VOD,Vodafone Group Public Limited Company,13.01,2026-07-01T23:55:19.392735+00:00,False,+22.6%,True,$29957.8M,,N/A,True,3823.4K,False,$13.01 / SMA $14.83,False,1.59%,,N/A,False,3603.9M,True,NMS,False,
VODAF,Vodacom Group Limited,8.98,2026-07-01T23:55:29.900955+00:00,False,+56.2%,True,$17347.2M,,N/A,False,0.0K,True,$8.98 / SMA $8.98,False,0.00%,,N/A,False,447.7M,False,PNK,False,
VONOY,Vonovia SE,12.09,2026-07-01T23:55:27.078608+00:00,False,+7.4%,True,$20514.9M,False,+-58.3%,False,294.0K,False,$12.09 / SMA $12.16,False,1.65%,False,+-4.4%,False,1459.3M,False,PNK,False,
VOPKF,Koninklijke Vopak N.V.,50.5,2026-07-01T23:57:27.134018+00:00,False,+17.9%,True,$5890.4M,,N/A,False,6.4K,False,$50.50 / SMA $52.35,False,0.07%,,N/A,True,56.9M,False,PNK,False,
VOR,Vor Biopharma Inc.,18.39,2026-07-02T00:02:55.253156+00:00,True,+182.9%,True,$996.5M,False,+1.9%,True,1149.0K,True,$18.39 / SMA $14.93,True,7.86%,,N/A,True,40.2M,True,NMS,False,
VRE,"Veris Residential, Inc.",18.99,2026-07-02T00:00:59.580913+00:00,False,+38.7%,True,$1943.8M,False,+-25.0%,True,1171.5K,True,$18.99 / SMA_short $18.94,False,0.13%,False,+3.5%,True,81.4M,True,NYQ,False,
VREX,Varex Imaging Corporation,10.68,2026-07-02T00:04:45.657233+00:00,False,+58.0%,True,$450.1M,False,+-211.8%,False,420.3K,True,$10.68 / SMA $10.67,True,5.08%,False,+1.5%,True,41.4M,True,NMS,False,
VTOL,Bristow Group Inc.,40.66,2026-07-02T00:01:09.441637+00:00,False,+24.1%,True,$1203.8M,False,+-52.2%,False,247.6K,False,$40.66 / SMA $43.65,False,2.90%,False,+10.9%,True,25.8M,True,NYQ,False,
VWSYF,Vestas Wind Systems A/S,27.99,2026-07-01T23:55:21.585574+00:00,True,+77.9%,True,$27457.9M,,N/A,False,1.6K,False,$27.99 / SMA $28.49,True,3.86%,False,+14.4%,False,1024.2M,False,PNK,False,
VZ,Verizon Communications Inc.,41.99,2026-07-01T23:55:06.366087+00:00,False,+9.4%,True,$175331.7M,False,+4.3%,True,25414.9K,False,$41.99 / SMA $46.73,False,2.94%,False,+2.9%,False,4169.8M,True,NYQ,False,
WAB,Westinghouse Air Brake Technologies Corporation,264.0,2026-07-01T23:55:16.833063+00:00,False,+43.3%,True,$44794.8M,False,+12.8%,True,981.3K,False,$264.00 / SMA $264.88,False,2.58%,False,+13.0%,False,167.6M,True,NYQ,False,
WABC,Westamerica Bancorporation,60.08,2026-07-02T00:01:08.934665+00:00,False,+33.7%,True,$1411.2M,False,+-2.6%,False,192.1K,True,$60.08 / SMA $55.91,False,2.07%,False,+-6.5%,True,22.2M,True,NMS,False,
WBD,"Warner Bros. Discovery, Inc.",26.81,2026-07-01T23:55:12.455622+00:00,True,+149.2%,True,$67216.3M,False,+-550.0%,True,20223.5K,False,$26.81 / SMA $26.96,False,1.76%,False,+-1.0%,False,2381.2M,True,NMS,False,
WBDSF,WBDSF,3.0,2026-07-01T23:59:13.795783+00:00,False,+46.3%,True,$2966.4M,,N/A,False,0.0K,False,$3.00 / SMA $3.28,False,0.00%,,N/A,False,454.7M,False,PNK,False,
WBI,WaterBridge Infrastructure LLC,31.57,2026-07-02T00:01:05.931522+00:00,False,+69.4%,True,$1484.3M,True,+68.3%,True,1169.4K,True,$31.57 / SMA $29.98,True,6.50%,True,+105.3%,True,18.1M,True,NYQ,False,
WBS,Webster Financial Corporation,76.63,2026-07-01T23:55:38.714620+00:00,False,+45.4%,True,$12416.1M,False,+15.4%,True,3137.7K,True,$76.63 / SMA $72.99,False,0.87%,False,+4.4%,False,160.7M,True,NYQ,False,
WBTNF,Weebit Nano Limited,5.36,2026-07-02T00:01:10.167288+00:00,True,+415.4%,True,$1287.5M,,N/A,False,46.2K,True,$5.36 / SMA $4.48,True,7.79%,,N/A,False,195.5M,False,PNK,False,
WD,"Walker & Dunlop, Inc.",54.92,2026-07-02T00:01:01.163924+00:00,False,+30.4%,True,$1885.5M,True,+475.0%,False,318.1K,True,$54.92 / SMA $51.33,True,4.00%,True,+26.9%,True,32.9M,True,NYQ,False,
WDOFF,Wesdome Gold Mines Ltd.,17.35,2026-07-01T23:59:15.935178+00:00,False,+50.9%,True,$2572.9M,,N/A,False,256.2K,False,$17.35 / SMA $18.90,True,6.11%,True,+64.2%,True,148.0M,False,OQX,False,
WEAV,"Weave Communications, Inc.",6.41,2026-07-02T00:03:09.031395+00:00,False,+51.2%,True,$510.0M,True,+41.7%,True,1237.4K,True,$6.41 / SMA $5.58,True,5.20%,False,+17.4%,True,63.8M,True,NYQ,False,
WEGRY,The Weir Group PLC,16.38,2026-07-01T23:55:44.464237+00:00,False,+6.5%,True,$8504.9M,,N/A,False,36.5K,False,$16.38 / SMA $17.17,False,2.88%,,N/A,False,508.3M,False,PNK,False,
WELL,Welltower Inc.,230.19,2026-07-01T23:55:07.373563+00:00,False,+54.5%,True,$162494.4M,True,+155.0%,True,3396.3K,True,$230.19 / SMA $212.80,False,2.78%,True,+38.4%,False,704.9M,True,NYQ,False,
WENN,Wen Acquisition Corp.,10.3,2026-07-02T00:04:49.725264+00:00,False,+6.5%,True,$386.4M,True,+5296.7%,False,54.5K,True,$10.30 / SMA $10.27,False,0.11%,,N/A,True,30.0M,True,NGM,False,
WEYS,"Weyco Group, Inc.",39.89,2026-07-02T00:04:57.119283+00:00,False,+46.4%,True,$380.2M,False,+12.3%,False,17.9K,True,$39.89 / SMA $35.20,True,3.77%,False,+-0.0%,True,5.6M,True,NMS,False,
WFC,Wells Fargo & Company,85.94,2026-07-01T23:55:06.047364+00:00,False,+18.1%,True,$262992.7M,False,+15.1%,True,16516.7K,True,$85.94 / SMA $79.77,False,2.33%,False,+6.4%,False,3051.8M,True,NYQ,False,
WGXRF,Westgold Resources Limited,3.32,2026-07-01T23:59:03.019759+00:00,True,+112.8%,True,$3146.0M,,N/A,False,34.1K,False,$3.32 / SMA $3.73,True,4.52%,,N/A,False,940.6M,False,PNK,False,
WHTCF,WELL Health Technologies Corp.,2.92,2026-07-02T00:02:55.299229+00:00,False,+19.7%,True,$745.8M,True,+73.7%,False,51.1K,False,$2.92 / SMA $3.12,False,1.76%,True,+25.2%,False,197.9M,False,OQX,False,
WING,Wingstop Inc.,174.97,2026-07-01T23:57:39.398950+00:00,False,+50.4%,True,$4764.9M,False,+-66.7%,True,1333.0K,True,$174.97 / SMA $152.50,True,6.10%,False,+7.4%,True,25.5M,True,NMS,False,
WKPPF,Workspace Group Plc,4.6,2026-07-02T00:02:53.831722+00:00,False,+8.0%,True,$886.2M,,N/A,False,0.1K,False,$4.60 / SMA $5.32,False,0.00%,,N/A,True,94.3M,False,PNK,False,
WLK,Westlake Corporation,72.82,2026-07-01T23:55:38.201204+00:00,False,+29.3%,True,$9329.9M,False,+-322.6%,True,1110.9K,False,$72.82 / SMA $91.56,True,3.29%,False,+-6.8%,True,33.1M,True,NYQ,False,
WLMIF,Wilmar International Limited,2.78,2026-07-01T23:55:29.147235+00:00,False,+34.3%,True,$17355.3M,,N/A,False,11.9K,False,$2.78 / SMA $2.89,False,0.58%,,N/A,False,1780.0M,False,PNK,False,
WM,"Waste Management, Inc.",224.08,2026-07-01T23:55:10.468692+00:00,False,+15.4%,True,$89985.1M,False,+13.3%,True,2218.7K,True,$224.08 / SMA $220.01,False,2.00%,False,+3.5%,False,400.4M,True,NYQ,False,
WOLF,"Wolfspeed, Inc.",44.56,2026-07-01T23:59:03.498314+00:00,True,+453.5%,True,$2315.9M,False,+-28.0%,True,7480.9K,False,$44.56 / SMA $49.10,True,15.41%,False,+-16.8%,True,26.9M,True,NYQ,False,
WPM,Wheaton Precious Metals Corp.,111.44,2026-07-01T23:55:13.907173+00:00,False,+30.2%,True,$50607.7M,True,+128.8%,True,2185.9K,False,$111.44 / SMA $126.36,True,4.03%,True,+91.6%,False,453.2M,True,NYQ,False,
WRD,WeRide Inc.,5.71,2026-07-01T23:59:18.262197+00:00,False,+10.2%,True,$1881.7M,False,+17.4%,True,2725.1K,False,$5.71 / SMA $7.03,True,5.09%,True,+57.6%,False,234.4M,True,NGM,False,
WSE,Wise Group plc,12.32,2026-07-01T23:55:32.125294+00:00,False,+18.9%,True,$12165.6M,,N/A,True,1594.4K,True,$12.32 / SMA_short $11.95,True,3.19%,,N/A,False,705.4M,True,NMS,False,
WSFS,WSFS Financial Corporation,78.47,2026-07-01T23:59:15.076510+00:00,False,+57.2%,True,$4083.9M,True,+46.4%,False,434.9K,True,$78.47 / SMA $72.54,False,1.82%,False,+7.5%,True,51.4M,True,NMS,False,
WSIOF,Wasion Holdings Limited,3.305,2026-07-01T23:59:15.359582+00:00,True,+240.7%,True,$3436.1M,,N/A,False,0.4K,False,$3.31 / SMA $3.36,False,0.00%,,N/A,False,475.7M,False,PNK,False,
WSPOF,WSP Global Inc.,123.183,2026-07-01T23:55:28.445952+00:00,False,+2.3%,True,$16730.0M,False,+-16.4%,False,23.6K,False,$123.18 / SMA $143.14,True,3.47%,False,+-2.4%,True,104.4M,False,PNK,False,
WTBDY,Whitbread plc,7.77,2026-07-01T23:57:29.944749+00:00,False,+4.7%,True,$5194.8M,,N/A,False,32.0K,False,$7.77 / SMA $7.85,False,1.38%,,N/A,False,646.6M,False,PNK,False,
WTFC,Wintrust Financial Corporation,162.79,2026-07-01T23:55:40.745593+00:00,False,+36.1%,True,$10979.8M,False,+19.7%,False,454.6K,True,$162.79 / SMA $152.03,False,2.03%,False,+10.9%,True,66.5M,True,NMS,False,
WTKWY,Wolters Kluwer N.V.,65.09,2026-07-01T23:55:30.872266+00:00,False,+3.0%,True,$14533.6M,,N/A,False,88.3K,False,$65.09 / SMA $71.09,False,2.54%,,N/A,False,225.6M,False,PNK,False,
WWNTY,Want Want China Holdings Limited,25.44,2026-07-01T23:57:25.325206+00:00,False,+9.0%,True,$6213.3M,,N/A,False,0.0K,False,$25.44 / SMA $26.59,False,0.00%,,N/A,True,86.2M,False,PNK,False,
WYNMF,"Wynn Macau, Limited",0.66,2026-07-01T23:59:12.939805+00:00,False,+4.8%,True,$3456.9M,,N/A,False,3.1K,False,$0.66 / SMA $0.70,False,0.52%,,N/A,False,1478.3M,False,PNK,False,
XFOR,"X4 Pharmaceuticals, Inc.",4.085,2026-07-02T00:04:50.241848+00:00,True,+202.6%,True,$385.3M,False,+-500.1%,True,589.2K,False,$4.08 / SMA $4.09,True,6.44%,False,+-90.6%,True,57.5M,True,NCM,False,
XIACF,Xiaomi Corporation,2.8,2026-07-01T23:55:09.596996+00:00,False,+11.1%,True,$72070.8M,,N/A,False,78.0K,False,$2.80 / SMA $3.62,True,5.28%,,N/A,False,17217.5M,False,PNK,False,
XISHY,Xinyi Solar Holdings Limited,5.25,2026-07-01T23:59:10.263735+00:00,False,+7.8%,True,$2510.8M,,N/A,False,0.4K,False,$5.25 / SMA $6.65,False,0.83%,,N/A,False,225.7M,False,PNK,False,
XNCR,"Xencor, Inc.",15.38,2026-07-02T00:02:53.363740+00:00,True,+122.3%,True,$1140.3M,False,+-159.1%,True,813.7K,True,$15.38 / SMA $12.54,True,5.67%,False,+-86.2%,True,54.4M,True,NGM,False,
XNDU,Xanadu Quantum Technologies Limited,11.85,2026-07-02T00:02:59.295825+00:00,True,+70.0%,True,$3537.4M,,N/A,True,5525.1K,False,$11.85 / SMA $16.73,True,8.86%,True,+298.3%,True,35.0M,True,NGM,False,
XOMAO,XOMA Royalty Corporation,25.465,2026-07-02T00:03:05.552098+00:00,False,+2.4%,,N/A,,N/A,False,5.6K,True,$25.46 / SMA $25.35,False,0.11%,False,+-92.8%,True,0.9M,True,NGM,False,
XP,XP Inc.,16.18,2026-07-01T23:55:44.234228+00:00,False,+9.3%,True,$8359.8M,False,+9.9%,True,5517.1K,False,$16.18 / SMA $17.07,True,3.33%,False,+17.2%,False,411.8M,True,NMS,False,
XPO,"XPO, Inc.",207.06,2026-07-01T23:55:24.835384+00:00,True,+77.5%,True,$24310.9M,True,+46.6%,True,1553.2K,False,$207.06 / SMA $211.51,True,4.22%,False,+7.3%,True,103.5M,True,NYQ,False,
XTEPY,Xtep International Holdings Limited,48.635,2026-07-02T00:01:06.872074+00:00,False,+0.0%,True,$1313.0M,,N/A,False,0.0K,False,$48.63 / SMA $53.83,False,0.41%,,N/A,True,13.9M,False,PNK,False,
XXI,"Twenty One Capital, Inc.",5.38,2026-07-01T23:57:32.735059+00:00,False,+11.9%,True,$1865.8M,,N/A,True,1306.9K,False,$5.38 / SMA $7.01,True,6.31%,,N/A,True,131.0M,True,NYQ,False,
YARIY,Yara International ASA,21.28,2026-07-01T23:55:33.341889+00:00,False,+21.7%,True,$10841.1M,True,+212.3%,False,42.6K,False,$21.28 / SMA $26.28,False,1.62%,False,+24.2%,False,325.0M,False,OID,False,
YLLXF,Yellow Cake plc,6.75,2026-07-02T00:00:56.731724+00:00,False,+13.1%,True,$1700.5M,,N/A,False,3.5K,False,$6.75 / SMA $7.79,True,4.25%,,N/A,False,239.5M,False,OQX,False,
YMHAY,"Yamaha Motor Co., Ltd.",15.05,2026-07-01T23:55:47.939378+00:00,False,+15.3%,True,$7302.1M,,N/A,False,3.2K,False,$15.05 / SMA $15.09,False,0.92%,,N/A,False,439.6M,False,PNK,False,
YUEIY,Yue Yuen Industrial (Holdings) Limited,8.29,2026-07-01T23:59:14.748180+00:00,False,+14.3%,True,$2660.1M,,N/A,False,3.2K,False,$8.29 / SMA $8.86,False,1.66%,,N/A,False,155.8M,False,PNK,False,
ZDCAF,Zedcor Inc.,4.15,2026-07-02T00:03:08.093000+00:00,False,+50.9%,True,$460.4M,False,+-100.0%,False,38.3K,False,$4.15 / SMA $4.24,True,4.04%,True,+69.1%,True,89.7M,False,PNK,False,
ZFSVF,Zurich Insurance Group AG,740.92,2026-07-01T23:55:09.130912+00:00,False,+12.8%,True,$110670.7M,,N/A,False,0.5K,True,$740.92 / SMA $705.22,False,1.09%,,N/A,True,142.0M,False,OQX,False,
ZHEXF,"Zhejiang Expressway Co., Ltd.",0.82,2026-07-01T23:57:31.911042+00:00,False,+7.9%,True,$5064.5M,,N/A,False,1.1K,False,$0.82 / SMA $0.89,False,0.49%,,N/A,False,1659.4M,False,PNK,False,
ZION,"Zions Bancorporation, National Association",70.7,2026-07-01T23:55:43.272844+00:00,False,+53.1%,True,$10399.4M,True,+38.1%,True,1571.0K,True,$70.70 / SMA $63.62,False,2.13%,False,+6.8%,True,144.8M,True,NMS,False,
ZKP,Lafayette Digital Acquisition Corp. I,9.99,2026-07-02T00:04:49.281711+00:00,False,+1.4%,True,$390.5M,,N/A,False,26.8K,True,$9.99 / SMA $9.93,False,0.07%,,N/A,True,29.1M,True,NGM,False,
ZLDPF,Zealand Pharma A/S,43.77,2026-07-01T23:58:58.055947+00:00,False,+21.8%,True,$3041.3M,False,+-17.7%,False,1.2K,False,$43.77 / SMA $47.40,False,0.56%,True,+325.0%,True,56.7M,False,PNK,False,
ZLIOY,ZLIOY,9.7,2026-07-01T23:55:43.347892+00:00,False,+27.6%,,N/A,,N/A,False,0.1K,False,$9.70 / SMA $10.13,False,0.42%,False,+16.8%,False,676.1M,False,PNK,False,
ZLNDY,Zalando SE,14.56,2026-07-01T23:57:25.053084+00:00,False,+34.3%,True,$7517.5M,False,+-950.0%,False,54.5K,True,$14.56 / SMA $13.06,False,2.08%,False,+23.8%,False,458.3M,False,PNK,False,
ZPTAF,Surge Energy Inc.,6.53,2026-07-02T00:02:57.266110+00:00,False,+45.8%,True,$654.3M,False,+-412.5%,False,57.9K,False,$6.53 / SMA $6.99,True,4.84%,False,+-1.8%,True,97.5M,False,PNK,False,
ZVRA,"Zevra Therapeutics, Inc.",13.81,2026-07-02T00:03:02.402583+00:00,True,+92.9%,True,$816.4M,True,+1100.0%,True,1567.3K,True,$13.81 / SMA $11.49,True,5.78%,True,+77.5%,True,54.9M,True,NMS,True,
