ticker,name,price,fetched_at,c1_price_vs_52w_low_passes,c1_price_vs_52w_low_value,c2_market_cap_passes,c2_market_cap_value,c3_eps_growth_passes,c3_eps_growth_value,c4_avg_volume_passes,c4_avg_volume_value,c5_price_vs_sma50_passes,c5_price_vs_sma50_value,c6_volatility_1m_passes,c6_volatility_1m_value,c7_revenue_growth_passes,c7_revenue_growth_value,c8_float_passes,c8_float_value,c9_us_market_passes,c9_us_market_value,passes_all,error
AACO,Abony Acquisition Corp. I,9.9,2026-06-18T00:01:54.586169+00:00,False,+0.6%,True,$310.5M,,N/A,False,4.4K,True,$9.90 / SMA_short $9.90,False,0.03%,,N/A,True,19.5M,True,NGM,False,
AAFRF,Airtel Africa Plc,4.9,2026-06-17T23:52:59.504060+00:00,True,+117.8%,True,$17843.1M,,N/A,False,2.6K,True,$4.90 / SMA $4.81,False,0.40%,True,+32.7%,False,758.5M,False,PNK,False,
AAPL,Apple Inc.,295.95,2026-06-17T23:52:17.665691+00:00,False,+51.7%,True,$4346723.2M,False,+21.8%,True,47028.9K,True,$295.95 / SMA $287.84,False,2.29%,False,+16.6%,False,14662.5M,True,NMS,False,
AARTY,Airtel Africa Plc,49.85,2026-06-17T23:52:59.785691+00:00,True,+147.4%,True,$18152.7M,,N/A,False,0.1K,True,$49.85 / SMA $46.46,False,0.00%,True,+32.7%,False,758.5M,False,PNK,False,
AAXBF,AAXBF,0.3,2026-06-17T23:59:32.251913+00:00,False,+20.0%,,N/A,,N/A,False,4.0K,False,$0.30 / SMA_short $0.31,,N/A,,N/A,,N/A,False,PNK,False,
ABAT,American Battery Technology Company,3.1,2026-06-18T00:01:34.919873+00:00,True,+158.3%,True,$422.9M,False,+-85.7%,True,6117.7K,False,$3.10 / SMA $3.29,True,11.10%,True,+697.1%,True,131.3M,True,NCM,False,
ABEV,Ambev S.A.,3.14,2026-06-17T23:52:34.341324+00:00,False,+49.5%,True,$48719.3M,False,+2.4%,True,27952.0K,True,$3.14 / SMA $3.13,False,2.43%,False,+-0.1%,False,4204.7M,True,NYQ,False,
ACDC,ProFrac Holding Corp.,6.4,2026-06-17T23:59:21.678679+00:00,True,+107.8%,True,$1157.9M,False,+-322.4%,True,1419.1K,False,$6.40 / SMA $6.94,True,8.71%,False,+-25.1%,True,33.3M,True,NMS,False,
ACMR,"ACM Research, Inc.",96.19,2026-06-17T23:55:16.732607+00:00,True,+317.7%,True,$6647.6M,False,+-20.0%,True,1426.3K,True,$96.19 / SMA $66.97,True,9.74%,True,+34.2%,True,58.4M,True,NGM,False,
ACP,Abrdn Income Credit Strategies Fund,5.22,2026-06-17T23:59:47.479995+00:00,False,+4.6%,True,$655.0M,,N/A,True,514.2K,False,$5.22 / SMA $5.27,False,1.25%,,N/A,,N/A,True,NYQ,False,
AD,"Array Digital Infrastructure, Inc.",39.01,2026-06-17T23:55:21.007771+00:00,False,+0.3%,True,$3372.1M,True,+881.0%,False,321.3K,False,$39.01 / SMA $39.66,False,2.97%,True,+92.8%,True,15.5M,True,NYQ,False,
ADAMZ,"Adamas Trust, Inc.",19.21,2026-06-17T23:59:41.390992+00:00,False,+11.4%,,N/A,,N/A,False,6.6K,True,$19.21 / SMA $18.56,False,1.17%,True,+59.3%,True,83.8M,True,NMS,False,
ADDLF,AddLife AB (publ),15.75,2026-06-17T23:57:31.119816+00:00,True,+98.4%,True,$1919.4M,True,+36.8%,False,0.0K,False,$15.75 / SMA $30.34,False,0.00%,False,+-6.1%,True,113.3M,False,PNK,False,
ADDYY,adidas AG,99.1,2026-06-17T23:52:42.554668+00:00,False,+31.8%,True,$35150.6M,False,+13.3%,False,77.2K,True,$99.10 / SMA $87.99,False,2.11%,False,+7.1%,False,338.1M,False,OQX,False,
ADOOY,PT Alamtri Resources Indonesia Tbk,6.6,2026-06-17T23:55:29.467692+00:00,False,+33.1%,True,$3801.7M,,N/A,False,1.2K,False,$6.60 / SMA $6.62,False,0.75%,True,+119.8%,False,211.9M,False,PNK,False,
ADUS,Addus HomeCare Corporation,93.87,2026-06-17T23:57:36.005318+00:00,False,+6.7%,True,$1752.1M,False,+16.4%,False,246.1K,False,$93.87 / SMA $94.14,False,2.81%,False,+7.7%,True,17.7M,True,NMS,False,
ADV,Advantage Solutions Inc.,37.72,2026-06-17T23:59:53.138614+00:00,True,+208.5%,True,$501.5M,False,+-29.2%,False,96.0K,True,$37.72 / SMA $35.52,True,8.44%,False,+5.8%,True,5.0M,True,NMS,False,
ADX,"Adams Diversified Equity Fund, Inc.",25.0,2026-06-17T23:55:38.491874+00:00,False,+21.1%,True,$3063.1M,,N/A,False,289.9K,True,$25.00 / SMA $24.45,False,1.43%,,N/A,True,120.7M,True,NYQ,False,
ADYYF,Adyen N.V.,1037.0,2026-06-17T23:52:40.181159+00:00,False,+17.8%,True,$32703.5M,,N/A,False,0.7K,False,$1037.00 / SMA $1068.67,True,6.84%,,N/A,True,28.2M,False,PNK,False,
AEO,"American Eagle Outfitters, Inc.",17.1,2026-06-17T23:57:16.276571+00:00,True,+80.8%,True,$2865.5M,True,+138.9%,True,5422.0K,False,$17.10 / SMA $17.25,True,5.30%,False,+9.7%,False,155.8M,True,NYQ,False,
AER,AerCap Holdings N.V.,144.12,2026-06-17T23:52:50.045386+00:00,False,+36.4%,True,$22725.6M,True,+42.5%,True,1292.2K,True,$144.12 / SMA $141.11,False,2.25%,False,+7.9%,True,149.9M,True,NYQ,False,
AESI,Atlas Energy Solutions Inc.,16.08,2026-06-17T23:57:22.329943+00:00,True,+110.4%,True,$2008.5M,False,+-3900.0%,True,4549.2K,False,$16.08 / SMA $16.71,True,5.35%,False,+-10.8%,True,85.6M,True,NYQ,False,
AFG,"American Financial Group, Inc.",133.35,2026-06-17T23:53:11.697856+00:00,False,+9.2%,True,$11079.5M,False,+24.5%,True,511.0K,True,$133.35 / SMA $132.06,False,1.86%,False,+-0.4%,True,71.6M,True,NYQ,False,
AFYA,Afya Limited,13.81,2026-06-17T23:59:22.063237+00:00,False,+6.2%,True,$1263.0M,False,+3.3%,False,94.3K,False,$13.81 / SMA $14.45,True,3.31%,False,+8.2%,True,6.1M,True,NMS,False,
AGI,Alamos Gold Inc.,37.31,2026-06-17T23:53:00.264987+00:00,False,+56.0%,True,$15668.9M,True,+1025.0%,True,3556.4K,False,$37.31 / SMA $41.42,True,4.39%,True,+79.2%,False,418.5M,True,NYQ,False,
AGNCM,AGNC Investment Corp.,25.14,2026-06-17T23:53:10.324040+00:00,False,+6.4%,,N/A,,N/A,False,20.2K,True,$25.14 / SMA $24.86,False,0.47%,False,+-246.2%,False,1140.4M,True,NMS,False,
AGO,Assured Guaranty Ltd.,77.25,2026-06-17T23:55:33.410312+00:00,False,+6.2%,True,$3420.8M,False,+-44.5%,False,390.6K,False,$77.25 / SMA $78.65,False,1.92%,False,+-20.9%,True,41.6M,True,NYQ,False,
AGPPF,Valterra Platinum Limited,80.93,2026-06-17T23:52:53.444049+00:00,True,+809200.0%,True,$21362.6M,,N/A,False,0.1K,False,$80.93 / SMA $82.23,False,1.53%,,N/A,False,262.5M,False,PNK,False,
AGX,"Argan, Inc.",719.52,2026-06-17T23:53:19.009317+00:00,True,+271.2%,True,$10087.1M,True,+102.5%,False,418.3K,True,$719.52 / SMA $656.83,True,6.79%,True,+50.2%,True,13.5M,True,NYQ,False,
AGXXF,Agilyx ASA,2.17,2026-06-18T00:01:49.931650+00:00,False,+65.0%,False,$273.1M,,N/A,False,0.6K,False,$2.17 / SMA $2.23,False,0.37%,,N/A,True,69.7M,False,OQX,False,
AGYS,"Agilysys, Inc.",87.66,2026-06-17T23:57:24.537194+00:00,False,+42.5%,True,$2469.1M,True,+207.1%,False,346.7K,True,$87.66 / SMA $75.22,True,6.17%,False,+11.7%,True,26.6M,True,NMS,False,
AHCHY,Anhui Conch Cement Company Limited,11.37,2026-06-17T23:53:03.195137+00:00,False,+0.1%,True,$12050.6M,False,+-17.6%,False,40.9K,False,$11.37 / SMA $12.08,False,1.82%,False,+-10.5%,False,632.1M,False,PNK,False,
AHKSY,Asahi Kasei Corporation,22.36,2026-06-17T23:53:02.543942+00:00,True,+75.9%,True,$15114.5M,,N/A,False,35.1K,True,$22.36 / SMA $20.83,False,1.47%,,N/A,False,659.4M,False,PNK,False,
AHODF,Koninklijke Ahold Delhaize N.V.,41.55,2026-06-17T23:52:39.349972+00:00,False,+11.0%,True,$36588.1M,False,+3.3%,False,0.3K,False,$41.55 / SMA $44.26,False,0.24%,False,+-4.3%,False,870.9M,False,OQX,False,
AIRRF,Aurion Resources Ltd.,1.855,2026-06-18T00:01:53.646144+00:00,True,+280.1%,True,$313.0M,False,+-100.0%,False,117.4K,True,$1.85 / SMA $1.76,False,0.64%,,N/A,False,151.1M,False,OQX,False,
AIVAF,Aviva plc,8.17,2026-06-17T23:52:47.510228+00:00,False,+2.1%,True,$24444.2M,,N/A,False,1.0K,False,$8.17 / SMA $8.40,False,0.36%,,N/A,False,2956.5M,False,OQX,False,
AIXXF,AIXTRON SE,69.09,2026-06-17T23:53:28.446054+00:00,True,+397.1%,True,$7792.4M,,N/A,False,7.5K,True,$69.09 / SMA $58.05,True,5.43%,False,+-73.8%,,N/A,False,PNK,False,
AIZ,"Assurant, Inc.",262.13,2026-06-17T23:53:07.732369+00:00,False,+42.9%,True,$12987.9M,True,+91.2%,False,406.3K,True,$262.13 / SMA $241.65,False,1.86%,False,+11.3%,True,49.2M,True,NYQ,False,
AJG,Arthur J. Gallagher & Co.,216.09,2026-06-17T23:52:33.548380+00:00,False,+13.3%,True,$55522.6M,False,+16.2%,True,1891.1K,True,$216.09 / SMA $210.11,False,2.75%,True,+27.7%,False,254.1M,True,NYQ,False,
AKRBF,Aker BP ASA,33.58,2026-06-17T23:52:48.458433+00:00,False,+41.7%,True,$21213.8M,True,+34.8%,False,4.5K,False,$33.58 / SMA $36.77,False,2.73%,False,+-1.0%,False,263.4M,False,OQX,False,
ALBKY,Alpha Bank S.A.,1.19,2026-06-17T23:53:18.793485+00:00,False,+67.6%,True,$10988.8M,False,+-19.4%,False,43.7K,True,$1.19 / SMA $1.07,True,5.80%,False,+7.1%,False,8148.6M,False,PNK,False,
ALHC,"Alignment Healthcare, Inc.",21.42,2026-06-17T23:55:33.376735+00:00,True,+84.3%,True,$4428.2M,True,+200.0%,True,5411.5K,True,$21.42 / SMA $18.67,True,6.16%,True,+33.3%,False,186.4M,True,NMS,False,
ALIZY,Allianz SE,45.82,2026-06-17T23:52:20.883372+00:00,False,+19.2%,True,$173789.0M,True,+52.5%,False,274.5K,True,$45.82 / SMA $43.81,False,1.16%,False,+15.4%,False,3792.3M,False,PNK,False,
ALKS,Alkermes plc,44.51,2026-06-17T23:55:06.392864+00:00,True,+76.8%,True,$7418.7M,False,+-407.7%,True,2325.3K,True,$44.51 / SMA $37.64,True,3.70%,True,+28.2%,False,154.1M,True,NMS,False,
ALL,The Allstate Corporation,221.66,2026-06-17T23:52:32.135377+00:00,False,+17.9%,True,$57059.9M,True,+338.4%,True,1521.7K,True,$221.66 / SMA $214.87,False,2.39%,False,+3.0%,False,255.9M,True,NYQ,False,
ALMMF,Aluminum Corporation of China Limited,1.28,2026-06-17T23:52:47.031223+00:00,True,+106.5%,True,$21958.4M,True,+57.1%,False,6.0K,False,$1.28 / SMA $1.46,False,1.47%,False,+4.8%,False,11293.6M,False,PNK,False,
ALOV,"Aldabra 4 Liquidity Opportunity Vehicle, Inc.",9.93,2026-06-18T00:01:43.677264+00:00,False,+1.1%,True,$372.6M,,N/A,False,4.3K,True,$9.93 / SMA $9.90,False,0.02%,,N/A,True,30.0M,True,NGM,False,
ALSN,"Allison Transmission Holdings, Inc.",118.86,2026-06-17T23:53:19.366456+00:00,False,+56.4%,True,$9857.8M,False,+-40.4%,True,866.0K,False,$118.86 / SMA $121.91,True,3.18%,True,+83.6%,True,82.2M,True,NYQ,False,
ALUB.U,ALUB.U,,2026-06-18T00:01:45.969752+00:00,False,N/A,False,N/A,False,N/A,False,N/A,False,N/A,False,N/A,False,N/A,False,N/A,False,Unknown,False,No price data available
AM,Antero Midstream Corporation,21.39,2026-06-17T23:53:13.523353+00:00,False,+27.5%,True,$10159.8M,False,+0.0%,True,2508.1K,False,$21.39 / SMA $21.46,False,1.87%,False,+8.6%,False,330.9M,True,NYQ,False,
AMBQ,AMBQ,79.12,2026-06-17T23:57:35.538733+00:00,True,+257.7%,True,$1691.2M,False,+-6.4%,True,584.9K,True,$79.12 / SMA $57.72,True,8.62%,True,+59.3%,True,18.4M,True,NYQ,False,
AME,"AMETEK, Inc.",231.27,2026-06-17T23:52:33.846840+00:00,False,+32.6%,True,$53007.8M,False,+14.5%,True,1220.6K,True,$231.27 / SMA $229.73,False,1.90%,False,+11.3%,False,227.8M,True,NYQ,False,
AMFPF,Amplifon S.p.A.,12.01,2026-06-17T23:57:17.764786+00:00,False,+27.0%,True,$3185.6M,False,+-73.8%,False,0.1K,True,$12.01 / SMA $11.24,False,0.16%,False,+-12.1%,True,84.3M,False,PNK,False,
AMGN,Amgen Inc.,341.66,2026-06-17T23:52:20.529063+00:00,False,+27.6%,True,$184396.7M,False,+4.4%,True,2749.0K,True,$341.66 / SMA $339.12,False,2.44%,False,+5.8%,False,538.2M,True,NMS,False,
AMH,American Homes 4 Rent,31.83,2026-06-17T23:53:10.837448+00:00,False,+16.9%,True,$13048.8M,False,+16.7%,True,3025.3K,True,$31.83 / SMA $31.33,False,1.85%,False,+2.8%,False,308.7M,True,NYQ,False,
AMKAF,A.P. Møller - Mærsk A/S,2750.0,2026-06-17T23:52:41.371362+00:00,False,+54.2%,True,$39848.0M,False,+-94.6%,False,0.0K,True,$2750.00 / SMA $2400.72,False,0.51%,False,+-2.6%,True,8.0M,False,PNK,False,
AMKBF,A.P. Møller - Mærsk A/S,2676.05,2026-06-17T23:52:40.470310+00:00,False,+47.3%,True,$38776.5M,False,+-94.6%,False,0.0K,True,$2676.05 / SMA $2457.23,False,0.06%,False,+-2.6%,True,8.0M,False,PNK,False,
AMN,"AMN Healthcare Services, Inc.",32.38,2026-06-17T23:59:29.770007+00:00,True,+117.8%,True,$1255.9M,True,+5400.0%,True,1015.6K,True,$32.38 / SMA $25.42,True,5.32%,True,+99.9%,True,38.4M,True,NYQ,True,
AMRN,Amarin Corporation plc,15.77,2026-06-18T00:01:57.067423+00:00,False,+28.2%,True,$330.7M,True,+25.0%,False,69.0K,True,$15.77 / SMA $14.58,True,3.89%,False,+7.4%,True,18.5M,True,NCM,False,
AMVIF,AMVIF,46.21,2026-06-17T23:55:21.700077+00:00,True,+46209900.0%,,N/A,,N/A,False,0.4K,True,$46.21 / SMA_short $43.12,False,1.00%,,N/A,True,54.0M,False,PNK,False,
AMVMF,AMG Critical Materials N.V.,42.83,2026-06-17T23:57:43.405340+00:00,True,+110.8%,True,$1524.2M,True,+63.6%,False,0.9K,False,$42.83 / SMA $44.04,False,0.16%,False,+23.5%,True,30.3M,False,PNK,False,
AMX,"América Móvil, S.A.B. de C.V.",26.45,2026-06-17T23:52:27.680735+00:00,False,+56.7%,True,$79444.7M,True,+25.8%,True,1481.8K,True,$26.45 / SMA $26.35,False,2.66%,False,+2.1%,False,2550.6M,True,NYQ,False,
ANAB,"AnaptysBio, Inc.",56.77,2026-06-17T23:57:35.962079+00:00,True,+397.8%,True,$1652.1M,False,+-43.8%,True,759.8K,False,$56.77 / SMA $56.91,True,4.89%,False,+-8.0%,True,19.5M,True,NMS,False,
ANGO,"AngioDynamics, Inc.",11.74,2026-06-18T00:01:30.595511+00:00,False,+40.4%,True,$485.1M,False,+-72.7%,False,394.6K,True,$11.74 / SMA $11.22,True,3.79%,False,+8.9%,True,34.6M,True,NMS,False,
ANZGF,ANZ Group Holdings Limited,24.62,2026-06-17T23:52:28.580885+00:00,False,+35.1%,True,$74131.6M,,N/A,False,0.1K,False,$24.62 / SMA $25.20,False,0.00%,,N/A,False,3009.8M,False,PNK,False,
ANZLY,Air New Zealand Limited,1.15,2026-06-17T23:59:40.789214+00:00,False,+11.9%,True,$743.7M,,N/A,False,0.0K,False,$1.15 / SMA $1.16,False,0.55%,,N/A,False,318.1M,False,PNK,False,
AOCIF,AutoCanada Inc.,15.4,2026-06-18T00:01:45.909327+00:00,False,+38.5%,True,$354.7M,True,+223.5%,False,5.5K,False,$15.40 / SMA $15.85,False,0.00%,False,+-4.1%,True,12.0M,False,PNK,False,
AOS,A. O. Smith Corporation,57.88,2026-06-17T23:53:24.722680+00:00,False,+6.9%,True,$7977.5M,False,+-10.4%,True,1638.3K,False,$57.88 / SMA $60.24,False,2.55%,False,+-1.9%,True,109.8M,True,NYQ,False,
AOZOY,"Aozora Bank, Ltd.",3.95,2026-06-17T23:57:21.609453+00:00,False,+19.7%,True,$2186.4M,,N/A,False,0.1K,False,$3.95 / SMA $4.23,False,0.19%,,N/A,False,542.7M,False,PNK,False,
APD,"Air Products and Chemicals, Inc.",281.75,2026-06-17T23:52:30.432150+00:00,False,+23.0%,True,$62740.3M,True,+141.1%,True,1174.4K,False,$281.75 / SMA $292.32,False,2.09%,False,+8.8%,False,222.3M,True,NYQ,False,
APEMY,Aperam S.A.,59.43,2026-06-17T23:55:24.676015+00:00,True,+103.7%,True,$4299.3M,True,+116.7%,False,0.5K,True,$59.43 / SMA $53.46,False,0.00%,False,+-5.0%,True,42.8M,False,PNK,False,
API,"Agora, Inc.",4.22,2026-06-18T00:01:53.495225+00:00,False,+34.4%,True,$356.8M,True,+200.0%,False,429.7K,True,$4.22 / SMA $4.03,True,7.35%,False,+13.5%,True,60.8M,True,NMS,False,
APPF,"AppFolio, Inc.",148.59,2026-06-17T23:55:08.179833+00:00,False,+4.1%,True,$5253.9M,True,+37.2%,False,359.9K,False,$148.59 / SMA $161.27,True,4.91%,False,+20.4%,True,22.9M,True,NGM,False,
ARCAY,Arcadis NV,40.0,2026-06-17T23:55:33.087958+00:00,False,+48.0%,True,$3401.9M,,N/A,False,0.4K,True,$40.00 / SMA $37.11,False,0.40%,,N/A,True,85.7M,False,PNK,False,
ARGTF,Artemis Gold Inc.,24.79,2026-06-17T23:55:12.289886+00:00,False,+46.6%,True,$5776.6M,,N/A,False,39.8K,False,$24.79 / SMA $25.45,True,4.94%,,N/A,False,150.9M,False,OQX,False,
ARKAY,Arkema S.A.,67.47,2026-06-17T23:55:11.459288+00:00,False,+19.9%,True,$5106.1M,False,+-84.8%,False,2.0K,False,$67.47 / SMA $68.39,False,0.60%,False,+-8.4%,True,57.0M,False,PNK,False,
ARMK,Aramark,53.49,2026-06-17T23:53:05.444088+00:00,False,+52.5%,True,$14065.4M,True,+65.2%,True,2790.2K,True,$53.49 / SMA $48.98,False,1.99%,False,+14.7%,False,261.3M,True,NYQ,False,
ARMP,"Armata Pharmaceuticals, Inc.",7.06,2026-06-18T00:01:55.901197+00:00,True,+303.4%,False,$259.2M,False,+-1480.0%,False,65.1K,False,$7.06 / SMA $9.40,True,10.51%,,N/A,True,11.3M,True,ASE,False,
ARNNY,ASR Nederland N.V.,37.8,2026-06-17T23:53:00.619097+00:00,False,+20.0%,True,$15464.6M,,N/A,False,9.9K,True,$37.80 / SMA $37.09,False,1.67%,,N/A,False,385.7M,False,PNK,False,
ARQT,"Arcutis Biotherapeutics, Inc.",26.22,2026-06-17T23:57:18.844071+00:00,True,+100.8%,True,$3279.7M,True,+55.0%,True,1605.7K,True,$26.22 / SMA $22.73,True,4.41%,True,+60.1%,True,92.6M,True,NMS,True,
ARTC,Art Technology Acquisition Corp.,9.92,2026-06-18T00:01:48.535209+00:00,False,+1.3%,,N/A,,N/A,False,48.5K,True,$9.92 / SMA $9.88,False,0.07%,,N/A,True,26.1M,True,NGM,False,
ARZGF,Assicurazioni Generali S.p.A.,35.01,2026-06-17T23:52:29.400831+00:00,False,+0.0%,True,$52374.2M,,N/A,False,0.0K,False,$35.01 / SMA $43.23,False,0.00%,,N/A,False,1086.2M,False,PNK,False,
AS,"Amer Sports, Inc.",35.1,2026-06-17T23:52:54.065467+00:00,False,+21.4%,True,$20422.0M,False,+16.6%,True,4335.7K,False,$35.10 / SMA $35.20,True,3.80%,True,+32.1%,False,170.1M,True,NYQ,False,
ASBFY,Associated British Foods plc,25.22,2026-06-17T23:52:58.102395+00:00,False,+8.0%,True,$17649.6M,,N/A,False,120.9K,True,$25.22 / SMA $24.93,False,1.62%,,N/A,False,257.2M,False,PNK,False,
ASCLF,Ascletis Pharma Inc.,1.35,2026-06-17T23:57:34.705184+00:00,False,+44.8%,True,$1422.3M,,N/A,False,0.5K,False,$1.35 / SMA $1.88,False,0.57%,,N/A,False,218.8M,False,PNK,False,
ASG,"Liberty All-Star Growth Fund, Inc.",5.3,2026-06-18T00:01:52.231438+00:00,False,+16.5%,True,$333.2M,,N/A,False,289.3K,True,$5.30 / SMA $5.22,False,1.66%,,N/A,,N/A,True,NYQ,False,
ASGLF,AGC Inc.,38.35,2026-06-17T23:53:23.436752+00:00,False,+27.8%,True,$8145.3M,,N/A,False,0.0K,True,$38.35 / SMA $36.95,False,0.00%,,N/A,,N/A,False,PNK,False,
ASGTF,Altus Group Limited,32.22,2026-06-17T23:59:27.376070+00:00,False,+15.9%,True,$1153.3M,,N/A,False,31.4K,False,$32.22 / SMA $33.08,False,0.86%,False,+-20.1%,True,24.3M,False,PNK,False,
ASM,Avino Silver & Gold Mines Ltd.,6.83,2026-06-17T23:59:28.287048+00:00,True,+120.3%,True,$1197.1M,True,+125.0%,True,4906.6K,False,$6.83 / SMA $6.85,True,6.69%,True,+109.3%,False,159.3M,True,ASE,False,
ASMB,"Assembly Biosciences, Inc.",24.15,2026-06-18T00:01:34.131864+00:00,False,+46.4%,True,$478.6M,True,+53.8%,False,142.9K,False,$24.15 / SMA $27.28,True,6.04%,False,+-12.8%,True,8.8M,True,NMS,False,
ASOMY,ASOS Plc,3.69,2026-06-18T00:01:40.858223+00:00,False,+48.2%,True,$441.5M,,N/A,False,2.8K,True,$3.69 / SMA $3.22,False,1.02%,,N/A,True,32.5M,False,PNK,False,
ASXFY,ASX Limited,35.95,2026-06-17T23:53:22.795372+00:00,False,+11.9%,True,$7025.0M,,N/A,False,41.2K,False,$35.95 / SMA $39.52,False,1.35%,,N/A,False,193.6M,False,PNK,False,
ATDRF,Autotrader Group plc,6.462,2026-06-17T23:55:10.698750+00:00,False,+11.5%,True,$5138.5M,,N/A,False,5.9K,True,$6.46 / SMA $6.44,False,0.00%,,N/A,False,803.6M,False,PNK,False,
ATEX,Anterix Inc.,79.16,2026-06-17T23:59:24.961521+00:00,True,+350.3%,True,$1497.3M,True,+100.0%,False,380.8K,True,$79.16 / SMA $55.90,True,7.95%,,N/A,True,13.0M,True,NCM,False,
ATHM,Autohome Inc.,17.91,2026-06-17T23:57:28.575715+00:00,False,+15.0%,True,$2062.7M,False,+-85.9%,True,641.1K,False,$17.91 / SMA $18.00,True,4.64%,False,+-27.9%,True,59.4M,True,NYQ,False,
ATI,ATI Inc.,196.86,2026-06-17T23:52:51.725358+00:00,True,+179.6%,True,$26865.6M,True,+26.9%,True,1863.1K,True,$196.86 / SMA $166.45,True,4.11%,False,+0.6%,True,135.0M,True,NYQ,False,
ATII,Archimedes Tech SPAC Partners II Co.,11.0,2026-06-18T00:01:49.811786+00:00,False,+8.7%,True,$325.5M,False,+0.0%,False,264.5K,True,$11.00 / SMA $10.85,False,1.99%,,N/A,True,21.8M,True,NGM,False,
ATLPF,Atlas Copco AB (publ),20.48,2026-06-17T23:52:26.139140+00:00,False,+39.1%,True,$99914.1M,False,+-20.0%,False,5.6K,True,$20.48 / SMA $18.66,False,0.21%,False,+-11.8%,False,3947.2M,False,PNK,False,
ATOGF,AUTO1 Group SE,25.695,2026-06-17T23:55:13.546739+00:00,False,+46.0%,True,$5656.9M,False,+-12.8%,False,0.1K,True,$25.70 / SMA $23.26,False,0.00%,True,+25.4%,True,107.2M,False,PNK,False,
ATOM,Atomera Incorporated,8.17,2026-06-18T00:01:45.641638+00:00,True,+331.8%,True,$316.3M,False,+0.0%,True,2108.6K,True,$8.17 / SMA $8.14,True,12.52%,True,+175.0%,True,37.4M,True,NCM,False,
ATRO,Astronics Corporation,80.06,2026-06-17T23:57:13.607220+00:00,True,+267.9%,True,$3443.3M,True,+157.7%,True,692.2K,True,$80.06 / SMA $77.15,True,5.97%,False,+12.0%,True,40.3M,True,NMS,False,
ATUSF,Altius Minerals Corporation,42.7,2026-06-17T23:57:27.762401+00:00,True,+119.7%,True,$2380.2M,False,+-61.5%,False,25.7K,True,$42.70 / SMA $39.05,True,3.74%,True,+75.7%,True,52.4M,False,OQX,False,
ATVDY,"Atresmedia Corporación de Medios de Comunicación, S.A.",5.4,2026-06-17T23:57:46.940503+00:00,False,+6.9%,True,$1216.0M,,N/A,False,0.1K,False,$5.40 / SMA $5.67,False,0.09%,,N/A,True,96.7M,False,PNK,False,
AUR,"Aurora Innovation, Inc.",6.05,2026-06-17T23:53:04.341834+00:00,False,+68.1%,True,$11865.3M,False,+8.3%,True,26839.9K,False,$6.05 / SMA $6.22,True,6.45%,,N/A,False,1318.9M,True,NMS,False,
AURA,"Aura Biosciences, Inc.",6.31,2026-06-17T23:59:42.156463+00:00,False,+33.4%,True,$652.4M,False,+9.1%,True,521.1K,False,$6.31 / SMA $7.24,True,5.13%,,N/A,True,93.4M,True,NGM,False,
AUTL,Autolus Therapeutics plc,1.53,2026-06-18T00:01:34.095369+00:00,False,+30.2%,True,$407.2M,False,+-3.8%,True,1601.7K,False,$1.53 / SMA $1.58,True,7.71%,True,+191.9%,True,33.9M,True,NMS,False,
AUTLF,Austal Limited,3.07,2026-06-17T23:59:25.821474+00:00,False,+13.3%,True,$1295.7M,,N/A,False,9.4K,True,$3.07 / SMA $3.07,True,3.88%,,N/A,False,226.3M,False,PNK,False,
AVAL,Grupo Aval Acciones y Valores S.A.,5.58,2026-06-17T23:55:15.369911+00:00,True,+99.3%,True,$6624.4M,False,+-6.6%,False,242.2K,True,$5.58 / SMA $4.65,True,4.87%,False,+12.6%,False,229.1M,True,NYQ,False,
AVIFY,Advanced Info Service Public Company Limited,11.85,2026-06-17T23:52:42.158745+00:00,False,+65.0%,True,$39912.5M,,N/A,False,6.8K,True,$11.85 / SMA $11.03,True,5.77%,False,+2.6%,False,1158.7M,False,PNK,False,
AVT,"Avnet, Inc.",89.81,2026-06-17T23:53:27.896783+00:00,True,+103.0%,True,$7366.6M,False,+12.9%,True,1272.0K,True,$89.81 / SMA $81.87,True,3.55%,True,+33.9%,True,81.4M,True,NMS,False,
AVTX,"Avalo Therapeutics, Inc.",15.4,2026-06-17T23:59:38.456601+00:00,True,+244.5%,True,$809.5M,False,+21.6%,True,1606.2K,False,$15.40 / SMA $15.43,True,6.84%,,N/A,True,40.3M,True,NCM,False,
AWI,"Armstrong World Industries, Inc.",153.89,2026-06-17T23:53:29.769888+00:00,False,+2.6%,True,$6567.8M,False,+-1.9%,False,442.8K,False,$153.89 / SMA $163.81,False,2.70%,False,+7.1%,True,42.0M,True,NYQ,False,
AXON,"Axon Enterprise, Inc.",423.01,2026-06-17T23:52:42.934019+00:00,False,+24.8%,True,$34095.5M,True,+89.8%,True,1132.4K,True,$423.01 / SMA $412.34,True,6.31%,True,+33.7%,True,76.8M,True,NMS,False,
AYA,Aya Gold & Silver Inc.,20.2,2026-06-17T23:57:20.473112+00:00,True,+144.3%,True,$2895.7M,True,+560.0%,False,356.8K,True,$20.20 / SMA $18.36,True,7.37%,True,+246.6%,True,142.8M,True,NMS,False,
AYAAY,"Ayala Land, Inc.",5.0,2026-06-17T23:55:30.992471+00:00,False,+0.0%,True,$3572.7M,False,+-20.8%,False,0.0K,False,$5.00 / SMA $6.30,False,0.00%,False,+-15.0%,False,318.6M,False,PNK,False,
AZLUY,Azul SA,9.08,2026-06-17T23:57:36.797158+00:00,False,+8.6%,True,$1662.0M,True,+149127834.3%,False,49.0K,False,$9.08 / SMA $462.52,True,8.90%,False,+1.4%,False,365.1M,False,PNK,False,
AZO,"AutoZone, Inc.",3059.63,2026-06-17T23:52:31.946075+00:00,False,+4.5%,True,$50083.1M,False,+7.7%,False,260.7K,False,$3059.63 / SMA $3353.13,True,3.12%,False,+8.4%,True,16.3M,True,NYQ,False,
BAGFF,A.G. BARR p.l.c.,8.12,2026-06-17T23:59:36.911536+00:00,False,+23.0%,True,$901.1M,,N/A,False,0.0K,False,$8.12 / SMA $8.17,False,0.00%,,N/A,True,87.8M,False,PNK,False,
BAM,Brookfield Asset Management Ltd.,47.98,2026-06-17T23:52:27.950388+00:00,False,+13.7%,True,$76613.8M,False,+5.6%,True,3419.3K,True,$47.98 / SMA $47.36,False,2.68%,False,+15.1%,False,324.6M,True,NYQ,False,
BATRA,"Atlanta Braves Holdings, Inc.",55.13,2026-06-17T23:55:36.404290+00:00,False,+32.8%,True,$3536.2M,False,+4.7%,False,60.2K,True,$55.13 / SMA $53.30,False,1.90%,True,+52.5%,True,58.4M,True,NMS,False,
BAWAY,BAWAY,49.51,2026-06-17T23:53:05.147964+00:00,True,+77.6%,True,$15244.5M,,N/A,False,68.5K,True,$49.51 / SMA $43.90,True,3.35%,,N/A,,N/A,False,PNK,False,
BAX,Baxter International Inc.,19.39,2026-06-17T23:53:15.880541+00:00,False,+23.3%,True,$10014.3M,False,+0.0%,True,7608.8K,True,$19.39 / SMA $18.42,True,3.60%,False,+2.9%,False,514.0M,True,NYQ,False,
BBDC,"Barings BDC, Inc.",8.24,2026-06-17T23:59:37.489012+00:00,False,+3.5%,True,$862.8M,False,+-38.7%,True,709.0K,False,$8.24 / SMA $8.46,False,1.81%,False,+-34.5%,,N/A,True,NYQ,False,
BBDO,Banco Bradesco S.A.,2.94,2026-06-17T23:52:40.708102+00:00,False,+24.1%,True,$31077.9M,False,+-6.0%,False,69.3K,False,$2.94 / SMA $3.29,True,3.49%,False,+9.2%,False,7527.5M,True,NYQ,False,
BBVXF,"Banco Bilbao Vizcaya Argentaria, S.A.",24.28,2026-06-17T23:52:22.841297+00:00,True,+71.6%,True,$134764.5M,False,+13.3%,False,27.3K,True,$24.28 / SMA $22.69,True,4.49%,False,+14.2%,False,5821.4M,False,PNK,False,
BCHHF,Bucher Industries AG,395.0,2026-06-17T23:55:25.690564+00:00,False,+0.0%,True,$3876.3M,,N/A,False,0.0K,False,$395.00 / SMA $440.22,False,0.00%,,N/A,True,6.0M,False,PNK,False,
BCHMY,Bachem Holding AG,9.0,2026-06-17T23:53:25.999029+00:00,False,+50.8%,True,$6744.2M,,N/A,False,7.6K,False,$9.00 / SMA $9.40,True,6.82%,,N/A,False,747.4M,False,PNK,False,
BCLYF,Barclays PLC,6.7,2026-06-17T23:52:27.204924+00:00,False,+65.4%,True,$90499.6M,False,+8.5%,False,62.8K,True,$6.70 / SMA $5.96,True,5.47%,False,+5.9%,False,12787.8M,False,PNK,False,
BCSS,Bain Capital GSS Investment Corp.,10.21,2026-06-17T23:59:51.315728+00:00,False,+2.6%,True,$596.3M,,N/A,False,78.2K,True,$10.21 / SMA $10.17,False,0.12%,,N/A,True,35.0M,True,NYQ,False,
BDIMF,Black Diamond Group Limited,13.83,2026-06-17T23:59:37.713279+00:00,True,+95.6%,True,$948.8M,False,+-73.3%,False,1.0K,True,$13.83 / SMA $12.78,False,0.12%,False,+-2.1%,True,53.8M,False,OQX,False,
BDN,BDN,3.07,2026-06-18T00:01:28.714085+00:00,False,+24.3%,True,$533.3M,False,+-75.0%,True,2149.6K,True,$3.07 / SMA $3.01,False,2.90%,False,+4.5%,False,165.4M,True,NYQ,False,
BEAM,Beam Therapeutics Inc.,32.48,2026-06-17T23:57:11.870642+00:00,True,+108.2%,True,$3341.5M,True,+26.6%,True,2104.3K,True,$32.48 / SMA $29.99,True,6.80%,True,+324.9%,True,88.0M,True,NMS,True,
BESVF,BE Semiconductor Industries N.V.,345.99,2026-06-17T23:52:49.655394+00:00,True,+168.9%,True,$27402.0M,False,+-12.2%,False,0.1K,True,$345.99 / SMA $298.54,False,0.37%,False,+20.5%,True,70.4M,False,PNK,False,
BETA,"BETA Technologies, Inc.",15.77,2026-06-17T23:55:27.277333+00:00,False,+17.4%,True,$3773.1M,False,+-8.8%,True,1745.4K,False,$15.77 / SMA $16.81,True,7.69%,False,+5.6%,True,116.2M,True,NYQ,False,
BF.B,BF.B,,2026-06-17T23:53:08.720512+00:00,False,N/A,False,N/A,False,N/A,False,N/A,False,N/A,False,N/A,False,N/A,False,N/A,False,Unknown,False,No price data available
BFFBF,BFFBF,2.8,2026-06-18T00:01:27.949244+00:00,True,+106.9%,,N/A,,N/A,False,5.0K,True,$2.80 / SMA_short $2.48,True,5.81%,,N/A,False,179.1M,False,PNK,False,
BGAOY,Proximus PLC,1.5,2026-06-17T23:57:19.395621+00:00,False,+4.2%,True,$2423.0M,False,+-10.3%,False,4.6K,False,$1.50 / SMA $1.52,False,0.00%,,N/A,False,710.6M,False,PNK,False,
BGB,Blackstone Strategic Credit 2027 Term Fund,11.3,2026-06-18T00:01:29.514788+00:00,False,+4.1%,True,$504.9M,,N/A,False,139.4K,True,$11.30 / SMA $11.25,False,0.54%,,N/A,,N/A,True,NYQ,False,
BGS,"B&G Foods, Inc.",3.9,2026-06-18T00:01:49.927657+00:00,False,+6.3%,True,$316.6M,False,+-4200.0%,True,2027.4K,False,$3.90 / SMA $4.72,True,3.78%,False,+-3.9%,True,77.1M,True,NYQ,False,
BHFAP,"Brighthouse Financial, Inc.",15.09,2026-06-17T23:55:31.006338+00:00,False,+7.6%,,N/A,,N/A,False,29.4K,False,$15.09 / SMA $15.37,False,1.39%,False,+-37.1%,True,56.6M,True,NMS,False,
BHK,BlackRock Core Bond Trust,8.94,2026-06-17T23:59:48.974491+00:00,False,+2.9%,True,$645.7M,,N/A,False,284.7K,False,$8.94 / SMA $8.96,False,0.81%,,N/A,,N/A,True,NYQ,False,
BHKLY,BOC Hong Kong (Holdings) Limited,123.0,2026-06-17T23:52:30.103253+00:00,False,+42.8%,True,$65022.6M,,N/A,False,3.9K,True,$123.00 / SMA $116.99,False,2.18%,,N/A,False,179.4M,False,PNK,False,
BIO,"Bio-Rad Laboratories, Inc.",284.67,2026-06-17T23:53:25.138859+00:00,False,+24.6%,True,$7618.2M,False,+-953.7%,False,379.8K,True,$284.67 / SMA $283.37,True,3.20%,False,+1.1%,True,20.9M,True,NYQ,False,
BIXI,Bitcoin Infrastructure Acquisition Corp Ltd.,10.0,2026-06-18T00:01:56.920315+00:00,False,+2.0%,True,$301.0M,,N/A,False,4.9K,True,$10.00 / SMA $9.96,False,0.04%,,N/A,True,21.0M,True,NGM,False,
BJCHF,Beijing Capital International Airport Company Limited,0.18,2026-06-17T23:59:31.124704+00:00,False,+0.0%,True,$824.3M,,N/A,False,0.7K,False,$0.18 / SMA $0.25,False,0.00%,,N/A,False,1754.7M,False,PNK,False,
BJRI,"BJ's Restaurants, Inc.",52.4,2026-06-17T23:59:35.289070+00:00,True,+84.1%,True,$1101.3M,False,+-29.3%,False,368.8K,True,$52.40 / SMA $42.27,True,4.23%,False,+2.9%,True,18.2M,True,NMS,False,
BKEAY,"The Bank of East Asia, Limited",1.76,2026-06-17T23:55:17.438621+00:00,False,+31.3%,True,$4653.1M,,N/A,False,0.6K,False,$1.76 / SMA $1.81,False,0.47%,,N/A,False,920.8M,False,PNK,False,
BKIMF,"Bankinter, S.A.",15.0,2026-06-17T23:53:02.755193+00:00,False,+36.9%,True,$13480.4M,True,+25.5%,False,0.2K,False,$15.00 / SMA $16.48,False,0.00%,False,+3.8%,False,667.0M,False,PNK,False,
BKNG,Booking Holdings Inc.,171.63,2026-06-17T23:52:22.978273+00:00,False,+14.3%,True,$132992.4M,True,+240.0%,True,7585.3K,True,$171.63 / SMA $169.31,True,3.45%,False,+16.2%,False,772.5M,True,NMS,False,
BKQNY,Bank of Queensland Limited,8.45,2026-06-17T23:55:39.273678+00:00,False,+2.7%,True,$2777.9M,,N/A,False,0.1K,False,$8.45 / SMA $9.08,False,0.40%,,N/A,False,324.3M,False,PNK,False,
BKRKY,PT Bank Rakyat Indonesia (Persero) Tbk,8.62,2026-06-17T23:52:47.449392+00:00,False,+22.4%,True,$25959.1M,,N/A,False,192.4K,False,$8.62 / SMA $8.74,False,2.42%,False,+15.2%,False,1397.9M,False,PNK,False,
BKTI,BK Technologies Corporation,82.56,2026-06-18T00:01:55.145730+00:00,True,+128.3%,True,$309.1M,True,+25.5%,False,56.3K,False,$82.56 / SMA $87.99,True,3.61%,False,+11.8%,True,2.9M,True,ASE,False,
BKZHY,Erste Bank Polska S.A.,32.8,2026-06-17T23:52:58.433805+00:00,False,+26.8%,True,$16759.0M,False,+-40.7%,False,0.1K,True,$32.80 / SMA $29.00,False,0.75%,False,+1.1%,,N/A,False,PNK,False,
BLGFF,Baillie Gifford US Growth Trust PLC,4.55,2026-06-17T23:59:20.429909+00:00,False,+24.7%,,N/A,,N/A,False,6.8K,True,$4.55 / SMA_short $4.55,False,2.45%,,N/A,,N/A,False,PNK,False,
BLK,"BlackRock, Inc.",1057.38,2026-06-17T23:52:21.183344+00:00,False,+15.3%,True,$172192.8M,True,+45.9%,True,700.4K,True,$1057.38 / SMA $1041.80,False,2.26%,True,+27.0%,True,144.1M,True,NYQ,False,
BLSH,Bullish,23.86,2026-06-17T23:55:12.776668+00:00,False,+0.4%,True,$3618.3M,False,+-63.6%,True,1384.2K,False,$23.86 / SMA $36.39,True,6.45%,False,+-35.4%,True,48.3M,True,NYQ,False,
BLUW,Blue Water Acquisition Corp. III,10.33,2026-06-18T00:01:50.623673+00:00,False,+4.0%,True,$333.7M,True,+2310.0%,False,30.5K,True,$10.33 / SMA $10.27,False,0.19%,,N/A,True,21.0M,True,NGM,False,
BLW,BlackRock Limited Duration Income Trust,12.2,2026-06-18T00:01:32.095225+00:00,False,+1.2%,True,$476.8M,,N/A,False,154.1K,False,$12.20 / SMA $12.40,False,0.92%,,N/A,,N/A,True,NYQ,False,
BLZE,"Backblaze, Inc.",8.27,2026-06-18T00:01:33.380962+00:00,True,+153.6%,True,$496.3M,True,+41.2%,True,1697.7K,True,$8.27 / SMA $6.31,True,7.33%,False,+11.7%,True,57.2M,True,NGM,False,
BLZRU,Trailblazer Acquisition Corp.,10.27,2026-06-18T00:01:48.107346+00:00,False,+2.7%,,N/A,,N/A,False,3.5K,True,$10.27 / SMA $10.22,False,0.12%,,N/A,True,25.4M,True,NGM,False,
BMI,"Badger Meter, Inc.",134.65,2026-06-17T23:55:29.993025+00:00,False,+20.1%,True,$3929.8M,False,+-28.5%,True,580.4K,True,$134.65 / SMA $127.62,True,3.69%,False,+-9.0%,True,29.0M,True,NYQ,False,
BMXMF,bioMérieux S.A.,78.0,2026-06-17T23:53:14.311735+00:00,False,+0.9%,True,$9200.4M,,N/A,False,0.2K,False,$78.00 / SMA $88.32,False,0.29%,,N/A,True,40.3M,False,PNK,False,
BMXXY,bioMérieux S.A.,7.95,2026-06-17T23:53:14.974205+00:00,False,+0.5%,True,$9377.4M,,N/A,False,2.4K,False,$7.95 / SMA $9.02,False,2.67%,,N/A,False,402.9M,False,PNK,False,
BNL,"Broadstone Net Lease, Inc.",20.38,2026-06-17T23:55:27.361506+00:00,False,+30.1%,True,$4077.3M,True,+166.7%,True,2517.0K,True,$20.38 / SMA $20.17,False,1.77%,False,+11.7%,False,189.6M,True,NYQ,False,
BOBS,"Bob's Discount Furniture, Inc.",13.24,2026-06-17T23:57:41.890804+00:00,False,+35.9%,True,$1729.5M,,N/A,True,1194.0K,True,$13.24 / SMA $12.15,True,6.87%,,N/A,True,28.3M,True,NYQ,False,
BOEUF,Bonesupport Holding AB (publ),22.79,2026-06-17T23:57:32.010089+00:00,False,+22.7%,True,$1496.8M,False,+-1.2%,False,0.1K,False,$22.79 / SMA $25.40,False,0.00%,True,+26.1%,True,52.9M,False,PNK,False,
BOH,Bank of Hawaii Corporation,77.3,2026-06-17T23:55:37.572827+00:00,False,+30.2%,True,$3062.7M,True,+34.0%,False,371.8K,False,$77.30 / SMA $77.56,False,2.25%,False,+14.4%,True,39.0M,True,NYQ,False,
BOSSY,Hugo Boss AG,9.0,2026-06-17T23:57:14.463408+00:00,False,+12.5%,True,$3283.6M,False,+-52.9%,False,0.7K,True,$9.00 / SMA $8.60,False,1.31%,False,+-9.4%,False,212.8M,False,PNK,False,
BOWFF,Boardwalk Real Estate Investment Trust,46.1,2026-06-17T23:57:21.317392+00:00,False,+6.4%,True,$2395.6M,False,+-107.3%,False,5.5K,False,$46.10 / SMA $47.41,False,0.13%,False,+5.2%,True,38.9M,False,PNK,False,
BPAQF,BP p.l.c.,6.58,2026-06-17T23:52:23.664105+00:00,False,+35.7%,True,$101663.5M,True,+474.5%,False,22.3K,False,$6.58 / SMA $7.44,False,1.00%,False,+11.4%,False,14980.1M,False,PNK,False,
BPERF,BPERF,16.05,2026-06-17T23:52:45.690383+00:00,False,+32.9%,True,$33445.5M,False,+-14.4%,False,1.3K,True,$16.05 / SMA $13.81,False,0.17%,,N/A,False,1561.1M,False,PNK,False,
BPMUF,Basilea Pharmaceutica AG,71.0,2026-06-17T23:59:41.300377+00:00,False,+23.1%,True,$878.7M,,N/A,False,0.0K,True,$71.00 / SMA $67.19,False,0.00%,,N/A,True,12.2M,False,PNK,False,
BRBOF,Brembo N.V.,12.8,2026-06-17T23:53:30.795246+00:00,False,+51.5%,True,$4071.8M,False,+12.5%,False,0.2K,True,$12.80 / SMA $11.51,False,0.00%,False,+-1.8%,True,138.0M,False,PNK,False,
BRC,Brady Corporation,83.45,2026-06-17T23:55:24.450505+00:00,False,+26.9%,True,$3931.6M,False,+11.0%,False,345.7K,True,$83.45 / SMA $82.46,True,4.19%,False,+13.8%,True,42.4M,True,NYQ,False,
BRCB,"Black Rock Coffee Bar, Inc.",7.31,2026-06-18T00:01:49.222218+00:00,False,+19.6%,False,$157.7M,,N/A,True,599.2K,False,$7.31 / SMA $10.06,True,9.07%,False,+23.7%,True,19.5M,True,NGM,False,
BRCFF,BRCFF,17.0,2026-06-17T23:52:25.316999+00:00,False,+12.1%,,N/A,,N/A,False,0.0K,False,$17.00 / SMA $17.22,False,0.00%,False,+3.5%,False,1732.7M,False,PNK,False,
BRDCY,Bridgestone Corporation,10.88,2026-06-17T23:52:46.618731+00:00,False,+11.1%,True,$27199.9M,,N/A,False,373.3K,True,$10.88 / SMA $10.57,False,1.80%,,N/A,False,2338.7M,False,PNK,False,
BRO,"Brown & Brown, Inc.",59.04,2026-06-17T23:52:55.014876+00:00,False,+9.7%,True,$20011.5M,False,+-7.8%,True,3298.3K,False,$59.04 / SMA $60.44,False,2.93%,True,+35.7%,False,292.0M,True,NYQ,False,
BRUN,"Boost Run, Inc.",35.24,2026-06-18T00:01:38.115461+00:00,True,+246.0%,True,$2164.7M,,N/A,True,1230.0K,True,$35.24 / SMA $23.14,True,15.74%,,N/A,True,3.2M,True,NGM,True,
BRVMF,Bravo Mining Corp.,2.18,2026-06-18T00:01:49.961680+00:00,False,+12.4%,False,$298.8M,True,+100.0%,False,28.2K,False,$2.18 / SMA $2.54,True,6.73%,,N/A,True,78.5M,False,OQX,False,
BRX,Brixmor Property Group Inc.,30.95,2026-06-17T23:53:17.655344+00:00,False,+25.5%,True,$9496.6M,True,+78.3%,True,2536.8K,True,$30.95 / SMA $30.45,False,1.84%,False,+5.1%,False,303.3M,True,NYQ,False,
BSRR,Sierra Bancorp,39.47,2026-06-18T00:01:30.277346+00:00,False,+49.0%,True,$516.2M,True,+47.7%,False,52.8K,True,$39.47 / SMA $37.47,False,2.65%,False,+5.5%,True,11.5M,True,NMS,False,
BSX,Boston Scientific Corporation,44.95,2026-06-17T23:52:26.509931+00:00,False,+0.3%,True,$66811.7M,True,+100.0%,True,19259.3K,False,$44.95 / SMA $55.26,True,3.01%,False,+11.6%,False,1482.3M,True,NYQ,False,
BTAFF,British American Tobacco p.l.c.,59.75,2026-06-17T23:52:21.991233+00:00,False,+31.3%,True,$129076.1M,,N/A,False,9.6K,False,$59.75 / SMA $61.23,True,3.28%,,N/A,False,1980.1M,False,PNK,False,
BTDPF,Barratt Redrow plc,3.5,2026-06-17T23:55:16.244623+00:00,False,+7.7%,True,$4901.8M,,N/A,False,1.7K,True,$3.50 / SMA $3.44,False,0.00%,,N/A,False,1354.0M,False,PNK,False,
BTGO,BTGO,5.91,2026-06-17T23:59:40.896378+00:00,False,+26.7%,True,$685.3M,False,+-178.5%,True,1180.2K,False,$5.91 / SMA $8.65,True,11.04%,True,+112.6%,True,67.4M,True,NYQ,False,
BTSNY,Betsson AB (publ),9.55,2026-06-17T23:57:47.143379+00:00,False,+0.0%,True,$1320.7M,False,+-51.4%,False,0.0K,False,$9.55 / SMA $9.59,False,0.00%,False,+-7.0%,True,115.9M,False,PNK,False,
BTZ,BlackRock Credit Allocation Income Trust,10.06,2026-06-17T23:59:35.206966+00:00,False,+3.7%,True,$938.8M,,N/A,False,300.6K,False,$10.06 / SMA $10.10,False,0.82%,,N/A,,N/A,True,NYQ,False,
BUI,"BlackRock Utilities, Infrastructure & Power Opportunities Trust",28.57,2026-06-17T23:59:48.243764+00:00,False,+17.0%,True,$700.6M,,N/A,False,94.8K,True,$28.57 / SMA $27.36,False,1.40%,,N/A,,N/A,True,NYQ,False,
BURBY,Burberry Group plc,14.91,2026-06-17T23:55:12.293504+00:00,False,+12.7%,True,$5355.8M,,N/A,False,61.3K,False,$14.91 / SMA $15.61,False,2.29%,,N/A,False,352.8M,False,PNK,False,
BUSE,First Busey Corporation,27.99,2026-06-17T23:57:23.828847+00:00,False,+29.4%,True,$2367.3M,True,+218.2%,True,642.9K,True,$27.99 / SMA $26.85,False,1.97%,True,+57.0%,True,81.8M,True,NMS,False,
BVENY,BVENY,4.25,2026-06-17T23:57:33.256542+00:00,False,+27.6%,True,$1974.3M,False,+-142.1%,False,28.7K,True,$4.25 / SMA_short $3.93,False,0.20%,False,+9.1%,False,421.5M,False,PNK,False,
BVN,Compañía de Minas Buenaventura S.A.A.,34.24,2026-06-17T23:53:20.295673+00:00,True,+119.2%,True,$8696.5M,True,+140.0%,True,1437.9K,True,$34.24 / SMA $34.07,True,5.13%,True,+103.0%,False,160.3M,True,NYQ,False,
BVNKF,Bavarian Nordic A/S,27.8,2026-06-17T23:57:21.418233+00:00,False,+6.6%,True,$2122.6M,False,+-92.6%,False,0.1K,False,$27.80 / SMA $29.81,False,0.00%,False,+-21.4%,True,76.4M,False,PNK,False,
BW,"Babcock & Wilcox Enterprises, Inc.",17.16,2026-06-17T23:57:19.314736+00:00,True,+1865.6%,True,$2554.1M,False,+-130.8%,True,3603.8K,False,$17.16 / SMA $17.29,True,9.01%,True,+44.3%,True,102.7M,True,NYQ,False,
BWIN,"The Baldwin Insurance Group, Inc.",17.33,2026-06-17T23:57:15.499600+00:00,False,+9.1%,True,$1689.5M,False,+-90.0%,True,1556.0K,False,$17.33 / SMA $21.14,True,5.58%,True,+29.4%,True,75.9M,True,NMS,False,
BWLP,BW LPG Limited,18.76,2026-06-17T23:55:34.103912+00:00,False,+62.0%,True,$2848.0M,True,+260.0%,False,449.9K,False,$18.76 / SMA $19.40,True,3.16%,False,+-2.7%,True,81.7M,True,NYQ,False,
BWMN,Bowman Consulting Group Ltd.,30.45,2026-06-17T23:59:53.004959+00:00,False,+17.3%,True,$533.1M,,N/A,False,137.9K,False,$30.45 / SMA $31.96,True,3.56%,,N/A,True,14.5M,True,NGM,False,
BXC,BlueLinx Holdings Inc.,54.4,2026-06-18T00:01:42.737748+00:00,False,+21.5%,True,$423.4M,False,+-154.5%,False,125.8K,True,$54.40 / SMA $53.22,True,5.36%,False,+3.1%,True,6.4M,True,NYQ,False,
BXMT,"Blackstone Mortgage Trust, Inc.",17.83,2026-06-17T23:55:38.519060+00:00,False,+0.9%,True,$3007.6M,,N/A,True,1487.9K,False,$17.83 / SMA $18.85,False,1.88%,True,+25.5%,False,159.5M,True,NYQ,False,
BYDIY,BYD Electronic (International) Company Limited,154.0,2026-06-17T23:53:25.434997+00:00,False,+10.6%,True,$6918.0M,,N/A,False,0.2K,False,$154.00 / SMA $176.82,True,11.22%,,N/A,True,13.0M,False,PNK,False,
BYLOF,Big Yellow Group Plc,11.434,2026-06-17T23:57:24.977992+00:00,False,+5.9%,True,$2241.2M,,N/A,False,2.5K,False,$11.43 / SMA $11.83,False,1.51%,,N/A,False,186.0M,False,PNK,False,
CAAP,Corporación América Airports S.A.,27.16,2026-06-17T23:55:25.417716+00:00,False,+56.5%,True,$4433.1M,True,+88.0%,False,242.1K,True,$27.16 / SMA $25.64,True,4.06%,False,+20.1%,True,18.2M,True,NYQ,False,
CAIXY,"CaixaBank, S.A.",4.79,2026-06-17T23:52:25.804704+00:00,True,+74.8%,True,$100147.8M,False,+4.3%,False,375.8K,True,$4.79 / SMA $4.26,False,1.84%,False,+1.6%,False,10518.2M,False,PNK,False,
CAPR,"Capricor Therapeutics, Inc.",27.95,2026-06-17T23:57:37.565680+00:00,True,+550.0%,True,$1618.6M,False,+-11.3%,True,1075.6K,False,$27.95 / SMA $30.65,True,4.74%,,N/A,True,48.5M,True,NMS,False,
CARS,Cars.com Inc.,9.82,2026-06-18T00:01:26.499108+00:00,False,+32.7%,True,$549.0M,True,+366.7%,True,1170.8K,False,$9.82 / SMA $10.24,True,3.96%,False,+0.7%,True,47.0M,True,NYQ,False,
CATY,Cathay General Bancorp,59.05,2026-06-17T23:55:27.963240+00:00,False,+40.6%,True,$3958.4M,True,+31.6%,False,469.6K,True,$59.05 / SMA $56.22,False,1.97%,False,+14.4%,True,63.7M,True,NMS,False,
CBL,"CBL & Associates Properties, Inc.",47.24,2026-06-17T23:57:43.542038+00:00,True,+88.1%,True,$1461.8M,True,+448.1%,False,218.9K,True,$47.24 / SMA $45.42,False,2.97%,False,+3.0%,True,17.0M,True,NYQ,False,
CBLNY,Mersen S.A.,10.5,2026-06-17T23:59:28.021600+00:00,True,+127.8%,True,$1276.1M,,N/A,False,0.8K,True,$10.50 / SMA $8.05,False,0.00%,,N/A,True,106.0M,False,PNK,False,
CBRE,"CBRE Group, Inc.",130.79,2026-06-17T23:52:38.603428+00:00,False,+7.5%,True,$38297.5M,True,+98.1%,True,2243.0K,False,$130.79 / SMA $138.50,False,2.97%,False,+18.6%,False,290.8M,True,NYQ,False,
CBU,"Community Financial System, Inc.",61.24,2026-06-17T23:55:34.257362+00:00,False,+19.8%,True,$3218.5M,False,+16.1%,False,249.6K,False,$61.24 / SMA $62.70,False,2.39%,False,+8.8%,True,52.1M,True,NYQ,False,
CCOEF,"Capcom Co., Ltd.",19.28,2026-06-17T23:53:18.565618+00:00,False,+17.2%,True,$8065.0M,,N/A,False,14.1K,False,$19.28 / SMA $21.66,False,0.36%,,N/A,False,330.5M,False,PNK,False,
CCOZF,China Coal Energy Company Limited,1.3,2026-06-17T23:52:49.259831+00:00,False,+21.5%,True,$17236.3M,,N/A,False,0.1K,False,$1.30 / SMA $1.60,False,0.00%,,N/A,False,4884.4M,False,PNK,False,
CDE,"Coeur Mining, Inc.",17.53,2026-06-17T23:52:56.703109+00:00,True,+107.2%,True,$18065.3M,True,+483.3%,True,27116.6K,False,$17.53 / SMA $18.44,True,5.89%,True,+137.8%,False,1024.7M,True,NYQ,False,
CDGLY,ComfortDelGro Corporation Limited,21.778,2026-06-17T23:57:25.869923+00:00,False,+10.0%,True,$2360.1M,,N/A,False,0.3K,False,$21.78 / SMA $22.70,False,1.54%,,N/A,True,106.9M,False,PNK,False,
CDNA,"CareDx, Inc.",23.48,2026-06-17T23:59:27.336301+00:00,True,+114.2%,True,$1213.0M,True,+126.3%,True,738.2K,True,$23.48 / SMA $21.20,True,5.05%,True,+39.0%,True,49.3M,True,NGM,True,
CENT,Central Garden & Pet Company,42.185,2026-06-17T23:57:25.197650+00:00,False,+46.6%,True,$2639.5M,True,+30.6%,False,74.8K,True,$42.19 / SMA $38.67,False,2.34%,False,+8.7%,True,57.4M,True,NMS,False,
CEPT,"Cantor Equity Partners II, Inc.",11.89,2026-06-18T00:01:40.089830+00:00,False,+15.2%,True,$363.6M,True,+9109.0%,True,660.7K,False,$11.89 / SMA $11.95,True,5.54%,,N/A,True,20.5M,True,NGM,False,
CFRUY,Compagnie Financière Richemont SA,22.5,2026-06-17T23:52:23.705927+00:00,False,+44.4%,True,$132286.6M,,N/A,True,528.4K,True,$22.50 / SMA $20.17,False,2.03%,,N/A,False,5345.8M,False,PNK,False,
CFWFF,Calfrac Well Services Ltd.,4.79,2026-06-18T00:01:34.809289+00:00,True,+127.0%,True,$481.3M,True,+171.4%,False,13.7K,True,$4.79 / SMA $4.33,False,2.26%,False,+-17.5%,True,66.9M,False,PNK,False,
CGECF,Cogeco Inc.,46.15,2026-06-18T00:01:35.013692+00:00,False,+16.6%,True,$437.1M,False,+4.8%,False,0.2K,False,$46.15 / SMA $46.18,False,0.01%,False,+-5.3%,True,7.7M,False,PNK,False,
CGHLY,China Gas Holdings Limited,21.7,2026-06-17T23:55:13.958379+00:00,False,+4.6%,True,$4729.0M,,N/A,False,0.1K,False,$21.70 / SMA $22.72,False,0.00%,,N/A,True,125.5M,False,PNK,False,
CGJTF,Cargojet Inc.,59.03,2026-06-17T23:59:35.690525+00:00,False,+26.6%,True,$880.8M,,N/A,False,8.7K,False,$59.03 / SMA $59.77,False,0.27%,False,+-13.1%,True,14.5M,False,PNK,False,
CGNX,Cognex Corporation,64.77,2026-06-17T23:53:12.388049+00:00,True,+121.7%,True,$10779.0M,True,+121.4%,True,2135.6K,True,$64.77 / SMA $60.49,True,4.16%,False,+24.3%,False,158.7M,True,NMS,False,
CHD,"Church & Dwight Co., Inc.",97.41,2026-06-17T23:52:50.589728+00:00,False,+19.8%,True,$23080.7M,False,+2.2%,True,2029.8K,True,$97.41 / SMA $95.36,False,2.14%,False,+0.1%,False,236.2M,True,NYQ,False,
CHDN,Churchill Downs Incorporated,87.76,2026-06-17T23:55:07.279053+00:00,False,+9.4%,True,$6116.6M,False,+13.7%,True,954.3K,False,$87.76 / SMA $90.04,True,3.31%,False,+3.1%,True,65.8M,True,NMS,False,
CHEOF,Cochlear Limited,72.91,2026-06-17T23:55:20.550451+00:00,False,+13.2%,True,$4768.2M,,N/A,False,1.1K,False,$72.91 / SMA $82.58,False,0.60%,,N/A,True,65.2M,False,PNK,False,
CHEOY,Cochlear Limited,38.75,2026-06-17T23:55:19.219223+00:00,False,+21.8%,True,$5068.4M,,N/A,False,82.0K,False,$38.75 / SMA $40.52,False,2.25%,,N/A,True,130.3M,False,PNK,False,
CHGCY,"Chugai Pharmaceutical Co., Ltd.",23.68,2026-06-17T23:52:27.264539+00:00,False,+21.4%,True,$77943.3M,,N/A,False,260.7K,False,$23.68 / SMA $25.31,False,2.71%,,N/A,False,1279.7M,False,PNK,False,
CHKIF,China Southern Airlines Company Limited,0.47,2026-06-17T23:53:07.611119+00:00,False,+34.3%,True,$8516.9M,True,+240.0%,False,1.2K,False,$0.47 / SMA $0.50,False,0.00%,False,+10.1%,False,5491.4M,False,PNK,False,
CHRCF,CHRCF,4.4044,2026-06-18T00:01:31.309406+00:00,True,+76.9%,True,$513.1M,,N/A,False,0.1K,False,$4.40 / SMA $5.00,False,0.06%,,N/A,True,70.0M,False,PNK,False,
CHSCP,CHS Inc.,27.51,2026-06-18T00:01:49.093733+00:00,False,+1.3%,,N/A,,N/A,False,13.3K,True,$27.51 / SMA $27.25,False,0.84%,,N/A,,N/A,True,NMS,False,
CHUEF,"Chubu Electric Power Company, Incorporated",17.45,2026-06-17T23:53:05.963719+00:00,True,+71.6%,True,$13181.6M,,N/A,False,0.2K,True,$17.45 / SMA $16.75,False,0.00%,,N/A,False,738.3M,False,PNK,False,
CHW,Calamos Global Dynamic Income Fund,8.78,2026-06-18T00:01:25.969766+00:00,False,+30.1%,True,$560.7M,,N/A,False,220.2K,True,$8.78 / SMA $8.44,False,2.00%,,N/A,,N/A,True,NGM,False,
CHYCY,Chiyoda Corporation,4.45,2026-06-17T23:59:24.264143+00:00,True,+128.2%,True,$1153.3M,,N/A,False,0.2K,False,$4.45 / SMA $5.65,False,0.00%,,N/A,False,165.2M,False,PNK,False,
CIAFF,Champion Iron Limited,2.965,2026-06-17T23:57:29.463085+00:00,False,+27.3%,True,$1660.5M,,N/A,False,16.5K,False,$2.96 / SMA $3.44,True,3.90%,False,+-2.5%,False,395.9M,False,OQX,False,
CICHF,China Construction Bank Corporation,1.05,2026-06-17T23:52:18.573078+00:00,False,+18.0%,True,$274680.4M,,N/A,False,117.9K,False,$1.05 / SMA $1.10,True,5.71%,False,+16.8%,False,102976.4M,False,PNK,False,
CIFR,Cipher Digital Inc.,26.35,2026-06-17T23:53:19.586873+00:00,True,+700.9%,True,$10778.4M,False,+-154.5%,True,25334.9K,True,$26.35 / SMA $20.87,True,9.60%,False,+-28.8%,False,336.8M,True,NMS,False,
CJEWY,Chow Tai Fook Jewellery Group Limited,14.45,2026-06-17T23:53:04.016215+00:00,False,+14.7%,True,$14254.8M,,N/A,False,0.1K,True,$14.45 / SMA $14.19,False,0.00%,,N/A,False,209.5M,False,PNK,False,
CKISF,CK Infrastructure Holdings Limited,7.25,2026-06-17T23:52:53.881917+00:00,False,+16.0%,True,$18267.2M,,N/A,False,0.0K,False,$7.25 / SMA $8.07,False,0.00%,,N/A,False,607.2M,False,PNK,False,
CLBEY,"Calbee, Inc.",4.264,2026-06-17T23:57:21.906805+00:00,False,+5.4%,True,$2073.8M,,N/A,False,0.3K,False,$4.26 / SMA $4.62,False,1.27%,,N/A,False,254.8M,False,PNK,False,
CLBR,Colombier Acquisition Corp. III,10.26,2026-06-18T00:01:38.817082+00:00,False,+2.5%,True,$410.6M,,N/A,False,41.4K,True,$10.26 / SMA $10.14,False,0.53%,,N/A,True,19.3M,True,NYQ,False,
CLBR.U,CLBR.U,,2026-06-18T00:01:39.441091+00:00,False,N/A,False,N/A,False,N/A,False,N/A,False,N/A,False,N/A,False,N/A,False,N/A,False,Unknown,False,No price data available
CLILF,CapitaLand Investment Limited,1.992,2026-06-17T23:53:14.062009+00:00,False,+29.4%,True,$9947.1M,,N/A,False,7.5K,False,$1.99 / SMA $2.13,False,0.00%,,N/A,False,2291.2M,False,PNK,False,
CLLNY,"Cellnex Telecom, S.A.",16.34,2026-06-17T23:52:52.386783+00:00,False,+15.2%,True,$21760.3M,False,+21.9%,False,243.7K,False,$16.34 / SMA $16.70,False,1.55%,False,+2.1%,False,1048.5M,False,PNK,False,
CLNXF,"Cellnex Telecom, S.A.",32.985,2026-06-17T23:52:50.848826+00:00,False,+15.0%,True,$21963.4M,False,+21.9%,False,4.4K,False,$32.98 / SMA $33.55,False,0.16%,False,+2.1%,False,524.3M,False,PNK,False,
CLOV,"Clover Health Investments, Corp.",4.8,2026-06-17T23:57:32.133393+00:00,True,+203.8%,True,$2528.1M,,N/A,True,7308.8K,True,$4.80 / SMA $3.23,True,7.05%,True,+62.0%,False,408.7M,True,NMS,False,
CLPT,"ClearPoint Neuro, Inc.",16.81,2026-06-18T00:01:48.981498+00:00,True,+103.3%,True,$504.1M,False,+-45.5%,True,580.6K,True,$16.81 / SMA $11.85,True,7.47%,True,+42.9%,True,26.3M,True,NCM,False,
CLVLY,Clinuvel Pharmaceuticals Limited,7.4,2026-06-18T00:01:51.471264+00:00,False,+23.7%,True,$386.0M,,N/A,False,1.6K,True,$7.40 / SMA $6.65,True,3.71%,,N/A,True,41.6M,False,PNK,False,
CLVT,Clarivate Plc,2.06,2026-06-17T23:57:40.383646+00:00,False,+24.1%,True,$1316.8M,True,+60.0%,True,5217.8K,False,$2.06 / SMA $2.51,True,5.96%,False,+-1.4%,False,467.8M,True,NYQ,False,
CLZNY,Clariant AG,9.86,2026-06-17T23:55:34.220067+00:00,False,+16.7%,True,$3242.7M,,N/A,False,0.2K,False,$9.86 / SMA $9.89,False,0.07%,,N/A,False,194.6M,False,PNK,False,
CMAKY,"China Minsheng Banking Corp., Ltd.",4.15,2026-06-17T23:52:52.000549+00:00,False,+2.2%,True,$21777.5M,,N/A,False,0.4K,False,$4.15 / SMA $4.48,False,0.86%,False,+9.2%,False,3152.4M,False,PNK,False,
CMBT,Cmb.Tech NV,14.71,2026-06-17T23:55:16.470505+00:00,True,+89.1%,True,$4268.4M,True,+452.2%,True,1617.4K,True,$14.71 / SMA $14.03,True,3.41%,True,+121.1%,True,111.4M,True,NYQ,True,
CMGMY,Chemring Group PLC,6.5,2026-06-17T23:57:31.151059+00:00,False,+8.3%,True,$1758.6M,,N/A,False,3.1K,False,$6.50 / SMA $6.93,True,3.00%,,N/A,False,240.3M,False,PNK,False,
CMPGF,Compass Group PLC,33.096,2026-06-17T23:52:32.629170+00:00,False,+23.3%,True,$56273.6M,,N/A,False,3.3K,True,$33.10 / SMA $30.52,False,0.27%,,N/A,False,1691.9M,False,OQX,False,
CMTDF,"Sumitomo Mitsui Trust Group, Inc.",35.21,2026-06-17T23:52:48.930425+00:00,False,+34.4%,True,$24417.9M,,N/A,False,0.5K,True,$35.21 / SMA $34.30,False,0.18%,False,+1.2%,False,669.3M,False,OID,False,
CNVVF,Convatec Group PLC,2.67,2026-06-17T23:55:19.006130+00:00,False,+16.1%,True,$5827.5M,,N/A,False,1.4K,False,$2.67 / SMA $2.84,False,0.92%,,N/A,False,1946.2M,False,PNK,False,
CNVVY,Convatec Group PLC,10.9,2026-06-17T23:55:14.176532+00:00,False,+4.3%,True,$5325.9M,,N/A,False,33.2K,False,$10.90 / SMA $11.43,False,2.24%,,N/A,False,486.6M,False,PNK,False,
CNXN,"PC Connection, Inc.",69.64,2026-06-17T23:57:37.601579+00:00,False,+26.7%,True,$1756.7M,True,+33.3%,False,92.4K,True,$69.64 / SMA $66.40,True,3.24%,False,+3.0%,True,10.8M,True,NMS,False,
CNXU,Conexeu Sciences Inc.,13.02,2026-06-18T00:01:56.747598+00:00,False,+35.6%,True,$348.4M,,N/A,False,94.8K,False,$13.02 / SMA_short $13.59,True,18.93%,,N/A,True,20.1M,True,NCM,False,
COFS,"ChoiceOne Financial Services, Inc.",32.18,2026-06-18T00:01:32.591991+00:00,False,+23.3%,True,$481.9M,True,+170.0%,False,74.0K,True,$32.18 / SMA $30.74,True,3.32%,True,+35.9%,True,13.7M,True,NCM,False,
COHTF,COHTF,12.96,2026-06-17T23:59:45.183536+00:00,False,+5.3%,True,$593.9M,,N/A,False,0.0K,False,$12.96 / SMA $13.03,False,0.00%,,N/A,True,31.0M,False,PNK,False,
COLD,"Americold Realty Trust, Inc.",14.15,2026-06-17T23:55:22.560132+00:00,False,+40.1%,True,$4056.4M,False,+16.7%,True,4470.7K,True,$14.15 / SMA $13.72,True,3.37%,False,+0.1%,False,284.7M,True,NYQ,False,
COLM,Columbia Sportswear Company,63.98,2026-06-17T23:55:35.360719+00:00,False,+34.8%,True,$3272.0M,False,+-13.3%,True,582.3K,True,$63.98 / SMA $61.94,True,3.41%,False,+0.1%,True,21.4M,True,NMS,False,
COST,Costco Wholesale Corporation,965.59,2026-06-17T23:52:17.650282+00:00,False,+14.4%,True,$428218.7M,False,+15.2%,True,2013.1K,False,$965.59 / SMA $1002.17,False,2.22%,False,+11.6%,False,440.9M,True,NMS,False,
CPCAF,Cathay Pacific Airways Limited,1.69,2026-06-17T23:53:18.028032+00:00,True,+72.4%,True,$10277.1M,,N/A,False,0.0K,True,$1.69 / SMA $1.61,False,0.00%,,N/A,False,963.9M,False,PNK,False,
CPCAY,Cathay Pacific Airways Limited,7.6,2026-06-17T23:53:16.337417+00:00,False,+22.0%,True,$9243.3M,,N/A,False,5.1K,False,$7.60 / SMA $7.81,False,2.06%,,N/A,False,192.8M,False,PNK,False,
CPF,Central Pacific Financial Corp.,35.51,2026-06-17T23:59:36.632122+00:00,False,+38.6%,True,$926.9M,False,+20.0%,False,143.8K,True,$35.51 / SMA $34.33,False,2.29%,False,+6.2%,True,23.2M,True,NYQ,False,
CPRT,"Copart, Inc.",29.52,2026-06-17T23:52:42.125916+00:00,False,+0.1%,True,$27330.0M,False,+2.4%,True,8906.5K,False,$29.52 / SMA $32.67,True,3.26%,False,+2.1%,False,845.5M,True,NMS,False,
CPRX,"Catalyst Pharmaceuticals, Inc.",31.4,2026-06-17T23:55:28.123383+00:00,False,+64.8%,True,$3844.0M,False,+11.1%,True,2141.1K,True,$31.40 / SMA $29.58,False,0.18%,False,+5.6%,True,115.6M,True,NCM,False,
CPWHF,Ceres Power Holdings plc,7.31,2026-06-17T23:57:25.859420+00:00,True,+596.2%,True,$1562.9M,,N/A,False,20.7K,False,$7.31 / SMA $8.22,True,6.61%,,N/A,True,100.9M,False,PNK,False,
CRAQ,Cal Redwood Acquisition Corp.,10.28,2026-06-18T00:01:52.769751+00:00,False,+3.6%,True,$400.8M,True,+3919.2%,False,7.9K,True,$10.28 / SMA $10.23,False,0.01%,,N/A,True,13.0M,True,NGM,False,
CRDO,Credo Technology Group Holding Ltd,249.33,2026-06-17T23:52:37.810958+00:00,True,+209.3%,True,$46494.5M,,N/A,True,7669.7K,True,$249.33 / SMA $194.10,True,11.44%,True,+157.0%,False,167.5M,True,NMS,False,
CRESY,"Cresud Sociedad Anónima, Comercial, Inmobiliaria, Financiera y Agropecuaria",11.7,2026-06-17T23:59:43.330700+00:00,False,+42.9%,True,$829.8M,True,+244.8%,False,274.6K,True,$11.70 / SMA $11.42,True,4.69%,False,+-1.2%,True,29.4M,True,NMS,False,
CRGY,Crescent Energy Company,10.78,2026-06-17T23:55:21.248869+00:00,False,+40.4%,True,$3560.1M,False,+-12700.0%,True,7289.9K,False,$10.78 / SMA $12.39,True,3.96%,False,+24.5%,False,295.4M,True,NYQ,False,
CRLBF,Cresco Labs Inc.,0.8011,2026-06-18T00:01:41.591290+00:00,True,+88.1%,False,$296.8M,False,+0.0%,True,935.7K,False,$0.80 / SMA $0.95,True,8.86%,False,+-8.7%,False,309.6M,False,OQX,False,
CRNLF,Capricorn Metals Ltd,9.6,2026-06-17T23:55:22.792632+00:00,False,+69.0%,True,$4385.2M,,N/A,False,0.8K,True,$9.60 / SMA $9.11,False,0.46%,,N/A,False,415.3M,False,PNK,False,
CROMF,Crombie Real Estate Investment Trust,12.33,2026-06-17T23:57:23.050967+00:00,False,+19.0%,True,$2312.8M,,N/A,False,0.2K,True,$12.33 / SMA $12.21,False,0.02%,False,+5.9%,True,109.7M,False,PNK,False,
CRRFY,Carrefour SA,3.73,2026-06-17T23:53:03.198532+00:00,False,+36.6%,True,$13197.0M,,N/A,False,328.9K,False,$3.73 / SMA $3.73,False,2.31%,,N/A,False,2935.5M,False,PNK,False,
CRVL,CorVel Corporation,58.14,2026-06-17T23:55:35.791969+00:00,False,+29.7%,True,$2947.2M,False,+19.6%,False,217.8K,False,$58.14 / SMA $58.21,True,4.47%,False,+7.4%,True,28.3M,True,NMS,False,
CRZBF,Commerzbank AG,42.56,2026-06-17T23:52:35.324673+00:00,False,+35.5%,True,$46668.0M,False,+15.1%,False,0.4K,True,$42.56 / SMA $41.32,False,0.07%,False,+5.1%,False,829.5M,False,PNK,False,
CSBTF,Kuros Biosciences AG,26.0,2026-06-17T23:59:33.253196+00:00,False,+5.1%,True,$1025.4M,,N/A,False,0.1K,False,$26.00 / SMA $26.31,False,0.13%,,N/A,True,28.9M,False,PNK,False,
CSIQ,Canadian Solar Inc.,16.0,2026-06-17T23:59:22.934065+00:00,True,+70.0%,True,$1086.3M,False,+-2.9%,True,3066.7K,False,$16.00 / SMA $16.37,True,9.35%,False,+-9.9%,True,47.4M,True,NMS,False,
CSLLY,CSL Limited,18.41,2026-06-17T23:52:40.916051+00:00,False,+15.0%,True,$35267.1M,,N/A,True,534.2K,False,$18.41 / SMA $20.36,False,2.36%,,N/A,False,1927.1M,False,OQX,False,
CSWC,Capital Southwest Corporation,22.84,2026-06-17T23:57:44.403730+00:00,False,+17.9%,True,$1419.3M,,N/A,True,653.6K,False,$22.84 / SMA $23.14,False,1.70%,False,+5.9%,True,60.3M,True,NMS,False,
CSX,CSX Corporation,45.57,2026-06-17T23:52:27.056804+00:00,False,+43.3%,True,$84675.4M,True,+26.5%,True,12707.3K,True,$45.57 / SMA $45.09,False,2.13%,False,+1.7%,False,1854.4M,True,NMS,False,
CTAS,Cintas Corporation,169.64,2026-06-17T23:52:29.941454+00:00,False,+5.3%,True,$67879.2M,False,+9.7%,True,2278.8K,False,$169.64 / SMA $173.17,False,2.54%,False,+8.9%,False,342.1M,True,NMS,False,
CTEV,CTEV,29.75,2026-06-18T00:01:44.076130+00:00,True,+158.7%,True,$507.2M,False,+-0.7%,False,140.9K,True,$29.75 / SMA $23.92,True,11.73%,False,+5.8%,True,5.8M,True,NYQ,False,
CTJHF,CITIC Resources Holdings Limited,0.074,2026-06-17T23:59:52.241703+00:00,True,+182.9%,True,$581.5M,,N/A,False,0.0K,True,$0.07 / SMA $0.07,False,0.00%,,N/A,False,2511.1M,False,PNK,False,
CTKB,"Cytek Biosciences, Inc.",3.98,2026-06-18T00:01:28.560885+00:00,False,+37.2%,True,$514.0M,False,+-66.7%,True,897.9K,False,$3.98 / SMA $4.26,True,5.65%,False,+6.5%,True,96.4M,True,NMS,False,
CTOWY,China Tower Corporation Limited,14.93,2026-06-17T23:52:50.358396+00:00,False,+31.0%,True,$26099.4M,,N/A,False,0.0K,False,$14.93 / SMA $15.08,False,0.31%,,N/A,False,454.6M,False,PNK,False,
CTYMF,Catalyst Metals Limited,4.264,2026-06-17T23:59:33.530058+00:00,False,+37.6%,True,$1112.7M,,N/A,False,2.3K,True,$4.26 / SMA $4.10,False,0.33%,,N/A,False,234.1M,False,PNK,False,
CVLG,"Covenant Logistics Group, Inc.",42.27,2026-06-17T23:59:34.819505+00:00,True,+134.8%,True,$1064.0M,False,+-29.2%,False,182.4K,True,$42.27 / SMA $35.95,True,4.06%,False,+14.0%,True,15.1M,True,NYQ,False,
CVSA,Covista Inc.,117.34,2026-06-17T23:55:22.313196+00:00,False,+34.9%,True,$3993.2M,False,+-24.5%,False,319.0K,False,$117.34 / SMA $120.45,True,3.37%,False,+4.5%,True,33.2M,True,NYQ,False,
CWEN,"Clearway Energy, Inc.",36.77,2026-06-17T23:53:23.841413+00:00,False,+32.9%,True,$8828.4M,False,+-4600.0%,True,996.4K,False,$36.77 / SMA $38.70,True,3.10%,False,+18.8%,True,120.6M,True,NYQ,False,
CWYUF,SmartCentres Real Estate Investment Trust,21.52,2026-06-17T23:55:31.083967+00:00,False,+24.5%,True,$3687.7M,True,+1439.2%,False,18.9K,True,$21.52 / SMA $20.64,False,0.67%,False,+1.1%,True,106.4M,False,PNK,False,
CX,"CEMEX, S.A.B. de C.V.",12.6,2026-06-17T23:52:55.700040+00:00,True,+90.0%,True,$18181.2M,False,+-68.7%,True,5428.0K,True,$12.60 / SMA $12.52,True,3.37%,False,+11.2%,False,1406.5M,True,NYQ,False,
CXW,"CoreCivic, Inc.",28.17,2026-06-17T23:57:26.765629+00:00,True,+79.0%,True,$2785.7M,True,+65.2%,True,1151.8K,True,$28.17 / SMA $21.73,True,4.06%,True,+25.8%,True,96.0M,True,NYQ,True,
CYATY,CYATY,22.56,2026-06-17T23:52:18.978326+00:00,False,+16.2%,True,$417506.8M,,N/A,True,1006.9K,True,$22.56 / SMA $21.86,True,3.80%,True,+25.4%,False,10072.7M,False,PNK,False,
CYD,China Yuchai International Limited,51.05,2026-06-17T23:57:26.139183+00:00,True,+146.1%,True,$1915.3M,,N/A,False,169.6K,True,$51.05 / SMA $48.37,True,6.70%,,N/A,True,11.4M,True,NYQ,False,
CYH,"Community Health Systems, Inc.",3.0,2026-06-18T00:01:40.440299+00:00,False,+26.1%,True,$422.8M,False,+-330.0%,True,1622.8K,True,$3.00 / SMA $2.90,True,3.99%,False,+-6.1%,True,83.1M,True,NYQ,False,
CZR,"Caesars Entertainment, Inc.",29.21,2026-06-17T23:55:08.367276+00:00,False,+63.5%,True,$5949.9M,False,+11.1%,True,6333.6K,True,$29.21 / SMA $28.06,False,1.14%,False,+2.7%,False,193.0M,True,NMS,False,
DANOY,Danone S.A.,15.07,2026-06-17T23:52:35.383306+00:00,False,+6.2%,True,$48354.7M,,N/A,False,445.9K,True,$15.07 / SMA $14.99,False,1.27%,,N/A,False,3142.9M,False,OQX,False,
DB,Deutsche Bank Aktiengesellschaft,35.05,2026-06-17T23:52:30.809821+00:00,False,+28.6%,True,$67056.4M,False,+7.1%,True,3192.1K,True,$35.05 / SMA $31.44,False,2.16%,False,+1.4%,False,1801.3M,True,NYQ,False,
DBMBF,FIBRA Macquarie México,2.554,2026-06-17T23:57:29.331241+00:00,True,+98.0%,True,$2036.3M,False,+-60.5%,False,1.7K,True,$2.55 / SMA $2.48,False,0.19%,False,+-4.3%,False,758.7M,False,PNK,False,
DCHIF,Digital China Holdings Limited,0.3858,2026-06-18T00:01:27.930797+00:00,False,+20.6%,True,$645.7M,,N/A,False,0.0K,True,$0.39 / SMA $0.33,False,0.00%,,N/A,False,336.0M,False,PNK,False,
DCOM,"Dime Commercial Bancshares, Inc.",38.76,2026-06-17T23:57:38.540677+00:00,False,+51.2%,True,$1709.8M,True,+66.7%,False,293.5K,True,$38.76 / SMA $36.92,False,2.44%,False,+19.3%,True,42.3M,True,NYQ,False,
DEC,Diversified Energy Company,12.99,2026-06-17T23:59:27.527090+00:00,False,+5.4%,True,$939.5M,,N/A,True,1041.8K,False,$12.99 / SMA $15.09,True,3.44%,,N/A,True,66.6M,True,NYQ,False,
DELL,Dell Technologies Inc.,419.32,2026-06-17T23:52:20.243234+00:00,True,+280.4%,True,$271764.6M,True,+282.5%,True,9064.9K,True,$419.32 / SMA $277.75,True,7.13%,True,+87.5%,False,301.5M,True,NYQ,False,
DFIHY,DFI Retail Group Holdings Limited,20.5,2026-06-17T23:55:09.104651+00:00,False,+59.5%,True,$5551.7M,,N/A,False,0.0K,False,$20.50 / SMA $21.02,False,0.00%,,N/A,True,60.7M,False,PNK,False,
DFILF,DFI Retail Group Holdings Limited,3.65,2026-06-17T23:53:31.619684+00:00,False,+47.8%,True,$4942.4M,,N/A,False,0.2K,False,$3.65 / SMA $4.25,False,0.00%,,N/A,False,303.4M,False,PNK,False,
DHC,Diversified Healthcare Trust,8.59,2026-06-17T23:57:27.033052+00:00,True,+170.1%,True,$2079.7M,False,+-350.0%,True,1786.7K,True,$8.59 / SMA $8.12,True,3.82%,False,+-5.3%,False,186.8M,True,NMS,False,
DHI,"D.R. Horton, Inc.",152.48,2026-06-17T23:52:37.733218+00:00,False,+27.4%,True,$43240.2M,False,+-13.2%,True,2521.6K,True,$152.48 / SMA $147.80,True,3.12%,False,+-2.3%,False,250.7M,True,NYQ,False,
DIS,The Walt Disney Company,100.86,2026-06-17T23:52:20.828846+00:00,False,+9.4%,True,$175144.6M,False,+-29.8%,True,9179.6K,False,$100.86 / SMA $102.66,False,1.96%,False,+6.5%,False,1733.7M,True,NYQ,False,
DITTF,"Daito Trust Construction Co.,Ltd.",18.62,2026-06-17T23:53:28.341958+00:00,False,+29.5%,True,$6049.4M,,N/A,False,1.7K,False,$18.62 / SMA $20.30,False,0.00%,,N/A,False,283.4M,False,PNK,False,
DK,"Delek US Holdings, Inc.",42.34,2026-06-17T23:57:17.895091+00:00,True,+113.7%,True,$2594.9M,False,+-20.1%,True,1294.5K,False,$42.34 / SMA $43.97,True,5.15%,False,+0.4%,True,59.8M,True,NYQ,False,
DNKEY,Danske Bank A/S,26.95,2026-06-17T23:52:37.677630+00:00,False,+39.1%,True,$43595.5M,False,+1.4%,False,53.0K,True,$26.95 / SMA $25.58,False,1.55%,False,+0.3%,False,1282.0M,False,OID,False,
DNLI,Denali Therapeutics Inc.,23.49,2026-06-17T23:57:13.720996+00:00,True,+86.7%,True,$3728.1M,False,+11.5%,True,1838.4K,True,$23.49 / SMA $19.92,True,5.35%,,N/A,True,144.2M,True,NMS,False,
DNLZY,Dyno Nobel Limited,2.72,2026-06-17T23:55:18.465126+00:00,True,+94.3%,True,$4771.1M,,N/A,False,3.2K,True,$2.72 / SMA $2.39,False,2.51%,,N/A,False,1595.3M,False,PNK,False,
DOMVF,Dogus Otomotiv Servis ve Ticaret A.S.,4.54,2026-06-17T23:59:41.696902+00:00,False,+12.7%,True,$998.8M,False,+-24.0%,False,0.0K,True,$4.54 / SMA $3.34,False,0.00%,False,+-9.8%,True,86.9M,False,PNK,False,
DORM,"Dorman Products, Inc.",122.77,2026-06-17T23:55:31.813308+00:00,False,+24.7%,True,$3668.7M,False,+-23.5%,False,255.0K,True,$122.77 / SMA $117.79,True,3.44%,False,+4.2%,True,26.3M,True,NMS,False,
DOX,Amdocs Limited,54.95,2026-06-17T23:53:29.389545+00:00,False,+0.8%,True,$5833.7M,False,+-11.7%,True,1125.5K,False,$54.95 / SMA $62.56,True,3.02%,False,+3.9%,True,103.9M,True,NMS,False,
DPLMF,Diploma PLC,92.29,2026-06-17T23:53:09.560054+00:00,False,+44.3%,True,$12375.6M,,N/A,False,0.1K,True,$92.29 / SMA $92.05,False,0.12%,,N/A,True,133.2M,False,PNK,False,
DRDBU,Roman DBDR Acquisition Corp. II,10.58,2026-06-18T00:01:52.222395+00:00,False,+0.8%,,N/A,,N/A,False,0.2K,False,$10.58 / SMA $10.68,False,0.86%,,N/A,True,21.3M,True,NGM,False,
DRH,DiamondRock Hospitality Company,11.87,2026-06-17T23:57:25.320979+00:00,False,+59.3%,True,$2436.6M,True,+75.0%,True,1863.3K,True,$11.87 / SMA $10.78,False,2.12%,False,+1.3%,False,201.9M,True,NMS,False,
DRPRF,Dr. Ing. h.c. F. Porsche AG,55.55,2026-06-17T23:52:34.981014+00:00,False,+32.9%,True,$50606.1M,,N/A,False,0.3K,True,$55.55 / SMA $51.59,False,0.00%,False,+3.3%,True,55.1M,False,PNK,False,
DRSHF,DroneShield Limited,2.0,2026-06-17T23:57:29.054336+00:00,True,+98.0%,True,$1846.5M,,N/A,False,149.1K,False,$2.00 / SMA $2.36,True,9.45%,,N/A,False,849.9M,False,PNK,False,
DRTGF,Jet2 plc,17.695,2026-06-17T23:57:18.611656+00:00,False,+25.8%,True,$3197.4M,,N/A,False,3.0K,True,$17.70 / SMA $15.72,False,0.22%,,N/A,True,128.7M,False,PNK,False,
DRUNF,Dream Unlimited Corp.,14.2,2026-06-17T23:59:52.966483+00:00,False,+15.0%,True,$595.6M,True,+42.1%,False,3.3K,True,$14.20 / SMA $13.72,False,0.57%,False,+-1.5%,True,19.6M,False,PNK,False,
DSDVY,DSV A/S,120.07,2026-06-17T23:52:32.329178+00:00,False,+22.6%,True,$57289.1M,,N/A,False,86.0K,False,$120.07 / SMA $124.41,False,1.92%,True,+61.8%,False,392.1M,False,PNK,False,
DTREF,DTREF,0.136,2026-06-18T00:01:26.690007+00:00,True,+189.4%,True,$520.4M,,N/A,True,4111.9K,False,$0.14 / SMA $0.17,True,12.35%,,N/A,False,2082.4M,False,OQB,False,
DVDCF,Davide Campari-Milano N.V.,6.29,2026-06-17T23:53:27.003891+00:00,False,+3.6%,True,$7540.4M,,N/A,False,4.6K,False,$6.29 / SMA $6.81,False,0.43%,False,+2.2%,False,543.5M,False,PNK,False,
DXPE,"DXP Enterprises, Inc.",164.87,2026-06-17T23:57:24.608663+00:00,True,+118.1%,True,$2556.4M,False,+-2.4%,False,186.4K,True,$164.87 / SMA $157.40,True,3.74%,False,+9.5%,True,12.8M,True,NMS,False,
DXYZ,Destiny Tech100 Inc.,28.79,2026-06-17T23:59:33.986062+00:00,False,+46.1%,True,$877.1M,,N/A,True,4627.8K,False,$28.79 / SMA $40.21,True,14.66%,,N/A,,N/A,True,NYQ,False,
DY,"Dycom Industries, Inc.",461.38,2026-06-17T23:53:08.430964+00:00,True,+100.6%,True,$13855.9M,True,+43.5%,False,459.4K,True,$461.38 / SMA $436.59,True,4.98%,True,+56.1%,True,24.9M,True,NYQ,False,
EAT,"Brinker International, Inc.",158.8,2026-06-17T23:55:07.679383+00:00,False,+58.3%,True,$6810.6M,False,+12.1%,True,1130.6K,True,$158.80 / SMA $144.79,True,4.96%,False,+3.2%,True,42.3M,True,NYQ,False,
EBBGF,Enbridge Inc.,25.1,2026-06-17T23:52:22.808396+00:00,False,+13.4%,,N/A,,N/A,False,3.7K,True,$25.10 / SMA $24.74,False,0.28%,False,+20.8%,False,2180.0M,False,PNK,False,
EBS,Emergent BioSolutions Inc.,8.14,2026-06-18T00:01:35.607537+00:00,False,+44.8%,True,$420.0M,False,+-94.1%,True,771.5K,False,$8.14 / SMA $8.41,True,5.33%,False,+-28.4%,True,49.4M,True,NYQ,False,
ECAOF,Eco (Atlantic) Oil & Gas Ltd.,0.645,2026-06-18T00:01:55.309075+00:00,True,+821.4%,False,$225.6M,True,+250.0%,False,20.9K,False,$0.65 / SMA $0.79,True,3.70%,True,+3740.2%,False,318.0M,False,PNK,False,
ECC,Eagle Point Credit Company,3.61,2026-06-18T00:01:27.326363+00:00,False,+4.3%,True,$477.3M,,N/A,True,1111.0K,False,$3.61 / SMA $3.96,False,2.16%,,N/A,,N/A,True,NYQ,False,
EDN,Empresa Distribuidora y Comercializadora Norte Sociedad Anónima,27.4,2026-06-17T23:59:25.818782+00:00,True,+90.5%,True,$1303.5M,True,+147.5%,False,171.8K,True,$27.40 / SMA $26.06,True,6.45%,False,+-0.0%,True,4.5M,True,NYQ,False,
EEFT,"Euronet Worldwide, Inc.",67.03,2026-06-17T23:57:20.332373+00:00,False,+7.2%,True,$2552.2M,False,+-2.4%,True,699.7K,False,$67.03 / SMA $70.37,True,3.96%,False,+10.5%,True,35.2M,True,NMS,False,
EFGSY,Eiffage SA,29.5,2026-06-17T23:53:04.759758+00:00,False,+24.7%,True,$14455.0M,,N/A,False,2.7K,False,$29.50 / SMA $30.47,False,2.93%,,N/A,False,360.9M,False,PNK,False,
EFRTF,Nexus Industrial REIT,5.82,2026-06-18T00:01:38.134792+00:00,False,+13.5%,True,$710.1M,False,+-5.8%,False,1.6K,True,$5.82 / SMA $5.73,False,0.18%,False,+2.8%,True,52.4M,False,PNK,False,
EFSCP,Enterprise Financial Services Corp,20.02,2026-06-17T23:57:24.975138+00:00,False,+7.9%,,N/A,,N/A,False,2.3K,True,$20.02 / SMA $19.98,False,1.44%,False,+13.1%,True,35.5M,True,NMS,False,
EG,"Everest Group, Ltd.",337.52,2026-06-17T23:53:03.999697+00:00,False,+11.6%,True,$13356.2M,True,+230.8%,False,364.4K,False,$337.52 / SMA $340.96,False,2.36%,False,+-6.8%,True,27.0M,True,NYQ,False,
EGHSF,Enghouse Systems Limited,11.29,2026-06-17T23:59:46.845820+00:00,False,+3.7%,True,$613.9M,False,+25.0%,False,24.5K,False,$11.29 / SMA $12.32,False,2.26%,False,+-8.4%,True,44.6M,False,PNK,False,
EHC,Encompass Health Corporation,97.89,2026-06-17T23:53:13.948130+00:00,False,+5.5%,True,$9710.6M,True,+30.4%,True,920.4K,False,$97.89 / SMA $104.27,False,2.86%,False,+9.0%,True,97.9M,True,NYQ,False,
EIM,Eaton Vance Municipal Bond Fund,9.75,2026-06-18T00:01:28.320898+00:00,False,+3.6%,True,$500.9M,,N/A,False,126.7K,False,$9.75 / SMA $9.75,False,0.88%,,N/A,,N/A,True,ASE,False,
EIX,Edison International,70.9,2026-06-17T23:52:45.965974+00:00,False,+44.9%,True,$27281.9M,False,+-63.2%,True,2781.3K,True,$70.90 / SMA $70.74,False,2.17%,False,+7.7%,False,363.4M,True,NYQ,False,
EJPRY,East Japan Railway Company,10.38,2026-06-17T23:52:47.418651+00:00,False,+2.7%,True,$23430.9M,,N/A,False,143.4K,False,$10.38 / SMA $11.08,False,2.67%,,N/A,False,2170.7M,False,PNK,False,
ELFIF,E-L Financial Corporation Limited,12.0,2026-06-17T23:55:22.022638+00:00,False,+15.9%,True,$4153.5M,False,+-62.8%,False,6.7K,False,$12.00 / SMA $12.35,False,0.92%,False,+-34.4%,False,199.5M,False,PNK,False,
ELLO,Ellomay Capital Ltd.,20.87,2026-06-18T00:01:56.029981+00:00,False,+52.2%,False,$287.7M,False,+-222.6%,False,12.4K,False,$20.87 / SMA $23.77,True,5.00%,False,+-2.2%,True,7.4M,True,ASE,False,
ELPC,ELPC,11.26,2026-06-17T23:53:20.726541+00:00,False,+53.8%,True,$8359.4M,False,+3.8%,False,410.3K,False,$11.26 / SMA $12.22,False,2.79%,False,+20.0%,False,1900.9M,True,NYQ,False,
EMF,Templeton Emerging Markets Fund,23.92,2026-06-18T00:01:51.419346+00:00,True,+74.5%,True,$357.6M,,N/A,False,46.0K,True,$23.92 / SMA $21.67,True,3.55%,,N/A,,N/A,True,NYQ,False,
ENGGF,"Enagás, S.A.",21.65,2026-06-17T23:55:14.619226+00:00,False,+49.8%,True,$5629.2M,True,+236.8%,False,0.0K,True,$21.65 / SMA $18.47,False,0.00%,False,+-53.3%,False,233.6M,False,PNK,False,
ENOV,Enovis Corporation,20.85,2026-06-17T23:57:44.848664+00:00,False,+1.5%,True,$1200.2M,True,+84.7%,True,988.7K,False,$20.85 / SMA $23.95,True,5.67%,False,+5.4%,True,56.6M,True,NYQ,False,
ENPH,"Enphase Energy, Inc.",47.78,2026-06-17T23:53:21.957604+00:00,True,+85.3%,True,$6297.3M,False,+-127.3%,True,7637.5K,True,$47.78 / SMA $45.86,True,10.29%,False,+-20.6%,True,127.8M,True,NGM,False,
ENQUF,EnQuest PLC,0.37,2026-06-18T00:01:32.877422+00:00,True,+184.6%,True,$755.2M,,N/A,False,12.6K,True,$0.37 / SMA $0.27,False,0.51%,,N/A,False,1571.2M,False,PNK,False,
EOSE,"Eos Energy Enterprises, Inc.",7.6,2026-06-17T23:57:17.161741+00:00,True,+81.8%,True,$2580.3M,True,+160.0%,True,25596.0K,True,$7.60 / SMA $7.21,True,10.29%,True,+444.7%,False,335.1M,True,NCM,False,
EPAC,Enerpac Tool Group Corp.,35.43,2026-06-17T23:57:34.522739+00:00,False,+9.5%,True,$1869.9M,False,+-18.4%,False,428.7K,True,$35.43 / SMA $34.84,False,2.41%,False,+6.4%,True,50.8M,True,NYQ,False,
EPIAF,Epiroc AB (publ),30.128,2026-06-17T23:52:41.990564+00:00,False,+52.8%,True,$36449.6M,False,+-11.2%,False,4.7K,True,$30.13 / SMA $28.57,False,2.43%,False,+-16.8%,False,1001.9M,False,PNK,False,
EQH,"Equitable Holdings, Inc.",45.5,2026-06-17T23:53:09.355748+00:00,False,+29.3%,True,$12809.1M,True,+1244.3%,True,4523.1K,True,$45.50 / SMA $41.50,False,3.00%,False,+-7.6%,False,261.0M,True,NYQ,False,
EQIX,"Equinix, Inc.",1088.52,2026-06-17T23:52:24.550531+00:00,False,+53.2%,True,$107354.5M,False,+20.0%,True,554.2K,True,$1088.52 / SMA $1069.28,False,2.11%,False,+9.8%,True,98.2M,True,NMS,False,
EQPT,EquipmentShare.com Inc.,23.36,2026-06-17T23:55:13.059008+00:00,False,+30.1%,True,$5895.5M,False,+24.7%,True,2093.9K,True,$23.36 / SMA $21.38,True,7.45%,True,+38.1%,True,113.2M,True,NMS,False,
EQR,Equity Residential,64.63,2026-06-17T23:52:48.273198+00:00,False,+12.3%,True,$24971.5M,False,+-64.2%,True,2867.9K,False,$64.63 / SMA $64.85,False,1.91%,False,+2.5%,False,336.9M,True,NYQ,False,
EQUEY,Equatorial S.A.,7.44,2026-06-17T23:53:18.760684+00:00,False,+23.6%,True,$9336.6M,False,+-24.0%,False,2.6K,False,$7.44 / SMA $8.20,False,0.19%,False,+11.3%,False,1257.3M,False,PNK,False,
ERIXF,Telefonaktiebolaget LM Ericsson (publ),12.7,2026-06-17T23:52:36.223153+00:00,True,+77.4%,True,$42142.1M,False,+-78.2%,False,226.0K,True,$12.70 / SMA $12.30,False,0.49%,False,+-10.3%,False,2907.2M,False,PNK,False,
ESAIY,"Eisai Co., Ltd.",5.9,2026-06-17T23:53:26.094808+00:00,False,+3.7%,True,$6660.8M,,N/A,False,164.5K,False,$5.90 / SMA $6.91,False,1.84%,,N/A,False,1124.6M,False,PNK,False,
ESQ,"Esquire Financial Holdings, Inc.",112.31,2026-06-17T23:59:34.417724+00:00,False,+26.9%,True,$970.3M,False,+5.3%,False,110.0K,True,$112.31 / SMA $109.89,True,3.05%,False,+19.8%,True,7.0M,True,NCM,False,
ESTC,Elastic N.V.,58.56,2026-06-17T23:55:09.678911+00:00,False,+39.3%,True,$6087.4M,True,+2687.5%,True,2054.5K,True,$58.56 / SMA $53.30,True,5.93%,False,+16.0%,True,83.3M,True,NYQ,False,
ETRZF,ETRZF,36.9,2026-06-17T23:57:16.306206+00:00,True,+162.6%,True,$2827.1M,False,+-21.9%,False,0.0K,True,$36.90 / SMA $29.96,False,0.00%,False,+14.2%,True,41.8M,False,PNK,False,
ETTYF,Essity AB (publ),27.73,2026-06-17T23:52:56.619652+00:00,False,+12.5%,True,$18835.4M,False,+-4.5%,False,0.2K,True,$27.73 / SMA $26.52,False,0.00%,False,+-5.1%,False,597.8M,False,PNK,False,
EURBF,EURBF,4.94,2026-06-17T23:53:01.259498+00:00,False,+61.4%,True,$17779.6M,,N/A,False,0.5K,True,$4.94 / SMA $4.48,False,0.28%,False,+0.1%,False,2466.0M,False,PNK,False,
EUZOF,Eurazeo SE,46.08,2026-06-17T23:55:31.662242+00:00,False,+4.3%,True,$2949.0M,,N/A,False,0.0K,False,$46.08 / SMA $47.08,False,0.00%,,N/A,True,38.0M,False,PNK,False,
EVEX,"Eve Holding, Inc.",2.83,2026-06-17T23:59:30.559137+00:00,False,+20.9%,True,$985.7M,False,+-25.0%,True,1270.6K,False,$2.83 / SMA $2.95,True,6.63%,,N/A,True,96.9M,True,NYQ,False,
EVV,Eaton Vance Limited Duration Income Fund,9.19,2026-06-17T23:59:29.720500+00:00,False,+2.5%,True,$1067.9M,,N/A,False,354.6K,False,$9.19 / SMA $9.27,False,1.03%,,N/A,,N/A,True,ASE,False,
EW,Edwards Lifesciences Corporation,86.68,2026-06-17T23:52:34.602038+00:00,False,+19.9%,True,$49910.3M,False,+8.2%,True,5041.6K,True,$86.68 / SMA $83.15,False,2.78%,False,+16.7%,False,574.0M,True,NYQ,False,
EXMRF,Exmar NV,12.5,2026-06-17T23:59:32.792105+00:00,False,+7.8%,True,$994.0M,,N/A,False,0.0K,True,$12.50 / SMA $11.79,False,0.00%,,N/A,True,25.3M,False,PNK,False,
EXP,EXP,,2026-06-17T23:56:35.122685+00:00,False,N/A,False,N/A,False,N/A,False,N/A,False,N/A,False,N/A,False,N/A,False,N/A,False,Unknown,False,Too Many Requests. Rate limited. Try after a while.
EXR,Extra Space Storage Inc.,143.92,2026-06-17T23:52:43.806895+00:00,False,+14.5%,True,$31762.3M,False,+-10.9%,True,1157.7K,True,$143.92 / SMA $141.63,False,2.22%,False,+4.4%,False,208.9M,True,NYQ,False,
EXXAF,Exxaro Resources Limited,13.1,2026-06-17T23:55:37.706947+00:00,False,+61.7%,True,$3067.3M,,N/A,False,0.4K,True,$13.10 / SMA $9.15,False,0.00%,,N/A,False,177.4M,False,PNK,False,
EYPT,"EyePoint, Inc.",13.15,2026-06-17T23:59:29.114256+00:00,False,+65.6%,True,$1102.5M,False,+-52.3%,True,950.0K,False,$13.15 / SMA $13.29,True,6.34%,False,+-97.2%,True,70.5M,True,NGM,False,
FANG,"Diamondback Energy, Inc.",185.48,2026-06-17T23:52:31.656028+00:00,False,+38.1%,True,$52178.0M,False,+-98.3%,True,2850.0K,False,$185.48 / SMA $195.29,True,3.30%,False,+4.4%,False,205.3M,True,NMS,False,
FBASF,Fibra UNO,1.737,2026-06-17T23:53:29.993123+00:00,False,+34.7%,True,$6619.1M,False,+-12.7%,False,6.1K,False,$1.74 / SMA $1.74,False,0.61%,False,+5.4%,,N/A,False,PNK,False,
FBYD,"Falcon's Beyond Global, Inc.",15.86,2026-06-17T23:57:39.437563+00:00,True,+327.5%,True,$777.3M,True,+138.5%,False,95.2K,True,$15.86 / SMA $13.93,True,13.72%,True,+214.8%,True,25.5M,True,NGM,False,
FCN,"FTI Consulting, Inc.",150.6,2026-06-17T23:55:18.200742+00:00,False,+6.9%,True,$4539.7M,False,+9.2%,False,459.0K,False,$150.60 / SMA $164.99,True,3.24%,False,+9.5%,True,28.9M,True,NYQ,False,
FCNCO,"First Citizens BancShares, Inc.",20.62,2026-06-17T23:52:50.698939+00:00,False,+1.6%,,N/A,,N/A,False,14.2K,False,$20.62 / SMA $21.01,False,0.70%,False,+0.7%,True,8.4M,True,NMS,False,
FCRS,FutureCrest Acquisition Corp.,10.19,2026-06-18T00:01:44.256767+00:00,False,+1.7%,True,$366.2M,,N/A,False,88.0K,False,$10.19 / SMA $10.20,False,0.29%,,N/A,True,28.8M,True,NYQ,False,
FDMIF,Founders Metals Inc.,2.96,2026-06-18T00:01:38.584397+00:00,False,+60.7%,True,$343.2M,False,+-100.0%,False,32.1K,False,$2.96 / SMA $3.57,True,5.36%,,N/A,True,92.0M,False,OQX,False,
FDUS,Fidus Investment Corporation,18.03,2026-06-17T23:59:45.821114+00:00,False,+6.9%,True,$684.3M,False,+-10.3%,False,278.3K,False,$18.03 / SMA $18.05,False,1.76%,False,+-3.7%,,N/A,True,NMS,False,
FESNF,First Real Estate Investment Trust,0.19,2026-06-18T00:01:39.160427+00:00,False,+2.8%,True,$402.7M,,N/A,False,0.7K,True,$0.19 / SMA $0.19,False,0.00%,,N/A,False,1366.9M,False,PNK,False,
FET,"Forum Energy Technologies, Inc.",50.75,2026-06-17T23:59:48.549151+00:00,True,+180.1%,True,$573.7M,True,+333.3%,False,167.0K,False,$50.75 / SMA $56.38,True,4.91%,False,+8.0%,True,9.9M,True,NYQ,False,
FFA,First Trust Enhanced Equity Income Fund,22.38,2026-06-18T00:01:33.383724+00:00,False,+14.8%,True,$447.3M,,N/A,False,29.9K,True,$22.38 / SMA $22.33,False,1.21%,,N/A,,N/A,True,NYQ,False,
FFIV,"F5, Inc.",384.88,2026-06-17T23:52:51.522371+00:00,True,+72.0%,True,$21714.6M,False,+4.0%,True,741.2K,True,$384.88 / SMA $353.18,True,3.36%,False,+11.0%,True,55.8M,True,NMS,False,
FFMGF,First Mining Gold Corp.,0.42,2026-06-18T00:01:32.562365+00:00,True,+288.9%,True,$581.4M,True,+50.0%,True,908.6K,True,$0.42 / SMA $0.35,True,14.11%,,N/A,False,1314.8M,False,OQX,False,
FFXDF,Fairfax India Holdings Corporation,17.97,2026-06-17T23:57:33.925022+00:00,False,+16.2%,True,$2411.9M,False,+-75.8%,False,34.7K,True,$17.97 / SMA $17.78,True,3.13%,False,+-68.9%,True,77.7M,False,PNK,False,
FHNGY,The Foschini Group Limited,3.39,2026-06-17T23:59:27.267601+00:00,False,+3.4%,True,$1068.9M,,N/A,False,0.1K,False,$3.39 / SMA $3.70,False,0.08%,,N/A,False,295.0M,False,PNK,False,
FIGS,"FIGS, Inc.",12.28,2026-06-17T23:57:27.652885+00:00,True,+138.4%,True,$2051.3M,,N/A,True,3224.0K,False,$12.28 / SMA $13.37,True,4.97%,True,+28.0%,False,151.8M,True,NYQ,False,
FINGF,Finning International Inc.,69.7,2026-06-17T23:53:17.405069+00:00,True,+77.1%,True,$9100.4M,False,+19.5%,False,9.3K,False,$69.70 / SMA $71.50,False,1.52%,False,+2.1%,True,130.3M,False,PNK,False,
FITBO,Fifth Third Bancorp,18.36,2026-06-17T23:52:36.304366+00:00,False,+0.7%,,N/A,,N/A,False,18.4K,False,$18.36 / SMA $18.90,False,0.80%,True,+30.3%,False,902.3M,True,NMS,False,
FITGF,FIT Hon Teng Limited,0.95,2026-06-17T23:53:23.138045+00:00,True,+280.0%,True,$6755.3M,,N/A,False,7.5K,False,$0.95 / SMA $1.07,True,7.18%,,N/A,False,1502.0M,False,PNK,False,
FIZZ,National Beverage Corp.,36.81,2026-06-17T23:55:34.556127+00:00,False,+17.9%,True,$3446.6M,False,+4.8%,False,260.2K,True,$36.81 / SMA $35.17,True,3.24%,False,+-0.9%,True,23.7M,True,NMS,False,
FJTSF,Fujitsu Limited,19.71,2026-06-17T23:52:39.740161+00:00,False,+11.5%,True,$34192.5M,,N/A,False,6.7K,False,$19.71 / SMA $21.48,True,12.91%,,N/A,False,1645.0M,False,PNK,False,
FKKFY,"Fukuoka Financial Group, Inc.",20.74,2026-06-17T23:53:23.804008+00:00,True,+72.0%,True,$7838.2M,,N/A,False,0.5K,True,$20.74 / SMA $20.40,False,1.01%,,N/A,False,372.3M,False,PNK,False,
FLGT,"Fulgent Genetics, Inc.",17.7,2026-06-18T00:01:31.290227+00:00,False,+31.5%,True,$502.7M,False,+-116.2%,True,540.4K,True,$17.70 / SMA $16.64,True,4.42%,False,+-3.2%,True,17.6M,True,NGM,False,
FLO,"Flowers Foods, Inc.",7.33,2026-06-17T23:57:37.330190+00:00,False,+7.8%,True,$1553.9M,False,+-20.0%,True,6957.8K,False,$7.33 / SMA $7.92,True,4.51%,False,+1.1%,False,195.5M,True,NYQ,False,
FLS,Flowserve Corporation,78.93,2026-06-17T23:53:19.958739+00:00,True,+75.0%,True,$10087.8M,False,+14.3%,True,2332.3K,True,$78.93 / SMA $75.99,True,3.70%,False,+-6.7%,True,126.9M,True,NYQ,False,
FMBL,Farmers & Merchants Bank of Long Beach,8688.99,2026-06-17T23:59:30.229149+00:00,False,+58.0%,True,$1050.7M,True,+389.3%,False,0.1K,True,$8688.99 / SMA $8445.27,False,0.75%,True,+39.9%,,N/A,False,OQX,False,
FMCCJ,Federal Home Loan Mortgage Corporation,12.9,2026-06-17T23:55:23.209830+00:00,False,+14.1%,,N/A,,N/A,False,2.4K,False,$12.90 / SMA $14.08,False,1.16%,False,+-3.1%,False,650.1M,False,OQB,False,
FMCKJ,Federal Home Loan Mortgage Corporation,10.8,2026-06-17T23:55:23.414398+00:00,False,+20.7%,,N/A,,N/A,False,288.3K,False,$10.80 / SMA $11.59,True,3.93%,False,+-3.1%,False,650.1M,False,OQB,False,
FMCKL,Federal Home Loan Mortgage Corporation,8.62,2026-06-17T23:55:23.556085+00:00,False,+15.2%,,N/A,,N/A,False,13.4K,False,$8.62 / SMA $9.56,False,1.08%,False,+-3.1%,False,650.1M,False,OQB,False,
FMCKO,Federal Home Loan Mortgage Corporation,8.9,2026-06-17T23:55:23.872649+00:00,False,+11.3%,,N/A,,N/A,False,3.0K,False,$8.90 / SMA $9.66,False,1.25%,False,+-3.1%,False,650.1M,False,OQB,False,
FN,Fabrinet,584.38,2026-06-17T23:52:48.086146+00:00,True,+126.4%,True,$20938.2M,True,+53.3%,True,835.1K,False,$584.38 / SMA $664.55,True,7.78%,True,+39.3%,True,35.8M,True,NYQ,False,
FNB,F.N.B. Corporation,18.1,2026-06-17T23:53:31.946961+00:00,False,+33.5%,True,$6442.9M,False,+18.8%,True,6248.7K,True,$18.10 / SMA $17.60,False,1.93%,False,+9.5%,False,349.9M,True,NYQ,False,
FNLPF,Fresnillo plc,44.5,2026-06-17T23:52:42.763705+00:00,True,+143.0%,True,$32791.8M,,N/A,False,7.2K,False,$44.50 / SMA $45.33,True,4.07%,,N/A,False,183.9M,False,PNK,False,
FNMAI,Federal National Mortgage Association,9.0,2026-06-17T23:53:22.495017+00:00,False,+20.8%,,N/A,,N/A,False,49.8K,False,$9.00 / SMA $9.78,False,1.87%,False,+-12.4%,False,233.7M,False,OQB,False,
FNMFM,Federal National Mortgage Association,15.0,2026-06-17T23:53:22.649091+00:00,False,+8.3%,,N/A,,N/A,False,0.4K,False,$15.00 / SMA $16.00,False,1.13%,False,+-12.4%,False,233.7M,False,OQB,False,
FNNCF,Financial 15 Split Corp.,8.22,2026-06-17T23:59:50.911950+00:00,False,+63.1%,True,$669.6M,,N/A,False,0.9K,True,$8.22 / SMA $7.48,False,0.13%,,N/A,,N/A,False,PNK,False,
FNNTF,flatexDEGIRO SE,37.2,2026-06-17T23:55:24.814706+00:00,True,+145.5%,True,$3980.3M,,N/A,False,0.0K,False,$37.20 / SMA $38.90,False,0.00%,,N/A,True,86.3M,False,PNK,False,
FOR,Forestar Group Inc.,28.42,2026-06-17T23:57:46.808169+00:00,False,+47.6%,True,$1449.7M,False,+1.6%,False,145.4K,True,$28.42 / SMA $27.19,False,2.99%,False,+6.6%,True,19.3M,True,NYQ,False,
FPAFY,First Pacific Company Limited,3.24,2026-06-17T23:57:13.565176+00:00,False,+2.9%,True,$2761.9M,,N/A,False,59.3K,False,$3.24 / SMA $3.44,False,1.70%,,N/A,False,460.0M,False,PNK,False,
FQVTF,Fevertree Drinks PLC,11.143,2026-06-17T23:59:25.882902+00:00,False,+16.7%,True,$1268.9M,,N/A,False,2.3K,True,$11.14 / SMA $10.66,False,0.86%,,N/A,True,92.9M,False,PNK,False,
FRFHF,Fairfax Financial Holdings Limited,1603.0,2026-06-17T23:52:39.289843+00:00,False,+6.9%,True,$33060.3M,False,+-27.1%,False,8.8K,False,$1603.00 / SMA $1659.11,False,2.54%,False,+-14.2%,True,18.6M,False,PNK,False,
FRPT,"Freshpet, Inc.",55.66,2026-06-17T23:57:20.014361+00:00,False,+19.8%,True,$2735.3M,True,+450.0%,True,1652.7K,False,$55.66 / SMA $57.29,True,4.86%,False,+13.1%,True,48.1M,True,NGM,False,
FSLR,"First Solar, Inc.",254.8,2026-06-17T23:52:45.819376+00:00,True,+83.0%,True,$27379.1M,True,+65.1%,True,2475.4K,True,$254.80 / SMA $235.54,True,6.51%,False,+23.6%,True,101.6M,True,NMS,False,
FSM,Fortuna Mining Corp.,9.43,2026-06-17T23:57:14.870861+00:00,False,+52.8%,True,$2856.9M,True,+84.2%,True,6300.7K,False,$9.43 / SMA $9.81,True,4.39%,True,+75.6%,False,299.7M,True,NYQ,False,
FSNUY,Fresenius SE & Co. KGaA,11.18,2026-06-17T23:52:48.228063+00:00,False,+8.2%,True,$25188.0M,,N/A,False,160.8K,False,$11.18 / SMA $11.53,False,2.54%,False,+3.3%,False,1642.2M,False,PNK,False,
FSS,Federal Signal Corporation,113.83,2026-06-17T23:53:29.299503+00:00,False,+13.6%,True,$6943.9M,True,+52.0%,False,472.8K,True,$113.83 / SMA $113.72,False,2.93%,True,+34.9%,True,59.5M,True,NYQ,False,
FTAI,FTAI Aviation Ltd.,277.31,2026-06-17T23:52:47.371518+00:00,True,+155.7%,True,$28447.3M,True,+48.3%,True,1299.2K,True,$277.31 / SMA $249.18,True,6.07%,True,+65.5%,True,101.4M,True,NMS,True,
FTV,Fortive Corporation,60.68,2026-06-17T23:52:56.825680+00:00,False,+30.9%,True,$18499.0M,False,+-12.0%,True,3103.7K,True,$60.68 / SMA $60.15,False,2.54%,False,+7.7%,False,280.5M,True,NYQ,False,
FUFU,BitFuFu Inc.,1.68,2026-06-18T00:01:49.328646+00:00,False,+7.7%,False,$280.0M,False,+-110.0%,False,261.1K,False,$1.68 / SMA $2.05,True,9.76%,False,+-6.9%,True,18.7M,True,NCM,False,
FUN,Six Flags Entertainment Corporation,24.87,2026-06-17T23:57:28.716500+00:00,True,+98.8%,True,$2541.8M,False,+-19.7%,True,1926.7K,True,$24.87 / SMA $20.32,True,5.49%,False,+11.7%,True,86.2M,True,NYQ,False,
FURCF,Forvia SE,11.55,2026-06-17T23:57:24.259612+00:00,False,+23.8%,True,$2132.7M,,N/A,False,0.1K,False,$11.55 / SMA $11.84,False,0.06%,,N/A,False,175.7M,False,PNK,False,
FUTU,Futu Holdings Limited,96.64,2026-06-17T23:53:07.812119+00:00,False,+20.0%,True,$13548.4M,False,+-60.7%,True,3438.6K,False,$96.64 / SMA $131.70,True,6.41%,False,+24.7%,True,60.2M,True,NGM,False,
FWEDF,Fireweed Metals Corp.,2.7,2026-06-17T23:59:49.345599+00:00,True,+77.6%,True,$612.8M,False,+-50.0%,False,60.9K,False,$2.70 / SMA $3.11,True,5.85%,,N/A,True,145.4M,False,OQX,False,
GAERF,"Grupo Aeroportuario del Centro Norte, S.A.B. de C.V.",13.87,2026-06-17T23:55:17.658150+00:00,False,+33.9%,True,$5356.2M,False,+-4.2%,False,0.1K,True,$13.87 / SMA $8.69,False,1.05%,False,+6.9%,False,336.1M,False,PNK,False,
GAMI,"GAMCO Investors, Inc.",24.3,2026-06-18T00:01:31.034941+00:00,False,+10.1%,True,$523.3M,False,+-18.5%,False,3.1K,True,$24.30 / SMA $23.13,False,1.16%,False,+11.2%,True,2.6M,False,OQX,False,
GAP,"The Gap, Inc.",20.94,2026-06-17T23:53:21.158371+00:00,False,+12.1%,True,$7538.0M,True,+76.5%,True,7817.1K,False,$20.94 / SMA $23.38,True,3.64%,False,+1.0%,False,187.6M,True,NYQ,False,
GBDC,"Golub Capital BDC, Inc.",12.35,2026-06-17T23:55:33.855014+00:00,False,+4.9%,True,$3217.1M,False,+-160.0%,True,1716.3K,False,$12.35 / SMA $12.83,False,1.86%,False,+-146.7%,,N/A,True,NMS,False,
GBNXF,Gibson Energy Inc.,20.97,2026-06-17T23:55:30.272233+00:00,False,+31.8%,True,$3616.7M,,N/A,False,5.4K,True,$20.97 / SMA $20.89,False,0.27%,False,+16.8%,False,171.8M,False,PNK,False,
GBOOF,"Grupo Financiero Banorte, S.A.B. de C.V.",11.2,2026-06-17T23:52:42.841743+00:00,False,+35.4%,True,$31076.2M,False,+0.0%,False,11.4K,True,$11.20 / SMA $11.04,True,7.09%,False,+7.1%,False,3089.9M,False,OQX,False,
GBOOY,"Grupo Financiero Banorte, S.A.B. de C.V.",55.17,2026-06-17T23:52:43.258498+00:00,False,+32.3%,True,$30615.6M,False,+0.0%,False,56.2K,True,$55.17 / SMA $52.77,True,5.10%,False,+7.1%,False,618.0M,False,OQX,False,
GCHEF,"Grupo Comercial Chedraui, S.A.B. de C.V.",5.15,2026-06-17T23:55:12.062843+00:00,False,+0.0%,True,$4942.7M,False,+14.1%,False,1.6K,False,$5.15 / SMA $5.48,False,0.03%,False,+-10.0%,False,288.5M,False,PNK,False,
GCMG,GCM Grosvenor Inc.,11.65,2026-06-17T23:57:26.557577+00:00,False,+25.3%,True,$703.5M,True,+400.0%,False,487.3K,True,$11.65 / SMA $10.73,True,3.27%,False,+1.3%,True,58.7M,True,NGM,False,
GDNGY,PT Gudang Garam Tbk,3.3,2026-06-17T23:57:36.760328+00:00,False,+69.2%,True,$1655.1M,True,+1379.6%,False,0.9K,False,$3.30 / SMA $3.48,False,0.00%,False,+-12.8%,True,114.4M,False,PNK,False,
GDRZF,Gold Reserve Ltd.,4.64,2026-06-17T23:59:46.499151+00:00,True,+303.5%,True,$686.1M,,N/A,False,69.2K,True,$4.64 / SMA $4.54,True,4.51%,,N/A,True,88.6M,False,OQX,False,
GEHC,GE HealthCare Technologies Inc.,61.15,2026-06-17T23:52:44.698938+00:00,False,+4.1%,True,$27816.6M,False,+-30.9%,True,4843.7K,False,$61.15 / SMA $65.64,False,2.83%,False,+7.4%,False,453.4M,True,NMS,False,
GEMI,"Gemini Space Station, Inc.",4.78,2026-06-17T23:59:49.770384+00:00,False,+22.3%,True,$604.3M,True,+27.1%,True,2170.2K,False,$4.78 / SMA $4.80,True,8.82%,True,+42.3%,True,35.2M,True,NMS,False,
GENB,"Generate Biomedicines, Inc.",13.87,2026-06-17T23:57:32.545002+00:00,False,+26.1%,True,$1778.0M,,N/A,True,544.5K,True,$13.87 / SMA $13.30,True,8.23%,,N/A,True,60.3M,True,NMS,False,
GENI,Genius Sports Limited,6.2,2026-06-17T23:57:43.826003+00:00,False,+62.1%,True,$1657.5M,False,+-600.0%,True,5937.2K,True,$6.20 / SMA $5.11,True,7.52%,True,+30.5%,False,207.7M,True,NYQ,False,
GFR,Greenfire Resources Ltd.,5.52,2026-06-17T23:59:43.604396+00:00,False,+34.6%,True,$692.4M,False,+-352.2%,False,217.1K,False,$5.52 / SMA $5.98,True,4.03%,False,+-19.8%,True,33.6M,True,NYQ,False,
GGPSF,GGPSF,9.95,2026-06-17T23:53:32.011286+00:00,True,+4801.5%,True,$6695.4M,,N/A,False,5.0K,True,$9.95 / SMA_short $8.73,False,1.34%,,N/A,False,509.6M,False,PNK,False,
GIC,Global Industrial Company,31.87,2026-06-17T23:59:26.739815+00:00,False,+20.8%,True,$1219.4M,False,+20.0%,False,91.2K,True,$31.87 / SMA $31.27,False,2.25%,False,+9.2%,True,12.9M,True,NYQ,False,
GIGNF,Genting Singapore Limited,0.52,2026-06-17T23:55:06.684812+00:00,False,+18.2%,True,$6285.8M,,N/A,False,0.6K,True,$0.52 / SMA $0.51,False,0.00%,,N/A,False,5668.0M,False,PNK,False,
GIS,"General Mills, Inc.",33.36,2026-06-17T23:52:57.254650+00:00,False,+5.1%,True,$17803.6M,False,+-50.0%,True,9779.8K,False,$33.36 / SMA $34.24,False,2.76%,False,+-8.4%,False,590.3M,True,NYQ,False,
GIX,GigCapital9 Corp.,9.94,2026-06-18T00:01:44.856515+00:00,False,+1.4%,True,$363.3M,,N/A,False,120.3K,True,$9.94 / SMA $9.89,False,0.02%,,N/A,True,19.1M,True,NGM,False,
GIXXU,GigCapital9 Corp.,10.22,2026-06-18T00:01:43.236377+00:00,False,+13.1%,,N/A,,N/A,False,8.0K,True,$10.22 / SMA $10.14,False,0.00%,,N/A,True,19.1M,True,NGM,False,
GL,Globe Life Inc.,171.25,2026-06-17T23:53:09.406996+00:00,False,+46.7%,True,$13296.7M,False,+12.6%,True,536.9K,True,$171.25 / SMA $154.54,False,2.25%,False,+5.3%,True,76.9M,True,NYQ,False,
GLAPF,Glanbia plc,26.5,2026-06-17T23:55:06.014715+00:00,True,+82.8%,True,$6404.8M,,N/A,False,0.3K,True,$26.50 / SMA $22.97,False,0.49%,,N/A,False,197.8M,False,PNK,False,
GLGDF,GoGold Resources Inc.,2.37,2026-06-17T23:59:32.304461+00:00,True,+74.3%,True,$1027.3M,True,+280.0%,False,410.1K,True,$2.37 / SMA $2.21,True,7.43%,True,+72.3%,False,407.0M,False,OQX,False,
GLUE,"Monte Rosa Therapeutics, Inc.",18.41,2026-06-17T23:57:39.779644+00:00,True,+346.8%,True,$1555.3M,False,+-192.6%,True,1016.9K,False,$18.41 / SMA $18.65,True,6.33%,False,+-95.0%,True,53.0M,True,NMS,False,
GME,GameStop Corp.,21.51,2026-06-17T23:53:15.905819+00:00,False,+7.9%,True,$9651.3M,True,+633.3%,True,7707.9K,False,$21.51 / SMA $23.13,False,2.94%,False,+14.0%,False,447.1M,True,NYQ,False,
GMINF,G Mining Ventures Corp.,30.87,2026-06-17T23:53:27.577891+00:00,True,+167.0%,True,$7338.6M,True,+209.1%,False,53.7K,False,$30.87 / SMA $33.80,True,6.98%,True,+42.8%,False,176.0M,False,OQX,False,
GMKKY,"Gruma, S.A.B. de C.V.",18.0,2026-06-17T23:53:31.537864+00:00,False,+11.6%,True,$6142.3M,False,+-32.6%,False,0.2K,True,$18.00 / SMA $17.96,False,0.00%,False,+4.5%,,N/A,False,PNK,False,
GMOYF,"GMO internet group, Inc.",19.775,2026-06-17T23:57:26.562921+00:00,False,+22.1%,True,$1945.3M,,N/A,False,0.1K,False,$19.77 / SMA $19.98,False,0.27%,,N/A,True,53.5M,False,PNK,False,
GNENF,"Ganfeng Lithium Group Co., Ltd.",7.4,2026-06-17T23:52:53.666264+00:00,True,+186.8%,True,$15515.5M,,N/A,False,8.4K,False,$7.40 / SMA $9.28,False,2.98%,True,+84.6%,False,1523.6M,False,PNK,False,
GNENY,"Ganfeng Lithium Group Co., Ltd.",7.6,2026-06-17T23:52:53.121847+00:00,True,+198.0%,True,$15934.9M,,N/A,False,1.5K,False,$7.60 / SMA $9.39,True,4.25%,True,+84.6%,False,1523.6M,False,PNK,False,
GNGBY,Getinge AB (publ),20.14,2026-06-17T23:55:09.160799+00:00,False,+7.7%,True,$5485.5M,False,+-39.8%,False,3.0K,False,$20.14 / SMA $20.46,False,1.11%,False,+-32.8%,False,178.5M,False,PNK,False,
GO,Grocery Outlet Holding Corp.,9.48,2026-06-17T23:59:41.645392+00:00,False,+67.6%,True,$937.8M,False,+-662.5%,True,3421.3K,True,$9.48 / SMA $8.10,True,5.65%,False,+3.6%,True,93.3M,True,NMS,False,
GOTU,Gaotu Techedu Inc.,1.63,2026-06-18T00:01:40.325269+00:00,False,+16.4%,True,$388.7M,False,+-71.2%,False,489.0K,False,$1.63 / SMA $1.82,True,6.35%,False,+13.2%,True,117.2M,True,NYQ,False,
GPAEF,"Grupo Aeroportuario del Pacífico, S.A.B. de C.V.",22.36,2026-06-17T23:53:09.323000+00:00,False,+5.7%,True,$13304.6M,False,+15.9%,False,0.2K,False,$22.36 / SMA $24.34,False,0.01%,False,+2.8%,False,323.0M,False,PNK,False,
GPCR,Structure Therapeutics Inc.,45.0,2026-06-17T23:57:16.473626+00:00,True,+184.8%,True,$3198.4M,False,+-29.6%,True,872.9K,True,$45.00 / SMA $42.92,True,5.21%,,N/A,True,54.9M,True,NGM,False,
GPOVF,"Grupo Carso, S.A.B. de C.V.",7.81,2026-06-17T23:52:57.584096+00:00,False,+20.2%,True,$17595.3M,False,+-56.2%,False,0.1K,True,$7.81 / SMA $7.76,False,0.00%,False,+-23.4%,,N/A,False,PNK,False,
GRAL,"GRAIL, Inc.",59.45,2026-06-17T23:57:14.381185+00:00,True,+98.5%,True,$2551.4M,True,+26.1%,True,766.3K,True,$59.45 / SMA $58.41,True,7.99%,True,+28.1%,True,33.5M,True,NMS,True,
GRCLF,GrainCorp Limited,3.4,2026-06-17T23:59:42.022200+00:00,False,+6.2%,True,$755.9M,,N/A,False,1.5K,False,$3.40 / SMA $4.14,False,1.87%,,N/A,False,187.2M,False,PNK,False,
GRND,Grindr Inc.,13.28,2026-06-17T23:57:23.565939+00:00,False,+36.5%,True,$2360.2M,True,+55.6%,True,1489.1K,True,$13.28 / SMA $12.90,True,4.78%,True,+38.3%,True,47.9M,True,NYQ,False,
GRNT,"Granite Ridge Resources, Inc.",4.73,2026-06-17T23:59:44.594164+00:00,False,+13.2%,True,$623.9M,False,+-614.3%,True,992.1K,False,$4.73 / SMA $5.23,True,3.82%,False,+4.3%,True,58.1M,True,NYQ,False,
GRPFF,"Grupo Televisa, S.A.B.",0.562,2026-06-17T23:57:45.927200+00:00,False,+31.6%,True,$1481.0M,True,+229.8%,False,0.1K,False,$0.56 / SMA $0.57,False,0.00%,False,+-3.1%,False,1218.6M,False,PNK,False,
GRWXF,Molten Ventures Plc,8.4,2026-06-17T23:57:46.351775+00:00,False,+12.0%,True,$1446.7M,,N/A,False,2.2K,True,$8.40 / SMA_short $8.25,,N/A,,N/A,True,127.8M,False,PNK,False,
GSBC,"Great Southern Bancorp, Inc.",73.63,2026-06-17T23:59:42.743014+00:00,False,+37.0%,True,$802.1M,False,+7.5%,False,91.6K,True,$73.63 / SMA $69.96,False,2.97%,False,+-1.0%,True,7.9M,True,NMS,False,
GTGHF,GTGHF,0.0314,2026-06-17T23:59:50.283728+00:00,False,+0.0%,,N/A,,N/A,False,22.7K,False,$0.03 / SMA_short $0.07,,N/A,,N/A,False,3556.3M,False,PNK,False,
GUKYF,Gulf Keystone Petroleum Limited,2.32,2026-06-17T23:59:52.920914+00:00,False,+13.2%,True,$504.5M,,N/A,False,3.2K,False,$2.32 / SMA $2.57,False,0.63%,,N/A,False,178.4M,False,PNK,False,
GUNGF,"GungHo Online Entertainment, Inc.",15.8,2026-06-17T23:59:39.191429+00:00,False,+0.0%,True,$827.4M,,N/A,False,0.0K,False,$15.80 / SMA $18.90,False,0.00%,,N/A,True,32.0M,False,PNK,False,
GWLLY,Great Wall Motor Company Limited,14.3,2026-06-17T23:52:55.223949+00:00,False,+19.6%,True,$12237.2M,,N/A,False,3.6K,False,$14.30 / SMA $15.18,False,1.44%,,N/A,False,339.2M,False,PNK,False,
GXYYY,Galaxy Entertainment Group Limited,19.51,2026-06-17T23:52:57.162655+00:00,False,+0.4%,True,$17087.8M,,N/A,False,59.3K,False,$19.51 / SMA $20.64,False,1.75%,,N/A,False,518.1M,False,PNK,False,
HAFC,Hanmi Financial Corporation,30.74,2026-06-17T23:59:36.884504+00:00,False,+39.7%,True,$915.0M,True,+29.3%,False,264.2K,True,$30.74 / SMA $29.64,False,2.07%,False,+14.2%,True,28.9M,True,NMS,False,
HALFF,HAL Trust,192.0,2026-06-17T23:52:57.650253+00:00,False,+39.1%,True,$17335.7M,,N/A,False,0.1K,False,$192.00 / SMA $196.57,False,0.00%,,N/A,True,90.3M,False,PNK,False,
HASI,"HA Sustainable Infrastructure Capital, Inc.",37.99,2026-06-17T23:55:13.754236+00:00,False,+55.8%,True,$4855.2M,False,+-229.5%,True,1033.6K,False,$37.99 / SMA $40.30,False,2.71%,False,+-145.2%,True,125.5M,True,NYQ,False,
HAYW,"Hayward Holdings, Inc.",14.58,2026-06-17T23:55:39.260540+00:00,False,+12.8%,True,$3163.3M,True,+83.3%,True,2465.1K,True,$14.58 / SMA $14.48,False,2.99%,False,+11.5%,False,211.9M,True,NYQ,False,
HCC,"Warrior Met Coal, Inc.",95.07,2026-06-17T23:55:20.419628+00:00,True,+133.0%,True,$5019.9M,True,+956.2%,True,878.6K,True,$95.07 / SMA $91.06,True,5.37%,True,+52.9%,True,51.7M,True,NYQ,True,
HCSG,"Healthcare Services Group, Inc.",22.37,2026-06-17T23:57:44.658963+00:00,True,+76.7%,True,$1535.6M,True,+60.9%,True,691.3K,True,$22.37 / SMA $20.94,False,2.69%,False,+3.4%,True,67.9M,True,NMS,False,
HCXLF,Hiscox Ltd,24.55,2026-06-17T23:53:24.504812+00:00,False,+44.4%,True,$7860.0M,,N/A,False,0.2K,True,$24.55 / SMA $21.80,False,0.00%,,N/A,False,323.0M,False,PNK,False,
HEINY,Heineken N.V.,40.13,2026-06-17T23:52:36.276879+00:00,False,+8.4%,True,$44642.2M,,N/A,False,96.6K,True,$40.13 / SMA $39.07,False,1.31%,,N/A,False,2583.4M,False,OQX,False,
HESM,Hess Midstream LP,36.72,2026-06-17T23:53:22.055107+00:00,False,+16.1%,True,$7587.6M,False,+4.6%,True,1989.6K,False,$36.72 / SMA $38.22,False,1.98%,False,+2.0%,True,127.7M,True,NYQ,False,
HISEF,"Hisense Home Appliances Group Co., Ltd.",3.15,2026-06-17T23:55:19.288254+00:00,False,+28.0%,True,$4834.2M,,N/A,False,0.2K,True,$3.15 / SMA $2.86,False,0.00%,False,+4.0%,False,531.9M,False,PNK,False,
HKHHF,Heineken Holding N.V.,74.02,2026-06-17T23:52:54.665380+00:00,False,+11.9%,True,$20405.0M,,N/A,False,1.5K,True,$74.02 / SMA $71.13,False,0.28%,,N/A,True,120.8M,False,OQX,False,
HKTGF,"Hikari Tsushin, Inc.",225.0,2026-06-17T23:53:16.787157+00:00,False,+4.7%,True,$9851.9M,,N/A,False,0.0K,False,$225.00 / SMA $238.58,False,0.00%,,N/A,True,17.5M,False,PNK,False,
HKXCY,Hong Kong Exchanges and Clearing Limited,48.36,2026-06-17T23:52:29.627212+00:00,False,+2.5%,True,$61128.5M,,N/A,False,154.1K,False,$48.36 / SMA $52.02,False,1.52%,,N/A,False,1186.9M,False,PNK,False,
HLDVF,Henderson Land Development Company Limited,3.7,2026-06-17T23:52:51.340370+00:00,False,+17.5%,True,$17913.1M,,N/A,False,0.4K,False,$3.70 / SMA $3.93,False,0.00%,,N/A,False,1332.0M,False,PNK,False,
HLHLY,HLHLY,16.184,2026-06-17T23:55:13.147908+00:00,False,+48.5%,True,$4869.3M,False,+14.3%,False,0.1K,False,$16.18 / SMA $16.69,False,0.47%,False,+-0.7%,False,182.5M,False,PNK,False,
HLI,"Houlihan Lokey, Inc.",141.38,2026-06-17T23:53:13.365603+00:00,False,+5.6%,True,$9763.6M,False,+-16.5%,True,673.7K,False,$141.38 / SMA $149.04,False,2.90%,False,+-4.6%,True,53.1M,True,NYQ,False,
HLLY,Holley Inc.,2.5,2026-06-18T00:01:56.727176+00:00,False,+30.2%,True,$300.9M,True,+200.0%,True,814.7K,False,$2.50 / SMA $2.88,True,5.10%,False,+-3.7%,True,80.2M,True,NYQ,False,
HLMN,Hillman Solutions Corp.,7.74,2026-06-17T23:57:43.574328+00:00,False,+18.2%,True,$1518.7M,,N/A,True,1446.4K,False,$7.74 / SMA $7.90,True,4.00%,False,+3.0%,False,194.0M,True,NGM,False,
HLNE,Hamilton Lane Incorporated,81.4,2026-06-17T23:55:15.089484+00:00,False,+7.2%,True,$4520.5M,,N/A,True,901.3K,False,$81.40 / SMA $90.21,True,4.69%,False,+-2.2%,True,41.2M,True,NMS,False,
HLVTY,Helvetia Baloise Holding AG,7.07,2026-06-17T23:52:46.446134+00:00,True,+74.1%,True,$30262.1M,,N/A,False,0.1K,True,$7.07 / SMA $6.72,False,0.00%,,N/A,False,3237.5M,False,PNK,False,
HMN,Horace Mann Educators Corporation,48.62,2026-06-17T23:57:31.682237+00:00,False,+21.4%,True,$1963.3M,False,+8.7%,False,232.3K,True,$48.62 / SMA $45.66,False,2.38%,False,+4.0%,True,39.9M,True,NYQ,False,
HMY,Harmony Gold Mining Company Limited,17.1,2026-06-17T23:53:14.015334+00:00,False,+35.9%,True,$10796.7M,,N/A,True,5178.9K,True,$17.10 / SMA $16.76,True,4.02%,,N/A,False,544.4M,True,NYQ,False,
HNDAF,"Honda Motor Co., Ltd.",9.1,2026-06-17T23:52:40.240928+00:00,False,+17.6%,True,$35422.5M,,N/A,False,58.3K,True,$9.10 / SMA $8.51,False,1.88%,False,+-3.4%,False,3891.1M,False,PNK,False,
HNST,"The Honest Company, Inc.",3.56,2026-06-18T00:01:43.059219+00:00,True,+72.0%,True,$391.9M,False,+-100.0%,True,1637.2K,True,$3.56 / SMA $3.38,True,4.99%,False,+-19.7%,True,99.0M,True,NMS,False,
HOKCF,The Hong Kong and China Gas Company Limited,0.9033,2026-06-17T23:52:58.780708+00:00,False,+7.5%,True,$16855.5M,,N/A,False,1.4K,True,$0.90 / SMA $0.72,False,0.00%,,N/A,False,10850.0M,False,PNK,False,
HOKCY,The Hong Kong and China Gas Company Limited,0.9,2026-06-17T23:52:57.938129+00:00,False,+21.6%,True,$16793.9M,,N/A,False,14.7K,True,$0.90 / SMA $0.88,True,7.11%,,N/A,False,10850.0M,False,PNK,False,
HOVVB,"Hovnanian Enterprises, Inc.",110.0,2026-06-17T23:59:47.660504+00:00,False,+4.8%,True,$644.6M,False,+-118.9%,False,0.0K,True,$110.00 / SMA $110.00,False,0.00%,False,+-2.7%,True,4.4M,False,PNK,False,
HRB,"H&R Block, Inc.",35.32,2026-06-17T23:55:16.016274+00:00,False,+25.4%,True,$4477.2M,False,+24.3%,True,2457.4K,True,$35.32 / SMA $34.53,True,3.34%,False,+5.3%,True,125.7M,True,NYQ,False,
HRL,Hormel Foods Corporation,24.33,2026-06-17T23:53:10.749560+00:00,False,+23.5%,True,$13389.2M,False,+-12.1%,True,5438.4K,True,$24.33 / SMA $21.76,False,2.59%,False,+2.5%,False,290.6M,True,NYQ,False,
HROW,"Harrow, Inc.",41.94,2026-06-17T23:59:23.602885+00:00,False,+47.0%,True,$1563.3M,False,+-48.0%,True,736.7K,True,$41.94 / SMA $36.54,True,5.69%,False,+-7.6%,True,28.3M,True,NGM,False,
HRSHF,"Haier Smart Home Co., Ltd.",2.788,2026-06-17T23:52:46.211429+00:00,False,+23.9%,True,$25389.2M,False,+-15.3%,False,3.4K,True,$2.79 / SMA $2.64,False,0.88%,False,+-6.9%,False,5555.3M,False,PNK,False,
HRVFF,Harvia Oyj,46.254,2026-06-17T23:59:39.351364+00:00,False,+21.9%,True,$864.5M,True,+72.4%,False,0.0K,True,$46.25 / SMA $43.73,False,0.00%,False,+15.0%,True,15.1M,False,PNK,False,
HSLV,Highlander Silver Corp.,4.87,2026-06-17T23:59:30.743194+00:00,False,+18.2%,True,$990.7M,True,+1965.7%,False,321.9K,False,$4.87 / SMA $5.67,True,6.56%,,N/A,True,148.1M,True,ASE,False,
HSSKY,HASEKO Corporation,17.86,2026-06-17T23:55:19.709430+00:00,False,+2.7%,True,$4726.5M,,N/A,False,0.0K,True,$17.86 / SMA_short $17.84,False,0.00%,,N/A,False,239.0M,False,PNK,False,
HSTM,"HealthStream, Inc.",26.0,2026-06-17T23:59:46.132039+00:00,False,+33.3%,True,$759.6M,True,+42.9%,False,247.2K,True,$26.00 / SMA $23.18,True,3.14%,False,+10.5%,True,23.2M,True,NMS,False,
HTFL,"Heartflow, Inc.",32.84,2026-06-17T23:57:20.063624+00:00,False,+63.1%,True,$2832.1M,False,+20.2%,True,1331.0K,True,$32.84 / SMA $29.77,True,6.98%,True,+41.3%,True,66.3M,True,NMS,False,
HTGC,"Hercules Capital, Inc.",15.41,2026-06-17T23:57:14.539044+00:00,False,+12.5%,True,$2883.5M,False,+-20.7%,True,1831.7K,True,$15.41 / SMA $15.38,False,2.00%,False,+-6.8%,False,171.2M,True,NYQ,False,
HTHIF,"Hitachi, Ltd.",30.0,2026-06-17T23:52:22.018035+00:00,False,+26.5%,True,$134903.8M,,N/A,False,28.0K,False,$30.00 / SMA $31.52,True,6.10%,,N/A,False,4355.9M,False,PNK,False,
HTT,High Templar Tech Limited,3.08,2026-06-18T00:01:42.487665+00:00,False,+63.8%,True,$478.3M,False,+-171.1%,False,205.5K,True,$3.08 / SMA $2.59,False,2.97%,False,+-93.9%,True,86.8M,True,NYQ,False,
HURN,Huron Consulting Group Inc.,106.2,2026-06-17T23:57:36.444405+00:00,False,+6.1%,True,$1721.7M,False,+0.8%,False,248.0K,False,$106.20 / SMA $116.64,True,4.26%,False,+11.8%,True,14.8M,True,NMS,False,
HUT,Hut 8 Corp.,118.88,2026-06-17T23:53:10.012060+00:00,True,+679.0%,True,$13385.2M,False,+-52.3%,True,4789.8K,True,$118.88 / SMA $97.13,True,8.80%,True,+225.5%,True,86.9M,True,NMS,False,
HVBVF,HVBVF,19.17,2026-06-17T23:57:31.371977+00:00,True,+136.7%,,N/A,,N/A,False,0.5K,True,$19.17 / SMA_short $18.63,,N/A,,N/A,True,67.2M,False,PNK,False,
HVT.A,HVT.A,,2026-06-18T00:01:48.024894+00:00,False,N/A,False,N/A,False,N/A,False,N/A,False,N/A,False,N/A,False,N/A,False,N/A,False,Unknown,False,No price data available
HWM,Howmet Aerospace Inc.,283.23,2026-06-17T23:52:24.900792+00:00,False,+67.5%,True,$113322.5M,True,+71.4%,True,2388.4K,True,$283.23 / SMA $255.73,True,3.05%,False,+19.1%,False,396.1M,True,NYQ,False,
HXL,Hexcel Corporation,99.85,2026-06-17T23:53:30.750254+00:00,True,+85.4%,True,$7531.4M,True,+40.0%,True,1048.5K,True,$99.85 / SMA $90.22,True,3.49%,False,+9.9%,True,74.7M,True,NYQ,False,
HY,"Hyster-Yale, Inc.",37.35,2026-06-17T23:59:50.655487+00:00,False,+41.4%,True,$669.2M,False,+-456.2%,False,82.3K,True,$37.35 / SMA $36.32,True,5.07%,False,+-12.7%,True,10.5M,True,NYQ,False,
HYT,"BlackRock Corporate High Yield Fund, Inc.",8.5,2026-06-17T23:57:45.165126+00:00,False,+3.4%,True,$1385.9M,,N/A,True,809.1K,True,$8.50 / SMA $8.48,False,0.74%,,N/A,,N/A,True,NYQ,False,
IAG,IAMGOLD Corporation,17.58,2026-06-17T23:53:16.591861+00:00,True,+162.8%,True,$10161.2M,True,+814.3%,True,6736.1K,True,$17.58 / SMA $17.55,True,4.93%,True,+115.9%,False,576.7M,True,NYQ,False,
IBDSF,"Iberdrola, S.A.",23.8,2026-06-17T23:52:21.784099+00:00,False,+37.9%,True,$156850.7M,False,+3.6%,False,27.1K,True,$23.80 / SMA $23.24,False,2.24%,False,+-45.6%,False,6401.3M,False,OID,False,
IBEX,IBEX Limited,30.5,2026-06-18T00:01:36.372510+00:00,False,+17.6%,True,$408.4M,False,+21.9%,False,115.8K,True,$30.50 / SMA $29.95,True,3.65%,False,+16.8%,True,10.9M,True,NGM,False,
IDKOY,"Idemitsu Kosan Co.,Ltd.",16.5,2026-06-17T23:53:14.242508+00:00,False,+47.3%,True,$9926.2M,,N/A,False,1.9K,False,$16.50 / SMA $17.76,False,0.90%,,N/A,False,447.3M,False,PNK,False,
IDT,IDT Corporation,53.83,2026-06-17T23:57:46.682689+00:00,False,+17.7%,True,$1338.7M,False,+1.2%,False,142.9K,True,$53.83 / SMA $52.70,True,3.49%,False,+4.5%,True,20.4M,True,NYQ,False,
IFNNF,Infineon Technologies AG,88.2,2026-06-17T23:52:24.421148+00:00,True,+143.6%,True,$114615.9M,,N/A,False,16.8K,True,$88.20 / SMA $74.57,True,4.46%,False,+6.2%,False,1299.5M,False,OQX,False,
IFSPF,Interfor Corporation,8.53,2026-06-18T00:01:33.582374+00:00,False,+68.9%,True,$561.0M,False,+-41.2%,False,30.8K,True,$8.53 / SMA $7.37,True,4.18%,False,+-12.5%,True,65.2M,False,PNK,False,
IGGHY,IG Group Holdings plc,25.0,2026-06-17T23:53:22.897356+00:00,True,+87.3%,True,$8260.4M,,N/A,False,0.0K,True,$25.00 / SMA $20.92,False,0.00%,,N/A,False,333.4M,False,PNK,False,
IHS,IHS Holding Limited,8.2,2026-06-17T23:57:15.375966+00:00,False,+51.9%,True,$2760.7M,True,+120.0%,True,1209.3K,False,$8.20 / SMA $8.26,False,0.81%,False,+5.9%,True,105.8M,True,NYQ,False,
IIPR,"Innovative Industrial Properties, Inc.",58.65,2026-06-17T23:57:38.280412+00:00,False,+31.6%,True,$1700.6M,False,+-1.0%,False,363.2K,True,$58.65 / SMA $55.84,True,3.06%,False,+-3.8%,True,28.2M,True,NYQ,False,
IIPZF,InterRent Real Estate Investment Trust,9.17,2026-06-17T23:57:46.013078+00:00,False,+0.8%,True,$1302.3M,False,+-142.0%,False,0.1K,False,$9.17 / SMA $9.52,False,0.04%,False,+-3.0%,True,131.9M,False,PNK,False,
IITSF,Intesa Sanpaolo S.p.A.,7.05,2026-06-17T23:52:23.863185+00:00,False,+31.8%,True,$122872.8M,False,+8.0%,False,35.0K,True,$7.05 / SMA $6.72,False,0.87%,False,+5.1%,False,15280.5M,False,OID,False,
ILPMY,Permanent TSB Group Holdings plc,3.21,2026-06-17T23:57:32.702703+00:00,False,+51.4%,True,$1914.3M,,N/A,False,2.7K,False,$3.21 / SMA $3.44,False,0.25%,,N/A,False,501.2M,False,PNK,False,
ILPT,Industrial Logistics Properties Trust,8.32,2026-06-17T23:59:52.329898+00:00,True,+92.1%,True,$554.7M,True,+57.6%,False,452.8K,True,$8.32 / SMA $7.75,True,3.83%,False,+4.0%,True,56.1M,True,NMS,False,
IMDXF,Imdex Limited,2.89,2026-06-17T23:57:41.174011+00:00,True,+80.6%,True,$1479.2M,,N/A,False,0.5K,False,$2.89 / SMA $2.97,False,0.00%,,N/A,False,500.9M,False,PNK,False,
IMRX,Immuneering Corporation,4.41,2026-06-18T00:01:47.366853+00:00,True,+114.1%,False,$285.3M,True,+50.0%,True,1381.2K,False,$4.41 / SMA $5.10,True,9.88%,,N/A,True,49.4M,True,NGM,False,
INBX,"Inhibrx Biosciences, Inc.",94.2,2026-06-17T23:57:42.653880+00:00,True,+574.3%,True,$1382.0M,False,+23.2%,False,434.5K,False,$94.20 / SMA $104.01,True,7.41%,,N/A,True,7.9M,True,NMS,False,
INDB,Independent Bank Corp.,81.07,2026-06-17T23:55:28.656974+00:00,False,+42.2%,True,$3911.6M,True,+56.7%,False,339.1K,True,$81.07 / SMA $78.86,False,1.95%,True,+42.1%,True,47.7M,True,NMS,False,
INDI,"indie Semiconductor, Inc.",3.93,2026-06-17T23:59:28.744414+00:00,False,+69.4%,True,$830.4M,False,+-16.7%,True,5141.5K,False,$3.93 / SMA $4.08,True,9.63%,False,+2.6%,False,207.9M,True,NCM,False,
INFQ,"Infleqtion, Inc.",13.34,2026-06-17T23:55:31.759811+00:00,False,+56.6%,True,$2910.7M,,N/A,True,13409.6K,False,$13.34 / SMA $14.02,True,11.62%,,N/A,False,188.7M,True,NYQ,False,
INPOF,InPost S.A.,17.47,2026-06-17T23:53:20.362922+00:00,True,+74.9%,True,$8734.0M,False,+-37.8%,False,0.0K,False,$17.47 / SMA $17.76,False,0.00%,True,+30.8%,False,225.7M,False,PNK,False,
INR,"Infinity Natural Resources, Inc.",13.17,2026-06-17T23:59:36.086236+00:00,False,+18.3%,False,$247.0M,True,+87.7%,False,388.9K,False,$13.17 / SMA $15.01,True,4.73%,True,+81.8%,True,16.4M,True,NYQ,False,
INSM,Insmed Incorporated,98.45,2026-06-17T23:52:50.219739+00:00,False,+8.9%,True,$21339.3M,True,+46.5%,True,3291.0K,False,$98.45 / SMA $120.68,True,4.80%,True,+229.6%,False,198.3M,True,NMS,False,
INTC,Intel Corporation,121.1,2026-06-17T23:52:17.726470+00:00,True,+538.4%,True,$608648.6M,False,+-284.2%,True,130280.0K,True,$121.10 / SMA $99.92,True,7.42%,False,+7.2%,False,5016.6M,True,NMS,False,
INTU,Intuit Inc.,269.08,2026-06-17T23:52:26.455641+00:00,False,+0.4%,True,$73603.3M,False,+10.7%,True,4401.9K,False,$269.08 / SMA $356.49,True,4.91%,False,+10.4%,False,267.3M,True,NMS,False,
IONS,"Ionis Pharmaceuticals, Inc.",74.31,2026-06-17T23:53:07.885489+00:00,True,+105.8%,True,$12280.7M,True,+39.8%,True,1826.5K,False,$74.31 / SMA $74.91,False,2.70%,True,+87.0%,False,164.0M,True,NMS,False,
IOSP,Innospec Inc.,83.11,2026-06-17T23:57:30.354319+00:00,False,+26.9%,True,$2047.1M,False,+-6.9%,False,233.0K,True,$83.11 / SMA $78.60,False,2.30%,False,+2.8%,True,24.3M,True,NMS,False,
IP,International Paper Company,36.16,2026-06-17T23:52:59.271980+00:00,False,+23.6%,True,$19147.3M,True,+145.8%,True,7014.9K,True,$36.16 / SMA $33.31,True,4.18%,False,+13.4%,False,527.1M,True,NYQ,False,
IPAR,"Interparfums, Inc.",96.59,2026-06-17T23:55:39.458788+00:00,False,+25.1%,True,$3093.4M,False,+2.3%,False,261.6K,True,$96.59 / SMA $92.32,True,3.65%,False,+1.8%,True,18.0M,True,NMS,False,
IPCEF,"ispace, inc.",3.0,2026-06-18T00:01:27.160512+00:00,False,+28.2%,True,$438.6M,,N/A,False,1.4K,False,$3.00 / SMA $3.24,False,2.13%,,N/A,,N/A,False,PNK,False,
IPCFF,International Petroleum Corporation,23.63,2026-06-17T23:55:36.720879+00:00,False,+58.5%,True,$2666.1M,,N/A,False,17.3K,False,$23.63 / SMA $26.33,False,0.75%,False,+-14.7%,True,65.1M,False,PNK,False,
IPCX,Inflection Point Acquisition Corp. III,10.3364,2026-06-18T00:01:46.290272+00:00,False,+2.8%,True,$356.3M,True,+2641.8%,False,60.6K,True,$10.34 / SMA $10.30,False,0.04%,,N/A,True,21.9M,True,NGM,False,
IPFXU,Inflection Point Acquisition Corp. VI,11.42,2026-06-18T00:01:48.671892+00:00,False,+13.9%,,N/A,,N/A,False,165.2K,True,$11.42 / SMA $10.32,False,0.97%,,N/A,True,5.3M,True,NGM,False,
IPGDF,IGO Limited,7.125,2026-06-17T23:55:15.607673+00:00,True,+167.8%,True,$5395.5M,,N/A,False,0.1K,True,$7.12 / SMA $6.37,False,0.25%,,N/A,False,670.8M,False,PNK,False,
IPOOF,InPlay Oil Corp.,10.91,2026-06-18T00:01:45.464702+00:00,False,+67.1%,True,$305.5M,False,+-552.6%,False,28.8K,False,$10.91 / SMA $12.08,True,3.03%,True,+127.1%,True,17.9M,False,OQX,False,
IPX,IperionX Limited,31.38,2026-06-17T23:59:23.147174+00:00,False,+44.9%,True,$1065.0M,,N/A,False,280.0K,False,$31.38 / SMA $35.53,True,7.04%,,N/A,True,27.0M,True,NCM,False,
IPXHF,Inpex Corporation,19.76,2026-06-17T23:52:45.734472+00:00,False,+46.5%,True,$22964.9M,,N/A,False,0.2K,False,$19.76 / SMA $25.26,False,0.00%,,N/A,False,843.7M,False,PNK,False,
IQEPF,IQE plc,0.71,2026-06-17T23:59:49.671558+00:00,True,+1063.9%,True,$937.7M,,N/A,True,2695.5K,True,$0.71 / SMA $0.65,True,12.20%,,N/A,False,646.5M,False,PNK,False,
IQV,IQVIA Holdings Inc.,170.67,2026-06-17T23:52:45.530457+00:00,False,+11.5%,True,$28484.8M,False,+15.0%,True,1609.0K,False,$170.67 / SMA $173.36,True,3.80%,False,+8.4%,False,158.5M,True,NYQ,False,
IREN,IREN Limited,58.11,2026-06-17T23:52:54.197366+00:00,True,+503.2%,True,$20767.3M,False,+-957.1%,True,44024.8K,True,$58.11 / SMA $53.51,True,8.97%,False,+-0.0%,False,327.9M,True,NMS,False,
IRON,"Disc Medicine, Inc.",70.21,2026-06-17T23:57:19.713095+00:00,True,+75.5%,True,$2682.0M,False,+-61.8%,False,462.5K,True,$70.21 / SMA $68.45,True,4.53%,,N/A,True,32.8M,True,NGM,False,
ISD,"PGIM High Yield Bond Fund, Inc.",12.72,2026-06-18T00:01:36.002251+00:00,False,+1.5%,True,$424.1M,,N/A,False,94.9K,False,$12.72 / SMA $13.00,False,1.10%,,N/A,,N/A,True,NYQ,False,
ISNPY,Intesa Sanpaolo S.p.A.,41.74,2026-06-17T23:52:24.252061+00:00,False,+27.1%,True,$121246.1M,False,+8.0%,False,330.4K,True,$41.74 / SMA $39.53,False,1.85%,False,+5.1%,False,2546.8M,False,OID,False,
ITMPF,ITM Power Plc,1.675,2026-06-17T23:57:41.350882+00:00,True,+120.4%,True,$1156.1M,,N/A,False,52.0K,False,$1.68 / SMA $1.94,True,6.24%,,N/A,False,468.0M,False,PNK,False,
IVCGF,Iveco Group N.V.,16.28,2026-06-17T23:55:10.944672+00:00,False,+2.4%,True,$4336.1M,True,+3021.4%,False,1.2K,False,$16.28 / SMA $17.37,False,0.16%,False,+0.8%,False,166.5M,False,PNK,False,
IVTJY,Investec Group,17.335,2026-06-17T23:53:27.733673+00:00,False,+28.3%,True,$5476.1M,,N/A,False,0.0K,True,$17.34 / SMA $16.01,False,0.00%,,N/A,False,376.4M,False,PNK,False,
IVVD,"Invivyd, Inc.",0.9312,2026-06-18T00:01:52.087062+00:00,True,+92.8%,False,$274.3M,False,+7.1%,True,3653.1K,False,$0.93 / SMA $1.30,True,10.74%,False,+21.6%,False,214.3M,True,NGM,False,
JANX,"Janux Therapeutics, Inc.",14.15,2026-06-17T23:59:37.678367+00:00,False,+16.7%,True,$862.9M,False,+-2.6%,True,1011.9K,False,$14.15 / SMA $14.41,True,3.79%,,N/A,True,39.1M,True,NGM,False,
JAPSY,"Japan Airlines Co., Ltd.",8.75,2026-06-17T23:53:27.660615+00:00,False,+15.9%,True,$7522.0M,,N/A,False,172.8K,True,$8.75 / SMA $8.12,False,1.40%,,N/A,False,844.3M,False,PNK,False,
JARLF,Jardine Matheson Holdings Limited,62.72,2026-06-17T23:52:53.676921+00:00,False,+40.3%,True,$18489.5M,,N/A,False,0.3K,False,$62.72 / SMA $68.81,False,0.41%,,N/A,False,275.3M,False,PNK,False,
JBHIF,JB Hi-Fi Limited,50.17,2026-06-17T23:55:09.867667+00:00,False,+0.0%,True,$5485.3M,,N/A,False,0.0K,False,$50.17 / SMA $56.31,False,0.00%,,N/A,True,108.4M,False,PNK,False,
JBHT,"J.B. Hunt Transport Services, Inc.",267.24,2026-06-17T23:52:48.966027+00:00,True,+105.4%,True,$25200.5M,True,+27.4%,True,951.2K,True,$267.24 / SMA $256.67,True,3.22%,False,+4.6%,True,73.6M,True,NMS,False,
JBS,JBS N.V.,12.22,2026-06-17T23:53:03.985132+00:00,False,+6.4%,True,$40191.9M,False,+-57.4%,True,6654.9K,False,$12.22 / SMA $14.09,True,3.50%,False,+10.7%,False,327.6M,True,NYQ,False,
JDEPY,JDEPY,16.92,2026-06-17T23:52:58.992668+00:00,False,+27.1%,True,$16652.4M,,N/A,False,8.5K,False,$16.92 / SMA $17.67,False,2.20%,,N/A,False,306.5M,False,PNK,False,
JEF,Jefferies Financial Group Inc.,61.88,2026-06-17T23:53:13.412462+00:00,True,+74.2%,True,$12650.3M,False,+22.8%,True,2205.6K,True,$61.88 / SMA $51.50,True,3.10%,False,+16.1%,False,171.2M,True,NYQ,False,
JFR,Nuveen Floating Rate Income Fund,7.61,2026-06-17T23:59:24.171121+00:00,False,+6.3%,True,$1225.0M,,N/A,True,767.5K,True,$7.61 / SMA $7.44,False,0.77%,,N/A,,N/A,True,NYQ,False,
JHG,Janus Henderson Group plc,51.75,2026-06-17T23:53:24.289007+00:00,False,+44.7%,True,$7973.4M,False,+-23.4%,True,2701.6K,True,$51.75 / SMA $51.68,False,0.15%,False,+11.0%,True,127.7M,True,NYQ,False,
JHIUF,James Hardie Industries plc,24.98,2026-06-17T23:53:09.676707+00:00,False,+42.1%,True,$14496.3M,,N/A,False,2.0K,True,$24.98 / SMA $20.70,False,0.00%,True,+44.5%,False,577.2M,False,PNK,False,
JKHY,"Jack Henry & Associates, Inc.",124.22,2026-06-17T23:53:15.803211+00:00,False,+0.5%,True,$8825.9M,False,+12.5%,True,1286.4K,False,$124.22 / SMA $142.06,True,3.03%,False,+8.7%,True,70.6M,True,NMS,False,
JLHL,Julong Holding Limited,33.4,2026-06-18T00:01:37.543304+00:00,True,+1137.0%,True,$716.4M,,N/A,False,102.2K,True,$33.40 / SMA $18.63,True,44.59%,,N/A,True,1.4M,True,NCM,False,
JLL,Jones Lang LaSalle Incorporated,298.31,2026-06-17T23:53:05.487290+00:00,False,+27.6%,True,$13839.7M,True,+192.1%,False,403.3K,False,$298.31 / SMA $312.14,True,3.24%,False,+11.1%,True,45.8M,True,NYQ,False,
JNDOF,JINS HOLDINGS Inc.,47.22,2026-06-17T23:59:28.151597+00:00,True,+107.6%,True,$1102.4M,,N/A,False,0.0K,True,$47.22 / SMA $35.47,False,0.00%,,N/A,True,12.9M,False,PNK,False,
JOBY,"Joby Aviation, Inc.",9.39,2026-06-17T23:53:13.127353+00:00,False,+21.2%,True,$9236.4M,False,+-9.1%,True,28396.7K,False,$9.39 / SMA $9.83,True,6.84%,,N/A,False,662.4M,True,NYQ,False,
JOE,The St. Joe Company,63.48,2026-06-17T23:55:30.308122+00:00,False,+38.5%,True,$3644.4M,False,+-20.0%,False,247.0K,False,$63.48 / SMA $65.58,False,2.13%,False,+5.1%,True,56.6M,True,NYQ,False,
JPM,JPMorgan Chase & Co.,333.46,2026-06-17T23:52:17.775608+00:00,False,+23.6%,True,$893509.8M,False,+17.2%,True,9023.6K,True,$333.46 / SMA $308.52,False,2.02%,False,+9.9%,False,2665.3M,True,NYQ,False,
JSCIF,Judges Scientific plc,68.0,2026-06-18T00:01:37.747292+00:00,False,+36.0%,True,$452.9M,,N/A,False,0.8K,True,$68.00 / SMA $60.84,False,1.98%,,N/A,True,5.5M,False,PNK,False,
JSEJF,JSE Limited,9.4,2026-06-17T23:59:40.185249+00:00,False,+61.8%,True,$761.5M,,N/A,False,0.0K,False,$9.40 / SMA $10.31,False,0.00%,,N/A,True,76.7M,False,PNK,False,
JXAMY,JXAMY,57.53,2026-06-17T23:52:49.740294+00:00,False,+39.1%,,N/A,,N/A,False,1.6K,True,$57.53 / SMA_short $54.23,False,1.51%,,N/A,False,266.3M,False,PNK,False,
KAEPY,"The Kansai Electric Power Company, Incorporated",6.97,2026-06-17T23:53:01.871738+00:00,False,+30.3%,True,$15530.0M,,N/A,False,4.3K,False,$6.97 / SMA $7.59,True,4.62%,,N/A,False,2000.5M,False,PNK,False,
KAIKY,"Kawasaki Kisen Kaisha, Ltd.",16.8,2026-06-17T23:53:15.886900+00:00,False,+37.7%,True,$10621.8M,,N/A,False,0.2K,True,$16.80 / SMA $16.34,False,0.01%,,N/A,False,385.8M,False,PNK,False,
KALV,"KalVista Pharmaceuticals, Inc.",27.0,2026-06-17T23:57:44.130065+00:00,True,+174.7%,True,$1437.5M,True,+53.3%,True,3537.1K,True,$27.00 / SMA $24.29,False,0.15%,,N/A,True,38.2M,True,NGM,False,
KARO,Karooooo Ltd.,46.34,2026-06-17T23:57:42.849570+00:00,False,+12.3%,True,$1431.6M,False,+-11.3%,False,81.9K,False,$46.34 / SMA $48.77,True,4.37%,False,+18.8%,True,7.5M,True,NCM,False,
KBCSY,KBC Group NV,68.08,2026-06-17T23:52:32.661393+00:00,False,+41.3%,True,$54419.1M,False,+0.0%,False,32.1K,True,$68.08 / SMA $65.01,False,1.58%,False,+10.3%,False,501.4M,False,PNK,False,
KBH,KB Home,52.42,2026-06-17T23:55:38.416247+00:00,False,+19.1%,True,$3281.5M,False,+-65.1%,True,1215.5K,True,$52.42 / SMA $50.96,True,3.31%,False,+-22.6%,True,59.8M,True,NYQ,False,
KCDMF,"Kimberly-Clark de México, S. A. B. de C. V.",2.14,2026-06-17T23:53:28.608743+00:00,False,+21.6%,True,$6421.8M,False,+13.3%,False,1.1K,False,$2.14 / SMA $2.32,False,0.13%,False,+3.6%,,N/A,False,OID,False,
KCHV,Kochav Defense Acquisition Corp.,10.39,2026-06-18T00:01:46.662459+00:00,False,+4.6%,True,$355.9M,True,+8414.5%,False,19.0K,True,$10.39 / SMA $10.32,False,0.04%,,N/A,True,21.2M,True,NGM,False,
KCLI,Kansas City Life Insurance Company,33.35,2026-06-18T00:01:55.401660+00:00,False,+16.8%,True,$322.9M,True,+130.2%,False,1.8K,True,$33.35 / SMA $31.77,False,0.38%,False,+-0.1%,,N/A,False,OQX,False,
KE,"Kimball Electronics, Inc.",25.29,2026-06-17T23:59:51.491304+00:00,False,+40.2%,True,$608.2M,True,+53.3%,False,153.3K,False,$25.29 / SMA $25.90,True,4.77%,False,+-5.8%,True,23.6M,True,NMS,False,
KEN,Kenon Holdings Ltd.,66.44,2026-06-17T23:55:20.143235+00:00,True,+81.9%,True,$3462.1M,True,+122.7%,False,26.8K,False,$66.44 / SMA $83.82,False,2.87%,True,+73.2%,True,19.9M,True,NYQ,False,
KEX,Kirby Corporation,140.22,2026-06-17T23:53:25.242971+00:00,True,+76.3%,True,$7497.8M,False,+12.8%,True,666.8K,False,$140.22 / SMA $144.29,False,2.39%,False,+7.4%,True,53.1M,True,NYQ,False,
KFII,K&F Growth Acquisition Corp. II,10.55,2026-06-18T00:01:38.345299+00:00,False,+4.0%,True,$414.2M,False,+0.0%,False,14.4K,True,$10.55 / SMA $10.50,False,0.05%,,N/A,True,27.2M,True,NGM,False,
KFRC,Kforce Inc.,46.72,2026-06-17T23:59:44.123208+00:00,True,+90.8%,True,$833.1M,False,+2.0%,False,260.9K,True,$46.72 / SMA $40.48,True,3.79%,False,+0.1%,True,15.4M,True,NYQ,False,
KGFHF,Kingfisher plc,3.75,2026-06-17T23:53:30.133270+00:00,False,+15.7%,True,$6210.2M,,N/A,False,1.2K,False,$3.75 / SMA $3.89,False,0.39%,,N/A,False,1663.4M,False,OQX,False,
KGS,"Kodiak Gas Services, Inc.",66.55,2026-06-17T23:53:26.126382+00:00,True,+121.4%,True,$6716.2M,False,+-39.4%,True,1605.2K,False,$66.55 / SMA $67.75,True,3.38%,False,+4.9%,True,88.2M,True,NYQ,False,
KGSPF,Kingspan Group plc,99.729,2026-06-17T23:53:01.679692+00:00,False,+39.5%,True,$17944.8M,,N/A,False,0.6K,True,$99.73 / SMA $91.80,False,0.38%,,N/A,False,150.7M,False,PNK,False,
KHTRF,Knight Therapeutics Inc.,6.7,2026-06-17T23:59:51.570317+00:00,False,+64.5%,True,$657.8M,,N/A,False,6.7K,True,$6.70 / SMA $5.89,False,0.33%,True,+53.2%,True,60.2M,False,PNK,False,
KIKOF,Kikkoman Corporation,9.244,2026-06-17T23:53:19.624884+00:00,False,+11.8%,True,$8564.9M,,N/A,False,0.0K,True,$9.24 / SMA $9.01,False,0.00%,,N/A,False,770.6M,False,PNK,False,
KIKOY,Kikkoman Corporation,21.55,2026-06-17T23:53:20.997274+00:00,False,+37.0%,True,$9983.4M,,N/A,False,0.1K,True,$21.55 / SMA $18.67,False,0.54%,,N/A,False,385.3M,False,PNK,False,
KLC,"KinderCare Learning Companies, Inc.",3.94,2026-06-18T00:01:36.927426+00:00,True,+125.1%,True,$466.6M,False,+-1461.1%,True,1161.6K,True,$3.94 / SMA $3.70,True,7.36%,False,+0.6%,True,34.2M,True,NYQ,False,
KMPR,Kemper Corporation,25.13,2026-06-17T23:57:35.513058+00:00,False,+10.8%,True,$1479.5M,False,+-101.9%,True,1101.9K,False,$25.13 / SMA $29.26,True,4.29%,False,+-7.6%,True,58.2M,True,NYQ,False,
KMTUY,Komatsu Ltd.,41.35,2026-06-17T23:52:40.219752+00:00,False,+41.8%,True,$36958.9M,,N/A,False,153.1K,False,$41.35 / SMA $42.09,False,1.68%,,N/A,False,888.8M,False,PNK,False,
KNCRF,Konecranes Plc,31.41,2026-06-17T23:53:26.180177+00:00,False,+3.5%,True,$7464.4M,False,+-9.7%,False,0.1K,False,$31.41 / SMA $32.16,False,0.00%,False,+-7.7%,False,190.5M,False,PNK,False,
KPELY,Keppel Ltd.,17.7,2026-06-17T23:53:02.181308+00:00,False,+60.8%,True,$15949.2M,,N/A,False,3.1K,True,$17.70 / SMA $17.04,True,3.72%,,N/A,False,703.9M,False,PNK,False,
KR,The Kroger Co.,61.82,2026-06-17T23:52:37.462738+00:00,False,+5.5%,True,$38115.8M,True,+50.0%,True,6073.3K,False,$61.82 / SMA $65.84,False,2.56%,False,+1.2%,False,793.5M,True,NYQ,False,
KRAQ,KRAKacquisition Corp.,9.9731,2026-06-18T00:01:36.318827+00:00,False,+2.0%,True,$430.1M,,N/A,False,48.6K,True,$9.97 / SMA $9.92,False,0.14%,,N/A,True,29.2M,True,NGM,False,
KREF,KKR Real Estate Finance Trust Inc.,6.8,2026-06-18T00:01:37.572327+00:00,False,+29.5%,True,$437.2M,False,+-540.0%,True,1450.3K,True,$6.80 / SMA $6.59,False,2.62%,False,+-4.0%,True,47.2M,True,NYQ,False,
KRG,Kite Realty Group Trust,28.23,2026-06-17T23:55:11.315306+00:00,False,+35.3%,True,$5869.5M,False,+-45.5%,True,1896.1K,True,$28.23 / SMA $26.77,False,1.76%,False,+-9.2%,False,201.2M,True,NYQ,False,
KRO,"Kronos Worldwide, Inc.",6.95,2026-06-17T23:59:42.654354+00:00,True,+70.3%,True,$799.6M,False,+-125.0%,False,315.5K,True,$6.95 / SMA $6.90,True,4.62%,False,+4.1%,True,21.5M,True,NYQ,False,
KRP,"Kimbell Royalty Partners, LP",14.8,2026-06-17T23:57:34.608315+00:00,False,+30.9%,True,$1595.1M,False,+-80.0%,True,869.0K,True,$14.80 / SMA $14.71,False,2.03%,False,+-6.7%,True,87.7M,True,NYQ,False,
KRYAY,Kerry Group plc,84.8,2026-06-17T23:53:04.672059+00:00,False,+13.9%,True,$13553.3M,,N/A,False,49.0K,True,$84.80 / SMA $83.64,False,2.07%,,N/A,False,160.8M,False,OID,False,
KRYS,"Krystal Biotech, Inc.",341.66,2026-06-17T23:53:20.359835+00:00,True,+166.9%,True,$10072.1M,True,+52.5%,False,288.8K,True,$341.66 / SMA $292.35,True,3.71%,True,+31.9%,True,23.4M,True,NMS,False,
KSHTY,Kuaishou Technology,1.12,2026-06-17T23:52:47.749715+00:00,False,+7.7%,True,$24230.7M,False,+-12.0%,False,20.2K,False,$1.12 / SMA $1.19,True,4.69%,,N/A,False,13997.9M,False,PNK,False,
KSKGF,Kingsgate Consolidated Limited,3.61,2026-06-17T23:59:26.605717+00:00,True,+188.8%,True,$964.7M,,N/A,False,2.1K,False,$3.61 / SMA $4.14,False,1.93%,,N/A,False,230.4M,False,PNK,False,
KWHIF,"Kawasaki Heavy Industries, Ltd.",19.78,2026-06-17T23:52:59.973268+00:00,False,+23.6%,True,$16533.1M,,N/A,False,153.5K,True,$19.78 / SMA $19.58,False,2.45%,,N/A,False,794.1M,False,PNK,False,
KXIAY,KXIAY,58.0,2026-06-17T23:52:20.150000+00:00,True,+1306.1%,True,$316730.0M,,N/A,True,1065.6K,True,$58.00 / SMA $33.64,True,7.69%,,N/A,False,3429.5M,False,PNK,False,
KYCCF,Keyence Corporation,475.0,2026-06-17T23:52:23.059527+00:00,False,+56.6%,True,$115199.4M,,N/A,False,3.8K,True,$475.00 / SMA $463.47,True,8.59%,,N/A,False,187.2M,False,PNK,False,
KYIV,Kyivstar Group Ltd.,13.9,2026-06-17T23:55:34.994179+00:00,False,+49.6%,True,$3209.0M,True,+94.1%,True,649.5K,True,$13.90 / SMA $13.00,True,3.45%,True,+26.7%,True,35.4M,True,NMS,False,
KYOCF,Kyocera Corporation,23.5,2026-06-17T23:52:46.592547+00:00,True,+125.5%,True,$30959.0M,,N/A,False,2.9K,True,$23.50 / SMA $18.74,False,1.38%,,N/A,False,1292.5M,False,PNK,False,
KYSEY,"Kyushu Electric Power Company, Incorporated",9.8,2026-06-17T23:55:15.557381+00:00,False,+18.2%,True,$4977.5M,,N/A,False,2.8K,False,$9.80 / SMA $11.23,True,7.84%,,N/A,False,435.2M,False,PNK,False,
L,Loews Corporation,107.68,2026-06-17T23:52:51.121977+00:00,False,+22.2%,True,$22157.2M,False,+-6.3%,True,788.0K,False,$107.68 / SMA $107.96,False,1.75%,False,+1.4%,False,166.8M,True,NYQ,False,
LAMR,Lamar Advertising Company,149.1,2026-06-17T23:53:01.304537+00:00,False,+31.2%,True,$15129.9M,False,+-25.9%,True,614.2K,True,$149.10 / SMA $143.04,False,1.85%,False,+4.5%,True,86.3M,True,NMS,False,
LAR,Lithium Argentina AG,9.5,2026-06-17T23:57:42.114007+00:00,True,+397.4%,True,$1556.4M,True,+225.0%,True,3236.5K,False,$9.50 / SMA $9.58,True,6.37%,,N/A,True,137.8M,True,NYQ,False,
LBRDK,LBRDK,30.87,2026-06-17T23:55:16.932872+00:00,False,+4.1%,,N/A,False,+-25.0%,True,1840.0K,False,$30.87 / SMA $39.24,True,4.71%,,N/A,True,130.7M,True,NMS,False,
LBTYK,Liberty Global Ltd.,10.91,2026-06-17T23:55:24.984267+00:00,False,+12.1%,True,$3688.6M,True,+125.0%,True,1353.4K,False,$10.91 / SMA $11.67,True,3.36%,False,+8.8%,False,276.1M,True,NMS,False,
LCID,"Lucid Group, Inc.",5.14,2026-06-17T23:57:23.966553+00:00,False,+15.0%,True,$2005.9M,False,+-43.6%,True,15671.5K,False,$5.14 / SMA $6.35,True,7.22%,False,+20.2%,False,172.3M,True,NMS,False,
LEVI,Levi Strauss & Co.,23.39,2026-06-17T23:53:21.811807+00:00,False,+35.3%,True,$8995.7M,True,+32.4%,True,2847.2K,True,$23.39 / SMA $22.53,True,3.18%,False,+14.1%,True,90.4M,True,NYQ,False,
LFABF,Lifco AB (publ),32.03,2026-06-17T23:53:06.817000+00:00,False,+12.9%,True,$14548.5M,False,+-7.0%,False,0.0K,True,$32.03 / SMA $30.26,False,0.00%,False,+0.9%,False,221.3M,False,PNK,False,
LGGNY,Legal & General Group Plc,19.17,2026-06-17T23:52:54.413213+00:00,False,+25.7%,True,$21012.4M,,N/A,False,75.7K,True,$19.17 / SMA $17.63,False,1.25%,,N/A,False,1074.4M,False,PNK,False,
LGMMY,LEG Immobilien SE,16.21,2026-06-17T23:55:14.935417+00:00,True,+74.9%,True,$4944.2M,False,+-63.6%,False,0.1K,True,$16.21 / SMA $13.39,False,0.00%,False,+1.6%,True,75.6M,False,PNK,False,
LGRVF,Legrand SA,161.33,2026-06-17T23:52:35.456432+00:00,False,+31.0%,True,$42170.9M,,N/A,False,0.1K,False,$161.33 / SMA $170.76,False,0.00%,False,+4.9%,False,253.4M,False,PNK,False,
LH,Labcorp Holdings Inc.,259.56,2026-06-17T23:52:53.244065+00:00,False,+7.3%,True,$21283.9M,True,+32.9%,True,627.5K,False,$259.56 / SMA $261.03,False,2.31%,False,+5.8%,True,81.6M,True,NYQ,False,
LIFX,"Life360, Inc.",15.28,2026-06-17T23:55:35.055923+00:00,False,+21.9%,True,$3714.9M,False,+-40.0%,False,1.8K,False,$15.28 / SMA $18.39,False,0.00%,True,+38.1%,False,232.2M,False,PNK,False,
LILA,Liberty Latin America Ltd.,5.3,2026-06-17T23:57:39.038825+00:00,False,+1.9%,True,$1067.4M,True,+84.1%,False,364.7K,False,$5.30 / SMA $7.92,True,4.58%,False,+-0.1%,True,130.8M,True,NMS,False,
LITE,Lumentum Holdings Inc.,869.98,2026-06-17T23:52:28.634636+00:00,True,+904.9%,True,$67684.4M,True,+334.4%,True,6422.1K,False,$869.98 / SMA $906.49,True,9.47%,True,+90.1%,True,71.2M,True,NMS,False,
LKFT,Lakefront Biotherapeutics NV,28.37,2026-06-17T23:57:33.546312+00:00,False,+7.4%,True,$1869.5M,True,+109.4%,False,184.2K,True,$28.37 / SMA $28.19,False,2.19%,False,+-91.4%,False,890.8M,True,NMS,False,
LKREF,Link Real Estate Investment Trust,4.7,2026-06-17T23:53:05.705049+00:00,False,+11.9%,True,$12310.0M,,N/A,False,2.2K,False,$4.70 / SMA $5.04,False,1.79%,,N/A,False,2597.9M,False,PNK,False,
LMB,"Limbach Holdings, Inc.",80.34,2026-06-17T23:59:39.094414+00:00,False,+23.4%,True,$957.7M,False,+-57.6%,False,286.8K,False,$80.34 / SMA $83.83,True,6.55%,False,+4.3%,True,11.1M,True,NCM,False,
LMGIF,Lumine Group Inc.,16.29,2026-06-17T23:55:28.632891+00:00,False,+25.3%,True,$4180.3M,,N/A,False,36.1K,True,$16.29 / SMA $15.55,True,3.85%,False,+11.3%,False,254.4M,False,PNK,False,
LMRI,"Lumexa Imaging Holdings, Inc.",8.79,2026-06-17T23:59:42.868655+00:00,False,+36.3%,True,$844.5M,,N/A,True,1078.6K,False,$8.79 / SMA $8.91,True,7.58%,,N/A,True,22.1M,True,NMS,False,
LNVGY,Lenovo Group Limited,61.35,2026-06-17T23:52:48.329793+00:00,True,+192.1%,True,$38228.3M,True,+40.3%,False,97.4K,True,$61.35 / SMA $40.50,True,4.09%,,N/A,False,432.0M,False,PNK,False,
LNWO,LNWO,90.8,2026-06-17T23:53:30.828443+00:00,False,+30.5%,True,$7142.5M,False,+-29.8%,False,45.9K,True,$90.80 / SMA $84.20,False,2.49%,False,+2.1%,True,70.3M,False,PNK,False,
LOIMF,Loomis AB (publ),47.3,2026-06-17T23:55:37.456283+00:00,False,+30.3%,True,$3165.4M,True,+34.0%,False,0.0K,True,$47.30 / SMA $46.68,False,0.00%,False,+-5.5%,True,66.7M,False,PNK,False,
LSDAF,Lassonde Industries Inc.,161.1,2026-06-17T23:59:29.979073+00:00,False,+41.4%,True,$1099.0M,True,+49.4%,False,0.0K,False,$161.10 / SMA $161.72,False,0.00%,False,+-5.1%,True,3.0M,False,PNK,False,
LTGHY,Life Healthcare Group Holdings Limited,2.49,2026-06-17T23:59:32.487652+00:00,False,+11.2%,True,$890.8M,,N/A,False,43.6K,False,$2.49 / SMA $2.77,True,5.21%,,N/A,False,332.2M,False,PNK,False,
LU,Lufax Holding Ltd,1.35,2026-06-17T23:57:23.177490+00:00,False,+4.7%,True,$1170.0M,,N/A,True,1456.6K,False,$1.35 / SMA $1.76,True,5.10%,,N/A,False,247.8M,True,NYQ,False,
LUMN,"Lumen Technologies, Inc.",8.1,2026-06-17T23:53:16.945263+00:00,True,+140.4%,True,$8345.5M,False,+0.0%,True,13848.0K,False,$8.10 / SMA $9.04,True,6.57%,False,+-8.9%,False,947.5M,True,NYQ,False,
LVMHF,"LVMH Moët Hennessy - Louis Vuitton, Société Européenne",584.94,2026-06-17T23:52:19.091278+00:00,False,+14.7%,True,$288710.1M,,N/A,False,4.3K,True,$584.94 / SMA $552.06,False,2.76%,,N/A,False,245.1M,False,PNK,False,
LXEO,"Lexeo Therapeutics, Inc.",4.98,2026-06-18T00:01:39.555402+00:00,False,+38.3%,True,$391.0M,True,+74.7%,True,860.3K,False,$4.98 / SMA $5.46,True,7.44%,,N/A,True,47.5M,True,NGM,False,
LXFR,Luxfer Holdings PLC,18.32,2026-06-18T00:01:35.190737+00:00,False,+64.2%,True,$494.8M,False,+-35.0%,False,184.5K,True,$18.32 / SMA $15.39,True,3.88%,False,+-13.5%,True,26.2M,True,NYQ,False,
LYSFF,Lerøy Seafood Group ASA,4.3,2026-06-17T23:57:12.799887+00:00,False,+0.2%,True,$2576.8M,True,+175.0%,False,0.2K,False,$4.30 / SMA $4.87,False,0.00%,False,+1.7%,False,281.4M,False,PNK,False,
MAA,"Mid-America Apartment Communities, Inc.",133.11,2026-06-17T23:53:01.969559+00:00,False,+10.6%,True,$15883.6M,False,+-31.2%,True,982.7K,True,$133.11 / SMA $129.92,False,1.96%,False,+0.8%,True,115.2M,True,NYQ,False,
MAR,"Marriott International, Inc.",394.61,2026-06-17T23:52:25.270981+00:00,False,+55.5%,True,$104054.2M,False,+1.7%,True,1461.2K,True,$394.61 / SMA $369.09,False,2.35%,False,+6.2%,False,228.2M,True,NMS,False,
MATW,Matthews International Corporation,25.49,2026-06-17T23:59:39.898112+00:00,False,+22.9%,True,$795.4M,False,+-137.9%,False,226.7K,False,$25.49 / SMA $26.92,True,3.44%,False,+-39.5%,True,28.5M,True,NMS,False,
MBINL,Merchants Bancorp,24.905,2026-06-17T23:57:27.238854+00:00,False,+14.2%,,N/A,,N/A,False,25.7K,True,$24.91 / SMA $24.15,False,0.63%,False,+20.0%,True,28.8M,True,NCM,False,
MBLY,Mobileye Global Inc.,8.73,2026-06-17T23:53:21.189352+00:00,False,+34.9%,True,$7352.3M,False,+-3500.0%,True,6631.1K,False,$8.73 / SMA $9.14,True,5.75%,True,+27.4%,False,169.7M,True,NMS,False,
MBVI,M3-Brigade Acquisition Vi Corp.,10.13,2026-06-18T00:01:35.621769+00:00,False,+1.4%,True,$436.9M,,N/A,False,22.3K,True,$10.13 / SMA $10.11,False,0.06%,,N/A,True,34.5M,True,NGM,False,
MC,Moelis & Company,66.33,2026-06-17T23:55:12.665978+00:00,False,+29.9%,True,$4933.4M,False,+-25.0%,True,1100.1K,True,$66.33 / SMA $65.97,True,3.84%,False,+4.3%,True,73.6M,True,NYQ,False,
MCHP,Microchip Technology Incorporated,94.11,2026-06-17T23:52:34.304327+00:00,True,+94.0%,True,$51015.1M,True,+172.4%,True,10647.9K,True,$94.11 / SMA $89.97,True,5.01%,True,+35.1%,False,531.1M,True,NMS,False,
MCRUF,Morgan Advanced Materials plc,2.95,2026-06-17T23:59:40.615051+00:00,False,+14.3%,True,$815.4M,,N/A,False,0.0K,False,$2.95 / SMA $2.95,False,0.00%,,N/A,False,254.9M,False,PNK,False,
MCY,Mercury General Corporation,101.4,2026-06-17T23:55:10.559185+00:00,False,+62.9%,True,$5616.4M,True,+275.5%,False,236.1K,True,$101.40 / SMA $97.84,False,2.58%,False,+10.5%,True,26.6M,True,NYQ,False,
MDIBF,Mediobanca Banca di Credito Finanziario S.p.A.,28.964,2026-06-17T23:52:54.946797+00:00,False,+55.7%,True,$23360.5M,False,+0.0%,False,0.1K,True,$28.96 / SMA $24.43,False,0.00%,,N/A,False,710.8M,False,PNK,False,
MDU,"MDU Resources Group, Inc.",20.89,2026-06-17T23:55:18.547482+00:00,False,+32.6%,True,$4366.1M,False,+-2.5%,True,1719.7K,False,$20.89 / SMA $21.69,False,1.98%,False,+-10.2%,False,207.8M,True,NYQ,False,
META,"Meta Platforms, Inc.",567.58,2026-06-17T23:52:17.703832+00:00,False,+9.1%,True,$1440758.4M,True,+62.4%,True,17156.2K,False,$567.58 / SMA $622.06,True,3.16%,True,+33.1%,False,2192.7M,True,NMS,False,
METC,"Ramaco Resources, Inc.",14.53,2026-06-17T23:59:38.344432+00:00,False,+49.0%,True,$949.0M,False,+-57.9%,True,1648.9K,False,$14.53 / SMA $14.78,True,7.75%,False,+-9.7%,True,42.1M,True,NMS,False,
MFGHF,Mainfreight Limited,38.0,2026-06-17T23:55:29.540031+00:00,False,+15.9%,True,$4173.9M,,N/A,False,0.0K,False,$38.00 / SMA $39.00,False,0.00%,,N/A,True,80.6M,False,PNK,False,
MGCOF,MGCOF,11.86,2026-06-17T23:52:25.645371+00:00,False,+31.8%,,N/A,,N/A,False,8.4K,True,$11.86 / SMA $11.38,False,2.88%,,N/A,,N/A,False,PNK,False,
MGMNF,Magna Mining Inc.,1.59,2026-06-18T00:01:36.807852+00:00,False,+17.8%,True,$398.8M,False,+-160.0%,False,148.0K,False,$1.59 / SMA_short $1.64,True,4.96%,True,+503.2%,True,4.3M,False,OQX,False,
MGPI,"MGP Ingredients, Inc.",15.76,2026-06-18T00:01:41.849490+00:00,False,+0.3%,True,$336.8M,False,+-4400.0%,False,217.2K,False,$15.76 / SMA $18.31,True,3.38%,False,+-12.5%,True,14.5M,True,NMS,False,
MGPUF,M&G plc,4.19,2026-06-17T23:53:14.743566+00:00,False,+27.7%,True,$9981.9M,,N/A,False,0.6K,True,$4.19 / SMA $4.06,False,0.00%,,N/A,False,1783.1M,False,PNK,False,
MIR,"Mirion Technologies, Inc.",17.65,2026-06-17T23:55:18.989334+00:00,False,+13.3%,True,$4318.2M,,N/A,True,3704.7K,False,$17.65 / SMA $18.55,True,5.03%,True,+27.5%,False,225.4M,True,NYQ,False,
MITEY,"Mitsubishi Estate Co., Ltd.",26.17,2026-06-17T23:52:43.476952+00:00,False,+51.9%,True,$31536.4M,,N/A,False,60.1K,False,$26.17 / SMA $27.07,False,1.55%,,N/A,False,1156.3M,False,PNK,False,
MITFF,Mitie Group plc,2.29,2026-06-17T23:57:14.201566+00:00,False,+30.9%,True,$2869.0M,,N/A,False,0.1K,False,$2.29 / SMA $2.41,False,0.00%,,N/A,False,1159.6M,False,PNK,False,
MITK,"Mitek Systems, Inc.",16.87,2026-06-17T23:59:44.965354+00:00,True,+97.8%,True,$761.8M,False,+0.0%,True,1040.2K,True,$16.87 / SMA $15.22,True,5.71%,False,+5.6%,True,43.7M,True,NCM,False,
MKSI,MKS Inc.,371.26,2026-06-17T23:52:52.769526+00:00,True,+319.6%,True,$25076.4M,True,+53.2%,True,1145.0K,True,$371.26 / SMA $303.78,True,5.08%,False,+15.2%,True,67.1M,True,NMS,False,
MLAA,Mountain Lake Acquisition Corp. II,9.94,2026-06-18T00:01:30.607451+00:00,False,+5.7%,,N/A,,N/A,False,135.8K,False,$9.94 / SMA $9.97,False,0.22%,,N/A,True,36.5M,True,NGM,False,
MLAB,"Mesa Laboratories, Inc.",94.95,2026-06-17T23:59:50.703845+00:00,True,+71.2%,True,$524.6M,True,+42.7%,False,157.5K,False,$94.95 / SMA $101.86,True,7.15%,False,+2.6%,True,4.9M,True,NMS,False,
MLAC,Mountain Lake Acquisition Corp,3.12,2026-06-18T00:01:51.403729+00:00,True,+241.0%,False,$96.7M,False,+-14.3%,False,197.1K,False,$3.12 / SMA $10.12,True,18.58%,,N/A,,N/A,True,NGM,False,
MMM,3M Company,159.23,2026-06-17T23:52:27.983798+00:00,False,+14.3%,True,$83049.2M,False,+-39.7%,True,3802.1K,True,$159.23 / SMA $149.74,False,2.49%,False,+1.3%,False,520.7M,True,NYQ,False,
MMTOY,Mitsubishi Motors Corporation,19.6425,2026-06-17T23:55:33.265635+00:00,False,+4.7%,True,$2628.9M,,N/A,False,0.1K,False,$19.64 / SMA $21.32,False,0.00%,True,+34.9%,False,631.3M,False,PNK,False,
MNKD,MannKind Corporation,3.92,2026-06-17T23:59:31.063871+00:00,True,+75.8%,True,$1211.1M,False,+-225.0%,True,5734.1K,True,$3.92 / SMA $3.18,True,6.29%,False,+15.1%,False,303.1M,True,NGM,False,
MNPR,Monopar Therapeutics Inc.,64.39,2026-06-18T00:01:37.058014+00:00,True,+120.7%,True,$431.4M,False,+-21.1%,False,170.8K,True,$64.39 / SMA $59.02,True,6.62%,,N/A,True,4.1M,True,NCM,False,
MNR,MNR,12.47,2026-06-17T23:57:22.722338+00:00,False,+19.2%,True,$2080.0M,False,+-250.0%,True,748.1K,False,$12.47 / SMA $13.08,False,2.74%,True,+26.1%,True,63.5M,True,NYQ,False,
MNSO,MINISO Group Holding Limited,12.15,2026-06-17T23:55:22.719085+00:00,False,+0.2%,True,$3785.2M,False,+-30.8%,True,510.9K,False,$12.15 / SMA $14.21,False,2.43%,True,+28.2%,True,90.6M,True,NYQ,False,
MNTHF,Minth Group Limited,4.35,2026-06-17T23:55:10.295918+00:00,True,+117.5%,True,$5095.6M,,N/A,False,0.7K,False,$4.35 / SMA $4.73,False,1.11%,,N/A,False,719.6M,False,PNK,False,
MNTHY,Minth Group Limited,78.2,2026-06-17T23:55:08.373406+00:00,False,+58.9%,True,$4580.2M,,N/A,False,1.6K,False,$78.20 / SMA $92.27,False,1.00%,,N/A,True,36.0M,False,PNK,False,
MOG.B,MOG.B,,2026-06-17T23:53:15.505638+00:00,False,N/A,False,N/A,False,N/A,False,N/A,False,N/A,False,N/A,False,N/A,False,N/A,False,Unknown,False,No price data available
MOGLF,Mongolian Mining Corporation,0.93,2026-06-17T23:59:31.808322+00:00,False,+19.2%,True,$961.8M,,N/A,False,1.9K,False,$0.93 / SMA $1.18,False,0.38%,,N/A,False,551.5M,False,OQX,False,
MOMO,Hello Group Inc.,5.59,2026-06-17T23:59:37.085235+00:00,False,+4.0%,True,$825.9M,False,+-12.5%,True,729.8K,False,$5.59 / SMA $6.02,False,2.98%,False,+-5.3%,True,92.1M,True,NMS,False,
MOS,The Mosaic Company,22.51,2026-06-17T23:53:27.631786+00:00,False,+13.7%,True,$7154.7M,False,+-208.0%,True,9411.8K,False,$22.51 / SMA $22.91,True,4.76%,False,+14.4%,False,315.9M,True,NYQ,False,
MPC,Marathon Petroleum Corporation,244.61,2026-06-17T23:52:28.823078+00:00,False,+54.8%,True,$71410.6M,True,+820.8%,True,2453.8K,True,$244.61 / SMA $244.39,True,3.32%,False,+8.5%,False,291.1M,True,NYQ,False,
MPNGY,Meituan,18.57,2026-06-17T23:52:30.440956+00:00,False,+0.2%,True,$57329.1M,False,+-152.0%,False,325.2K,False,$18.57 / SMA $20.97,False,2.20%,,N/A,False,2716.6M,False,PNK,False,
MPWR,"Monolithic Power Systems, Inc.",1448.21,2026-06-17T23:52:28.066412+00:00,True,+115.8%,True,$71150.6M,True,+40.5%,True,656.4K,False,$1448.21 / SMA $1541.41,True,5.94%,True,+26.1%,True,47.3M,True,NMS,False,
MRK,"Merck & Co., Inc.",115.44,2026-06-17T23:52:18.743901+00:00,False,+50.6%,True,$285116.6M,False,+-185.6%,True,9987.0K,True,$115.44 / SMA $115.09,False,2.49%,False,+4.9%,False,2465.7M,True,NYQ,False,
MRRDF,Meridian Mining Plc,1.25,2026-06-17T23:59:47.526993+00:00,True,+131.5%,True,$606.9M,False,+-100.0%,False,29.1K,False,$1.25 / SMA $1.33,True,3.20%,,N/A,False,293.5M,False,OQX,False,
MRTN,"Marten Transport, Ltd.",16.59,2026-06-17T23:57:45.648757+00:00,True,+77.4%,True,$1353.6M,False,+-60.0%,True,888.1K,True,$16.59 / SMA $15.83,False,2.92%,False,+-8.8%,True,57.6M,True,NMS,False,
MRVSY,Minerva S.A.,2.918,2026-06-17T23:59:44.447664+00:00,False,+1.3%,True,$720.3M,,N/A,False,8.2K,False,$2.92 / SMA $3.20,False,1.37%,True,+25.2%,True,113.7M,False,OID,False,
MSADY,"MS&AD Insurance Group Holdings, Inc.",28.76,2026-06-17T23:52:38.533243+00:00,False,+44.9%,True,$41703.5M,,N/A,False,89.7K,True,$28.76 / SMA $26.63,False,2.14%,,N/A,False,1379.5M,False,PNK,False,
MSBHF,Mitsubishi Corporation,29.5,2026-06-17T23:52:23.512141+00:00,False,+60.9%,True,$108014.2M,,N/A,False,53.5K,False,$29.50 / SMA $32.32,True,5.05%,,N/A,False,3658.7M,False,PNK,False,
MSGE,Madison Square Garden Entertainment Corp.,73.0,2026-06-17T23:55:34.871107+00:00,True,+106.7%,True,$3453.3M,False,+-35.3%,False,394.8K,True,$73.00 / SMA $67.34,False,2.76%,False,+1.6%,True,35.5M,True,NYQ,False,
MSTR,Strategy Inc,116.56,2026-06-17T23:52:32.104180+00:00,False,+11.9%,True,$41385.1M,False,+-132.0%,True,18494.0K,False,$116.56 / SMA $154.77,True,6.33%,False,+11.9%,False,329.9M,True,NMS,False,
MTSI,"MACOM Technology Solutions Holdings, Inc.",367.11,2026-06-17T23:52:44.307152+00:00,True,+210.7%,True,$28008.9M,True,+42.9%,True,1374.7K,True,$367.11 / SMA $331.66,True,5.90%,False,+22.5%,True,69.3M,True,NMS,False,
MTTRF,Mattr Corp.,8.76,2026-06-17T23:59:52.576310+00:00,False,+69.1%,True,$537.8M,False,+-85.7%,False,23.6K,True,$8.76 / SMA $7.99,False,0.72%,False,+0.5%,True,45.1M,False,PNK,False,
MUFG,"Mitsubishi UFJ Financial Group, Inc.",20.75,2026-06-17T23:52:19.764696+00:00,False,+57.3%,True,$233995.1M,,N/A,True,3228.4K,True,$20.75 / SMA $18.71,False,1.55%,True,+33.5%,False,11182.6M,True,NYQ,False,
MUR,Murphy Oil Corporation,35.27,2026-06-17T23:55:11.802861+00:00,False,+61.3%,True,$5055.9M,False,+-26.0%,True,2051.4K,False,$35.27 / SMA $38.44,True,3.72%,False,+8.9%,True,134.6M,True,NYQ,False,
MUX,McEwen Inc.,19.54,2026-06-17T23:59:21.172953+00:00,True,+118.3%,True,$1167.3M,True,+491.7%,True,1079.8K,False,$19.54 / SMA $22.16,True,5.67%,True,+107.4%,True,51.2M,True,NYQ,False,
MWA,"Mueller Water Products, Inc.",25.65,2026-06-17T23:55:26.484152+00:00,False,+12.8%,True,$4013.5M,False,+15.2%,True,1232.4K,False,$25.65 / SMA $26.73,False,2.25%,False,+5.5%,False,154.6M,True,NYQ,False,
MYGN,"Myriad Genetics, Inc.",4.38,2026-06-18T00:01:45.110698+00:00,False,+24.1%,True,$413.7M,,N/A,True,1807.1K,False,$4.38 / SMA $4.42,True,6.88%,False,+2.3%,True,86.0M,True,NMS,False,
MZTI,The Marzetti Company,105.64,2026-06-17T23:55:36.645497+00:00,False,+1.0%,True,$2896.9M,False,+-9.4%,False,360.8K,False,$105.64 / SMA $118.96,False,2.93%,False,+-1.0%,True,19.6M,True,NMS,False,
MZYX,MZYX,9.95,2026-06-18T00:01:43.922386+00:00,False,+0.9%,True,$373.1M,,N/A,False,112.0K,True,$9.95 / SMA_short $9.91,False,0.11%,,N/A,True,29.8M,True,NYQ,False,
NAD,Nuveen Quality Municipal Income Fund,11.87,2026-06-17T23:57:17.108879+00:00,False,+7.5%,True,$2771.2M,,N/A,True,748.8K,True,$11.87 / SMA $11.68,False,0.91%,,N/A,,N/A,True,NYQ,False,
NATR,"Nature's Sunshine Products, Inc.",20.08,2026-06-18T00:01:42.348792+00:00,False,+54.8%,True,$353.1M,False,+16.0%,False,112.8K,False,$20.08 / SMA $23.63,True,3.89%,False,+8.5%,True,12.7M,True,NCM,False,
NBBK,"NB Bancorp, Inc.",20.16,2026-06-17T23:59:39.946685+00:00,False,+25.6%,True,$883.9M,False,+9.1%,False,279.5K,False,$20.16 / SMA $20.42,False,2.05%,True,+46.3%,True,36.9M,True,NCM,False,
NBGRY,National Bank of Greece S.A.,17.7,2026-06-17T23:53:02.365617+00:00,False,+52.5%,True,$15910.0M,True,+333.3%,False,142.5K,True,$17.70 / SMA $16.79,True,4.23%,False,+5.5%,False,205.3M,False,PNK,False,
NBR,Nabors Industries Ltd.,89.15,2026-06-17T23:57:40.546713+00:00,True,+228.0%,True,$1319.1M,False,+-170.6%,False,326.0K,False,$89.15 / SMA $95.33,True,5.15%,False,+6.4%,True,13.3M,True,NYQ,False,
NCV,Virtus Convertible & Income Fund,17.22,2026-06-18T00:01:41.236972+00:00,False,+28.0%,True,$389.1M,,N/A,False,86.1K,True,$17.22 / SMA $16.71,False,1.83%,,N/A,,N/A,True,NYQ,False,
NDEKF,Nitto Denko Corporation,17.72,2026-06-17T23:53:07.168668+00:00,False,+0.0%,True,$11833.8M,,N/A,False,0.0K,False,$17.72 / SMA $19.62,False,0.00%,,N/A,False,673.1M,False,PNK,False,
NDTAF,Northern Data AG,9.36,2026-06-17T23:59:25.940995+00:00,False,+46.7%,True,$600.9M,,N/A,False,0.0K,False,$9.36 / SMA $13.09,True,3.47%,,N/A,,N/A,False,PNK,False,
NEMKY,Nemetschek SE,12.95,2026-06-17T23:53:21.382826+00:00,False,+0.9%,True,$7472.7M,,N/A,False,0.8K,False,$12.95 / SMA $14.58,False,0.29%,False,+7.6%,False,284.7M,False,PNK,False,
NEWP,New Pacific Metals Corp.,4.59,2026-06-17T23:59:37.744332+00:00,True,+258.6%,True,$849.5M,True,+100.0%,True,1047.5K,False,$4.59 / SMA $5.10,True,6.95%,,N/A,True,89.8M,True,ASE,False,
NEXN,Nexxen International Ltd.,8.58,2026-06-18T00:01:33.335680+00:00,False,+53.2%,True,$478.1M,False,+-550.0%,False,279.4K,True,$8.58 / SMA $7.86,True,4.27%,False,+10.9%,True,42.7M,True,NGM,False,
NEXOF,"NEXON Co., Ltd.",15.95,2026-06-17T23:53:06.434907+00:00,False,+19.9%,True,$12609.8M,,N/A,False,0.0K,False,$15.95 / SMA $17.56,False,0.00%,,N/A,False,324.3M,False,PNK,False,
NFGC,New Found Gold Corp.,1.61,2026-06-17T23:59:48.174142+00:00,False,+20.1%,True,$618.4M,False,+-100.0%,True,1836.6K,False,$1.61 / SMA $1.97,True,6.25%,,N/A,False,272.2M,True,ASE,False,
NFLX,"Netflix, Inc.",76.96,2026-06-17T23:52:18.316991+00:00,False,+2.6%,True,$324063.1M,True,+86.1%,True,38465.7K,False,$76.96 / SMA $89.67,False,2.38%,False,+16.2%,False,4183.4M,True,NMS,False,
NGG,National Grid plc,80.68,2026-06-17T23:52:26.787667+00:00,False,+19.5%,True,$80288.1M,,N/A,True,1263.0K,False,$80.68 / SMA $83.68,False,1.32%,,N/A,False,5910.2M,True,NYQ,False,
NHKGF,"NHK Spring Co., Ltd.",24.51,2026-06-17T23:55:21.443858+00:00,True,+106.8%,True,$4965.5M,,N/A,False,0.0K,True,$24.51 / SMA $16.69,False,0.00%,,N/A,False,160.3M,False,PNK,False,
NICMF,Nickel Industries Limited,0.6937,2026-06-17T23:55:37.199515+00:00,False,+65.6%,True,$3012.0M,,N/A,False,4.1K,False,$0.69 / SMA $0.72,False,1.39%,,N/A,False,831.5M,False,PNK,False,
NIE,Virtus Equity & Convertible Income Fund,25.95,2026-06-17T23:59:44.596952+00:00,False,+14.0%,True,$719.0M,,N/A,False,69.2K,True,$25.95 / SMA $25.60,False,1.53%,,N/A,,N/A,True,NYQ,False,
NIUWF,NSI N.V.,23.4,2026-06-18T00:01:39.595392+00:00,False,+18.5%,True,$456.8M,,N/A,False,0.0K,True,$23.40 / SMA $21.22,False,0.00%,,N/A,True,12.6M,False,PNK,False,
NKRKY,Nokian Renkaat Oyj,7.17,2026-06-17T23:57:37.821442+00:00,True,+112.1%,True,$1977.1M,False,+-500.0%,False,2.0K,True,$7.17 / SMA $6.05,False,0.52%,False,+-32.6%,False,247.3M,False,PNK,False,
NMAI,Nuveen Multi-Asset Income Fund,13.73,2026-06-18T00:01:32.762940+00:00,False,+14.5%,True,$458.9M,,N/A,False,112.2K,True,$13.73 / SMA $13.64,False,1.96%,,N/A,,N/A,True,NYQ,False,
NMAKF,"Nemak, S. A. B. de C. V.",0.20069,2026-06-17T23:59:52.043185+00:00,False,+18.6%,True,$575.6M,True,+141.9%,False,0.1K,True,$0.20 / SMA $0.20,False,0.00%,False,+15.7%,,N/A,False,PNK,False,
NMFC,New Mountain Finance Corporation,7.31,2026-06-17T23:59:43.871503+00:00,False,+0.3%,True,$690.4M,False,+-331.8%,True,727.9K,False,$7.31 / SMA $7.85,False,2.23%,False,+-320.4%,,N/A,True,NMS,False,
NNNN,Anbio Biotechnology,15.86,2026-06-17T23:55:18.168503+00:00,True,+72.4%,True,$696.1M,,N/A,False,27.6K,False,$15.86 / SMA $26.51,True,14.95%,,N/A,True,39.7M,True,NGM,False,
NOKBF,Nokia Oyj,14.0,2026-06-17T23:52:26.539466+00:00,True,+252.6%,True,$78155.5M,True,+300.0%,True,1715.2K,True,$14.00 / SMA $13.11,True,6.24%,False,+2.4%,False,4442.0M,False,PNK,False,
NOVTU,Novanta Inc.,63.47,2026-06-17T23:55:09.613177+00:00,False,+33.4%,,N/A,,N/A,False,79.2K,True,$63.47 / SMA $62.26,True,5.56%,False,+10.4%,True,35.3M,True,NMS,False,
NPSCY,Nippon Steel Corporation,3.5,2026-06-17T23:52:56.317975+00:00,False,+3.6%,True,$18292.0M,,N/A,False,350.4K,False,$3.50 / SMA $3.60,False,2.08%,,N/A,False,5212.0M,False,PNK,False,
NRDS,"NerdWallet, Inc.",8.36,2026-06-18T00:01:25.724369+00:00,False,+14.1%,True,$550.1M,,N/A,True,878.0K,False,$8.36 / SMA $9.37,True,3.79%,False,+6.2%,True,26.5M,True,NGM,False,
NSANY,"Nissan Motor Co., Ltd.",4.43,2026-06-17T23:53:24.452026+00:00,False,+9.4%,True,$7744.5M,,N/A,False,201.2K,False,$4.43 / SMA $4.54,False,2.68%,,N/A,False,1021.6M,False,PNK,False,
NTCPF,NorthIsle Copper and Gold Inc.,2.07,2026-06-17T23:59:46.975515+00:00,True,+160.1%,True,$687.4M,,N/A,False,307.7K,False,$2.07 / SMA $2.18,True,6.01%,,N/A,False,322.2M,False,OQX,False,
NTES,"NetEase, Inc.",120.9,2026-06-17T23:52:28.780558+00:00,False,+14.0%,True,$77462.5M,False,+3.1%,True,864.8K,True,$120.90 / SMA $117.26,False,2.55%,False,+6.1%,False,1749.9M,True,NMS,False,
NTGR,"NETGEAR, Inc.",22.77,2026-06-17T23:59:46.719166+00:00,False,+19.8%,True,$611.1M,False,+-123.8%,True,500.2K,False,$22.77 / SMA $25.28,True,4.23%,False,+-2.0%,True,24.0M,True,NMS,False,
NTPIF,Nam Tai Property Inc.,4.67,2026-06-18T00:01:56.101865+00:00,False,+45.9%,False,$282.0M,False,+-11.1%,False,4.8K,False,$4.67 / SMA $4.96,False,1.36%,False,+-11.8%,True,26.5M,False,PNK,False,
NTSK,"Netskope, Inc.",8.72,2026-06-17T23:55:17.704657+00:00,False,+13.8%,True,$3522.2M,False,+-39.8%,True,5022.8K,False,$8.72 / SMA $10.33,True,6.69%,True,+27.8%,False,173.0M,True,NMS,False,
NU,Nu Holdings Ltd.,12.89,2026-06-17T23:52:30.467243+00:00,False,+15.1%,True,$62667.8M,True,+55.9%,True,52679.6K,False,$12.89 / SMA $13.52,True,3.72%,True,+57.2%,False,3610.4M,True,NYQ,False,
NUAI,"New Era Energy & Digital, Inc.",5.73,2026-06-18T00:01:34.407892+00:00,True,+1685.0%,True,$580.4M,True,+33.3%,True,6428.8K,True,$5.73 / SMA $4.69,True,13.58%,True,+145.8%,True,74.7M,True,NGM,True,
NUE,Nucor Corporation,252.6,2026-06-17T23:52:33.248121+00:00,True,+105.7%,True,$57527.4M,True,+382.1%,True,1506.4K,True,$252.60 / SMA $228.69,False,2.99%,False,+21.3%,False,222.3M,True,NYQ,False,
NVAX,"Novavax, Inc.",9.5,2026-06-17T23:57:41.225101+00:00,False,+55.0%,True,$1562.2M,False,+-102.0%,True,4581.0K,True,$9.50 / SMA $9.03,True,6.59%,False,+-79.1%,True,141.5M,True,NMS,False,
NVST,Envista Holdings Corporation,24.86,2026-06-17T23:55:28.153546+00:00,False,+36.2%,True,$4045.4M,True,+130.0%,True,2940.2K,False,$24.86 / SMA $25.03,True,3.16%,False,+14.4%,False,162.0M,True,NYQ,False,
NWBO,"Northwest Biotherapeutics, Inc.",0.1896,2026-06-18T00:01:42.378237+00:00,False,+5.3%,True,$311.6M,True,+100.0%,True,3138.1K,False,$0.19 / SMA $0.21,True,7.73%,True,+31.7%,False,1606.7M,False,OQB,False,
NWHUF,Vital Infrastructure Property Trust,3.83,2026-06-17T23:59:33.861690+00:00,False,+14.7%,True,$957.5M,False,+-329.2%,False,16.4K,False,$3.83 / SMA $3.96,False,0.26%,False,+-33.7%,False,221.7M,False,PNK,False,
NWN,Northwest Natural Holding Company,48.87,2026-06-17T23:57:27.404235+00:00,False,+24.4%,True,$2056.5M,False,+6.3%,False,269.6K,False,$48.87 / SMA $51.02,False,2.25%,False,+-0.8%,True,41.8M,True,NYQ,False,
NWSA,News Corporation,25.98,2026-06-17T23:53:02.495015+00:00,False,+17.0%,True,$14142.3M,False,+-11.1%,True,4695.0K,False,$25.98 / SMA $26.16,False,2.74%,False,+8.8%,False,545.7M,True,NMS,False,
NX,Quanex Building Products Corporation,16.18,2026-06-17T23:59:40.671295+00:00,False,+46.6%,True,$743.1M,False,+-84.1%,False,416.5K,False,$16.18 / SMA $18.57,True,5.38%,False,+2.2%,True,39.6M,True,NYQ,False,
NXDCF,NEXTDC Limited,10.505,2026-06-17T23:53:23.550090+00:00,False,+39.7%,True,$7590.9M,,N/A,False,0.3K,True,$10.51 / SMA $10.24,False,0.02%,,N/A,False,639.9M,False,PNK,False,
NXG,NXG NextGen Infrastructure Income Fund,58.3,2026-06-18T00:01:51.407290+00:00,False,+29.4%,True,$331.3M,,N/A,False,90.8K,True,$58.30 / SMA $56.02,False,1.90%,,N/A,,N/A,True,NYQ,False,
NXP,Nuveen Select Tax-Free Income Portfolio,14.25,2026-06-17T23:59:38.558186+00:00,False,+3.8%,True,$891.5M,,N/A,False,144.8K,True,$14.25 / SMA $14.17,False,0.86%,,N/A,,N/A,True,NYQ,False,
NZF,Nuveen Municipal Credit Income Fund,12.6,2026-06-17T23:57:22.248394+00:00,False,+9.3%,True,$2441.0M,,N/A,True,557.0K,True,$12.60 / SMA $12.42,False,0.85%,,N/A,,N/A,True,NYQ,False,
NZTCF,Spark New Zealand Limited,1.09,2026-06-17T23:57:24.240209+00:00,False,+11.2%,True,$2060.2M,,N/A,False,6.3K,False,$1.09 / SMA $1.20,False,0.80%,,N/A,False,1888.1M,False,PNK,False,
OBICY,OBICY,11.75,2026-06-17T23:53:11.465752+00:00,False,+1.4%,True,$10127.0M,,N/A,False,187.9K,False,$11.75 / SMA $12.88,True,5.56%,,N/A,False,641.0M,False,PNK,False,
OBIIF,"OBIC Co.,Ltd.",23.875,2026-06-17T23:53:12.034834+00:00,False,+0.0%,True,$10288.6M,,N/A,False,0.2K,False,$23.88 / SMA $25.10,False,0.00%,,N/A,False,320.5M,False,PNK,False,
OCUL,"Ocular Therapeutix, Inc.",9.64,2026-06-17T23:57:33.767692+00:00,False,+54.7%,True,$2110.8M,False,+-5.3%,True,2991.0K,True,$9.64 / SMA $9.00,True,5.56%,False,+0.8%,False,184.4M,True,NGM,False,
OEC,Orion S.A.,7.74,2026-06-18T00:01:40.162344+00:00,True,+78.1%,True,$436.4M,False,+-212.5%,True,533.2K,True,$7.74 / SMA $7.27,True,6.07%,False,+-3.8%,True,51.1M,True,NYQ,False,
OGFGY,Origin Energy Limited,7.76,2026-06-17T23:53:05.604564+00:00,False,+13.7%,True,$13368.5M,,N/A,False,28.4K,False,$7.76 / SMA $8.43,True,3.50%,,N/A,False,1702.8M,False,PNK,False,
OILSF,Saturn Oil & Gas Inc.,4.49,2026-06-17T23:59:34.561091+00:00,True,+203.4%,True,$815.4M,False,+-378.9%,False,130.4K,False,$4.49 / SMA $4.76,True,4.76%,False,+-2.4%,True,109.1M,False,OQX,False,
OIMAU,OneIM Acquisition Corp.,10.18,2026-06-18T00:01:44.728791+00:00,False,+1.3%,,N/A,,N/A,False,7.9K,True,$10.18 / SMA $10.14,False,0.70%,,N/A,True,26.5M,True,NGM,False,
OLP,"One Liberty Properties, Inc.",23.87,2026-06-18T00:01:29.623710+00:00,False,+21.7%,True,$520.8M,True,+55.6%,False,62.0K,True,$23.87 / SMA $23.33,False,2.08%,False,+17.0%,True,18.4M,True,NYQ,False,
OMDA,"Omada Health, Inc.",17.25,2026-06-17T23:59:33.167289+00:00,False,+67.8%,True,$1025.5M,True,+70.5%,True,1066.7K,True,$17.25 / SMA $15.67,True,4.92%,True,+42.0%,True,46.7M,True,NMS,False,
OMER,Omeros Corporation,9.64,2026-06-17T23:59:39.931452+00:00,True,+226.8%,True,$697.7M,True,+206.9%,True,1543.3K,False,$9.64 / SMA $12.25,True,8.10%,,N/A,True,69.8M,True,NGM,False,
OMLAF,oOh!media Limited,1.0,2026-06-18T00:01:29.167650+00:00,False,+54.5%,True,$528.2M,,N/A,False,6.8K,True,$1.00 / SMA $0.88,False,0.00%,,N/A,False,498.4M,False,PNK,False,
OMRNF,OMRON Corporation,38.55,2026-06-17T23:53:25.428680+00:00,False,+55.7%,True,$7580.1M,,N/A,False,0.3K,True,$38.55 / SMA $33.84,False,0.00%,,N/A,False,192.6M,False,PNK,False,
ONBPP,Old National Bancorp,24.95,2026-06-17T23:53:18.556198+00:00,False,+2.2%,,N/A,,N/A,False,18.6K,True,$24.95 / SMA $24.73,False,0.60%,True,+44.3%,False,383.2M,True,NMS,False,
ONTTF,Oxford Nanopore Technologies plc,1.59,2026-06-17T23:57:36.318309+00:00,False,+13.6%,True,$1546.9M,,N/A,False,25.4K,False,$1.59 / SMA $1.65,True,5.45%,,N/A,False,398.2M,False,PNK,False,
OPK,"OPKO Health, Inc.",1.41,2026-06-17T23:59:34.044563+00:00,False,+43.9%,True,$1064.7M,True,+30.0%,True,2586.8K,True,$1.41 / SMA $1.25,True,5.06%,False,+-17.2%,False,332.7M,True,NMS,False,
OPLN,"OPENLANE, Inc.",37.22,2026-06-17T23:55:29.055350+00:00,False,+68.5%,True,$3943.3M,True,+94.4%,True,908.8K,True,$37.22 / SMA $34.58,False,2.89%,False,+14.7%,True,88.0M,True,NYQ,False,
ORBS,Eightco Holdings Inc.,1.03,2026-06-18T00:01:44.716708+00:00,False,+42.1%,True,$399.7M,True,+61.9%,True,24228.1K,True,$1.03 / SMA $0.91,True,13.49%,False,+-23.7%,False,269.6M,True,NCM,False,
ORI,Old Republic International Corporation,38.73,2026-06-17T23:53:17.309249+00:00,False,+8.8%,True,$9432.8M,True,+34.7%,True,1552.8K,False,$38.73 / SMA $39.22,False,1.98%,False,+13.5%,False,241.8M,True,NYQ,False,
ORKLF,Orkla ASA,10.65,2026-06-17T23:53:11.120088+00:00,False,+5.2%,True,$10391.7M,False,+-4.5%,False,0.1K,False,$10.65 / SMA $11.78,False,0.27%,False,+1.3%,False,647.5M,False,PNK,False,
ORLNY,ORLNY,22.1,2026-06-17T23:52:35.703134+00:00,False,+18.2%,True,$25656.8M,True,+94.4%,False,0.1K,True,$22.10 / SMA_short $21.04,False,0.46%,False,+2.9%,False,2321.9M,False,PNK,False,
ORRF,"Orrstown Financial Services, Inc.",38.48,2026-06-17T23:59:45.133358+00:00,False,+30.9%,True,$756.0M,False,+20.4%,False,141.4K,True,$38.48 / SMA $37.26,False,2.94%,False,+6.3%,True,18.7M,True,NCM,False,
OSCUF,"Japan Exchange Group, Inc.",13.88,2026-06-17T23:53:06.610098+00:00,False,+49.2%,True,$14267.6M,,N/A,False,9.4K,True,$13.88 / SMA $12.54,False,2.00%,,N/A,False,1027.0M,False,PNK,False,
OSSUY,Embla Medical hf.,3.815,2026-06-17T23:57:34.348927+00:00,False,+4.0%,True,$1625.8M,False,+-22.7%,False,0.0K,False,$3.81 / SMA $3.82,False,0.00%,False,+3.4%,False,157.3M,False,PNK,False,
OVCHF,Oversea-Chinese Banking Corporation Limited,18.0,2026-06-17T23:52:27.304316+00:00,False,+47.8%,True,$80813.7M,False,+5.0%,False,0.1K,True,$18.00 / SMA $16.66,False,0.33%,False,+4.7%,False,3517.2M,False,PNK,False,
OXFYY,OXFYY,6.5,2026-06-17T23:57:37.023428+00:00,False,+9.1%,True,$1581.0M,,N/A,False,0.2K,False,$6.50 / SMA $6.72,False,0.14%,,N/A,True,99.5M,False,PNK,False,
OZKAP,Bank OZK,16.34,2026-06-17T23:55:11.483124+00:00,False,+3.7%,,N/A,,N/A,False,24.7K,False,$16.34 / SMA $16.38,False,0.83%,False,+2.2%,True,101.2M,True,NMS,False,
P,"Everpure, Inc.",72.67,2026-06-17T23:52:44.871922+00:00,False,+42.9%,True,$24155.9M,True,+275.0%,True,3180.4K,False,$72.67 / SMA $74.16,True,6.06%,True,+35.2%,False,314.6M,True,NYQ,False,
PACB,"Pacific Biosciences of California, Inc.",1.34,2026-06-18T00:01:43.155216+00:00,False,+22.9%,True,$416.2M,True,+97.9%,True,6074.2K,False,$1.34 / SMA $1.45,True,8.35%,False,+0.1%,False,303.4M,True,NMS,False,
PAGP,"Plains GP Holdings, L.P.",23.5,2026-06-17T23:55:14.280773+00:00,False,+40.9%,True,$5475.5M,False,+-66.7%,True,1831.3K,False,$23.50 / SMA $23.92,False,1.95%,False,+8.7%,False,192.4M,True,NMS,False,
PANW,"Palo Alto Networks, Inc.",282.13,2026-06-17T23:52:19.902839+00:00,True,+102.1%,True,$229936.0M,False,+-159.5%,True,8388.0K,True,$282.13 / SMA $222.30,True,4.87%,True,+31.1%,False,808.2M,True,NMS,False,
PAOTF,Parrot S.A.,10.9,2026-06-18T00:01:36.504863+00:00,False,+58.0%,True,$337.2M,,N/A,False,3.1K,False,$10.90 / SMA $12.26,False,2.19%,,N/A,True,11.8M,False,PNK,False,
PBAM,"Private Bancorp of America, Inc.",75.0,2026-06-18T00:01:37.299866+00:00,False,+40.8%,True,$429.6M,False,+13.7%,False,5.0K,True,$75.00 / SMA $73.01,False,0.67%,False,+17.7%,True,5.4M,False,OQX,False,
PBI,Pitney Bowes Inc.,17.38,2026-06-17T23:57:28.308566+00:00,True,+94.2%,True,$2354.0M,True,+105.3%,True,3309.7K,True,$17.38 / SMA $15.22,True,3.09%,False,+-3.2%,True,133.4M,True,NYQ,False,
PBR,Petróleo Brasileiro S.A. - Petrobras,16.79,2026-06-17T23:52:23.420615+00:00,False,+46.9%,True,$108200.9M,False,+-7.3%,True,22967.7K,False,$16.79 / SMA $19.78,False,2.18%,False,+0.4%,False,3944.7M,True,NYQ,False,
PCAR,PACCAR Inc,117.34,2026-06-17T23:52:31.732077+00:00,False,+30.3%,True,$61754.4M,False,+19.8%,True,2822.3K,False,$117.34 / SMA $117.60,False,2.71%,False,+-8.9%,False,515.9M,True,NMS,False,
PCCOF,PCCOF,42.0,2026-06-17T23:57:19.538606+00:00,False,+39.8%,True,$2546.5M,,N/A,False,0.0K,True,$42.00 / SMA $36.50,False,0.00%,,N/A,True,25.7M,False,PNK,False,
PCTY,Paylocity Holding Corporation,100.51,2026-06-17T23:55:05.918511+00:00,False,+8.1%,True,$5381.7M,True,+27.3%,True,777.0K,False,$100.51 / SMA $107.13,True,4.15%,False,+10.5%,True,42.9M,True,NMS,False,
PDM,"Piedmont Realty Trust, Inc.",8.73,2026-06-17T23:59:31.873893+00:00,False,+38.1%,True,$1091.4M,False,+-25.0%,True,1177.9K,True,$8.73 / SMA $8.24,False,2.78%,False,+0.4%,True,123.4M,True,NYQ,False,
PEG,Public Service Enterprise Group Incorporated,79.4,2026-06-17T23:52:38.644302+00:00,False,+4.4%,True,$39566.7M,True,+25.6%,True,2800.9K,True,$79.40 / SMA $78.87,False,1.86%,False,+19.4%,False,497.0M,True,NYQ,False,
PESAF,Panoro Energy ASA,3.0875,2026-06-18T00:01:31.189096+00:00,True,+76.4%,True,$431.6M,False,+-245.5%,False,1.0K,False,$3.09 / SMA $3.61,False,0.43%,True,+83.5%,True,102.4M,False,PNK,False,
PEXNY,PTT Exploration and Production Public Company Limited,8.21,2026-06-17T23:52:56.416991+00:00,True,+73.2%,True,$19133.6M,,N/A,False,0.3K,False,$8.21 / SMA $8.62,False,0.02%,False,+-0.4%,False,1327.3M,False,PNK,False,
PFIS,Peoples Financial Services Corp.,61.79,2026-06-17T23:59:51.598559+00:00,False,+41.6%,True,$618.6M,False,+-1.3%,False,58.6K,True,$61.79 / SMA $58.28,False,2.93%,False,+10.3%,True,9.2M,True,NMS,False,
PGEN,"Precigen, Inc.",4.73,2026-06-17T23:57:41.867790+00:00,True,+242.8%,True,$1686.3M,True,+88.9%,True,4724.0K,True,$4.73 / SMA $4.16,True,6.80%,True,+1633.9%,False,189.5M,True,NMS,False,
PGGCY,Piaggio & C. SpA,7.94,2026-06-17T23:59:46.044230+00:00,False,+0.0%,True,$699.3M,False,+-40.0%,False,0.0K,False,$7.94 / SMA $8.51,False,0.00%,False,+-7.8%,True,43.0M,False,PNK,False,
PHDWY,PT Aspirasi Hidup Indonesia Tbk,2.0,2026-06-18T00:01:50.601875+00:00,False,+0.0%,True,$342.4M,,N/A,False,0.0K,False,$2.00 / SMA $3.00,False,0.00%,False,+-0.1%,True,68.5M,False,PNK,False,
PHVS,Pharvaris N.V.,33.41,2026-06-17T23:57:30.510980+00:00,True,+108.8%,True,$2334.7M,True,+29.5%,False,313.9K,True,$33.41 / SMA $29.85,True,4.69%,,N/A,True,40.1M,True,NMS,False,
PHXHF,PHX Energy Services Corp.,7.67,2026-06-18T00:01:41.038262+00:00,False,+57.8%,True,$350.2M,False,+-33.3%,False,18.2K,False,$7.67 / SMA $8.43,True,3.93%,False,+2.9%,True,41.3M,False,OQB,False,
PIAGF,Piaggio & C. SpA,1.88,2026-06-17T23:59:45.870813+00:00,False,+4.4%,True,$662.3M,False,+-40.0%,False,0.2K,False,$1.88 / SMA $1.98,False,0.00%,False,+-7.8%,False,172.2M,False,PNK,False,
PIAIF,"Ping An Insurance (Group) Company of China, Ltd.",7.03,2026-06-17T23:52:21.632400+00:00,False,+17.8%,True,$127296.7M,False,+-13.2%,False,9.9K,False,$7.03 / SMA $7.89,True,6.70%,False,+-7.8%,False,15137.3M,False,PNK,False,
PIFMF,PT Indofood Sukses Makmur Tbk,0.3922,2026-06-17T23:55:30.236248+00:00,False,+0.0%,True,$3443.7M,,N/A,False,0.0K,False,$0.39 / SMA $0.47,False,0.00%,False,+17.5%,False,4361.8M,False,PNK,False,
PINS,"Pinterest, Inc.",20.36,2026-06-17T23:53:12.800804+00:00,False,+47.1%,True,$11404.8M,False,+-1300.0%,True,18487.5K,True,$20.36 / SMA $20.21,True,5.41%,False,+17.8%,False,477.6M,True,NYQ,False,
PINXY,The People's Insurance Company (Group) of China Limited,13.85,2026-06-17T23:52:36.947836+00:00,False,+11.9%,True,$42069.5M,,N/A,False,0.1K,False,$13.85 / SMA $14.26,False,0.06%,,N/A,False,576.5M,False,PNK,False,
PLLIF,Pirelli & C. S.p.A.,7.05,2026-06-17T23:53:26.908680+00:00,False,+16.9%,True,$7648.4M,False,+10.0%,False,0.3K,True,$7.05 / SMA $6.85,False,0.00%,False,+-1.2%,False,590.8M,False,PNK,False,
PLTK,Playtika Holding Corp.,3.49,2026-06-17T23:57:47.388343+00:00,False,+32.2%,True,$1327.5M,False,+-287.5%,True,1375.8K,True,$3.49 / SMA $3.45,True,5.37%,False,+5.5%,True,59.2M,True,NMS,False,
PLTR,Palantir Technologies Inc.,130.63,2026-06-17T23:52:18.647381+00:00,False,+6.5%,True,$313160.9M,True,+324.4%,True,44147.7K,False,$130.63 / SMA $138.68,True,4.68%,True,+84.7%,False,2104.1M,True,NMS,False,
PLYGF,PLYGF,43.0,2026-06-17T23:57:38.037637+00:00,False,+36.5%,True,$1419.3M,,N/A,False,0.0K,False,$43.00 / SMA $46.07,False,0.00%,,N/A,True,13.0M,False,PNK,False,
PMTRU,PMTRU,10.78,2026-06-18T00:01:52.805662+00:00,False,+7.8%,,N/A,,N/A,False,0.4K,True,$10.78 / SMA $10.68,False,0.73%,,N/A,True,20.2M,True,NGM,False,
PMTU,PMTU,25.3601,2026-06-17T23:59:36.094633+00:00,False,+1.7%,,N/A,,N/A,False,1.6K,True,$25.36 / SMA $25.07,False,0.29%,,N/A,,N/A,True,NYQ,False,
PNGAY,"Ping An Insurance (Group) Company of China, Ltd.",14.15,2026-06-17T23:52:22.293245+00:00,False,+18.9%,True,$128111.6M,False,+-13.2%,False,174.1K,False,$14.15 / SMA $15.22,False,1.65%,False,+-7.8%,False,7568.6M,False,PNK,False,
POAHY,Porsche Automobil Holding SE,3.43,2026-06-17T23:53:11.002936+00:00,False,+0.6%,True,$10719.5M,False,+14.6%,False,338.0K,False,$3.43 / SMA $3.65,False,1.76%,False,+17.4%,False,1531.2M,False,PNK,False,
PONY,Pony AI Inc.,7.94,2026-06-17T23:55:26.515802+00:00,False,+0.4%,True,$3442.3M,False,+0.0%,True,5057.0K,False,$7.94 / SMA $9.61,True,6.48%,True,+145.0%,False,277.4M,True,NMS,False,
POR,Portland General Electric Company,49.8,2026-06-17T23:55:08.741966+00:00,False,+25.9%,True,$5763.4M,False,+-58.2%,True,1254.7K,False,$49.80 / SMA $50.36,False,1.95%,False,+-5.3%,True,115.1M,True,NYQ,False,
POWI,"Power Integrations, Inc.",80.73,2026-06-17T23:55:26.987011+00:00,True,+161.6%,True,$4498.3M,,N/A,True,1168.2K,True,$80.73 / SMA $71.90,True,6.71%,False,+2.6%,True,54.8M,True,NMS,False,
PPCCY,PICC Property and Casualty Company Limited,51.18,2026-06-17T23:52:37.065422+00:00,False,+19.1%,True,$45535.4M,,N/A,False,3.2K,True,$51.18 / SMA $46.78,True,3.30%,,N/A,False,276.0M,False,PNK,False,
PPRUY,Kering SA,30.02,2026-06-17T23:52:40.919305+00:00,False,+51.3%,True,$36810.2M,,N/A,False,223.8K,True,$30.02 / SMA $28.84,False,2.65%,,N/A,False,700.3M,False,PNK,False,
PRAX,"Praxis Precision Medicines, Inc.",270.01,2026-06-17T23:53:17.041706+00:00,True,+626.0%,True,$7527.5M,False,+2.7%,False,451.6K,False,$270.01 / SMA $316.78,True,7.25%,,N/A,True,24.0M,True,NMS,False,
PRBKY,PRBKY,11.98,2026-06-17T23:53:08.665267+00:00,False,+53.1%,True,$14729.1M,False,+0.0%,False,34.6K,True,$11.98 / SMA $10.11,True,8.64%,False,+1.5%,False,714.1M,False,OID,False,
PRDSF,Prada S.p.A.,5.16,2026-06-17T23:53:10.046891+00:00,False,+18.6%,True,$13496.4M,,N/A,False,4.1K,True,$5.16 / SMA $4.69,False,1.05%,,N/A,False,512.4M,False,PNK,False,
PRMRF,Paramount Resources Ltd.,20.27,2026-06-17T23:55:32.623246+00:00,False,+53.1%,True,$2947.3M,,N/A,False,64.9K,False,$20.27 / SMA $21.59,False,2.45%,False,+-47.5%,True,77.0M,False,PNK,False,
PROSY,Prosus N.V.,8.86,2026-06-17T23:52:25.788796+00:00,False,+0.8%,True,$94437.4M,,N/A,True,1307.9K,False,$8.86 / SMA $9.47,False,2.05%,,N/A,False,6365.1M,False,PNK,False,
PSA,Public Storage,312.58,2026-06-17T23:52:32.942635+00:00,False,+21.8%,True,$54882.7M,True,+32.8%,True,1015.0K,True,$312.58 / SMA $303.09,False,2.19%,False,+2.9%,False,157.4M,True,NYQ,False,
PSGTF,PT Semen Indonesia (Persero) Tbk,0.12,2026-06-17T23:59:42.423071+00:00,False,+20.0%,True,$829.7M,,N/A,False,0.0K,False,$0.12 / SMA $0.15,False,0.95%,False,+-16.2%,False,3277.7M,False,PNK,False,
PSNYW,Polestar Automotive Holding UK PLC,2.77,2026-06-17T23:57:27.898701+00:00,False,+18.9%,True,$25788.6M,,N/A,False,7.2K,False,$2.77 / SMA $3.17,True,9.32%,,N/A,True,27.5M,True,NGM,False,
PTAIF,PT Astra International Tbk,0.2747,2026-06-17T23:53:04.756932+00:00,False,+17.6%,True,$11005.5M,,N/A,False,3.8K,False,$0.27 / SMA $0.33,False,0.00%,False,+-7.0%,False,17803.2M,False,PNK,False,
PTAIY,PT Astra International Tbk,5.22,2026-06-17T23:53:08.538228+00:00,False,+4.0%,True,$10456.7M,,N/A,False,243.1K,False,$5.22 / SMA $6.57,True,4.58%,False,+-7.0%,False,890.2M,False,PNK,False,
PTC,PTC Inc.,116.94,2026-06-17T23:52:58.341196+00:00,False,+7.8%,True,$13507.2M,True,+268.9%,True,1476.4K,False,$116.94 / SMA $137.74,True,4.18%,False,+21.7%,True,115.0M,True,NMS,False,
PTHRF,Pantheon Resources Plc,0.195,2026-06-18T00:01:52.897007+00:00,True,+119.6%,False,$284.3M,,N/A,False,436.0K,True,$0.20 / SMA $0.18,True,10.68%,,N/A,False,1320.5M,False,OQX,False,
PTOAF,Cavvy Energy Ltd.,1.23,2026-06-18T00:01:46.600750+00:00,True,+373.1%,True,$380.2M,False,+0.0%,False,113.5K,True,$1.23 / SMA $1.10,True,3.39%,True,+44.0%,True,144.7M,False,PNK,False,
PTON,"Peloton Interactive, Inc.",5.53,2026-06-17T23:57:20.848954+00:00,False,+51.5%,True,$2394.4M,True,+150.0%,True,14627.8K,True,$5.53 / SMA $5.41,True,5.31%,False,+1.1%,False,406.9M,True,NMS,False,
PTRN,Pattern Group Inc.,20.45,2026-06-17T23:55:35.595096+00:00,True,+129.3%,True,$4058.7M,True,+80.0%,True,1139.8K,True,$20.45 / SMA $16.46,True,5.57%,True,+43.2%,True,36.5M,True,NMS,True,
PUGBY,PUGBY,9.35,2026-06-17T23:53:15.069789+00:00,False,+24.9%,True,$14211.7M,,N/A,False,6.9K,False,$9.35 / SMA $9.84,False,1.17%,,N/A,True,42.6M,False,PNK,False,
PUK,Prudential plc,26.79,2026-06-17T23:52:38.970511+00:00,False,+12.2%,True,$33465.6M,,N/A,True,1091.2K,False,$26.79 / SMA $29.61,False,2.10%,,N/A,False,5006.8M,True,NYQ,False,
PUKPF,Prudential plc,11.85,2026-06-17T23:52:40.029661+00:00,False,+7.7%,True,$29605.6M,,N/A,False,0.2K,False,$11.85 / SMA $14.65,False,0.30%,,N/A,False,2503.4M,False,PNK,False,
PXGYF,PAX Global Technology Limited,0.4179,2026-06-18T00:01:27.538675+00:00,False,+3.2%,True,$444.8M,,N/A,False,2.7K,False,$0.42 / SMA $0.49,False,0.00%,,N/A,False,688.0M,False,PNK,False,
PXMFF,Philex Mining Corporation,0.1025,2026-06-17T23:59:38.495742+00:00,True,+70.5%,True,$655.7M,False,+-543.5%,False,0.7K,False,$0.10 / SMA $0.14,True,3.80%,False,+-43.7%,False,2893.7M,False,PNK,False,
PYPTF,PayPoint plc,7.5,2026-06-18T00:01:29.988521+00:00,False,+12.6%,True,$451.5M,,N/A,False,0.2K,False,$7.50 / SMA $7.78,False,0.00%,,N/A,True,65.5M,False,PNK,False,
QQQX,Nuveen Nasdaq 100 Dynamic Overwrite Fund,29.54,2026-06-17T23:57:42.327831+00:00,False,+17.5%,True,$1442.3M,,N/A,False,109.2K,True,$29.54 / SMA $29.52,False,1.83%,,N/A,,N/A,True,NGM,False,
R,"Ryder System, Inc.",266.1,2026-06-17T23:53:17.896198+00:00,True,+78.1%,True,$10295.7M,False,+2.6%,False,405.3K,True,$266.10 / SMA $243.74,False,2.87%,False,+-0.1%,True,37.3M,True,NYQ,False,
RBSTF,RBSTF,3.35,2026-06-17T23:57:30.356931+00:00,False,+0.0%,,N/A,,N/A,False,1.3K,False,$3.35 / SMA_short $4.29,False,1.89%,,N/A,False,342.2M,False,PNK,False,
RCBC,River City Bank,43.2,2026-06-17T23:59:51.065035+00:00,False,+28.5%,True,$622.2M,,N/A,False,3.9K,True,$43.20 / SMA $41.36,False,0.31%,,N/A,,N/A,False,OID,False,
RCKHF,Rockhopper Exploration plc,0.94,2026-06-17T23:59:34.824353+00:00,False,+44.6%,True,$807.6M,,N/A,False,16.0K,False,$0.94 / SMA $1.08,False,0.95%,,N/A,False,605.0M,False,PNK,False,
RDAG,Republic Digital Acquisition Company,10.35,2026-06-18T00:01:41.667623+00:00,False,+6.0%,True,$388.1M,,N/A,False,41.8K,True,$10.35 / SMA $10.28,False,0.08%,,N/A,True,27.0M,True,NGM,False,
RDNT,"RadNet, Inc.",52.82,2026-06-17T23:55:21.931693+00:00,False,+4.1%,True,$4153.5M,False,+15.7%,True,798.6K,False,$52.82 / SMA $56.00,True,4.61%,False,+22.1%,True,66.2M,True,NGM,False,
RDW,Redwire Corporation,14.36,2026-06-17T23:55:32.581260+00:00,True,+194.9%,True,$2856.5M,False,+-344.4%,True,37899.2K,True,$14.36 / SMA $13.67,True,13.68%,True,+57.9%,False,195.2M,True,NYQ,False,
RDWR,Radware Ltd.,27.33,2026-06-17T23:59:22.860087+00:00,False,+26.1%,True,$1150.1M,False,+-20.0%,False,247.6K,False,$27.33 / SMA $27.53,True,3.43%,False,+10.8%,True,32.6M,True,NMS,False,
RDY,Dr. Reddy's Laboratories Limited,13.15,2026-06-17T23:53:11.634092+00:00,False,+7.9%,True,$10950.1M,False,+-86.1%,True,2392.4K,False,$13.15 / SMA $13.35,False,1.37%,False,+-11.6%,False,3590.5M,True,NYQ,False,
REAL,"The RealReal, Inc.",11.39,2026-06-17T23:59:28.006033+00:00,True,+142.3%,True,$1372.4M,False,+-113.5%,True,3373.4K,True,$11.39 / SMA $10.51,True,6.20%,False,+18.5%,True,109.9M,True,NMS,False,
REGN,"Regeneron Pharmaceuticals, Inc.",607.93,2026-06-17T23:52:29.659676+00:00,False,+20.8%,True,$63734.8M,False,+-7.2%,True,894.7K,False,$607.93 / SMA $682.70,False,2.49%,False,+19.0%,True,97.7M,True,NMS,False,
RELX,RELX PLC,32.01,2026-06-17T23:52:31.296906+00:00,False,+16.1%,True,$56216.7M,,N/A,True,2831.0K,False,$32.01 / SMA $34.04,False,2.41%,,N/A,False,7215.4M,True,NYQ,False,
REMYY,Rémy Cointreau SA,4.98,2026-06-17T23:57:21.206001+00:00,False,+25.1%,True,$2616.3M,,N/A,False,16.9K,True,$4.98 / SMA $4.71,False,1.60%,,N/A,False,212.8M,False,PNK,False,
RF,Regions Financial Corporation,28.65,2026-06-17T23:52:49.373160+00:00,False,+33.6%,True,$24449.3M,False,+21.6%,True,11451.2K,True,$28.65 / SMA $27.75,False,2.26%,False,+5.0%,False,849.4M,True,NYQ,False,
RGA,"Reinsurance Group of America, Incorporated",211.83,2026-06-17T23:53:04.043266+00:00,False,+28.0%,True,$13877.7M,False,+16.6%,False,338.0K,True,$211.83 / SMA $207.84,False,2.12%,False,+22.4%,True,65.2M,True,NYQ,False,
RGLXY,RTL Group S.A.,3.9,2026-06-17T23:55:10.632520+00:00,False,+20.4%,True,$6035.0M,,N/A,False,0.7K,True,$3.90 / SMA $3.88,True,3.47%,,N/A,False,378.2M,False,PNK,False,
RGRNF,Regis Resources Limited,4.6,2026-06-17T23:55:32.454117+00:00,True,+96.6%,True,$3483.4M,,N/A,False,3.8K,False,$4.60 / SMA $4.88,False,2.64%,,N/A,False,746.0M,False,PNK,False,
RGTI,"Rigetti Computing, Inc.",20.245,2026-06-17T23:53:20.254286+00:00,True,+96.6%,True,$6729.4M,False,+-146.2%,True,40376.6K,True,$20.25 / SMA $19.68,True,11.68%,True,+198.9%,False,327.6M,True,NCM,False,
RHHBF,Roche Holding AG,416.8,2026-06-17T23:52:18.395548+00:00,False,+40.8%,True,$331613.4M,,N/A,False,0.1K,False,$416.80 / SMA $419.28,False,2.75%,,N/A,False,652.9M,False,OQX,False,
RHLD,"Resolute Holdings Management, Inc.",128.46,2026-06-17T23:59:35.579182+00:00,True,+344.3%,True,$1060.8M,True,+1943.6%,False,196.0K,True,$128.46 / SMA $127.95,True,6.37%,True,+292.5%,True,3.4M,True,NYQ,False,
RIGL,"Rigel Pharmaceuticals, Inc.",33.37,2026-06-18T00:01:26.816387+00:00,True,+84.0%,True,$617.4M,False,+-30.2%,False,363.6K,True,$33.37 / SMA $30.13,True,4.25%,False,+10.3%,True,15.9M,True,NMS,False,
RLI,RLI Corp.,52.75,2026-06-17T23:55:17.027098+00:00,False,+11.6%,True,$4849.7M,False,+-12.2%,True,864.6K,True,$52.75 / SMA $51.42,False,2.67%,False,+4.0%,True,81.6M,True,NYQ,False,
RMAX,"RE/MAX Holdings, Inc.",9.59,2026-06-18T00:01:53.533367+00:00,True,+75.6%,True,$527.7M,False,+-380.0%,True,699.4K,True,$9.59 / SMA $8.80,True,4.16%,False,+-5.7%,True,19.4M,True,NYQ,False,
RMD,ResMed Inc.,186.29,2026-06-17T23:52:44.177976+00:00,False,+3.3%,True,$27022.6M,False,+10.5%,True,1302.7K,False,$186.29 / SMA $207.57,False,2.73%,False,+10.8%,True,144.2M,True,NYQ,False,
RMVEY,RMVEY,11.43,2026-06-17T23:55:20.607217+00:00,False,+7.9%,True,$4251.4M,,N/A,False,50.5K,False,$11.43 / SMA $11.52,False,2.34%,,N/A,False,374.4M,False,PNK,False,
RNGR,"Ranger Energy Services, Inc.",15.17,2026-06-18T00:01:41.906923+00:00,False,+36.2%,True,$360.5M,True,+300.0%,False,241.1K,False,$15.17 / SMA $16.47,True,3.65%,False,+17.7%,True,18.7M,True,NYQ,False,
RNGTU,Range Capital Acquisition Corp II,10.2,2026-06-18T00:01:54.125032+00:00,False,+2.0%,,N/A,,N/A,False,0.1K,False,$10.20 / SMA $10.21,False,0.04%,,N/A,True,21.5M,True,NGM,False,
ROAD,"Construction Partners, Inc.",120.26,2026-06-17T23:53:31.420398+00:00,False,+29.0%,True,$6798.9M,True,+100.0%,True,569.4K,True,$120.26 / SMA $118.74,True,4.77%,True,+34.6%,True,47.4M,True,NMS,False,
ROIV,Roivant Sciences Ltd.,31.2,2026-06-17T23:52:52.809280+00:00,True,+191.5%,True,$22441.2M,True,+196.6%,True,5604.9K,True,$31.20 / SMA $29.06,True,3.58%,False,+-66.7%,False,545.5M,True,NMS,False,
ROKOF,ROKOF,204.0,2026-06-17T23:57:16.400929+00:00,False,+25.6%,,N/A,,N/A,False,0.2K,True,$204.00 / SMA_short $186.33,,N/A,,N/A,True,7.0M,False,PNK,False,
RPAY,Repay Holdings Corporation,3.32,2026-06-18T00:01:55.356156+00:00,False,+44.3%,False,$292.4M,False,+-33.3%,True,1449.3K,False,$3.32 / SMA $3.54,True,5.66%,False,+4.5%,True,46.4M,True,NCM,False,
RPGRY,REA Group Limited,25.14,2026-06-17T23:53:03.442823+00:00,False,+0.7%,True,$13159.3M,,N/A,False,92.4K,False,$25.14 / SMA $29.02,True,4.58%,,N/A,False,197.4M,False,PNK,False,
RS,"Reliance, Inc.",404.11,2026-06-17T23:52:56.147515+00:00,False,+55.2%,True,$20629.2M,True,+36.4%,False,319.3K,True,$404.11 / SMA $365.37,False,2.60%,False,+15.5%,True,50.8M,True,NYQ,False,
RSTCF,"RS Technologies Co., Ltd.",40.0,2026-06-17T23:59:31.504769+00:00,False,+3.1%,True,$1063.9M,,N/A,False,0.2K,False,$40.00 / SMA_short $41.37,False,0.37%,,N/A,True,12.8M,False,PNK,False,
RTACU,Renatus Tactical Acquisition Corp I,10.77,2026-06-18T00:01:51.980793+00:00,False,+3.6%,,N/A,,N/A,False,10.0K,True,$10.77 / SMA $10.68,False,0.58%,,N/A,True,24.1M,True,NGM,False,
RTO,Rentokil Initial plc,29.02,2026-06-17T23:53:01.153852+00:00,False,+27.7%,True,$14604.3M,,N/A,True,992.9K,False,$29.02 / SMA $32.14,False,1.66%,,N/A,False,490.3M,True,NYQ,False,
RTWFF,RTW Biotech Opportunities Ltd,2.05,2026-06-17T23:59:45.839950+00:00,True,+89.8%,,N/A,,N/A,False,1.4K,False,$2.05 / SMA $2.11,False,0.33%,,N/A,,N/A,False,PNK,False,
RUSMF,Russel Metals Inc.,45.18,2026-06-17T23:57:22.818181+00:00,False,+62.6%,True,$2480.9M,True,+176.6%,False,10.8K,True,$45.18 / SMA $40.67,False,0.21%,True,+36.5%,True,54.5M,False,PNK,False,
RVI,Robinhood Ventures Fund I,42.98,2026-06-17T23:59:45.383890+00:00,True,+104.7%,True,$1171.1M,,N/A,True,800.9K,True,$42.98 / SMA $39.38,True,11.70%,,N/A,,N/A,True,NYQ,False,
RVMD,"Revolution Medicines, Inc.",157.77,2026-06-17T23:52:42.407837+00:00,True,+364.0%,True,$33541.3M,False,+-102.7%,True,3102.5K,True,$157.77 / SMA $145.17,True,4.05%,,N/A,False,194.2M,True,NMS,False,
RWSPF,RWS Holdings plc,1.505,2026-06-18T00:01:31.853183+00:00,False,+56.8%,True,$558.6M,,N/A,False,0.1K,True,$1.50 / SMA $1.25,False,0.00%,,N/A,False,205.6M,False,PNK,False,
RXT,"Rackspace Technology, Inc.",7.53,2026-06-17T23:59:31.490147+00:00,True,+1816.0%,True,$1876.6M,True,+109.7%,True,20981.2K,True,$7.53 / SMA $3.69,True,18.49%,False,+1.9%,True,102.3M,True,NMS,False,
RYAN,"Ryan Specialty Holdings, Inc.",35.28,2026-06-17T23:53:20.987186+00:00,False,+20.5%,True,$9313.1M,True,+159.1%,True,2478.0K,True,$35.28 / SMA $33.54,True,4.69%,False,+15.2%,True,113.6M,True,NYQ,False,
RYBIF,Ryobi Limited,17.7,2026-06-18T00:02:59.207121+00:00,False,+18.0%,True,$563.0M,,N/A,False,0.0K,True,$17.70 / SMA $16.69,False,0.23%,,N/A,True,27.9M,False,PNK,False,
RYKKY,"Ryohin Keikaku Co., Ltd.",11.7,2026-06-17T23:53:07.968915+00:00,False,+33.6%,True,$12449.9M,,N/A,False,4.3K,True,$11.70 / SMA $11.51,True,5.34%,,N/A,False,240.1M,False,PNK,False,
RYN,Rayonier Inc.,20.73,2026-06-17T23:55:05.106367+00:00,False,+6.4%,True,$6269.4M,False,+-150.0%,True,2485.6K,True,$20.73 / SMA $20.63,False,2.44%,True,+233.8%,False,281.8M,True,NYQ,False,
SAABF,Saab AB (publ),53.04,2026-06-17T23:52:43.574997+00:00,False,+12.8%,True,$28647.0M,False,+-0.4%,False,2.9K,False,$53.04 / SMA $59.21,False,1.73%,False,+-8.1%,False,372.6M,False,PNK,False,
SABR,Sabre Corporation,1.86,2026-06-17T23:59:50.600560+00:00,True,+129.6%,True,$735.3M,False,+-77.8%,True,6068.3K,True,$1.86 / SMA $1.75,True,7.32%,False,+8.3%,False,262.2M,True,NMS,False,
SAFRF,Safran SA,370.83,2026-06-17T23:52:22.332107+00:00,False,+26.1%,True,$154021.5M,,N/A,False,5.2K,True,$370.83 / SMA $340.22,False,2.62%,,N/A,False,314.6M,False,PNK,False,
SAFRY,Safran SA,92.9,2026-06-17T23:52:22.601787+00:00,False,+26.0%,True,$154341.3M,,N/A,False,308.7K,True,$92.90 / SMA $84.55,False,2.05%,,N/A,False,1258.5M,False,PNK,False,
SATL,Satellogic Inc.,6.17,2026-06-17T23:57:40.247137+00:00,True,+391.6%,True,$914.7M,False,+-147.1%,True,11722.1K,False,$6.17 / SMA $7.69,True,11.32%,True,+80.3%,True,119.3M,True,NCM,False,
SATLF,"ZOZO, Inc.",7.15,2026-06-17T23:55:05.280258+00:00,False,+9.7%,True,$6322.9M,,N/A,False,0.0K,True,$7.15 / SMA $7.07,False,0.00%,,N/A,False,412.6M,False,PNK,False,
SAUHF,Straumann Holding AG,119.7,2026-06-17T23:52:55.898006+00:00,False,+28.5%,True,$19194.9M,,N/A,False,0.5K,True,$119.70 / SMA $112.37,False,0.74%,,N/A,True,107.9M,False,PNK,False,
SAXPF,Sampo Oyj,10.16,2026-06-17T23:52:44.993497+00:00,False,+3.7%,True,$26864.3M,False,+-133.3%,False,0.5K,False,$10.16 / SMA $10.24,False,0.00%,True,+36.6%,False,2045.9M,False,PNK,False,
SBAC,SBA Communications Corporation,191.57,2026-06-17T23:52:52.333458+00:00,False,+18.0%,True,$20318.5M,False,+-1.7%,True,1160.1K,False,$191.57 / SMA $209.56,True,3.13%,False,+5.9%,True,105.3M,True,NMS,False,
SBCLY,SBCLY,15.02,2026-06-17T23:55:32.292705+00:00,False,+40.5%,,N/A,,N/A,False,1.7K,True,$15.02 / SMA_short $13.01,,N/A,,N/A,True,24.4M,False,PNK,False,
SBRA,"Sabra Health Care REIT, Inc.",18.05,2026-06-17T23:55:13.451838+00:00,False,+5.1%,True,$4552.0M,False,+-5.9%,True,2457.3K,False,$18.05 / SMA $19.82,False,2.80%,False,+20.8%,False,248.0M,True,NMS,False,
SCD,LMP Capital and Income Fund Inc.,15.585,2026-06-18T00:01:47.156276+00:00,False,+13.0%,True,$357.0M,,N/A,False,64.9K,True,$15.59 / SMA $15.21,False,1.62%,,N/A,,N/A,True,NYQ,False,
SCGLF,Société Générale Société anonyme,87.54,2026-06-17T23:52:34.258688+00:00,False,+60.7%,True,$63907.3M,,N/A,False,0.8K,True,$87.54 / SMA $81.96,False,0.46%,False,+-77.9%,False,729.8M,False,OID,False,
SCOTF,Scout24 SE,85.0,2026-06-17T23:55:06.824523+00:00,False,+6.2%,True,$6010.8M,,N/A,False,0.0K,False,$85.00 / SMA $93.00,False,0.00%,,N/A,True,68.7M,False,PNK,False,
SCRYY,SCOR SE,3.77,2026-06-17T23:53:29.999557+00:00,False,+27.8%,True,$6735.2M,,N/A,False,8.7K,True,$3.77 / SMA $3.64,False,2.50%,,N/A,False,1696.4M,False,PNK,False,
SCVPY,The Siam Cement Public Company Limited,7.55,2026-06-17T23:53:23.069410+00:00,False,+54.1%,True,$9060.0M,True,+464.1%,False,0.2K,True,$7.55 / SMA $7.46,False,0.00%,False,+-0.9%,False,705.6M,False,PNK,False,
SDMHF,Sartorius Stedim Biotech S.A.,204.0,2026-06-17T23:52:55.892465+00:00,False,+14.4%,True,$19844.7M,,N/A,False,1.8K,True,$204.00 / SMA $198.73,False,1.70%,False,+1.4%,True,27.6M,False,PNK,False,
SDRL,Seadrill Limited,40.21,2026-06-17T23:55:36.131188+00:00,False,+57.8%,True,$2514.4M,True,+52.2%,True,676.8K,False,$40.21 / SMA $47.84,True,3.70%,False,+6.9%,True,57.5M,True,NYQ,False,
SDRMF,SiteMinder Limited,3.0,2026-06-17T23:59:48.948021+00:00,False,+55.4%,True,$898.1M,,N/A,False,1.6K,True,$3.00 / SMA $2.29,False,0.77%,,N/A,False,263.5M,False,PNK,False,
SDVKF,Sandvik AB (publ),38.99,2026-06-17T23:52:34.689821+00:00,True,+83.2%,True,$51244.5M,False,+4.0%,False,0.3K,False,$38.99 / SMA $40.24,False,0.28%,False,+4.7%,False,1024.9M,False,PNK,False,
SE,Sea Limited,90.84,2026-06-17T23:52:32.867778+00:00,False,+17.9%,True,$55638.1M,False,+3.1%,True,4051.0K,True,$90.84 / SMA $87.77,True,4.68%,True,+46.6%,False,400.4M,True,NYQ,False,
SECCF,Serco Group plc,3.25,2026-06-17T23:55:29.567014+00:00,False,+28.0%,True,$3189.7M,,N/A,False,0.0K,False,$3.25 / SMA $3.61,False,0.00%,,N/A,False,981.0M,False,PNK,False,
SEDG,"SolarEdge Technologies, Inc.",54.68,2026-06-17T23:55:28.781822+00:00,True,+247.2%,True,$3325.5M,True,+44.1%,True,4038.1K,True,$54.68 / SMA $52.48,True,10.21%,True,+41.5%,True,60.0M,True,NMS,True,
SEIC,SEI Investments Company,91.01,2026-06-17T23:53:12.586904+00:00,False,+21.2%,True,$10946.0M,False,+19.7%,True,834.6K,True,$91.01 / SMA $87.44,False,1.83%,False,+12.8%,True,99.6M,True,NMS,False,
SEKEY,Seiko Epson Corporation,8.73,2026-06-17T23:55:14.796319+00:00,False,+51.8%,True,$5594.7M,,N/A,False,26.7K,True,$8.73 / SMA $7.75,False,1.52%,,N/A,False,557.2M,False,PNK,False,
SESMF,SUSS MicroTec SE,115.0,2026-06-17T23:57:30.066186+00:00,True,+281.1%,True,$2250.8M,False,+-85.1%,False,0.6K,True,$115.00 / SMA $90.93,False,0.42%,False,+-30.7%,True,18.6M,False,PNK,False,
SFGRF,SFGRF,0.87345,2026-06-17T23:55:08.901548+00:00,False,+38.3%,True,$5859.5M,,N/A,False,1.1K,True,$0.87 / SMA $0.85,False,1.07%,,N/A,False,5536.2M,False,PNK,False,
SFIX,"Stitch Fix, Inc.",3.84,2026-06-18T00:01:34.147994+00:00,False,+30.2%,True,$512.4M,True,+83.3%,True,2017.2K,True,$3.84 / SMA $3.57,True,7.16%,False,+4.7%,True,100.5M,True,NMS,False,
SFOSF,"Shanghai Fosun Pharmaceutical (Group) Co., Ltd.",2.02,2026-06-17T23:53:21.988807+00:00,False,+3.3%,True,$7600.6M,,N/A,False,0.0K,False,$2.02 / SMA $2.44,False,0.00%,False,+-0.8%,False,1635.6M,False,PNK,False,
SFTBY,SoftBank Group Corp.,22.1,2026-06-17T23:52:19.368321+00:00,True,+199.5%,True,$251892.4M,False,+-78.8%,True,2590.6K,True,$22.10 / SMA $19.14,True,7.01%,,N/A,False,1830950.2M,False,PNK,False,
SGAMY,Sega Sammy Holdings Inc.,3.41,2026-06-17T23:55:39.360101+00:00,False,+6.6%,True,$2765.4M,,N/A,False,4.5K,False,$3.41 / SMA $3.70,True,4.26%,,N/A,False,566.4M,False,PNK,False,
SGAPY,Singapore Telecommunications Limited,33.76,2026-06-17T23:52:31.236693+00:00,False,+16.9%,True,$55261.5M,,N/A,False,94.9K,False,$33.76 / SMA $36.12,True,3.65%,,N/A,False,793.1M,False,PNK,False,
SGBLY,Standard Bank Group Limited,20.23,2026-06-17T23:52:43.321003+00:00,False,+65.5%,True,$32831.0M,,N/A,False,50.6K,True,$20.23 / SMA $19.14,False,1.53%,,N/A,False,1295.6M,False,PNK,False,
SGLFF,SGL Carbon SE,5.46,2026-06-17T23:59:48.304465+00:00,True,+82.0%,True,$667.6M,,N/A,False,0.3K,True,$5.46 / SMA $5.03,False,0.27%,False,+-19.3%,True,53.5M,False,PNK,False,
SHG,"Shinhan Financial Group Co., Ltd.",67.59,2026-06-17T23:52:44.083803+00:00,False,+58.3%,True,$31825.7M,False,+14.1%,False,269.6K,True,$67.59 / SMA $66.18,False,2.42%,False,+8.0%,False,439.3M,True,NYQ,False,
SHLAF,Schindler Holding AG,339.1,2026-06-17T23:52:41.145505+00:00,False,+2.6%,True,$37030.0M,False,+-0.4%,False,0.0K,False,$339.10 / SMA $341.84,False,0.26%,False,+-9.2%,True,63.0M,False,PNK,False,
SIBN,"SI-BONE, Inc.",15.21,2026-06-17T23:59:48.195222+00:00,False,+32.5%,True,$674.6M,True,+33.3%,True,678.4K,True,$15.21 / SMA $14.04,True,4.32%,False,+11.2%,True,42.8M,True,NGM,False,
SID,Companhia Siderúrgica Nacional,1.12,2026-06-17T23:57:35.258923+00:00,False,+0.9%,True,$1489.3M,False,+0.6%,True,4306.5K,False,$1.12 / SMA $1.29,True,5.48%,False,+-2.8%,False,624.8M,True,NYQ,False,
SIEGY,Siemens Aktiengesellschaft,156.69,2026-06-17T23:52:19.531574+00:00,False,+35.6%,True,$241031.3M,,N/A,False,200.9K,True,$156.69 / SMA $150.42,False,1.90%,False,+-0.0%,False,1554.6M,False,PNK,False,
SIMAU,SIM Acquisition Corp. I,11.17,2026-06-18T00:01:50.700354+00:00,False,+6.4%,,N/A,,N/A,False,1.6K,False,$11.17 / SMA $11.86,True,12.70%,,N/A,True,0.4M,True,NGM,False,
SINGF,Singapore Airlines Limited,5.45,2026-06-17T23:53:00.576993+00:00,False,+19.8%,True,$17172.3M,,N/A,False,18.3K,True,$5.45 / SMA $5.09,False,0.20%,False,+10.7%,False,1556.3M,False,PNK,False,
SINGY,Singapore Airlines Limited,11.16,2026-06-17T23:53:00.039140+00:00,False,+20.3%,True,$17581.9M,,N/A,False,100.9K,True,$11.16 / SMA $10.32,False,1.34%,False,+10.7%,False,778.2M,False,PNK,False,
SISXF,Savaria Corporation,21.065,2026-06-17T23:57:43.127891+00:00,False,+52.0%,True,$1514.2M,,N/A,False,3.5K,True,$21.07 / SMA $21.04,False,0.04%,False,+5.5%,True,59.2M,False,PNK,False,
SKHSF,"Sekisui House, Ltd.",19.15,2026-06-17T23:53:07.033337+00:00,False,+1.3%,True,$12413.8M,True,+75.2%,False,1.5K,False,$19.15 / SMA $21.12,False,2.80%,False,+1.7%,False,611.6M,False,OID,False,
SKT,Tanger Inc.,38.68,2026-06-17T23:55:25.342476+00:00,False,+32.3%,True,$4443.4M,True,+41.2%,True,882.5K,True,$38.68 / SMA $36.67,False,2.28%,False,+11.1%,True,112.2M,True,NYQ,False,
SKYT,"SkyWater Technology, Inc.",35.97,2026-06-17T23:57:32.960622+00:00,True,+330.7%,True,$1769.9M,False,+-66.7%,True,1112.8K,True,$35.97 / SMA $34.45,True,4.46%,True,+162.1%,True,36.0M,True,NCM,False,
SLCJY,SLC Agrícola S.A.,2.8,2026-06-17T23:57:39.902692+00:00,False,+10.4%,True,$1390.4M,False,+-50.4%,False,15.2K,False,$2.80 / SMA $3.36,True,3.27%,False,+-6.0%,False,167.8M,False,PNK,False,
SLFIF,Sun Life Financial Inc.,15.75,2026-06-17T23:52:37.851198+00:00,False,+9.8%,,N/A,,N/A,False,0.0K,True,$15.75 / SMA $15.49,False,0.00%,False,+-22.7%,False,553.0M,False,PNK,False,
SLFPY,Aberdeen Group Plc,12.91,2026-06-17T23:55:07.502142+00:00,False,+30.4%,True,$5774.5M,,N/A,False,0.4K,True,$12.91 / SMA $12.08,False,0.00%,,N/A,False,437.4M,False,PNK,False,
SLMBP,SLM Corporation,75.05,2026-06-17T23:55:23.149759+00:00,False,+6.3%,,N/A,,N/A,False,2.9K,True,$75.05 / SMA $73.61,False,0.39%,False,+-3.6%,False,186.5M,True,NMS,False,
SLOIF,Soitec SA,144.0,2026-06-17T23:53:26.756731+00:00,True,+486.1%,True,$5143.7M,,N/A,False,21.3K,False,$144.00 / SMA $152.72,True,7.48%,,N/A,True,27.1M,False,PNK,False,
SM,SM Energy Company,28.09,2026-06-17T23:53:23.798209+00:00,False,+61.0%,True,$6734.5M,False,+-205.7%,True,4781.7K,False,$28.09 / SMA $30.35,True,4.65%,True,+75.8%,False,237.5M,True,NYQ,False,
SMCI,"Super Micro Computer, Inc.",27.78,2026-06-17T23:52:52.856033+00:00,False,+42.6%,True,$16707.4M,True,+323.5%,True,50919.2K,False,$27.78 / SMA $32.66,True,9.03%,True,+122.7%,False,509.4M,True,NMS,False,
SMGSY,SMGSY,6.64,2026-06-17T23:55:31.734838+00:00,False,+0.5%,,N/A,,N/A,False,0.1K,False,$6.64 / SMA_short $7.13,False,0.52%,,N/A,False,205.9M,False,PNK,False,
SMSZF,"SMS Co., Ltd.",8.56,2026-06-17T23:59:26.553184+00:00,False,+0.0%,True,$702.6M,,N/A,False,0.0K,False,$8.56 / SMA $8.56,False,0.00%,,N/A,True,47.0M,False,PNK,False,
SMTGY,SMA Solar Technology AG,6.045,2026-06-17T23:57:17.075723+00:00,True,+230.3%,True,$2097.6M,False,+-131.2%,False,1.8K,False,$6.04 / SMA $6.55,True,4.17%,False,+4.0%,False,267.6M,False,PNK,False,
SNLAF,Sino Land Company Limited,1.32,2026-06-17T23:52:59.284938+00:00,False,+28.2%,True,$12653.7M,,N/A,False,0.2K,False,$1.32 / SMA $1.53,False,0.00%,,N/A,False,3814.9M,False,PNK,False,
SNNRF,SNNRF,52.795,2026-06-17T23:55:27.178576+00:00,False,+9.1%,,N/A,,N/A,False,5.7K,False,$52.80 / SMA_short $56.67,False,0.14%,,N/A,True,47.4M,False,PNK,False,
SNPHY,"Santen Pharmaceutical Co., Ltd.",12.2,2026-06-17T23:55:27.720702+00:00,False,+32.3%,True,$3924.5M,,N/A,False,12.3K,True,$12.20 / SMA $11.41,False,2.62%,,N/A,False,321.7M,False,PNK,False,
SNPS,"Synopsys, Inc.",461.74,2026-06-17T23:52:25.039278+00:00,False,+22.7%,True,$88413.7M,False,+-95.9%,True,1852.5K,False,$461.74 / SMA $478.35,True,4.45%,True,+41.9%,False,190.4M,True,NMS,False,
SNTNF,SNTNF,0.7562,2026-06-17T23:59:44.193410+00:00,True,+7462.0%,True,$745.4M,,N/A,False,0.0K,True,$0.76 / SMA $0.37,False,0.00%,,N/A,False,664.2M,False,PNK,False,
SNWGF,Snowline Gold Corp.,9.08,2026-06-17T23:57:31.888860+00:00,False,+67.8%,True,$1599.0M,False,+-150.0%,False,220.5K,False,$9.08 / SMA $10.63,True,6.30%,,N/A,True,131.5M,False,OQB,False,
SOFWF,SOFWF,16.0,2026-06-17T23:59:51.836142+00:00,True,+174.0%,True,$580.7M,,N/A,False,0.0K,True,$16.00 / SMA $14.48,False,0.00%,True,+33.2%,True,17.1M,False,PNK,False,
SONVF,Sonova Holding AG,245.25,2026-06-17T23:53:01.406248+00:00,False,+17.6%,True,$14569.0M,,N/A,False,0.1K,True,$245.25 / SMA $240.98,False,0.19%,,N/A,True,59.2M,False,PNK,False,
SPIWF,SPIE SA,54.85,2026-06-17T23:53:16.651389+00:00,True,+78.0%,True,$9265.5M,,N/A,False,0.1K,False,$54.85 / SMA $56.24,False,0.00%,,N/A,False,154.3M,False,PNK,False,
SREMF,Sunrise Energy Metals Limited,12.5,2026-06-17T23:57:38.627314+00:00,True,+2807.0%,True,$1922.3M,,N/A,False,36.7K,True,$12.50 / SMA $9.35,True,8.25%,,N/A,True,78.0M,False,OQX,False,
SRTA,"Strata Critical Medical, Inc.",5.79,2026-06-18T00:01:27.928001+00:00,False,+62.2%,True,$501.0M,True,+175.0%,True,910.6K,True,$5.79 / SMA $5.31,True,5.25%,True,+87.4%,True,61.8M,True,NCM,False,
SRTOY,Sartorius Stedim Biotech S.A.,19.96,2026-06-17T23:52:55.552955+00:00,False,+15.7%,True,$19416.6M,,N/A,False,53.7K,False,$19.96 / SMA $20.02,True,4.35%,False,+1.4%,False,276.0M,False,PNK,False,
SSD,"Simpson Manufacturing Co., Inc.",191.79,2026-06-17T23:53:25.378708+00:00,False,+26.7%,True,$7889.9M,False,+15.1%,False,295.9K,True,$191.79 / SMA $185.71,False,2.74%,False,+9.1%,True,40.9M,True,NYQ,False,
SSLLF,Siltronic AG,113.84,2026-06-17T23:55:37.962289+00:00,True,+180.7%,True,$3581.0M,,N/A,False,0.2K,True,$113.84 / SMA $94.32,False,1.26%,False,+-15.0%,True,15.1M,False,PNK,False,
SSP,The E.W. Scripps Company,2.65,2026-06-18T00:01:54.495425+00:00,True,+74.5%,False,$242.6M,False,+9.0%,True,669.2K,False,$2.65 / SMA $3.95,True,6.39%,False,+-1.4%,True,53.6M,True,NMS,False,
STBA,"S&T Bancorp, Inc.",46.55,2026-06-17T23:57:38.970849+00:00,False,+36.9%,True,$1674.7M,False,+8.0%,False,253.4K,True,$46.55 / SMA $44.50,False,2.20%,False,+8.9%,True,35.5M,True,NMS,False,
STLJF,Stella-Jones Inc.,59.0,2026-06-17T23:57:15.407538+00:00,False,+14.3%,True,$3218.8M,False,+18.3%,False,2.9K,True,$59.00 / SMA $57.78,False,0.17%,False,+8.4%,True,54.4M,False,PNK,False,
STM,STMicroelectronics N.V.,73.36,2026-06-17T23:52:30.901090+00:00,True,+247.5%,True,$65201.9M,False,+-33.3%,True,11812.5K,True,$73.36 / SMA $59.80,True,4.98%,False,+23.0%,False,637.7M,True,NYQ,False,
STNG,Scorpio Tankers Inc.,78.04,2026-06-17T23:55:24.228365+00:00,True,+101.0%,True,$3883.9M,True,+254.1%,True,1072.2K,False,$78.04 / SMA $78.38,True,3.04%,True,+46.2%,True,38.9M,True,NYQ,False,
STVN,Stevanato Group S.p.A.,17.06,2026-06-17T23:55:16.037771+00:00,False,+32.4%,True,$4657.4M,False,+0.0%,True,521.4K,True,$17.06 / SMA $16.99,True,4.65%,False,+6.6%,True,48.9M,True,NYQ,False,
STWD,"Starwood Property Trust, Inc.",16.66,2026-06-17T23:53:31.064786+00:00,False,+0.3%,True,$6336.6M,False,+-60.6%,True,3021.6K,False,$16.66 / SMA $17.53,False,1.59%,False,+-4.2%,False,352.7M,True,NYQ,False,
SUHJY,Sun Hung Kai Properties Limited,14.52,2026-06-17T23:52:33.850529+00:00,False,+34.3%,True,$42075.8M,,N/A,False,87.6K,False,$14.52 / SMA $17.08,False,1.91%,,N/A,False,1351.0M,False,OID,False,
SUI,"Sun Communities, Inc.",121.9,2026-06-17T23:53:00.951919+00:00,False,+5.5%,True,$15586.2M,True,+79.4%,True,886.2K,False,$121.90 / SMA $125.73,False,2.32%,False,+7.4%,True,121.6M,True,NYQ,False,
SUOPY,Sumco Corporation,51.0,2026-06-17T23:53:28.332451+00:00,True,+272.3%,True,$8917.7M,,N/A,False,8.0K,True,$51.00 / SMA $38.26,True,3.53%,,N/A,False,171.7M,False,PNK,False,
SUPIF,Supermarket Income REIT plc,1.1,2026-06-17T23:57:45.332232+00:00,False,+46.7%,,N/A,,N/A,False,0.7K,True,$1.10 / SMA $1.09,False,0.00%,,N/A,False,1229.7M,False,PNK,False,
SURYY,"Sumitomo Realty & Development Co., Ltd.",11.735,2026-06-17T23:52:52.073128+00:00,False,+38.1%,True,$21677.3M,,N/A,False,0.8K,False,$11.73 / SMA $13.96,False,2.57%,,N/A,False,1666.4M,False,PNK,False,
SUVPF,Sartorius Aktiengesellschaft,288.215,2026-06-17T23:52:58.954481+00:00,False,+38.6%,True,$19901.9M,,N/A,False,0.0K,True,$288.21 / SMA $263.71,False,0.08%,False,+-0.8%,True,27.5M,False,PNK,False,
SVCO,"Silvaco Group, Inc.",12.63,2026-06-18T00:01:52.971994+00:00,True,+311.4%,True,$422.4M,True,+71.6%,True,508.1K,True,$12.63 / SMA $10.27,True,10.01%,True,+26.0%,True,13.0M,True,NMS,True,
SVYSF,Solvay SA,32.5,2026-06-17T23:55:35.903574+00:00,False,+18.6%,True,$3403.4M,False,+-68.8%,False,1.3K,True,$32.50 / SMA $30.55,False,1.55%,False,+-8.1%,True,66.1M,False,PNK,False,
SWGAY,The Swatch Group AG,13.01,2026-06-17T23:53:06.233735+00:00,False,+64.9%,True,$13744.4M,,N/A,False,88.3K,True,$13.01 / SMA $12.34,False,2.07%,,N/A,False,736.9M,False,PNK,False,
SXC,"SunCoke Energy, Inc.",8.73,2026-06-17T23:59:45.307601+00:00,False,+58.2%,True,$740.8M,False,+-125.0%,True,1785.5K,True,$8.73 / SMA $7.68,True,4.22%,False,+4.4%,True,83.9M,True,NYQ,False,
SYAXF,Elevra Lithium Limited,8.6,2026-06-17T23:57:33.665262+00:00,True,+607.8%,True,$1519.5M,,N/A,False,9.7K,True,$8.60 / SMA $8.30,True,5.12%,,N/A,False,151.7M,False,PNK,False,
TAC,TransAlta Corporation,13.56,2026-06-17T23:55:26.112858+00:00,False,+31.9%,True,$4285.2M,False,+-73.3%,True,1585.1K,True,$13.56 / SMA $13.10,True,3.77%,False,+-25.5%,False,246.3M,True,NYQ,False,
TACO,Berto Acquisition Corp.,10.39,2026-06-18T00:01:40.972465+00:00,False,+2.8%,True,$389.8M,True,+11009.1%,False,86.3K,True,$10.39 / SMA $10.37,False,0.46%,,N/A,True,30.3M,True,NGM,False,
TATT,TAT Technologies Ltd.,45.15,2026-06-18T00:01:31.741521+00:00,True,+76.5%,True,$586.2M,False,+-23.5%,False,224.3K,True,$45.15 / SMA $39.34,True,6.27%,False,+-2.4%,True,13.0M,True,NGM,False,
TBNRL,Tamboran Resources Corporation,0.185,2026-06-17T23:59:32.986148+00:00,True,+226.3%,True,$1289.7M,False,+8.3%,False,4.6K,True,$0.18 / SMA $0.18,False,0.00%,,N/A,False,4811.3M,False,PNK,False,
TCBIO,"Texas Capital Bancshares, Inc.",20.57,2026-06-17T23:55:21.275477+00:00,False,+4.0%,,N/A,,N/A,False,22.4K,False,$20.57 / SMA $20.99,False,0.98%,False,+15.5%,True,40.4M,True,NMS,False,
TCBX,"Third Coast Bancshares, Inc.",38.47,2026-06-17T23:59:49.041203+00:00,False,+28.3%,True,$638.3M,False,+12.8%,False,88.8K,False,$38.47 / SMA $38.83,False,2.46%,True,+25.2%,True,15.2M,True,NYQ,False,
TDG,TransDigm Group Incorporated,1316.75,2026-06-17T23:52:29.540223+00:00,False,+17.2%,True,$73650.5M,False,+11.7%,False,400.2K,True,$1316.75 / SMA $1217.49,False,2.70%,False,+18.3%,True,55.6M,True,NYQ,False,
TDOC,"Teladoc Health, Inc.",7.59,2026-06-17T23:59:25.084414+00:00,True,+72.5%,True,$1370.1M,True,+32.1%,True,4667.9K,True,$7.59 / SMA $6.54,True,5.51%,False,+-2.5%,False,179.3M,True,NYQ,False,
TDVXF,Dynavox Group AB (publ),7.238,2026-06-17T23:59:39.149174+00:00,False,+3.4%,True,$764.0M,False,+-31.4%,False,0.5K,False,$7.24 / SMA $8.77,False,0.22%,False,+0.3%,True,100.9M,False,PNK,False,
TDY,Teledyne Technologies Incorporated,615.35,2026-06-17T23:52:44.967715+00:00,False,+27.4%,True,$28508.6M,False,+21.6%,False,322.8K,False,$615.35 / SMA $630.72,False,2.58%,False,+7.6%,True,45.9M,True,NYQ,False,
TELFY,"Telefónica, S.A.",4.21,2026-06-17T23:52:46.676299+00:00,False,+14.7%,True,$23735.6M,True,+62.5%,False,259.2K,False,$4.21 / SMA $4.50,True,3.41%,,N/A,False,3924.4M,False,PNK,False,
TEN,Tsakos Energy Navigation Limited,37.81,2026-06-17T23:59:22.455430+00:00,True,+101.1%,True,$1139.1M,True,+161.5%,False,359.9K,False,$37.81 / SMA $40.07,True,4.31%,True,+28.4%,True,21.5M,True,NYQ,False,
TERRF,Terna S.p.A.,11.7,2026-06-17T23:52:49.783557+00:00,False,+17.6%,True,$23879.8M,False,+0.4%,False,0.0K,True,$11.70 / SMA $11.68,False,0.00%,False,+9.6%,False,1405.7M,False,PNK,False,
TEX,Terex Corporation,64.18,2026-06-17T23:53:30.226214+00:00,False,+53.9%,True,$7330.4M,False,+-400.0%,True,1208.0K,True,$64.18 / SMA $61.32,True,4.22%,True,+41.1%,True,112.7M,True,NYQ,False,
TFPM,Triple Flag Precious Metals Corp.,30.56,2026-06-17T23:53:31.513053+00:00,False,+35.2%,True,$6313.8M,True,+143.5%,True,623.6K,False,$30.56 / SMA $32.29,True,3.63%,True,+78.7%,True,69.6M,True,NYQ,False,
TFSL,TFS Financial Corporation,16.27,2026-06-17T23:55:19.884552+00:00,False,+29.7%,True,$4562.6M,False,+14.3%,True,829.5K,True,$16.27 / SMA $15.22,False,1.99%,False,+7.7%,True,50.3M,True,NMS,False,
TGB,Taseko Mines Limited,7.43,2026-06-17T23:57:22.038687+00:00,True,+168.2%,True,$2716.8M,True,+155.6%,True,5048.2K,True,$7.43 / SMA $7.25,True,5.90%,True,+70.4%,False,359.0M,True,ASE,False,
THM,International Tower Hill Mines Ltd.,2.21,2026-06-17T23:59:49.799157+00:00,True,+166.3%,True,$587.5M,,N/A,True,1064.6K,False,$2.21 / SMA $2.45,True,6.65%,,N/A,True,103.6M,True,ASE,False,
THNOF,Technology One Limited,21.37,2026-06-17T23:53:29.200180+00:00,False,+42.8%,True,$7073.8M,,N/A,False,0.1K,True,$21.37 / SMA $20.89,False,0.00%,,N/A,False,275.3M,False,PNK,False,
THO,"THOR Industries, Inc.",71.92,2026-06-17T23:55:25.666914+00:00,False,+3.2%,True,$3744.0M,False,+-26.5%,True,784.8K,False,$71.92 / SMA $77.20,True,4.73%,False,+-3.9%,True,49.6M,True,NYQ,False,
THSGF,Thesis Gold & Silver Inc.,2.3,2026-06-17T23:59:47.823894+00:00,True,+252.8%,True,$641.6M,,N/A,False,65.6K,False,$2.30 / SMA $2.45,True,5.46%,,N/A,False,277.6M,False,OQX,False,
TIGO,Millicom International Cellular S.A.,88.93,2026-06-17T23:53:03.280690+00:00,True,+149.7%,True,$14899.5M,False,+-43.0%,True,1684.4K,True,$88.93 / SMA $83.96,True,4.50%,True,+45.1%,True,92.3M,True,NMS,False,
TIIAY,Telecom Italia S.p.A.,10.98,2026-06-17T23:53:07.112057+00:00,True,+144.9%,True,$2336.8M,,N/A,False,45.7K,True,$10.98 / SMA $8.32,True,3.47%,False,+-12.9%,False,162.1M,False,PNK,False,
TIMB,TIM S.A.,20.99,2026-06-17T23:53:13.179096+00:00,False,+18.9%,True,$10027.6M,False,+3.0%,False,386.7K,False,$20.99 / SMA $24.00,False,2.00%,False,+6.5%,False,477.3M,True,NYQ,False,
TKCBY,"Tokai Carbon Co., Ltd.",47.28,2026-06-17T23:57:25.804579+00:00,True,+106.0%,True,$2523.6M,,N/A,False,0.0K,True,$47.28 / SMA $26.83,False,0.03%,,N/A,True,53.2M,False,PNK,False,
TKGBY,Turkiye Garanti Bankasi A.S.,3.15,2026-06-17T23:53:12.347907+00:00,False,+17.5%,True,$14251.0M,,N/A,False,1.9K,True,$3.15 / SMA $3.02,False,2.41%,True,+51.1%,False,589.1M,False,OQX,False,
TKGSY,"Tokyo Gas Co.,Ltd.",19.37,2026-06-17T23:53:04.863174+00:00,False,+25.0%,True,$12861.1M,,N/A,False,5.2K,False,$19.37 / SMA $20.66,True,6.63%,,N/A,False,603.2M,False,PNK,False,
TKKHF,Tikehau Capital,20.75,2026-06-17T23:55:30.722034+00:00,False,+17.9%,True,$3588.2M,,N/A,False,0.0K,True,$20.75 / SMA $18.70,False,0.00%,,N/A,True,54.5M,False,PNK,False,
TKO,"TKO Group Holdings, Inc.",194.53,2026-06-17T23:52:39.502724+00:00,False,+27.7%,True,$37179.8M,True,+62.3%,True,1416.9K,True,$194.53 / SMA $192.52,True,3.51%,True,+25.9%,True,61.6M,True,NYQ,False,
TKPHF,Takeda Pharmaceutical Company Limited,32.48,2026-06-17T23:52:33.488387+00:00,False,+23.4%,True,$51313.1M,,N/A,False,5.3K,False,$32.48 / SMA $32.72,False,0.24%,False,+3.9%,False,1578.2M,False,PNK,False,
TMCR,The Metals Royalty Company Inc.,9.36,2026-06-17T23:59:43.362722+00:00,False,+7.3%,True,$515.4M,,N/A,False,112.7K,False,$9.36 / SMA $13.39,True,9.41%,,N/A,True,18.0M,True,NCM,False,
TMLDF,TMLDF,6.33,2026-06-17T23:59:26.583692+00:00,True,+143.5%,,N/A,,N/A,False,3.4K,True,$6.33 / SMA_short $4.37,False,1.67%,,N/A,True,107.7M,False,PNK,False,
TMO,Thermo Fisher Scientific Inc.,461.69,2026-06-17T23:52:21.056263+00:00,False,+19.8%,True,$171573.9M,False,+11.3%,True,2214.2K,False,$461.69 / SMA $477.20,False,2.87%,False,+6.2%,False,370.7M,True,NYQ,False,
TMP,Tompkins Financial Corporation,87.93,2026-06-17T23:59:23.573504+00:00,False,+47.3%,True,$1264.7M,True,+32.8%,False,63.3K,True,$87.93 / SMA $85.29,False,2.27%,False,+2.4%,True,13.0M,True,ASE,False,
TMRAF,Tomra Systems ASA,10.03,2026-06-17T23:55:37.021612+00:00,False,+10.5%,True,$2962.8M,False,+-105.9%,False,0.8K,False,$10.03 / SMA $11.23,False,0.03%,False,+-16.1%,False,217.3M,False,PNK,False,
TMTSU,Spartacus Acquisition Corp. II,10.15,2026-06-18T00:01:54.754401+00:00,False,+1.5%,,N/A,,N/A,False,4.7K,False,$10.15 / SMA $10.15,False,0.05%,,N/A,True,21.2M,True,NGM,False,
TMVWF,TeamViewer SE,7.39,2026-06-17T23:59:29.509548+00:00,False,+42.9%,True,$1160.0M,False,+0.0%,False,0.1K,True,$7.39 / SMA $6.42,False,0.07%,False,+3.5%,True,148.6M,False,PNK,False,
TNGX,"Tango Therapeutics, Inc.",32.29,2026-06-17T23:59:43.921912+00:00,True,+602.0%,True,$5257.3M,False,+11.1%,True,3661.4K,True,$32.29 / SMA $24.21,True,8.56%,False,+-100.0%,True,69.6M,True,NGM,False,
TNIEF,tonies SE,13.025,2026-06-17T23:57:41.039620+00:00,True,+101.0%,True,$1665.8M,,N/A,False,0.2K,True,$13.03 / SMA $11.88,False,0.41%,,N/A,True,61.8M,False,PNK,False,
TNLIY,Trainline plc,5.87,2026-06-17T23:59:30.437156+00:00,False,+0.0%,True,$1036.7M,,N/A,False,0.0K,False,$5.87 / SMA $6.08,False,0.00%,,N/A,False,179.9M,False,PNK,False,
TOLWF,Trican Well Service Ltd.,4.95,2026-06-17T23:59:23.828879+00:00,False,+54.2%,True,$1039.4M,,N/A,False,91.4K,False,$4.95 / SMA $5.27,False,2.35%,False,+19.9%,False,188.4M,False,PNK,False,
TOTDF,TOTO LTD.,50.52,2026-06-17T23:53:29.017841+00:00,True,+110.9%,True,$8306.3M,,N/A,False,0.4K,True,$50.52 / SMA $42.09,False,1.23%,,N/A,True,143.1M,False,PNK,False,
TOWCF,TOWA Corporation,19.5,2026-06-17T23:57:45.229378+00:00,True,+85.0%,True,$1463.0M,,N/A,False,11.7K,True,$19.50 / SMA $18.89,True,3.82%,,N/A,True,60.7M,False,PNK,False,
TOYOF,Toyota Motor Corporation,17.72,2026-06-17T23:52:19.288035+00:00,False,+13.6%,True,$209823.4M,,N/A,False,217.9K,False,$17.72 / SMA $19.33,True,5.25%,False,+1.9%,False,12286.2M,False,PNK,False,
TPG,TPG Inc.,42.56,2026-06-17T23:53:00.512941+00:00,False,+15.2%,True,$16356.3M,,N/A,True,2624.3K,True,$42.56 / SMA $42.39,True,4.10%,False,+-24.7%,True,124.8M,True,NMS,False,
TPGVF,Top Glove Corporation Bhd.,0.1917,2026-06-17T23:57:29.426396+00:00,True,+94.0%,True,$1537.0M,False,+0.0%,False,0.8K,False,$0.19 / SMA $0.21,False,0.00%,False,+13.7%,False,4950.8M,False,PNK,False,
TRATF,Traton SE,39.11,2026-06-17T23:52:55.363382+00:00,False,+28.9%,True,$20355.2M,,N/A,False,0.2K,True,$39.11 / SMA $37.20,False,0.00%,False,+-16.3%,True,51.4M,False,PNK,False,
TRGP,Targa Resources Corp.,260.74,2026-06-17T23:52:31.149548+00:00,True,+80.9%,True,$55966.2M,True,+142.9%,True,1284.6K,True,$260.74 / SMA $255.67,False,2.55%,False,+-10.2%,False,211.3M,True,NYQ,False,
TRIN,Trinity Capital Inc.,16.77,2026-06-17T23:57:42.676052+00:00,False,+21.9%,True,$1507.4M,False,+-16.3%,True,1127.4K,True,$16.77 / SMA $16.26,False,1.80%,False,+21.1%,True,86.1M,True,NMS,False,
TRMB,Trimble Inc.,48.87,2026-06-17T23:53:06.221706+00:00,False,+0.2%,True,$11392.2M,True,+55.6%,True,2319.8K,False,$48.87 / SMA $60.09,True,3.65%,False,+11.8%,False,231.9M,True,NMS,False,
TROX,Tronox Holdings plc,7.57,2026-06-17T23:59:24.565068+00:00,True,+164.7%,True,$1207.6M,False,+7.1%,True,3045.5K,False,$7.57 / SMA $8.66,True,6.05%,False,+3.0%,True,118.7M,True,NYQ,False,
TRPCF,Trip.com Group Limited,45.7375,2026-06-17T23:52:41.634905+00:00,False,+0.0%,True,$28801.1M,True,+97.7%,False,0.0K,False,$45.74 / SMA $51.04,False,0.00%,False,+20.8%,False,568.3M,False,PNK,False,
TSBK,"Timberland Bancorp, Inc.",41.99,2026-06-18T00:01:54.356779+00:00,False,+40.2%,True,$328.7M,False,+5.9%,False,34.0K,True,$41.99 / SMA $40.84,False,2.61%,False,+6.2%,True,7.2M,True,NGM,False,
TTAM,Titan America SA,17.59,2026-06-17T23:57:15.620757+00:00,False,+44.4%,True,$3242.9M,False,+-5.3%,False,282.4K,True,$17.59 / SMA $16.19,True,3.38%,False,+1.5%,True,24.5M,True,NYQ,False,
TTE,TotalEnergies SE,82.12,2026-06-17T23:52:20.123944+00:00,False,+43.1%,True,$182707.6M,True,+57.1%,True,1738.0K,False,$82.12 / SMA $89.74,False,1.73%,False,+3.4%,False,1805.0M,True,NYQ,False,
TTGT,"TechTarget, Inc.",3.57,2026-06-18T00:01:47.688356+00:00,False,+4.7%,False,$258.1M,True,+86.6%,False,489.0K,False,$3.57 / SMA $4.76,True,6.78%,False,+2.1%,True,21.9M,True,NMS,False,
TUIFF,TUI AG,7.8,2026-06-17T23:55:26.319241+00:00,False,+8.3%,True,$3958.0M,False,+6.7%,False,0.1K,False,$7.80 / SMA $7.81,False,0.00%,False,+-0.1%,False,429.6M,False,PNK,False,
TWI,"Titan International, Inc.",7.36,2026-06-18T00:01:32.187026+00:00,False,+14.5%,True,$473.8M,False,+-3700.0%,True,942.1K,False,$7.36 / SMA $7.74,True,4.27%,False,+2.9%,True,51.6M,True,NYQ,False,
TWN,"The Taiwan Fund, Inc.",97.56,2026-06-18T00:01:27.134564+00:00,True,+132.0%,True,$560.2M,,N/A,False,43.6K,True,$97.56 / SMA $90.95,True,4.77%,,N/A,,N/A,True,NYQ,False,
TYGO,"Tigo Energy, Inc.",2.68,2026-06-18T00:01:53.770814+00:00,True,+135.1%,False,$203.4M,True,+81.8%,True,630.0K,False,$2.68 / SMA $3.98,True,7.38%,True,+33.7%,True,28.7M,True,NCM,False,
TYIDF,Toyota Industries Corp,132.61,2026-06-17T23:52:38.514931+00:00,False,+24.0%,True,$39845.7M,,N/A,False,0.4K,True,$132.61 / SMA $127.97,False,0.10%,,N/A,True,2.6M,False,PNK,False,
TYIDY,Toyota Industries Corporation,127.97,2026-06-17T23:52:38.204918+00:00,False,+24.1%,True,$38720.4M,,N/A,False,6.3K,True,$127.97 / SMA $126.58,False,2.88%,,N/A,False,300.5M,False,PNK,False,
TYRA,"Tyra Biosciences, Inc.",29.07,2026-06-17T23:57:30.780439+00:00,True,+223.7%,True,$1728.8M,False,+-36.2%,True,957.1K,False,$29.07 / SMA $33.02,True,6.28%,,N/A,True,30.9M,True,NMS,False,
U,Unity Software Inc.,26.47,2026-06-17T23:53:11.778847+00:00,False,+57.7%,True,$11555.1M,False,+-321.1%,True,12333.1K,False,$26.47 / SMA $26.79,True,5.89%,False,+16.8%,False,357.9M,True,NYQ,False,
UAMY,United States Antimony Corporation,7.66,2026-06-17T23:59:22.782660+00:00,True,+294.8%,True,$1135.1M,False,+-1897.8%,True,11888.4K,False,$7.66 / SMA $9.40,True,8.63%,False,+-3.1%,True,130.3M,True,NYQ,False,
UBSI,"United Bankshares, Inc.",44.19,2026-06-17T23:55:06.915117+00:00,False,+29.6%,True,$6089.3M,True,+50.8%,True,893.7K,True,$44.19 / SMA $43.24,False,1.85%,False,+9.3%,True,134.1M,True,NMS,False,
UFCS,"United Fire Group, Inc.",47.98,2026-06-17T23:59:24.335287+00:00,True,+86.0%,True,$1231.0M,True,+71.6%,False,120.3K,True,$47.98 / SMA $43.79,False,2.92%,False,+11.6%,True,22.2M,True,NMS,False,
UHAL,U-Haul Holding Company,61.27,2026-06-17T23:53:18.242793+00:00,False,+46.1%,True,$11639.9M,False,+-52.2%,False,253.1K,True,$61.27 / SMA $53.83,True,3.35%,False,+3.1%,True,107.8M,True,NYQ,False,
UMICY,Umicore SA,6.67,2026-06-17T23:53:26.749032+00:00,True,+102.1%,True,$6432.7M,,N/A,False,35.6K,True,$6.67 / SMA $6.17,False,1.98%,,N/A,False,863.6M,False,PNK,False,
UNBLF,Unibail-Rodamco-Westfield SE,112.954,2026-06-17T23:52:59.788964+00:00,False,+23.2%,True,$16305.8M,,N/A,False,0.2K,False,$112.95 / SMA $117.17,False,0.28%,,N/A,True,115.4M,False,PNK,False,
UNICY,Unicharm Corporation,2.91,2026-06-17T23:53:12.616388+00:00,False,+11.5%,True,$10015.1M,False,+-19.6%,False,377.5K,False,$2.91 / SMA $2.99,False,1.52%,False,+2.9%,False,2199.4M,False,PNK,False,
UNP,Union Pacific Corporation,258.05,2026-06-17T23:52:21.471192+00:00,False,+22.4%,True,$153207.7M,False,+6.3%,True,2971.1K,False,$258.05 / SMA $262.71,False,2.46%,False,+3.2%,False,592.4M,True,NYQ,False,
UOLGF,UOL Group Limited,8.0404,2026-06-17T23:53:29.202794+00:00,True,+78.7%,True,$6807.0M,,N/A,False,0.0K,False,$8.04 / SMA $8.05,False,0.00%,,N/A,False,453.9M,False,PNK,False,
UOVEF,United Overseas Bank Limited,30.0,2026-06-17T23:52:35.235180+00:00,False,+23.1%,True,$49549.5M,,N/A,False,0.2K,True,$30.00 / SMA $29.06,False,0.92%,,N/A,False,1154.1M,False,PNK,False,
URGN,UroGen Pharma Ltd.,32.81,2026-06-17T23:57:44.378290+00:00,True,+157.7%,True,$1598.6M,True,+48.9%,True,786.6K,True,$32.81 / SMA $26.50,True,5.59%,True,+151.6%,True,43.2M,True,NGM,True,
USNA,"USANA Health Sciences, Inc.",18.4,2026-06-18T00:01:48.200685+00:00,False,+10.8%,True,$339.7M,False,+-16.3%,False,117.4K,False,$18.40 / SMA $18.73,True,4.31%,False,+0.3%,True,9.9M,True,NYQ,False,
UTHR,United Therapeutics Corporation,551.47,2026-06-17T23:52:49.005267+00:00,True,+102.7%,True,$23408.1M,False,+-12.2%,True,516.5K,False,$551.47 / SMA $566.30,False,2.30%,False,+-1.6%,True,38.9M,True,NMS,False,
UUUU,Energy Fuels Inc.,15.3,2026-06-17T23:55:19.834852+00:00,True,+187.1%,True,$3823.0M,True,+69.2%,True,10387.8K,False,$15.30 / SMA $18.94,True,7.45%,True,+112.1%,False,247.8M,True,ASE,False,
UVE,"Universal Insurance Holdings, Inc.",37.83,2026-06-17T23:59:29.041427+00:00,True,+72.3%,True,$1055.9M,True,+30.6%,False,195.1K,True,$37.83 / SMA $37.57,False,2.70%,False,+-0.3%,True,25.3M,True,NYQ,False,
VACH,Voyager Acquisition Corp,17.1147,2026-06-18T00:01:56.175504+00:00,True,+118.9%,True,$541.3M,False,+-87.5%,False,24.7K,True,$17.11 / SMA $11.89,True,19.25%,,N/A,True,0.1M,True,NGM,False,
VCISY,Vinci SA,37.28,2026-06-17T23:52:27.930895+00:00,False,+13.9%,True,$82621.3M,,N/A,False,206.6K,True,$37.28 / SMA $37.22,False,1.58%,,N/A,False,1632.8M,False,PNK,False,
VDMCY,Vodacom Group Limited,9.19,2026-06-17T23:52:57.411683+00:00,False,+26.8%,True,$17752.9M,,N/A,False,43.2K,True,$9.19 / SMA $9.15,False,2.58%,,N/A,False,447.7M,False,PNK,False,
VEL,"Velocity Financial, Inc.",17.6,2026-06-17T23:59:47.162568+00:00,False,+8.7%,True,$690.9M,False,+11.8%,False,86.0K,False,$17.60 / SMA $18.25,False,2.56%,False,+24.2%,True,5.3M,True,NYQ,False,
VEOEF,Veolia Environnement SA,41.18,2026-06-17T23:52:44.226399+00:00,False,+26.9%,True,$30152.7M,,N/A,False,21.7K,True,$41.18 / SMA $40.08,False,0.76%,,N/A,False,634.5M,False,PNK,False,
VFC,V.F. Corporation,16.7,2026-06-17T23:53:30.714049+00:00,False,+51.0%,True,$6552.2M,,N/A,True,7463.7K,False,$16.70 / SMA $18.00,True,4.36%,False,+1.0%,False,391.6M,True,NYQ,False,
VHI,"Valhi, Inc.",14.11,2026-06-18T00:01:46.903208+00:00,False,+23.3%,True,$399.3M,False,+-88.1%,False,13.5K,True,$14.11 / SMA $14.09,True,4.18%,False,+4.0%,True,2.4M,True,NYQ,False,
VIK,Viking Holdings Ltd,94.71,2026-06-17T23:52:39.382607+00:00,True,+101.4%,True,$42255.5M,True,+50.0%,True,3141.9K,True,$94.71 / SMA $85.03,True,3.48%,False,+17.5%,False,206.2M,True,NYQ,False,
VINP,Vinci Compass Investments Ltd.,10.18,2026-06-17T23:59:49.084726+00:00,False,+10.7%,True,$667.0M,True,+89.3%,False,87.9K,False,$10.18 / SMA $10.37,True,3.42%,False,+17.1%,True,21.6M,True,NMS,False,
VIPS,Vipshop Holdings Limited,13.37,2026-06-17T23:53:28.526061+00:00,False,+0.8%,True,$6421.2M,False,+20.2%,True,2447.8K,False,$13.37 / SMA $14.39,True,3.08%,False,+1.2%,False,289.5M,True,NYQ,False,
VIST,"Vista Energy, S.A.B. de C.V.",68.52,2026-06-17T23:53:26.981160+00:00,True,+116.6%,True,$7636.0M,False,+19.0%,True,1402.2K,False,$68.52 / SMA $71.13,True,4.05%,True,+97.3%,True,90.2M,True,NYQ,False,
VITL,"Vital Farms, Inc.",10.85,2026-06-18T00:01:35.639108+00:00,False,+36.5%,True,$464.9M,False,+-108.1%,True,3214.4K,False,$10.85 / SMA $11.03,True,6.45%,False,+15.4%,True,34.4M,True,NGM,False,
VLGEA,"Village Super Market, Inc.",40.39,2026-06-17T23:59:49.899237+00:00,False,+34.3%,True,$598.2M,False,+-46.5%,False,55.9K,False,$40.39 / SMA $43.18,True,4.74%,False,+-4.5%,True,9.0M,True,NMS,False,
VLYPO,Valley National Bancorp,24.7,2026-06-17T23:53:25.906174+00:00,False,+2.5%,,N/A,,N/A,False,6.0K,True,$24.70 / SMA $24.52,False,0.45%,False,+12.9%,False,546.4M,True,NMS,False,
VMC,Vulcan Materials Company,294.82,2026-06-17T23:52:41.408181+00:00,False,+16.8%,True,$38254.3M,True,+29.9%,True,1182.4K,True,$294.82 / SMA $283.94,True,3.03%,False,+7.4%,True,129.4M,True,NYQ,False,
VOLVF,AB Volvo (publ),34.72,2026-06-17T23:52:28.898734+00:00,False,+33.4%,True,$70601.5M,False,+-15.8%,False,16.9K,True,$34.72 / SMA $34.59,False,1.10%,False,+-9.1%,False,1943.7M,False,PNK,False,
VOYG,"Voyager Technologies, Inc.",38.54,2026-06-17T23:57:18.121780+00:00,True,+121.4%,True,$2284.0M,False,+-28.8%,True,2222.7K,True,$38.54 / SMA $35.66,True,10.94%,False,+2.1%,True,46.4M,True,NYQ,False,
VRRM,Verra Mobility Corporation,4.71,2026-06-17T23:57:28.546482+00:00,False,+38.5%,True,$715.5M,False,+-15.0%,True,5279.9K,False,$4.71 / SMA $11.23,True,10.58%,False,+0.1%,False,150.3M,True,NCM,False,
VRSN,"VeriSign, Inc.",264.92,2026-06-17T23:52:45.116112+00:00,False,+26.8%,True,$24107.7M,False,+11.4%,True,852.6K,False,$264.92 / SMA $282.47,False,2.82%,False,+6.6%,True,90.4M,True,NMS,False,
VRTX,Vertex Pharmaceuticals Incorporated,458.99,2026-06-17T23:52:24.288235+00:00,False,+26.6%,True,$116494.1M,True,+61.4%,True,1254.1K,True,$458.99 / SMA $437.91,False,2.41%,False,+7.8%,False,253.0M,True,NMS,False,
VSCO,Victoria's Secret & Co,54.3,2026-06-17T23:55:23.963472+00:00,True,+209.8%,True,$4312.8M,True,+2900.0%,True,2489.6K,False,$54.30 / SMA $55.38,True,6.33%,False,+15.3%,True,69.1M,True,NYQ,False,
VSEC,VSE Corporation,208.17,2026-06-17T23:55:17.414573+00:00,False,+68.3%,True,$5840.7M,True,+336.4%,True,615.2K,True,$208.17 / SMA $187.90,True,5.71%,True,+26.8%,True,26.2M,True,NMS,False,
VSTS,Vestis Corporation,12.8,2026-06-17T23:57:40.575882+00:00,True,+221.6%,True,$1690.9M,True,+109.5%,True,1500.1K,True,$12.80 / SMA $11.00,True,4.60%,False,+-0.9%,True,91.3M,True,NYQ,False,
VTKLF,Vtech Holdings Limited,7.0,2026-06-17T23:57:29.764438+00:00,False,+20.5%,True,$1771.3M,,N/A,False,0.5K,False,$7.00 / SMA $7.77,False,0.00%,,N/A,False,158.2M,False,PNK,False,
VTMX,"Corporación Inmobiliaria Vesta, S.A.B. de C.V.",34.32,2026-06-17T23:55:38.686086+00:00,False,+37.3%,True,$3157.9M,True,+583.7%,False,98.1K,False,$34.32 / SMA $34.89,False,2.65%,,N/A,True,64.6M,True,NYQ,False,
VULNF,Vulcan Energy Resources Limited,2.35,2026-06-17T23:59:28.712324+00:00,False,+19.9%,True,$1124.9M,,N/A,False,1.3K,False,$2.35 / SMA $2.56,False,1.78%,,N/A,False,349.3M,False,PNK,False,
VVVNF,Vivendi SE,2.6,2026-06-17T23:57:18.124475+00:00,False,+39.8%,True,$2590.0M,,N/A,False,3.4K,True,$2.60 / SMA $2.58,False,1.84%,,N/A,False,624.3M,False,PNK,False,
VVX,"V2X, Inc.",88.62,2026-06-17T23:57:23.431682+00:00,True,+99.5%,True,$2774.7M,True,+140.0%,True,546.2K,True,$88.62 / SMA $74.30,True,3.46%,False,+23.4%,True,30.8M,True,NYQ,False,
VYX,NCR Voyix Corporation,7.52,2026-06-17T23:59:36.390191+00:00,False,+24.9%,True,$1036.3M,True,+60.0%,True,2351.6K,True,$7.52 / SMA $7.02,True,5.87%,False,+-1.0%,True,117.0M,True,NYQ,False,
WAFDP,"WaFd, Inc.",16.51,2026-06-17T23:57:18.956511+00:00,False,+7.6%,,N/A,,N/A,False,17.2K,True,$16.51 / SMA $16.44,False,1.17%,False,+10.1%,True,73.0M,True,NMS,False,
WARFY,The Wharf (Holdings) Limited,4.91,2026-06-17T23:53:17.853119+00:00,False,+4.0%,True,$7502.5M,,N/A,False,1.7K,False,$4.91 / SMA $6.00,False,1.21%,,N/A,False,478.6M,False,PNK,False,
WASH,"Washington Trust Bancorp, Inc.",34.46,2026-06-17T23:59:50.197138+00:00,False,+36.6%,True,$657.0M,False,+4.8%,False,197.3K,True,$34.46 / SMA $32.99,False,2.85%,False,+11.1%,True,18.6M,True,NMS,False,
WAT,Waters Corporation,357.0,2026-06-17T23:52:41.675048+00:00,False,+29.8%,True,$35052.4M,False,+-142.9%,True,1022.8K,True,$357.00 / SMA $339.97,True,3.41%,True,+91.4%,True,98.0M,True,NYQ,False,
WAWIF,Wallenius Wilhelmsen ASA,14.03,2026-06-17T23:55:07.913731+00:00,True,+92.5%,True,$5964.5M,False,+-41.3%,False,2.5K,True,$14.03 / SMA $13.25,False,0.33%,False,+-6.0%,False,260.8M,False,PNK,False,
WBKCY,WBKCY,51.2,2026-06-17T23:52:25.957137+00:00,False,+9.8%,True,$174843.3M,,N/A,False,3.3K,False,$51.20 / SMA_short $51.55,True,3.16%,,N/A,False,3411.3M,False,PNK,False,
WDS,WDS,20.1,2026-06-17T23:52:36.429859+00:00,False,+40.9%,,N/A,,N/A,True,1157.6K,False,$20.10 / SMA $22.58,False,2.54%,,N/A,False,1895.1M,True,NYQ,False,
WEDXF,The Westaim Corporation,16.05,2026-06-17T23:59:52.277231+00:00,False,+3.5%,True,$532.7M,False,+-194.1%,False,3.6K,False,$16.05 / SMA $17.18,False,0.56%,True,+394.2%,True,19.0M,False,PNK,False,
WEICF,"Weichai Power Co., Ltd.",5.02,2026-06-17T23:52:36.003954+00:00,True,+183.6%,True,$43484.0M,False,+16.1%,False,8.7K,True,$5.02 / SMA $4.86,True,3.06%,False,+8.9%,False,6840.1M,False,PNK,False,
WFRD,Weatherford International plc,94.15,2026-06-17T23:53:24.644917+00:00,True,+103.8%,True,$6771.8M,True,+44.7%,True,1215.9K,False,$94.15 / SMA $104.32,True,3.83%,False,+-3.4%,True,70.3M,True,NMS,False,
WFRSF,West African Resources Limited,2.0,2026-06-17T23:57:20.744113+00:00,True,+166.6%,True,$2286.0M,,N/A,False,2.3K,False,$2.00 / SMA $2.22,False,1.24%,,N/A,False,933.2M,False,PNK,False,
WH,"Wyndham Hotels & Resorts, Inc.",83.57,2026-06-17T23:55:07.428013+00:00,False,+20.7%,True,$6256.1M,False,+2.6%,True,1243.3K,True,$83.57 / SMA $82.19,True,3.62%,False,+3.5%,True,73.7M,True,NYQ,False,
WILC,G. Willi-Food International Ltd.,32.865,2026-06-18T00:01:29.937297+00:00,True,+95.0%,True,$457.0M,False,+3.6%,False,3.0K,True,$32.87 / SMA $32.86,True,3.21%,False,+8.3%,True,5.4M,True,NCM,False,
WIW,Western Asset Inflation-Linked Opportunities & Income Fund,8.43,2026-06-18T00:01:29.038631+00:00,False,+1.2%,True,$515.8M,,N/A,False,245.7K,False,$8.43 / SMA $8.46,False,0.69%,,N/A,,N/A,True,NYQ,False,
WLFC,Willis Lease Finance Corporation,193.5,2026-06-17T23:59:19.768007+00:00,False,+69.7%,True,$1541.5M,True,+49.1%,False,105.6K,False,$193.50 / SMA $193.81,True,3.85%,False,+23.2%,True,2.9M,True,NGM,False,
WLTH,Wealthfront Corporation,8.43,2026-06-17T23:57:35.211154+00:00,False,+17.1%,True,$1259.1M,False,+-60.5%,True,1605.4K,False,$8.43 / SMA $10.79,True,5.58%,False,+7.1%,True,79.5M,True,NMS,False,
WOPEF,Woodside Energy Group Ltd,20.7,2026-06-17T23:52:36.824631+00:00,False,+47.9%,True,$44366.5M,,N/A,False,7.6K,False,$20.70 / SMA $22.64,False,0.45%,,N/A,False,1895.1M,False,PNK,False,
WSBF,"Waterstone Financial, Inc.",19.07,2026-06-18T00:01:50.637960+00:00,False,+45.8%,True,$344.3M,True,+100.0%,False,65.9K,True,$19.07 / SMA $18.47,False,2.00%,,N/A,True,14.8M,True,NMS,False,
WSOUF,WHSP Holdings Limited,30.9,2026-06-17T23:53:10.139813+00:00,False,+41.2%,True,$11739.5M,,N/A,False,0.0K,True,$30.90 / SMA $28.28,False,0.00%,,N/A,False,255.1M,False,PNK,False,
WT,"WisdomTree, Inc.",18.15,2026-06-17T23:57:12.650733+00:00,True,+79.7%,True,$2775.9M,False,+-200.0%,True,3365.1K,True,$18.15 / SMA $17.93,True,3.89%,True,+47.5%,True,135.5M,True,NYQ,False,
WTSHF,Westshore Terminals Investment Corporation,29.1,2026-06-17T23:57:32.780794+00:00,False,+66.8%,True,$1797.5M,True,+63.2%,False,3.2K,True,$29.10 / SMA $27.91,False,0.21%,False,+10.9%,True,32.4M,False,PNK,False,
WTTR,"Select Water Solutions, Inc.",18.04,2026-06-17T23:57:17.355377+00:00,True,+129.5%,True,$2536.0M,False,+0.0%,True,1803.5K,True,$18.04 / SMA $17.45,True,3.51%,False,+-2.3%,True,117.6M,True,NYQ,False,
WU,The Western Union Company,7.17,2026-06-17T23:57:18.725568+00:00,False,+0.3%,True,$2240.2M,False,+-44.4%,True,8736.7K,False,$7.17 / SMA $8.27,False,2.91%,False,+-0.1%,False,310.3M,True,NYQ,False,
WWUEY,Wüstenrot & Württembergische AG,9.01,2026-06-17T23:57:39.497333+00:00,False,+8.6%,True,$1689.4M,,N/A,False,0.0K,True,$9.01 / SMA $8.47,False,0.00%,,N/A,True,43.3M,False,PNK,False,
WWW,"Wolverine World Wide, Inc.",16.7,2026-06-17T23:57:46.231109+00:00,False,+24.0%,True,$1369.2M,True,+60.0%,True,1080.1K,False,$16.70 / SMA $16.95,True,5.14%,False,+11.0%,True,76.2M,True,NYQ,False,
WY,Weyerhaeuser Company,24.33,2026-06-17T23:52:58.474170+00:00,False,+15.0%,True,$17543.0M,True,+100.0%,True,5109.3K,True,$24.33 / SMA $24.05,False,2.49%,False,+-2.0%,False,717.5M,True,NYQ,False,
WYNN,"Wynn Resorts, Limited",102.31,2026-06-17T23:53:15.015688+00:00,False,+18.2%,True,$10618.4M,True,+50.7%,True,1459.3K,False,$102.31 / SMA $103.32,True,3.40%,False,+9.2%,True,73.5M,True,NMS,False,
XIACY,Xiaomi Corporation,15.95,2026-06-17T23:52:25.089444+00:00,False,+0.1%,True,$82176.9M,False,+-14.3%,False,396.2K,False,$15.95 / SMA $19.05,False,1.71%,,N/A,False,3442.2M,False,PNK,False,
XNGSY,ENN Energy Holdings Limited,22.63,2026-06-17T23:53:22.117269+00:00,False,+5.0%,True,$6290.3M,,N/A,False,22.5K,False,$22.63 / SMA $28.66,False,2.06%,,N/A,False,181.0M,False,PNK,False,
XOMA,XOMA Royalty Corporation,41.72,2026-06-18T00:01:28.677746+00:00,True,+87.2%,True,$737.6M,True,+183.3%,False,211.0K,True,$41.72 / SMA $40.85,False,0.77%,False,+-92.8%,True,0.9M,True,NGM,False,
XPER,Xperi Inc.,7.69,2026-06-18T00:01:43.539437+00:00,False,+51.8%,True,$371.2M,True,+58.5%,False,412.9K,True,$7.69 / SMA $7.23,True,3.79%,False,+0.2%,True,37.9M,True,NYQ,False,
XZO,"Exzeo Group, Inc.",13.14,2026-06-17T23:59:25.313467+00:00,False,+6.3%,True,$1194.7M,False,+11.2%,False,232.5K,False,$13.14 / SMA $14.71,True,5.16%,False,+6.0%,True,12.4M,True,NYQ,False,
YEXT,"Yext, Inc.",3.97,2026-06-18T00:01:44.365618+00:00,False,+21.6%,True,$398.0M,True,+100.0%,True,2329.7K,True,$3.97 / SMA $3.83,True,5.87%,False,+-1.4%,True,67.8M,True,NYQ,False,
YITJF,YITJF,2.91,2026-06-17T23:59:47.348162+00:00,False,+0.0%,True,$671.2M,False,+0.0%,False,0.0K,False,$2.91 / SMA $4.80,False,0.00%,False,+-28.4%,True,127.2M,False,PNK,False,
YPF,YPF Sociedad Anónima,50.85,2026-06-17T23:52:54.658183+00:00,True,+122.8%,True,$19939.7M,True,+2675.0%,True,2510.3K,True,$50.85 / SMA $47.11,True,3.79%,False,+7.5%,False,160.6M,True,NYQ,False,
YRAIF,Yara International ASA,48.88,2026-06-17T23:53:03.235469+00:00,False,+37.2%,True,$12451.0M,True,+212.3%,False,0.7K,False,$48.88 / SMA $56.60,False,0.17%,False,+24.2%,False,162.5M,False,OID,False,
YUM,"Yum! Brands, Inc.",154.07,2026-06-17T23:52:37.033102+00:00,False,+12.2%,True,$42465.0M,True,+72.2%,True,1843.2K,False,$154.07 / SMA $154.39,False,2.06%,False,+15.2%,False,274.9M,True,NYQ,False,
ZBIO,ZBIO,18.58,2026-06-17T23:59:25.054067+00:00,True,+108.5%,True,$1173.0M,False,+-82.5%,True,705.7K,False,$18.58 / SMA $19.23,True,7.41%,False,+-100.0%,True,41.1M,True,NMS,False,
ZBRA,Zebra Technologies Corporation,232.98,2026-06-17T23:53:08.633921+00:00,False,+17.0%,True,$11097.6M,False,+3.8%,True,949.1K,False,$232.98 / SMA $235.32,True,4.28%,False,+14.3%,True,47.2M,True,NMS,False,
ZGN,Ermenegildo Zegna N.V.,13.91,2026-06-17T23:55:09.937092+00:00,True,+82.9%,True,$3731.2M,,N/A,True,925.6K,True,$13.91 / SMA $13.03,True,3.64%,,N/A,True,45.5M,True,NYQ,True,
ZHAOF,Zhaojin Mining Industry Company Limited,2.06,2026-06-17T23:53:10.840311+00:00,False,+0.0%,True,$7297.3M,,N/A,False,0.1K,False,$2.06 / SMA $3.63,False,0.99%,,N/A,False,1648.1M,False,PNK,False,
ZIONP,"Zions Bancorporation, National Association",18.75,2026-06-17T23:53:19.347602+00:00,False,+1.9%,,N/A,,N/A,False,5.0K,False,$18.75 / SMA $18.82,False,0.52%,False,+6.8%,True,144.8M,True,NGM,False,
ZNOG,"Zion Oil & Gas, Inc.",0.51,2026-06-17T23:59:46.589871+00:00,True,+240.0%,True,$603.7M,,N/A,True,3860.0K,True,$0.51 / SMA $0.46,True,12.20%,,N/A,False,1098.9M,False,OQX,False,
