ticker,name,price,fetched_at,c1_price_vs_52w_low_passes,c1_price_vs_52w_low_value,c2_market_cap_passes,c2_market_cap_value,c3_eps_growth_passes,c3_eps_growth_value,c4_avg_volume_passes,c4_avg_volume_value,c5_price_vs_sma50_passes,c5_price_vs_sma50_value,c6_volatility_1m_passes,c6_volatility_1m_value,c7_revenue_growth_passes,c7_revenue_growth_value,c8_float_passes,c8_float_value,c9_us_market_passes,c9_us_market_value,passes_all,error
AACI,Armada Acquisition Corp. III,10.0,2026-08-13T22:38:34.474362+00:00,False,+2.7%,True,$340.3M,,N/A,False,24.1K,True,$10.00 / SMA $9.97,False,0.01%,,N/A,True,25.1M,True,NGM,False,
AAUKF,Anglo American plc,56.48,2026-08-13T22:31:04.846430+00:00,True,+96.7%,True,$60517.6M,,N/A,False,3.1K,True,$56.48 / SMA $50.51,False,0.56%,,N/A,False,837.0M,False,OQX,False,
AAVMY,ABN AMRO Bank N.V.,47.88,2026-08-13T22:31:09.621877+00:00,False,+68.5%,True,$39019.1M,False,+13.0%,False,27.4K,True,$47.88 / SMA $42.87,False,1.24%,False,+6.8%,,N/A,False,PNK,False,
AB,AllianceBernstein Holding L.P.,36.59,2026-08-13T22:31:44.024430+00:00,False,+4.8%,True,$3409.3M,False,+20.3%,False,298.5K,True,$36.59 / SMA $36.00,False,1.56%,,N/A,True,92.3M,True,NYQ,False,
ABBRF,AbraSilver Resource Corp.,11.46,2026-08-13T22:34:58.950991+00:00,True,+196.1%,True,$1885.2M,False,+-50.0%,False,184.9K,True,$11.46 / SMA $10.47,True,5.85%,,N/A,True,139.9M,False,OQX,False,
ABM,ABM Industries Incorporated,48.12,2026-08-13T22:34:56.039737+00:00,False,+30.2%,True,$2818.9M,False,+9.0%,True,564.0K,True,$48.12 / SMA $45.74,False,2.35%,False,+8.4%,True,56.8M,True,NYQ,False,
ABR,"Arbor Realty Trust, Inc.",5.26,2026-08-13T22:35:08.395226+00:00,False,+11.2%,True,$1066.4M,False,+-100.0%,True,4261.8K,True,$5.26 / SMA $5.15,True,3.52%,False,+-12.3%,False,177.4M,True,NYQ,False,
ACA,"Arcosa, Inc.",144.96,2026-08-13T22:31:34.205286+00:00,False,+62.8%,True,$7118.5M,True,+446.7%,True,705.6K,True,$144.96 / SMA $140.33,False,0.35%,False,+1.7%,True,47.7M,True,NYQ,False,
ACAA,Averin Capital Acquisition Corp.,10.0056,2026-08-13T22:38:33.322419+00:00,False,+4.7%,True,$357.0M,,N/A,False,15.4K,False,$10.01 / SMA $10.01,False,0.08%,,N/A,True,28.3M,True,NGM,False,
ACCO,ACCO Brands Corporation,4.32,2026-08-13T22:38:33.615672+00:00,False,+53.7%,True,$398.8M,False,+-51.6%,True,818.5K,True,$4.32 / SMA $4.08,True,3.42%,,N/A,True,87.7M,True,NYQ,False,
ACGBF,Agricultural Bank of China Limited,0.77,2026-08-13T22:30:57.876028+00:00,False,+24.2%,True,$269486.9M,False,+5.3%,False,1.1K,True,$0.77 / SMA $0.72,False,0.00%,False,+10.5%,False,200358.3M,False,PNK,False,
ACGLO,Arch Capital Group Ltd.,19.4,2026-08-13T22:31:09.284911+00:00,False,+3.7%,,N/A,,N/A,False,33.1K,True,$19.40 / SMA $19.24,False,0.70%,False,+-9.7%,False,318.6M,True,NMS,False,
ACI,"Albertsons Companies, Inc.",12.4,2026-08-13T22:31:29.396149+00:00,False,+14.2%,True,$6073.3M,False,+-58.5%,True,8603.9K,False,$12.40 / SMA $13.57,True,4.10%,False,+0.2%,False,323.1M,True,NYQ,False,
ACIC,American Coastal Insurance Corporation,9.76,2026-08-13T22:38:26.245963+00:00,False,+0.4%,True,$461.4M,False,+-17.0%,False,300.6K,False,$9.76 / SMA $10.61,True,3.86%,False,+-4.5%,True,22.3M,True,NCM,False,
ACNDF,CapitaLand India Trust,0.81,2026-08-13T22:35:05.837855+00:00,False,+11.0%,False,$1.2M,,N/A,False,10.2K,True,$0.81 / SMA $0.80,True,3.55%,,N/A,False,624.9M,False,PNK,False,
ACRFF,Accor SA,53.55,2026-08-13T22:31:22.579265+00:00,False,+18.9%,True,$12346.6M,,N/A,False,0.4K,False,$53.55 / SMA $54.32,False,0.17%,,N/A,False,191.4M,False,PNK,False,
ACRXF,"Acerinox, S.A.",20.7,2026-08-13T22:31:41.950910+00:00,True,+85.7%,True,$5157.6M,,N/A,False,0.1K,True,$20.70 / SMA $18.42,False,0.00%,False,+5.0%,False,177.9M,False,PNK,False,
ADAMN,"Adamas Trust, Inc.",24.51,2026-08-13T22:35:12.831842+00:00,False,+16.7%,,N/A,,N/A,False,7.6K,True,$24.51 / SMA $23.64,False,1.15%,True,+100.7%,True,83.2M,True,NMS,False,
ADBE,Adobe Inc.,270.49,2026-08-13T22:31:01.055515+00:00,False,+42.3%,True,$107519.8M,False,+7.9%,True,6501.9K,True,$270.49 / SMA $230.37,True,4.61%,False,+12.7%,False,380.2M,True,NMS,False,
ADTTF,Advantest Corporation,214.75,2026-08-13T22:31:00.354930+00:00,True,+216.2%,True,$155499.2M,,N/A,False,1.6K,True,$214.75 / SMA $183.50,True,5.85%,,N/A,False,721.6M,False,PNK,False,
AEOXF,Aeroports de Paris SA,129.905,2026-08-13T22:31:21.945566+00:00,False,+15.4%,True,$12852.7M,,N/A,False,0.1K,True,$129.91 / SMA $129.54,False,0.29%,,N/A,True,25.6M,False,PNK,False,
AFB,"AllianceBernstein National Municipal Income Fund, Inc.",11.02,2026-08-13T22:38:36.499850+00:00,False,+8.9%,True,$316.8M,,N/A,False,86.2K,False,$11.02 / SMA $11.11,False,0.69%,,N/A,,N/A,True,NYQ,False,
AFRAF,Air France-KLM SA,15.07,2026-08-13T22:34:50.395835+00:00,False,+42.4%,True,$3955.0M,,N/A,False,0.1K,True,$15.07 / SMA $14.19,False,0.00%,False,+9.9%,True,114.4M,False,OID,False,
AFRM,"Affirm Holdings, Inc.",78.32,2026-08-13T22:31:14.332651+00:00,True,+86.1%,True,$26229.3M,True,+2900.0%,True,4125.2K,True,$78.32 / SMA $75.23,True,4.28%,True,+32.6%,False,271.3M,True,NMS,False,
AGCC,Agencia Comercial Spirits Ltd,14.82,2026-08-13T22:38:22.591706+00:00,True,+304.9%,True,$337.7M,,N/A,False,48.0K,False,$14.82 / SMA $15.10,True,4.63%,,N/A,True,8.3M,True,NCM,False,
AGLXY,AGL Energy Limited,5.95,2026-08-13T22:31:40.102282+00:00,False,+14.2%,True,$4002.8M,,N/A,False,1.1K,True,$5.95 / SMA $5.95,False,0.77%,,N/A,False,597.8M,False,PNK,False,
AGMB,AgomAb Therapeutics NV,13.945,2026-08-13T22:38:24.950043+00:00,False,+59.4%,True,$686.8M,,N/A,False,95.2K,True,$13.95 / SMA $12.40,True,8.59%,,N/A,True,13.3M,True,NMS,False,
AGNCP,AGNC Investment Corp.,25.33,2026-08-13T22:31:23.129241+00:00,False,+7.2%,,N/A,,N/A,False,52.2K,True,$25.33 / SMA $24.89,False,0.26%,True,+710.7%,False,1166.7M,True,NMS,False,
AHG,Akso Health Group,1.3,2026-08-13T22:35:05.126917+00:00,False,+18.2%,True,$1113.7M,,N/A,False,15.3K,False,$1.30 / SMA $1.44,True,8.88%,,N/A,False,854.0M,True,NCM,False,
AHR,"American Healthcare REIT, Inc.",53.6,2026-08-13T22:31:25.816408+00:00,False,+35.1%,True,$10329.9M,True,+166.7%,True,3390.4K,True,$53.60 / SMA $52.35,False,2.55%,False,+24.3%,False,211.1M,True,NYQ,False,
AI,"C3.ai, Inc.",10.18,2026-08-13T22:35:04.895066+00:00,False,+32.6%,True,$1582.5M,False,+-31.7%,True,6270.6K,True,$10.18 / SMA $9.58,True,5.04%,False,+-52.5%,True,135.3M,True,NYQ,False,
AINSF,Ainsworth Game Technology Limited,0.799,2026-08-13T22:38:35.576767+00:00,False,+34.5%,False,$269.1M,,N/A,False,18.9K,False,$0.80 / SMA $0.95,False,0.17%,,N/A,True,29.8M,False,PNK,False,
AIO,Virtus Artificial Intelligence & Technology Opportunities Fund,26.75,2026-08-13T22:35:11.119514+00:00,False,+27.9%,True,$921.2M,,N/A,False,78.9K,True,$26.75 / SMA $26.47,False,2.05%,,N/A,,N/A,True,NYQ,False,
AIOT,"PowerFleet, Inc.",3.14,2026-08-13T22:38:28.578842+00:00,False,+12.9%,True,$421.5M,True,+77.8%,True,1890.9K,False,$3.14 / SMA $3.99,True,5.89%,False,+10.5%,True,122.0M,True,NGM,False,
AIRS,"AirSculpt Technologies, Inc.",3.38,2026-08-13T22:38:32.196132+00:00,True,+123.8%,False,$243.7M,True,+40.0%,True,691.3K,False,$3.38 / SMA $4.59,True,8.62%,False,+0.0%,True,14.7M,True,NGM,False,
AJNMY,"Ajinomoto Co., Inc.",35.55,2026-08-13T22:31:09.993028+00:00,True,+72.7%,True,$33891.1M,,N/A,False,51.4K,True,$35.55 / SMA $33.42,False,2.02%,,N/A,False,947.6M,False,PNK,False,
AKAAF,Aker ASA,149.0,2026-08-13T22:31:24.799049+00:00,True,+115.9%,True,$11028.6M,,N/A,False,0.1K,True,$149.00 / SMA $126.90,False,0.00%,,N/A,True,21.0M,False,PNK,False,
ALDF,Aldel Financial II Inc.,10.78,2026-08-13T22:38:35.963929+00:00,False,+4.7%,True,$322.0M,False,+-11.7%,False,19.6K,True,$10.78 / SMA $10.70,False,0.03%,,N/A,True,16.0M,True,NGM,False,
ALGM,"Allegro MicroSystems, Inc.",44.13,2026-08-13T22:31:28.052156+00:00,True,+96.9%,True,$8225.9M,True,+214.3%,True,2843.7K,False,$44.13 / SMA $50.36,True,6.77%,True,+27.5%,True,123.6M,True,NMS,False,
ALGN,"Align Technology, Inc.",176.2,2026-08-13T22:31:23.200812+00:00,False,+44.4%,True,$12517.2M,False,+-12.2%,True,1025.0K,True,$176.20 / SMA $174.99,True,3.70%,False,+4.3%,True,63.5M,True,NMS,False,
ALK,"Alaska Air Group, Inc.",47.5,2026-08-13T22:31:38.912412+00:00,False,+43.8%,True,$5299.4M,False,+-147.9%,True,3179.9K,False,$47.50 / SMA $48.00,True,4.06%,False,+9.7%,True,107.8M,True,NYQ,False,
ALLE,Allegion plc,166.44,2026-08-13T22:31:23.972244+00:00,False,+33.2%,True,$14153.5M,False,+16.2%,True,1200.1K,True,$166.44 / SMA $143.06,False,2.84%,False,+12.7%,True,82.7M,True,NYQ,False,
ALLO,"Allogene Therapeutics, Inc.",1.98,2026-08-13T22:38:21.081649+00:00,True,+100.0%,True,$683.4M,True,+35.7%,True,8040.2K,True,$1.98 / SMA $1.95,True,6.25%,,N/A,False,266.4M,True,NMS,False,
ALM,Almonty Industries Inc.,13.85,2026-08-13T22:31:36.664245+00:00,True,+248.9%,True,$3929.8M,True,+84.6%,True,6044.5K,False,$13.85 / SMA $15.30,True,8.52%,True,+221.2%,False,213.0M,True,NCM,False,
ALMR,"Alamar Biosciences, Inc.",32.92,2026-08-13T22:35:04.336740+00:00,True,+74.6%,True,$2284.4M,,N/A,False,313.8K,True,$32.92 / SMA $25.26,True,9.38%,,N/A,True,30.5M,True,NMS,False,
ALMS,Alumis Inc.,24.41,2026-08-13T22:34:52.839625+00:00,True,+549.2%,True,$3112.1M,True,+59.3%,True,1308.3K,False,$24.41 / SMA $25.77,True,6.37%,False,+-90.0%,True,84.1M,True,NMS,False,
ALPMY,Astellas Pharma Inc.,14.52,2026-08-13T22:31:12.091113+00:00,False,+44.8%,True,$26034.6M,,N/A,False,195.4K,True,$14.52 / SMA $13.56,False,1.67%,,N/A,False,1791.7M,False,PNK,False,
ALT,"Altimmune, Inc.",2.88,2026-08-13T22:38:24.769262+00:00,False,+12.5%,True,$560.1M,True,+30.8%,True,4103.1K,False,$2.88 / SMA $2.90,True,5.65%,False,+-100.0%,False,160.0M,True,NGM,False,
ALTI,"AlTi Global, Inc.",4.19,2026-08-13T22:38:27.315554+00:00,False,+52.4%,True,$635.3M,True,+111.1%,False,229.5K,True,$4.19 / SMA $3.48,True,6.88%,True,+28.1%,True,48.7M,True,NCM,False,
ALTO,"Alto Ingredients, Inc.",4.2,2026-08-13T22:38:32.807314+00:00,True,+356.5%,True,$325.8M,True,+200.0%,True,2500.4K,False,$4.20 / SMA $5.15,True,7.89%,False,+12.5%,True,64.6M,True,NCM,False,
AMCR,Amcor plc,46.38,2026-08-13T22:31:17.199408+00:00,False,+27.9%,True,$21443.6M,False,+-11.8%,True,3683.9K,True,$46.38 / SMA $43.19,False,2.67%,True,+77.4%,False,425.3M,True,NYQ,False,
AMGDF,Aston Martin Lagonda Global Holdings plc,0.492,2026-08-13T22:38:22.754062+00:00,False,+23.0%,True,$499.3M,,N/A,False,31.0K,False,$0.49 / SMA $0.53,True,3.49%,True,+62.4%,False,305.3M,False,PNK,False,
AMIGF,Admiral Group plc,50.0,2026-08-13T22:31:21.098843+00:00,False,+32.5%,True,$14945.1M,,N/A,False,0.1K,True,$50.00 / SMA $47.79,False,0.00%,,N/A,False,213.5M,False,PNK,False,
AMKR,"Amkor Technology, Inc.",57.75,2026-08-13T22:31:18.166310+00:00,True,+154.0%,True,$14314.6M,True,+218.2%,True,5786.7K,False,$57.75 / SMA $68.30,True,7.45%,True,+25.6%,True,107.1M,True,NMS,False,
AMNF,"Armanino Foods of Distinction, Inc.",11.7,2026-08-13T22:38:35.323920+00:00,False,+33.7%,True,$363.6M,False,+22.2%,False,50.0K,True,$11.70 / SMA $10.33,False,1.79%,False,+8.3%,,N/A,False,OQX,False,
AMP,"Ameriprise Financial, Inc.",570.68,2026-08-13T22:31:07.254544+00:00,False,+35.1%,True,$50448.1M,False,+11.6%,True,651.3K,True,$570.68 / SMA $502.29,False,2.07%,False,+12.9%,True,85.1M,True,NYQ,False,
AMR,"Alpha Metallurgical Resources, Inc.",155.6,2026-08-13T22:34:56.825280+00:00,False,+16.4%,True,$1972.9M,False,+-152.6%,False,273.8K,False,$155.60 / SMA $163.98,True,5.06%,False,+-10.4%,True,9.9M,True,NYQ,False,
AMRZ,AMRZ,46.75,2026-08-13T22:31:11.362473+00:00,False,+1.6%,True,$25568.8M,False,+-33.4%,True,3279.9K,False,$46.75 / SMA $51.45,False,2.70%,False,+4.7%,False,476.4M,True,NYQ,False,
AMVOY,AMVOY,8.99,2026-08-13T22:31:40.529861+00:00,False,+26.3%,True,$4497.3M,True,+27.6%,False,5.0K,True,$8.99 / SMA $8.66,True,3.58%,False,+-8.3%,False,269.5M,False,PNK,False,
AMXEF,Amex Gold Mining Inc.,3.16,2026-08-13T22:38:28.224529+00:00,True,+119.4%,True,$491.6M,True,+150.0%,False,25.9K,True,$3.16 / SMA $2.98,True,4.90%,,N/A,True,107.3M,False,OQX,False,
AMXOF,"América Móvil, S.A.B. de C.V.",1.18,2026-08-13T22:31:02.296339+00:00,False,+29.2%,True,$70791.7M,False,+8.1%,False,0.8K,True,$1.18 / SMA $1.15,False,0.00%,False,+3.1%,False,17010.4M,False,PNK,False,
ANCTF,Alimentation Couche-Tard Inc.,66.33,2026-08-13T22:31:05.250630+00:00,False,+40.4%,True,$60888.5M,,N/A,False,160.9K,True,$66.33 / SMA $62.95,False,1.09%,False,+19.8%,False,743.9M,False,PNK,False,
ANZFF,Air New Zealand Limited,0.2575,2026-08-13T22:35:13.207142+00:00,False,+15.1%,True,$832.6M,,N/A,False,1.5K,True,$0.26 / SMA $0.25,False,0.10%,,N/A,False,1590.3M,False,PNK,False,
ANZGY,ANZ Group Holdings Limited,26.75,2026-08-13T22:31:02.672399+00:00,False,+29.2%,True,$80545.1M,,N/A,False,126.6K,True,$26.75 / SMA $25.06,False,0.93%,,N/A,False,3008.6M,False,PNK,False,
AONNF,"Aeon Co., Ltd.",8.39,2026-08-13T22:31:11.437646+00:00,False,+0.0%,True,$23212.0M,,N/A,False,0.0K,False,$8.39 / SMA $9.48,False,0.00%,,N/A,False,2558.6M,False,PNK,False,
AORT,"Artivion, Inc.",28.41,2026-08-13T22:35:07.959585+00:00,False,+48.3%,True,$1385.2M,False,+-1033.3%,True,752.8K,True,$28.41 / SMA $24.01,True,4.29%,False,+11.3%,True,45.6M,True,NYQ,False,
APAM,Artisan Partners Asset Management Inc.,42.68,2026-08-13T22:34:50.658889+00:00,False,+25.7%,True,$3030.1M,False,+18.1%,True,860.4K,True,$42.68 / SMA $37.85,False,2.90%,False,+8.9%,True,67.9M,True,NYQ,False,
APELY,"Alps Alpine Co., Ltd.",27.59,2026-08-13T22:34:53.955055+00:00,False,+20.5%,True,$2692.0M,,N/A,False,0.5K,True,$27.59 / SMA $26.24,False,1.39%,,N/A,True,88.0M,False,PNK,False,
APG,APi Group Corporation,43.48,2026-08-13T22:31:16.648107+00:00,False,+30.2%,True,$18790.3M,True,+25.0%,True,2867.5K,True,$43.48 / SMA $41.35,True,3.07%,False,+13.3%,False,329.2M,True,NYQ,False,
APGE,"Apogee Therapeutics, Inc.",134.45,2026-08-13T22:31:33.683833+00:00,True,+279.9%,True,$10176.2M,False,+-14.0%,True,2712.4K,True,$134.45 / SMA $121.38,False,0.19%,,N/A,True,57.9M,True,NGM,False,
APLE,"Apple Hospitality REIT, Inc.",15.87,2026-08-13T22:34:47.110541+00:00,False,+46.3%,True,$3746.6M,False,+3.7%,True,3027.2K,False,$15.87 / SMA $16.30,False,2.18%,False,+4.7%,False,216.8M,True,NYQ,False,
APPS,"Digital Turbine, Inc.",12.62,2026-08-13T22:38:25.291780+00:00,True,+360.6%,True,$1527.2M,True,+30.8%,True,6497.4K,True,$12.62 / SMA $10.23,True,9.53%,True,+26.8%,True,108.6M,True,NCM,True,
APXT,Apex Treasury Corporation,10.11,2026-08-13T22:38:28.341929+00:00,False,+2.4%,True,$464.7M,,N/A,False,234.3K,True,$10.11 / SMA $10.08,False,0.22%,,N/A,True,31.8M,True,NGM,False,
AQN,Algonquin Power & Utilities Corp.,5.82,2026-08-13T22:31:38.962782+00:00,False,+9.4%,True,$4480.8M,False,+-100.0%,True,4508.2K,True,$5.82 / SMA $5.82,False,2.28%,False,+3.1%,False,610.5M,True,NYQ,False,
AQST,"Aquestive Therapeutics, Inc.",4.25,2026-08-13T22:38:26.533065+00:00,False,+45.1%,True,$533.4M,True,+70.8%,True,2303.5K,True,$4.25 / SMA $4.12,True,5.75%,True,+65.7%,True,114.4M,True,NGM,False,
ARCB,ArcBest Corporation,146.74,2026-08-13T22:34:53.112870+00:00,True,+146.9%,True,$3279.8M,False,+-155.4%,False,407.8K,False,$146.74 / SMA $149.44,True,5.07%,False,+15.9%,True,21.8M,True,NMS,False,
AROW,Arrow Financial Corporation,39.05,2026-08-13T22:38:23.781254+00:00,False,+50.9%,True,$723.4M,False,+1.5%,False,91.9K,False,$39.05 / SMA $39.54,False,2.69%,False,+10.1%,True,16.0M,True,NMS,False,
ARRY,"Array Technologies, Inc.",5.17,2026-08-13T22:35:05.182060+00:00,False,+8.4%,True,$796.2M,False,+-73.7%,True,6555.8K,False,$5.17 / SMA $6.60,True,7.06%,False,+-5.6%,True,132.5M,True,NGM,False,
ARX,Accelerant Holdings,19.51,2026-08-13T22:31:42.906355+00:00,True,+112.5%,True,$4257.1M,False,+-166.7%,True,2053.8K,True,$19.51 / SMA $13.39,True,6.45%,True,+58.8%,True,47.2M,True,NYQ,False,
ARXCY,ARXCY,23.5,2026-08-13T22:31:21.512827+00:00,True,+86.8%,True,$13298.0M,False,+-8.8%,False,0.2K,True,$23.50 / SMA $21.84,False,0.09%,True,+57.0%,False,563.9M,False,PNK,False,
ARXS,"Arxis, Inc.",57.69,2026-08-13T22:31:20.031236+00:00,True,+74.0%,True,$24084.1M,,N/A,True,1039.4K,True,$57.69 / SMA $45.53,True,6.84%,,N/A,True,73.9M,True,NMS,True,
ARYTF,Aryt Industries Ltd.,7.9,2026-08-13T22:35:07.220377+00:00,True,+7800.0%,True,$803.6M,,N/A,False,0.1K,False,$7.90 / SMA $9.52,False,0.05%,,N/A,True,54.7M,False,PNK,False,
ASA,ASA Gold and Precious Metals Limited,57.4,2026-08-13T22:35:07.293377+00:00,True,+70.7%,True,$1078.4M,,N/A,False,89.6K,True,$57.40 / SMA $53.98,False,2.97%,,N/A,True,10.7M,True,NYQ,False,
ASAAF,AT & S Austria Technologie & Systemtechnik Aktiengesellschaft,191.5,2026-08-13T22:31:34.897459+00:00,True,+1429.6%,True,$7439.8M,,N/A,False,0.2K,False,$191.50 / SMA $196.69,False,0.71%,True,+39.7%,True,25.1M,False,PNK,False,
ASAZY,ASSA ABLOY AB (publ),18.86,2026-08-13T22:31:07.466385+00:00,False,+12.9%,True,$41898.5M,True,+80.1%,False,483.4K,True,$18.86 / SMA $17.82,False,1.26%,False,+3.5%,False,1989.5M,False,PNK,False,
ASGLY,AGC Inc.,7.22,2026-08-13T22:31:27.815997+00:00,False,+23.0%,True,$7668.4M,,N/A,False,7.4K,False,$7.22 / SMA $8.28,True,4.21%,,N/A,,N/A,False,PNK,False,
ASMLF,ASML Holding N.V.,1849.0,2026-08-13T22:30:57.353082+00:00,True,+158.2%,True,$710200.9M,True,+28.5%,False,8.8K,True,$1849.00 / SMA $1768.97,True,3.42%,False,+21.3%,False,379.5M,False,PNK,False,
ASO,"Academy Sports and Outdoors, Inc.",48.93,2026-08-13T22:34:47.427813+00:00,False,+18.5%,True,$3034.6M,False,+17.6%,True,1478.5K,True,$48.93 / SMA $48.73,True,3.73%,False,+6.7%,True,59.8M,True,NMS,False,
ASOMF,ASOS Plc,3.7,2026-08-13T22:38:29.968086+00:00,False,+27.1%,True,$442.7M,,N/A,False,0.0K,True,$3.70 / SMA $3.68,False,0.00%,,N/A,True,19.1M,False,PNK,False,
ASRHF,ASRHF,8.13,2026-08-13T22:34:58.208172+00:00,True,+104.5%,,N/A,,N/A,False,7.6K,False,$8.13 / SMA_short $9.59,False,1.64%,,N/A,True,98.6M,False,PNK,False,
ATAT,Atour Lifestyle Holdings Limited,33.07,2026-08-13T22:31:38.780359+00:00,False,+7.5%,True,$4569.8M,True,+91.4%,True,969.5K,False,$33.07 / SMA $33.08,False,2.88%,True,+47.5%,True,76.2M,True,NMS,False,
ATAZF,Atea ASA,17.79,2026-08-13T22:35:00.426864+00:00,False,+46.4%,True,$1983.3M,True,+33.3%,False,0.0K,True,$17.79 / SMA $17.54,False,0.00%,False,+21.9%,True,70.3M,False,PNK,False,
ATKR,Atkore Inc.,93.83,2026-08-13T22:34:52.541327+00:00,True,+74.6%,True,$3168.9M,False,+-98.4%,True,714.5K,True,$93.83 / SMA $78.79,False,2.85%,False,+8.1%,True,30.2M,True,NYQ,False,
ATLCP,Atlanticus Holdings Corporation,24.3,2026-08-13T22:35:05.819021+00:00,False,+18.8%,,N/A,,N/A,False,5.2K,True,$24.30 / SMA $24.26,False,0.48%,True,+86.1%,True,5.4M,True,NMS,False,
ATLCY,Atlas Copco AB (publ),19.17,2026-08-13T22:31:01.602465+00:00,False,+40.3%,True,$93523.2M,False,+7.4%,False,22.3K,True,$19.17 / SMA $17.88,False,1.39%,False,+5.3%,False,3917.6M,False,PNK,False,
ATO,Atmos Energy Corporation,169.96,2026-08-13T22:31:10.610651+00:00,False,+6.2%,True,$28721.3M,False,+23.3%,True,1424.9K,False,$169.96 / SMA $173.25,False,1.75%,False,+4.8%,False,160.6M,True,NYQ,False,
AUGO,Aura Minerals Inc.,74.85,2026-08-13T22:31:33.824735+00:00,True,+187.9%,True,$6275.2M,True,+357.0%,True,1032.1K,True,$74.85 / SMA $60.95,True,5.12%,True,+107.6%,True,38.9M,True,NMS,True,
AUPH,Aurinia Pharmaceuticals Inc.,15.18,2026-08-13T22:34:58.705545+00:00,False,+46.8%,True,$2019.7M,True,+75.0%,True,1460.2K,False,$15.18 / SMA $15.92,True,3.46%,False,+18.9%,True,127.3M,True,NGM,False,
AVA,Avista Corporation,38.65,2026-08-13T22:34:48.881199+00:00,False,+8.9%,True,$3237.0M,True,+152.9%,True,749.0K,False,$38.65 / SMA $40.91,False,1.98%,,N/A,True,80.9M,True,NYQ,False,
AVCTF,Avacta Group Plc,0.9,2026-08-13T22:38:28.888283+00:00,False,+40.2%,True,$421.7M,,N/A,False,10.2K,False,$0.90 / SMA $0.97,False,0.00%,,N/A,False,239.6M,False,PNK,False,
AVGO,Broadcom Inc.,417.82,2026-08-13T22:30:57.480820+00:00,False,+48.2%,True,$1987812.3M,True,+85.4%,True,25761.9K,True,$417.82 / SMA $392.04,True,3.68%,True,+47.9%,False,4575.5M,True,NMS,False,
AVNT,Avient Corporation,46.12,2026-08-13T22:34:49.868966+00:00,False,+67.8%,True,$4230.1M,False,+22.8%,True,912.0K,True,$46.12 / SMA $37.60,True,3.65%,False,+5.8%,True,90.7M,True,NYQ,False,
AWTRF,Air Water Inc.,13.91,2026-08-13T22:34:48.125254+00:00,False,+3.1%,True,$3189.1M,,N/A,False,0.0K,False,$13.91 / SMA $14.36,False,0.00%,,N/A,False,182.2M,False,PNK,False,
AX,"Axos Financial, Inc.",100.81,2026-08-13T22:31:37.854968+00:00,False,+34.6%,True,$5719.4M,,N/A,False,378.3K,True,$100.81 / SMA $95.79,False,2.56%,,N/A,True,54.1M,True,NYQ,False,
AXAHY,AXA SA,51.73,2026-08-13T22:31:01.261296+00:00,False,+20.2%,True,$104655.1M,,N/A,False,148.2K,True,$51.73 / SMA $49.89,False,0.87%,,N/A,False,1585.0M,False,OQX,False,
AXG,Solowin Holdings,2.76,2026-08-13T22:38:22.007274+00:00,False,+17.4%,True,$533.0M,,N/A,False,155.1K,False,$2.76 / SMA $3.21,True,3.34%,,N/A,True,55.6M,True,NCM,False,
AXIA,AXIA Energia SA,10.22,2026-08-13T22:31:12.626878+00:00,True,+70.9%,True,$23290.9M,,N/A,True,2434.8K,False,$10.22 / SMA_short $10.32,False,2.87%,False,+9.7%,False,1641.9M,True,NYQ,False,
AXSM,"Axsome Therapeutics, Inc.",213.68,2026-08-13T22:31:22.621652+00:00,True,+98.2%,True,$11192.7M,False,+-3.3%,True,872.2K,False,$213.68 / SMA $235.43,True,4.14%,True,+57.4%,True,42.5M,True,NGM,False,
AXTA,Axalta Coating Systems Ltd.,37.05,2026-08-13T22:31:33.332556+00:00,False,+48.6%,True,$7929.4M,False,+-18.0%,True,2230.9K,True,$37.05 / SMA $33.98,False,2.42%,False,+3.1%,False,206.0M,True,NYQ,False,
BAESY,BAE Systems plc,120.72,2026-08-13T22:31:02.574141+00:00,False,+42.9%,True,$88422.8M,,N/A,False,294.9K,True,$120.72 / SMA $104.99,False,1.53%,,N/A,False,638.9M,False,PNK,False,
BAK,Braskem S.A.,2.07,2026-08-13T22:35:02.667769+00:00,False,+2.0%,True,$467.7M,True,+107.1%,True,2165.6K,False,$2.07 / SMA $2.71,True,6.14%,False,+-20.4%,True,99.9M,True,NYQ,False,
BALY,Bally's Corporation,13.49,2026-08-13T22:38:22.403451+00:00,False,+53.5%,True,$660.3M,,N/A,False,57.6K,False,$13.49 / SMA $13.88,True,5.97%,,N/A,True,9.8M,True,NYQ,False,
BAND,Bandwidth Inc.,54.06,2026-08-13T22:34:58.607724+00:00,True,+332.5%,True,$1739.7M,True,+143.8%,True,1353.4K,False,$54.06 / SMA $59.41,True,9.26%,False,+22.2%,True,28.6M,True,NMS,False,
BANF,BancFirst Corporation,115.68,2026-08-13T22:31:43.136047+00:00,False,+14.0%,True,$3885.3M,False,+5.9%,False,172.1K,True,$115.68 / SMA $113.61,False,2.06%,False,+10.7%,True,23.2M,True,NMS,False,
BBAI,"BigBear.ai Holdings, Inc.",3.34,2026-08-13T22:34:58.365296+00:00,False,+29.0%,True,$1601.5M,True,+93.0%,True,34167.8K,False,$3.34 / SMA $3.42,True,6.26%,False,+13.2%,False,472.9M,True,NYQ,False,
BBAJF,"Banco del Bajío, S.A., Institución de Banca Múltiple",3.3,2026-08-13T22:31:42.714074+00:00,False,+47.7%,True,$3926.8M,False,+-11.0%,False,0.4K,True,$3.30 / SMA $3.17,False,0.00%,False,+-6.1%,False,737.7M,False,PNK,False,
BBBY,"Bed Bath & Beyond, Inc.",4.44,2026-08-13T22:38:30.490491+00:00,False,+6.2%,True,$423.0M,False,+-55.9%,True,2676.3K,False,$4.44 / SMA $5.44,True,6.01%,True,+28.0%,,N/A,True,NYQ,False,
BBCQU,Bleichroeder Acquisition Corp. II,10.75,2026-08-13T22:38:29.257857+00:00,False,+7.3%,,N/A,,N/A,False,1.5K,False,$10.75 / SMA $11.12,False,0.21%,,N/A,True,20.9M,True,NGM,False,
BBN,BlackRock Taxable Municipal Bond Trust,15.98,2026-08-13T22:35:09.755719+00:00,False,+3.3%,True,$987.4M,,N/A,False,145.0K,True,$15.98 / SMA $15.88,False,0.74%,,N/A,,N/A,True,NYQ,False,
BBOT,"BridgeBio Oncology Therapeutics, Inc.",9.23,2026-08-13T22:38:21.399346+00:00,False,+31.9%,True,$740.0M,False,+-188819.3%,False,408.5K,True,$9.23 / SMA $8.26,True,6.08%,,N/A,True,35.7M,True,NGM,False,
BBT,Beacon Financial Corporation,32.36,2026-08-13T22:34:55.399590+00:00,False,+41.9%,True,$2712.3M,True,+208.0%,True,799.3K,True,$32.36 / SMA $30.41,False,2.21%,True,+131.7%,True,77.6M,True,NYQ,False,
BBWI,"Bath & Body Works, Inc.",18.63,2026-08-13T22:31:44.003297+00:00,False,+30.5%,True,$3755.1M,True,+83.7%,True,5699.8K,False,$18.63 / SMA $20.19,True,3.78%,False,+-3.2%,False,186.1M,True,NYQ,False,
BC,Brunswick Corporation,81.6,2026-08-13T22:31:36.732001+00:00,False,+39.3%,True,$5287.5M,True,+88.8%,True,680.3K,True,$81.60 / SMA $81.06,True,3.81%,False,+7.7%,True,61.5M,True,NYQ,False,
BCAR,D. Boral ARC Acquisition I Corp.,6.06,2026-08-13T22:38:29.116973+00:00,False,+51.5%,False,$249.7M,,N/A,True,576.3K,False,$6.06 / SMA $9.13,True,16.48%,,N/A,True,25.5M,True,NGM,False,
BCDRF,"Banco Santander, S.A.",15.28,2026-08-13T22:30:58.967677+00:00,False,+67.9%,True,$217993.4M,,N/A,False,298.1K,True,$15.28 / SMA $13.63,True,4.72%,False,+8.3%,False,14025.4M,False,PNK,False,
BCEFF,BCE Inc.,15.4,2026-08-13T22:31:13.576082+00:00,False,+13.2%,,N/A,,N/A,False,0.0K,True,$15.40 / SMA $15.29,False,0.00%,False,+1.5%,False,920.5M,False,PNK,False,
BCPC,Balchem Corporation,177.14,2026-08-13T22:31:36.790559+00:00,False,+27.3%,True,$5646.9M,False,+18.8%,False,223.8K,True,$177.14 / SMA $166.78,False,2.42%,,N/A,True,31.3M,True,NMS,False,
BCTCF,OSL Group Limited,1.5,2026-08-13T22:35:04.588738+00:00,True,+14900.0%,True,$1348.9M,,N/A,False,0.0K,True,$1.50 / SMA $1.50,False,0.00%,,N/A,False,563.7M,False,PNK,False,
BDC,Belden Inc.,137.16,2026-08-13T22:31:41.153443+00:00,False,+40.0%,True,$5360.0M,False,+13.7%,True,568.1K,True,$137.16 / SMA $114.60,True,3.86%,False,+11.6%,True,38.1M,True,NYQ,False,
BDCIU,BTC Development Corp.,10.25,2026-08-13T22:38:33.734183+00:00,False,+1.6%,,N/A,,N/A,False,1.3K,True,$10.25 / SMA $10.20,False,0.12%,,N/A,True,21.7M,True,NGM,False,
BDJ,BlackRock Enhanced Equity Dividend Trust,9.91,2026-08-13T22:35:01.957139+00:00,False,+17.7%,True,$1753.5M,,N/A,True,518.0K,True,$9.91 / SMA $9.51,False,0.88%,,N/A,,N/A,True,NYQ,False,
BDOUY,"BDO Unibank, Inc.",20.45,2026-08-13T22:31:25.538806+00:00,False,+11.2%,True,$10910.8M,False,+5.5%,False,67.7K,False,$20.45 / SMA $20.46,False,2.91%,False,+13.9%,False,191.3M,False,PNK,False,
BDWBY,Budweiser Brewing Company APAC Limited,3.27,2026-08-13T22:31:22.904311+00:00,False,+7.8%,True,$10815.3M,,N/A,False,1.0K,False,$3.27 / SMA $3.40,False,0.57%,,N/A,False,406.5M,False,PNK,False,
BECTY,Bechtle AG,9.1,2026-08-13T22:31:39.327637+00:00,False,+51.7%,True,$5733.0M,False,+16.1%,False,0.1K,True,$9.10 / SMA $7.66,False,0.54%,False,+7.6%,False,407.6M,False,PNK,False,
BEP,Brookfield Renewable Partners L.P.,35.23,2026-08-13T22:31:24.313071+00:00,False,+46.0%,True,$17174.4M,False,+-68.2%,True,924.5K,True,$35.23 / SMA $33.84,True,3.33%,False,+1.1%,False,222.9M,True,NYQ,False,
BEVFF,Diversified Royalty Corp.,2.95,2026-08-13T22:38:23.747473+00:00,False,+31.1%,True,$551.8M,False,+-20.0%,False,187.6K,False,$2.95 / SMA $3.29,False,1.19%,False,+11.8%,False,167.6M,False,PNK,False,
BFLBF,Bilfinger SE,94.72,2026-08-13T22:31:42.392205+00:00,False,+5.3%,True,$3498.9M,False,+17.9%,False,0.2K,False,$94.72 / SMA $96.99,False,0.00%,False,+3.6%,,N/A,False,PNK,False,
BFLBY,Bilfinger SE,18.32,2026-08-13T22:31:42.805774+00:00,False,+1.0%,True,$3383.7M,False,+17.9%,False,0.2K,False,$18.32 / SMA $18.79,False,0.00%,False,+3.6%,,N/A,False,PNK,False,
BFLY,"Butterfly Network, Inc.",8.86,2026-08-13T22:35:06.815457+00:00,True,+561.2%,True,$2359.3M,False,+16.7%,True,8245.9K,True,$8.86 / SMA $7.30,True,8.66%,True,+39.5%,False,215.2M,True,NYQ,False,
BHE,"Benchmark Electronics, Inc.",80.49,2026-08-13T22:34:50.729433+00:00,True,+124.1%,True,$2891.2M,True,+1733.3%,False,469.1K,False,$80.49 / SMA $85.23,True,5.05%,False,+17.7%,True,34.6M,True,NYQ,False,
BHF,"Brighthouse Financial, Inc.",59.54,2026-08-13T22:31:43.625909+00:00,False,+41.5%,True,$3424.2M,True,+1520.6%,True,579.2K,False,$59.54 / SMA $63.30,False,2.03%,True,+103.8%,True,55.6M,True,NMS,False,
BHVN,Biohaven Ltd.,14.85,2026-08-13T22:35:03.987012+00:00,True,+98.5%,True,$2243.0M,True,+59.4%,True,2855.3K,True,$14.85 / SMA $14.01,True,5.43%,,N/A,True,121.8M,True,NYQ,True,
BIIB,Biogen Inc.,210.65,2026-08-13T22:31:10.945937+00:00,False,+60.2%,True,$31124.4M,False,+-84.8%,True,1239.7K,True,$210.65 / SMA $203.06,True,3.49%,False,+3.4%,True,142.0M,True,NMS,False,
BILL,"BILL Holdings, Inc.",51.31,2026-08-13T22:31:43.537742+00:00,False,+63.4%,True,$5110.3M,True,+209.1%,True,2584.8K,True,$51.31 / SMA $40.33,True,4.54%,False,+13.5%,True,87.1M,True,NYQ,False,
BIP,Brookfield Infrastructure Partners L.P.,40.01,2026-08-13T22:31:16.756356+00:00,False,+35.0%,True,$31557.9M,,N/A,True,878.3K,True,$40.01 / SMA $38.66,True,3.00%,False,+19.4%,False,445.9M,True,NYQ,False,
BJ,"BJ's Wholesale Club Holdings, Inc.",93.53,2026-08-13T22:31:24.012705+00:00,False,+12.4%,True,$11943.1M,False,+-2.7%,True,2096.7K,True,$93.53 / SMA $91.13,False,2.64%,False,+9.9%,True,125.6M,True,NYQ,False,
BJCHY,Beijing Capital International Airport Company Limited,0.97,2026-08-13T22:35:08.677049+00:00,False,+9.0%,True,$888.4M,,N/A,False,0.2K,True,$0.97 / SMA $0.97,False,0.00%,,N/A,False,317.1M,False,PNK,False,
BKE,"The Buckle, Inc.",44.82,2026-08-13T22:34:54.711991+00:00,False,+10.0%,True,$2309.0M,True,+31.4%,True,507.6K,True,$44.82 / SMA $43.62,False,2.49%,False,+6.1%,True,30.4M,True,NYQ,False,
BKGFF,The Berkeley Group Holdings plc,42.35,2026-08-13T22:31:40.273619+00:00,False,+0.0%,True,$3876.5M,,N/A,False,0.0K,False,$42.35 / SMA $45.05,False,0.00%,,N/A,True,73.3M,False,PNK,False,
BKHPF,Bank Hapoalim B.M.,23.0,2026-08-13T22:31:08.564196+00:00,False,+25.8%,True,$30081.5M,False,+-11.5%,False,0.0K,False,$23.00 / SMA $24.74,False,0.00%,False,+-3.2%,False,1306.5M,False,PNK,False,
BKKT,"Bakkt, Inc.",7.4,2026-08-13T22:38:26.111581+00:00,False,+9.6%,True,$330.8M,False,+-136.3%,True,1591.6K,False,$7.40 / SMA $8.04,True,6.95%,False,+-77.1%,True,35.0M,True,NYQ,False,
BKR,Baker Hughes Company,63.44,2026-08-13T22:31:03.580926+00:00,False,+50.3%,True,$62975.2M,False,+-4.2%,True,8670.6K,True,$63.44 / SMA $59.20,False,2.75%,False,+-2.4%,False,957.5M,True,NMS,False,
BKRIF,Bank of Ireland Group plc,21.95,2026-08-13T22:31:15.964218+00:00,False,+51.9%,True,$20698.9M,,N/A,False,1.0K,True,$21.95 / SMA $20.37,False,0.87%,,N/A,False,938.6M,False,PNK,False,
BLMN,"Bloomin' Brands, Inc.",10.79,2026-08-13T22:38:21.789724+00:00,True,+107.9%,True,$923.8M,False,+20.0%,True,2214.4K,True,$10.79 / SMA $8.60,True,5.68%,False,+1.3%,True,81.3M,True,NMS,False,
BLTE,"Belite Bio, Inc",166.28,2026-08-13T22:31:35.803719+00:00,True,+177.1%,True,$6665.3M,False,+-51.1%,False,208.6K,True,$166.28 / SMA $151.89,True,4.13%,,N/A,True,18.5M,True,NCM,False,
BMA,Banco Macro S.A.,80.43,2026-08-13T22:31:37.056589+00:00,True,+110.0%,True,$5142.6M,True,+135.8%,False,276.1K,False,$80.43 / SMA $90.79,True,4.89%,True,+30.7%,True,20.3M,True,NYQ,False,
BMBLF,Brambles Limited,14.31,2026-08-13T22:31:17.756051+00:00,False,+32.1%,True,$19113.9M,,N/A,False,3.1K,True,$14.31 / SMA $13.51,False,0.95%,,N/A,False,1351.0M,False,PNK,False,
BMO,Bank of Montreal,184.16,2026-08-13T22:31:00.673454+00:00,False,+64.1%,True,$128988.7M,True,+41.2%,True,735.7K,True,$184.16 / SMA $174.69,False,1.68%,False,+9.9%,False,684.2M,True,NYQ,False,
BN,Brookfield Corporation,45.11,2026-08-13T22:31:01.007142+00:00,False,+18.9%,True,$100757.5M,True,+200.0%,True,4180.7K,True,$45.11 / SMA $43.65,False,2.13%,False,+3.5%,False,1698.5M,True,NYQ,False,
BNED,"Barnes & Noble Education, Inc.",12.24,2026-08-13T22:38:35.281176+00:00,True,+107.5%,True,$424.0M,,N/A,False,338.5K,True,$12.24 / SMA $11.93,True,4.19%,False,+-4.0%,True,17.3M,True,NYQ,False,
BNKHF,BOC Hong Kong (Holdings) Limited,5.95,2026-08-13T22:31:03.859636+00:00,False,+40.0%,True,$62908.0M,,N/A,False,0.0K,False,$5.95 / SMA $5.99,False,0.00%,,N/A,False,3582.3M,False,PNK,False,
BNTGF,Brenntag SE,69.64,2026-08-13T22:31:26.177502+00:00,False,+34.4%,True,$10055.0M,False,+-26.9%,False,0.0K,True,$69.64 / SMA $66.26,False,0.00%,False,+-10.1%,,N/A,False,PNK,False,
BNTGY,Brenntag SE,14.03,2026-08-13T22:31:26.095090+00:00,False,+37.7%,True,$10128.6M,False,+-26.9%,False,35.5K,True,$14.03 / SMA $13.20,False,1.13%,False,+-10.1%,,N/A,False,PNK,False,
BORAY,"Bora Pharmaceuticals Co., Ltd.",2.59,2026-08-13T22:35:02.721666+00:00,False,+15.1%,True,$329.7M,False,+-98.2%,False,0.0K,True,$2.59 / SMA_short $2.55,False,0.00%,False,+-10.7%,False,371.7M,False,OQX,False,
BORR,Borr Drilling Limited,4.04,2026-08-13T22:35:01.264185+00:00,True,+77.6%,True,$1247.1M,False,+-28.6%,True,6836.7K,False,$4.04 / SMA $4.30,True,4.85%,False,+14.0%,False,220.7M,True,NYQ,False,
BOW,Bowhead Specialty Holdings Inc.,33.49,2026-08-13T22:35:10.453537+00:00,False,+57.9%,True,$1103.3M,True,+33.3%,False,257.7K,True,$33.49 / SMA $29.94,True,3.28%,False,+23.0%,True,30.5M,True,NYQ,False,
BPCGF,"Banco Comercial Português, S.A.",1.28,2026-08-13T22:31:17.973850+00:00,False,+52.4%,True,$18797.9M,False,+1.4%,False,0.1K,True,$1.28 / SMA $1.11,False,0.00%,False,+4.7%,False,8728.5M,False,PNK,False,
BPCGY,"Banco Comercial Português, S.A.",13.105,2026-08-13T22:31:17.884408+00:00,False,+56.0%,True,$19245.8M,False,+1.4%,False,0.5K,True,$13.11 / SMA $12.23,False,0.38%,False,+4.7%,False,872.9M,False,PNK,False,
BPOP,"Popular, Inc.",177.03,2026-08-13T22:31:25.997545+00:00,False,+62.8%,True,$11290.7M,True,+40.8%,True,511.9K,True,$177.03 / SMA $167.47,False,2.08%,False,+9.8%,True,61.0M,True,NMS,False,
BRAI,Braiin Limited,5.69,2026-08-13T22:35:03.435787+00:00,False,+35.9%,True,$1172.6M,,N/A,False,432.2K,False,$5.69 / SMA $6.40,True,9.87%,,N/A,True,40.0M,True,NGM,False,
BRBI,BRBI BR Partners S.A.,9.35,2026-08-13T22:35:12.066705+00:00,False,+0.0%,False,$245.4M,False,+-21.4%,False,0.8K,False,$9.35 / SMA $11.48,False,0.07%,False,+-31.4%,True,26.2M,True,NCM,False,
BRDCF,Bridgestone Corporation,25.1,2026-08-13T22:31:10.967826+00:00,False,+38.7%,True,$31106.9M,,N/A,False,3.0K,True,$25.10 / SMA $22.54,False,1.69%,,N/A,False,1152.3M,False,PNK,False,
BRELY,BRELY,15.31,2026-08-13T22:35:05.233309+00:00,True,+122.0%,True,$857.8M,,N/A,False,0.3K,False,$15.31 / SMA $16.29,False,0.31%,,N/A,True,15.9M,False,OQX,False,
BRKR,Bruker Corporation,57.93,2026-08-13T22:31:31.737821+00:00,True,+103.0%,True,$8826.2M,False,+-920.0%,True,2525.3K,False,$57.93 / SMA $58.40,True,5.37%,False,+5.2%,True,100.9M,True,NMS,False,
BRLGF,Dominion Lending Centres Inc.,6.09,2026-08-13T22:38:27.018480+00:00,False,+4.1%,True,$469.1M,False,+-10.0%,False,0.0K,False,$6.09 / SMA $6.16,False,0.00%,False,+1.3%,True,35.5M,False,PNK,False,
BRRLY,Barry Callebaut AG,13.97,2026-08-13T22:31:28.557518+00:00,False,+22.1%,True,$7659.3M,,N/A,False,44.6K,True,$13.97 / SMA $13.96,False,2.21%,,N/A,False,380.7M,False,PNK,False,
BRZE,"Braze, Inc.",29.87,2026-08-13T22:34:53.589999+00:00,True,+95.7%,True,$3364.3M,True,+29.4%,True,2642.3K,True,$29.87 / SMA $23.78,True,6.17%,True,+30.2%,True,85.9M,True,NMS,True,
BSAC,Banco Santander-Chile,34.28,2026-08-13T22:31:19.804886+00:00,False,+47.1%,True,$16149.8M,True,+40.4%,False,368.7K,True,$34.28 / SMA $33.23,False,2.29%,False,+13.6%,False,294.5M,True,NYQ,False,
BSBR,Banco Santander (Brasil) S.A.,5.77,2026-08-13T22:31:15.481622+00:00,False,+21.5%,True,$43203.0M,False,+-7.1%,True,2276.9K,True,$5.77 / SMA $5.29,False,2.08%,False,+-3.0%,False,1869.3M,True,NYQ,False,
BSDGY,Bosideng International Holdings Limited,31.0,2026-08-13T22:31:33.690626+00:00,False,+34.9%,True,$7204.7M,,N/A,False,0.0K,True,$31.00 / SMA $28.50,False,0.00%,,N/A,True,103.4M,False,PNK,False,
BSY,"Bentley Systems, Incorporated",36.56,2026-08-13T22:31:25.432766+00:00,False,+30.2%,True,$11044.5M,False,+13.6%,True,3093.1K,True,$36.56 / SMA $32.35,True,4.66%,False,+12.8%,True,148.6M,True,NMS,False,
BTDPY,Barratt Redrow plc,8.87,2026-08-13T22:31:38.177190+00:00,False,+39.0%,True,$6170.4M,,N/A,False,132.3K,True,$8.87 / SMA $7.50,False,1.36%,,N/A,False,528.7M,False,PNK,False,
BTT,Blackrock Municipal 2030 Target Term Trust,22.7,2026-08-13T22:35:03.656038+00:00,False,+2.5%,True,$1444.3M,,N/A,False,82.6K,True,$22.70 / SMA $22.61,False,0.56%,,N/A,,N/A,True,NYQ,False,
BULL,Webull Corporation,7.95,2026-08-13T22:34:48.784234+00:00,True,+76.7%,True,$4228.0M,False,+-113.2%,True,11549.1K,True,$7.95 / SMA $7.07,True,4.77%,True,+36.3%,False,346.2M,True,NCM,False,
BV,"BrightView Holdings, Inc.",11.59,2026-08-13T22:35:06.843077+00:00,False,+11.2%,True,$1080.2M,False,+-166.7%,True,938.3K,False,$11.59 / SMA $13.33,True,3.64%,False,+6.1%,True,66.2M,True,NYQ,False,
BVHMY,BVHMY,3.435,2026-08-13T22:35:07.223935+00:00,False,+15.5%,True,$1090.9M,,N/A,False,0.3K,False,$3.44 / SMA $3.49,False,0.00%,,N/A,False,177.1M,False,PNK,False,
BVS,Bioventus Inc.,13.89,2026-08-13T22:35:13.273970+00:00,True,+122.1%,True,$1168.0M,True,+327.3%,True,762.0K,True,$13.89 / SMA $11.10,True,5.62%,False,+3.8%,True,33.5M,True,NMS,False,
BVVBY,Bureau Veritas SA,63.93,2026-08-13T22:31:20.477920+00:00,False,+11.5%,True,$14195.4M,,N/A,False,25.8K,True,$63.93 / SMA $61.43,False,1.02%,,N/A,False,171.3M,False,PNK,False,
BWB,"Bridgewater Bancshares, Inc.",22.24,2026-08-13T22:38:26.200817+00:00,False,+44.9%,True,$620.1M,False,+18.4%,False,185.2K,True,$22.24 / SMA $20.74,False,2.92%,False,+13.9%,True,22.2M,True,NCM,False,
BZLYF,Beazley plc,17.465,2026-08-13T22:31:25.437068+00:00,True,+75.3%,True,$10395.3M,,N/A,False,0.1K,True,$17.46 / SMA $17.08,False,0.00%,,N/A,False,436.0M,False,PNK,False,
BZZUY,Buzzi S.p.A.,23.51,2026-08-13T22:31:26.534121+00:00,False,+1.4%,True,$8299.6M,,N/A,False,2.2K,False,$23.51 / SMA $25.27,False,0.88%,,N/A,True,105.5M,False,PNK,False,
CAC,Camden National Corporation,58.96,2026-08-13T22:35:12.117708+00:00,False,+68.5%,True,$996.2M,True,+62.7%,False,105.0K,True,$58.96 / SMA $54.24,False,2.72%,False,+8.5%,True,16.4M,True,NMS,False,
CAH,"Cardinal Health, Inc.",231.24,2026-08-13T22:31:06.224600+00:00,False,+58.5%,True,$53780.8M,False,+-19.5%,True,2329.4K,True,$231.24 / SMA $228.26,False,2.60%,False,+11.0%,False,224.9M,True,NYQ,False,
CALY,Callaway Golf Company,16.5,2026-08-13T22:34:53.254245+00:00,True,+96.7%,True,$2966.0M,True,+281.8%,True,2330.4K,False,$16.50 / SMA $17.87,True,3.95%,False,+2.0%,False,154.1M,True,NYQ,False,
CAPL,CrossAmerica Partners LP,23.25,2026-08-13T22:35:11.630187+00:00,False,+18.2%,True,$887.1M,False,+-18.8%,False,43.4K,True,$23.25 / SMA $21.70,False,2.57%,False,+22.6%,True,18.2M,True,NYQ,False,
CASBF,CanSino Biologics Inc.,3.145,2026-08-13T22:35:01.578672+00:00,False,+21.0%,True,$777.0M,,N/A,False,0.1K,True,$3.15 / SMA $2.95,False,0.00%,,N/A,False,159.9M,False,PNK,False,
CASH,"Pathward Financial, Inc.",86.13,2026-08-13T22:35:00.900407+00:00,False,+30.8%,True,$1789.2M,False,+-24.3%,False,210.2K,False,$86.13 / SMA $86.51,False,2.58%,False,+-0.4%,True,20.3M,True,NMS,False,
CB,Chubb Limited,344.5,2026-08-13T22:30:59.960543+00:00,False,+29.9%,True,$132908.1M,False,+-0.7%,True,1782.6K,True,$344.50 / SMA $342.70,False,1.87%,False,+7.2%,False,340.4M,True,NYQ,False,
CBLL,CBLL,23.25,2026-08-13T22:38:18.854849+00:00,True,+114.3%,True,$892.3M,False,+-44.4%,False,374.4K,True,$23.25 / SMA $18.72,True,4.68%,True,+29.3%,True,26.2M,True,NMS,False,
CBYDF,Corby Spirit and Wine Limited,11.72,2026-08-13T22:38:37.140512+00:00,False,+22.3%,True,$333.7M,True,+100.0%,False,0.1K,True,$11.72 / SMA $11.21,False,0.24%,False,+21.3%,True,15.8M,False,PNK,False,
CCAP,"Crescent Capital BDC, Inc.",11.33,2026-08-13T22:38:30.086341+00:00,False,+6.5%,True,$417.5M,False,+-481.8%,False,262.2K,True,$11.33 / SMA $11.04,False,2.36%,False,+-295.2%,,N/A,True,NGM,False,
CCBG,"Capital City Bank Group, Inc.",52.49,2026-08-13T22:35:12.907123+00:00,False,+37.2%,True,$898.3M,False,+8.0%,False,94.4K,True,$52.49 / SMA $49.47,False,2.64%,False,+2.7%,True,13.6M,True,NMS,False,
CCEC,Capital Clean Energy Carriers Corp.,22.48,2026-08-13T22:35:04.869268+00:00,False,+34.0%,True,$1351.4M,False,+-5.9%,False,13.6K,True,$22.48 / SMA $21.88,False,2.67%,False,+8.5%,True,7.6M,True,NMS,False,
CCEP,Coca-Cola Europacific Partners PLC,107.48,2026-08-13T22:31:07.137722+00:00,False,+27.0%,True,$47494.7M,,N/A,True,2003.8K,True,$107.48 / SMA $103.39,False,2.18%,,N/A,False,191.2M,True,NMS,False,
CCII,Cohen Circle Acquisition Corp. II,10.3209,2026-08-13T22:38:33.360589+00:00,False,+2.5%,True,$358.1M,True,+28033.0%,False,34.7K,False,$10.32 / SMA $10.33,False,0.10%,,N/A,True,20.7M,True,NGM,False,
CCPPF,Shaftesbury Capital PLC,1.82,2026-08-13T22:31:44.034147+00:00,False,+4.1%,True,$3332.0M,,N/A,False,0.0K,False,$1.82 / SMA $1.82,False,0.00%,,N/A,False,1020.2M,False,PNK,False,
CCRDF,"Yokohama Financial Group, Inc.",11.2125,2026-08-13T22:31:22.457619+00:00,False,+66.1%,True,$12462.4M,,N/A,False,0.1K,True,$11.21 / SMA $10.96,False,0.00%,,N/A,False,1098.6M,False,PNK,False,
CCSI,"Consensus Cloud Solutions, Inc.",39.1,2026-08-13T22:38:26.496210+00:00,True,+93.6%,True,$716.5M,True,+33.6%,False,154.5K,True,$39.10 / SMA $36.15,True,5.02%,False,+4.1%,True,15.5M,True,NMS,False,
CCU,Compañía Cervecerías Unidas S.A.,11.68,2026-08-13T22:34:57.599356+00:00,False,+9.1%,True,$2162.4M,False,+-84.6%,False,161.4K,True,$11.68 / SMA $11.40,True,3.50%,False,+4.8%,True,59.7M,True,NYQ,False,
CCXI,Churchill Capital Corp XI,16.19,2026-08-13T22:38:24.738837+00:00,False,+60.8%,True,$901.8M,,N/A,True,2446.7K,True,$16.19 / SMA $13.88,True,8.10%,,N/A,True,41.4M,True,NGM,False,
CDNTF,"Canadian Tire Corporation, Limited",155.7,2026-08-13T22:31:29.184627+00:00,False,+3.7%,True,$8191.8M,,N/A,False,0.0K,False,$155.70 / SMA $173.90,False,0.11%,False,+-20.8%,,N/A,False,PNK,False,
CDP,COPT Defense Properties,37.28,2026-08-13T22:31:31.082279+00:00,False,+37.8%,True,$4318.7M,False,+17.6%,True,1008.5K,True,$37.28 / SMA $35.98,False,1.96%,,N/A,True,110.2M,True,NYQ,False,
CDW,CDW Corporation,142.05,2026-08-13T22:31:20.150664+00:00,False,+46.3%,True,$17758.7M,False,+4.9%,True,2060.7K,True,$142.05 / SMA $136.23,True,5.15%,False,+10.0%,True,119.9M,True,NMS,False,
CDZIP,Cadiz Inc.,22.5,2026-08-13T22:38:33.114031+00:00,False,+26.6%,,N/A,,N/A,False,6.5K,True,$22.50 / SMA $22.31,False,1.18%,False,+-44.8%,True,55.9M,True,NGM,False,
CEIEF,Coelacanth Energy Inc.,0.565,2026-08-13T22:38:31.119022+00:00,False,+10.1%,True,$358.0M,True,+200.0%,False,26.3K,False,$0.56 / SMA $0.57,False,0.38%,True,+731.3%,False,331.2M,False,PNK,False,
CELH,"Celsius Holdings, Inc.",28.78,2026-08-13T22:31:29.927149+00:00,False,+22.2%,True,$7282.3M,False,+-57.6%,True,10062.5K,False,$28.78 / SMA $29.15,True,5.55%,False,+10.6%,False,191.5M,True,NCM,False,
CEPF,"Cantor Equity Partners IV, Inc.",10.4001,2026-08-13T22:38:24.412563+00:00,False,+3.1%,True,$594.4M,True,+13233.2%,False,44.5K,True,$10.40 / SMA $10.39,False,0.40%,,N/A,True,40.0M,True,NGM,False,
CERS,Cerus Corporation,2.84,2026-08-13T22:38:25.545361+00:00,True,+147.0%,True,$572.3M,True,+66.7%,True,2766.2K,True,$2.84 / SMA $2.79,True,6.77%,False,+9.5%,False,183.8M,True,NGM,False,
CEVA,"CEVA, Inc.",30.37,2026-08-13T22:35:07.708620+00:00,True,+78.4%,True,$855.0M,False,+-14.3%,True,843.0K,False,$30.37 / SMA $40.82,True,7.52%,False,+11.5%,True,23.8M,True,NMS,False,
CEVMY,CTS Eventim AG & Co. KGaA,16.42,2026-08-13T22:31:33.265657+00:00,False,+27.6%,True,$6304.7M,True,+37.5%,False,1.3K,True,$16.42 / SMA $15.54,False,0.34%,False,+23.0%,False,232.7M,False,PNK,False,
CGC,Canopy Growth Corporation,1.01,2026-08-13T22:38:27.870866+00:00,False,+19.7%,True,$452.9M,True,+87.5%,True,5136.7K,True,$1.01 / SMA $0.96,True,4.45%,False,+12.5%,False,422.2M,True,NMS,False,
CGCT,CGCT,,2026-08-13T22:38:34.658715+00:00,False,N/A,False,N/A,False,N/A,False,N/A,False,N/A,False,N/A,False,N/A,False,N/A,False,Unknown,False,No price data available
CGEAF,Cogeco Communications Inc.,43.51,2026-08-13T22:34:58.662106+00:00,False,+10.9%,True,$1828.1M,False,+-1934.1%,False,3.6K,False,$43.51 / SMA $44.25,False,0.15%,False,+-4.9%,True,29.8M,False,PNK,False,
CHKGF,CK Asset Holdings Limited,5.915,2026-08-13T22:31:14.905530+00:00,False,+39.2%,True,$20701.2M,,N/A,False,0.2K,False,$5.92 / SMA $5.95,False,0.08%,,N/A,,N/A,False,PNK,False,
CHSCO,CHS Inc.,25.75,2026-08-13T22:38:34.579083+00:00,False,+0.9%,,N/A,,N/A,False,25.3K,False,$25.75 / SMA $25.78,False,0.63%,,N/A,,N/A,True,NMS,False,
CHVKF,"China Vanke Co., Ltd.",0.2951,2026-08-13T22:31:31.905196+00:00,False,+0.0%,True,$4863.7M,False,+5.7%,False,0.3K,False,$0.30 / SMA $0.33,False,0.00%,False,+-23.9%,False,8676.5M,False,PNK,False,
CHXMF,Troilus Mining Corp.,1.39,2026-08-13T22:38:17.879898+00:00,True,+167.8%,True,$770.4M,False,+-100.0%,False,158.4K,True,$1.39 / SMA $1.26,True,3.19%,,N/A,True,35.3M,False,OQX,False,
CIG,Companhia Energética de Minas Gerais - CEMIG,1.95,2026-08-13T22:31:30.645505+00:00,False,+3.7%,True,$5578.3M,False,+-5.8%,True,6315.3K,False,$1.95 / SMA $2.09,False,2.29%,False,+6.6%,False,2354.2M,True,NYQ,False,
CIGI,Colliers International Group Inc.,105.79,2026-08-13T22:31:37.780375+00:00,False,+19.7%,True,$5406.3M,True,+600.0%,False,229.5K,True,$105.79 / SMA $97.55,True,3.58%,False,+16.7%,True,42.4M,True,NMS,False,
CIHHF,"China Merchants Bank Co., Ltd.",5.62,2026-08-13T22:30:59.736177+00:00,False,+0.0%,True,$141735.5M,,N/A,False,4.6K,False,$5.62 / SMA $5.88,False,0.01%,False,+5.8%,False,15332.4M,False,PNK,False,
CIMN,CIMN,25.06,2026-08-13T22:35:07.515663+00:00,False,+2.8%,,N/A,,N/A,False,7.8K,True,$25.06 / SMA $24.78,False,0.25%,,N/A,,N/A,True,NYQ,False,
CITAF,"COSCO SHIPPING Development Co., Ltd.",0.1154,2026-08-13T22:31:40.678407+00:00,False,+4.9%,True,$1515.4M,,N/A,False,0.9K,True,$0.12 / SMA $0.11,False,0.00%,False,+-22.8%,False,6793.0M,False,PNK,False,
CIVB,"Civista Bancshares, Inc.",28.63,2026-08-13T22:38:26.166727+00:00,False,+45.6%,True,$595.3M,False,+-2.8%,False,125.0K,True,$28.63 / SMA $27.79,False,2.38%,False,+15.1%,True,20.2M,True,NCM,False,
CKHGY,Capitec Limited,149.51,2026-08-13T22:31:09.997445+00:00,False,+57.9%,True,$34633.3M,,N/A,False,2.4K,True,$149.51 / SMA $141.91,False,0.95%,,N/A,False,170.5M,False,PNK,False,
CLDHF,CapitaLand China Trust,0.49,2026-08-13T22:35:11.516316+00:00,False,+0.0%,True,$861.0M,,N/A,False,0.1K,True,$0.49 / SMA $0.47,False,0.00%,,N/A,False,1434.0M,False,PNK,False,
CLDX,"Celldex Therapeutics, Inc.",42.61,2026-08-13T22:34:55.586333+00:00,True,+109.2%,True,$3346.1M,False,+-10.6%,True,1024.0K,True,$42.61 / SMA $36.09,True,4.65%,False,+-97.0%,True,71.1M,True,NCM,False,
CLPBY,Coloplast A/S,6.68,2026-08-13T22:31:20.385868+00:00,False,+18.4%,True,$15054.5M,False,+-193.1%,False,384.5K,True,$6.68 / SMA $6.19,False,1.73%,False,+0.8%,False,1427.0M,False,PNK,False,
CLS,Celestica Inc.,347.63,2026-08-13T22:31:06.856490+00:00,True,+100.7%,True,$43840.0M,True,+74.2%,True,2422.8K,False,$347.63 / SMA $352.27,True,7.58%,True,+62.4%,True,110.4M,True,NYQ,False,
CLYM,Climb Bio Inc,14.73,2026-08-13T22:38:22.952092+00:00,True,+856.5%,True,$846.0M,False,+-38.5%,True,1230.9K,True,$14.73 / SMA $12.49,True,8.01%,,N/A,True,40.7M,True,NGM,False,
CMC,Commercial Metals Company,72.13,2026-08-13T22:31:29.712515+00:00,False,+35.9%,True,$7979.3M,True,+112.3%,True,1252.5K,True,$72.13 / SMA $69.75,True,3.09%,False,+22.9%,True,108.0M,True,NYQ,False,
CMI,Cummins Inc.,631.61,2026-08-13T22:31:01.910226+00:00,False,+62.2%,True,$87155.3M,False,+-21.0%,True,1044.0K,False,$631.61 / SMA $665.62,True,3.61%,False,+2.7%,True,133.1M,True,NYQ,False,
CMII,Columbus Circle Capital Corp II,10.02,2026-08-13T22:38:36.728157+00:00,False,+2.7%,True,$313.9M,,N/A,False,148.6K,False,$10.02 / SMA $10.04,False,0.18%,,N/A,True,21.6M,True,NGM,False,
CMOPF,Cosmo N.V.,77.46,2026-08-13T22:35:01.221587+00:00,False,+6.1%,True,$1331.6M,,N/A,False,0.3K,False,$77.46 / SMA $81.93,False,1.31%,,N/A,True,9.7M,False,PNK,False,
CMP,"Compass Minerals International, Inc.",26.27,2026-08-13T22:35:05.403554+00:00,False,+60.2%,True,$1102.8M,True,+68.3%,True,551.9K,False,$26.27 / SMA $29.53,True,4.77%,False,+0.3%,True,39.2M,True,NYQ,False,
CMPR,Cimpress plc,97.34,2026-08-13T22:34:54.946450+00:00,True,+72.8%,True,$2370.2M,,N/A,False,222.7K,True,$97.34 / SMA $95.85,True,4.76%,False,+8.7%,True,13.8M,True,NMS,False,
CMXHF,CSL Limited,98.03,2026-08-13T22:31:09.305624+00:00,False,+53.6%,True,$46947.7M,,N/A,False,2.6K,True,$98.03 / SMA $81.60,False,0.53%,,N/A,False,481.5M,False,OQX,False,
CNGKY,CK Asset Holdings Limited,11.92,2026-08-13T22:31:13.527069+00:00,False,+34.7%,True,$20858.7M,,N/A,False,5.5K,False,$11.92 / SMA $11.94,False,2.80%,,N/A,,N/A,False,PNK,False,
CNH,CNH Industrial N.V.,10.39,2026-08-13T22:31:22.196857+00:00,False,+15.4%,True,$16708.8M,False,+-35.3%,True,12143.0K,False,$10.39 / SMA $10.66,True,4.08%,False,+2.0%,False,846.0M,True,NYQ,False,
CNK,"Cinemark Holdings, Inc.",37.66,2026-08-13T22:34:50.339789+00:00,True,+74.4%,True,$4365.2M,,N/A,True,2469.8K,True,$37.66 / SMA $33.09,True,3.63%,False,+15.5%,True,99.8M,True,NYQ,False,
CNMD,CONMED Corporation,49.82,2026-08-13T22:35:07.375087+00:00,False,+58.5%,True,$1492.2M,False,+11.6%,True,632.5K,True,$49.82 / SMA $39.94,True,4.45%,False,+0.3%,True,29.2M,True,NYQ,False,
COCO,"The Vita Coco Company, Inc.",65.21,2026-08-13T22:31:39.879483+00:00,True,+99.6%,True,$3773.3M,True,+115.8%,True,1127.5K,False,$65.21 / SMA $72.40,True,4.91%,True,+28.1%,True,48.4M,True,NMS,False,
COIHY,Croda International Plc,22.06,2026-08-13T22:31:35.655609+00:00,False,+35.7%,True,$6148.3M,,N/A,False,6.5K,True,$22.06 / SMA $20.40,False,0.81%,,N/A,False,193.3M,False,PNK,False,
CORT,Corcept Therapeutics Incorporated,110.51,2026-08-13T22:31:32.910587+00:00,True,+285.6%,True,$11946.0M,False,+24.1%,True,1144.1K,True,$110.51 / SMA $92.05,True,4.76%,True,+31.7%,True,89.7M,True,NCM,False,
COVCF,COVER Corporation,10.4,2026-08-13T22:38:18.196904+00:00,False,+42.5%,True,$663.2M,,N/A,False,0.2K,True,$10.40 / SMA $9.51,False,0.00%,,N/A,True,33.7M,False,PNK,False,
CPYYF,Centrica plc,2.13,2026-08-13T22:31:22.840890+00:00,False,+6.5%,True,$9839.4M,,N/A,False,1.8K,False,$2.13 / SMA $2.29,False,0.00%,,N/A,False,3418.9M,False,PNK,False,
CRAN,Crane Harbor Acquisition Corp. II,10.14,2026-08-13T22:38:32.767267+00:00,False,+2.6%,True,$475.6M,,N/A,False,52.6K,True,$10.14 / SMA $10.13,False,0.04%,,N/A,True,29.3M,True,NGM,False,
CRARF,Crédit Agricole S.A.,22.98,2026-08-13T22:31:04.080198+00:00,False,+27.0%,True,$69529.1M,False,+5.4%,False,0.7K,True,$22.98 / SMA $20.18,False,0.07%,False,+-8.6%,False,903.7M,False,PNK,False,
CRD.A,CRD.A,,2026-08-13T22:38:27.021577+00:00,False,N/A,False,N/A,False,N/A,False,N/A,False,N/A,False,N/A,False,N/A,False,N/A,False,Unknown,False,No price data available
CRERF,Carrefour SA,17.55,2026-08-13T22:31:20.008442+00:00,False,+26.7%,True,$12418.6M,,N/A,False,0.6K,False,$17.55 / SMA $18.42,False,0.00%,,N/A,False,585.3M,False,PNK,False,
CRHKY,China Resources Beer (Holdings) Company Limited,5.71,2026-08-13T22:31:24.794972+00:00,False,+8.8%,True,$9261.6M,,N/A,False,181.7K,False,$5.71 / SMA $5.85,False,2.43%,,N/A,False,767.7M,False,PNK,False,
CRK,"Comstock Resources, Inc.",13.58,2026-08-13T22:31:41.244121+00:00,False,+12.0%,True,$3987.4M,False,+-93.2%,True,2585.1K,True,$13.58 / SMA $13.48,True,4.30%,False,+-25.2%,True,61.0M,True,NYQ,False,
CRLFF,Cardinal Energy Ltd.,8.08,2026-08-13T22:35:02.320543+00:00,False,+59.2%,True,$1416.4M,True,+280.0%,False,373.8K,True,$8.08 / SMA $7.88,False,1.69%,True,+81.3%,True,136.6M,False,PNK,False,
CRM,"Salesforce, Inc.",201.37,2026-08-13T22:30:59.388631+00:00,False,+37.6%,True,$164922.0M,True,+52.2%,True,14915.3K,True,$201.37 / SMA $172.34,True,4.00%,False,+13.3%,False,763.3M,True,NYQ,False,
CRNC,Cerence Inc.,8.61,2026-08-13T22:38:27.065376+00:00,False,+47.2%,True,$389.4M,True,+150.0%,True,934.7K,False,$8.61 / SMA $9.84,True,7.34%,False,+11.8%,True,42.7M,True,NMS,False,
CRNCY,Capricorn Energy PLC,10.03,2026-08-13T22:40:11.647348+00:00,True,+113.4%,True,$344.4M,,N/A,False,0.0K,True,$10.03 / SMA $9.22,False,0.00%,,N/A,True,18.2M,False,PNK,False,
CRPAY,CRPAY,12.33,2026-08-13T22:31:27.346061+00:00,False,+2.8%,True,$8003.4M,,N/A,False,0.0K,False,$12.33 / SMA $12.83,False,0.16%,,N/A,True,57.0M,False,PNK,False,
CRUS,"Cirrus Logic, Inc.",121.22,2026-08-13T22:31:28.094562+00:00,False,+12.9%,True,$6075.3M,True,+28.9%,True,650.6K,False,$121.22 / SMA $145.42,True,3.50%,False,+12.9%,True,49.2M,True,NMS,False,
CRVS,"Corvus Pharmaceuticals, Inc.",15.14,2026-08-13T22:35:08.660159+00:00,True,+222.1%,True,$1273.6M,False,+-90.0%,True,1407.7K,True,$15.14 / SMA $13.57,True,5.51%,,N/A,True,67.7M,True,NGM,False,
CSHR,CoinShares PLC,5.01,2026-08-13T22:38:20.725440+00:00,False,+42.7%,True,$660.2M,,N/A,False,245.7K,True,$5.01 / SMA $4.28,True,7.11%,,N/A,True,19.4M,True,NMS,False,
CSL,Carlisle Companies Incorporated,375.8,2026-08-13T22:31:21.259855+00:00,False,+28.1%,True,$14924.6M,False,+7.1%,False,468.6K,True,$375.80 / SMA $355.05,True,3.53%,False,+8.3%,True,37.9M,True,NYQ,False,
CSPKF,COSCO SHIPPING Ports Limited,0.6992,2026-08-13T22:34:53.313079+00:00,False,+7.9%,True,$2808.5M,,N/A,False,0.0K,True,$0.70 / SMA $0.69,False,0.00%,,N/A,False,1123.0M,False,PNK,False,
CSR,Centerspace,55.93,2026-08-13T22:35:07.034519+00:00,False,+3.9%,True,$989.7M,True,+92.0%,False,164.9K,False,$55.93 / SMA $56.11,False,2.71%,False,+-4.0%,True,15.2M,True,NYQ,False,
CTVA,"Corteva, Inc.",75.79,2026-08-13T22:31:04.975779+00:00,False,+25.2%,True,$50566.8M,False,+-9.9%,True,4212.1K,False,$75.79 / SMA $81.63,False,2.44%,,N/A,False,647.2M,True,NYQ,False,
CUBE,CubeSmart,41.75,2026-08-13T22:31:27.314556+00:00,False,+19.0%,True,$9465.4M,,N/A,True,2106.8K,True,$41.75 / SMA $40.84,False,2.10%,False,+1.5%,False,199.8M,True,NYQ,False,
CURB,Curbline Properties Corp.,30.05,2026-08-13T22:34:51.397518+00:00,False,+37.0%,True,$3426.8M,False,+-39.2%,True,1232.6K,False,$30.05 / SMA $30.39,False,2.58%,True,+52.9%,True,103.2M,True,NYQ,False,
CVCCF,CVC Capital Partners plc,16.43,2026-08-13T22:31:17.559186+00:00,False,+31.4%,True,$17945.8M,,N/A,False,0.2K,True,$16.43 / SMA $14.94,False,0.00%,,N/A,False,935.7M,False,PNK,False,
CVGW,CVGW,,2026-08-13T22:38:28.131229+00:00,False,N/A,False,N/A,False,N/A,False,N/A,False,N/A,False,N/A,False,N/A,False,N/A,False,Unknown,False,No price data available
CWH,"Camping World Holdings, Inc.",6.53,2026-08-13T22:35:13.480404+00:00,False,+19.1%,True,$674.5M,False,+-12.5%,True,2376.6K,False,$6.53 / SMA $6.78,True,6.13%,False,+-2.1%,True,54.5M,True,NYQ,False,
CXDO,"Crexendo, Inc.",6.54,2026-08-13T22:38:36.680254+00:00,False,+17.8%,False,$212.0M,False,+-25.0%,True,637.6K,False,$6.54 / SMA $7.33,True,5.93%,True,+48.9%,True,21.6M,True,NCM,False,
CXIIU,Churchill Capital Corp XII,10.9,2026-08-13T22:38:32.527506+00:00,False,+8.1%,,N/A,,N/A,False,30.3K,True,$10.90 / SMA $10.65,False,1.02%,,N/A,True,41.8M,True,NGM,False,
CYAGF,"CyberAgent, Inc.",8.4,2026-08-13T22:31:40.111860+00:00,False,+15.9%,True,$4259.6M,,N/A,False,0.0K,False,$8.40 / SMA $8.84,False,0.00%,,N/A,False,404.4M,False,PNK,False,
CYGIY,"CyberAgent, Inc.",3.975,2026-08-13T22:31:39.724983+00:00,False,+6.0%,True,$4031.4M,,N/A,False,0.0K,False,$3.98 / SMA $4.31,False,0.69%,,N/A,False,808.7M,False,PNK,False,
CYRBY,Cyrela Brazil Realty S.A. Empreendimentos e Participações,4.1,2026-08-13T22:34:59.670594+00:00,False,+9.6%,True,$1502.0M,False,+-23.5%,False,10.9K,False,$4.10 / SMA $4.41,True,6.87%,False,+3.7%,False,263.1M,False,PNK,False,
CYRX,"Cryoport, Inc.",15.13,2026-08-13T22:38:19.865607+00:00,True,+98.8%,True,$766.3M,False,+-109.4%,True,790.1K,False,$15.13 / SMA $15.44,True,4.69%,False,+7.7%,True,43.3M,True,NCM,False,
CZMWY,Carl Zeiss Meditec AG,34.41,2026-08-13T22:34:53.339549+00:00,False,+29.1%,True,$3012.1M,False,+-133.3%,False,3.2K,True,$34.41 / SMA $32.06,False,1.40%,False,+-4.8%,True,34.2M,False,PNK,False,
D,"Dominion Energy, Inc.",68.54,2026-08-13T22:31:04.139318+00:00,False,+22.7%,True,$60282.7M,False,+-58.0%,True,6746.5K,False,$68.54 / SMA $68.91,False,1.94%,,N/A,False,859.5M,True,NYQ,False,
DAN,Dana Incorporated,30.33,2026-08-13T22:31:43.240021+00:00,True,+71.0%,True,$3262.8M,False,+-126.3%,True,1611.7K,True,$30.33 / SMA $28.70,True,4.40%,False,+3.9%,True,103.6M,True,NYQ,False,
DAR,Darling Ingredients Inc.,65.74,2026-08-13T22:31:26.819652+00:00,True,+125.5%,True,$10374.0M,True,+2912.5%,True,2272.5K,True,$65.74 / SMA $59.02,True,3.42%,False,+16.4%,False,151.0M,True,NYQ,False,
DASTY,Dassault Systèmes SE,24.53,2026-08-13T22:31:09.928458+00:00,False,+29.2%,True,$32232.8M,,N/A,False,204.8K,True,$24.53 / SMA $21.91,False,2.08%,False,+2.1%,False,660.2M,False,PNK,False,
DBCA,D. Boral Acquisition I Corp.,10.02,2026-08-13T22:38:29.545923+00:00,False,+1.9%,True,$557.0M,,N/A,False,62.1K,True,$10.02 / SMA $9.98,False,0.10%,,N/A,True,28.7M,True,NGM,False,
DBI,Designer Brands Inc.,6.14,2026-08-13T22:38:32.944000+00:00,True,+100.7%,True,$311.8M,True,+105.6%,True,635.2K,False,$6.14 / SMA $6.27,True,5.09%,False,+1.4%,True,28.7M,True,NYQ,False,
DBSDF,DBS Group Holdings Ltd,59.35,2026-08-13T22:30:59.783606+00:00,False,+62.4%,True,$168791.4M,,N/A,False,5.9K,True,$59.35 / SMA $54.05,True,3.11%,False,+3.2%,False,2031.4M,False,PNK,False,
DC,Dakota Gold Corp.,6.17,2026-08-13T22:38:20.125501+00:00,False,+65.0%,True,$827.8M,False,+-75.0%,True,1526.1K,True,$6.17 / SMA $4.80,True,4.53%,,N/A,True,123.1M,True,ASE,False,
DCBO,Docebo Inc.,23.42,2026-08-13T22:38:26.972560+00:00,False,+62.8%,True,$594.5M,False,+-20.0%,False,112.8K,True,$23.42 / SMA $18.99,True,5.38%,False,+13.0%,True,8.5M,True,NMS,False,
DCI,"Donaldson Company, Inc.",95.71,2026-08-13T22:31:26.222623+00:00,False,+31.2%,True,$11093.8M,True,+108.3%,True,781.4K,True,$95.71 / SMA $90.06,False,2.36%,False,+5.9%,True,111.7M,True,NYQ,False,
DCO,Ducommun Incorporated,199.03,2026-08-13T22:34:57.126211+00:00,True,+134.8%,True,$3005.3M,True,+56.0%,False,278.3K,True,$199.03 / SMA $174.46,True,4.31%,False,+11.8%,True,14.4M,True,NYQ,False,
DD,"DuPont de Nemours, Inc.",144.1,2026-08-13T22:31:15.677206+00:00,False,+58.5%,True,$19456.3M,True,+150.0%,True,1478.4K,True,$144.10 / SMA $139.78,False,2.91%,,N/A,True,130.7M,True,NYQ,False,
DDD,3D Systems Corporation,3.62,2026-08-13T22:38:28.293200+00:00,True,+112.9%,True,$601.5M,True,+89.3%,True,4390.7K,True,$3.62 / SMA $3.04,True,7.66%,False,+1.1%,False,156.7M,True,NYQ,False,
DDOG,"Datadog, Inc.",252.24,2026-08-13T22:31:02.534838+00:00,True,+157.4%,True,$90573.1M,True,+1100.0%,True,5355.9K,True,$252.24 / SMA $248.71,True,5.62%,True,+35.6%,False,324.6M,True,NMS,False,
DEA,"Easterly Government Properties, Inc.",24.86,2026-08-13T22:35:07.646840+00:00,False,+20.9%,True,$1218.3M,False,+-33.3%,False,398.1K,True,$24.86 / SMA $24.19,False,2.17%,False,+9.7%,True,44.0M,True,NYQ,False,
DELHY,Delivery Hero SE,4.21,2026-08-13T22:31:23.085291+00:00,True,+150.6%,True,$12787.8M,,N/A,False,143.9K,False,$4.21 / SMA $4.24,False,1.82%,,N/A,False,2087.2M,False,PNK,False,
DEUZF,DEUTZ Aktiengesellschaft,12.43,2026-08-13T22:35:01.205425+00:00,False,+40.4%,True,$1897.3M,,N/A,False,0.1K,True,$12.43 / SMA $11.43,False,0.10%,False,+19.7%,True,140.0M,False,PNK,False,
DFDDF,DFDS A/S,20.6375,2026-08-13T22:35:05.619615+00:00,False,+45.6%,True,$1114.8M,,N/A,False,0.0K,True,$20.64 / SMA $20.31,False,0.00%,False,+2.2%,True,32.0M,False,PNK,False,
DFH,"Dream Finders Homes, Inc.",14.84,2026-08-13T22:35:04.815025+00:00,False,+21.6%,True,$1346.3M,False,+-51.8%,True,700.1K,False,$14.84 / SMA $15.27,True,6.74%,False,+-7.6%,True,26.5M,True,NYQ,False,
DFKCY,"Daifuku Co., Ltd.",19.94,2026-08-13T22:31:17.444182+00:00,True,+77.7%,True,$14843.9M,,N/A,False,50.6K,False,$19.94 / SMA $20.51,True,3.70%,,N/A,False,692.5M,False,PNK,False,
DGIPF,DigiPlus Interactive Corp.,0.16355,2026-08-13T22:35:07.990496+00:00,False,+20.0%,,N/A,,N/A,False,21.9K,False,$0.16 / SMA $0.18,True,9.66%,,N/A,,N/A,False,PNK,False,
DGX,Quest Diagnostics Incorporated,236.04,2026-08-13T22:31:14.663766+00:00,False,+37.9%,True,$26052.5M,False,+15.0%,True,938.5K,True,$236.04 / SMA $214.16,False,2.61%,False,+10.2%,True,105.5M,True,NYQ,False,
DHR,Danaher Corporation,203.89,2026-08-13T22:31:00.265394+00:00,False,+26.7%,True,$143331.8M,True,+59.7%,True,4992.8K,True,$203.89 / SMA $192.38,True,3.38%,False,+5.5%,False,598.9M,True,NYQ,False,
DINO,HF Sinclair Corporation,91.87,2026-08-13T22:31:22.090135+00:00,True,+108.9%,True,$16333.0M,True,+348.2%,True,2571.4K,True,$91.87 / SMA $78.36,True,4.36%,,N/A,False,166.0M,True,NYQ,False,
DJT,Trump Media & Technology Group Corp.,8.3,2026-08-13T22:34:56.801947+00:00,False,+19.3%,True,$2306.9M,False,+-950.0%,True,4813.5K,False,$8.30 / SMA $8.77,True,7.01%,False,+6.1%,False,159.9M,True,NGM,False,
DKILF,"Daikin Industries,Ltd.",134.95,2026-08-13T22:31:06.584240+00:00,False,+24.1%,True,$37561.5M,,N/A,False,35.5K,False,$134.95 / SMA $146.70,True,9.57%,,N/A,False,278.1M,False,PNK,False,
DKNG,DraftKings Inc.,25.42,2026-08-13T22:31:22.171209+00:00,False,+24.2%,True,$12619.9M,False,+-146.7%,True,12939.0K,True,$25.42 / SMA $25.30,True,4.38%,False,+-4.6%,False,476.7M,True,NMS,False,
DKS,"DICK'S Sporting Goods, Inc.",202.26,2026-08-13T22:31:15.087204+00:00,False,+8.4%,True,$18102.8M,False,+9.3%,True,1283.3K,False,$202.26 / SMA $216.54,True,3.09%,True,+62.7%,True,60.4M,True,NYQ,False,
DLMAF,Dollarama Inc.,137.8,2026-08-13T22:31:08.716392+00:00,False,+22.6%,True,$37313.4M,False,+13.3%,False,24.8K,True,$137.80 / SMA $133.29,False,0.18%,False,+21.4%,False,266.5M,False,PNK,False,
DLR,"Digital Realty Trust, Inc.",197.58,2026-08-13T22:31:03.417819+00:00,False,+35.1%,True,$74428.6M,False,+-58.8%,True,2989.2K,True,$197.58 / SMA $185.54,False,2.95%,,N/A,False,330.8M,True,NYQ,False,
DLX,Deluxe Corporation,24.24,2026-08-13T22:35:08.112525+00:00,False,+36.5%,True,$1111.6M,False,+-18.0%,False,427.2K,False,$24.24 / SMA $24.59,True,3.27%,False,+-4.2%,True,43.8M,True,NYQ,False,
DMII,Drugs Made In America Acquisition II Corp.,10.13,2026-08-13T22:38:22.670084+00:00,False,+2.7%,True,$645.3M,True,+7618.8%,False,66.1K,True,$10.13 / SMA $10.09,False,0.12%,,N/A,True,49.8M,True,NGM,False,
DNBBF,DNB Bank ASA,32.03,2026-08-13T22:31:05.681281+00:00,False,+25.6%,True,$45743.4M,False,+-7.7%,False,3.1K,True,$32.03 / SMA $31.50,False,2.17%,False,+-0.5%,False,694.4M,False,PNK,False,
DNOPY,Dino Polska S.A.,8.75,2026-08-13T22:31:27.944093+00:00,False,+22.1%,True,$8578.5M,False,+0.0%,False,92.2K,True,$8.75 / SMA $7.99,False,2.71%,False,+14.8%,False,470.7M,False,PNK,False,
DNP,DNP Select Income Fund Inc.,10.91,2026-08-13T22:31:41.568229+00:00,False,+12.6%,True,$4111.1M,,N/A,True,666.1K,True,$10.91 / SMA $10.79,False,1.04%,,N/A,,N/A,True,NYQ,False,
DNTH,"Dianthus Therapeutics, Inc.",109.6,2026-08-13T22:31:38.406810+00:00,True,+452.4%,True,$5991.4M,False,+-2.3%,True,1054.1K,True,$109.60 / SMA $96.06,True,5.94%,True,+294.3%,True,55.1M,True,NCM,False,
DNTUY,Dentsu Group Inc.,21.6,2026-08-13T22:31:37.583934+00:00,False,+31.9%,True,$5607.1M,,N/A,False,1.1K,True,$21.60 / SMA $20.19,False,0.01%,,N/A,False,190.0M,False,PNK,False,
DOC,"Healthpeak Properties, Inc.",20.81,2026-08-13T22:31:20.461566+00:00,False,+32.5%,True,$14753.2M,True,+60.0%,True,7552.9K,False,$20.81 / SMA $21.19,False,2.24%,False,+11.1%,False,672.7M,True,NYQ,False,
DOCS,"Doximity, Inc.",26.59,2026-08-13T22:31:43.583333+00:00,False,+55.0%,True,$4739.6M,False,+-51.9%,True,5454.3K,True,$26.59 / SMA $21.62,True,6.85%,False,+7.3%,True,120.6M,True,NYQ,False,
DOLE,Dole plc,13.36,2026-08-13T22:35:04.483870+00:00,False,+6.7%,True,$1262.0M,False,+-19.5%,True,1144.2K,False,$13.36 / SMA $14.00,False,2.27%,False,+11.6%,True,74.7M,True,NYQ,False,
DPSTF,Deutsche Post AG,63.3,2026-08-13T22:31:03.698198+00:00,False,+46.2%,True,$70848.1M,True,+34.3%,False,2.5K,True,$63.30 / SMA $62.73,False,0.22%,False,+7.5%,False,908.7M,False,OID,False,
DQJCF,Pan Pacific International Holdings Corporation,6.09,2026-08-13T22:31:17.475823+00:00,False,+33.8%,True,$18205.9M,,N/A,False,2.0K,True,$6.09 / SMA $3.19,False,1.68%,,N/A,,N/A,False,PNK,False,
DRTS,Alpha Tau Medical Ltd.,14.5,2026-08-13T22:35:11.240439+00:00,True,+383.3%,True,$1309.7M,False,+-116.7%,True,828.4K,True,$14.50 / SMA $11.79,True,6.98%,,N/A,True,63.5M,True,NCM,False,
DRXGF,Drax Group plc,9.7755,2026-08-13T22:31:43.542005+00:00,False,+30.3%,True,$3291.3M,,N/A,False,0.1K,False,$9.78 / SMA $9.92,False,0.00%,,N/A,False,292.8M,False,PNK,False,
DSL,DoubleLine Income Solutions Fund,10.8,2026-08-13T22:35:05.906481+00:00,False,+3.0%,True,$1237.4M,,N/A,True,512.0K,True,$10.80 / SMA $10.74,False,0.93%,,N/A,,N/A,True,NYQ,False,
DSU,"BlackRock Debt Strategies Fund, Inc.",9.53,2026-08-13T22:38:25.681207+00:00,False,+2.4%,True,$599.7M,,N/A,False,330.8K,True,$9.53 / SMA $9.53,False,0.72%,,N/A,,N/A,True,NYQ,False,
DTEGY,Deutsche Telekom AG,32.87,2026-08-13T22:30:59.482281+00:00,False,+22.2%,True,$157204.4M,False,+-5.6%,True,684.8K,True,$32.87 / SMA $30.94,False,1.32%,False,+4.3%,False,4090.3M,False,OQX,False,
DTTLF,Datatec Limited,5.58,2026-08-13T22:35:06.207961+00:00,False,+61.7%,True,$1354.0M,,N/A,False,0.0K,True,$5.58 / SMA $4.14,False,0.00%,,N/A,True,125.7M,False,OQX,False,
DUAVF,Dassault Aviation société anonyme,369.0,2026-08-13T22:31:11.662850+00:00,False,+22.1%,True,$28430.5M,,N/A,False,0.2K,True,$369.00 / SMA $340.60,False,2.85%,,N/A,True,16.6M,False,PNK,False,
DVCMY,Davide Campari-Milano N.V.,6.85,2026-08-13T22:31:29.740459+00:00,False,+14.2%,True,$8215.6M,,N/A,False,125.7K,True,$6.85 / SMA $6.38,False,2.39%,,N/A,False,569.3M,False,PNK,False,
DWHHF,Deutsche Wohnen SE,24.38,2026-08-13T22:31:26.529798+00:00,False,+2.4%,True,$9677.3M,,N/A,False,0.0K,True,$24.38 / SMA $23.82,False,0.00%,,N/A,True,30.3M,False,PNK,False,
DXC,DXC Technology Company,11.2,2026-08-13T22:35:02.769676+00:00,False,+41.8%,True,$1789.5M,True,+711.1%,True,5089.5K,True,$11.20 / SMA $9.68,True,5.24%,,N/A,True,137.2M,True,NYQ,False,
EBAY,eBay Inc.,104.58,2026-08-13T22:31:05.332209+00:00,False,+34.0%,True,$46538.1M,True,+55.1%,True,4127.6K,False,$104.58 / SMA $110.68,True,3.25%,False,+14.8%,False,376.5M,True,NMS,False,
EBKDY,Erste Group Bank AG,70.8,2026-08-13T22:31:06.175967+00:00,False,+51.2%,True,$55004.7M,False,+18.9%,False,50.7K,True,$70.80 / SMA $65.44,False,1.44%,True,+40.5%,False,667.8M,False,PNK,False,
ECO,Okeanis Eco Tankers Corp.,63.92,2026-08-13T22:34:57.904328+00:00,True,+152.2%,True,$2495.7M,True,+602.4%,False,499.6K,True,$63.92 / SMA $54.76,True,3.64%,True,+239.4%,True,9.9M,True,NYQ,False,
ECRAF,Ecora Royalties PLC,2.27,2026-08-13T22:38:27.906390+00:00,True,+138.9%,True,$566.3M,,N/A,False,58.0K,True,$2.27 / SMA $1.85,True,4.58%,,N/A,True,122.4M,False,OQX,False,
EEX,Emerald Holding Inc,5.03,2026-08-13T22:35:09.574910+00:00,False,+51.5%,True,$995.5M,,N/A,False,312.8K,False,$5.03 / SMA_short $5.04,,N/A,False,+5.2%,True,12.7M,True,NYQ,False,
EH,EHang Holdings Limited,5.83,2026-08-13T22:38:20.784663+00:00,False,+19.3%,True,$442.2M,False,+-53.7%,True,1103.7K,False,$5.83 / SMA $6.22,True,5.12%,False,+-1.7%,True,53.6M,True,NGM,False,
ELMT,The Elmet Group Co.,17.15,2026-08-13T22:38:30.389673+00:00,False,+37.3%,True,$514.2M,,N/A,True,583.7K,True,$17.15 / SMA $16.82,True,7.27%,,N/A,True,9.6M,True,NCM,False,
ELMTY,Elementis plc,7.46,2026-08-13T22:35:06.862917+00:00,False,+2.1%,True,$1061.0M,,N/A,False,0.0K,False,$7.46 / SMA $7.46,False,0.00%,,N/A,True,106.3M,False,PNK,False,
ELTP,"Elite Pharmaceuticals, Inc.",0.3577,2026-08-13T22:38:32.406194+00:00,False,+8.4%,True,$385.3M,,N/A,True,569.6K,False,$0.36 / SMA $0.37,True,5.53%,True,+27.4%,False,836.0M,False,OQB,False,
ELV,"Elevance Health, Inc.",398.22,2026-08-13T22:31:01.809515+00:00,False,+44.9%,True,$86361.7M,False,+-13.1%,True,1575.3K,True,$398.22 / SMA $396.16,True,3.18%,False,+1.4%,False,209.8M,True,NYQ,False,
EMBJ,EMBJ,74.22,2026-08-13T22:31:25.017878+00:00,False,+38.6%,True,$13208.1M,False,+-25.3%,True,1317.0K,True,$74.22 / SMA $64.48,True,3.09%,False,+-37.4%,False,160.6M,True,NYQ,False,
EME,"EMCOR Group, Inc.",831.23,2026-08-13T22:31:07.919280+00:00,False,+47.1%,True,$36665.5M,True,+34.8%,False,440.6K,True,$831.23 / SMA $797.93,True,3.52%,False,+19.8%,True,42.4M,True,NYQ,False,
EMO,ClearBridge Energy Midstream Opportunity Fund Inc,52.98,2026-08-13T22:35:05.556429+00:00,False,+27.5%,True,$1060.4M,,N/A,False,45.6K,True,$52.98 / SMA $50.47,False,1.99%,,N/A,,N/A,True,NYQ,False,
ENGQF,Engie SA,30.484,2026-08-13T22:31:02.303705+00:00,False,+54.1%,True,$77451.5M,,N/A,False,27.0K,False,$30.48 / SMA $30.91,True,3.66%,,N/A,False,1224.9M,False,PNK,False,
ENIC,Enel Chile S.A.,4.41,2026-08-13T22:31:34.998329+00:00,False,+31.9%,True,$6100.5M,True,+53.4%,True,583.3K,False,$4.41 / SMA $4.41,False,2.76%,False,+-11.3%,False,461.0M,True,NYQ,False,
ENLT,Enlight Renewable Energy Ltd,86.0,2026-08-13T22:31:21.651052+00:00,True,+242.6%,True,$12023.5M,True,+1900.0%,False,247.0K,False,$86.00 / SMA $88.29,True,3.93%,True,+43.0%,True,135.6M,True,NMS,False,
ENPSF,Enplas Corporation,65.95,2026-08-13T22:35:13.658575+00:00,True,+122.0%,True,$595.6M,,N/A,False,0.1K,False,$65.95 / SMA $79.16,False,0.02%,,N/A,True,6.7M,False,PNK,False,
ENS,EnerSys,197.38,2026-08-13T22:31:28.252321+00:00,True,+103.4%,True,$7195.7M,False,+-14.9%,True,531.4K,False,$197.38 / SMA $207.61,True,4.42%,False,+1.3%,True,36.1M,True,NYQ,False,
ENVA,"Enova International, Inc.",261.92,2026-08-13T22:31:41.982923+00:00,True,+154.2%,True,$6521.4M,True,+39.9%,False,347.6K,True,$261.92 / SMA $223.61,True,3.44%,False,+21.6%,True,23.5M,True,NYQ,False,
ENVX,Enovix Corporation,4.43,2026-08-13T22:35:03.723147+00:00,False,+20.7%,True,$966.4M,False,+-50.0%,True,6588.5K,False,$4.43 / SMA $5.47,True,7.86%,True,+49.1%,False,187.7M,True,NMS,False,
EOG,"EOG Resources, Inc.",141.41,2026-08-13T22:31:02.871213+00:00,False,+39.2%,True,$75319.0M,True,+109.3%,True,3501.4K,True,$141.41 / SMA $137.31,False,2.43%,,N/A,False,508.5M,True,NYQ,False,
EPMLF,Empire Metals Limited,0.62,2026-08-13T22:38:35.585026+00:00,True,+127.6%,,N/A,,N/A,False,16.9K,True,$0.62 / SMA_short $0.48,,N/A,,N/A,False,616.6M,False,OQX,False,
EQBK,"Equity Bancshares, Inc.",51.73,2026-08-13T22:35:10.172976+00:00,False,+34.0%,True,$1065.2M,True,+47.7%,False,127.2K,True,$51.73 / SMA $48.97,False,2.41%,True,+40.0%,True,17.6M,True,NYQ,False,
ERAS,"Erasca, Inc.",17.86,2026-08-13T22:31:44.148414+00:00,True,+1242.9%,True,$6246.8M,,N/A,True,4995.6K,True,$17.86 / SMA $16.97,True,6.25%,,N/A,False,246.6M,True,NMS,False,
ERBKY,Eurobank S.A.,10.495,2026-08-13T22:31:18.886311+00:00,False,+17.5%,True,$37657.2M,False,+10.0%,False,1.9K,False,$10.49 / SMA_short $11.48,True,5.11%,False,+6.7%,False,1229.1M,False,PNK,False,
ERIE,Erie Indemnity Company,255.83,2026-08-13T22:31:24.888365+00:00,False,+25.0%,True,$13377.3M,False,+3.3%,False,247.1K,True,$255.83 / SMA $234.63,True,4.38%,False,+1.7%,True,24.9M,True,NMS,False,
ESE,ESCO Technologies Inc.,300.81,2026-08-13T22:31:30.147458+00:00,False,+64.5%,True,$7793.1M,True,+25.3%,False,252.1K,False,$300.81 / SMA $322.90,True,3.65%,,N/A,True,25.4M,True,NYQ,False,
ESLOF,EssilorLuxottica Société anonyme,189.0,2026-08-13T22:31:01.330298+00:00,False,+4.2%,True,$86862.8M,,N/A,False,5.9K,False,$189.00 / SMA $195.13,True,4.01%,,N/A,False,290.5M,False,PNK,False,
ESPR,Esperion Therapeutics Inc,3.18,2026-08-13T22:35:12.547603+00:00,True,+162.8%,True,$819.5M,,N/A,True,14520.3K,False,$3.18 / SMA_short $3.18,,N/A,False,+23.2%,False,234.9M,True,NGM,False,
ET,Energy Transfer LP,20.76,2026-08-13T22:31:03.289275+00:00,False,+28.3%,True,$71482.9M,True,+84.4%,True,9294.6K,True,$20.76 / SMA $19.46,False,1.53%,True,+78.4%,False,3092.5M,True,NYQ,False,
ETD,Ethan Allen Interiors Inc.,22.9,2026-08-13T22:38:26.924818+00:00,False,+25.3%,True,$582.7M,False,+-4.2%,True,579.7K,True,$22.90 / SMA $21.70,False,2.79%,,N/A,True,23.5M,True,NYQ,False,
ETN,Eaton Corporation plc,453.33,2026-08-13T22:30:59.529043+00:00,False,+45.3%,True,$176028.0M,False,+-15.9%,True,2451.0K,True,$453.33 / SMA $411.78,True,3.99%,,N/A,False,378.4M,True,NYQ,False,
EVAC.U,EVAC.U,,2026-08-13T22:38:24.352076+00:00,False,N/A,False,N/A,False,N/A,False,N/A,False,N/A,False,N/A,False,N/A,False,N/A,False,Unknown,False,No price data available
EVH,"Evolent Health, Inc.",4.66,2026-08-13T22:38:29.013958+00:00,True,+122.4%,True,$526.9M,True,+43.2%,True,3062.5K,False,$4.66 / SMA $4.73,True,10.32%,True,+46.9%,True,92.0M,True,NYQ,False,
EVOX,Evolution Global Acquisition Corp,10.08,2026-08-13T22:38:35.654470+00:00,False,+2.2%,True,$322.6M,,N/A,False,25.0K,True,$10.08 / SMA $10.05,False,0.02%,,N/A,True,21.2M,True,NGM,False,
EVTL,Vertical Aerospace Ltd.,0.8379,2026-08-13T22:38:34.866226+00:00,False,+8.8%,False,$106.7M,,N/A,True,4406.5K,False,$0.84 / SMA $1.67,True,10.71%,,N/A,True,47.1M,True,NYQ,False,
EWIIF,Edinburgh Worldwide Investment Trust Plc,3.46,2026-08-13T22:35:06.145920+00:00,True,+73.0%,,N/A,,N/A,False,6.8K,False,$3.46 / SMA_short $3.57,False,0.45%,,N/A,,N/A,False,PNK,False,
EXETF,Extendicare Inc.,23.5,2026-08-13T22:34:56.119194+00:00,True,+151.6%,True,$2233.6M,False,+-14.5%,False,108.7K,False,$23.50 / SMA $24.94,True,6.19%,True,+59.4%,True,93.9M,False,PNK,False,
EXPE,"Expedia Group, Inc.",328.31,2026-08-13T22:31:12.243972+00:00,True,+77.1%,True,$39403.5M,True,+188.7%,True,1610.0K,True,$328.31 / SMA $267.32,True,4.23%,False,+14.0%,True,110.1M,True,NMS,False,
EZPW,"EZCORP, Inc.",28.65,2026-08-13T22:34:57.950740+00:00,True,+85.8%,True,$1760.4M,True,+41.2%,True,999.4K,False,$28.65 / SMA $31.49,True,5.21%,True,+34.7%,True,53.7M,True,NMS,False,
FANDY,FirstRand Limited,63.0,2026-08-13T22:31:10.318949+00:00,False,+54.4%,True,$35228.5M,,N/A,False,0.1K,True,$63.00 / SMA $59.12,False,0.23%,,N/A,False,550.2M,False,PNK,False,
FANUY,Fanuc Corporation,20.67,2026-08-13T22:31:06.026545+00:00,False,+52.0%,True,$38576.7M,,N/A,True,526.2K,False,$20.67 / SMA $21.61,True,3.24%,,N/A,False,1855.8M,False,PNK,False,
FBIZ,"First Business Financial Services, Inc.",71.83,2026-08-13T22:38:27.903747+00:00,False,+55.9%,True,$601.1M,True,+36.3%,False,55.5K,True,$71.83 / SMA $64.34,False,2.84%,,N/A,True,7.6M,True,NMS,False,
FCELB,"FuelCell Energy, Inc.",477.0,2026-08-13T22:35:04.954935+00:00,False,+60.3%,,N/A,,N/A,False,0.2K,True,$477.00 / SMA $459.00,True,4.06%,False,+-4.9%,True,61.1M,False,PNK,False,
FCNCB,"First Citizens BancShares, Inc.",1850.51,2026-08-13T22:31:13.943935+00:00,False,+28.5%,True,$20898.0M,True,+31.1%,False,0.1K,False,$1850.51 / SMA $1851.32,False,1.71%,False,+2.5%,True,8.0M,False,PNK,False,
FCPT,"Four Corners Property Trust, Inc.",25.16,2026-08-13T22:34:53.186106+00:00,False,+10.4%,True,$2761.3M,False,+-3.6%,True,841.5K,True,$25.16 / SMA $24.95,False,1.99%,False,+7.7%,True,70.4M,True,NYQ,False,
FDMDF,4DMedical Limited,3.2,2026-08-13T22:35:02.324598+00:00,True,+992.9%,True,$1918.8M,,N/A,False,0.6K,True,$3.20 / SMA $2.74,False,0.47%,,N/A,False,442.7M,False,PNK,False,
FDMT,"4D Molecular Therapeutics, Inc.",11.65,2026-08-13T22:38:28.926926+00:00,True,+95.1%,True,$609.0M,False,+-17.4%,True,839.9K,True,$11.65 / SMA $10.76,True,6.12%,True,+21664.3%,True,39.0M,True,NMS,False,
FDP,Del Monte Corporation,29.22,2026-08-13T22:35:02.370100+00:00,False,+10.4%,True,$1390.2M,False,+-62.7%,True,511.6K,False,$29.22 / SMA_short $29.33,,N/A,,N/A,True,42.9M,True,NYQ,False,
FERG,Ferguson Enterprises Inc.,248.12,2026-08-13T22:31:06.657080+00:00,False,+19.5%,True,$47999.5M,False,+-3.4%,True,2342.3K,True,$248.12 / SMA $235.14,False,2.99%,,N/A,False,175.8M,True,NYQ,False,
FFIC,FFIC,,2026-08-13T22:38:25.752394+00:00,False,N/A,False,N/A,False,N/A,False,N/A,False,N/A,False,N/A,False,N/A,False,N/A,False,Unknown,False,No price data available
FFIN,"First Financial Bankshares, Inc.",35.13,2026-08-13T22:31:38.865894+00:00,False,+24.9%,True,$5034.8M,False,+6.4%,True,898.3K,True,$35.13 / SMA $34.31,False,1.78%,,N/A,True,136.3M,True,NMS,False,
FGROY,FirstGroup plc,2.29,2026-08-13T22:35:06.210879+00:00,False,+14.5%,True,$1206.9M,,N/A,False,0.1K,True,$2.29 / SMA $2.20,False,0.00%,,N/A,False,375.9M,False,PNK,False,
FHB,"First Hawaiian, Inc.",27.86,2026-08-13T22:34:48.263334+00:00,False,+23.0%,True,$3390.0M,False,+3.4%,True,2054.7K,False,$27.86 / SMA $28.50,False,1.91%,False,+6.6%,True,119.3M,True,NMS,False,
FIGR,"Figure Technology Solutions, Inc.",31.88,2026-08-13T22:31:30.524333+00:00,False,+32.2%,True,$7048.7M,True,+4676.7%,True,3711.9K,True,$31.88 / SMA $29.20,True,7.30%,True,+109.3%,True,134.1M,True,NMS,False,
FIP,FTAI Infrastructure Inc.,4.66,2026-08-13T22:38:25.799209+00:00,False,+52.5%,True,$550.7M,False,+-93.2%,True,1160.7K,True,$4.66 / SMA $4.37,True,8.13%,,N/A,True,108.2M,True,NMS,False,
FITBP,Fifth Third Bancorp,23.52,2026-08-13T22:31:06.376562+00:00,False,+2.0%,,N/A,,N/A,False,11.4K,True,$23.52 / SMA_short $22.82,False,0.77%,True,+31.4%,False,902.3M,True,NGM,False,
FIVN,"Five9, Inc.",33.8,2026-08-13T22:35:00.860176+00:00,True,+154.3%,True,$2525.7M,True,+300.0%,True,3128.1K,True,$33.80 / SMA $24.70,True,7.30%,False,+10.3%,True,65.0M,True,NGM,False,
FLEX,Flex Ltd.,124.3,2026-08-13T22:31:05.807613+00:00,True,+159.9%,True,$45916.8M,True,+52.0%,True,6623.1K,False,$124.30 / SMA $135.35,True,6.23%,,N/A,False,360.8M,True,NMS,False,
FLGZY,Flughafen Zürich AG,11.638,2026-08-13T22:31:27.494832+00:00,False,+5.8%,True,$8931.6M,,N/A,False,0.3K,False,$11.64 / SMA $11.90,False,0.28%,,N/A,False,468.7M,False,PNK,False,
FLIDY,FLSmidth & Co. A/S,8.08,2026-08-13T22:31:39.302408+00:00,False,+33.1%,True,$4318.7M,True,+195.1%,False,0.1K,True,$8.08 / SMA $7.62,False,1.01%,False,+-11.6%,False,454.6M,False,PNK,False,
FLOC,FLOC,22.76,2026-08-13T22:34:55.286602+00:00,False,+62.2%,True,$2476.2M,False,+-4.2%,True,700.0K,True,$22.76 / SMA $21.43,True,4.20%,False,+8.9%,True,38.3M,True,NYQ,False,
FMBRF,FMBRF,,2026-08-13T22:40:09.345134+00:00,False,N/A,False,N/A,False,N/A,False,N/A,False,N/A,False,N/A,False,N/A,False,N/A,False,Unknown,False,No price data available
FMCCK,Federal Home Loan Mortgage Corporation,13.27,2026-08-13T22:31:40.704330+00:00,False,+11.6%,,N/A,,N/A,False,0.7K,False,$13.27 / SMA $14.25,False,1.18%,False,+2.4%,False,650.1M,False,OQB,False,
FMCCN,Federal Home Loan Mortgage Corporation,12.25,2026-08-13T22:31:40.720035+00:00,False,+14.5%,,N/A,,N/A,False,0.6K,True,$12.25 / SMA $11.83,False,0.90%,False,+2.4%,False,650.1M,False,OQB,False,
FMCCP,Federal Home Loan Mortgage Corporation,15.13,2026-08-13T22:31:40.835575+00:00,False,+7.3%,,N/A,,N/A,False,0.4K,True,$15.13 / SMA $15.11,False,0.00%,False,+2.4%,False,650.1M,False,OQB,False,
FMCKN,Federal Home Loan Mortgage Corporation,8.0,2026-08-13T22:31:40.815279+00:00,False,+12.5%,,N/A,,N/A,False,9.1K,False,$8.00 / SMA $8.54,False,0.60%,False,+2.4%,False,650.1M,False,OQB,False,
FMNB,Farmers National Banc Corp.,16.38,2026-08-13T22:35:12.024434+00:00,False,+35.1%,True,$970.5M,False,+5.4%,False,437.3K,True,$16.38 / SMA $14.84,False,1.87%,True,+49.7%,True,57.1M,True,NCM,False,
FMS,Fresenius Medical Care AG,23.63,2026-08-13T22:31:23.615083+00:00,False,+18.0%,True,$12576.3M,False,+5.2%,True,748.9K,False,$23.63 / SMA $23.71,False,1.82%,,N/A,False,363.2M,True,NYQ,False,
FNBKY,FinecoBank Banca Fineco S.p.A.,57.3,2026-08-13T22:31:19.627034+00:00,False,+34.6%,True,$17528.6M,,N/A,False,0.2K,True,$57.30 / SMA $52.15,False,0.13%,,N/A,False,305.0M,False,PNK,False,
FNCSF,North American Financial 15 Split Corp.,7.65,2026-08-13T22:38:28.949329+00:00,True,+75.3%,True,$525.8M,,N/A,False,0.5K,True,$7.65 / SMA $7.19,False,0.22%,,N/A,,N/A,False,PNK,False,
FNF,"Fidelity National Financial, Inc.",48.97,2026-08-13T22:31:21.433055+00:00,False,+14.5%,True,$13133.4M,False,+5.9%,True,1553.4K,False,$48.97 / SMA $49.02,False,2.91%,False,+11.0%,False,249.0M,True,NYQ,False,
FNLC,"The First Bancorp, Inc.",35.52,2026-08-13T22:38:35.758821+00:00,False,+47.5%,True,$400.7M,False,+18.1%,False,34.1K,True,$35.52 / SMA $33.39,True,3.10%,False,+14.6%,True,10.6M,True,NMS,False,
FNMAH,Federal National Mortgage Association,7.25,2026-08-13T22:31:28.578877+00:00,False,+12.4%,,N/A,,N/A,False,9.9K,False,$7.25 / SMA $7.87,True,5.03%,False,+4.6%,False,1156.4M,False,OQB,False,
FNMAS,Federal National Mortgage Association,10.02,2026-08-13T22:31:28.814576+00:00,False,+8.9%,,N/A,,N/A,True,546.1K,False,$10.02 / SMA $10.61,False,2.87%,False,+4.6%,False,1156.4M,False,OQB,False,
FNMFN,Federal National Mortgage Association,16.0,2026-08-13T22:31:28.639629+00:00,False,+12.1%,,N/A,,N/A,False,16.8K,False,$16.00 / SMA $16.73,False,1.63%,False,+4.6%,False,1156.4M,False,OQB,False,
FOJCF,Fortum Oyj,22.52,2026-08-13T22:31:14.605082+00:00,False,+32.0%,True,$20206.4M,False,+0.0%,False,0.2K,False,$22.52 / SMA $22.79,False,0.13%,False,+15.4%,False,410.7M,False,PNK,False,
FPAFF,First Pacific Company Limited,0.67,2026-08-13T22:34:52.227974+00:00,False,+9.8%,True,$2855.6M,,N/A,False,21.9K,True,$0.67 / SMA $0.66,False,0.65%,,N/A,False,2282.0M,False,PNK,False,
FPS,"Forgent Power Solutions, Inc.",37.56,2026-08-13T22:31:19.705218+00:00,False,+44.7%,True,$11434.3M,True,+151.6%,True,8394.2K,False,$37.56 / SMA $47.04,True,7.75%,True,+103.4%,False,158.1M,True,NYQ,False,
FRA,"BlackRock Floating Rate Income Strategies Fund, Inc.",11.06,2026-08-13T22:38:31.265384+00:00,False,+5.3%,True,$391.9M,,N/A,False,141.8K,True,$11.06 / SMA $10.78,False,0.78%,,N/A,,N/A,True,NYQ,False,
FRBP,FRBP,10.25,2026-08-13T22:35:05.854347+00:00,False,+46.4%,True,$1368.2M,False,+-23.5%,False,0.4K,True,$10.25 / SMA $7.93,False,0.00%,False,+-20.7%,,N/A,False,PNK,False,
FRCOF,"Fast Retailing Co., Ltd.",515.35,2026-08-13T22:30:59.328160+00:00,True,+78.4%,True,$158135.7M,,N/A,False,0.6K,True,$515.35 / SMA $498.61,True,4.62%,,N/A,False,184.9M,False,PNK,False,
FRME,First Merchants Corporation,43.37,2026-08-13T22:34:54.897484+00:00,False,+25.1%,True,$2723.7M,False,+-28.6%,False,424.8K,True,$43.37 / SMA $42.59,False,2.23%,,N/A,True,60.7M,True,NMS,False,
FRO,Frontline plc,40.52,2026-08-13T22:31:28.978883+00:00,True,+119.9%,True,$9020.7M,True,+1573.3%,True,2750.7K,True,$40.52 / SMA $37.81,True,3.29%,True,+66.9%,True,139.2M,True,NYQ,True,
FRUYF,"Furuya Metal Co., Ltd.",20.72,2026-08-13T22:35:03.051996+00:00,False,+1.0%,True,$509.7M,,N/A,False,0.0K,True,$20.72 / SMA $-45.28,False,0.00%,,N/A,True,9.4M,False,PNK,False,
FSK,FS KKR Capital Corp.,12.64,2026-08-13T22:34:51.127778+00:00,False,+30.0%,True,$3492.9M,True,+82.7%,True,2808.7K,True,$12.64 / SMA $10.76,True,3.13%,True,+82.6%,,N/A,True,NYQ,False,
FSUN,FirstSun Capital Bancorp,40.88,2026-08-13T22:35:02.610119+00:00,False,+36.5%,True,$2018.6M,False,+-152.7%,False,272.2K,True,$40.88 / SMA $37.15,False,2.98%,,N/A,True,34.0M,True,NMS,False,
FTI,TechnipFMC plc,76.67,2026-08-13T22:31:11.008903+00:00,True,+123.7%,True,$30067.2M,True,+40.6%,True,4726.9K,True,$76.67 / SMA $70.16,True,3.41%,False,+9.0%,False,378.4M,True,NYQ,False,
FTNT,"Fortinet, Inc.",165.44,2026-08-13T22:31:01.155038+00:00,True,+124.9%,True,$121385.6M,True,+43.9%,True,6051.8K,True,$165.44 / SMA $154.65,True,4.23%,True,+25.6%,False,586.5M,True,NMS,False,
FUEMF,Talamore Mining Corp.,6.0,2026-08-13T22:35:13.652283+00:00,False,+27.7%,True,$846.7M,False,+-150.0%,False,23.6K,True,$6.00 / SMA_short $5.93,,N/A,,N/A,True,69.5M,False,PNK,False,
FUGRF,Fugro N.V.,9.48,2026-08-13T22:35:03.372006+00:00,False,+0.0%,True,$1055.4M,,N/A,False,0.1K,False,$9.48 / SMA $13.18,False,0.01%,,N/A,True,106.8M,False,PNK,False,
FUJHY,Subaru Corporation,8.02,2026-08-13T22:31:24.331766+00:00,False,+13.0%,True,$11303.1M,,N/A,False,358.2K,True,$8.02 / SMA $7.84,False,2.00%,,N/A,False,1083.9M,False,PNK,False,
FUJIF,FUJIFILM Holdings Corporation,21.0,2026-08-13T22:31:13.062461+00:00,False,+23.5%,True,$25115.7M,,N/A,False,0.2K,False,$21.00 / SMA $21.71,False,0.14%,,N/A,False,1194.6M,False,PNK,False,
FULTP,Fulton Financial Corporation,17.575,2026-08-13T22:31:41.190639+00:00,False,+1.0%,,N/A,,N/A,False,13.7K,False,$17.57 / SMA $17.96,False,0.99%,False,+12.2%,False,187.4M,True,NMS,False,
FUWAF,"Furukawa Electric Co., Ltd.",20.08,2026-08-13T22:31:14.291023+00:00,False,+1.5%,True,$14126.2M,,N/A,False,2.7K,False,$20.08 / SMA $127.36,False,0.00%,,N/A,False,650.7M,False,PNK,False,
FVRR,Fiverr International Ltd.,9.02,2026-08-13T22:38:30.792128+00:00,False,+4.8%,True,$324.3M,True,+33.3%,True,866.4K,False,$9.02 / SMA $10.27,True,5.03%,False,+-10.0%,True,30.8M,True,NYQ,False,
FWRG,"First Watch Restaurant Group, Inc.",12.97,2026-08-13T22:38:19.525192+00:00,False,+30.1%,True,$800.4M,True,+33.3%,True,1235.9K,True,$12.97 / SMA $12.15,True,4.91%,False,+15.2%,True,60.1M,True,NMS,False,
FXCNF,FXCNF,3.0,2026-08-13T22:34:53.958863+00:00,False,+66.7%,True,$2345.8M,,N/A,False,0.0K,False,$3.00 / SMA $3.06,False,0.00%,,N/A,False,261.0M,False,PNK,False,
FYGGY,"Fuyao Glass Industry Group Co., Ltd.",1.8,2026-08-13T22:31:15.032722+00:00,False,+20.0%,True,$18790.2M,False,+-15.4%,False,35.1K,True,$1.80 / SMA $1.71,True,5.61%,False,+5.1%,False,7653.6M,False,PNK,False,
GAIN,Gladstone Investment Corporation,16.53,2026-08-13T22:38:22.854831+00:00,False,+26.1%,True,$658.3M,False,+-242.9%,False,234.6K,True,$16.53 / SMA $15.82,False,2.55%,False,+-313.6%,,N/A,True,NMS,False,
GAM,"General American Investors Company, Inc.",67.78,2026-08-13T22:35:03.228868+00:00,False,+20.5%,True,$1615.3M,,N/A,False,27.6K,True,$67.78 / SMA $64.36,False,1.13%,,N/A,True,21.2M,True,NYQ,False,
GASNF,"Naturgy Energy Group, S.A.",33.9,2026-08-13T22:31:10.272669+00:00,False,+15.4%,True,$32555.4M,,N/A,False,0.1K,True,$33.90 / SMA $33.36,False,0.00%,,N/A,False,258.2M,False,PNK,False,
GBERY,Geberit AG,66.73,2026-08-13T22:31:15.239178+00:00,False,+8.7%,True,$22003.4M,,N/A,False,17.6K,True,$66.73 / SMA $65.25,False,1.16%,,N/A,False,326.3M,False,PNK,False,
GBTG,"Global Business Travel Group, Inc.",9.46,2026-08-13T22:31:37.752929+00:00,True,+90.9%,True,$4941.7M,False,+0.0%,True,2467.8K,True,$9.46 / SMA $9.40,False,0.23%,True,+37.9%,False,195.5M,True,NYQ,False,
GEAGF,GEA Group Aktiengesellschaft,67.0,2026-08-13T22:31:25.152316+00:00,False,+6.0%,True,$10907.7M,False,+7.0%,False,0.1K,True,$67.00 / SMA $65.61,False,0.00%,False,+1.2%,True,142.5M,False,PNK,False,
GEAHF,Great Eagle Holdings Limited,2.21,2026-08-13T22:34:59.560988+00:00,False,+35.6%,True,$1656.9M,,N/A,False,0.0K,True,$2.21 / SMA $2.20,False,0.00%,,N/A,False,214.0M,False,PNK,False,
GENSY,Genus plc,28.38,2026-08-13T22:34:56.836302+00:00,False,+16.6%,True,$1884.8M,,N/A,False,0.1K,False,$28.38 / SMA $29.79,False,0.00%,,N/A,True,46.5M,False,PNK,False,
GEV,GE Vernova Inc.,1049.42,2026-08-13T22:30:58.240206+00:00,True,+97.9%,True,$279495.8M,True,+32.8%,True,2838.1K,True,$1049.42 / SMA $1025.37,True,4.95%,False,+21.9%,False,259.7M,True,NYQ,False,
GGAZF,Goldgroup Mining Inc.,2.58,2026-08-13T22:38:34.033081+00:00,True,+166.2%,False,$194.5M,True,+128.6%,False,144.1K,False,$2.58 / SMA_short $2.87,,N/A,True,+362.8%,True,67.4M,False,PNK,False,
GGGSY,Greggs plc,8.53,2026-08-13T22:34:55.775899+00:00,False,+36.5%,True,$2609.0M,,N/A,False,1.9K,True,$8.53 / SMA $7.41,False,0.03%,,N/A,False,179.3M,False,PNK,False,
GHRS,GH Research PLC,28.19,2026-08-13T22:35:03.102970+00:00,True,+138.3%,True,$1935.0M,False,+-53.3%,False,304.4K,True,$28.19 / SMA $25.98,True,5.56%,,N/A,True,29.5M,True,NGM,False,
GIL,Gildan Activewear Inc.,57.03,2026-08-13T22:31:24.407622+00:00,False,+22.5%,True,$10561.5M,False,+-129.7%,True,1645.6K,True,$57.03 / SMA $54.33,True,3.55%,True,+72.3%,False,179.4M,True,NYQ,False,
GIW,GigCapital8 Corp.,10.14,2026-08-13T22:38:32.621425+00:00,False,+2.7%,True,$479.5M,True,+29685.8%,False,47.7K,True,$10.14 / SMA $10.09,False,0.04%,,N/A,True,22.0M,True,NGM,False,
GJNSY,Gjensidige Forsikring ASA,29.57,2026-08-13T22:31:20.338562+00:00,False,+24.6%,True,$14783.9M,True,+60.8%,False,1.2K,True,$29.57 / SMA $27.85,True,3.00%,False,+15.9%,False,187.3M,False,PNK,False,
GLAD,Gladstone Capital Corporation,20.0,2026-08-13T22:38:29.633609+00:00,False,+20.9%,True,$451.9M,True,+78.8%,False,170.7K,True,$20.00 / SMA $19.16,False,2.32%,,N/A,,N/A,True,NMS,False,
GLASF,Glass House Brands Inc.,11.61,2026-08-13T22:35:13.118282+00:00,True,+155.2%,True,$990.4M,False,+-41.6%,False,339.2K,True,$11.61 / SMA_short $10.79,,N/A,False,+-13.3%,True,63.9M,False,PNK,False,
GLIBK,Liberty Capital Corporation,26.69,2026-08-13T22:35:09.370778+00:00,False,+38.3%,True,$1065.1M,False,+-54.7%,True,816.1K,True,$26.69 / SMA $22.17,True,4.66%,False,+0.0%,True,34.5M,True,NMS,False,
GLNG,Golar LNG Limited,51.21,2026-08-13T22:31:36.420626+00:00,False,+46.2%,True,$5212.1M,True,+862.5%,True,1316.6K,True,$51.21 / SMA $50.16,False,2.79%,True,+120.1%,True,78.6M,True,NMS,False,
GLNLF,Galan Lithium Limited,0.26255,2026-08-13T22:38:32.447266+00:00,True,+230.3%,True,$332.7M,,N/A,False,15.0K,True,$0.26 / SMA $0.26,False,0.65%,,N/A,False,775.4M,False,PNK,False,
GLSI,"Greenwich LifeSciences, Inc.",16.38,2026-08-13T22:38:31.872158+00:00,True,+110.5%,False,$240.4M,False,+-85.7%,False,157.4K,False,$16.38 / SMA $18.92,True,10.77%,,N/A,True,7.3M,True,NCM,False,
GLW,Corning Incorporated,158.54,2026-08-13T22:30:59.133950+00:00,True,+150.2%,True,$136287.0M,False,+18.5%,True,14583.4K,False,$158.54 / SMA $177.16,True,6.62%,False,+16.6%,False,772.4M,True,NYQ,False,
GMAB,Genmab A/S,31.34,2026-08-13T22:31:18.528828+00:00,False,+39.4%,True,$19541.5M,False,+-9.4%,True,2008.6K,True,$31.34 / SMA $27.74,False,2.25%,False,+24.9%,False,584.8M,True,NMS,False,
GMTL,Guardian Metal Resources PLC,13.59,2026-08-13T22:38:22.973305+00:00,False,+58.0%,True,$529.5M,,N/A,False,224.0K,True,$13.59 / SMA $12.92,True,10.44%,,N/A,True,101.0M,True,ASE,False,
GMTLF,Guardian Metal Resources PLC,2.61,2026-08-13T22:38:23.284157+00:00,True,+261.5%,True,$508.4M,,N/A,False,46.8K,True,$2.61 / SMA $2.60,True,8.86%,,N/A,True,101.0M,False,OQB,False,
GNMSF,Genmab A/S,311.51,2026-08-13T22:31:18.970160+00:00,False,+44.0%,True,$19423.7M,False,+-9.4%,False,0.1K,True,$311.51 / SMA $272.59,False,0.48%,False,+24.9%,True,58.5M,False,PNK,False,
GNNDY,GN Store Nord A/S,46.35,2026-08-13T22:34:57.385991+00:00,False,+17.5%,True,$2249.7M,,N/A,False,0.5K,True,$46.35 / SMA $42.67,False,0.38%,False,+-58.2%,True,48.5M,False,PNK,False,
GOFPY,Allwyn AG,7.74,2026-08-13T22:31:24.672113+00:00,False,+14.7%,True,$12341.5M,False,+-17.6%,False,138.6K,True,$7.74 / SMA $7.71,False,2.20%,False,+17.8%,False,190.4M,False,PNK,False,
GONYF,GONYF,8.7,2026-08-13T22:38:31.972630+00:00,False,+2.6%,,N/A,,N/A,False,22.6K,False,$8.70 / SMA $9.55,False,1.61%,,N/A,True,30.0M,False,OQB,False,
GOODN,Gladstone Commercial Corporation,23.75,2026-08-13T22:38:23.362598+00:00,False,+13.6%,,N/A,,N/A,False,2.7K,True,$23.75 / SMA $22.70,False,0.92%,False,+11.3%,True,47.1M,True,NMS,False,
GPAT,GP-Act III Acquisition Corp.,11.16,2026-08-13T22:38:31.473080+00:00,False,+6.0%,True,$401.1M,False,+-25.0%,False,31.4K,True,$11.16 / SMA $10.94,False,0.32%,,N/A,True,24.5M,True,NGM,False,
GPK,Graphic Packaging Holding Company,11.84,2026-08-13T22:34:51.049662+00:00,False,+34.7%,True,$3503.3M,False,+-76.5%,True,5834.0K,True,$11.84 / SMA $10.90,True,4.08%,False,+-0.7%,False,278.0M,True,NYQ,False,
GRC,The Gorman-Rupp Company,79.92,2026-08-13T22:34:59.136484+00:00,True,+94.8%,True,$2110.7M,False,+23.3%,False,183.7K,False,$79.92 / SMA $82.59,True,4.65%,False,+3.9%,True,20.4M,True,NYQ,False,
GRIQ,"GrocerIQ Holdings, Inc.",2.94,2026-08-13T22:38:36.377066+00:00,True,+93.4%,False,$214.5M,,N/A,False,1.6K,False,$2.94 / SMA $3.55,True,10.12%,,N/A,,N/A,False,OID,False,
GROY,Gold Royalty Corp.,3.1,2026-08-13T22:38:17.518398+00:00,False,+26.5%,True,$715.5M,,N/A,True,2018.0K,True,$3.10 / SMA $2.77,True,3.55%,True,+76.1%,False,176.6M,True,ASE,False,
GRYRF,Geo Energy Resources Limited,0.36465,2026-08-13T22:38:23.080560+00:00,False,+26.2%,True,$647.7M,,N/A,False,0.7K,False,$0.36 / SMA $0.36,False,0.00%,False,+-9.6%,False,833.3M,False,PNK,False,
GSHD,"Goosehead Insurance, Inc.",67.4,2026-08-13T22:35:03.405367+00:00,True,+100.1%,True,$2408.8M,True,+127.8%,True,578.2K,True,$67.40 / SMA $51.18,True,6.74%,False,+20.6%,True,20.6M,True,NMS,False,
GSHRF,Gold X2 Mining Inc,5.12,2026-08-13T22:38:22.004398+00:00,True,+572.9%,True,$517.7M,False,+0.0%,False,18.2K,False,$5.12 / SMA_short $5.20,True,5.47%,,N/A,True,85.7M,False,PNK,False,
GSIT,"GSI Technology, Inc.",6.76,2026-08-13T22:38:33.715041+00:00,True,+139.7%,False,$259.8M,False,+-62.5%,True,1289.9K,False,$6.76 / SMA $6.79,True,8.17%,,N/A,True,30.9M,True,NMS,False,
GSL,"Global Ship Lease, Inc.",41.48,2026-08-13T22:35:04.440793+00:00,False,+52.1%,True,$1494.7M,False,+-5.0%,False,338.9K,True,$41.48 / SMA $40.36,False,2.68%,False,+2.0%,True,30.0M,True,NYQ,False,
GSM,Ferroglobe PLC,4.38,2026-08-13T22:35:12.764971+00:00,False,+42.2%,True,$818.4M,True,+633.3%,True,1757.0K,True,$4.38 / SMA $3.64,True,4.76%,False,+-2.1%,False,162.1M,True,NCM,False,
GT,The Goodyear Tire & Rubber Company,6.18,2026-08-13T22:35:01.322278+00:00,False,+13.8%,True,$1779.2M,False,+-181.6%,True,9831.6K,False,$6.18 / SMA $6.58,True,5.00%,False,+-4.8%,False,250.7M,True,NMS,False,
GTLB,GitLab Inc.,43.35,2026-08-13T22:31:39.276161+00:00,True,+131.4%,True,$7321.8M,True,+86.4%,True,5416.0K,True,$43.35 / SMA $32.29,True,5.84%,False,+23.1%,True,133.2M,True,NMS,False,
GYRE,"Gyre Therapeutics, Inc.",6.54,2026-08-13T22:38:24.469356+00:00,False,+20.2%,True,$693.5M,False,+-300.0%,False,91.6K,True,$6.54 / SMA $6.28,True,4.99%,False,+-2.1%,True,35.9M,True,NCM,False,
HACQ,HCM IV Acquisition Corp.,10.07,2026-08-13T22:38:32.317284+00:00,False,+2.1%,True,$376.4M,,N/A,False,24.3K,True,$10.07 / SMA $10.04,False,0.02%,,N/A,True,28.7M,True,NGM,False,
HAE,Haemonetics Corporation,90.38,2026-08-13T22:34:51.494074+00:00,True,+91.0%,True,$4112.0M,False,+2.9%,True,863.0K,True,$90.38 / SMA $78.42,True,3.40%,False,+5.6%,True,44.0M,True,NYQ,False,
HALO,"Halozyme Therapeutics, Inc.",100.67,2026-08-13T22:31:29.262365+00:00,False,+64.4%,True,$11425.8M,True,+42.9%,True,2009.8K,True,$100.67 / SMA $78.98,True,3.32%,True,+47.7%,True,109.6M,True,NMS,False,
HAWK,"HawkEye 360, Inc.",24.37,2026-08-13T22:34:52.492564+00:00,False,+43.2%,True,$2387.3M,,N/A,True,1051.4K,True,$24.37 / SMA $22.08,True,7.65%,,N/A,True,67.1M,True,NYQ,False,
HBANM,Huntington Bancshares Incorporated,20.75,2026-08-13T22:31:09.588982+00:00,False,+3.7%,,N/A,,N/A,False,15.7K,False,$20.75 / SMA $20.76,False,0.65%,True,+46.4%,False,1949.7M,True,NMS,False,
HBGRF,Heidelberger Druckmaschinen Aktiengesellschaft,1.7,2026-08-13T22:38:27.497312+00:00,False,+7.3%,True,$517.4M,,N/A,False,0.0K,True,$1.70 / SMA $1.65,False,0.00%,False,+-10.4%,False,255.4M,False,PNK,False,
HCHDF,Hochschild Mining plc,7.1,2026-08-13T22:31:41.736611+00:00,True,+105.8%,True,$3652.7M,,N/A,False,6.1K,True,$7.10 / SMA $6.55,True,3.16%,,N/A,False,275.4M,False,OQX,False,
HCMLY,Holcim AG,17.5,2026-08-13T22:31:05.388850+00:00,False,+13.3%,True,$48398.4M,,N/A,False,106.3K,False,$17.50 / SMA $18.32,False,1.54%,,N/A,False,2515.2M,False,PNK,False,
HD,"The Home Depot, Inc.",341.7,2026-08-13T22:30:57.899782+00:00,False,+18.2%,True,$340714.8M,False,+-4.3%,True,4667.2K,True,$341.70 / SMA $337.13,False,2.38%,False,+4.8%,False,973.4M,True,NYQ,False,
HDALF,Haidilao International Holding Ltd.,1.63,2026-08-13T22:31:27.060923+00:00,False,+20.7%,True,$9474.7M,,N/A,False,23.0K,True,$1.63 / SMA $1.57,False,2.63%,,N/A,False,1729.9M,False,PNK,False,
HEI.A,HEI.A,,2026-08-13T22:31:08.471021+00:00,False,N/A,False,N/A,False,N/A,False,N/A,False,N/A,False,N/A,False,N/A,False,N/A,False,Unknown,False,No price data available
HELE,Helen of Troy Limited,30.0,2026-08-13T22:38:24.041186+00:00,True,+116.6%,True,$698.8M,True,+107.7%,True,540.2K,True,$30.00 / SMA $27.86,True,4.78%,False,+8.2%,True,22.6M,True,NMS,False,
HENKY,Henkel AG & Co. KGaA,20.68,2026-08-13T22:31:10.315780+00:00,False,+22.9%,True,$33489.3M,,N/A,False,79.5K,True,$20.68 / SMA $19.84,False,1.10%,,N/A,False,943.1M,False,PNK,False,
HGV,Hilton Grand Vacations Inc.,44.91,2026-08-13T22:31:42.334988+00:00,False,+22.1%,True,$3490.6M,False,+-40.0%,True,1222.6K,False,$44.91 / SMA $49.87,True,3.86%,False,+7.3%,True,45.8M,True,NYQ,False,
HHUSF,Hua Hong Grace Semiconductor Limited,17.6,2026-08-13T22:31:09.473307+00:00,True,+252.0%,True,$34131.5M,True,+180.0%,False,1.1K,False,$17.60 / SMA $19.48,False,0.00%,,N/A,False,1050.8M,False,PNK,False,
HIFS,Hingham Institution for Savings,312.4,2026-08-13T22:38:23.316037+00:00,False,+25.7%,True,$686.4M,True,+168.5%,False,33.8K,True,$312.40 / SMA $293.48,True,3.69%,True,+105.9%,True,1.6M,True,NGM,False,
HIMS,"Hims & Hers Health, Inc.",28.77,2026-08-13T22:31:36.237543+00:00,True,+109.4%,True,$6712.4M,False,+-300.0%,True,17052.6K,False,$28.77 / SMA $31.73,True,9.08%,False,+3.8%,False,210.7M,True,NYQ,False,
HIPO,Hippo Holdings Inc.,32.93,2026-08-13T22:38:21.379436+00:00,False,+36.8%,True,$869.0M,True,+660.0%,False,160.1K,True,$32.93 / SMA $28.34,True,3.86%,False,+23.4%,True,21.9M,True,NYQ,False,
HL,Hecla Mining Company,17.73,2026-08-13T22:31:23.707224+00:00,True,+139.6%,True,$11891.7M,True,+88.9%,True,31412.3K,True,$17.73 / SMA $15.58,True,4.74%,,N/A,False,662.3M,True,NYQ,False,
HLDCY,Henderson Land Development Company Limited,3.5,2026-08-13T22:31:15.420472+00:00,False,+13.6%,True,$16944.9M,,N/A,False,72.9K,True,$3.50 / SMA $3.40,False,1.94%,,N/A,False,1292.7M,False,PNK,False,
HLFFF,HelloFresh SE,3.94,2026-08-13T22:38:23.697711+00:00,False,+12.9%,True,$624.0M,True,+50.6%,False,2.2K,False,$3.94 / SMA $4.42,True,4.68%,False,+-13.2%,True,111.7M,False,PNK,False,
HLMAF,Halma plc,50.022,2026-08-13T22:31:13.054978+00:00,False,+17.8%,True,$18892.2M,,N/A,False,11.6K,False,$50.02 / SMA $51.91,True,3.71%,,N/A,False,314.0M,False,PNK,False,
HLN,Haleon plc,9.8,2026-08-13T22:31:07.105534+00:00,False,+13.3%,True,$43157.9M,,N/A,True,9621.7K,True,$9.80 / SMA $9.55,False,1.77%,,N/A,False,3905.0M,True,NYQ,False,
HLPPY,Hang Lung Properties Limited,4.55,2026-08-13T22:31:36.377871+00:00,False,+6.8%,True,$4734.8M,,N/A,False,7.1K,False,$4.55 / SMA $4.71,False,1.82%,,N/A,False,334.7M,False,OID,False,
HLTFF,Hilton Food Group plc,7.6,2026-08-13T22:38:22.091494+00:00,False,+18.7%,True,$683.7M,,N/A,False,0.1K,True,$7.60 / SMA $7.08,False,0.00%,,N/A,True,41.7M,False,PNK,False,
HMC,"Honda Motor Co., Ltd.",31.2,2026-08-13T22:31:08.945637+00:00,False,+34.2%,True,$40482.8M,True,+147.5%,True,1759.0K,True,$31.20 / SMA $28.30,False,1.44%,False,+13.5%,False,1292.8M,True,NYQ,False,
HMDPF,Hammond Power Solutions Inc.,191.19,2026-08-13T22:34:54.405001+00:00,True,+134.8%,True,$2276.1M,False,+-64.1%,False,10.1K,False,$191.19 / SMA $211.67,False,2.53%,True,+61.3%,True,8.7M,False,PNK,False,
HMMCF,HMMCF,5.08,2026-08-13T22:35:05.229355+00:00,True,+3286.7%,True,$1505.6M,,N/A,False,51.1K,True,$5.08 / SMA $4.25,True,6.60%,,N/A,,N/A,False,OQX,False,
HNNMY,H & M Hennes & Mauritz AB (publ),3.63,2026-08-13T22:31:11.263482+00:00,False,+28.3%,True,$28974.2M,False,+0.4%,False,162.2K,True,$3.63 / SMA $3.46,False,1.33%,False,+-3.3%,False,2326.2M,False,PNK,False,
HNRG,Hallador Energy Company,15.49,2026-08-13T22:35:11.847469+00:00,False,+13.5%,True,$730.3M,False,+-187.0%,True,813.7K,False,$15.49 / SMA $16.33,True,5.62%,False,+-13.5%,True,35.8M,True,NCM,False,
HOCPF,HOYA Corporation,158.7,2026-08-13T22:31:04.868393+00:00,False,+25.2%,True,$53088.4M,,N/A,False,0.1K,False,$158.70 / SMA $161.51,False,0.00%,,N/A,False,334.6M,False,PNK,False,
HOCPY,HOYA Corporation,167.63,2026-08-13T22:31:04.631332+00:00,False,+30.4%,True,$56075.7M,,N/A,False,37.3K,True,$167.63 / SMA $159.92,False,1.45%,,N/A,False,334.6M,False,PNK,False,
HOG,"Harley-Davidson, Inc.",27.85,2026-08-13T22:34:54.990113+00:00,False,+63.0%,True,$2898.4M,False,+-14.8%,True,2606.8K,True,$27.85 / SMA $25.57,True,4.20%,False,+-5.9%,True,101.8M,True,NYQ,False,
HOOD,"Robinhood Markets, Inc.",99.37,2026-08-13T22:31:03.515799+00:00,False,+56.5%,True,$89341.8M,True,+47.6%,True,26247.9K,True,$99.37 / SMA $98.84,True,5.33%,True,+32.3%,False,766.1M,True,NMS,False,
HPE,Hewlett Packard Enterprise Company,59.82,2026-08-13T22:31:05.641449+00:00,True,+201.5%,True,$79213.9M,True,+153.7%,True,26490.5K,True,$59.82 / SMA $48.42,True,5.75%,True,+40.0%,False,1276.6M,True,NYQ,False,
HPGLY,Hapag-Lloyd Aktiengesellschaft,72.5,2026-08-13T22:31:13.468734+00:00,False,+14.5%,True,$25485.2M,False,+-149.8%,False,0.5K,True,$72.50 / SMA $68.64,False,0.23%,False,+-16.8%,True,12.7M,False,PNK,False,
HPHTF,Hamamatsu Photonics K.K.,14.675,2026-08-13T22:31:34.964999+00:00,False,+60.4%,True,$4237.2M,,N/A,False,0.5K,False,$14.68 / SMA $15.58,False,0.00%,,N/A,False,277.9M,False,PNK,False,
HPHTY,Hamamatsu Photonics K.K.,7.223,2026-08-13T22:31:35.259941+00:00,False,+46.5%,True,$4171.1M,,N/A,False,0.2K,False,$7.22 / SMA $7.83,False,0.00%,,N/A,False,555.8M,False,PNK,False,
HPK,"HighPeak Energy, Inc.",7.49,2026-08-13T22:35:09.420200+00:00,True,+94.5%,True,$947.1M,False,+-492.3%,True,661.5K,True,$7.49 / SMA $7.28,True,6.69%,False,+-20.7%,True,21.5M,True,NGM,False,
HQH,Abrdn Healthcare Investors,23.59,2026-08-13T22:35:07.651033+00:00,False,+47.3%,True,$1349.2M,,N/A,False,213.0K,True,$23.59 / SMA $21.20,False,1.88%,,N/A,,N/A,True,NYQ,False,
HR,Healthcare Realty Trust Incorporated,19.21,2026-08-13T22:31:31.509767+00:00,False,+18.4%,True,$6737.9M,True,+71.1%,True,3936.0K,False,$19.21 / SMA $20.29,False,1.91%,False,+-5.3%,False,335.2M,True,NYQ,False,
HRIBF,"HORIBA, Ltd.",162.47,2026-08-13T22:31:32.559757+00:00,True,+166.2%,True,$6826.4M,,N/A,False,0.0K,True,$162.47 / SMA $103.63,False,0.00%,,N/A,True,32.5M,False,PNK,False,
HRZRF,HRZRF,0.6958,2026-08-13T22:31:24.035579+00:00,False,+36.4%,,N/A,,N/A,False,11.1K,True,$0.70 / SMA_short $0.65,False,2.09%,,N/A,False,9657.6M,False,PNK,False,
HSAI,Hesai Group,19.29,2026-08-13T22:34:47.948481+00:00,False,+35.0%,True,$24250.2M,True,+184.6%,True,1818.0K,True,$19.29 / SMA $17.01,True,3.78%,True,+29.6%,True,121.1M,True,NMS,False,
HSHCY,"Haier Smart Home Co., Ltd.",10.64,2026-08-13T22:31:11.754582+00:00,False,+9.8%,True,$24944.5M,False,+-15.3%,False,102.3K,True,$10.64 / SMA $10.19,False,0.84%,False,+-6.9%,False,1385.0M,False,PNK,False,
HSIC,"Henry Schein, Inc.",90.12,2026-08-13T22:31:28.330368+00:00,False,+45.5%,True,$10266.2M,False,+17.1%,True,1438.8K,True,$90.12 / SMA $84.27,False,2.45%,False,+6.7%,True,90.3M,True,NMS,False,
HSY,The Hershey Company,186.12,2026-08-13T22:31:07.536830+00:00,False,+15.3%,True,$37396.3M,True,+629.0%,True,1967.0K,True,$186.12 / SMA $177.87,False,2.32%,False,+6.6%,True,140.1M,True,NYQ,False,
HTCMY,"Hitachi Construction Machinery Co., Ltd.",65.82,2026-08-13T22:31:32.542296+00:00,False,+17.7%,True,$7001.1M,,N/A,False,0.0K,True,$65.82 / SMA $65.82,False,0.00%,,N/A,True,60.1M,False,PNK,False,
HTD,John Hancock Tax-Advantaged Dividend Income Fund,25.5,2026-08-13T22:35:10.944804+00:00,False,+10.2%,True,$903.5M,,N/A,False,66.2K,True,$25.50 / SMA $25.49,False,1.49%,,N/A,,N/A,True,NYQ,False,
HTHIY,"Hitachi, Ltd.",36.04,2026-08-13T22:30:59.743811+00:00,False,+44.2%,True,$161320.1M,,N/A,True,626.8K,True,$36.04 / SMA $30.86,False,2.68%,,N/A,False,4395.6M,False,PNK,False,
HTZ,"Hertz Global Holdings, Inc.",2.345,2026-08-13T22:35:01.549124+00:00,False,+61.7%,True,$835.9M,True,+105.3%,True,27304.0K,False,$2.35 / SMA $2.89,True,13.70%,False,+9.7%,False,161.9M,True,NMS,False,
HUBS,"HubSpot, Inc.",240.51,2026-08-13T22:31:25.067350+00:00,False,+41.8%,True,$11993.3M,True,+1533.3%,True,1975.1K,True,$240.51 / SMA $207.44,True,7.64%,False,+19.8%,True,44.8M,True,NYQ,False,
HUNGF,"Huaneng Power International, Inc.",0.75203,2026-08-13T22:31:18.295808+00:00,False,+9.5%,True,$15274.1M,,N/A,False,1.3K,True,$0.75 / SMA $0.71,False,0.05%,False,+-7.2%,False,7547.3M,False,PNK,False,
HUYA,HUYA Inc.,2.34,2026-08-13T22:38:24.482164+00:00,False,+8.8%,True,$537.7M,,N/A,True,903.7K,False,$2.34 / SMA $2.38,True,3.23%,False,+14.6%,True,78.1M,True,NYQ,False,
HYLN,Hyliion Holdings Corp.,4.11,2026-08-13T22:35:08.340885+00:00,True,+179.6%,True,$734.0M,True,+30.0%,True,5120.5K,False,$4.11 / SMA $4.92,True,11.72%,True,+479.1%,True,125.1M,True,ASE,False,
HYMC,Hycroft Mining Holding Corporation,26.57,2026-08-13T22:34:51.454882+00:00,True,+638.1%,True,$2475.8M,True,+46.5%,True,2063.3K,True,$26.57 / SMA $23.33,True,6.66%,,N/A,True,54.9M,True,NCM,True,
HYPMY,Hypera S.A.,4.24,2026-08-13T22:34:49.710919+00:00,False,+14.3%,True,$2984.9M,,N/A,False,21.2K,True,$4.24 / SMA $4.08,False,1.74%,False,+8.5%,False,268.7M,False,OID,False,
IACOU,Idea Acquisition Corp.,10.04,2026-08-13T22:38:29.229852+00:00,False,+1.7%,,N/A,,N/A,False,8.7K,False,$10.04 / SMA $10.05,False,0.02%,,N/A,True,35.0M,True,NGM,False,
IBN,ICICI Bank Limited,29.48,2026-08-13T22:31:01.419582+00:00,False,+17.5%,True,$105734.1M,False,+13.8%,True,7058.6K,True,$29.48 / SMA $28.76,False,1.31%,False,+7.7%,False,3512.2M,True,NYQ,False,
ICE,"Intercontinental Exchange, Inc.",155.24,2026-08-13T22:31:01.899276+00:00,False,+27.5%,True,$87150.9M,,N/A,True,4587.3K,True,$155.24 / SMA $140.55,False,2.56%,False,+10.7%,False,523.4M,True,NYQ,False,
ICHGF,InterContinental Hotels Group PLC,155.22,2026-08-13T22:31:13.757989+00:00,False,+35.9%,True,$22898.8M,,N/A,False,0.2K,False,$155.22 / SMA $162.53,False,0.00%,,N/A,True,125.9M,False,PNK,False,
ICTEF,"International Container Terminal Services, Inc.",16.5,2026-08-13T22:31:11.318111+00:00,True,+107.8%,True,$33317.5M,True,+25.9%,False,4.5K,True,$16.50 / SMA $15.71,True,3.44%,True,+26.6%,False,498.1M,False,PNK,False,
IDCBY,Industrial and Commercial Bank of China Limited,18.27,2026-08-13T22:30:57.845282+00:00,False,+31.2%,True,$425348.0M,,N/A,False,52.1K,True,$18.27 / SMA $17.75,False,0.94%,False,+17.5%,False,10477.8M,False,PNK,False,
IE,Ivanhoe Electric Inc.,10.41,2026-08-13T22:34:59.547304+00:00,False,+32.5%,True,$1661.3M,False,+11.1%,True,2234.5K,True,$10.41 / SMA $10.06,True,6.33%,False,+-32.2%,True,125.1M,True,ASE,False,
ILKAY,Iluka Resources Limited,26.72,2026-08-13T22:34:55.236565+00:00,False,+57.2%,True,$2304.3M,,N/A,False,1.9K,True,$26.72 / SMA $23.98,True,4.18%,,N/A,True,82.6M,False,PNK,False,
ILLU,Illumination Acquisition Corp I,9.92,2026-08-13T22:38:31.763315+00:00,False,+1.0%,True,$310.4M,,N/A,False,6.5K,False,$9.92 / SMA $9.93,False,0.00%,,N/A,,N/A,True,NGM,False,
IMAX,IMAX Corporation,53.26,2026-08-13T22:34:57.233404+00:00,True,+112.5%,True,$2920.9M,True,+35.0%,True,1296.2K,True,$53.26 / SMA $43.13,True,4.56%,False,+12.2%,True,40.7M,True,NYQ,False,
IMNM,"Immunome, Inc.",26.42,2026-08-13T22:34:55.232136+00:00,True,+204.9%,True,$3000.7M,False,+7.7%,True,1391.2K,True,$26.42 / SMA $21.97,True,5.55%,False,+-100.0%,True,106.3M,True,NCM,False,
IMPUF,Impala Platinum Holdings Limited,10.245,2026-08-13T22:31:22.492531+00:00,False,+25.2%,True,$9201.6M,,N/A,False,0.2K,False,$10.24 / SMA $11.25,False,0.30%,,N/A,False,652.1M,False,OQX,False,
INDV,"Indivior Pharmaceuticals, Inc.",38.22,2026-08-13T22:31:38.831446+00:00,True,+72.0%,True,$4510.5M,,N/A,True,1984.6K,False,$38.22 / SMA $39.33,True,4.15%,False,+13.6%,True,106.7M,True,NMS,False,
INNV,InnovAge Holding Corp.,10.65,2026-08-13T22:35:09.751014+00:00,True,+226.7%,True,$1445.6M,False,+-175.0%,False,343.6K,True,$10.65 / SMA $10.45,True,5.27%,False,+15.5%,True,21.2M,True,NMS,False,
INRE,"Inland Real Estate Income Trust, Inc.",9.65,2026-08-13T22:38:31.570410+00:00,True,+2412400.0%,True,$348.5M,,N/A,False,1.7K,False,$9.65 / SMA_short $10.34,,N/A,,N/A,,N/A,False,PNK,False,
INV,"Innventure, Inc.",3.6,2026-08-13T22:38:25.104343+00:00,False,+52.5%,True,$302.6M,True,+91.3%,True,2065.1K,False,$3.60 / SMA $4.54,True,10.51%,True,+544.2%,True,68.3M,True,NGM,False,
IPGLF,IPGLF,51.0,2026-08-13T22:31:42.026534+00:00,False,+36.9%,True,$5359.8M,False,+8.0%,False,0.0K,True,$51.00 / SMA $51.00,False,0.00%,False,+1.1%,True,48.8M,False,PNK,False,
IPGP,IPG Photonics Corporation,83.94,2026-08-13T22:31:37.401805+00:00,False,+17.6%,True,$3562.7M,False,+-25.0%,False,457.9K,False,$83.94 / SMA $102.27,True,6.40%,False,+11.1%,True,25.2M,True,NMS,False,
IPI,"Intrepid Potash, Inc.",35.98,2026-08-13T22:38:25.864190+00:00,False,+59.6%,True,$484.2M,True,+368.0%,False,206.7K,True,$35.98 / SMA $34.72,True,4.30%,False,+-1.3%,True,10.5M,True,NYQ,False,
IPSC,"Century Therapeutics, Inc.",1.93,2026-08-13T22:38:30.448513+00:00,True,+343.7%,True,$349.5M,False,+-112.4%,True,1254.5K,False,$1.93 / SMA $2.19,True,5.87%,False,+-100.0%,True,99.3M,True,NCM,False,
IPXHY,Inpex Corporation,23.06,2026-08-13T22:31:10.641300+00:00,False,+52.0%,True,$26800.8M,,N/A,False,87.2K,True,$23.06 / SMA $21.72,False,2.24%,,N/A,False,843.7M,False,PNK,False,
IPZYF,IP Group Plc,0.9054,2026-08-13T22:35:13.559343+00:00,False,+33.5%,True,$799.9M,,N/A,False,0.2K,True,$0.91 / SMA $0.89,False,0.00%,,N/A,False,525.9M,False,PNK,False,
IQI,Invesco Quality Municipal Income Trust,10.23,2026-08-13T22:38:26.654938+00:00,False,+10.5%,True,$541.0M,,N/A,False,146.5K,True,$10.23 / SMA $10.01,False,0.96%,,N/A,,N/A,True,NYQ,False,
IRCUF,Irish Continental Group plc,9.1,2026-08-13T22:35:07.977569+00:00,False,+43.1%,True,$1350.7M,,N/A,False,11.1K,True,$9.10 / SMA $7.60,False,0.20%,,N/A,True,105.4M,False,PNK,False,
IRMD,IRADIMED CORPORATION,87.16,2026-08-13T22:35:06.632178+00:00,False,+28.5%,True,$1114.5M,False,+-8.9%,False,143.9K,False,$87.16 / SMA $94.14,True,3.35%,False,+0.3%,True,8.2M,True,NGM,False,
ISLMF,ISLMF,6.0,2026-08-13T22:31:43.245562+00:00,False,+42.9%,,N/A,,N/A,False,42.8K,True,$6.00 / SMA $5.42,False,2.97%,,N/A,False,486.5M,False,PNK,False,
ISTR,Investar Holding Corporation,30.84,2026-08-13T22:38:31.229661+00:00,False,+43.9%,True,$424.9M,True,+32.6%,False,188.2K,True,$30.84 / SMA $29.61,False,2.12%,True,+64.1%,True,11.6M,True,NGM,False,
ITFS,Itafos Inc.,1.59,2026-08-13T22:38:32.144391+00:00,False,+3.9%,True,$309.7M,False,+-123.1%,False,42.6K,False,$1.59 / SMA $1.71,False,2.83%,False,+13.6%,True,66.5M,False,OQX,False,
ITGR,Integer Holdings Corporation,125.06,2026-08-13T22:34:51.101189+00:00,True,+101.7%,True,$4246.4M,False,+-33.7%,True,840.9K,True,$125.06 / SMA $100.13,False,2.78%,,N/A,True,33.0M,True,NYQ,False,
ITRI,"Itron, Inc.",102.72,2026-08-13T22:31:43.185070+00:00,False,+32.1%,True,$4497.8M,False,+-19.0%,True,809.1K,True,$102.72 / SMA $88.25,True,4.01%,,N/A,True,41.7M,True,NMS,False,
ITRN,Ituran Location and Control Ltd.,53.69,2026-08-13T22:35:06.516498+00:00,False,+64.1%,True,$1063.5M,False,+16.4%,False,156.4K,False,$53.69 / SMA $58.50,True,3.59%,False,+18.8%,True,15.8M,True,NMS,False,
IVSXF,Investor AB (publ),43.5,2026-08-13T22:31:00.144471+00:00,False,+46.8%,True,$133263.6M,True,+469.7%,False,0.4K,True,$43.50 / SMA $40.49,False,0.16%,True,+856.6%,False,2440.2M,False,PNK,False,
IVT,InvenTrust Properties Corp.,33.56,2026-08-13T22:34:54.462517+00:00,False,+25.2%,True,$2617.0M,False,+-98.4%,True,997.7K,False,$33.56 / SMA $34.87,False,2.29%,False,+12.6%,True,75.6M,True,NYQ,False,
JAPAY,Japan Tobacco Inc.,22.14,2026-08-13T22:31:03.228113+00:00,False,+42.3%,True,$78612.8M,,N/A,False,78.4K,True,$22.14 / SMA $19.68,False,1.10%,,N/A,False,2132.1M,False,PNK,False,
JAZZ,Jazz Pharmaceuticals plc,245.85,2026-08-13T22:31:19.364289+00:00,True,+113.6%,True,$15959.2M,True,+123.7%,True,866.1K,True,$245.85 / SMA $242.73,True,3.03%,False,+15.5%,True,62.0M,True,NMS,False,
JBARF,Julius Bär Gruppe AG,95.04,2026-08-13T22:31:18.270845+00:00,False,+46.9%,True,$19555.8M,,N/A,False,2.8K,True,$95.04 / SMA $87.40,False,0.63%,,N/A,False,204.4M,False,PNK,False,
JBIO,"Jade Biosciences, Inc.",23.81,2026-08-13T22:35:07.876825+00:00,True,+257.0%,True,$1514.3M,True,+51.9%,True,1096.6K,True,$23.81 / SMA $19.92,True,7.63%,,N/A,True,45.9M,True,NCM,True,
JBLU,JetBlue Airways Corporation,5.8,2026-08-13T22:34:59.313628+00:00,False,+49.9%,True,$2188.4M,False,+-214.3%,True,30666.1K,True,$5.80 / SMA $5.57,True,5.28%,False,+14.5%,False,332.6M,True,NMS,False,
JBSS,"John B. Sanfilippo & Son, Inc.",86.69,2026-08-13T22:35:11.064187+00:00,False,+46.8%,True,$1013.4M,False,+-16.9%,False,125.9K,True,$86.69 / SMA $82.60,True,3.10%,False,+8.0%,True,8.9M,True,NMS,False,
JCAP,"Jefferson Capital, Inc.",21.61,2026-08-13T22:35:10.049262+00:00,False,+39.4%,True,$1331.5M,False,+-44.7%,False,327.8K,True,$21.61 / SMA $18.67,True,3.14%,False,+13.9%,True,14.6M,True,NMS,False,
JGCCY,JGC Holdings Corporation,28.01,2026-08-13T22:31:41.401590+00:00,False,+54.6%,True,$3390.3M,,N/A,False,0.1K,False,$28.01 / SMA $30.37,False,0.00%,,N/A,True,110.6M,False,PNK,False,
JGHAF,Jungheinrich Aktiengesellschaft,33.84,2026-08-13T22:34:51.916631+00:00,False,+0.0%,True,$3451.7M,,N/A,False,0.0K,False,$33.84 / SMA $33.84,False,0.00%,,N/A,True,47.7M,False,PNK,False,
JJSF,J&J Snack Foods Corp.,91.01,2026-08-13T22:35:04.190888+00:00,False,+32.1%,True,$1700.2M,False,+-16.8%,False,249.9K,True,$91.01 / SMA $78.06,True,3.11%,False,+-6.2%,True,14.4M,True,NMS,False,
JOUT,Johnson Outdoors Inc.,48.81,2026-08-13T22:38:28.762429+00:00,False,+36.9%,True,$511.5M,True,+90.2%,False,62.1K,True,$48.81 / SMA $45.93,True,3.36%,False,+5.0%,True,5.7M,True,NMS,False,
JPC,Nuveen Preferred & Income Opportunities Fund,7.7,2026-08-13T22:34:52.950879+00:00,False,+6.6%,True,$2889.2M,,N/A,True,917.0K,False,$7.70 / SMA $7.74,False,0.81%,,N/A,,N/A,True,NYQ,False,
JPNPY,"Japan Post Insurance Co., Ltd.",10.13,2026-08-13T22:31:24.716937+00:00,False,+9.5%,True,$10977.6M,,N/A,False,0.0K,True,$10.13 / SMA $9.69,False,0.00%,,N/A,False,513.5M,False,PNK,False,
JPPHY,"Japan Post Holdings Co., Ltd.",13.62,2026-08-13T22:31:07.865538+00:00,False,+53.4%,True,$38222.0M,,N/A,False,1.9K,False,$13.62 / SMA $14.52,True,4.64%,,N/A,False,1596.6M,False,PNK,False,
JPPTY,"JAPAN POST BANK Co., Ltd.",20.19,2026-08-13T22:31:03.129184+00:00,True,+113.4%,True,$71916.5M,,N/A,False,83.0K,True,$20.19 / SMA $19.90,False,2.84%,,N/A,False,1777.1M,False,PNK,False,
JRI,Nuveen Real Asset Income and Growth Fund,12.68,2026-08-13T22:38:33.432353+00:00,False,+8.7%,True,$348.0M,,N/A,False,135.7K,False,$12.68 / SMA $12.74,False,1.13%,,N/A,,N/A,True,NYQ,False,
JXHLY,"ENEOS Holdings, Inc.",16.02,2026-08-13T22:31:14.240560+00:00,False,+42.4%,True,$21324.6M,,N/A,False,1.6K,True,$16.02 / SMA $15.95,False,1.82%,,N/A,False,1318.7M,False,PNK,False,
KBONU,Karbon Capital Partners Corp.,10.29,2026-08-13T22:38:33.664326+00:00,False,+2.8%,,N/A,,N/A,False,11.8K,True,$10.29 / SMA $10.27,False,0.09%,,N/A,True,28.6M,True,NGM,False,
KBR,"KBR, Inc.",38.16,2026-08-13T22:31:40.412053+00:00,False,+27.5%,True,$4810.7M,True,+33.9%,True,1835.2K,True,$38.16 / SMA $35.60,True,3.56%,False,+1.6%,True,122.0M,True,NYQ,False,
KDDIF,KDDI Corporation,16.4,2026-08-13T22:31:03.622319+00:00,False,+15.7%,True,$60631.6M,,N/A,False,0.5K,False,$16.40 / SMA $17.69,False,0.63%,,N/A,False,2984.9M,False,PNK,False,
KEEL,Keel Infrastructure Corp.,3.31,2026-08-13T22:34:52.193078+00:00,True,+180.5%,True,$2044.2M,False,+-118.2%,True,44640.6K,False,$3.31 / SMA $4.82,True,10.61%,False,+-22.4%,False,574.9M,True,NGM,False,
KELYA,"Kelly Services, Inc.",16.31,2026-08-13T22:38:31.307548+00:00,True,+104.4%,True,$566.5M,False,+-40.4%,False,439.1K,True,$16.31 / SMA $13.67,True,4.44%,False,+-5.8%,True,29.3M,True,NMS,False,
KGC,Kinross Gold Corporation,26.85,2026-08-13T22:31:09.253106+00:00,False,+44.0%,True,$31850.6M,True,+65.1%,True,8329.1K,True,$26.85 / SMA $24.86,True,3.14%,True,+29.5%,False,1138.6M,True,NYQ,False,
KKKUF,"Kakaku.com, Inc.",22.675,2026-08-13T22:31:40.497460+00:00,True,+103.4%,True,$4544.8M,,N/A,False,0.5K,True,$22.68 / SMA $21.36,False,0.00%,,N/A,True,82.1M,False,PNK,False,
KKPNF,Koninklijke KPN N.V.,4.81,2026-08-13T22:31:15.126373+00:00,False,+13.2%,True,$18445.0M,False,+0.0%,False,57.6K,False,$4.81 / SMA $4.87,True,7.86%,False,+0.5%,False,3629.5M,False,PNK,False,
KLAC,KLA Corporation,209.37,2026-08-13T22:30:58.297739+00:00,True,+151.6%,True,$273551.7M,False,+14.8%,True,12871.1K,False,$209.37 / SMA $221.98,True,5.40%,False,+15.2%,False,1262.1M,True,NMS,False,
KNCRY,Konecranes Plc,8.0,2026-08-13T22:31:30.318002+00:00,True,+155.9%,True,$7604.6M,False,+-9.5%,False,0.2K,True,$8.00 / SMA $7.67,False,0.03%,False,+-3.1%,False,749.3M,False,PNK,False,
KNRRY,Knorr-Bremse AG,29.0,2026-08-13T22:31:16.259652+00:00,False,+28.2%,True,$18699.2M,,N/A,False,19.2K,False,$29.00 / SMA $29.40,False,1.55%,False,+9.4%,False,243.5M,False,PNK,False,
KNYJF,KONE Oyj,59.15,2026-08-13T22:31:10.383711+00:00,False,+12.2%,True,$30656.5M,False,+12.2%,False,0.5K,True,$59.15 / SMA $56.43,False,0.02%,False,+9.9%,False,363.3M,False,PNK,False,
KOD,Kodiak Sciences Inc.,39.98,2026-08-13T22:34:56.406959+00:00,True,+382.3%,True,$2501.9M,False,+13.8%,True,709.1K,True,$39.98 / SMA $38.59,True,6.83%,,N/A,True,39.1M,True,NGM,False,
KOF,"Coca-Cola FEMSA, S.A.B. de C.V.",108.84,2026-08-13T22:31:35.433932+00:00,False,+35.7%,True,$22865.5M,False,+-85.4%,False,136.6K,True,$108.84 / SMA $105.83,False,2.38%,False,+4.7%,True,51.8M,True,NYQ,False,
KOS,Kosmos Energy Ltd.,2.53,2026-08-13T22:35:00.002799+00:00,True,+201.2%,True,$1506.6M,True,+272.2%,True,14555.2K,True,$2.53 / SMA $2.46,True,5.83%,True,+54.7%,False,533.5M,True,NYQ,False,
KOYNU,"CSLM Digital Asset Acquisition Corp III, Ltd",10.28,2026-08-13T22:38:35.925466+00:00,False,+2.8%,,N/A,,N/A,False,0.3K,False,$10.28 / SMA $10.30,False,0.03%,,N/A,True,22.5M,True,NGM,False,
KPLUF,K+S Aktiengesellschaft,16.85,2026-08-13T22:34:49.052008+00:00,False,+29.2%,True,$3043.0M,False,+-283.3%,False,0.0K,True,$16.85 / SMA $16.70,False,0.00%,False,+10.0%,,N/A,False,OQX,False,
KRC,Kilroy Realty Corporation,37.0,2026-08-13T22:31:41.866653+00:00,False,+35.2%,True,$4345.4M,False,+-70.2%,True,1444.3K,False,$37.00 / SMA $38.09,False,2.92%,,N/A,True,94.9M,True,NYQ,False,
KRNT,Kornit Digital Ltd.,17.85,2026-08-13T22:38:21.666979+00:00,False,+49.6%,True,$767.0M,False,+-72.7%,False,254.9K,True,$17.85 / SMA $15.90,True,4.14%,False,+4.5%,True,39.5M,True,NMS,False,
KRSP.U,KRSP.U,,2026-08-13T22:38:27.926653+00:00,False,N/A,False,N/A,False,N/A,False,N/A,False,N/A,False,N/A,False,N/A,False,N/A,False,Unknown,False,No price data available
KRUS,"Kura Sushi USA, Inc.",53.14,2026-08-13T22:38:22.068592+00:00,False,+24.7%,True,$645.6M,False,+-40.0%,False,354.5K,True,$53.14 / SMA $49.49,True,4.88%,False,+16.2%,True,6.9M,True,NGM,False,
KRYAF,Kerry Group plc,94.25,2026-08-13T22:31:20.733705+00:00,False,+24.7%,True,$14979.2M,,N/A,False,0.1K,True,$94.25 / SMA $90.03,False,0.00%,,N/A,False,157.9M,False,OID,False,
KSRYY,KOSE Holdings Corporation,7.225,2026-08-13T22:34:59.211748+00:00,False,+21.8%,True,$2050.1M,,N/A,False,0.1K,True,$7.22 / SMA $6.56,False,0.07%,,N/A,False,159.8M,False,PNK,False,
KTWIY,Kurita Water Industries Ltd.,112.37,2026-08-13T22:31:33.661306+00:00,True,+3038.8%,True,$6076.2M,,N/A,False,0.7K,True,$112.37 / SMA $110.39,False,0.45%,,N/A,True,52.9M,False,PNK,False,
KVYO,"Klaviyo, Inc.",19.22,2026-08-13T22:31:39.547390+00:00,False,+53.4%,True,$5472.5M,True,+66.7%,True,6249.9K,True,$19.22 / SMA $16.38,True,7.56%,True,+26.4%,True,121.9M,True,NYQ,False,
KXHCF,KXHCF,355.0,2026-08-13T22:30:58.508594+00:00,True,+520.0%,,N/A,,N/A,False,16.7K,False,$355.00 / SMA $448.99,True,5.27%,,N/A,False,371.9M,False,PNK,False,
KXSCF,Kinaxis Inc.,125.53,2026-08-13T22:34:52.144546+00:00,False,+48.2%,True,$3412.9M,True,+38.2%,False,12.7K,True,$125.53 / SMA $113.26,False,2.80%,False,+19.6%,True,26.5M,False,PNK,False,
KYKOF,"Kyowa Kirin Co., Ltd.",14.425,2026-08-13T22:31:30.217055+00:00,False,+16.1%,True,$7552.7M,,N/A,False,0.0K,False,$14.43 / SMA $14.43,False,0.00%,,N/A,False,229.5M,False,PNK,False,
KYN,"Kayne Anderson Energy Infrastructure Fund, Inc.",14.7,2026-08-13T22:34:55.601248+00:00,False,+30.0%,True,$2486.2M,,N/A,False,387.0K,True,$14.70 / SMA $14.12,False,1.89%,,N/A,,N/A,True,NYQ,False,
KYTX,"Kyverna Therapeutics, Inc.",8.08,2026-08-13T22:38:26.131333+00:00,True,+147.1%,True,$499.7M,True,+35.9%,True,1027.3K,True,$8.08 / SMA $8.03,True,6.04%,,N/A,True,34.6M,True,NMS,True,
LAB,Standard BioTools Inc.,0.7498,2026-08-13T22:38:30.852059+00:00,False,+7.1%,False,$294.4M,False,+22.2%,True,3420.5K,False,$0.75 / SMA $0.86,True,7.50%,False,+-7.6%,False,210.8M,True,NMS,False,
LANDO,Gladstone Land Corporation,21.3717,2026-08-13T22:38:30.154645+00:00,False,+15.5%,,N/A,,N/A,False,15.9K,True,$21.37 / SMA $20.87,False,1.22%,False,+-1.5%,True,41.7M,True,NGM,False,
LAUR,"Laureate Education, Inc.",37.38,2026-08-13T22:31:38.558838+00:00,False,+49.7%,True,$5149.1M,True,+50.8%,True,1208.2K,True,$37.38 / SMA $37.07,True,3.52%,False,+17.5%,True,116.5M,True,NMS,False,
LB,LandBridge Company LLC,75.28,2026-08-13T22:31:33.774338+00:00,True,+72.1%,True,$5797.8M,True,+34.1%,False,366.0K,True,$75.28 / SMA $73.07,True,4.92%,True,+40.6%,True,28.0M,True,NYQ,False,
LCII,LCI Industries,107.14,2026-08-13T22:34:53.556592+00:00,False,+27.0%,True,$2604.7M,False,+20.1%,False,441.7K,True,$107.14 / SMA $101.07,True,3.54%,False,+-12.5%,True,22.9M,True,NYQ,False,
LDSVF,Chocoladefabriken Lindt & Sprüngli AG,11300.0,2026-08-13T22:31:11.096999+00:00,False,+2.5%,True,$26070.2M,,N/A,False,0.0K,False,$11300.00 / SMA $11570.01,False,0.40%,,N/A,True,0.2M,False,PNK,False,
LEGN,Legend Biotech Corporation,20.27,2026-08-13T22:31:36.050878+00:00,False,+24.8%,True,$3927.7M,True,+44.4%,True,2720.1K,False,$20.27 / SMA $26.34,True,4.85%,True,+56.5%,True,86.1M,True,NMS,False,
LGYRF,Landis+Gyr Group AG,52.1,2026-08-13T22:34:59.589103+00:00,False,+1.6%,True,$1481.3M,,N/A,False,0.0K,False,$52.10 / SMA $56.18,False,0.00%,,N/A,True,25.3M,False,PNK,False,
LIN,Linde plc,478.2,2026-08-13T22:30:58.346343+00:00,False,+23.3%,True,$220440.7M,False,+11.3%,True,2313.3K,False,$478.20 / SMA $510.91,False,1.86%,False,+9.3%,False,443.7M,True,NMS,False,
LIND,"Lindblad Expeditions Holdings, Inc.",34.48,2026-08-13T22:35:04.749469+00:00,True,+203.3%,True,$2262.6M,True,+88.9%,True,880.9K,True,$34.48 / SMA $27.27,True,4.50%,False,+18.6%,True,48.1M,True,NCM,False,
LION,Lionsgate Studios Corp.,11.72,2026-08-13T22:31:39.992172+00:00,True,+99.5%,True,$3487.4M,True,+75.0%,True,3405.3K,False,$11.72 / SMA $13.86,True,4.44%,True,+47.7%,,N/A,True,NYQ,False,
LKTEF,LKTEF,0.4031,2026-08-13T22:38:25.122113+00:00,False,+0.0%,True,$550.0M,,N/A,False,0.0K,False,$0.40 / SMA $0.40,False,0.00%,,N/A,False,506.8M,False,PNK,False,
LLESY,Lendlease Group,2.1,2026-08-13T22:35:04.396408+00:00,False,+18.0%,True,$1450.9M,,N/A,False,0.3K,True,$2.10 / SMA $2.04,False,0.81%,,N/A,False,605.1M,False,PNK,False,
LLOBF,Lloyds Banking Group plc 9.25% NON-CUM IRR PRF SHS GBP0.25,2.0,2026-08-13T22:31:02.724270+00:00,False,+7.5%,,N/A,,N/A,False,0.1K,False,$2.00 / SMA $2.01,False,0.32%,False,+14.7%,,N/A,False,PNK,False,
LLY,Eli Lilly and Company,1209.0,2026-08-13T22:30:57.432734+00:00,True,+84.6%,True,$1077650.7M,True,+26.2%,True,2997.1K,True,$1209.00 / SMA $1167.51,True,3.25%,True,+47.7%,False,869.5M,True,NYQ,False,
LNC,Lincoln National Corporation,45.28,2026-08-13T22:31:31.947148+00:00,False,+40.7%,True,$8668.7M,True,+76.8%,True,1901.2K,True,$45.28 / SMA $39.84,True,3.01%,False,+12.5%,False,168.8M,True,NYQ,False,
LNT,Alliant Energy Corporation,70.2,2026-08-13T22:31:16.459550+00:00,False,+10.9%,True,$18201.8M,False,+4.8%,True,2555.0K,False,$70.20 / SMA $73.07,False,2.04%,False,+5.0%,False,250.7M,True,NMS,False,
LNTH,"Lantheus Holdings, Inc.",100.94,2026-08-13T22:31:32.256638+00:00,True,+103.2%,True,$6588.6M,False,+-0.9%,True,1304.3K,False,$100.94 / SMA $103.92,False,2.48%,False,+2.7%,True,57.6M,True,NGM,False,
LOB,"Live Oak Bancshares, Inc.",43.34,2026-08-13T22:35:00.922595+00:00,False,+47.6%,True,$2005.9M,True,+45.1%,False,259.2K,True,$43.34 / SMA $40.89,False,2.72%,False,+9.6%,True,35.9M,True,NYQ,False,
LOKVU,Live Oak Acquisition Corp V,11.99,2026-08-13T22:40:10.410298+00:00,False,+18.7%,,N/A,,N/A,False,1.2K,True,$11.99 / SMA_short $11.99,,N/A,,N/A,,N/A,True,NGM,False,
LOPE,"Grand Canyon Education, Inc.",145.31,2026-08-13T22:31:41.088308+00:00,False,+8.2%,True,$3787.5M,False,+18.2%,False,347.2K,False,$145.31 / SMA $146.76,True,3.60%,False,+6.7%,True,24.7M,True,NMS,False,
LPAAU,Launch One Acquisition Corp.,11.13,2026-08-13T22:38:36.840997+00:00,False,+5.5%,,N/A,,N/A,False,0.1K,True,$11.13 / SMA $10.91,False,0.26%,,N/A,True,15.3M,True,NGM,False,
LPTH,"LightPath Technologies, Inc.",13.12,2026-08-13T22:35:08.527547+00:00,True,+290.5%,True,$823.8M,False,+22.2%,True,3496.1K,True,$13.12 / SMA $13.04,True,8.83%,True,+108.9%,True,61.3M,True,NCM,False,
LRCX,Lam Research Corporation,337.01,2026-08-13T22:30:57.821455+00:00,True,+258.1%,True,$421707.7M,True,+34.1%,True,11637.7K,False,$337.01 / SMA $337.65,True,6.09%,True,+30.0%,False,1208.1M,True,NMS,False,
LRLCY,L'Oréal S.A.,88.45,2026-08-13T22:30:58.523277+00:00,False,+12.2%,True,$235447.9M,,N/A,False,303.0K,True,$88.45 / SMA $87.70,False,1.49%,,N/A,False,1260.2M,False,PNK,False,
LSAK,"Lesaka Technologies, Inc.",4.83,2026-08-13T22:38:29.806267+00:00,False,+33.4%,True,$414.4M,True,+103.6%,False,163.2K,True,$4.83 / SMA $4.75,True,3.69%,False,+13.4%,True,40.5M,True,NMS,False,
LSCC,Lattice Semiconductor Corporation,128.43,2026-08-13T22:31:15.573370+00:00,True,+116.3%,True,$18204.9M,True,+600.0%,True,2049.8K,False,$128.43 / SMA $135.92,True,6.15%,True,+62.2%,True,138.0M,True,NMS,False,
LTH,"Life Time Group Holdings, Inc.",44.31,2026-08-13T22:31:31.095884+00:00,True,+83.6%,True,$9901.6M,True,+40.6%,True,2919.6K,True,$44.31 / SMA $40.26,True,3.52%,False,+13.7%,False,189.6M,True,NYQ,False,
LUNMF,Lundin Mining Corporation,24.96,2026-08-13T22:31:13.522661+00:00,True,+131.5%,True,$21248.4M,True,+126.7%,False,187.3K,False,$24.96 / SMA $25.61,True,5.09%,True,+31.9%,False,671.3M,False,PNK,False,
LWLG,"Lightwave Logic, Inc.",7.29,2026-08-13T22:34:58.636742+00:00,True,+266.3%,True,$1123.2M,False,+0.0%,True,5013.5K,False,$7.29 / SMA $7.95,True,9.17%,True,+27.3%,True,144.6M,True,NCM,False,
LYV,"Live Nation Entertainment, Inc.",186.06,2026-08-13T22:31:07.652130+00:00,False,+48.4%,True,$43344.4M,True,+156.1%,True,2360.2K,True,$186.06 / SMA $177.44,False,2.49%,False,+9.4%,True,138.8M,True,NYQ,False,
LZAGY,Lonza Group AG,70.4,2026-08-13T22:31:06.860370+00:00,False,+20.3%,True,$50091.9M,,N/A,False,56.3K,True,$70.40 / SMA $67.39,False,1.33%,,N/A,False,693.2M,False,PNK,False,
MAIFF,Mining Americas Inc.,4.14,2026-08-13T22:38:27.458261+00:00,True,+777.1%,True,$455.2M,True,+332.6%,False,158.9K,True,$4.14 / SMA $3.63,True,4.54%,True,+1519.5%,True,107.0M,False,OQX,False,
MALJF,Magellan Aerospace Corporation,29.92,2026-08-13T22:35:06.198767+00:00,True,+175.8%,True,$1757.8M,True,+52.6%,False,5.0K,True,$29.92 / SMA $24.30,False,1.64%,False,+9.3%,True,11.8M,False,PNK,False,
MANH,"Manhattan Associates, Inc.",200.92,2026-08-13T22:31:28.893423+00:00,False,+68.8%,True,$11714.6M,False,+-8.6%,True,741.8K,True,$200.92 / SMA $159.06,True,4.80%,False,+9.3%,True,52.7M,True,NMS,False,
MARIF,Marimaca Copper Corp.,5.58,2026-08-13T22:35:13.276322+00:00,False,+14.1%,True,$753.2M,False,+-250.0%,False,24.2K,True,$5.58 / SMA $5.37,False,2.42%,,N/A,True,103.6M,False,OQX,False,
MCEM,The Monarch Cement Company,274.0,2026-08-13T22:38:21.717321+00:00,False,+32.4%,True,$1023.4M,True,+320.8%,False,0.4K,False,$274.00 / SMA $279.82,False,2.00%,True,+27.5%,True,2.8M,False,OQX,False,
MDA,MDA Space Ltd.,34.81,2026-08-13T22:31:34.155072+00:00,False,+49.8%,True,$5641.4M,,N/A,True,1607.7K,False,$34.81 / SMA $35.64,True,5.46%,True,+33.6%,,N/A,True,NYQ,False,
MDDNF,Meridian Energy Limited,3.28,2026-08-13T22:31:26.917886+00:00,False,+15.5%,True,$8655.2M,,N/A,False,0.1K,False,$3.28 / SMA $3.38,False,0.03%,,N/A,False,1299.6M,False,PNK,False,
MEDP,"Medpace Holdings, Inc.",581.95,2026-08-13T22:31:22.238144+00:00,False,+56.0%,True,$16243.2M,True,+37.1%,False,323.9K,True,$581.95 / SMA $528.40,True,3.48%,False,+17.2%,True,22.0M,True,NMS,False,
MEGI,NYLI CBRE Global Infrastructure Megatrends Term Fund,15.17,2026-08-13T22:35:12.794247+00:00,False,+13.0%,True,$789.6M,,N/A,False,131.1K,True,$15.17 / SMA $15.11,False,1.70%,,N/A,,N/A,True,NYQ,False,
MELI,"MercadoLibre, Inc.",1828.25,2026-08-13T22:31:02.150062+00:00,False,+22.3%,True,$92686.4M,False,+-10.9%,False,477.2K,True,$1828.25 / SMA $1760.24,False,2.86%,True,+49.8%,True,47.9M,True,NMS,False,
MESHU,Meshflow Acquisition Corp.,10.1101,2026-08-13T22:38:28.596959+00:00,False,+1.6%,,N/A,,N/A,False,8.1K,True,$10.11 / SMA $10.10,False,0.03%,,N/A,True,33.3M,True,NGM,False,
MFG,"Mizuho Financial Group, Inc.",10.99,2026-08-13T22:31:00.548649+00:00,True,+80.5%,True,$133882.3M,,N/A,True,3923.5K,True,$10.99 / SMA $10.12,False,1.65%,True,+63.2%,False,12148.8M,True,NYQ,False,
MFIC,MidCap Financial Investment Corporation,9.85,2026-08-13T22:35:11.444947+00:00,False,+6.1%,True,$811.4M,False,+-210.5%,True,578.6K,False,$9.85 / SMA $9.87,False,2.42%,False,+-169.7%,,N/A,True,NMS,False,
MGA,Magna International Inc.,69.97,2026-08-13T22:31:16.817123+00:00,False,+62.3%,True,$18718.4M,,N/A,True,1236.6K,True,$69.97 / SMA $66.60,False,2.91%,False,+3.3%,False,256.9M,True,NYQ,False,
MGDDY,Compagnie Générale des Établissements Michelin Société en commandite par actions,20.07,2026-08-13T22:31:12.465262+00:00,False,+35.4%,False,$0.0M,,N/A,False,108.5K,True,$20.07 / SMA $19.45,False,1.29%,,N/A,,N/A,False,PNK,False,
MGRC,McGrath RentCorp,120.48,2026-08-13T22:34:53.743852+00:00,False,+26.8%,True,$2942.8M,False,+-6.2%,False,186.6K,True,$120.48 / SMA $116.99,False,2.80%,False,+-6.2%,True,23.8M,True,NMS,False,
MGRT,Mega Fortune Company Limited,99.0,2026-08-13T22:35:06.481379+00:00,True,+3290.4%,True,$1361.3M,,N/A,False,16.1K,True,$99.00 / SMA $83.48,True,6.95%,,N/A,True,2.0M,True,NCM,False,
MH,"McGraw Hill, Inc.",13.57,2026-08-13T22:34:56.193349+00:00,False,+51.7%,True,$2595.6M,,N/A,True,735.1K,True,$13.57 / SMA $10.67,True,5.71%,False,+-2.0%,True,24.9M,True,NYQ,False,
MHEYF,Keo Capital AB (publ),1.14,2026-08-13T22:38:31.836930+00:00,False,+58.3%,,N/A,,N/A,False,32.7K,True,$1.14 / SMA_short $1.05,True,3.25%,,N/A,True,115.4M,False,PNK,False,
MICC,The Magnum Ice Cream Company N.V.,20.09,2026-08-13T22:31:25.721715+00:00,False,+55.3%,True,$12311.9M,,N/A,True,1304.9K,True,$20.09 / SMA $18.05,False,1.75%,,N/A,False,455.5M,True,NYQ,False,
MINBY,MINEBEA MITSUMI Inc.,24.0,2026-08-13T22:31:25.186151+00:00,False,+57.2%,True,$9638.3M,,N/A,False,6.9K,False,$24.00 / SMA $26.69,True,4.09%,,N/A,False,364.0M,False,PNK,False,
MIY,"BlackRock MuniYield Michigan Quality Fund, Inc.",12.49,2026-08-13T22:38:33.881813+00:00,False,+13.9%,True,$361.8M,,N/A,False,58.5K,True,$12.49 / SMA $12.18,False,1.16%,,N/A,,N/A,True,NYQ,False,
MKEWF,Makita Corporation,31.02,2026-08-13T22:31:25.206038+00:00,False,+6.6%,True,$7992.5M,,N/A,False,0.0K,False,$31.02 / SMA $37.90,False,0.00%,,N/A,False,241.9M,False,PNK,False,
MKL,Markel Group Inc.,1836.98,2026-08-13T22:31:13.405121+00:00,False,+6.8%,True,$22760.1M,True,+86.8%,False,72.9K,False,$1836.98 / SMA $1903.83,False,2.05%,False,+17.8%,True,11.6M,True,NYQ,False,
MKTX,MarketAxess Holdings Inc.,162.6,2026-08-13T22:31:38.023317+00:00,False,+49.5%,True,$5722.4M,False,+1.0%,True,950.7K,True,$162.60 / SMA $126.74,False,1.50%,False,+-0.5%,True,29.0M,True,NMS,False,
MLAAU,Mountain Lake Acquisition Corp. II,10.05,2026-08-13T22:38:26.600971+00:00,False,+1.2%,,N/A,,N/A,False,0.7K,False,$10.05 / SMA $10.11,False,0.00%,,N/A,True,33.7M,True,NGM,False,
MLCO,Melco Resorts & Entertainment Limited,5.5,2026-08-13T22:34:57.864433+00:00,False,+8.5%,True,$2135.6M,True,+150.0%,True,2452.4K,True,$5.50 / SMA $5.49,True,3.17%,False,+10.9%,True,146.8M,True,NMS,False,
MLFNF,Maple Leaf Foods Inc.,19.7,2026-08-13T22:34:54.068657+00:00,False,+18.1%,True,$2457.3M,,N/A,False,21.3K,False,$19.70 / SMA $21.06,False,0.37%,False,+-21.1%,,N/A,False,PNK,False,
MLXEF,Metals X Limited,1.16,2026-08-13T22:35:08.664343+00:00,True,+222.2%,True,$1034.8M,,N/A,False,29.0K,True,$1.16 / SMA $1.03,True,6.67%,,N/A,False,626.1M,False,PNK,False,
MMSMY,"Mitsui Kinzoku Company, Limited",37.41,2026-08-13T22:31:16.859182+00:00,True,+274.1%,True,$10702.5M,,N/A,False,12.2K,False,$37.41 / SMA $46.70,True,4.27%,,N/A,False,276.6M,False,PNK,False,
MNDY,monday.com Ltd.,94.29,2026-08-13T22:31:41.564602+00:00,False,+64.0%,True,$3986.0M,False,+9.6%,True,1651.3K,True,$94.29 / SMA $81.11,True,6.47%,False,+24.5%,True,30.7M,True,NMS,False,
MOBI,"Mobia Medical, Inc.",11.68,2026-08-13T22:38:30.055724+00:00,False,+14.6%,True,$388.3M,,N/A,False,144.2K,False,$11.68 / SMA $12.47,True,7.87%,,N/A,True,15.7M,True,NMS,False,
MONDY,Mondi plc,23.92,2026-08-13T22:31:39.701500+00:00,False,+33.9%,True,$5271.9M,,N/A,False,74.6K,True,$23.92 / SMA $20.38,False,1.98%,,N/A,False,175.1M,False,PNK,False,
MONRF,Moncler S.p.A.,58.9,2026-08-13T22:31:17.459490+00:00,False,+11.4%,True,$16020.2M,,N/A,False,1.4K,False,$58.90 / SMA $61.17,False,0.20%,,N/A,False,219.5M,False,PNK,False,
MPFRY,"Mapfre, S.A.",9.51,2026-08-13T22:31:19.642461+00:00,False,+19.5%,True,$14594.6M,,N/A,False,0.5K,False,$9.51 / SMA $9.56,False,0.00%,,N/A,False,460.6M,False,PNK,False,
MPJPY,Metaplanet Inc.,1.36,2026-08-13T22:34:54.298095+00:00,False,+12.6%,,N/A,,N/A,True,885.6K,False,$1.36 / SMA $1.44,True,6.13%,,N/A,False,394.4M,False,OQX,False,
MPT,"Medical Properties Trust, Inc.",4.2,2026-08-13T22:34:50.772472+00:00,False,+5.3%,True,$2508.2M,True,+125.0%,True,6232.5K,False,$4.20 / SMA $4.64,True,3.20%,False,+12.6%,False,484.7M,True,NYQ,False,
MQBKY,Macquarie Group Limited,183.01,2026-08-13T22:31:03.865194+00:00,False,+49.6%,True,$69752.1M,,N/A,False,13.5K,True,$183.01 / SMA $176.57,False,0.77%,,N/A,False,363.4M,False,PNK,False,
MRAAY,"Murata Manufacturing Co., Ltd.",26.5,2026-08-13T22:31:02.205411+00:00,True,+233.3%,True,$96476.6M,,N/A,True,870.4K,False,$26.50 / SMA $28.39,True,4.07%,,N/A,False,3627.3M,False,PNK,False,
MRAM,"Everspin Technologies, Inc.",16.83,2026-08-13T22:35:12.871289+00:00,True,+187.2%,True,$409.8M,False,+-400.0%,True,2368.6K,False,$16.83 / SMA $19.51,True,8.74%,True,+41.9%,True,17.3M,True,NGM,False,
MRVL,"Marvell Technology, Inc.",222.18,2026-08-13T22:30:59.094081+00:00,True,+261.6%,True,$199416.4M,False,+-80.0%,True,41440.7K,False,$222.18 / SMA $239.66,True,7.15%,True,+27.6%,False,843.9M,True,NMS,False,
MSBI,"Midland States Bancorp, Inc.",33.63,2026-08-13T22:38:24.807459+00:00,True,+136.2%,True,$697.9M,True,+86.4%,False,174.6K,True,$33.63 / SMA $31.06,False,2.81%,False,+0.4%,True,19.4M,True,NMS,False,
MSBPF,"Mitsubishi Pencil Co., Ltd.",14.66,2026-08-13T22:35:12.218619+00:00,False,+19.8%,True,$733.1M,,N/A,False,0.0K,True,$14.66 / SMA $5.18,False,0.00%,,N/A,True,34.4M,False,PNK,False,
MSCI,MSCI Inc.,575.24,2026-08-13T22:31:06.778163+00:00,False,+14.8%,True,$41819.9M,False,+19.6%,True,722.2K,False,$575.24 / SMA $588.15,False,2.64%,False,+12.2%,True,66.5M,True,NYQ,False,
MSSMY,MISUMI Group Inc.,12.65,2026-08-13T22:31:35.222135+00:00,True,+90.5%,True,$6674.4M,,N/A,False,0.4K,True,$12.65 / SMA $11.85,False,0.82%,,N/A,False,523.2M,False,PNK,False,
MT,ArcelorMittal S.A.,73.21,2026-08-13T22:31:05.760334+00:00,True,+129.3%,True,$55203.4M,False,+-62.0%,True,1864.6K,True,$73.21 / SMA $66.97,False,2.61%,False,+5.2%,False,824.0M,True,NYQ,False,
MTASF,MTASF,31.75,2026-08-13T22:35:00.403481+00:00,False,+23.5%,True,$2067.6M,True,+112.5%,False,0.5K,True,$31.75 / SMA $27.81,False,0.46%,False,+4.1%,True,34.3M,False,PNK,False,
MTD,Mettler-Toledo International Inc.,1430.76,2026-08-13T22:31:14.131208+00:00,False,+39.9%,True,$28667.5M,False,+18.3%,False,203.3K,True,$1430.76 / SMA $1285.67,False,2.81%,False,+4.5%,True,18.2M,True,NYQ,False,
MTLPF,MTLPF,57.5,2026-08-13T22:31:33.036734+00:00,False,+55.0%,,N/A,,N/A,False,0.2K,True,$57.50 / SMA_short $50.45,,N/A,,N/A,True,107.9M,False,PNK,False,
MTNOY,MTN Group Limited,11.93,2026-08-13T22:31:14.258932+00:00,False,+53.9%,True,$21867.4M,,N/A,False,16.8K,False,$11.93 / SMA $13.48,False,1.59%,,N/A,False,1259.3M,False,PNK,False,
MTRX,Matrix Service Company,11.66,2026-08-13T22:38:33.154339+00:00,False,+18.0%,True,$328.0M,True,+125.0%,False,232.7K,False,$11.66 / SMA $12.74,True,3.72%,False,+3.3%,True,25.9M,True,NMS,False,
MTUAF,MTU Aero Engines AG,440.2,2026-08-13T22:31:16.197656+00:00,False,+39.9%,True,$23696.9M,,N/A,False,0.7K,True,$440.20 / SMA $396.36,True,4.09%,,N/A,True,51.9M,False,PNK,False,
MVBF,MVB Financial Corp.,30.6,2026-08-13T22:38:35.019473+00:00,False,+33.9%,True,$396.8M,True,+520.0%,False,49.3K,True,$30.60 / SMA $28.92,False,2.93%,True,+56.8%,True,11.8M,True,NCM,False,
MVST,"Microvast Holdings, Inc.",0.8874,2026-08-13T22:38:27.413871+00:00,False,+24.6%,True,$341.2M,False,+-180.0%,True,5234.5K,False,$0.89 / SMA $1.03,True,9.90%,False,+-48.0%,False,182.0M,True,NCM,False,
MXF,"The Mexico Fund, Inc.",21.4,2026-08-13T22:38:36.469954+00:00,False,+20.2%,True,$308.6M,,N/A,False,42.0K,False,$21.40 / SMA $21.44,False,2.33%,,N/A,,N/A,True,NYQ,False,
MZHOF,"Mizuho Financial Group, Inc.",51.98,2026-08-13T22:31:00.478106+00:00,True,+74.5%,True,$126646.1M,,N/A,False,35.9K,True,$51.98 / SMA $49.28,False,1.93%,True,+63.2%,False,2429.8M,False,PNK,False,
NAC,Nuveen California Quality Municipal Income Fund,11.98,2026-08-13T22:35:00.020074+00:00,False,+8.2%,True,$1872.8M,,N/A,False,462.2K,True,$11.98 / SMA $11.90,False,0.81%,,N/A,,N/A,True,NYQ,False,
NAMS,NewAmsterdam Pharma Company N.V.,26.67,2026-08-13T22:31:41.013462+00:00,False,+15.7%,True,$3188.1M,False,+-253.2%,True,1184.5K,False,$26.67 / SMA $31.09,True,5.52%,False,+-80.7%,True,79.7M,True,NGM,False,
NATL,NCR Atleos Corporation,46.98,2026-08-13T22:34:48.601150+00:00,False,+41.0%,True,$3471.7M,True,+65.4%,True,674.9K,True,$46.98 / SMA $45.38,False,1.84%,False,+0.1%,True,72.7M,True,NYQ,False,
NBH,Neuberger Berman Income Funds - Neuberger Municipal Fund Inc.,10.26,2026-08-13T22:40:09.983610+00:00,False,+5.1%,True,$303.9M,,N/A,False,92.3K,False,$10.26 / SMA $10.29,False,0.96%,,N/A,,N/A,True,ASE,False,
NCLTF,"Nitori Holdings Co., Ltd.",18.23,2026-08-13T22:31:27.647537+00:00,False,+37.6%,True,$10301.0M,,N/A,False,0.0K,True,$18.23 / SMA $15.09,False,0.00%,,N/A,False,441.5M,False,PNK,False,
NDGPY,Nine Dragons Paper (Holdings) Limited,18.29,2026-08-13T22:31:42.251880+00:00,False,+49.3%,True,$4291.0M,,N/A,False,0.0K,True,$18.29 / SMA $17.47,False,0.00%,,N/A,True,75.4M,False,PNK,False,
NE,Noble Corporation plc,44.29,2026-08-13T22:31:28.936551+00:00,False,+69.0%,True,$7070.6M,False,+-185.2%,True,1566.1K,True,$44.29 / SMA $41.92,True,3.52%,False,+-15.2%,True,125.1M,True,NYQ,False,
NEO,"NeoGenomics, Inc.",16.39,2026-08-13T22:35:06.459500+00:00,True,+175.9%,True,$2134.2M,True,+105.7%,True,2777.5K,True,$16.39 / SMA $13.78,True,4.84%,False,+11.2%,True,115.7M,True,NCM,False,
NETLF,NetLink NBN Trust,0.769,2026-08-13T22:34:51.087251+00:00,False,+3.1%,True,$2996.8M,,N/A,False,0.0K,True,$0.77 / SMA $0.77,False,0.00%,,N/A,False,2895.6M,False,PNK,False,
NEWTG,"NewtekOne, Inc. 8.50% Fixed Rate Senior Notes due 2029",25.41,2026-08-13T22:38:31.567654+00:00,False,+3.7%,,N/A,,N/A,False,3.6K,False,$25.41 / SMA $25.43,False,0.34%,,N/A,,N/A,True,NGM,False,
NGL,NGL Energy Partners LP,17.1,2026-08-13T22:34:56.623056+00:00,True,+254.0%,True,$2117.2M,True,+1100.0%,False,271.4K,True,$17.10 / SMA $15.91,True,4.37%,True,+59.1%,True,111.4M,True,NYQ,False,
NGLOY,Anglo American plc,26.36,2026-08-13T22:31:04.559076+00:00,True,+84.9%,True,$56488.8M,,N/A,False,402.7K,True,$26.36 / SMA $25.38,False,2.48%,,N/A,False,1674.1M,False,OQX,False,
NGXXF,NGEx Minerals Ltd.,19.78,2026-08-13T22:31:42.246733+00:00,False,+40.8%,True,$4289.5M,False,+10.0%,False,37.1K,True,$19.78 / SMA $18.46,True,3.54%,,N/A,True,136.0M,False,OQX,False,
NHPEF,New Hope Corporation Limited,3.97,2026-08-13T22:34:48.911069+00:00,False,+58.2%,True,$3398.7M,,N/A,False,15.0K,True,$3.97 / SMA $3.90,True,5.25%,,N/A,False,485.3M,False,PNK,False,
NICE,NICE Ltd.,105.25,2026-08-13T22:31:36.369554+00:00,False,+26.7%,True,$6151.1M,False,+-52.7%,True,669.1K,True,$105.25 / SMA $94.99,True,4.44%,False,+7.6%,False,1456.2M,True,NMS,False,
NIKA,NIKA,0.41999,2026-08-13T22:38:25.819976+00:00,True,+110.0%,True,$440.4M,,N/A,False,0.1K,False,$0.42 / SMA $0.54,True,4.34%,,N/A,False,276.6M,False,OQB,False,
NKOKF,"Noritsu Koki Co., Ltd.",12.445,2026-08-13T22:35:03.595249+00:00,True,+86.7%,True,$1319.3M,,N/A,False,0.0K,True,$12.45 / SMA $-2.26,False,0.00%,,N/A,True,18.2M,False,PNK,False,
NKX,Nuveen California AMT-Free Quality Municipal Income Fund,12.47,2026-08-13T22:38:22.407774+00:00,False,+6.9%,True,$666.4M,,N/A,False,132.9K,True,$12.47 / SMA $12.37,False,0.65%,,N/A,,N/A,True,NYQ,False,
NL,"NLI Holdings, Inc.",6.53,2026-08-13T22:38:34.139950+00:00,False,+29.6%,True,$319.3M,True,+1700.0%,False,66.0K,True,$6.53 / SMA $6.01,True,4.06%,False,+8.0%,True,8.3M,True,NYQ,False,
NMG,Nouveau Monde Graphite Inc.,1.5,2026-08-13T22:38:36.884501+00:00,False,+19.0%,True,$493.7M,True,+62.5%,True,794.5K,True,$1.50 / SMA $1.48,True,6.03%,,N/A,True,93.8M,True,NYQ,False,
NML,Neuberger Berman Income Funds - Neuberger Energy Infrastructure and Income Fund Inc.,10.72,2026-08-13T22:38:24.129653+00:00,False,+35.9%,True,$607.4M,,N/A,False,134.7K,True,$10.72 / SMA $10.14,False,2.58%,,N/A,,N/A,True,ASE,False,
NMRSF,NMRSF,27.55,2026-08-13T22:35:01.557197+00:00,False,+30.5%,True,$1916.0M,,N/A,False,0.1K,True,$27.55 / SMA $23.52,False,0.00%,,N/A,True,49.9M,False,PNK,False,
NMZ,Nuveen Municipal High Income Opportunity Fund,10.31,2026-08-13T22:34:57.181723+00:00,False,+3.9%,True,$2220.4M,,N/A,True,667.0K,True,$10.31 / SMA $10.28,False,0.68%,,N/A,,N/A,True,NYQ,False,
NNDM,Nano Dimension Ltd.,1.65,2026-08-13T22:38:34.082388+00:00,False,+38.7%,True,$347.9M,True,+96.4%,True,4048.3K,True,$1.65 / SMA $1.49,True,3.99%,False,+12.1%,False,201.4M,True,NCM,False,
NOA,North American Construction Group Ltd.,14.37,2026-08-13T22:38:30.022013+00:00,False,+19.1%,True,$389.5M,False,+-9.5%,False,103.1K,True,$14.37 / SMA $13.69,True,3.40%,False,+-6.3%,True,23.8M,True,NYQ,False,
NOG,"Northern Oil and Gas, Inc.",24.45,2026-08-13T22:34:54.783768+00:00,False,+42.3%,True,$2605.1M,True,+119.0%,True,3126.7K,True,$24.45 / SMA $20.28,True,3.67%,False,+16.8%,True,102.1M,True,NYQ,False,
NONOF,Novo Nordisk A/S,45.71,2026-08-13T22:30:58.740326+00:00,False,+34.4%,True,$200262.4M,False,+-20.5%,False,40.6K,False,$45.71 / SMA $46.87,True,6.14%,False,+2.1%,False,3150.0M,False,PNK,False,
NOW,"ServiceNow, Inc.",127.25,2026-08-13T22:31:00.962008+00:00,False,+56.6%,True,$131558.9M,False,+-21.2%,True,27427.2K,True,$127.25 / SMA $107.53,True,5.47%,False,+24.0%,False,993.5M,True,NYQ,False,
NPACU,New Providence Acquisition Corp. III,10.47,2026-08-13T22:38:30.809834+00:00,False,+2.9%,,N/A,,N/A,False,1.5K,True,$10.47 / SMA $10.44,False,0.03%,,N/A,True,25.3M,True,NGM,False,
NPKYY,"Nippon Kayaku Co., Ltd.",13.16,2026-08-13T22:34:58.905626+00:00,False,+55.6%,True,$1952.0M,,N/A,False,0.0K,True,$13.16 / SMA $13.16,False,0.00%,,N/A,,N/A,False,PNK,False,
NPPXF,"NTT, Inc.",0.94,2026-08-13T22:31:02.413067+00:00,False,+10.6%,True,$76330.8M,,N/A,False,196.2K,True,$0.94 / SMA $0.92,False,0.98%,,N/A,False,49559.9M,False,PNK,False,
NPWR,NET Power Inc.,1.62,2026-08-13T22:38:29.689285+00:00,False,+20.0%,False,$143.2M,True,+92.3%,True,739.0K,True,$1.62 / SMA $1.61,True,6.34%,,N/A,True,45.2M,True,NYQ,False,
NRKBF,NKT A/S,158.3,2026-08-13T22:31:27.196547+00:00,True,+80.4%,True,$8461.2M,False,+10.0%,False,0.0K,True,$158.30 / SMA $155.75,False,0.00%,False,+3.2%,True,50.9M,False,PNK,False,
NSA,National Storage Affiliates Trust,43.41,2026-08-13T22:31:34.940180+00:00,False,+58.3%,True,$6391.4M,,N/A,True,1337.2K,False,$43.41 / SMA_short $44.50,,N/A,False,+-1.6%,True,71.3M,True,NYQ,False,
NSP,"Insperity, Inc.",53.77,2026-08-13T22:35:06.232497+00:00,True,+189.6%,True,$2053.8M,True,+171.4%,True,719.8K,True,$53.77 / SMA $44.69,True,5.73%,False,+1.7%,True,35.5M,True,NYQ,False,
NSRGY,Nestlé S.A.,99.61,2026-08-13T22:30:58.195226+00:00,False,+12.6%,True,$256218.8M,,N/A,False,443.5K,False,$99.61 / SMA $100.90,False,1.31%,,N/A,False,2565.1M,False,OID,False,
NTCT,"NetScout Systems, Inc.",39.72,2026-08-13T22:34:51.901808+00:00,True,+78.8%,True,$2887.9M,True,+680.0%,True,637.9K,False,$39.72 / SMA $41.03,True,3.58%,False,+12.7%,True,64.8M,True,NMS,False,
NTRS,Northern Trust Corporation,190.48,2026-08-13T22:31:10.056508+00:00,False,+57.3%,True,$34849.4M,True,+98.6%,True,1106.4K,True,$190.48 / SMA $179.26,False,2.12%,True,+35.0%,False,174.6M,True,NMS,False,
NUFMF,Nufarm Limited,1.94,2026-08-13T22:38:18.535669+00:00,True,+96.0%,True,$745.5M,,N/A,False,0.7K,False,$1.94 / SMA $1.95,False,0.00%,,N/A,False,378.9M,False,OQX,False,
NURAF,"Nomura Research Institute, Ltd.",29.3,2026-08-13T22:31:17.837988+00:00,False,+25.4%,True,$16399.1M,,N/A,False,0.4K,False,$29.30 / SMA $29.60,False,0.32%,,N/A,False,383.4M,False,PNK,False,
NUTX,Nutex Health Inc.,186.81,2026-08-13T22:35:12.460913+00:00,True,+142.0%,True,$1279.3M,True,+418.0%,False,137.4K,True,$186.81 / SMA $158.86,True,7.00%,False,+-13.6%,True,4.2M,True,NCM,False,
NUVB,Nuvation Bio Inc.,6.1,2026-08-13T22:35:01.724579+00:00,True,+137.4%,True,$2141.9M,False,+-5.9%,True,6488.1K,True,$6.10 / SMA $5.85,True,6.08%,True,+555.6%,False,254.6M,True,NYQ,False,
NUVL,Nuvalent Inc,123.96,2026-08-13T22:31:29.297076+00:00,True,+74.3%,True,$9792.6M,,N/A,True,2330.0K,True,$123.96 / SMA_short $123.96,,N/A,,N/A,True,49.1M,True,NGM,False,
NVDA,NVIDIA Corporation,225.3,2026-08-13T22:30:57.380214+00:00,False,+37.3%,True,$5456991.4M,True,+214.5%,True,148996.0K,True,$225.30 / SMA $206.31,True,3.24%,True,+85.2%,False,22641.3M,True,NMS,False,
NVO,Novo Nordisk A/S,46.72,2026-08-13T22:30:58.699547+00:00,False,+33.0%,True,$204687.3M,False,+-20.5%,True,12399.9K,False,$46.72 / SMA $47.15,False,2.74%,False,+2.1%,False,3150.0M,True,NYQ,False,
NWE,"NorthWestern Energy Group, Inc.",71.52,2026-08-13T22:31:39.696169+00:00,False,+30.3%,True,$4399.8M,False,+14.3%,False,483.3K,True,$71.52 / SMA $70.83,False,2.09%,False,+14.6%,True,59.9M,True,NMS,False,
NWL,Newell Brands Inc.,6.17,2026-08-13T22:35:02.815977+00:00,True,+101.0%,True,$2627.8M,True,+127.3%,True,11610.3K,True,$6.17 / SMA $5.28,True,6.90%,False,+3.0%,False,383.0M,True,NMS,False,
NXPRF,Nexans S.A.,149.24,2026-08-13T22:31:29.561358+00:00,False,+9.1%,True,$6528.5M,,N/A,False,0.1K,False,$149.24 / SMA $166.53,False,0.00%,,N/A,True,37.5M,False,PNK,False,
NXSNF,"NextVision Stabilized Systems, Ltd.",69.01,2026-08-13T22:31:26.660762+00:00,True,+76.1%,True,$6383.3M,True,+63.6%,False,0.2K,False,$69.01 / SMA $84.77,False,0.18%,True,+86.3%,True,72.0M,False,PNK,False,
O,Realty Income Corporation,62.95,2026-08-13T22:31:04.307039+00:00,False,+12.7%,True,$59563.4M,True,+68.2%,True,5893.3K,True,$62.95 / SMA $62.63,False,1.79%,False,+6.6%,False,922.4M,True,NYQ,False,
OCDDY,Ocado Group plc,6.99,2026-08-13T22:34:56.335189+00:00,True,+76.5%,True,$2910.9M,,N/A,False,11.9K,True,$6.99 / SMA $5.14,False,2.34%,,N/A,False,166.9M,False,PNK,False,
OCFC,OceanFirst Financial Corp.,19.48,2026-08-13T22:35:08.301032+00:00,False,+19.1%,True,$1882.6M,False,+-114.3%,True,1021.2K,True,$19.48 / SMA $18.89,False,2.11%,True,+32.6%,True,84.8M,True,NMS,False,
OCPNF,Olympus Corporation,13.2,2026-08-13T22:31:22.402477+00:00,False,+65.0%,True,$14029.7M,,N/A,False,0.6K,True,$13.20 / SMA $10.92,False,0.00%,,N/A,False,1073.3M,False,PNK,False,
OCSL,Oaktree Specialty Lending Corporation,13.06,2026-08-13T22:35:08.953041+00:00,False,+22.9%,True,$1150.4M,False,+-20.5%,True,571.2K,True,$13.06 / SMA $11.96,False,2.51%,False,+-5.1%,,N/A,True,NMS,False,
ODFL,"Old Dominion Freight Line, Inc.",215.73,2026-08-13T22:31:06.511237+00:00,True,+71.2%,True,$44733.0M,True,+32.3%,True,1863.2K,False,$215.73 / SMA $225.48,True,3.34%,False,+10.4%,False,181.3M,True,NMS,False,
OGC,OceanaGold Corporation,28.44,2026-08-13T22:31:32.623746+00:00,True,+75.0%,True,$6326.4M,True,+102.0%,False,417.1K,True,$28.44 / SMA $25.43,True,3.66%,True,+49.7%,False,218.8M,True,NYQ,False,
OGCP,"Empire State Realty OP, L.P.",4.7,2026-08-13T22:35:03.048702+00:00,False,+4.4%,True,$1315.6M,False,+-475.0%,False,0.9K,False,$4.70 / SMA $5.36,False,1.44%,False,+3.0%,True,13.8M,True,PCX,False,
OGS,"ONE Gas, Inc.",81.01,2026-08-13T22:31:36.977176+00:00,False,+9.6%,True,$5092.0M,True,+39.6%,True,656.6K,True,$81.01 / SMA $78.34,False,2.06%,False,+-2.9%,True,60.7M,True,NYQ,False,
OKLO,Oklo Inc.,46.45,2026-08-13T22:31:23.554386+00:00,False,+26.9%,True,$8640.5M,False,+-55.6%,True,11380.2K,False,$46.45 / SMA $49.43,True,7.57%,,N/A,True,148.5M,True,NYQ,False,
OKTA,"Okta, Inc.",154.95,2026-08-13T22:31:18.266449+00:00,True,+147.3%,True,$27169.9M,False,+20.0%,True,3663.5K,True,$154.95 / SMA $134.96,True,4.67%,False,+11.2%,False,159.2M,True,NMS,False,
OLED,Universal Display Corporation,90.96,2026-08-13T22:31:39.637756+00:00,False,+19.0%,True,$4181.1M,False,+-24.8%,True,750.4K,True,$90.96 / SMA $84.86,True,3.67%,False,+-11.4%,True,41.1M,True,NMS,False,
OLN,Olin Corporation,19.06,2026-08-13T22:34:51.582225+00:00,False,+7.5%,True,$2172.5M,False,+-1100.0%,True,3061.4K,False,$19.06 / SMA $21.63,True,4.67%,False,+-0.9%,True,112.5M,True,NYQ,False,
OMCL,"Omnicell, Inc.",37.64,2026-08-13T22:34:58.249313+00:00,False,+29.5%,True,$1716.9M,True,+333.3%,True,718.7K,False,$37.64 / SMA $40.89,True,4.53%,False,+7.4%,True,41.4M,True,NMS,False,
OMRNY,OMRON Corporation,44.3,2026-08-13T22:31:32.266402+00:00,True,+90.7%,True,$8710.7M,,N/A,False,56.0K,True,$44.30 / SMA $36.19,False,2.54%,,N/A,False,192.6M,False,PNK,False,
OMVJF,OMV Aktiengesellschaft,75.0,2026-08-13T22:31:12.580781+00:00,False,+49.4%,True,$24460.8M,True,+268.2%,False,0.1K,True,$75.00 / SMA $67.80,False,0.00%,True,+29.6%,True,140.8M,False,OQX,False,
OMVKY,OMV Aktiengesellschaft,18.75,2026-08-13T22:31:13.165298+00:00,False,+49.8%,True,$24460.8M,True,+268.2%,False,37.4K,True,$18.75 / SMA $17.28,False,0.96%,True,+29.6%,True,140.8M,False,OQX,False,
ONDS,Ondas Inc.,8.91,2026-08-13T22:31:39.231866+00:00,True,+178.4%,True,$5083.6M,True,+613.4%,True,89831.0K,True,$8.91 / SMA $8.43,True,8.56%,True,+1079.9%,False,452.5M,True,NCM,False,
OPAL,OPAL Fuels Inc.,2.225,2026-08-13T22:38:32.242427+00:00,False,+34.8%,True,$388.8M,False,+-800.0%,False,284.6K,True,$2.23 / SMA $2.18,True,7.68%,False,+-14.1%,True,16.7M,True,NCM,False,
OPMXF,"Operadora de Sites Mexicanos, S.A.B. de C.V.",0.9872,2026-08-13T22:34:51.854719+00:00,False,+40.3%,True,$2876.0M,True,+58.3%,False,2.7K,True,$0.99 / SMA $0.97,False,1.92%,False,+3.5%,False,2913.8M,False,PNK,False,
OPTU,OPTU,0.836,2026-08-13T22:38:36.637201+00:00,False,+43.4%,False,$227.9M,False,+-219.0%,True,11088.8K,False,$0.84 / SMA $1.06,True,10.80%,False,+-5.8%,False,166.3M,True,NYQ,False,
OPY,Oppenheimer Holdings Inc.,115.18,2026-08-13T22:35:09.443895+00:00,True,+80.5%,True,$1233.3M,False,+24.6%,False,115.2K,True,$115.18 / SMA $109.29,True,4.06%,False,+21.9%,True,6.0M,True,NYQ,False,
ORANY,Orange S.A.,18.84,2026-08-13T22:31:04.512167+00:00,False,+22.7%,True,$50072.5M,,N/A,False,163.4K,False,$18.84 / SMA $19.02,False,1.38%,False,+9.2%,False,1847.2M,False,PNK,False,
ORC,"Orchid Island Capital, Inc.",6.63,2026-08-13T22:35:04.565550+00:00,False,+5.1%,True,$1330.6M,True,+251.7%,True,5095.9K,True,$6.63 / SMA $6.57,False,1.96%,True,+435.7%,False,197.9M,True,NYQ,False,
ORGO,Organogenesis Holdings Inc.,1.76,2026-08-13T22:38:34.329271+00:00,False,+14.3%,False,$226.5M,False,+-670.0%,True,952.9K,False,$1.76 / SMA $2.38,True,6.69%,False,+-57.5%,True,57.3M,True,NCM,False,
ORKLY,Orkla ASA,10.96,2026-08-13T22:31:23.657376+00:00,False,+10.6%,True,$10540.6M,False,+-4.5%,False,91.4K,True,$10.96 / SMA $10.79,False,1.15%,False,+1.3%,False,631.2M,False,PNK,False,
ORZCF,Orezone Gold Corporation,1.89,2026-08-13T22:35:07.150962+00:00,True,+152.0%,True,$1260.6M,True,+100.0%,False,155.9K,True,$1.89 / SMA $1.67,True,4.26%,True,+124.8%,False,464.4M,False,OQX,False,
OSIS,"OSI Systems, Inc.",228.56,2026-08-13T22:31:43.465958+00:00,False,+15.9%,True,$3767.3M,False,+-2.9%,False,235.5K,True,$228.56 / SMA $219.49,True,3.30%,False,+2.0%,True,15.4M,True,NMS,False,
OSW,OneSpaWorld Holdings Limited,26.92,2026-08-13T22:34:55.372973+00:00,False,+41.2%,True,$2732.3M,False,+21.1%,True,847.3K,True,$26.92 / SMA $26.35,False,2.93%,False,+8.5%,True,98.4M,True,NCM,False,
OUTKY,Outokumpu Oyj,3.34,2026-08-13T22:34:50.073372+00:00,True,+76.7%,True,$3148.8M,True,+225.0%,False,0.4K,True,$3.34 / SMA $3.18,False,0.60%,False,+3.8%,False,775.4M,False,PNK,False,
OVHFF,OVH Groupe S.A.,17.15,2026-08-13T22:34:57.604940+00:00,True,+105.6%,True,$2594.6M,,N/A,False,1.2K,False,$17.15 / SMA $17.37,False,0.03%,,N/A,True,22.0M,False,PNK,False,
OWL,Blue Owl Capital Inc.,12.66,2026-08-13T22:31:18.684179+00:00,False,+59.2%,True,$30920.0M,False,+0.0%,True,21543.7K,True,$12.66 / SMA $9.83,True,4.17%,False,+7.1%,False,636.1M,True,NYQ,False,
PAG,"Penske Automotive Group, Inc.",218.67,2026-08-13T22:31:24.456402+00:00,False,+56.1%,True,$14358.5M,False,+4.8%,False,379.8K,True,$218.67 / SMA $195.05,False,2.11%,False,+6.0%,True,17.4M,True,NYQ,False,
PAKTY,PAKTY,1.23,2026-08-13T22:35:10.588860+00:00,False,+69.7%,True,$1753.0M,,N/A,False,0.1K,True,$1.23 / SMA $1.23,False,0.00%,False,+15.5%,False,437.5M,False,PNK,False,
PARXF,Parex Resources Inc.,18.66,2026-08-13T22:34:59.958770+00:00,False,+64.6%,True,$1794.7M,True,+462.2%,False,102.1K,True,$18.66 / SMA $16.92,False,2.56%,True,+74.9%,True,95.4M,False,PNK,False,
PAX,Patria Investments Limited,11.63,2026-08-13T22:35:00.367240+00:00,False,+10.2%,True,$1877.0M,False,+-86.3%,True,958.3K,True,$11.63 / SMA $11.01,False,2.99%,False,+22.0%,True,62.6M,True,NMS,False,
PB,"Prosperity Bancshares, Inc.",74.63,2026-08-13T22:31:31.804657+00:00,False,+22.2%,True,$8968.8M,False,+17.6%,True,1138.4K,True,$74.63 / SMA $72.46,False,1.88%,True,+25.6%,True,106.6M,True,NYQ,False,
PBCRF,PT Bank Central Asia Tbk,0.359,2026-08-13T22:31:07.859011+00:00,False,+33.0%,True,$44112.6M,,N/A,False,32.8K,True,$0.36 / SMA $0.33,False,0.00%,False,+4.4%,False,47899.7M,False,PNK,False,
PBF,PBF Energy Inc.,74.36,2026-08-13T22:31:38.464046+00:00,True,+236.8%,True,$8814.4M,,N/A,True,2924.3K,True,$74.36 / SMA $53.80,True,6.55%,True,+56.2%,True,97.1M,True,NYQ,True,
PBH,Prestige Consumer Healthcare Inc.,51.32,2026-08-13T22:34:56.431709+00:00,False,+20.4%,True,$2431.1M,False,+-35.8%,True,697.8K,True,$51.32 / SMA $49.25,True,3.86%,False,+6.5%,True,46.3M,True,NYQ,False,
PCFBY,Pacific Basin Shipping Limited,9.94,2026-08-13T22:34:57.811012+00:00,True,+102.4%,True,$2561.2M,,N/A,False,0.9K,True,$9.94 / SMA $7.92,False,1.80%,,N/A,False,201.6M,False,PNK,False,
PCG,PG&E Corporation,17.46,2026-08-13T22:31:08.465149+00:00,False,+22.1%,True,$38453.3M,True,+37.5%,True,20002.2K,True,$17.46 / SMA $17.15,False,2.86%,False,+0.1%,False,2048.8M,True,NYQ,False,
PCN,PIMCO Corporate & Income Strategy Fund,11.82,2026-08-13T22:35:11.694220+00:00,False,+3.7%,True,$883.2M,,N/A,False,318.5K,True,$11.82 / SMA $11.68,False,0.93%,,N/A,,N/A,True,NYQ,False,
PCOR,"Procore Technologies, Inc.",62.17,2026-08-13T22:31:31.314504+00:00,False,+63.5%,True,$9447.1M,True,+178.6%,True,3157.5K,True,$62.17 / SMA $46.46,True,5.55%,False,+15.8%,True,136.6M,True,NYQ,False,
PCRHY,PCRHY,29.5,2026-08-13T22:31:05.207828+00:00,True,+204.1%,True,$68880.3M,,N/A,False,300.7K,True,$29.50 / SMA $25.98,True,3.17%,,N/A,False,2295.1M,False,PNK,False,
PCRX,"Pacira BioSciences, Inc.",23.18,2026-08-13T22:35:10.717528+00:00,False,+23.3%,True,$912.1M,True,+209.1%,True,546.8K,False,$23.18 / SMA $24.74,True,4.01%,False,+6.2%,True,35.9M,True,NMS,False,
PDD,PDD Holdings Inc.,84.17,2026-08-13T22:30:59.841660+00:00,False,+17.0%,True,$119807.3M,False,+-14.9%,True,8682.9K,True,$84.17 / SMA $84.04,False,2.31%,False,+11.0%,False,732.8M,True,NMS,False,
PECO,"Phillips Edison & Company, Inc.",40.43,2026-08-13T22:31:35.651901+00:00,False,+22.6%,True,$5707.6M,True,+230.0%,True,1013.2K,False,$40.43 / SMA $41.70,False,1.96%,False,+6.7%,True,123.0M,True,NMS,False,
PEGRF,Pennon Group Plc,6.29,2026-08-13T22:34:49.446719+00:00,False,+8.4%,True,$2967.2M,,N/A,False,0.1K,True,$6.29 / SMA $6.08,False,0.12%,,N/A,False,387.4M,False,PNK,False,
PFG,"Principal Financial Group, Inc.",114.93,2026-08-13T22:31:13.902127+00:00,False,+49.0%,True,$24607.0M,False,+2.8%,True,1415.3K,True,$114.93 / SMA $110.84,False,2.15%,False,+6.4%,False,208.6M,True,NMS,False,
PFS,"Provident Financial Services, Inc.",25.01,2026-08-13T22:34:52.345134+00:00,False,+41.4%,True,$3261.9M,False,+9.1%,True,1022.5K,True,$25.01 / SMA $23.73,False,1.91%,False,+9.6%,True,125.1M,True,NYQ,False,
PFSTY,PFSTY,14.0,2026-08-13T22:34:57.492388+00:00,False,+12.9%,False,$253.3M,True,+53.8%,,N/A,,N/A,,N/A,True,+26.7%,,N/A,False,PNK,False,
PGNY,"Progyny, Inc.",25.89,2026-08-13T22:34:58.983854+00:00,False,+60.8%,True,$1986.5M,True,+78.9%,True,1353.8K,False,$25.89 / SMA $29.01,True,3.66%,False,+5.3%,True,68.2M,True,NMS,False,
PGPEF,Publicis Groupe S.A.,113.9,2026-08-13T22:31:13.037032+00:00,False,+38.8%,True,$28443.2M,,N/A,False,3.5K,True,$113.90 / SMA $102.01,False,0.15%,,N/A,False,215.7M,False,OQX,False,
PHG,Koninklijke Philips N.V.,27.38,2026-08-13T22:31:12.190829+00:00,False,+14.8%,True,$26762.0M,True,+60.0%,True,1179.3K,True,$27.38 / SMA $26.67,False,2.24%,False,+0.5%,False,781.3M,True,NYQ,False,
PHIG,"PHI Group, Inc.",30.0,2026-08-13T22:35:13.498868+00:00,False,+20.0%,True,$729.3M,,N/A,False,2.8K,False,$30.00 / SMA $30.27,False,0.29%,,N/A,True,24.2M,False,PNK,False,
PHK,PIMCO High Income Fund,4.64,2026-08-13T22:35:12.277183+00:00,False,+5.2%,True,$865.2M,,N/A,True,833.8K,True,$4.64 / SMA $4.59,False,0.93%,,N/A,,N/A,True,NYQ,False,
PINE,"Alpine Income Property Trust, Inc.",19.68,2026-08-13T22:38:36.061784+00:00,False,+50.2%,True,$349.3M,True,+233.3%,False,168.4K,False,$19.68 / SMA $20.16,True,3.12%,True,+34.6%,True,16.0M,True,NYQ,False,
PL,Planet Labs PBC,24.75,2026-08-13T22:31:19.007788+00:00,True,+305.7%,True,$8821.0M,False,+-900.0%,True,11816.5K,False,$24.75 / SMA $26.84,True,6.90%,True,+42.1%,False,285.3M,True,NYQ,False,
PLOW,"Douglas Dynamics, Inc.",41.92,2026-08-13T22:35:09.051786+00:00,False,+47.0%,True,$967.4M,False,+-1.8%,False,271.7K,False,$41.92 / SMA $46.09,True,4.56%,False,+10.5%,True,22.4M,True,NYQ,False,
PM,Philip Morris International Inc.,188.91,2026-08-13T22:30:58.191550+00:00,False,+32.9%,True,$294437.7M,False,+-7.7%,True,4999.0K,True,$188.91 / SMA $184.28,False,2.61%,False,+10.4%,False,1508.0M,True,NYQ,False,
PMCUF,Pro Medicus Limited,122.42,2026-08-13T22:31:26.131892+00:00,False,+64.3%,True,$13392.7M,,N/A,False,0.4K,False,$122.42 / SMA $122.54,False,0.90%,,N/A,True,53.0M,False,PNK,False,
PMETF,PMET Resources Inc.,3.63,2026-08-13T22:35:11.368033+00:00,False,+67.3%,True,$675.0M,,N/A,False,35.6K,False,$3.63 / SMA $3.82,True,4.53%,,N/A,False,166.8M,False,OQX,False,
PMMAF,PUMA SE,30.785,2026-08-13T22:31:38.078299+00:00,True,+76.8%,True,$4573.4M,,N/A,False,0.1K,False,$30.79 / SMA $31.67,False,0.25%,False,+-15.0%,True,97.7M,False,PNK,False,
PMNXF,Perseus Mining Limited,4.06,2026-08-13T22:31:37.291663+00:00,True,+40500.0%,True,$5388.2M,,N/A,False,6.0K,True,$4.06 / SMA $3.46,True,3.05%,,N/A,False,1335.6M,False,PNK,False,
PODD,Insulet Corporation,146.44,2026-08-13T22:31:24.500273+00:00,False,+15.9%,True,$10156.2M,True,+328.1%,True,1598.8K,False,$146.44 / SMA $154.98,True,4.09%,False,+23.5%,True,65.7M,True,NMS,False,
POOL,Pool Corporation,200.57,2026-08-13T22:31:32.337706+00:00,False,+16.2%,True,$7288.9M,False,+0.0%,True,974.5K,True,$200.57 / SMA $199.21,True,4.04%,False,+2.2%,True,34.4M,True,NMS,False,
POPMF,POPMF,19.95,2026-08-13T22:31:12.248341+00:00,False,+19.5%,,N/A,,N/A,False,8.5K,False,$19.95 / SMA_short $20.50,False,0.87%,,N/A,False,654.4M,False,PNK,False,
PPAAF,PT Perusahaan Gas Negara (Persero) Tbk,0.09,2026-08-13T22:34:54.568842+00:00,False,+17.5%,True,$2181.7M,True,+42.3%,False,0.6K,True,$0.09 / SMA $-9.97,False,0.00%,False,+-3.8%,False,10420.9M,False,PNK,False,
PPERY,PT Bank Mandiri (Persero) Tbk,9.22,2026-08-13T22:31:14.707129+00:00,False,+12.4%,True,$21513.3M,,N/A,False,181.0K,False,$9.22 / SMA $9.24,False,1.87%,False,+-5.3%,False,936.0M,False,PNK,False,
PPL,PPL Corporation,35.68,2026-08-13T22:31:11.500428+00:00,False,+7.6%,True,$26843.9M,False,+20.0%,True,9132.6K,False,$35.68 / SMA $35.78,False,1.92%,,N/A,False,736.2M,True,NYQ,False,
PPLFF,PT Perusahaan Perkebunan London Sumatra Indonesia Tbk,0.08588,2026-08-13T22:38:24.523418+00:00,False,+17.6%,True,$585.7M,,N/A,False,1.0K,True,$0.09 / SMA $-38.09,False,0.00%,False,+5.7%,False,2753.8M,False,PNK,False,
PPTA,Perpetua Resources Corp.,24.75,2026-08-13T22:34:49.573165+00:00,False,+52.0%,True,$3096.1M,False,+-225.0%,True,1618.9K,True,$24.75 / SMA $21.24,True,4.99%,,N/A,True,83.5M,True,NCM,False,
PPTDF,PeptiDream Inc.,6.0,2026-08-13T22:35:10.775944+00:00,False,+2.0%,True,$771.0M,,N/A,False,0.1K,False,$6.00 / SMA $6.19,False,0.42%,,N/A,True,90.7M,False,PNK,False,
PRA,ProAssurance Corporation,25.0,2026-08-13T22:35:05.495345+00:00,False,+5.9%,True,$1290.2M,,N/A,True,979.2K,True,$25.00 / SMA_short $25.00,,N/A,,N/A,True,47.4M,True,NYQ,False,
PRDSY,Prada S.p.A.,10.71,2026-08-13T22:31:22.897413+00:00,False,+20.3%,True,$13775.0M,,N/A,False,23.6K,True,$10.71 / SMA $10.13,False,2.11%,,N/A,False,252.9M,False,PNK,False,
PREKF,PrairieSky Royalty Ltd.,24.82,2026-08-13T22:31:34.514051+00:00,False,+48.2%,True,$5769.2M,True,+64.0%,False,63.5K,True,$24.82 / SMA $23.74,False,1.94%,True,+39.0%,False,230.7M,False,PNK,False,
PRKS,United Parks & Resorts Inc.,45.05,2026-08-13T22:35:00.817864+00:00,False,+56.6%,True,$2042.6M,False,+-7.6%,True,834.8K,False,$45.05 / SMA $45.40,True,4.73%,False,+-1.4%,True,17.8M,True,NYQ,False,
PRNDY,Pernod Ricard SA,15.69,2026-08-13T22:31:16.200804+00:00,False,+17.1%,True,$19754.7M,,N/A,True,595.0K,True,$15.69 / SMA $14.59,False,1.96%,,N/A,False,952.6M,False,PNK,False,
PRTA,Prothena Corporation plc,9.08,2026-08-13T22:38:26.570174+00:00,False,+17.5%,True,$466.1M,True,+84.6%,True,571.0K,True,$9.08 / SMA $8.89,True,4.85%,False,+-77.1%,True,35.0M,True,NMS,False,
PSNL,"Personalis, Inc.",14.42,2026-08-13T22:35:11.308658+00:00,True,+224.8%,True,$1539.3M,False,+-30.4%,True,3923.7K,True,$14.42 / SMA $12.54,True,6.34%,True,+30.0%,True,66.4M,True,NGM,False,
PSPSF,PSP Swiss Property AG,180.89,2026-08-13T22:31:28.008277+00:00,False,+8.8%,True,$8352.5M,False,+6.8%,False,0.0K,False,$180.89 / SMA $182.50,False,0.00%,False,+1.0%,True,45.3M,False,PNK,False,
PSX,Phillips 66,232.61,2026-08-13T22:31:03.107587+00:00,True,+94.2%,True,$92816.3M,True,+344.2%,True,2585.5K,True,$232.61 / SMA $191.45,True,3.19%,True,+53.1%,False,389.5M,True,NYQ,False,
PSZKY,Powszechna Kasa Oszczednosci Bank Polski Spólka Akcyjna,28.31,2026-08-13T22:31:08.769343+00:00,False,+60.5%,True,$35387.5M,False,+2.0%,False,46.0K,True,$28.31 / SMA $27.67,True,6.42%,False,+1.8%,False,851.0M,False,PNK,False,
PTOR,Praetorian Acquisition Corp.,9.97,2026-08-13T22:38:34.677272+00:00,False,+2.0%,True,$422.3M,,N/A,False,27.7K,True,$9.97 / SMA $9.95,False,0.17%,,N/A,True,23.7M,True,NGM,False,
PURR,Hyperliquid Strategies Inc.,6.82,2026-08-13T22:35:08.926031+00:00,True,+126.6%,True,$1367.8M,,N/A,True,14125.4K,False,$6.82 / SMA $7.68,True,5.85%,,N/A,,N/A,True,NCM,False,
PUTRY,PTT Public Company Limited,5.905,2026-08-13T22:31:09.670737+00:00,False,+26.7%,True,$33451.0M,False,+12.3%,False,0.1K,True,$5.91 / SMA $5.45,False,0.00%,False,+2.6%,False,2599.3M,False,PNK,False,
PVLA,"Palvella Therapeutics, Inc.",156.55,2026-08-13T22:35:01.881110+00:00,True,+275.3%,True,$2255.6M,False,+-76.7%,False,253.7K,True,$156.55 / SMA $135.58,True,7.60%,,N/A,True,9.6M,True,NGM,False,
PWCDF,Power Corporation of Canada,68.05,2026-08-13T22:31:08.011064+00:00,False,+68.0%,True,$42716.9M,False,+-9.2%,False,234.2K,True,$68.05 / SMA $63.86,False,2.66%,True,+29.6%,False,578.6M,False,PNK,False,
PWR,"Quanta Services, Inc.",672.78,2026-08-13T22:31:00.714010+00:00,True,+85.3%,True,$101148.0M,True,+94.7%,True,1236.8K,False,$672.78 / SMA $673.38,True,3.98%,True,+41.1%,True,146.0M,True,NYQ,False,
PXED,"Phoenix Education Partners, Inc.",27.4,2026-08-13T22:35:08.366774+00:00,False,+16.5%,True,$987.7M,False,+-33.2%,False,118.7K,False,$27.40 / SMA $30.65,True,5.17%,False,+0.0%,True,5.3M,True,NYQ,False,
PZAKY,Powszechny Zaklad Ubezpieczen SA,21.25,2026-08-13T22:31:19.278851+00:00,False,+63.5%,True,$19637.7M,False,+-22.5%,False,0.3K,True,$21.25 / SMA $19.20,False,0.04%,False,+-4.3%,False,555.3M,False,PNK,False,
QDEL,QuidelOrtho Corporation,15.09,2026-08-13T22:35:12.510519+00:00,False,+52.1%,True,$1034.8M,True,+63.9%,True,1685.1K,False,$15.09 / SMA $15.74,True,7.30%,False,+2.8%,True,62.0M,True,NMS,False,
QFIN,"Qfin Holdings, Inc.",12.49,2026-08-13T22:35:03.123548+00:00,False,+10.4%,True,$1520.7M,False,+-43.3%,True,1503.1K,False,$12.49 / SMA $14.15,True,3.28%,False,+-26.6%,True,89.3M,True,NMS,False,
QNTQY,QinetiQ Group plc,30.99,2026-08-13T22:34:48.462865+00:00,False,+45.4%,True,$4002.2M,,N/A,False,4.8K,True,$30.99 / SMA $25.37,False,1.04%,,N/A,True,82.7M,False,PNK,False,
QXO,"QXO, Inc.",14.89,2026-08-13T22:31:22.780820+00:00,False,+13.0%,True,$15452.9M,False,+-1066.7%,True,22417.7K,False,$14.89 / SMA $15.48,True,5.21%,True,+12716.3%,False,711.4M,True,NYQ,False,
RADLY,Raia Drogasil S.A.,3.5,2026-08-13T22:31:33.376341+00:00,False,+14.0%,True,$6119.9M,False,+12.1%,False,140.7K,False,$3.50 / SMA $3.58,True,3.68%,False,+9.8%,False,1299.6M,False,PNK,False,
RAIFF,Raiffeisen Bank International AG,69.5,2026-08-13T22:31:17.151433+00:00,True,+117.2%,True,$22819.5M,True,+241.1%,False,0.0K,True,$69.50 / SMA $61.52,False,0.00%,False,+-1.5%,True,127.1M,False,PNK,False,
RAIFY,Raiffeisen Bank International AG,18.63,2026-08-13T22:31:17.110253+00:00,True,+130.3%,True,$24467.7M,,N/A,False,7.5K,True,$18.63 / SMA $15.85,True,3.13%,False,+-1.5%,False,508.5M,False,PNK,False,
RBA,"RB Global, Inc.",86.41,2026-08-13T22:31:15.948110+00:00,False,+1.3%,True,$16098.2M,True,+34.0%,True,1266.3K,False,$86.41 / SMA $107.86,True,3.45%,False,+11.1%,False,182.1M,True,NYQ,False,
RBGLY,Reckitt Benckiser Group plc,14.02,2026-08-13T22:31:07.413450+00:00,False,+16.6%,True,$44514.0M,,N/A,True,751.1K,True,$14.02 / SMA $13.16,False,1.42%,,N/A,False,2731.1M,False,OQX,False,
RBGPF,Reckitt Benckiser Group plc,72.16,2026-08-13T22:31:07.283519+00:00,False,+23.0%,True,$45822.1M,,N/A,False,1.6K,True,$72.16 / SMA $65.59,False,0.45%,,N/A,False,546.2M,False,OQX,False,
RBSFY,Rubis,7.87,2026-08-13T22:31:40.022851+00:00,False,+28.6%,True,$4066.2M,,N/A,False,0.3K,True,$7.87 / SMA $7.66,False,0.83%,,N/A,False,376.9M,False,PNK,False,
RBTEF,Robertet SA,906.315,2026-08-13T22:34:59.569378+00:00,False,+0.0%,True,$1901.4M,,N/A,False,0.0K,False,$906.32 / SMA $925.39,False,0.00%,,N/A,True,1.3M,False,PNK,False,
RDN,Radian Group Inc.,36.87,2026-08-13T22:31:38.219164+00:00,False,+17.0%,True,$4924.2M,False,+-16.7%,True,1315.7K,False,$36.87 / SMA $37.01,False,2.19%,True,+92.6%,True,128.0M,True,NYQ,False,
REEMF,Rare Element Resources Ltd.,0.93,2026-08-13T22:38:29.753535+00:00,True,+151.4%,True,$600.2M,,N/A,False,191.4K,True,$0.93 / SMA $0.48,True,11.63%,,N/A,False,179.7M,False,OQB,False,
REGCO,Regency Centers Corporation,22.03,2026-08-13T22:31:19.982452+00:00,False,+3.2%,,N/A,,N/A,False,3.5K,True,$22.03 / SMA $21.83,False,0.55%,False,+8.3%,False,160.5M,True,NMS,False,
REPL,"Replimune Group, Inc.",15.19,2026-08-13T22:38:30.760800+00:00,True,+912.7%,True,$1423.7M,,N/A,True,6084.6K,True,$15.19 / SMA $10.51,True,13.70%,,N/A,True,57.3M,True,NMS,True,
RERE,ATRenew Inc.,4.6,2026-08-13T22:35:08.975519+00:00,False,+31.3%,True,$1018.9M,True,+223.1%,True,1109.5K,True,$4.60 / SMA $4.08,True,4.55%,True,+32.4%,True,130.1M,True,NYQ,False,
REXR,"Rexford Industrial Realty, Inc.",36.42,2026-08-13T22:31:29.024131+00:00,False,+13.3%,True,$8326.9M,False,+-570.8%,True,2645.2K,True,$36.42 / SMA $35.28,False,2.71%,False,+-1.6%,False,213.0M,True,NYQ,False,
RFI,"Cohen & Steers Total Return Realty Fund, Inc.",11.55,2026-08-13T22:40:09.492642+00:00,False,+7.1%,True,$308.9M,,N/A,False,117.3K,True,$11.55 / SMA $11.28,False,1.25%,,N/A,,N/A,True,NYQ,False,
RFMZ,"RiverNorth Flexible Municipal Income Fund II, Inc.",13.39,2026-08-13T22:38:36.103459+00:00,False,+8.9%,True,$326.1M,,N/A,False,45.4K,True,$13.39 / SMA $13.32,False,1.14%,,N/A,,N/A,True,NYQ,False,
RFNDF,Rural Funds Group,1.475,2026-08-13T22:38:25.146462+00:00,False,+22.9%,True,$636.5M,,N/A,False,0.1K,True,$1.48 / SMA $1.41,False,0.00%,,N/A,False,377.4M,False,PNK,False,
RGEN,Repligen Corporation,167.49,2026-08-13T22:31:32.949290+00:00,False,+65.8%,True,$9452.4M,False,+-65.4%,True,1185.0K,True,$167.49 / SMA $141.29,True,5.19%,False,+11.9%,True,52.3M,True,NMS,False,
RHHBY,Roche Holding AG,55.44,2026-08-13T22:30:57.824772+00:00,False,+44.1%,True,$353381.6M,,N/A,True,1882.5K,True,$55.44 / SMA $52.60,False,1.74%,,N/A,False,5231.9M,False,OQX,False,
RICOY,"Ricoh Company, Ltd.",9.41,2026-08-13T22:31:36.691373+00:00,False,+17.6%,True,$5288.9M,,N/A,False,0.1K,True,$9.41 / SMA $9.28,False,0.03%,,N/A,False,422.6M,False,PNK,False,
RIG,Transocean Ltd.,5.72,2026-08-13T22:31:30.208868+00:00,True,+107.2%,True,$6388.6M,True,+103.8%,True,37776.2K,True,$5.72 / SMA $5.38,True,4.13%,False,+-2.2%,False,885.6M,True,NYQ,False,
RILY,"BRC Group Holdings, Inc.",7.54,2026-08-13T22:38:30.951889+00:00,True,+107.1%,True,$303.1M,False,+-90.0%,True,871.7K,False,$7.54 / SMA $7.72,True,5.54%,False,+4.6%,True,28.1M,True,NGM,False,
RIOT,"Riot Platforms, Inc.",19.21,2026-08-13T22:31:26.911234+00:00,True,+72.1%,True,$7208.7M,False,+-60.0%,True,18047.8K,False,$19.21 / SMA $23.31,True,10.50%,False,+3.6%,False,342.6M,True,NCM,False,
RKT,"Rocket Companies, Inc.",15.04,2026-08-13T22:31:07.693095+00:00,False,+23.6%,True,$42587.9M,True,+900.0%,True,30119.5K,True,$15.04 / SMA $13.97,True,5.18%,True,+86.0%,False,1849.3M,True,NYQ,False,
RKUSF,RKUSF,6.12,2026-08-13T22:34:58.613558+00:00,False,+28.0%,True,$2167.1M,,N/A,False,0.0K,False,$6.12 / SMA $6.14,False,0.00%,,N/A,False,247.9M,False,PNK,False,
RLMD,"Relmada Therapeutics, Inc.",4.75,2026-08-13T22:38:21.430503+00:00,True,+748.2%,True,$506.7M,True,+63.3%,True,1768.6K,False,$4.75 / SMA $5.94,True,7.43%,,N/A,True,7.7M,True,NCM,False,
RLXXF,RELX PLC,35.5,2026-08-13T22:31:04.143981+00:00,False,+31.8%,True,$61896.0M,,N/A,False,24.2K,True,$35.50 / SMA $33.40,True,3.44%,,N/A,False,1468.7M,False,PNK,False,
RMBS,Rambus Inc.,99.33,2026-08-13T22:31:19.245040+00:00,False,+47.9%,True,$10741.2M,False,+15.1%,True,2970.5K,False,$99.33 / SMA $115.87,True,6.44%,False,+20.4%,True,107.0M,True,NMS,False,
RMGGF,Resolute Mining Limited,0.81,2026-08-13T22:34:59.261417+00:00,True,+88.4%,True,$1731.3M,,N/A,False,4.5K,True,$0.81 / SMA $0.71,False,0.15%,,N/A,False,1743.1M,False,PNK,False,
RMLRF,Ramelius Resources Limited,2.61,2026-08-13T22:31:39.187978+00:00,False,+55.4%,True,$4931.5M,,N/A,False,11.6K,True,$2.61 / SMA $2.22,True,5.29%,,N/A,False,1876.9M,False,PNK,False,
RMR,The RMR Group Inc.,20.26,2026-08-13T22:38:22.452728+00:00,False,+42.0%,True,$346.0M,False,+-28.0%,False,157.0K,True,$20.26 / SMA $19.91,False,2.78%,False,+-0.8%,True,14.2M,True,NCM,False,
RMT,"Royce Micro-Cap Trust, Inc.",14.59,2026-08-13T22:38:19.176869+00:00,False,+53.3%,True,$780.3M,,N/A,False,138.6K,True,$14.59 / SMA $14.02,False,1.85%,,N/A,,N/A,True,NYQ,False,
RNGT,Range Capital Acquisition Corp II,10.15,2026-08-13T22:38:36.302121+00:00,False,+2.5%,True,$318.0M,,N/A,False,12.2K,True,$10.15 / SMA $10.11,False,0.01%,,N/A,True,21.5M,True,NGM,False,
RNLSY,Renault SA,6.47,2026-08-13T22:31:26.595670+00:00,False,+15.5%,True,$9361.2M,,N/A,False,181.1K,True,$6.47 / SMA $6.13,False,1.75%,,N/A,False,902.4M,False,PNK,False,
RNSHF,Renishaw plc,73.71,2026-08-13T22:31:37.076706+00:00,False,+12.0%,True,$7028.6M,,N/A,False,0.1K,True,$73.71 / SMA_short $68.58,,N/A,,N/A,True,24.7M,False,PNK,False,
RNW,ReNew Energy Global Plc,6.8,2026-08-13T22:34:57.175593+00:00,False,+55.1%,True,$2479.0M,False,+-80.4%,True,1817.7K,True,$6.80 / SMA $6.23,False,2.54%,False,+9.5%,True,62.1M,True,NMS,False,
ROK,"Rockwell Automation, Inc.",445.51,2026-08-13T22:31:05.724514+00:00,False,+33.9%,True,$49473.3M,True,+40.4%,True,832.4K,False,$445.51 / SMA $463.06,False,2.94%,False,+7.9%,True,107.1M,True,NYQ,False,
ROKU,"Roku, Inc.",154.08,2026-08-13T22:31:16.298942+00:00,True,+96.2%,True,$22868.4M,True,+1442.9%,True,4334.7K,True,$154.08 / SMA $139.83,False,1.16%,False,+21.9%,True,126.8M,True,NMS,False,
ROOT,"Root, Inc.",49.83,2026-08-13T22:35:10.933202+00:00,False,+21.8%,True,$772.0M,False,+15.5%,False,265.6K,False,$49.83 / SMA $56.67,True,5.93%,False,+1.6%,True,12.3M,True,NMS,False,
RPGSF,RPGSF,19.24,2026-08-13T22:35:06.478242+00:00,False,+28.3%,,N/A,,N/A,False,13.2K,True,$19.24 / SMA_short $17.12,,N/A,,N/A,True,52.8M,False,PNK,False,
RPHCF,"Rohto Pharmaceutical Co.,Ltd.",15.0,2026-08-13T22:34:47.659631+00:00,False,+4.6%,True,$3389.5M,,N/A,False,0.0K,True,$15.00 / SMA $15.00,False,0.00%,,N/A,False,193.8M,False,PNK,False,
RR,Richtech Robotics Inc.,1.72,2026-08-13T22:38:23.722978+00:00,False,+32.3%,True,$384.6M,True,+83.9%,True,9567.9K,False,$1.72 / SMA $1.86,True,6.61%,False,+-14.8%,True,141.3M,True,NCM,False,
RREV,RRE Ventures Acquisition Corp.,9.935,2026-08-13T22:38:35.179300+00:00,False,+0.8%,True,$331.2M,,N/A,False,24.2K,True,$9.94 / SMA $9.89,False,0.04%,,N/A,,N/A,True,NGM,False,
RUSHA,"Rush Enterprises, Inc.",82.45,2026-08-13T22:31:36.596062+00:00,True,+80.5%,True,$9624.4M,False,+1.1%,True,515.0K,True,$82.45 / SMA $74.04,True,3.32%,False,+-1.6%,True,68.1M,True,NMS,False,
RVRF,River Financial Corporation,46.0,2026-08-13T22:38:31.263198+00:00,False,+41.5%,True,$359.4M,False,+13.0%,False,0.0K,False,$46.00 / SMA $47.96,False,0.00%,False,+17.0%,True,7.0M,False,PNK,False,
RXRX,"Recursion Pharmaceuticals, Inc.",3.31,2026-08-13T22:35:02.205352+00:00,False,+19.5%,True,$1775.1M,True,+39.0%,True,20826.1K,True,$3.31 / SMA $3.29,True,4.89%,False,+-61.8%,False,491.9M,True,NMS,False,
RYTM,"Rhythm Pharmaceuticals, Inc.",116.02,2026-08-13T22:31:34.064115+00:00,False,+55.7%,True,$7958.2M,False,+2.7%,True,782.1K,True,$116.02 / SMA $103.51,True,4.63%,True,+46.9%,True,54.5M,True,NGM,False,
SA,Seabridge Gold Inc.,32.17,2026-08-13T22:34:49.269801+00:00,True,+101.3%,True,$3462.2M,False,+-154.5%,True,792.5K,True,$32.17 / SMA $27.60,True,4.14%,,N/A,True,105.6M,True,NYQ,False,
SAAQU,Space Asset Acquisition Corp.,10.4,2026-08-13T22:38:34.977895+00:00,False,+3.1%,,N/A,,N/A,False,2.6K,False,$10.40 / SMA $10.57,False,0.01%,,N/A,True,18.6M,True,NGM,False,
SANA,"Sana Biotechnology, Inc.",3.67,2026-08-13T22:35:11.732590+00:00,False,+40.6%,True,$1098.7M,False,+19.0%,True,3619.2K,True,$3.67 / SMA $3.33,True,6.18%,,N/A,False,156.6M,True,NMS,False,
SAPGF,SAP SE,205.0,2026-08-13T22:30:58.659395+00:00,False,+41.1%,True,$236611.9M,True,+30.6%,False,58.4K,True,$205.00 / SMA $169.89,False,2.95%,False,+9.4%,False,1025.3M,False,PNK,False,
SARTF,Sartorius Aktiengesellschaft,212.8,2026-08-13T22:31:18.641041+00:00,False,+17.2%,True,$14694.3M,True,+35.7%,False,0.0K,False,$212.80 / SMA $212.83,False,0.00%,False,+3.3%,True,27.3M,False,PNK,False,
SATS,EchoStar Corporation,103.915,2026-08-13T22:31:08.245211+00:00,True,+299.1%,True,$30116.0M,True,+2375.5%,True,8540.6K,True,$103.92 / SMA_short $92.03,,N/A,False,+-4.0%,True,136.6M,True,NGM,False,
SBFFY,SBM Offshore N.V.,39.52,2026-08-13T22:31:32.101060+00:00,False,+68.0%,True,$6513.8M,,N/A,False,0.1K,True,$39.52 / SMA $37.61,False,0.00%,,N/A,True,124.6M,False,PNK,False,
SBGSY,Schneider Electric S.E.,71.3,2026-08-13T22:30:58.995891+00:00,False,+46.5%,True,$200404.0M,,N/A,False,344.9K,True,$71.30 / SMA $63.75,False,1.66%,,N/A,False,2729.2M,False,PNK,False,
SBKFF,State Bank of India,113.46,2026-08-13T22:31:01.477482+00:00,False,+25.8%,True,$104730.6M,False,+9.9%,False,0.1K,True,$113.46 / SMA $108.51,False,0.12%,False,+10.2%,False,405.3M,False,PNK,False,
SBS,Companhia de Saneamento Básico do Estado de São Paulo - SABESP,4.68,2026-08-13T22:31:15.530746+00:00,False,+12.0%,True,$16458.2M,False,+16.3%,True,6263.3K,False,$4.68 / SMA $5.55,False,2.95%,False,+18.3%,False,2193.0M,True,NYQ,False,
SBSI,"Southside Bancshares, Inc.",33.02,2026-08-13T22:35:09.833065+00:00,False,+25.5%,True,$982.4M,True,+25.0%,False,127.5K,False,$33.02 / SMA $33.78,False,2.35%,False,+7.6%,True,28.1M,True,NYQ,False,
SBUX,Starbucks Corporation,108.55,2026-08-13T22:31:00.508790+00:00,False,+39.2%,True,$123747.0M,True,+85.7%,True,7714.9K,True,$108.55 / SMA $103.23,False,2.77%,False,+-1.4%,False,1118.0M,True,NMS,False,
SCBFY,Standard Chartered PLC,60.52,2026-08-13T22:31:04.248776+00:00,True,+73.1%,True,$66664.4M,,N/A,False,207.5K,True,$60.52 / SMA $55.65,False,1.42%,False,+6.0%,False,15046.7M,False,PNK,False,
SCRPF,Sembcorp Industries Ltd,4.34,2026-08-13T22:31:26.931664+00:00,False,+5.6%,True,$7727.0M,,N/A,False,0.7K,False,$4.34 / SMA $4.69,False,0.00%,,N/A,,N/A,False,PNK,False,
SCTBY,Securitas AB (publ),15.84,2026-08-13T22:31:26.476522+00:00,False,+12.8%,True,$9067.5M,False,+12.5%,False,0.9K,False,$15.84 / SMA $17.00,False,0.15%,False,+-1.9%,False,457.1M,False,PNK,False,
SDHI,Siddhi Acquisition Corp.,10.48,2026-08-13T22:38:32.893485+00:00,False,+3.8%,True,$365.1M,True,+4940.9%,False,29.6K,True,$10.48 / SMA $10.44,False,0.02%,,N/A,True,25.0M,True,NGM,False,
SEG,Seaport Entertainment Group Inc.,28.6,2026-08-13T22:38:36.964132+00:00,False,+61.2%,True,$366.4M,True,+29.3%,False,68.8K,True,$28.60 / SMA $25.99,False,2.98%,False,+-13.8%,True,7.4M,True,NYQ,False,
SEI,"Solaris Energy Infrastructure, Inc.",59.9,2026-08-13T22:31:35.982415+00:00,True,+143.8%,True,$6027.5M,False,+-13.3%,True,2906.7K,False,$59.90 / SMA $66.80,True,8.63%,True,+46.9%,True,59.0M,True,NYQ,False,
SENEA,Seneca Foods Corporation,193.9,2026-08-13T22:35:10.332041+00:00,True,+94.7%,True,$1312.8M,True,+33.2%,False,140.5K,True,$193.90 / SMA $167.61,True,4.20%,True,+36.2%,True,4.7M,True,NMS,False,
SENEB,Seneca Foods Corporation,196.6299,2026-08-13T22:35:09.794099+00:00,True,+90.8%,True,$1331.3M,True,+33.2%,False,0.1K,True,$196.63 / SMA $165.77,False,0.13%,True,+36.2%,True,4.7M,True,NMS,False,
SEPN,"Septerna, Inc.",45.14,2026-08-13T22:35:05.551515+00:00,True,+320.3%,True,$2107.0M,True,+61.2%,False,430.4K,True,$45.14 / SMA $35.05,True,6.86%,True,+12011.0%,True,23.9M,True,NGM,False,
SESPF,SeSa S.p.A.,104.0,2026-08-13T22:35:02.145061+00:00,False,+16.9%,True,$1568.3M,,N/A,False,0.0K,True,$104.00 / SMA $104.00,False,0.00%,False,+9.5%,True,6.6M,False,PNK,False,
SGGEF,The Sage Group plc,14.07,2026-08-13T22:31:25.380262+00:00,False,+33.4%,True,$12628.4M,,N/A,False,0.9K,True,$14.07 / SMA $11.82,False,0.43%,,N/A,False,637.4M,False,PNK,False,
SGMT,Sagimet Biosciences Inc.,9.28,2026-08-13T22:38:29.342419+00:00,True,+106.2%,True,$576.8M,True,+41.1%,True,1138.3K,True,$9.28 / SMA $7.43,True,7.04%,,N/A,True,58.2M,True,NGM,True,
SGRY,"Surgery Partners, Inc.",15.19,2026-08-13T22:35:00.757360+00:00,False,+33.1%,True,$1988.6M,False,+6.7%,True,1530.5K,False,$15.19 / SMA $15.46,True,5.59%,False,+4.5%,True,49.6M,True,NMS,False,
SHBBF,SHBBF,95.8175,2026-08-13T22:31:29.425073+00:00,True,+99.3%,True,$9770.2M,False,+-13.3%,False,0.6K,True,$95.82 / SMA $80.04,False,0.15%,False,+-11.8%,True,69.2M,False,PNK,False,
SHCAF,Sharp Corporation,3.646,2026-08-13T22:34:55.682142+00:00,False,+0.0%,True,$2367.4M,,N/A,False,0.0K,True,$3.65 / SMA $3.65,False,0.00%,,N/A,False,238.7M,False,PNK,False,
SHECY,"Shin-Etsu Chemical Co., Ltd.",20.08,2026-08-13T22:31:01.686469+00:00,False,+47.2%,True,$74283.8M,,N/A,False,437.0K,False,$20.08 / SMA $21.30,True,3.63%,,N/A,False,3710.6M,False,PNK,False,
SHMDF,Shimano Inc.,128.0,2026-08-13T22:31:27.656059+00:00,False,+36.0%,True,$10878.8M,,N/A,False,0.0K,True,$128.00 / SMA $106.60,False,0.21%,,N/A,True,70.8M,False,PNK,False,
SHWDY,Resonac Holdings Corporation,98.61,2026-08-13T22:31:15.138161+00:00,True,+310.5%,True,$18707.0M,,N/A,False,0.2K,False,$98.61 / SMA $102.63,False,0.38%,,N/A,False,179.1M,False,PNK,False,
SHWGY,Shandong Weigao Group Medical Polymer Company Limited,1.64,2026-08-13T22:34:58.315018+00:00,False,+10.1%,True,$1822.6M,,N/A,False,0.2K,True,$1.64 / SMA $1.63,False,0.12%,,N/A,False,586.9M,False,PNK,False,
SIELF,"Shanghai Electric Group Co., Ltd.",0.57,2026-08-13T22:31:18.573486+00:00,False,+54.7%,True,$19182.4M,True,+30.3%,False,0.0K,True,$0.57 / SMA $0.57,False,0.00%,False,+9.3%,False,7822.4M,False,PNK,False,
SIGA,"SIGA Technologies, Inc.",2.88,2026-08-13T22:38:34.832402+00:00,False,+1.8%,False,$206.9M,False,+-65.3%,True,643.7K,False,$2.88 / SMA $3.67,True,4.97%,False,+-49.5%,True,40.6M,True,NGM,False,
SIGCY,SIG Group AG,18.415,2026-08-13T22:31:35.292304+00:00,True,+89.3%,True,$7116.1M,,N/A,False,1.5K,True,$18.41 / SMA $16.65,False,0.37%,,N/A,False,312.4M,False,PNK,False,
SIGIP,"Selective Insurance Group, Inc.",15.87,2026-08-13T22:31:36.254675+00:00,False,+2.7%,,N/A,,N/A,False,32.7K,False,$15.87 / SMA $15.91,False,0.69%,False,+4.5%,True,54.4M,True,NMS,False,
SITM,SiTime Corporation,687.93,2026-08-13T22:31:15.850291+00:00,True,+236.2%,True,$20686.8M,True,+178.6%,True,591.1K,True,$687.93 / SMA $637.80,True,7.13%,True,+126.5%,True,22.9M,True,NGM,True,
SIVEF,Sivers Semiconductors AB (publ),4.15,2026-08-13T22:34:56.989766+00:00,True,+332.3%,True,$1226.0M,True,+26.3%,True,4316.2K,False,$4.15 / SMA $5.81,True,11.29%,False,+-21.5%,False,240.7M,False,PNK,False,
SJM,The J. M. Smucker Company,120.63,2026-08-13T22:31:24.148593+00:00,False,+36.7%,True,$12893.0M,True,+153.1%,True,1601.4K,True,$120.63 / SMA $114.38,False,2.69%,False,+5.8%,True,101.3M,True,NYQ,False,
SJMHY,SJM Holdings Limited,0.74,2026-08-13T22:35:01.139392+00:00,False,+7.2%,True,$1313.8M,,N/A,False,0.7K,False,$0.74 / SMA $0.78,False,0.00%,,N/A,False,607.3M,False,PNK,False,
SKLTY,SEEK Limited,19.65,2026-08-13T22:34:49.168381+00:00,False,+14.4%,True,$3517.1M,,N/A,False,7.2K,True,$19.65 / SMA $19.17,False,1.01%,,N/A,,N/A,False,PNK,False,
SKYW,"SkyWest, Inc.",108.36,2026-08-13T22:34:47.797978+00:00,False,+39.1%,True,$4297.6M,False,+-12.7%,False,436.1K,True,$108.36 / SMA $99.06,True,3.41%,False,+6.5%,True,37.7M,True,NMS,False,
SLAB,Silicon Laboratories Inc.,218.3,2026-08-13T22:31:30.963426+00:00,True,+89.0%,True,$7284.0M,True,+48.9%,False,397.3K,True,$218.30 / SMA $218.29,False,0.53%,False,+20.1%,True,30.9M,True,NMS,False,
SLDB,Solid Biosciences Inc.,9.08,2026-08-13T22:38:22.325157+00:00,True,+139.6%,True,$973.6M,False,+9.5%,True,1671.5K,True,$9.08 / SMA $8.57,True,5.34%,,N/A,True,64.2M,True,NMS,False,
SLDP,"Solid Power, Inc.",2.39,2026-08-13T22:38:21.119871+00:00,False,+20.7%,True,$545.4M,False,+21.4%,True,4932.6K,False,$2.39 / SMA $2.49,True,5.47%,False,+-115.7%,False,195.3M,True,NMS,False,
SLI,Standard Lithium Ltd.,2.33,2026-08-13T22:35:10.860496+00:00,False,+22.0%,True,$573.9M,False,+0.0%,True,1773.8K,False,$2.33 / SMA $2.70,True,6.13%,,N/A,False,236.8M,True,ASE,False,
SLS,"SELLAS Life Sciences Group, Inc.",12.36,2026-08-13T22:35:03.683926+00:00,True,+789.2%,True,$2496.0M,True,+28.6%,True,9424.1K,True,$12.36 / SMA $11.03,True,9.94%,,N/A,False,183.2M,True,NCM,False,
SLSR,Solaris Resources Inc.,7.76,2026-08-13T22:35:01.926470+00:00,False,+58.7%,True,$1296.5M,True,+33.3%,False,159.6K,False,$7.76 / SMA $8.29,True,4.66%,,N/A,True,80.3M,True,ASE,False,
SMG,The Scotts Miracle-Gro Company,61.72,2026-08-13T22:34:50.704912+00:00,False,+18.7%,True,$3593.4M,False,+-25.2%,True,959.7K,False,$61.72 / SMA $65.34,True,4.25%,False,+1.1%,True,43.9M,True,NYQ,False,
SMGKF,Smiths Group plc,35.55,2026-08-13T22:31:25.712316+00:00,False,+25.4%,True,$10386.7M,,N/A,False,0.1K,True,$35.55 / SMA $34.38,False,0.02%,,N/A,False,274.4M,False,PNK,False,
SMNNY,Shimano Inc.,12.6,2026-08-13T22:31:27.208560+00:00,False,+34.6%,True,$10708.9M,,N/A,False,98.2K,True,$12.60 / SMA $11.10,False,1.78%,,N/A,False,707.7M,False,PNK,False,
SMOPF,Smartoptics Group ASA,5.0,2026-08-13T22:38:24.123586+00:00,True,+170.3%,True,$490.2M,True,+600.0%,False,10.8K,False,$5.00 / SMA $5.20,True,4.69%,True,+54.6%,True,37.2M,False,PNK,False,
SMPNY,"Sompo Holdings, Inc.",22.0,2026-08-13T22:31:09.311619+00:00,False,+52.7%,True,$39188.4M,,N/A,False,186.9K,True,$22.00 / SMA $20.38,False,1.32%,,N/A,False,1632.0M,False,PNK,False,
SMSMY,Sims Limited,18.51,2026-08-13T22:34:49.371722+00:00,True,+126.8%,True,$3636.0M,,N/A,False,2.6K,False,$18.51 / SMA $18.69,False,2.05%,,N/A,False,158.6M,False,PNK,False,
SMSOF,Samsonite Group S.A.,1.72,2026-08-13T22:34:54.380080+00:00,False,+11.0%,True,$2345.7M,,N/A,False,1.6K,False,$1.72 / SMA $1.74,False,0.00%,,N/A,False,1246.7M,False,PNK,False,
SMTEF,Smart Eye AB (publ),8.91,2026-08-13T22:38:32.577578+00:00,False,+64.4%,True,$349.3M,True,+59.9%,False,0.6K,True,$8.91 / SMA $8.90,False,0.00%,True,+40.4%,True,32.9M,False,PNK,False,
SMWB,Similarweb Ltd.,9.01,2026-08-13T22:38:33.029111+00:00,True,+305.9%,True,$789.3M,True,+36.4%,True,963.1K,True,$9.01 / SMA $6.12,True,6.68%,False,+10.1%,True,38.7M,True,NYQ,False,
SN,"SharkNinja, Inc.",188.59,2026-08-13T22:31:18.619807+00:00,True,+126.9%,True,$26567.0M,False,+-6.1%,True,2087.0K,True,$188.59 / SMA $149.23,True,3.88%,False,+22.2%,True,83.7M,True,NYQ,False,
SNCAF,AtkinsRéalis Group Inc.,62.77,2026-08-13T22:31:25.767047+00:00,False,+10.7%,True,$10045.3M,False,+-95.6%,False,59.3K,True,$62.77 / SMA $61.86,False,2.18%,False,+10.0%,False,159.4M,False,PNK,False,
SNEX,StoneX Group Inc.,66.78,2026-08-13T22:31:27.638050+00:00,True,+83.2%,True,$8054.8M,True,+85.2%,True,1276.6K,False,$66.78 / SMA $78.40,True,4.96%,False,+15.4%,True,107.9M,True,NMS,False,
SNHIY,SNHIY,9.55,2026-08-13T22:31:13.222285+00:00,False,+0.0%,True,$87812.3M,,N/A,False,0.4K,False,$9.55 / SMA $10.56,False,0.00%,False,+20.6%,False,1548.1M,False,PNK,False,
SNLGF,San Lorenzo Gold Corp.,4.45,2026-08-13T22:38:35.345777+00:00,True,+2107.3%,True,$461.7M,,N/A,False,26.5K,True,$4.45 / SMA $3.37,True,5.64%,,N/A,True,88.4M,False,PNK,False,
SNMCY,Suncorp Group Limited,14.06,2026-08-13T22:31:20.883713+00:00,False,+49.1%,True,$14904.3M,,N/A,False,115.9K,True,$14.06 / SMA $13.26,False,1.48%,,N/A,,N/A,False,PNK,False,
SNMRF,Snam S.p.A.,6.58,2026-08-13T22:31:11.855511+00:00,False,+10.8%,True,$22463.2M,,N/A,False,1.1K,False,$6.58 / SMA $7.22,False,0.22%,False,+8.7%,False,2049.6M,False,PNK,False,
SNMRY,Snam S.p.A.,13.21,2026-08-13T22:31:12.706367+00:00,False,+13.5%,True,$22165.0M,,N/A,False,55.1K,False,$13.21 / SMA $14.01,False,1.32%,False,+8.7%,False,1024.8M,False,PNK,False,
SNNUF,Smith & Nephew plc,15.48,2026-08-13T22:31:21.856534+00:00,False,+18.2%,True,$12972.9M,,N/A,False,1.3K,True,$15.48 / SMA $14.30,False,0.56%,,N/A,False,709.1M,False,PNK,False,
SNPMF,China Petroleum & Chemical Corporation,0.55,2026-08-13T22:31:01.499357+00:00,False,+14.6%,True,$66411.2M,,N/A,False,33.5K,True,$0.55 / SMA $0.54,False,1.18%,,N/A,False,33692.3M,False,PNK,False,
SNROF,"Sanrio Company, Ltd.",7.53,2026-08-13T22:31:32.634471+00:00,False,+49.4%,True,$9129.6M,,N/A,False,0.6K,True,$7.53 / SMA $6.74,False,1.06%,,N/A,False,979.8M,False,PNK,False,
SOCNF,SOCNF,13.685,2026-08-13T22:34:50.224314+00:00,False,+30.3%,True,$2398.8M,,N/A,False,0.1K,False,$13.69 / SMA $14.94,False,0.00%,,N/A,False,175.1M,False,PNK,False,
SOHU,Sohu.com Limited,13.96,2026-08-13T22:38:33.401568+00:00,False,+20.2%,True,$419.7M,False,+-102.8%,False,50.0K,True,$13.96 / SMA $13.12,True,3.85%,False,+4.2%,True,14.5M,True,NMS,False,
SOLS,"Solstice Advanced Materials, Inc.",62.57,2026-08-13T22:31:21.393503+00:00,False,+54.8%,True,$9939.1M,False,+22.7%,True,2969.0K,False,$62.57 / SMA $70.97,True,4.78%,False,+11.1%,False,154.8M,True,NMS,False,
SOLV,Solventum Corporation,86.46,2026-08-13T22:31:21.020367+00:00,False,+38.6%,True,$14717.5M,False,+3.9%,True,1602.9K,True,$86.46 / SMA $79.92,True,3.31%,False,+2.2%,True,126.9M,True,NYQ,False,
SOMMY,"Sumitomo Chemical Company, Limited",16.6,2026-08-13T22:31:34.022356+00:00,False,+27.9%,True,$5484.2M,,N/A,False,0.7K,True,$16.60 / SMA $16.51,False,0.62%,,N/A,False,323.5M,False,PNK,False,
SONVY,Sonova Holding AG,58.56,2026-08-13T22:31:19.010965+00:00,False,+38.6%,True,$17393.7M,,N/A,False,22.0K,True,$58.56 / SMA $51.87,False,1.09%,,N/A,False,295.5M,False,PNK,False,
SORNU,Soren Acquisition Corp.,10.255,2026-08-13T22:38:34.096554+00:00,False,+3.4%,,N/A,,N/A,False,1.3K,True,$10.26 / SMA $10.05,False,0.14%,,N/A,True,20.7M,True,NGM,False,
SOTDF,Ströer SE & Co. KGaA,40.5,2026-08-13T22:34:56.075132+00:00,False,+0.0%,True,$2259.1M,False,+-14.9%,False,0.0K,True,$40.50 / SMA $40.50,False,0.00%,False,+4.2%,,N/A,False,PNK,False,
SPGI,S&P Global Inc.,422.67,2026-08-13T22:31:00.193749+00:00,False,+17.1%,True,$124603.1M,False,+17.7%,True,2313.8K,True,$422.67 / SMA $413.76,False,2.58%,False,+10.4%,False,267.7M,True,NYQ,False,
SPHXF,"SM Prime Holdings, Inc.",0.2672,2026-08-13T22:31:27.590721+00:00,False,+0.0%,True,$7647.0M,False,+0.2%,False,0.4K,False,$0.27 / SMA $0.29,False,0.00%,False,+1.5%,False,9823.9M,False,PNK,False,
SPOT,Spotify Technology S.A.,498.24,2026-08-13T22:31:00.797819+00:00,False,+23.0%,True,$102448.1M,True,+721.4%,True,2033.6K,True,$498.24 / SMA $483.53,True,4.26%,False,+13.9%,False,151.7M,True,NYQ,False,
SPXSY,Spirax Group plc,49.14,2026-08-13T22:31:31.791189+00:00,False,+15.5%,True,$7252.7M,,N/A,False,10.5K,True,$49.14 / SMA $46.60,False,1.39%,,N/A,True,120.5M,False,PNK,False,
SQNNY,"Square Enix Holdings Co., Ltd.",9.43,2026-08-13T22:31:33.432678+00:00,False,+39.7%,True,$6802.3M,,N/A,False,0.8K,True,$9.43 / SMA $7.95,False,0.74%,,N/A,False,330.1M,False,PNK,False,
SR,Spire Inc.,82.93,2026-08-13T22:31:37.228493+00:00,False,+12.2%,True,$4902.2M,True,+1131.0%,True,552.8K,True,$82.93 / SMA $80.28,False,2.30%,False,+19.2%,True,56.9M,True,NYQ,False,
SRAD,Sportradar Group AG,13.58,2026-08-13T22:31:41.492758+00:00,False,+17.6%,True,$4019.0M,False,+-106.7%,True,2663.7K,False,$13.58 / SMA $14.71,True,4.16%,False,+18.9%,True,16.2M,True,NMS,False,
SRBIF,Serabi Gold plc,4.2,2026-08-13T22:38:34.958988+00:00,False,+61.5%,True,$320.5M,True,+139.4%,False,3.0K,True,$4.20 / SMA $3.99,True,3.25%,True,+83.3%,True,65.5M,False,OQX,False,
SRPT,"Sarepta Therapeutics, Inc.",18.42,2026-08-13T22:35:00.477996+00:00,False,+25.5%,True,$1945.6M,False,+-102.6%,True,3373.8K,True,$18.42 / SMA $16.95,True,5.01%,False,+-34.3%,True,91.5M,True,NMS,False,
SSII,"SS Innovations International, Inc.",3.83,2026-08-13T22:35:13.177433+00:00,False,+23.2%,True,$766.5M,True,+33.3%,False,67.1K,True,$3.83 / SMA $3.69,True,8.00%,True,+116.8%,True,40.3M,True,NCM,False,
SSSAF,Shurgard Self Storage Ltd,27.615,2026-08-13T22:34:52.561114+00:00,False,+5.0%,True,$2788.4M,,N/A,False,1.4K,False,$27.61 / SMA $28.75,False,0.46%,,N/A,True,33.0M,False,PNK,False,
SSUMY,Sumitomo Corporation,11.2,2026-08-13T22:31:04.926640+00:00,True,+71.1%,True,$53075.1M,,N/A,False,341.9K,True,$11.20 / SMA $10.10,False,2.33%,,N/A,False,4735.0M,False,PNK,False,
STAA,STAAR Surgical Company,25.33,2026-08-13T22:35:01.952558+00:00,False,+62.5%,True,$1261.1M,True,+109.1%,True,913.9K,False,$25.33 / SMA $26.91,True,6.28%,True,+119.6%,True,24.3M,True,NGM,False,
STAG,"STAG Industrial, Inc.",36.95,2026-08-13T22:31:31.023535+00:00,False,+7.6%,True,$7271.9M,False,+3.7%,True,1534.0K,False,$36.95 / SMA $38.62,False,2.07%,False,+8.1%,False,189.8M,True,NYQ,False,
STBGY,Scandinavian Tobacco Group A/S,5.49,2026-08-13T22:35:11.690748+00:00,False,+13.2%,True,$864.6M,False,+-28.6%,False,0.4K,True,$5.49 / SMA $5.20,False,0.09%,False,+-5.8%,True,117.6M,False,PNK,False,
STBMF,St Barbara Limited,0.45,2026-08-13T22:38:28.501383+00:00,True,+164.7%,True,$655.7M,,N/A,False,2.2K,True,$0.45 / SMA $0.35,False,0.01%,,N/A,False,1126.7M,False,PNK,False,
STC,Stewart Information Services Corporation,67.69,2026-08-13T22:34:58.102185+00:00,False,+18.5%,True,$2061.2M,False,+7.1%,False,228.6K,True,$67.69 / SMA $67.28,True,3.15%,False,+24.5%,True,29.7M,True,NYQ,False,
STCGF,Stack Capital Group Inc.,13.04,2026-08-13T22:38:31.954613+00:00,False,+50.9%,False,$188.2M,True,+1604.2%,False,19.6K,False,$13.04 / SMA $15.03,True,3.99%,True,+3115.3%,True,14.4M,False,PNK,False,
STEL,"Stellar Bancorp, Inc.",39.32,2026-08-13T22:34:59.040753+00:00,False,+39.3%,True,$2002.2M,,N/A,False,470.4K,True,$39.32 / SMA_short $39.32,,N/A,,N/A,True,50.7M,True,NYQ,False,
STJPF,St. James's Place plc,14.128,2026-08-13T22:31:28.453297+00:00,False,+0.0%,True,$7129.1M,,N/A,False,0.1K,False,$14.13 / SMA $15.43,False,0.00%,,N/A,False,401.2M,False,PNK,False,
STK,Columbia Seligman Premium Technology Growth Fund,53.39,2026-08-13T22:35:10.107975+00:00,True,+75.9%,True,$942.9M,,N/A,False,72.3K,True,$53.39 / SMA $51.35,False,2.91%,,N/A,,N/A,True,NYQ,False,
STLD,"Steel Dynamics, Inc.",260.53,2026-08-13T22:31:08.990371+00:00,True,+108.8%,True,$37341.3M,True,+83.6%,True,1217.0K,True,$260.53 / SMA $250.35,True,3.25%,True,+33.4%,True,128.8M,True,NMS,True,
STMNF,"Sumitomo Metal Mining Co., Ltd.",43.7505,2026-08-13T22:31:17.926399+00:00,True,+90.2%,True,$11746.5M,,N/A,False,0.2K,False,$43.75 / SMA $48.21,False,0.00%,,N/A,False,252.1M,False,PNK,False,
STOSF,Santos Limited,5.09,2026-08-13T22:31:15.854330+00:00,False,+39.5%,True,$16531.2M,,N/A,False,6.6K,False,$5.09 / SMA $5.32,False,0.54%,,N/A,False,3195.5M,False,PNK,False,
STRK,Strategy Inc,66.92,2026-08-13T22:31:04.697403+00:00,False,+34.4%,,N/A,,N/A,False,143.2K,True,$66.92 / SMA $62.51,False,2.71%,False,+6.9%,False,357.8M,True,NMS,False,
STRL,"Sterling Infrastructure, Inc.",553.16,2026-08-13T22:31:13.872786+00:00,True,+110.0%,True,$16920.3M,True,+116.5%,True,809.1K,False,$553.16 / SMA $718.42,True,7.14%,True,+90.1%,True,29.8M,True,NMS,False,
STX,Seagate Technology Holdings plc,921.37,2026-08-13T22:30:59.050085+00:00,True,+506.0%,True,$209151.0M,True,+149.1%,True,4669.4K,True,$921.37 / SMA $888.21,True,8.26%,True,+48.5%,False,220.0M,True,NMS,False,
SUCEF,"Sumitomo Osaka Cement Co., Ltd.",26.04,2026-08-13T22:35:09.963362+00:00,False,+3.5%,True,$825.2M,,N/A,False,0.0K,False,$26.04 / SMA $30.00,False,0.00%,,N/A,True,29.6M,False,PNK,False,
SUN,Sunoco LP,74.41,2026-08-13T22:31:20.201659+00:00,False,+55.1%,True,$14019.9M,True,+184.8%,False,466.4K,True,$74.41 / SMA $68.93,False,2.77%,True,+164.5%,True,107.7M,True,NYQ,False,
SVAQU,Silicon Valley Acquisition Corp.,10.35,2026-08-13T22:40:09.120142+00:00,False,+4.2%,,N/A,,N/A,False,3.8K,False,$10.35 / SMA $10.35,False,0.02%,,N/A,True,21.7M,True,NGM,False,
SVC,Service Properties Trust,8.17,2026-08-13T22:35:07.605075+00:00,False,+44.6%,True,$1058.1M,False,+-3704.3%,True,1849.7K,False,$8.17 / SMA $8.34,True,4.48%,False,+-16.4%,True,106.9M,True,NMS,False,
SVCBF,Svenska Cellulosa Aktiebolaget SCA (publ),11.17,2026-08-13T22:31:30.582713+00:00,False,+12.0%,True,$7845.2M,False,+-52.3%,False,0.7K,True,$11.17 / SMA $10.61,False,0.00%,False,+-4.2%,False,646.3M,False,PNK,False,
SVCTF,Senvest Capital Inc.,305.0,2026-08-13T22:38:21.692982+00:00,False,+27.1%,True,$738.4M,True,+84.9%,False,0.1K,True,$305.00 / SMA $283.23,False,0.53%,True,+86.1%,True,0.9M,False,PNK,False,
SVM,Silvercorp Metals Inc.,11.78,2026-08-13T22:34:54.188795+00:00,True,+174.6%,True,$2605.8M,,N/A,True,3405.9K,True,$11.78 / SMA $10.41,True,5.03%,True,+96.2%,False,193.1M,True,ASE,False,
SVNLY,Svenska Handelsbanken AB (publ),7.67,2026-08-13T22:31:10.702619+00:00,False,+24.9%,True,$30399.1M,False,+-6.1%,False,156.1K,True,$7.67 / SMA $7.35,False,0.98%,False,+-2.4%,False,3238.9M,False,PNK,False,
SWDBY,Swedbank AB (publ),39.89,2026-08-13T22:31:07.043089+00:00,False,+42.9%,True,$44825.0M,False,+-12.3%,False,28.7K,True,$39.89 / SMA $37.91,False,0.95%,False,+4.6%,False,854.0M,False,PNK,False,
SWGAF,The Swatch Group AG,207.3,2026-08-13T22:31:21.528775+00:00,False,+22.8%,True,$10778.8M,,N/A,False,0.0K,False,$207.30 / SMA $243.97,False,0.63%,,N/A,True,36.8M,False,PNK,False,
SWK,"Stanley Black & Decker, Inc.",102.21,2026-08-13T22:31:23.253899+00:00,False,+65.1%,True,$15435.4M,True,+247.8%,True,1768.6K,True,$102.21 / SMA $90.25,True,3.40%,False,+0.4%,True,148.4M,True,NYQ,False,
SWZCF,Swisscom AG,770.0,2026-08-13T22:31:06.474172+00:00,False,+13.2%,True,$41387.9M,,N/A,False,0.0K,False,$770.00 / SMA $784.51,False,0.04%,False,+-2.0%,True,25.3M,False,OID,False,
SXGCF,Southern Cross Gold Consolidated Ltd.,8.59,2026-08-13T22:35:00.523302+00:00,True,+134.1%,True,$2229.0M,True,+100.0%,False,87.1K,True,$8.59 / SMA $6.77,True,5.31%,,N/A,False,211.7M,False,OQX,False,
SXT,Sensient Technologies Corporation,129.99,2026-08-13T22:31:38.141630+00:00,False,+57.4%,True,$5533.5M,True,+36.4%,False,497.7K,True,$129.99 / SMA $119.84,True,3.40%,False,+11.6%,True,41.0M,True,NYQ,False,
TAK,Takeda Pharmaceutical Company Limited,17.39,2026-08-13T22:31:05.360515+00:00,False,+33.9%,True,$55535.0M,False,+-9.8%,True,3425.3K,True,$17.39 / SMA $16.49,False,1.47%,False,+10.2%,False,3151.0M,True,NYQ,False,
TAL,TAL Education Group,11.6,2026-08-13T22:31:34.489232+00:00,False,+30.6%,True,$6434.5M,True,+1360.0%,True,4151.3K,True,$11.60 / SMA $10.35,True,3.54%,True,+31.9%,False,351.7M,True,NYQ,False,
TCEHY,Tencent Holdings Limited,55.27,2026-08-13T22:30:57.518620+00:00,False,+4.6%,True,$497520.0M,False,+22.9%,True,4154.1K,False,$55.27 / SMA $58.07,False,2.03%,,N/A,,N/A,False,PNK,False,
TCKRF,Teck Resources Limited,67.32,2026-08-13T22:31:09.766970+00:00,True,+102.5%,True,$33027.2M,True,+324.4%,False,0.2K,True,$67.32 / SMA $60.36,False,0.04%,True,+78.2%,False,452.7M,False,PNK,False,
TE,T1 Energy Inc.,4.79,2026-08-13T22:34:56.489450+00:00,True,+299.2%,True,$1410.8M,True,+27.3%,True,43126.8K,False,$4.79 / SMA $7.17,True,13.21%,True,+232.3%,False,194.0M,True,NYQ,False,
TECK,Teck Resources Limited,63.76,2026-08-13T22:31:10.170951+00:00,True,+105.8%,True,$31280.7M,True,+324.4%,True,3264.0K,True,$63.76 / SMA $61.24,True,3.01%,True,+78.2%,False,452.7M,True,NYQ,False,
TEFOF,"Telefónica, S.A.",4.19,2026-08-13T22:31:12.704271+00:00,False,+14.5%,True,$23582.4M,True,+62.5%,False,2.9K,False,$4.19 / SMA $4.20,False,0.67%,,N/A,False,3636.1M,False,PNK,False,
TELDY,Telefónica Deutschland Holding AG,11.75,2026-08-13T22:31:31.319025+00:00,False,+1.7%,True,$6990.2M,,N/A,False,0.0K,True,$11.75 / SMA $11.75,False,0.00%,,N/A,True,18.7M,False,PNK,False,
TGTX,"TG Therapeutics, Inc.",47.94,2026-08-13T22:31:34.105931+00:00,True,+79.1%,True,$7338.1M,False,+-70.6%,True,2369.5K,False,$47.94 / SMA $51.78,True,4.45%,True,+70.3%,True,132.4M,True,NCM,False,
THC,Tenet Healthcare Corporation,267.05,2026-08-13T22:31:19.412001+00:00,False,+69.5%,True,$21502.6M,True,+213.4%,True,1371.6K,True,$267.05 / SMA $207.05,True,3.92%,False,+14.6%,True,78.2M,True,NYQ,False,
THG,"The Hanover Insurance Group, Inc.",223.19,2026-08-13T22:31:32.204179+00:00,False,+34.9%,True,$7771.5M,False,+22.9%,False,325.1K,True,$223.19 / SMA $212.59,False,2.18%,False,+4.3%,True,33.8M,True,NYQ,False,
THNPF,Technip Energies N.V.,34.2,2026-08-13T22:31:30.926469+00:00,False,+0.1%,True,$5923.6M,,N/A,False,0.1K,False,$34.20 / SMA $38.84,False,0.00%,,N/A,True,93.8M,False,PNK,False,
THRM,Gentherm Incorporated,43.07,2026-08-13T22:35:09.286550+00:00,False,+59.5%,True,$1322.5M,True,+600.0%,False,413.4K,True,$43.07 / SMA $37.76,True,5.62%,False,+11.0%,True,29.6M,True,NMS,False,
TISCY,Taisei Corporation,18.31,2026-08-13T22:31:20.738721+00:00,False,+17.6%,True,$11938.8M,,N/A,False,0.9K,False,$18.31 / SMA $20.82,True,3.39%,,N/A,False,596.1M,False,PNK,False,
TITN,Titan Machinery Inc.,18.02,2026-08-13T22:38:29.282661+00:00,False,+36.4%,True,$419.9M,False,+5.2%,False,209.6K,False,$18.02 / SMA $19.65,True,4.66%,False,+-12.1%,True,18.8M,True,NMS,False,
TKAMY,thyssenkrupp AG,15.54,2026-08-13T22:31:29.788884+00:00,True,+90.4%,True,$9779.2M,False,+-100.0%,False,20.8K,True,$15.54 / SMA $13.32,False,1.57%,False,+-2.3%,False,608.2M,False,PNK,False,
TKC,Turkcell Iletisim Hizmetleri A.S.,5.42,2026-08-13T22:31:37.509093+00:00,False,+2.5%,True,$4718.5M,,N/A,True,2199.2K,False,$5.42 / SMA $5.76,False,1.80%,True,+31.3%,False,349.1M,True,NYQ,False,
TKECY,"Tokyo Electric Power Company Holdings, Incorporated",3.26,2026-08-13T22:31:35.718766+00:00,False,+18.1%,True,$5224.8M,,N/A,False,3.0K,True,$3.26 / SMA $3.12,False,2.58%,,N/A,False,1509.5M,False,PNK,False,
TKMCY,TKMS AG & Co KGaA,9.5,2026-08-13T22:31:34.945230+00:00,False,+14.3%,,N/A,,N/A,False,0.6K,False,$9.50 / SMA_short $9.64,,N/A,,N/A,,N/A,False,PNK,False,
TKMTY,TKMTY,8.87,2026-08-13T22:31:35.918970+00:00,False,+6.2%,True,$5149.9M,,N/A,False,0.5K,True,$8.87 / SMA $8.68,False,0.00%,,N/A,False,270.6M,False,PNK,False,
TLN,Talen Energy Corporation,358.4,2026-08-13T22:31:17.554423+00:00,False,+18.9%,True,$17172.5M,False,+-233.3%,True,827.9K,False,$358.40 / SMA $371.61,True,5.31%,True,+111.2%,True,36.7M,True,NMS,False,
TLPFY,Teleperformance SE,40.4,2026-08-13T22:31:37.405894+00:00,False,+57.2%,True,$4697.2M,,N/A,False,6.7K,True,$40.40 / SMA $32.88,False,2.26%,,N/A,True,80.5M,False,PNK,False,
TMICY,Trend Micro Incorporated,38.24,2026-08-13T22:31:37.083808+00:00,False,+23.0%,True,$4962.3M,,N/A,False,8.7K,False,$38.24 / SMA $38.99,False,0.96%,,N/A,True,122.3M,False,PNK,False,
TMNSF,Temenos AG,85.63,2026-08-13T22:31:32.988336+00:00,False,+13.7%,True,$5819.3M,True,+150.0%,False,0.0K,True,$85.63 / SMA $80.68,False,0.00%,,N/A,True,49.6M,False,PNK,False,
TMTNY,TMTNY,31.42,2026-08-13T22:31:21.215283+00:00,False,+30.9%,True,$12808.9M,False,+-0.7%,False,57.0K,False,$31.42 / SMA $31.85,True,4.66%,False,+16.1%,False,406.9M,False,PNK,False,
TMVWY,TeamViewer SE,3.7,2026-08-13T22:35:08.749813+00:00,False,+54.2%,True,$1163.5M,False,+0.0%,False,1.5K,True,$3.70 / SMA $3.21,False,0.34%,False,+3.5%,False,297.2M,False,PNK,False,
TNABF,Tenaga Nasional Berhad,3.435,2026-08-13T22:31:14.549595+00:00,False,+27.2%,True,$21297.1M,False,+3.7%,False,6.1K,False,$3.44 / SMA $3.45,True,3.17%,False,+6.6%,False,3397.5M,False,PNK,False,
TNABY,Tenaga Nasional Berhad,15.34,2026-08-13T22:31:14.788973+00:00,False,+32.2%,True,$22354.8M,False,+3.7%,False,0.7K,True,$15.34 / SMA $14.50,False,1.11%,False,+6.6%,False,849.4M,False,PNK,False,
TNC,Tennant Company,67.64,2026-08-13T22:35:04.083201+00:00,False,+12.4%,True,$1153.2M,False,+-59.3%,False,178.4K,False,$67.64 / SMA $84.80,True,4.59%,False,+1.7%,True,16.5M,True,NYQ,False,
TNGZF,Tivan Limited,0.18,2026-08-13T22:38:29.453095+00:00,True,+340.1%,True,$418.7M,,N/A,False,16.1K,False,$0.18 / SMA $0.20,False,0.35%,,N/A,False,1583.3M,False,PNK,False,
TNISY,"Técnicas Reunidas, S.A.",6.5,2026-08-13T22:34:52.930109+00:00,False,+32.0%,True,$2536.9M,,N/A,False,0.0K,False,$6.50 / SMA $7.09,False,0.00%,False,+3.0%,False,204.3M,False,PNK,False,
TNK,Teekay Tankers Ltd.,83.54,2026-08-13T22:34:53.701835+00:00,True,+91.9%,True,$2894.1M,True,+259.4%,False,367.3K,True,$83.54 / SMA $73.49,True,3.58%,True,+63.0%,True,23.2M,True,NYQ,False,
TOELF,Tokyo Electron Limited,380.0,2026-08-13T22:30:59.493516+00:00,True,+191.9%,True,$172767.5M,,N/A,False,15.1K,False,$380.00 / SMA $409.93,True,7.08%,,N/A,False,435.7M,False,PNK,False,
TOITF,Topicus.com Inc.,74.75,2026-08-13T22:31:34.599329+00:00,False,+23.6%,True,$15949.5M,False,+-33.3%,False,30.7K,True,$74.75 / SMA $69.30,True,3.99%,False,+23.0%,True,41.5M,False,PNK,False,
TOL,"Toll Brothers, Inc.",149.31,2026-08-13T22:31:21.887180+00:00,False,+21.2%,True,$13956.2M,False,+-22.3%,True,1065.9K,False,$149.31 / SMA $150.65,False,2.83%,False,+-7.6%,True,91.1M,True,NYQ,False,
TOPPY,TOPPAN Holdings Inc.,16.93,2026-08-13T22:31:30.081441+00:00,False,+57.2%,True,$9509.2M,,N/A,False,2.8K,True,$16.93 / SMA $14.94,False,1.34%,,N/A,False,508.8M,False,PNK,False,
TORXF,Torex Gold Resources Inc.,43.63,2026-08-13T22:31:41.540112+00:00,False,+51.0%,True,$4039.9M,True,+166.7%,False,42.1K,True,$43.63 / SMA $40.52,True,4.13%,True,+139.4%,True,91.7M,False,OQX,False,
TOST,"Toast, Inc.",35.22,2026-08-13T22:31:21.078711+00:00,False,+58.2%,True,$20357.2M,True,+100.0%,True,12148.9K,True,$35.22 / SMA $29.08,True,4.02%,False,+23.1%,False,471.3M,True,NYQ,False,
TPC,Tutor Perini Corporation,94.67,2026-08-13T22:31:42.537208+00:00,True,+75.9%,True,$4976.7M,True,+223.7%,True,736.9K,True,$94.67 / SMA $81.20,True,4.45%,False,+19.2%,True,43.7M,True,NYQ,False,
TR,"Tootsie Roll Industries, Inc.",40.24,2026-08-13T22:34:51.831221+00:00,False,+20.3%,True,$3024.6M,False,+-21.7%,False,229.1K,True,$40.24 / SMA $38.67,False,2.68%,False,+-0.6%,True,20.9M,True,NYQ,False,
TRAUF,Transurban Group,9.85,2026-08-13T22:31:09.117674+00:00,False,+13.6%,True,$30733.8M,,N/A,False,0.6K,False,$9.85 / SMA $10.34,False,0.20%,,N/A,False,3109.1M,False,PNK,False,
TRPRF,TRPRF,16.75,2026-08-13T22:31:02.877335+00:00,False,+0.0%,,N/A,,N/A,,N/A,,N/A,,N/A,,N/A,,N/A,False,PNK,False,
TRRSF,Trisura Group Ltd.,30.68,2026-08-13T22:35:04.112373+00:00,False,+18.5%,True,$1449.2M,True,+48.3%,False,10.3K,True,$30.68 / SMA $30.55,False,0.33%,True,+242.0%,True,46.1M,False,PNK,False,
TRS,TriMas Corporation,38.7,2026-08-13T22:35:03.764976+00:00,False,+27.2%,True,$1388.3M,False,+-9.8%,False,467.9K,False,$38.70 / SMA $41.04,True,3.51%,False,+1.6%,True,28.7M,True,NMS,False,
TSSI,"TSS, Inc.",11.96,2026-08-13T22:38:34.534072+00:00,True,+74.1%,True,$335.8M,False,+-33.3%,True,1032.8K,True,$11.96 / SMA $11.46,True,7.08%,False,+-44.1%,True,21.0M,True,NCM,False,
TSYHF,TravelSky Technology Limited,1.1,2026-08-13T22:34:46.809243+00:00,False,+22.2%,True,$3218.8M,,N/A,False,52.4K,True,$1.10 / SMA $1.10,True,4.71%,,N/A,False,932.0M,False,PNK,False,
TSYHY,TravelSky Technology Limited,11.06,2026-08-13T22:34:52.661523+00:00,False,+9.4%,True,$3261.2M,,N/A,False,5.6K,True,$11.06 / SMA $10.72,True,3.16%,,N/A,True,93.2M,False,PNK,False,
TUWLF,Tullow Oil plc,0.19,2026-08-13T22:38:31.607945+00:00,True,+280.0%,False,$287.9M,,N/A,False,8.9K,True,$0.19 / SMA $0.18,False,1.06%,,N/A,False,861.5M,False,PNK,False,
TWODY,Taylor Wimpey plc,11.69,2026-08-13T22:31:43.076377+00:00,False,+19.4%,True,$4056.6M,,N/A,False,39.9K,True,$11.69 / SMA $10.73,False,1.71%,,N/A,False,263.5M,False,PNK,False,
TXRH,"Texas Roadhouse, Inc.",207.01,2026-08-13T22:31:23.303895+00:00,False,+34.6%,True,$13588.3M,False,+-0.5%,True,1060.5K,True,$207.01 / SMA $189.94,False,2.59%,False,+11.1%,True,61.0M,True,NMS,False,
TYHOY,Toyota Tsusho Corporation,22.84,2026-08-13T22:31:06.033034+00:00,True,+109.2%,True,$48227.9M,,N/A,False,23.1K,True,$22.84 / SMA $20.21,True,3.16%,,N/A,False,1854.7M,False,PNK,False,
UAA,"Under Armour, Inc.",5.35,2026-08-13T22:34:55.998234+00:00,False,+29.5%,True,$2298.1M,True,+100.0%,True,8634.1K,False,$5.35 / SMA $6.38,True,5.07%,False,+-3.2%,False,301.3M,True,NYQ,False,
UELKY,Ülker Bisküvi Sanayi A.S.,18.75,2026-08-13T22:35:10.479223+00:00,False,+0.0%,True,$692.4M,False,+-49.8%,False,0.0K,False,$18.75 / SMA $25.74,False,0.00%,False,+-3.9%,True,19.5M,False,PNK,False,
UGP,Ultrapar Participações S.A.,6.16,2026-08-13T22:31:33.422491+00:00,True,+98.1%,True,$6554.4M,True,+167.4%,True,3753.1K,True,$6.16 / SMA $5.61,False,2.51%,False,+10.3%,False,569.0M,True,NYQ,False,
UMBFO,UMB Financial Corporation,26.5701,2026-08-13T22:31:25.473838+00:00,False,+4.2%,,N/A,,N/A,False,13.2K,True,$26.57 / SMA $26.28,False,1.03%,False,+14.2%,True,72.4M,True,NMS,False,
UMICF,Umicore SA,27.5,2026-08-13T22:31:31.465267+00:00,True,+82.7%,True,$6618.4M,,N/A,False,1.0K,True,$27.50 / SMA $24.97,False,1.38%,,N/A,False,206.8M,False,PNK,False,
UNCRY,UniCredit S.p.A.,49.37,2026-08-13T22:31:00.117545+00:00,False,+46.8%,True,$147939.9M,False,+-10.2%,False,438.5K,True,$49.37 / SMA $45.68,False,1.12%,False,+-6.5%,False,2972.3M,False,PNK,False,
UNIT,Uniti Group Inc.,9.79,2026-08-13T22:34:53.654039+00:00,True,+84.7%,True,$2376.3M,False,+-871.4%,True,2356.1K,False,$9.79 / SMA $10.96,True,4.90%,True,+202.5%,False,175.0M,True,NMS,False,
UNLRY,UNLRY,1.92,2026-08-13T22:31:42.760067+00:00,False,+11.0%,True,$3895.4M,,N/A,False,11.5K,True,$1.92 / SMA $1.90,False,0.37%,False,+3.0%,False,272.3M,False,PNK,False,
UNTY,"Unity Bancorp, Inc.",61.73,2026-08-13T22:38:25.219317+00:00,False,+39.2%,True,$619.9M,False,+-11.8%,False,63.1K,True,$61.73 / SMA $57.49,False,2.48%,False,+-7.7%,True,7.3M,True,NGM,False,
UPB,"Upstream Bio, Inc.",6.91,2026-08-13T22:38:28.645127+00:00,False,+18.1%,True,$378.5M,False,+-46.7%,True,617.7K,True,$6.91 / SMA $6.83,True,5.51%,True,+82.7%,True,39.2M,True,NMS,False,
UROY,Uranium Royalty Corp.,4.07,2026-08-13T22:38:27.368260+00:00,False,+62.2%,True,$1550.9M,,N/A,True,3001.1K,True,$4.07 / SMA $3.09,True,7.93%,True,+3906.1%,True,145.1M,True,NCM,False,
USAC,"USA Compression Partners, LP",26.06,2026-08-13T22:31:40.338116+00:00,False,+19.3%,True,$3777.2M,True,+40.9%,False,242.9K,False,$26.06 / SMA $26.09,False,2.79%,True,+36.8%,True,88.0M,True,NYQ,False,
USAR,"USA Rare Earth, Inc.",18.61,2026-08-13T22:31:35.357619+00:00,False,+62.5%,True,$4553.3M,False,+-158.6%,True,13929.5K,False,$18.61 / SMA $19.14,True,7.32%,,N/A,False,210.8M,True,NGM,False,
USAS,Americas Gold and Silver Corporation,5.05,2026-08-13T22:34:59.251340+00:00,True,+132.2%,True,$1704.6M,True,+137.5%,True,4425.7K,True,$5.05 / SMA $4.65,True,6.21%,True,+187.9%,False,268.0M,True,ASE,False,
USPH,"U.S. Physical Therapy, Inc.",82.76,2026-08-13T22:35:10.150007+00:00,False,+42.2%,True,$1235.0M,False,+-56.9%,False,236.5K,True,$82.76 / SMA $71.50,True,4.36%,False,+8.5%,True,14.3M,True,NYQ,False,
UWMC,UWM Holdings Corporation,1.63,2026-08-13T22:31:37.695213+00:00,True,+75.3%,True,$4671.6M,False,+-318.2%,True,23659.1K,False,$1.63 / SMA $2.02,True,8.77%,False,+-117.2%,False,292.5M,True,NYQ,False,
UXIN,Uxin Limited,1.18,2026-08-13T22:38:28.320623+00:00,False,+31.7%,False,$259.6M,,N/A,False,301.6K,False,$1.18 / SMA $1.67,True,11.23%,True,+112.9%,True,85.1M,True,NMS,False,
UZAPF,Flughafen Zürich AG,293.886,2026-08-13T22:31:27.202255+00:00,False,+9.4%,True,$9021.7M,,N/A,False,0.1K,False,$293.89 / SMA $299.90,False,0.62%,,N/A,True,18.7M,False,PNK,False,
VACI.U,VACI.U,,2026-08-13T22:38:35.776999+00:00,False,N/A,False,N/A,False,N/A,False,N/A,False,N/A,False,N/A,False,N/A,False,N/A,False,Unknown,False,No price data available
VAL,Valaris Limited,85.13,2026-08-13T22:31:31.458210+00:00,True,+95.6%,True,$5911.1M,False,+-55.3%,True,963.9K,True,$85.13 / SMA $80.22,True,4.00%,False,+-12.4%,True,53.6M,True,NYQ,False,
VARRY,Vår Energi ASA,9.75,2026-08-13T22:31:21.825818+00:00,False,+61.8%,True,$12169.2M,True,+312.5%,False,11.4K,True,$9.75 / SMA $9.53,False,2.50%,True,+102.7%,False,451.6M,False,PNK,False,
VBNK,VersaBank,20.11,2026-08-13T22:38:24.847346+00:00,True,+92.1%,True,$647.5M,False,+-11.5%,False,107.1K,False,$20.11 / SMA $20.16,True,3.22%,True,+27.1%,True,20.7M,True,NMS,False,
VBVBF,Verbio SE,44.05,2026-08-13T22:34:53.997878+00:00,True,+264.0%,True,$2806.7M,True,+263.6%,False,0.0K,True,$44.05 / SMA $44.05,False,0.00%,False,+13.2%,True,41.0M,False,PNK,False,
VCHYF,"V Technology Co., Ltd.",38.73,2026-08-13T22:38:36.082852+00:00,True,+86.8%,True,$366.1M,,N/A,False,0.0K,True,$38.73 / SMA $37.32,False,0.00%,,N/A,True,8.2M,False,PNK,False,
VEEV,Veeva Systems Inc.,252.64,2026-08-13T22:31:11.881123+00:00,True,+70.6%,True,$41039.7M,False,+14.6%,True,2287.9K,True,$252.64 / SMA $188.75,True,3.78%,False,+16.3%,True,140.9M,True,NYQ,False,
VEOEY,Veolia Environnement SA,19.8,2026-08-13T22:31:10.819476+00:00,False,+23.7%,True,$28997.0M,,N/A,False,380.4K,False,$19.80 / SMA $20.59,False,1.03%,,N/A,False,1245.7M,False,PNK,False,
VG,VG,13.54,2026-08-13T22:31:08.911354+00:00,True,+136.7%,True,$33851.3M,True,+26.7%,True,14922.1K,True,$13.54 / SMA $12.59,True,5.63%,True,+58.9%,False,500.8M,True,NYQ,False,
VKI,Invesco Advantage Municipal Income Trust II,9.08,2026-08-13T22:38:31.665647+00:00,False,+10.1%,True,$403.4M,,N/A,False,91.7K,False,$9.08 / SMA $9.12,False,1.18%,,N/A,,N/A,True,ASE,False,
VKTX,"Viking Therapeutics, Inc.",32.94,2026-08-13T22:31:43.857374+00:00,False,+43.5%,True,$3842.5M,False,+-89.7%,True,2270.6K,False,$32.94 / SMA $34.47,True,4.65%,,N/A,True,112.4M,True,NCM,False,
VLERF,Valeura Energy Inc.,8.68,2026-08-13T22:35:10.421276+00:00,True,+100.0%,True,$921.9M,True,+880.0%,False,53.7K,True,$8.68 / SMA $8.11,False,2.13%,True,+101.0%,True,85.0M,False,OQX,False,
VLOWY,Vallourec S.A.,4.22,2026-08-13T22:31:32.660723+00:00,False,+22.7%,True,$5586.5M,False,+-6.3%,False,209.4K,False,$4.22 / SMA $4.61,True,6.87%,False,+-11.7%,False,912.4M,False,PNK,False,
VLVCY,Volvo Car AB (publ.),4.31,2026-08-13T22:31:30.693632+00:00,False,+15.5%,True,$6513.3M,False,+5.0%,False,0.2K,True,$4.31 / SMA $4.27,False,0.33%,False,+-6.4%,False,298.2M,False,PNK,False,
VLXGF,Volex plc,7.2364,2026-08-13T22:35:01.486411+00:00,False,+53.0%,True,$1324.4M,,N/A,False,6.9K,False,$7.24 / SMA $7.41,False,0.00%,,N/A,True,89.8M,False,PNK,False,
VMET,Versamet Royalties Corporation,10.13,2026-08-13T22:38:23.651964+00:00,False,+19.5%,True,$1100.0M,True,+576.5%,False,213.0K,False,$10.13 / SMA $10.64,True,4.98%,True,+593.9%,True,37.2M,True,NCM,False,
VODPF,Vodafone Group Public Limited Company,1.65,2026-08-13T22:31:08.328231+00:00,False,+57.1%,True,$38132.0M,,N/A,False,26.9K,True,$1.65 / SMA $1.50,False,0.55%,,N/A,False,19597.0M,False,PNK,False,
VOLAF,AB Volvo (publ),28.5,2026-08-13T22:31:02.982679+00:00,False,+6.0%,True,$57953.4M,True,+40.1%,False,0.0K,False,$28.50 / SMA $34.84,False,0.00%,False,+2.7%,False,1937.1M,False,PNK,False,
VOXR,Vox Royalty Corp.,5.35,2026-08-13T22:38:30.539257+00:00,True,+70.9%,True,$368.6M,True,+3500.0%,False,497.9K,True,$5.35 / SMA $4.77,True,3.96%,True,+498.3%,True,63.2M,True,NCM,False,
VOYA,"Voya Financial, Inc.",101.08,2026-08-13T22:31:30.543930+00:00,False,+56.7%,True,$9157.5M,False,+-41.6%,True,1139.4K,True,$101.08 / SMA $94.85,False,2.46%,False,+-1.3%,True,89.5M,True,NYQ,False,
VRNS,"Varonis Systems, Inc.",45.82,2026-08-13T22:31:43.942988+00:00,True,+132.6%,True,$5262.9M,False,+-28.1%,True,2100.1K,True,$45.82 / SMA $40.67,True,5.02%,False,+18.3%,True,109.0M,True,NMS,False,
VSH,"Vishay Intertechnology, Inc.",33.32,2026-08-13T22:31:33.033035+00:00,True,+183.1%,True,$5110.6M,True,+1800.0%,True,7339.0K,False,$33.32 / SMA $46.29,True,8.53%,False,+16.6%,True,138.7M,True,NYQ,False,
VTEX,VTEX,3.81,2026-08-13T22:38:23.414824+00:00,False,+34.1%,True,$649.6M,True,+262.5%,True,1367.9K,False,$3.81 / SMA $3.97,True,4.78%,False,+9.5%,True,38.1M,True,NYQ,False,
VWAGY,Volkswagen AG,8.49,2026-08-13T22:31:05.040123+00:00,False,+5.2%,True,$42560.0M,False,+-29.5%,False,327.8K,False,$8.49 / SMA $8.86,False,1.49%,False,+6.3%,False,2343.0M,False,PNK,False,
WEBNF,Westpac Banking Corporation,25.12,2026-08-13T22:31:02.012778+00:00,False,+13.9%,True,$85782.5M,,N/A,False,2.4K,False,$25.12 / SMA $25.32,False,1.01%,,N/A,False,3410.2M,False,PNK,False,
WEC,"WEC Energy Group, Inc.",110.28,2026-08-13T22:31:08.183415+00:00,False,+7.1%,True,$35934.7M,False,+19.7%,True,2238.1K,False,$110.28 / SMA $113.09,False,1.97%,False,+2.6%,False,315.2M,True,NYQ,False,
WERN,"Werner Enterprises, Inc.",38.49,2026-08-13T22:34:55.751645+00:00,False,+66.9%,True,$2307.5M,False,+-85.3%,True,1181.6K,False,$38.49 / SMA $41.77,True,4.08%,False,+24.0%,True,58.3M,True,NMS,False,
WEST,Westrock Coffee Company,8.4,2026-08-13T22:35:12.402224+00:00,True,+134.0%,True,$820.1M,True,+39.1%,True,658.8K,True,$8.40 / SMA $8.10,True,6.27%,False,+8.8%,True,36.0M,True,NGM,False,
WFAFY,Wesfarmers Limited,31.11,2026-08-13T22:31:03.891253+00:00,False,+27.0%,True,$70637.3M,,N/A,False,88.8K,True,$31.11 / SMA $30.78,False,1.58%,,N/A,False,2262.6M,False,PNK,False,
WGS,GeneDx Holdings Corp.,79.15,2026-08-13T22:35:04.046916+00:00,True,+145.7%,True,$2360.5M,False,+-266.7%,True,1024.6K,True,$79.15 / SMA $64.05,True,8.21%,False,+11.4%,True,18.8M,True,NMS,False,
WHGRF,WH Group Limited,1.01,2026-08-13T22:31:20.761632+00:00,False,+11.5%,True,$13368.7M,,N/A,False,26.7K,False,$1.01 / SMA $1.04,False,0.00%,,N/A,False,7423.6M,False,PNK,False,
WILWY,Wallenius Wilhelmsen ASA,28.5,2026-08-13T22:31:35.703788+00:00,True,+103.4%,True,$6025.9M,False,+-41.3%,False,0.0K,True,$28.50 / SMA $26.41,False,0.00%,False,+-6.0%,True,130.3M,False,PNK,False,
WILYY,Demant A/S,22.5,2026-08-13T22:31:29.743819+00:00,False,+67.3%,True,$9490.4M,,N/A,False,0.1K,True,$22.50 / SMA $20.36,False,0.07%,,N/A,,N/A,False,PNK,False,
WK,Workiva Inc.,73.75,2026-08-13T22:34:52.764713+00:00,True,+70.2%,True,$4138.8M,,N/A,True,946.8K,True,$73.75 / SMA $53.86,True,5.21%,False,+18.6%,True,48.1M,True,NYQ,False,
WKCMF,Wacker Chemie AG,110.02,2026-08-13T22:31:34.549046+00:00,False,+51.5%,True,$5465.6M,,N/A,False,0.1K,True,$110.02 / SMA $109.10,False,0.42%,False,+7.4%,True,17.3M,False,PNK,False,
WLMIY,Wilmar International Limited,28.62,2026-08-13T22:31:17.057759+00:00,False,+30.6%,True,$17867.2M,,N/A,False,43.9K,False,$28.62 / SMA $29.07,False,1.39%,,N/A,,N/A,False,PNK,False,
WMG,Warner Music Group Corp.,25.34,2026-08-13T22:31:16.714938+00:00,False,+8.6%,True,$13255.6M,True,+1366.7%,True,2336.9K,False,$25.34 / SMA $27.81,True,3.90%,False,+10.4%,True,130.4M,True,NMS,False,
WMK,"Weis Markets, Inc.",71.54,2026-08-13T22:35:00.136935+00:00,False,+19.3%,True,$1770.2M,False,+-4.2%,False,165.8K,False,$71.54 / SMA $77.41,True,3.01%,False,+4.6%,True,13.2M,True,NYQ,False,
WMMVY,"Wal-Mart de México, S.A.B. de C.V.",27.71,2026-08-13T22:31:04.535779+00:00,False,+4.1%,True,$47916.7M,False,+-8.5%,False,147.2K,False,$27.71 / SMA $28.80,True,3.26%,False,+4.1%,False,489.3M,False,OQX,False,
WNC,Wabash National Corporation,12.49,2026-08-13T22:38:36.345236+00:00,True,+88.4%,True,$508.8M,False,+-143.5%,True,1133.4K,True,$12.49 / SMA $11.94,True,5.75%,False,+-9.1%,True,37.2M,True,NYQ,False,
WNGRF,George Weston Limited,72.32,2026-08-13T22:31:11.793030+00:00,False,+20.2%,True,$27069.4M,False,+-47.7%,False,17.6K,False,$72.32 / SMA $72.64,False,0.03%,False,+4.1%,False,151.7M,False,PNK,False,
WOLWF,Woolworths Group Limited,18.9,2026-08-13T22:31:10.614080+00:00,False,+18.1%,True,$25955.8M,,N/A,False,0.1K,False,$18.90 / SMA $28.33,False,0.91%,,N/A,False,1218.9M,False,PNK,False,
WPPGF,WPP plc,5.445,2026-08-13T22:31:42.718945+00:00,True,+85.2%,True,$5872.6M,,N/A,False,0.4K,True,$5.45 / SMA $3.79,False,0.21%,,N/A,False,852.4M,False,PNK,False,
WRTBY,Wärtsilä Oyj Abp,6.81,2026-08-13T22:31:12.883607+00:00,False,+24.5%,True,$20074.0M,,N/A,False,59.8K,False,$6.81 / SMA $7.22,False,1.97%,False,+-0.1%,False,2340.1M,False,PNK,False,
WS,"Worthington Steel, Inc.",38.04,2026-08-13T22:34:58.299574+00:00,False,+39.8%,True,$1938.1M,False,+-189.1%,False,284.0K,True,$38.04 / SMA $37.34,True,4.41%,False,+11.6%,True,44.9M,True,NYQ,False,
WST,"West Pharmaceutical Services, Inc.",346.16,2026-08-13T22:31:13.991042+00:00,False,+54.7%,True,$24361.3M,False,+18.1%,True,760.1K,True,$346.16 / SMA $344.26,False,2.89%,False,+13.8%,True,63.3M,True,NYQ,False,
WTBFB,W.T.B. Financial Corporation,456.5,2026-08-13T22:35:09.142796+00:00,False,+47.5%,True,$1150.8M,True,+84.1%,False,0.7K,True,$456.50 / SMA $412.97,False,1.19%,False,+24.5%,,N/A,False,OID,False,
WTCHF,WiseTech Global Limited,28.07,2026-08-13T22:31:26.296704+00:00,False,+48.1%,True,$9440.0M,,N/A,False,0.9K,True,$28.07 / SMA $24.96,False,0.00%,,N/A,False,189.5M,False,PNK,False,
WULF,TeraWulf Inc.,16.31,2026-08-13T22:31:23.900829+00:00,True,+142.0%,True,$8138.2M,False,+-3780.0%,True,31964.5K,False,$16.31 / SMA $21.83,True,8.49%,False,+-6.0%,False,368.4M,True,NCM,False,
WUXAY,"WuXi AppTec Co., Ltd.",25.2,2026-08-13T22:31:06.138366+00:00,True,+102.4%,True,$75190.7M,,N/A,False,2.2K,True,$25.20 / SMA $19.08,False,0.96%,True,+47.7%,False,2447.6M,False,PNK,False,
WXIBF,WuXi Biologics (Cayman) Inc.,5.85,2026-08-13T22:31:17.204548+00:00,False,+51.9%,True,$24021.6M,,N/A,False,0.7K,True,$5.85 / SMA $4.47,False,0.12%,,N/A,False,3699.6M,False,PNK,False,
WZZAF,Wizz Air Holdings Plc,14.96,2026-08-13T22:35:06.819038+00:00,False,+34.3%,True,$1548.1M,,N/A,False,0.0K,True,$14.96 / SMA $11.14,False,0.00%,,N/A,True,75.1M,False,PNK,False,
XIORF,Xior Student Housing NV,32.0,2026-08-13T22:35:03.409450+00:00,False,+9.7%,True,$1494.2M,,N/A,False,0.5K,True,$32.00 / SMA $31.15,False,0.22%,,N/A,True,38.6M,False,PNK,False,
XJNGF,"Goldwind Science&Technology Co., Ltd.",1.16,2026-08-13T22:31:20.717110+00:00,False,+23.4%,True,$4899.6M,True,+61.0%,False,0.4K,False,$1.16 / SMA $1.33,False,0.84%,True,+63.5%,False,3331.2M,False,PNK,False,
XMTR,"Xometry, Inc.",94.47,2026-08-13T22:31:38.514030+00:00,True,+163.4%,True,$5219.1M,True,+80.8%,True,864.2K,True,$94.47 / SMA $90.50,True,5.99%,True,+41.1%,True,52.1M,True,NMS,True,
XPEL,"XPEL, Inc.",50.27,2026-08-13T22:35:05.898538+00:00,False,+59.6%,True,$1386.0M,False,+10.2%,False,264.0K,True,$50.27 / SMA $45.93,True,4.54%,False,+14.7%,True,22.9M,True,NCM,False,
XPNGF,XPeng Inc.,6.365,2026-08-13T22:31:19.542139+00:00,False,+0.0%,True,$12177.4M,False,+-165.7%,False,0.3K,False,$6.37 / SMA $6.91,False,0.00%,False,+-17.6%,False,1411.2M,False,PNK,False,
XPRO,Expro Ltd,18.65,2026-08-13T22:35:00.061459+00:00,True,+83.2%,True,$2114.8M,False,+-87.5%,True,1147.0K,True,$18.65 / SMA $15.60,True,5.44%,False,+-7.0%,True,98.7M,True,NYQ,False,
XRN,Chiron Real Estate Inc.,36.58,2026-08-13T22:38:25.491102+00:00,False,+25.9%,True,$529.7M,True,+9660.0%,False,119.6K,True,$36.58 / SMA $36.38,False,2.71%,,N/A,True,12.3M,True,NYQ,False,
XRPN,Armada Acquisition Corp. II,10.49,2026-08-13T22:38:35.301069+00:00,False,+3.9%,True,$414.0M,,N/A,False,44.9K,True,$10.49 / SMA $10.44,False,0.26%,,N/A,True,12.6M,True,NGM,False,
YAMCY,Yamaha Corporation,8.75,2026-08-13T22:34:49.938147+00:00,False,+38.2%,True,$3849.1M,,N/A,False,0.9K,True,$8.75 / SMA $7.33,False,1.67%,,N/A,False,425.1M,False,PNK,False,
YASKY,YASKAWA Electric Corporation,69.51,2026-08-13T22:31:23.485466+00:00,True,+81.2%,True,$9014.3M,,N/A,False,12.5K,False,$69.51 / SMA $75.63,False,2.44%,,N/A,True,129.4M,False,PNK,False,
YNAJF,"Yantai North Andre Juice Co., Ltd.",1.1,2026-08-13T22:34:56.833593+00:00,False,+0.0%,True,$362.6M,,N/A,False,0.0K,False,$1.10 / SMA $2.09,False,0.00%,,N/A,True,64.7M,False,PNK,False,
YNGFF,Yangzijiang Financial Holding Ltd.,0.1722,2026-08-13T22:38:20.423514+00:00,False,+6.7%,True,$599.3M,,N/A,False,0.0K,False,$0.17 / SMA $0.18,False,0.00%,,N/A,,N/A,False,PNK,False,
YSHLF,Yangzijiang Shipbuilding (Holdings) Ltd.,3.7,2026-08-13T22:31:22.722008+00:00,True,+78.7%,True,$14581.7M,,N/A,False,0.7K,True,$3.70 / SMA $2.81,False,0.40%,,N/A,False,2534.6M,False,PNK,False,
YZCHF,Yankuang Energy Group Company Limited,1.4,2026-08-13T22:31:12.164853+00:00,False,+22.8%,True,$14051.6M,,N/A,False,0.1K,False,$1.40 / SMA $1.74,False,0.00%,False,+6.5%,False,4644.1M,False,OQX,False,
ZG,"Zillow Group, Inc.",36.23,2026-08-13T22:31:28.525982+00:00,False,+24.8%,True,$8147.2M,False,+-300.0%,True,1344.6K,True,$36.23 / SMA $33.15,True,5.25%,False,+17.9%,False,183.6M,True,NMS,False,
ZLAB,Zai Lab Limited,26.03,2026-08-13T22:34:57.551078+00:00,False,+63.1%,True,$2922.3M,False,+-25.0%,True,958.5K,True,$26.03 / SMA $19.34,True,4.64%,False,+-3.3%,True,91.6M,True,NGM,False,
ZLDSF,Zalando SE,26.0,2026-08-13T22:31:34.446755+00:00,False,+14.4%,True,$6349.8M,False,+-21.6%,False,0.0K,True,$26.00 / SMA $26.00,False,0.00%,False,+20.8%,False,212.4M,False,PNK,False,
ZNZNF,Zinzino AB (publ),14.125,2026-08-13T22:38:24.088852+00:00,False,+20.5%,True,$553.2M,True,+81.2%,False,0.5K,False,$14.12 / SMA $14.17,False,0.51%,True,+27.4%,True,22.1M,False,PNK,False,
ZUMZ,Zumiez Inc.,18.9,2026-08-13T22:38:30.365355+00:00,False,+25.2%,True,$318.9M,False,+-3.8%,False,237.8K,True,$18.90 / SMA $18.84,True,3.44%,False,+4.9%,True,12.6M,True,NMS,False,
