ticker,name,price,fetched_at,c1_price_vs_52w_low_passes,c1_price_vs_52w_low_value,c2_market_cap_passes,c2_market_cap_value,c3_eps_growth_passes,c3_eps_growth_value,c4_avg_volume_passes,c4_avg_volume_value,c5_price_vs_sma50_passes,c5_price_vs_sma50_value,c6_volatility_1m_passes,c6_volatility_1m_value,c7_revenue_growth_passes,c7_revenue_growth_value,c8_float_passes,c8_float_value,c9_us_market_passes,c9_us_market_value,passes_all,error
AACI,Armada Acquisition Corp. III,9.97,2026-07-20T22:53:06.105394+00:00,False,+2.4%,True,$339.3M,,,False,15.8K,True,$9.97 / SMA $9.96,False,0.11%,,,True,25.1M,True,NGM,False,
AAOI,"Applied Optoelectronics, Inc.",103.02,2026-07-20T22:56:57.965213+00:00,True,+456.9%,True,$8266.6M,False,+-5.6%,True,12015.7K,False,$103.02 / SMA $158.29,True,11.18%,True,+51.4%,True,76.3M,True,NGM,False,
AAUKF,Anglo American plc,45.1,2026-07-20T22:46:36.399047+00:00,False,+65.9%,True,$48324.1M,,,False,3.7K,False,$45.10 / SMA $51.27,False,0.26%,,,False,951.4M,False,OQX,False,
AAVMY,ABN AMRO Bank N.V.,42.56,2026-07-20T22:46:42.883566+00:00,False,+56.7%,True,$34683.7M,False,+13.0%,False,24.6K,True,$42.56 / SMA $40.44,False,1.16%,False,+6.8%,False,522.4M,False,PNK,False,
AB,AllianceBernstein Holding L.P.,37.96,2026-07-20T22:47:30.549995+00:00,False,+8.7%,True,$3545.6M,True,+37.3%,False,312.1K,True,$37.96 / SMA $37.12,False,1.79%,False,+11.5%,True,92.6M,True,NYQ,False,
ABBRF,AbraSilver Resource Corp.,10.14,2026-07-20T22:47:44.756137+00:00,True,+174.1%,True,$1632.2M,False,+-50.0%,False,202.7K,False,$10.14 / SMA $11.15,True,7.71%,,,True,137.6M,False,OQX,False,
ABEO,Abeona Therapeutics Inc.,6.48,2026-07-20T23:04:45.696865+00:00,False,+62.0%,True,$369.3M,False,+-25.0%,True,1210.0K,True,$6.48 / SMA $5.92,True,5.56%,,N/A,True,36.6M,True,NCM,False,
ABG,"Asbury Automotive Group, Inc.",210.12,2026-07-20T22:59:05.044820+00:00,False,+22.2%,True,$3912.2M,True,+47.1%,False,284.6K,True,$210.12 / SMA $198.33,True,3.50%,False,+-0.9%,True,16.3M,True,NYQ,False,
ABLZF,ABB Ltd,102.25,2026-07-20T22:56:28.769162+00:00,False,+59.4%,True,$185559.9M,False,+13.3%,False,11.8K,False,$102.25 / SMA $104.69,False,2.07%,True,+28.4%,False,1813.9M,False,PNK,False,
ABM,ABM Industries Incorporated,47.23,2026-07-20T22:47:40.591601+00:00,False,+27.8%,True,$2766.8M,False,+9.0%,True,567.4K,True,$47.23 / SMA $42.55,False,2.36%,False,+8.4%,True,57.9M,True,NYQ,False,
ABR,"Arbor Realty Trust, Inc.",5.03,2026-07-20T22:51:03.369923+00:00,False,+3.5%,True,$1048.9M,False,+-100.0%,True,4490.5K,False,$5.03 / SMA $5.42,True,3.74%,False,+-12.3%,False,184.0M,True,NYQ,False,
ABTC,American Bitcoin Corp,5.77,2026-07-20T23:01:02.556157+00:00,False,+14.5%,True,$703.9M,,N/A,True,1206.5K,False,$5.77 / SMA $12.29,True,11.84%,True,+296.7%,True,21.7M,True,NCM,False,
ACA,"Arcosa, Inc.",144.74,2026-07-20T22:47:17.071682+00:00,True,+76.7%,True,$7107.7M,True,+60.4%,True,613.1K,True,$144.74 / SMA $133.56,False,0.69%,False,+4.4%,True,48.1M,True,NYQ,False,
ACAA,Averin Capital Acquisition Corp.,10.0,2026-07-20T22:53:03.921463+00:00,False,+4.6%,True,$356.8M,,,False,14.5K,True,$10.00 / SMA $9.99,False,0.31%,,,True,26.0M,True,NGM,False,
ACAD,ACADIA Pharmaceuticals Inc.,25.09,2026-07-20T22:59:04.351874+00:00,False,+27.4%,True,$4296.3M,False,+-81.8%,True,1602.0K,True,$25.09 / SMA $22.94,True,3.64%,False,+9.7%,True,127.2M,True,NMS,False,
ACCO,ACCO Brands Corporation,4.03,2026-07-20T22:53:04.512774+00:00,False,+43.4%,True,$371.8M,True,+242.9%,True,920.6K,True,$4.03 / SMA $3.95,True,3.39%,False,+8.3%,True,88.0M,True,NYQ,False,
ACGAF,ACG Metals Limited,22.0,2026-07-20T23:02:56.283988+00:00,True,+113.6%,True,$509.2M,,N/A,False,0.0K,False,$22.00 / SMA $22.67,False,0.10%,,N/A,True,7.6M,False,OQX,False,
ACGBF,Agricultural Bank of China Limited,0.69,2026-07-20T22:46:26.515250+00:00,False,+11.3%,True,$241488.3M,False,+5.3%,False,1.2K,False,$0.69 / SMA $0.72,False,0.00%,False,+10.5%,False,200428.3M,False,PNK,False,
ACGL,Arch Capital Group Ltd.,101.83,2026-07-20T22:56:43.456583+00:00,False,+23.5%,True,$35578.3M,True,+94.6%,True,2290.1K,True,$101.83 / SMA $95.10,False,2.09%,False,+-4.7%,False,335.7M,True,NMS,False,
ACGLO,Arch Capital Group Ltd.,19.5802,2026-07-20T22:46:42.314955+00:00,False,+4.7%,,,,,False,29.6K,True,$19.58 / SMA $19.32,False,1.10%,False,+-4.7%,False,335.7M,True,NMS,False,
ACI,"Albertsons Companies, Inc.",14.96,2026-07-20T22:47:10.476711+00:00,False,+13.6%,True,$7327.1M,False,+-424.1%,True,6887.8K,False,$14.96 / SMA $15.19,True,3.16%,False,+7.7%,False,332.8M,True,NYQ,False,
ACIC,American Coastal Insurance Corporation,10.31,2026-07-20T22:52:52.183121+00:00,False,+5.2%,True,$499.7M,False,+-9.3%,False,288.4K,False,$10.31 / SMA $10.72,True,3.01%,False,+-1.3%,True,23.9M,True,NCM,False,
ACLIF,Accelleron Industries AG,100.2,2026-07-20T22:57:07.775575+00:00,False,+30.1%,True,$9422.9M,,N/A,False,0.0K,False,$100.20 / SMA $101.32,False,0.00%,,N/A,True,93.8M,False,PNK,False,
ACLS,"Axcelis Technologies, Inc.",131.7,2026-07-20T22:58:56.564981+00:00,True,+100.6%,True,$4047.7M,False,+-65.9%,True,671.6K,False,$131.70 / SMA $158.68,True,6.91%,False,+3.3%,True,30.5M,True,NMS,False,
ACM,AECOM,67.94,2026-07-20T22:57:07.853646+00:00,False,+2.5%,True,$8731.8M,True,+28.7%,True,2007.3K,False,$67.94 / SMA $70.37,False,2.80%,False,+0.8%,True,127.8M,True,NYQ,False,
ACNDF,CapitaLand India Trust,0.77,2026-07-20T22:50:59.387502+00:00,False,+5.5%,True,$1144.9M,,,False,7.6K,False,$0.77 / SMA $0.80,True,4.22%,,,False,624.9M,False,PNK,False,
ACNFF,Acomo N.V.,26.75,2026-07-20T23:02:42.123546+00:00,False,+6.7%,True,$792.5M,,N/A,False,0.2K,False,$26.75 / SMA $27.65,False,0.45%,,N/A,True,17.1M,False,PNK,False,
ACOPF,The a2 Milk Company Limited,4.7,2026-07-20T22:59:09.757897+00:00,False,+28.8%,True,$3409.5M,,N/A,False,0.5K,True,$4.70 / SMA $4.30,False,0.53%,,N/A,False,723.0M,False,PNK,False,
ACPIF,Acen Corporation,0.02,2026-07-20T23:00:51.078222+00:00,False,+2.0%,True,$799.0M,False,+-85.0%,False,1.2K,True,$0.02 / SMA $-0.00,False,0.00%,True,+42.7%,False,9234.0M,False,PNK,False,
ACRFF,Accor SA,53.0,2026-07-20T22:47:00.774710+00:00,False,+17.6%,True,$12514.9M,,,False,0.4K,False,$53.00 / SMA $53.60,False,0.20%,,,False,155.7M,False,PNK,False,
ACRXF,"Acerinox, S.A.",18.135,2026-07-20T22:47:27.807748+00:00,True,+89.5%,True,$4521.6M,False,+-50.0%,False,0.1K,True,$18.14 / SMA $17.42,False,0.00%,False,+-10.8%,False,178.0M,False,PNK,False,
ACSAY,"ACS, Actividades de Construcción y Servicios, S.A.",26.72,2026-07-20T22:56:41.554848+00:00,True,+98.4%,True,$35489.7M,False,+18.7%,False,40.3K,False,$26.72 / SMA $29.09,False,2.99%,False,+4.7%,False,688.1M,False,PNK,False,
ADAML,"Adamas Trust, Inc.",24.37,2026-07-20T23:02:45.193478+00:00,False,+14.4%,,N/A,,N/A,False,10.3K,True,$24.37 / SMA $23.96,False,0.41%,True,+59.3%,True,83.8M,True,NMS,False,
ADAMN,"Adamas Trust, Inc.",23.91,2026-07-20T22:51:09.794425+00:00,False,+13.8%,,,,,False,10.8K,True,$23.91 / SMA $23.34,False,1.24%,True,+59.3%,True,83.8M,True,NMS,False,
ADBE,Adobe Inc.,234.74,2026-07-20T22:46:31.282485+00:00,False,+23.5%,True,$93309.1M,False,+7.9%,True,6432.7K,True,$234.74 / SMA $230.26,True,3.57%,False,+12.7%,False,396.2M,True,NMS,False,
ADBRF,Aldebaran Resources Inc.,1.85,2026-07-20T23:04:40.328165+00:00,False,+31.2%,True,$342.9M,False,+-100.0%,False,52.6K,False,$1.85 / SMA $2.00,True,5.77%,,N/A,True,48.9M,False,OQX,False,
ADC,Agree Realty Corporation,80.57,2026-07-20T22:57:08.440869+00:00,False,+15.8%,True,$9704.7M,False,+19.0%,True,1149.0K,True,$80.57 / SMA $75.52,False,1.53%,False,+18.7%,True,117.6M,True,NYQ,False,
ADDDF,adidas AG,206.34,2026-07-20T22:56:44.201563+00:00,False,+41.7%,True,$36594.2M,False,+13.3%,False,1.1K,True,$206.34 / SMA $192.13,False,1.83%,False,+7.1%,False,169.0M,False,OQX,False,
ADDHY,Addtech AB (publ.),18.24,2026-07-20T22:57:06.327792+00:00,False,+20.2%,True,$9852.5M,True,+36.4%,False,7.1K,True,$18.24 / SMA $17.58,False,1.56%,False,+6.9%,False,505.0M,False,PNK,False,
ADEA,Adeia Inc.,26.21,2026-07-20T22:59:08.941960+00:00,True,+125.8%,True,$2890.8M,True,+100.0%,True,2111.1K,False,$26.21 / SMA $29.60,True,5.99%,False,+19.5%,True,107.7M,True,NMS,False,
ADM,Archer-Daniels-Midland Company,85.67,2026-07-20T22:56:42.046528+00:00,False,+61.8%,True,$41289.2M,False,+1.4%,True,3696.9K,True,$85.67 / SMA $79.46,False,2.37%,False,+1.6%,False,477.9M,True,NYQ,False,
ADNT,Adient plc,19.65,2026-07-20T23:00:54.761844+00:00,False,+11.1%,True,$1540.8M,True,+108.5%,True,1012.4K,False,$19.65 / SMA $21.02,True,4.21%,False,+7.0%,True,77.2M,True,NYQ,False,
ADRZY,Andritz AG,17.25,2026-07-20T22:57:08.868331+00:00,False,+26.9%,True,$8452.4M,,N/A,False,1.6K,False,$17.25 / SMA $17.72,False,0.00%,False,+-21.7%,False,337.7M,False,PNK,False,
ADSGF,adesso SE,60.0,2026-07-20T23:04:33.181808+00:00,False,+0.0%,True,$384.4M,True,+138.2%,False,0.0K,False,$60.00 / SMA $75.64,False,0.00%,False,+13.3%,True,1.3M,False,PNK,False,
ADTN,"ADTRAN Holdings, Inc.",11.6,2026-07-20T23:01:00.809019+00:00,False,+63.2%,True,$939.6M,True,+92.3%,True,2475.0K,False,$11.60 / SMA $14.70,True,5.68%,False,+15.5%,True,79.0M,True,NMS,False,
ADTTF,Advantest Corporation,174.3,2026-07-20T22:46:30.258120+00:00,True,+156.6%,True,$126187.4M,,,False,1.5K,False,$174.30 / SMA $176.23,False,0.30%,,,False,724.4M,False,PNK,False,
AEBZY,Anadolu Efes Biracilik ve Malt Sanayii Anonim Sirketi,0.3434,2026-07-20T22:59:13.479390+00:00,False,+32.1%,True,$2033.3M,,N/A,False,72.9K,False,$0.34 / SMA $0.39,False,2.06%,False,+20.5%,False,1951.1M,False,PNK,False,
AEE,Ameren Corporation,110.42,2026-07-20T22:56:44.685001+00:00,False,+14.3%,True,$30558.9M,False,+19.6%,True,1817.1K,True,$110.42 / SMA $110.09,False,1.90%,False,+3.8%,False,275.4M,True,NYQ,False,
AEGOF,Aegon Ltd.,7.05,2026-07-20T22:57:00.997478+00:00,False,+3.7%,True,$10424.2M,,N/A,False,0.0K,False,$7.05 / SMA $8.36,False,0.00%,,N/A,False,1229.0M,False,PNK,False,
AEHR,"Aehr Test Systems, Inc.",77.36,2026-07-20T22:59:08.731569+00:00,True,+414.4%,True,$2512.7M,True,+140.0%,True,2616.3K,False,$77.36 / SMA $93.82,True,11.49%,,N/A,True,31.0M,True,NCM,False,
AEIS,"Advanced Energy Industries, Inc.",280.67,2026-07-20T22:57:01.308483+00:00,True,+118.6%,True,$11229.8M,True,+143.1%,True,953.5K,False,$280.67 / SMA $327.48,True,5.70%,True,+26.3%,True,37.6M,True,NMS,False,
AEM,Agnico Eagle Mines Limited,136.34,2026-07-20T22:56:33.446645+00:00,False,+13.8%,True,$68174.9M,True,+108.6%,True,2615.8K,False,$136.34 / SMA $165.71,True,3.46%,True,+66.1%,False,499.4M,True,NYQ,False,
AEOXF,Aeroports de Paris SA,125.323,2026-07-20T22:46:59.802132+00:00,False,+11.3%,True,$12400.0M,,,False,0.0K,False,$125.32 / SMA $127.00,False,0.21%,,,True,31.5M,False,PNK,False,
AEVA,"Aeva Technologies, Inc.",15.9,2026-07-20T23:00:56.098418+00:00,True,+80.1%,True,$1073.8M,False,+12.5%,True,2305.5K,False,$15.90 / SMA $22.36,True,12.53%,True,+85.9%,True,36.5M,True,NMS,False,
AFB,"AllianceBernstein National Municipal Income Fund, Inc.",11.21,2026-07-20T22:54:42.932008+00:00,False,+11.4%,True,$322.2M,,,False,103.4K,True,$11.21 / SMA $11.16,False,0.68%,,,,,True,NYQ,False,
AFRAF,Air France-KLM SA,12.34,2026-07-20T22:47:33.439225+00:00,False,+16.6%,True,$3238.5M,False,+-379.5%,False,0.1K,False,$12.34 / SMA $13.19,False,0.00%,False,+-5.1%,True,114.4M,False,PNK,False,
AFRM,"Affirm Holdings, Inc.",75.32,2026-07-20T22:46:49.812823+00:00,True,+78.9%,True,$25224.6M,True,+2900.0%,True,4752.8K,True,$75.32 / SMA $72.85,True,4.70%,True,+32.6%,False,281.3M,True,NMS,False,
AG,First Majestic Silver Corp.,15.85,2026-07-20T22:57:06.780183+00:00,True,+104.8%,True,$7826.2M,True,+2500.0%,True,12149.9K,False,$15.85 / SMA $18.56,True,5.16%,True,+95.5%,False,488.4M,True,NYQ,False,
AGCC,Agencia Comercial Spirits Ltd,15.39,2026-07-20T22:51:14.190410+00:00,True,+320.5%,True,$350.7M,,,False,43.7K,False,$15.39 / SMA $16.06,True,6.56%,,,True,8.3M,True,NCM,False,
AGD,Abrdn Global Dynamic Dividend Fund,12.15,2026-07-20T23:04:43.652942+00:00,False,+16.7%,True,$317.3M,,N/A,False,120.5K,False,$12.15 / SMA $12.18,False,1.33%,,N/A,,N/A,True,NYQ,False,
AGIO,"Agios Pharmaceuticals, Inc.",40.06,2026-07-20T23:00:55.130553+00:00,True,+80.1%,True,$2382.4M,False,+-9.0%,True,1077.0K,True,$40.06 / SMA $32.92,True,4.16%,True,+137.7%,True,50.1M,True,NMS,False,
AGLXY,AGL Energy Limited,6.11,2026-07-20T22:47:24.948307+00:00,False,+17.3%,True,$4110.5M,,,False,0.8K,False,$6.11 / SMA $6.22,False,0.28%,,,False,598.0M,False,PNK,False,
AGM,Federal Agricultural Mortgage Corporation,206.04,2026-07-20T23:00:52.101940+00:00,False,+50.9%,True,$2235.3M,False,+18.5%,False,128.6K,True,$206.04 / SMA $185.74,False,2.63%,False,+15.7%,True,10.2M,True,NYQ,False,
AGMB,AgomAb Therapeutics NV,11.98,2026-07-20T22:52:50.056563+00:00,False,+36.9%,True,$590.0M,,,False,95.8K,True,$11.98 / SMA $11.73,True,12.77%,,,True,16.4M,True,NMS,False,
AGMJF,Algoma Central Corporation,16.96,2026-07-20T23:02:50.239583+00:00,False,+45.7%,True,$688.0M,,N/A,False,0.1K,True,$16.96 / SMA $16.07,False,0.03%,False,+-38.7%,True,18.4M,False,PNK,False,
AGNCN,AGNC Investment Corp.,25.62,2026-07-20T22:57:02.603238+00:00,False,+3.9%,,N/A,,N/A,False,26.1K,True,$25.62 / SMA $25.28,False,0.61%,False,+-246.2%,False,1140.4M,True,NMS,False,
AGNCP,AGNC Investment Corp.,25.0086,2026-07-20T22:47:01.682586+00:00,False,+5.9%,,,,,False,61.3K,True,$25.01 / SMA $24.66,False,0.50%,False,+-246.2%,False,1140.4M,True,NMS,False,
AGNT,"AGNT, Inc",4.46,2026-07-20T23:02:44.193929+00:00,False,+4.2%,True,$732.9M,True,+57.1%,True,1306.0K,False,$4.46 / SMA $4.94,True,6.08%,False,+5.3%,True,97.2M,True,NGM,False,
AGRO,Adecoagro S.A.,10.61,2026-07-20T23:00:52.551215+00:00,False,+54.0%,True,$1531.1M,True,+55.6%,True,968.3K,False,$10.61 / SMA $11.26,True,4.32%,False,+22.5%,True,32.8M,True,NYQ,False,
AHCO,AdaptHealth Corp.,10.98,2026-07-20T23:00:58.665517+00:00,False,+29.1%,True,$1493.9M,False,+-140.0%,True,1449.2K,True,$10.98 / SMA $10.31,True,3.56%,False,+5.8%,True,85.6M,True,NCM,False,
AHG,Akso Health Group,1.58,2026-07-20T22:50:58.395220+00:00,False,+43.6%,True,$1353.6M,,,False,63.2K,True,$1.58 / SMA $1.54,True,11.27%,,,False,854.0M,True,NCM,False,
AHR,"American Healthcare REIT, Inc.",56.66,2026-07-20T22:47:05.702702+00:00,False,+54.3%,True,$10919.6M,True,+425.0%,True,3232.2K,True,$56.66 / SMA $50.35,False,2.87%,False,+20.4%,False,191.3M,True,NYQ,False,
AI,"C3.ai, Inc.",8.61,2026-07-20T22:50:58.305837+00:00,False,+12.2%,True,$1338.4M,False,+-31.7%,True,6127.8K,False,$8.61 / SMA $9.66,True,5.72%,False,+-52.5%,True,139.1M,True,NYQ,False,
AIG,"American International Group, Inc.",79.8,2026-07-20T22:56:40.862810+00:00,False,+12.0%,True,$42310.5M,False,+21.6%,True,4478.2K,True,$79.80 / SMA $76.22,False,2.24%,False,+-2.3%,False,528.4M,True,NYQ,False,
AINSF,Ainsworth Game Technology Limited,0.96,2026-07-20T22:53:07.792207+00:00,True,+74.5%,True,$323.3M,,,False,23.2K,False,$0.96 / SMA $0.96,False,0.81%,,,True,29.8M,False,PNK,False,
AIO,Virtus Artificial Intelligence & Technology Opportunities Fund,25.51,2026-07-20T22:51:07.166433+00:00,False,+22.0%,True,$878.5M,,,False,85.3K,False,$25.51 / SMA $26.47,False,2.40%,,,,,True,NYQ,False,
AIOT,"PowerFleet, Inc.",4.32,2026-07-20T22:52:55.869382+00:00,False,+55.4%,True,$579.7M,True,+77.8%,True,1634.1K,True,$4.32 / SMA $3.85,True,5.03%,False,+10.5%,True,124.1M,True,NGM,False,
AIRS,"AirSculpt Technologies, Inc.",4.78,2026-07-20T22:53:02.077577+00:00,True,+216.6%,True,$337.2M,True,+40.0%,True,932.9K,True,$4.78 / SMA $4.76,True,6.42%,False,+0.0%,True,15.0M,True,NGM,False,
AIV,Apartment Investment and Management Company,2.67,2026-07-20T23:02:52.013930+00:00,False,+0.0%,True,$397.2M,True,+2700.0%,True,1408.1K,False,$2.67 / SMA $2.91,False,2.07%,False,+-36.1%,True,105.2M,True,NYQ,False,
AJNMY,"Ajinomoto Co., Inc.",32.28,2026-07-20T22:46:43.338620+00:00,False,+56.9%,True,$30813.3M,,,False,65.6K,False,$32.28 / SMA $33.82,False,2.01%,,,False,952.0M,False,PNK,False,
AKAAF,Aker ASA,115.7,2026-07-20T22:47:03.729252+00:00,True,+72.7%,True,$8595.3M,,,False,0.1K,False,$115.70 / SMA $127.41,False,0.00%,,,True,21.8M,False,PNK,False,
AKBLF,ALK-Abelló A/S,37.915,2026-07-20T22:57:09.552230+00:00,False,+31.0%,True,$8401.4M,False,+25.0%,False,0.1K,False,$37.91 / SMA $39.02,False,0.00%,False,+16.4%,True,131.8M,False,PNK,False,
AKRBY,Aker BP ASA,16.65,2026-07-20T22:56:48.619052+00:00,False,+46.2%,True,$21036.9M,True,+64.0%,False,1.2K,False,$16.65 / SMA $17.52,True,3.65%,False,+14.2%,False,526.8M,False,OQX,False,
AKRTF,Aker Solutions ASA,4.25,2026-07-20T23:00:48.044123+00:00,False,+60.4%,True,$2065.7M,,N/A,False,0.7K,False,$4.25 / SMA $4.69,False,0.34%,,N/A,False,231.2M,False,PNK,False,
ALCO,"Alico, Inc.",40.24,2026-07-20T23:04:46.359849+00:00,False,+28.5%,False,$298.4M,True,+110.2%,False,20.6K,False,$40.24 / SMA $40.88,False,2.01%,False,+-70.3%,True,5.6M,True,NMS,False,
ALDF,Aldel Financial II Inc.,10.7001,2026-07-20T22:54:42.916715+00:00,False,+3.9%,True,$319.6M,False,+-15.3%,False,20.1K,True,$10.70 / SMA $10.67,False,0.05%,,,True,17.5M,True,NGM,False,
ALGM,"Allegro MicroSystems, Inc.",46.36,2026-07-20T22:47:08.734742+00:00,True,+106.9%,True,$8637.3M,False,+-12.5%,True,2980.2K,False,$46.36 / SMA $51.23,True,8.17%,True,+26.1%,True,124.9M,True,NMS,False,
ALGN,"Align Technology, Inc.",175.05,2026-07-20T22:47:01.781991+00:00,False,+43.5%,True,$12536.8M,False,+23.6%,True,1050.3K,True,$175.05 / SMA $171.94,True,4.24%,False,+6.2%,True,67.0M,True,NMS,False,
ALH,Alliance Laundry Holdings Inc.,24.54,2026-07-20T22:58:55.184117+00:00,False,+31.7%,True,$4873.9M,True,+228.4%,True,671.3K,False,$24.54 / SMA $25.47,True,3.07%,False,+9.6%,True,46.4M,True,NYQ,False,
ALK,"Alaska Air Group, Inc.",46.04,2026-07-20T22:47:23.402490+00:00,False,+39.4%,True,$5130.2M,False,+-25.2%,True,3455.2K,True,$46.04 / SMA $45.52,True,4.55%,False,+5.2%,True,110.7M,True,NYQ,False,
ALLE,Allegion plc,138.13,2026-07-20T22:47:02.636644+00:00,False,+10.5%,True,$11870.3M,False,+-7.0%,True,1146.0K,True,$138.13 / SMA $133.14,False,2.81%,False,+9.7%,True,85.5M,True,NYQ,False,
ALLO,"Allogene Therapeutics, Inc.",1.77,2026-07-20T22:51:12.778299+00:00,True,+80.6%,True,$610.9M,True,+35.7%,True,8287.1K,False,$1.77 / SMA $2.03,True,6.52%,,,False,270.6M,True,NMS,False,
ALLY,Ally Financial Inc.,45.52,2026-07-20T22:57:00.151475+00:00,False,+26.7%,True,$13952.9M,True,+213.4%,True,3168.7K,True,$45.52 / SMA $44.11,False,2.32%,True,+34.1%,False,275.2M,True,NYQ,False,
ALM,Almonty Industries Inc.,13.93,2026-07-20T22:47:20.451498+00:00,True,+340.8%,True,$3952.5M,True,+84.6%,True,5366.8K,False,$13.93 / SMA $17.49,True,7.95%,True,+221.2%,False,230.9M,True,NCM,False,
ALMR,"Alamar Biosciences, Inc.",23.92,2026-07-20T22:50:57.167161+00:00,False,+26.9%,True,$1657.9M,,,False,310.8K,True,$23.92 / SMA $23.05,True,8.42%,,,True,36.1M,True,NMS,False,
ALMS,Alumis Inc.,27.98,2026-07-20T22:47:36.311674+00:00,True,+762.2%,True,$3567.2M,True,+59.3%,True,1358.1K,True,$27.98 / SMA $24.10,True,6.89%,False,+-90.0%,True,85.8M,True,NMS,False,
ALPMF,Astellas Pharma Inc.,13.15,2026-07-20T22:56:46.286852+00:00,False,+40.8%,True,$23558.1M,,N/A,False,4.0K,False,$13.15 / SMA $14.13,True,5.69%,,N/A,False,1791.2M,False,PNK,False,
ALPMY,Astellas Pharma Inc.,13.3,2026-07-20T22:46:46.561180+00:00,False,+40.3%,True,$23826.8M,,,False,198.9K,False,$13.30 / SMA $13.67,False,1.53%,,,False,1791.2M,False,PNK,False,
ALRM,"Alarm.com Holdings, Inc.",52.95,2026-07-20T23:00:49.024968+00:00,False,+27.6%,True,$2618.9M,False,+-9.6%,True,539.3K,True,$52.95 / SMA $46.52,True,3.21%,False,+11.0%,True,46.9M,True,NMS,False,
ALT,"Altimmune, Inc.",2.81,2026-07-20T22:52:49.766702+00:00,False,+9.8%,True,$546.5M,True,+30.8%,True,4454.9K,False,$2.81 / SMA $2.90,True,5.70%,False,+-100.0%,False,164.2M,True,NGM,False,
ALTI,"AlTi Global, Inc.",3.56,2026-07-20T22:52:53.748120+00:00,False,+29.5%,True,$539.8M,True,+111.1%,False,216.5K,True,$3.56 / SMA $3.36,True,7.25%,True,+28.1%,True,48.1M,True,NCM,False,
ALTO,"Alto Ingredients, Inc.",5.51,2026-07-20T22:53:03.234931+00:00,True,+498.9%,True,$426.9M,True,+131.2%,True,2418.8K,True,$5.51 / SMA $5.26,True,7.54%,False,+-0.8%,True,69.3M,True,NCM,False,
ALV,"Autoliv, Inc.",117.23,2026-07-20T22:57:08.370793+00:00,False,+18.2%,True,$8581.2M,False,+-12.1%,True,755.8K,False,$117.23 / SMA $121.65,False,2.17%,False,+6.8%,True,72.9M,True,NYQ,False,
AMCR,Amcor plc,43.23,2026-07-20T22:46:53.344758+00:00,False,+19.3%,True,$19987.2M,False,+-11.8%,True,3827.2K,True,$43.23 / SMA $40.43,False,2.67%,True,+77.4%,False,460.0M,True,NYQ,False,
AMDLY,"Amada Co., Ltd.",74.66,2026-07-20T22:57:21.285269+00:00,True,+74.0%,True,$5792.2M,,N/A,False,0.0K,True,$74.66 / SMA $72.46,False,0.00%,,N/A,True,77.6M,False,PNK,False,
AMFN,American Fusion Inc.,0.1276,2026-07-20T23:04:37.460353+00:00,True,+127500.0%,True,$377.0M,,N/A,True,8877.6K,True,$0.13 / SMA $0.11,True,19.42%,,N/A,,N/A,False,OID,False,
AMFPY,Amplifon S.p.A.,46.67,2026-07-20T22:59:11.403753+00:00,False,+0.2%,True,$3094.8M,False,+-73.8%,False,0.0K,False,$46.67 / SMA $49.55,False,0.00%,False,+-12.1%,True,21.1M,False,PNK,False,
AMGDF,Aston Martin Lagonda Global Holdings plc,0.5169,2026-07-20T22:51:14.482963+00:00,False,+29.2%,True,$523.5M,True,+27.2%,False,30.8K,False,$0.52 / SMA $0.58,True,5.06%,False,+15.6%,False,347.6M,False,PNK,False,
AMIGF,Admiral Group plc,43.53,2026-07-20T22:46:58.785177+00:00,False,+15.3%,True,$13011.2M,,,False,0.1K,False,$43.53 / SMA $45.46,False,0.00%,,,False,265.3M,False,PNK,False,
AMIGY,Admiral Group plc,48.54,2026-07-20T22:56:58.312287+00:00,False,+34.6%,True,$14508.7M,,N/A,False,27.1K,True,$48.54 / SMA $46.47,False,2.26%,,N/A,False,265.3M,False,PNK,False,
AMIVF,Atrium Mortgage Investment Corporation,8.438,2026-07-20T23:04:35.115464+00:00,False,+13.0%,True,$406.6M,False,+0.0%,False,3.6K,True,$8.44 / SMA $8.41,False,0.00%,False,+-8.5%,True,45.8M,False,PNK,False,
AMKR,"Amkor Technology, Inc.",62.56,2026-07-20T22:46:54.678932+00:00,True,+199.8%,True,$15506.9M,True,+266.7%,True,5551.8K,False,$62.56 / SMA $73.86,True,7.21%,True,+27.5%,True,135.5M,True,NMS,False,
AMLX,"Amylyx Pharmaceuticals, Inc.",17.45,2026-07-20T23:00:57.157201+00:00,True,+133.3%,True,$1940.2M,False,+11.9%,True,1361.7K,True,$17.45 / SMA $15.51,True,6.24%,,N/A,True,83.6M,True,NMS,False,
AMNF,"Armanino Foods of Distinction, Inc.",10.29,2026-07-20T22:53:07.249215+00:00,False,+28.9%,True,$319.8M,False,+22.2%,False,65.8K,True,$10.29 / SMA $10.26,False,1.26%,False,+8.3%,,,False,OQX,False,
AMP,"Ameriprise Financial, Inc.",526.22,2026-07-20T22:46:39.812369+00:00,False,+24.6%,True,$47305.6M,True,+66.0%,True,690.3K,True,$526.22 / SMA $471.30,False,2.86%,False,+10.5%,True,89.5M,True,NYQ,False,
AMR,"Alpha Metallurgical Resources, Inc.",143.76,2026-07-20T22:47:41.502792+00:00,False,+27.2%,True,$1827.9M,True,+66.9%,False,254.6K,False,$143.76 / SMA $178.25,True,4.47%,False,+-1.3%,True,10.2M,True,NYQ,False,
AMRQF,Amaroq Ltd.,1.155,2026-07-20T23:02:52.647607+00:00,False,+45.3%,True,$538.3M,,N/A,False,48.2K,False,$1.16 / SMA $1.21,True,7.10%,,N/A,False,387.9M,False,OQX,False,
AMRX,"Amneal Pharmaceuticals, Inc.",17.5,2026-07-20T22:59:02.308623+00:00,True,+128.3%,True,$5588.3M,True,+375.0%,True,1949.6K,True,$17.50 / SMA $15.02,True,3.52%,False,+3.9%,False,178.4M,True,NMS,False,
AMRZ,AMRZ,48.79,2026-07-20T22:46:45.515781+00:00,False,+10.6%,True,$27007.1M,False,+-33.4%,True,3029.3K,False,$48.79 / SMA $52.21,False,2.97%,False,+4.7%,False,493.2M,True,NYQ,False,
AMSYF,ArcelorMittal S.A.,66.45,2026-07-20T22:56:39.201663+00:00,True,+114.4%,True,$50106.1M,False,+-27.9%,False,8.2K,True,$66.45 / SMA $63.13,False,0.04%,False,+4.5%,False,420.2M,False,PNK,False,
AMT,American Tower Corporation,167.06,2026-07-20T22:56:33.845144+00:00,False,+4.4%,True,$77832.1M,True,+76.9%,True,3196.7K,False,$167.06 / SMA $176.74,False,2.68%,False,+6.8%,False,464.4M,True,NYQ,False,
AMVOY,AMVOY,7.76,2026-07-20T22:47:25.633935+00:00,False,+9.0%,True,$3882.0M,True,+27.6%,False,6.4K,False,$7.76 / SMA $8.58,True,3.08%,False,+-8.3%,False,270.0M,False,PNK,False,
AMWD,American Woodmark Corporation,48.09,2026-07-20T23:02:54.147077+00:00,False,+44.5%,True,$700.7M,False,+-280.8%,False,270.6K,False,$48.09 / SMA_short $48.09,,N/A,False,+-18.4%,True,14.3M,True,NGM,False,
AMXEF,Amex Gold Mining Inc.,2.62,2026-07-20T22:52:55.090879+00:00,True,+118.3%,True,$407.6M,True,+150.0%,False,28.2K,False,$2.62 / SMA $3.21,True,4.43%,,,True,106.8M,False,OQX,False,
AMXOF,"América Móvil, S.A.B. de C.V.",1.34,2026-07-20T22:46:32.879703+00:00,False,+58.1%,True,$80448.9M,True,+25.8%,False,2.5K,True,$1.34 / SMA $1.10,False,0.00%,False,+2.1%,False,17110.4M,False,PNK,False,
ANCTF,Alimentation Couche-Tard Inc.,64.87,2026-07-20T22:46:36.920036+00:00,False,+37.3%,True,$59573.1M,,,False,175.5K,True,$64.87 / SMA $60.23,False,1.96%,False,+19.8%,False,744.0M,False,PNK,False,
ANET,"Arista Networks, Inc.",169.35,2026-07-20T22:56:28.987788+00:00,False,+58.3%,True,$213240.3M,True,+25.0%,True,9910.0K,True,$169.35 / SMA $161.11,True,5.82%,True,+35.1%,False,1044.9M,True,NYQ,False,
ANGPY,Valterra Platinum Limited,10.77,2026-07-20T22:56:51.886986+00:00,False,+46.3%,True,$17064.2M,,N/A,False,169.6K,False,$10.77 / SMA $12.51,False,2.76%,,N/A,False,1571.8M,False,PNK,False,
ANL,Adlai Nortye Ltd.,11.98,2026-07-20T23:02:58.751307+00:00,True,+1262.9%,True,$771.5M,,N/A,False,235.9K,True,$11.98 / SMA $11.17,True,13.97%,,N/A,True,18.4M,True,NGM,False,
ANSLY,Ansell Limited,81.94,2026-07-20T22:59:11.860671+00:00,False,+10.2%,True,$2883.4M,,N/A,False,0.0K,True,$81.94 / SMA $79.40,False,0.00%,,N/A,True,35.5M,False,PNK,False,
ANZFF,Air New Zealand Limited,0.24,2026-07-20T22:51:10.452536+00:00,False,+7.3%,True,$776.1M,,,False,1.3K,False,$0.24 / SMA $0.25,False,0.00%,,,False,1590.3M,False,PNK,False,
ANZGY,ANZ Group Holdings Limited,25.21,2026-07-20T22:46:33.557785+00:00,False,+29.9%,True,$75908.1M,,,False,125.9K,True,$25.21 / SMA $24.83,False,1.22%,,,False,3009.8M,False,PNK,False,
AONC,"American Oncology Network, Inc.",11.5,2026-07-20T23:02:55.918982+00:00,True,+1149900.0%,True,$336.4M,,N/A,False,0.0K,True,$11.50 / SMA $10.36,False,0.00%,,N/A,True,10.3M,False,PNK,False,
AONNF,"Aeon Co., Ltd.",9.749,2026-07-20T22:46:45.727380+00:00,False,+5.9%,True,$26971.8M,,,False,0.4K,False,$9.75 / SMA $9.92,False,0.00%,,,False,2559.3M,False,PNK,False,
AORT,"Artivion, Inc.",25.37,2026-07-20T22:51:02.641108+00:00,False,+32.4%,True,$1231.5M,True,+400.0%,True,778.9K,True,$25.37 / SMA $22.82,True,4.95%,False,+17.5%,True,46.0M,True,NYQ,False,
AOSL,Alpha and Omega Semiconductor Limited,31.41,2026-07-20T23:01:01.064565+00:00,True,+84.7%,True,$940.1M,False,+-24.3%,True,1028.4K,False,$31.41 / SMA $41.70,True,8.61%,False,+-0.5%,True,24.6M,True,NMS,False,
APAM,Artisan Partners Asset Management Inc.,38.47,2026-07-20T22:47:33.689343+00:00,False,+13.3%,True,$2731.1M,False,+-7.3%,True,813.3K,True,$38.47 / SMA $36.49,False,2.80%,False,+9.3%,True,68.9M,True,NYQ,False,
APELY,"Alps Alpine Co., Ltd.",25.7,2026-07-20T22:47:37.639307+00:00,False,+27.1%,True,$2507.2M,,,False,0.6K,False,$25.70 / SMA $26.52,False,0.97%,,,True,88.5M,False,PNK,False,
APG,APi Group Corporation,39.38,2026-07-20T22:46:52.704057+00:00,False,+17.9%,True,$17060.5M,True,+63.6%,True,2876.7K,False,$39.38 / SMA $42.01,False,2.90%,False,+15.3%,False,355.0M,True,NYQ,False,
APGE,"Apogee Therapeutics, Inc.",134.15,2026-07-20T22:47:16.424992+00:00,True,+290.7%,True,$10085.9M,False,+-14.0%,True,2592.2K,True,$134.15 / SMA $103.38,False,0.49%,,,True,59.2M,True,NGM,False,
APH,Amphenol Corporation,150.51,2026-07-20T22:56:29.883497+00:00,False,+58.1%,True,$185162.6M,False,+24.1%,True,9789.9K,True,$150.51 / SMA $148.70,True,3.86%,True,+58.4%,False,1222.4M,True,NYQ,False,
APLE,"Apple Hospitality REIT, Inc.",16.9,2026-07-20T22:47:31.175242+00:00,False,+55.8%,True,$3989.5M,False,+-7.7%,True,3145.3K,True,$16.90 / SMA $15.57,False,1.98%,False,+3.1%,False,219.0M,True,NYQ,False,
APPN,Appian Corporation,26.03,2026-07-20T23:00:56.474144+00:00,False,+39.7%,True,$1910.9M,False,+0.0%,True,967.6K,True,$26.03 / SMA $23.04,True,5.07%,False,+21.5%,True,35.7M,True,NGM,False,
APPS,"Digital Turbine, Inc.",8.34,2026-07-20T22:52:50.613263+00:00,True,+204.4%,True,$1006.3M,True,+66.7%,True,5790.8K,False,$8.34 / SMA $8.40,True,9.54%,False,+19.6%,True,115.0M,True,NCM,False,
APTV,Aptiv PLC,57.31,2026-07-20T22:57:01.840254+00:00,False,+10.9%,True,$12128.0M,True,+1860.0%,True,3437.7K,False,$57.31 / SMA $61.42,True,3.49%,False,+5.4%,False,209.4M,True,NYQ,False,
APXT,Apex Treasury Corporation,10.1,2026-07-20T22:52:55.330536+00:00,False,+2.3%,True,$464.2M,,,False,129.1K,True,$10.10 / SMA $10.04,False,0.19%,,,True,31.8M,True,NGM,False,
APXTU,Apex Treasury Corporation,10.3,2026-07-20T23:02:59.161630+00:00,False,+2.9%,,N/A,,N/A,False,5.3K,True,$10.30 / SMA $10.21,False,0.03%,,N/A,True,31.8M,True,NGM,False,
APYRF,Allied Properties Real Estate Investment Trust,7.24,2026-07-20T23:02:40.079858+00:00,False,+12.1%,True,$1502.8M,False,+2.7%,False,31.6K,True,$7.24 / SMA $7.12,False,0.22%,False,+-4.5%,False,183.3M,False,PNK,False,
AQN,Algonquin Power & Utilities Corp.,5.81,2026-07-20T22:47:23.445885+00:00,False,+9.2%,True,$4471.8M,False,+-8.3%,True,4373.2K,False,$5.81 / SMA $5.82,False,2.29%,False,+14.4%,False,630.5M,True,NYQ,False,
AQST,"Aquestive Therapeutics, Inc.",3.945,2026-07-20T22:52:52.374905+00:00,False,+34.6%,True,$495.0M,True,+70.8%,True,1848.6K,False,$3.94 / SMA $4.21,True,5.46%,True,+65.7%,True,114.6M,True,NGM,False,
AR,Antero Resources Corporation,33.23,2026-07-20T22:57:03.116812+00:00,False,+14.2%,True,$10295.8M,True,+160.6%,True,4716.6K,False,$33.23 / SMA $35.36,False,2.90%,True,+33.8%,False,298.4M,True,NYQ,False,
ARAFF,Arafura Rare Earths Limited,0.145,2026-07-20T23:01:03.562521+00:00,False,+45.0%,True,$880.2M,,N/A,False,441.1K,False,$0.14 / SMA $0.19,True,11.30%,,N/A,False,3730.6M,False,PNK,False,
ARCB,ArcBest Corporation,158.2,2026-07-20T22:47:36.754307+00:00,True,+166.2%,True,$3522.1M,False,+-138.5%,False,395.8K,True,$158.20 / SMA $142.43,True,3.86%,False,+3.3%,True,21.9M,True,NMS,False,
ARCO,Arcos Dorados Holdings Inc.,8.17,2026-07-20T23:00:52.481281+00:00,False,+25.5%,True,$1721.1M,True,+142.9%,True,1361.6K,False,$8.17 / SMA $8.41,False,2.85%,False,+12.9%,True,120.2M,True,NYQ,False,
ARCVF,Arcadis NV,39.5,2026-07-20T22:59:05.732205+00:00,False,+28.4%,True,$3359.4M,,N/A,False,0.2K,False,$39.50 / SMA $40.40,False,0.05%,,N/A,True,86.1M,False,PNK,False,
ARDT,"Ardent Health, Inc.",10.44,2026-07-20T23:01:00.014880+00:00,False,+35.4%,True,$1496.6M,False,+-3.4%,True,532.7K,True,$10.44 / SMA $9.65,True,4.44%,False,+7.0%,True,54.4M,True,NYQ,False,
ARI,"Apollo Commercial Real Estate Finance, Inc.",6.83,2026-07-20T23:00:58.104421+00:00,False,+1.3%,True,$894.4M,False,+0.0%,True,3261.7K,False,$6.83 / SMA $6.93,False,2.18%,False,+-13.8%,True,123.6M,True,NYQ,False,
ARLUF,Aristocrat Leisure Limited,43.1,2026-07-20T22:56:50.896293+00:00,False,+42.2%,True,$25937.3M,,N/A,False,1.2K,True,$43.10 / SMA $38.30,False,0.20%,,N/A,False,531.4M,False,PNK,False,
AROW,Arrow Financial Corporation,41.29,2026-07-20T22:51:15.327647+00:00,False,+59.8%,True,$682.5M,True,+115.8%,False,88.1K,True,$41.29 / SMA $38.58,False,2.82%,False,+14.2%,True,14.2M,True,NMS,False,
ARR,"ARMOUR Residential REIT, Inc.",16.4,2026-07-20T23:00:50.472679+00:00,False,+17.3%,True,$2034.4M,False,+-253.1%,True,3575.4K,False,$16.40 / SMA $16.66,False,1.90%,False,+-274.1%,True,123.7M,True,NYQ,False,
ARREF,Amerigo Resources Ltd.,5.05,2026-07-20T23:02:46.716642+00:00,True,+248.3%,True,$815.3M,,N/A,False,143.8K,True,$5.05 / SMA $4.62,True,5.66%,True,+27.1%,True,140.3M,False,OQX,False,
ARRY,"Array Technologies, Inc.",5.95,2026-07-20T22:50:58.771608+00:00,False,+10.4%,True,$915.3M,False,+-550.0%,True,5801.6K,False,$5.95 / SMA $7.76,True,6.66%,False,+-26.1%,True,139.9M,True,NGM,False,
ARSRF,Aeris Resources Limited,0.2725,2026-07-20T23:04:39.136768+00:00,True,+118.9%,True,$408.0M,,N/A,False,5.2K,False,$0.27 / SMA $0.28,False,0.00%,,N/A,False,910.8M,False,PNK,False,
ARSTY,ARSTY,15.865,2026-07-20T23:01:00.247195+00:00,False,+0.5%,True,$5830.5M,,N/A,False,0.0K,False,$15.87 / SMA_short $16.38,False,0.00%,,N/A,True,13.9M,False,PNK,False,
ARTCU,Art Technology Acquisition Corp.,10.28,2026-07-20T23:04:40.791304+00:00,False,+4.0%,,N/A,,N/A,False,1.4K,True,$10.28 / SMA $10.04,False,0.21%,,N/A,True,26.1M,True,NGM,False,
ARX,Accelerant Holdings,13.58,2026-07-20T22:47:28.915263+00:00,False,+47.9%,True,$2963.2M,False,+-166.7%,True,1702.0K,False,$13.58 / SMA $14.08,True,7.03%,True,+58.8%,True,57.5M,True,NYQ,False,
ARXCY,ARXCY,20.46,2026-07-20T22:46:59.291015+00:00,False,+62.6%,True,$11589.9M,True,+49.3%,False,0.3K,False,$20.46 / SMA $21.81,False,0.05%,False,+17.9%,False,563.6M,False,PNK,False,
ARXS,"Arxis, Inc.",41.77,2026-07-20T22:46:57.355848+00:00,False,+26.0%,True,$17139.7M,,,True,1138.3K,True,$41.77 / SMA $40.94,True,6.93%,,,True,66.8M,True,NMS,False,
ARYTF,Aryt Industries Ltd.,8.89,2026-07-20T22:51:01.495132+00:00,True,+8790.0%,True,$904.3M,,,False,0.1K,False,$8.89 / SMA $10.55,False,0.00%,,,True,54.7M,False,PNK,False,
ASA,ASA Gold and Precious Metals Limited,48.66,2026-07-20T22:51:01.742843+00:00,False,+57.2%,True,$914.2M,,,False,91.7K,False,$48.66 / SMA $58.16,True,3.90%,,,True,11.1M,True,NYQ,False,
ASAAF,AT & S Austria Technologie & Systemtechnik Aktiengesellschaft,221.53,2026-07-20T22:47:17.890732+00:00,True,+1669.4%,True,$8606.4M,,,False,0.1K,True,$221.53 / SMA $181.64,False,0.00%,False,+20.1%,True,25.0M,False,PNK,False,
ASAZY,ASSA ABLOY AB (publ),17.52,2026-07-20T22:46:39.896650+00:00,False,+7.2%,True,$38921.6M,True,+80.1%,False,484.8K,False,$17.52 / SMA $17.70,False,1.61%,False,+3.5%,False,1999.6M,False,PNK,False,
ASGLY,AGC Inc.,7.6,2026-07-20T22:47:08.290134+00:00,False,+33.1%,True,$8071.0M,,,False,8.2K,False,$7.60 / SMA $8.43,True,3.75%,,,,,False,PNK,False,
ASIC,Ategrity Specialty Insurance Company Holdings,23.82,2026-07-20T23:02:39.415386+00:00,False,+45.7%,True,$1144.1M,True,+193.9%,False,75.8K,True,$23.82 / SMA $21.57,True,4.80%,True,+55.2%,True,9.0M,True,NYQ,False,
ASMIY,ASM International NV,968.9,2026-07-20T22:56:38.551674+00:00,True,+108.9%,True,$47365.7M,False,+6.1%,False,11.0K,False,$968.90 / SMA $1062.62,True,3.43%,False,+6.6%,True,46.6M,False,OQX,False,
ASML,ASML Holding N.V.,1739.02,2026-07-20T22:56:26.971648+00:00,True,+154.4%,True,$667957.6M,True,+28.5%,True,1952.4K,True,$1739.02 / SMA $1722.37,True,3.88%,False,+21.3%,False,21331.6M,True,NMS,False,
ASMLF,ASML Holding N.V.,1731.49,2026-07-20T22:46:25.892229+00:00,True,+153.2%,True,$665065.3M,True,+28.5%,False,8.2K,True,$1731.49 / SMA $1720.47,True,3.44%,False,+21.3%,False,384.0M,False,PNK,False,
ASMOF,ASMOF,14.47,2026-07-20T22:59:04.591015+00:00,False,+54.6%,,N/A,,N/A,False,5.9K,False,$14.47 / SMA_short $14.47,,N/A,,N/A,False,166.1M,False,PNK,False,
ASMVY,ASMPT Limited,61.44,2026-07-20T22:57:05.863446+00:00,True,+167.1%,True,$8589.1M,True,+6000.0%,False,14.8K,False,$61.44 / SMA $72.34,False,2.00%,,N/A,True,105.0M,False,PNK,False,
ASO,"Academy Sports and Outdoors, Inc.",47.82,2026-07-20T22:47:31.343622+00:00,False,+15.8%,True,$2965.7M,False,+17.6%,True,1512.8K,False,$47.82 / SMA $49.85,True,3.88%,False,+6.7%,True,61.0M,True,NMS,False,
ASOMF,ASOS Plc,3.64,2026-07-20T22:52:58.484622+00:00,False,+25.1%,True,$435.5M,,,False,0.0K,True,$3.64 / SMA $3.58,False,0.00%,,,True,32.1M,False,PNK,False,
ASPI,ASP Isotopes Inc.,3.89,2026-07-20T23:02:48.429155+00:00,False,+7.8%,True,$489.8M,True,+50.0%,True,4977.6K,False,$3.89 / SMA $6.06,True,9.39%,True,+279.3%,True,109.0M,True,NCM,False,
ASRHF,ASRHF,6.25,2026-07-20T22:47:43.691468+00:00,False,+57.2%,,,,,False,7.6K,False,$6.25 / SMA_short $10.19,True,4.26%,,,True,99.6M,False,PNK,False,
ASST,"Strive, Inc.",12.34,2026-07-20T23:01:01.093133+00:00,True,+75.8%,True,$1027.1M,,N/A,True,4317.2K,False,$12.34 / SMA $14.71,True,8.04%,True,+166.6%,True,56.7M,True,NGM,False,
ASTH,"Astrana Health, Inc.",44.55,2026-07-20T23:00:52.429951+00:00,True,+146.4%,True,$2208.9M,True,+107.1%,True,589.9K,True,$44.55 / SMA $41.27,True,4.85%,True,+55.6%,True,32.6M,True,NCM,True,
ASTS,"AST SpaceMobile, Inc.",57.42,2026-07-20T22:56:40.731078+00:00,False,+59.1%,True,$22286.1M,False,+-230.0%,True,22724.8K,False,$57.42 / SMA $85.28,True,9.28%,True,+1952.2%,False,266.0M,True,NMS,False,
ASUUY,ASUSTeK Computer Inc.,115.0,2026-07-20T22:56:55.966573+00:00,False,+46.5%,True,$17154.7M,False,+-23.5%,False,0.0K,True,$115.00 / SMA $86.73,False,0.00%,True,+41.1%,True,135.8M,False,PNK,False,
ATAI,AtaiBeckley Inc.,7.19,2026-07-20T23:00:56.135106+00:00,True,+135.0%,True,$2660.0M,True,+46.7%,True,10357.9K,True,$7.19 / SMA $4.62,True,8.11%,False,+-38.6%,False,305.9M,True,NGM,False,
ATAT,Atour Lifestyle Holdings Limited,32.13,2026-07-20T22:47:23.158418+00:00,False,+4.2%,True,$4439.9M,True,+91.4%,True,1084.9K,False,$32.13 / SMA $33.67,True,3.54%,True,+47.5%,True,84.9M,True,NMS,False,
ATAZF,Atea ASA,17.79,2026-07-20T22:47:46.642000+00:00,False,+46.4%,True,$1982.5M,True,+33.3%,False,0.0K,True,$17.79 / SMA $16.79,False,0.00%,False,+21.9%,True,70.8M,False,PNK,False,
ATHOF,Athabasca Oil Corporation,7.68,2026-07-20T22:59:01.075989+00:00,True,+92.0%,True,$3717.1M,,N/A,False,280.7K,False,$7.68 / SMA $7.98,True,3.32%,False,+12.4%,False,473.5M,False,PNK,False,
ATKR,Atkore Inc.,73.4,2026-07-20T22:47:35.836150+00:00,False,+37.2%,True,$2478.5M,False,+-150.3%,False,432.9K,False,$73.40 / SMA $76.84,True,3.60%,False,+4.2%,True,30.7M,True,NYQ,False,
ATLC,Atlanticus Holdings Corporation,97.91,2026-07-20T23:01:01.041389+00:00,True,+114.1%,True,$1480.2M,True,+49.7%,False,137.7K,True,$97.91 / SMA $91.22,True,6.84%,True,+68.0%,True,5.4M,True,NMS,False,
ATLCP,Atlanticus Holdings Corporation,24.4,2026-07-20T22:50:59.347406+00:00,False,+19.3%,,,,,False,5.0K,True,$24.40 / SMA $23.98,False,0.75%,True,+68.0%,True,5.4M,True,NMS,False,
ATLCY,Atlas Copco AB (publ),17.59,2026-07-20T22:46:32.009136+00:00,False,+34.1%,True,$85814.9M,False,+7.4%,False,25.6K,True,$17.59 / SMA $17.21,False,1.30%,False,+5.3%,False,3947.5M,False,PNK,False,
ATLKY,Atlas Copco AB (publ),19.95,2026-07-20T22:56:33.492274+00:00,False,+34.0%,True,$97328.5M,False,+7.4%,True,615.8K,True,$19.95 / SMA $19.54,False,1.57%,False,+5.3%,False,3947.5M,False,PNK,False,
ATMU,Atmus Filtration Technologies Inc.,50.52,2026-07-20T22:59:02.184506+00:00,False,+35.7%,True,$4126.1M,False,+9.3%,True,987.1K,True,$50.52 / SMA $50.46,True,3.49%,False,+14.8%,True,81.0M,True,NYQ,False,
ATO,Atmos Energy Corporation,177.33,2026-07-20T22:46:44.500922+00:00,False,+15.0%,True,$29599.9M,False,+14.5%,True,1410.9K,True,$177.33 / SMA $174.09,False,1.65%,False,+0.6%,False,166.2M,True,NYQ,False,
ATS,ATS Corporation,26.61,2026-07-20T22:59:05.923255+00:00,False,+11.6%,True,$2581.4M,,N/A,False,176.4K,False,$26.61 / SMA $29.50,False,2.90%,True,+30.1%,True,73.4M,True,NYQ,False,
ATXRF,ATEX Resources Inc.,1.56,2026-07-20T23:02:45.079137+00:00,False,+9.9%,True,$586.8M,True,+30.0%,False,125.5K,False,$1.56 / SMA $1.96,True,6.05%,,N/A,False,268.7M,False,OQX,False,
ATZAF,Aritzia Inc.,103.49,2026-07-20T22:57:02.782851+00:00,True,+101.6%,True,$11857.9M,False,+17.9%,False,67.8K,False,$103.49 / SMA $109.29,True,3.99%,False,+6.2%,True,96.0M,False,PNK,False,
AUB,Atlantic Union Bankshares Corporation,42.03,2026-07-20T22:57:21.028544+00:00,False,+38.3%,True,$6015.2M,True,+61.5%,True,1144.8K,True,$42.03 / SMA $39.37,False,2.10%,True,+71.8%,True,141.7M,True,NYQ,False,
AUGO,Aura Minerals Inc.,50.07,2026-07-20T22:47:16.500702+00:00,True,+125.1%,True,$4180.8M,True,+391.5%,True,1017.2K,False,$50.07 / SMA $66.09,True,6.34%,True,+123.1%,True,40.0M,True,NMS,False,
AUKNY,Auckland International Airport Limited,24.7,2026-07-20T22:57:11.134470+00:00,False,+19.4%,True,$8402.6M,,N/A,False,0.1K,True,$24.70 / SMA $24.45,False,0.10%,,N/A,False,339.0M,False,PNK,False,
AUPH,Aurinia Pharmaceuticals Inc.,15.25,2026-07-20T22:47:44.703478+00:00,True,+78.4%,True,$1961.2M,True,+56.2%,True,1510.0K,False,$15.25 / SMA $16.00,True,5.05%,False,+24.4%,True,126.2M,True,NGM,False,
AVA,Avista Corporation,41.7,2026-07-20T22:47:31.220563+00:00,False,+17.5%,True,$3446.0M,False,+13.3%,True,721.2K,True,$41.70 / SMA $41.16,False,1.85%,False,+-7.6%,True,81.9M,True,NYQ,False,
AVB,"AvalonBay Communities, Inc.",191.84,2026-07-20T22:56:47.516078+00:00,False,+19.8%,True,$27253.5M,True,+40.4%,True,1110.1K,True,$191.84 / SMA $185.80,False,1.95%,False,+3.3%,True,130.3M,True,NYQ,False,
AVBP,"ArriVent BioPharma, Inc.",28.22,2026-07-20T23:01:01.314455+00:00,True,+75.3%,True,$1314.3M,True,+49.5%,True,549.0K,False,$28.22 / SMA $30.91,True,5.82%,,N/A,True,29.8M,True,NGM,False,
AVCTF,Avacta Group Plc,1.0,2026-07-20T22:52:56.410518+00:00,True,+122.2%,True,$468.5M,,,False,10.3K,False,$1.00 / SMA $1.03,False,0.00%,,,False,427.2M,False,PNK,False,
AVEXF,Avex Inc.,7.49,2026-07-20T23:04:42.731736+00:00,False,+5.6%,True,$318.4M,,N/A,False,0.0K,True,$7.49 / SMA $7.39,False,0.00%,,N/A,True,28.1M,False,PNK,False,
AVGO,Broadcom Inc.,378.16,2026-07-20T22:46:25.955500+00:00,False,+38.5%,True,$1799126.5M,True,+85.4%,True,26354.8K,False,$378.16 / SMA $401.60,True,3.52%,True,+47.9%,False,4698.9M,True,NMS,False,
AVNBF,Avon Technologies Plc,21.28,2026-07-20T23:02:49.712069+00:00,False,+0.0%,True,$626.7M,,N/A,False,0.3K,False,$21.28 / SMA $22.54,False,0.00%,,N/A,True,24.1M,False,PNK,False,
AVNS,"Avanos Medical, Inc.",24.99,2026-07-20T23:01:03.141854+00:00,True,+168.6%,True,$1170.7M,False,+-21.4%,True,1138.3K,True,$24.99 / SMA $24.88,False,0.26%,False,+8.8%,True,46.0M,True,NYQ,False,
AVNT,Avient Corporation,36.11,2026-07-20T22:47:33.050798+00:00,False,+31.4%,True,$3311.7M,True,+377.3%,True,841.8K,True,$36.11 / SMA $35.77,True,3.45%,False,+2.5%,True,91.1M,True,NYQ,False,
AVY,Avery Dennison Corporation,158.36,2026-07-20T22:57:01.595520+00:00,False,+3.9%,True,$12113.0M,False,+4.3%,True,710.6K,False,$158.36 / SMA $159.33,False,2.51%,False,+7.0%,True,75.9M,True,NYQ,False,
AWTRF,Air Water Inc.,13.69,2026-07-20T22:47:31.697918+00:00,False,+23.9%,True,$3138.0M,,,False,0.1K,False,$13.69 / SMA $14.56,False,0.00%,,,False,182.2M,False,PNK,False,
AX,"Axos Financial, Inc.",97.59,2026-07-20T22:47:22.221971+00:00,False,+30.3%,True,$5551.4M,False,+18.8%,False,415.9K,True,$97.59 / SMA $90.78,False,2.59%,True,+27.3%,True,54.3M,True,NYQ,False,
AXAHY,AXA SA,51.0,2026-07-20T22:46:31.454198+00:00,False,+18.5%,True,$103753.7M,,,False,170.0K,True,$51.00 / SMA $47.96,False,0.90%,,,False,1539.7M,False,OQX,False,
AXG,Solowin Holdings,3.2,2026-07-20T22:51:13.327352+00:00,False,+36.2%,True,$609.5M,,,False,154.4K,False,$3.20 / SMA $3.42,True,3.22%,,,True,51.0M,True,NCM,False,
AXIA,AXIA Energia SA,9.93,2026-07-20T22:46:47.127797+00:00,False,+48.0%,True,$22609.7M,True,+675.0%,True,2029.2K,False,$9.93 / SMA $10.48,False,2.32%,False,+22.1%,False,1642.5M,True,NYQ,False,
AXSM,"Axsome Therapeutics, Inc.",221.64,2026-07-20T22:47:00.970620+00:00,True,+130.7%,True,$11405.5M,False,+-3.3%,True,939.8K,False,$221.64 / SMA $236.91,True,4.14%,True,+57.4%,True,43.6M,True,NGM,False,
AXTA,Axalta Coating Systems Ltd.,32.12,2026-07-20T22:47:15.851044+00:00,False,+28.8%,True,$6874.3M,False,+-6.7%,True,2357.0K,True,$32.12 / SMA $31.70,False,2.51%,False,+-0.6%,False,212.8M,True,NYQ,False,
AYALY,Ayala Corporation,9.28,2026-07-20T22:58:58.745371+00:00,False,+46.4%,True,$9469.5M,False,+-7.4%,False,0.8K,True,$9.28 / SMA $7.25,False,0.68%,False,+0.9%,False,286.1M,False,PNK,False,
AYI,Acuity Inc.,326.83,2026-07-20T22:57:09.094221+00:00,False,+27.2%,True,$9783.8M,True,+46.2%,False,387.5K,True,$326.83 / SMA $312.96,True,4.11%,False,+1.6%,True,29.5M,True,NYQ,False,
AZZ,AZZ Inc.,147.38,2026-07-20T22:59:01.204200+00:00,False,+58.5%,True,$4429.0M,False,+-69.6%,False,291.2K,True,$147.38 / SMA $145.74,True,3.93%,False,+6.3%,True,29.5M,True,NYQ,False,
BACHF,Bank of China Limited,0.6835,2026-07-20T22:56:28.207825+00:00,False,+36.7%,True,$220232.2M,False,+0.0%,False,60.5K,True,$0.68 / SMA $0.66,False,0.00%,False,+8.6%,False,105595.5M,False,PNK,False,
BAESF,BAE Systems plc,25.25,2026-07-20T22:56:34.646459+00:00,False,+19.6%,True,$74023.9M,,N/A,False,28.7K,False,$25.25 / SMA $25.74,True,6.20%,,N/A,False,2863.8M,False,PNK,False,
BAESY,BAE Systems plc,100.8,2026-07-20T22:46:33.523604+00:00,False,+19.3%,True,$73877.3M,,,False,298.3K,False,$100.80 / SMA $101.95,False,1.68%,,,False,716.0M,False,PNK,False,
BAK,Braskem S.A.,2.36,2026-07-20T22:47:49.819874+00:00,False,+4.9%,True,$533.3M,True,+107.1%,True,2418.5K,False,$2.36 / SMA $3.50,True,7.46%,False,+-20.4%,True,101.2M,True,NYQ,False,
BALY,Bally's Corporation,14.56,2026-07-20T22:51:14.259443+00:00,False,+65.6%,True,$712.7M,,,False,56.3K,True,$14.56 / SMA $13.42,True,7.60%,,,True,10.2M,True,NYQ,False,
BAMIF,Blue Ant Media Corporation,3.6873,2026-07-20T23:04:33.149236+00:00,False,+4.8%,False,$102.2M,False,+-19.7%,False,3.5K,False,$3.69 / SMA $4.01,False,1.43%,True,+124.2%,True,18.7M,False,PNK,False,
BAND,Bandwidth Inc.,68.8,2026-07-20T22:47:44.459446+00:00,True,+450.4%,True,$2202.8M,True,+38.5%,True,1357.5K,True,$68.80 / SMA $61.15,True,8.40%,False,+19.8%,True,29.0M,True,NMS,False,
BANF,BancFirst Corporation,116.4,2026-07-20T22:47:28.936912+00:00,False,+14.7%,True,$3909.5M,False,+10.8%,False,166.9K,True,$116.40 / SMA $111.95,False,2.09%,False,+8.6%,True,23.1M,True,NMS,False,
BAYZF,Bayer Aktiengesellschaft,56.5,2026-07-20T22:56:40.040508+00:00,True,+93.8%,True,$55507.0M,True,+112.9%,False,2.5K,True,$56.50 / SMA $47.25,False,1.87%,False,+-2.4%,False,982.4M,False,OQX,False,
BB,BlackBerry Limited,8.83,2026-07-20T22:58:57.713421+00:00,True,+183.0%,True,$5175.3M,,N/A,True,34183.8K,False,$8.83 / SMA $9.11,True,8.87%,True,+25.6%,False,584.6M,True,NYQ,False,
BBAI,"BigBear.ai Holdings, Inc.",2.82,2026-07-20T22:47:44.203029+00:00,False,+1.8%,True,$1350.6M,True,+52.0%,True,39085.2K,False,$2.82 / SMA $3.92,True,5.64%,False,+-0.9%,False,474.7M,True,NYQ,False,
BBAJF,"Banco del Bajío, S.A., Institución de Banca Múltiple",3.3,2026-07-20T22:47:28.747581+00:00,False,+47.7%,True,$3926.8M,,,False,0.6K,True,$3.30 / SMA $3.05,False,0.00%,False,+-12.1%,False,737.8M,False,PNK,False,
BBAR,Banco BBVA Argentina S.A.,19.59,2026-07-20T22:59:06.072471+00:00,True,+152.4%,True,$4001.0M,False,+0.0%,True,681.1K,True,$19.59 / SMA $18.25,True,5.64%,True,+26.3%,True,53.0M,True,NYQ,False,
BBBY,"Bed Bath & Beyond, Inc.",5.01,2026-07-20T22:52:58.886294+00:00,False,+17.6%,True,$477.3M,True,+67.6%,True,3513.7K,False,$5.01 / SMA $5.64,True,7.67%,False,+6.9%,,,True,NYQ,False,
BBCQU,Bleichroeder Acquisition Corp. II,11.09,2026-07-20T22:52:56.874834+00:00,False,+10.7%,,,,,False,2.2K,False,$11.09 / SMA $11.35,False,0.20%,,,True,20.9M,True,NGM,False,
BBN,BlackRock Taxable Municipal Bond Trust,15.88,2026-07-20T22:51:05.486405+00:00,False,+2.7%,True,$981.3M,,,False,161.8K,True,$15.88 / SMA $15.81,False,0.97%,,,,,True,NYQ,False,
BBNX,"Beta Bionics, Inc.",17.82,2026-07-20T23:02:56.281221+00:00,True,+102.5%,True,$794.1M,True,+47.3%,True,936.8K,True,$17.82 / SMA $13.73,True,7.20%,True,+56.6%,True,25.3M,True,NGM,True,
BBOT,"BridgeBio Oncology Therapeutics, Inc.",8.42,2026-07-20T22:51:12.910974+00:00,False,+20.3%,True,$674.5M,False,+-188819.3%,False,451.4K,True,$8.42 / SMA $8.15,True,7.00%,,,True,35.7M,True,NGM,False,
BBSEY,BB Seguridade Participações S.A.,8.16,2026-07-20T22:56:59.633471+00:00,False,+40.7%,True,$15840.6M,,N/A,False,180.9K,True,$8.16 / SMA $7.39,False,1.56%,False,+10.6%,False,616.0M,False,PNK,False,
BBSI,"Barrett Business Services, Inc.",40.05,2026-07-20T23:02:46.233528+00:00,False,+58.1%,True,$983.6M,False,+-1375.0%,False,235.4K,True,$40.05 / SMA $33.97,True,3.76%,False,+4.9%,True,23.5M,True,NMS,False,
BBT,Beacon Financial Corporation,30.49,2026-07-20T22:47:39.921936+00:00,False,+33.7%,True,$2555.6M,False,+10.0%,True,814.5K,True,$30.49 / SMA $29.51,False,1.96%,True,+134.7%,True,77.6M,True,NYQ,False,
BBUC,Brookfield Business Corporation,30.42,2026-07-20T22:57:14.334906+00:00,False,+7.5%,True,$6281.5M,False,+-50.0%,False,437.3K,False,$30.42 / SMA $32.00,True,4.00%,False,+-4.6%,True,11.3M,True,NYQ,False,
BBVA,"Banco Bilbao Vizcaya Argentaria, S.A.",25.12,2026-07-20T22:56:31.163025+00:00,True,+71.7%,True,$139078.5M,False,+13.3%,True,1575.8K,True,$25.12 / SMA $23.74,False,1.44%,False,+14.2%,False,5821.2M,True,NYQ,False,
BBWI,"Bath & Body Works, Inc.",20.51,2026-07-20T22:47:30.136709+00:00,False,+43.6%,True,$4134.0M,True,+83.7%,True,5913.9K,True,$20.51 / SMA $19.55,True,5.29%,False,+-3.2%,False,189.4M,True,NYQ,False,
BC,Brunswick Corporation,79.13,2026-07-20T22:47:20.412953+00:00,False,+42.3%,True,$5141.4M,False,+6.7%,True,669.1K,False,$79.13 / SMA $80.68,True,3.39%,False,+12.8%,True,64.2M,True,NYQ,False,
BCAR,D. Boral ARC Acquisition I Corp.,10.36,2026-07-20T22:52:56.824872+00:00,False,+4.9%,True,$426.8M,,,True,667.7K,False,$10.36 / SMA $10.59,False,0.69%,,,True,25.5M,True,NGM,False,
BCARU,D. Boral ARC Acquisition I Corp.,11.25,2026-07-20T23:04:32.679586+00:00,False,+13.6%,,N/A,,N/A,False,1.0K,False,$11.25 / SMA $11.65,True,4.55%,,N/A,True,25.5M,True,NGM,False,
BCCMY,BAIC Motor Corporation Limited,1.135,2026-07-20T23:01:01.774574+00:00,False,+10.2%,True,$909.7M,,N/A,False,0.4K,False,$1.14 / SMA $1.44,False,0.00%,,N/A,False,175.5M,False,PNK,False,
BCDRF,"Banco Santander, S.A.",13.75,2026-07-20T22:46:28.006532+00:00,False,+66.5%,True,$196708.7M,True,+71.4%,False,244.5K,True,$13.75 / SMA $12.93,True,4.57%,False,+2.9%,False,14300.6M,False,PNK,False,
BCEFF,BCE Inc.,15.4,2026-07-20T22:46:48.433864+00:00,False,+13.2%,,,,,False,0.1K,True,$15.40 / SMA $15.28,False,0.00%,False,+4.0%,False,931.4M,False,PNK,False,
BCKIF,Babcock International Group PLC,14.1,2026-07-20T22:57:15.328337+00:00,False,+16.0%,True,$6935.2M,,N/A,False,3.7K,True,$14.10 / SMA $13.91,False,1.48%,,N/A,False,459.0M,False,PNK,False,
BCNAF,Barco NV,8.91,2026-07-20T23:02:41.017695+00:00,False,+0.0%,True,$725.2M,,N/A,False,0.0K,False,$8.91 / SMA $10.59,False,0.00%,,N/A,True,51.7M,False,PNK,False,
BCPC,Balchem Corporation,162.97,2026-07-20T22:47:20.621524+00:00,False,+17.1%,True,$5236.2M,False,+10.6%,False,231.4K,True,$162.97 / SMA $162.87,False,2.35%,False,+8.1%,True,31.9M,True,NMS,False,
BCS,Barclays PLC,27.24,2026-07-20T22:56:34.507504+00:00,False,+45.8%,True,$91844.5M,False,+8.5%,True,5417.5K,True,$27.24 / SMA $25.49,False,1.70%,False,+5.9%,False,3219.6M,True,NYQ,False,
BCSF,"Bain Capital Specialty Finance, Inc.",12.66,2026-07-20T23:02:43.460640+00:00,False,+7.1%,True,$821.2M,False,+-88.6%,False,344.7K,False,$12.66 / SMA $12.66,False,2.24%,False,+-78.1%,,N/A,True,NYQ,False,
BCTCF,OSL Group Limited,1.5,2026-07-20T22:50:57.833428+00:00,True,+14900.0%,True,$1348.9M,,,False,0.0K,False,$1.50 / SMA $1.62,False,0.00%,,,False,563.7M,False,PNK,False,
BCYC,Bicycle Therapeutics plc,4.16,2026-07-20T23:04:44.695875+00:00,False,+6.1%,False,$290.4M,False,+1.1%,False,453.9K,False,$4.16 / SMA $4.31,True,4.19%,False,+-91.1%,,N/A,True,NMS,False,
BDC,Belden Inc.,99.52,2026-07-20T22:47:26.431728+00:00,False,+1.6%,True,$3875.7M,False,+2.0%,True,579.9K,False,$99.52 / SMA $110.18,True,4.08%,False,+11.4%,True,38.4M,True,NYQ,False,
BDCI,BTC Development Corp.,10.08,2026-07-20T23:04:40.751655+00:00,False,+1.2%,True,$350.2M,True,+4358.9%,False,51.6K,True,$10.08 / SMA $10.06,False,0.04%,,N/A,True,23.6M,True,NGM,False,
BDCIU,BTC Development Corp.,10.25,2026-07-20T22:53:04.924693+00:00,False,+1.6%,,,,,False,1.0K,True,$10.25 / SMA $10.19,False,0.03%,,,True,23.6M,True,NGM,False,
BDJ,BlackRock Enhanced Equity Dividend Trust,9.57,2026-07-20T22:47:49.065332+00:00,False,+13.7%,True,$1693.4M,,,True,536.0K,True,$9.57 / SMA $9.24,False,1.00%,,,,,True,NYQ,False,
BDNNY,Boliden AB (publ),104.25,2026-07-20T22:56:55.684276+00:00,True,+70.5%,True,$14805.0M,False,+22.8%,False,14.9K,False,$104.25 / SMA $113.39,False,1.74%,False,+7.9%,True,139.4M,False,PNK,False,
BDOUY,"BDO Unibank, Inc.",21.28,2026-07-20T22:47:05.184861+00:00,False,+15.7%,True,$11353.6M,,,False,65.4K,True,$21.28 / SMA $19.97,True,3.66%,True,+93.3%,False,227.2M,False,PNK,False,
BDRBF,Bombardier Inc.,243.0,2026-07-20T22:56:51.360597+00:00,True,+133.9%,True,$23972.7M,False,+21.6%,False,24.4K,True,$243.00 / SMA $221.07,True,4.37%,False,+4.8%,True,86.5M,False,PNK,False,
BDRFY,Beiersdorf Aktiengesellschaft,18.01,2026-07-20T22:56:53.484994+00:00,False,+15.8%,True,$19678.1M,,N/A,False,365.2K,True,$18.01 / SMA $16.85,False,1.63%,,N/A,False,447.7M,False,PNK,False,
BDVSY,The Bidvest Group Limited,28.79,2026-07-20T22:58:56.156169+00:00,False,+19.6%,True,$4892.7M,,N/A,False,12.3K,False,$28.79 / SMA $28.99,False,1.44%,,N/A,False,161.2M,False,PNK,False,
BDWBY,Budweiser Brewing Company APAC Limited,3.36,2026-07-20T22:47:01.443934+00:00,False,+10.8%,True,$11113.0M,,,False,0.8K,False,$3.36 / SMA $3.52,False,0.52%,,,False,413.9M,False,PNK,False,
BE,Bloom Energy Corporation,197.06,2026-07-20T22:56:33.659932+00:00,True,+708.1%,True,$56052.5M,True,+330.0%,True,12196.6K,False,$197.06 / SMA $274.61,True,11.88%,True,+130.4%,False,279.0M,True,NYQ,False,
BEAG,Bold Eagle Acquisition Corp.,10.66,2026-07-20T23:02:52.178617+00:00,False,+3.1%,True,$333.8M,False,+-12.5%,False,63.9K,True,$10.66 / SMA $10.64,False,0.24%,,N/A,True,21.7M,True,NGM,False,
BECTY,Bechtle AG,7.35,2026-07-20T22:47:24.176741+00:00,False,+22.5%,True,$4630.5M,False,+16.1%,False,0.1K,True,$7.35 / SMA $7.34,False,0.00%,False,+7.6%,False,409.2M,False,PNK,False,
BELFB,Bel Fuse Inc.,266.11,2026-07-20T22:59:03.291571+00:00,True,+161.7%,True,$3784.8M,False,+-33.1%,False,306.9K,False,$266.11 / SMA $280.85,True,6.59%,False,+17.2%,True,12.1M,True,NMS,False,
BEN,"Franklin Resources, Inc.",32.23,2026-07-20T22:56:56.062155+00:00,False,+52.7%,True,$16747.9M,True,+88.5%,True,4797.9K,True,$32.23 / SMA $32.11,False,2.79%,False,+8.7%,False,302.3M,True,NYQ,False,
BEP,Brookfield Renewable Partners L.P.,32.05,2026-07-20T22:47:03.154966+00:00,False,+32.8%,True,$21857.5M,False,+-14.3%,True,879.9K,False,$32.05 / SMA $34.58,False,2.71%,False,+-4.2%,False,288.9M,True,NYQ,False,
BEVFF,Diversified Royalty Corp.,3.16,2026-07-20T22:51:15.761399+00:00,False,+40.4%,True,$591.1M,False,+-20.0%,False,139.6K,False,$3.16 / SMA $3.31,False,2.83%,False,+11.8%,False,167.2M,False,PNK,False,
BFC,Bank First Corporation,145.82,2026-07-20T23:00:56.166592+00:00,False,+26.5%,True,$1636.5M,False,+-2.2%,False,97.5K,True,$145.82 / SMA $144.11,False,2.80%,True,+50.0%,True,10.0M,True,NCM,False,
BFLBF,Bilfinger SE,94.72,2026-07-20T22:47:28.389410+00:00,False,+5.3%,True,$3498.9M,False,+17.9%,False,0.2K,False,$94.72 / SMA $101.67,False,0.00%,False,+3.6%,True,31.4M,False,PNK,False,
BFLBY,Bilfinger SE,20.45,2026-07-20T22:47:28.302699+00:00,False,+12.8%,True,$3777.1M,False,+17.9%,False,0.2K,True,$20.45 / SMA $19.85,False,0.18%,False,+3.6%,False,157.1M,False,PNK,False,
BFLY,"Butterfly Network, Inc.",6.69,2026-07-20T22:51:00.996475+00:00,True,+406.8%,True,$1750.4M,False,+16.7%,True,7816.2K,True,$6.69 / SMA $5.98,True,11.13%,False,+25.0%,False,193.6M,True,NYQ,False,
BFST,"Business First Bancshares, Inc.",30.68,2026-07-20T23:02:41.622791+00:00,False,+36.0%,True,$1002.6M,False,+4.6%,False,229.9K,True,$30.68 / SMA $28.98,False,2.26%,False,+14.5%,True,30.9M,True,NMS,False,
BGIN,Bgin Blockchain Limited,1.9,2026-07-20T23:04:37.949072+00:00,False,+8.6%,False,$215.0M,,N/A,False,19.9K,False,$1.90 / SMA $2.61,True,7.46%,,N/A,True,43.4M,True,NGM,False,
BGY,BlackRock Enhanced International Dividend Trust,5.69,2026-07-20T23:02:55.813281+00:00,False,+9.6%,True,$515.6M,,N/A,False,306.6K,True,$5.69 / SMA $5.66,False,1.16%,,N/A,,N/A,True,NYQ,False,
BH,Biglari Holdings Inc.,382.39,2026-07-20T23:02:42.622136+00:00,False,+62.8%,True,$1200.3M,True,+55.9%,False,66.2K,True,$382.39 / SMA $333.31,True,5.84%,False,+2.6%,True,0.2M,True,NYQ,False,
BHE,"Benchmark Electronics, Inc.",80.61,2026-07-20T22:47:33.934863+00:00,True,+134.1%,True,$2892.0M,True,+260.0%,True,517.8K,False,$80.61 / SMA $86.50,True,5.04%,False,+7.2%,True,35.1M,True,NYQ,False,
BHF,"Brighthouse Financial, Inc.",64.91,2026-07-20T22:47:29.965730+00:00,False,+54.3%,True,$3728.8M,False,+-171.4%,False,492.9K,True,$64.91 / SMA $63.29,False,1.19%,False,+-37.1%,True,56.6M,True,NMS,False,
BHFAO,"Brighthouse Financial, Inc.",14.8718,2026-07-20T22:59:04.333569+00:00,False,+4.8%,,N/A,,N/A,False,32.0K,False,$14.87 / SMA $15.38,False,1.25%,False,+-37.1%,True,56.6M,True,NMS,False,
BHPLF,BHP Group Limited,43.0,2026-07-20T22:56:28.717089+00:00,True,+81.1%,True,$218469.7M,,N/A,False,142.7K,True,$43.00 / SMA $42.25,False,0.24%,,N/A,False,4924.5M,False,PNK,False,
BHVN,Biohaven Ltd.,14.86,2026-07-20T22:50:56.351595+00:00,True,+98.7%,True,$2237.3M,True,+59.4%,True,2881.6K,True,$14.86 / SMA $12.44,True,7.13%,,,True,123.8M,True,NYQ,True,
BIDU,"Baidu, Inc.",109.81,2026-07-20T22:56:39.716845+00:00,False,+29.7%,True,$37363.1M,False,+-59.3%,True,2563.7K,False,$109.81 / SMA $122.59,True,3.22%,False,+-1.2%,False,265.9M,True,NMS,False,
BIIB,Biogen Inc.,199.95,2026-07-20T22:46:44.965366+00:00,False,+65.2%,True,$29520.0M,True,+31.1%,True,1269.1K,True,$199.95 / SMA $199.00,True,4.15%,False,+1.9%,True,147.2M,True,NMS,False,
BILL,"BILL Holdings, Inc.",45.18,2026-07-20T22:47:29.891086+00:00,False,+43.8%,True,$4499.8M,True,+209.1%,True,2610.1K,True,$45.18 / SMA $37.56,True,4.53%,False,+13.5%,True,88.9M,True,NYQ,False,
BIOA,"BioAge Labs, Inc.",22.32,2026-07-20T23:02:47.267556+00:00,True,+443.1%,True,$992.2M,False,+-44.4%,True,522.0K,True,$22.32 / SMA $19.79,True,7.33%,True,+91.0%,True,35.0M,True,NMS,False,
BIP,Brookfield Infrastructure Partners L.P.,39.18,2026-07-20T22:46:52.739971+00:00,False,+32.2%,True,$30903.2M,False,+-600.0%,True,802.5K,True,$39.18 / SMA $37.89,False,2.29%,False,+16.9%,False,451.3M,True,NYQ,False,
BIXIU,Bitcoin Infrastructure Acquisition Corp Ltd.,10.12,2026-07-20T23:04:47.230555+00:00,False,+1.8%,,N/A,,N/A,False,1.1K,True,$10.12 / SMA $10.10,False,0.00%,,N/A,True,21.0M,True,NGM,False,
BJ,"BJ's Wholesale Club Holdings, Inc.",93.91,2026-07-20T22:47:03.089433+00:00,False,+12.9%,True,$11991.6M,False,+-2.7%,True,2152.9K,True,$93.91 / SMA $89.81,False,2.85%,False,+9.9%,True,127.0M,True,NYQ,False,
BJCHY,Beijing Capital International Airport Company Limited,0.9818,2026-07-20T22:51:03.798047+00:00,False,+10.3%,True,$899.2M,,,False,0.3K,False,$0.98 / SMA $0.99,False,0.43%,,,False,344.5M,False,PNK,False,
BKE,"The Buckle, Inc.",42.98,2026-07-20T22:47:38.685783+00:00,False,+5.5%,True,$2214.2M,True,+31.4%,False,490.4K,False,$42.98 / SMA $44.90,False,3.00%,False,+6.1%,True,30.8M,True,NYQ,False,
BKGFF,The Berkeley Group Holdings plc,47.0,2026-07-20T22:47:25.166344+00:00,False,+10.1%,True,$4317.6M,,,False,0.0K,True,$47.00 / SMA $45.91,False,0.00%,,,True,90.9M,False,PNK,False,
BKH,Black Hills Corporation,74.48,2026-07-20T22:57:19.548397+00:00,False,+33.5%,True,$5670.0M,False,+-7.5%,True,953.2K,True,$74.48 / SMA $73.48,False,1.98%,False,+-3.0%,True,75.8M,True,NYQ,False,
BKHPF,Bank Hapoalim B.M.,23.0,2026-07-20T22:46:41.606714+00:00,False,+25.8%,True,$30081.5M,False,+-11.5%,False,0.0K,False,$23.00 / SMA $25.87,False,0.00%,False,+-3.2%,False,1307.6M,False,PNK,False,
BKHYY,Bank Hapoalim B.M.,118.9,2026-07-20T22:56:42.968219+00:00,False,+35.5%,True,$31101.7M,False,+-11.5%,False,24.3K,False,$118.90 / SMA $122.66,True,3.87%,False,+-3.2%,False,261.5M,False,PNK,False,
BKKT,"Bakkt, Inc.",7.85,2026-07-20T22:52:51.692209+00:00,False,+14.3%,True,$350.9M,False,+-136.3%,True,1692.3K,False,$7.85 / SMA $8.95,True,8.09%,False,+-77.1%,True,35.3M,True,NYQ,False,
BKNIY,"Bankinter, S.A.",17.67,2026-07-20T22:56:57.925367+00:00,False,+34.4%,True,$15904.9M,True,+25.5%,False,70.4K,True,$17.67 / SMA $16.62,False,2.15%,False,+3.8%,False,667.0M,False,PNK,False,
BKR,Baker Hughes Company,55.15,2026-07-20T22:46:34.610667+00:00,False,+39.7%,True,$54712.6M,True,+132.5%,True,8579.8K,False,$55.15 / SMA $60.95,False,2.87%,False,+2.5%,False,990.0M,True,NMS,False,
BKRIF,Bank of Ireland Group plc,20.4,2026-07-20T22:46:52.077488+00:00,False,+56.6%,True,$19382.4M,,,False,1.2K,True,$20.40 / SMA $19.91,False,0.48%,,,False,952.1M,False,PNK,False,
BLBD,Blue Bird Corporation,81.5,2026-07-20T23:00:49.914967+00:00,True,+90.2%,True,$2579.2M,False,+13.9%,False,455.9K,True,$81.50 / SMA $73.29,True,3.67%,False,+-1.7%,True,31.3M,True,NGM,False,
BLCO,Bausch + Lomb Corporation,15.98,2026-07-20T22:57:19.450154+00:00,False,+22.1%,True,$5697.5M,True,+66.7%,False,458.6K,True,$15.98 / SMA $15.89,False,2.93%,False,+9.4%,True,44.9M,True,NYQ,False,
BLKLF,Blackline Safety Corp,6.35,2026-07-20T23:02:54.642748+00:00,False,+47.0%,True,$555.2M,False,+0.0%,False,23.8K,,N/A,,N/A,False,+23.2%,True,0.0M,False,PNK,False,
BLLN,"BillionToOne, Inc.",125.14,2026-07-20T22:59:02.361547+00:00,True,+102.0%,True,$5755.9M,True,+481.3%,True,726.0K,True,$125.14 / SMA $104.79,True,5.90%,True,+83.8%,True,24.1M,True,NMS,True,
BLMIF,Bank Leumi le-Israel B.M.,21.8,2026-07-20T22:56:42.081077+00:00,False,+25.6%,True,$32080.7M,False,+-1.3%,False,0.2K,False,$21.80 / SMA $23.69,False,0.32%,False,+0.6%,False,1478.4M,False,PNK,False,
BLMN,"Bloomin' Brands, Inc.",8.34,2026-07-20T22:51:13.324153+00:00,False,+60.7%,True,$714.0M,True,+30.0%,True,2420.0K,True,$8.34 / SMA $8.11,True,5.68%,False,+1.0%,True,83.2M,True,NMS,False,
BLTE,"Belite Bio, Inc",152.84,2026-07-20T22:47:19.182389+00:00,True,+158.5%,True,$6126.6M,False,+-51.1%,False,188.4K,True,$152.84 / SMA $146.55,True,4.63%,,,True,18.5M,True,NCM,False,
BMA,Banco Macro S.A.,90.56,2026-07-20T22:47:20.912841+00:00,True,+136.4%,True,$5790.3M,True,+135.8%,False,293.2K,True,$90.56 / SMA $86.46,True,4.94%,True,+30.7%,True,21.1M,True,NYQ,False,
BMBLF,Brambles Limited,16.95,2026-07-20T22:46:54.290810+00:00,False,+56.5%,True,$22640.1M,,,False,2.4K,True,$16.95 / SMA $13.54,False,1.10%,,,False,1356.5M,False,PNK,False,
BMCLF,BAIC Motor Corporation Limited,0.1495,2026-07-20T23:00:58.931778+00:00,False,+9.9%,True,$1198.3M,,N/A,False,0.4K,True,$0.15 / SMA $0.15,False,0.00%,,N/A,False,1754.9M,False,PNK,False,
BMNR,"Bitmine Immersion Technologies, Inc.",16.63,2026-07-20T22:57:04.193642+00:00,False,+29.9%,True,$10031.7M,True,+51.6%,True,37104.0K,False,$16.63 / SMA $17.09,True,6.76%,True,+2167.8%,False,594.7M,True,NYQ,False,
BMO,Bank of Montreal,178.0,2026-07-20T22:46:30.772624+00:00,False,+62.3%,True,$124674.2M,True,+41.2%,True,811.2K,True,$178.00 / SMA $167.46,False,1.67%,False,+9.9%,False,699.6M,True,NYQ,False,
BMY,Bristol-Myers Squibb Company,60.16,2026-07-20T22:56:31.208841+00:00,False,+41.5%,True,$122851.0M,False,+9.2%,True,11783.1K,True,$60.16 / SMA $56.55,False,2.69%,False,+2.6%,False,2038.9M,True,NYQ,False,
BN,Brookfield Corporation,42.39,2026-07-20T22:46:31.200655+00:00,False,+11.8%,True,$94682.1M,True,+200.0%,True,4467.4K,False,$42.39 / SMA $44.56,False,2.19%,False,+3.5%,False,1732.9M,True,NYQ,False,
BNDSF,"Banco de Sabadell, S.A.",3.45,2026-07-20T22:56:51.424368+00:00,False,+4.7%,True,$16562.3M,False,+-22.8%,False,1.4K,False,$3.45 / SMA $3.50,False,0.12%,False,+-4.9%,False,4908.4M,False,PNK,False,
BNED,"Barnes & Noble Education, Inc.",12.6,2026-07-20T22:53:07.381184+00:00,True,+113.6%,True,$436.5M,,,False,338.4K,True,$12.60 / SMA $10.99,True,6.27%,False,+-4.0%,True,17.4M,True,NYQ,False,
BNKHF,BOC Hong Kong (Holdings) Limited,5.45,2026-07-20T22:46:35.088356+00:00,False,+28.2%,True,$57621.7M,,,False,3.9K,False,$5.45 / SMA $5.83,False,0.00%,,,False,3588.1M,False,PNK,False,
BNTGF,Brenntag SE,71.8,2026-07-20T22:47:05.846415+00:00,False,+38.6%,True,$10366.9M,False,+-26.9%,False,0.0K,True,$71.80 / SMA $66.41,False,0.00%,False,+-10.1%,True,115.5M,False,PNK,False,
BNTGY,Brenntag SE,13.2,2026-07-20T22:47:05.872248+00:00,False,+29.6%,True,$9529.4M,False,+-26.9%,False,39.4K,True,$13.20 / SMA $13.06,False,1.29%,False,+-10.1%,False,577.5M,False,PNK,False,
BNY,BNY,156.93,2026-07-20T22:56:32.959785+00:00,False,+60.1%,True,$107713.5M,True,+41.8%,True,3941.6K,True,$156.93 / SMA $143.76,False,2.49%,False,+13.8%,False,676.8M,True,NYQ,False,
BOE,BlackRock Enhanced Global Dividend Trust,12.0,2026-07-20T23:02:49.374508+00:00,False,+13.3%,True,$667.2M,,N/A,False,103.8K,True,$12.00 / SMA $11.81,False,1.16%,,N/A,,N/A,True,NYQ,False,
BOPCF,BioPharma Credit PLC,1.01,2026-07-20T23:01:05.018543+00:00,False,+18.8%,,N/A,,N/A,False,296.6K,True,$1.01 / SMA_short $0.95,,N/A,,N/A,False,1125.2M,False,PNK,False,
BORAY,"Bora Pharmaceuticals Co., Ltd.",2.25,2026-07-20T22:47:50.114166+00:00,False,+0.0%,False,$286.4M,,,False,0.1K,False,$2.25 / SMA_short $2.59,,,False,+-15.4%,False,371.7M,False,OQX,False,
BORR,Borr Drilling Limited,4.02,2026-07-20T22:47:47.882527+00:00,True,+117.3%,True,$1240.9M,False,+-28.6%,True,7449.1K,False,$4.02 / SMA $4.92,True,4.34%,False,+14.0%,False,237.6M,True,NYQ,False,
BORUF,Borussia Dortmund GmbH & Co. Kommanditgesellschaft auf Aktien,3.57,2026-07-20T23:04:36.103895+00:00,False,+10.2%,True,$394.0M,False,+-340.0%,False,0.3K,True,$3.57 / SMA $3.56,False,0.06%,False,+-16.1%,True,72.0M,False,PNK,False,
BOUYF,Bouygues SA,48.65,2026-07-20T22:56:49.627323+00:00,False,+18.5%,True,$18776.8M,,N/A,False,0.0K,False,$48.65 / SMA $59.12,False,0.00%,False,+-20.0%,False,216.3M,False,PNK,False,
BOW,Bowhead Specialty Holdings Inc.,30.51,2026-07-20T22:51:06.513306+00:00,False,+43.8%,True,$1001.9M,True,+41.2%,False,207.0K,True,$30.51 / SMA $28.41,True,3.71%,True,+26.8%,True,30.8M,True,NYQ,False,
BOZTY,Boozt AB (publ),15.12,2026-07-20T23:02:45.373013+00:00,False,+69.9%,True,$889.8M,True,+183.3%,False,0.0K,True,$15.12 / SMA $13.28,False,0.11%,False,+0.6%,True,57.4M,False,PNK,False,
BPCGF,"Banco Comercial Português, S.A.",1.12,2026-07-20T22:46:54.549969+00:00,False,+45.5%,True,$16519.3M,True,+30.2%,False,0.1K,True,$1.12 / SMA $1.05,False,0.00%,False,+6.0%,False,8825.0M,False,PNK,False,
BPCGY,"Banco Comercial Português, S.A.",11.89,2026-07-20T22:46:54.424476+00:00,False,+61.1%,True,$17537.0M,True,+30.2%,False,0.4K,True,$11.89 / SMA $11.47,False,0.00%,False,+6.0%,False,882.5M,False,PNK,False,
BPOP,"Popular, Inc.",172.12,2026-07-20T22:47:05.776831+00:00,False,+58.3%,True,$11108.2M,True,+47.7%,True,526.9K,True,$172.12 / SMA $157.81,False,1.92%,False,+10.7%,True,62.7M,True,NMS,False,
BPOPO,"Popular, Inc.",25.35,2026-07-20T22:57:06.508432+00:00,False,+2.6%,,N/A,,N/A,False,0.6K,True,$25.35 / SMA $25.11,False,0.03%,False,+10.7%,True,62.7M,False,PNK,False,
BPOSY,bpost NV/SA,2.02,2026-07-20T23:04:34.923321+00:00,False,+15.4%,True,$404.0M,True,+100.0%,False,0.0K,True,$2.02 / SMA $1.88,False,0.00%,False,+-20.4%,True,6.5M,False,PNK,False,
BPXXY,BPER Banca SpA,33.11,2026-07-20T22:56:46.323577+00:00,True,+76.6%,True,$34497.8M,False,+-14.4%,False,0.1K,True,$33.11 / SMA $29.92,False,0.40%,,N/A,False,780.5M,False,PNK,False,
BRAI,Braiin Limited,5.33,2026-07-20T22:50:56.545613+00:00,False,+27.3%,True,$1098.5M,,,False,409.8K,False,$5.33 / SMA $7.42,True,17.01%,,,True,40.0M,True,NGM,False,
BRBI,BRBI BR Partners S.A.,11.45,2026-07-20T22:51:08.896297+00:00,False,+5.0%,True,$300.6M,False,+-14.3%,False,0.9K,False,$11.45 / SMA $12.30,False,0.32%,True,+46.8%,True,26.2M,True,NCM,False,
BRBR,"BellRing Brands, Inc.",12.15,2026-07-20T23:02:38.548868+00:00,False,+55.4%,True,$1412.8M,False,+-35.6%,True,5697.3K,True,$12.15 / SMA $10.35,True,7.05%,False,+1.8%,True,105.8M,True,NYQ,False,
BRDCF,Bridgestone Corporation,22.2,2026-07-20T22:46:44.997249+00:00,False,+22.7%,True,$27631.1M,,,False,3.9K,True,$22.20 / SMA $21.49,False,2.21%,,,False,1169.0M,False,PNK,False,
BRELY,BRELY,12.75,2026-07-20T22:50:58.660096+00:00,True,+84.9%,True,$714.4M,,,False,0.4K,False,$12.75 / SMA $18.75,False,0.45%,,,True,15.9M,False,OQX,False,
BRKR,Bruker Corporation,56.17,2026-07-20T22:47:13.593653+00:00,True,+96.9%,True,$8550.5M,False,+-81.8%,True,2474.8K,True,$56.17 / SMA $54.28,True,4.22%,False,+2.7%,True,103.6M,True,NMS,False,
BRLGF,Dominion Lending Centres Inc.,6.09,2026-07-20T22:52:53.314272+00:00,False,+4.1%,True,$469.1M,False,+-25.0%,False,0.1K,False,$6.09 / SMA $6.34,False,0.07%,False,+6.5%,True,35.5M,False,PNK,False,
BROS,Dutch Bros Inc.,66.25,2026-07-20T22:57:09.416585+00:00,False,+48.6%,True,$11572.8M,False,+0.0%,True,3821.2K,True,$66.25 / SMA $61.25,True,5.04%,True,+30.8%,True,129.4M,True,NYQ,False,
BRRLY,Barry Callebaut AG,13.74,2026-07-20T22:47:08.921183+00:00,False,+21.0%,True,$7533.2M,,,False,59.1K,False,$13.74 / SMA $14.51,False,2.65%,,,False,380.9M,False,PNK,False,
BRSL,Brightstar Lottery PLC,10.74,2026-07-20T23:00:49.879876+00:00,False,+3.1%,True,$1972.8M,True,+54.2%,True,1525.2K,False,$10.74 / SMA $11.16,False,2.89%,False,+0.7%,True,95.2M,True,NYQ,False,
BRTHY,"Brother Industries, Ltd.",47.2,2026-07-20T22:57:19.906624+00:00,False,+48.7%,True,$5836.9M,,N/A,False,0.1K,True,$47.20 / SMA $45.12,False,0.37%,,N/A,True,110.7M,False,PNK,False,
BRZE,"Braze, Inc.",26.19,2026-07-20T22:47:37.181474+00:00,True,+71.6%,True,$2949.8M,True,+29.4%,True,2781.6K,True,$26.19 / SMA $22.85,True,5.48%,True,+30.2%,True,92.4M,True,NMS,True,
BSAC,Banco Santander-Chile,33.02,2026-07-20T22:46:56.705163+00:00,False,+45.0%,True,$15556.2M,False,+-4.8%,False,434.8K,True,$33.02 / SMA $31.91,False,2.51%,False,+0.6%,False,305.6M,True,NYQ,False,
BSBR,Banco Santander (Brasil) S.A.,5.37,2026-07-20T22:46:50.960761+00:00,False,+16.2%,True,$20104.0M,,,True,1436.8K,True,$5.37 / SMA $5.36,False,2.28%,False,+-15.0%,False,1870.2M,True,NYQ,False,
BSDGY,Bosideng International Holdings Limited,30.36,2026-07-20T22:47:16.169348+00:00,False,+32.1%,True,$7056.0M,,,False,0.0K,True,$30.36 / SMA $27.09,False,0.00%,,,True,103.5M,False,PNK,False,
BSLAF,BSLAF,32.18,2026-07-20T23:02:43.040824+00:00,True,+225.7%,True,$989.6M,,N/A,False,0.0K,True,$32.18 / SMA $28.58,False,0.12%,True,+60.9%,True,12.7M,False,PNK,False,
BSM,"Black Stone Minerals, L.P.",14.24,2026-07-20T22:59:09.253763+00:00,False,+20.9%,True,$3026.0M,False,+-25.0%,False,347.0K,True,$14.24 / SMA $13.85,False,2.30%,False,+7.5%,False,161.9M,True,NYQ,False,
BSVN,Bank7 Corp.,49.71,2026-07-20T23:04:34.331626+00:00,False,+29.8%,True,$473.2M,False,+-25.0%,False,17.8K,True,$49.71 / SMA $46.15,True,3.09%,,N/A,True,4.3M,True,NMS,False,
BSXGF,Belo Sun Mining Corp,0.61,2026-07-20T23:02:56.804392+00:00,True,+281.2%,True,$346.5M,False,+0.0%,False,140.0K,False,$0.61 / SMA $0.81,True,6.17%,,N/A,False,329.4M,False,OQX,False,
BSY,"Bentley Systems, Incorporated",32.35,2026-07-20T22:47:04.685996+00:00,False,+15.2%,True,$9827.8M,False,+7.1%,True,2944.5K,True,$32.35 / SMA $31.77,True,4.04%,False,+14.5%,False,157.5M,True,NMS,False,
BTDPY,Barratt Redrow plc,7.54,2026-07-20T22:47:22.687630+00:00,False,+18.2%,True,$5280.0M,,,False,171.8K,True,$7.54 / SMA $7.09,False,1.73%,,,False,672.6M,False,PNK,False,
BTLCY,British Land Company PLC,5.8,2026-07-20T22:57:20.463359+00:00,False,+36.2%,True,$5944.6M,,N/A,False,12.5K,True,$5.80 / SMA $5.31,False,0.87%,,N/A,False,985.8M,False,PNK,False,
BTSG,"BrightSpring Health Services, Inc.",70.5,2026-07-20T22:57:03.287978+00:00,True,+270.9%,True,$13836.2M,True,+378.6%,True,3840.1K,True,$70.50 / SMA $63.45,True,3.54%,True,+25.6%,False,176.7M,True,NMS,False,
BTT,Blackrock Municipal 2030 Target Term Trust,22.57,2026-07-20T22:50:57.747024+00:00,False,+3.1%,True,$1436.0M,,,False,81.5K,False,$22.57 / SMA $22.64,False,0.58%,,,,,True,NYQ,False,
BULL,Webull Corporation,7.69,2026-07-20T22:47:32.091456+00:00,True,+70.9%,True,$4089.7M,False,+-113.2%,True,12793.6K,True,$7.69 / SMA $6.80,True,5.82%,True,+36.3%,False,347.6M,True,NCM,False,
BV,"BrightView Holdings, Inc.",14.19,2026-07-20T22:51:00.918054+00:00,False,+28.3%,True,$1322.5M,False,+-166.7%,True,740.8K,True,$14.19 / SMA $13.27,False,2.94%,False,+6.1%,True,68.4M,True,NYQ,False,
BVHMY,BVHMY,3.37,2026-07-20T22:51:01.587346+00:00,False,+13.3%,True,$1070.3M,,,False,0.3K,False,$3.37 / SMA $3.61,False,0.62%,,,False,221.9M,False,PNK,False,
BVNRY,Bavarian Nordic A/S,9.21,2026-07-20T22:59:13.601126+00:00,False,+6.2%,True,$2091.0M,False,+-92.6%,False,3.7K,False,$9.21 / SMA $9.53,False,1.16%,False,+-21.4%,False,229.3M,False,PNK,False,
BVS,Bioventus Inc.,11.58,2026-07-20T22:51:10.550357+00:00,True,+99.3%,True,$784.5M,True,+200.0%,True,647.1K,True,$11.58 / SMA $9.97,True,5.43%,False,+6.6%,True,33.3M,True,NMS,False,
BVVBY,Bureau Veritas SA,62.3,2026-07-20T22:46:57.804502+00:00,False,+8.6%,True,$13833.5M,,,False,26.7K,True,$62.30 / SMA $60.09,False,1.09%,,,False,162.7M,False,PNK,False,
BWB,"Bridgewater Bancshares, Inc.",21.95,2026-07-20T22:52:52.212871+00:00,False,+47.3%,True,$612.0M,True,+87.1%,False,147.9K,True,$21.95 / SMA $19.86,False,2.40%,True,+44.6%,True,22.2M,True,NCM,False,
BWBBP,"Bridgewater Bancshares, Inc.",19.85,2026-07-20T23:02:56.379482+00:00,False,+5.8%,,N/A,,N/A,False,2.5K,False,$19.85 / SMA $19.93,False,0.77%,True,+44.6%,True,22.2M,True,NCM,False,
BXBLY,Brambles Limited,27.13,2026-07-20T22:56:55.414300+00:00,False,+19.5%,True,$18118.8M,,N/A,False,138.9K,True,$27.13 / SMA $26.58,True,4.08%,,N/A,False,678.2M,False,PNK,False,
BYND,"Beyond Meat, Inc.",0.5945,2026-07-20T23:04:35.986835+00:00,False,+18.9%,True,$306.4M,True,+91.3%,True,51816.3K,False,$0.59 / SMA $0.73,True,6.35%,False,+-15.3%,False,499.4M,True,NMS,False,
BZH,"Beazer Homes USA, Inc.",32.51,2026-07-20T23:02:49.771115+00:00,True,+82.3%,True,$888.6M,False,+-107.1%,True,617.1K,True,$32.51 / SMA $26.75,True,3.51%,False,+-27.5%,True,24.3M,True,NYQ,False,
BZLYF,Beazley plc,17.265,2026-07-20T22:47:04.719659+00:00,True,+73.3%,True,$10204.5M,,,False,0.3K,True,$17.27 / SMA $17.14,False,0.11%,,,False,537.1M,False,PNK,False,
BZZUY,Buzzi S.p.A.,24.55,2026-07-20T22:47:06.387849+00:00,False,+4.9%,True,$8671.9M,,,False,1.7K,False,$24.55 / SMA $26.33,False,0.59%,,,True,109.5M,False,PNK,False,
CABA,"Cabaletta Bio, Inc.",2.75,2026-07-20T23:02:52.845773+00:00,True,+118.3%,True,$448.4M,True,+45.1%,True,5042.3K,False,$2.75 / SMA $3.24,True,7.48%,,N/A,True,142.9M,True,NMS,False,
CABGY,Carlsberg A/S,28.26,2026-07-20T22:56:53.217802+00:00,False,+22.3%,True,$18675.9M,,N/A,False,47.8K,True,$28.26 / SMA $26.88,False,1.58%,,N/A,False,461.8M,False,PNK,False,
CABJF,Carlsberg A/S,140.0,2026-07-20T22:56:53.853100+00:00,False,+23.7%,True,$18504.1M,,N/A,False,0.0K,True,$140.00 / SMA $132.90,False,0.38%,,N/A,True,92.4M,False,PNK,False,
CAC,Camden National Corporation,54.28,2026-07-20T22:51:08.858885+00:00,False,+55.1%,True,$918.1M,True,+200.0%,False,104.2K,True,$54.28 / SMA $51.10,False,2.88%,False,+7.5%,True,16.5M,True,NMS,False,
CACC,Credit Acceptance Corporation,615.75,2026-07-20T22:57:19.302294+00:00,False,+53.2%,True,$6440.8M,True,+43.2%,False,163.9K,True,$615.75 / SMA $581.61,True,3.42%,False,+2.2%,True,6.0M,True,NMS,False,
CAE,CAE Inc.,24.57,2026-07-20T22:57:12.880652+00:00,False,+8.0%,True,$7901.2M,,N/A,True,872.6K,False,$24.57 / SMA $25.44,False,2.58%,False,+4.0%,False,290.2M,True,NYQ,False,
CAH,"Cardinal Health, Inc.",225.75,2026-07-20T22:46:38.118471+00:00,False,+63.9%,True,$52872.0M,False,+-19.5%,True,2428.6K,True,$225.75 / SMA $214.56,False,2.34%,False,+11.0%,False,233.7M,True,NYQ,False,
CAJPY,Canon Inc.,27.63,2026-07-20T22:56:47.817675+00:00,False,+10.2%,True,$23467.2M,,N/A,False,103.7K,True,$27.63 / SMA $26.71,False,1.21%,,N/A,False,839.3M,False,PNK,False,
CAKE,The Cheesecake Factory Incorporated,86.11,2026-07-20T22:59:08.243053+00:00,True,+99.9%,True,$4278.4M,True,+52.2%,True,1310.7K,True,$86.11 / SMA $71.16,True,3.48%,False,+5.6%,True,45.7M,True,NMS,False,
CALY,Callaway Golf Company,18.92,2026-07-20T22:47:36.671535+00:00,True,+136.5%,True,$3401.0M,True,+4600.0%,True,2621.4K,True,$18.92 / SMA $16.97,True,3.27%,False,+9.2%,False,155.9M,True,NYQ,False,
CAMLF,Central Asia Metals plc,1.85,2026-07-20T23:04:40.755258+00:00,False,+10.1%,True,$315.3M,,N/A,False,0.7K,False,$1.85 / SMA $1.86,False,0.14%,,N/A,False,156.2M,False,PNK,False,
CAPL,CrossAmerica Partners LP,22.0,2026-07-20T22:51:08.064010+00:00,False,+12.2%,True,$839.4M,True,+230.0%,False,43.5K,False,$22.00 / SMA $22.28,False,2.21%,False,+-2.4%,True,18.3M,True,NYQ,False,
CAR,"Avis Budget Group, Inc.",159.52,2026-07-20T22:57:18.507229+00:00,True,+85.6%,True,$5635.0M,True,+44.2%,True,1830.7K,False,$159.52 / SMA $165.55,True,5.83%,False,+21.2%,True,14.6M,True,NMS,False,
CARL,"Carlsmed, Inc.",11.33,2026-07-20T23:04:42.826382+00:00,False,+33.3%,True,$308.0M,True,+78.2%,False,172.7K,True,$11.33 / SMA $11.16,True,8.42%,True,+58.2%,True,15.6M,True,NMS,False,
CART,Maplebear Inc.,46.75,2026-07-20T22:57:06.475674+00:00,False,+42.8%,True,$10987.6M,True,+54.1%,True,4308.7K,True,$46.75 / SMA $43.37,True,3.73%,False,+13.6%,False,157.5M,True,NMS,False,
CASBF,CanSino Biologics Inc.,2.6,2026-07-20T22:47:48.653367+00:00,False,+0.0%,True,$642.3M,,,False,0.1K,False,$2.60 / SMA $3.18,False,0.00%,,,False,159.9M,False,PNK,False,
CASH,"Pathward Financial, Inc.",89.34,2026-07-20T22:47:47.219372+00:00,False,+35.6%,True,$1886.0M,False,+7.7%,False,218.8K,True,$89.34 / SMA $84.63,False,2.53%,False,+0.9%,True,20.8M,True,NMS,False,
CASY,"Casey's General Stores, Inc.",866.46,2026-07-20T22:56:44.719368+00:00,True,+76.8%,True,$32063.3M,True,+66.2%,True,536.2K,True,$866.46 / SMA $824.80,True,3.64%,False,+14.5%,True,36.7M,True,NMS,False,
CB,Chubb Limited,352.53,2026-07-20T22:46:29.736758+00:00,False,+33.5%,True,$136732.3M,True,+78.7%,True,1738.9K,True,$352.53 / SMA $331.42,False,2.15%,False,+10.7%,False,351.9M,True,NYQ,False,
CBC,"Central Bancompany, Inc.",31.77,2026-07-20T22:57:14.843914+00:00,False,+41.2%,True,$7617.4M,,N/A,True,728.2K,True,$31.77 / SMA $29.04,False,2.94%,,N/A,True,80.4M,True,NMS,False,
CBLL,CBLL,18.43,2026-07-20T22:51:12.009483+00:00,False,+69.9%,True,$699.3M,False,+-44.4%,False,342.3K,False,$18.43 / SMA $18.62,True,3.96%,True,+29.3%,True,26.1M,True,NMS,False,
CBLUY,China BlueChemical Ltd.,16.95,2026-07-20T23:00:58.110383+00:00,False,+51.5%,True,$1562.8M,,N/A,False,0.0K,False,$16.95 / SMA $17.07,False,0.00%,,N/A,True,32.0M,False,PNK,False,
CBYDF,Corby Spirit and Wine Limited,11.17,2026-07-20T22:54:44.419204+00:00,False,+16.6%,True,$318.0M,True,+100.0%,False,0.1K,True,$11.17 / SMA $10.98,False,0.03%,False,+21.3%,True,15.8M,False,PNK,False,
CC,The Chemours Company,17.18,2026-07-20T22:59:06.992073+00:00,False,+64.6%,True,$2583.5M,False,+-533.3%,True,2769.0K,False,$17.18 / SMA $21.06,True,6.01%,False,+1.0%,True,149.9M,True,NYQ,False,
CCAP,"Crescent Capital BDC, Inc.",10.96,2026-07-20T22:52:58.481788+00:00,False,+1.8%,True,$403.8M,False,+-481.8%,False,242.3K,False,$10.96 / SMA $11.16,False,2.15%,False,+-295.2%,,,True,NGM,False,
CCARF,Colonial Coal International Corp.,1.65,2026-07-20T23:04:42.273594+00:00,True,+83.3%,True,$305.6M,,N/A,False,7.7K,False,$1.65 / SMA $1.77,True,3.93%,,N/A,True,110.8M,False,PNK,False,
CCBG,"Capital City Bank Group, Inc.",49.93,2026-07-20T22:51:09.991581+00:00,False,+31.4%,True,$853.9M,False,+-7.1%,False,89.6K,True,$49.93 / SMA $47.24,False,2.98%,False,+2.3%,True,13.7M,True,NMS,False,
CCCC,"C4 Therapeutics, Inc.",3.58,2026-07-20T23:04:36.140814+00:00,True,+111.8%,True,$395.8M,True,+45.9%,True,3189.0K,False,$3.58 / SMA $3.85,True,8.94%,False,+-15.0%,True,83.7M,True,NMS,False,
CCEC,Capital Clean Energy Carriers Corp.,22.46,2026-07-20T22:50:58.283340+00:00,False,+33.9%,True,$1350.1M,False,+-72.6%,False,13.2K,True,$22.46 / SMA $21.57,True,3.10%,False,+-3.9%,True,8.6M,True,NMS,False,
CCEP,Coca-Cola Europacific Partners PLC,106.14,2026-07-20T22:46:39.370455+00:00,False,+25.4%,True,$46968.6M,,,True,1879.0K,True,$106.14 / SMA $97.77,False,2.07%,,,False,199.5M,True,NMS,False,
CCHBF,Coca-Cola HBC AG,55.29,2026-07-20T22:56:51.909940+00:00,False,+20.5%,True,$20151.2M,,N/A,False,0.6K,False,$55.29 / SMA $60.43,False,0.01%,,N/A,False,191.9M,False,PNK,False,
CCHGY,Coca-Cola HBC AG,65.55,2026-07-20T22:56:51.364346+00:00,False,+47.7%,True,$23890.7M,,N/A,False,7.4K,True,$65.55 / SMA $60.95,False,0.98%,,N/A,False,191.9M,False,PNK,False,
CCII,Cohen Circle Acquisition Corp. II,10.36,2026-07-20T22:53:03.901618+00:00,False,+2.9%,True,$359.4M,True,+28033.0%,False,57.0K,True,$10.36 / SMA $10.30,False,0.43%,,,True,21.8M,True,NGM,False,
CCIIU,Cohen Circle Acquisition Corp. II,10.45,2026-07-20T23:04:39.788940+00:00,False,+2.6%,,N/A,,N/A,False,0.7K,False,$10.45 / SMA $10.46,False,0.07%,,N/A,True,21.8M,True,NGM,False,
CCJ,Cameco Corporation,84.85,2026-07-20T22:56:39.545414+00:00,False,+23.0%,True,$36955.0M,True,+87.5%,True,3332.5K,False,$84.85 / SMA $104.07,True,4.24%,False,+7.1%,False,434.5M,True,NYQ,False,
CCL,Carnival Corporation Ltd.,26.04,2026-07-20T22:56:42.434802+00:00,False,+11.0%,True,$35665.7M,False,+-7.1%,True,25842.8K,False,$26.04 / SMA $27.29,True,3.73%,False,+5.3%,False,1364.6M,True,NYQ,False,
CCPPF,Shaftesbury Capital PLC,1.82,2026-07-20T22:47:30.358490+00:00,False,+4.1%,True,$3317.9M,,,False,0.0K,True,$1.82 / SMA $1.81,False,0.00%,,,False,1336.3M,False,PNK,False,
CCRDF,"Yokohama Financial Group, Inc.",11.7,2026-07-20T22:47:00.607754+00:00,True,+83.7%,True,$13004.3M,,,False,0.1K,True,$11.70 / SMA $10.48,False,0.00%,,,False,1111.1M,False,PNK,False,
CCRN,"Cross Country Healthcare, Inc.",13.25,2026-07-20T23:04:34.142335+00:00,True,+78.3%,True,$428.1M,False,+-600.0%,True,743.2K,True,$13.25 / SMA $13.16,False,0.18%,False,+-17.8%,True,29.7M,True,NMS,False,
CCSI,"Consensus Cloud Solutions, Inc.",36.7,2026-07-20T22:52:52.163632+00:00,True,+89.0%,True,$675.2M,False,+21.5%,False,160.1K,True,$36.70 / SMA $33.87,True,4.75%,False,+1.5%,True,15.6M,True,NMS,False,
CCU,Compañía Cervecerías Unidas S.A.,11.25,2026-07-20T22:47:42.630709+00:00,False,+5.0%,True,$2082.8M,False,+-6.8%,False,167.3K,False,$11.25 / SMA $11.40,True,3.42%,False,+0.2%,True,60.2M,True,NYQ,False,
CCXI,Churchill Capital Corp XI,14.39,2026-07-20T22:52:49.565582+00:00,False,+42.9%,True,$801.5M,,,True,1692.6K,True,$14.39 / SMA $12.13,True,9.82%,,,True,41.4M,True,NGM,False,
CDNTF,"Canadian Tire Corporation, Limited",167.0,2026-07-20T22:47:09.954916+00:00,False,+11.2%,True,$8786.4M,,,False,0.0K,False,$167.00 / SMA $182.42,False,0.11%,False,+-20.8%,True,48.6M,False,PNK,False,
CDP,COPT Defense Properties,37.36,2026-07-20T22:47:12.760655+00:00,False,+38.8%,True,$4314.7M,False,+10.0%,True,1040.7K,True,$37.36 / SMA $33.86,False,1.89%,False,+6.8%,True,112.1M,True,NYQ,False,
CDRO,"Codere Online Luxembourg, S.A.",9.05,2026-07-20T23:04:33.912446+00:00,True,+74.7%,True,$411.5M,,N/A,False,35.9K,False,$9.05 / SMA $9.49,True,3.94%,,N/A,True,14.8M,True,NCM,False,
CDW,CDW Corporation,130.01,2026-07-20T22:46:57.319131+00:00,False,+33.9%,True,$16609.2M,False,+7.7%,True,2180.4K,True,$130.01 / SMA $125.65,True,4.20%,False,+9.2%,True,127.3M,True,NMS,False,
CDZI,Cadiz Inc.,3.32,2026-07-20T23:04:39.844199+00:00,False,+14.5%,False,$279.2M,False,+14.3%,True,997.8K,False,$3.32 / SMA $4.17,True,7.95%,False,+-44.8%,True,56.3M,True,NGM,False,
CDZIP,Cadiz Inc.,22.0001,2026-07-20T22:53:03.972750+00:00,False,+29.4%,,,,,False,6.7K,True,$22.00 / SMA $21.62,False,1.85%,False,+-44.8%,True,56.3M,True,NGM,False,
CECO,CECO Environmental Corp.,78.88,2026-07-20T22:59:09.380058+00:00,True,+154.5%,True,$4606.8M,False,+-101.0%,True,905.6K,False,$78.88 / SMA $85.36,True,5.19%,False,+16.5%,True,31.7M,True,NMS,False,
CEIEF,Coelacanth Energy Inc.,0.5501,2026-07-20T22:53:00.214515+00:00,False,+7.2%,True,$348.6M,True,+200.0%,False,37.9K,False,$0.55 / SMA $0.59,False,1.11%,True,+731.3%,False,331.1M,False,PNK,False,
CELH,"Celsius Holdings, Inc.",29.42,2026-07-20T22:47:11.161467+00:00,False,+7.1%,True,$7520.9M,True,+120.0%,True,9167.7K,False,$29.42 / SMA $30.02,True,4.91%,True,+137.7%,False,195.9M,True,NCM,False,
CEPF,"Cantor Equity Partners IV, Inc.",10.43,2026-07-20T22:52:49.747309+00:00,False,+3.4%,True,$596.1M,True,+13233.2%,False,66.1K,True,$10.43 / SMA $10.35,False,0.22%,,,True,41.9M,True,NGM,False,
CEPV,"Cantor Equity Partners V, Inc.",10.44,2026-07-20T23:04:43.301014+00:00,False,+3.8%,True,$331.9M,True,+437600.0%,False,49.2K,True,$10.44 / SMA $10.32,False,0.21%,,N/A,True,25.0M,True,NGM,False,
CERS,Cerus Corporation,3.15,2026-07-20T22:52:50.683840+00:00,True,+173.9%,True,$631.2M,True,+75.0%,True,2765.8K,True,$3.15 / SMA $2.80,True,5.88%,False,+24.1%,False,182.9M,True,NGM,False,
CESDF,CES Energy Solutions Corp.,11.97,2026-07-20T22:59:09.877128+00:00,True,+140.4%,True,$2524.0M,True,+26.3%,False,91.4K,False,$11.97 / SMA $12.19,False,1.14%,False,+7.8%,False,163.1M,False,OID,False,
CEVA,"CEVA, Inc.",37.33,2026-07-20T22:51:02.558846+00:00,True,+119.3%,True,$1040.0M,False,+-14.3%,True,920.1K,False,$37.33 / SMA $42.51,True,7.89%,False,+11.5%,True,24.7M,True,NMS,False,
CEVMY,CTS Eventim AG & Co. KGaA,15.69,2026-07-20T22:47:15.694181+00:00,False,+21.9%,True,$6024.4M,True,+37.5%,False,1.4K,True,$15.69 / SMA $15.53,False,0.51%,False,+23.0%,False,234.6M,False,PNK,False,
CFEIY,China Feihe Limited,4.39,2026-07-20T22:59:04.505102+00:00,False,+0.0%,True,$3866.6M,,N/A,False,0.0K,True,$4.39 / SMA $4.36,False,0.00%,,N/A,False,380.6M,False,PNK,False,
CFG,"Citizens Financial Group, Inc.",71.5,2026-07-20T22:56:46.914954+00:00,False,+55.8%,True,$30221.5M,True,+41.3%,True,4611.6K,True,$71.50 / SMA $66.40,False,2.20%,,N/A,False,418.5M,True,NYQ,False,
CFR,"Cullen/Frost Bankers, Inc.",162.07,2026-07-20T22:57:09.018800+00:00,False,+36.2%,True,$10177.5M,False,+15.2%,True,571.5K,True,$162.07 / SMA $145.74,False,1.83%,False,+6.4%,True,61.9M,True,NYQ,False,
CFRHF,Compagnie Financière Richemont SA,228.15,2026-07-20T22:56:31.495105+00:00,False,+45.2%,True,$134138.6M,,N/A,False,1.5K,True,$228.15 / SMA $215.15,True,5.05%,,N/A,False,534.6M,False,PNK,False,
CGC,Canopy Growth Corporation,0.9339,2026-07-20T22:52:54.799427+00:00,False,+10.7%,True,$418.8M,True,+72.0%,True,8396.3K,False,$0.93 / SMA $1.01,True,4.33%,False,+9.6%,False,421.7M,True,NMS,False,
CGCT,Cartesian Growth Corporation III,11.9,2026-07-20T22:53:05.979466+00:00,False,+28.5%,True,$492.7M,True,+7431.4%,False,235.3K,,,,,,,True,21.4M,True,NGM,False,
CGEAF,Cogeco Communications Inc.,45.72,2026-07-20T22:47:44.222908+00:00,False,+16.6%,True,$1920.9M,False,+-1934.1%,False,4.9K,True,$45.72 / SMA $45.53,False,0.05%,False,+-4.9%,True,29.8M,False,PNK,False,
CHBJF,China CITIC Bank Corporation Limited,0.85165,2026-07-20T22:56:36.827653+00:00,False,+1.3%,True,$47390.2M,,N/A,False,0.2K,False,$0.85 / SMA $0.89,False,0.00%,False,+6.3%,False,13139.5M,False,PNK,False,
CHKGF,CK Asset Holdings Limited,6.0,2026-07-20T22:46:50.391651+00:00,False,+43.2%,True,$20998.7M,,,False,0.0K,False,$6.00 / SMA $6.03,False,0.00%,,,False,1893.9M,False,PNK,False,
CHKP,Check Point Software Technologies Ltd.,135.73,2026-07-20T22:56:58.749911+00:00,False,+20.9%,True,$14119.7M,False,+5.8%,True,1591.7K,True,$135.73 / SMA $129.03,True,4.00%,False,+4.8%,True,79.5M,True,NMS,False,
CHNFF,CHNFF,0.4707,2026-07-20T23:01:00.032675+00:00,False,+10.8%,,N/A,,N/A,False,0.1K,True,$0.47 / SMA $0.37,False,0.00%,,N/A,False,724.5M,False,PNK,False,
CHOLF,China Oilfield Services Limited,0.8767,2026-07-20T22:57:10.980003+00:00,False,+9.6%,True,$4183.3M,,N/A,False,0.0K,False,$0.88 / SMA $1.01,False,0.00%,False,+-22.8%,False,2344.7M,False,PNK,False,
CHRHF,Chervon Holdings Limited,2.65,2026-07-20T23:01:03.163253+00:00,False,+37.7%,True,$1348.2M,,N/A,False,0.0K,True,$2.65 / SMA $2.05,False,0.00%,,N/A,True,126.1M,False,PNK,False,
CHRW,"C.H. Robinson Worldwide, Inc.",205.8,2026-07-20T22:56:51.761855+00:00,True,+113.8%,True,$24258.3M,False,+9.9%,True,1735.8K,True,$205.80 / SMA $183.45,False,2.91%,False,+-0.8%,True,117.4M,True,NMS,False,
CHSCM,CHS Inc.,24.45,2026-07-20T23:04:41.813391+00:00,False,+1.9%,,N/A,,N/A,False,28.9K,False,$24.45 / SMA $24.50,False,0.89%,,N/A,,N/A,True,NMS,False,
CHSCO,CHS Inc.,25.83,2026-07-20T22:53:05.750348+00:00,False,+1.3%,,,,,False,24.5K,True,$25.83 / SMA $25.80,False,0.69%,,,,,True,NMS,False,
CHVKF,"China Vanke Co., Ltd.",0.30992,2026-07-20T22:47:13.915282+00:00,False,+0.0%,True,$5107.9M,False,+5.7%,False,1.0K,False,$0.31 / SMA $0.37,False,0.00%,False,+-23.9%,False,8678.3M,False,PNK,False,
CHXMF,Troilus Mining Corp.,1.09,2026-07-20T22:51:11.741231+00:00,True,+157.7%,True,$604.1M,False,+-100.0%,False,164.0K,False,$1.09 / SMA $1.32,True,3.90%,,,True,35.3M,False,OQX,False,
CHYM,"Chime Financial, Inc.",21.93,2026-07-20T22:57:14.977335+00:00,False,+38.1%,True,$8355.7M,,N/A,True,5228.0K,True,$21.93 / SMA $18.82,True,6.15%,False,+24.8%,False,218.9M,True,NMS,False,
CIEN,Ciena Corporation,378.77,2026-07-20T22:56:34.148068+00:00,True,+355.3%,True,$53616.0M,True,+2383.3%,True,2744.2K,False,$378.77 / SMA $495.99,True,6.93%,True,+39.5%,True,140.9M,True,NYQ,False,
CIG,Companhia Energética de Minas Gerais - CEMIG,2.15,2026-07-20T22:47:12.135866+00:00,False,+20.1%,True,$6150.5M,False,+-5.8%,True,6400.3K,True,$2.15 / SMA $2.11,False,2.00%,False,+6.6%,False,2373.1M,True,NYQ,False,
CIG.C,CIG.C,,2026-07-20T22:57:13.258155+00:00,False,N/A,False,N/A,False,N/A,False,N/A,False,N/A,False,N/A,False,N/A,False,N/A,False,Unknown,False,No price data available
CIGI,Colliers International Group Inc.,99.66,2026-07-20T22:47:21.975115+00:00,False,+12.8%,True,$5093.0M,False,+-487.5%,False,260.7K,True,$99.66 / SMA $95.99,True,3.54%,False,+15.1%,True,43.6M,True,NMS,False,
CIHHF,"China Merchants Bank Co., Ltd.",6.1,2026-07-20T22:46:29.125445+00:00,False,+8.0%,True,$153841.1M,,,False,5.8K,True,$6.10 / SMA $5.85,False,0.01%,False,+5.8%,False,15365.9M,False,PNK,False,
CIHKY,"China Merchants Bank Co., Ltd.",31.09,2026-07-20T22:56:30.542966+00:00,False,+14.0%,True,$156817.0M,,N/A,False,45.2K,True,$31.09 / SMA $29.23,False,1.51%,False,+5.8%,False,3073.2M,False,PNK,False,
CIM,Chimera Investment Corporation,12.71,2026-07-20T23:01:03.815896+00:00,False,+8.9%,True,$1063.1M,False,+-144.1%,True,675.8K,False,$12.71 / SMA $12.96,False,1.95%,False,+-77.5%,True,81.3M,True,NYQ,False,
CIMN,CIMN,25.38,2026-07-20T22:51:02.082285+00:00,False,+4.1%,,,,,False,6.2K,True,$25.38 / SMA $25.27,False,0.41%,,,,,True,NYQ,False,
CITAF,"COSCO SHIPPING Development Co., Ltd.",0.1154,2026-07-20T22:47:25.702740+00:00,False,+4.9%,True,$1518.2M,,,False,1.0K,True,$0.12 / SMA $0.11,False,0.10%,False,+-22.8%,False,6793.0M,False,PNK,False,
CIVB,"Civista Bancshares, Inc.",28.53,2026-07-20T22:52:51.903748+00:00,False,+50.6%,True,$592.9M,False,+9.1%,False,110.8K,True,$28.53 / SMA $26.65,False,2.85%,False,+16.2%,True,20.3M,True,NCM,False,
CJEWF,Chow Tai Fook Jewellery Group Limited,1.58,2026-07-20T22:56:58.415074+00:00,False,+12.9%,True,$15588.8M,,N/A,False,0.8K,True,$1.58 / SMA $1.44,False,0.00%,,N/A,False,2094.1M,False,PNK,False,
CKHGY,Capitec Bank Holdings Limited,143.655,2026-07-20T22:46:43.761336+00:00,False,+51.8%,True,$33285.9M,,,False,2.2K,True,$143.66 / SMA $137.84,False,0.67%,,,False,174.5M,False,PNK,False,
CKHUY,CK Hutchison Holdings Limited,8.93,2026-07-20T22:56:42.478687+00:00,False,+44.0%,True,$34202.3M,,N/A,False,226.6K,True,$8.93 / SMA $8.74,False,1.12%,,N/A,False,2650.5M,False,PNK,False,
CKNHF,Clarkson PLC,65.89,2026-07-20T23:00:50.421495+00:00,False,+43.1%,True,$2024.2M,,N/A,False,0.1K,True,$65.89 / SMA $61.76,False,0.04%,,N/A,True,23.6M,False,PNK,False,
CLCMF,Sinch AB (publ),4.0,2026-07-20T22:59:06.109119+00:00,True,+70.2%,True,$2809.7M,True,+136.8%,False,1.2K,False,$4.00 / SMA $4.12,False,0.11%,False,+-16.0%,False,533.8M,False,PNK,False,
CLDHF,CapitaLand China Trust,0.49,2026-07-20T22:51:07.755666+00:00,False,+0.0%,True,$861.0M,,,False,0.1K,False,$0.49 / SMA $0.52,False,0.00%,,,False,1287.1M,False,PNK,False,
CLDX,"Celldex Therapeutics, Inc.",35.42,2026-07-20T22:47:39.867826+00:00,True,+79.6%,True,$2780.2M,False,+-45.7%,True,946.0K,True,$35.42 / SMA $33.35,True,4.70%,False,+-97.8%,True,72.5M,True,NCM,False,
CLM,"Cornerstone Strategic Investment Fund, Inc.",7.46,2026-07-20T23:00:49.362048+00:00,False,+7.8%,True,$2222.5M,,N/A,True,1596.3K,True,$7.46 / SMA $7.36,False,1.13%,,N/A,,N/A,True,ASE,False,
CLNE,Clean Energy Fuels Corp.,2.17,2026-07-20T23:03:00.201653+00:00,False,+30.7%,True,$477.9M,True,+90.0%,True,1542.5K,True,$2.17 / SMA $2.04,True,5.90%,False,+13.3%,False,174.0M,True,NMS,False,
CLPBY,Coloplast A/S,6.42,2026-07-20T22:46:57.532697+00:00,False,+13.8%,True,$14468.5M,False,+-193.1%,False,471.1K,True,$6.42 / SMA $6.08,False,2.15%,False,+0.8%,False,1445.7M,False,PNK,False,
CLPHY,CLP Holdings Limited,9.8,2026-07-20T22:56:48.023143+00:00,False,+22.7%,True,$24759.2M,,N/A,False,101.5K,True,$9.80 / SMA $9.61,False,1.76%,,N/A,False,1812.3M,False,PNK,False,
CLS,Celestica Inc.,307.34,2026-07-20T22:46:39.243590+00:00,True,+100.7%,True,$35335.8M,True,+147.3%,True,2143.8K,False,$307.34 / SMA $366.80,True,6.55%,True,+52.8%,True,113.8M,True,NYQ,False,
CLYM,Climb Bio Inc,12.22,2026-07-20T22:51:14.762687+00:00,True,+798.5%,True,$699.8M,True,+35.5%,True,1255.9K,True,$12.22 / SMA $11.86,True,7.99%,,,True,41.4M,True,NGM,True,
CMC,Commercial Metals Company,65.52,2026-07-20T22:47:10.636522+00:00,False,+31.9%,True,$7248.1M,True,+112.3%,True,1202.3K,False,$65.52 / SMA $70.30,True,3.33%,False,+22.9%,True,109.5M,True,NYQ,False,
CMCLF,CMOC Group Limited,2.25,2026-07-20T22:56:37.680070+00:00,True,+188.5%,True,$54178.5M,,N/A,False,24.2K,False,$2.25 / SMA $2.28,True,9.43%,,N/A,False,11085.7M,False,PNK,False,
CMCO,Columbus McKinnon Corporation,14.33,2026-07-20T23:04:33.404420+00:00,False,+19.5%,True,$413.2M,,N/A,True,522.6K,False,$14.33 / SMA $14.39,True,5.34%,True,+77.3%,True,27.7M,True,NMS,False,
CMG,"Chipotle Mexican Grill, Inc.",33.13,2026-07-20T22:56:40.479990+00:00,False,+18.2%,True,$42497.0M,False,+-17.9%,True,19590.3K,True,$33.13 / SMA $32.56,True,3.54%,False,+7.4%,False,1273.1M,True,NYQ,False,
CMHHY,China Merchants Port Holdings Company Limited,16.63,2026-07-20T22:57:10.051199+00:00,False,+1.1%,True,$6981.3M,,N/A,False,0.0K,False,$16.63 / SMA $18.11,False,0.00%,,N/A,True,116.9M,False,PNK,False,
CMI,Cummins Inc.,639.43,2026-07-20T22:46:32.226626+00:00,True,+85.9%,True,$88234.4M,False,+-21.0%,True,1005.0K,False,$639.43 / SMA $676.30,True,3.38%,False,+2.7%,True,137.4M,True,NYQ,False,
CMII,Columbus Circle Capital Corp II,10.055,2026-07-20T22:54:43.849782+00:00,False,+3.0%,True,$315.0M,,,False,138.2K,True,$10.05 / SMA $10.00,False,0.31%,,,True,21.6M,True,NGM,False,
CMOPF,Cosmo N.V.,77.1,2026-07-20T22:47:48.159382+00:00,False,+19.8%,True,$1320.8M,,,False,0.3K,False,$77.10 / SMA $89.37,False,1.50%,,,True,8.7M,False,PNK,False,
CMP,"Compass Minerals International, Inc.",29.37,2026-07-20T22:50:58.855485+00:00,True,+79.1%,True,$1232.3M,True,+139.0%,True,622.7K,False,$29.37 / SMA $30.14,True,4.23%,False,+-8.4%,True,39.3M,True,NYQ,False,
CMPGY,Compass Group PLC,31.54,2026-07-20T22:56:37.950470+00:00,False,+17.0%,True,$53627.9M,,N/A,False,364.7K,False,$31.54 / SMA $32.02,False,1.55%,,N/A,False,1691.8M,False,OQX,False,
CMPNF,Champion Real Estate Investment Trust,0.31,2026-07-20T23:00:55.203523+00:00,False,+34.8%,True,$1907.4M,,N/A,False,0.0K,False,$0.31 / SMA $0.33,False,0.00%,,N/A,False,2485.4M,False,PNK,False,
CMPR,Cimpress plc,103.03,2026-07-20T22:47:39.276762+00:00,True,+133.2%,True,$2496.6M,True,+266.7%,False,209.4K,True,$103.03 / SMA $95.37,True,4.19%,False,+12.3%,True,13.8M,True,NMS,False,
CMPX,"Compass Therapeutics, Inc.",2.02,2026-07-20T23:04:38.252522+00:00,False,+25.5%,True,$363.8M,False,+16.7%,True,7972.3K,False,$2.02 / SMA $2.08,True,5.18%,,N/A,True,122.7M,True,NCM,False,
CMXHF,CSL Limited,77.89,2026-07-20T22:46:42.674510+00:00,False,+22.0%,True,$37302.5M,,,False,2.7K,True,$77.89 / SMA $76.39,False,0.40%,,,False,481.8M,False,OQX,False,
CNGKY,CK Asset Holdings Limited,12.68,2026-07-20T22:46:48.710007+00:00,False,+44.6%,True,$22188.6M,,,False,4.1K,True,$12.68 / SMA $12.03,True,3.07%,,,False,946.9M,False,PNK,False,
CNH,CNH Industrial N.V.,10.33,2026-07-20T22:47:00.291640+00:00,False,+14.8%,True,$12808.7M,False,+-90.0%,True,12301.2K,False,$10.33 / SMA $10.55,True,3.66%,False,+-0.1%,False,1235.5M,True,NYQ,False,
CNK,"Cinemark Holdings, Inc.",31.94,2026-07-20T22:47:33.489881+00:00,False,+47.9%,True,$3730.2M,True,+81.2%,True,2249.8K,True,$31.94 / SMA $29.99,True,3.69%,False,+18.9%,True,102.9M,True,NYQ,False,
CNL,Collective Mining Ltd.,12.26,2026-07-20T23:00:59.462421+00:00,False,+47.7%,True,$1137.0M,True,+40.9%,False,62.5K,False,$12.26 / SMA $14.48,True,5.61%,,N/A,True,50.0M,True,ASE,False,
CNMD,CONMED Corporation,43.45,2026-07-20T22:51:02.078866+00:00,False,+38.2%,True,$1308.2M,True,+136.8%,True,596.9K,True,$43.45 / SMA $36.10,True,5.45%,False,+-1.3%,True,29.8M,True,NYQ,False,
CNOB,"ConnectOne Bancorp, Inc.",33.46,2026-07-20T23:00:57.493873+00:00,False,+51.6%,True,$1682.7M,True,+46.9%,False,414.6K,True,$33.46 / SMA $31.42,False,2.21%,True,+64.7%,True,47.5M,True,NMS,False,
CNPPF,China Overseas Property Holdings Limited,0.4304,2026-07-20T23:00:54.037166+00:00,False,+0.0%,True,$1413.4M,,N/A,False,0.2K,True,$0.43 / SMA $0.41,False,0.00%,,N/A,False,1272.9M,False,PNK,False,
CNQ,Canadian Natural Resources Limited,43.95,2026-07-20T22:56:32.311860+00:00,False,+50.0%,True,$91667.0M,,N/A,True,9384.6K,True,$43.95 / SMA $43.87,False,2.20%,,N/A,False,2033.4M,True,NYQ,False,
CNR,"Core Natural Resources, Inc.",83.96,2026-07-20T22:58:59.943932+00:00,False,+22.1%,True,$4232.2M,True,+129.7%,True,699.0K,False,$83.96 / SMA $85.74,True,3.25%,False,+6.6%,True,49.2M,True,NYQ,False,
CNXC,Concentrix Corporation,24.24,2026-07-20T23:00:55.950149+00:00,False,+26.8%,True,$1479.1M,True,+36.5%,True,1895.2K,False,$24.24 / SMA $25.03,True,8.31%,False,+1.9%,True,45.5M,True,NMS,False,
COCO,"The Vita Coco Company, Inc.",73.87,2026-07-20T22:47:24.715273+00:00,True,+132.4%,True,$4218.9M,True,+61.3%,True,1274.2K,False,$73.87 / SMA $75.42,True,5.32%,True,+37.3%,True,49.4M,True,NMS,False,
COCSF,"Coca-Cola FEMSA, S.A.B. de C.V.",10.45,2026-07-20T22:57:19.777692+00:00,False,+38.0%,True,$21953.7M,False,+-89.4%,False,1.6K,False,$10.45 / SMA $10.75,False,2.37%,False,+1.1%,False,3276.5M,False,PNK,False,
CODI,Compass Diversified,10.0,2026-07-20T23:02:43.194424+00:00,True,+118.3%,True,$752.4M,False,+-5.1%,True,924.1K,False,$10.00 / SMA $10.82,True,5.43%,False,+-5.9%,True,63.1M,True,NYQ,False,
COF,Capital One Financial Corporation,206.77,2026-07-20T22:56:31.852717+00:00,False,+18.7%,True,$127374.3M,False,+-3.2%,True,4713.6K,True,$206.77 / SMA $193.24,False,2.59%,True,+52.3%,False,609.4M,True,NYQ,False,
COGNY,Cogna Educação S.A.,0.42,2026-07-20T23:02:38.529110+00:00,False,+16.7%,True,$840.5M,True,+40.0%,False,2.3K,False,$0.42 / SMA $0.47,False,1.71%,True,+31.9%,False,1678.9M,False,PNK,False,
COHR,Coherent Corp.,285.4,2026-07-20T22:56:35.026459+00:00,True,+238.4%,True,$55835.5M,True,+981.8%,True,5955.4K,False,$285.40 / SMA $364.26,True,8.24%,False,+20.5%,False,194.9M,True,NYQ,False,
COIHY,Croda International Plc,19.54,2026-07-20T22:47:18.711411+00:00,False,+20.2%,True,$5446.0M,,,False,4.9K,False,$19.54 / SMA $19.80,False,0.79%,,,False,255.1M,False,PNK,False,
COLL,"Collegium Pharmaceutical, Inc.",35.54,2026-07-20T23:01:03.853820+00:00,False,+21.8%,True,$1152.7M,True,+471.4%,False,440.6K,True,$35.54 / SMA $34.78,True,3.98%,False,+8.9%,True,32.0M,True,NMS,False,
COMP,"Compass, Inc.",11.74,2026-07-20T22:57:16.307042+00:00,True,+84.3%,True,$8771.6M,True,+133.3%,True,13954.4K,True,$11.74 / SMA $9.70,True,5.52%,True,+99.4%,False,725.6M,True,NYQ,False,
COR,"Cencora, Inc.",303.99,2026-07-20T22:56:37.947539+00:00,False,+24.2%,True,$59144.6M,True,+128.3%,True,1851.5K,True,$303.99 / SMA $279.35,False,2.54%,False,+3.8%,False,184.0M,True,NYQ,False,
CORT,Corcept Therapeutics Incorporated,91.57,2026-07-20T22:47:15.169993+00:00,True,+219.5%,True,$9830.2M,False,+-276.5%,True,1112.6K,True,$91.57 / SMA $75.76,True,4.60%,False,+4.9%,True,89.9M,True,NCM,False,
COSO,"CoastalSouth Bancshares, Inc.",26.7,2026-07-20T23:04:45.385736+00:00,False,+38.8%,True,$324.9M,False,+8.5%,False,125.3K,True,$26.70 / SMA $26.23,False,2.18%,False,+16.5%,True,7.9M,True,NYQ,False,
COTY,Coty Inc.,2.7,2026-07-20T23:00:53.509129+00:00,False,+48.4%,True,$2377.3M,False,+0.0%,True,11764.3K,True,$2.70 / SMA $2.12,True,6.42%,False,+-1.3%,False,375.6M,True,NYQ,False,
COUR,"Coursera, Inc.",5.46,2026-07-20T23:00:56.956933+00:00,False,+9.2%,True,$1563.5M,False,+-140.0%,True,7190.4K,False,$5.46 / SMA $5.54,True,4.98%,False,+9.1%,True,147.3M,True,NYQ,False,
COVCF,COVER Corporation,10.225,2026-07-20T22:51:11.856337+00:00,False,+40.1%,True,$652.1M,,,False,0.3K,True,$10.22 / SMA $9.53,False,0.67%,,,True,37.1M,False,PNK,False,
CPA,"Copa Holdings, S.A.",139.05,2026-07-20T22:57:19.631677+00:00,False,+30.5%,True,$5673.2M,False,+20.6%,False,361.0K,False,$139.05 / SMA $140.47,True,3.11%,False,+17.0%,True,28.2M,True,NYQ,False,
CPAY,"Corpay, Inc.",369.28,2026-07-20T22:56:49.578656+00:00,False,+46.1%,True,$24136.8M,True,+49.1%,True,613.3K,True,$369.28 / SMA $348.64,True,3.14%,True,+25.4%,True,62.7M,True,NYQ,False,
CPB,The Campbell's Company,22.09,2026-07-20T22:57:17.447429+00:00,False,+12.9%,True,$6587.4M,True,+86.4%,True,8953.6K,True,$22.09 / SMA $21.27,True,3.51%,False,+-4.4%,False,192.3M,True,NMS,False,
CPKRF,Canada Packers Inc.,14.58,2026-07-20T23:04:36.390303+00:00,False,+45.3%,,N/A,,N/A,False,7.8K,True,$14.58 / SMA_short $13.60,False,0.13%,,N/A,True,15.1M,False,PNK,False,
CPPKF,Faraday Copper Corp.,3.68,2026-07-20T23:01:03.894437+00:00,True,+391.3%,True,$1075.6M,False,+0.0%,False,106.0K,False,$3.68 / SMA $4.11,True,6.99%,,N/A,False,229.6M,False,OQX,False,
CPYYF,Centrica plc,2.65,2026-07-20T22:47:01.253317+00:00,False,+32.5%,True,$12001.9M,,,False,8.5K,True,$2.65 / SMA $2.48,False,0.00%,,,False,4215.9M,False,PNK,False,
CPYYY,Centrica plc,9.35,2026-07-20T22:57:01.497993+00:00,False,+15.9%,True,$10586.6M,,N/A,False,125.7K,False,$9.35 / SMA $10.01,False,1.16%,,N/A,False,1054.0M,False,PNK,False,
CR,Crane Company,217.54,2026-07-20T22:57:04.738397+00:00,False,+36.3%,True,$12562.0M,False,+-37.7%,True,539.7K,True,$217.54 / SMA $199.47,True,3.08%,False,+24.9%,True,49.3M,True,NYQ,False,
CRAN,Crane Harbor Acquisition Corp. II,10.16,2026-07-20T22:53:02.985750+00:00,False,+2.8%,True,$476.5M,,,False,51.4K,True,$10.16 / SMA $10.09,False,0.20%,,,True,29.3M,True,NGM,False,
CRARF,Crédit Agricole S.A.,19.1,2026-07-20T22:46:35.275641+00:00,False,+5.5%,True,$57786.8M,,,False,0.4K,False,$19.10 / SMA $19.18,False,0.13%,True,+33.6%,False,905.3M,False,PNK,False,
CRCL,Circle Internet Group,65.45,2026-07-20T22:56:46.112947+00:00,False,+31.2%,True,$17494.2M,,N/A,True,15019.6K,False,$65.45 / SMA $87.40,True,7.75%,False,+20.0%,False,191.2M,True,NYQ,False,
CRD.A,CRD.A,,2026-07-20T22:52:53.120452+00:00,False,,False,,False,,False,,False,,False,,False,,False,,False,Unknown,False,No price data available
CRDIY,"Yokohama Financial Group, Inc.",33.55,2026-07-20T22:57:02.098319+00:00,True,+82.8%,True,$12430.0M,,N/A,False,7.8K,True,$33.55 / SMA $32.51,True,3.24%,,N/A,False,370.4M,False,PNK,False,
CRERF,Carrefour SA,18.92,2026-07-20T22:46:57.182547+00:00,False,+39.1%,True,$13386.2M,,,False,0.8K,True,$18.92 / SMA $18.90,False,0.56%,,,False,587.1M,False,PNK,False,
CRHKY,China Resources Beer (Holdings) Company Limited,6.19,2026-07-20T22:47:04.194677+00:00,False,+17.9%,True,$10040.2M,,,False,165.3K,True,$6.19 / SMA $6.08,False,2.13%,,,False,779.8M,False,PNK,False,
CRK,"Comstock Resources, Inc.",12.89,2026-07-20T22:47:26.679180+00:00,False,+3.6%,True,$3785.7M,True,+195.0%,True,2701.5K,False,$12.89 / SMA $13.76,True,4.05%,False,+14.2%,True,63.5M,True,NYQ,False,
CRLFF,Cardinal Energy Ltd.,7.67,2026-07-20T22:47:49.310635+00:00,False,+52.5%,True,$1344.5M,False,+-53.8%,False,234.8K,False,$7.67 / SMA $8.20,False,1.95%,False,+11.1%,True,136.2M,False,PNK,False,
CRM,"Salesforce, Inc.",173.79,2026-07-20T22:46:28.914353+00:00,False,+18.8%,True,$142334.0M,True,+52.2%,True,14832.6K,True,$173.79 / SMA $171.22,True,3.66%,False,+13.3%,False,793.7M,True,NYQ,False,
CRMD,CorMedix Inc.,7.78,2026-07-20T23:02:51.398338+00:00,False,+26.9%,True,$610.4M,True,+43.3%,True,1303.9K,False,$7.78 / SMA $8.29,True,4.82%,True,+226.1%,True,66.5M,True,NGM,False,
CRNC,Cerence Inc.,8.6,2026-07-20T22:52:53.696998+00:00,False,+47.0%,True,$388.6M,False,+-91.3%,True,1006.0K,False,$8.60 / SMA $10.56,True,7.15%,False,+-17.7%,True,43.8M,True,NMS,False,
CRNCY,Capricorn Energy PLC,9.17,2026-07-20T22:54:44.617597+00:00,True,+95.1%,True,$314.8M,,,False,0.1K,True,$9.17 / SMA $8.81,False,0.50%,,,True,19.8M,False,PNK,False,
CRPAY,CRPAY,12.83,2026-07-20T22:47:07.694318+00:00,False,+6.9%,True,$8322.1M,,,False,0.0K,False,$12.83 / SMA $13.49,False,0.00%,,,True,57.2M,False,PNK,False,
CRUS,"Cirrus Logic, Inc.",136.79,2026-07-20T22:47:08.334194+00:00,False,+48.7%,True,$6901.4M,False,+19.1%,True,624.3K,False,$136.79 / SMA $159.29,True,3.42%,False,+5.7%,True,50.1M,True,NMS,False,
CRVS,"Corvus Pharmaceuticals, Inc.",14.1,2026-07-20T22:51:03.791335+00:00,True,+256.1%,True,$1185.7M,False,+-15.4%,True,1576.1K,True,$14.10 / SMA $13.39,True,6.05%,,,True,72.8M,True,NGM,False,
CRZBY,Commerzbank AG,41.86,2026-07-20T22:56:39.238776+00:00,False,+26.5%,True,$47349.2M,False,+15.1%,False,44.2K,False,$41.86 / SMA $42.42,False,1.50%,False,+5.1%,False,829.3M,False,PNK,False,
CSCCF,Capstone Copper Corp.,8.82,2026-07-20T22:57:13.356828+00:00,False,+69.1%,True,$6736.6M,True,+1400.0%,False,415.6K,False,$8.82 / SMA $9.70,True,4.62%,False,+22.3%,False,689.8M,False,PNK,False,
CSHR,CoinShares PLC,4.11,2026-07-20T22:51:12.669582+00:00,False,+17.1%,True,$541.6M,,,False,399.6K,False,$4.11 / SMA $4.58,True,6.36%,,,True,19.4M,True,NMS,False,
CSIOY,"Casio Computer Co.,Ltd.",118.62,2026-07-20T23:00:46.803380+00:00,False,+56.3%,True,$2626.4M,,N/A,False,0.1K,True,$118.62 / SMA $112.91,False,0.36%,,N/A,True,20.6M,False,PNK,False,
CSL,Carlisle Companies Incorporated,327.31,2026-07-20T22:46:58.508233+00:00,False,+11.5%,True,$13244.6M,False,+-3.1%,False,458.3K,False,$327.31 / SMA $347.82,True,4.36%,False,+-4.0%,True,39.9M,True,NYQ,False,
CSPKF,COSCO SHIPPING Ports Limited,0.6898,2026-07-20T22:47:36.862183+00:00,False,+6.4%,True,$2770.7M,,,False,0.2K,True,$0.69 / SMA $0.69,False,0.00%,,,False,1097.9M,False,PNK,False,
CSR,Centerspace,55.87,2026-07-20T22:51:01.539587+00:00,False,+5.9%,True,$990.2M,False,+-250.0%,False,154.8K,False,$55.87 / SMA $59.92,False,2.66%,False,+-3.0%,True,15.4M,True,NYQ,False,
CSUAY,China Shenhua Energy Company Limited,22.22,2026-07-20T22:56:30.518358+00:00,False,+33.2%,True,$120484.8M,False,+-11.8%,False,23.4K,True,$22.22 / SMA $21.62,False,2.11%,False,+1.2%,False,1481.0M,False,PNK,False,
CTBI,"Community Trust Bancorp, Inc.",74.72,2026-07-20T23:01:02.142324+00:00,False,+48.7%,True,$1357.2M,False,+18.8%,False,107.6K,True,$74.72 / SMA $68.98,False,2.23%,,N/A,True,16.7M,True,NMS,False,
CTNM,"Contineum Therapeutics, Inc.",13.53,2026-07-20T23:02:56.347381+00:00,True,+189.7%,True,$505.8M,True,+37.1%,False,303.6K,True,$13.53 / SMA $13.53,True,8.19%,,N/A,True,27.6M,True,NMS,False,
CTS,CTS Corporation,59.2,2026-07-20T23:00:53.592038+00:00,False,+64.3%,True,$1692.7M,True,+34.1%,False,320.4K,False,$59.20 / SMA $62.76,True,3.47%,False,+10.7%,True,28.1M,True,NYQ,False,
CTTAF,Continental Aktiengesellschaft,84.184,2026-07-20T22:56:56.282943+00:00,False,+36.8%,True,$16837.3M,True,+194.1%,False,0.7K,True,$84.18 / SMA $82.37,True,3.75%,False,+-10.4%,True,108.0M,False,PNK,False,
CTVA,"Corteva, Inc.",86.78,2026-07-20T22:46:36.626419+00:00,False,+43.4%,True,$58040.2M,False,+12.6%,True,3825.8K,True,$86.78 / SMA $80.86,False,2.56%,False,+11.0%,False,666.9M,True,NYQ,False,
CUBE,CubeSmart,41.58,2026-07-20T22:47:07.493993+00:00,False,+18.5%,True,$9464.0M,False,+-7.7%,True,2115.4K,True,$41.58 / SMA $40.02,False,1.98%,False,+3.3%,False,212.4M,True,NYQ,False,
CURB,Curbline Properties Corp.,31.28,2026-07-20T22:47:34.519991+00:00,False,+44.7%,True,$3567.1M,False,+-70.0%,True,1097.5K,True,$31.28 / SMA $29.52,False,1.87%,True,+49.9%,True,96.9M,True,NYQ,False,
CUSI,"Cuisine Solutions, Inc.",19.25,2026-07-20T23:04:40.646742+00:00,False,+7.0%,True,$338.0M,,N/A,False,0.1K,False,$19.25 / SMA $19.89,False,0.00%,,N/A,,N/A,False,PNK,False,
CV,"CapsoVision, Inc.",6.75,2026-07-20T23:04:42.594551+00:00,True,+96.6%,True,$337.3M,False,+-29.3%,False,154.7K,False,$6.75 / SMA $6.81,True,7.56%,False,+0.3%,True,31.5M,True,NCM,False,
CVCCF,CVC Capital Partners plc,14.0,2026-07-20T22:46:54.054889+00:00,False,+12.0%,True,$14663.2M,,,False,0.1K,False,$14.00 / SMA $14.15,False,0.02%,,,False,943.4M,False,PNK,False,
CVGW,Calavo Growers Inc,26.09,2026-07-20T22:52:54.915914+00:00,False,+41.8%,True,$466.3M,False,+-84.0%,False,299.7K,False,$26.09 / SMA_short $26.09,,,False,+-20.8%,True,15.2M,True,NMS,False,
CVI,"CVR Energy, Inc.",34.66,2026-07-20T22:59:06.674657+00:00,True,+76.7%,True,$3484.4M,False,+-56.6%,True,937.8K,True,$34.66 / SMA $31.56,True,4.75%,False,+20.3%,True,29.3M,True,NYQ,False,
CVLT,"Commvault Systems, Inc.",146.72,2026-07-20T22:58:58.914413+00:00,True,+104.5%,True,$6077.4M,False,+-50.7%,True,801.3K,True,$146.72 / SMA $126.19,True,4.51%,False,+13.3%,True,40.7M,True,NMS,False,
CVX,Chevron Corporation,189.71,2026-07-20T22:56:27.688275+00:00,False,+29.5%,True,$377826.0M,False,+-44.5%,True,9462.8K,True,$189.71 / SMA $181.68,False,1.78%,False,+3.2%,False,1882.4M,True,NYQ,False,
CW,Curtiss-Wright Corporation,709.02,2026-07-20T22:56:46.995930+00:00,False,+53.1%,True,$26192.0M,True,+29.1%,False,273.8K,False,$709.02 / SMA $743.64,True,3.77%,False,+13.4%,True,36.7M,True,NYQ,False,
CWBC,Community West Bancshares,27.15,2026-07-20T23:02:50.782326+00:00,False,+46.7%,True,$736.7M,True,+36.4%,False,361.5K,True,$27.15 / SMA $25.30,False,2.58%,False,+11.9%,True,23.3M,True,NCM,False,
CWH,"Camping World Holdings, Inc.",6.02,2026-07-20T22:51:10.620311+00:00,False,+5.6%,True,$382.4M,False,+-23.8%,True,2699.8K,False,$6.02 / SMA $7.10,True,6.45%,False,+-4.2%,True,54.7M,True,NYQ,False,
CWST,"Casella Waste Systems, Inc.",93.57,2026-07-20T22:57:19.999195+00:00,False,+26.4%,True,$5952.0M,False,+-12.5%,True,745.2K,True,$93.57 / SMA $89.65,True,3.70%,False,+9.6%,True,62.2M,True,NMS,False,
CWXZF,Doman Building Materials Group Ltd.,8.27,2026-07-20T23:02:50.279418+00:00,False,+54.6%,True,$725.8M,False,+0.0%,False,8.6K,True,$8.27 / SMA $7.73,False,0.40%,False,+-3.9%,True,86.4M,False,PNK,False,
CXDO,"Crexendo, Inc.",7.69,2026-07-20T22:54:43.422380+00:00,False,+46.2%,False,$249.3M,False,+-50.0%,True,610.9K,False,$7.69 / SMA $8.36,True,6.50%,True,+29.0%,True,20.9M,True,NCM,False,
CXIIU,Churchill Capital Corp XII,11.01,2026-07-20T22:53:03.014894+00:00,False,+9.2%,,,,,False,211.6K,True,$11.01 / SMA $10.38,False,1.63%,,,True,41.8M,True,NGM,False,
CXMSF,"CEMEX, S.A.B. de C.V.",1.3,2026-07-20T22:56:53.714730+00:00,True,+73.3%,True,$21082.2M,False,+-68.7%,False,0.5K,True,$1.30 / SMA $1.25,False,0.08%,False,+11.2%,False,14060.4M,False,PNK,False,
CXT,"Crane NXT, Co.",51.09,2026-07-20T22:59:14.061228+00:00,False,+43.1%,True,$2939.8M,,N/A,True,982.6K,True,$51.09 / SMA $44.02,True,3.96%,,N/A,True,57.3M,True,NYQ,False,
CYAGF,"CyberAgent, Inc.",8.8399,2026-07-20T22:47:25.200191+00:00,False,+22.0%,True,$4482.7M,,,False,0.0K,True,$8.84 / SMA $8.72,False,0.00%,,,False,409.1M,False,PNK,False,
CYGIY,"CyberAgent, Inc.",5.0,2026-07-20T22:47:24.460736+00:00,False,+33.3%,True,$5071.0M,,,False,0.1K,True,$5.00 / SMA $4.13,False,1.28%,,,False,818.2M,False,PNK,False,
CYRBY,Cyrela Brazil Realty S.A. Empreendimentos e Participações,4.73,2026-07-20T22:47:46.001343+00:00,False,+26.5%,True,$1732.8M,False,+-23.5%,False,10.5K,True,$4.73 / SMA $4.45,True,6.29%,False,+3.7%,False,266.4M,False,PNK,False,
CYRX,"Cryoport, Inc.",15.71,2026-07-20T22:51:12.342855+00:00,True,+134.8%,True,$791.8M,False,+10.7%,True,811.9K,True,$15.71 / SMA $14.96,True,4.57%,False,+16.5%,True,40.8M,True,NCM,False,
CZMWY,Carl Zeiss Meditec AG,32.68,2026-07-20T22:47:36.902721+00:00,False,+22.6%,True,$2860.7M,False,+-133.3%,False,4.2K,True,$32.68 / SMA $30.92,False,1.90%,False,+-4.8%,True,34.7M,False,PNK,False,
D,"Dominion Energy, Inc.",70.36,2026-07-20T22:46:35.315678+00:00,False,+26.0%,True,$61882.5M,False,+-8.0%,True,7171.2K,True,$70.36 / SMA $67.31,False,1.63%,False,+23.1%,False,877.7M,True,NYQ,False,
DAN,Dana Incorporated,26.15,2026-07-20T22:47:29.379853+00:00,True,+70.8%,True,$2813.1M,True,+5717.6%,True,1505.1K,False,$26.15 / SMA $31.12,True,3.86%,False,+4.9%,True,106.5M,True,NYQ,False,
DAO,"Youdao, Inc.",15.37,2026-07-20T23:00:56.603916+00:00,True,+85.2%,True,$1854.2M,False,+-50.0%,False,86.0K,True,$15.37 / SMA $12.30,True,8.72%,False,+3.8%,True,26.8M,True,NYQ,False,
DAR,Darling Ingredients Inc.,63.5,2026-07-20T22:47:06.855628+00:00,True,+117.8%,True,$10091.9M,True,+618.8%,True,2405.0K,True,$63.50 / SMA $58.81,True,3.22%,False,+12.3%,False,156.7M,True,NYQ,False,
DASTY,Dassault Systèmes SE,20.71,2026-07-20T22:46:43.332578+00:00,False,+9.1%,True,$27212.9M,False,+10.0%,False,179.6K,False,$20.71 / SMA $21.58,False,1.95%,False,+-4.0%,False,663.6M,False,PNK,False,
DBCA,D. Boral Acquisition I Corp.,9.97,2026-07-20T22:52:57.301241+00:00,False,+1.4%,True,$554.3M,,,False,70.9K,True,$9.97 / SMA $9.96,False,0.13%,,,True,28.7M,True,NGM,False,
DBI,Designer Brands Inc.,5.68,2026-07-20T22:53:03.472766+00:00,True,+122.7%,False,$288.4M,True,+105.6%,True,681.8K,False,$5.68 / SMA $6.57,True,5.88%,False,+1.4%,True,28.8M,True,NYQ,False,
DBLVF,Doubleview Gold Corp.,1.38,2026-07-20T23:04:32.805138+00:00,False,+0.0%,True,$324.6M,,N/A,False,132.6K,False,$1.38 / SMA_short $1.57,True,6.70%,,N/A,False,202.8M,False,OQX,False,
DBOEF,Deutsche Börse AG,303.68,2026-07-20T22:56:37.823401+00:00,False,+31.1%,True,$56326.9M,,N/A,False,6.8K,True,$303.68 / SMA $285.08,True,3.31%,False,+9.1%,False,182.2M,False,PNK,False,
DBSDF,DBS Group Holdings Ltd,57.11,2026-07-20T22:46:29.471940+00:00,False,+65.7%,True,$162057.6M,,,False,5.1K,True,$57.11 / SMA $50.70,True,4.37%,False,+8.0%,False,2039.1M,False,PNK,False,
DC,Dakota Gold Corp.,4.16,2026-07-20T22:51:12.534525+00:00,False,+15.7%,True,$557.1M,False,+-75.0%,True,1445.9K,False,$4.16 / SMA $5.02,True,5.04%,,,True,119.0M,True,ASE,False,
DCBO,Docebo Inc.,19.48,2026-07-20T22:52:53.232533+00:00,False,+35.4%,True,$494.5M,False,+-220.0%,False,145.8K,True,$19.48 / SMA $18.01,True,5.08%,False,+14.5%,True,9.4M,True,NMS,False,
DCI,"Donaldson Company, Inc.",89.64,2026-07-20T22:47:05.815807+00:00,False,+28.8%,True,$10390.3M,True,+108.3%,True,752.9K,True,$89.64 / SMA $85.93,False,2.22%,False,+5.9%,True,115.1M,True,NYQ,False,
DCO,Ducommun Incorporated,168.66,2026-07-20T22:47:42.043013+00:00,True,+99.0%,True,$2544.3M,True,+611.1%,False,267.6K,True,$168.66 / SMA $159.92,True,4.45%,False,+8.6%,True,14.5M,True,NYQ,False,
DD,"DuPont de Nemours, Inc.",135.75,2026-07-20T22:46:51.587214+00:00,False,+56.8%,True,$18328.9M,True,+127.7%,True,1318.4K,False,$135.75 / SMA $141.54,False,2.78%,False,+4.3%,True,136.1M,True,NYQ,False,
DDD,3D Systems Corporation,2.63,2026-07-20T22:52:55.382982+00:00,False,+67.5%,True,$429.6M,True,+89.3%,True,4611.7K,False,$2.63 / SMA $3.05,True,6.35%,False,+1.1%,True,141.3M,True,NYQ,False,
DDL,Dingdong (Cayman) Limited,2.29,2026-07-20T23:02:54.422572+00:00,False,+38.8%,True,$500.7M,True,+2400.0%,False,456.0K,False,$2.29 / SMA $2.33,True,4.92%,True,+195.2%,True,119.9M,True,NYQ,False,
DDOG,"Datadog, Inc.",263.2,2026-07-20T22:46:33.230453+00:00,True,+168.5%,True,$93688.7M,True,+114.3%,True,5760.4K,True,$263.20 / SMA $235.59,True,5.38%,True,+32.2%,False,328.9M,True,NMS,False,
DDWWF,Dividend Growth Split Corp.,4.1244,2026-07-20T23:04:39.373753+00:00,False,+0.0%,False,$229.1M,,N/A,False,0.0K,True,$4.12 / SMA $4.02,False,0.00%,,N/A,,N/A,False,PNK,False,
DEA,"Easterly Government Properties, Inc.",25.19,2026-07-20T22:51:02.280854+00:00,False,+22.5%,True,$1212.5M,False,+-71.4%,False,402.5K,True,$25.19 / SMA $24.12,False,2.30%,False,+16.4%,True,43.8M,True,NYQ,False,
DELHY,Delivery Hero SE,4.33,2026-07-20T22:47:01.630862+00:00,True,+157.7%,True,$13152.3M,,,False,186.9K,True,$4.33 / SMA $4.01,False,2.56%,,,False,2035.2M,False,PNK,False,
DELKY,Delek Group Ltd.,29.75,2026-07-20T22:57:17.480240+00:00,False,+55.4%,True,$54407.2M,True,+400.0%,False,1.0K,False,$29.75 / SMA $32.18,False,1.14%,True,+51.3%,False,889.3M,False,PNK,False,
DEUZF,DEUTZ Aktiengesellschaft,10.85,2026-07-20T22:47:47.798590+00:00,False,+28.9%,True,$1656.1M,,,False,0.4K,False,$10.85 / SMA $11.56,False,0.00%,False,+4.4%,True,147.7M,False,PNK,False,
DFDDF,DFDS A/S,20.6375,2026-07-20T22:50:59.383140+00:00,False,+45.6%,True,$1114.8M,,,False,0.0K,True,$20.64 / SMA $19.07,False,0.00%,False,+2.2%,True,32.0M,False,PNK,False,
DFH,"Dream Finders Homes, Inc.",14.88,2026-07-20T22:50:58.193925+00:00,False,+22.0%,True,$1362.0M,False,+-79.6%,True,732.4K,False,$14.88 / SMA $15.14,True,5.74%,False,+-10.3%,True,28.1M,True,NYQ,False,
DFKCY,"Daifuku Co., Ltd.",19.38,2026-07-20T22:46:53.797871+00:00,True,+72.7%,True,$14252.4M,,,False,45.7K,False,$19.38 / SMA $21.83,True,3.99%,,,False,683.5M,False,PNK,False,
DFP,Flaherty & Crumrine Dynamic Preferred and Income Fund Inc.,20.96,2026-07-20T23:04:34.366196+00:00,False,+7.2%,True,$430.5M,,N/A,False,54.8K,True,$20.96 / SMA $20.46,False,0.69%,,N/A,,N/A,True,NYQ,False,
DGIPF,DigiPlus Interactive Corp.,0.18085,2026-07-20T22:51:03.054728+00:00,False,+21.1%,,,,,False,16.5K,False,$0.18 / SMA $0.19,True,8.16%,,,,,False,PNK,False,
DGX,Quest Diagnostics Incorporated,207.66,2026-07-20T22:46:49.914977+00:00,False,+25.6%,True,$22987.2M,False,+15.5%,True,898.0K,True,$207.66 / SMA $199.48,False,2.32%,False,+9.2%,True,110.1M,True,NYQ,False,
DHR,Danaher Corporation,201.11,2026-07-20T22:46:30.073749+00:00,False,+25.0%,True,$142339.8M,False,+9.8%,True,4662.1K,True,$201.11 / SMA $182.98,False,2.62%,False,+3.7%,False,630.6M,True,NYQ,False,
DHTRF,DHTRF,12.7,2026-07-20T23:02:50.710190+00:00,False,+29.2%,True,$698.7M,True,+33.3%,False,10.8K,True,$12.70 / SMA $12.34,False,0.00%,True,+34.4%,,N/A,False,PNK,False,
DINO,HF Sinclair Corporation,90.41,2026-07-20T22:47:00.069988+00:00,True,+114.4%,True,$16298.7M,True,+17900.0%,True,2424.8K,True,$90.41 / SMA $72.33,True,3.40%,False,+11.8%,False,168.1M,True,NYQ,False,
DJT,Trump Media & Technology Group Corp.,9.74,2026-07-20T22:47:41.962609+00:00,False,+39.9%,True,$2697.5M,False,+-950.0%,True,4612.3K,True,$9.74 / SMA $8.46,True,6.84%,False,+6.1%,False,159.6M,True,NGM,False,
DKILF,"Daikin Industries,Ltd.",156.33,2026-07-20T22:46:38.789823+00:00,False,+43.7%,True,$43512.3M,,,False,0.8K,True,$156.33 / SMA $149.47,True,9.37%,,,False,292.8M,False,PNK,False,
DKNG,DraftKings Inc.,24.32,2026-07-20T22:47:00.212954+00:00,False,+18.9%,True,$12065.9M,True,+142.9%,True,12334.0K,False,$24.32 / SMA $25.76,True,4.68%,False,+16.8%,False,481.3M,True,NMS,False,
DKS,"DICK'S Sporting Goods, Inc.",214.32,2026-07-20T22:46:50.495542+00:00,False,+14.8%,True,$19182.2M,False,+9.3%,True,1166.4K,False,$214.32 / SMA $221.92,True,3.72%,True,+62.7%,True,61.0M,True,NYQ,False,
DLAKF,Deutsche Lufthansa AG,11.5,2026-07-20T22:57:02.849557+00:00,False,+46.9%,True,$13823.5M,True,+25.7%,False,2.6K,True,$11.50 / SMA $9.94,False,1.81%,False,+7.6%,False,1018.8M,False,OQX,False,
DLAKY,Deutsche Lufthansa AG,10.02,2026-07-20T22:57:03.833633+00:00,False,+26.7%,True,$12044.5M,True,+25.7%,False,179.2K,False,$10.02 / SMA $10.04,False,1.61%,False,+7.6%,False,1018.8M,False,OQX,False,
DLB,"Dolby Laboratories, Inc.",50.64,2026-07-20T22:57:21.886846+00:00,False,+4.9%,True,$4790.4M,False,+5.3%,True,880.8K,False,$50.64 / SMA $53.05,True,3.18%,False,+7.1%,True,59.7M,True,NYQ,False,
DLKGF,Delek Group Ltd.,28.7625,2026-07-20T22:57:16.916814+00:00,False,+37.2%,True,$5260.1M,True,+400.0%,False,0.0K,False,$28.76 / SMA $259.99,False,0.00%,True,+51.3%,True,88.9M,False,PNK,False,
DLMAF,Dollarama Inc.,135.34,2026-07-20T22:46:41.699645+00:00,False,+20.4%,True,$36647.2M,False,+13.3%,False,19.3K,True,$135.34 / SMA $130.61,False,0.76%,False,+21.4%,False,266.7M,False,PNK,False,
DLO,DLocal Limited,14.71,2026-07-20T22:59:04.803367+00:00,False,+49.9%,True,$4328.7M,False,+-6.7%,True,2695.1K,True,$14.71 / SMA $12.83,True,4.47%,True,+54.9%,True,86.0M,True,NMS,False,
DLR,"Digital Realty Trust, Inc.",176.25,2026-07-20T22:46:34.529542+00:00,False,+20.5%,True,$66317.4M,True,+70.4%,True,2809.7K,False,$176.25 / SMA $185.26,False,2.55%,False,+16.2%,False,330.1M,True,NYQ,False,
DLX,Deluxe Corporation,26.1,2026-07-20T22:51:02.899332+00:00,False,+69.4%,True,$1195.0M,True,+148.4%,False,465.2K,True,$26.10 / SMA $24.00,True,3.46%,False,+0.3%,True,44.3M,True,NYQ,False,
DMAC,DiaMedica Therapeutics Inc.,7.01,2026-07-20T23:04:44.397163+00:00,True,+74.6%,True,$377.7M,False,+-5.6%,False,200.7K,True,$7.01 / SMA $6.41,True,7.76%,,N/A,True,28.8M,True,NCM,False,
DMII,Drugs Made In America Acquisition II Corp.,10.09,2026-07-20T22:51:14.210166+00:00,False,+2.3%,True,$642.7M,True,+7618.8%,False,123.2K,True,$10.09 / SMA $10.07,False,0.12%,,,True,50.3M,True,NGM,False,
DNACF,"DeNA Co., Ltd.",16.0,2026-07-20T23:00:51.981061+00:00,False,+14.3%,True,$1498.3M,,N/A,False,0.0K,False,$16.00 / SMA $16.29,False,0.00%,,N/A,True,53.3M,False,PNK,False,
DNBBF,DNB Bank ASA,29.75,2026-07-20T22:46:37.721444+00:00,False,+17.4%,True,$42576.9M,False,+-7.7%,False,3.0K,False,$29.75 / SMA $31.38,False,2.96%,False,+-0.5%,False,1445.7M,False,PNK,False,
DNEMF,DNEMF,10.535,2026-07-20T23:00:51.499761+00:00,False,+9.7%,True,$2123.7M,,N/A,False,0.1K,True,$10.54 / SMA $10.11,False,0.00%,,N/A,False,163.1M,False,PNK,False,
DNLMY,Dunelm Group plc,9.4,2026-07-20T23:00:49.823099+00:00,False,+0.0%,True,$1894.9M,,N/A,False,0.1K,False,$9.40 / SMA $10.18,False,0.00%,,N/A,False,163.1M,False,PNK,False,
DNN,Denison Mines Corp.,2.83,2026-07-20T22:59:09.431178+00:00,False,+52.2%,True,$2561.2M,False,+-160.0%,True,24090.9K,False,$2.83 / SMA $3.24,True,5.18%,False,+-19.6%,False,902.0M,True,ASE,False,
DNOPY,Dino Polska S.A.,7.82,2026-07-20T22:47:08.806632+00:00,False,+9.2%,True,$7666.7M,False,+0.0%,False,89.6K,False,$7.82 / SMA $8.03,True,3.92%,False,+14.8%,False,478.1M,False,PNK,False,
DNP,DNP Select Income Fund Inc.,11.05,2026-07-20T22:47:26.962972+00:00,False,+14.0%,True,$4163.9M,,,True,683.9K,True,$11.05 / SMA $10.74,False,1.01%,,,,,True,NYQ,False,
DNPLY,"Dai Nippon Printing Co., Ltd.",9.65,2026-07-20T22:57:13.772640+00:00,False,+28.7%,True,$8275.7M,,N/A,False,11.1K,True,$9.65 / SMA $8.95,True,4.36%,False,+3.7%,False,820.9M,False,PNK,False,
DNTH,"Dianthus Therapeutics, Inc.",101.0,2026-07-20T22:47:22.660110+00:00,True,+458.6%,True,$5521.3M,False,+-3.7%,True,957.4K,True,$101.00 / SMA $89.16,True,6.43%,False,+-60.2%,True,54.6M,True,NCM,False,
DNTUY,Dentsu Group Inc.,20.85,2026-07-20T22:47:21.623212+00:00,False,+27.3%,True,$5412.4M,,,False,1.0K,True,$20.85 / SMA $19.30,False,0.20%,,,False,190.0M,False,PNK,False,
DNUT,"Krispy Kreme, Inc.",3.2,2026-07-20T23:02:54.190002+00:00,False,+11.1%,True,$551.7M,False,+20.0%,True,2689.6K,False,$3.20 / SMA $3.50,True,5.43%,False,+-2.2%,True,90.5M,True,NMS,False,
DOC,"Healthpeak Properties, Inc.",22.29,2026-07-20T22:46:57.778714+00:00,False,+42.0%,True,$15367.2M,True,+366.7%,True,8591.1K,True,$22.29 / SMA $20.41,False,2.01%,False,+7.1%,False,686.6M,True,NYQ,False,
DOCS,"Doximity, Inc.",21.73,2026-07-20T22:47:29.454649+00:00,False,+26.7%,True,$3906.0M,False,+-67.7%,True,4038.0K,True,$21.73 / SMA $21.30,True,4.22%,False,+5.1%,True,127.7M,True,NYQ,False,
DOLE,Dole plc,14.27,2026-07-20T22:50:57.540127+00:00,False,+14.0%,True,$1357.9M,False,+-19.5%,True,1093.8K,True,$14.27 / SMA $14.16,False,2.29%,False,+11.6%,True,76.4M,True,NYQ,False,
DOW,Dow Inc.,30.37,2026-07-20T22:56:47.427643+00:00,False,+48.9%,True,$21888.9M,False,+-68.2%,True,12007.5K,False,$30.37 / SMA $32.81,True,3.43%,False,+-6.1%,False,718.9M,True,NYQ,False,
DPSTF,Deutsche Post AG,65.2,2026-07-20T22:46:34.701540+00:00,False,+50.5%,True,$72974.7M,,,False,2.8K,True,$65.20 / SMA $59.63,False,0.14%,False,+-10.1%,False,915.3M,False,OID,False,
DQJCF,Pan Pacific International Holdings Corporation,5.71,2026-07-20T22:46:53.764443+00:00,False,+25.5%,True,$17069.9M,,,False,2.1K,True,$5.71 / SMA $1.22,,,,,,,False,PNK,False,
DRD,DRDGOLD Limited,19.65,2026-07-20T23:00:48.808564+00:00,False,+48.3%,True,$1704.4M,,N/A,False,319.7K,False,$19.65 / SMA $24.10,True,3.73%,,N/A,True,43.2M,True,NYQ,False,
DRDGF,DRDGOLD Limited,3.05,2026-07-20T23:00:49.027828+00:00,True,+121.0%,True,$2645.6M,,N/A,False,0.2K,True,$3.05 / SMA $2.49,False,0.23%,,N/A,False,431.6M,False,PNK,False,
DRI,"Darden Restaurants, Inc.",194.82,2026-07-20T22:56:49.108054+00:00,False,+15.3%,True,$22313.7M,True,+36.0%,True,1258.8K,False,$194.82 / SMA $200.74,True,3.05%,,N/A,True,113.8M,True,NYQ,False,
DRTS,Alpha Tau Medical Ltd.,13.47,2026-07-20T22:51:07.651678+00:00,True,+369.3%,True,$1216.7M,False,+-116.7%,True,911.5K,True,$13.47 / SMA $10.76,True,7.67%,,,True,61.9M,True,NCM,False,
DRUG,Bright Minds Biosciences Inc.,74.61,2026-07-20T23:02:44.542777+00:00,True,+191.9%,True,$732.1M,False,+-159.5%,False,317.2K,True,$74.61 / SMA $73.46,True,7.48%,,N/A,True,5.1M,True,NCM,False,
DRVN,Driven Brands Holdings Inc.,14.75,2026-07-20T23:00:47.311115+00:00,False,+50.5%,True,$2433.1M,True,+725.0%,True,1464.5K,True,$14.75 / SMA $13.78,True,4.08%,False,+8.2%,False,161.4M,True,NMS,False,
DRXGF,Drax Group plc,9.7755,2026-07-20T22:47:29.968976+00:00,False,+30.3%,True,$3290.3M,,,False,0.1K,False,$9.78 / SMA $10.38,False,0.00%,,,False,333.9M,False,PNK,False,
DSAC,Daedalus Special Acquisition Corp.,10.155,2026-07-20T23:04:41.809402+00:00,False,+2.6%,True,$345.5M,,N/A,False,44.0K,True,$10.15 / SMA $10.04,False,0.44%,,N/A,True,15.5M,True,NGM,False,
DSEEY,Daiwa Securities Group Inc.,11.12,2026-07-20T22:57:00.612060+00:00,False,+63.0%,True,$15431.8M,,N/A,False,40.7K,True,$11.12 / SMA $10.05,True,4.26%,,N/A,False,1366.5M,False,PNK,False,
DSL,DoubleLine Income Solutions Fund,10.76,2026-07-20T22:50:59.707586+00:00,False,+2.6%,True,$1232.8M,,,True,509.1K,True,$10.76 / SMA $10.74,False,0.87%,,,,,True,NYQ,False,
DSU,"BlackRock Debt Strategies Fund, Inc.",9.52,2026-07-20T22:52:51.264213+00:00,False,+2.3%,True,$599.1M,,,False,330.8K,False,$9.52 / SMA $9.58,False,0.73%,,,,,True,NYQ,False,
DTEGY,Deutsche Telekom AG,30.87,2026-07-20T22:46:28.621709+00:00,False,+14.8%,True,$150633.7M,False,+-27.6%,True,682.2K,False,$30.87 / SMA $31.50,False,1.66%,False,+0.4%,False,4136.2M,False,OQX,False,
DTRUY,Daimler Truck Holding AG,24.16,2026-07-20T22:56:42.592138+00:00,False,+24.3%,True,$36932.8M,,N/A,False,51.7K,True,$24.16 / SMA $23.95,False,1.48%,False,+-30.4%,False,989.5M,False,PNK,False,
DTTLF,Datatec Limited,5.58,2026-07-20T22:51:00.392519+00:00,False,+61.7%,True,$1331.5M,,,False,0.0K,True,$5.58 / SMA $3.14,False,0.00%,,,False,167.2M,False,OQX,False,
DTTLY,Datatec Limited,9.03,2026-07-20T23:01:01.595274+00:00,False,+50.5%,True,$1077.4M,,N/A,False,0.0K,True,$9.03 / SMA $8.81,False,0.00%,,N/A,True,83.6M,False,OQX,False,
DUAVF,Dassault Aviation société anonyme,325.5,2026-07-20T22:46:45.961845+00:00,False,+9.3%,True,$25078.9M,,,False,0.2K,False,$325.50 / SMA $334.88,False,2.96%,,,True,17.1M,False,PNK,False,
DUK,Duke Energy Corporation,125.85,2026-07-20T22:56:32.753363+00:00,False,+10.5%,True,$98112.2M,False,+11.9%,True,3447.1K,True,$125.85 / SMA $124.69,False,1.79%,False,+11.3%,False,777.6M,True,NYQ,False,
DVCMY,Davide Campari-Milano N.V.,6.42,2026-07-20T22:47:10.975094+00:00,False,+7.0%,True,$7696.2M,,,False,70.5K,True,$6.42 / SMA $6.29,False,2.39%,,,False,573.1M,False,PNK,False,
DWHHF,Deutsche Wohnen SE,24.38,2026-07-20T22:47:06.277685+00:00,False,+2.4%,True,$9677.3M,,,False,0.0K,True,$24.38 / SMA $23.91,False,0.00%,,,True,30.3M,False,PNK,False,
DXC,DXC Technology Company,9.33,2026-07-20T22:47:49.884025+00:00,False,+18.1%,True,$1512.2M,False,+-158.7%,True,5577.3K,True,$9.33 / SMA $9.21,True,5.01%,False,+-1.2%,True,142.7M,True,NYQ,False,
EBAY,eBay Inc.,114.19,2026-07-20T22:46:36.982589+00:00,False,+48.1%,True,$50700.4M,False,+5.7%,True,5037.7K,True,$114.19 / SMA $111.29,False,2.65%,False,+19.5%,False,398.8M,True,NMS,False,
EBC,"Eastern Bankshares, Inc.",22.65,2026-07-20T22:58:57.921965+00:00,False,+52.2%,True,$4869.3M,True,+126.9%,True,3097.0K,True,$22.65 / SMA $20.79,False,2.24%,True,+630.3%,False,203.8M,True,NMS,False,
EBF,"Ennis, Inc.",21.33,2026-07-20T23:02:56.953470+00:00,False,+30.9%,True,$539.6M,False,+2.6%,False,160.8K,True,$21.33 / SMA $20.55,False,2.42%,False,+1.5%,True,22.4M,True,NYQ,False,
EBGEF,Enbridge Inc.,25.95,2026-07-20T22:56:31.002798+00:00,False,+8.2%,,N/A,,N/A,False,0.6K,True,$25.95 / SMA $25.28,False,0.38%,False,+20.8%,False,2180.0M,False,PNK,False,
EBKDY,Erste Group Bank AG,64.29,2026-07-20T22:46:38.334185+00:00,False,+47.2%,True,$50205.5M,False,+18.1%,False,51.7K,True,$64.29 / SMA $61.96,False,1.31%,True,+35.9%,False,673.2M,False,PNK,False,
ECHQF,ECHQF,1.25,2026-07-20T23:02:55.959435+00:00,True,+1150.0%,True,$922.3M,,N/A,False,16.3K,True,$1.25 / SMA $1.05,False,0.03%,,N/A,,N/A,False,OQB,False,
ECO,Okeanis Eco Tankers Corp.,54.24,2026-07-20T22:47:43.507874+00:00,True,+142.4%,True,$2117.8M,True,+492.3%,False,464.5K,True,$54.24 / SMA $52.18,True,4.27%,True,+112.3%,True,9.9M,True,NYQ,False,
ECRAF,Ecora Royalties PLC,1.71,2026-07-20T22:52:54.848244+00:00,True,+103.6%,True,$426.6M,,,False,59.1K,False,$1.71 / SMA $1.85,True,6.04%,,,False,194.8M,False,OQX,False,
ECX,ECARX Holdings Inc.,1.08,2026-07-20T23:04:40.302076+00:00,False,+22.9%,True,$424.4M,True,+62.5%,True,1743.6K,False,$1.08 / SMA $1.16,True,8.51%,False,+-21.6%,True,114.4M,True,NGM,False,
EDD,"Morgan Stanley Emerging Markets Domestic Debt Fund, Inc.",5.84,2026-07-20T23:04:40.305259+00:00,False,+17.7%,True,$376.4M,,N/A,False,409.4K,True,$5.84 / SMA $5.47,False,1.88%,,N/A,,N/A,True,NYQ,False,
EDPFY,"EDP, S.A.",51.69,2026-07-20T22:56:51.197881+00:00,False,+22.2%,True,$21413.1M,False,+-10.0%,False,22.6K,True,$51.69 / SMA $51.41,False,1.21%,False,+-0.8%,False,267.8M,False,PNK,False,
EDRVF,"EDP Renewables, S.A.",16.35,2026-07-20T22:56:54.033260+00:00,False,+47.0%,True,$17326.1M,,N/A,False,0.1K,False,$16.35 / SMA $16.77,False,0.02%,,N/A,False,294.7M,False,PNK,False,
EDVGF,Endeavour Group Limited,2.25,2026-07-20T22:59:02.314576+00:00,False,+18.4%,True,$4040.4M,,N/A,False,0.1K,True,$2.25 / SMA $2.21,False,0.00%,,N/A,False,1518.2M,False,PNK,False,
EEX,"Emerald Holding, Inc.",5.04,2026-07-20T22:51:05.129698+00:00,False,+51.8%,True,$997.5M,False,+-50.0%,False,297.1K,True,$5.04 / SMA $4.96,False,0.40%,False,+5.2%,True,12.7M,True,NYQ,False,
EGO,Eldorado Gold Corporation,27.73,2026-07-20T22:57:10.672511+00:00,False,+37.6%,True,$7224.7M,True,+94.3%,True,3124.4K,False,$27.73 / SMA $31.58,True,4.29%,True,+49.9%,False,257.5M,True,NYQ,False,
EH,EHang Holdings Limited,5.22,2026-07-20T22:51:11.387746+00:00,False,+4.6%,True,$395.9M,False,+-53.7%,True,1086.4K,False,$5.22 / SMA $7.74,True,6.93%,False,+-1.7%,True,54.3M,True,NGM,False,
EHGRF,The Star Entertainment Group Limited,0.1108,2026-07-20T23:02:58.772323+00:00,True,+177.0%,True,$735.3M,,N/A,False,0.0K,True,$0.11 / SMA $0.08,False,0.00%,,N/A,False,2072.7M,False,PNK,False,
EKTAY,Elekta AB (publ),4.78,2026-07-20T22:59:13.249765+00:00,False,+9.9%,True,$1826.4M,False,+-124.8%,False,2.4K,False,$4.78 / SMA $5.53,False,0.64%,False,+-7.6%,False,310.8M,False,PNK,False,
EKZRF,Eckert & Ziegler SE,18.0,2026-07-20T23:01:03.371183+00:00,False,+0.0%,True,$1126.4M,False,+6.3%,False,0.0K,True,$18.00 / SMA_short $17.88,False,0.00%,False,+7.0%,True,42.8M,False,PNK,False,
ELAN,Elanco Animal Health Incorporated,25.14,2026-07-20T22:57:04.113536+00:00,True,+87.8%,True,$12556.2M,False,+-15.4%,True,5830.8K,True,$25.14 / SMA $23.66,True,3.58%,False,+14.9%,False,494.8M,True,NYQ,False,
ELE,Elemental Royalty Corporation,14.57,2026-07-20T23:01:04.913138+00:00,False,+15.8%,True,$938.1M,,N/A,False,405.0K,False,$14.57 / SMA $16.56,True,5.94%,True,+109.0%,True,39.7M,True,NCM,False,
ELEEF,Element Fleet Management Corp.,21.74,2026-07-20T22:57:11.213836+00:00,False,+17.7%,True,$8608.9M,False,+20.0%,False,88.0K,True,$21.74 / SMA $20.14,False,1.19%,False,+16.4%,False,395.2M,False,PNK,False,
ELEZY,"Endesa, S.A.",23.08,2026-07-20T22:56:40.230238+00:00,False,+61.1%,True,$47226.3M,True,+27.3%,False,24.3K,True,$23.08 / SMA $21.28,False,2.10%,False,+-1.3%,False,624.2M,False,PNK,False,
ELF,"e.l.f. Beauty, Inc.",79.65,2026-07-20T22:59:07.451116+00:00,False,+63.2%,True,$4694.3M,False,+-271.4%,True,3590.9K,True,$79.65 / SMA $62.80,True,5.87%,True,+35.1%,True,21.9M,True,NYQ,False,
ELMD,"Electromed, Inc.",40.88,2026-07-20T23:04:44.661061+00:00,True,+130.6%,True,$338.5M,True,+66.7%,False,87.7K,True,$40.88 / SMA $38.69,True,5.19%,False,+18.4%,True,6.8M,True,ASE,False,
ELMT,The Elmet Group Co.,14.39,2026-07-20T22:52:58.984665+00:00,False,+7.5%,True,$431.4M,,,True,846.7K,False,$14.39 / SMA $17.03,True,7.29%,,,True,9.6M,True,NCM,False,
ELMTY,Elementis plc,7.46,2026-07-20T22:51:01.118788+00:00,False,+2.1%,True,$1063.6M,,,False,0.0K,False,$7.46 / SMA $7.50,False,0.00%,,,True,140.8M,False,PNK,False,
ELTP,"Elite Pharmaceuticals, Inc.",0.372,2026-07-20T22:53:02.543846+00:00,False,+12.7%,True,$400.7M,,,True,634.9K,True,$0.37 / SMA $0.36,True,7.13%,True,+27.4%,False,836.0M,False,OQB,False,
ELV,"Elevance Health, Inc.",382.23,2026-07-20T22:46:32.327852+00:00,False,+39.6%,True,$82894.0M,False,+-13.1%,True,1801.8K,False,$382.23 / SMA $397.47,True,3.08%,False,+1.4%,False,216.4M,True,NYQ,False,
EMBJ,EMBJ,65.93,2026-07-20T22:47:04.246031+00:00,False,+41.7%,True,$11732.8M,False,+-25.3%,True,1428.2K,True,$65.93 / SMA $60.27,False,2.72%,False,+-37.4%,False,168.0M,True,NYQ,False,
EME,"EMCOR Group, Inc.",744.03,2026-07-20T22:46:40.538669+00:00,False,+37.8%,True,$33133.6M,True,+30.0%,False,427.0K,False,$744.03 / SMA $831.28,True,3.52%,False,+19.7%,True,43.9M,True,NYQ,False,
EMO,ClearBridge Energy Midstream Opportunity Fund Inc,52.88,2026-07-20T22:50:59.350456+00:00,False,+27.3%,True,$1058.4M,,,False,51.9K,True,$52.88 / SMA $50.23,False,1.66%,,,,,True,NYQ,False,
ENGIY,Engie SA,30.53,2026-07-20T22:56:34.409662+00:00,False,+51.3%,True,$77574.7M,,N/A,False,130.6K,False,$30.53 / SMA $31.23,False,1.13%,,N/A,False,1188.1M,False,PNK,False,
ENGQF,Engie SA,30.7,2026-07-20T22:46:33.020704+00:00,False,+55.2%,True,$78006.7M,,,False,7.5K,False,$30.70 / SMA $31.13,True,3.31%,,,False,1188.1M,False,PNK,False,
ENIC,Enel Chile S.A.,4.34,2026-07-20T22:47:18.008416+00:00,False,+40.0%,True,$6003.7M,False,+-8.0%,True,696.3K,False,$4.34 / SMA $4.37,False,2.64%,False,+8.7%,False,484.1M,True,NYQ,False,
ENLT,Enlight Renewable Energy Ltd,88.6,2026-07-20T22:46:59.502157+00:00,True,+286.1%,True,$12386.9M,False,+-78.7%,False,232.6K,False,$88.60 / SMA $90.86,True,4.42%,True,+42.6%,True,133.4M,True,NMS,False,
ENPSF,Enplas Corporation,80.0,2026-07-20T22:51:11.091301+00:00,True,+169.3%,True,$722.5M,,,False,0.2K,False,$80.00 / SMA $83.71,False,0.03%,,,True,7.2M,False,PNK,False,
ENS,EnerSys,192.28,2026-07-20T22:47:08.863437+00:00,True,+117.6%,True,$7009.8M,False,+-14.9%,True,500.6K,False,$192.28 / SMA $222.26,True,3.98%,False,+1.3%,True,36.4M,True,NYQ,False,
ENVA,"Enova International, Inc.",230.45,2026-07-20T22:47:27.746946+00:00,True,+131.4%,True,$5734.7M,True,+28.6%,False,327.7K,True,$230.45 / SMA $194.99,True,3.89%,False,+17.4%,True,23.8M,True,NYQ,False,
ENVX,Enovix Corporation,4.57,2026-07-20T22:50:55.299319+00:00,False,+1.0%,True,$997.0M,False,+-50.0%,True,6669.8K,False,$4.57 / SMA $6.41,True,7.23%,True,+49.1%,False,188.4M,True,NMS,False,
EOG,"EOG Resources, Inc.",141.09,2026-07-20T22:46:33.654053+00:00,False,+38.9%,True,$75148.6M,True,+39.6%,True,3706.5K,True,$141.09 / SMA $134.94,False,2.36%,False,+15.7%,False,530.9M,True,NYQ,False,
EOGSF,Emerald Resources NL,3.55,2026-07-20T22:59:12.897990+00:00,False,+57.8%,True,$2350.7M,,N/A,False,1.4K,False,$3.55 / SMA $4.00,False,0.14%,,N/A,False,529.1M,False,PNK,False,
EONGY,E.ON SE,21.84,2026-07-20T22:56:37.619194+00:00,False,+28.1%,True,$57069.6M,True,+325.0%,False,213.5K,True,$21.84 / SMA $21.19,False,1.22%,False,+-13.5%,False,2139.2M,False,PNK,False,
EOPSF,Electro Optic Systems Holdings Limited,5.0,2026-07-20T23:00:59.639241+00:00,False,+24.7%,True,$1108.5M,,N/A,False,78.8K,False,$5.00 / SMA $6.65,True,8.37%,,N/A,False,163.0M,False,PNK,False,
EPMLF,Empire Metals Limited,0.6,2026-07-20T22:53:07.874947+00:00,True,+120.3%,,,,,False,15.4K,True,$0.60 / SMA_short $0.47,True,7.03%,,,False,612.2M,False,OQX,False,
EPOAY,EPOAY,23.87,2026-07-20T22:56:43.639160+00:00,False,+22.1%,True,$28881.3M,,N/A,False,126.6K,False,$23.87 / SMA $27.80,False,1.67%,False,+7.5%,False,1002.0M,False,PNK,False,
EQBK,"Equity Bancshares, Inc.",50.24,2026-07-20T22:51:06.030333+00:00,False,+39.4%,True,$1033.3M,True,+47.7%,False,124.7K,True,$50.24 / SMA $47.11,False,2.53%,,,True,17.7M,True,NYQ,False,
EQNR,Equinor ASA,37.35,2026-07-20T22:56:32.437580+00:00,False,+67.8%,True,$88799.2M,True,+29.2%,True,3874.4K,True,$37.35 / SMA $35.73,False,1.94%,False,+-5.3%,False,1238.8M,True,NYQ,False,
EQT,EQT Corporation,49.05,2026-07-20T22:56:42.239320+00:00,False,+2.3%,True,$30679.7M,True,+490.0%,True,7337.4K,False,$49.05 / SMA $53.29,False,2.34%,True,+49.5%,False,619.9M,True,NYQ,False,
EQX,Equinox Gold Corp.,8.68,2026-07-20T22:57:07.013804+00:00,False,+44.4%,True,$6849.9M,True,+323.5%,True,11795.2K,False,$8.68 / SMA $11.17,True,4.47%,True,+224.3%,False,759.5M,True,ASE,False,
ERAS,"Erasca, Inc.",18.82,2026-07-20T22:47:30.471224+00:00,True,+1315.0%,True,$6532.9M,False,+-445.5%,True,7061.9K,True,$18.82 / SMA $14.47,True,7.74%,,,False,247.6M,True,NMS,False,
ERBKY,Eurobank S.A.,9.14,2026-07-20T22:46:55.569734+00:00,False,+0.0%,True,$32895.9M,False,+0.0%,False,1.7K,False,$9.14 / SMA_short $11.98,True,4.06%,False,+6.8%,False,1233.0M,False,PNK,False,
ERIE,Erie Indemnity Company,225.01,2026-07-20T22:47:04.218721+00:00,False,+10.0%,True,$11765.7M,False,+8.7%,False,236.4K,False,$225.01 / SMA $226.10,True,4.23%,False,+1.2%,True,25.1M,True,NMS,False,
ESE,ESCO Technologies Inc.,321.33,2026-07-20T22:47:11.528978+00:00,True,+83.7%,True,$8324.8M,False,+11.7%,False,287.8K,True,$321.33 / SMA $316.65,True,3.76%,True,+33.5%,True,25.8M,True,NYQ,False,
ESI,Element Solutions Inc,36.46,2026-07-20T22:57:05.905401+00:00,False,+61.1%,True,$8884.8M,False,+-42.5%,True,4318.0K,False,$36.46 / SMA $42.44,True,4.79%,True,+41.5%,False,229.1M,True,NYQ,False,
ESLOF,EssilorLuxottica Société anonyme,190.0,2026-07-20T22:46:31.741120+00:00,False,+2.8%,True,$87322.4M,,,False,4.5K,False,$190.00 / SMA $199.27,True,3.90%,,,False,294.4M,False,PNK,False,
ESOA,Energy Services of America Corporation,15.92,2026-07-20T23:04:43.331181+00:00,True,+103.1%,False,$297.1M,True,+102.4%,False,141.7K,False,$15.92 / SMA $16.92,True,5.48%,False,+21.5%,True,14.5M,True,NCM,False,
ESOCF,Enel SpA,11.5,2026-07-20T22:56:31.762351+00:00,False,+31.1%,True,$114117.5M,False,+-5.3%,False,9.4K,False,$11.50 / SMA $11.59,False,1.81%,False,+-2.5%,False,7868.0M,False,PNK,False,
ESPR,"Esperion Therapeutics, Inc.",3.18,2026-07-20T22:51:09.442940+00:00,True,+181.4%,True,$819.5M,True,+52.4%,True,14884.6K,True,$3.18 / SMA $3.12,False,0.56%,False,+23.2%,False,234.9M,True,NGM,False,
ESRT,"Empire State Realty Trust, Inc.",5.6,2026-07-20T23:02:40.030112+00:00,False,+15.0%,True,$1714.4M,False,+-80.0%,True,2029.5K,True,$5.60 / SMA $5.47,False,2.84%,False,+4.9%,True,141.4M,True,NYQ,False,
ESYJY,easyJet plc,8.85,2026-07-20T22:59:03.332496+00:00,True,+93.7%,True,$6615.6M,,N/A,False,29.6K,True,$8.85 / SMA $6.67,False,1.79%,,N/A,False,613.7M,False,PNK,False,
ET,Energy Transfer LP,20.28,2026-07-20T22:46:34.209888+00:00,False,+25.3%,True,$69786.7M,False,+-2.8%,True,11136.3K,True,$20.28 / SMA $19.53,False,1.76%,True,+32.1%,False,3090.4M,True,NYQ,False,
ETD,Ethan Allen Interiors Inc.,23.09,2026-07-20T22:52:53.185705+00:00,False,+26.3%,True,$587.6M,False,+-37.8%,True,579.1K,True,$23.09 / SMA $21.02,True,3.21%,False,+-4.8%,True,23.8M,True,NYQ,False,
ETN,Eaton Corporation plc,401.41,2026-07-20T22:46:29.093268+00:00,False,+28.7%,True,$155867.5M,False,+-9.4%,True,2608.9K,False,$401.41 / SMA $403.64,True,3.64%,False,+16.8%,False,387.7M,True,NYQ,False,
ETO,Eaton Vance Tax-Advantaged Global Dividend Opportunities Fund,30.36,2026-07-20T23:02:57.880442+00:00,False,+18.2%,True,$497.5M,,N/A,False,38.1K,True,$30.36 / SMA $30.21,False,1.38%,,N/A,,N/A,True,NYQ,False,
ETON,"Eton Pharmaceuticals, Inc.",41.07,2026-07-20T23:02:42.469236+00:00,True,+198.0%,True,$1125.0M,True,+183.3%,False,425.6K,True,$41.07 / SMA $33.38,True,5.39%,True,+40.4%,True,21.0M,True,NGM,False,
ETW,ETW,,2026-07-20T23:04:11.137072+00:00,False,N/A,False,N/A,False,N/A,False,N/A,False,N/A,False,N/A,False,N/A,False,N/A,False,Unknown,False,Too Many Requests. Rate limited. Try after a while.
EULIF,European Lithium Limited,0.192,2026-07-20T23:02:55.590544+00:00,True,+312.9%,True,$331.3M,,N/A,True,2948.1K,False,$0.19 / SMA $0.29,True,10.77%,,N/A,False,1427.7M,False,OQB,False,
EUXTF,Euronext N.V.,163.0,2026-07-20T22:56:54.355874+00:00,False,+19.2%,True,$16257.6M,False,+16.1%,False,0.2K,False,$163.00 / SMA $167.22,False,0.22%,False,+14.8%,True,87.2M,False,PNK,False,
EVAC.U,EVAC.U,,2026-07-20T22:54:22.029966+00:00,False,,False,,False,,False,,False,,False,,False,,False,,False,Unknown,False,Too Many Requests. Rate limited. Try after a while.
EVGO,"EVgo, Inc.",1.67,2026-07-20T23:02:53.136556+00:00,False,+1.8%,True,$524.1M,False,+-33.3%,True,3920.1K,False,$1.67 / SMA $1.94,True,5.14%,True,+45.5%,True,133.2M,True,NMS,False,
EVH,"Evolent Health, Inc.",5.93,2026-07-20T22:52:56.460828+00:00,True,+183.1%,True,$667.0M,True,+61.9%,True,2562.5K,True,$5.93 / SMA $4.74,True,7.02%,False,+2.6%,True,93.6M,True,NYQ,False,
EVKIY,Evonik Industries AG,9.92,2026-07-20T22:57:07.520879+00:00,False,+37.0%,True,$9245.4M,,N/A,False,14.0K,True,$9.92 / SMA $9.31,False,2.30%,False,+-4.8%,False,250.0M,False,PNK,False,
EVMNY,Evolution Mining Limited,74.34,2026-07-20T22:56:54.127183+00:00,False,+57.4%,True,$15502.4M,,N/A,False,12.4K,False,$74.34 / SMA $85.83,False,2.71%,,N/A,False,201.4M,False,PNK,False,
EVOX,Evolution Global Acquisition Corp,10.05,2026-07-20T22:53:08.435603+00:00,False,+1.9%,True,$321.6M,,,False,21.2K,True,$10.05 / SMA $10.02,False,0.15%,,,True,21.2M,True,NGM,False,
EVR,Evercore Inc.,333.53,2026-07-20T22:56:59.565557+00:00,False,+25.4%,True,$12901.8M,True,+106.9%,False,470.6K,False,$333.53 / SMA $345.21,True,3.54%,True,+100.3%,True,36.6M,True,NYQ,False,
EVRG,"Evergy, Inc.",85.16,2026-07-20T22:56:52.846201+00:00,False,+25.2%,True,$19630.5M,False,+18.5%,True,2087.8K,True,$85.16 / SMA $83.88,False,1.73%,False,+5.0%,False,229.2M,True,NMS,False,
EVTL,Vertical Aerospace Ltd.,1.6,2026-07-20T22:53:06.606568+00:00,False,+16.8%,False,$203.7M,,,True,2669.0K,False,$1.60 / SMA $2.17,True,8.31%,,,True,49.1M,True,NYQ,False,
EWBC,"East West Bancorp, Inc.",133.92,2026-07-20T22:56:54.904566+00:00,False,+44.5%,True,$18346.5M,False,+23.6%,True,967.5K,True,$133.92 / SMA $126.98,False,2.03%,False,+12.1%,True,135.7M,True,NMS,False,
EWIIF,EWIIF,3.41,2026-07-20T22:50:59.858643+00:00,True,+70.5%,,,,,False,6.6K,False,$3.41 / SMA_short $3.54,False,0.61%,,,,,False,PNK,False,
EXE,Expand Energy Corporation,86.95,2026-07-20T22:56:49.043024+00:00,False,+2.3%,True,$20800.9M,True,+553.8%,True,3538.8K,False,$86.95 / SMA $91.34,False,2.46%,True,+100.3%,False,238.1M,True,NMS,False,
EXETF,Extendicare Inc.,26.64,2026-07-20T22:47:40.881933+00:00,True,+209.0%,True,$2526.1M,True,+139.8%,False,54.5K,True,$26.64 / SMA $24.34,False,1.55%,False,+24.2%,True,93.6M,False,PNK,False,
EXPE,"Expedia Group, Inc.",265.08,2026-07-20T22:46:46.506496+00:00,False,+52.3%,True,$31815.5M,True,+96.8%,True,1633.3K,True,$265.08 / SMA $240.60,True,3.93%,False,+14.7%,True,113.6M,True,NMS,False,
EXPGF,Experian plc,37.0,2026-07-20T22:56:44.246911+00:00,False,+12.1%,True,$32746.4M,,N/A,False,2.0K,True,$37.00 / SMA $34.71,False,0.28%,,N/A,False,897.3M,False,OQX,False,
EYE,"National Vision Holdings, Inc.",20.04,2026-07-20T23:00:59.269250+00:00,False,+35.9%,True,$1605.5M,True,+111.1%,True,2354.1K,True,$20.04 / SMA $18.27,True,4.76%,False,+6.6%,True,78.1M,True,NMS,False,
EZPW,"EZCORP, Inc.",31.96,2026-07-20T22:47:43.217818+00:00,True,+144.3%,True,$1966.7M,True,+84.8%,True,928.1K,False,$31.96 / SMA $32.69,True,5.46%,True,+45.9%,True,55.6M,True,NMS,False,
F,Ford Motor Company,13.99,2026-07-20T22:56:36.670721+00:00,False,+31.0%,True,$55745.9M,True,+425.0%,True,61304.6K,False,$13.99 / SMA $14.21,True,3.10%,False,+6.4%,False,3873.5M,True,NYQ,False,
FANDY,FirstRand Limited,58.95,2026-07-20T22:46:43.852589+00:00,False,+44.4%,True,$32963.8M,,,False,0.0K,True,$58.95 / SMA $56.50,False,0.00%,,,False,555.5M,False,PNK,False,
FANUF,Fanuc Corporation,43.0,2026-07-20T22:56:39.016412+00:00,False,+69.2%,True,$40125.8M,,N/A,False,1.6K,False,$43.00 / SMA $46.84,True,6.66%,,N/A,False,933.0M,False,PNK,False,
FANUY,Fanuc Corporation,20.57,2026-07-20T22:46:38.011434+00:00,False,+63.8%,True,$38390.1M,,,True,524.0K,False,$20.57 / SMA $23.23,False,2.70%,,,False,1866.0M,False,PNK,False,
FAX,Abrdn Asia-Pacific Income Fund Inc,14.51,2026-07-20T23:02:50.844646+00:00,False,+2.7%,True,$599.0M,,N/A,False,172.2K,True,$14.51 / SMA $14.42,False,1.27%,,N/A,,N/A,True,ASE,False,
FBIN,"Fortune Brands Innovations, Inc.",50.21,2026-07-20T22:58:58.458314+00:00,False,+55.3%,True,$5989.7M,False,+-52.4%,True,2717.7K,True,$50.21 / SMA $43.00,True,4.64%,False,+-2.1%,True,118.6M,True,NYQ,False,
FBIZ,"First Business Financial Services, Inc.",65.74,2026-07-20T22:52:54.362331+00:00,False,+43.2%,True,$549.7M,False,+9.1%,False,44.3K,True,$65.74 / SMA $59.88,False,2.35%,False,+8.5%,True,7.8M,True,NMS,False,
FCELB,"FuelCell Energy, Inc.",495.0,2026-07-20T22:50:58.231483+00:00,True,+72.2%,,,,,False,0.2K,True,$495.00 / SMA $445.59,True,3.33%,False,+-4.9%,True,67.4M,False,PNK,False,
FCNCB,"First Citizens BancShares, Inc.",1810.0,2026-07-20T22:46:48.860180+00:00,False,+25.7%,True,$20972.4M,False,+23.7%,False,0.1K,True,$1810.00 / SMA $1758.41,False,1.45%,False,+0.7%,True,8.4M,False,PNK,False,
FCPT,"Four Corners Property Trust, Inc.",26.49,2026-07-20T22:47:36.855409+00:00,False,+16.3%,True,$2907.3M,False,+7.7%,True,816.0K,True,$26.49 / SMA $24.71,False,1.83%,False,+9.4%,True,71.8M,True,NYQ,False,
FCXXF,First Capital Real Estate Investment Trust,16.19,2026-07-20T22:59:04.732027+00:00,False,+22.4%,True,$3441.3M,False,+9.2%,False,3.1K,False,$16.19 / SMA $16.58,False,0.01%,False,+2.9%,False,211.4M,False,PNK,False,
FDMDF,4DMedical Limited,2.53,2026-07-20T22:47:49.611422+00:00,True,+1456.9%,True,$1517.1M,,,False,0.8K,False,$2.53 / SMA $2.64,False,0.63%,,,False,442.7M,False,PNK,False,
FDMT,"4D Molecular Therapeutics, Inc.",11.09,2026-07-20T22:52:56.334892+00:00,True,+167.6%,True,$579.7M,False,+-17.4%,True,860.5K,True,$11.09 / SMA $10.36,True,8.30%,True,+21664.3%,True,39.0M,True,NMS,False,
FDP,Del Monte Corporation,29.22,2026-07-20T22:47:49.607899+00:00,False,+10.4%,True,$1390.2M,False,+-67.2%,True,511.6K,False,$29.22 / SMA_short $29.33,,,False,+-4.9%,True,42.9M,True,NYQ,False,
FDS,FactSet Research Systems Inc.,255.79,2026-07-20T22:57:09.988433+00:00,False,+38.3%,True,$9097.3M,False,+-9.6%,True,937.8K,True,$255.79 / SMA $236.71,True,5.06%,False,+6.4%,True,35.4M,True,NYQ,False,
FDX,FedEx Corporation,306.22,2026-07-20T22:56:32.939621+00:00,True,+75.9%,True,$73066.2M,False,+-4.1%,True,2071.9K,False,$306.22 / SMA $317.91,False,2.89%,,N/A,False,222.6M,True,NYQ,False,
FE,FirstEnergy Corp.,48.54,2026-07-20T22:56:46.877900+00:00,False,+19.3%,True,$28077.0M,False,+12.9%,True,5078.0K,True,$48.54 / SMA $46.67,False,1.77%,False,+11.6%,False,548.0M,True,NYQ,False,
FELE,"Franklin Electric Co., Inc.",104.29,2026-07-20T22:58:59.485134+00:00,False,+16.5%,True,$4607.8M,False,+14.9%,False,307.8K,True,$104.29 / SMA $101.69,False,2.31%,False,+9.9%,True,37.9M,True,NMS,False,
FELTF,"Fuji Electric Co., Ltd.",86.17,2026-07-20T22:56:58.997307+00:00,True,+89.7%,True,$12580.1M,,N/A,False,0.0K,True,$86.17 / SMA $76.14,False,0.00%,,N/A,True,143.2M,False,PNK,False,
FER,Ferrovial N.V.,63.45,2026-07-20T22:56:39.259572+00:00,False,+25.1%,True,$45404.0M,,N/A,True,1561.3K,False,$63.45 / SMA $67.17,False,1.50%,False,+-16.2%,False,494.4M,True,NMS,False,
FERG,Ferguson Enterprises Inc.,229.02,2026-07-20T22:46:38.859342+00:00,False,+10.3%,True,$44415.6M,False,+2.9%,True,1383.7K,False,$229.02 / SMA $230.77,False,2.51%,False,+-2.0%,False,193.5M,True,NYQ,False,
FFIC,Flushing Financial Corporation,15.47,2026-07-20T22:52:51.310454+00:00,False,+39.1%,True,$524.2M,True,+158.6%,False,267.3K,False,$15.47 / SMA_short $15.49,,,False,+-1.9%,True,32.3M,True,NMS,False,
FFIN,"First Financial Bankshares, Inc.",34.88,2026-07-20T22:47:23.249589+00:00,False,+24.0%,True,$4997.7M,False,+16.3%,True,901.2K,True,$34.88 / SMA $33.20,False,2.20%,False,+12.5%,True,137.8M,True,NMS,False,
FGROY,FirstGroup plc,2.39,2026-07-20T22:51:00.248008+00:00,False,+19.5%,True,$1278.2M,,,False,0.2K,True,$2.39 / SMA $2.15,False,0.02%,,,False,476.7M,False,PNK,False,
FHB,"First Hawaiian, Inc.",28.86,2026-07-20T22:47:31.692056+00:00,False,+27.4%,True,$3511.6M,False,+17.0%,True,2022.0K,True,$28.86 / SMA $28.08,False,2.38%,False,+4.4%,True,120.6M,True,NMS,False,
FHN,First Horizon Corporation,25.47,2026-07-20T22:57:03.091093+00:00,False,+28.6%,True,$12088.5M,False,+20.0%,True,4487.0K,True,$25.47 / SMA $24.68,False,2.09%,,N/A,False,468.6M,True,NYQ,False,
FIG,"Figma, Inc.",24.02,2026-07-20T22:57:02.093359+00:00,False,+44.7%,True,$12691.6M,False,+-1628.4%,True,21070.6K,True,$24.02 / SMA $21.24,True,8.33%,True,+46.1%,False,238.2M,True,NYQ,False,
FIGR,"Figure Technology Solutions, Inc.",30.42,2026-07-20T22:47:12.040688+00:00,False,+21.6%,True,$6725.9M,True,+4676.7%,True,3848.8K,False,$30.42 / SMA $32.30,True,7.97%,True,+109.3%,True,136.0M,True,NMS,False,
FINV,FinVolution Group,4.81,2026-07-20T23:01:04.372674+00:00,False,+10.6%,True,$1135.6M,False,+-42.1%,True,888.8K,False,$4.81 / SMA $4.89,True,3.43%,False,+-7.8%,True,110.9M,True,NYQ,False,
FIP,FTAI Infrastructure Inc.,4.09,2026-07-20T22:52:51.194289+00:00,False,+4.9%,True,$483.3M,False,+-248.3%,True,1049.6K,False,$4.09 / SMA $4.54,True,6.07%,True,+95.9%,True,108.4M,True,NMS,False,
FISI,"Financial Institutions, Inc.",39.31,2026-07-20T23:02:48.812317+00:00,False,+59.7%,True,$773.9M,True,+28.4%,False,146.3K,True,$39.31 / SMA $37.00,False,2.36%,False,+9.9%,True,17.3M,True,NMS,False,
FISV,"Fiserv, Inc.",51.68,2026-07-20T22:56:44.758837+00:00,False,+9.9%,True,$27558.6M,False,+-29.1%,True,7589.9K,False,$51.68 / SMA $52.68,True,3.56%,False,+-2.0%,,N/A,True,NMS,False,
FITB,Fifth Third Bancorp,57.4,2026-07-20T22:56:39.877855+00:00,False,+43.3%,True,$52037.3M,False,+-78.9%,True,6788.4K,True,$57.40 / SMA $52.67,False,2.31%,True,+31.4%,False,902.5M,True,NYQ,False,
FITBP,Fifth Third Bancorp,23.52,2026-07-20T22:46:38.555013+00:00,False,+2.0%,,,,,False,11.4K,True,$23.52 / SMA_short $22.94,,,True,+31.4%,False,902.3M,True,NGM,False,
FIVN,"Five9, Inc.",25.7,2026-07-20T22:47:47.366449+00:00,True,+93.4%,True,$1967.7M,True,+2000.0%,True,3232.7K,True,$25.70 / SMA $22.57,True,5.72%,False,+9.2%,True,68.4M,True,NGM,False,
FIX,"Comfort Systems USA, Inc.",1712.18,2026-07-20T22:56:36.068732+00:00,True,+233.1%,True,$60241.3M,True,+121.3%,False,480.6K,False,$1712.18 / SMA $1862.77,True,4.94%,True,+56.5%,True,35.9M,True,NYQ,False,
FJET,FJET,3.69,2026-07-20T23:04:44.377503+00:00,False,+3.7%,False,$183.1M,False,+-5.0%,True,2121.1K,False,$3.69 / SMA $5.75,True,10.64%,,N/A,True,25.5M,True,ASE,False,
FLEX,Flex Ltd.,119.91,2026-07-20T22:46:37.769374+00:00,True,+150.7%,True,$43933.8M,False,+17.5%,True,7111.9K,False,$119.91 / SMA $142.73,True,6.46%,False,+16.9%,False,363.4M,True,NMS,False,
FLGZY,Flughafen Zürich AG,12.05,2026-07-20T22:47:07.837126+00:00,False,+9.5%,True,$9247.8M,,,False,0.2K,True,$12.05 / SMA $11.80,False,0.00%,,,False,470.0M,False,PNK,False,
FLIDY,FLSmidth & Co. A/S,7.38,2026-07-20T22:47:23.750904+00:00,False,+21.6%,True,$3963.4M,True,+195.1%,False,0.7K,False,$7.38 / SMA $7.54,False,0.00%,False,+-11.6%,False,454.6M,False,PNK,False,
FLOC,FLOC,19.94,2026-07-20T22:47:39.545967+00:00,False,+42.1%,True,$2126.5M,False,+-4.2%,True,731.5K,False,$19.94 / SMA $23.26,True,4.67%,False,+8.9%,True,36.9M,True,NYQ,False,
FLR,Fluor Corporation,49.49,2026-07-20T22:57:16.725141+00:00,False,+31.6%,True,$6912.3M,True,+176.1%,True,2751.3K,True,$49.49 / SMA $48.92,True,3.58%,False,+-8.0%,True,137.5M,True,NYQ,False,
FLY,Firefly Aerospace Inc.,19.67,2026-07-20T22:57:11.665449+00:00,False,+22.9%,True,$3230.5M,False,+-20.8%,True,7042.6K,False,$19.67 / SMA $34.22,True,8.42%,True,+44.8%,True,95.9M,True,NGM,False,
FMBRF,FMBRF,,2026-07-20T22:54:44.700841+00:00,False,,False,,False,,False,,False,,False,,False,,False,,False,Unknown,False,No price data available
FMCB,Farmers & Merchants Bancorp,1345.0,2026-07-20T23:02:42.001890+00:00,False,+36.5%,True,$931.1M,False,+7.5%,False,0.1K,True,$1345.00 / SMA $1322.57,False,1.21%,False,+8.3%,True,0.6M,False,OQX,False,
FMCC,Federal Home Loan Mortgage Corporation,5.81,2026-07-20T22:59:00.482717+00:00,True,+70.9%,True,$3776.8M,False,+0.0%,True,2420.5K,False,$5.81 / SMA $6.10,True,7.57%,False,+-3.1%,False,650.1M,False,OQB,False,
FMCCH,Federal Home Loan Mortgage Corporation,12.5,2026-07-20T22:59:00.496970+00:00,False,+0.0%,,N/A,,N/A,False,1.7K,False,$12.50 / SMA $14.95,False,0.45%,False,+-3.1%,False,650.1M,False,OQB,False,
FMCCK,Federal Home Loan Mortgage Corporation,12.4,2026-07-20T22:47:25.928409+00:00,False,+2.9%,,,,,False,0.6K,False,$12.40 / SMA $15.67,False,1.26%,False,+-3.1%,False,650.1M,False,OQB,False,
FMCCN,Federal Home Loan Mortgage Corporation,10.75,2026-07-20T22:47:25.895686+00:00,False,+0.0%,,,,,False,0.5K,False,$10.75 / SMA $12.91,False,0.78%,False,+-3.1%,False,650.1M,False,OQB,False,
FMCCP,Federal Home Loan Mortgage Corporation,14.5,2026-07-20T22:47:26.037319+00:00,False,+2.2%,,,,,False,0.5K,False,$14.50 / SMA $16.24,False,0.45%,False,+-3.1%,False,650.1M,False,OQB,False,
FMCCS,Federal Home Loan Mortgage Corporation,11.81,2026-07-20T22:59:00.802569+00:00,False,+0.0%,,N/A,,N/A,False,0.7K,False,$11.81 / SMA $14.44,False,0.54%,False,+-3.1%,False,650.1M,False,OQB,False,
FMCCT,Federal Home Loan Mortgage Corporation,13.6,2026-07-20T22:59:00.640310+00:00,False,+1.2%,,N/A,,N/A,False,1.9K,False,$13.60 / SMA $17.08,False,1.67%,False,+-3.1%,False,650.1M,False,OQB,False,
FMCKM,Federal Home Loan Mortgage Corporation,7.34,2026-07-20T22:59:00.379257+00:00,False,+8.1%,,N/A,,N/A,False,39.1K,False,$7.34 / SMA $8.74,False,1.48%,False,+-3.1%,False,650.1M,False,OQB,False,
FMCKN,Federal Home Loan Mortgage Corporation,7.6,2026-07-20T22:47:26.083100+00:00,False,+5.3%,,,,,False,10.4K,False,$7.60 / SMA $9.38,False,1.88%,False,+-3.1%,False,650.1M,False,OQB,False,
FMNB,Farmers National Banc Corp.,14.59,2026-07-20T22:51:08.938984+00:00,False,+20.4%,True,$863.9M,False,+0.0%,False,408.2K,True,$14.59 / SMA $14.20,False,1.81%,True,+25.9%,True,57.3M,True,NCM,False,
FMS,Fresenius Medical Care AG,24.07,2026-07-20T22:47:02.206627+00:00,False,+20.2%,True,$12928.7M,False,+-17.3%,True,745.9K,True,$24.07 / SMA $22.52,False,1.34%,False,+-5.5%,False,367.5M,True,NYQ,False,
FMXUF,"Fomento Económico Mexicano, S.A.B. de C.V.",12.58,2026-07-20T22:56:48.385006+00:00,True,+125700.0%,True,$46644.7M,,N/A,False,0.0K,True,$12.58 / SMA $12.15,False,0.00%,False,+6.1%,False,3374.9M,False,PNK,False,
FNBKY,FinecoBank Banca Fineco S.p.A.,49.545,2026-07-20T22:46:56.484303+00:00,False,+18.8%,True,$15156.3M,,,False,0.2K,False,$49.55 / SMA $50.36,False,0.00%,,,False,305.7M,False,PNK,False,
FNCNF,Fincantieri S.p.A.,14.12,2026-07-20T22:58:55.794495+00:00,False,+26.1%,True,$5044.9M,,N/A,False,1.2K,True,$14.12 / SMA $12.97,False,1.12%,,N/A,True,134.0M,False,PNK,False,
FNCSF,North American Financial 15 Split Corp.,7.86,2026-07-20T22:52:56.505781+00:00,True,+80.1%,True,$540.2M,,,False,0.6K,True,$7.86 / SMA $6.69,False,2.54%,,,,,False,PNK,False,
FND,"Floor & Decor Holdings, Inc.",53.86,2026-07-20T22:57:21.536065+00:00,False,+26.3%,True,$5822.0M,False,+-17.8%,True,2839.8K,True,$53.86 / SMA $52.12,True,4.43%,False,+-0.7%,True,106.4M,True,NYQ,False,
FNF,"Fidelity National Financial, Inc.",50.86,2026-07-20T22:46:59.052254+00:00,False,+18.9%,True,$13689.4M,True,+200.0%,True,1590.4K,True,$50.86 / SMA $47.95,False,2.54%,False,+16.9%,False,254.3M,True,NYQ,False,
FNLC,"The First Bancorp, Inc.",34.36,2026-07-20T22:53:08.158650+00:00,False,+42.7%,True,$387.4M,True,+27.0%,False,28.6K,True,$34.36 / SMA $30.97,True,3.77%,False,+15.3%,True,10.7M,True,NMS,False,
FNMAH,Federal National Mortgage Association,7.26,2026-07-20T22:47:09.358677+00:00,False,+7.4%,,,,,False,39.6K,False,$7.26 / SMA $8.72,True,3.86%,False,+-12.4%,False,233.7M,False,OQB,False,
FNMAJ,Federal National Mortgage Association,7.6,2026-07-20T22:57:10.448582+00:00,False,+3.0%,,N/A,,N/A,False,41.9K,False,$7.60 / SMA $9.21,True,3.62%,False,+-12.4%,False,233.7M,False,OQB,False,
FNMAK,Federal National Mortgage Association,13.7,2026-07-20T22:57:10.474473+00:00,False,+7.5%,,N/A,,N/A,False,0.8K,False,$13.70 / SMA $16.15,False,1.81%,False,+-12.4%,False,233.7M,False,OQB,False,
FNMAN,Federal National Mortgage Association,12.9,2026-07-20T22:57:10.500323+00:00,False,+0.0%,,N/A,,N/A,False,1.5K,False,$12.90 / SMA $16.46,False,0.81%,False,+-12.4%,False,233.7M,False,OQB,False,
FNMAS,Federal National Mortgage Association,9.44,2026-07-20T22:47:09.477330+00:00,False,+1.1%,,,,,True,697.2K,False,$9.44 / SMA $11.63,True,3.62%,False,+-12.4%,False,233.7M,False,OQB,False,
FNMFN,Federal National Mortgage Association,15.51,2026-07-20T22:47:09.334154+00:00,False,+8.7%,,,,,False,23.9K,False,$15.51 / SMA $18.47,False,1.80%,False,+-12.4%,False,233.7M,False,OQB,False,
FOF,"Cohen & Steers Closed-End Opportunity Fund, Inc.",13.715,2026-07-20T23:04:37.527016+00:00,False,+9.7%,True,$380.9M,,N/A,False,51.4K,True,$13.71 / SMA $13.62,False,1.67%,,N/A,,N/A,True,NYQ,False,
FOJCF,Fortum Oyj,23.81,2026-07-20T22:46:50.026707+00:00,False,+39.6%,True,$21363.9M,False,+17.5%,False,1.5K,True,$23.81 / SMA $23.25,False,0.10%,False,+21.3%,False,412.7M,False,PNK,False,
FPAFF,First Pacific Company Limited,0.6419,2026-07-20T22:47:35.666551+00:00,False,+5.2%,True,$2735.9M,,,False,22.7K,False,$0.64 / SMA $0.68,False,0.15%,,,False,2296.2M,False,PNK,False,
FPI,Farmland Partners Inc.,9.63,2026-07-20T23:03:00.039865+00:00,False,+2.8%,True,$427.2M,False,+-66.7%,False,400.0K,False,$9.63 / SMA $9.94,False,1.81%,False,+-1.5%,True,39.8M,True,NYQ,False,
FPS,"Forgent Power Solutions, Inc.",38.5,2026-07-20T22:46:56.826543+00:00,False,+48.4%,True,$11720.5M,True,+151.6%,True,7459.7K,False,$38.50 / SMA $50.77,True,7.71%,True,+103.4%,False,160.8M,True,NYQ,False,
FRA,"BlackRock Floating Rate Income Strategies Fund, Inc.",10.78,2026-07-20T22:53:00.501393+00:00,False,+2.7%,True,$382.0M,,,False,135.2K,True,$10.78 / SMA $10.77,False,0.83%,,,,,True,NYQ,False,
FRBP,FRBP,10.25,2026-07-20T22:50:59.851921+00:00,False,+46.4%,True,$1368.2M,False,+-23.5%,False,0.7K,True,$10.25 / SMA $8.07,False,0.00%,False,+-20.7%,,,False,PNK,False,
FRCOF,"Fast Retailing Co., Ltd.",505.37,2026-07-20T22:46:28.637269+00:00,True,+75.0%,True,$155073.3M,,,False,1.8K,True,$505.37 / SMA $490.58,True,5.93%,,,False,184.7M,False,PNK,False,
FREKF,freee K.K.,11.23,2026-07-20T23:02:44.349776+00:00,False,+10.1%,True,$665.6M,,N/A,False,0.1K,False,$11.23 / SMA $12.53,False,0.00%,,N/A,True,32.0M,False,PNK,False,
FRHLF,Freehold Royalties Ltd.,11.83,2026-07-20T23:00:49.964626+00:00,False,+26.1%,True,$1939.7M,False,+-8.7%,False,62.1K,False,$11.83 / SMA $12.05,False,2.88%,False,+-14.5%,True,137.0M,False,PNK,False,
FRME,First Merchants Corporation,44.32,2026-07-20T22:47:39.020216+00:00,False,+27.9%,True,$2793.2M,False,+-52.1%,False,386.7K,True,$44.32 / SMA $41.34,False,2.24%,False,+-2.0%,True,61.9M,True,NMS,False,
FRMEP,First Merchants Corporation,25.61,2026-07-20T22:59:12.867734+00:00,False,+3.6%,,N/A,,N/A,False,1.3K,True,$25.61 / SMA $25.38,False,0.26%,False,+-2.0%,True,61.9M,True,NMS,False,
FRO,Frontline plc,36.93,2026-07-20T22:47:09.865421+00:00,True,+104.5%,True,$8221.5M,True,+1573.3%,True,2966.8K,True,$36.93 / SMA $36.52,True,4.76%,True,+66.9%,True,142.9M,True,NYQ,True,
FRRFF,4imprint Group plc,49.54,2026-07-20T23:00:58.804765+00:00,False,+18.9%,True,$1389.4M,,N/A,False,0.3K,True,$49.54 / SMA $49.28,False,0.00%,,N/A,True,27.6M,False,PNK,False,
FRST,Primis Financial Corp.,16.0,2026-07-20T23:04:40.144198+00:00,False,+67.5%,True,$398.1M,True,+200.0%,False,260.7K,True,$16.00 / SMA $15.16,False,2.36%,False,+-22.3%,True,23.8M,True,NGM,False,
FRUYF,"Furuya Metal Co., Ltd.",20.72,2026-07-20T22:47:50.423430+00:00,False,+1.0%,True,$509.7M,,,False,0.0K,True,$20.72 / SMA $-93.98,,,,,True,9.4M,False,PNK,False,
FSBW,"FS Bancorp, Inc.",43.02,2026-07-20T23:04:46.720237+00:00,False,+17.3%,True,$319.4M,False,+1.0%,False,17.4K,True,$43.02 / SMA $41.82,False,2.89%,False,+4.2%,True,4.1M,True,NCM,False,
FSHYF,Shougang Fushan Resources Group Limited,0.3149,2026-07-20T23:00:53.993949+00:00,False,+0.0%,True,$1603.2M,,N/A,False,0.0K,True,$0.31 / SMA $0.28,False,0.00%,,N/A,False,2796.2M,False,PNK,False,
FSK,FS KKR Capital Corp.,10.86,2026-07-20T22:47:34.018621+00:00,False,+11.7%,True,$3041.5M,False,+-465.1%,True,3126.8K,True,$10.86 / SMA $10.47,False,2.56%,False,+-418.7%,,,True,NYQ,False,
FSPKF,Fisher & Paykel Healthcare Corporation Limited,24.25,2026-07-20T22:57:01.983664+00:00,False,+27.6%,True,$14241.8M,,N/A,False,0.2K,True,$24.25 / SMA $21.98,False,0.00%,,N/A,False,585.0M,False,PNK,False,
FSTR,L.B. Foster Company,41.68,2026-07-20T23:04:35.555920+00:00,True,+92.3%,True,$435.9M,True,+170.0%,False,113.4K,True,$41.68 / SMA $41.67,True,3.73%,False,+23.9%,True,9.7M,True,NMS,False,
FSUN,FirstSun Capital Bancorp,35.07,2026-07-20T22:47:49.840472+00:00,False,+17.1%,True,$1639.1M,False,+-8.4%,False,255.5K,False,$35.07 / SMA $36.32,True,3.11%,False,+14.3%,True,36.6M,True,NMS,False,
FSV,FirstService Corporation,146.79,2026-07-20T22:57:17.643329+00:00,False,+22.9%,True,$6750.1M,True,+633.3%,False,226.0K,True,$146.79 / SMA $138.27,False,2.79%,False,+5.3%,True,41.8M,True,NMS,False,
FTI,TechnipFMC plc,72.05,2026-07-20T22:46:44.903695+00:00,True,+126.0%,True,$28726.5M,True,+93.9%,True,4896.3K,True,$72.05 / SMA $69.47,False,2.88%,False,+11.6%,False,395.1M,True,NYQ,False,
FTNT,"Fortinet, Inc.",160.36,2026-07-20T22:46:31.289175+00:00,True,+128.7%,True,$117487.5M,True,+28.6%,True,6209.1K,True,$160.36 / SMA $143.25,True,4.27%,False,+20.1%,False,617.7M,True,NMS,False,
FUEMF,Talamore Mining Corp.,6.0,2026-07-20T22:51:11.242814+00:00,False,+27.7%,True,$846.7M,False,+-150.0%,False,23.6K,True,$6.00 / SMA_short $5.93,,,,,True,69.5M,False,PNK,False,
FUGRF,Fugro N.V.,13.63,2026-07-20T22:47:50.946673+00:00,False,+40.5%,True,$1517.5M,,,False,0.1K,False,$13.63 / SMA $13.64,False,0.00%,,,True,107.2M,False,PNK,False,
FUJHY,Subaru Corporation,7.92,2026-07-20T22:47:03.160401+00:00,False,+11.5%,True,$11160.5M,,,False,309.6K,True,$7.92 / SMA $7.65,False,2.01%,,,False,1101.4M,False,PNK,False,
FUJIF,FUJIFILM Holdings Corporation,23.5,2026-07-20T22:46:47.820302+00:00,False,+38.2%,True,$28096.7M,,,False,0.4K,True,$23.50 / SMA $20.75,False,0.32%,,,False,1194.9M,False,PNK,False,
FULT,Fulton Financial Corporation,24.54,2026-07-20T22:59:01.292584+00:00,False,+47.8%,True,$4690.4M,False,+4.1%,True,1960.9K,True,$24.54 / SMA $22.62,False,2.03%,False,+4.2%,False,188.5M,True,NMS,False,
FULTP,Fulton Financial Corporation,18.08,2026-07-20T22:47:26.640452+00:00,False,+2.3%,,,,,False,12.3K,True,$18.08 / SMA $18.04,False,1.13%,False,+4.2%,False,188.5M,True,NMS,False,
FUPBY,Fuchs SE,11.19,2026-07-20T22:57:21.723730+00:00,False,+20.7%,True,$5863.6M,False,+15.3%,False,37.4K,True,$11.19 / SMA $11.12,False,0.87%,False,+1.1%,False,361.4M,False,PNK,False,
FUWAF,"Furukawa Electric Co., Ltd.",24.49,2026-07-20T22:46:49.318296+00:00,False,+23.8%,True,$17228.7M,,,False,2.8K,False,$24.49 / SMA $225.93,False,0.10%,,,False,650.7M,False,PNK,False,
FVR,"FrontView REIT, Inc.",21.54,2026-07-20T23:02:57.430110+00:00,True,+92.5%,True,$627.3M,True,+100.0%,False,162.7K,True,$21.54 / SMA $19.17,True,3.59%,False,+12.0%,True,22.3M,True,NYQ,False,
FVRR,Fiverr International Ltd.,11.5,2026-07-20T22:52:59.738687+00:00,False,+20.0%,True,$413.4M,True,+1050.0%,True,851.4K,True,$11.50 / SMA $10.70,True,4.92%,False,+-1.6%,True,30.6M,True,NYQ,False,
FWDI,"Forward Industries, Inc.",4.17,2026-07-20T23:04:41.649680+00:00,False,+19.8%,True,$307.6M,False,+-125.8%,True,1249.6K,False,$4.17 / SMA $4.37,True,9.32%,True,+315.0%,True,70.6M,True,NCM,False,
FWONA,Formula One Group,91.17,2026-07-20T22:56:50.633168+00:00,False,+23.7%,True,$22847.7M,False,+-40.0%,False,158.1K,True,$91.17 / SMA $85.12,False,2.81%,True,+59.1%,False,242.6M,True,NMS,False,
FWRG,"First Watch Restaurant Group, Inc.",12.23,2026-07-20T22:51:12.251610+00:00,False,+22.7%,True,$753.9M,False,+-300.0%,True,1284.0K,True,$12.23 / SMA $11.71,True,4.68%,False,+17.3%,True,57.4M,True,NMS,False,
FXCNF,FXCNF,2.95,2026-07-20T22:47:38.078148+00:00,True,+207.3%,True,$2305.9M,,,False,0.1K,False,$2.95 / SMA $3.26,False,0.00%,,,False,260.6M,False,PNK,False,
FYGGY,"Fuyao Glass Industry Group Co., Ltd.",1.655,2026-07-20T22:46:50.442048+00:00,False,+10.3%,True,$17276.5M,False,+-15.4%,False,38.4K,False,$1.66 / SMA $1.75,True,5.01%,False,+5.1%,False,7691.3M,False,PNK,False,
G,Genpact Limited,30.64,2026-07-20T22:57:20.830033+00:00,False,+14.1%,True,$5193.7M,False,+17.8%,True,2911.3K,True,$30.64 / SMA $30.62,True,3.61%,False,+6.7%,True,142.6M,True,NYQ,False,
GAIN,Gladstone Investment Corporation,16.41,2026-07-20T22:51:14.725754+00:00,False,+25.2%,True,$653.5M,,,False,313.1K,True,$16.41 / SMA $15.76,False,2.06%,True,+381.2%,,,True,NMS,False,
GAM,"General American Investors Company, Inc.",64.27,2026-07-20T22:47:50.857831+00:00,False,+14.3%,True,$1541.6M,,,False,28.8K,True,$64.27 / SMA $63.79,False,1.05%,,,True,21.4M,True,NYQ,False,
GARPY,Golden Agri-Resources Ltd,22.55,2026-07-20T22:59:11.291444+00:00,False,+23.3%,True,$2859.7M,,N/A,False,0.1K,True,$22.55 / SMA $22.00,False,0.00%,,N/A,True,62.7M,False,PNK,False,
GASNF,"Naturgy Energy Group, S.A.",29.37,2026-07-20T22:46:43.797346+00:00,False,+0.0%,True,$28205.1M,,,False,0.0K,False,$29.37 / SMA $32.44,False,0.00%,,,False,258.2M,False,PNK,False,
GASNY,"Naturgy Energy Group, S.A.",6.51,2026-07-20T22:56:43.612202+00:00,False,+16.0%,True,$30374.7M,,N/A,False,107.6K,True,$6.51 / SMA $6.50,False,1.14%,,N/A,False,1291.1M,False,PNK,False,
GASS,StealthGas Inc.,8.62,2026-07-20T23:04:38.728173+00:00,False,+40.8%,True,$320.5M,False,+13.2%,False,136.5K,False,$8.62 / SMA $9.13,True,3.67%,False,+1.9%,True,14.6M,True,NMS,False,
GBERY,Geberit AG,63.68,2026-07-20T22:46:50.912932+00:00,False,+3.7%,True,$20997.7M,,,False,16.9K,False,$63.68 / SMA $64.82,False,1.19%,,,False,328.4M,False,PNK,False,
GBTG,"Global Business Travel Group, Inc.",9.41,2026-07-20T22:47:21.908627+00:00,True,+89.9%,True,$4914.7M,False,+-37.5%,True,4266.5K,True,$9.41 / SMA $9.39,False,0.34%,True,+35.3%,False,195.4M,True,NYQ,False,
GBX,"The Greenbrier Companies, Inc.",49.56,2026-07-20T23:00:57.646064+00:00,False,+29.6%,True,$1533.4M,False,+-67.7%,False,471.3K,True,$49.56 / SMA $48.07,True,3.50%,False,+-31.6%,True,30.1M,True,NYQ,False,
GCGRU,General Catalyst Global Resilience Merger Corp.,10.28,2026-07-20T23:04:34.156774+00:00,False,+2.5%,,N/A,,N/A,False,159.6K,True,$10.28 / SMA $10.27,False,0.49%,,N/A,,N/A,True,NGM,False,
GCO,Genesco Inc.,37.19,2026-07-20T23:04:35.445354+00:00,False,+69.6%,True,$413.1M,True,+29.7%,False,188.4K,True,$37.19 / SMA $35.72,True,4.47%,False,+2.8%,True,9.6M,True,NYQ,False,
GD,General Dynamics Corporation,370.6,2026-07-20T22:56:32.980354+00:00,False,+26.1%,True,$100221.4M,False,+12.0%,True,1324.4K,True,$370.60 / SMA $351.52,False,2.14%,False,+10.3%,False,254.3M,True,NYQ,False,
GDERF,GDERF,210.0,2026-07-20T22:56:38.792557+00:00,False,+38.2%,True,$49259.4M,,N/A,False,0.9K,False,$210.00 / SMA $212.62,True,4.17%,,N/A,True,132.6M,False,PNK,False,
GDOT,Green Dot Corporation,13.38,2026-07-20T23:02:47.426685+00:00,False,+43.7%,True,$758.4M,True,+97.9%,False,451.8K,True,$13.38 / SMA $13.00,False,1.70%,False,+17.4%,True,45.7M,True,NYQ,False,
GEAGF,GEA Group Aktiengesellschaft,67.0,2026-07-20T22:47:04.716400+00:00,False,+6.0%,True,$10907.7M,False,+7.0%,False,0.1K,True,$67.00 / SMA $66.37,False,0.00%,False,+1.2%,True,145.7M,False,PNK,False,
GEAHF,Great Eagle Holdings Limited,2.2,2026-07-20T22:47:45.803423+00:00,False,+35.0%,True,$1649.4M,,,False,0.0K,False,$2.20 / SMA $2.22,False,0.00%,,,False,214.1M,False,PNK,False,
GEN,Gen Digital Inc.,26.675,2026-07-20T22:56:57.490299+00:00,False,+50.0%,True,$16069.9M,True,+265.2%,True,7215.4K,True,$26.68 / SMA $24.92,True,3.57%,True,+27.0%,False,457.4M,True,NMS,False,
GENSY,Genus plc,28.38,2026-07-20T22:47:41.719686+00:00,False,+16.6%,True,$1884.8M,,,False,0.1K,False,$28.38 / SMA $32.53,False,0.00%,,,True,65.1M,False,PNK,False,
GETY,"Getty Images Holdings, Inc.",0.5297,2026-07-20T23:03:00.341554+00:00,False,+10.4%,False,$221.9M,True,+96.0%,True,7413.9K,False,$0.53 / SMA $0.83,True,16.32%,False,+1.1%,False,196.7M,True,NYQ,False,
GEV,GE Vernova Inc.,1079.18,2026-07-20T22:46:27.079389+00:00,True,+103.6%,True,$289997.3M,True,+1816.5%,True,2860.7K,True,$1079.18 / SMA $1035.24,True,4.99%,False,+16.3%,False,268.2M,True,NYQ,False,
GEVO,"Gevo, Inc.",1.72,2026-07-20T23:04:33.335757+00:00,False,+53.6%,True,$418.7M,False,+0.0%,True,3305.4K,True,$1.72 / SMA $1.60,True,6.57%,True,+47.5%,False,225.8M,True,NCM,False,
GFI,Gold Fields Limited,31.25,2026-07-20T22:56:43.089515+00:00,False,+31.0%,True,$27950.6M,,N/A,True,3547.7K,False,$31.25 / SMA $37.25,True,3.31%,,N/A,False,1788.2M,True,NYQ,False,
GGAZF,Goldgroup Mining Inc.,4.25,2026-07-20T22:53:05.480685+00:00,True,+338.5%,True,$320.4M,True,+128.6%,False,92.6K,False,$4.25 / SMA $4.50,True,13.00%,True,+362.8%,True,67.4M,False,PNK,False,
GGGSY,Greggs plc,6.945,2026-07-20T22:47:40.380819+00:00,False,+11.1%,True,$2124.2M,,,False,2.0K,False,$6.95 / SMA $7.18,False,0.19%,,,False,301.0M,False,PNK,False,
GH,"Guardant Health, Inc.",148.07,2026-07-20T22:56:56.408531+00:00,True,+267.0%,True,$19634.1M,False,+-10.4%,True,2676.9K,True,$148.07 / SMA $132.56,True,5.17%,True,+48.3%,True,127.8M,True,NMS,False,
GHM,Graham Corporation,105.12,2026-07-20T23:01:05.577394+00:00,True,+128.1%,True,$1227.0M,False,+-55.0%,False,260.6K,False,$105.12 / SMA $105.51,True,5.66%,False,+13.0%,True,11.0M,True,NYQ,False,
GHRS,GH Research PLC,27.53,2026-07-20T22:47:50.519203+00:00,True,+143.2%,True,$1888.8M,False,+-63.2%,False,273.6K,True,$27.53 / SMA $23.78,True,7.02%,,,True,26.7M,True,NGM,False,
GIL,Gildan Activewear Inc.,54.54,2026-07-20T22:47:03.627937+00:00,False,+18.6%,True,$10099.8M,False,+-164.3%,True,1496.6K,False,$54.54 / SMA $55.57,True,3.17%,True,+63.8%,False,183.1M,True,NYQ,False,
GIW,GigCapital8 Corp.,10.08,2026-07-20T22:53:02.987429+00:00,False,+2.1%,True,$476.6M,,,False,37.7K,True,$10.08 / SMA $10.06,False,0.09%,,,True,22.0M,True,NGM,False,
GIWWU,GigCapital8 Corp.,10.37,2026-07-20T23:04:38.911154+00:00,False,+3.6%,,N/A,,N/A,False,0.2K,True,$10.37 / SMA $10.33,False,0.17%,,N/A,True,22.0M,True,NGM,False,
GJNSY,Gjensidige Forsikring ASA,30.1,2026-07-20T22:46:57.726350+00:00,False,+26.8%,True,$15048.9M,True,+60.8%,False,1.0K,True,$30.10 / SMA $27.41,False,2.71%,False,+15.9%,False,187.6M,False,PNK,False,
GLAD,Gladstone Capital Corporation,19.66,2026-07-20T22:52:57.644006+00:00,False,+18.9%,True,$444.2M,True,+74.4%,False,172.5K,True,$19.66 / SMA $19.21,False,2.17%,True,+108.0%,,,True,NMS,False,
GLASF,Glass House Brands Inc.,11.81,2026-07-20T22:51:10.041167+00:00,True,+159.6%,True,$1007.5M,False,+-41.6%,False,339.2K,True,$11.81 / SMA_short $10.79,,,False,+-13.3%,True,63.9M,False,PNK,False,
GLAXF,GSK plc,27.0,2026-07-20T22:56:32.368206+00:00,False,+57.4%,True,$108151.1M,False,+8.4%,False,0.9K,True,$27.00 / SMA $25.57,False,0.67%,False,+1.5%,False,3892.3M,False,PNK,False,
GLBE,Global-E Online Ltd.,36.58,2026-07-20T22:58:57.284606+00:00,False,+36.3%,True,$6144.2M,True,+254.5%,True,1660.8K,True,$36.58 / SMA $33.13,True,4.57%,True,+32.8%,True,106.4M,True,NMS,False,
GLIBA,Liberty Capital Corporation,21.57,2026-07-20T23:02:39.010061+00:00,False,+10.0%,True,$860.8M,False,+-60.7%,False,100.4K,False,$21.57 / SMA $22.91,True,5.37%,False,+-4.1%,True,36.7M,True,NMS,False,
GLIBK,Liberty Capital Corporation,21.65,2026-07-20T22:51:04.859765+00:00,False,+12.2%,True,$863.9M,False,+-60.7%,True,899.3K,False,$21.65 / SMA $22.73,True,5.78%,False,+-4.1%,True,36.7M,True,NMS,False,
GLNCY,Glencore plc,13.69,2026-07-20T22:56:33.256404+00:00,True,+84.0%,True,$80209.9M,,N/A,True,830.3K,False,$13.69 / SMA $14.83,False,1.83%,,N/A,False,4567.4M,False,PNK,False,
GLNG,Golar LNG Limited,49.65,2026-07-20T22:47:20.101311+00:00,False,+41.8%,True,$5053.4M,True,+862.5%,True,1318.0K,False,$49.65 / SMA $51.62,False,2.54%,True,+120.1%,True,86.7M,True,NMS,False,
GLNLF,Galan Lithium Limited,0.243,2026-07-20T22:53:02.549507+00:00,True,+205.7%,True,$307.3M,,,False,18.0K,False,$0.24 / SMA $0.30,True,4.26%,,,False,788.4M,False,PNK,False,
GLOB,Globant S.A.,32.29,2026-07-20T23:00:54.138265+00:00,False,+17.2%,True,$1394.3M,False,+25.0%,True,2000.4K,False,$32.29 / SMA $35.26,True,6.39%,False,+-0.7%,True,38.4M,True,NYQ,False,
GLOO,"Gloo Holdings, Inc.",3.4,2026-07-20T23:02:59.837141+00:00,False,+15.6%,False,$297.7M,True,+37.4%,False,249.0K,False,$3.40 / SMA $4.80,True,8.66%,True,+237.6%,True,11.7M,True,NMS,False,
GLPEF,"Galp Energia, SGPS, S.A.",22.34,2026-07-20T22:56:54.859504+00:00,False,+39.0%,True,$18008.4M,False,+-431.0%,False,1.4K,True,$22.34 / SMA $21.87,False,0.57%,False,+2.7%,False,334.9M,False,PNK,False,
GLRE,"Greenlight Capital Re, Ltd.",16.95,2026-07-20T23:02:53.810946+00:00,False,+46.5%,True,$562.2M,False,+22.1%,False,187.4K,True,$16.95 / SMA $16.51,True,3.50%,False,+-14.2%,True,24.9M,True,NMS,False,
GLSI,"Greenwich LifeSciences, Inc.",14.07,2026-07-20T22:53:01.591330+00:00,True,+80.8%,False,$206.5M,False,+-85.7%,False,143.4K,False,$14.07 / SMA $23.09,True,12.23%,,,True,7.4M,True,NCM,False,
GLW,Corning Incorporated,153.1,2026-07-20T22:46:28.580659+00:00,True,+187.3%,True,$131763.7M,True,+138.9%,True,14793.1K,False,$153.10 / SMA $191.39,True,8.51%,False,+20.0%,False,789.7M,True,NYQ,False,
GM,General Motors Company,75.8,2026-07-20T22:56:35.192056+00:00,False,+55.1%,True,$68346.2M,False,+-15.8%,True,7696.9K,False,$75.80 / SMA $78.72,False,2.44%,False,+-0.9%,False,898.8M,True,NYQ,False,
GMAB,Genmab A/S,27.91,2026-07-20T22:46:55.089788+00:00,False,+32.9%,True,$17135.0M,False,+-72.8%,True,1999.8K,True,$27.91 / SMA $26.63,False,2.50%,True,+25.3%,False,606.4M,True,NMS,False,
GMTL,Guardian Metal Resources PLC,11.12,2026-07-20T22:51:14.766831+00:00,False,+29.3%,True,$433.3M,,,False,233.6K,False,$11.12 / SMA $14.58,True,10.07%,,,True,104.8M,True,ASE,False,
GMTLF,Guardian Metal Resources PLC,1.935,2026-07-20T22:51:15.249637+00:00,True,+176.0%,True,$377.0M,,,False,59.0K,False,$1.94 / SMA $2.91,True,8.00%,,,True,104.8M,False,OQB,False,
GNGYF,Guangshen Railway Company Limited,0.245,2026-07-20T22:59:10.140248+00:00,False,+16.7%,True,$1735.5M,False,+24.2%,False,1.8K,True,$0.24 / SMA $0.20,False,0.00%,False,+7.2%,False,4254.3M,False,PNK,False,
GNMSF,Genmab A/S,282.0,2026-07-20T22:46:55.812756+00:00,False,+35.1%,True,$17313.0M,False,+-72.8%,False,2.0K,True,$282.00 / SMA $262.98,False,0.66%,True,+25.3%,True,60.6M,False,PNK,False,
GNNDY,GN Store Nord A/S,42.73,2026-07-20T22:47:42.662727+00:00,False,+8.3%,True,$2074.0M,,,False,0.4K,False,$42.73 / SMA $42.80,False,0.60%,False,+-58.2%,True,48.5M,False,PNK,False,
GNRC,Generac Holdings Inc.,213.25,2026-07-20T22:56:56.246392+00:00,False,+58.2%,True,$12553.7M,True,+69.9%,True,927.1K,False,$213.25 / SMA $261.10,True,4.94%,False,+12.4%,True,57.8M,True,NYQ,False,
GNW,"Genworth Financial, Inc.",10.1,2026-07-20T22:59:05.302212+00:00,False,+38.0%,True,$3868.4M,False,+-7.7%,True,2778.7K,True,$10.10 / SMA $9.15,False,2.07%,False,+-2.2%,False,374.0M,True,NYQ,False,
GNZUF,"Guangzhou Automobile Group Co., Ltd.",0.2601,2026-07-20T22:57:12.329646+00:00,False,+8.4%,True,$2652.3M,,N/A,False,3.3K,False,$0.26 / SMA $0.31,False,0.40%,False,+-38.8%,False,4241.8M,False,PNK,False,
GOFPY,Allwyn AG,7.4,2026-07-20T22:47:03.725663+00:00,False,+9.6%,True,$11799.4M,False,+-17.6%,False,152.6K,False,$7.40 / SMA $7.55,True,3.11%,False,+17.8%,,,False,PNK,False,
GOLD,"Gold.com, Inc.",37.57,2026-07-20T23:01:01.770273+00:00,True,+82.8%,True,$1089.7M,True,+680.6%,False,494.5K,False,$37.57 / SMA $41.42,True,3.87%,True,+244.0%,True,19.4M,True,NYQ,False,
GONYF,GONYF,9.3,2026-07-20T22:53:01.791494+00:00,False,+5.0%,,,,,False,17.1K,False,$9.30 / SMA $9.81,False,1.04%,,,True,30.0M,False,OQB,False,
GOOD,Gladstone Commercial Corporation,13.03,2026-07-20T23:02:52.063739+00:00,False,+26.1%,True,$636.2M,True,+100.0%,True,510.9K,True,$13.03 / SMA $12.47,False,1.91%,False,+11.8%,True,47.8M,True,NMS,False,
GOODN,Gladstone Commercial Corporation,23.125,2026-07-20T22:51:15.245741+00:00,False,+10.6%,,,,,False,2.6K,True,$23.12 / SMA $22.39,False,0.76%,False,+11.8%,True,47.8M,True,NMS,False,
GOOGL,Alphabet Inc.,351.99,2026-07-20T22:56:27.016453+00:00,True,+89.1%,True,$4295183.6M,True,+81.9%,True,31960.3K,False,$351.99 / SMA $369.57,True,3.09%,False,+21.8%,False,10821.4M,True,NMS,False,
GPAT,GP-Act III Acquisition Corp.,11.01,2026-07-20T22:53:00.707397+00:00,False,+4.8%,True,$395.7M,False,+-25.0%,False,104.9K,True,$11.01 / SMA $10.88,False,0.31%,,,True,26.9M,True,NGM,False,
GPATU,GP-Act III Acquisition Corp.,10.98,2026-07-20T23:04:36.598158+00:00,False,+3.0%,,N/A,,N/A,False,0.1K,False,$10.98 / SMA $11.01,False,0.00%,,N/A,True,26.9M,True,NGM,False,
GPEAF,Great Portland Estates Plc,4.01,2026-07-20T23:00:55.615070+00:00,False,+8.1%,True,$1617.7M,,N/A,False,0.1K,True,$4.01 / SMA $3.93,False,0.00%,,N/A,False,351.4M,False,PNK,False,
GPK,Graphic Packaging Holding Company,10.84,2026-07-20T22:47:34.254509+00:00,False,+23.3%,True,$3207.4M,False,+-133.3%,True,6661.4K,True,$10.84 / SMA $10.47,True,3.76%,False,+1.7%,False,290.8M,True,NYQ,False,
GPN,Global Payments Inc.,82.37,2026-07-20T22:56:52.237814+00:00,False,+34.7%,True,$22531.8M,False,+-631.5%,True,3727.6K,True,$82.37 / SMA $70.96,True,3.74%,True,+63.1%,False,228.5M,True,NYQ,False,
GPRK,GeoPark Limited,9.7,2026-07-20T23:02:51.353402+00:00,False,+68.7%,True,$629.5M,,N/A,True,552.3K,False,$9.70 / SMA $10.00,True,3.81%,,N/A,True,19.4M,True,NYQ,False,
GRC,The Gorman-Rupp Company,79.19,2026-07-20T22:47:45.043116+00:00,True,+113.6%,True,$2091.4M,True,+47.8%,False,175.0K,False,$79.19 / SMA $79.97,True,3.75%,False,+7.7%,True,20.8M,True,NYQ,False,
GRIQ,"GrocerIQ Holdings, Inc.",3.45,2026-07-20T22:54:43.058944+00:00,True,+115.6%,False,$251.7M,,,False,1.3K,False,$3.45 / SMA $4.06,False,2.60%,,,,,False,OID,False,
GRMN,Garmin Ltd.,244.79,2026-07-20T22:56:39.575310+00:00,False,+31.1%,True,$47209.3M,False,+21.5%,True,837.4K,True,$244.79 / SMA $237.77,False,2.63%,False,+14.2%,False,164.6M,True,NYQ,False,
GROY,Gold Royalty Corp.,2.52,2026-07-20T22:51:11.534683+00:00,False,+4.8%,True,$581.6M,True,+200.0%,True,1908.5K,False,$2.52 / SMA $2.98,True,3.91%,True,+128.7%,False,195.6M,True,ASE,False,
GRRMY,Gerresheimer AG,8.5,2026-07-20T23:01:04.286035+00:00,True,+80.5%,True,$1174.4M,,N/A,False,0.0K,True,$8.50 / SMA $7.38,False,0.00%,,N/A,True,128.2M,False,PNK,False,
GRRR,Gorilla Technology Group Inc.,12.15,2026-07-20T23:04:35.362448+00:00,False,+34.4%,True,$337.3M,False,+-517.4%,True,1527.7K,False,$12.15 / SMA $16.45,True,10.29%,True,+54.6%,True,23.9M,True,NCM,False,
GRYRF,Geo Energy Resources Limited,0.36465,2026-07-20T22:51:14.699715+00:00,False,+44.4%,True,$649.7M,False,+-75.8%,False,0.7K,False,$0.36 / SMA $0.39,False,0.00%,False,+-42.4%,False,730.6M,False,PNK,False,
GS,"The Goldman Sachs Group, Inc.",1055.03,2026-07-20T22:56:28.188622+00:00,False,+52.5%,True,$311241.7M,True,+92.3%,True,2116.0K,True,$1055.03 / SMA $1029.54,True,3.02%,,N/A,False,298.4M,True,NYQ,False,
GSCCF,ioneer Ltd,0.0978,2026-07-20T23:04:43.138676+00:00,True,+9680.0%,True,$300.7M,,N/A,False,52.7K,True,$0.10 / SMA $0.10,True,1001.30%,,N/A,False,2464.7M,False,PNK,False,
GSHD,"Goosehead Insurance, Inc.",57.23,2026-07-20T22:47:50.872161+00:00,False,+69.9%,True,$2037.7M,,,True,531.8K,True,$57.23 / SMA $43.00,True,6.38%,,,True,21.6M,True,NMS,False,
GSHRF,Gold X2 Mining Inc.,0.7518,2026-07-20T22:51:13.552630+00:00,True,+182.0%,True,$456.1M,False,+0.0%,False,107.8K,False,$0.75 / SMA $0.96,True,6.07%,,,False,514.3M,False,OQB,False,
GSISF,Genesis Minerals Limited,3.95,2026-07-20T22:58:56.716448+00:00,True,+71.0%,True,$4512.2M,,N/A,False,1.5K,False,$3.95 / SMA $4.16,False,1.32%,,N/A,False,1063.2M,False,PNK,False,
GSIT,"GSI Technology, Inc.",5.57,2026-07-20T22:53:04.620784+00:00,True,+97.5%,False,$213.7M,False,+-44.4%,True,1781.7K,False,$5.57 / SMA $8.18,True,7.94%,False,+7.4%,True,31.7M,True,NMS,False,
GSL,"Global Ship Lease, Inc.",41.1,2026-07-20T22:50:57.694235+00:00,False,+50.7%,True,$1481.1M,False,+-25.3%,False,323.5K,True,$41.10 / SMA $39.12,False,2.33%,False,+2.2%,True,30.8M,True,NYQ,False,
GSM,Ferroglobe PLC,3.32,2026-07-20T22:51:09.533559+00:00,False,+7.1%,True,$620.4M,True,+88.9%,True,1601.5K,False,$3.32 / SMA $3.77,True,4.80%,False,+13.2%,False,172.8M,True,NCM,False,
GT,The Goodyear Tire & Rubber Company,7.24,2026-07-20T22:47:48.140623+00:00,False,+33.3%,True,$2081.1M,False,+-315.0%,True,10004.4K,True,$7.24 / SMA $6.26,True,4.95%,False,+-8.7%,False,256.3M,True,NMS,False,
GTBIF,Green Thumb Industries Inc.,7.12,2026-07-20T23:00:56.535301+00:00,False,+34.6%,True,$1559.2M,True,+75.0%,True,612.6K,False,$7.12 / SMA $7.62,True,5.17%,False,+7.4%,False,190.6M,False,OQX,False,
GTENU,"Gores Holdings X, Inc.",10.7,2026-07-20T23:02:59.259674+00:00,False,+4.2%,,N/A,,N/A,False,0.4K,True,$10.70 / SMA $10.54,False,0.03%,,N/A,True,30.9M,True,NGM,False,
GTLB,GitLab Inc.,34.07,2026-07-20T22:47:23.792385+00:00,True,+81.9%,True,$5754.4M,True,+86.4%,True,5946.6K,True,$34.07 / SMA $28.95,True,6.13%,False,+23.1%,True,140.5M,True,NMS,False,
GTM,ZoomInfo Technologies Inc.,3.13,2026-07-20T23:01:05.371138+00:00,False,+23.2%,True,$922.5M,True,+25.0%,True,11888.0K,False,$3.13 / SMA $3.33,True,6.86%,False,+1.5%,False,215.5M,True,NMS,False,
GTN,"Gray Media, Inc.",4.09,2026-07-20T23:02:59.354064+00:00,False,+16.9%,True,$420.2M,False,+-47.8%,True,1371.8K,True,$4.09 / SMA $3.96,True,5.63%,False,+-1.8%,True,82.2M,True,NYQ,False,
GWKSY,GWKSY,27.65,2026-07-20T22:57:08.287445+00:00,False,+45.4%,True,$9136.9M,,N/A,False,0.3K,False,$27.65 / SMA $27.96,False,0.06%,,N/A,False,325.1M,False,PNK,False,
GWLIF,Great-West Lifeco Inc.,65.1,2026-07-20T22:56:38.176017+00:00,True,+76.5%,True,$58462.3M,,N/A,False,50.9K,True,$65.10 / SMA $60.06,False,0.62%,True,+143.7%,False,260.5M,False,PNK,False,
GXO,"GXO Logistics, Inc.",52.8,2026-07-20T22:57:20.432111+00:00,False,+16.3%,True,$6074.6M,True,+103.7%,True,1426.0K,True,$52.80 / SMA $49.97,True,3.63%,False,+10.8%,True,113.8M,True,NYQ,False,
GYRE,GYRE,5.880000114440918,2026-07-20T22:51:16.341631+00:00,,,,,,,False,95.8K,False,$5.88 / SMA $6.36,True,5.38%,False,+2.1%,,,,Unknown,False,
HACQ,HCM IV Acquisition Corp.,10.08,2026-07-20T22:53:02.444008+00:00,False,+2.2%,True,$376.7M,,,False,27.8K,True,$10.08 / SMA $10.01,False,0.06%,,,True,28.7M,True,NGM,False,
HAE,Haemonetics Corporation,78.17,2026-07-20T22:47:34.572183+00:00,False,+65.2%,True,$3552.5M,False,+-137.6%,True,901.4K,True,$78.17 / SMA $69.92,True,3.50%,False,+4.8%,True,44.9M,True,NYQ,False,
HALO,"Halozyme Therapeutics, Inc.",77.09,2026-07-20T22:47:10.397427+00:00,False,+38.6%,True,$9143.9M,True,+31.2%,True,1816.7K,True,$77.09 / SMA $71.83,True,3.17%,True,+42.2%,True,117.2M,True,NMS,False,
HAWK,"HawkEye 360, Inc.",17.44,2026-07-20T22:47:35.859015+00:00,False,+1.4%,True,$1708.4M,,,True,1410.0K,False,$17.44 / SMA $25.52,True,8.31%,,,True,67.1M,True,NYQ,False,
HBANM,Huntington Bancshares Incorporated,20.92,2026-07-20T22:46:42.773097+00:00,False,+4.5%,,,,,False,14.7K,False,$20.92 / SMA $21.17,False,1.07%,True,+34.0%,False,2014.5M,True,NMS,False,
HBANP,Huntington Bancshares Incorporated,16.38,2026-07-20T22:56:44.100190+00:00,False,+2.4%,,N/A,,N/A,False,56.7K,True,$16.38 / SMA $16.20,False,1.01%,True,+34.0%,False,2014.5M,True,NMS,False,
HBCYF,HSBC Holdings plc,18.43,2026-07-20T22:56:27.775744+00:00,False,+56.9%,True,$316041.5M,False,+2.6%,False,15.8K,True,$18.43 / SMA $18.23,True,5.93%,False,+7.8%,False,16977.6M,False,PNK,False,
HBGRF,Heidelberger Druckmaschinen Aktiengesellschaft,1.7,2026-07-20T22:52:54.296644+00:00,False,+7.3%,True,$517.4M,,,False,0.0K,False,$1.70 / SMA $1.80,False,0.00%,False,+-10.4%,False,255.4M,False,PNK,False,
HBRIY,Harbour Energy plc,3.29,2026-07-20T22:57:14.358417+00:00,False,+31.1%,True,$5163.1M,,N/A,False,34.3K,False,$3.29 / SMA $3.49,True,4.26%,,N/A,False,735.0M,False,PNK,False,
HCHDF,Hochschild Mining plc,5.9,2026-07-20T22:47:27.214083+00:00,True,+71.0%,True,$3035.3M,,,False,7.0K,False,$5.90 / SMA $7.35,False,2.96%,,,False,315.2M,False,OQX,False,
HCMLY,Holcim AG,18.26,2026-07-20T22:46:37.224038+00:00,False,+20.6%,True,$50500.3M,,,False,96.7K,False,$18.26 / SMA $18.62,False,1.64%,,,False,2516.7M,False,PNK,False,
HD,"The Home Depot, Inc.",333.04,2026-07-20T22:46:26.592624+00:00,False,+15.2%,True,$332079.8M,False,+-4.3%,True,4848.9K,True,$333.04 / SMA $325.36,False,2.49%,False,+4.8%,False,995.4M,True,NYQ,False,
HDALF,Haidilao International Holding Ltd.,1.54,2026-07-20T22:47:07.292746+00:00,False,+14.1%,True,$8951.5M,,,False,22.0K,False,$1.54 / SMA $1.67,True,3.13%,,,False,1737.2M,False,PNK,False,
HDL,Super Hi International Holding Ltd.,13.23,2026-07-20T23:02:44.849972+00:00,False,+10.3%,True,$778.4M,False,+-50.0%,False,1.3K,True,$13.23 / SMA $13.11,False,0.43%,False,+14.2%,True,36.2M,True,NGM,False,
HEI.A,HEI.A,,2026-07-20T22:46:41.701401+00:00,False,,False,,False,,False,,False,,False,,False,,False,,False,Unknown,False,No price data available
HELE,Helen of Troy Limited,27.99,2026-07-20T22:51:15.738195+00:00,True,+102.1%,True,$651.9M,True,+107.7%,True,677.8K,True,$27.99 / SMA $26.58,True,6.27%,False,+8.2%,True,23.1M,True,NMS,False,
HELFY,HelloFresh SE,1.02,2026-07-20T23:02:47.229950+00:00,False,+6.2%,True,$584.8M,True,+50.6%,False,7.5K,False,$1.02 / SMA $1.12,False,0.68%,False,+-13.2%,False,468.3M,False,PNK,False,
HENKY,Henkel AG & Co. KGaA,20.23,2026-07-20T22:46:44.007650+00:00,False,+20.2%,True,$32760.9M,,,False,91.9K,True,$20.23 / SMA $18.85,False,1.35%,,,False,982.1M,False,PNK,False,
HENOY,Henkel AG & Co. KGaA,21.58,2026-07-20T22:56:45.207098+00:00,False,+21.4%,True,$34947.2M,,N/A,False,18.9K,True,$21.58 / SMA $20.10,False,1.29%,,N/A,False,982.1M,False,PNK,False,
HFWA,Heritage Financial Corporation,30.56,2026-07-20T23:01:03.756805+00:00,False,+43.3%,True,$1259.6M,False,+20.0%,False,299.4K,True,$30.56 / SMA $28.30,False,2.34%,True,+35.3%,True,40.6M,True,NMS,False,
HG,"Hamilton Insurance Group, Ltd.",35.18,2026-07-20T22:59:07.612327+00:00,False,+67.5%,True,$3491.8M,True,+70.1%,False,494.6K,True,$35.18 / SMA $32.12,False,2.75%,False,+-1.1%,True,47.8M,True,NYQ,False,
HGCTF,HGCTF,5.01,2026-07-20T23:00:50.883166+00:00,False,+3.3%,,N/A,,N/A,False,0.7K,False,$5.01 / SMA_short $5.08,,N/A,,N/A,,N/A,False,PNK,False,
HGMCF,Harmony Gold Mining Company Limited,17.35,2026-07-20T22:57:03.836631+00:00,False,+36.0%,True,$10840.9M,,N/A,False,0.1K,True,$17.35 / SMA $17.24,False,0.00%,,N/A,False,544.4M,False,PNK,False,
HGTY,"Hagerty, Inc.",11.9,2026-07-20T22:59:03.866203+00:00,False,+35.1%,True,$4085.9M,False,+-185.7%,False,160.3K,True,$11.90 / SMA $11.06,True,3.27%,False,+-5.0%,True,47.3M,True,NYQ,False,
HGV,Hilton Grand Vacations Inc.,48.31,2026-07-20T22:47:28.218287+00:00,False,+31.3%,True,$3793.1M,True,+564.7%,True,1130.1K,False,$48.31 / SMA $50.15,True,3.45%,False,+11.9%,True,49.1M,True,NYQ,False,
HHUSF,Hua Hong Grace Semiconductor Limited,21.3,2026-07-20T22:46:42.782042+00:00,True,+395.3%,True,$41306.9M,True,+180.0%,False,1.2K,True,$21.30 / SMA $18.93,False,0.00%,,,False,1052.5M,False,PNK,False,
HIFS,Hingham Institution for Savings,291.63,2026-07-20T22:51:15.055269+00:00,False,+24.0%,True,$640.8M,False,+-60.2%,False,28.9K,True,$291.63 / SMA $287.82,True,3.58%,False,+-28.8%,True,1.6M,True,NGM,False,
HII,"Huntington Ingalls Industries, Inc.",270.04,2026-07-20T22:57:00.860929+00:00,False,+7.6%,True,$10640.7M,False,+0.0%,True,534.5K,False,$270.04 / SMA $297.84,False,2.66%,False,+13.4%,True,39.1M,True,NYQ,False,
HIMS,"Hims & Hers Health, Inc.",32.7,2026-07-20T22:47:19.929558+00:00,True,+138.0%,True,$7568.7M,False,+-300.0%,True,20987.2K,True,$32.70 / SMA $29.96,True,7.52%,False,+3.8%,False,210.6M,True,NYQ,False,
HIO,Western Asset High Income Opportunity Fund Inc.,3.65,2026-07-20T23:04:41.306635+00:00,False,+3.7%,True,$347.1M,,N/A,False,310.5K,True,$3.65 / SMA $3.60,False,0.77%,,N/A,,N/A,True,NYQ,False,
HIPO,Hippo Holdings Inc.,29.43,2026-07-20T22:51:13.017403+00:00,False,+22.2%,True,$766.2M,True,+114.1%,False,139.6K,True,$29.43 / SMA $26.77,True,3.96%,False,+10.2%,True,22.0M,True,NYQ,False,
HKEPF,"Hokkaido Electric Power Company, Incorporated",5.69,2026-07-20T23:01:01.542122+00:00,False,+9.6%,True,$1168.4M,,N/A,False,0.8K,False,$5.69 / SMA $5.95,False,1.06%,,N/A,False,187.1M,False,PNK,False,
HKUOY,Hakuhodo DY Holdings Inc,14.8288,2026-07-20T22:59:11.323254+00:00,False,+16.4%,True,$2684.8M,,N/A,False,0.2K,True,$14.83 / SMA $14.44,False,0.09%,,N/A,True,96.5M,False,PNK,False,
HL,Hecla Mining Company,14.29,2026-07-20T22:47:02.425007+00:00,True,+154.3%,True,$9584.5M,False,+-160.0%,True,23354.5K,False,$14.29 / SMA $16.42,True,4.66%,True,+100.4%,False,662.0M,True,NYQ,False,
HLBZF,Heidelberg Materials AG,195.0,2026-07-20T22:56:42.058645+00:00,False,+7.7%,True,$34391.2M,,N/A,False,1.3K,False,$195.00 / SMA $204.71,True,5.86%,,N/A,True,125.5M,False,PNK,False,
HLDCY,Henderson Land Development Company Limited,3.46,2026-07-20T22:46:51.064606+00:00,False,+12.3%,True,$16751.2M,,,False,50.4K,False,$3.46 / SMA $3.55,False,1.61%,,,False,1332.0M,False,PNK,False,
HLF,Herbalife Ltd.,12.26,2026-07-20T23:01:00.561183+00:00,False,+62.2%,True,$1271.0M,False,+16.3%,True,1585.6K,False,$12.26 / SMA $12.45,True,4.43%,False,+7.8%,True,78.1M,True,NYQ,False,
HLFFF,HelloFresh SE,3.99,2026-07-20T22:51:11.086122+00:00,False,+5.8%,True,$632.0M,True,+50.6%,False,1.9K,False,$3.99 / SMA $4.65,False,1.93%,False,+-13.2%,True,117.1M,False,PNK,False,
HLMAF,Halma plc,46.07,2026-07-20T22:46:47.730420+00:00,False,+10.3%,True,$17399.6M,,,False,11.1K,False,$46.07 / SMA $55.98,True,3.60%,,,False,373.2M,False,PNK,False,
HLN,Haleon plc,10.04,2026-07-20T22:46:39.732340+00:00,False,+16.1%,True,$44214.1M,,,True,9110.3K,True,$10.04 / SMA $9.27,False,1.47%,,,False,4439.1M,True,NYQ,False,
HLPPF,Hang Lung Properties Limited,1.18,2026-07-20T22:57:18.392715+00:00,False,+22.9%,True,$6139.6M,,N/A,False,0.0K,True,$1.18 / SMA $1.16,False,0.00%,,N/A,False,1680.4M,False,PNK,False,
HLPPY,Hang Lung Properties Limited,4.75,2026-07-20T22:47:19.818191+00:00,False,+11.5%,True,$4942.9M,,,False,2.2K,False,$4.75 / SMA $4.95,False,2.48%,,,False,336.1M,False,OID,False,
HLTFF,Hilton Food Group plc,6.865,2026-07-20T22:51:13.792254+00:00,False,+7.3%,True,$617.5M,,,False,6.5K,False,$6.87 / SMA $7.03,False,0.00%,,,True,74.8M,False,PNK,False,
HLUBF,H. Lundbeck A/S,5.5,2026-07-20T22:57:22.052804+00:00,False,+48.6%,True,$5838.0M,True,+47.8%,False,0.0K,False,$5.50 / SMA $5.50,False,0.00%,False,+14.3%,False,305.0M,False,PNK,False,
HMC,"Honda Motor Co., Ltd.",28.17,2026-07-20T22:46:42.337742+00:00,False,+21.2%,True,$36551.3M,,,True,1864.5K,True,$28.17 / SMA $26.69,False,1.23%,False,+8.6%,False,1297.1M,True,NYQ,False,
HMDCF,HUTCHMED (China) Limited,2.16,2026-07-20T23:00:51.954666+00:00,False,+0.0%,True,$1857.1M,,N/A,False,0.0K,False,$2.16 / SMA $2.29,False,0.00%,,N/A,False,513.6M,False,PNK,False,
HMDPF,Hammond Power Solutions Inc.,200.0,2026-07-20T22:47:38.490155+00:00,True,+145.7%,True,$2381.0M,,,False,11.3K,False,$200.00 / SMA $226.21,True,3.11%,True,+27.0%,True,8.7M,False,PNK,False,
HMMCF,HMMCF,3.98,2026-07-20T22:50:58.807903+00:00,True,+2553.4%,True,$1179.6M,,,False,45.1K,False,$3.98 / SMA $4.36,True,5.40%,,,False,280.6M,False,OQX,False,
HMNTY,Hemnet Group AB (publ),8.8,2026-07-20T23:02:39.941547+00:00,False,+25.5%,True,$799.2M,False,+-58.1%,False,0.6K,False,$8.80 / SMA $9.63,False,0.68%,False,+-32.1%,True,56.1M,False,PNK,False,
HNNMY,H & M Hennes & Mauritz AB (publ),3.31,2026-07-20T22:46:45.353361+00:00,False,+28.3%,True,$26420.0M,False,+0.4%,False,164.1K,False,$3.31 / SMA $3.42,False,1.47%,False,+-3.3%,False,2327.4M,False,PNK,False,
HNRG,Hallador Energy Company,15.77,2026-07-20T22:51:08.366900+00:00,False,+7.4%,True,$743.2M,False,+-187.0%,True,903.8K,False,$15.77 / SMA $17.63,True,5.87%,False,+-13.5%,True,36.0M,True,NCM,False,
HOCPF,HOYA Corporation,175.38,2026-07-20T22:46:36.352160+00:00,False,+47.4%,True,$58667.9M,,,False,0.1K,True,$175.38 / SMA $167.46,False,0.00%,,,False,334.5M,False,PNK,False,
HOCPY,HOYA Corporation,156.75,2026-07-20T22:46:36.215187+00:00,False,+36.5%,True,$52435.8M,,,False,36.3K,False,$156.75 / SMA $164.97,False,1.73%,,,False,334.5M,False,PNK,False,
HOEGF,Höegh Autoliners ASA,14.81,2026-07-20T22:59:09.551397+00:00,True,+77.9%,True,$2825.3M,False,+-25.0%,False,2.2K,False,$14.81 / SMA $15.32,False,0.67%,False,+2.2%,True,121.3M,False,PNK,False,
HOG,"Harley-Davidson, Inc.",27.82,2026-07-20T22:47:39.233026+00:00,False,+62.8%,True,$2928.6M,False,+-79.4%,True,2788.1K,True,$27.82 / SMA $24.92,True,3.64%,False,+-11.8%,True,104.1M,True,NYQ,False,
HOMB,"Home BancShares, Inc.",30.4,2026-07-20T22:57:20.995242+00:00,False,+19.2%,True,$6094.0M,False,+-1.7%,True,1791.8K,True,$30.40 / SMA $27.68,False,1.81%,,N/A,False,187.6M,True,NYQ,False,
HON,Honeywell International Inc.,226.18,2026-07-20T22:56:30.353795+00:00,False,+15.5%,True,$71659.8M,False,+-41.9%,True,4740.2K,False,$226.18 / SMA $231.14,True,3.43%,False,+2.4%,False,300.4M,True,NMS,False,
HOOD,"Robinhood Markets, Inc.",99.28,2026-07-20T22:46:34.483497+00:00,False,+56.3%,True,$89402.1M,False,+2.7%,True,29243.5K,True,$99.28 / SMA $93.43,True,6.14%,False,+15.1%,False,784.6M,True,NMS,False,
HPE,Hewlett Packard Enterprise Company,44.56,2026-07-20T22:46:37.530281+00:00,True,+126.9%,True,$59006.5M,True,+153.7%,True,26170.7K,True,$44.56 / SMA $43.17,True,5.62%,True,+40.0%,False,1317.7M,True,NYQ,False,
HPF,John Hancock Preferred Income Fund II,15.91,2026-07-20T23:04:41.274821+00:00,False,+5.6%,True,$344.5M,,N/A,False,34.1K,True,$15.91 / SMA $15.74,False,0.70%,,N/A,,N/A,True,NYQ,False,
HPGLY,Hapag-Lloyd Aktiengesellschaft,69.05,2026-07-20T22:46:48.332912+00:00,False,+9.1%,True,$24272.5M,False,+-149.8%,False,0.7K,True,$69.05 / SMA $66.42,False,0.34%,False,+-16.8%,True,12.7M,False,PNK,False,
HPHTF,Hamamatsu Photonics K.K.,14.0,2026-07-20T22:47:18.129746+00:00,False,+53.0%,True,$4047.3M,,,False,0.7K,False,$14.00 / SMA $16.06,False,0.38%,,,False,282.0M,False,PNK,False,
HPHTY,Hamamatsu Photonics K.K.,7.6347,2026-07-20T22:47:18.479028+00:00,False,+54.9%,True,$4414.2M,,,False,0.3K,False,$7.63 / SMA $8.16,False,0.05%,,,False,564.1M,False,PNK,False,
HPK,"HighPeak Energy, Inc.",7.37,2026-07-20T22:51:04.927812+00:00,True,+91.4%,True,$931.3M,False,+-492.3%,True,747.1K,True,$7.37 / SMA $7.21,True,6.15%,False,+-20.7%,True,21.7M,True,NGM,False,
HQH,Abrdn Healthcare Investors,20.91,2026-07-20T22:51:02.195421+00:00,False,+34.8%,True,$1195.9M,,,False,182.2K,True,$20.91 / SMA $20.19,False,2.26%,,,,,True,NYQ,False,
HR,Healthcare Realty Trust Incorporated,21.25,2026-07-20T22:47:13.210636+00:00,False,+39.0%,True,$7453.5M,True,+100.0%,True,4314.6K,True,$21.25 / SMA $20.32,False,1.67%,False,+-6.7%,False,344.2M,True,NYQ,False,
HRI,Herc Holdings Inc.,147.36,2026-07-20T22:58:59.462000+00:00,False,+66.6%,True,$4920.8M,False,+-14.3%,True,598.0K,True,$147.36 / SMA $140.83,True,5.06%,True,+32.3%,True,29.0M,True,NYQ,False,
HRIBF,"HORIBA, Ltd.",162.47,2026-07-20T22:47:14.654086+00:00,True,+166.2%,True,$6825.6M,,,False,0.0K,True,$162.47 / SMA $50.88,False,0.00%,,,True,32.5M,False,PNK,False,
HRNNF,Hydro One Limited,40.6,2026-07-20T22:56:47.575499+00:00,False,+12.2%,True,$24363.9M,False,+8.3%,False,81.3K,False,$40.60 / SMA $41.36,False,0.59%,False,+10.0%,False,600.1M,False,PNK,False,
HRTG,"Heritage Insurance Holdings, Inc.",27.43,2026-07-20T23:02:48.715317+00:00,False,+63.0%,True,$830.4M,False,+20.2%,False,453.4K,True,$27.43 / SMA $24.17,True,4.02%,False,+-1.6%,True,22.7M,True,NYQ,False,
HRZRF,HRZRF,0.597,2026-07-20T22:47:02.643926+00:00,False,+17.1%,,,,,False,11.1K,False,$0.60 / SMA_short $0.74,False,2.54%,,,False,11160.8M,False,PNK,False,
HSAI,Hesai Group,14.93,2026-07-20T22:47:31.539515+00:00,False,+3.7%,True,$18769.1M,True,+184.6%,True,1856.5K,False,$14.93 / SMA $18.51,True,5.03%,True,+29.6%,True,125.9M,True,NMS,False,
HSBC,HSBC Holdings plc,99.01,2026-07-20T22:56:27.602684+00:00,False,+63.4%,True,$339568.9M,False,+2.6%,True,1606.0K,True,$99.01 / SMA $93.89,False,1.36%,False,+7.8%,False,13582.1M,True,NYQ,False,
HSHCY,"Haier Smart Home Co., Ltd.",10.9,2026-07-20T22:46:45.958109+00:00,False,+12.5%,True,$25554.0M,False,+-15.3%,False,113.3K,True,$10.90 / SMA $10.46,False,0.98%,False,+-6.9%,False,1389.6M,False,PNK,False,
HSIC,"Henry Schein, Inc.",86.2,2026-07-20T22:47:08.910019+00:00,False,+39.1%,True,$9819.6M,False,+4.5%,True,1494.7K,True,$86.20 / SMA $79.24,False,2.27%,False,+6.3%,True,93.9M,True,NMS,False,
HSY,The Hershey Company,171.7,2026-07-20T22:46:40.348433+00:00,False,+6.4%,True,$34828.2M,True,+93.6%,True,2073.1K,False,$171.70 / SMA $181.94,False,2.74%,False,+10.6%,True,146.3M,True,NYQ,False,
HSYDF,Harmonic Drive Systems Inc.,40.0,2026-07-20T22:58:59.806497+00:00,True,+166.7%,True,$3786.7M,,N/A,False,6.5K,False,$40.00 / SMA $45.59,True,6.23%,,N/A,True,54.6M,False,PNK,False,
HTCMY,"Hitachi Construction Machinery Co., Ltd.",65.18,2026-07-20T22:47:14.691237+00:00,False,+16.6%,True,$6933.1M,,,False,0.0K,False,$65.18 / SMA $67.05,False,0.00%,,,True,60.1M,False,PNK,False,
HTD,John Hancock Tax-Advantaged Dividend Income Fund,25.65,2026-07-20T22:51:07.150588+00:00,False,+10.8%,True,$908.8M,,,False,66.8K,True,$25.65 / SMA $25.27,False,1.69%,,,,,True,NYQ,False,
HTHIY,"Hitachi, Ltd.",29.17,2026-07-20T22:46:29.146790+00:00,False,+16.7%,True,$130810.3M,,,True,639.8K,False,$29.17 / SMA $30.31,False,2.38%,,,False,4415.9M,False,PNK,False,
HTSUY,HTSUY,2.94,2026-07-20T23:01:00.566271+00:00,False,+0.0%,,N/A,,N/A,False,0.0K,False,$2.94 / SMA $4.28,False,0.00%,,N/A,False,281.6M,False,PNK,False,
HTWSF,Helios Towers plc,2.56,2026-07-20T22:59:05.614943+00:00,False,+68.4%,True,$2608.7M,,N/A,False,6.9K,False,$2.56 / SMA $2.97,False,1.03%,,N/A,False,1011.7M,False,PNK,False,
HTZ,"Hertz Global Holdings, Inc.",1.76,2026-07-20T22:47:48.352775+00:00,False,+1.4%,True,$555.7M,True,+26.4%,True,16588.6K,False,$1.76 / SMA $4.16,True,9.99%,False,+10.5%,True,129.1M,True,NMS,False,
HUBS,"HubSpot, Inc.",231.21,2026-07-20T22:47:04.190726+00:00,False,+36.3%,True,$11835.8M,True,+247.6%,True,1849.5K,True,$231.21 / SMA $200.52,True,6.04%,False,+23.4%,True,49.3M,True,NYQ,False,
HUN,Huntsman Corporation,11.99,2026-07-20T22:59:12.563550+00:00,False,+64.2%,True,$2102.8M,False,+-933.3%,True,5997.5K,False,$11.99 / SMA $13.13,True,4.82%,False,+0.7%,False,152.9M,True,NYQ,False,
HUNGF,"Huaneng Power International, Inc.",0.7033,2026-07-20T22:46:55.116276+00:00,False,+19.2%,True,$14284.3M,,,False,1.3K,True,$0.70 / SMA $0.61,False,0.00%,False,+-7.2%,False,7413.9M,False,PNK,False,
HUYA,HUYA Inc.,2.38,2026-07-20T22:52:48.540585+00:00,False,+10.7%,True,$546.9M,,,True,969.1K,False,$2.38 / SMA $2.46,True,3.25%,False,+14.6%,True,79.3M,True,NYQ,False,
HVT,"Haverty Furniture Companies, Inc.",25.45,2026-07-20T23:04:39.354823+00:00,False,+30.3%,True,$409.6M,False,+13.0%,False,96.3K,True,$25.45 / SMA $23.53,True,3.18%,False,+4.1%,True,13.6M,True,NYQ,False,
HWKN,"Hawkins, Inc.",145.29,2026-07-20T22:59:07.137213+00:00,False,+23.1%,True,$3037.5M,False,+-5.1%,False,163.0K,False,$145.29 / SMA $152.91,True,4.55%,False,+8.4%,True,9.7M,True,NMS,False,
HYLN,Hyliion Holdings Corp.,3.55,2026-07-20T22:51:03.349959+00:00,True,+153.6%,True,$633.1M,True,+30.0%,True,4672.7K,False,$3.55 / SMA $5.26,True,11.87%,True,+479.1%,True,125.6M,True,ASE,False,
HYMC,Hycroft Mining Holding Corporation,18.76,2026-07-20T22:47:34.793624+00:00,True,+482.6%,True,$1713.9M,False,+-14.9%,True,2224.6K,False,$18.76 / SMA $28.17,True,6.86%,,,True,53.2M,True,NCM,False,
HYPMY,Hypera S.A.,4.16,2026-07-20T22:47:32.879931+00:00,False,+12.1%,True,$2928.6M,True,+347.4%,False,27.9K,False,$4.16 / SMA $4.20,False,2.78%,True,+86.7%,False,304.9M,False,OID,False,
HZO,"MarineMax, Inc.",33.97,2026-07-20T23:02:46.157598+00:00,False,+58.7%,True,$748.3M,False,+-185.7%,False,326.6K,False,$33.97 / SMA $34.45,True,3.97%,False,+-16.5%,True,19.6M,True,NYQ,False,
IACOU,Idea Acquisition Corp.,10.2,2026-07-20T22:52:56.900287+00:00,False,+3.3%,,,,,False,3.5K,True,$10.20 / SMA $10.04,False,0.13%,,,True,35.0M,True,NGM,False,
IAUGF,Insurance Australia Group Limited,6.3,2026-07-20T22:57:00.104439+00:00,False,+24.0%,True,$14729.1M,,N/A,False,0.8K,True,$6.30 / SMA $5.60,False,0.00%,,N/A,False,2181.6M,False,PNK,False,
IBDRY,"Iberdrola, S.A.",97.02,2026-07-20T22:56:29.930644+00:00,False,+39.3%,True,$159476.6M,False,+3.6%,False,93.7K,True,$97.02 / SMA $94.12,False,1.08%,False,+-45.6%,False,1597.8M,False,OID,False,
IBIDY,"Ibiden Co.,Ltd.",25.0,2026-07-20T22:56:43.157125+00:00,True,+370.6%,True,$27924.6M,,N/A,False,14.7K,False,$25.00 / SMA $31.33,True,8.32%,,N/A,False,1035.7M,False,PNK,False,
IBM,International Business Machines Corporation,213.0,2026-07-20T22:56:28.478903+00:00,False,+4.2%,True,$200195.6M,False,+14.3%,True,10969.6K,False,$213.00 / SMA $261.37,True,4.46%,False,+9.5%,False,937.9M,True,NYQ,False,
IBN,ICICI Bank Limited,29.76,2026-07-20T22:46:31.621663+00:00,False,+18.7%,True,$106738.4M,False,+8.1%,True,7534.2K,True,$29.76 / SMA $27.51,False,1.50%,False,+10.3%,False,3572.0M,True,NYQ,False,
ICAGY,International Consolidated Airlines Group S.A.,11.68,2026-07-20T22:56:48.999768+00:00,False,+28.4%,True,$25816.8M,True,+78.4%,False,81.4K,True,$11.68 / SMA $11.58,False,1.56%,False,+1.9%,False,1580.7M,False,PNK,False,
ICE,"Intercontinental Exchange, Inc.",141.57,2026-07-20T22:46:32.561433+00:00,False,+16.2%,True,$80059.6M,True,+79.7%,True,4273.0K,True,$141.57 / SMA $141.28,False,2.92%,False,+13.5%,False,561.6M,True,NYQ,False,
ICHGF,InterContinental Hotels Group PLC,173.5,2026-07-20T22:46:48.863193+00:00,False,+57.2%,True,$25603.7M,,,False,0.2K,True,$173.50 / SMA $160.18,False,0.01%,,,True,140.3M,False,PNK,False,
ICHR,"Ichor Holdings, Ltd.",83.69,2026-07-20T22:59:13.875287+00:00,True,+537.9%,True,$2918.0M,True,+46.2%,True,1187.8K,True,$83.69 / SMA $82.53,True,9.41%,False,+4.7%,True,33.9M,True,NMS,False,
ICLR,ICON Public Limited Company,166.18,2026-07-20T22:57:08.479989+00:00,True,+149.6%,True,$12820.0M,False,+-31.7%,True,1157.3K,True,$166.18 / SMA $145.81,True,4.25%,False,+0.9%,True,76.3M,True,NMS,False,
ICTEF,"International Container Terminal Services, Inc.",15.6,2026-07-20T22:46:45.440125+00:00,True,+108.0%,True,$31500.2M,,,False,3.6K,True,$15.60 / SMA $14.60,True,3.49%,True,+29.1%,False,709.3M,False,PNK,False,
IDCBF,Industrial and Commercial Bank of China Limited,0.885,2026-07-20T22:56:27.620992+00:00,False,+28.3%,True,$412718.0M,,N/A,False,46.7K,True,$0.89 / SMA $0.86,False,0.00%,False,+17.5%,False,209680.9M,False,PNK,False,
IDCBY,Industrial and Commercial Bank of China Limited,18.1,2026-07-20T22:46:26.536465+00:00,False,+30.0%,True,$421390.2M,,,False,56.3K,True,$18.10 / SMA $17.39,False,1.23%,False,+17.5%,False,10484.0M,False,PNK,False,
IDCC,"InterDigital, Inc.",258.18,2026-07-20T22:57:15.297408+00:00,False,+21.2%,True,$6672.7M,False,+-38.0%,False,374.5K,False,$258.18 / SMA $269.10,True,4.00%,False,+-2.4%,True,25.3M,True,NMS,False,
IDYA,"IDEAYA Biosciences, Inc.",35.45,2026-07-20T22:59:12.416200+00:00,False,+66.2%,True,$3412.9M,False,+-35.4%,True,1149.6K,True,$35.45 / SMA $32.14,True,4.64%,,N/A,True,87.1M,True,NMS,False,
IE,Ivanhoe Electric Inc.,8.08,2026-07-20T22:47:45.639806+00:00,False,+2.9%,True,$1279.0M,True,+208.3%,True,2157.1K,False,$8.08 / SMA $11.24,True,6.22%,False,+16.7%,True,126.0M,True,ASE,False,
IESC,"IES Holdings, Inc.",621.04,2026-07-20T22:57:00.099829+00:00,True,+113.0%,True,$12373.5M,True,+55.4%,False,263.5K,False,$621.04 / SMA $683.16,True,6.18%,False,+16.8%,True,9.3M,True,NGM,False,
IESFY,Interconexión Eléctrica S.A. E.S.P.,219.0,2026-07-20T22:57:09.908687+00:00,True,+95.6%,True,$9944.5M,False,+-19.7%,False,0.1K,True,$219.00 / SMA $218.10,True,7.80%,False,+-3.8%,,N/A,False,OQX,False,
IEX,IDEX Corporation,221.24,2026-07-20T22:56:57.009907+00:00,False,+40.7%,True,$16375.1M,True,+27.8%,True,695.7K,True,$221.24 / SMA $217.23,False,2.24%,False,+8.9%,True,73.8M,True,NYQ,False,
IFF,International Flavors & Fragrances Inc.,77.27,2026-07-20T22:56:52.937344+00:00,False,+30.7%,True,$19727.3M,True,+116.6%,True,1988.1K,True,$77.27 / SMA $76.41,False,2.81%,False,+-3.6%,False,254.6M,True,NYQ,False,
IFN,"Aberdeen India Fund, Inc.",11.39,2026-07-20T23:02:58.337391+00:00,False,+6.2%,True,$485.8M,,N/A,False,145.3K,True,$11.39 / SMA $11.34,False,1.20%,,N/A,,N/A,True,NYQ,False,
IFNNY,Infineon Technologies AG,72.15,2026-07-20T22:56:31.703270+00:00,True,+101.0%,True,$93758.9M,,N/A,True,573.4K,False,$72.15 / SMA $85.54,True,3.47%,False,+6.2%,False,1299.5M,False,OQX,False,
IFUUF,Infratil Limited,9.16,2026-07-20T22:57:08.017238+00:00,False,+69.6%,True,$9153.7M,,N/A,False,0.6K,True,$9.16 / SMA $8.45,False,0.05%,,N/A,False,939.4M,False,PNK,False,
IGD,Voya Global Equity Dividend and Premium Opportunity Fund,6.33,2026-07-20T23:02:57.801855+00:00,False,+13.4%,True,$499.2M,,N/A,False,310.6K,True,$6.33 / SMA $6.14,False,1.59%,,N/A,,N/A,True,NYQ,False,
IGIC,International General Insurance Holdings Ltd.,28.27,2026-07-20T23:01:04.582794+00:00,False,+35.8%,True,$1205.8M,False,+-16.7%,False,72.3K,True,$28.27 / SMA $25.88,False,2.72%,False,+-9.5%,True,14.8M,True,NCM,False,
IIDDY,IGO Limited,11.59,2026-07-20T22:58:54.259645+00:00,True,+89.7%,True,$4388.4M,,N/A,False,0.0K,True,$11.59 / SMA $11.29,False,0.00%,,N/A,False,335.4M,False,PNK,False,
IIIV,"i3 Verticals, Inc.",20.87,2026-07-20T23:02:54.364719+00:00,False,+13.0%,True,$582.9M,True,+800.0%,False,416.4K,True,$20.87 / SMA $20.34,True,4.27%,False,+6.2%,True,4.9M,True,NMS,False,
IKTSY,Intertek Group plc,77.57,2026-07-20T22:57:03.358304+00:00,False,+63.8%,True,$11926.3M,,N/A,False,9.2K,True,$77.57 / SMA $74.87,False,1.07%,,N/A,False,151.4M,False,PNK,False,
ILKAY,Iluka Resources Limited,22.77,2026-07-20T22:47:39.424652+00:00,False,+42.4%,True,$1963.7M,,,False,2.5K,False,$22.77 / SMA $26.34,True,4.51%,,,True,82.6M,False,PNK,False,
ILLU,Illumination Acquisition Corp I,9.97,2026-07-20T22:53:01.522958+00:00,False,+1.5%,True,$312.0M,,,False,10.4K,True,$9.97 / SMA $9.91,False,0.02%,,,,,True,NGM,False,
ILLUU,Illumination Acquisition Corp I,10.05,2026-07-20T23:04:36.985841+00:00,False,+1.5%,,N/A,,N/A,False,5.6K,True,$10.05 / SMA $10.01,False,0.02%,,N/A,,N/A,True,NGM,False,
IMAX,IMAX Corporation,38.6,2026-07-20T22:47:42.573057+00:00,False,+59.5%,True,$2123.6M,True,+75.0%,True,1115.5K,False,$38.60 / SMA $39.04,True,3.82%,False,+-6.1%,True,41.7M,True,NYQ,False,
IMBBF,Imperial Brands PLC,38.5,2026-07-20T22:56:45.190662+00:00,False,+10.2%,True,$29468.1M,,N/A,False,5.7K,True,$38.50 / SMA $37.18,True,4.24%,,N/A,False,760.1M,False,OQX,False,
IMNM,"Immunome, Inc.",22.16,2026-07-20T22:47:39.582469+00:00,True,+155.7%,True,$2509.6M,False,+7.7%,True,1355.1K,True,$22.16 / SMA $21.05,True,5.75%,False,+-100.0%,True,108.3M,True,NCM,False,
IMPJY,Webuild S.p.A.,4.8,2026-07-20T22:59:10.269123+00:00,False,+0.0%,True,$2373.1M,,N/A,False,0.3K,False,$4.80 / SMA $5.61,False,0.00%,,N/A,False,227.3M,False,PNK,False,
IMPUF,Impala Platinum Holdings Limited,11.11,2026-07-20T22:47:00.766459+00:00,False,+35.8%,True,$9978.5M,,,False,0.3K,False,$11.11 / SMA $12.53,False,0.24%,,,False,743.6M,False,OQX,False,
INDV,"Indivior Pharmaceuticals, Inc.",39.12,2026-07-20T22:47:23.717163+00:00,True,+151.6%,True,$4624.2M,True,+81.6%,True,1992.2K,True,$39.12 / SMA $38.70,True,3.83%,False,+19.2%,True,113.0M,True,NMS,False,
INGR,Ingredion Incorporated,102.52,2026-07-20T22:57:16.182093+00:00,False,+8.6%,True,$6464.8M,False,+-26.0%,True,898.5K,True,$102.52 / SMA $100.02,False,2.35%,False,+-1.2%,True,62.6M,True,NYQ,False,
INNV,InnovAge Holding Corp.,11.08,2026-07-20T22:51:05.180798+00:00,True,+254.0%,True,$1504.0M,False,+-175.0%,False,351.5K,True,$11.08 / SMA $9.15,True,6.36%,False,+15.5%,True,21.4M,True,NMS,False,
INOD,Innodata Inc.,62.08,2026-07-20T22:59:07.650691+00:00,True,+81.4%,True,$2027.2M,True,+90.9%,True,1964.7K,False,$62.08 / SMA $87.41,True,7.50%,True,+54.4%,True,31.4M,True,NGM,False,
INRE,"Inland Real Estate Income Trust, Inc.",10.66,2026-07-20T22:53:01.100352+00:00,True,+2664900.0%,True,$385.0M,,,False,2.1K,True,$10.66 / SMA_short $10.55,,,,,,,False,PNK,False,
INRLF,Valneva SE,2.77,2026-07-20T23:02:57.842536+00:00,False,+12.6%,True,$565.7M,False,+-200.0%,False,0.2K,True,$2.77 / SMA $2.62,False,0.00%,False,+-37.2%,True,147.8M,False,PNK,False,
INV,"Innventure, Inc.",3.13,2026-07-20T22:52:50.138259+00:00,False,+32.6%,False,$263.1M,True,+91.3%,True,2333.7K,False,$3.13 / SMA $5.68,True,11.09%,True,+544.2%,True,68.3M,True,NGM,False,
INVH,Invitation Homes Inc.,30.08,2026-07-20T22:56:54.424185+00:00,False,+24.0%,True,$17868.8M,False,+-3.7%,True,5555.9K,True,$30.08 / SMA $29.22,False,1.73%,False,+8.8%,False,539.5M,True,NYQ,False,
IPFX,Inflection Point Acquisition Corp. VI,10.14,2026-07-20T23:04:42.163597+00:00,False,+1.9%,True,$342.1M,,N/A,False,277.9K,False,$10.14 / SMA_short $10.27,False,0.85%,,N/A,True,23.3M,True,NGM,False,
IPGLF,IPGLF,51.0,2026-07-20T22:47:27.545911+00:00,False,+36.9%,True,$5359.8M,False,+0.8%,False,0.0K,True,$51.00 / SMA $50.94,False,0.00%,False,+0.6%,True,49.1M,False,PNK,False,
IPGP,IPG Photonics Corporation,97.9,2026-07-20T22:47:21.445844+00:00,False,+37.2%,True,$4155.2M,False,+-55.6%,True,534.1K,False,$97.90 / SMA $110.42,True,5.72%,False,+16.6%,True,27.5M,True,NMS,False,
IPI,"Intrepid Potash, Inc.",33.96,2026-07-20T22:52:51.620169+00:00,False,+50.6%,True,$456.2M,True,+60.0%,False,225.7K,False,$33.96 / SMA $36.78,True,3.94%,False,+4.4%,True,10.6M,True,NYQ,False,
IPSC,"Century Therapeutics, Inc.",2.19,2026-07-20T22:52:59.654821+00:00,True,+403.4%,True,$395.0M,False,+-112.4%,True,1270.5K,False,$2.19 / SMA $2.28,True,7.81%,False,+-100.0%,True,97.7M,True,NCM,False,
IPXHY,Inpex Corporation,21.48,2026-07-20T22:46:44.730816+00:00,False,+58.9%,True,$24963.8M,,,False,89.0K,False,$21.48 / SMA $22.29,False,1.92%,,,False,843.7M,False,PNK,False,
IPZYF,IP Group Plc,0.9054,2026-07-20T22:51:10.777490+00:00,False,+33.5%,True,$799.9M,,,False,3.6K,True,$0.91 / SMA $0.86,False,0.00%,,,False,865.8M,False,PNK,False,
IQI,Invesco Quality Municipal Income Trust,10.12,2026-07-20T22:52:52.764830+00:00,False,+11.0%,True,$535.2M,,,False,142.9K,True,$10.12 / SMA $9.89,False,0.90%,,,,,True,NYQ,False,
IRCUF,Irish Continental Group plc,7.42,2026-07-20T22:51:02.645519+00:00,False,+17.6%,True,$1101.4M,,,False,0.1K,True,$7.42 / SMA $7.34,False,0.00%,,,True,105.4M,False,PNK,False,
IRD,"Opus Genetics, Inc.",3.05,2026-07-20T23:04:41.148561+00:00,True,+193.3%,False,$251.8M,False,+-212.5%,True,1000.0K,False,$3.05 / SMA $4.15,True,6.92%,False,+-50.6%,True,63.7M,True,NCM,False,
IRDM,Iridium Communications Inc.,46.41,2026-07-20T22:57:21.916679+00:00,True,+196.5%,True,$4917.4M,False,+-25.9%,True,2714.1K,False,$46.41 / SMA $47.13,True,4.68%,False,+1.9%,True,93.1M,True,NMS,False,
IRLTF,Bally's Intralot S.A.,1.0,2026-07-20T23:00:52.407883+00:00,False,+0.0%,True,$1846.8M,True,+410.0%,False,0.0K,False,$1.00 / SMA $1.01,False,0.00%,True,+180.5%,False,1166.1M,False,PNK,False,
IRMD,IRADIMED CORPORATION,97.03,2026-07-20T22:51:00.971115+00:00,True,+76.1%,True,$1240.3M,False,+21.6%,False,138.1K,True,$97.03 / SMA $92.90,True,3.62%,False,+12.6%,True,8.3M,True,NGM,False,
ISLMF,ISLMF,5.79,2026-07-20T22:47:29.307790+00:00,False,+37.9%,,,,,False,33.8K,False,$5.79 / SMA $5.93,True,3.70%,,,False,483.2M,False,PNK,False,
ISOU,IsoEnergy Ltd.,9.22,2026-07-20T23:02:50.216095+00:00,False,+55.2%,True,$599.2M,False,+-130.0%,False,130.3K,False,$9.22 / SMA $10.75,True,6.51%,,N/A,True,38.0M,True,ASE,False,
ISRG,"Intuitive Surgical, Inc.",353.17,2026-07-20T22:56:29.863153+00:00,False,+3.2%,True,$125079.7M,True,+26.5%,True,2753.8K,False,$353.17 / SMA $415.00,True,3.31%,,N/A,False,352.0M,True,NMS,False,
ISTR,Investar Holding Corporation,29.59,2026-07-20T22:53:00.253845+00:00,False,+41.0%,True,$408.2M,False,+22.2%,False,189.4K,True,$29.59 / SMA $28.93,False,2.39%,True,+75.1%,True,11.7M,True,NGM,False,
IT,"Gartner, Inc.",141.06,2026-07-20T22:57:04.325758+00:00,False,+13.5%,True,$9444.2M,False,+17.3%,True,1597.3K,False,$141.06 / SMA $146.58,True,4.32%,False,+-1.5%,True,60.9M,True,NYQ,False,
ITFS,Itafos Inc.,1.73,2026-07-20T22:53:02.032235+00:00,False,+13.1%,True,$337.0M,False,+-94.4%,False,66.6K,False,$1.73 / SMA $1.83,True,3.56%,False,+4.8%,True,66.5M,False,OQX,False,
ITGR,Integer Holdings Corporation,96.09,2026-07-20T22:47:33.990517+00:00,False,+55.0%,True,$3262.7M,True,+172.7%,True,553.2K,True,$96.09 / SMA $91.46,True,3.04%,False,+0.5%,True,33.5M,True,NYQ,False,
ITRI,"Itron, Inc.",84.37,2026-07-20T22:47:29.415603+00:00,False,+8.5%,True,$3740.9M,False,+-16.9%,True,762.9K,True,$84.37 / SMA $82.65,False,2.94%,False,+-3.3%,True,43.6M,True,NMS,False,
ITRN,Ituran Location and Control Ltd.,55.71,2026-07-20T22:51:00.542491+00:00,True,+70.3%,True,$1103.5M,False,+16.4%,False,142.9K,False,$55.71 / SMA $60.47,True,3.73%,False,+18.8%,True,15.9M,True,NMS,False,
ITUB,Itaú Unibanco Holding S.A.,8.32,2026-07-20T22:56:33.548738+00:00,False,+40.3%,True,$91702.0M,False,+11.7%,True,22649.8K,True,$8.32 / SMA $7.97,False,2.16%,False,+-3.4%,False,5849.6M,True,NYQ,False,
ITVPY,ITV plc,9.91,2026-07-20T22:59:01.493602+00:00,False,+14.3%,True,$3784.7M,,N/A,False,41.1K,False,$9.91 / SMA $10.73,True,3.07%,,N/A,False,366.4M,False,PNK,False,
ITW,Illinois Tool Works Inc.,271.69,2026-07-20T22:56:35.252814+00:00,False,+13.8%,True,$78165.2M,False,+11.8%,True,1401.0K,True,$271.69 / SMA $258.55,False,2.11%,False,+4.6%,False,260.6M,True,NYQ,False,
IVR,Invesco Mortgage Capital Inc.,7.9,2026-07-20T23:02:47.293371+00:00,False,+11.3%,True,$809.0M,False,+-207.7%,True,2556.7K,True,$7.90 / SMA $7.85,False,1.80%,False,+-161.8%,True,92.5M,True,NYQ,False,
IVSXF,Investor AB (publ),40.0,2026-07-20T22:46:30.248091+00:00,False,+36.5%,True,$122541.2M,True,+469.7%,False,0.5K,True,$40.00 / SMA $39.41,False,0.09%,True,+856.6%,False,2441.5M,False,PNK,False,
IVT,InvenTrust Properties Corp.,36.56,2026-07-20T22:47:38.665127+00:00,False,+36.4%,True,$2849.3M,False,+-22.2%,True,945.1K,True,$36.56 / SMA $33.87,False,1.80%,False,+11.9%,True,77.2M,True,NYQ,False,
J,Jacobs Solutions Inc.,129.49,2026-07-20T22:56:59.521672+00:00,False,+22.5%,True,$15290.3M,False,+-666.7%,True,1301.8K,True,$129.49 / SMA $121.97,False,2.73%,True,+27.0%,True,116.6M,True,NYQ,False,
JAPAY,Japan Tobacco Inc.,19.56,2026-07-20T22:46:34.167145+00:00,False,+37.7%,True,$69452.0M,,,False,124.6K,True,$19.56 / SMA $19.09,False,1.05%,,,False,2132.0M,False,PNK,False,
JAZZ,Jazz Pharmaceuticals plc,243.47,2026-07-20T22:46:56.141345+00:00,True,+131.9%,True,$15276.0M,True,+391.4%,True,897.3K,True,$243.47 / SMA $234.87,False,2.98%,False,+19.1%,True,60.8M,True,NMS,False,
JBARF,Julius Bär Gruppe AG,93.98,2026-07-20T22:46:54.758734+00:00,False,+45.3%,True,$19265.5M,,,False,2.9K,True,$93.98 / SMA $86.00,False,0.86%,,,False,204.2M,False,PNK,False,
JBFCY,Jollibee Foods Corporation,9.4,2026-07-20T22:59:13.133872+00:00,False,+15.3%,True,$2633.6M,False,+-40.3%,False,3.5K,True,$9.40 / SMA $9.31,False,2.52%,False,+9.0%,True,110.0M,False,PNK,False,
JBGS,JBG SMITH Properties,14.54,2026-07-20T23:02:43.668059+00:00,False,+6.1%,True,$1120.8M,True,+42.9%,True,566.1K,False,$14.54 / SMA $14.66,False,2.97%,False,+5.7%,True,53.4M,True,NYQ,False,
JBI,"Janus International Group, Inc.",5.27,2026-07-20T23:02:48.214419+00:00,False,+23.7%,True,$718.8M,False,+-100.0%,True,1779.4K,True,$5.27 / SMA $5.23,True,3.59%,False,+5.8%,True,129.9M,True,NYQ,False,
JBIO,"Jade Biosciences, Inc.",19.67,2026-07-20T22:51:02.762888+00:00,True,+194.9%,True,$1197.1M,True,+51.9%,True,1060.3K,False,$19.67 / SMA $20.63,True,9.06%,,,True,36.5M,True,NCM,False,
JBLU,JetBlue Airways Corporation,5.45,2026-07-20T22:47:45.494093+00:00,False,+40.8%,True,$2027.5M,False,+-45.8%,True,27446.1K,True,$5.45 / SMA $5.27,True,5.89%,False,+4.7%,False,332.5M,True,NMS,False,
JBSS,"John B. Sanfilippo & Son, Inc.",79.53,2026-07-20T22:51:07.235746+00:00,False,+34.6%,True,$929.7M,False,+-16.9%,False,121.6K,False,$79.53 / SMA $79.93,True,3.40%,False,+8.0%,True,9.0M,True,NMS,False,
JCAP,"Jefferson Capital, Inc.",19.06,2026-07-20T22:51:05.733406+00:00,False,+23.0%,True,$1174.4M,False,+-44.7%,False,292.1K,True,$19.06 / SMA $17.80,True,4.08%,False,+13.9%,True,14.7M,True,NMS,False,
JD,"JD.com, Inc.",30.6,2026-07-20T22:56:41.811244+00:00,False,+24.9%,True,$41325.3M,False,+-50.7%,True,9028.6K,True,$30.60 / SMA $28.91,False,2.12%,False,+4.9%,False,1198.1M,True,NMS,False,
JDCMF,"JD.com, Inc.",14.0,2026-07-20T22:56:41.584181+00:00,False,+12.0%,True,$38243.0M,False,+-50.7%,False,0.9K,False,$14.00 / SMA $14.37,False,0.00%,False,+4.9%,False,2396.1M,False,PNK,False,
JDSPY,JD Sports Fashion Plc,1.12,2026-07-20T22:58:54.696129+00:00,False,+33.5%,True,$5358.7M,,N/A,False,12.5K,True,$1.12 / SMA $1.05,False,2.39%,,N/A,False,2154.4M,False,OQX,False,
JELCF,Johnson Electric Holdings Limited,3.12,2026-07-20T22:59:07.339981+00:00,False,+15.6%,True,$2891.4M,,N/A,False,0.0K,False,$3.12 / SMA $3.42,False,0.00%,,N/A,False,291.1M,False,PNK,False,
JGCCY,JGC Holdings Corporation,29.97,2026-07-20T22:47:26.713267+00:00,True,+95.8%,True,$3624.1M,,,False,0.1K,False,$29.97 / SMA $32.35,False,0.00%,,,True,110.6M,False,PNK,False,
JGHAF,Jungheinrich Aktiengesellschaft,33.84,2026-07-20T22:47:35.336374+00:00,False,+0.0%,True,$3451.7M,,,False,0.0K,True,$33.84 / SMA $33.78,False,0.00%,,,True,48.0M,False,PNK,False,
JINFF,China Gold International Resources Corp. Ltd.,19.0,2026-07-20T22:57:11.770268+00:00,True,+133.1%,True,$7531.9M,True,+175.2%,False,5.8K,True,$19.00 / SMA $18.93,False,2.22%,True,+66.0%,False,237.8M,False,PNK,False,
JJSF,J&J Snack Foods Corp.,77.76,2026-07-20T22:50:57.278634+00:00,False,+12.9%,True,$1458.3M,False,+-64.0%,False,255.2K,True,$77.76 / SMA $74.75,True,3.27%,False,+-3.2%,True,14.8M,True,NMS,False,
JOUT,Johnson Outdoors Inc.,46.26,2026-07-20T22:52:56.061786+00:00,False,+51.5%,True,$484.6M,True,+304.5%,False,74.6K,True,$46.26 / SMA $44.64,True,3.42%,False,+15.5%,True,5.8M,True,NMS,False,
JPC,Nuveen Preferred & Income Opportunities Fund,7.81,2026-07-20T22:47:36.368684+00:00,False,+8.2%,True,$2930.5M,,,True,894.1K,True,$7.81 / SMA $7.75,False,0.85%,,,,,True,NYQ,False,
JPDYY,Japan Display Inc.,3.77,2026-07-20T23:00:53.042366+00:00,True,+219.5%,True,$1608.1M,,N/A,False,0.0K,False,$3.77 / SMA $4.09,False,0.00%,,N/A,True,32.0M,False,PNK,False,
JPNPY,"Japan Post Insurance Co., Ltd.",9.57,2026-07-20T22:47:03.676749+00:00,False,+3.5%,True,$10370.2M,,,False,0.0K,True,$9.57 / SMA $9.54,False,0.00%,,,False,501.0M,False,PNK,False,
JPPHY,"Japan Post Holdings Co., Ltd.",14.25,2026-07-20T22:46:40.793029+00:00,False,+60.5%,True,$39990.0M,,,False,2.8K,True,$14.25 / SMA $14.03,True,3.85%,,,False,1572.2M,False,PNK,False,
JPPTY,"JAPAN POST BANK Co., Ltd.",19.52,2026-07-20T22:46:34.041908+00:00,True,+107.2%,True,$69529.2M,,,False,81.8K,True,$19.52 / SMA $19.43,False,2.18%,,,False,1777.6M,False,PNK,False,
JPSWY,"The Japan Steel Works, Ltd.",26.5,2026-07-20T22:59:03.753947+00:00,False,+22.9%,True,$3901.4M,,N/A,False,0.2K,True,$26.50 / SMA $25.26,True,3.70%,,N/A,True,145.0M,False,PNK,False,
JREIF,Japan Real Estate Investment Corporation,731.0,2026-07-20T22:57:22.055488+00:00,False,+11.0%,True,$5324.3M,,N/A,False,0.0K,True,$731.00 / SMA $698.72,False,0.00%,,N/A,True,1.4M,False,PNK,False,
JRI,Nuveen Real Asset Income and Growth Fund,12.98,2026-07-20T22:53:04.450396+00:00,False,+11.2%,True,$356.3M,,,False,137.0K,True,$12.98 / SMA $12.66,False,1.02%,,,,,True,NYQ,False,
JSGRY,LIXIL Corporation,22.5,2026-07-20T22:59:08.855005+00:00,False,+21.1%,True,$3235.4M,,N/A,False,0.7K,True,$22.50 / SMA $21.23,False,0.92%,,N/A,True,126.9M,False,PNK,False,
JTCPF,JTC PLC,17.85,2026-07-20T22:59:08.332686+00:00,False,+58.0%,True,$3075.6M,,N/A,False,0.5K,True,$17.85 / SMA $17.52,False,0.00%,,N/A,False,152.1M,False,PNK,False,
JVTSF,Juventus Football Club S.p.A.,2.46,2026-07-20T23:02:39.946680+00:00,False,+9.3%,True,$1025.9M,,N/A,False,0.5K,True,$2.46 / SMA $2.42,False,0.64%,,N/A,False,417.0M,False,PNK,False,
JWLLF,Jamieson Wellness Inc.,30.0,2026-07-20T23:02:38.049478+00:00,False,+25.6%,True,$1244.5M,,N/A,False,1.3K,True,$30.00 / SMA $26.50,False,0.19%,False,+-30.7%,True,41.1M,False,PNK,False,
JXHGF,"ENEOS Holdings, Inc.",8.22,2026-07-20T22:56:51.157573+00:00,True,+72.7%,True,$21942.7M,,N/A,False,0.1K,True,$8.22 / SMA $7.99,False,0.00%,,N/A,False,2663.9M,False,PNK,False,
JXHLY,"ENEOS Holdings, Inc.",15.5,2026-07-20T22:46:49.435250+00:00,False,+69.4%,True,$20688.0M,,,False,2.5K,False,$15.50 / SMA $16.09,True,3.30%,,,False,1332.0M,False,PNK,False,
KAEPF,"The Kansai Electric Power Company, Incorporated",14.15,2026-07-20T22:56:56.842594+00:00,False,+18.4%,True,$15763.9M,,N/A,False,0.6K,False,$14.15 / SMA $14.58,False,0.10%,,N/A,False,1000.3M,False,PNK,False,
KALU,Kaiser Aluminum Corporation,156.94,2026-07-20T22:59:09.952648+00:00,True,+119.7%,True,$2564.5M,True,+183.2%,False,282.2K,False,$156.94 / SMA $176.71,True,4.21%,True,+42.4%,True,16.0M,True,NMS,False,
KAOCF,Kao Corporation,20.93,2026-07-20T22:56:54.585354+00:00,False,+0.6%,True,$18934.2M,,N/A,False,0.3K,False,$20.93 / SMA $36.16,False,0.13%,,N/A,False,747.3M,False,PNK,False,
KBGGY,Kongsberg Gruppen ASA,14.24,2026-07-20T22:56:45.205183+00:00,False,+28.2%,True,$25051.3M,False,+-29.7%,False,60.1K,False,$14.24 / SMA $15.79,False,2.68%,True,+40.6%,False,821.9M,False,PNK,False,
KBONU,Karbon Capital Partners Corp.,10.2701,2026-07-20T22:53:04.464142+00:00,False,+2.6%,,,,,False,12.6K,True,$10.27 / SMA $10.26,False,0.33%,,,True,28.6M,True,NGM,False,
KBR,"KBR, Inc.",34.57,2026-07-20T22:47:25.503147+00:00,False,+15.5%,True,$4383.1M,False,+-9.1%,True,1869.0K,True,$34.57 / SMA $34.10,True,3.33%,False,+-4.7%,True,125.2M,True,NYQ,False,
KD,"Kyndryl Holdings, Inc.",12.22,2026-07-20T22:59:10.819225+00:00,False,+21.0%,True,$2694.7M,False,+-71.4%,True,4361.5K,True,$12.22 / SMA $11.79,True,5.12%,False,+-0.8%,False,204.2M,True,NYQ,False,
KDDIF,KDDI Corporation,16.5,2026-07-20T22:46:34.759139+00:00,False,+16.4%,True,$62821.1M,,,False,0.3K,False,$16.50 / SMA $17.14,False,0.87%,,,False,2988.6M,False,PNK,False,
KEEL,Keel Infrastructure Corp.,4.34,2026-07-20T22:47:35.654319+00:00,True,+313.3%,True,$2620.6M,False,+-118.2%,True,45507.6K,False,$4.34 / SMA $5.12,True,10.81%,False,+-22.4%,False,576.2M,True,NGM,False,
KELTF,Kelt Exploration Ltd.,6.69,2026-07-20T23:00:57.545391+00:00,False,+53.8%,True,$1352.7M,False,+-100.0%,False,64.2K,False,$6.69 / SMA $6.79,False,1.59%,False,+18.0%,True,130.2M,False,PNK,False,
KELYA,"Kelly Services, Inc.",15.38,2026-07-20T22:53:00.549662+00:00,True,+92.7%,True,$533.2M,False,+-206.2%,False,450.3K,True,$15.38 / SMA $11.87,True,4.18%,False,+-10.7%,True,29.4M,True,NMS,False,
KGC,Kinross Gold Corporation,22.53,2026-07-20T22:46:42.296803+00:00,False,+46.6%,True,$26903.3M,True,+133.3%,True,8392.8K,False,$22.53 / SMA $26.56,True,3.40%,True,+60.8%,False,1187.5M,True,NYQ,False,
KGDEY,Kingdee International Software Group Company Limited,87.72,2026-07-20T22:59:05.021605+00:00,False,+21.9%,True,$3065.4M,,N/A,False,0.1K,False,$87.72 / SMA $94.77,False,2.80%,,N/A,True,28.1M,False,PNK,False,
KGHPF,KGHM Polska Miedz S.A.,80.5,2026-07-20T22:56:53.515052+00:00,True,+136.8%,True,$16100.0M,True,+969.7%,False,0.1K,False,$80.50 / SMA $91.00,False,0.06%,True,+32.8%,True,136.4M,False,PNK,False,
KKKUF,"Kakaku.com, Inc.",20.6,2026-07-20T22:47:25.417429+00:00,True,+84.8%,True,$4128.9M,,,False,0.5K,True,$20.60 / SMA $20.31,False,0.00%,,,True,82.3M,False,PNK,False,
KKPNF,Koninklijke KPN N.V.,4.92,2026-07-20T22:46:50.600558+00:00,False,+15.8%,True,$18564.5M,False,+20.2%,False,57.4K,False,$4.92 / SMA $5.07,True,6.62%,,,False,3811.5M,False,PNK,False,
KLAC,KLA Corporation,207.6,2026-07-20T22:46:27.119263+00:00,True,+149.4%,True,$271182.7M,False,+11.8%,True,12600.4K,False,$207.60 / SMA $218.10,True,6.94%,False,+11.5%,False,1303.2M,True,NMS,False,
KLBAY,Klabin S.A.,6.78,2026-07-20T22:59:01.839289+00:00,False,+13.4%,True,$20856.2M,False,+-232.1%,False,4.9K,True,$6.78 / SMA $6.72,False,1.35%,False,+1.8%,False,614.3M,False,PNK,False,
KMB,Kimberly-Clark Corporation,108.48,2026-07-20T22:56:43.746828+00:00,False,+17.4%,True,$36008.9M,False,+17.6%,True,4688.0K,True,$108.48 / SMA $102.46,False,2.52%,False,+2.7%,False,330.7M,True,NMS,False,
KMI,"Kinder Morgan, Inc.",32.58,2026-07-20T22:56:35.077937+00:00,False,+27.3%,True,$72484.8M,True,+37.5%,True,10259.3K,True,$32.58 / SMA $32.25,False,2.13%,False,+13.8%,False,1933.5M,True,NYQ,False,
KMT,Kennametal Inc.,33.73,2026-07-20T22:59:10.953587+00:00,True,+91.4%,True,$2570.6M,True,+82.9%,True,1293.7K,False,$33.73 / SMA $34.71,True,3.63%,False,+21.8%,True,75.6M,True,NYQ,False,
KMTS,"Kestra Medical Technologies, Ltd.",23.24,2026-07-20T23:01:00.883198+00:00,False,+64.8%,True,$1361.9M,True,+69.7%,False,351.6K,True,$23.24 / SMA $22.23,True,7.81%,True,+66.2%,True,32.6M,True,NMS,False,
KMTUF,Komatsu Ltd.,38.4,2026-07-20T22:56:43.046939+00:00,False,+27.4%,True,$34233.8M,,N/A,False,10.9K,False,$38.40 / SMA $40.99,True,6.82%,,N/A,False,888.6M,False,PNK,False,
KNBWY,"Kirin Holdings Company, Limited",17.92,2026-07-20T22:56:59.003250+00:00,False,+36.3%,True,$14306.2M,,N/A,False,33.5K,True,$17.92 / SMA $17.08,False,0.86%,,N/A,False,778.6M,False,PNK,False,
KNCAY,"Konica Minolta, Inc.",7.35,2026-07-20T23:00:52.961578+00:00,False,+21.9%,True,$1816.1M,,N/A,False,0.1K,True,$7.35 / SMA $7.01,False,0.00%,,N/A,False,220.2M,False,PNK,False,
KNCRY,Konecranes Plc,8.6,2026-07-20T22:47:11.756550+00:00,True,+175.1%,True,$8174.9M,False,+-9.7%,False,0.2K,True,$8.60 / SMA $7.84,False,0.17%,False,+-7.7%,False,751.5M,False,PNK,False,
KNKZF,KWS SAAT SE & Co. KGaA,84.83,2026-07-20T22:59:10.514321+00:00,False,+13.4%,True,$2799.4M,True,+466.0%,False,0.0K,False,$84.83 / SMA $86.07,False,0.00%,True,+455.9%,True,10.1M,False,PNK,False,
KNRRY,Knorr-Bremse AG,28.82,2026-07-20T22:46:52.108750+00:00,False,+27.4%,True,$18583.1M,,,False,19.0K,False,$28.82 / SMA $29.36,False,1.26%,False,+-2.5%,False,245.8M,False,PNK,False,
KNYJF,KONE Oyj,56.0,2026-07-20T22:46:44.247424+00:00,False,+3.3%,True,$29023.9M,False,+-12.8%,False,0.7K,False,$56.00 / SMA $57.48,False,0.47%,False,+-9.0%,False,367.0M,False,PNK,False,
KOD,Kodiak Sciences Inc.,40.87,2026-07-20T22:47:41.253711+00:00,True,+717.4%,True,$2557.6M,False,+13.8%,True,725.8K,True,$40.87 / SMA $37.04,True,8.37%,,,True,39.3M,True,NGM,False,
KOF,"Coca-Cola FEMSA, S.A.B. de C.V.",103.78,2026-07-20T22:47:18.700859+00:00,False,+29.4%,True,$21802.4M,False,+-89.4%,False,146.1K,False,$103.78 / SMA $105.03,False,2.27%,False,+1.1%,False,327.7M,True,NYQ,False,
KONMY,Konami Group Corporation,57.0,2026-07-20T22:56:55.065912+00:00,False,+5.8%,True,$15453.4M,,N/A,False,0.1K,False,$57.00 / SMA $59.67,False,0.00%,True,+27.0%,False,191.0M,False,PNK,False,
KOPN,Kopin Corporation,3.77,2026-07-20T23:02:41.014838+00:00,True,+127.1%,True,$698.6M,False,+0.0%,True,9086.9K,False,$3.77 / SMA $4.75,True,9.06%,False,+-32.5%,False,151.7M,True,NCM,False,
KOS,Kosmos Energy Ltd.,2.3,2026-07-20T22:47:46.386142+00:00,True,+173.8%,True,$1364.3M,False,+-95.7%,True,15299.4K,False,$2.30 / SMA $2.62,True,7.58%,True,+27.8%,False,571.0M,True,NYQ,False,
KOTMY,"Koito Manufacturing Co., Ltd.",15.52,2026-07-20T22:58:55.284235+00:00,False,+27.9%,True,$4072.6M,,N/A,False,0.4K,False,$15.52 / SMA $16.50,False,0.05%,,N/A,False,206.8M,False,PNK,False,
KOYNU,"CSLM Digital Asset Acquisition Corp III, Ltd",10.38,2026-07-20T22:54:43.362630+00:00,False,+3.8%,,,,,False,0.2K,True,$10.38 / SMA $10.29,False,0.00%,,,True,23.3M,True,NGM,False,
KOZAY,Koza Altin Isletmeleri A.S.,10.1,2026-07-20T22:59:08.772896+00:00,False,+68.3%,True,$3234.5M,True,+162.0%,False,0.0K,True,$10.10 / SMA $8.69,False,0.00%,True,+60.8%,True,32.0M,False,PNK,False,
KPELF,Keppel Ltd.,8.4,2026-07-20T22:56:57.813362+00:00,False,+37.7%,True,$15138.2M,,N/A,False,0.8K,True,$8.40 / SMA $8.39,False,0.00%,,N/A,False,1406.5M,False,PNK,False,
KPLUF,K+S Aktiengesellschaft,20.7,2026-07-20T22:47:32.264523+00:00,False,+58.7%,True,$3738.2M,False,+-283.3%,False,0.0K,True,$20.70 / SMA $17.39,False,0.00%,False,+10.0%,False,179.1M,False,OQX,False,
KRC,Kilroy Realty Corporation,39.64,2026-07-20T22:47:27.582649+00:00,False,+44.9%,True,$4654.2M,False,+-148.5%,True,1553.1K,True,$39.64 / SMA $36.48,False,2.30%,False,+-0.3%,True,96.1M,True,NYQ,False,
KRNT,Kornit Digital Ltd.,15.06,2026-07-20T22:51:13.179582+00:00,False,+26.2%,True,$697.9M,False,+-72.7%,False,239.1K,False,$15.06 / SMA $15.76,True,3.51%,False,+4.5%,True,40.0M,True,NMS,False,
KRSP.U,KRSP.U,,2026-07-20T22:52:54.564715+00:00,False,,False,,False,,False,,False,,False,,False,,False,,False,Unknown,False,No price data available
KRUS,"Kura Sushi USA, Inc.",44.38,2026-07-20T22:51:13.735652+00:00,False,+4.1%,True,$539.2M,False,+-40.0%,False,371.7K,False,$44.38 / SMA $51.58,True,6.85%,False,+16.2%,True,7.0M,True,NGM,False,
KRYAF,Kerry Group plc,95.0,2026-07-20T22:46:58.162417+00:00,False,+25.7%,True,$15183.5M,,,False,0.1K,True,$95.00 / SMA $86.60,False,0.05%,,,False,160.8M,False,OID,False,
KSRYY,KOSE Holdings Corporation,6.005,2026-07-20T22:47:45.158869+00:00,False,+1.3%,True,$1703.5M,,,False,0.2K,False,$6.00 / SMA $6.47,False,0.00%,,,False,161.8M,False,PNK,False,
KTWIY,Kurita Water Industries Ltd.,112.46,2026-07-20T22:47:16.204540+00:00,True,+3041.3%,True,$6081.0M,,,False,0.7K,True,$112.46 / SMA $109.40,False,0.58%,,,True,53.2M,False,PNK,False,
KUASF,Kuaishou Technology,5.74,2026-07-20T22:56:47.919903+00:00,False,+8.3%,True,$24835.0M,,N/A,False,1.0K,True,$5.74 / SMA $5.68,False,0.01%,,N/A,False,2797.3M,False,PNK,False,
KUBTF,Kubota Corporation,16.4,2026-07-20T22:56:50.149146+00:00,False,+48.4%,True,$18470.3M,,N/A,False,0.6K,False,$16.40 / SMA $17.65,False,0.03%,,N/A,False,1103.4M,False,PNK,False,
KURRY,"Kuraray Co., Ltd.",33.5,2026-07-20T22:59:08.089258+00:00,False,+21.2%,True,$3364.5M,,N/A,False,0.2K,True,$33.50 / SMA $31.30,False,0.00%,,N/A,True,92.9M,False,PNK,False,
KVYO,"Klaviyo, Inc.",18.15,2026-07-20T22:47:24.241615+00:00,False,+44.9%,True,$5431.9M,True,+160.0%,True,6598.3K,True,$18.15 / SMA $15.42,True,5.57%,True,+27.9%,True,139.9M,True,NYQ,False,
KW,"Kennedy-Wilson Holdings, Inc.",10.92,2026-07-20T23:00:56.785015+00:00,False,+64.6%,True,$1521.2M,True,+133.3%,True,1377.6K,False,$10.92 / SMA_short $10.92,,N/A,False,+-8.7%,True,121.2M,True,NYQ,False,
KWHIY,"Kawasaki Heavy Industries, Ltd.",6.56,2026-07-20T22:56:56.541440+00:00,False,+40.5%,True,$13707.9M,,N/A,False,292.2K,False,$6.56 / SMA $7.43,False,1.70%,,N/A,False,1985.2M,False,PNK,False,
KWR,Quaker Chemical Corporation,148.04,2026-07-20T22:59:13.540028+00:00,False,+32.9%,True,$2570.9M,True,+54.8%,False,163.3K,True,$148.04 / SMA $146.58,True,3.69%,False,+8.5%,True,13.5M,True,NYQ,False,
KXHCF,KXHCF,344.0,2026-07-20T22:46:27.449636+00:00,True,+500.8%,,,,,False,12.8K,False,$344.00 / SMA $439.61,True,3.55%,,,False,365.1M,False,PNK,False,
KXSCF,Kinaxis Inc.,110.5,2026-07-20T22:47:35.324301+00:00,False,+30.5%,True,$3018.9M,,,False,13.3K,True,$110.50 / SMA $109.81,False,1.74%,True,+33.6%,True,27.2M,False,PNK,False,
KYKOF,"Kyowa Kirin Co., Ltd.",14.2,2026-07-20T22:47:11.590300+00:00,False,+14.3%,True,$7433.5M,,,False,0.6K,False,$14.20 / SMA $14.48,False,0.00%,,,False,229.4M,False,PNK,False,
KYMR,"Kymera Therapeutics, Inc.",111.06,2026-07-20T22:57:15.858103+00:00,True,+203.0%,True,$9135.5M,False,+13.4%,True,800.3K,True,$111.06 / SMA $93.50,True,6.87%,True,+55.5%,True,65.2M,True,NGM,False,
KYN,"Kayne Anderson Energy Infrastructure Fund, Inc.",14.77,2026-07-20T22:47:40.049237+00:00,False,+30.6%,True,$2498.0M,,,False,416.7K,True,$14.77 / SMA $13.87,False,1.80%,,,,,True,NYQ,False,
KYSEF,"Kyushu Electric Power Company, Incorporated",10.35,2026-07-20T22:57:22.146530+00:00,False,+9.2%,True,$4893.3M,,N/A,False,0.0K,False,$10.35 / SMA $10.64,False,0.13%,,N/A,False,435.5M,False,PNK,False,
KYTX,"Kyverna Therapeutics, Inc.",7.24,2026-07-20T22:52:51.758091+00:00,True,+158.6%,True,$440.2M,True,+35.9%,True,1185.9K,False,$7.24 / SMA $8.57,True,7.50%,,,True,35.5M,True,NMS,False,
LAB,Standard BioTools Inc.,0.85,2026-07-20T22:52:59.495176+00:00,False,+21.4%,True,$332.7M,True,+571.4%,True,3652.9K,False,$0.85 / SMA $0.94,True,8.87%,False,+4.6%,False,210.0M,True,NMS,False,
LAD,"Lithia Motors, Inc.",325.18,2026-07-20T22:57:16.407619+00:00,False,+35.6%,True,$7416.0M,False,+-46.1%,False,299.2K,True,$325.18 / SMA $296.70,True,3.45%,False,+1.0%,True,20.0M,True,NYQ,False,
LAES,SEALSQ Corp,2.57,2026-07-20T23:02:45.899186+00:00,False,+29.1%,True,$572.5M,,N/A,True,16043.5K,False,$2.57 / SMA $3.09,True,7.34%,,N/A,False,171.5M,True,NMS,False,
LANDO,Gladstone Land Corporation,21.11,2026-07-20T22:52:58.693672+00:00,False,+14.1%,,,,,False,14.2K,True,$21.11 / SMA $20.63,False,1.66%,False,+-1.5%,True,41.7M,True,NGM,False,
LANDP,Gladstone Land Corporation,21.12,2026-07-20T23:04:34.606626+00:00,False,+14.7%,,N/A,,N/A,False,24.3K,True,$21.12 / SMA $20.40,False,1.41%,False,+-1.5%,True,41.7M,True,NGM,False,
LAUR,"Laureate Education, Inc.",35.84,2026-07-20T22:47:23.202053+00:00,False,+66.5%,True,$5016.8M,False,+-15.4%,True,1296.3K,True,$35.84 / SMA $35.49,True,3.46%,False,+15.4%,True,125.5M,True,NMS,False,
LB,LandBridge Company LLC,75.5,2026-07-20T22:47:16.568464+00:00,True,+72.6%,True,$5814.8M,False,+12.6%,False,356.4K,True,$75.50 / SMA $71.21,True,5.67%,False,+16.0%,True,27.6M,True,NYQ,False,
LBRT,Liberty Energy Inc.,24.07,2026-07-20T22:57:21.580286+00:00,True,+143.1%,True,$3928.0M,False,+16.7%,True,3692.0K,False,$24.07 / SMA $28.39,True,4.54%,False,+4.5%,False,160.2M,True,NYQ,False,
LBTYA,Liberty Global Ltd.,10.31,2026-07-20T22:59:01.251395+00:00,False,+7.1%,True,$3485.8M,True,+125.0%,True,1907.9K,False,$10.31 / SMA $11.54,False,2.97%,False,+8.8%,False,276.2M,True,NMS,False,
LCII,LCI Industries,106.9,2026-07-20T22:47:37.348203+00:00,False,+26.8%,True,$2598.9M,True,+30.4%,False,461.0K,True,$106.90 / SMA $102.82,True,3.74%,False,+4.3%,True,23.5M,True,NYQ,False,
LDSVF,Chocoladefabriken Lindt & Sprüngli AG,11729.48,2026-07-20T22:46:45.114243+00:00,False,+5.8%,True,$27061.1M,,,False,0.0K,True,$11729.48 / SMA $11719.93,False,0.23%,,,True,0.2M,False,PNK,False,
LE,"Lands' End, Inc.",11.91,2026-07-20T23:04:39.623518+00:00,False,+24.6%,True,$366.1M,True,+4011.1%,False,266.3K,True,$11.91 / SMA $11.51,True,6.36%,False,+-8.5%,True,11.8M,True,NCM,False,
LEA,Lear Corporation,140.16,2026-07-20T22:57:14.293211+00:00,False,+52.9%,True,$7021.3M,True,+124.2%,True,620.8K,True,$140.16 / SMA $138.38,False,2.51%,False,+4.7%,True,49.8M,True,NYQ,False,
LEG,"Leggett & Platt, Incorporated",10.71,2026-07-20T23:00:59.504622+00:00,False,+36.3%,True,$1462.6M,False,+-36.4%,True,2828.4K,True,$10.71 / SMA $10.52,True,3.68%,False,+-10.2%,True,133.1M,True,NYQ,False,
LEGH,Legacy Housing Corporation,26.36,2026-07-20T23:02:54.890006+00:00,False,+44.2%,True,$626.9M,False,+12.2%,False,87.9K,True,$26.36 / SMA $24.56,True,3.73%,False,+-3.7%,True,10.8M,True,NMS,False,
LEGN,Legend Biotech Corporation,23.21,2026-07-20T22:47:19.524711+00:00,False,+42.9%,True,$4489.7M,True,+44.4%,True,2681.8K,False,$23.21 / SMA $29.18,True,5.48%,True,+56.5%,True,86.7M,True,NMS,False,
LEGO.U,LEGO.U,,2026-07-20T23:04:43.303151+00:00,False,N/A,False,N/A,False,N/A,False,N/A,False,N/A,False,N/A,False,N/A,False,N/A,False,Unknown,False,No price data available
LEN,Lennar Corporation,82.9,2026-07-20T22:56:50.838289+00:00,False,+2.1%,True,$19970.2M,False,+-31.5%,True,2647.8K,False,$82.90 / SMA $87.62,True,3.26%,False,+-5.2%,False,204.2M,True,NYQ,False,
LGIH,"LGI Homes, Inc.",56.96,2026-07-20T23:01:04.943401+00:00,False,+69.8%,True,$1323.3M,False,+-47.1%,False,403.2K,True,$56.96 / SMA $53.05,True,5.00%,False,+-9.0%,True,20.3M,True,NMS,False,
LGN,Legence Corp.,68.14,2026-07-20T22:57:08.925500+00:00,True,+152.7%,True,$11191.8M,True,+133.7%,True,1571.9K,False,$68.14 / SMA $82.61,True,6.60%,True,+105.1%,True,57.4M,True,NMS,False,
LGYRF,Landis+Gyr Group AG,52.1,2026-07-20T22:47:45.781974+00:00,False,+1.6%,True,$1481.3M,,,False,0.0K,False,$52.10 / SMA $59.16,False,0.00%,,,True,25.3M,False,PNK,False,
LIFNF,Lifenet Insurance Company,11.61,2026-07-20T23:02:41.088030+00:00,True,+262.8%,True,$932.8M,,N/A,False,0.0K,False,$11.61 / SMA $11.82,False,0.00%,,N/A,True,23.3M,False,PNK,False,
LIN,Linde plc,512.05,2026-07-20T22:46:27.299472+00:00,False,+32.0%,True,$236744.9M,False,+13.4%,True,2262.4K,False,$512.05 / SMA $513.78,False,2.21%,False,+8.2%,False,461.0M,True,NMS,False,
LIND,"Lindblad Expeditions Holdings, Inc.",27.6,2026-07-20T22:50:57.990674+00:00,True,+142.7%,True,$1810.6M,,,True,861.5K,True,$27.60 / SMA $23.66,True,4.54%,False,+15.7%,True,49.4M,True,NCM,False,
LINE,"Lineage, Inc.",43.22,2026-07-20T22:57:07.571551+00:00,False,+38.0%,True,$10837.3M,False,+-1900.0%,True,1008.9K,True,$43.22 / SMA $41.99,False,2.74%,False,+0.4%,True,57.7M,True,NMS,False,
LION,Lionsgate Studios Corp.,13.69,2026-07-20T22:47:24.941035+00:00,True,+142.3%,True,$3978.8M,True,+127.6%,True,3769.9K,False,$13.69 / SMA $13.94,True,4.21%,False,+-15.3%,,,True,NYQ,False,
LIVN,LivaNova PLC,79.21,2026-07-20T22:59:01.761601+00:00,True,+93.1%,True,$4351.3M,True,+106.7%,True,786.5K,True,$79.21 / SMA $77.27,False,2.82%,False,+14.3%,True,54.7M,True,NMS,False,
LKFN,Lakeland Financial Corporation,62.03,2026-07-20T23:00:57.574857+00:00,False,+14.1%,True,$1545.4M,True,+33.3%,False,208.5K,True,$62.03 / SMA $60.55,False,2.49%,False,+9.3%,True,24.1M,True,NMS,False,
LKTEF,LKTEF,0.4031,2026-07-20T22:52:50.201464+00:00,False,+0.0%,True,$550.0M,,,False,0.0K,False,$0.40 / SMA $0.41,False,0.00%,,,False,506.8M,False,PNK,False,
LLESY,Lendlease Group,2.28,2026-07-20T22:50:57.304179+00:00,False,+28.1%,True,$1575.2M,,,False,0.6K,True,$2.28 / SMA $2.11,False,0.75%,,,False,646.5M,False,PNK,False,
LLOBF,Lloyds Banking Group plc 9.25% NON-CUM IRR PRF SHS GBP0.25,2.0,2026-07-20T22:46:33.474214+00:00,False,+7.5%,,,,,False,0.1K,False,$2.00 / SMA $2.04,False,0.32%,False,+10.4%,,,False,PNK,False,
LLY,Eli Lilly and Company,1146.9,2026-07-20T22:46:26.045014+00:00,True,+83.9%,True,$1022738.2M,True,+169.9%,True,3269.6K,True,$1146.90 / SMA $1112.42,True,3.29%,True,+55.5%,False,889.3M,True,NYQ,False,
LLYVK,"Liberty Live Holdings, Inc.",101.59,2026-07-20T22:57:08.518452+00:00,False,+32.0%,True,$9346.7M,,N/A,False,401.8K,True,$101.59 / SMA $100.15,False,2.91%,,N/A,True,58.0M,True,NMS,False,
LNC,Lincoln National Corporation,41.61,2026-07-20T22:47:13.868510+00:00,False,+29.3%,True,$7956.4M,True,+75.1%,True,1809.0K,True,$41.61 / SMA $36.44,False,2.74%,False,+12.9%,False,171.3M,True,NYQ,False,
LNG,"Cheniere Energy, Inc.",264.95,2026-07-20T22:56:38.658564+00:00,False,+42.3%,True,$55520.8M,False,+-1160.5%,True,2238.7K,True,$264.95 / SMA $242.66,False,2.81%,False,+7.8%,False,208.1M,True,NYQ,False,
LNNGY,Li Ning Company Limited,47.71,2026-07-20T22:57:17.494756+00:00,False,+6.0%,True,$4867.2M,,N/A,False,11.0K,False,$47.71 / SMA $53.48,False,2.70%,,N/A,True,87.9M,False,PNK,False,
LNRCF,LNRCF,12.35,2026-07-20T23:01:04.343297+00:00,False,+30.7%,,N/A,,N/A,False,29.9K,False,$12.35 / SMA $14.90,True,16.15%,,N/A,True,35.4M,False,PNK,False,
LNT,Alliant Energy Corporation,73.96,2026-07-20T22:46:52.072946+00:00,False,+16.9%,True,$19102.2M,False,+4.8%,True,2493.2K,True,$73.96 / SMA $73.81,False,1.83%,False,+5.0%,False,257.5M,True,NMS,False,
LNTH,"Lantheus Holdings, Inc.",104.4,2026-07-20T22:47:14.450397+00:00,True,+121.0%,True,$6797.1M,True,+76.5%,True,991.6K,True,$104.40 / SMA $101.83,True,3.58%,False,+1.2%,True,58.4M,True,NGM,False,
LOAR,Loar Holdings Inc.,69.93,2026-07-20T22:57:18.565258+00:00,False,+31.6%,True,$6547.2M,False,+-25.0%,True,864.9K,True,$69.93 / SMA $68.01,True,3.99%,True,+36.1%,True,43.5M,True,NYQ,False,
LOB,"Live Oak Bancshares, Inc.",41.63,2026-07-20T22:47:47.658300+00:00,False,+41.8%,True,$1925.9M,True,+185.7%,False,259.2K,True,$41.63 / SMA $38.96,False,2.41%,False,+16.4%,True,36.0M,True,NYQ,False,
LOECF,Logan Energy Corp.,0.6999,2026-07-20T23:04:35.913081+00:00,False,+47.3%,True,$484.0M,,N/A,False,90.0K,True,$0.70 / SMA $0.65,False,2.44%,True,+36.5%,False,581.4M,False,PNK,False,
LOKV,Live Oak Acquisition Corp V,11.52,2026-07-20T23:04:46.808466+00:00,False,+33.1%,True,$331.2M,True,+100.0%,False,294.4K,,N/A,,N/A,,N/A,,N/A,True,NCM,False,
LOKVU,Live Oak Acquisition Corp V,11.99,2026-07-20T22:54:44.912361+00:00,False,+18.7%,,,,,False,1.2K,True,$11.99 / SMA_short $11.99,,,,,,,True,NGM,False,
LOPE,"Grand Canyon Education, Inc.",139.46,2026-07-20T22:47:26.189498+00:00,False,+0.8%,True,$3697.7M,False,+11.1%,False,331.2K,False,$139.46 / SMA $150.77,False,2.99%,False,+6.7%,True,25.6M,True,NMS,False,
LOT,Lotus Technology Inc.,0.9004,2026-07-20T23:02:43.091929+00:00,False,+0.0%,True,$583.6M,True,+78.8%,False,117.1K,False,$0.90 / SMA $1.22,True,9.77%,False,+-39.8%,True,3.4M,True,NMS,False,
LOTBY,Lotus Bakeries NV,127.385,2026-07-20T22:57:05.301224+00:00,False,+67.6%,True,$10354.3M,,N/A,False,0.0K,True,$127.39 / SMA $118.18,False,0.09%,,N/A,True,40.4M,False,PNK,False,
LOW,"Lowe's Companies, Inc.",204.71,2026-07-20T22:56:31.120965+00:00,False,+0.6%,True,$114842.3M,False,+-0.7%,True,2961.8K,False,$204.71 / SMA $217.03,False,2.67%,False,+10.3%,False,559.5M,True,NYQ,False,
LPAA,Launch One Acquisition Corp.,10.88,2026-07-20T23:04:45.842509+00:00,False,+4.7%,True,$312.8M,False,+-25.0%,False,38.3K,True,$10.88 / SMA $10.82,False,0.64%,,N/A,True,16.0M,True,NGM,False,
LPAAU,Launch One Acquisition Corp.,10.9,2026-07-20T22:54:43.831503+00:00,False,+3.3%,,,,,False,0.0K,True,$10.90 / SMA $10.79,False,0.01%,,,True,16.0M,True,NGM,False,
LPG,Dorian LPG Ltd.,43.09,2026-07-20T23:00:50.972098+00:00,True,+81.4%,True,$1843.5M,True,+900.0%,True,670.2K,True,$43.09 / SMA $40.77,True,4.63%,True,+102.0%,True,36.9M,True,NYQ,True,
LPL,"LG Display Co., Ltd.",3.19,2026-07-20T22:58:56.848814+00:00,False,+0.9%,True,$3190.0M,False,+-117.3%,True,2423.8K,False,$3.19 / SMA $4.40,True,3.82%,False,+-8.8%,False,620.2M,True,NYQ,False,
LPTH,"LightPath Technologies, Inc.",10.36,2026-07-20T22:51:03.599210+00:00,True,+256.0%,True,$650.5M,False,+22.2%,True,3748.8K,False,$10.36 / SMA $13.93,True,9.50%,True,+108.9%,True,62.0M,True,NCM,False,
LQDT,"Liquidity Services, Inc.",38.77,2026-07-20T23:01:04.964376+00:00,True,+78.9%,True,$1208.9M,False,+4.5%,False,193.5K,True,$38.77 / SMA $37.05,True,3.21%,False,+3.7%,True,23.5M,True,NMS,False,
LRCX,Lam Research Corporation,306.76,2026-07-20T22:46:26.450571+00:00,True,+237.3%,True,$383625.2M,True,+40.8%,True,11371.8K,False,$306.76 / SMA $336.32,True,6.43%,False,+23.8%,False,1245.6M,True,NMS,False,
LRLCF,L'Oréal S.A.,432.88,2026-07-20T22:56:28.830666+00:00,False,+13.8%,True,$230465.0M,,N/A,False,0.8K,False,$432.88 / SMA $433.98,True,5.89%,,N/A,False,255.7M,False,PNK,False,
LRLCY,L'Oréal S.A.,86.48,2026-07-20T22:46:27.597676+00:00,False,+9.7%,True,$230209.4M,,,False,309.0K,False,$86.48 / SMA $86.76,False,1.21%,,,False,1278.3M,False,PNK,False,
LRN,"Stride, Inc.",85.64,2026-07-20T22:59:03.351537+00:00,False,+41.3%,True,$3641.8M,False,+-4.5%,True,824.6K,False,$85.64 / SMA $90.03,True,3.83%,False,+2.7%,True,40.6M,True,NYQ,False,
LSAK,"Lesaka Technologies, Inc.",4.76,2026-07-20T22:52:57.910274+00:00,False,+31.5%,True,$408.4M,True,+103.6%,False,141.3K,False,$4.76 / SMA $4.84,True,3.10%,False,+13.4%,True,50.3M,True,NMS,False,
LSCC,Lattice Semiconductor Corporation,125.56,2026-07-20T22:46:51.429031+00:00,True,+170.4%,True,$17202.7M,True,+300.0%,True,2255.5K,False,$125.56 / SMA $138.34,True,5.65%,True,+42.2%,True,135.9M,True,NMS,False,
LSEGY,London Stock Exchange Group plc,29.68,2026-07-20T22:56:36.285276+00:00,False,+23.3%,True,$57806.0M,,N/A,True,904.2K,False,$29.68 / SMA $29.90,False,1.85%,,N/A,False,1785.0M,False,OQX,False,
LSHGF,LSHGF,1.7,2026-07-20T23:00:52.554498+00:00,False,+25.9%,,N/A,,N/A,False,57.1K,False,$1.70 / SMA_short $1.87,,N/A,,N/A,False,598.0M,False,PNK,False,
LSTR,"Landstar System, Inc.",211.17,2026-07-20T22:57:15.773464+00:00,True,+77.0%,True,$7164.6M,True,+36.5%,False,495.4K,True,$211.17 / SMA $204.04,False,2.62%,False,+1.6%,True,31.8M,True,NMS,False,
LTH,"Life Time Group Holdings, Inc.",42.51,2026-07-20T22:47:12.638104+00:00,True,+76.1%,True,$9462.8M,False,+14.7%,True,3047.6K,True,$42.51 / SMA $36.32,True,3.28%,False,+11.7%,False,189.3M,True,NYQ,False,
LUCK,Lucky Strike Entertainment Corporation,7.25,2026-07-20T23:00:58.765520+00:00,False,+27.1%,True,$988.8M,True,+30.8%,False,111.6K,False,$7.25 / SMA $7.93,True,5.23%,False,+0.7%,True,8.9M,True,NYQ,False,
LUNMF,Lundin Mining Corporation,24.29,2026-07-20T22:46:48.510110+00:00,True,+154.1%,True,$20737.2M,True,+157.9%,False,192.7K,False,$24.29 / SMA $26.64,True,5.24%,True,+252.2%,False,676.2M,False,PNK,False,
LUXE,LuxExperience B.V.,8.2,2026-07-20T23:02:40.448225+00:00,False,+25.4%,True,$1125.5M,False,+-316.7%,False,228.9K,True,$8.20 / SMA $7.60,True,5.15%,True,+155.0%,True,17.6M,True,NYQ,False,
LWAY,"Lifeway Foods, Inc.",31.02,2026-07-20T23:04:37.145728+00:00,True,+79.2%,True,$474.0M,True,+30.4%,False,172.6K,True,$31.02 / SMA $26.88,True,5.48%,True,+36.7%,True,7.6M,True,NGM,False,
LWLG,"Lightwave Logic, Inc.",5.95,2026-07-20T22:47:44.134780+00:00,True,+228.7%,True,$916.8M,False,+0.0%,True,6996.1K,False,$5.95 / SMA $10.29,True,8.93%,True,+27.3%,False,151.8M,True,NCM,False,
LYEL,"Lyell Immunopharma, Inc.",12.92,2026-07-20T23:04:35.150435+00:00,False,+39.2%,True,$301.5M,True,+68.9%,False,150.7K,False,$12.92 / SMA $14.91,True,10.11%,False,+-71.4%,True,9.6M,True,NMS,False,
LYFT,"Lyft, Inc.",15.43,2026-07-20T22:57:21.369617+00:00,False,+23.8%,True,$5858.5M,True,+300.0%,True,13683.9K,True,$15.43 / SMA $14.35,True,4.30%,False,+13.8%,False,341.4M,True,NMS,False,
LYG,Lloyds Banking Group plc,5.88,2026-07-20T22:56:34.642191+00:00,False,+45.2%,True,$85400.0M,True,+41.2%,True,21581.2K,True,$5.88 / SMA $5.58,False,1.54%,False,+10.4%,False,13829.6M,True,NYQ,False,
LYTS,LSI Industries Inc.,23.39,2026-07-20T23:02:43.608633+00:00,False,+35.9%,True,$858.7M,False,+-53.8%,False,489.0K,False,$23.39 / SMA $24.54,True,3.70%,False,+13.6%,True,34.1M,True,NMS,False,
LYV,"Live Nation Entertainment, Inc.",180.86,2026-07-20T22:46:40.451981+00:00,False,+44.3%,True,$42088.4M,False,+-478.1%,True,2528.5K,True,$180.86 / SMA $172.16,False,2.76%,False,+12.1%,False,156.9M,True,NYQ,False,
LZAGF,Lonza Group AG,703.51,2026-07-20T22:56:40.329578+00:00,False,+24.5%,True,$49136.1M,,N/A,False,0.4K,True,$703.51 / SMA $651.17,True,4.89%,,N/A,True,69.8M,False,PNK,False,
LZAGY,Lonza Group AG,69.38,2026-07-20T22:46:39.218328+00:00,False,+18.5%,True,$49366.2M,,,False,64.7K,True,$69.38 / SMA $64.83,False,1.17%,,,False,698.1M,False,PNK,False,
MAGN,Magnera Corporation,13.5,2026-07-20T23:04:38.167595+00:00,True,+72.6%,True,$480.6M,,N/A,False,394.3K,True,$13.50 / SMA $11.86,True,4.65%,,N/A,True,28.0M,True,NYQ,False,
MAIFF,Mining Americas Inc.,3.08,2026-07-20T22:52:54.262504+00:00,True,+552.5%,True,$338.6M,True,+332.6%,False,183.4K,False,$3.08 / SMA $4.10,True,5.23%,True,+1519.5%,True,107.0M,False,OQX,False,
MALJF,Magellan Aerospace Corporation,23.21,2026-07-20T22:51:00.236822+00:00,True,+113.9%,True,$1363.6M,True,+52.6%,False,4.0K,True,$23.21 / SMA $22.24,False,1.78%,False,+9.3%,True,11.8M,False,PNK,False,
MAMTF,MCAN Mortgage Corporation,18.64,2026-07-20T23:02:47.714140+00:00,False,+27.5%,True,$758.7M,True,+32.6%,False,0.3K,True,$18.64 / SMA $17.81,False,0.49%,False,+21.4%,True,39.2M,False,PNK,False,
MANH,"Manhattan Associates, Inc.",165.51,2026-07-20T22:47:09.891102+00:00,False,+39.0%,True,$9792.3M,False,+-3.5%,True,679.6K,True,$165.51 / SMA $144.16,True,4.42%,False,+7.4%,True,55.4M,True,NMS,False,
MANU,Manchester United plc,22.04,2026-07-20T22:59:05.404098+00:00,False,+51.1%,True,$3800.5M,False,+-335.0%,False,354.9K,True,$22.04 / SMA $21.50,False,2.87%,False,+18.0%,True,38.2M,True,NYQ,False,
MAPGF,Mapletree Logistics Trust,0.98,2026-07-20T22:58:58.941814+00:00,False,+20.2%,True,$5017.5M,False,+-36.4%,False,0.9K,True,$0.98 / SMA $0.95,False,0.18%,False,+-3.1%,False,3439.4M,False,PNK,False,
MAQAF,Atlas Arteria Limited,4.09,2026-07-20T22:58:54.785671+00:00,False,+52.0%,True,$5934.7M,,N/A,False,0.6K,True,$4.09 / SMA $3.51,False,0.30%,,N/A,False,1430.8M,False,PNK,False,
MARIF,Marimaca Copper Corp.,5.08,2026-07-20T22:51:10.478154+00:00,False,+3.9%,True,$685.7M,False,+-250.0%,False,27.3K,False,$5.08 / SMA $5.62,False,2.13%,,,True,103.9M,False,OQX,False,
MATV,"Mativ Holdings, Inc.",7.97,2026-07-20T23:02:58.401068+00:00,False,+29.2%,True,$439.3M,True,+97.2%,False,474.2K,False,$7.97 / SMA $8.08,True,4.73%,False,+-1.1%,True,50.0M,True,NYQ,False,
MATX,"Matson, Inc.",218.41,2026-07-20T22:57:20.328607+00:00,True,+151.1%,True,$6609.8M,False,+-15.1%,False,278.5K,True,$218.41 / SMA $193.78,True,3.26%,False,+-3.1%,True,29.5M,True,NYQ,False,
MAURY,"Marui Group Co., Ltd.",36.4,2026-07-20T22:59:07.934029+00:00,False,+14.8%,True,$3252.5M,,N/A,False,0.7K,True,$36.40 / SMA $34.58,False,0.26%,,N/A,True,86.6M,False,PNK,False,
MBAVU,M3-Brigade Acquisition V Corp.,10.98,2026-07-20T23:04:36.628811+00:00,False,+16.8%,,N/A,,N/A,False,2.0K,True,$10.98 / SMA $10.92,False,1.81%,,N/A,True,19.3M,True,NGM,False,
MBGAF,Mercedes-Benz Group AG,51.68,2026-07-20T22:56:37.340167+00:00,False,+6.0%,True,$49474.8M,,N/A,False,27.9K,False,$51.68 / SMA $55.05,False,2.00%,False,+-17.8%,False,702.4M,False,PNK,False,
MBINN,Merchants Bancorp,20.21,2026-07-20T23:00:49.587738+00:00,False,+10.6%,,N/A,,N/A,False,9.0K,True,$20.21 / SMA $20.19,False,1.35%,False,+20.0%,True,28.8M,True,NCM,False,
MBUU,"Malibu Boats, Inc.",28.05,2026-07-20T23:02:55.242292+00:00,False,+17.7%,True,$550.8M,False,+-119.7%,False,327.8K,True,$28.05 / SMA $27.22,True,4.90%,False,+3.1%,True,18.3M,True,NGM,False,
MBX,"MBX Biosciences, Inc.",60.14,2026-07-20T23:00:56.991655+00:00,True,+524.5%,True,$2862.5M,True,+29.6%,True,845.5K,True,$60.14 / SMA $43.03,True,8.12%,,N/A,True,27.1M,True,NMS,True,
MCARY,"Mercari, Inc.",14.22,2026-07-20T22:58:59.169623+00:00,True,+106.7%,True,$4698.9M,,N/A,False,0.6K,True,$14.22 / SMA $12.64,False,0.03%,,N/A,False,207.4M,False,PNK,False,
MCEM,The Monarch Cement Company,283.97,2026-07-20T22:51:11.689792+00:00,False,+37.2%,True,$1060.6M,True,+320.8%,False,0.5K,False,$283.97 / SMA $285.51,False,2.09%,True,+27.5%,True,2.8M,False,OQX,False,
MCFT,"MasterCraft Boat Holdings, Inc.",24.58,2026-07-20T23:02:53.861498+00:00,False,+43.0%,True,$595.4M,False,+-121.7%,False,163.2K,True,$24.58 / SMA $23.92,True,4.41%,False,+3.0%,True,8.9M,True,NGM,False,
MCRI,"Monarch Casino & Resort, Inc.",124.38,2026-07-20T23:00:50.519428+00:00,False,+41.1%,True,$2207.7M,True,+44.8%,False,175.0K,True,$124.38 / SMA $123.82,False,2.81%,False,+8.9%,True,11.9M,True,NMS,False,
MDA,MDA Space Ltd.,30.0,2026-07-20T22:47:16.961849+00:00,False,+29.1%,True,$4857.6M,False,+-17.9%,True,1422.0K,False,$30.00 / SMA $38.50,True,5.95%,True,+32.2%,,,True,NYQ,False,
MDDNF,Meridian Energy Limited,3.28,2026-07-20T22:47:07.256917+00:00,False,+15.5%,True,$8655.2M,,,False,0.3K,False,$3.28 / SMA $3.44,False,0.03%,,,False,1300.7M,False,PNK,False,
MDRX,Veradigm Inc.,4.74,2026-07-20T23:02:56.807074+00:00,False,+58.0%,True,$516.6M,,N/A,False,53.2K,False,$4.74 / SMA $4.87,True,6.71%,,N/A,True,52.1M,False,PNK,False,
MEDP,"Medpace Holdings, Inc.",527.93,2026-07-20T22:47:00.268481+00:00,True,+72.1%,True,$15077.5M,False,+16.6%,False,363.8K,True,$527.93 / SMA $476.73,True,3.52%,True,+26.5%,True,23.0M,True,NMS,False,
MEGI,NYLI CBRE Global Infrastructure Megatrends Term Fund,15.5,2026-07-20T22:51:09.994689+00:00,False,+15.5%,True,$806.7M,,,False,134.2K,True,$15.50 / SMA $15.11,False,1.43%,,,,,True,NYQ,False,
MELI,"MercadoLibre, Inc.",1832.42,2026-07-20T22:46:32.709900+00:00,False,+22.6%,True,$92898.5M,False,+-15.5%,True,540.6K,True,$1832.42 / SMA $1687.36,True,3.25%,True,+49.0%,True,50.6M,True,NMS,False,
MEOH,Methanex Corporation,54.7,2026-07-20T22:58:57.574406+00:00,True,+70.9%,True,$4231.8M,False,+-112.5%,True,925.6K,False,$54.70 / SMA $55.69,True,3.82%,False,+8.6%,True,74.2M,True,NMS,False,
MESHU,Meshflow Acquisition Corp.,10.09,2026-07-20T22:52:55.882159+00:00,False,+1.4%,,,,,False,3.7K,True,$10.09 / SMA $10.09,False,0.08%,,,True,34.5M,True,NGM,False,
METOF,Meteoric Resources Limited,0.113,2026-07-20T23:04:36.895279+00:00,False,+41.3%,True,$328.4M,,N/A,True,628.5K,False,$0.11 / SMA $0.13,True,12.36%,,N/A,False,2189.2M,False,PNK,False,
MFC,Manulife Financial Corporation,42.5,2026-07-20T22:56:36.179683+00:00,False,+43.1%,True,$70791.2M,True,+160.0%,True,2101.6K,True,$42.50 / SMA $39.85,False,1.58%,True,+31.1%,False,1666.0M,True,NYQ,False,
MFG,"Mizuho Financial Group, Inc.",9.84,2026-07-20T22:46:30.576204+00:00,True,+76.3%,True,$119872.8M,,,True,3857.6K,True,$9.84 / SMA $9.56,False,1.65%,True,+63.2%,False,12190.7M,True,NYQ,False,
MFGI,"Merchants Financial Group, Inc.",41.0,2026-07-20T23:04:45.727677+00:00,False,+67.3%,True,$335.3M,True,+94.2%,False,2.7K,True,$41.00 / SMA $38.49,False,0.25%,False,+6.9%,,N/A,False,OID,False,
MFIC,MidCap Financial Investment Corporation,9.6,2026-07-20T22:51:07.772497+00:00,False,+1.4%,True,$790.8M,False,+-193.8%,True,587.8K,False,$9.60 / SMA $10.22,False,2.39%,False,+-173.7%,,,True,NMS,False,
MG,"Mistras Group, Inc.",15.35,2026-07-20T23:02:54.681878+00:00,True,+98.3%,True,$488.4M,True,+170.0%,False,202.4K,False,$15.35 / SMA $17.50,True,4.44%,False,+4.6%,True,13.6M,True,NYQ,False,
MGA,Magna International Inc.,66.06,2026-07-20T22:46:52.784250+00:00,False,+63.1%,True,$17983.2M,False,+-107.7%,True,1380.3K,True,$66.06 / SMA $64.55,False,2.60%,False,+3.1%,False,271.5M,True,NYQ,False,
MGDDY,Compagnie Générale des Établissements Michelin Société en commandite par actions,19.79,2026-07-20T22:46:47.004002+00:00,False,+33.5%,False,$0.0M,,,False,113.0K,True,$19.79 / SMA $18.73,False,1.27%,,,,,False,PNK,False,
MGLUY,Magazine Luiza S.A.,3.74,2026-07-20T23:02:41.569298+00:00,False,+15.1%,True,$725.2M,False,+-530.5%,False,0.3K,False,$3.74 / SMA $4.43,False,2.22%,False,+-2.0%,True,82.5M,False,PNK,False,
MGM,MGM Resorts International,46.34,2026-07-20T22:57:06.288745+00:00,False,+58.8%,True,$11856.1M,False,+-5.9%,True,4617.9K,True,$46.34 / SMA $44.57,False,2.40%,False,+4.2%,False,185.5M,True,NYQ,False,
MGRC,McGrath RentCorp,117.49,2026-07-20T22:47:37.448376+00:00,False,+23.7%,True,$2885.8M,False,+-4.3%,False,224.1K,True,$117.49 / SMA $114.11,False,2.63%,False,+1.6%,True,24.2M,True,NMS,False,
MGRT,Mega Fortune Company Limited,79.62,2026-07-20T22:51:00.714726+00:00,True,+5208.0%,True,$1094.8M,,,False,18.2K,False,$79.62 / SMA $90.01,True,11.48%,,,True,2.0M,True,NCM,False,
MH,"McGraw Hill, Inc.",9.59,2026-07-20T22:47:40.937164+00:00,False,+7.2%,True,$1834.3M,,,True,701.5K,False,$9.59 / SMA $10.97,True,6.27%,False,+-2.0%,True,25.0M,True,NYQ,False,
MHCUF,Flagship Communities Real Estate Investment Trust,21.2,2026-07-20T23:02:58.334679+00:00,False,+21.1%,True,$529.6M,True,+111.5%,False,2.7K,True,$21.20 / SMA $20.10,False,0.83%,False,+20.6%,True,19.3M,False,OQX,False,
MHEYF,Keo Capital AB (publ),1.13,2026-07-20T22:53:01.473428+00:00,False,+56.9%,,,,,False,22.8K,True,$1.13 / SMA_short $1.09,False,2.29%,,,True,115.4M,False,PNK,False,
MICC,The Magnum Ice Cream Company N.V.,18.65,2026-07-20T22:47:05.163559+00:00,False,+44.1%,True,$11429.4M,,,True,1513.6K,True,$18.65 / SMA $17.05,False,1.97%,,,False,489.7M,True,NYQ,False,
MIELY,Mitsubishi Electric Corporation,67.03,2026-07-20T22:56:34.154326+00:00,False,+59.6%,True,$68586.3M,,N/A,False,119.7K,False,$67.03 / SMA $75.08,False,2.01%,,N/A,False,1001.7M,False,PNK,False,
MINBY,MINEBEA MITSUMI Inc.,23.06,2026-07-20T22:47:04.726255+00:00,False,+56.1%,True,$9260.8M,,,False,6.9K,False,$23.06 / SMA $27.33,True,5.04%,,,False,363.1M,False,PNK,False,
MIY,"BlackRock MuniYield Michigan Quality Fund, Inc.",12.27,2026-07-20T22:53:05.069941+00:00,False,+15.5%,True,$355.4M,,,False,57.9K,True,$12.27 / SMA $12.05,False,1.21%,,,,,True,NYQ,False,
MKC.V,MKC.V,,2026-07-20T22:57:00.876739+00:00,False,N/A,False,N/A,False,N/A,False,N/A,False,N/A,False,N/A,False,N/A,False,N/A,False,Unknown,False,No price data available
MKEWF,Makita Corporation,31.02,2026-07-20T22:47:04.215521+00:00,False,+6.6%,True,$7992.5M,,,False,0.0K,False,$31.02 / SMA $37.98,False,0.00%,,,False,242.4M,False,PNK,False,
MKL,Markel Group Inc.,1978.14,2026-07-20T22:46:48.290445+00:00,False,+15.0%,True,$24753.9M,False,+-256.5%,False,78.9K,True,$1978.14 / SMA $1875.54,False,1.89%,False,+-13.5%,True,12.2M,True,NYQ,False,
MKTX,MarketAxess Holdings Inc.,114.92,2026-07-20T22:47:22.171132+00:00,False,+5.7%,True,$4084.2M,True,+450.0%,True,666.8K,False,$114.92 / SMA $123.92,True,3.54%,False,+11.9%,True,30.8M,True,NMS,False,
MLAAU,Mountain Lake Acquisition Corp. II,10.1,2026-07-20T22:52:52.647713+00:00,False,+1.7%,,,,,False,1.3K,False,$10.10 / SMA $10.18,False,0.01%,,,True,36.5M,True,NGM,False,
MLCO,Melco Resorts & Entertainment Limited,5.48,2026-07-20T22:47:43.171874+00:00,False,+8.1%,True,$2127.8M,True,+150.0%,True,2595.5K,True,$5.48 / SMA $5.47,True,3.76%,False,+10.9%,True,147.7M,True,NMS,False,
MLFNF,Maple Leaf Foods Inc.,20.41,2026-07-20T22:47:37.889644+00:00,False,+22.4%,True,$2539.6M,,,False,20.5K,False,$20.41 / SMA $21.32,False,0.49%,False,+-21.1%,True,74.6M,False,PNK,False,
MLLGF,Mullen Group Ltd.,18.01,2026-07-20T23:00:57.324207+00:00,True,+111.9%,True,$1727.4M,,N/A,False,19.8K,True,$18.01 / SMA $15.91,False,0.14%,False,+9.8%,True,89.3M,False,PNK,False,
MLXEF,Metals X Limited,0.99272,2026-07-20T22:51:03.801048+00:00,True,+175.8%,True,$885.5M,,,False,30.9K,False,$0.99 / SMA $1.04,False,2.56%,,,False,629.4M,False,PNK,False,
MMILF,Metro Mining Limited,1.15085,2026-07-20T23:04:46.817269+00:00,True,+1992.5%,True,$354.7M,,N/A,False,0.4K,True,$1.15 / SMA $1.05,False,0.00%,,N/A,False,251.9M,False,PNK,False,
MMSI,"Merit Medical Systems, Inc.",75.17,2026-07-20T22:59:02.783064+00:00,False,+25.8%,True,$4484.3M,True,+38.8%,True,828.0K,True,$75.17 / SMA $66.89,True,3.12%,False,+7.5%,True,58.2M,True,NMS,False,
MMSMY,"Mitsui Kinzoku Company, Limited",37.4,2026-07-20T22:46:53.072713+00:00,True,+428.2%,True,$10698.7M,,,False,5.3K,False,$37.40 / SMA $54.68,False,2.31%,,,False,276.6M,False,PNK,False,
MNDY,monday.com Ltd.,76.75,2026-07-20T22:47:27.209289+00:00,False,+33.5%,True,$3293.1M,False,+9.6%,True,1655.9K,False,$76.75 / SMA $78.24,True,5.29%,False,+24.5%,True,35.3M,True,NMS,False,
MNGPF,Man Group Plc,4.11,2026-07-20T22:59:02.660391+00:00,True,+95.7%,True,$4574.7M,,N/A,False,3.7K,True,$4.11 / SMA $3.86,False,0.00%,,N/A,False,1080.5M,False,PNK,False,
MNHVF,Mowi ASA,19.1,2026-07-20T22:57:03.625856+00:00,False,+8.8%,True,$10097.1M,True,+480.0%,False,0.4K,False,$19.10 / SMA $20.34,False,0.10%,False,+14.1%,False,393.1M,False,PNK,False,
MNSAF,Mineros S.A.,4.8,2026-07-20T23:01:02.091037+00:00,True,+172.7%,True,$1422.8M,,N/A,False,17.1K,True,$4.80 / SMA $4.26,True,5.18%,True,+94.3%,True,60.3M,False,OQX,False,
MNST,Monster Beverage Corporation,95.45,2026-07-20T22:56:33.951092+00:00,False,+64.3%,True,$93350.9M,True,+28.9%,True,5750.3K,True,$95.45 / SMA $91.61,False,2.16%,True,+26.9%,False,700.6M,True,NMS,False,
MNTN,"MNTN, Inc.",8.77,2026-07-20T23:02:51.661781+00:00,False,+14.3%,True,$648.3M,True,+107.8%,True,1123.9K,False,$8.77 / SMA $9.18,True,7.62%,False,+14.2%,True,38.7M,True,NYQ,False,
MO,"Altria Group, Inc.",74.66,2026-07-20T22:56:31.251578+00:00,False,+36.5%,True,$124674.1M,True,+106.3%,True,8596.4K,True,$74.66 / SMA $71.08,False,2.16%,False,+5.3%,False,1666.5M,True,NYQ,False,
MOBI,"Mobia Medical, Inc.",12.01,2026-07-20T22:52:58.330755+00:00,False,+17.9%,True,$399.3M,,,False,219.9K,False,$12.01 / SMA_short $12.83,True,8.51%,,,True,16.6M,True,NMS,False,
MONDY,Mondi plc,19.5,2026-07-20T22:47:24.725102+00:00,False,+9.1%,True,$4297.8M,,,False,82.2K,False,$19.50 / SMA $19.63,False,1.89%,,,False,218.6M,False,PNK,False,
MONOY,"MonotaRO Co., Ltd.",11.93,2026-07-20T22:57:17.454893+00:00,False,+16.3%,True,$5866.8M,,N/A,False,132.9K,True,$11.93 / SMA $11.62,False,1.15%,,N/A,False,238.6M,False,PNK,False,
MONRF,Moncler S.p.A.,61.63,2026-07-20T22:46:53.825979+00:00,False,+12.0%,True,$16762.5M,,,False,0.4K,False,$61.63 / SMA $62.02,False,0.00%,,,False,221.6M,False,PNK,False,
MPB,"Mid Penn Bancorp, Inc.",35.25,2026-07-20T23:02:44.393793+00:00,False,+33.0%,True,$893.4M,False,+-49.3%,False,162.1K,True,$35.25 / SMA $33.46,False,2.86%,True,+35.2%,True,21.9M,True,NGM,False,
MPFRY,"Mapfre, S.A.",9.9,2026-07-20T22:46:56.652254+00:00,False,+25.1%,True,$16834.0M,,,False,0.5K,True,$9.90 / SMA $9.71,False,0.05%,,,False,458.3M,False,PNK,False,
MPJPY,Metaplanet Inc.,1.43,2026-07-20T22:47:38.074080+00:00,False,+18.4%,,,,,True,935.1K,False,$1.43 / SMA $1.63,True,6.50%,,,False,394.4M,False,OQX,False,
MPT,"Medical Properties Trust, Inc.",4.75,2026-07-20T22:47:34.072101+00:00,False,+20.3%,True,$2841.0M,True,+125.0%,True,5942.4K,False,$4.75 / SMA $4.79,True,3.33%,False,+12.6%,False,490.6M,True,NYQ,False,
MPZAF,Mips AB (publ),26.0,2026-07-20T23:02:46.747843+00:00,False,+4.0%,True,$688.8M,True,+259.2%,False,0.1K,False,$26.00 / SMA $26.98,False,0.00%,True,+100.0%,True,26.3M,False,PNK,False,
MQBKY,Macquarie Group Limited,178.63,2026-07-20T22:46:35.024444+00:00,False,+46.0%,True,$68082.8M,,,False,14.4K,True,$178.63 / SMA $172.47,False,0.86%,,,False,363.4M,False,PNK,False,
MQY,"BlackRock MuniYield Quality Fund, Inc.",11.54,2026-07-20T23:00:55.206154+00:00,False,+7.1%,True,$829.0M,,N/A,False,372.0K,True,$11.54 / SMA $11.35,False,0.59%,,N/A,,N/A,True,NYQ,False,
MRAAY,"Murata Manufacturing Co., Ltd.",23.94,2026-07-20T22:46:32.806946+00:00,True,+239.6%,True,$87155.4M,,,True,800.4K,False,$23.94 / SMA $28.12,True,3.82%,,,False,3634.1M,False,PNK,False,
MRAM,"Everspin Technologies, Inc.",14.43,2026-07-20T22:51:10.089536+00:00,True,+150.6%,True,$338.3M,True,+80.0%,True,3694.1K,False,$14.43 / SMA $25.72,True,9.69%,False,+13.2%,True,17.5M,True,NGM,False,
MRCBF,Morguard Corporation,89.25,2026-07-20T23:02:40.606124+00:00,False,+8.3%,True,$953.0M,,N/A,False,0.0K,True,$89.25 / SMA $87.80,False,0.00%,False,+-5.2%,True,3.8M,False,PNK,False,
MRLN,"Merlin, Inc.",3.58,2026-07-20T23:02:49.222011+00:00,False,+3.2%,True,$345.6M,,N/A,True,2563.4K,False,$3.58 / SMA $6.31,True,10.09%,,N/A,True,28.6M,True,NGM,False,
MRSH,"Marsh & McLennan Companies, Inc.",182.1,2026-07-20T22:56:34.541221+00:00,False,+16.3%,True,$87734.8M,False,+-15.4%,True,2729.7K,True,$182.10 / SMA $167.55,False,2.42%,False,+7.6%,False,480.8M,True,NYQ,False,
MRUWY,MRUWY,13.58,2026-07-20T22:57:18.824510+00:00,False,+3.1%,False,$167.6M,,N/A,False,32.9K,False,$13.58 / SMA_short $15.66,True,5.31%,False,+18.9%,False,206.9M,False,PNK,False,
MRVGF,Mirvac Group,1.108,2026-07-20T22:58:57.789266+00:00,False,+0.0%,True,$4372.0M,,N/A,False,0.2K,True,$1.11 / SMA $1.09,False,0.00%,,N/A,False,3935.8M,False,PNK,False,
MRVL,"Marvell Technology, Inc.",194.94,2026-07-20T22:46:28.404640+00:00,True,+217.3%,True,$174967.3M,False,+-80.0%,True,42565.2K,False,$194.94 / SMA $235.96,True,7.46%,True,+27.6%,False,872.0M,True,NMS,False,
MSA,MSA Safety Incorporated,171.13,2026-07-20T22:57:15.606915+00:00,False,+13.2%,True,$6606.3M,False,+21.2%,False,310.1K,True,$171.13 / SMA $167.31,False,2.35%,False,+10.0%,True,36.2M,True,NYQ,False,
MSBI,"Midland States Bancorp, Inc.",30.85,2026-07-20T22:52:49.104221+00:00,True,+116.6%,True,$639.5M,True,+29.8%,False,165.4K,True,$30.85 / SMA $29.07,False,2.94%,False,+1.6%,True,19.5M,True,NMS,False,
MSBPF,"Mitsubishi Pencil Co., Ltd.",14.66,2026-07-20T22:51:08.947555+00:00,False,+19.8%,True,$733.1M,,,False,0.0K,True,$14.66 / SMA $-2.71,,,,,True,38.5M,False,PNK,False,
MSCI,MSCI Inc.,625.11,2026-07-20T22:46:39.214322+00:00,False,+24.8%,True,$45462.7M,True,+49.1%,True,672.3K,True,$625.11 / SMA $596.94,True,3.05%,False,+14.1%,True,68.9M,True,NYQ,False,
MSI,"Motorola Solutions, Inc.",410.43,2026-07-20T22:56:35.855234+00:00,False,+14.2%,True,$68129.6M,False,+-13.8%,True,1134.3K,True,$410.43 / SMA $407.22,False,2.40%,False,+7.4%,False,165.2M,True,NYQ,False,
MSM,"MSC Industrial Direct Co., Inc.",124.17,2026-07-20T22:57:18.071888+00:00,False,+57.6%,True,$6934.4M,True,+41.2%,True,791.8K,True,$124.17 / SMA $114.23,False,2.76%,False,+7.8%,True,45.6M,True,NYQ,False,
MSSMY,MISUMI Group Inc.,10.66,2026-07-20T22:47:18.335391+00:00,False,+61.8%,True,$5624.4M,,,False,0.3K,False,$10.66 / SMA $11.51,False,0.53%,,,False,524.5M,False,PNK,False,
MT,ArcelorMittal S.A.,65.85,2026-07-20T22:46:37.824932+00:00,True,+118.3%,True,$49653.6M,False,+-27.9%,True,1963.3K,True,$65.85 / SMA $65.06,False,2.43%,False,+4.5%,False,840.5M,True,NYQ,False,
MTA,Metalla Royalty & Streaming Ltd.,7.22,2026-07-20T23:02:51.076435+00:00,True,+90.0%,True,$674.7M,True,+110.0%,False,478.3K,False,$7.22 / SMA $7.25,True,5.08%,True,+78.0%,True,66.7M,True,ASE,False,
MTASF,MTASF,24.57,2026-07-20T22:47:46.831836+00:00,False,+0.0%,True,$1600.1M,True,+112.5%,False,0.8K,False,$24.57 / SMA $27.29,False,0.43%,False,+4.1%,True,34.3M,False,PNK,False,
MTD,Mettler-Toledo International Inc.,1273.77,2026-07-20T22:46:49.385271+00:00,False,+24.5%,True,$25739.8M,False,+6.7%,False,204.1K,True,$1273.77 / SMA $1184.61,False,2.59%,False,+7.2%,True,20.1M,True,NYQ,False,
MTH,Meritage Homes Corporation,71.18,2026-07-20T22:58:59.904960+00:00,False,+22.7%,True,$4754.9M,False,+-51.5%,True,959.9K,False,$71.18 / SMA $71.18,True,3.59%,False,+-17.7%,True,65.0M,True,NYQ,False,
MTLPF,MTLPF,49.2,2026-07-20T22:47:15.407926+00:00,False,+32.6%,,,,,False,0.9K,True,$49.20 / SMA_short $44.06,,,,,True,110.7M,False,PNK,False,
MTN,"Vail Resorts, Inc.",146.08,2026-07-20T22:58:58.282872+00:00,False,+23.3%,True,$5205.3M,False,+-16.4%,True,818.1K,True,$146.08 / SMA $134.13,True,4.17%,False,+-7.0%,True,33.0M,True,NYQ,False,
MTNOY,MTN Group Limited,13.51,2026-07-20T22:46:49.459670+00:00,True,+74.3%,True,$24763.5M,,,False,14.1K,True,$13.51 / SMA $13.44,False,1.41%,,,False,1356.3M,False,PNK,False,
MTRX,Matrix Service Company,12.11,2026-07-20T22:53:03.658583+00:00,False,+22.6%,True,$340.7M,True,+125.0%,False,260.9K,False,$12.11 / SMA $12.99,True,3.71%,False,+3.3%,True,26.9M,True,NMS,False,
MTUAF,MTU Aero Engines AG,394.466,2026-07-20T22:46:52.083797+00:00,False,+25.4%,True,$21234.6M,,,False,0.8K,True,$394.47 / SMA $374.19,True,3.75%,,,True,54.0M,False,PNK,False,
MTUAY,MTU Aero Engines AG,190.14,2026-07-20T22:56:53.475775+00:00,False,+20.4%,True,$20497.0M,,N/A,False,27.7K,True,$190.14 / SMA $186.62,False,1.81%,,N/A,True,108.0M,False,PNK,False,
MUC,"BlackRock MuniHoldings California Quality Fund, Inc.",10.87,2026-07-20T23:00:59.805396+00:00,False,+8.7%,True,$1023.8M,,N/A,False,296.2K,True,$10.87 / SMA $10.74,False,0.67%,,N/A,,N/A,True,NYQ,False,
MURGF,Münchener Rückversicherungs-Gesellschaft Aktiengesellschaft in München,583.04,2026-07-20T22:56:35.373919+00:00,False,+15.2%,True,$74726.0M,True,+60.8%,False,1.3K,True,$583.04 / SMA $554.13,True,3.31%,False,+-0.9%,True,127.4M,False,PNK,False,
MUSA,Murphy USA Inc.,622.78,2026-07-20T22:57:05.764057+00:00,True,+80.4%,True,$11503.2M,True,+176.8%,False,323.2K,True,$622.78 / SMA $564.83,True,3.42%,False,+6.5%,True,16.7M,True,NYQ,False,
MVBF,MVB Financial Corp.,29.37,2026-07-20T22:53:06.817780+00:00,False,+32.6%,True,$377.4M,True,+44.4%,False,48.1K,True,$29.37 / SMA $27.46,True,3.30%,False,+7.0%,True,11.7M,True,NCM,False,
MVST,"Microvast Holdings, Inc.",0.9015,2026-07-20T22:52:53.836892+00:00,False,+3.0%,True,$300.3M,False,+-180.0%,True,4948.8K,False,$0.90 / SMA $1.28,True,8.17%,False,+-48.0%,False,158.5M,True,NCM,False,
MXF,"The Mexico Fund, Inc.",21.45,2026-07-20T22:54:43.506688+00:00,False,+29.5%,True,$309.3M,,,False,51.5K,False,$21.45 / SMA $21.79,False,2.12%,,,,,True,NYQ,False,
MXL,"MaxLinear, Inc.",75.01,2026-07-20T22:57:08.847000+00:00,True,+487.4%,True,$6716.8M,False,+10.3%,True,5352.1K,False,$75.01 / SMA $90.74,True,12.14%,True,+43.0%,True,83.5M,True,NMS,False,
MYE,"Myers Industries, Inc.",30.27,2026-07-20T23:02:44.082389+00:00,True,+133.6%,True,$1136.9M,False,+-127.8%,False,391.4K,True,$30.27 / SMA $26.57,True,4.40%,False,+1.8%,True,36.8M,True,NYQ,False,
MZHOF,"Mizuho Financial Group, Inc.",49.0,2026-07-20T22:46:30.414226+00:00,True,+78.2%,True,$119385.5M,,,False,37.2K,True,$49.00 / SMA $46.93,False,0.97%,True,+63.2%,False,2438.1M,False,PNK,False,
MZTFF,Mizrahi Tefahot Bank Ltd.,68.32,2026-07-20T22:56:51.863332+00:00,True,+97.0%,True,$17769.4M,False,+-4.5%,False,0.1K,False,$68.32 / SMA $72.35,False,0.00%,False,+-1.8%,False,152.8M,False,PNK,False,
NABL,"N-able, Inc.",4.9,2026-07-20T23:02:48.736190+00:00,False,+67.8%,True,$923.1M,True,+100.0%,True,1933.6K,True,$4.90 / SMA $3.80,True,6.38%,False,+13.1%,True,73.2M,True,NYQ,False,
NAC,Nuveen California Quality Municipal Income Fund,11.91,2026-07-20T22:47:46.192938+00:00,False,+9.3%,True,$1861.9M,,,True,514.9K,True,$11.91 / SMA $11.88,False,0.51%,,,,,True,NYQ,False,
NAK,Northern Dynasty Minerals Ltd.,1.61,2026-07-20T23:01:02.799213+00:00,True,+120.5%,True,$902.1M,True,+112.5%,True,7132.8K,False,$1.61 / SMA $1.98,True,7.50%,,N/A,False,550.0M,True,ASE,False,
NAMS,NewAmsterdam Pharma Company N.V.,29.67,2026-07-20T22:47:26.378230+00:00,False,+40.4%,True,$3468.5M,False,+-17.6%,True,1296.2K,False,$29.67 / SMA $33.56,True,5.51%,False,+2.1%,True,80.7M,True,NGM,False,
NAPRF,Naspers Limited,275.0,2026-07-20T22:56:41.490650+00:00,True,+479.7%,True,$206896.6M,,N/A,False,0.0K,True,$275.00 / SMA $52.34,False,0.00%,,N/A,False,751.2M,False,PNK,False,
NATKY,National Atomic Company Kazatomprom JSC,68.8,2026-07-20T22:56:53.995108+00:00,False,+36.0%,True,$18077.2M,False,+-130.3%,False,0.5K,False,$68.80 / SMA $71.21,False,0.28%,False,+-28.1%,True,64.8M,False,PNK,False,
NATL,NCR Atleos Corporation,47.21,2026-07-20T22:47:31.991547+00:00,True,+100.4%,True,$3484.0M,True,+26.1%,True,757.7K,True,$47.21 / SMA $44.57,False,1.30%,False,+6.5%,True,73.3M,True,NYQ,False,
NAVI,Navient Corporation,8.64,2026-07-20T23:02:45.431238+00:00,False,+17.9%,True,$812.1M,True,+950.0%,True,1128.5K,True,$8.64 / SMA $8.19,True,3.35%,False,+-2.6%,True,62.4M,True,NMS,False,
NB,NioCorp Developments Ltd.,4.26,2026-07-20T23:02:45.685577+00:00,False,+61.4%,True,$620.2M,True,+109.1%,True,3760.6K,False,$4.26 / SMA $5.19,True,6.46%,,N/A,True,142.2M,True,NGM,False,
NBCLF,"Nitto Boseki Co., Ltd.",19.59,2026-07-20T22:57:17.965545+00:00,False,+48.4%,True,$3565.9M,,N/A,False,4.1K,False,$19.59 / SMA $26.88,True,4.18%,,N/A,True,138.5M,False,PNK,False,
NBH,Neuberger Berman Income Funds - Neuberger Municipal Fund Inc.,10.39,2026-07-20T22:54:44.613188+00:00,False,+7.2%,True,$307.7M,,,False,96.3K,True,$10.39 / SMA $10.33,False,1.05%,,,,,True,ASE,False,
NBN,Northeast Bank,130.64,2026-07-20T23:02:39.555755+00:00,False,+61.8%,True,$1117.7M,True,+58.3%,False,137.6K,True,$130.64 / SMA $126.54,True,3.12%,True,+26.1%,True,7.4M,True,NGM,False,
NCA,Nuveen California Municipal Value Fund,9.33,2026-07-20T23:04:46.302279+00:00,False,+11.1%,True,$309.0M,,N/A,False,54.2K,True,$9.33 / SMA $9.29,False,0.80%,,N/A,,N/A,True,NYQ,False,
NCBDF,BANDAI NAMCO Holdings Inc.,22.44,2026-07-20T22:56:57.587284+00:00,False,+0.0%,True,$14392.3M,,N/A,False,0.0K,False,$22.44 / SMA $22.71,False,0.00%,,N/A,False,534.8M,False,PNK,False,
NCLTF,"Nitori Holdings Co., Ltd.",18.23,2026-07-20T22:47:08.207877+00:00,False,+37.6%,True,$10301.0M,,,False,0.4K,True,$18.23 / SMA $15.15,False,0.00%,,,False,441.6M,False,PNK,False,
NCLTY,"Nitori Holdings Co., Ltd.",7.5,2026-07-20T22:57:08.003304+00:00,False,+8.7%,True,$8475.9M,,N/A,False,244.5K,False,$7.50 / SMA $7.68,True,3.97%,,N/A,False,883.2M,False,PNK,False,
NDEKY,Nitto Denko Corporation,19.95,2026-07-20T22:57:01.079187+00:00,False,+12.4%,True,$13251.2M,,N/A,False,136.5K,True,$19.95 / SMA $19.43,False,1.83%,,N/A,False,667.3M,False,PNK,False,
NDGPY,Nine Dragons Paper (Holdings) Limited,18.5,2026-07-20T22:47:28.036759+00:00,True,+105.8%,True,$4340.3M,,,False,0.0K,True,$18.50 / SMA $16.53,False,0.00%,,,True,76.4M,False,PNK,False,
NDMO,Nuveen Dynamic Municipal Opportunities Fund,10.29,2026-07-20T23:02:52.336073+00:00,False,+7.5%,True,$622.4M,,N/A,False,113.0K,True,$10.29 / SMA $10.24,False,0.75%,,N/A,,N/A,True,NYQ,False,
NDVLY,New World Development Company Limited,0.4,2026-07-20T22:59:10.822831+00:00,False,+25.0%,True,$2273.0M,,N/A,False,3.7K,False,$0.40 / SMA $0.44,True,3.70%,,N/A,False,2733.6M,False,PNK,False,
NE,Noble Corporation plc,40.6,2026-07-20T22:47:09.785632+00:00,False,+60.9%,True,$6477.6M,False,+11.9%,True,1565.0K,False,$40.60 / SMA $44.71,True,3.37%,False,+-10.2%,True,125.8M,True,NYQ,False,
NECPY,NECPY,13.75,2026-07-20T22:56:42.725994+00:00,False,+27.5%,False,$0.0M,,N/A,False,4.9K,True,$13.75 / SMA $13.10,False,2.95%,,N/A,False,2521.9M,False,PNK,False,
NEE,"NextEra Energy, Inc.",88.0,2026-07-20T22:56:29.344097+00:00,False,+27.1%,True,$183533.3M,True,+160.0%,True,11728.6K,True,$88.00 / SMA $87.92,False,1.69%,False,+7.3%,False,2080.9M,True,NYQ,False,
NEGG,"Newegg Commerce, Inc.",12.92,2026-07-20T23:04:33.864410+00:00,False,+3.4%,False,$271.0M,,N/A,False,88.9K,False,$12.92 / SMA $18.05,True,7.51%,,N/A,True,1.4M,True,NCM,False,
NEM,Newmont Corporation,89.2,2026-07-20T22:56:31.813610+00:00,False,+51.3%,True,$95225.7M,True,+79.2%,True,8110.3K,False,$89.20 / SMA $102.49,False,2.98%,True,+45.8%,False,1065.2M,True,NYQ,False,
NEO,"NeoGenomics, Inc.",14.24,2026-07-20T22:51:00.376417+00:00,True,+201.7%,True,$1854.2M,True,+35.0%,True,2736.2K,True,$14.24 / SMA $11.56,True,5.06%,False,+11.1%,True,118.3M,True,NCM,False,
NESR,National Energy Services Reunited Corp.,27.23,2026-07-20T22:59:12.253281+00:00,True,+353.1%,True,$2746.1M,True,+109.1%,True,2118.5K,True,$27.23 / SMA $26.15,True,5.51%,True,+33.5%,True,72.5M,True,NCM,True,
NETLF,NetLink NBN Trust,0.769,2026-07-20T22:47:34.470936+00:00,False,+13.0%,True,$2996.8M,,,False,0.0K,True,$0.77 / SMA $0.77,False,0.00%,,,False,2895.6M,False,PNK,False,
NEWTG,"NewtekOne, Inc. 8.50% Fixed Rate Senior Notes due 2029",25.521,2026-07-20T22:53:01.138305+00:00,False,+4.2%,,,,,False,3.6K,True,$25.52 / SMA $25.24,False,0.55%,,,,,True,NGM,False,
NEWTP,"NewtekOne, Inc.",24.7356,2026-07-20T23:04:36.959561+00:00,False,+9.9%,,N/A,,N/A,False,4.3K,True,$24.74 / SMA $24.35,False,0.66%,False,+8.0%,True,25.0M,True,NGM,False,
NEXOY,"NEXON Co., Ltd.",14.24,2026-07-20T22:57:03.548467+00:00,False,+9.5%,True,$11165.9M,,N/A,False,50.1K,True,$14.24 / SMA $14.24,False,1.81%,,N/A,False,324.5M,False,PNK,False,
NEXT,NextDecade Corporation,7.68,2026-07-20T23:00:47.841056+00:00,False,+61.7%,True,$2035.1M,False,+-50.0%,True,2899.5K,False,$7.68 / SMA $8.03,True,5.05%,,N/A,True,129.2M,True,NCM,False,
NEXXY,Nexi S.p.A.,4.73,2026-07-20T22:58:57.890728+00:00,False,+18.3%,True,$5546.0M,,N/A,False,1.6K,True,$4.73 / SMA_short $4.35,,N/A,,N/A,False,456.8M,False,PNK,False,
NFBK,"Northfield Bancorp, Inc.",15.31,2026-07-20T23:02:53.223051+00:00,False,+54.5%,True,$639.4M,True,+57.9%,False,301.5K,True,$15.31 / SMA $14.45,False,1.95%,False,+16.0%,True,39.7M,True,NMS,False,
NFG,National Fuel Gas Company,81.16,2026-07-20T22:57:12.259585+00:00,False,+8.0%,True,$7713.1M,False,+9.3%,True,808.5K,True,$81.16 / SMA $78.43,False,1.77%,False,+17.6%,True,93.6M,True,NYQ,False,
NFYEF,NFI Group Inc.,17.86,2026-07-20T23:00:51.938399+00:00,True,+101.6%,True,$2127.3M,True,+276.9%,False,30.5K,True,$17.86 / SMA $16.24,False,2.45%,False,+0.1%,True,91.8M,False,PNK,False,
NGCRF,NagaCorp Ltd.,0.5022,2026-07-20T23:00:46.386970+00:00,False,+22.5%,True,$2221.2M,,N/A,False,15.9K,True,$0.50 / SMA $0.48,False,1.01%,,N/A,False,1047.1M,False,PNK,False,
NGL,NGL Energy Partners LP,15.41,2026-07-20T22:47:41.478898+00:00,True,+290.1%,True,$1908.0M,,,False,277.4K,False,$15.41 / SMA $16.20,True,5.28%,True,+215.8%,True,111.4M,True,NYQ,False,
NGLOY,Anglo American plc,22.67,2026-07-20T22:46:36.112774+00:00,False,+67.2%,True,$48581.3M,,,False,468.1K,False,$22.67 / SMA $25.70,False,2.51%,,,False,1902.7M,False,OQX,False,
NGS,"Natural Gas Services Group, Inc.",38.03,2026-07-20T23:02:55.466814+00:00,False,+67.4%,True,$489.7M,True,+39.5%,False,120.1K,False,$38.03 / SMA $41.25,True,4.74%,False,+17.1%,True,12.3M,True,NYQ,False,
NGVT,Ingevity Corporation,74.77,2026-07-20T23:00:48.509667+00:00,True,+88.1%,True,$2599.9M,True,+196.4%,False,265.4K,True,$74.77 / SMA $71.04,True,3.32%,False,+4.1%,True,34.4M,True,NYQ,False,
NGXXF,NGEx Minerals Ltd.,17.31,2026-07-20T22:47:27.707431+00:00,False,+32.5%,True,$3753.8M,False,+-17.6%,False,35.5K,False,$17.31 / SMA $18.70,True,4.41%,,,True,136.4M,False,OQX,False,
NHC,National HealthCare Corporation,219.88,2026-07-20T22:59:08.207376+00:00,True,+135.1%,True,$3434.4M,False,+9.7%,False,133.6K,True,$219.88 / SMA $199.03,True,3.80%,False,+2.2%,True,12.7M,True,ASE,False,
NHPEF,New Hope Corporation Limited,3.5,2026-07-20T22:47:32.201678+00:00,False,+39.4%,True,$2996.3M,,,False,12.6K,False,$3.50 / SMA $3.92,True,5.73%,,,False,485.3M,False,PNK,False,
NI,NiSource Inc.,45.37,2026-07-20T22:56:49.745147+00:00,False,+18.0%,True,$21752.2M,False,+6.0%,True,4674.1K,False,$45.37 / SMA $46.92,False,1.96%,False,+8.2%,False,477.6M,True,NYQ,False,
NIABY,NIBE Industrier AB (publ),3.724,2026-07-20T22:57:09.364744+00:00,False,+11.8%,True,$7507.8M,True,+31.6%,False,0.8K,False,$3.72 / SMA $4.02,False,0.52%,False,+-0.2%,False,1457.4M,False,PNK,False,
NICE,NICE Ltd.,101.34,2026-07-20T22:47:19.761270+00:00,False,+21.9%,True,$5922.6M,False,+-61.7%,True,692.3K,True,$101.34 / SMA $92.94,True,3.36%,False,+9.8%,False,1485.7M,True,NMS,False,
NIKA,NIKA,0.769,2026-07-20T22:52:51.119977+00:00,True,+284.5%,True,$806.3M,,,False,0.2K,True,$0.77 / SMA $0.47,False,0.71%,,,False,275.8M,False,OQB,False,
NINOY,Nikon Corporation,14.05,2026-07-20T22:59:02.789373+00:00,False,+54.6%,True,$4628.3M,,N/A,False,7.5K,True,$14.05 / SMA $12.97,True,5.82%,,N/A,False,264.0M,False,PNK,False,
NJR,New Jersey Resources Corporation,58.56,2026-07-20T22:57:18.918084+00:00,False,+34.7%,True,$5910.0M,False,+6.9%,True,654.4K,True,$58.56 / SMA $56.24,False,2.31%,False,+2.9%,True,100.3M,True,NYQ,False,
NKOKF,NKOKF,12.44499969482422,2026-07-20T22:47:51.426159+00:00,,,,,,,False,0.0K,True,$12.44 / SMA $-15.45,,,,,,,,Unknown,False,
NKRKF,Nokian Renkaat Oyj,17.3,2026-07-20T23:00:55.041293+00:00,True,+148.7%,True,$2385.2M,False,+-500.0%,False,0.1K,True,$17.30 / SMA $12.73,False,0.51%,False,+-32.6%,True,123.7M,False,PNK,False,
NKX,Nuveen California AMT-Free Quality Municipal Income Fund,12.46,2026-07-20T22:51:13.930090+00:00,False,+8.6%,True,$665.9M,,,False,130.3K,True,$12.46 / SMA $12.40,False,0.53%,,,,,True,NYQ,False,
NL,"NLI Holdings, Inc.",5.73,2026-07-20T22:53:05.557376+00:00,False,+13.7%,False,$280.2M,True,+800.0%,False,63.0K,False,$5.73 / SMA $6.21,True,3.70%,False,+0.7%,True,8.3M,True,NYQ,False,
NLLSF,Nel ASA,0.22,2026-07-20T23:02:48.252355+00:00,False,+21.5%,True,$404.4M,False,+0.0%,False,30.0K,False,$0.22 / SMA $0.29,True,3.49%,False,+-1.2%,False,1670.6M,False,PNK,False,
NMAX,NMAX,8.19,2026-07-20T23:02:39.526121+00:00,False,+60.3%,True,$1057.8M,True,+95.9%,True,1948.8K,True,$8.19 / SMA $7.97,True,6.78%,False,+14.0%,True,30.9M,True,NYQ,False,
NMCO,Nuveen Municipal Credit Opportunities Fund,10.77,2026-07-20T23:02:53.345722+00:00,False,+8.2%,True,$596.5M,,N/A,False,149.5K,True,$10.77 / SMA $10.66,False,0.67%,,N/A,,N/A,True,NYQ,False,
NMG,Nouveau Monde Graphite Inc.,1.36,2026-07-20T22:54:43.990821+00:00,False,+0.7%,True,$447.6M,True,+62.5%,True,918.1K,False,$1.36 / SMA $1.68,True,5.38%,,,True,93.8M,True,NYQ,False,
NML,Neuberger Berman Income Funds - Neuberger Energy Infrastructure and Income Fund Inc.,10.42,2026-07-20T22:52:49.107419+00:00,False,+32.1%,True,$590.4M,,,False,134.1K,True,$10.42 / SMA $10.04,False,2.24%,,,,,True,ASE,False,
NMM,Navios Maritime Partners L.P.,72.49,2026-07-20T23:00:49.462435+00:00,True,+81.7%,True,$2060.5M,True,+163.8%,False,126.0K,False,$72.49 / SMA $72.62,False,2.94%,False,+17.4%,True,14.8M,True,NYQ,False,
NMRSF,NMRSF,22.858,2026-07-20T22:47:48.359505+00:00,False,+10.7%,True,$1587.8M,,,False,0.1K,False,$22.86 / SMA $23.57,False,0.00%,,,True,49.9M,False,PNK,False,
NMZ,Nuveen Municipal High Income Opportunity Fund,10.36,2026-07-20T22:47:42.173935+00:00,False,+5.4%,True,$2231.2M,,,True,667.5K,True,$10.36 / SMA $10.21,False,0.69%,,,,,True,NYQ,False,
NNCSF,Nanosonics Limited,2.07,2026-07-20T23:02:47.757335+00:00,False,+3.0%,True,$618.7M,,N/A,False,0.2K,False,$2.07 / SMA $2.45,False,1.05%,,N/A,False,255.0M,False,PNK,False,
NNDM,Nano Dimension Ltd.,1.53,2026-07-20T22:53:05.126170+00:00,False,+28.6%,True,$322.1M,False,+-183.3%,True,3947.9K,True,$1.53 / SMA $1.53,True,4.86%,True,+106.4%,False,192.4M,True,NCM,False,
NOA,North American Construction Group Ltd.,13.21,2026-07-20T22:52:58.185675+00:00,False,+9.4%,True,$358.0M,False,+-9.5%,False,121.3K,False,$13.21 / SMA $13.82,False,2.56%,False,+-6.3%,True,24.2M,True,NYQ,False,
NOG,"Northern Oil and Gas, Inc.",21.22,2026-07-20T22:47:39.071946+00:00,False,+23.5%,True,$2308.4M,False,+-482.0%,True,3104.3K,True,$21.22 / SMA $20.67,True,3.91%,False,+-6.2%,True,102.3M,True,NYQ,False,
NONOF,Novo Nordisk A/S,50.1,2026-07-20T22:46:27.874865+00:00,False,+47.4%,True,$221633.9M,True,+67.1%,False,22.2K,True,$50.10 / SMA $45.96,True,5.12%,False,+24.0%,False,3184.2M,False,PNK,False,
NOW,"ServiceNow, Inc.",104.7,2026-07-20T22:46:30.885175+00:00,False,+28.9%,True,$107977.9M,False,+2.3%,True,28238.6K,True,$104.70 / SMA $103.66,True,4.95%,False,+22.1%,False,1028.8M,True,NYQ,False,
NPACU,New Providence Acquisition Corp. III,10.45,2026-07-20T22:52:59.921088+00:00,False,+2.7%,,,,,False,0.8K,True,$10.45 / SMA $10.42,False,0.01%,,,True,28.1M,True,NGM,False,
NPCE,"NeuroPace, Inc.",15.75,2026-07-20T23:02:53.671326+00:00,True,+108.3%,True,$537.0M,False,+4.8%,False,186.5K,False,$15.75 / SMA $16.28,True,5.06%,False,+-2.0%,True,23.3M,True,NGM,False,
NPCPF,"Nippon Paint Holdings Co., Ltd.",6.6945,2026-07-20T22:56:58.663478+00:00,False,+11.6%,True,$15527.6M,,N/A,False,1.2K,True,$6.69 / SMA $1.30,,N/A,,N/A,False,818.4M,False,PNK,False,
NPKI,NPK International Inc.,14.44,2026-07-20T23:01:00.116352+00:00,True,+72.9%,True,$1219.4M,False,+20.0%,True,996.3K,False,$14.44 / SMA $14.92,True,4.41%,True,+30.5%,True,80.3M,True,NYQ,False,
NPKYY,"Nippon Kayaku Co., Ltd.",13.3,2026-07-20T22:47:44.709405+00:00,False,+57.2%,True,$1972.7M,,,False,0.0K,True,$13.30 / SMA $12.96,False,0.00%,,,True,132.4M,False,PNK,False,
NPNYY,Nippon Yusen Kabushiki Kaisha,7.11,2026-07-20T22:56:59.194499+00:00,False,+17.5%,True,$14346.4M,,N/A,False,120.6K,True,$7.11 / SMA $6.75,False,0.98%,,N/A,False,2024.1M,False,PNK,False,
NPO,Enpro Inc.,324.64,2026-07-20T22:57:15.818589+00:00,False,+62.5%,True,$6858.6M,False,+12.2%,False,266.4K,False,$324.64 / SMA $331.11,True,4.09%,False,+10.9%,True,20.9M,True,NYQ,False,
NPPXF,"NTT, Inc.",0.912,2026-07-20T22:46:33.084000+00:00,False,+7.3%,True,$74258.3M,,,False,219.7K,False,$0.91 / SMA $0.92,False,1.58%,,,False,49622.6M,False,PNK,False,
NPTLF,Northam Platinum Holdings Limited,24.0,2026-07-20T22:57:07.342129+00:00,True,+140.0%,True,$9449.4M,,N/A,False,0.1K,True,$24.00 / SMA $23.70,False,0.00%,,N/A,False,372.6M,False,PNK,False,
NPWR,NET Power Inc.,1.55,2026-07-20T22:52:57.798902+00:00,False,+7.3%,False,$137.0M,True,+92.3%,True,839.2K,False,$1.55 / SMA $1.80,True,7.53%,,,True,46.2M,True,NYQ,False,
NRG,"NRG Energy, Inc.",130.58,2026-07-20T22:56:45.756828+00:00,False,+8.7%,True,$27550.6M,False,+-85.6%,True,2681.1K,False,$130.58 / SMA $135.32,True,3.80%,False,+19.5%,False,210.1M,True,NYQ,False,
NRGIY,Neoenergia S.A.,24.0,2026-07-20T22:57:10.910983+00:00,False,+52.4%,True,$7292.5M,,N/A,False,0.0K,True,$24.00 / SMA_short $0.96,,N/A,False,+-7.5%,True,23.3M,False,PNK,False,
NRKBF,NKT A/S,158.3,2026-07-20T22:47:07.349849+00:00,True,+95.4%,True,$8461.2M,False,+10.0%,False,0.0K,True,$158.30 / SMA $144.90,False,0.00%,False,+3.2%,True,50.9M,False,PNK,False,
NRSDY,Nordic Semiconductor ASA,16.29,2026-07-20T22:58:58.409325+00:00,False,+29.3%,True,$3216.6M,True,+783.3%,False,1.1K,False,$16.29 / SMA $20.06,False,0.29%,False,+24.1%,False,157.7M,False,PNK,False,
NSA,National Storage Affiliates Trust,44.18,2026-07-20T22:47:18.069767+00:00,False,+61.1%,True,$6504.8M,True,+60.0%,True,940.4K,True,$44.18 / SMA $43.67,False,2.21%,False,+-1.6%,True,71.3M,True,NYQ,False,
NSIT,"Insight Enterprises, Inc.",114.19,2026-07-20T22:59:08.995906+00:00,True,+79.5%,True,$3449.0M,True,+340.9%,True,537.8K,True,$114.19 / SMA $107.06,True,4.61%,False,+1.2%,True,29.7M,True,NMS,False,
NSP,"Insperity, Inc.",51.7,2026-07-20T22:50:59.949441+00:00,True,+178.4%,True,$1973.3M,False,+-34.8%,True,770.7K,True,$51.70 / SMA $37.61,True,6.10%,False,+1.7%,True,35.7M,True,NYQ,False,
NSRGY,Nestlé S.A.,105.33,2026-07-20T22:46:27.039629+00:00,False,+21.1%,True,$270931.9M,,,False,456.9K,True,$105.33 / SMA $100.82,False,1.13%,,,False,2570.1M,False,OID,False,
NTAP,"NetApp, Inc.",161.16,2026-07-20T22:56:46.380146+00:00,True,+72.0%,True,$31574.5M,False,+23.0%,True,3255.3K,True,$161.16 / SMA $151.67,True,4.68%,False,+12.5%,False,194.9M,True,NMS,False,
NTCT,"NetScout Systems, Inc.",41.53,2026-07-20T22:47:35.120624+00:00,True,+103.7%,True,$2969.2M,False,+0.0%,True,642.3K,True,$41.53 / SMA $41.08,True,3.69%,False,+-1.0%,True,67.5M,True,NMS,False,
NTLA,"Intellia Therapeutics, Inc.",10.92,2026-07-20T23:00:54.027105+00:00,False,+37.4%,True,$1525.8M,True,+26.4%,True,7025.0K,False,$10.92 / SMA $14.15,True,6.93%,False,+-9.5%,True,134.0M,True,NGM,False,
NTR,Nutrien Ltd.,66.66,2026-07-20T22:56:43.571192+00:00,False,+25.7%,True,$31998.4M,True,+1250.0%,True,2829.0K,True,$66.66 / SMA $66.55,False,2.21%,False,+18.5%,False,479.3M,True,NYQ,False,
NTRS,Northern Trust Corporation,182.78,2026-07-20T22:46:43.498890+00:00,False,+53.6%,True,$33822.9M,True,+42.6%,True,1111.1K,True,$182.78 / SMA $172.42,False,2.17%,False,+13.7%,False,181.9M,True,NMS,False,
NTRSO,Northern Trust Corporation,18.62,2026-07-20T22:56:44.701181+00:00,False,+2.1%,,N/A,,N/A,False,47.6K,True,$18.62 / SMA $18.59,False,0.87%,False,+13.7%,False,181.9M,True,NMS,False,
NUFMF,Nufarm Limited,1.92,2026-07-20T22:51:11.940857+00:00,True,+93.9%,True,$737.8M,,,False,0.7K,False,$1.92 / SMA $1.93,False,0.00%,,,False,378.9M,False,OID,False,
NURAF,"Nomura Research Institute, Ltd.",30.95,2026-07-20T22:46:54.229790+00:00,False,+32.5%,True,$17349.8M,,,False,0.4K,True,$30.95 / SMA $28.62,False,0.00%,,,False,378.4M,False,PNK,False,
NUTX,Nutex Health Inc.,161.47,2026-07-20T22:51:09.203268+00:00,True,+109.1%,True,$1111.1M,True,+95.8%,False,143.6K,True,$161.47 / SMA $148.23,True,6.39%,False,+2.2%,True,4.2M,True,NCM,False,
NUVB,Nuvation Bio Inc.,6.26,2026-07-20T22:47:48.628053+00:00,True,+187.2%,True,$2179.7M,True,+106.2%,True,6102.9K,True,$6.26 / SMA $5.21,True,7.17%,True,+2598.7%,False,254.6M,True,NYQ,False,
NUVL,"Nuvalent, Inc.",123.96,2026-07-20T22:47:10.434965+00:00,True,+74.3%,True,$9792.6M,False,+-17.8%,True,2387.5K,True,$123.96 / SMA $113.10,False,0.11%,,,True,49.1M,True,NGM,False,
NVAAF,NVAAF,,2026-07-20T23:04:45.958000+00:00,False,N/A,False,N/A,False,N/A,False,N/A,False,N/A,False,N/A,False,N/A,False,N/A,False,Unknown,False,No price data available
NVDA,NVIDIA Corporation,203.28,2026-07-20T22:46:25.912841+00:00,False,+23.9%,True,$4923644.7M,True,+214.5%,True,157304.0K,False,$203.28 / SMA $209.73,True,3.32%,True,+85.2%,False,23225.5M,True,NMS,False,
NVEC,NVE Corporation,84.69,2026-07-20T23:04:32.837778+00:00,False,+48.0%,True,$409.7M,,N/A,False,206.2K,False,$84.69 / SMA $97.19,True,6.45%,False,+5.3%,True,4.8M,True,NCM,False,
NVG,Nuveen AMT-Free Municipal Credit Income Fund,12.6,2026-07-20T22:59:11.908933+00:00,False,+9.6%,True,$2719.4M,,N/A,True,500.5K,True,$12.60 / SMA $12.52,False,0.71%,,N/A,,N/A,True,NYQ,False,
NVO,Novo Nordisk A/S,49.61,2026-07-20T22:46:27.753368+00:00,False,+41.3%,True,$219466.2M,True,+67.1%,True,14052.8K,True,$49.61 / SMA $46.16,False,2.35%,False,+24.0%,False,3184.2M,True,NYQ,False,
NVR,"NVR, Inc.",6446.65,2026-07-20T22:56:55.772273+00:00,False,+17.2%,True,$17401.4M,False,+-28.5%,False,28.2K,True,$6446.65 / SMA $6291.84,False,2.75%,False,+-21.7%,True,2.7M,True,NYQ,False,
NVS,Novartis AG,149.56,2026-07-20T22:56:28.270354+00:00,False,+33.1%,True,$285374.2M,False,+-9.3%,True,1794.0K,False,$149.56 / SMA $151.05,False,1.57%,False,+-0.7%,False,1861.9M,True,NYQ,False,
NVZMY,Novozymes A/S,64.45,2026-07-20T22:56:46.281176+00:00,False,+29.2%,True,$30048.4M,False,+-18.9%,False,45.9K,True,$64.45 / SMA $60.63,False,1.61%,False,+14.1%,False,344.4M,False,PNK,False,
NWE,"NorthWestern Energy Group, Inc.",71.88,2026-07-20T22:47:24.382628+00:00,False,+38.4%,True,$4421.2M,False,+-17.6%,False,493.5K,True,$71.88 / SMA $70.68,False,2.05%,False,+6.6%,True,61.1M,True,NMS,False,
NWG,NatWest Group plc,17.68,2026-07-20T22:56:36.316954+00:00,False,+31.9%,True,$70342.9M,False,+15.6%,True,4421.2K,True,$17.68 / SMA $16.59,False,1.69%,False,+9.5%,False,3966.9M,True,NYQ,False,
NWL,Newell Brands Inc.,5.125,2026-07-20T22:47:50.237452+00:00,False,+66.9%,True,$2177.8M,False,+11.1%,True,10525.1K,True,$5.12 / SMA $4.57,True,6.40%,False,+-1.1%,False,391.1M,True,NMS,False,
NWPX,"NWPX Infrastructure, Inc.",136.18,2026-07-20T23:01:04.862972+00:00,True,+240.4%,True,$1312.4M,True,+176.9%,False,182.7K,True,$136.18 / SMA $127.43,True,5.05%,False,+19.1%,True,9.3M,True,NMS,False,
NXPRF,Nexans S.A.,175.0,2026-07-20T22:47:10.907558+00:00,False,+47.0%,True,$7655.4M,,,False,0.1K,False,$175.00 / SMA $178.60,False,0.00%,,,True,35.6M,False,PNK,False,
NXSNF,"NextVision Stabilized Systems, Ltd.",76.0,2026-07-20T22:47:06.834859+00:00,True,+149.2%,True,$7014.1M,True,+63.6%,False,0.1K,False,$76.00 / SMA $94.67,False,0.26%,True,+86.3%,True,71.5M,False,PNK,False,
NXT,Nextpower Inc.,100.23,2026-07-20T22:56:52.372246+00:00,True,+90.5%,True,$15391.5M,False,+-7.6%,True,2938.9K,False,$100.23 / SMA $123.45,True,6.63%,False,+-4.7%,True,148.0M,True,NMS,False,
O,Realty Income Corporation,65.18,2026-07-20T22:46:35.707333+00:00,False,+16.7%,True,$60779.9M,False,+17.9%,True,6053.6K,True,$65.18 / SMA $61.90,False,1.62%,False,+10.2%,False,930.3M,True,NYQ,False,
OBA,Oxley Bridge Acquisition Limited,10.26,2026-07-20T23:04:43.854392+00:00,False,+3.3%,True,$324.5M,True,+14962.0%,False,9.5K,True,$10.26 / SMA $10.23,False,0.03%,,N/A,True,25.3M,True,NGM,False,
OBDC,Blue Owl Capital Corporation,10.87,2026-07-20T22:57:20.458679+00:00,False,+3.3%,True,$5394.8M,False,+-110.2%,True,3621.2K,True,$10.87 / SMA $10.81,False,2.02%,False,+-100.8%,,N/A,True,NYQ,False,
OBT,"Orange County Bancorp, Inc.",37.39,2026-07-20T23:02:59.786975+00:00,False,+62.7%,True,$501.3M,False,+10.4%,False,65.3K,True,$37.39 / SMA $35.45,True,3.58%,False,+14.6%,True,10.7M,True,NCM,False,
OCDDY,Ocado Group plc,4.43,2026-07-20T22:47:41.017241+00:00,False,+11.9%,True,$1844.8M,,,False,11.4K,False,$4.43 / SMA $5.09,False,2.27%,,,False,270.4M,False,PNK,False,
OCDGF,Ocado Group plc,2.76,2026-07-20T23:00:48.252062+00:00,False,+38.0%,True,$2298.7M,,N/A,False,0.2K,True,$2.76 / SMA $2.56,False,0.00%,,N/A,False,540.8M,False,PNK,False,
OCFC,OceanFirst Financial Corp.,19.83,2026-07-20T22:51:03.304707+00:00,False,+23.2%,True,$1722.8M,False,+2.9%,True,984.4K,True,$19.83 / SMA $18.71,False,2.32%,False,+5.5%,True,50.3M,True,NMS,False,
OCPNF,Olympus Corporation,10.01,2026-07-20T22:47:00.328770+00:00,False,+25.1%,True,$10638.8M,,,False,1.1K,False,$10.01 / SMA $10.63,False,0.08%,,,False,1061.8M,False,PNK,False,
OCS,Oculis Holding AG,11.73,2026-07-20T23:00:54.954768+00:00,False,+11.5%,True,$708.4M,True,+29.0%,True,738.1K,False,$11.73 / SMA $17.91,True,6.10%,,N/A,True,52.1M,True,NGM,False,
OCSL,Oaktree Specialty Lending Corporation,12.09,2026-07-20T22:51:04.159183+00:00,False,+13.7%,True,$1065.0M,True,+50.0%,True,666.5K,True,$12.09 / SMA $11.76,False,2.09%,True,+61.9%,,,True,NMS,False,
ODFL,"Old Dominion Freight Line, Inc.",231.76,2026-07-20T22:46:38.885131+00:00,True,+83.9%,True,$48198.7M,False,+-4.2%,True,1945.1K,True,$231.76 / SMA $221.26,False,2.91%,False,+-2.9%,False,186.3M,True,NMS,False,
OFIX,Orthofix Medical Inc.,11.56,2026-07-20T23:05:43.922402+00:00,False,+30.6%,True,$467.3M,True,+61.5%,False,417.4K,True,$11.56 / SMA $10.51,True,5.45%,False,+1.6%,True,40.1M,True,NMS,False,
OGC,OceanaGold Corporation,22.18,2026-07-20T22:47:14.981828+00:00,False,+68.5%,True,$4963.1M,True,+140.5%,False,351.1K,False,$22.18 / SMA $27.26,True,4.63%,True,+98.5%,False,222.9M,True,NYQ,False,
OGCP,"Empire State Realty OP, L.P.",5.29,2026-07-20T22:47:50.417617+00:00,False,+12.3%,True,$1480.8M,False,+-80.0%,False,1.2K,False,$5.29 / SMA $5.49,False,0.62%,False,+5.7%,True,22.9M,True,PCX,False,
OGFGF,Origin Energy Limited,6.7,2026-07-20T22:56:59.240988+00:00,False,+0.0%,True,$11908.2M,,N/A,False,0.0K,False,$6.70 / SMA $7.86,False,0.00%,,N/A,False,1702.9M,False,PNK,False,
OGS,"ONE Gas, Inc.",79.45,2026-07-20T22:47:20.600989+00:00,False,+10.8%,True,$4986.5M,False,+3.0%,True,658.7K,True,$79.45 / SMA $79.24,False,2.03%,False,+-11.1%,True,62.1M,True,NYQ,False,
OIS,"Oil States International, Inc.",8.25,2026-07-20T23:02:55.777065+00:00,True,+73.7%,True,$496.6M,False,+-60.0%,True,821.3K,False,$8.25 / SMA $8.40,True,3.23%,False,+-9.1%,True,55.4M,True,NYQ,False,
OKE,"ONEOK, Inc.",93.56,2026-07-20T22:56:36.804408+00:00,False,+46.1%,True,$58945.9M,False,+18.3%,True,3889.7K,True,$93.56 / SMA $89.13,False,2.40%,False,+19.6%,False,628.3M,True,NYQ,False,
OKLO,Oklo Inc.,41.51,2026-07-20T22:47:02.120119+00:00,False,+5.0%,True,$7222.4M,False,+-171.4%,True,13153.0K,False,$41.51 / SMA $58.29,True,6.92%,,,True,146.5M,True,NYQ,False,
OKTA,"Okta, Inc.",148.41,2026-07-20T22:46:54.922897+00:00,True,+136.8%,True,$26023.2M,False,+20.0%,True,3742.0K,True,$148.41 / SMA $117.45,True,6.14%,False,+11.2%,False,165.6M,True,NMS,False,
OLCLY,"Oriental Land Co., Ltd.",16.74,2026-07-20T22:56:50.638463+00:00,False,+29.4%,True,$27448.9M,,N/A,False,114.4K,True,$16.74 / SMA $14.59,True,4.83%,,N/A,False,1148.9M,False,PNK,False,
OLED,Universal Display Corporation,81.54,2026-07-20T22:47:24.484772+00:00,False,+5.7%,True,$3812.1M,False,+-43.7%,True,890.8K,False,$81.54 / SMA $87.34,True,4.09%,False,+-14.5%,True,42.9M,True,NMS,False,
OLMA,"Olema Pharmaceuticals, Inc.",11.35,2026-07-20T23:01:02.303076+00:00,True,+158.0%,True,$991.4M,False,+-44.4%,True,1453.0K,False,$11.35 / SMA $11.96,True,6.87%,,N/A,True,64.2M,True,NMS,False,
OLN,Olin Corporation,22.18,2026-07-20T22:47:34.750358+00:00,False,+22.7%,True,$2528.1M,False,+-7400.0%,True,2678.3K,False,$22.18 / SMA $23.83,True,4.72%,False,+-3.7%,True,113.2M,True,NYQ,False,
OLPX,Olaplex Holdings Inc,2.07,2026-07-20T23:00:59.145375+00:00,True,+108.6%,True,$1391.3M,,N/A,True,5278.4K,True,$2.07 / SMA_short $2.07,,N/A,False,+2.5%,False,168.9M,True,NGM,False,
OMCL,"Omnicell, Inc.",45.22,2026-07-20T22:47:43.669926+00:00,False,+67.4%,True,$2056.6M,True,+266.7%,True,665.5K,True,$45.22 / SMA $42.68,True,4.40%,False,+14.9%,True,41.9M,True,NMS,False,
OMF,"OneMain Holdings, Inc.",60.2,2026-07-20T22:57:16.982873+00:00,False,+31.5%,True,$6955.0M,False,+8.4%,True,1122.5K,True,$60.20 / SMA $56.77,False,2.55%,False,+6.4%,True,115.0M,True,NYQ,False,
OMRNY,OMRON Corporation,32.87,2026-07-20T22:47:14.250241+00:00,False,+41.5%,True,$6463.2M,,,False,58.6K,False,$32.87 / SMA $36.03,False,1.97%,,,False,192.6M,False,PNK,False,
OMVJF,OMV Aktiengesellschaft,61.65,2026-07-20T22:46:47.256681+00:00,False,+22.8%,True,$20098.0M,True,+394.6%,False,0.1K,False,$61.65 / SMA $66.23,False,0.00%,False,+-10.8%,True,140.9M,False,OQX,False,
OMVKY,OMV Aktiengesellschaft,17.86,2026-07-20T22:46:47.802275+00:00,False,+42.7%,True,$23289.5M,True,+394.6%,False,37.6K,True,$17.86 / SMA $16.77,False,1.31%,False,+-10.8%,True,140.9M,False,OQX,False,
ONDS,Ondas Inc.,6.87,2026-07-20T22:47:23.921181+00:00,True,+286.0%,True,$3914.8M,True,+613.4%,True,76383.7K,False,$6.87 / SMA $9.17,True,7.65%,True,+1079.9%,False,463.5M,True,NCM,False,
ONT,"Onterris, Inc.",19.81,2026-07-20T23:02:52.437416+00:00,False,+40.2%,True,$715.9M,True,+45.3%,True,660.3K,True,$19.81 / SMA $17.80,True,5.97%,False,+-5.2%,True,33.4M,True,NYQ,False,
OPAL,OPAL Fuels Inc.,2.53,2026-07-20T22:53:02.248081+00:00,False,+53.3%,True,$442.1M,False,+-800.0%,False,275.7K,True,$2.53 / SMA $2.11,True,7.17%,False,+-14.1%,True,16.9M,True,NCM,False,
OPCH,"Option Care Health, Inc.",21.75,2026-07-20T22:59:06.513557+00:00,False,+20.8%,True,$3415.3M,False,+3.6%,True,3404.4K,True,$21.75 / SMA $21.11,True,3.22%,False,+1.3%,True,145.9M,True,NMS,False,
OPHLY,"Ono Pharmaceutical Co., Ltd.",4.99,2026-07-20T22:57:13.363869+00:00,False,+40.6%,True,$7035.2M,,N/A,False,39.3K,True,$4.99 / SMA $4.89,False,0.86%,,N/A,False,1361.8M,False,PNK,False,
OPMXF,"Operadora de Sites Mexicanos, S.A.B. de C.V.",0.97,2026-07-20T22:47:35.063735+00:00,False,+37.9%,True,$2827.8M,True,+41.7%,False,4.0K,True,$0.97 / SMA $0.80,False,1.34%,False,+5.4%,False,2932.3M,False,PNK,False,
OPTU,OPTU,0.8334,2026-07-20T22:54:43.553601+00:00,False,+43.0%,True,$326.3M,False,+-3712.5%,True,11302.0K,False,$0.83 / SMA $1.07,True,17.07%,False,+-4.0%,False,262.8M,True,NYQ,False,
OPY,Oppenheimer Holdings Inc.,108.21,2026-07-20T22:51:04.949361+00:00,False,+69.6%,True,$1158.7M,False,+-171.0%,False,101.9K,True,$108.21 / SMA $102.88,True,4.71%,False,+21.0%,True,6.1M,True,NYQ,False,
ORA,"Ormat Technologies, Inc.",103.56,2026-07-20T22:57:11.024818+00:00,False,+23.1%,True,$6364.1M,False,+7.6%,True,934.8K,False,$103.56 / SMA $125.49,True,3.33%,True,+75.8%,True,58.3M,True,NYQ,False,
ORANY,Orange S.A.,18.75,2026-07-20T22:46:35.863819+00:00,False,+24.2%,True,$49833.2M,,,False,167.0K,False,$18.75 / SMA $19.69,False,1.13%,False,+1.9%,False,1854.7M,False,PNK,False,
ORC,"Orchid Island Capital, Inc.",6.71,2026-07-20T22:50:57.742678+00:00,False,+4.5%,True,$1346.7M,False,+-161.1%,True,5002.4K,True,$6.71 / SMA $6.70,False,1.99%,False,+-158.8%,False,200.3M,True,NYQ,False,
ORGO,Organogenesis Holdings Inc.,2.63,2026-07-20T22:53:05.613868+00:00,False,+28.9%,True,$338.4M,False,+-158.8%,True,1087.2K,True,$2.63 / SMA $2.46,True,5.42%,False,+-58.2%,True,57.4M,True,NCM,False,
ORKA,"Oruka Therapeutics, Inc.",91.71,2026-07-20T22:59:04.219099+00:00,True,+614.3%,True,$5531.2M,False,+-20.0%,True,1800.1K,True,$91.71 / SMA $72.56,True,6.74%,,N/A,True,51.1M,True,NGM,False,
ORKLY,Orkla ASA,11.03,2026-07-20T22:47:02.496351+00:00,False,+11.3%,True,$10633.4M,False,+-4.5%,False,92.2K,True,$11.03 / SMA $11.00,False,1.87%,False,+1.3%,False,647.5M,False,PNK,False,
ORZCF,Orezone Gold Corporation,1.56,2026-07-20T22:51:01.583886+00:00,True,+108.0%,True,$1040.5M,True,+100.0%,False,169.4K,False,$1.56 / SMA $1.69,True,5.08%,True,+124.8%,False,429.6M,False,OQX,False,
OSIS,"OSI Systems, Inc.",210.48,2026-07-20T22:47:29.502203+00:00,False,+6.7%,True,$3469.3M,False,+-2.9%,False,297.8K,False,$210.48 / SMA $217.29,True,3.61%,False,+2.0%,True,15.6M,True,NMS,False,
OSK,Oshkosh Corporation,142.0,2026-07-20T22:57:11.546980+00:00,False,+21.6%,True,$8853.9M,False,+-60.5%,True,737.4K,True,$142.00 / SMA $136.74,True,3.43%,False,+0.2%,True,61.9M,True,NYQ,False,
OSPN,OneSpan Inc.,15.51,2026-07-20T23:02:58.027114+00:00,False,+54.0%,True,$575.0M,False,+-18.9%,False,490.0K,True,$15.51 / SMA $13.95,True,3.56%,False,+4.1%,True,36.3M,True,NCM,False,
OSW,OneSpaWorld Holdings Limited,26.05,2026-07-20T22:47:39.807369+00:00,False,+36.7%,True,$2644.5M,True,+40.0%,True,829.0K,True,$26.05 / SMA $25.51,True,3.88%,False,+12.7%,True,98.8M,True,NCM,False,
OUKPY,Metso Oyj,8.38,2026-07-20T22:56:57.511361+00:00,False,+39.2%,True,$13879.2M,False,+-21.1%,False,43.2K,False,$8.38 / SMA $8.82,False,1.90%,False,+-3.8%,False,1399.3M,False,PNK,False,
OUT,OUTFRONT Media Inc.,32.66,2026-07-20T22:57:18.161349+00:00,True,+96.3%,True,$5750.2M,True,+178.6%,True,1733.2K,True,$32.66 / SMA $32.15,False,2.79%,False,+10.0%,False,171.4M,True,NYQ,False,
OUTKY,Outokumpu Oyj,2.98,2026-07-20T22:47:33.410331+00:00,False,+57.7%,True,$2809.4M,True,+85.7%,False,0.3K,False,$2.98 / SMA $3.24,False,0.17%,False,+3.3%,False,775.5M,False,PNK,False,
OVHFF,OVH Groupe S.A.,15.2,2026-07-20T22:47:43.108319+00:00,True,+82.3%,True,$2272.1M,,,False,1.3K,False,$15.20 / SMA $16.59,False,0.16%,,,True,22.0M,False,PNK,False,
OWL,Blue Owl Capital Inc.,9.35,2026-07-20T22:46:55.601617+00:00,False,+17.6%,True,$14577.1M,,,True,25024.7K,False,$9.35 / SMA $9.55,True,3.94%,False,+10.3%,False,640.5M,True,NYQ,False,
OXINF,Oxford Instruments plc,43.8,2026-07-20T23:00:48.366622+00:00,True,+84.8%,True,$2410.4M,,N/A,False,0.8K,True,$43.80 / SMA $41.21,False,0.52%,,N/A,True,57.9M,False,PNK,False,
OXY,Occidental Petroleum Corporation,55.19,2026-07-20T22:56:36.994870+00:00,False,+42.2%,True,$54893.9M,True,+306.5%,True,10902.8K,True,$55.19 / SMA $54.73,False,2.53%,False,+-8.3%,False,990.6M,True,NYQ,False,
PAC,"Grupo Aeroportuario del Pacífico, S.A.B. de C.V.",217.12,2026-07-20T22:57:01.631656+00:00,False,+4.9%,True,$12919.0M,False,+-7.5%,False,117.0K,False,$217.12 / SMA $240.57,True,3.07%,False,+3.7%,False,5511.9M,True,NYQ,False,
PACK,Ranpak Holdings Corp.,6.56,2026-07-20T23:02:55.294256+00:00,True,+103.7%,True,$561.2M,False,+7.7%,True,622.8K,False,$6.56 / SMA $6.77,True,4.77%,False,+11.0%,True,47.1M,True,NYQ,False,
PACS,"PACS Group, Inc.",44.73,2026-07-20T22:57:17.940108+00:00,True,+496.4%,True,$7079.5M,True,+194.1%,True,926.3K,True,$44.73 / SMA $39.15,True,5.12%,False,+11.2%,True,47.8M,True,NYQ,False,
PAG,"Penske Automotive Group, Inc.",195.5,2026-07-20T22:47:03.214019+00:00,False,+39.5%,True,$12854.0M,False,+-2.7%,False,303.1K,True,$195.50 / SMA $176.84,False,2.79%,False,+-1.1%,True,17.6M,True,NYQ,False,
PAGS,PagSeguro Digital Ltd.,9.29,2026-07-20T22:59:12.761434+00:00,False,+20.1%,True,$2596.7M,False,+12.2%,True,3434.4K,True,$9.29 / SMA $9.08,True,3.24%,False,+3.2%,True,145.3M,True,NYQ,False,
PAKTY,PAKTY,1.23,2026-07-20T22:51:06.586013+00:00,False,+69.7%,True,$1753.0M,True,+41.7%,False,0.1K,True,$1.23 / SMA $1.07,False,0.00%,False,+14.7%,False,437.5M,False,PNK,False,
PAM,Pampa Energía S.A.,84.05,2026-07-20T22:58:57.364739+00:00,False,+53.0%,True,$4517.2M,True,+45.5%,False,220.2K,True,$84.05 / SMA $82.86,True,3.08%,True,+38.4%,True,25.5M,True,NYQ,False,
PARXF,Parex Resources Inc.,16.15,2026-07-20T22:47:46.255801+00:00,False,+58.3%,True,$1553.3M,,,False,69.6K,False,$16.15 / SMA $17.58,True,3.08%,False,+-2.6%,True,95.4M,False,PNK,False,
PASTF,OPmobility SE,17.7,2026-07-20T22:59:11.801363+00:00,True,+86.3%,True,$2530.0M,,N/A,False,0.0K,False,$17.70 / SMA $18.38,False,0.00%,,N/A,True,53.0M,False,PNK,False,
PATH,"UiPath, Inc.",12.16,2026-07-20T22:57:19.206552+00:00,False,+32.2%,True,$6300.3M,True,+200.0%,True,49965.9K,True,$12.16 / SMA $11.05,True,5.66%,False,+17.3%,False,410.0M,True,NYQ,False,
PAX,Patria Investments Limited,11.09,2026-07-20T22:47:46.686978+00:00,False,+5.0%,True,$1769.2M,,,True,896.2K,False,$11.09 / SMA $11.25,False,2.54%,False,+-15.3%,True,62.1M,True,NMS,False,
PB,"Prosperity Bancshares, Inc.",72.98,2026-07-20T22:47:13.626640+00:00,False,+19.5%,True,$8747.0M,False,+-15.3%,True,1122.6K,True,$72.98 / SMA $70.26,False,1.93%,False,+18.4%,True,90.3M,True,NYQ,False,
PBA,Pembina Pipeline Corporation,50.71,2026-07-20T22:56:45.831784+00:00,False,+43.0%,True,$29484.6M,False,+0.0%,True,1205.4K,True,$50.71 / SMA $47.70,False,1.69%,False,+-7.7%,False,580.7M,True,NYQ,False,
PBCRF,PT Bank Central Asia Tbk,0.333,2026-07-20T22:46:40.495996+00:00,False,+23.3%,True,$40917.8M,,,False,34.2K,True,$0.33 / SMA $0.31,False,1.76%,False,+1.1%,False,48241.2M,False,PNK,False,
PBF,PBF Energy Inc.,63.85,2026-07-20T22:47:22.764752+00:00,True,+200.6%,True,$7554.0M,True,+146.7%,True,2919.4K,True,$63.85 / SMA $44.85,True,5.61%,False,+11.9%,True,99.9M,True,NYQ,False,
PBH,Prestige Consumer Healthcare Inc.,50.41,2026-07-20T22:47:41.119108+00:00,False,+18.3%,True,$2388.0M,False,+13.0%,True,700.4K,True,$50.41 / SMA $48.16,True,3.50%,False,+-5.0%,True,46.7M,True,NYQ,False,
PBMRY,PT Bumi Resources Tbk,2.23,2026-07-20T22:59:02.839538+00:00,True,+102.7%,True,$7370.5M,,N/A,False,0.0K,False,$2.23 / SMA $2.37,False,0.00%,False,+-3.5%,False,900.3M,False,PNK,False,
PCFBY,Pacific Basin Shipping Limited,7.34,2026-07-20T22:47:43.176691+00:00,False,+49.5%,True,$1891.3M,,,False,0.9K,False,$7.34 / SMA $7.78,False,0.59%,,,False,202.0M,False,PNK,False,
PCG,PG&E Corporation,17.43,2026-07-20T22:46:41.166985+00:00,False,+30.9%,True,$38384.8M,True,+39.3%,True,18811.8K,True,$17.43 / SMA $16.72,False,1.97%,False,+15.0%,False,2194.9M,True,NYQ,False,
PCN,PIMCO Corporate & Income Strategy Fund,11.78,2026-07-20T22:51:08.519349+00:00,False,+3.3%,True,$880.2M,,,False,310.2K,True,$11.78 / SMA $11.62,False,0.91%,,,,,True,NYQ,False,
PCOR,"Procore Technologies, Inc.",46.27,2026-07-20T22:47:13.030219+00:00,False,+21.7%,True,$6981.7M,True,+72.7%,True,2873.8K,True,$46.27 / SMA $45.35,True,4.79%,False,+15.7%,True,136.3M,True,NYQ,False,
PCRHY,PCRHY,24.7,2026-07-20T22:46:36.873791+00:00,True,+165.6%,True,$57672.7M,,,False,284.0K,True,$24.70 / SMA $24.49,False,2.43%,,,False,2296.2M,False,PNK,False,
PCRX,"Pacira BioSciences, Inc.",25.35,2026-07-20T22:51:06.646318+00:00,False,+34.8%,True,$997.5M,False,+-30.0%,True,523.5K,True,$25.35 / SMA $23.84,True,3.70%,False,+5.0%,True,33.7M,True,NMS,False,
PDD,PDD Holdings Inc.,86.05,2026-07-20T22:46:29.649324+00:00,False,+19.6%,True,$122483.3M,False,+-14.9%,True,9033.7K,False,$86.05 / SMA $86.32,False,2.89%,False,+11.0%,False,753.1M,True,NMS,False,
PDLB,"Ponce Financial Group, Inc.",20.02,2026-07-20T23:03:00.302448+00:00,False,+46.0%,True,$484.2M,True,+44.0%,False,72.2K,True,$20.02 / SMA $19.12,False,2.15%,False,+24.6%,True,18.9M,True,NGM,False,
PDO,Pimco Dynamic Income Opportunities Fund,13.1,2026-07-20T23:00:52.942762+00:00,False,+5.9%,True,$1866.6M,,N/A,True,614.0K,True,$13.10 / SMA $12.86,False,0.91%,,N/A,,N/A,True,NYQ,False,
PECO,"Phillips Edison & Company, Inc.",43.77,2026-07-20T22:47:18.757024+00:00,False,+33.3%,True,$6071.5M,False,+14.3%,True,1038.1K,True,$43.77 / SMA $40.93,False,1.40%,False,+7.0%,True,125.2M,True,NMS,False,
PEGRF,Pennon Group Plc,6.3,2026-07-20T22:47:32.781627+00:00,False,+8.6%,True,$2971.9M,,,False,0.1K,False,$6.30 / SMA $6.54,False,0.07%,,,False,470.4M,False,PNK,False,
PFG,"Principal Financial Group, Inc.",112.06,2026-07-20T22:46:48.997743+00:00,False,+49.4%,True,$24206.3M,True,+819.0%,True,1316.9K,True,$112.06 / SMA $106.77,False,2.27%,False,+-4.5%,False,214.7M,True,NMS,False,
PFLT,PennantPark Floating Rate Capital Ltd.,7.06,2026-07-20T23:02:44.908132+00:00,False,+1.8%,True,$700.5M,True,+2800.0%,True,1148.6K,False,$7.06 / SMA $7.71,True,3.21%,True,+921.3%,,N/A,True,NYQ,False,
PFS,"Provident Financial Services, Inc.",23.91,2026-07-20T22:47:35.739031+00:00,False,+35.8%,True,$3115.8M,False,+24.5%,True,1011.0K,True,$23.91 / SMA $22.82,False,1.94%,False,+7.9%,True,126.2M,True,NYQ,False,
PFSTY,PFSTY,14.0,2026-07-20T22:47:42.964694+00:00,False,+12.9%,False,$253.3M,True,+53.8%,,,,,,,True,+26.7%,,,False,PNK,False,
PGNY,"Progyny, Inc.",31.77,2026-07-20T22:47:44.778850+00:00,True,+97.3%,True,$2488.6M,True,+70.6%,True,1520.4K,True,$31.77 / SMA $26.94,False,2.95%,False,+1.4%,True,71.6M,True,NMS,False,
PGPEF,Publicis Groupe S.A.,101.2,2026-07-20T22:46:47.677201+00:00,False,+23.3%,True,$25271.8M,,,False,2.1K,True,$101.20 / SMA $94.98,False,0.41%,,,False,217.1M,False,OQX,False,
PGY,Pagaya Technologies Ltd.,17.09,2026-07-20T23:01:05.414639+00:00,False,+64.3%,True,$1420.1M,True,+190.0%,True,3894.4K,True,$17.09 / SMA $15.52,True,6.80%,False,+5.8%,True,67.2M,True,NCM,False,
PHAR,Pharming Group N.V.,13.11,2026-07-20T23:02:41.529534+00:00,False,+37.5%,True,$925.9M,True,+68.2%,False,9.9K,True,$13.11 / SMA $13.10,True,3.46%,False,+-8.4%,True,73.3M,True,NGM,False,
PHG,Koninklijke Philips N.V.,26.75,2026-07-20T22:46:46.548846+00:00,False,+10.1%,True,$26000.5M,True,+100.0%,True,1165.5K,True,$26.75 / SMA $26.60,False,1.53%,False,+-4.7%,False,951.2M,True,NYQ,False,
PHGPY,Pets at Home Group Plc,9.96,2026-07-20T23:01:04.297629+00:00,False,+4.2%,True,$1094.6M,,N/A,False,0.2K,False,$9.96 / SMA $10.05,False,0.00%,,N/A,False,407.9M,False,PNK,False,
PHGUF,Pharming Group N.V.,1.18,2026-07-20T23:02:42.076807+00:00,False,+3.5%,True,$919.3M,True,+68.2%,False,5.8K,False,$1.18 / SMA $1.24,False,0.00%,False,+-8.4%,False,732.9M,False,PNK,False,
PHIG,"PHI Group, Inc.",32.0,2026-07-20T22:51:10.904201+00:00,False,+28.0%,True,$777.9M,,,False,1.4K,True,$32.00 / SMA $30.07,False,0.21%,,,True,24.2M,False,PNK,False,
PHK,PIMCO High Income Fund,4.67,2026-07-20T22:51:08.642878+00:00,False,+5.9%,True,$870.8M,,,True,805.1K,True,$4.67 / SMA $4.52,False,1.10%,,,,,True,NYQ,False,
PHOE,Phoenix Asia Holdings Limited,36.5,2026-07-20T23:04:38.633310+00:00,True,+448.3%,True,$788.4M,,N/A,False,74.3K,True,$36.50 / SMA $18.19,True,23.26%,,N/A,True,5.5M,True,NCM,False,
PHPPY,Signify N.V.,9.5,2026-07-20T22:59:09.905638+00:00,False,+3.6%,True,$2257.5M,False,+-94.5%,False,0.2K,False,$9.50 / SMA $11.14,False,0.00%,False,+-23.0%,False,231.2M,False,PNK,False,
PI,"Impinj, Inc.",137.72,2026-07-20T22:58:58.102883+00:00,False,+57.6%,True,$4194.8M,False,+-176.7%,False,472.7K,False,$137.72 / SMA $139.68,True,5.08%,False,+-0.0%,True,29.5M,True,NMS,False,
PICS,PicS N.V.,11.7,2026-07-20T23:00:58.069799+00:00,False,+40.6%,True,$1516.2M,True,+72.2%,False,381.5K,True,$11.70 / SMA $10.90,True,6.57%,True,+59.0%,True,34.3M,True,NMS,False,
PINE,"Alpine Income Property Trust, Inc.",21.05,2026-07-20T22:54:41.847761+00:00,False,+60.7%,True,$373.6M,True,+175.0%,False,175.1K,True,$21.05 / SMA $19.71,True,3.21%,True,+29.6%,True,15.2M,True,NYQ,False,
PJT,PJT Partners Inc.,164.38,2026-07-20T22:59:01.714601+00:00,False,+28.7%,True,$6706.4M,False,+11.1%,False,433.4K,True,$164.38 / SMA $157.05,True,4.14%,True,+28.9%,True,24.0M,True,NYQ,False,
PKCOY,"PARK24 Co., Ltd.",13.1,2026-07-20T23:00:51.881055+00:00,False,+23.0%,True,$2236.6M,,N/A,False,0.1K,True,$13.10 / SMA $12.08,False,0.00%,,N/A,True,118.7M,False,PNK,False,
PL,Planet Labs PBC,22.15,2026-07-20T22:46:55.938665+00:00,True,+277.3%,True,$7894.3M,False,+-900.0%,True,12734.4K,False,$22.15 / SMA $34.66,True,8.52%,True,+42.1%,False,294.7M,True,NYQ,False,
PLBL,Polibeli Group Ltd,7.585,2026-07-20T22:59:11.614307+00:00,False,+45.6%,True,$2779.0M,,N/A,False,176.4K,True,$7.58 / SMA $7.43,True,16.62%,,N/A,True,6.4M,True,NGM,False,
PLGO,PLGO,25.58,2026-07-20T23:00:51.496093+00:00,True,+72.8%,True,$2187.0M,True,+402.6%,False,430.6K,True,$25.58 / SMA $23.22,False,2.91%,False,+-6.9%,True,46.4M,True,NYQ,False,
PLMR,"Palomar Holdings, Inc.",140.12,2026-07-20T22:59:08.472486+00:00,False,+39.0%,True,$3713.7M,False,+0.0%,False,302.7K,True,$140.12 / SMA $119.32,True,4.20%,True,+59.7%,True,25.8M,True,NMS,False,
PLNT,"Planet Fitness, Inc.",55.25,2026-07-20T22:59:00.910972+00:00,False,+49.2%,True,$4389.2M,True,+30.0%,True,2469.6K,True,$55.25 / SMA $51.49,True,3.31%,False,+21.9%,True,73.9M,True,NYQ,False,
PLOW,"Douglas Dynamics, Inc.",46.26,2026-07-20T22:51:04.369555+00:00,False,+67.5%,True,$1069.8M,,,False,251.6K,True,$46.26 / SMA $46.14,True,4.01%,False,+19.8%,True,22.7M,True,NYQ,False,
PLUS,ePlus inc.,90.4,2026-07-20T23:00:47.801827+00:00,False,+45.5%,True,$2385.9M,False,+-20.0%,False,236.1K,True,$90.40 / SMA $83.96,True,3.83%,False,+16.8%,True,25.3M,True,NMS,False,
PLXNF,PLXNF,14.8,2026-07-20T22:59:10.401226+00:00,False,+23.3%,True,$2051.9M,,N/A,False,0.2K,True,$14.80 / SMA $13.59,False,0.00%,,N/A,True,65.6M,False,PNK,False,
PLXS,Plexus Corp.,252.59,2026-07-20T22:57:13.818792+00:00,True,+119.0%,True,$6758.4M,True,+29.1%,False,326.1K,False,$252.59 / SMA $273.78,True,4.47%,False,+18.7%,True,26.4M,True,NMS,False,
PM,Philip Morris International Inc.,192.72,2026-07-20T22:46:27.035554+00:00,False,+35.6%,True,$300365.4M,False,+-9.3%,True,4992.8K,True,$192.72 / SMA $181.02,False,2.65%,False,+9.1%,False,1554.6M,True,NYQ,False,
PMCUF,Pro Medicus Limited,145.0,2026-07-20T22:47:06.246363+00:00,True,+94.6%,True,$15862.9M,,,False,0.4K,True,$145.00 / SMA $113.42,False,1.50%,,,True,53.0M,False,PNK,False,
PMETF,PMET Resources Inc.,3.1,2026-07-20T22:51:07.750436+00:00,False,+42.9%,True,$576.4M,,,False,37.3K,False,$3.10 / SMA $4.44,True,5.01%,,,False,167.0M,False,OQX,False,
PMMAF,PUMA SE,31.0,2026-07-20T22:47:22.416639+00:00,True,+78.1%,True,$4605.3M,,,False,0.1K,False,$31.00 / SMA $31.21,False,0.18%,False,+-18.6%,True,97.9M,False,PNK,False,
PMNXF,Perseus Mining Limited,3.24,2026-07-20T22:47:21.031594+00:00,True,+32300.0%,True,$4299.9M,,,False,8.0K,False,$3.24 / SMA $3.54,True,1627.18%,,,False,1345.6M,False,PNK,False,
PMREF,Primaris Real Estate Investment Trust,16.5,2026-07-20T23:00:55.772226+00:00,False,+58.0%,True,$2267.7M,False,+16.1%,False,7.0K,True,$16.50 / SMA $14.64,False,0.07%,False,+17.9%,True,104.9M,False,PNK,False,
PNSPF,Pensana Plc,0.9068,2026-07-20T23:02:58.861022+00:00,False,+1.3%,True,$320.6M,,N/A,False,0.9K,False,$0.91 / SMA $1.21,False,0.00%,,N/A,False,209.1M,False,PNK,False,
PNXGF,Standard Life plc,11.6,2026-07-20T22:57:05.117730+00:00,False,+34.1%,True,$11623.8M,,N/A,False,0.2K,True,$11.60 / SMA $10.38,False,0.00%,,N/A,False,852.2M,False,PNK,False,
PODD,Insulet Corporation,167.37,2026-07-20T22:47:03.668525+00:00,False,+20.6%,True,$11592.8M,True,+160.0%,True,1587.1K,True,$167.37 / SMA $153.34,True,3.79%,True,+33.9%,True,69.0M,True,NMS,False,
POOL,Pool Corporation,201.03,2026-07-20T22:47:14.487562+00:00,False,+16.4%,True,$7326.1M,False,+2.1%,True,999.5K,True,$201.03 / SMA $194.14,True,3.65%,False,+6.2%,True,35.2M,True,NMS,False,
POPMF,POPMF,19.95,2026-07-20T22:46:46.712355+00:00,False,+19.5%,,,,,False,9.3K,False,$19.95 / SMA_short $20.41,False,0.83%,,,False,656.1M,False,PNK,False,
POST,"Post Holdings, Inc.",87.34,2026-07-20T22:58:58.873963+00:00,False,+4.1%,True,$3958.5M,True,+51.5%,True,859.8K,False,$87.34 / SMA $92.40,True,3.16%,False,+4.7%,True,35.4M,True,NYQ,False,
PPAAF,PT Perusahaan Gas Negara (Persero) Tbk,0.0766,2026-07-20T22:47:38.623986+00:00,False,+0.0%,True,$1856.9M,True,+42.3%,False,0.6K,True,$0.08 / SMA $-58.04,False,0.00%,False,+-3.8%,False,10427.5M,False,PNK,False,
PPERY,PT Bank Mandiri (Persero) Tbk,9.92,2026-07-20T22:46:49.952953+00:00,False,+21.0%,True,$23146.7M,False,+16.7%,False,181.4K,True,$9.92 / SMA $9.27,False,1.76%,False,+-0.5%,False,938.5M,False,PNK,False,
PPL,PPL Corporation,35.43,2026-07-20T22:46:45.568497+00:00,False,+6.8%,True,$26655.8M,False,+7.1%,True,9400.6K,False,$35.43 / SMA $35.73,False,1.97%,False,+10.8%,False,750.2M,True,NYQ,False,
PPLFF,PT Perusahaan Perkebunan London Sumatra Indonesia Tbk,0.08588,2026-07-20T22:52:49.236272+00:00,False,+17.6%,True,$585.7M,,,False,1.0K,True,$0.09 / SMA $-65.49,,,False,+-19.0%,False,2753.8M,False,PNK,False,
PPRUF,Kering SA,285.0,2026-07-20T22:56:43.106024+00:00,False,+27.5%,True,$34946.5M,,N/A,False,0.1K,False,$285.00 / SMA $292.06,False,0.74%,,N/A,True,70.0M,False,PNK,False,
PPTA,Perpetua Resources Corp.,17.02,2026-07-20T22:47:32.778599+00:00,False,+15.9%,True,$2129.1M,False,+-225.0%,True,1624.6K,False,$17.02 / SMA $23.79,True,5.32%,,,True,83.9M,True,NCM,False,
PPTDF,PeptiDream Inc.,5.98,2026-07-20T22:51:06.702950+00:00,False,+0.0%,True,$768.4M,,,False,0.1K,False,$5.98 / SMA $6.60,False,0.42%,,,True,90.7M,False,PNK,False,
PRA,ProAssurance Corporation,25.0,2026-07-20T22:50:59.157189+00:00,False,+5.9%,True,$1290.2M,True,+245.5%,True,979.2K,True,$25.00 / SMA_short $25.00,,,False,+-2.3%,True,47.4M,True,NYQ,False,
PRCH,"Porch Group, Inc.",12.9,2026-07-20T23:01:05.515933+00:00,True,+102.8%,True,$1411.3M,False,+-150.0%,True,2069.5K,True,$12.90 / SMA $11.82,True,5.74%,False,+15.6%,True,84.4M,True,NCM,False,
PRDSY,Prada S.p.A.,10.47,2026-07-20T22:47:01.320661+00:00,False,+17.6%,True,$13466.3M,,,False,22.2K,True,$10.47 / SMA $9.71,False,1.95%,,,False,256.2M,False,PNK,False,
PREKF,PrairieSky Royalty Ltd.,24.49,2026-07-20T22:47:17.609554+00:00,False,+48.4%,True,$5692.5M,True,+64.0%,False,61.0K,True,$24.49 / SMA $23.77,False,1.98%,,,False,230.7M,False,PNK,False,
PRG,"PROG Holdings, Inc.",45.01,2026-07-20T23:00:59.847834+00:00,True,+74.5%,True,$1803.4M,False,+7.2%,True,531.8K,True,$45.01 / SMA $39.13,True,4.48%,False,+11.1%,True,38.6M,True,NYQ,False,
PRGO,Perrigo Company plc,10.59,2026-07-20T23:00:56.645077+00:00,False,+14.7%,True,$1465.3M,False,+-5640.0%,True,3255.9K,False,$10.59 / SMA $10.61,True,5.10%,False,+-7.2%,True,137.6M,True,NYQ,False,
PRKS,United Parks & Resorts Inc.,44.58,2026-07-20T22:47:47.469159+00:00,False,+55.0%,True,$2101.3M,False,+-137.9%,True,940.0K,True,$44.58 / SMA $42.65,True,3.86%,False,+-3.0%,True,19.1M,True,NYQ,False,
PRLB,"Proto Labs, Inc.",77.11,2026-07-20T23:00:54.594787+00:00,True,+100.4%,True,$1834.8M,True,+120.0%,False,221.3K,True,$77.11 / SMA $75.61,True,3.30%,False,+10.4%,True,23.5M,True,NYQ,False,
PRLD,Prelude Therapeutics Incorporated,4.06,2026-07-20T23:04:41.725431+00:00,True,+441.3%,True,$323.4M,True,+69.0%,False,466.1K,False,$4.06 / SMA $4.39,True,9.40%,,N/A,True,27.6M,True,NMS,False,
PRLPF,Propel Holdings Inc.,18.31,2026-07-20T23:02:52.618027+00:00,False,+46.4%,True,$720.7M,True,+69.0%,False,8.2K,True,$18.31 / SMA $16.68,False,0.77%,True,+27.8%,True,28.3M,False,PNK,False,
PRMB,Primo Brands Corporation,24.31,2026-07-20T22:57:09.573571+00:00,False,+69.3%,True,$8821.3M,False,+-12.5%,True,3623.2K,True,$24.31 / SMA $23.93,True,3.05%,False,+0.8%,False,242.4M,True,NYQ,False,
PRNDY,Pernod Ricard SA,15.23,2026-07-20T22:46:52.143659+00:00,False,+13.7%,True,$19175.5M,,,True,625.4K,True,$15.23 / SMA $14.66,False,1.92%,,,False,964.8M,False,PNK,False,
PROSF,Prosus N.V.,45.0,2026-07-20T22:56:33.132265+00:00,False,+7.2%,True,$95884.5M,,N/A,False,2.3K,False,$45.00 / SMA $45.38,False,0.00%,,N/A,False,2662.0M,False,PNK,False,
PRRFY,Premier Foods plc,13.4,2026-07-20T22:59:13.940617+00:00,False,+27.6%,True,$2309.3M,,N/A,False,0.1K,True,$13.40 / SMA $13.22,False,0.10%,,N/A,True,125.2M,False,PNK,False,
PRTA,Prothena Corporation plc,8.67,2026-07-20T22:52:52.671105+00:00,False,+38.9%,True,$453.9M,True,+153.6%,True,550.5K,False,$8.67 / SMA $9.28,True,5.23%,True,+1706.4%,True,36.7M,True,NMS,False,
PRTH,"Priority Technology Holdings, Inc.",6.36,2026-07-20T23:02:58.814097+00:00,False,+43.2%,True,$523.8M,False,+20.0%,False,376.6K,False,$6.36 / SMA $6.43,True,5.55%,False,+11.1%,True,33.3M,True,NCM,False,
PRVFF,Pro Real Estate Investment Trust,4.95,2026-07-20T23:04:45.188411+00:00,False,+31.3%,True,$434.7M,True,+34.8%,False,0.0K,True,$4.95 / SMA $4.88,False,0.00%,False,+4.5%,True,51.2M,False,PNK,False,
PRYMF,Prysmian S.p.A.,142.24,2026-07-20T22:56:38.734666+00:00,True,+87.7%,True,$41568.9M,True,+53.8%,False,4.2K,False,$142.24 / SMA $169.06,False,1.76%,False,+9.4%,False,286.8M,False,PNK,False,
PS,Pershing Square Inc.,33.04,2026-07-20T22:56:58.436584+00:00,False,+50.1%,True,$13216.0M,,N/A,True,519.9K,False,$33.04 / SMA $36.05,True,6.69%,,N/A,True,77.9M,True,NYQ,False,
PSFE,Paysafe Limited,8.17,2026-07-20T23:04:37.578246+00:00,False,+37.3%,True,$422.2M,False,+-115.2%,False,305.5K,True,$8.17 / SMA $7.65,True,4.82%,False,+10.4%,True,23.6M,True,NYQ,False,
PSKRF,Protector Forsikring ASA,48.62,2026-07-20T22:59:01.670453+00:00,True,+322.8%,True,$4002.1M,False,+3.4%,False,0.0K,True,$48.62 / SMA $46.25,False,0.00%,False,+3.8%,True,73.5M,False,PNK,False,
PSKY,Paramount Skydance Corporation,8.57,2026-07-20T22:57:02.588408+00:00,False,+0.2%,True,$9591.3M,,N/A,True,9169.4K,False,$8.57 / SMA $10.06,True,3.96%,False,+-8.0%,False,489.5M,True,NMS,False,
PSLV,Sprott Physical Silver Trust,18.09,2026-07-20T22:56:56.778760+00:00,False,+46.8%,True,$11501.3M,False,+-41.6%,True,8735.1K,False,$18.09 / SMA $21.84,False,2.88%,False,+-28.9%,,N/A,True,ASE,False,
PSMMY,Persimmon Plc,27.98,2026-07-20T22:58:57.248600+00:00,False,+4.8%,True,$4491.8M,,N/A,False,59.2K,True,$27.98 / SMA $27.91,False,1.40%,,N/A,False,158.3M,False,PNK,False,
PSN,Parsons Corporation,55.48,2026-07-20T22:57:18.968795+00:00,False,+18.3%,True,$5935.2M,False,+-18.3%,True,1238.4K,True,$55.48 / SMA $54.50,True,4.32%,False,+-4.1%,True,37.4M,True,NYQ,False,
PSNL,"Personalis, Inc.",13.34,2026-07-20T22:51:07.568775+00:00,True,+247.4%,True,$1397.0M,False,+-61.1%,True,3590.6K,True,$13.34 / SMA $10.80,True,9.49%,False,+-24.9%,True,64.5M,True,NGM,False,
PSPSF,PSP Swiss Property AG,199.0,2026-07-20T22:47:08.528307+00:00,False,+19.7%,True,$9188.7M,False,+6.8%,False,0.0K,True,$199.00 / SMA $187.26,False,0.00%,False,+1.0%,True,45.6M,False,PNK,False,
PSX,Phillips 66,208.8,2026-07-20T22:46:34.012826+00:00,True,+76.8%,True,$83715.2M,False,+-56.8%,True,2591.6K,True,$208.80 / SMA $179.41,False,2.77%,False,+6.9%,False,400.0M,True,NYQ,False,
PSZKY,Powszechna Kasa Oszczednosci Bank Polski Spólka Akcyjna,29.04,2026-07-20T22:46:41.737831+00:00,False,+64.6%,True,$36300.0M,False,+2.0%,False,46.6K,True,$29.04 / SMA $28.14,True,5.53%,False,+1.8%,False,880.9M,False,PNK,False,
PTALF,PetroTal Corp.,0.34,2026-07-20T23:04:35.637832+00:00,False,+41.7%,True,$312.9M,False,+-33.3%,False,240.8K,False,$0.34 / SMA $0.38,True,6.56%,False,+-40.2%,False,588.8M,False,OQX,False,
PTITF,PT Indosat Tbk,0.126,2026-07-20T22:58:59.424153+00:00,False,+23.8%,True,$4892.9M,,N/A,False,0.1K,False,$0.13 / SMA $0.14,False,0.00%,False,+8.1%,False,8377.5M,False,PNK,False,
PTOR,Praetorian Acquisition Corp.,9.985,2026-07-20T22:53:06.244015+00:00,False,+2.2%,True,$422.9M,,,False,26.2K,True,$9.98 / SMA $9.93,False,0.12%,,,True,25.5M,True,NGM,False,
PUMP,ProPetro Holding Corp.,12.9,2026-07-20T23:00:50.121493+00:00,True,+186.0%,True,$1581.8M,False,+-133.3%,True,5179.4K,False,$12.90 / SMA $14.99,True,5.21%,False,+-24.7%,True,106.0M,True,NYQ,False,
PUODY,"Promotora y Operadora de Infraestructura, S. A. B. de C. V.",321.0,2026-07-20T22:57:15.323865+00:00,False,+34.8%,True,$6015.9M,False,+-26.5%,False,0.1K,True,$321.00 / SMA $320.21,False,0.47%,False,+8.7%,True,10.7M,False,PNK,False,
PURR,Hyperliquid Strategies Inc.,7.05,2026-07-20T22:51:04.548430+00:00,True,+134.2%,True,$1385.7M,,,True,13922.7K,False,$7.05 / SMA $8.17,True,8.91%,,,,,True,NCM,False,
PUTKF,PT United Tractors Tbk,1.6,2026-07-20T22:57:18.728377+00:00,False,+14.3%,True,$5643.1M,,N/A,False,0.0K,False,$1.60 / SMA $1.60,False,0.00%,False,+-18.1%,False,1352.4M,False,PNK,False,
PUTKY,PT United Tractors Tbk,29.15,2026-07-20T22:58:55.664050+00:00,False,+25.8%,True,$5140.5M,,N/A,False,37.7K,True,$29.15 / SMA $27.20,False,2.04%,False,+-18.1%,True,67.6M,False,PNK,False,
PUTRY,PTT Public Company Limited,5.17,2026-07-20T22:46:43.246485+00:00,False,+10.9%,True,$29287.4M,False,+12.3%,False,0.1K,False,$5.17 / SMA $5.59,False,0.00%,False,+2.6%,False,2601.7M,False,PNK,False,
PVLA,"Palvella Therapeutics, Inc.",124.15,2026-07-20T22:47:48.780548+00:00,True,+319.5%,True,$1780.7M,False,+-62.2%,False,261.8K,False,$124.15 / SMA $124.96,True,8.05%,,,True,9.6M,True,NGM,False,
PWCDF,Power Corporation of Canada,65.29,2026-07-20T22:46:40.883828+00:00,True,+70.9%,True,$41144.7M,False,+21.0%,False,176.4K,True,$65.29 / SMA $60.85,True,3.87%,False,+-29.6%,False,580.6M,False,PNK,False,
PWR,"Quanta Services, Inc.",632.56,2026-07-20T22:46:30.937992+00:00,True,+74.3%,True,$94922.0M,True,+51.0%,True,1269.8K,False,$632.56 / SMA $703.94,True,3.67%,True,+26.3%,True,148.7M,True,NYQ,False,
PXED,"Phoenix Education Partners, Inc.",29.91,2026-07-20T22:51:03.103857+00:00,False,+27.2%,True,$1078.2M,False,+-33.2%,False,110.5K,False,$29.91 / SMA $31.15,True,4.82%,False,+0.0%,True,5.5M,True,NYQ,False,
PYPL,"PayPal Holdings, Inc.",56.82,2026-07-20T22:56:41.307751+00:00,False,+47.7%,True,$50121.2M,False,+-6.2%,True,16931.2K,True,$56.82 / SMA $44.87,True,3.14%,False,+7.2%,False,880.0M,True,NMS,False,
PZAKY,Powszechny Zaklad Ubezpieczen SA,19.0,2026-07-20T22:46:56.092045+00:00,False,+46.2%,True,$17558.4M,False,+-22.5%,False,0.3K,True,$19.00 / SMA $18.69,False,0.25%,False,+-4.3%,False,568.0M,False,PNK,False,
QBIEY,QBE Insurance Group Limited,17.78,2026-07-20T22:56:47.994118+00:00,False,+42.7%,True,$26563.8M,,N/A,False,90.7K,True,$17.78 / SMA $16.87,False,1.64%,,N/A,False,1498.8M,False,PNK,False,
QDEL,QuidelOrtho Corporation,16.58,2026-07-20T22:51:09.490618+00:00,False,+67.1%,True,$1130.6M,False,+-610.5%,True,1939.5K,True,$16.58 / SMA $14.19,True,7.41%,False,+-10.5%,True,62.1M,True,NMS,False,
QFIN,"Qfin Holdings, Inc.",13.07,2026-07-20T22:47:50.565517+00:00,False,+15.6%,True,$1591.3M,False,+-43.3%,True,1521.7K,False,$13.07 / SMA $14.32,True,5.31%,False,+-26.6%,True,90.9M,True,NMS,False,
QKIE,QKIE,2.4,2026-07-20T23:01:02.028956+00:00,True,+943.5%,True,$1257.3M,,N/A,False,0.5K,True,$2.40 / SMA $2.17,True,13.62%,,N/A,,N/A,False,OID,False,
QNTQY,QinetiQ Group plc,24.6,2026-07-20T22:47:31.833367+00:00,False,+15.4%,True,$3154.4M,,,False,4.8K,True,$24.60 / SMA $24.40,False,1.88%,,,True,103.9M,False,PNK,False,
QRVO,"Qorvo, Inc.",85.72,2026-07-20T22:57:07.475048+00:00,False,+14.4%,True,$7562.0M,False,+-3.0%,True,1247.1K,False,$85.72 / SMA $94.52,True,3.71%,False,+-7.0%,True,81.8M,True,NMS,False,
QS,QuantumScape Corporation,5.89,2026-07-20T22:58:57.190536+00:00,False,+4.3%,True,$3623.2M,False,+23.8%,True,26490.4K,False,$5.89 / SMA $7.56,True,7.00%,,N/A,False,504.7M,True,NMS,False,
QUAD,"Quad/Graphics, Inc.",8.61,2026-07-20T23:04:38.494552+00:00,True,+71.9%,True,$443.9M,False,+18.2%,False,200.4K,True,$8.61 / SMA $7.77,True,3.34%,False,+-7.7%,True,29.9M,True,NYQ,False,
QUEXF,Q2 Metals Corp.,1.77,2026-07-20T23:04:33.685731+00:00,True,+271.8%,True,$422.4M,,N/A,False,46.3K,False,$1.77 / SMA $2.11,True,4.28%,,N/A,False,232.3M,False,OQB,False,
QXO,"QXO, Inc.",13.54,2026-07-20T22:47:01.143216+00:00,False,+0.4%,True,$14051.9M,False,+-1066.7%,True,21923.7K,False,$13.54 / SMA $16.46,True,6.62%,True,+12716.3%,False,723.4M,True,NYQ,False,
RADLY,Raia Drogasil S.A.,3.69,2026-07-20T22:47:15.632591+00:00,False,+55.0%,True,$6452.1M,False,+-3.4%,False,104.3K,True,$3.69 / SMA $3.66,True,7.43%,False,+14.0%,False,1309.5M,False,PNK,False,
RAIFF,Raiffeisen Bank International AG,62.6,2026-07-20T22:46:53.263989+00:00,True,+125.3%,True,$20553.9M,,,False,0.1K,True,$62.60 / SMA $56.73,False,0.00%,False,+2.8%,True,127.1M,False,PNK,False,
RAIFY,Raiffeisen Bank International AG,15.15,2026-07-20T22:46:53.298897+00:00,True,+127.8%,True,$19897.3M,,,False,7.9K,True,$15.15 / SMA $14.82,False,2.39%,False,+2.8%,False,508.5M,False,PNK,False,
RAMP,"LiveRamp Holdings, Inc.",37.78,2026-07-20T23:00:47.348082+00:00,True,+74.0%,True,$2296.5M,True,+1220.0%,True,1621.6K,True,$37.78 / SMA $36.50,False,0.60%,False,+9.2%,True,57.1M,True,NYQ,False,
RAPP,"Rapport Therapeutics, Inc.",40.21,2026-07-20T23:00:53.032517+00:00,True,+195.2%,True,$1923.1M,True,+38.2%,False,370.5K,True,$40.21 / SMA $38.50,True,6.98%,,N/A,True,31.8M,True,NGM,False,
RARE,Ultragenyx Pharmaceutical Inc.,28.53,2026-07-20T23:00:46.261986+00:00,False,+56.0%,True,$2809.9M,False,+-17.2%,True,2165.4K,True,$28.53 / SMA $27.21,True,5.28%,False,+-2.2%,True,94.5M,True,NMS,False,
RBA,"RB Global, Inc.",110.59,2026-07-20T22:46:51.515922+00:00,False,+18.2%,True,$20602.9M,False,+20.0%,True,1122.6K,True,$110.59 / SMA $107.74,False,2.66%,False,+11.4%,False,185.8M,True,NYQ,False,
RBGLY,Reckitt Benckiser Group plc,13.72,2026-07-20T22:46:39.901974+00:00,False,+14.1%,True,$43564.8M,,,True,897.9K,True,$13.72 / SMA $12.86,False,1.36%,,,False,3202.9M,False,OQX,False,
RBGPF,Reckitt Benckiser Group plc,67.35,2026-07-20T22:46:40.012428+00:00,False,+14.8%,True,$42771.0M,,,False,1.7K,True,$67.35 / SMA $63.33,False,0.17%,,,False,640.6M,False,OQX,False,
RBRK,RBRK,78.18,2026-07-20T22:56:59.045429+00:00,True,+85.0%,True,$16091.7M,True,+60.4%,True,3727.8K,True,$78.18 / SMA $73.59,True,6.33%,True,+39.0%,False,157.4M,True,NYQ,False,
RBSFY,Rubis,7.4,2026-07-20T22:47:24.860402+00:00,False,+23.3%,True,$3823.4M,,,False,0.3K,False,$7.40 / SMA $7.81,False,1.14%,,,False,377.2M,False,PNK,False,
RBTEF,Robertet SA,925.0,2026-07-20T22:47:45.792930+00:00,False,+0.5%,True,$1940.6M,,,False,0.0K,False,$925.00 / SMA $947.93,False,0.00%,,,True,1.3M,False,PNK,False,
RCDTF,Recordati Industria Chimica e Farmaceutica S.p.A.,58.0,2026-07-20T22:57:01.791114+00:00,False,+3.8%,True,$11800.8M,False,+22.4%,False,0.0K,False,$58.00 / SMA $58.07,False,0.00%,False,+4.9%,True,107.5M,False,PNK,False,
RDN,Radian Group Inc.,38.87,2026-07-20T22:47:22.599698+00:00,False,+23.4%,True,$5168.7M,False,+-9.2%,True,1358.8K,True,$38.87 / SMA $36.28,False,2.72%,True,+58.2%,True,130.5M,True,NYQ,False,
RDNW,"RideNow Group, Inc.",5.83,2026-07-20T23:04:46.964622+00:00,True,+203.6%,False,$225.0M,True,+57.7%,False,111.2K,False,$5.83 / SMA $7.17,True,7.10%,False,+6.4%,True,13.6M,True,NCM,False,
RDVT,"Red Violet, Inc.",66.49,2026-07-20T23:02:47.753574+00:00,True,+99.1%,True,$938.1M,False,+25.0%,False,169.6K,True,$66.49 / SMA $56.82,True,4.52%,False,+17.4%,True,12.9M,True,NCM,False,
REA,"Rare Earths Americas, Inc.",11.24,2026-07-20T23:04:33.705685+00:00,False,+6.1%,False,$223.8M,,N/A,False,329.5K,False,$11.24 / SMA $17.88,True,10.15%,,N/A,True,8.4M,True,ASE,False,
REDLF,REDLF,3.25,2026-07-20T22:59:07.274732+00:00,True,+249.5%,True,$3362.3M,,N/A,False,2.3K,True,$3.25 / SMA $3.21,False,1.57%,,N/A,False,986.6M,False,PNK,False,
REEMF,Rare Element Resources Ltd.,0.39,2026-07-20T22:52:57.834575+00:00,False,+5.4%,False,$251.7M,,,False,199.0K,False,$0.39 / SMA $0.55,True,11.77%,,,False,179.7M,False,OQB,False,
REG,Regency Centers Corporation,82.14,2026-07-20T22:56:58.174978+00:00,False,+22.9%,True,$15354.8M,False,+17.2%,True,1499.9K,True,$82.14 / SMA $78.51,False,1.57%,False,+8.3%,False,164.2M,True,NMS,False,
REGCO,Regency Centers Corporation,21.92,2026-07-20T22:46:57.008794+00:00,False,+2.7%,,,,,False,3.5K,True,$21.92 / SMA $21.91,False,0.93%,False,+8.3%,False,164.2M,True,NMS,False,
REPL,"Replimune Group, Inc.",10.51,2026-07-20T22:52:59.451924+00:00,True,+600.7%,True,$882.3M,,,True,6039.5K,True,$10.51 / SMA $8.51,True,8.26%,,,True,59.7M,True,NMS,True,
REPYY,"Repsol, S.A.",28.46,2026-07-20T22:56:45.784651+00:00,True,+91.4%,True,$31036.9M,True,+720.0%,False,117.6K,True,$28.46 / SMA $25.66,False,1.56%,False,+-42.6%,False,1131.3M,False,OQX,False,
RERE,ATRenew Inc.,3.8,2026-07-20T22:51:04.331083+00:00,False,+23.8%,True,$841.7M,True,+223.1%,True,1068.4K,False,$3.80 / SMA $4.23,True,4.74%,True,+32.4%,True,131.5M,True,NYQ,False,
REXR,"Rexford Industrial Realty, Inc.",36.91,2026-07-20T22:47:09.982243+00:00,False,+14.8%,True,$8539.7M,True,+26.7%,True,2440.3K,True,$36.91 / SMA $34.55,False,2.52%,False,+-2.9%,False,222.3M,True,NYQ,False,
RFI,"Cohen & Steers Total Return Realty Fund, Inc.",11.46,2026-07-20T22:54:45.104990+00:00,False,+6.3%,True,$306.5M,,,False,108.6K,True,$11.46 / SMA $11.22,False,1.40%,,,,,True,NYQ,False,
RFMZ,"RiverNorth Flexible Municipal Income Fund II, Inc.",13.45,2026-07-20T22:54:42.215796+00:00,False,+9.3%,True,$327.5M,,,False,53.2K,True,$13.45 / SMA $13.25,False,0.76%,,,,,True,NYQ,False,
RFNDF,Rural Funds Group,1.38,2026-07-20T22:52:50.180476+00:00,False,+32.7%,True,$595.5M,,,False,0.1K,False,$1.38 / SMA $1.38,False,0.00%,,,False,377.4M,False,PNK,False,
RGAKF,RGAKF,16.0,2026-07-20T22:59:04.241207+00:00,True,+187.3%,,N/A,,N/A,False,8.1K,False,$16.00 / SMA $16.52,True,3.62%,,N/A,True,58.8M,False,PNK,False,
RGC,Regencell Bioscience Holdings Limited,5.1,2026-07-20T22:57:00.527238+00:00,False,+13.1%,True,$2521.9M,,N/A,False,267.2K,False,$5.10 / SMA $16.69,True,21.84%,,N/A,True,56.3M,True,NCM,False,
RGEDF,Gedeon Richter PLC,31.0,2026-07-20T22:57:13.551731+00:00,False,+14.1%,True,$5654.0M,,N/A,False,0.7K,True,$31.00 / SMA $-203.98,False,1.90%,,N/A,False,182.9M,False,PNK,False,
RGEN,Repligen Corporation,145.49,2026-07-20T22:47:15.089636+00:00,False,+44.1%,True,$8206.8M,True,+50.0%,True,1146.2K,True,$145.49 / SMA $128.81,True,4.27%,False,+14.8%,True,53.4M,True,NMS,False,
RH,RH,183.95,2026-07-20T22:59:12.384893+00:00,True,+73.0%,True,$3481.5M,False,+-282.5%,True,912.5K,True,$183.95 / SMA $151.51,True,5.83%,False,+-1.7%,True,13.8M,True,NYQ,False,
RHHBY,Roche Holding AG,50.93,2026-07-20T22:46:26.540276+00:00,False,+35.8%,True,$328034.5M,,,True,2103.2K,False,$50.93 / SMA $51.28,False,1.53%,,,False,5223.5M,False,OQX,False,
RHHVF,Roche Holding AG,409.0,2026-07-20T22:56:27.693396+00:00,False,+36.3%,True,$329007.3M,,N/A,False,4.1K,True,$409.00 / SMA $408.73,True,5.74%,,N/A,False,652.9M,False,OQX,False,
RHI,Robert Half Inc.,41.83,2026-07-20T22:59:10.778386+00:00,True,+91.6%,True,$4278.9M,False,+-18.6%,True,2402.3K,True,$41.83 / SMA $30.77,True,5.05%,False,+-3.8%,True,90.3M,True,NYQ,False,
RICFY,Recordati Industria Chimica e Farmaceutica S.p.A.,14.66,2026-07-20T22:57:01.348988+00:00,False,+57.8%,True,$11931.1M,False,+22.4%,False,1.6K,True,$14.66 / SMA $13.64,True,4.69%,False,+4.9%,False,430.0M,False,PNK,False,
RICOY,"Ricoh Company, Ltd.",8.57,2026-07-20T22:47:20.459021+00:00,False,+7.1%,True,$4840.4M,,,False,0.2K,False,$8.57 / SMA $9.15,False,0.13%,,,False,427.4M,False,PNK,False,
RIG,Transocean Ltd.,5.02,2026-07-20T22:47:11.573254+00:00,True,+90.9%,True,$5555.9M,True,+154.5%,True,35405.1K,False,$5.02 / SMA $5.86,True,4.05%,False,+19.3%,False,916.7M,True,NYQ,False,
RILY,"BRC Group Holdings, Inc.",6.86,2026-07-20T22:52:59.998946+00:00,True,+88.5%,False,$275.7M,True,+1784.6%,True,976.1K,False,$6.86 / SMA $8.57,True,7.54%,True,+78.0%,True,26.0M,True,NGM,False,
RIOFF,Rio2 Limited,1.89,2026-07-20T23:02:41.081234+00:00,True,+87.1%,True,$1032.7M,,N/A,False,453.4K,False,$1.89 / SMA $2.03,True,7.12%,,N/A,False,510.5M,False,OQX,False,
RIOT,"Riot Platforms, Inc.",19.9,2026-07-20T22:47:06.790552+00:00,True,+87.9%,True,$7525.2M,False,+-60.0%,True,17083.4K,False,$19.90 / SMA $24.76,True,8.45%,False,+3.6%,False,348.8M,True,NCM,False,
RKT,"Rocket Companies, Inc.",13.99,2026-07-20T22:46:40.266019+00:00,False,+15.0%,True,$39583.7M,True,+225.0%,True,28197.6K,False,$13.99 / SMA $14.12,True,5.44%,True,+161.3%,False,967.8M,True,NYQ,False,
RKUNY,"Rakuten Group, Inc.",4.98,2026-07-20T22:57:04.312271+00:00,False,+17.4%,True,$10825.0M,,N/A,False,106.4K,True,$4.98 / SMA $4.77,False,2.12%,,N/A,False,1097.7M,False,PNK,False,
RKUSF,RKUSF,6.12,2026-07-20T22:47:44.230484+00:00,False,+28.0%,True,$2167.1M,,,False,0.0K,True,$6.12 / SMA $5.92,False,0.00%,,,False,248.2M,False,PNK,False,
RLGT,"Radiant Logistics, Inc.",8.85,2026-07-20T23:04:36.564673+00:00,False,+53.1%,True,$414.5M,True,+100.0%,False,157.1K,False,$8.85 / SMA $8.88,False,2.66%,False,+0.1%,True,33.9M,True,ASE,False,
RLJ,RLJ Lodging Trust,12.0,2026-07-20T23:00:58.156596+00:00,True,+83.5%,True,$1832.4M,False,+-150.0%,True,2365.6K,True,$12.00 / SMA $10.52,False,2.72%,False,+3.6%,True,121.4M,True,NYQ,False,
RLMD,"Relmada Therapeutics, Inc.",5.0,2026-07-20T22:51:11.407839+00:00,True,+809.1%,True,$524.9M,True,+62.1%,True,1618.6K,False,$5.00 / SMA $6.62,True,6.94%,,,True,7.7M,True,NCM,False,
RLXXF,RELX PLC,34.05,2026-07-20T22:46:35.554799+00:00,False,+26.4%,True,$59568.4M,,,False,16.3K,True,$34.05 / SMA $32.76,True,4.96%,,,False,1803.9M,False,PNK,False,
RMBS,Rambus Inc.,100.85,2026-07-20T22:46:55.674725+00:00,False,+60.6%,True,$10905.6M,False,+-1.8%,True,3128.4K,False,$100.85 / SMA $130.92,True,8.02%,False,+8.1%,True,107.3M,True,NMS,False,
RMGGF,Resolute Mining Limited,0.635,2026-07-20T22:47:45.278126+00:00,False,+62.8%,True,$1357.3M,,,False,6.6K,False,$0.64 / SMA $0.78,False,0.87%,,,False,1770.2M,False,PNK,False,
RMLRF,Ramelius Resources Limited,2.2,2026-07-20T22:47:23.926339+00:00,False,+41.9%,True,$4156.8M,,,False,12.0K,False,$2.20 / SMA $2.25,False,2.90%,,,False,1886.3M,False,PNK,False,
RMR,The RMR Group Inc.,19.89,2026-07-20T22:51:14.152862+00:00,False,+39.4%,True,$340.0M,False,+-76.2%,False,170.0K,False,$19.89 / SMA $20.24,False,2.26%,False,+-12.6%,True,14.3M,True,NCM,False,
RMT,"Royce Micro-Cap Trust, Inc.",13.92,2026-07-20T22:51:12.185049+00:00,False,+52.5%,True,$744.4M,,,False,136.6K,True,$13.92 / SMA $13.81,False,1.80%,,,,,True,NYQ,False,
RNGT,Range Capital Acquisition Corp II,10.12,2026-07-20T22:54:42.625846+00:00,False,+2.2%,True,$317.0M,,,False,13.7K,True,$10.12 / SMA $10.09,False,0.05%,,,True,21.5M,True,NGM,False,
RNLSY,Renault SA,5.87,2026-07-20T22:47:06.725866+00:00,False,+4.8%,True,$8599.6M,,,False,169.5K,False,$5.87 / SMA $6.24,False,1.86%,,,False,856.2M,False,PNK,False,
RNMBF,Rheinmetall AG,1100.0,2026-07-20T22:56:35.898754+00:00,False,+8.1%,True,$51196.2M,True,+26.7%,False,0.8K,False,$1100.00 / SMA $1317.47,True,5.61%,False,+7.7%,True,46.5M,False,PNK,False,
RNMBY,Rheinmetall AG,224.5,2026-07-20T22:56:35.766378+00:00,False,+6.3%,True,$52243.4M,True,+26.7%,False,95.4K,False,$224.50 / SMA $260.80,False,2.77%,False,+7.7%,False,232.7M,False,PNK,False,
RNP,"Cohen & Steers REIT and Preferred Income Fund, Inc.",20.57,2026-07-20T23:02:39.034151+00:00,False,+6.7%,True,$987.4M,,N/A,False,108.5K,True,$20.57 / SMA $20.45,False,1.35%,,N/A,,N/A,True,NYQ,False,
RNSHF,Renishaw plc,65.8,2026-07-20T22:47:20.924928+00:00,True,+119.9%,True,$6274.3M,,,False,0.1K,False,$65.80 / SMA $69.01,False,0.00%,,,True,33.9M,False,PNK,False,
RNST,Renasant Corporation,43.22,2026-07-20T22:59:03.328582+00:00,False,+30.8%,True,$3988.0M,True,+44.6%,True,727.6K,True,$43.22 / SMA $41.45,False,2.14%,True,+60.5%,True,90.3M,True,NYQ,False,
RNW,ReNew Energy Global Plc,6.18,2026-07-20T22:47:42.374591+00:00,False,+40.9%,True,$2250.7M,False,+-80.4%,True,1307.6K,True,$6.18 / SMA $6.06,True,3.10%,,,True,66.7M,True,NMS,False,
ROCK,"Gibraltar Industries, Inc.",43.59,2026-07-20T23:01:04.069743+00:00,False,+29.9%,True,$1293.0M,False,+-427.5%,False,369.0K,True,$43.59 / SMA $40.13,True,4.61%,True,+44.6%,True,29.3M,True,NMS,False,
ROG,Rogers Corporation,130.82,2026-07-20T22:59:13.788110+00:00,True,+113.9%,True,$2334.9M,True,+412.5%,False,311.5K,False,$130.82 / SMA $144.95,True,4.05%,False,+5.2%,True,16.4M,True,NYQ,False,
ROK,"Rockwell Automation, Inc.",458.71,2026-07-20T22:46:37.485373+00:00,False,+50.2%,True,$51042.5M,True,+39.6%,True,799.7K,False,$458.71 / SMA $460.24,False,2.72%,False,+11.9%,True,110.9M,True,NYQ,False,
ROKU,"Roku, Inc.",144.13,2026-07-20T22:46:52.543198+00:00,True,+83.5%,True,$21380.6M,True,+400.0%,True,4425.9K,True,$144.13 / SMA $132.61,False,1.48%,False,+22.4%,True,130.1M,True,NMS,False,
ROOT,"Root, Inc.",60.07,2026-07-20T22:51:07.145971+00:00,False,+46.8%,True,$950.7M,True,+95.3%,False,277.6K,True,$60.07 / SMA $56.73,True,5.70%,False,+12.6%,True,12.6M,True,NMS,False,
RPBPF,RPBPF,8.85,2026-07-20T23:00:51.436153+00:00,True,+149.3%,,N/A,,N/A,False,25.4K,False,$8.85 / SMA $10.70,True,5.79%,,N/A,True,81.5M,False,PNK,False,
RPGSF,RPGSF,19.91,2026-07-20T22:51:00.589722+00:00,False,+32.7%,,,,,False,13.2K,False,$19.91 / SMA_short $20.39,,,,,True,53.2M,False,PNK,False,
RPHCF,"Rohto Pharmaceutical Co.,Ltd.",15.0,2026-07-20T22:47:30.657430+00:00,False,+4.6%,True,$3389.5M,,,False,0.0K,False,$15.00 / SMA $15.02,False,0.00%,,,False,200.8M,False,PNK,False,
RR,Richtech Robotics Inc.,1.6,2026-07-20T22:51:15.785615+00:00,False,+4.6%,True,$357.8M,False,+0.0%,True,11369.5K,False,$1.60 / SMA $2.30,True,7.23%,False,+-8.8%,True,143.5M,True,NCM,False,
RREV,RRE Ventures Acquisition Corp.,9.89,2026-07-20T22:53:07.074354+00:00,False,+0.3%,,,,,False,20.2K,True,$9.89 / SMA_short $9.88,False,0.10%,,,,,True,NGM,False,
RSGUF,Rogers Sugar Inc.,4.84,2026-07-20T23:02:51.544304+00:00,False,+18.6%,True,$620.8M,False,+-28.6%,False,16.3K,False,$4.84 / SMA $4.84,False,0.09%,False,+-17.0%,True,126.7M,False,PNK,False,
RSTRF,Restaurant Brands International Limited Partnership,73.61,2026-07-20T22:56:42.650088+00:00,False,+12.5%,True,$24703.8M,True,+98.0%,False,0.0K,False,$73.61 / SMA $76.64,False,0.15%,False,+7.3%,True,10.1M,False,PNK,False,
RTMVF,Rightmove plc,5.91,2026-07-20T22:58:58.776073+00:00,False,+11.7%,True,$4376.8M,,N/A,False,0.2K,False,$5.91 / SMA $5.93,False,0.00%,,N/A,False,748.8M,False,PNK,False,
RTPPF,Rio Tinto Group,103.25,2026-07-20T22:56:29.223778+00:00,True,+76.2%,True,$167910.6M,,N/A,False,0.6K,True,$103.25 / SMA $99.77,False,0.00%,,N/A,False,1431.3M,False,PNK,False,
RUPRF,Rupert Resources Ltd.,7.31,2026-07-20T23:00:54.517214+00:00,True,+115.6%,True,$1721.0M,False,+0.0%,False,137.8K,True,$7.31 / SMA_short $7.31,,N/A,,N/A,False,200.5M,False,PNK,False,
RUSHA,"Rush Enterprises, Inc.",74.92,2026-07-20T22:47:20.047635+00:00,False,+64.0%,True,$5822.2M,False,+5.5%,True,503.3K,True,$74.92 / SMA $71.13,True,3.31%,False,+-9.0%,True,68.4M,True,NMS,False,
RVRF,River Financial Corporation,48.0,2026-07-20T22:53:00.757568+00:00,False,+47.7%,True,$375.0M,True,+65.7%,False,0.0K,False,$48.00 / SMA $48.84,False,0.00%,True,+32.0%,True,7.0M,False,PNK,False,
RVT,"Royce Small-Cap Trust, Inc.",17.95,2026-07-20T23:00:48.857653+00:00,False,+21.4%,True,$2196.4M,,N/A,False,307.8K,False,$17.95 / SMA $18.00,False,1.51%,,N/A,,N/A,True,NYQ,False,
RVTY,"Revvity, Inc.",106.44,2026-07-20T22:57:04.275941+00:00,False,+31.1%,True,$11874.4M,False,+2.9%,True,1483.7K,True,$106.44 / SMA $103.38,True,3.12%,False,+7.0%,True,102.1M,True,NYQ,False,
RWTN,RWTN,24.88,2026-07-20T23:02:49.725329+00:00,False,+6.1%,,N/A,,N/A,False,6.5K,True,$24.88 / SMA $24.83,False,0.61%,,N/A,,N/A,True,NYQ,False,
RXLSF,Rexel S.A.,44.99,2026-07-20T22:57:00.116525+00:00,False,+52.5%,True,$13236.6M,,N/A,False,0.3K,True,$44.99 / SMA $42.89,False,0.13%,,N/A,False,233.2M,False,PNK,False,
RXRX,"Recursion Pharmaceuticals, Inc.",2.89,2026-07-20T22:47:49.230007+00:00,False,+4.3%,True,$1533.9M,True,+56.0%,True,19864.4K,False,$2.89 / SMA $3.31,True,6.81%,False,+-57.5%,False,513.0M,True,NMS,False,
RYAOF,Ryanair Holdings plc,30.26,2026-07-20T22:56:46.840034+00:00,False,+19.6%,True,$31430.3M,,N/A,False,0.2K,True,$30.26 / SMA $26.35,False,0.00%,False,+9.4%,,N/A,False,PNK,False,
RYDAF,Shell plc,43.05,2026-07-20T22:56:28.249537+00:00,False,+28.3%,True,$238458.6M,True,+26.6%,False,9.7K,True,$43.05 / SMA $41.66,True,3.11%,False,+0.7%,False,5494.5M,False,PNK,False,
RYTM,"Rhythm Pharmaceuticals, Inc.",104.6,2026-07-20T22:47:16.709795+00:00,False,+40.4%,True,$7174.9M,False,+-2.5%,True,808.3K,True,$104.60 / SMA $97.57,True,4.29%,True,+83.8%,True,55.7M,True,NGM,False,
SA,Seabridge Gold Inc.,24.79,2026-07-20T22:47:32.503998+00:00,False,+64.1%,True,$2668.0M,False,+-154.5%,True,852.2K,False,$24.79 / SMA $28.80,True,5.65%,,,True,107.4M,True,NYQ,False,
SAAQ,Space Asset Acquisition Corp.,10.185,2026-07-20T23:04:43.723868+00:00,False,+3.1%,True,$397.0M,,N/A,False,45.4K,False,$10.19 / SMA $10.31,False,0.90%,,N/A,True,19.6M,True,NGM,False,
SAAQU,Space Asset Acquisition Corp.,10.44,2026-07-20T22:53:06.902461+00:00,False,+3.5%,,,,,False,2.8K,False,$10.44 / SMA $10.60,False,0.09%,,,True,19.6M,True,NGM,False,
SAFLY,Safilo Group S.p.A.,3.76,2026-07-20T23:02:46.766335+00:00,False,+64.2%,True,$736.4M,,N/A,False,0.0K,False,$3.76 / SMA $3.81,False,0.00%,,N/A,True,104.6M,False,PNK,False,
SALRY,SalMar ASA,12.73,2026-07-20T22:57:09.522536+00:00,False,+29.0%,True,$6901.6M,False,+-44.7%,False,18.6K,False,$12.73 / SMA $13.68,False,1.46%,False,+-17.8%,False,281.4M,False,PNK,False,
SAM,"The Boston Beer Company, Inc.",180.59,2026-07-20T23:00:51.020449+00:00,False,+13.8%,True,$1880.6M,False,+-742.6%,False,311.8K,True,$180.59 / SMA $178.53,True,4.03%,False,+-4.4%,True,6.8M,True,NYQ,False,
SANA,"Sana Biotechnology, Inc.",3.14,2026-07-20T22:51:08.278600+00:00,False,+20.3%,True,$873.8M,False,+19.0%,True,3752.1K,False,$3.14 / SMA $3.27,True,7.35%,,,False,177.7M,True,NMS,False,
SAP,SAP SE,158.35,2026-07-20T22:56:28.815824+00:00,False,+6.9%,True,$186683.9M,False,+9.3%,True,3212.0K,False,$158.35 / SMA $167.02,False,2.52%,False,+6.0%,False,1038.8M,True,NYQ,False,
SAPGF,SAP SE,158.5,2026-07-20T22:46:27.798083+00:00,False,+7.4%,True,$187866.0M,False,+9.3%,False,89.0K,False,$158.50 / SMA $167.19,False,2.61%,False,+6.0%,False,1038.8M,False,PNK,False,
SAR,Saratoga Investment Corp.,19.41,2026-07-20T23:04:39.286564+00:00,False,+11.9%,True,$316.6M,False,+-146.2%,False,132.2K,False,$19.41 / SMA $21.32,True,3.05%,False,+-128.3%,,N/A,True,NYQ,False,
SARTF,Sartorius Aktiengesellschaft,212.8,2026-07-20T22:46:55.431041+00:00,False,+17.2%,True,$14694.3M,,,False,0.0K,True,$212.80 / SMA $211.73,False,0.00%,False,+-0.8%,True,27.5M,False,PNK,False,
SATS,EchoStar Corporation,103.915,2026-07-20T22:46:41.060172+00:00,True,+299.1%,True,$30116.0M,True,+28.2%,True,8540.6K,True,$103.92 / SMA_short $92.03,,,False,+-5.2%,True,136.6M,True,NGM,False,
SAXJY,Sa Sa International Holdings Limited,2.05,2026-07-20T23:04:41.277573+00:00,True,+86.4%,True,$318.1M,,N/A,False,0.3K,False,$2.05 / SMA $2.17,False,0.97%,,N/A,True,55.6M,False,PNK,False,
SAXPY,Sampo Oyj,22.05,2026-07-20T22:56:45.715664+00:00,False,+10.6%,True,$29100.9M,False,+-133.3%,False,95.9K,True,$22.05 / SMA $21.10,False,1.12%,True,+36.6%,False,1021.7M,False,PNK,False,
SB,"Safe Bulkers, Inc.",7.16,2026-07-20T23:02:49.442687+00:00,True,+98.3%,True,$732.1M,True,+300.0%,True,751.7K,True,$7.16 / SMA $6.72,True,3.99%,False,+15.6%,True,51.1M,True,NYQ,False,
SBFFY,SBM Offshore N.V.,38.07,2026-07-20T22:47:14.180144+00:00,False,+61.9%,True,$6303.0M,,,False,0.9K,False,$38.07 / SMA $38.54,False,0.22%,,,True,135.2M,False,PNK,False,
SBGSY,Schneider Electric S.E.,60.01,2026-07-20T22:46:28.307882+00:00,False,+23.3%,True,$169136.5M,,,False,385.7K,False,$60.01 / SMA $62.70,False,1.68%,,,False,2811.1M,False,PNK,False,
SBKFF,State Bank of India,106.0,2026-07-20T22:46:31.797354+00:00,False,+17.5%,True,$97844.5M,False,+-3.1%,False,0.1K,True,$106.00 / SMA $105.82,False,0.34%,False,+-0.2%,False,407.0M,False,PNK,False,
SBNC,"Southern BancShares (N.C.), Inc.",12400.0,2026-07-20T23:02:42.664012+00:00,False,+43.9%,True,$941.7M,,N/A,False,0.0K,True,$12400.00 / SMA $12075.89,False,0.14%,,N/A,,N/A,False,OID,False,
SBS,Companhia de Saneamento Básico do Estado de São Paulo - SABESP,5.75,2026-07-20T22:46:51.204456+00:00,False,+52.3%,True,$20164.3M,False,+16.3%,True,6301.6K,True,$5.75 / SMA $5.70,False,2.40%,False,+18.3%,False,2343.5M,True,NYQ,False,
SBSI,"Southside Bancshares, Inc.",34.54,2026-07-20T22:51:05.549402+00:00,False,+31.2%,True,$1027.6M,False,+9.9%,False,112.2K,True,$34.54 / SMA $33.63,False,2.19%,False,+9.7%,True,28.1M,True,NYQ,False,
SBSNY,Vend Marketplaces ASA,24.89,2026-07-20T22:57:19.971345+00:00,False,+38.3%,True,$5091.0M,False,+-123.1%,False,7.1K,False,$24.89 / SMA $25.68,True,3.78%,False,+1.6%,True,148.9M,False,PNK,False,
SBSW,Sibanye Stillwater Limited,8.0,2026-07-20T22:57:11.436896+00:00,False,+12.7%,True,$5787.0M,,N/A,True,5141.2K,False,$8.00 / SMA $10.32,True,3.57%,,N/A,False,1409.6M,True,NYQ,False,
SBUX,Starbucks Corporation,104.81,2026-07-20T22:46:30.229537+00:00,False,+34.4%,True,$119452.0M,True,+32.6%,True,7663.6K,True,$104.81 / SMA $102.60,False,2.60%,False,+8.8%,False,1137.4M,True,NMS,False,
SCAFF,SCAFF,9.1,2026-07-20T22:57:04.797379+00:00,False,+68.2%,,N/A,,N/A,False,4.4K,False,$9.10 / SMA_short $10.40,False,0.51%,,N/A,False,208.0M,False,PNK,False,
SCBFY,Standard Chartered PLC,55.41,2026-07-20T22:46:35.605602+00:00,False,+58.5%,True,$60246.5M,,,False,215.9K,True,$55.41 / SMA $53.88,False,1.42%,False,+6.4%,False,17680.2M,False,PNK,False,
SCRPF,Sembcorp Industries Ltd,4.476,2026-07-20T22:47:06.926124+00:00,False,+8.9%,True,$7968.1M,,,False,0.6K,False,$4.48 / SMA $4.99,False,0.56%,,,False,868.8M,False,PNK,False,
SCSC,"ScanSource, Inc.",54.24,2026-07-20T23:02:42.118395+00:00,False,+60.7%,True,$1102.4M,False,+5.4%,False,237.8K,True,$54.24 / SMA $48.44,False,2.65%,False,+8.8%,True,19.9M,True,NMS,False,
SCTBF,Securitas AB (publ),17.02,2026-07-20T22:57:07.339533+00:00,False,+17.4%,True,$10201.5M,False,+22.3%,False,0.3K,True,$17.02 / SMA $16.46,False,0.47%,False,+-8.6%,False,467.6M,False,PNK,False,
SCTBY,Securitas AB (publ),16.55,2026-07-20T22:47:06.381455+00:00,False,+17.9%,True,$9919.8M,False,+22.3%,False,0.8K,False,$16.55 / SMA $17.34,False,0.68%,False,+-8.6%,False,467.6M,False,PNK,False,
SCZM,Santacruz Silver Mining Ltd.,6.01,2026-07-20T23:02:46.929582+00:00,True,+87.8%,True,$557.4M,True,+172.7%,True,514.2K,False,$6.01 / SMA $7.37,True,5.53%,True,+81.4%,True,86.3M,True,NCM,False,
SDHC,Smith Douglas Homes Corp.,14.65,2026-07-20T23:02:52.939225+00:00,False,+36.7%,False,$122.3M,False,+-80.0%,False,83.7K,True,$14.65 / SMA $13.53,True,5.82%,False,+-8.1%,True,6.1M,True,NYQ,False,
SDHI,Siddhi Acquisition Corp.,10.44,2026-07-20T22:53:03.422713+00:00,False,+3.5%,True,$363.7M,,,False,32.5K,True,$10.44 / SMA $10.41,False,0.04%,,,True,26.2M,True,NGM,False,
SEEMF,Seeing Machines Limited,0.06655,2026-07-20T23:04:44.190616+00:00,True,+108.6%,True,$319.4M,,N/A,False,39.2K,True,$0.07 / SMA $0.06,True,3.74%,,N/A,False,3255.9M,False,PNK,False,
SEG,Seaport Entertainment Group Inc.,26.02,2026-07-20T22:54:44.055492+00:00,False,+46.7%,True,$333.1M,False,+-38.2%,False,62.3K,True,$26.02 / SMA $24.81,False,2.92%,False,+-20.7%,True,7.4M,True,NYQ,False,
SEGXF,SEGRO Plc,11.8,2026-07-20T22:57:00.596516+00:00,False,+44.3%,True,$15964.9M,,N/A,False,3.0K,True,$11.80 / SMA $10.39,False,1.57%,,N/A,False,1230.3M,False,PNK,False,
SEI,"Solaris Energy Infrastructure, Inc.",60.54,2026-07-20T22:47:19.325386+00:00,True,+146.4%,True,$5816.6M,True,+128.6%,True,2633.0K,False,$60.54 / SMA $72.66,True,7.03%,True,+55.3%,True,55.6M,True,NYQ,False,
SENEA,Seneca Foods Corporation,161.48,2026-07-20T22:51:06.108905+00:00,False,+62.2%,True,$1094.4M,,,False,139.8K,True,$161.48 / SMA $156.36,True,4.33%,False,+13.9%,True,4.7M,True,NMS,False,
SENEB,Seneca Foods Corporation,161.33,2026-07-20T22:51:05.474058+00:00,False,+56.5%,True,$1093.3M,,,False,0.2K,True,$161.33 / SMA $154.93,False,0.02%,False,+13.9%,True,4.7M,True,NMS,False,
SEOJF,Stora Enso Oyj,8.73,2026-07-20T22:57:14.726859+00:00,False,+2.0%,True,$6884.7M,True,+109.3%,False,0.2K,False,$8.73 / SMA $9.05,False,0.00%,False,+1.6%,False,695.5M,False,OQX,False,
SEPN,"Septerna, Inc.",32.21,2026-07-20T22:50:58.879090+00:00,True,+203.4%,True,$1451.9M,True,+61.2%,False,417.1K,True,$32.21 / SMA $31.78,True,7.61%,True,+12011.0%,True,23.1M,True,NGM,False,
SESPF,SeSa S.p.A.,104.0,2026-07-20T22:47:49.264619+00:00,False,+16.9%,True,$1568.3M,,,False,0.0K,True,$104.00 / SMA $100.70,False,0.00%,False,+10.6%,,,False,PNK,False,
SEYMF,"Solaria Energía y Medio Ambiente, S.A.",23.0,2026-07-20T22:59:03.183311+00:00,True,+191.9%,True,$3050.7M,False,+15.8%,False,0.1K,False,$23.00 / SMA $26.43,False,0.00%,True,+45.4%,True,37.1M,False,PNK,False,
SF,Stifel Financial Corp.,77.47,2026-07-20T22:57:03.643782+00:00,False,+14.2%,True,$11884.0M,True,+469.2%,True,1422.9K,True,$77.47 / SMA $73.03,False,2.53%,False,+18.1%,True,139.6M,True,NYQ,False,
SFFLY,Schaeffler AG,9.39,2026-07-20T22:57:04.820866+00:00,True,+99.4%,True,$8872.5M,,N/A,False,6.5K,False,$9.39 / SMA $10.63,True,4.39%,False,+-3.2%,False,208.0M,False,PNK,False,
SGBAF,SES S.A.,7.95,2026-07-20T22:58:59.393447+00:00,False,+44.0%,True,$3366.1M,,N/A,False,2.3K,False,$7.95 / SMA $9.16,False,0.99%,,N/A,False,300.4M,False,PNK,False,
SGGEF,The Sage Group plc,11.2,2026-07-20T22:47:04.689779+00:00,False,+6.2%,True,$10052.4M,,,False,0.7K,False,$11.20 / SMA $11.56,False,0.29%,,,False,853.9M,False,PNK,False,
SGI,Somnigroup International Inc.,70.3,2026-07-20T22:56:58.570349+00:00,False,+16.4%,True,$14788.7M,True,+388.2%,True,2935.1K,False,$70.30 / SMA $71.23,True,3.56%,False,+12.3%,False,187.5M,True,NYQ,False,
SGIOY,"Shionogi & Co., Ltd.",8.82,2026-07-20T22:56:55.411330+00:00,False,+15.3%,True,$15011.2M,,N/A,False,197.6K,False,$8.82 / SMA $8.98,False,1.38%,,N/A,False,1701.3M,False,PNK,False,
SGMT,Sagimet Biosciences Inc.,7.16,2026-07-20T22:52:57.355885+00:00,False,+59.1%,True,$442.1M,True,+41.1%,True,1944.2K,True,$7.16 / SMA $7.15,True,6.66%,,,True,59.1M,True,NGM,False,
SGRY,"Surgery Partners, Inc.",16.03,2026-07-20T22:47:47.153596+00:00,False,+40.5%,True,$2096.5M,False,+6.7%,True,1449.8K,True,$16.03 / SMA $14.85,True,4.76%,False,+4.5%,True,54.1M,True,NMS,False,
SGSOF,SGS SA,115.0,2026-07-20T22:56:50.043656+00:00,False,+19.4%,True,$22745.3M,,N/A,False,0.2K,True,$115.00 / SMA $112.34,False,0.14%,,N/A,False,165.3M,False,PNK,False,
SHBBF,SHBBF,79.2925,2026-07-20T22:47:10.516901+00:00,False,+64.9%,True,$8085.2M,False,+-13.3%,False,0.9K,True,$79.29 / SMA $75.16,False,0.33%,False,+-11.8%,True,69.2M,False,PNK,False,
SHCAF,Sharp Corporation,4.4,2026-07-20T22:47:40.327416+00:00,False,+20.7%,True,$2856.9M,,,False,0.0K,True,$4.40 / SMA $3.69,False,0.00%,,,False,238.7M,False,PNK,False,
SHECF,"Shin-Etsu Chemical Co., Ltd.",47.0,2026-07-20T22:56:33.967364+00:00,True,+75.8%,True,$87405.6M,,N/A,False,7.4K,True,$47.00 / SMA $44.69,True,7.29%,,N/A,False,1858.3M,False,PNK,False,
SHECY,"Shin-Etsu Chemical Co., Ltd.",22.17,2026-07-20T22:46:32.214472+00:00,False,+62.5%,True,$82458.9M,,,False,322.9K,False,$22.17 / SMA $22.65,False,2.74%,,,False,3716.5M,False,PNK,False,
SHEN,Shenandoah Telecommunications Company,11.11,2026-07-20T23:02:42.660676+00:00,False,+14.9%,True,$614.6M,False,+-63.2%,False,400.8K,False,$11.11 / SMA $14.93,True,4.93%,False,+4.8%,True,44.9M,True,NMS,False,
SHMDF,Shimano Inc.,103.5,2026-07-20T22:47:08.235114+00:00,False,+9.9%,True,$8796.6M,,,False,0.0K,True,$103.50 / SMA $101.75,False,0.38%,,,True,71.7M,False,PNK,False,
SHOP,Shopify Inc.,124.48,2026-07-20T22:56:30.474139+00:00,False,+32.4%,True,$161532.1M,False,+15.1%,True,10155.5K,True,$124.48 / SMA $112.63,True,4.66%,True,+34.3%,False,1216.9M,True,NMS,False,
SHTDF,Sinopharm Group Co. Ltd.,2.3,2026-07-20T22:57:13.789811+00:00,False,+8.0%,True,$7177.5M,,N/A,False,0.1K,True,$2.30 / SMA $2.26,False,0.00%,,N/A,False,1274.6M,False,PNK,False,
SHW,The Sherwin-Williams Company,323.6,2026-07-20T22:56:34.915787+00:00,False,+11.6%,True,$79811.3M,False,+7.5%,True,2312.4K,True,$323.60 / SMA $319.11,False,2.54%,False,+6.8%,False,228.5M,True,NYQ,False,
SHWDY,Resonac Holdings Corporation,84.98,2026-07-20T22:46:50.909213+00:00,True,+253.8%,True,$15380.0M,,,False,0.1K,False,$84.98 / SMA $108.25,False,0.14%,,,False,178.2M,False,PNK,False,
SHWGY,Shandong Weigao Group Medical Polymer Company Limited,1.59,2026-07-20T22:47:43.998996+00:00,False,+6.7%,True,$1767.5M,,,False,0.5K,False,$1.59 / SMA $1.65,False,0.00%,,,False,587.5M,False,PNK,False,
SIDU,"Sidus Space, Inc.",1.75,2026-07-20T23:04:34.640834+00:00,True,+178.7%,False,$141.5M,True,+77.1%,True,19442.8K,False,$1.75 / SMA $3.42,True,8.99%,True,+50.7%,True,80.7M,True,NCM,False,
SIELF,"Shanghai Electric Group Co., Ltd.",0.57,2026-07-20T22:46:55.053221+00:00,False,+54.7%,True,$19182.4M,True,+30.3%,False,0.2K,True,$0.57 / SMA $0.56,False,0.00%,False,+9.3%,False,7693.6M,False,PNK,False,
SIGA,"SIGA Technologies, Inc.",3.48,2026-07-20T22:53:06.454461+00:00,False,+2.5%,False,$249.6M,False,+-400.0%,True,532.7K,False,$3.48 / SMA $4.16,True,4.73%,False,+-11.3%,True,41.0M,True,NGM,False,
SIGCY,SIG Group AG,16.62,2026-07-20T22:47:18.193083+00:00,True,+70.8%,True,$6422.5M,,,False,2.3K,True,$16.62 / SMA $15.77,False,0.53%,,,False,315.0M,False,PNK,False,
SIGI,"Selective Insurance Group, Inc.",96.74,2026-07-20T22:57:20.745412+00:00,False,+34.8%,True,$5791.8M,False,+-10.2%,True,585.2K,True,$96.74 / SMA $91.61,False,2.30%,False,+5.7%,True,55.4M,True,NMS,False,
SIGIP,"Selective Insurance Group, Inc.",15.96,2026-07-20T22:47:19.540894+00:00,False,+3.3%,,,,,False,32.5K,False,$15.96 / SMA $16.07,False,1.07%,False,+5.7%,True,55.4M,True,NMS,False,
SITIY,SITC International Holdings Company Limited,42.62,2026-07-20T22:57:02.306941+00:00,False,+48.9%,True,$11467.5M,,N/A,False,0.9K,False,$42.62 / SMA $43.41,False,0.90%,,N/A,True,132.5M,False,PNK,False,
SITM,SiTime Corporation,555.15,2026-07-20T22:46:51.624003+00:00,True,+197.7%,True,$16629.8M,True,+80.2%,True,580.7K,False,$555.15 / SMA $696.62,True,7.32%,True,+88.3%,True,19.5M,True,NGM,False,
SIVEF,Sivers Semiconductors AB (publ),3.36,2026-07-20T22:47:42.011863+00:00,True,+250.0%,True,$992.6M,True,+26.3%,True,5858.2K,False,$3.36 / SMA $6.83,True,13.39%,False,+-21.5%,False,228.8M,False,PNK,False,
SJM,The J. M. Smucker Company,112.5,2026-07-20T22:47:03.131746+00:00,False,+27.5%,True,$12024.1M,True,+153.1%,True,1749.9K,True,$112.50 / SMA $107.79,False,2.58%,False,+5.8%,True,104.4M,True,NYQ,False,
SJMHY,SJM Holdings Limited,0.7265,2026-07-20T22:47:47.667958+00:00,False,+5.3%,True,$1289.9M,,,False,0.8K,False,$0.73 / SMA $0.86,False,0.39%,,,False,607.3M,False,PNK,False,
SKLTY,SEEK Limited,19.53,2026-07-20T22:47:32.318314+00:00,False,+13.7%,True,$3495.6M,,,False,9.4K,True,$19.53 / SMA $18.79,False,0.90%,,,False,171.4M,False,PNK,False,
SKSBF,Skanska AB (publ),27.9,2026-07-20T22:57:04.611108+00:00,False,+20.3%,True,$11552.8M,False,+3.7%,False,0.2K,True,$27.90 / SMA $25.72,False,0.00%,False,+-10.0%,False,372.4M,False,PNK,False,
SKWD,"Skyward Specialty Insurance Group, Inc.",60.71,2026-07-20T23:00:51.557481+00:00,False,+49.5%,True,$2461.4M,False,+7.9%,True,516.5K,True,$60.71 / SMA $51.40,True,3.85%,True,+44.4%,True,36.7M,True,NMS,False,
SKYW,"SkyWest, Inc.",99.34,2026-07-20T22:47:31.516315+00:00,False,+27.5%,True,$3939.9M,False,+3.3%,False,419.8K,True,$99.34 / SMA $90.67,False,2.91%,False,+6.8%,True,39.0M,True,NMS,False,
SLAB,Silicon Laboratories Inc.,217.36,2026-07-20T22:47:12.559290+00:00,True,+88.2%,True,$7168.9M,True,+48.9%,False,458.0K,False,$217.36 / SMA $218.16,False,0.68%,False,+20.1%,True,32.4M,True,NMS,False,
SLDB,Solid Biosciences Inc.,8.45,2026-07-20T22:51:13.782340+00:00,True,+123.0%,True,$831.9M,False,+11.9%,True,1704.3K,True,$8.45 / SMA $8.11,True,7.43%,,,True,51.0M,True,NMS,False,
SLDE,"Slide Insurance Holdings, Inc.",21.04,2026-07-20T23:00:49.318774+00:00,False,+67.9%,True,$2410.3M,True,+37.8%,True,1380.0K,True,$21.04 / SMA $18.62,True,4.55%,True,+38.2%,True,56.3M,True,NMS,False,
SLDP,"Solid Power, Inc.",2.31,2026-07-20T22:51:12.827227+00:00,False,+4.5%,True,$519.7M,True,+25.0%,True,6360.0K,False,$2.31 / SMA $2.80,True,5.68%,False,+-58.9%,False,192.8M,True,NMS,False,
SLF,Sun Life Financial Inc.,80.65,2026-07-20T22:56:41.046859+00:00,False,+43.5%,True,$44704.3M,False,+-48.1%,True,683.1K,True,$80.65 / SMA $75.45,False,1.53%,False,+-22.7%,False,552.5M,True,NYQ,False,
SLGN,Silgan Holdings Inc.,46.07,2026-07-20T22:59:02.067781+00:00,False,+29.1%,True,$4868.7M,False,+-4.8%,True,889.4K,True,$46.07 / SMA $41.20,True,3.14%,False,+6.4%,True,88.4M,True,NYQ,False,
SLI,Standard Lithium Ltd.,2.15,2026-07-20T22:51:07.057761+00:00,False,+3.4%,True,$524.3M,False,+0.0%,True,1805.6K,False,$2.15 / SMA $3.31,True,5.94%,,,False,236.3M,True,ASE,False,
SLOIY,Soitec SA,49.7424,2026-07-20T22:57:12.772751+00:00,True,+278.8%,True,$3556.0M,,N/A,False,8.3K,False,$49.74 / SMA $77.53,True,4.20%,,N/A,True,54.2M,False,PNK,False,
SLS,"SELLAS Life Sciences Group, Inc.",12.475,2026-07-20T22:50:56.694010+00:00,True,+797.5%,True,$2453.0M,True,+28.6%,True,9468.4K,True,$12.47 / SMA $9.60,True,12.93%,,,False,185.3M,True,NCM,False,
SLSR,Solaris Resources Inc.,7.14,2026-07-20T22:47:49.099031+00:00,False,+58.3%,True,$1192.6M,True,+70.0%,False,154.7K,False,$7.14 / SMA $9.09,True,5.14%,,,True,81.4M,True,ASE,False,
SLVTF,Silver Tiger Metals Inc.,0.52,2026-07-20T23:04:44.187366+00:00,False,+33.7%,False,$290.5M,,N/A,False,342.1K,False,$0.52 / SMA $0.57,True,9.24%,,N/A,False,544.1M,False,OQX,False,
SMBC,"Southern Missouri Bancorp, Inc.",76.46,2026-07-20T23:02:46.444796+00:00,False,+60.6%,True,$842.3M,False,+15.1%,False,102.2K,True,$76.46 / SMA $71.84,False,2.79%,False,+8.9%,True,9.3M,True,NGM,False,
SMBK,"SmartFinancial, Inc.",47.67,2026-07-20T23:02:47.881156+00:00,False,+46.0%,True,$815.1M,False,+20.9%,False,90.0K,True,$47.67 / SMA $44.09,False,2.78%,False,+14.9%,True,15.2M,True,NYQ,False,
SMCAY,SMC Corporation,21.51,2026-07-20T22:56:47.191928+00:00,False,+50.3%,True,$27046.2M,,N/A,False,245.4K,False,$21.51 / SMA $22.08,False,2.32%,,N/A,False,1117.3M,False,PNK,False,
SMEGF,Siemens Energy AG,176.5,2026-07-20T22:56:29.317480+00:00,True,+80.1%,True,$150174.8M,,N/A,False,8.6K,False,$176.50 / SMA $187.79,False,1.84%,False,+3.3%,False,788.7M,False,PNK,False,
SMFNF,"Sumitomo Mitsui Financial Group, Inc.",36.48,2026-07-20T22:56:29.901643+00:00,False,+52.6%,True,$139061.8M,,N/A,False,31.4K,False,$36.48 / SMA $39.45,True,4.53%,True,+25.4%,False,3815.0M,False,PNK,False,
SMG,The Scotts Miracle-Gro Company,69.3,2026-07-20T22:47:31.001948+00:00,False,+33.3%,True,$4032.0M,False,+8.6%,True,973.2K,True,$69.30 / SMA $62.55,True,4.19%,False,+5.0%,True,44.5M,True,NYQ,False,
SMGKF,Smiths Group plc,28.35,2026-07-20T22:47:05.295615+00:00,False,+15.3%,True,$8403.3M,,,False,0.0K,False,$28.35 / SMA $33.69,False,0.00%,,,False,319.0M,False,OID,False,
SMMNY,Siemens Healthineers AG,20.08,2026-07-20T22:56:39.739132+00:00,False,+3.9%,True,$44947.0M,,N/A,False,165.8K,True,$20.08 / SMA $19.85,False,1.38%,False,+3.6%,False,352.3M,False,PNK,False,
SMMT,Summit Therapeutics Inc.,13.5,2026-07-20T22:57:00.282950+00:00,False,+7.6%,True,$10478.2M,False,+-171.4%,True,5441.1K,False,$13.50 / SMA $15.48,True,4.82%,,N/A,True,130.7M,True,NGM,False,
SMNNY,Shimano Inc.,11.57,2026-07-20T22:47:07.286978+00:00,False,+23.6%,True,$9833.4M,,,False,138.3K,True,$11.57 / SMA $10.55,False,1.71%,,,False,717.0M,False,PNK,False,
SMOPF,Smartoptics Group ASA,4.69,2026-07-20T22:52:48.049317+00:00,True,+153.5%,True,$459.8M,True,+600.0%,False,21.0K,False,$4.69 / SMA $5.58,True,3.30%,True,+54.6%,True,42.3M,False,PNK,False,
SMPNY,"Sompo Holdings, Inc.",20.62,2026-07-20T22:46:42.794660+00:00,False,+43.4%,True,$36730.2M,,,False,193.5K,True,$20.62 / SMA $19.30,False,1.87%,,,False,1639.2M,False,PNK,False,
SMSGY,Samsonite Group S.A.,8.93,2026-07-20T22:59:12.423073+00:00,False,+7.2%,True,$2435.7M,,N/A,False,36.5K,False,$8.93 / SMA $9.29,True,3.09%,,N/A,False,250.6M,False,PNK,False,
SMSMY,Sims Limited,17.3,2026-07-20T22:47:32.568923+00:00,True,+112.0%,True,$3398.3M,,,False,2.9K,False,$17.30 / SMA $18.00,False,2.53%,,,False,158.6M,False,PNK,False,
SMSOF,Samsonite Group S.A.,1.73,2026-07-20T22:47:38.497003+00:00,False,+11.6%,True,$2359.4M,,,False,1.6K,False,$1.73 / SMA $1.80,False,0.00%,,,False,1253.2M,False,PNK,False,
SMTEF,Smart Eye AB (publ),8.65,2026-07-20T22:53:02.718603+00:00,False,+59.6%,True,$339.1M,True,+59.9%,False,0.6K,False,$8.65 / SMA $8.70,False,0.46%,True,+40.4%,True,32.9M,False,PNK,False,
SMTOF,"Sumitomo Electric Industries, Ltd.",17.5,2026-07-20T22:56:37.178083+00:00,True,+219.5%,True,$54594.4M,,N/A,False,23.1K,False,$17.50 / SMA $18.44,False,1.59%,,N/A,False,3108.5M,False,PNK,False,
SMUPF,Sims Limited,20.41,2026-07-20T22:59:07.740301+00:00,True,+140.7%,True,$3978.1M,,N/A,False,0.6K,True,$20.41 / SMA $18.04,False,0.00%,,N/A,False,158.6M,False,PNK,False,
SMWB,Similarweb Ltd.,6.69,2026-07-20T22:53:03.494969+00:00,True,+201.4%,True,$586.0M,True,+36.4%,True,930.5K,True,$6.69 / SMA $4.89,True,8.25%,False,+10.1%,True,41.2M,True,NYQ,False,
SN,"SharkNinja, Inc.",152.83,2026-07-20T22:46:55.204277+00:00,True,+83.9%,True,$21628.6M,False,+2.4%,True,2019.0K,True,$152.83 / SMA $130.61,True,3.27%,False,+15.6%,True,86.3M,True,NYQ,False,
SNAP,Snap Inc.,4.56,2026-07-20T22:57:06.967281+00:00,False,+19.7%,True,$7556.7M,True,+37.5%,True,43211.9K,False,$4.56 / SMA $5.20,True,4.37%,False,+12.1%,False,1086.8M,True,NYQ,False,
SNCAF,AtkinsRéalis Group Inc.,63.32,2026-07-20T22:47:05.287860+00:00,False,+11.7%,True,$10294.8M,True,+43.6%,False,48.9K,True,$63.32 / SMA $61.41,False,2.75%,False,+17.8%,False,161.9M,False,PNK,False,
SNDA,"Sonida Senior Living, Inc.",40.55,2026-07-20T23:00:53.950931+00:00,True,+70.5%,True,$1919.9M,False,+-210.4%,True,715.2K,True,$40.55 / SMA $37.53,True,4.12%,True,+33.4%,True,26.1M,True,NYQ,False,
SNDL,SNDL Inc.,1.28,2026-07-20T23:04:38.217163+00:00,False,+1.6%,True,$333.2M,True,+33.4%,True,2360.8K,False,$1.28 / SMA $1.40,True,3.62%,False,+-4.4%,False,225.8M,True,NCM,False,
SNDX,"Syndax Pharmaceuticals, Inc.",22.29,2026-07-20T23:00:53.532078+00:00,True,+137.6%,True,$1975.1M,True,+51.0%,True,1982.7K,True,$22.29 / SMA $20.41,True,5.70%,True,+223.6%,True,79.6M,True,NMS,True,
SNEX,StoneX Group Inc.,70.71,2026-07-20T22:47:07.832536+00:00,True,+98.2%,True,$8405.8M,True,+120.2%,True,1244.2K,False,$70.71 / SMA $112.93,True,5.34%,False,+24.0%,True,104.3M,True,NMS,False,
SNHIY,SNHIY,9.55,2026-07-20T22:46:48.196634+00:00,False,+0.0%,True,$87812.3M,,,False,0.5K,False,$9.55 / SMA_short $11.09,False,0.00%,False,+20.6%,False,1554.2M,False,PNK,False,
SNLC,Security National Corporation,204.5,2026-07-20T23:04:42.101638+00:00,False,+27.0%,True,$335.6M,,N/A,False,0.0K,True,$204.50 / SMA $203.38,False,0.00%,,N/A,,N/A,False,OID,False,
SNLGF,San Lorenzo Gold Corp.,2.97,2026-07-20T22:53:07.656632+00:00,True,+1848.8%,True,$308.2M,,,False,30.9K,False,$2.97 / SMA $3.36,True,3.90%,,,True,88.4M,False,PNK,False,
SNMCY,Suncorp Group Limited,13.36,2026-07-20T22:46:58.393309+00:00,False,+41.7%,True,$14162.3M,,,False,186.4K,True,$13.36 / SMA $12.90,False,1.80%,,,False,1068.8M,False,PNK,False,
SNMRF,Snam S.p.A.,6.88,2026-07-20T22:46:46.302094+00:00,False,+15.8%,True,$23487.3M,False,+-7.7%,False,1.6K,False,$6.88 / SMA $7.49,False,0.98%,False,+3.0%,False,2053.8M,False,PNK,False,
SNMRY,Snam S.p.A.,14.01,2026-07-20T22:46:47.163936+00:00,False,+22.1%,True,$23507.3M,False,+-7.7%,False,53.3K,False,$14.01 / SMA $14.23,False,2.43%,False,+3.0%,False,1026.9M,False,PNK,False,
SNNUF,Smith & Nephew plc,15.0,2026-07-20T22:46:59.700327+00:00,False,+14.5%,True,$12645.7M,,,False,1.5K,True,$15.00 / SMA $14.33,False,0.01%,,,False,839.5M,False,PNK,False,
SNPMF,China Petroleum & Chemical Corporation,0.55,2026-07-20T22:46:31.750282+00:00,False,+14.6%,True,$66430.3M,,,False,32.2K,False,$0.55 / SMA $0.55,False,1.41%,,,False,33121.5M,False,PNK,False,
SNROF,"Sanrio Company, Ltd.",7.35,2026-07-20T22:47:14.728350+00:00,False,+45.8%,True,$8911.4M,,,False,1.3K,True,$7.35 / SMA $5.90,False,0.43%,,,False,980.0M,False,PNK,False,
SNX,TD SYNNEX Corporation,238.54,2026-07-20T22:56:52.977241+00:00,True,+71.3%,True,$19073.4M,True,+87.8%,True,847.4K,False,$238.54 / SMA $255.68,True,4.18%,True,+31.0%,True,73.7M,True,NYQ,False,
SNYYF,Sany Heavy Equipment International Holdings Company Limited,1.0,2026-07-20T22:59:02.711975+00:00,False,+20.1%,True,$3289.7M,,N/A,False,2.7K,False,$1.00 / SMA $1.06,False,0.92%,,N/A,False,1172.8M,False,PNK,False,
SO,The Southern Company,94.46,2026-07-20T22:56:32.411922+00:00,False,+12.7%,True,$106484.9M,False,+-0.8%,True,5787.5K,True,$94.46 / SMA $93.94,False,1.74%,False,+8.0%,False,1124.8M,True,NYQ,False,
SOBO,South Bow Corporation,37.3,2026-07-20T22:57:11.586061+00:00,False,+49.1%,True,$7780.2M,False,+-11.9%,True,938.2K,True,$37.30 / SMA $36.24,False,2.19%,False,+-1.4%,False,208.2M,True,NYQ,False,
SOCNF,SOCNF,13.685,2026-07-20T22:47:33.339331+00:00,False,+30.3%,True,$2398.8M,,,False,0.1K,False,$13.69 / SMA $15.44,False,0.00%,,,False,175.0M,False,PNK,False,
SOHU,Sohu.com Limited,13.26,2026-07-20T22:53:04.151658+00:00,False,+14.2%,True,$398.7M,False,+-102.8%,False,52.9K,False,$13.26 / SMA $13.44,True,3.56%,False,+4.2%,True,14.5M,True,NMS,False,
SOIEF,Stolt-Nielsen Limited,33.75,2026-07-20T23:00:54.560939+00:00,False,+18.1%,True,$2241.0M,False,+-31.2%,False,0.2K,True,$33.75 / SMA $31.87,False,0.15%,False,+5.2%,True,18.6M,False,PNK,False,
SOLS,"Solstice Advanced Materials, Inc.",56.47,2026-07-20T22:46:59.086792+00:00,False,+39.7%,True,$8969.8M,False,+-37.2%,True,2726.9K,False,$56.47 / SMA $78.76,True,5.67%,False,+10.6%,False,158.6M,True,NMS,False,
SOLV,Solventum Corporation,79.25,2026-07-20T22:46:58.578988+00:00,False,+27.0%,True,$13724.1M,False,+-91.0%,True,1684.5K,True,$79.25 / SMA $76.95,False,2.77%,False,+-3.1%,True,147.1M,True,NYQ,False,
SOMLY,"SECOM CO., LTD.",10.39,2026-07-20T22:56:54.008941+00:00,False,+28.9%,True,$16663.1M,,N/A,False,114.9K,True,$10.39 / SMA $9.95,False,1.19%,,N/A,False,1612.4M,False,PNK,False,
SOMMY,"Sumitomo Chemical Company, Limited",17.17,2026-07-20T22:47:16.654461+00:00,False,+38.7%,True,$5670.9M,,,False,0.8K,False,$17.17 / SMA $17.27,False,0.42%,,,False,323.6M,False,PNK,False,
SONVY,Sonova Holding AG,50.38,2026-07-20T22:46:56.145806+00:00,False,+19.2%,True,$14964.0M,,,False,30.0K,True,$50.38 / SMA $49.72,False,1.42%,,,False,296.1M,False,PNK,False,
SORNU,Soren Acquisition Corp.,10.05,2026-07-20T22:53:04.984211+00:00,False,+1.3%,,,,,False,1.2K,True,$10.05 / SMA $10.01,False,0.02%,,,True,20.7M,True,NGM,False,
SOTDF,Ströer SE & Co. KGaA,40.5,2026-07-20T22:47:40.519391+00:00,False,+0.0%,True,$2259.1M,False,+-14.9%,False,0.0K,False,$40.50 / SMA $41.04,False,0.00%,False,+4.2%,True,31.3M,False,PNK,False,
SOTDY,Ströer SE & Co. KGaA,10.37,2026-07-20T22:59:13.420408+00:00,False,+15.2%,True,$2313.8M,False,+-14.9%,False,0.3K,False,$10.37 / SMA $10.37,False,0.00%,False,+4.2%,True,125.1M,False,PNK,False,
SOTGY,Sunny Optical Technology (Group) Company Limited,71.48,2026-07-20T22:57:05.276253+00:00,False,+9.8%,True,$7678.2M,,N/A,False,0.5K,False,$71.48 / SMA $86.93,True,4.88%,,N/A,True,65.4M,False,PNK,False,
SOUN,"SoundHound AI, Inc.",6.31,2026-07-20T22:59:05.262924+00:00,False,+8.2%,True,$2749.1M,False,+-135.5%,True,29308.5K,False,$6.31 / SMA $7.43,True,6.08%,True,+51.7%,False,393.2M,True,NGM,False,
SPFI,"South Plains Financial, Inc.",44.23,2026-07-20T23:02:45.896398+00:00,False,+25.2%,True,$846.8M,False,+18.1%,False,141.0K,True,$44.23 / SMA $41.50,True,3.09%,False,+10.1%,True,14.8M,True,NMS,False,
SPGI,S&P Global Inc.,448.35,2026-07-20T22:46:29.842581+00:00,False,+24.2%,True,$132711.6M,True,+32.5%,True,2285.4K,True,$448.35 / SMA $404.98,True,3.18%,False,+10.4%,False,295.3M,True,NYQ,False,
SPHXF,"SM Prime Holdings, Inc.",0.29645,2026-07-20T22:47:08.014053+00:00,False,+5.8%,True,$8482.7M,False,+0.2%,False,0.4K,True,$0.30 / SMA $0.26,False,0.00%,False,+1.5%,False,9826.5M,False,PNK,False,
SPKKY,Spark New Zealand Limited,5.41,2026-07-20T23:00:48.515128+00:00,False,+6.7%,True,$2045.1M,,N/A,False,45.3K,False,$5.41 / SMA $5.54,False,2.41%,,N/A,False,377.6M,False,PNK,False,
SPNT,SiriusPoint Ltd.,24.66,2026-07-20T22:59:11.056395+00:00,False,+43.6%,True,$2898.6M,True,+67.3%,True,781.7K,True,$24.66 / SMA $23.27,False,2.73%,False,+6.0%,True,103.1M,True,NYQ,False,
SPOT,Spotify Technology S.A.,492.32,2026-07-20T22:46:30.694916+00:00,False,+21.6%,True,$101230.9M,True,+222.4%,True,2164.6K,True,$492.32 / SMA $473.75,True,3.65%,False,+8.2%,False,157.1M,True,NYQ,False,
SPSC,"SPS Commerce, Inc.",65.72,2026-07-20T23:00:51.105521+00:00,False,+34.0%,True,$2412.8M,False,+-8.6%,True,647.2K,True,$65.72 / SMA $56.62,True,4.72%,False,+5.8%,True,36.3M,True,NMS,False,
SPTX,"Seaport Therapeutics, Inc.",20.55,2026-07-20T23:02:41.587643+00:00,False,+38.4%,True,$1100.1M,,N/A,False,349.3K,True,$20.55 / SMA $18.35,True,9.60%,,N/A,True,28.3M,True,NMS,False,
SPXCY,Singapore Exchange Limited,36.58,2026-07-20T22:56:53.336349+00:00,False,+52.0%,True,$19545.0M,,N/A,False,22.1K,True,$36.58 / SMA $35.45,False,1.50%,,N/A,False,531.6M,False,OQX,False,
SPXSF,Spirax Group plc,87.0,2026-07-20T22:57:12.833247+00:00,False,+6.7%,True,$6440.9M,,N/A,False,0.0K,False,$87.00 / SMA $93.74,False,0.00%,,N/A,True,72.9M,False,PNK,False,
SPXSY,Spirax Group plc,46.59,2026-07-20T22:47:13.659489+00:00,False,+15.5%,True,$6876.3M,,,False,8.5K,True,$46.59 / SMA $46.27,False,1.32%,,,True,145.9M,False,PNK,False,
SQM,Sociedad Química y Minera de Chile S.A.,67.69,2026-07-20T22:56:50.891757+00:00,True,+89.8%,True,$19334.8M,True,+166.7%,True,1144.2K,False,$67.69 / SMA $78.77,True,3.67%,True,+69.8%,True,104.3M,True,NYQ,False,
SQNNY,"Square Enix Holdings Co., Ltd.",7.74,2026-07-20T22:47:16.043523+00:00,False,+14.7%,True,$5582.4M,,,False,0.8K,False,$7.74 / SMA $7.89,False,1.59%,,,False,331.5M,False,PNK,False,
SQZZF,Serica Energy plc,3.4,2026-07-20T23:01:00.569057+00:00,True,+161.5%,True,$1562.7M,,N/A,False,0.5K,True,$3.40 / SMA $3.11,False,0.00%,,N/A,False,243.4M,False,PNK,False,
SR,Spire Inc.,81.19,2026-07-20T22:47:21.096616+00:00,False,+14.0%,True,$4799.7M,True,+31.1%,True,541.2K,False,$81.19 / SMA $81.32,False,2.19%,False,+4.5%,True,57.7M,True,NYQ,False,
SRAD,Sportradar Group AG,14.91,2026-07-20T22:47:27.042642+00:00,False,+27.9%,True,$4412.6M,False,+-128.6%,True,3585.1K,True,$14.91 / SMA $14.45,True,4.33%,False,+11.3%,True,84.5M,True,NMS,False,
SRAIF,Stadler Rail AG,28.47,2026-07-20T22:59:11.246013+00:00,False,+22.6%,True,$2846.9M,,N/A,False,0.0K,True,$28.47 / SMA $27.90,False,0.00%,,N/A,True,54.5M,False,PNK,False,
SRBEF,Vusion S.A.,139.395,2026-07-20T22:59:12.920208+00:00,False,+17.4%,True,$2327.3M,,N/A,False,0.0K,False,$139.40 / SMA $147.07,False,0.24%,,N/A,True,8.3M,False,PNK,False,
SRBIF,Serabi Gold plc,3.5,2026-07-20T22:53:06.642579+00:00,False,+54.9%,False,$267.1M,True,+139.4%,False,3.0K,False,$3.50 / SMA $4.25,True,3.85%,True,+83.3%,True,74.8M,False,OQX,False,
SRGHY,Shoprite Holdings Ltd,17.09,2026-07-20T22:57:06.419928+00:00,False,+19.3%,True,$9445.6M,,N/A,False,4.3K,False,$17.09 / SMA $17.71,False,1.28%,,N/A,False,404.4M,False,PNK,False,
SRPT,"Sarepta Therapeutics, Inc.",16.83,2026-07-20T22:47:46.883999+00:00,False,+61.5%,True,$1776.8M,True,+162.6%,True,3363.4K,False,$16.83 / SMA $17.48,True,5.66%,False,+-1.9%,True,94.6M,True,NMS,False,
SRUUF,Sprott Physical Uranium Trust Fund,18.21,2026-07-20T22:57:15.776877+00:00,False,+15.1%,True,$5664.6M,,N/A,False,375.6K,False,$18.21 / SMA $19.14,False,2.52%,,N/A,,N/A,False,OQX,False,
SSAAY,SSAB AB (publ),4.9,2026-07-20T22:57:06.798537+00:00,True,+75.0%,True,$9766.9M,True,+235.4%,False,0.3K,False,$4.90 / SMA $4.98,False,0.27%,False,+7.3%,False,1992.3M,False,PNK,False,
SSEZF,SSE plc,33.01,2026-07-20T22:56:40.985783+00:00,False,+50.4%,True,$39819.7M,,N/A,False,0.8K,True,$33.01 / SMA $32.79,False,0.84%,,N/A,False,1193.8M,False,PNK,False,
SSEZY,SSE plc,33.06,2026-07-20T22:56:41.275360+00:00,False,+52.4%,True,$39880.1M,,N/A,False,282.4K,True,$33.06 / SMA $32.39,False,1.65%,,N/A,False,1193.8M,False,PNK,False,
SSII,"SS Innovations International, Inc.",3.75,2026-07-20T22:51:10.307423+00:00,False,+20.6%,True,$750.5M,True,+33.3%,False,57.9K,True,$3.75 / SMA $3.74,True,9.61%,True,+116.8%,True,40.3M,True,NCM,False,
SSMXY,Sysmex Corporation,9.99,2026-07-20T22:57:20.123594+00:00,False,+24.7%,True,$6045.9M,,N/A,False,184.6K,True,$9.99 / SMA $8.96,False,1.49%,,N/A,False,518.4M,False,PNK,False,
SSREF,Swiss Re AG,163.44,2026-07-20T22:56:40.496410+00:00,False,+15.0%,True,$48281.1M,,N/A,False,0.6K,True,$163.44 / SMA $155.65,False,0.31%,,N/A,False,277.2M,False,PNK,False,
SSRM,SSR Mining Inc.,25.05,2026-07-20T22:57:16.996897+00:00,True,+111.0%,True,$5197.7M,False,+-285.7%,True,3134.7K,False,$25.05 / SMA $29.55,True,4.88%,True,+83.7%,False,205.7M,True,NMS,False,
SSSAF,Shurgard Self Storage Ltd,30.23,2026-07-20T22:47:36.117196+00:00,False,+14.9%,True,$3052.4M,,,False,1.3K,True,$30.23 / SMA $28.52,False,0.88%,,,True,33.0M,False,PNK,False,
SSSGY,Sartorius Aktiengesellschaft,43.9325,2026-07-20T22:56:54.956266+00:00,False,+16.0%,True,$15168.2M,,N/A,False,0.0K,True,$43.93 / SMA $43.85,False,0.00%,False,+-0.8%,True,137.3M,False,PNK,False,
SSUMY,Sumitomo Corporation,9.37,2026-07-20T22:46:36.468894+00:00,False,+56.0%,True,$44403.0M,,,False,377.6K,False,$9.37 / SMA $10.45,True,3.77%,,,False,4768.3M,False,PNK,False,
ST,Sensata Technologies Holding plc,44.57,2026-07-20T22:57:13.868131+00:00,False,+58.3%,True,$6481.9M,True,+25.5%,True,2189.1K,False,$44.57 / SMA $47.87,True,3.40%,False,+2.6%,True,144.1M,True,NYQ,False,
STAA,STAAR Surgical Company,23.97,2026-07-20T22:47:48.836790+00:00,False,+53.8%,True,$1193.4M,True,+109.1%,True,828.0K,False,$23.97 / SMA $29.20,True,5.35%,True,+119.6%,True,24.5M,True,NGM,False,
STAG,"STAG Industrial, Inc.",41.82,2026-07-20T22:47:12.457687+00:00,False,+24.0%,True,$8163.4M,False,+-34.7%,True,1384.8K,True,$41.82 / SMA $38.26,False,1.83%,False,+9.1%,False,190.3M,True,NYQ,False,
STBGY,Scandinavian Tobacco Group A/S,5.0,2026-07-20T22:51:08.317890+00:00,False,+0.0%,True,$787.5M,False,+-28.6%,False,0.1K,False,$5.00 / SMA $5.26,False,0.18%,False,+-5.8%,True,117.6M,False,PNK,False,
STBMF,St Barbara Limited,0.305,2026-07-20T22:52:55.583186+00:00,True,+79.4%,True,$444.4M,,,False,2.2K,False,$0.30 / SMA $0.38,False,0.71%,,,False,1154.6M,False,PNK,False,
STC,Stewart Information Services Corporation,69.79,2026-07-20T22:47:43.710542+00:00,False,+22.2%,True,$2123.5M,True,+400.0%,False,211.6K,True,$69.79 / SMA $66.88,True,3.05%,True,+27.7%,True,29.8M,True,NYQ,False,
STCGF,Stack Capital Group Inc.,13.5,2026-07-20T22:53:01.911922+00:00,False,+56.3%,False,$194.8M,,,False,22.1K,False,$13.50 / SMA $18.84,True,5.59%,True,+210.1%,True,12.6M,False,PNK,False,
STEL,"Stellar Bancorp, Inc.",39.32,2026-07-20T22:47:45.274509+00:00,False,+39.3%,True,$2002.2M,False,+15.2%,False,470.4K,True,$39.32 / SMA_short $39.32,,,False,+6.0%,True,50.7M,True,NYQ,False,
STEP,StepStone Group Inc.,42.25,2026-07-20T22:57:16.430338+00:00,False,+8.8%,True,$5325.0M,True,+58.3%,True,1303.1K,False,$42.25 / SMA $46.25,True,5.49%,True,+55.8%,True,69.2M,True,NMS,False,
STJPF,St. James's Place plc,15.0,2026-07-20T22:47:09.291362+00:00,False,+0.0%,True,$7632.1M,,,False,0.1K,False,$15.00 / SMA $16.18,False,0.00%,,,False,517.7M,False,PNK,False,
STK,Columbia Seligman Premium Technology Growth Fund,49.02,2026-07-20T22:51:06.056750+00:00,False,+62.0%,True,$865.8M,,,False,66.5K,False,$49.02 / SMA $52.25,True,3.34%,,,,,True,NYQ,False,
STKAF,Stockland,3.53,2026-07-20T22:57:14.772516+00:00,False,+43.5%,True,$8583.7M,,N/A,False,1.8K,True,$3.53 / SMA $2.83,False,0.23%,,N/A,False,2398.1M,False,PNK,False,
STLD,"Steel Dynamics, Inc.",230.49,2026-07-20T22:46:41.768461+00:00,True,+92.3%,True,$33239.6M,True,+93.1%,True,1210.3K,False,$230.49 / SMA $245.30,True,3.38%,False,+19.1%,True,134.4M,True,NMS,False,
STMNF,"Sumitomo Metal Mining Co., Ltd.",46.81,2026-07-20T22:46:54.556216+00:00,True,+120.4%,True,$12567.7M,,,False,0.2K,False,$46.81 / SMA $54.90,False,0.01%,,,False,253.6M,False,PNK,False,
STOK,"Stoke Therapeutics, Inc.",27.68,2026-07-20T23:00:52.939933+00:00,True,+126.0%,True,$1724.0M,False,+-141.6%,True,704.7K,False,$27.68 / SMA $30.69,True,5.23%,False,+-96.1%,True,46.8M,True,NMS,False,
STOSF,Santos Limited,5.61,2026-07-20T22:46:51.591119+00:00,False,+53.7%,True,$18220.0M,,,False,6.8K,True,$5.61 / SMA $5.40,False,1.46%,,,False,3197.2M,False,PNK,False,
STRC,Strategy Inc,87.1,2026-07-20T22:56:37.266557+00:00,False,+22.2%,,N/A,,N/A,True,3380.7K,False,$87.10 / SMA $90.91,True,4.67%,False,+11.9%,False,330.2M,True,NMS,False,
STRK,Strategy Inc,61.15,2026-07-20T22:46:35.902569+00:00,False,+22.8%,,,,,False,156.5K,False,$61.15 / SMA $65.59,True,5.12%,False,+11.9%,False,330.2M,True,NMS,False,
STRL,"Sterling Infrastructure, Inc.",650.22,2026-07-20T22:46:48.905104+00:00,True,+182.7%,True,$19952.6M,True,+141.4%,True,760.9K,False,$650.22 / SMA $800.50,True,6.77%,True,+91.6%,True,30.0M,True,NMS,False,
STX,Seagate Technology Holdings plc,802.45,2026-07-20T22:46:28.148342+00:00,True,+480.2%,True,$179932.6M,True,+108.3%,True,4518.6K,False,$802.45 / SMA $879.61,True,8.29%,True,+44.1%,False,223.6M,True,NMS,False,
STZ,"Constellation Brands, Inc.",134.36,2026-07-20T22:56:47.469071+00:00,False,+6.3%,True,$22949.3M,True,+30.7%,True,2191.1K,False,$134.36 / SMA $140.61,True,3.29%,False,+-3.3%,False,153.8M,True,NYQ,False,
SUCEF,"Sumitomo Osaka Cement Co., Ltd.",26.04,2026-07-20T22:51:05.618105+00:00,False,+3.5%,True,$825.2M,,,False,0.0K,False,$26.04 / SMA $29.32,False,0.00%,,,True,31.6M,False,PNK,False,
SUN,Sunoco LP,74.88,2026-07-20T22:46:57.255764+00:00,False,+56.1%,True,$14108.3M,True,+135.5%,False,489.9K,True,$74.88 / SMA $67.73,False,3.00%,True,+106.4%,True,107.7M,True,NYQ,False,
SURDF,"Sumitomo Realty & Development Co., Ltd.",30.5,2026-07-20T22:56:50.184512+00:00,False,+43.5%,True,$28170.3M,,N/A,False,0.2K,True,$30.50 / SMA $24.78,False,0.00%,,N/A,False,848.2M,False,PNK,False,
SUUIF,Superior Plus Corp.,5.71,2026-07-20T23:01:02.331757+00:00,False,+31.6%,True,$1225.2M,False,+-7.4%,False,91.5K,True,$5.71 / SMA $5.70,False,0.47%,False,+-11.0%,False,213.8M,False,PNK,False,
SVAQU,Silicon Valley Acquisition Corp.,10.38,2026-07-20T22:54:45.062871+00:00,False,+4.5%,,,,,False,3.9K,True,$10.38 / SMA $10.25,False,0.21%,,,True,21.7M,True,NGM,False,
SVC,Service Properties Trust,8.76,2026-07-20T22:51:02.138759+00:00,False,+55.0%,True,$1134.7M,False,+-30.0%,True,1894.3K,True,$8.76 / SMA $8.44,True,4.37%,False,+-16.3%,True,107.0M,True,NMS,False,
SVCBF,Svenska Cellulosa Aktiebolaget SCA (publ),10.38,2026-07-20T22:47:12.088650+00:00,False,+4.1%,True,$7290.3M,False,+-52.6%,False,1.6K,False,$10.38 / SMA $10.56,False,0.04%,False,+-8.2%,False,644.3M,False,PNK,False,
SVCTF,Senvest Capital Inc.,286.08,2026-07-20T22:51:13.276302+00:00,False,+19.2%,True,$692.6M,True,+85.2%,False,0.0K,True,$286.08 / SMA $277.07,False,0.03%,True,+93.2%,True,0.9M,False,PNK,False,
SVIV,Spring Valley Acquisition Corp. IV,10.23,2026-07-20T23:04:46.251381+00:00,False,+7.1%,True,$313.7M,,N/A,False,33.3K,True,$10.23 / SMA $10.15,False,0.30%,,N/A,True,20.9M,True,NGM,False,
SVIVU,Spring Valley Acquisition Corp. IV,10.3834,2026-07-20T23:04:44.928058+00:00,False,+3.3%,,N/A,,N/A,False,1.5K,True,$10.38 / SMA $10.31,False,0.00%,,N/A,True,20.9M,True,NGM,False,
SVM,Silvercorp Metals Inc.,8.91,2026-07-20T22:47:38.069935+00:00,True,+109.2%,True,$1970.9M,,,True,3757.9K,False,$8.91 / SMA $11.42,True,5.54%,True,+96.2%,False,194.6M,True,ASE,False,
SVNDY,"Seven & i Holdings Co., Ltd.",12.78,2026-07-20T22:56:45.033122+00:00,False,+14.0%,True,$29544.1M,,N/A,False,379.0K,True,$12.78 / SMA $12.04,False,1.90%,,N/A,False,2013.1M,False,PNK,False,
SVNLY,Svenska Handelsbanken AB (publ),7.11,2026-07-20T22:46:44.417351+00:00,False,+18.7%,True,$28179.6M,False,+-6.1%,False,160.4K,False,$7.11 / SMA $7.19,False,0.97%,False,+-2.4%,False,3251.2M,False,PNK,False,
SVRSF,Silver Storm Mining Ltd.,0.272,2026-07-20T23:04:42.665044+00:00,True,+147.3%,False,$215.3M,,N/A,True,620.0K,False,$0.27 / SMA $0.36,True,10.83%,,N/A,False,557.0M,False,OQX,False,
SVTRF,Severn Trent PLC,38.66,2026-07-20T22:57:02.282959+00:00,False,+12.0%,True,$11667.5M,,N/A,False,0.1K,False,$38.66 / SMA $39.12,False,0.00%,,N/A,False,264.4M,False,PNK,False,
SW,Smurfit Westrock Plc,43.14,2026-07-20T22:56:52.298408+00:00,False,+31.8%,True,$22625.4M,False,+-83.6%,True,5540.7K,True,$43.14 / SMA $42.31,True,3.66%,False,+0.7%,False,520.6M,True,NYQ,False,
SWBI,"Smith & Wesson Brands, Inc.",15.01,2026-07-20T23:02:48.922370+00:00,True,+94.2%,True,$671.4M,True,+89.5%,True,690.5K,False,$15.01 / SMA $15.02,True,4.71%,True,+26.7%,True,43.3M,True,NMS,False,
SWDBY,Swedbank AB (publ),37.46,2026-07-20T22:46:39.404314+00:00,False,+45.2%,True,$42094.4M,False,+-12.3%,False,29.0K,True,$37.46 / SMA $36.54,False,1.00%,False,+4.6%,False,854.9M,False,PNK,False,
SWDHY,Skyworth Group Limited,16.38,2026-07-20T23:00:58.669002+00:00,False,+56.0%,True,$1031.0M,,N/A,False,0.0K,False,$16.38 / SMA $19.15,False,0.10%,,N/A,True,18.9M,False,PNK,False,
SWGAF,The Swatch Group AG,257.42,2026-07-20T22:46:59.129334+00:00,False,+52.5%,True,$13384.8M,,,False,0.1K,False,$257.42 / SMA $260.20,False,0.29%,,,True,36.8M,False,PNK,False,
SWIM,"Latham Group, Inc.",6.11,2026-07-20T23:02:51.860250+00:00,False,+31.7%,True,$717.4M,False,+-40.0%,True,777.7K,True,$6.11 / SMA $5.62,True,4.83%,False,+5.3%,True,57.2M,True,NMS,False,
SWK,"Stanley Black & Decker, Inc.",87.5,2026-07-20T22:47:01.608902+00:00,False,+41.4%,True,$13602.4M,False,+-35.0%,True,1751.1K,True,$87.50 / SMA $82.99,True,3.40%,False,+2.7%,False,155.0M,True,NYQ,False,
SWQGF,Swissquote Group Holding SA,49.008,2026-07-20T22:57:13.372652+00:00,False,+0.0%,True,$7345.5M,,N/A,False,0.0K,False,$49.01 / SMA $49.03,False,0.00%,,N/A,True,116.0M,False,PNK,False,
SWZCF,Swisscom AG,780.0,2026-07-20T22:46:38.665959+00:00,False,+14.7%,True,$41925.4M,False,+-9.6%,False,0.0K,False,$780.00 / SMA $812.04,False,0.11%,False,+-4.1%,True,25.4M,False,OID,False,
SXGCF,Southern Cross Gold Consolidated Ltd.,5.73,2026-07-20T22:47:47.183786+00:00,True,+72.1%,True,$1486.9M,True,+100.0%,False,87.6K,False,$5.73 / SMA $6.78,True,4.37%,,,False,212.5M,False,OQX,False,
SXI,Standex International Corporation,300.02,2026-07-20T22:59:07.892461+00:00,True,+94.1%,True,$3634.7M,True,+207.2%,False,205.3K,True,$300.02 / SMA $294.84,True,4.56%,False,+8.1%,True,11.9M,True,NYQ,False,
SXT,Sensient Technologies Corporation,109.71,2026-07-20T22:47:22.241884+00:00,False,+32.8%,True,$4670.2M,True,+28.4%,True,505.0K,False,$109.71 / SMA $116.70,True,3.01%,False,+11.1%,True,41.9M,True,NYQ,False,
SYRE,"Spyre Therapeutics, Inc.",97.33,2026-07-20T22:57:16.244279+00:00,True,+571.0%,True,$8452.3M,False,+-23.3%,True,1366.2K,True,$97.33 / SMA $82.89,True,6.54%,,N/A,True,81.0M,True,NMS,False,
T,AT&T Inc.,21.95,2026-07-20T22:56:29.369357+00:00,False,+10.4%,True,$152516.0M,False,+-11.5%,True,54092.8K,False,$21.95 / SMA $22.81,True,3.04%,False,+2.9%,False,6933.6M,True,NYQ,False,
TACH,Titan Acquisition Corp,10.43,2026-07-20T23:04:39.773300+00:00,False,+3.4%,True,$359.8M,True,+2073.2%,False,82.9K,True,$10.43 / SMA $10.40,False,0.30%,,N/A,True,23.4M,True,NGM,False,
TAK,Takeda Pharmaceutical Company Limited,17.05,2026-07-20T22:46:37.150110+00:00,False,+31.3%,True,$54449.2M,,,True,3097.2K,True,$17.05 / SMA $16.15,False,1.41%,False,+3.9%,False,3155.1M,True,NYQ,False,
TAL,TAL Education Group,10.31,2026-07-20T22:47:17.166609+00:00,False,+16.1%,True,$5719.0M,True,+3375.0%,True,3759.7K,True,$10.31 / SMA $9.98,True,3.15%,True,+31.5%,False,362.0M,True,NYQ,False,
TALK,"Talkspace, Inc.",5.21,2026-07-20T23:02:42.964086+00:00,True,+134.7%,True,$872.7M,,N/A,True,1939.9K,True,$5.21 / SMA $5.20,False,0.33%,False,+18.2%,True,129.6M,True,NCM,False,
TARS,"Tarsus Pharmaceuticals, Inc.",56.25,2026-07-20T22:59:11.479235+00:00,False,+46.1%,True,$2454.2M,True,+75.0%,True,944.6K,False,$56.25 / SMA $61.82,True,6.65%,True,+106.9%,True,32.1M,True,NMS,False,
TBCCF,TBC Bank Group PLC,58.81,2026-07-20T22:59:05.837885+00:00,False,+11.6%,True,$3239.3M,,N/A,False,0.2K,False,$58.81 / SMA $59.26,False,0.02%,False,+-2.9%,True,43.8M,False,PNK,False,
TBLD,Thornburg Income Builder Opportunities Trust,21.955,2026-07-20T23:02:48.276553+00:00,False,+15.3%,True,$704.4M,,N/A,False,57.0K,True,$21.95 / SMA $21.85,False,1.74%,,N/A,,N/A,True,NGM,False,
TCEHY,Tencent Holdings Limited,61.28,2026-07-20T22:46:25.998043+00:00,False,+16.0%,True,$551619.8M,False,+22.9%,True,4391.6K,True,$61.28 / SMA $57.52,False,1.69%,,,False,6225.9M,False,PNK,False,
TCKRF,Teck Resources Limited,56.56,2026-07-20T22:46:43.310521+00:00,True,+73.6%,True,$27690.9M,True,+128.8%,False,0.2K,False,$56.56 / SMA $61.87,False,0.18%,True,+72.2%,False,468.3M,False,PNK,False,
TCLAF,Transcontinental Inc.,4.02,2026-07-20T23:04:42.351136+00:00,False,+30.9%,True,$336.1M,True,+542.9%,False,20.1K,True,$4.02 / SMA $3.79,False,0.29%,False,+-5.0%,True,65.4M,False,PNK,False,
TCTZF,Tencent Holdings Limited,61.7,2026-07-20T22:56:27.117367+00:00,False,+19.8%,True,$555400.5M,False,+22.9%,False,7.4K,True,$61.70 / SMA $57.91,True,3.22%,,N/A,False,6225.9M,False,PNK,False,
TDHOF,"T&D Holdings, Inc.",29.9125,2026-07-20T22:57:02.508483+00:00,False,+39.2%,True,$14354.0M,,N/A,False,0.1K,True,$29.91 / SMA $26.65,False,0.00%,,N/A,False,479.5M,False,PNK,False,
TDHOY,"T&D Holdings, Inc.",14.7,2026-07-20T22:57:01.028903+00:00,False,+49.1%,True,$14108.1M,,N/A,False,2.3K,True,$14.70 / SMA $13.85,False,1.16%,,N/A,False,959.1M,False,PNK,False,
TDS,"Telephone and Data Systems, Inc.",33.79,2026-07-20T22:59:00.465625+00:00,False,+1.3%,True,$3847.0M,True,+1311.1%,True,1096.8K,False,$33.79 / SMA $38.72,True,3.05%,False,+6.5%,True,88.0M,True,NYQ,False,
TE,T1 Energy Inc.,6.03,2026-07-20T22:47:41.433851+00:00,True,+424.3%,True,$1684.0M,True,+27.3%,True,34652.0K,False,$6.03 / SMA $8.23,True,11.89%,True,+232.3%,False,194.7M,True,NYQ,False,
TECK,Teck Resources Limited,54.5,2026-07-20T22:46:43.848006+00:00,True,+75.9%,True,$26699.2M,True,+128.8%,True,3220.7K,False,$54.50 / SMA $61.99,True,3.15%,True,+72.2%,False,468.3M,True,NYQ,False,
TEFOF,"Telefónica, S.A.",4.0,2026-07-20T22:46:47.206626+00:00,False,+9.3%,True,$22551.7M,True,+62.5%,False,2.2K,False,$4.00 / SMA $4.39,False,0.00%,,,False,3924.4M,False,PNK,False,
TELDY,Telefónica Deutschland Holding AG,11.75,2026-07-20T22:47:13.034209+00:00,False,+1.7%,True,$6990.2M,,,False,0.0K,False,$11.75 / SMA $11.86,False,0.00%,,,True,18.7M,False,PNK,False,
TELNF,Telenor ASA,14.85,2026-07-20T22:56:49.532156+00:00,False,+26.6%,True,$20257.1M,False,+15.6%,False,0.0K,False,$14.85 / SMA $15.96,False,0.15%,False,+-1.7%,False,627.1M,False,OQX,False,
TEM,"Tempus AI, Inc.",48.41,2026-07-20T22:57:10.630595+00:00,False,+16.0%,True,$8692.7M,False,+-77.5%,True,6278.1K,False,$48.41 / SMA $51.41,True,7.11%,True,+36.1%,True,114.3M,True,NMS,False,
TENB,"Tenable Holdings, Inc.",37.76,2026-07-20T22:59:10.344959+00:00,True,+140.1%,True,$4163.9M,True,+105.3%,True,3637.7K,True,$37.76 / SMA $29.91,True,7.34%,False,+9.6%,True,108.8M,True,NMS,False,
TENX,"Tenax Therapeutics, Inc.",15.68,2026-07-20T23:04:43.832620+00:00,True,+171.7%,True,$415.9M,False,+-25.0%,True,980.6K,True,$15.68 / SMA $12.98,True,8.26%,,N/A,True,26.5M,True,NCM,False,
TEZNY,Terna S.p.A.,34.88,2026-07-20T22:56:49.147804+00:00,False,+21.8%,True,$23355.6M,False,+0.4%,False,20.7K,True,$34.88 / SMA $34.30,False,1.08%,False,+9.6%,False,468.6M,False,PNK,False,
TFC,Truist Financial Corporation,51.0,2026-07-20T22:56:36.418722+00:00,False,+25.1%,True,$62302.9M,True,+25.3%,True,8902.1K,True,$51.00 / SMA $49.44,False,2.23%,False,+5.2%,False,1218.4M,True,NYQ,False,
TGLVY,Top Glove Corporation Bhd.,0.565,2026-07-20T23:00:55.652477+00:00,False,+23.4%,True,$1132.6M,True,+134.9%,False,1.4K,False,$0.56 / SMA $0.73,False,1.44%,True,+31.9%,False,1236.2M,False,PNK,False,
TGSGY,TGS ASA,14.25,2026-07-20T22:59:06.832048+00:00,True,+100.7%,True,$2800.2M,False,+-126.3%,False,99.3K,False,$14.25 / SMA $14.93,False,1.64%,False,+-41.5%,False,180.0M,False,OQX,False,
TGT,Target Corporation,139.59,2026-07-20T22:56:37.032530+00:00,False,+67.3%,True,$63400.5M,False,+-24.7%,True,5103.9K,True,$139.59 / SMA $129.33,True,3.04%,False,+6.7%,False,452.8M,True,NYQ,False,
TGTX,"TG Therapeutics, Inc.",53.96,2026-07-20T22:47:17.097231+00:00,True,+113.4%,True,$8260.4M,True,+300.0%,True,2424.9K,True,$53.96 / SMA $47.64,True,4.55%,True,+69.6%,True,135.1M,True,NCM,True,
THC,Tenet Healthcare Corporation,194.38,2026-07-20T22:46:56.333480+00:00,False,+32.6%,True,$16743.3M,True,+87.6%,True,1498.5K,True,$194.38 / SMA $184.92,True,3.68%,False,+10.7%,True,85.1M,True,NYQ,False,
THG,"The Hanover Insurance Group, Inc.",214.35,2026-07-20T22:47:14.109271+00:00,False,+31.4%,True,$7499.4M,True,+48.6%,False,320.6K,True,$214.35 / SMA $200.24,False,2.35%,False,+5.9%,True,34.6M,True,NYQ,False,
THLLY,Thales S.A.,50.73,2026-07-20T22:56:37.475235+00:00,False,+4.1%,True,$52121.9M,,N/A,False,73.7K,False,$50.73 / SMA $52.50,False,1.44%,,N/A,False,445.2M,False,PNK,False,
THNBY,THNBY,72.38,2026-07-20T22:56:48.487589+00:00,True,+229.0%,,N/A,,N/A,False,4.7K,False,$72.38 / SMA_short $74.67,False,1.62%,,N/A,,N/A,False,PNK,False,
THNPF,Technip Energies N.V.,40.15,2026-07-20T22:47:12.593332+00:00,False,+10.4%,True,$6954.2M,,,False,0.1K,False,$40.15 / SMA $40.69,False,0.00%,,,True,134.5M,False,PNK,False,
THNPY,Technip Energies N.V.,38.33,2026-07-20T22:57:12.485198+00:00,False,+6.1%,True,$6639.0M,,N/A,False,8.0K,False,$38.33 / SMA $40.34,False,1.06%,,N/A,True,134.5M,False,PNK,False,
THQ,Abrdn Healthcare Opportunities Fund,18.9,2026-07-20T23:02:46.345172+00:00,False,+24.8%,True,$783.2M,,N/A,False,197.4K,True,$18.90 / SMA $18.40,False,1.55%,,N/A,,N/A,True,NYQ,False,
THRM,Gentherm Incorporated,35.57,2026-07-20T22:51:04.660880+00:00,False,+31.7%,True,$1090.8M,,,False,331.4K,True,$35.57 / SMA $34.49,True,3.60%,False,+11.3%,True,30.1M,True,NMS,False,
THUPY,Thule Group AB (publ),10.4,2026-07-20T22:59:12.053692+00:00,False,+5.1%,True,$2443.1M,True,+874.3%,False,0.3K,False,$10.40 / SMA $11.21,False,0.21%,True,+53.3%,False,215.3M,False,PNK,False,
THVB,"Thomasville Bancshares, Inc.",105.0,2026-07-20T23:02:50.590737+00:00,False,+30.3%,True,$664.9M,,N/A,False,0.2K,True,$105.00 / SMA $102.92,False,0.63%,,N/A,,N/A,False,OID,False,
TISCY,Taisei Corporation,22.45,2026-07-20T22:46:57.980907+00:00,True,+79.6%,True,$14638.2M,,,False,0.8K,True,$22.45 / SMA $22.26,True,3.70%,,,False,602.1M,False,PNK,False,
TITN,Titan Machinery Inc.,19.15,2026-07-20T22:52:57.088272+00:00,False,+45.0%,True,$446.2M,False,+5.2%,False,188.9K,False,$19.15 / SMA $20.26,True,4.50%,False,+-12.1%,True,18.9M,True,NMS,False,
TKAMY,thyssenkrupp AG,13.68,2026-07-20T22:47:10.949869+00:00,False,+67.6%,True,$8608.7M,False,+-100.0%,False,19.5K,True,$13.68 / SMA $12.81,False,1.97%,False,+-2.3%,False,608.2M,False,PNK,False,
TKC,Turkcell Iletisim Hizmetleri A.S.,5.82,2026-07-20T22:47:21.653356+00:00,False,+8.8%,True,$5066.8M,,,True,1628.9K,False,$5.82 / SMA $5.95,False,1.74%,True,+31.3%,False,389.6M,True,NYQ,False,
TKECY,"Tokyo Electric Power Company Holdings, Incorporated",3.1,2026-07-20T22:47:19.035737+00:00,False,+12.3%,True,$4968.4M,,,False,2.6K,False,$3.10 / SMA $3.34,False,1.47%,,,False,1510.6M,False,PNK,False,
TKGSF,"Tokyo Gas Co.,Ltd.",40.26,2026-07-20T22:56:58.040326+00:00,False,+29.5%,True,$13305.1M,,N/A,False,0.1K,False,$40.26 / SMA $40.82,False,0.25%,,N/A,False,300.3M,False,PNK,False,
TKMCY,TKMS AG & Co KGaA,9.42,2026-07-20T22:47:17.545463+00:00,False,+13.4%,,,,,False,0.5K,True,$9.42 / SMA_short $9.10,,,,,True,31.7M,False,PNK,False,
TKMTY,TKMTY,8.9,2026-07-20T22:47:19.222338+00:00,False,+6.6%,True,$5167.3M,,,False,0.5K,False,$8.90 / SMA $9.07,False,0.00%,,,False,271.8M,False,PNK,False,
TKR,The Timken Company,134.38,2026-07-20T22:57:10.168600+00:00,True,+90.4%,True,$9338.7M,True,+26.1%,True,1024.7K,True,$134.38 / SMA $131.77,True,3.19%,False,+8.0%,True,66.9M,True,NYQ,False,
TLGPY,Telstra Group Limited,17.66,2026-07-20T22:56:40.266153+00:00,False,+16.5%,True,$39343.4M,,N/A,False,69.8K,False,$17.66 / SMA $18.19,True,3.46%,,N/A,False,2268.8M,False,PNK,False,
TLN,Talen Energy Corporation,360.32,2026-07-20T22:46:53.928439+00:00,False,+20.1%,True,$17221.5M,True,+145.2%,True,803.0K,False,$360.32 / SMA $377.57,True,5.04%,True,+96.7%,True,36.1M,True,NMS,False,
TLPFY,Teleperformance SE,30.94,2026-07-20T22:47:21.377019+00:00,False,+20.4%,True,$3597.3M,,,False,6.6K,False,$30.94 / SMA $33.37,False,1.96%,,,True,74.7M,False,PNK,False,
TLPPF,Telix Pharmaceuticals Limited,10.5,2026-07-20T22:59:06.354789+00:00,True,+77.7%,True,$3557.2M,,N/A,False,3.6K,True,$10.50 / SMA $10.19,False,2.17%,,N/A,False,272.8M,False,PNK,False,
TLRY,"Tilray Brands, Inc.",4.23,2026-07-20T23:02:51.155963+00:00,False,+0.8%,True,$522.2M,True,+97.2%,True,4973.1K,False,$4.23 / SMA $4.94,True,4.77%,False,+11.3%,False,444.1M,True,NMS,False,
TLSNY,Telia Company AB (publ),9.28,2026-07-20T22:56:51.661164+00:00,False,+37.7%,True,$18245.0M,False,+14.0%,False,77.7K,False,$9.28 / SMA $10.15,False,0.98%,False,+4.6%,False,1157.3M,False,PNK,False,
TLX,Telix Pharmaceuticals Limited,10.51,2026-07-20T22:59:06.845735+00:00,False,+67.4%,True,$3560.5M,,N/A,False,166.2K,True,$10.51 / SMA $10.37,False,2.49%,,N/A,False,272.8M,True,NMS,False,
TMICY,Trend Micro Incorporated,39.99,2026-07-20T22:47:21.105441+00:00,False,+28.6%,True,$5189.4M,,,False,10.1K,True,$39.99 / SMA $37.66,False,2.13%,,,True,122.3M,False,PNK,False,
TMNSF,Temenos AG,85.63,2026-07-20T22:47:15.439318+00:00,False,+15.0%,True,$5819.3M,False,+-46.3%,False,0.0K,False,$85.63 / SMA $86.20,False,0.00%,False,+-20.7%,True,50.1M,False,PNK,False,
TMSNY,Temenos AG,83.86,2026-07-20T22:57:19.079845+00:00,False,+14.1%,True,$5699.0M,False,+-46.3%,False,1.4K,False,$83.86 / SMA $85.92,False,1.78%,False,+-20.7%,True,50.1M,False,PNK,False,
TMTNY,TMTNY,32.42,2026-07-20T22:46:59.030923+00:00,False,+35.1%,True,$13216.6M,False,+24.2%,False,15.8K,True,$32.42 / SMA $32.34,True,6.00%,False,+12.7%,False,407.0M,False,PNK,False,
TMVWY,TeamViewer SE,3.15,2026-07-20T22:51:03.850995+00:00,False,+31.2%,True,$990.5M,False,+0.0%,False,1.8K,True,$3.15 / SMA $3.15,False,0.24%,False,+3.5%,False,297.9M,False,PNK,False,
TNABF,Tenaga Nasional Berhad,3.45,2026-07-20T22:46:49.856707+00:00,False,+27.8%,True,$21390.1M,False,+3.7%,False,3.4K,False,$3.45 / SMA $3.54,False,1.69%,False,+6.6%,False,3347.0M,False,PNK,False,
TNABY,Tenaga Nasional Berhad,15.34,2026-07-20T22:46:50.328984+00:00,False,+32.2%,True,$22354.8M,False,+3.7%,False,0.8K,True,$15.34 / SMA $14.66,False,0.00%,False,+6.6%,False,836.8M,False,PNK,False,
TNC,Tennant Company,85.79,2026-07-20T22:50:55.842704+00:00,False,+42.6%,True,$1461.8M,False,+-98.6%,False,210.3K,False,$85.79 / SMA $85.89,False,2.90%,False,+2.7%,True,16.6M,True,NYQ,False,
TNGRF,Thungela Resources Limited,6.1,2026-07-20T23:01:03.084658+00:00,False,+43.5%,True,$776.4M,,N/A,False,3.8K,False,$6.10 / SMA $7.46,True,4.13%,,N/A,True,125.6M,False,PNK,False,
TNGZF,Tivan Limited,0.2311,2026-07-20T22:52:57.369030+00:00,True,+465.0%,True,$536.2M,,,False,18.6K,True,$0.23 / SMA $0.21,False,0.78%,,,False,1584.4M,False,PNK,False,
TNISY,"Técnicas Reunidas, S.A.",7.2516,2026-07-20T22:47:36.360525+00:00,True,+90.3%,True,$2830.3M,False,+-45.2%,False,0.1K,False,$7.25 / SMA $7.31,False,0.00%,False,+20.9%,False,206.3M,False,PNK,False,
TNK,Teekay Tankers Ltd.,71.91,2026-07-20T22:47:37.557832+00:00,True,+72.2%,True,$2491.2M,True,+100.9%,False,377.6K,False,$71.91 / SMA $73.08,True,4.23%,False,+23.5%,True,23.9M,True,NYQ,False,
TOELF,Tokyo Electron Limited,399.55,2026-07-20T22:46:29.157804+00:00,True,+206.9%,True,$181655.9M,,,False,13.5K,True,$399.55 / SMA $393.78,True,6.29%,,,False,439.5M,False,PNK,False,
TOI,"The Oncology Institute, Inc.",5.5,2026-07-20T23:02:59.675466+00:00,True,+137.1%,True,$549.9M,True,+90.5%,True,1899.6K,True,$5.50 / SMA $4.96,True,7.56%,True,+41.2%,True,87.3M,True,NCM,True,
TOITF,Topicus.com Inc.,65.93,2026-07-20T22:47:17.705191+00:00,False,+9.0%,True,$14055.0M,,,False,28.4K,False,$65.93 / SMA $68.65,True,3.41%,False,+19.4%,True,41.8M,False,PNK,False,
TOL,"Toll Brothers, Inc.",146.94,2026-07-20T22:46:59.606044+00:00,False,+26.1%,True,$13734.6M,False,+-22.3%,True,1099.2K,True,$146.94 / SMA $144.84,True,3.29%,False,+-7.6%,True,92.7M,True,NYQ,False,
TOPPY,TOPPAN Holdings Inc.,15.36,2026-07-20T22:47:11.390622+00:00,False,+42.6%,True,$8616.4M,,,False,1.3K,True,$15.36 / SMA $15.30,False,2.24%,,,False,511.8M,False,PNK,False,
TORXF,Torex Gold Resources Inc.,37.69,2026-07-20T22:47:27.238590+00:00,False,+39.2%,True,$3518.2M,,,False,39.0K,False,$37.69 / SMA $42.20,True,3.94%,True,+82.8%,True,93.1M,False,OQX,False,
TOST,"Toast, Inc.",30.85,2026-07-20T22:46:58.541533+00:00,False,+38.6%,True,$17893.0M,True,+122.2%,True,12608.4K,True,$30.85 / SMA $26.08,True,4.09%,False,+21.9%,False,486.5M,True,NYQ,False,
TOYO,"TOYO Co., Ltd.",5.15,2026-07-20T23:02:55.080925+00:00,False,+44.7%,False,$220.0M,,N/A,True,677.2K,False,$5.15 / SMA $11.05,True,10.52%,,N/A,True,8.8M,True,NCM,False,
TPC,Tutor Perini Corporation,80.54,2026-07-20T22:47:28.342506+00:00,True,+85.1%,True,$4251.8M,False,+-9.4%,True,546.3K,True,$80.54 / SMA $77.06,True,4.39%,False,+11.5%,True,44.9M,True,NYQ,False,
TPZEF,Topaz Energy Corp.,22.6,2026-07-20T22:59:03.781631+00:00,False,+30.0%,True,$3498.5M,,N/A,False,114.1K,True,$22.60 / SMA $22.56,False,0.62%,False,+16.7%,True,72.0M,False,PNK,False,
TR,"Tootsie Roll Industries, Inc.",39.02,2026-07-20T22:47:35.154685+00:00,False,+16.7%,True,$2933.2M,False,+-1.1%,False,224.2K,True,$39.02 / SMA $38.83,True,3.09%,False,+2.1%,True,21.1M,True,NYQ,False,
TRAUF,Transurban Group,10.05,2026-07-20T22:46:42.269300+00:00,False,+15.9%,True,$31357.8M,,,False,0.3K,False,$10.05 / SMA $10.44,False,0.00%,,,False,3114.4M,False,PNK,False,
TREE,"LendingTree, Inc.",44.13,2026-07-20T23:02:56.912422+00:00,False,+35.2%,True,$615.7M,True,+232.6%,False,273.7K,True,$44.13 / SMA $39.62,True,5.40%,True,+36.5%,True,13.1M,True,NMS,False,
TRIP,"Tripadvisor, Inc.",14.41,2026-07-20T23:01:02.599778+00:00,False,+59.9%,True,$1676.8M,False,+-250.0%,True,3754.0K,True,$14.41 / SMA $12.12,True,4.91%,False,+-4.0%,True,114.8M,True,NMS,False,
TRMD,TORM plc,29.08,2026-07-20T22:59:07.182647+00:00,False,+66.4%,True,$2976.8M,True,+90.3%,True,884.2K,False,$29.08 / SMA $29.41,True,3.70%,False,+22.2%,True,67.6M,True,NMS,False,
TRNO,Terreno Realty Corporation,74.11,2026-07-20T22:57:14.559897+00:00,False,+39.8%,True,$7834.7M,True,+40.4%,True,876.3K,True,$74.11 / SMA $66.44,False,2.36%,False,+12.7%,True,104.2M,True,NYQ,False,
TRNS,"Transcat, Inc.",86.09,2026-07-20T23:02:49.252732+00:00,True,+71.4%,True,$804.1M,False,+-56.3%,False,166.5K,True,$86.09 / SMA $85.56,True,4.29%,False,+15.8%,True,9.1M,True,NGM,False,
TROLB,"Tootsie Roll Industries, Inc.",39.5,2026-07-20T22:59:09.301835+00:00,False,+16.2%,True,$2969.3M,False,+-1.1%,False,0.0K,False,$39.50 / SMA $39.52,False,0.00%,False,+2.1%,True,21.1M,False,PNK,False,
TROO,"TROOPS, Inc.",2.08,2026-07-20T23:02:57.369423+00:00,True,+210.4%,False,$254.1M,,N/A,False,422.7K,False,$2.08 / SMA $3.01,True,17.95%,,N/A,True,58.6M,True,NCM,False,
TROW,"T. Rowe Price Group, Inc.",116.49,2026-07-20T22:56:50.422173+00:00,False,+36.7%,True,$24959.9M,False,+3.7%,True,2181.9K,True,$116.49 / SMA $108.12,False,2.51%,False,+5.3%,False,210.1M,True,NMS,False,
TRPRF,TRPRF,16.75,2026-07-20T22:46:33.625236+00:00,False,+0.0%,,,,,,,,,,,,,,,False,PNK,False,
TRRSF,Trisura Group Ltd.,31.38,2026-07-20T22:50:56.850235+00:00,False,+21.2%,True,$1482.3M,True,+90.4%,False,13.1K,True,$31.38 / SMA $30.54,False,0.46%,False,+3.0%,True,46.1M,False,PNK,False,
TRRVF,TerraVest Industries Inc.,82.5,2026-07-20T23:00:48.342137+00:00,False,+17.9%,True,$1789.1M,False,+-67.6%,False,7.6K,False,$82.50 / SMA $90.36,False,0.64%,True,+42.1%,True,13.7M,False,PNK,False,
TRS,TriMas Corporation,39.93,2026-07-20T22:50:56.670519+00:00,False,+33.4%,True,$1430.6M,True,+7033.3%,False,493.7K,False,$39.93 / SMA $41.17,True,3.22%,False,+10.4%,True,29.0M,True,NMS,False,
TRUMF,Terumo Corporation,13.19,2026-07-20T22:56:54.514250+00:00,False,+14.8%,True,$19456.3M,,N/A,False,2.2K,False,$13.19 / SMA $13.39,False,0.42%,,N/A,False,1445.3M,False,PNK,False,
TRYIY,"Toray Industries, Inc.",14.24,2026-07-20T22:57:05.692322+00:00,False,+21.7%,True,$10376.2M,,N/A,False,37.9K,True,$14.24 / SMA $14.21,False,1.13%,,N/A,False,727.6M,False,PNK,False,
TSAT,Telesat Corporation,37.01,2026-07-20T23:02:44.728328+00:00,True,+88.9%,True,$1901.5M,False,+-176.8%,False,262.1K,False,$37.01 / SMA $47.48,True,7.69%,False,+-25.4%,True,1.9M,True,NMS,False,
TSCDF,Tesco PLC,6.33,2026-07-20T22:56:40.803274+00:00,False,+19.9%,True,$39449.4M,,N/A,False,32.9K,True,$6.33 / SMA $6.16,False,1.62%,,N/A,False,6085.1M,False,OQX,False,
TSGTF,Tsingtao Brewery Company Limited,5.4,2026-07-20T22:57:04.793108+00:00,False,+3.6%,True,$8888.9M,False,+5.2%,False,1.9K,False,$5.40 / SMA $6.07,False,0.37%,False,+-1.5%,False,881.6M,False,PNK,False,
TSLX,"Sixth Street Specialty Lending, Inc.",17.08,2026-07-20T23:00:55.588330+00:00,False,+6.5%,True,$1622.9M,False,+-169.2%,True,711.7K,True,$17.08 / SMA $16.98,False,2.59%,False,+-136.9%,,N/A,True,NYQ,False,
TSM,Taiwan Semiconductor Manufacturing Company Limited,402.3,2026-07-20T22:56:27.078274+00:00,True,+79.8%,True,$2086518.4M,True,+77.4%,True,14185.2K,False,$402.30 / SMA $424.86,True,3.98%,True,+36.0%,False,37843.3M,True,NYQ,False,
TSPCF,Cleanaway Waste Management Limited,1.4725,2026-07-20T22:59:04.874611+00:00,False,+6.7%,True,$3300.2M,,N/A,False,0.9K,False,$1.47 / SMA $1.61,False,0.15%,,N/A,False,2219.0M,False,PNK,False,
TSSI,"TSS, Inc.",9.08,2026-07-20T22:53:06.077707+00:00,False,+32.2%,False,$254.9M,False,+-33.3%,True,1372.2K,False,$9.08 / SMA $12.24,True,6.99%,False,+-44.1%,True,21.3M,True,NCM,False,
TSYHF,TravelSky Technology Limited,1.03,2026-07-20T22:47:30.874671+00:00,False,+14.4%,True,$3014.0M,,,False,49.1K,False,$1.03 / SMA $1.15,True,4.67%,,,False,932.6M,False,PNK,False,
TSYHY,TravelSky Technology Limited,10.5,2026-07-20T22:47:31.029733+00:00,False,+3.9%,True,$3096.1M,,,False,4.8K,False,$10.50 / SMA $11.04,True,3.50%,,,True,93.3M,False,PNK,False,
TTAPY,TTW Public Company Limited,15.0,2026-07-20T23:01:03.317331+00:00,False,+15.7%,True,$1197.0M,False,+0.0%,False,0.0K,True,$15.00 / SMA $14.83,False,0.00%,False,+1.3%,False,1440.4M,False,PNK,False,
TTCIF,Titan S.A.,61.5,2026-07-20T22:58:58.317447+00:00,False,+44.7%,True,$4598.4M,,N/A,False,0.2K,True,$61.50 / SMA $58.98,False,0.00%,,N/A,True,41.5M,False,PNK,False,
TTMI,"TTM Technologies, Inc.",133.17,2026-07-20T22:56:52.416376+00:00,True,+239.7%,True,$13829.7M,True,+51.6%,True,2727.3K,False,$133.17 / SMA $173.64,True,7.31%,True,+30.4%,True,102.2M,True,NMS,False,
TTNDF,Techtronic Industries Company Limited,15.45,2026-07-20T22:56:46.694197+00:00,False,+43.7%,True,$28240.4M,,N/A,False,1.6K,False,$15.45 / SMA $16.00,False,0.67%,,N/A,False,1422.5M,False,OQX,False,
TTVSY,TTVSY,11.3,2026-07-20T22:59:03.825975+00:00,False,+13.6%,True,$3238.6M,,N/A,False,52.1K,False,$11.30 / SMA $11.96,True,3.20%,False,+22.6%,False,223.6M,False,PNK,False,
TU,TELUS Corporation,10.28,2026-07-20T22:56:52.733835+00:00,False,+2.0%,True,$16050.7M,False,+-57.1%,True,5647.5K,False,$10.28 / SMA $11.49,False,2.45%,False,+-0.6%,False,1570.6M,True,NYQ,False,
TUWLF,Tullow Oil plc,0.17,2026-07-20T22:53:01.374609+00:00,True,+240.0%,False,$257.6M,,,False,10.6K,False,$0.17 / SMA $0.20,False,1.27%,,,False,1087.6M,False,PNK,False,
TVACU,Texas Ventures Acquisition III Corp,10.93,2026-07-20T23:04:44.866784+00:00,False,+7.1%,,N/A,,N/A,False,0.2K,True,$10.93 / SMA $10.68,False,0.06%,,N/A,True,19.3M,True,NGM,False,
TW,Tradeweb Markets Inc.,100.52,2026-07-20T22:56:48.118137+00:00,False,+10.0%,True,$21916.0M,True,+39.1%,True,1734.2K,False,$100.52 / SMA $101.78,True,3.08%,False,+21.2%,True,115.7M,True,NMS,False,
TWFG,"TWFG, Inc.",27.37,2026-07-20T23:02:38.966783+00:00,False,+65.3%,True,$355.7M,True,+33.3%,False,222.8K,True,$27.37 / SMA $21.64,True,4.87%,True,+35.9%,True,11.3M,True,NMS,False,
TWODY,Taylor Wimpey plc,10.73,2026-07-20T22:47:28.958626+00:00,False,+9.6%,True,$3727.1M,,,False,55.3K,True,$10.73 / SMA $10.60,False,1.77%,,,False,349.2M,False,PNK,False,
TXG,"10x Genomics, Inc.",43.22,2026-07-20T22:59:08.546918+00:00,True,+287.3%,True,$5487.0M,True,+64.3%,True,3193.7K,True,$43.22 / SMA $31.95,True,6.97%,False,+-2.6%,True,114.8M,True,NMS,False,
TXRH,"Texas Roadhouse, Inc.",196.26,2026-07-20T22:47:02.031686+00:00,False,+27.6%,True,$12900.1M,False,+10.0%,True,1187.5K,True,$196.26 / SMA $179.92,False,2.89%,False,+12.8%,True,61.7M,True,NMS,False,
TYEKF,thyssenkrupp AG,13.25,2026-07-20T22:57:13.028638+00:00,False,+65.6%,True,$8563.3M,False,+-100.0%,False,0.2K,True,$13.25 / SMA $12.67,False,0.00%,False,+-2.3%,False,608.2M,False,PNK,False,
TYHOY,Toyota Tsusho Corporation,19.38,2026-07-20T22:46:38.256154+00:00,True,+104.9%,True,$40921.9M,,,False,19.6K,False,$19.38 / SMA $20.53,True,5.71%,,,False,2089.1M,False,PNK,False,
TYL,"Tyler Technologies, Inc.",317.96,2026-07-20T22:56:59.719351+00:00,False,+17.5%,True,$13081.1M,False,+2.2%,True,797.6K,True,$317.96 / SMA $305.96,True,3.81%,False,+8.6%,True,39.5M,True,NYQ,False,
UAA,"Under Armour, Inc.",7.28,2026-07-20T22:47:40.740899+00:00,True,+76.3%,True,$3103.6M,True,+37.5%,True,8691.2K,True,$7.28 / SMA $6.01,True,5.17%,False,+-0.8%,False,302.0M,True,NYQ,False,
UAL,"United Airlines Holdings, Inc.",117.52,2026-07-20T22:56:44.025827+00:00,False,+42.6%,True,$38143.4M,False,+-17.2%,True,5920.9K,True,$117.52 / SMA $113.93,True,3.67%,False,+16.0%,False,321.8M,True,NMS,False,
UBS,UBS Group AG,51.5,2026-07-20T22:56:30.431091+00:00,False,+43.3%,True,$168807.0M,True,+84.3%,True,2194.7K,True,$51.50 / SMA $48.90,False,1.39%,False,+14.9%,False,3087.7M,True,NYQ,False,
UCBJF,UCB SA,300.0,2026-07-20T22:56:38.486912+00:00,False,+49.8%,True,$57108.4M,,N/A,False,0.6K,True,$300.00 / SMA $292.42,False,1.32%,,N/A,True,119.9M,False,PNK,False,
UELKY,Ülker Bisküvi Sanayi A.S.,26.9,2026-07-20T22:51:06.538197+00:00,False,+13.1%,True,$993.4M,False,+-49.8%,False,0.0K,True,$26.90 / SMA $26.14,False,0.00%,False,+-3.9%,True,19.5M,False,PNK,False,
UGI,UGI Corporation,36.73,2026-07-20T22:57:12.297982+00:00,False,+16.2%,True,$7874.7M,False,+6.4%,True,1813.8K,True,$36.73 / SMA $34.59,False,2.01%,False,+0.7%,False,213.9M,True,NYQ,False,
UGP,Ultrapar Participações S.A.,6.23,2026-07-20T22:47:16.026885+00:00,True,+119.4%,True,$6658.8M,True,+167.4%,True,3462.6K,True,$6.23 / SMA $5.39,False,2.60%,False,+10.3%,False,633.1M,True,NYQ,False,
UHOIF,Ushio Inc.,25.37,2026-07-20T23:00:51.482089+00:00,True,+167.1%,True,$2013.1M,,N/A,False,0.0K,False,$25.37 / SMA $25.62,False,0.00%,,N/A,True,76.9M,False,PNK,False,
UMBF,UMB Financial Corporation,144.55,2026-07-20T22:57:05.925967+00:00,False,+39.8%,True,$10982.7M,True,+176.9%,True,726.6K,True,$144.55 / SMA $135.49,False,2.48%,True,+34.3%,True,72.3M,True,NMS,False,
UMBFO,UMB Financial Corporation,26.47,2026-07-20T22:47:05.139918+00:00,False,+3.8%,,,,,False,16.2K,True,$26.47 / SMA $26.25,False,1.30%,True,+34.3%,True,72.3M,True,NMS,False,
UMH,"UMH Properties, Inc.",15.6,2026-07-20T23:01:00.393545+00:00,False,+12.0%,True,$1328.6M,,N/A,True,684.2K,True,$15.60 / SMA $15.27,False,1.74%,False,+7.5%,True,79.9M,True,NYQ,False,
UMICF,Umicore SA,30.45,2026-07-20T22:47:13.138052+00:00,True,+104.2%,True,$7448.4M,,,False,0.6K,True,$30.45 / SMA $26.31,False,0.57%,,,False,215.9M,False,PNK,False,
UNCRY,UniCredit S.p.A.,46.08,2026-07-20T22:46:29.694496+00:00,False,+37.8%,True,$138081.3M,False,+20.1%,False,471.6K,True,$46.08 / SMA $43.75,False,1.24%,False,+7.9%,False,2987.8M,False,PNK,False,
UNIKF,Unitika Ltd.,10.175,2026-07-20T23:02:53.350865+00:00,True,+587.5%,True,$586.6M,,N/A,False,0.2K,False,$10.18 / SMA $10.74,False,0.00%,,N/A,True,57.7M,False,PNK,False,
UNIT,Uniti Group Inc.,10.96,2026-07-20T22:47:37.500851+00:00,True,+106.8%,True,$2661.3M,False,+-780.0%,True,2500.9K,False,$10.96 / SMA $11.32,True,4.01%,True,+236.0%,False,178.9M,True,NMS,False,
UNLRY,UNLRY,2.17,2026-07-20T22:47:28.849083+00:00,False,+25.4%,,,,,False,12.4K,True,$2.17 / SMA $1.81,False,0.48%,False,+9.3%,False,277.9M,False,PNK,False,
UNM,Unum Group,88.85,2026-07-20T22:56:59.609317+00:00,False,+30.1%,True,$14196.1M,True,+33.0%,True,1426.3K,True,$88.85 / SMA $86.92,False,2.27%,False,+8.3%,True,143.3M,True,NYQ,False,
UNTY,"Unity Bancorp, Inc.",57.11,2026-07-20T22:52:50.643036+00:00,False,+28.8%,True,$573.4M,False,+-11.8%,False,56.3K,True,$57.11 / SMA $55.58,True,3.18%,,,True,7.3M,True,NGM,False,
UNVGY,Universal Music Group N.V.,10.46,2026-07-20T22:56:39.978202+00:00,False,+18.5%,True,$38366.6M,,N/A,True,560.4K,False,$10.46 / SMA $10.86,False,1.42%,,N/A,False,2075.6M,False,PNK,False,
UOLGY,UOLGY,29.27,2026-07-20T22:57:14.847890+00:00,False,+38.2%,True,$6195.0M,,N/A,False,12.4K,False,$29.27 / SMA $30.89,False,0.58%,,N/A,True,113.4M,False,PNK,False,
UOVEY,United Overseas Bank Limited,65.99,2026-07-20T22:56:39.084209+00:00,False,+32.0%,True,$54496.2M,,N/A,False,36.2K,True,$65.99 / SMA $61.34,False,1.34%,,N/A,False,576.8M,False,PNK,False,
UPB,"Upstream Bio, Inc.",6.98,2026-07-20T22:52:55.831222+00:00,False,+19.3%,True,$379.9M,False,+-46.7%,True,578.3K,False,$6.98 / SMA $7.49,True,6.10%,True,+82.7%,True,40.5M,True,NMS,False,
UPBD,"Upbound Group, Inc.",21.69,2026-07-20T23:01:05.592245+00:00,False,+37.1%,True,$1264.4M,,N/A,True,922.9K,True,$21.69 / SMA $18.99,True,4.57%,,N/A,True,52.7M,True,NMS,False,
UPCHY,Uni-President China Holdings Ltd,96.3,2026-07-20T22:58:59.972153+00:00,False,+12.6%,True,$4159.5M,,N/A,False,0.0K,True,$96.30 / SMA $89.09,False,0.03%,,N/A,True,11.7M,False,PNK,False,
URBN,"Urban Outfitters, Inc.",74.83,2026-07-20T22:57:17.018900+00:00,False,+25.7%,True,$6408.1M,False,+12.1%,True,1228.5K,True,$74.83 / SMA $71.93,True,3.82%,False,+11.4%,True,60.6M,True,NMS,False,
UROY,Uranium Royalty Corp.,2.76,2026-07-20T22:52:53.791483+00:00,False,+14.0%,True,$404.6M,True,+200.0%,True,2567.1K,False,$2.76 / SMA $3.19,True,5.37%,True,+416400.0%,True,125.3M,True,NCM,False,
USAC,"USA Compression Partners, LP",26.76,2026-07-20T22:47:25.459186+00:00,False,+22.5%,True,$3879.5M,True,+92.9%,False,227.4K,False,$26.76 / SMA $27.42,True,3.35%,True,+35.1%,True,88.0M,True,NYQ,False,
USAR,"USA Rare Earth, Inc.",15.23,2026-07-20T22:47:18.599202+00:00,False,+39.6%,True,$3726.3M,False,+-158.6%,True,16162.1K,False,$15.23 / SMA $22.52,True,7.39%,,,False,193.5M,True,NGM,False,
USAS,Americas Gold and Silver Corporation,3.76,2026-07-20T22:47:45.320115+00:00,True,+72.9%,True,$1269.2M,True,+137.5%,True,4540.9K,False,$3.76 / SMA $5.33,True,6.69%,True,+187.9%,False,270.9M,True,ASE,False,
USPH,"U.S. Physical Therapy, Inc.",74.42,2026-07-20T22:51:06.053987+00:00,False,+27.9%,True,$1132.6M,False,+-115.0%,False,226.1K,True,$74.42 / SMA $65.65,True,3.86%,False,+7.9%,True,14.8M,True,NYQ,False,
UWMC,UWM Holdings Corporation,1.89,2026-07-20T22:47:21.602710+00:00,False,+1.1%,True,$3053.7M,True,+175.0%,True,20950.4K,False,$1.89 / SMA $2.47,True,5.98%,True,+1124.8%,False,294.4M,True,NYQ,False,
UXIN,Uxin Limited,1.525,2026-07-20T22:52:55.294874+00:00,False,+7.4%,True,$335.5M,,,False,233.2K,False,$1.52 / SMA $2.04,True,10.98%,True,+112.9%,True,85.1M,True,NMS,False,
UZAPF,Flughafen Zürich AG,285.5,2026-07-20T22:47:07.758090+00:00,False,+6.2%,True,$8764.3M,,,False,0.1K,False,$285.50 / SMA $298.35,False,1.00%,,,True,18.8M,False,PNK,False,
VACI.U,VACI.U,,2026-07-20T22:54:41.815367+00:00,False,,False,,False,,False,,False,,False,,False,,False,,False,Unknown,False,No price data available
VACNY,VAT Group AG,81.87,2026-07-20T22:56:49.002599+00:00,True,+155.9%,True,$24533.9M,,N/A,False,9.8K,True,$81.87 / SMA $80.92,False,1.93%,,N/A,False,269.1M,False,PNK,False,
VAL,Valaris Limited,74.88,2026-07-20T22:47:13.332514+00:00,True,+72.0%,True,$5185.6M,True,+54.7%,True,917.9K,False,$74.88 / SMA $87.25,True,3.99%,False,+-25.0%,True,56.9M,True,NYQ,False,
VALE,Vale S.A.,14.1,2026-07-20T22:56:35.568900+00:00,False,+50.6%,True,$60006.3M,True,+33.3%,True,23181.9K,False,$14.10 / SMA $15.56,False,2.00%,False,+14.0%,False,3965.4M,True,NYQ,False,
VALN,Valneva SE,4.84,2026-07-20T23:02:54.853310+00:00,False,+0.0%,True,$494.3M,False,+-200.0%,False,47.1K,False,$4.84 / SMA $5.50,True,3.45%,False,+-37.2%,True,73.9M,True,NMS,False,
VARRY,Vår Energi ASA,9.25,2026-07-20T22:46:59.648775+00:00,False,+53.5%,True,$11545.2M,False,+-22.2%,False,11.4K,False,$9.25 / SMA $9.62,True,10.20%,True,+45.0%,False,451.9M,False,PNK,False,
VARXF,BOE Varitronix Limited,0.6343,2026-07-20T23:02:57.290884+00:00,False,+23.7%,True,$488.9M,,N/A,False,0.1K,True,$0.63 / SMA $0.49,False,0.00%,,N/A,False,367.5M,False,PNK,False,
VBNK,VersaBank,20.86,2026-07-20T22:52:49.610727+00:00,True,+106.5%,True,$671.6M,False,+-11.5%,False,98.7K,True,$20.86 / SMA $19.56,True,4.56%,True,+27.1%,True,20.1M,True,NMS,False,
VBVBF,Verbio SE,44.05,2026-07-20T22:47:38.021275+00:00,True,+264.0%,True,$2806.7M,True,+263.6%,False,0.1K,True,$44.05 / SMA $43.84,False,0.00%,False,+13.2%,True,41.0M,False,PNK,False,
VCEL,Vericel Corporation,45.88,2026-07-20T23:00:53.567334+00:00,False,+58.5%,True,$2343.0M,True,+47.8%,True,649.4K,True,$45.88 / SMA $39.42,True,4.13%,True,+30.1%,True,50.4M,True,NGM,False,
VCHYF,"V Technology Co., Ltd.",37.41,2026-07-20T22:55:53.648672+00:00,True,+80.5%,True,$353.6M,,,False,0.0K,True,$37.41 / SMA $35.09,False,0.00%,,,True,8.2M,False,PNK,False,
VCV,Invesco California Value Municipal Income Trust,10.75,2026-07-20T23:02:57.353224+00:00,False,+7.9%,True,$528.0M,,N/A,False,92.5K,True,$10.75 / SMA $10.58,False,0.87%,,N/A,,N/A,True,NYQ,False,
VEEV,Veeva Systems Inc.,197.41,2026-07-20T22:46:46.058508+00:00,False,+33.3%,True,$32067.9M,False,+14.6%,True,3149.0K,True,$197.41 / SMA $172.12,True,3.65%,False,+16.3%,True,148.9M,True,NYQ,False,
VEOEY,Veolia Environnement SA,21.14,2026-07-20T22:46:44.381028+00:00,False,+32.0%,True,$30963.7M,,,False,387.7K,True,$21.14 / SMA $20.51,False,0.99%,,,False,1269.1M,False,PNK,False,
VFS,VinFast Auto Ltd.,3.12,2026-07-20T22:57:10.030783+00:00,False,+12.2%,True,$7299.4M,False,+-58.7%,True,630.3K,False,$3.12 / SMA $3.34,True,3.50%,True,+41.7%,True,49.6M,True,NMS,False,
VG,VG,14.29,2026-07-20T22:46:42.123542+00:00,True,+149.8%,True,$35501.5M,True,+26.7%,True,16468.1K,True,$14.29 / SMA $12.40,True,4.98%,True,+58.9%,False,506.7M,True,NYQ,False,
VHCPU,Vine Hill Capital Investment Corp. II,10.16,2026-07-20T23:04:46.402639+00:00,False,+1.7%,,N/A,,N/A,False,3.6K,True,$10.16 / SMA $10.08,False,0.00%,,N/A,True,21.4M,True,NGM,False,
VIV,Telefônica Brasil S.A.,14.03,2026-07-20T22:56:50.299854+00:00,False,+30.0%,True,$22417.2M,False,+18.2%,True,1090.0K,True,$14.03 / SMA $13.42,False,1.97%,False,+7.4%,False,350.7M,True,NYQ,False,
VKI,Invesco Advantage Municipal Income Trust II,9.1,2026-07-20T22:53:01.026977+00:00,False,+11.8%,True,$404.3M,,,False,102.8K,True,$9.10 / SMA $9.04,False,1.13%,,,,,True,ASE,False,
VKTX,"Viking Therapeutics, Inc.",36.38,2026-07-20T22:47:29.942137+00:00,False,+58.5%,True,$4223.9M,False,+-234.1%,True,2417.3K,True,$36.38 / SMA $33.30,True,6.59%,,,True,113.3M,True,NCM,False,
VLERF,Valeura Energy Inc.,8.54,2026-07-20T22:51:06.263624+00:00,True,+96.8%,True,$909.8M,False,+-61.5%,False,64.2K,True,$8.54 / SMA $8.25,False,2.65%,False,+-37.7%,True,84.8M,False,OQX,False,
VLKAF,Volkswagen AG,84.0,2026-07-20T22:56:38.349767+00:00,False,+4.6%,True,$42732.3M,,N/A,False,0.8K,False,$84.00 / SMA $97.45,True,3.57%,False,+-13.4%,False,234.7M,False,PNK,False,
VLOUF,Vallourec S.A.,24.59,2026-07-20T22:57:15.230383+00:00,False,+45.7%,True,$6509.8M,False,+-14.7%,False,0.1K,False,$24.59 / SMA $26.86,False,0.41%,False,+-15.9%,False,184.2M,False,PNK,False,
VLOWY,Vallourec S.A.,4.77,2026-07-20T22:47:15.005742+00:00,False,+38.7%,True,$6313.9M,False,+-14.7%,False,178.5K,False,$4.77 / SMA $5.40,True,4.09%,False,+-15.9%,False,920.8M,False,PNK,False,
VLPNY,Voestalpine AG,9.31,2026-07-20T22:57:07.055563+00:00,True,+75.7%,True,$7981.0M,,N/A,False,6.9K,False,$9.31 / SMA $10.09,False,0.40%,False,+-1.9%,False,726.0M,False,PNK,False,
VLVCY,Volvo Car AB (publ.),4.08,2026-07-20T22:47:12.195516+00:00,False,+9.4%,True,$6165.7M,False,+5.0%,False,0.3K,False,$4.08 / SMA $4.52,False,0.44%,False,+-6.4%,False,298.3M,False,PNK,False,
VLVLY,AB Volvo (publ),34.74,2026-07-20T22:56:35.605639+00:00,False,+33.1%,True,$70642.1M,True,+40.1%,False,170.0K,True,$34.74 / SMA $34.14,False,1.46%,False,+2.7%,False,1943.7M,False,PNK,False,
VLXGF,Volex plc,7.01,2026-07-20T22:47:48.143511+00:00,False,+48.2%,True,$1291.8M,,,False,7.3K,False,$7.01 / SMA $8.08,False,1.21%,,,True,130.2M,False,PNK,False,
VMD,"Viemed Healthcare, Inc.",11.97,2026-07-20T23:04:38.770559+00:00,True,+101.9%,True,$458.9M,False,+0.0%,False,287.6K,True,$11.97 / SMA $10.60,True,3.44%,True,+27.5%,True,30.3M,True,NCM,False,
VMET,Versamet Royalties Corporation,8.95,2026-07-20T22:51:15.574136+00:00,False,+4.4%,True,$971.9M,True,+576.5%,False,201.0K,False,$8.95 / SMA $11.59,True,6.00%,True,+593.9%,True,37.5M,True,NCM,False,
VNO,Vornado Realty Trust,39.74,2026-07-20T22:57:18.285515+00:00,False,+61.7%,True,$8138.4M,False,+-127.9%,True,1765.1K,True,$39.74 / SMA $36.09,False,2.68%,False,+-0.5%,False,157.5M,True,NYQ,False,
VODPF,Vodafone Group Public Limited Company,1.55,2026-07-20T22:46:41.304228+00:00,False,+53.5%,True,$35692.7M,,,False,26.5K,True,$1.55 / SMA $1.52,False,1.11%,,,False,21990.2M,False,PNK,False,
VOLAF,AB Volvo (publ),28.5,2026-07-20T22:46:33.970727+00:00,False,+6.0%,True,$57953.4M,True,+40.1%,False,0.0K,False,$28.50 / SMA $35.06,False,0.00%,False,+2.7%,False,1943.7M,False,PNK,False,
VOXR,Vox Royalty Corp.,4.17,2026-07-20T22:52:59.227016+00:00,False,+33.2%,False,$287.3M,True,+3500.0%,False,471.2K,False,$4.17 / SMA $5.24,True,4.71%,True,+498.3%,True,63.5M,True,NCM,False,
VOYA,"Voya Financial, Inc.",98.61,2026-07-20T22:47:11.914195+00:00,False,+52.9%,True,$8940.6M,False,+23.2%,True,1303.9K,True,$98.61 / SMA $88.49,False,2.63%,False,+2.9%,True,90.2M,True,NYQ,False,
VOYJF,Valmet Oyj,36.05,2026-07-20T22:58:56.276238+00:00,False,+50.2%,True,$6641.8M,False,+-64.2%,False,0.0K,True,$36.05 / SMA $26.47,False,0.00%,False,+-18.6%,True,146.1M,False,PNK,False,
VPG,"Vishay Precision Group, Inc.",102.54,2026-07-20T23:00:57.120277+00:00,True,+300.9%,True,$1363.9M,True,+71.4%,True,582.2K,False,$102.54 / SMA $117.31,True,8.47%,False,+17.6%,True,10.8M,True,NYQ,False,
VRDN,"Viridian Therapeutics, Inc.",18.56,2026-07-20T23:00:53.463931+00:00,False,+40.8%,True,$2049.5M,False,+-3.4%,True,2554.6K,True,$18.56 / SMA $17.48,True,4.86%,True,+95.8%,True,97.8M,True,NCM,False,
VRNO,Verano Holdings Corp.,5.72,2026-07-20T23:00:56.289637+00:00,True,+116.7%,True,$422.8M,False,+-66.7%,False,227.3K,False,$5.72 / SMA $5.83,True,7.00%,False,+-0.8%,True,65.3M,False,OQX,False,
VRNS,"Varonis Systems, Inc.",47.45,2026-07-20T22:47:30.432404+00:00,True,+140.9%,True,$5572.9M,False,+0.0%,True,2404.1K,True,$47.45 / SMA $36.11,True,6.61%,True,+26.9%,True,111.3M,True,NMS,False,
VRTS,"Virtus Investment Partners, Inc.",162.16,2026-07-20T23:02:40.511338+00:00,False,+33.3%,True,$1083.6M,False,+-74.1%,False,117.5K,True,$162.16 / SMA $146.64,True,3.85%,False,+-8.7%,True,6.2M,True,NYQ,False,
VSAT,"Viasat, Inc.",69.51,2026-07-20T22:57:05.273579+00:00,True,+396.5%,True,$9492.9M,True,+121.7%,True,2616.7K,False,$69.51 / SMA $71.62,True,8.87%,False,+2.1%,True,134.2M,True,NMS,False,
VSH,"Vishay Intertechnology, Inc.",37.37,2026-07-20T22:47:15.369518+00:00,True,+217.5%,True,$5731.7M,True,+266.7%,True,7194.5K,False,$37.37 / SMA $49.04,True,8.95%,False,+17.3%,True,124.8M,True,NYQ,False,
VST,Vistra Corp.,157.99,2026-07-20T22:56:38.152092+00:00,False,+19.1%,True,$53271.5M,True,+410.9%,True,4803.5K,True,$157.99 / SMA $153.81,True,4.14%,True,+43.4%,False,314.5M,True,NYQ,False,
VTEX,VTEX,4.19,2026-07-20T22:51:15.184540+00:00,False,+47.5%,True,$714.3M,True,+360.0%,True,1496.6K,True,$4.19 / SMA $3.78,True,4.76%,False,+12.1%,True,42.3M,True,NYQ,False,
VTKLY,Vtech Holdings Limited,7.45,2026-07-20T23:00:54.402345+00:00,False,+23.8%,True,$1887.0M,,N/A,False,1.6K,True,$7.45 / SMA $7.03,False,2.49%,,N/A,False,157.4M,False,PNK,False,
VWAGY,Volkswagen AG,8.48,2026-07-20T22:46:36.669583+00:00,False,+5.1%,True,$42509.8M,,,False,316.1K,False,$8.48 / SMA $9.31,False,1.81%,False,+-13.4%,False,2346.8M,False,PNK,False,
VWDRY,Vestas Wind Systems A/S,9.16,2026-07-20T22:56:45.248999+00:00,False,+60.1%,True,$26969.4M,,N/A,False,290.7K,False,$9.16 / SMA $9.27,False,1.60%,False,+14.4%,False,3075.6M,False,PNK,False,
WACLY,Wacoal Holdings Corp.,155.07,2026-07-20T23:00:57.895234+00:00,False,+34.3%,True,$1533.2M,,N/A,False,0.2K,True,$155.07 / SMA $140.11,False,1.76%,,N/A,True,8.7M,False,PNK,False,
WBTN,WEBTOON Entertainment Inc.,9.87,2026-07-20T23:00:55.476073+00:00,False,+18.9%,True,$1334.8M,True,+58.8%,False,335.6K,False,$9.87 / SMA $11.74,True,4.63%,False,+-1.5%,True,22.5M,True,NMS,False,
WDAY,"Workday, Inc.",147.22,2026-07-20T22:56:44.078019+00:00,False,+33.4%,True,$36359.4M,True,+248.0%,True,5121.4K,True,$147.22 / SMA $131.97,True,5.29%,False,+13.5%,False,199.1M,True,NMS,False,
WDC,Western Digital Corporation,487.42,2026-07-20T22:56:29.552257+00:00,True,+638.1%,True,$168005.0M,True,+477.5%,True,8542.1K,False,$487.42 / SMA $554.12,True,8.22%,True,+45.5%,False,342.1M,True,NMS,False,
WEBNF,Westpac Banking Corporation,26.5,2026-07-20T22:46:32.536769+00:00,False,+34.2%,True,$90495.0M,,,False,2.3K,True,$26.50 / SMA $25.22,False,1.51%,,,False,3411.3M,False,PNK,False,
WEC,"WEC Energy Group, Inc.",112.55,2026-07-20T22:46:41.099883+00:00,False,+9.3%,True,$36660.4M,False,+7.9%,True,2098.5K,False,$112.55 / SMA $113.38,False,1.77%,False,+9.0%,False,324.8M,True,NYQ,False,
WERN,"Werner Enterprises, Inc.",46.31,2026-07-20T22:47:40.230725+00:00,True,+100.8%,True,$2776.3M,True,+56.4%,True,1077.1K,True,$46.31 / SMA $41.54,True,3.19%,False,+13.6%,True,58.7M,True,NMS,False,
WEST,Westrock Coffee Company,7.29,2026-07-20T22:51:09.407700+00:00,True,+103.1%,True,$711.2M,True,+69.0%,True,804.8K,False,$7.29 / SMA $8.14,True,7.07%,True,+44.4%,True,36.0M,True,NGM,False,
WF,Woori Financial Group Inc.,62.25,2026-07-20T22:56:57.390166+00:00,False,+27.5%,True,$15100.9M,False,+-0.9%,False,174.2K,True,$62.25 / SMA $61.76,False,2.15%,False,+6.4%,False,225.6M,True,NYQ,False,
WFAFY,Wesfarmers Limited,32.4,2026-07-20T22:46:35.132695+00:00,False,+32.2%,True,$73566.3M,,,False,105.9K,True,$32.40 / SMA $29.09,False,1.14%,,,False,2263.4M,False,PNK,False,
WGO,"Winnebago Industries, Inc.",30.51,2026-07-20T23:02:43.850106+00:00,False,+13.8%,True,$862.5M,False,+-17.7%,True,753.5K,True,$30.51 / SMA $29.40,True,4.80%,False,+-9.9%,True,27.2M,True,NYQ,False,
WGS,GeneDx Holdings Corp.,60.65,2026-07-20T22:50:57.019748+00:00,True,+88.3%,True,$1800.6M,False,+-839.1%,True,1343.8K,True,$60.65 / SMA $55.92,True,7.12%,False,+17.4%,True,18.9M,True,NMS,False,
WHGLY,WH Group Limited,21.08,2026-07-20T22:56:57.348868+00:00,False,+14.8%,True,$13573.5M,,N/A,False,35.9K,False,$21.08 / SMA $22.32,True,3.11%,,N/A,False,373.4M,False,PNK,False,
WHGRF,WH Group Limited,1.0,2026-07-20T22:46:58.275742+00:00,False,+10.4%,True,$13236.4M,,,False,19.0K,False,$1.00 / SMA $1.04,False,0.00%,,,False,7467.3M,False,PNK,False,
WHITF,Whitehaven Coal Limited,5.22,2026-07-20T22:58:57.025992+00:00,True,+52100.0%,True,$4292.5M,,N/A,False,10.5K,False,$5.22 / SMA $5.62,True,2483.02%,,N/A,False,741.6M,False,PNK,False,
WILWY,Wallenius Wilhelmsen ASA,26.0,2026-07-20T22:47:19.004360+00:00,True,+85.6%,True,$5496.3M,False,+-41.3%,False,0.0K,True,$26.00 / SMA $25.48,False,0.00%,False,+-6.0%,True,130.4M,False,PNK,False,
WILYY,Demant A/S,21.84,2026-07-20T22:47:11.092087+00:00,False,+62.4%,True,$9212.1M,,,False,0.2K,True,$21.84 / SMA $19.34,False,0.00%,,,False,167.5M,False,PNK,False,
WJRYF,West Japan Railway Company,21.51,2026-07-20T22:57:11.900583+00:00,False,+39.1%,True,$9788.9M,,N/A,False,0.9K,True,$21.51 / SMA $16.86,False,0.00%,,N/A,False,449.1M,False,PNK,False,
WJXFF,Wajax Corporation,23.28,2026-07-20T23:03:00.468648+00:00,False,+45.6%,True,$507.0M,,N/A,False,1.3K,True,$23.28 / SMA $21.38,False,0.14%,,N/A,True,21.7M,False,PNK,False,
WK,Workiva Inc.,57.19,2026-07-20T22:47:36.151360+00:00,False,+32.0%,True,$3209.5M,True,+186.8%,True,1144.8K,True,$57.19 / SMA $49.93,True,4.28%,False,+19.9%,True,50.7M,True,NYQ,False,
WKCMF,Wacker Chemie AG,106.52,2026-07-20T22:47:17.401553+00:00,False,+46.7%,True,$5291.7M,True,+231.2%,False,0.1K,False,$106.52 / SMA $111.13,False,0.01%,False,+-4.9%,True,18.7M,False,PNK,False,
WLMIY,Wilmar International Limited,30.1,2026-07-20T22:46:53.273554+00:00,False,+37.3%,True,$19015.6M,,,False,46.2K,True,$30.10 / SMA $28.42,False,1.22%,,,False,178.0M,False,PNK,False,
WLY,"John Wiley & Sons, Inc.",49.98,2026-07-20T23:00:49.002490+00:00,True,+76.1%,True,$2537.0M,True,+108.8%,False,497.5K,True,$49.98 / SMA $44.99,True,4.43%,False,+1.2%,True,38.6M,True,NYQ,False,
WMG,Warner Music Group Corp.,28.06,2026-07-20T22:46:52.717798+00:00,False,+20.2%,True,$14636.5M,True,+385.7%,True,2444.5K,False,$28.06 / SMA $29.98,True,3.18%,False,+16.7%,True,144.6M,True,NMS,False,
WMK,"Weis Markets, Inc.",78.1,2026-07-20T22:47:46.569527+00:00,False,+30.2%,True,$1932.6M,True,+48.7%,False,160.0K,True,$78.10 / SMA $76.39,False,2.80%,False,+4.6%,True,13.5M,True,NYQ,False,
WMMVY,"Wal-Mart de México, S.A.B. de C.V.",28.32,2026-07-20T22:46:36.060990+00:00,False,+3.9%,True,$48971.5M,False,+-16.9%,False,136.3K,False,$28.32 / SMA $30.07,True,3.00%,False,+-10.8%,False,494.2M,False,OQX,False,
WMT,Walmart Inc.,112.2,2026-07-20T22:56:27.234287+00:00,False,+18.0%,True,$892896.4M,False,+19.6%,True,22091.2K,False,$112.20 / SMA $119.28,False,2.20%,False,+7.3%,False,4374.5M,True,NMS,False,
WNC,Wabash National Corporation,13.27,2026-07-20T22:54:42.456548+00:00,True,+100.2%,True,$539.7M,False,+-120.7%,True,1075.9K,True,$13.27 / SMA $9.98,True,6.19%,False,+-20.4%,True,37.2M,True,NYQ,False,
WNGRF,George Weston Limited,72.8,2026-07-20T22:46:46.108995+00:00,False,+21.0%,True,$27448.8M,True,+28.6%,False,16.8K,True,$72.80 / SMA $71.18,False,0.01%,False,+4.2%,False,153.6M,False,PNK,False,
WOLWF,Woolworths Group Limited,18.9,2026-07-20T22:46:44.543099+00:00,False,+18.1%,True,$25955.8M,,,False,0.0K,False,$18.90 / SMA $27.12,False,0.00%,,,False,1219.4M,False,PNK,False,
WPC,W. P. Carey Inc.,75.17,2026-07-20T22:56:55.139002+00:00,False,+21.9%,True,$16743.3M,True,+40.4%,True,1499.6K,True,$75.17 / SMA $72.87,False,1.69%,False,+10.9%,False,220.1M,True,NYQ,False,
WPPGF,WPP plc,3.47,2026-07-20T22:47:28.546926+00:00,False,+18.0%,True,$3742.5M,,,False,0.5K,False,$3.47 / SMA $3.58,False,0.46%,,,False,1077.9M,False,PNK,False,
WRLD,World Acceptance Corporation,187.89,2026-07-20T23:02:45.596601+00:00,True,+70.8%,True,$871.9M,False,+-5.3%,False,142.5K,True,$187.89 / SMA $178.13,True,4.71%,False,+6.6%,True,2.1M,True,NMS,False,
WRTBY,Wärtsilä Oyj Abp,6.91,2026-07-20T22:46:47.898554+00:00,False,+31.1%,True,$20368.8M,False,+-7.4%,False,53.0K,False,$6.91 / SMA $7.70,True,3.11%,False,+-16.1%,False,2343.2M,False,PNK,False,
WS,"Worthington Steel, Inc.",35.24,2026-07-20T22:47:43.628971+00:00,False,+29.5%,True,$1759.2M,False,+-189.1%,False,290.8K,False,$35.24 / SMA $38.46,True,4.83%,,,True,44.1M,True,NYQ,False,
WSBC,"WesBanco, Inc.",40.53,2026-07-20T22:59:06.281072+00:00,False,+38.9%,True,$3898.2M,True,+686.7%,True,1236.6K,True,$40.53 / SMA $36.27,False,2.17%,True,+33.1%,True,92.7M,True,NMS,False,
WSM,"Williams-Sonoma, Inc.",223.34,2026-07-20T22:56:49.836832+00:00,False,+34.9%,True,$26297.5M,False,+4.3%,True,1199.7K,True,$223.34 / SMA $208.92,False,2.88%,False,+4.4%,True,116.2M,True,NYQ,False,
WSO,"Watsco, Inc.",370.77,2026-07-20T22:56:57.077346+00:00,False,+14.8%,True,$15271.4M,False,+-3.0%,False,384.9K,False,$370.77 / SMA $387.18,False,2.94%,False,+0.1%,True,33.0M,True,NYQ,False,
WSO.B,WSO.B,,2026-07-20T22:56:56.177579+00:00,False,N/A,False,N/A,False,N/A,False,N/A,False,N/A,False,N/A,False,N/A,False,N/A,False,Unknown,False,No price data available
WST,"West Pharmaceutical Services, Inc.",352.32,2026-07-20T22:46:49.290430+00:00,False,+68.8%,True,$24890.6M,True,+56.1%,True,834.4K,True,$352.32 / SMA $332.36,False,2.22%,False,+21.0%,True,70.2M,True,NYQ,False,
WTBFB,W.T.B. Financial Corporation,407.75,2026-07-20T22:51:04.385295+00:00,False,+33.5%,True,$1027.9M,True,+59.0%,False,0.4K,True,$407.75 / SMA $398.84,False,0.53%,False,+21.1%,,,False,OID,False,
WTCHF,WiseTech Global Limited,24.95,2026-07-20T22:47:06.285583+00:00,False,+31.7%,True,$8385.9M,,,False,0.9K,False,$24.95 / SMA $26.19,False,0.88%,,,False,189.6M,False,PNK,False,
WTI,"W&T Offshore, Inc.",3.51,2026-07-20T23:02:50.009609+00:00,True,+134.0%,True,$522.2M,True,+28.6%,True,5744.2K,False,$3.51 / SMA $3.74,True,5.85%,False,+15.5%,True,97.3M,True,NYQ,False,
WTM,"White Mountains Insurance Group, Ltd.",2211.22,2026-07-20T22:57:21.075028+00:00,False,+34.2%,True,$5476.5M,False,+-195.5%,False,20.6K,True,$2211.22 / SMA $2096.75,False,2.18%,False,+-10.4%,True,2.4M,True,NYQ,False,
WTS,"Watts Water Technologies, Inc.",340.51,2026-07-20T22:57:05.388721+00:00,False,+38.1%,True,$11369.9M,True,+34.4%,False,394.6K,True,$340.51 / SMA $329.66,True,3.26%,False,+21.4%,True,27.1M,True,NYQ,False,
WTW,Willis Towers Watson Public Limited Company,293.3,2026-07-20T22:56:48.535928+00:00,False,+21.9%,True,$27701.6M,True,+33.0%,True,756.0K,True,$293.30 / SMA $264.50,False,2.52%,False,+8.5%,True,94.0M,True,NMS,False,
WULF,TeraWulf Inc.,18.86,2026-07-20T22:47:02.586831+00:00,True,+306.5%,True,$9345.7M,False,+-531.2%,True,31340.2K,False,$18.86 / SMA $24.01,True,9.55%,False,+-1.1%,False,382.1M,True,NCM,False,
WUXAY,"WuXi AppTec Co., Ltd.",21.0,2026-07-20T22:46:38.298143+00:00,True,+82.3%,True,$62658.9M,False,+23.4%,False,1.9K,True,$21.00 / SMA $17.45,False,1.15%,True,+28.8%,False,2508.9M,False,PNK,False,
WXIBF,WuXi Biologics (Cayman) Inc.,4.6,2026-07-20T22:46:53.566604+00:00,False,+26.7%,True,$18888.7M,,,False,0.7K,True,$4.60 / SMA $4.30,False,0.42%,,,False,3731.1M,False,PNK,False,
WXXWY,WuXi Biologics (Cayman) Inc.,9.78,2026-07-20T22:56:54.441916+00:00,False,+38.4%,True,$20079.6M,,N/A,False,85.5K,True,$9.78 / SMA $8.58,True,3.92%,,N/A,False,1865.6M,False,PNK,False,
WYFI,"WhiteFiber, Inc.",27.13,2026-07-20T23:01:02.825277+00:00,True,+158.1%,True,$1047.6M,False,+-890.7%,True,2306.6K,False,$27.13 / SMA $30.66,True,16.66%,True,+30.7%,True,11.2M,True,NCM,False,
WYGPF,Worley Limited,7.5,2026-07-20T22:58:59.947218+00:00,False,+4.7%,True,$3881.3M,,N/A,False,0.1K,False,$7.50 / SMA $8.84,False,0.00%,,N/A,False,461.5M,False,PNK,False,
WYNMY,"Wynn Macau, Limited",6.81,2026-07-20T22:59:03.708141+00:00,False,+8.8%,True,$3566.9M,,N/A,False,10.7K,False,$6.81 / SMA $6.83,False,2.31%,,N/A,True,147.8M,False,PNK,False,
WZZAF,Wizz Air Holdings Plc,14.96,2026-07-20T22:51:01.148941+00:00,False,+34.3%,True,$1548.1M,,,False,0.3K,True,$14.96 / SMA $11.14,False,0.00%,,,True,87.0M,False,PNK,False,
WZZZY,Wizz Air Holdings Plc,3.618,2026-07-20T23:00:59.213126+00:00,False,+24.8%,True,$1497.6M,,N/A,False,0.1K,False,$3.62 / SMA $3.67,False,0.00%,,N/A,False,347.9M,False,PNK,False,
XE,"X-Energy, Inc.",15.66,2026-07-20T22:57:03.056233+00:00,False,+17.8%,True,$4501.6M,,N/A,True,6346.1K,False,$15.66 / SMA $22.36,True,8.89%,,N/A,False,175.6M,True,NMS,False,
XFABF,X-FAB Silicon Foundries SE,8.75,2026-07-20T23:01:02.636796+00:00,False,+69.7%,True,$1148.3M,False,+-88.9%,False,7.3K,False,$8.75 / SMA $9.89,False,1.58%,False,+-4.2%,True,50.4M,False,PNK,False,
XIORF,Xior Student Housing NV,31.735,2026-07-20T22:47:50.932096+00:00,False,+8.8%,True,$1481.9M,,,False,0.4K,True,$31.73 / SMA $31.00,False,0.53%,,,True,38.6M,False,PNK,False,
XJNGF,"Goldwind Science&Technology Co., Ltd.",1.17,2026-07-20T22:46:57.930009+00:00,False,+37.6%,True,$4941.8M,True,+61.0%,False,0.6K,False,$1.17 / SMA $1.58,False,0.57%,True,+63.5%,False,3335.4M,False,PNK,False,
XMTR,"Xometry, Inc.",100.12,2026-07-20T22:47:22.857640+00:00,True,+226.9%,True,$5531.2M,True,+66.7%,True,899.8K,True,$100.12 / SMA $90.01,True,5.37%,True,+35.9%,True,48.7M,True,NMS,True,
XNYIF,Xinyi Solar Holdings Limited,0.2198,2026-07-20T22:59:06.413020+00:00,False,+0.0%,True,$2086.5M,,N/A,False,0.2K,False,$0.22 / SMA $0.31,False,0.00%,,N/A,False,4513.9M,False,PNK,False,
XPEL,"XPEL, Inc.",43.62,2026-07-20T22:50:59.753412+00:00,False,+39.5%,True,$1202.2M,False,+19.4%,False,254.9K,False,$43.62 / SMA $45.30,True,4.08%,False,+13.1%,True,23.0M,True,NCM,False,
XPNGF,XPeng Inc.,7.06,2026-07-20T22:46:56.646725+00:00,False,+8.6%,True,$13507.1M,False,+-165.7%,False,0.3K,False,$7.06 / SMA $7.40,False,0.00%,False,+-17.6%,False,1418.3M,False,PNK,False,
XPRO,Expro Ltd,16.02,2026-07-20T22:47:46.226946+00:00,True,+92.8%,True,$1816.6M,False,+-108.3%,True,1154.7K,True,$16.02 / SMA $15.39,True,4.32%,False,+-6.0%,True,100.6M,True,NYQ,False,
XRAY,DENTSPLY SIRONA Inc.,13.46,2026-07-20T23:00:50.583460+00:00,False,+43.0%,True,$2696.4M,False,+-150.0%,True,5689.9K,True,$13.46 / SMA $10.88,True,4.47%,False,+0.1%,False,199.2M,True,NMS,False,
XRN,Chiron Real Estate Inc.,37.04,2026-07-20T22:52:50.728593+00:00,False,+27.5%,True,$582.2M,False,+-140.0%,False,149.3K,True,$37.04 / SMA $35.96,False,2.66%,False,+9.9%,True,12.3M,True,NYQ,False,
XRPN,Armada Acquisition Corp. II,10.4372,2026-07-20T22:53:07.313994+00:00,False,+4.1%,True,$412.0M,,,False,50.7K,True,$10.44 / SMA $10.42,False,0.28%,,,True,13.4M,True,NGM,False,
XRX,Xerox Holdings Corporation,2.61,2026-07-20T23:04:37.721046+00:00,True,+119.3%,True,$341.3M,False,+-12.0%,True,6490.6K,False,$2.61 / SMA $2.95,True,7.26%,True,+26.7%,True,119.1M,True,NMS,False,
YAHOF,LY Corporation,2.45,2026-07-20T22:56:52.853208+00:00,False,+7.2%,True,$16804.6M,,N/A,False,2.0K,False,$2.45 / SMA $2.66,False,0.13%,,N/A,False,2566.4M,False,PNK,False,
YALA,Yalla Group Limited,5.41,2026-07-20T23:02:40.580073+00:00,False,+8.0%,True,$821.4M,False,+-20.0%,False,321.4K,False,$5.41 / SMA $5.74,True,3.12%,False,+-5.8%,True,48.0M,True,NYQ,False,
YAMCY,Yamaha Corporation,7.56,2026-07-20T22:47:33.057339+00:00,False,+19.4%,True,$3325.6M,,,False,0.4K,True,$7.56 / SMA $7.06,False,0.45%,,,False,425.2M,False,PNK,False,
YAMHF,"Yamaha Motor Co., Ltd.",7.75,2026-07-20T22:57:12.304097+00:00,False,+17.4%,True,$7520.4M,,N/A,False,0.4K,True,$7.75 / SMA $7.44,False,0.58%,,N/A,False,879.1M,False,PNK,False,
YASKY,YASKAWA Electric Corporation,63.61,2026-07-20T22:47:02.049785+00:00,False,+65.8%,True,$8249.2M,,,False,13.5K,False,$63.61 / SMA $83.26,False,2.12%,,,True,129.6M,False,PNK,False,
YB,Yuanbao Inc.,13.78,2026-07-20T23:02:53.642100+00:00,False,+14.7%,True,$635.0M,False,+14.4%,False,41.0K,False,$13.78 / SMA $13.85,True,4.68%,True,+35.6%,True,4.8M,True,NGM,False,
YELP,Yelp Inc.,26.33,2026-07-20T23:01:01.579184+00:00,False,+34.3%,True,$1447.9M,False,+-16.7%,True,1296.0K,True,$26.33 / SMA $24.05,True,4.02%,False,+0.8%,True,53.2M,True,NYQ,False,
YETI,"YETI Holdings, Inc.",50.82,2026-07-20T22:59:05.504546+00:00,False,+66.6%,True,$3850.0M,False,+-35.0%,True,1396.1K,True,$50.82 / SMA $47.09,True,3.59%,False,+8.3%,True,75.0M,True,NYQ,False,
YNAJF,"Yantai North Andre Juice Co., Ltd.",1.1,2026-07-20T22:47:41.640048+00:00,False,+0.0%,True,$362.6M,,,False,0.0K,False,$1.10 / SMA $2.09,False,0.00%,,,True,64.7M,False,PNK,False,
YNGFF,Yangzijiang Financial Holding Ltd.,0.16136,2026-07-20T22:51:12.475643+00:00,False,+0.0%,True,$561.6M,,,False,0.0K,False,$0.16 / SMA $0.19,False,0.00%,,,False,1847.2M,False,PNK,False,
YOKEY,Yokogawa Electric Corporation,72.19,2026-07-20T22:57:11.983716+00:00,False,+49.8%,True,$9044.2M,,N/A,False,0.0K,True,$72.19 / SMA $66.98,False,0.00%,,N/A,True,122.1M,False,PNK,False,
YSHLF,Yangzijiang Shipbuilding (Holdings) Ltd.,2.7,2026-07-20T22:47:00.926864+00:00,False,+54.3%,True,$10640.7M,,,False,2.1K,False,$2.70 / SMA $2.84,False,0.09%,,,False,2537.7M,False,PNK,False,
YSWY,"Yesway, Inc.",20.15,2026-07-20T23:00:58.444494+00:00,False,+6.5%,True,$1273.4M,,N/A,True,663.9K,False,$20.15 / SMA $22.18,True,6.36%,,N/A,True,16.1M,True,NMS,False,
YUGVF,YouGov plc,3.15,2026-07-20T23:04:45.192441+00:00,False,+41.3%,True,$369.1M,,N/A,False,0.1K,True,$3.15 / SMA $2.84,False,0.00%,,N/A,True,103.9M,False,PNK,False,
YUMC,"Yum China Holdings, Inc.",43.93,2026-07-20T22:56:56.975576+00:00,False,+9.4%,True,$15103.1M,False,+13.0%,True,1640.3K,True,$43.93 / SMA $43.49,False,1.83%,False,+9.7%,False,347.6M,True,NYQ,False,
YZCAY,Yankuang Energy Group Company Limited,14.39,2026-07-20T22:56:48.560941+00:00,False,+35.2%,True,$14443.0M,,N/A,False,1.5K,False,$14.39 / SMA $16.44,False,2.01%,False,+6.5%,False,464.8M,False,OQX,False,
YZCHF,Yankuang Energy Group Company Limited,1.4,2026-07-20T22:46:46.661497+00:00,False,+40.0%,True,$14051.6M,,,False,0.1K,False,$1.40 / SMA $1.80,False,0.00%,False,+6.5%,False,4647.6M,False,OQX,False,
ZBH,"Zimmer Biomet Holdings, Inc.",89.72,2026-07-20T22:56:55.404762+00:00,False,+13.4%,True,$17357.5M,True,+34.1%,True,2483.5K,True,$89.72 / SMA $86.89,True,3.15%,False,+9.3%,False,192.9M,True,NYQ,False,
ZG,"Zillow Group, Inc.",32.84,2026-07-20T22:47:09.415421+00:00,False,+13.1%,True,$7513.9M,True,+533.3%,True,1235.6K,False,$32.84 / SMA $34.65,True,4.74%,False,+18.4%,False,210.0M,True,NMS,False,
ZIZTF,Zip Co Limited,2.03,2026-07-20T23:00:50.643277+00:00,True,+113.7%,True,$2529.2M,,N/A,False,1.3K,True,$2.03 / SMA $1.86,False,0.00%,,N/A,False,1232.9M,False,PNK,False,
ZJLMF,ZJLMF,5.25,2026-07-20T22:57:14.225614+00:00,False,+26.1%,,N/A,,N/A,False,1.0K,True,$5.25 / SMA_short $5.05,False,0.77%,,N/A,False,742.4M,False,PNK,False,
ZKH,ZKH Group Limited,2.96,2026-07-20T23:04:34.835216+00:00,False,+54.2%,True,$471.5M,True,+100.0%,False,187.5K,True,$2.96 / SMA $2.74,True,8.09%,False,+9.2%,True,90.9M,True,NYQ,False,
ZLAB,Zai Lab Limited,20.52,2026-07-20T22:47:42.724922+00:00,False,+28.6%,True,$2317.2M,False,+-25.0%,True,887.8K,True,$20.52 / SMA $18.70,True,4.10%,False,+-6.5%,True,91.7M,True,NGM,False,
ZLDSF,Zalando SE,26.0,2026-07-20T22:47:17.443426+00:00,False,+14.4%,True,$6745.5M,False,+-950.0%,False,0.0K,True,$26.00 / SMA $25.62,False,0.00%,False,+23.8%,False,229.1M,False,PNK,False,
ZM,"Zoom Communications, Inc.",90.91,2026-07-20T22:56:44.540628+00:00,False,+31.5%,True,$26657.7M,True,+75.3%,True,4550.7K,False,$90.91 / SMA $95.34,True,3.36%,False,+5.5%,False,260.2M,True,NMS,False,
ZNKKY,"ZENKOKU HOSHO Co.,Ltd.",9.38,2026-07-20T22:59:11.957362+00:00,False,+8.3%,True,$2492.5M,,N/A,False,0.2K,True,$9.38 / SMA $9.15,False,0.08%,,N/A,False,262.5M,False,PNK,False,
ZNZNF,Zinzino AB (publ),13.84,2026-07-20T22:51:15.846977+00:00,False,+18.1%,True,$542.1M,True,+81.2%,False,0.3K,True,$13.84 / SMA $12.68,False,0.16%,True,+27.4%,True,22.1M,False,PNK,False,
ZS,"Zscaler, Inc.",149.82,2026-07-20T22:56:45.558170+00:00,False,+30.7%,True,$24227.3M,False,+-200.0%,True,4575.1K,True,$149.82 / SMA $143.85,True,5.45%,True,+25.4%,True,105.1M,True,NMS,False,
ZSQR,Z Squared Inc.,4.525,2026-07-20T23:02:59.355610+00:00,False,+4.0%,False,$238.6M,,N/A,False,472.8K,False,$4.53 / SMA $10.33,True,19.02%,,N/A,True,51.4M,True,NGM,False,
ZUMZ,Zumiez Inc.,18.96,2026-07-20T22:52:58.957354+00:00,False,+45.0%,True,$319.9M,False,+-3.8%,False,193.4K,False,$18.96 / SMA $20.38,True,3.50%,False,+4.9%,True,13.0M,True,NMS,False,
ZURVY,Zurich Insurance Group AG,38.14,2026-07-20T22:56:32.101432+00:00,False,+13.4%,True,$113938.9M,,N/A,False,124.2K,True,$38.14 / SMA $36.29,False,0.90%,,N/A,False,2840.5M,False,OQX,False,
ZZHGY,"ZhongAn Online P & C Insurance Co., Ltd.",1.34,2026-07-20T23:00:46.849440+00:00,False,+0.0%,True,$2257.6M,,N/A,False,0.0K,False,$1.34 / SMA $1.54,False,0.00%,,N/A,False,1013.0M,False,PNK,False,
