ticker,name,price,fetched_at,c1_price_vs_52w_low_passes,c1_price_vs_52w_low_value,c2_market_cap_passes,c2_market_cap_value,c3_eps_growth_passes,c3_eps_growth_value,c4_avg_volume_passes,c4_avg_volume_value,c5_price_vs_sma50_passes,c5_price_vs_sma50_value,c6_volatility_1m_passes,c6_volatility_1m_value,c7_revenue_growth_passes,c7_revenue_growth_value,c8_float_passes,c8_float_value,c9_us_market_passes,c9_us_market_value,passes_all,error
A,"Agilent Technologies, Inc.",131.63,2026-06-24T23:59:06.508237+00:00,False,+21.5%,True,$37176.5M,True,+60.0%,True,2232.7K,True,$131.63 / SMA $121.88,False,2.98%,False,+10.0%,False,281.5M,True,NYQ,False,
AACI,Armada Acquisition Corp. III,9.95,2026-06-25T23:17:36.699242+00:00,False,+2.2%,True,$338.6M,,,False,27.6K,True,$9.95 / SMA $9.94,False,0.05%,,,True,25.1M,True,NGM,False,
AAOI,"Applied Optoelectronics, Inc.",138.54,2026-06-25T23:19:57.299635+00:00,True,+648.9%,True,$11116.8M,False,+-5.6%,True,12747.0K,False,$138.54 / SMA $170.25,True,13.86%,True,+51.4%,True,76.3M,True,NGM,False,
AAON,"AAON, Inc.",131.6,2026-06-24T23:59:36.315526+00:00,True,+112.3%,True,$10779.6M,True,+37.1%,True,1074.2K,True,$131.60 / SMA $121.05,True,5.62%,True,+54.3%,True,68.2M,True,NMS,True,
AAT,"American Assets Trust, Inc.",24.37,2026-06-25T00:05:27.630505+00:00,False,+37.5%,True,$1890.4M,False,+-88.6%,False,391.0K,True,$24.37 / SMA $21.95,False,2.08%,False,+1.8%,True,48.2M,True,NYQ,False,
AAUKF,Anglo American plc,48.0,2026-06-25T23:08:00.736262+00:00,True,+76.6%,True,$51431.4M,,,False,1.4K,False,$48.00 / SMA $51.75,False,0.81%,,,False,950.9M,False,OQX,False,
AAVMY,ABN AMRO Bank N.V.,41.83,2026-06-25T23:08:06.405092+00:00,False,+55.9%,True,$34088.8M,False,+13.0%,False,21.3K,True,$41.83 / SMA $37.61,False,1.36%,False,+6.8%,False,522.4M,False,PNK,False,
AAVXF,ABIVAX Société Anonyme,101.25,2026-06-24T23:59:38.248851+00:00,True,+1290.8%,True,$8076.7M,True,+26.5%,False,0.0K,False,$101.25 / SMA $111.94,False,1.16%,,,True,58.2M,False,PNK,False,
AB,AllianceBernstein Holding L.P.,35.74,2026-06-25T23:11:43.251272+00:00,False,+2.3%,True,$3338.3M,True,+37.3%,False,312.2K,False,$35.74 / SMA $37.58,False,1.76%,False,+11.5%,True,92.6M,True,NYQ,False,
ABBRF,AbraSilver Resource Corp.,9.131,2026-06-25T23:13:43.854710+00:00,True,+172.6%,True,$1469.8M,False,+-50.0%,False,181.1K,False,$9.13 / SMA $11.84,True,8.86%,,,True,137.8M,False,OQX,False,
ABCB,Ameris Bancorp,89.32,2026-06-25T00:01:26.143887+00:00,False,+42.3%,True,$6010.6M,True,+28.3%,True,505.0K,True,$89.32 / SMA $85.25,False,1.95%,False,+10.5%,True,59.7M,True,NYQ,False,
ABEO,Abeona Therapeutics Inc.,5.56,2026-06-25T23:29:28.397780+00:00,False,+39.0%,True,$316.9M,False,+-25.0%,True,1070.7K,False,$5.56 / SMA $5.58,True,4.02%,,N/A,True,36.5M,True,NCM,False,
ABG,"Asbury Automotive Group, Inc.",203.05,2026-06-25T23:23:38.822536+00:00,False,+18.0%,True,$3780.5M,True,+47.1%,False,262.9K,True,$203.05 / SMA $196.11,True,3.18%,False,+-0.9%,True,14.3M,True,NYQ,False,
ABLZF,ABB Ltd,104.27,2026-06-25T23:19:29.816904+00:00,True,+84.1%,True,$189245.0M,True,+37.7%,False,11.0K,True,$104.27 / SMA $102.71,False,1.98%,False,+9.2%,False,1813.9M,False,PNK,False,
ABM,ABM Industries Incorporated,44.83,2026-06-25T23:12:04.937867+00:00,False,+21.3%,True,$2626.2M,False,+9.0%,True,551.5K,True,$44.83 / SMA $41.13,False,2.75%,False,+8.4%,True,57.9M,True,NYQ,False,
ABR,"Arbor Realty Trust, Inc.",5.12,2026-06-25T23:13:57.668584+00:00,False,+2.6%,True,$1067.7M,False,+-100.0%,True,3951.4K,False,$5.12 / SMA $6.27,True,4.01%,False,+-12.3%,False,183.9M,True,NYQ,False,
ABSI,Absci Corporation,10.075,2026-06-25T00:05:59.199391+00:00,True,+349.8%,True,$1570.7M,False,+9.5%,True,4982.5K,True,$10.07 / SMA $5.62,True,12.76%,False,+-81.8%,True,146.1M,True,NMS,False,
ABT,Abbott Laboratories,90.49,2026-06-24T23:58:47.228403+00:00,False,+10.4%,True,$157616.7M,False,+-19.7%,True,12716.9K,True,$90.49 / SMA $89.42,False,2.21%,False,+7.8%,False,1731.1M,True,NYQ,False,
ABTC,American Bitcoin Corp,0.7058,2026-06-25T23:25:46.036739+00:00,False,+3.8%,True,$1267.1M,,N/A,True,13833.3K,False,$0.71 / SMA $1.05,True,7.36%,True,+296.7%,False,326.0M,True,NCM,False,
ABVX,ABIVAX Société Anonyme,92.51,2026-06-24T23:59:38.745697+00:00,True,+1318.9%,True,$7379.5M,True,+26.5%,True,1641.1K,False,$92.51 / SMA $112.73,True,8.67%,,,True,58.2M,True,NGM,False,
ACA,"Arcosa, Inc.",144.96,2026-06-25T23:10:12.525450+00:00,True,+77.0%,True,$7118.5M,True,+60.4%,False,416.5K,True,$144.96 / SMA $125.51,False,2.90%,False,+4.4%,True,48.1M,True,NYQ,False,
ACAA,Averin Capital Acquisition Corp.,9.97,2026-06-25T23:17:34.486914+00:00,False,+4.3%,True,$355.8M,,,False,10.1K,True,$9.97 / SMA $9.94,False,0.10%,,,True,26.0M,True,NGM,False,
ACAAU,Averin Capital Acquisition Corp.,10.03,2026-06-25T00:08:17.669714+00:00,False,+0.8%,,,,,False,30.0K,False,$10.03 / SMA $10.04,False,1.95%,,,True,26.0M,True,NGM,False,
ACAD,ACAD,,2026-06-25T23:26:24.547632+00:00,False,N/A,False,N/A,False,N/A,False,N/A,False,N/A,False,N/A,False,N/A,False,N/A,False,Unknown,False,Too Many Requests. Rate limited. Try after a while.
ACCO,ACCO,4.0,2026-06-25T23:17:34.993873+00:00,False,+42.3%,,,True,+242.9%,True,1010.9K,True,$4.00 / SMA $3.73,False,2.73%,False,+8.3%,True,88.0M,True,NYQ,False,
ACDSF,CapitaLand Ascendas REIT,1.8,2026-06-24T23:59:40.363317+00:00,False,+4.7%,True,$8991.4M,,,False,15.7K,False,$1.80 / SMA $1.94,False,0.25%,,,False,3094.3M,False,PNK,False,
ACGAF,ACG Metals Limited,22.0,2026-06-25T23:27:34.725882+00:00,True,+113.6%,True,$509.0M,,N/A,False,0.1K,False,$22.00 / SMA $22.94,False,0.10%,,N/A,True,7.6M,False,OQX,False,
ACGBF,Agricultural Bank of China Limited,0.74,2026-06-25T23:07:51.820775+00:00,False,+17.5%,True,$258987.5M,False,+5.3%,False,0.5K,False,$0.74 / SMA $0.74,False,0.00%,False,+10.5%,False,200428.3M,False,PNK,False,
ACGL,Arch Capital Group Ltd.,94.33,2026-06-25T23:19:43.783150+00:00,False,+14.4%,True,$32957.9M,True,+94.6%,True,2359.6K,True,$94.33 / SMA $93.65,False,1.99%,False,+-4.7%,False,335.7M,True,NMS,False,
ACGLN,Arch Capital Group Ltd.,15.83,2026-06-24T23:59:05.779350+00:00,False,+1.2%,,,,,False,42.8K,False,$15.83 / SMA $16.48,False,1.08%,False,+-4.7%,False,335.7M,True,NMS,False,
ACGLO,Arch Capital Group Ltd.,18.87,2026-06-25T23:08:06.017701+00:00,False,+0.9%,,,,,False,26.9K,False,$18.87 / SMA $19.59,False,0.87%,False,+-4.7%,False,335.7M,True,NMS,False,
ACGP,"Associated Capital Group, Inc.",36.0,2026-06-25T00:05:59.679718+00:00,False,+19.0%,True,$743.3M,False,+-103.7%,False,3.0K,False,$36.00 / SMA $38.26,False,0.48%,False,+4.5%,True,1.7M,False,OQX,False,
ACHR,Archer Aviation Inc.,5.05,2026-06-25T00:01:32.048066+00:00,False,+5.2%,True,$3852.5M,False,+-64.7%,True,40151.6K,False,$5.05 / SMA $5.96,True,7.01%,,,False,642.0M,True,NYQ,False,
ACI,"Albertsons Companies, Inc.",13.76,2026-06-25T23:08:31.730305+00:00,False,+3.4%,True,$6739.4M,False,+-424.1%,True,7129.5K,False,$13.76 / SMA $15.89,True,3.14%,False,+7.7%,False,334.3M,True,NYQ,False,
ACIC,American Coastal Insurance Corporation,10.76,2026-06-25T23:15:48.017539+00:00,False,+9.8%,True,$521.5M,False,+-9.3%,False,240.2K,False,$10.76 / SMA $10.97,False,2.36%,False,+-1.3%,True,23.9M,True,NCM,False,
ACIW,"ACI Worldwide, Inc.",46.39,2026-06-25T00:01:35.022745+00:00,False,+21.9%,True,$4716.1M,False,+-32.7%,True,800.2K,True,$46.39 / SMA $43.44,True,3.64%,False,+7.9%,True,100.3M,True,NMS,False,
ACKAY,Arçelik Anonim Sirketi,11.72,2026-06-25T00:03:50.239963+00:00,False,+11.4%,True,$1538.0M,,,False,0.3K,False,$11.72 / SMA $12.43,False,0.00%,False,+2.4%,True,5.1M,False,PNK,False,
ACKDF,Auckland International Airport Limited,5.01,2026-06-24T23:59:43.223956+00:00,False,+25.6%,True,$8492.6M,,,False,0.8K,True,$5.01 / SMA $4.91,False,0.00%,,,False,1694.7M,False,PNK,False,
ACLIF,Accelleron Industries AG,98.56,2026-06-25T23:20:06.917190+00:00,False,+61.7%,True,$9268.7M,,N/A,False,0.0K,False,$98.56 / SMA $102.58,False,0.00%,,N/A,True,93.8M,False,PNK,False,
ACLLY,Accelleron Industries AG,101.459,2026-06-24T23:59:39.570134+00:00,False,+50.5%,True,$9541.3M,,,False,0.9K,False,$101.46 / SMA $103.41,False,0.90%,,,True,93.8M,False,PNK,False,
ACLS,"Axcelis Technologies, Inc.",180.7,2026-06-25T23:21:57.102239+00:00,True,+175.3%,True,$5553.6M,False,+-65.9%,True,670.9K,True,$180.70 / SMA $154.54,True,6.70%,False,+3.3%,True,30.5M,True,NMS,False,
ACM,AECOM,70.14,2026-06-25T23:20:06.846599+00:00,False,+4.3%,True,$9014.6M,True,+28.7%,True,1832.8K,False,$70.14 / SMA $75.41,True,3.41%,False,+0.8%,True,127.8M,True,NYQ,False,
ACNDF,CapitaLand India Trust,0.83,2026-06-25T23:13:53.473721+00:00,False,+13.7%,True,$1234.1M,,,False,7.7K,True,$0.83 / SMA $0.81,True,4.29%,,,False,624.9M,False,PNK,False,
ACNFF,Acomo N.V.,25.85,2026-06-25T23:25:55.299483+00:00,False,+5.8%,True,$765.8M,,N/A,False,0.2K,False,$25.85 / SMA $29.09,False,0.76%,,N/A,True,17.1M,False,PNK,False,
ACOPF,The a2 Milk Company Limited,5.0,2026-06-25T23:23:44.279386+00:00,False,+37.0%,True,$3627.1M,,N/A,False,0.8K,True,$5.00 / SMA $4.63,False,0.00%,,N/A,False,723.0M,False,PNK,False,
ACOPY,The a2 Milk Company Limited,3.85,2026-06-25T00:03:20.845517+00:00,False,+1.3%,True,$2792.9M,,,False,0.2K,False,$3.85 / SMA $4.55,False,0.41%,,,False,723.0M,False,PNK,False,
ACPIF,Acen Corporation,0.02,2026-06-25T23:23:54.175221+00:00,False,+2.0%,True,$799.0M,False,+-85.0%,False,1.2K,True,$0.02 / SMA $-0.03,False,0.00%,True,+42.7%,False,9234.0M,False,PNK,False,
ACRFF,Accor SA,57.35,2026-06-25T23:08:22.847637+00:00,False,+27.3%,True,$13542.0M,,,False,0.2K,True,$57.35 / SMA $51.44,False,0.00%,,,False,155.7M,False,PNK,False,
ACRS,"Aclaris Therapeutics, Inc.",4.79,2026-06-25T00:07:44.957769+00:00,True,+247.1%,True,$669.0M,False,+-25.0%,True,1395.6K,True,$4.79 / SMA $4.49,True,5.89%,True,+37.2%,True,113.1M,True,NMS,False,
ACRXF,"Acerinox, S.A.",18.475,2026-06-25T23:10:24.586460+00:00,True,+93.1%,True,$4606.3M,False,+-50.0%,False,0.1K,True,$18.48 / SMA $16.73,False,0.00%,False,+-10.8%,False,178.0M,False,PNK,False,
ACSAF,"ACS, Actividades de Construcción y Servicios, S.A.",145.85,2026-06-24T23:59:01.792449+00:00,True,+118.7%,True,$38787.9M,False,+18.7%,False,0.0K,True,$145.85 / SMA $144.91,False,0.10%,False,+4.7%,True,138.9M,False,PNK,False,
ACSAY,"ACS, Actividades de Construcción y Servicios, S.A.",29.46,2026-06-25T23:19:42.170022+00:00,True,+129.1%,True,$39173.6M,False,+18.7%,False,53.5K,True,$29.46 / SMA $29.38,False,1.98%,False,+4.7%,False,694.6M,False,PNK,False,
ACXIF,"Acciona, S.A.",321.1,2026-06-24T23:59:22.888844+00:00,True,+87.8%,True,$17501.6M,,,False,0.4K,True,$321.10 / SMA $296.02,True,4.68%,,,True,23.9M,False,PNK,False,
ADAMH,"Adamas Trust, Inc.",25.55,2026-06-25T00:05:58.921892+00:00,False,+4.3%,,,,,False,15.3K,True,$25.55 / SMA $25.06,False,0.43%,,,True,83.8M,True,NGM,False,
ADAML,"Adamas Trust, Inc.",24.35,2026-06-25T23:27:01.945953+00:00,False,+16.0%,,N/A,,N/A,False,10.9K,True,$24.35 / SMA $24.17,False,0.40%,True,+59.3%,True,83.8M,True,NMS,False,
ADAMN,"Adamas Trust, Inc.",23.75,2026-06-25T23:15:37.695578+00:00,False,+15.7%,,,,,False,11.1K,True,$23.75 / SMA $23.51,False,0.97%,True,+59.3%,True,83.8M,True,NMS,False,
ADBE,Adobe Inc.,193.41,2026-06-25T23:07:56.036213+00:00,False,+1.7%,True,$76880.5M,False,+7.9%,True,6078.5K,False,$193.41 / SMA $238.69,True,4.10%,False,+12.7%,False,396.3M,True,NMS,False,
ADBRF,Aldebaran Resources Inc.,1.755,2026-06-25T23:29:21.924262+00:00,False,+24.5%,True,$325.3M,False,+-100.0%,False,63.2K,False,$1.75 / SMA $2.05,True,7.69%,,N/A,True,48.9M,False,OQX,False,
ADC,Agree Realty Corporation,75.98,2026-06-25T23:20:07.407376+00:00,False,+9.2%,True,$9151.8M,False,+19.0%,True,1127.6K,True,$75.98 / SMA $75.29,False,1.67%,False,+18.7%,True,117.6M,True,NYQ,False,
ADDDF,adidas AG,196.88,2026-06-25T23:19:44.550423+00:00,False,+35.2%,True,$34916.5M,False,+13.3%,False,1.0K,True,$196.88 / SMA $177.63,False,2.31%,False,+7.1%,False,169.0M,False,OQX,False,
ADDHY,Addtech AB (publ.),17.24,2026-06-25T23:20:05.283916+00:00,False,+13.6%,True,$9308.2M,True,+36.4%,False,5.1K,False,$17.24 / SMA $17.83,False,1.62%,False,+6.9%,False,512.2M,False,PNK,False,
ADEA,Adeia Inc.,30.38,2026-06-25T23:23:43.345413+00:00,True,+161.7%,True,$3350.7M,True,+100.0%,True,1954.7K,True,$30.38 / SMA $29.92,True,7.89%,False,+19.5%,True,107.7M,True,NMS,False,
ADM,Archer-Daniels-Midland Company,76.54,2026-06-25T23:19:42.431575+00:00,False,+49.1%,True,$36889.0M,False,+1.4%,True,3768.5K,False,$76.54 / SMA $76.70,False,2.92%,False,+1.6%,False,477.9M,True,NYQ,False,
ADMA,"ADMA Biologics, Inc.",8.7,2026-06-25T00:03:37.126568+00:00,False,+20.7%,True,$2016.4M,True,+72.7%,True,6696.6K,False,$8.70 / SMA $9.09,True,3.91%,False,+-0.3%,False,226.7M,True,NGM,False,
ADNT,Adient plc,20.29,2026-06-25T23:25:33.684268+00:00,False,+14.6%,True,$1591.0M,True,+108.5%,True,943.0K,False,$20.29 / SMA $21.69,True,4.56%,False,+7.0%,True,77.2M,True,NYQ,False,
ADPT,Adaptive Biotechnologies Corporation,19.34,2026-06-25T00:03:31.254310+00:00,True,+94.3%,True,$3095.3M,True,+35.0%,True,2279.0K,True,$19.34 / SMA $15.07,True,7.53%,True,+35.1%,True,125.2M,True,NMS,True,
ADRNY,Koninklijke Ahold Delhaize N.V.,39.74,2026-06-24T23:59:03.597978+00:00,False,+23.2%,True,$34994.2M,False,+3.3%,False,103.3K,False,$39.74 / SMA $44.02,False,1.30%,False,+-4.3%,False,870.9M,False,OQX,False,
ADRZY,Andritz AG,18.75,2026-06-25T23:20:07.855550+00:00,False,+38.0%,True,$9187.4M,,N/A,False,2.2K,True,$18.75 / SMA $17.48,False,0.13%,False,+-21.7%,False,337.7M,False,PNK,False,
ADSE,ADS-TEC Energy PLC,11.3,2026-06-25T00:06:02.270179+00:00,False,+43.2%,True,$847.5M,,,False,6.4K,False,$11.30 / SMA $11.55,True,4.28%,,,,,True,NCM,False,
ADSGF,adesso SE,60.0,2026-06-25T23:27:38.950204+00:00,False,+0.0%,True,$384.4M,True,+138.2%,False,0.0K,False,$60.00 / SMA $96.24,False,0.00%,False,+13.3%,True,1.3M,False,PNK,False,
ADT,ADT Inc.,6.55,2026-06-25T00:01:29.917007+00:00,False,+4.8%,True,$4981.6M,True,+26.7%,True,10788.7K,False,$6.55 / SMA $6.87,False,2.18%,False,+0.9%,False,579.7M,True,NYQ,False,
ADTN,"ADTRAN Holdings, Inc.",14.04,2026-06-25T23:25:43.320346+00:00,True,+97.5%,True,$1137.2M,True,+92.3%,True,2675.0K,False,$14.04 / SMA $16.01,True,8.21%,False,+15.5%,True,78.9M,True,NMS,False,
ADTTF,Advantest Corporation,201.74,2026-06-25T23:07:55.015546+00:00,True,+260.9%,True,$146223.9M,,,False,0.3K,True,$201.74 / SMA $171.63,False,0.00%,,,False,725.1M,False,PNK,False,
AEAQ,Activate Energy Acquisition Corp.,10.0,2026-06-25T00:08:30.863001+00:00,False,+2.2%,True,$313.1M,,,False,10.8K,True,$10.00 / SMA $9.97,False,0.09%,,,True,21.5M,True,NGM,False,
AEBI,Aebi Schmidt Holding AG,12.77,2026-06-25T00:05:52.944407+00:00,False,+43.3%,True,$989.8M,False,+-62.6%,False,298.5K,True,$12.77 / SMA $11.92,True,4.58%,True,+82.8%,True,36.7M,True,NMS,False,
AEBZY,Anadolu Efes Biracilik ve Malt Sanayii Anonim Sirketi,0.39,2026-06-25T23:23:48.871241+00:00,False,+50.0%,True,$2309.2M,,N/A,False,80.4K,True,$0.39 / SMA $0.38,False,2.33%,False,+20.5%,False,1951.1M,False,PNK,False,
AEE,Ameren Corporation,114.53,2026-06-25T23:19:44.931252+00:00,False,+21.6%,True,$31696.4M,False,+19.6%,True,1704.6K,True,$114.53 / SMA $109.33,False,1.85%,False,+3.8%,False,275.4M,True,NYQ,False,
AEGOF,Aegon Ltd.,7.05,2026-06-25T23:20:00.156505+00:00,False,+3.7%,True,$10663.3M,,N/A,False,0.1K,False,$7.05 / SMA $7.99,False,0.06%,,N/A,False,1235.3M,False,PNK,False,
AEHR,"Aehr Test Systems, Inc.",98.79,2026-06-25T23:23:43.097109+00:00,True,+740.1%,True,$3107.3M,False,+-400.0%,True,3007.2K,True,$98.79 / SMA $96.96,True,12.02%,False,+-43.7%,True,28.4M,True,NCM,False,
AEIS,"Advanced Energy Industries, Inc.",375.15,2026-06-25T23:20:00.396493+00:00,True,+192.2%,True,$15010.0M,True,+143.1%,True,818.6K,True,$375.15 / SMA $347.73,True,5.68%,True,+26.3%,True,37.6M,True,NMS,True,
AEM,Agnico Eagle Mines Limited,156.18,2026-06-25T23:19:34.341784+00:00,False,+36.3%,True,$78095.7M,True,+108.6%,True,2522.3K,False,$156.18 / SMA $181.58,True,3.89%,True,+66.1%,False,499.3M,True,NYQ,False,
AEMFF,AEM Holdings Ltd.,8.425,2026-06-25T00:03:29.745266+00:00,True,+1184.2%,True,$2691.4M,,,False,0.0K,True,$8.43 / SMA $5.61,False,0.00%,,,False,252.0M,False,PNK,False,
AENT,Alliance Entertainment Holding Corporation,5.56,2026-06-25T00:08:30.530115+00:00,True,+72.5%,False,$283.4M,True,+25.0%,False,24.0K,False,$5.56 / SMA $6.50,True,8.98%,False,+21.2%,True,3.2M,True,NCM,False,
AEOXF,Aeroports de Paris SA,135.86,2026-06-25T23:08:22.187604+00:00,False,+20.7%,True,$13438.6M,,,False,0.0K,True,$135.86 / SMA $124.46,False,0.21%,,,True,31.5M,False,PNK,False,
AEVA,"Aeva Technologies, Inc.",20.15,2026-06-25T23:25:35.638078+00:00,True,+128.2%,True,$1360.8M,False,+12.5%,True,2053.3K,False,$20.15 / SMA $20.52,True,11.79%,True,+85.9%,True,36.2M,True,NMS,False,
AFB,"AllianceBernstein National Municipal Income Fund, Inc.",11.4,2026-06-25T23:17:40.969341+00:00,False,+13.4%,True,$327.7M,,,False,108.4K,True,$11.40 / SMA $11.08,False,0.75%,,,,,True,NYQ,False,
AFRAF,Air France-KLM SA,13.38,2026-06-25T23:11:56.350704+00:00,False,+46.1%,True,$3511.4M,False,+-379.5%,False,0.1K,True,$13.38 / SMA $12.27,False,0.00%,False,+-5.1%,True,114.4M,False,PNK,False,
AFRM,"Affirm Holdings, Inc.",76.85,2026-06-25T23:08:12.766567+00:00,True,+82.6%,True,$25737.0M,True,+2900.0%,True,5023.0K,True,$76.85 / SMA $67.33,True,6.05%,True,+32.6%,False,281.3M,True,NMS,False,
AG,First Majestic Silver Corp.,16.5,2026-06-25T23:20:05.890972+00:00,True,+113.2%,True,$8147.2M,True,+2500.0%,True,13883.5K,False,$16.50 / SMA $19.72,True,6.11%,True,+95.5%,False,488.2M,True,NYQ,False,
AGBK,AGI Inc,6.88,2026-06-25T00:05:38.762697+00:00,False,+8.9%,True,$1100.3M,,,True,545.0K,False,$6.88 / SMA $7.12,True,5.20%,,,True,21.2M,True,NYQ,False,
AGCC,Agencia Comercial Spirits Ltd,15.1,2026-06-25T23:15:42.770451+00:00,True,+312.6%,True,$344.1M,,,False,99.5K,False,$15.10 / SMA $17.18,True,9.01%,,,True,8.3M,True,NCM,False,
AGCO,AGCO Corporation,114.58,2026-06-24T23:59:43.309033+00:00,False,+15.5%,True,$8296.6M,True,+442.9%,True,708.0K,False,$114.58 / SMA $115.54,True,3.19%,False,+14.3%,True,60.1M,True,NYQ,False,
AGD,Abrdn Global Dynamic Dividend Fund,12.01,2026-06-25T23:29:26.040140+00:00,False,+15.4%,True,$313.7M,,N/A,False,112.1K,False,$12.01 / SMA $12.13,False,1.81%,,N/A,,N/A,True,NYQ,False,
AGESY,ageas SA/NV,79.1,2026-06-24T23:59:21.355620+00:00,False,+20.9%,True,$16549.9M,,,False,6.2K,True,$79.10 / SMA $76.59,False,1.69%,,,False,178.8M,False,PNK,False,
AGFMF,AGF Management Limited,14.19,2026-06-25T00:05:59.399429+00:00,False,+66.4%,True,$906.3M,False,+-41.3%,False,10.5K,True,$14.19 / SMA $12.42,False,0.37%,False,+4.9%,,,False,PNK,False,
AGIO,"Agios Pharmaceuticals, Inc.",36.2,2026-06-25T23:25:34.185487+00:00,False,+62.8%,True,$2152.9M,False,+-9.0%,True,1151.2K,True,$36.20 / SMA $29.25,True,5.04%,True,+137.7%,True,53.1M,True,NMS,False,
AGL,"agilon health, inc.",106.96,2026-06-25T00:05:26.150721+00:00,True,+1329.9%,True,$1784.5M,True,+302.2%,False,423.5K,True,$106.96 / SMA $69.64,True,9.48%,False,+-7.3%,True,9.8M,True,NYQ,False,
AGLXY,AGL Energy Limited,6.05,2026-06-25T23:10:21.685176+00:00,False,+16.1%,True,$4070.1M,,,False,0.8K,False,$6.05 / SMA $6.57,False,1.85%,,,False,598.0M,False,PNK,False,
AGM,Federal Agricultural Mortgage Corporation,193.28,2026-06-25T23:23:55.668889+00:00,False,+41.5%,True,$2096.9M,False,+18.5%,False,113.8K,True,$193.28 / SMA $176.24,False,2.95%,False,+15.7%,True,10.2M,True,NYQ,False,
AGMB,AgomAb Therapeutics NV,13.43,2026-06-25T23:15:45.998321+00:00,False,+53.5%,True,$661.4M,,,False,133.9K,True,$13.43 / SMA $11.14,True,11.10%,,,True,16.4M,True,NMS,False,
AGMJF,Algoma Central Corporation,15.77,2026-06-25T23:27:19.927060+00:00,False,+35.5%,True,$639.8M,,N/A,False,0.1K,False,$15.77 / SMA $15.98,False,0.04%,False,+-38.7%,True,18.4M,False,PNK,False,
AGNC,AGNC Investment Corp.,10.49,2026-06-24T23:59:34.008214+00:00,False,+15.5%,True,$12041.8M,False,+-950.0%,True,15090.1K,True,$10.49 / SMA $10.45,False,1.55%,False,+-246.2%,False,1140.3M,True,NMS,False,
AGNCN,AGNC Investment Corp.,25.66,2026-06-25T23:20:01.855922+00:00,False,+4.1%,,N/A,,N/A,False,26.4K,False,$25.66 / SMA $25.76,False,0.45%,False,+-246.2%,False,1140.3M,True,NMS,False,
AGNCP,AGNC Investment Corp.,25.04,2026-06-25T23:08:23.697781+00:00,False,+6.0%,,,,,False,88.5K,True,$25.04 / SMA $24.99,False,0.43%,False,+-246.2%,False,1140.3M,True,NMS,False,
AGNCZ,AGNC Investment Corp.,25.45,2026-06-24T23:59:33.614251+00:00,False,+3.5%,,,,,False,56.9K,True,$25.45 / SMA $25.39,False,0.37%,False,+-246.2%,False,1140.3M,True,NMS,False,
AGNT,"AGNT, Inc",5.15,2026-06-25T23:27:32.837857+00:00,False,+14.4%,True,$846.3M,True,+57.1%,True,1181.5K,False,$5.15 / SMA $5.41,True,5.93%,False,+5.3%,True,97.2M,True,NGM,False,
AGRO,Adecoagro S.A.,9.3,2026-06-25T23:23:56.028943+00:00,False,+35.0%,True,$1342.1M,True,+55.6%,True,1258.4K,False,$9.30 / SMA $12.40,True,4.58%,False,+22.5%,True,29.4M,True,NYQ,False,
AGTEF,AGTech Holdings Limited,0.103,2026-06-25T00:05:24.976752+00:00,True,+1739.3%,True,$1185.7M,,,False,4.3K,True,$0.10 / SMA $0.09,False,2.05%,,,False,2404.6M,False,PNK,False,
AGXKF,Anglo Asian Mining PLC,5.0,2026-06-25T00:07:53.045613+00:00,True,+190.7%,True,$572.3M,,,False,0.5K,True,$5.00 / SMA $3.84,False,1.17%,,,True,59.7M,False,PNK,False,
AHCO,AdaptHealth Corp.,10.02,2026-06-25T23:25:39.938924+00:00,False,+17.8%,True,$1363.3M,False,+-140.0%,True,1401.1K,False,$10.02 / SMA $11.03,True,3.38%,False,+5.8%,True,85.7M,True,NCM,False,
AHG,Akso Health Group,1.34,2026-06-25T23:13:52.383288+00:00,False,+25.2%,True,$1148.0M,,,False,106.5K,False,$1.34 / SMA $1.73,True,9.24%,,,False,854.0M,True,NCM,False,
AHR,"American Healthcare REIT, Inc.",50.92,2026-06-25T23:08:27.381171+00:00,False,+43.4%,True,$10526.3M,True,+425.0%,True,2524.3K,True,$50.92 / SMA $49.15,True,3.11%,False,+20.4%,False,191.3M,True,NYQ,False,
AHRT,AH REALTY TRUST INC,6.8,2026-06-25T00:06:05.172770+00:00,False,+32.6%,True,$661.4M,False,+-266.0%,True,955.9K,True,$6.80 / SMA $6.49,False,2.08%,False,+4.3%,True,75.1M,True,NYQ,False,
AI,"C3.ai, Inc.",8.75,2026-06-25T23:13:52.249134+00:00,False,+14.0%,True,$1360.2M,False,+-31.7%,True,5946.1K,False,$8.75 / SMA $9.70,True,7.06%,False,+-52.5%,True,129.8M,True,NYQ,False,
AIG,"American International Group, Inc.",74.85,2026-06-25T23:19:41.471149+00:00,False,+5.1%,True,$39685.9M,False,+21.6%,True,4123.0K,False,$74.85 / SMA $75.51,False,2.18%,False,+-2.3%,False,528.4M,True,NYQ,False,
AIIR,AIR Global PLC,6.673,2026-06-25T00:08:35.045607+00:00,False,+2.6%,True,$1070.3M,,,False,184.4K,False,$6.67 / SMA $9.13,True,7.75%,,,,,True,NCM,False,
AINSF,Ainsworth Game Technology Limited,0.92,2026-06-25T23:17:38.821205+00:00,False,+67.3%,True,$309.9M,,,False,23.5K,True,$0.92 / SMA $0.90,False,2.05%,,,True,29.8M,False,PNK,False,
AIO,Virtus Artificial Intelligence & Technology Opportunities Fund,27.89,2026-06-25T23:15:34.887730+00:00,False,+33.4%,True,$960.5M,,,False,88.1K,True,$27.89 / SMA $25.79,False,2.27%,,,,,True,NYQ,False,
AIOT,"PowerFleet, Inc.",3.71,2026-06-25T23:15:51.287281+00:00,False,+33.5%,True,$497.8M,True,+77.8%,True,1633.5K,True,$3.71 / SMA $3.57,True,7.34%,False,+10.5%,True,124.1M,True,NGM,False,
AIP,"Arteris, Inc.",41.03,2026-06-25T00:03:45.116251+00:00,True,+387.3%,True,$1894.4M,False,+15.0%,True,911.1K,True,$41.03 / SMA $33.03,True,7.43%,True,+38.7%,True,36.3M,True,NGM,False,
AIPUY,Airports of Thailand Public Company Limited,18.18,2026-06-24T23:59:14.665222+00:00,True,+102.0%,True,$25971.4M,False,+14.3%,False,0.2K,True,$18.18 / SMA $15.88,False,1.28%,False,+3.0%,False,4090.0M,False,PNK,False,
AIQUY,L'Air Liquide S.A.,37.93,2026-06-24T23:58:48.654094+00:00,False,+4.9%,True,$120592.3M,,,False,212.6K,False,$37.93 / SMA $40.98,False,1.63%,,,False,3167.0M,False,PNK,False,
AIRS,"AirSculpt Technologies, Inc.",4.42,2026-06-25T23:17:32.295449+00:00,True,+192.7%,True,$311.8M,True,+40.0%,True,1244.4K,True,$4.42 / SMA $4.25,True,7.77%,False,+0.0%,True,15.0M,True,NGM,False,
AIT,"Applied Industrial Technologies, Inc.",333.78,2026-06-24T23:59:35.295799+00:00,False,+49.6%,True,$12336.4M,False,+3.1%,False,264.2K,True,$333.78 / SMA $308.58,False,2.20%,False,+7.3%,True,36.6M,True,NYQ,False,
AIV,Apartment Investment and Management Company,2.9,2026-06-25T23:27:27.299288+00:00,False,+1.8%,True,$417.2M,True,+2700.0%,True,1477.0K,False,$2.90 / SMA $2.94,False,1.83%,False,+-36.1%,True,105.2M,True,NYQ,False,
AJNMY,"Ajinomoto Co., Inc.",35.27,2026-06-25T23:08:06.867525+00:00,True,+71.4%,True,$33713.4M,,,False,62.0K,True,$35.27 / SMA $32.15,False,1.59%,,,False,949.4M,False,PNK,False,
AKAAF,Aker ASA,122.04,2026-06-25T23:08:26.075754+00:00,True,+155.6%,True,$9066.3M,,,False,0.1K,False,$122.04 / SMA $122.81,False,0.09%,,,True,21.8M,False,PNK,False,
AKBLF,ALK-Abelló A/S,40.65,2026-06-25T23:20:08.315861+00:00,False,+47.0%,True,$9007.4M,False,+25.0%,False,0.1K,True,$40.65 / SMA $37.08,False,0.00%,False,+16.4%,True,131.8M,False,PNK,False,
AKESF,"Akeso, Inc.",10.71,2026-06-24T23:59:26.774653+00:00,False,+0.0%,True,$9865.4M,,,False,1.4K,False,$10.71 / SMA $15.15,False,2.99%,,,False,721.5M,False,PNK,False,
AKO.B,AKO.B,,2026-06-25T00:01:38.026152+00:00,False,,False,,False,,False,,False,,False,,False,,False,,False,Unknown,False,No price data available
AKR,Acadia Realty Trust,21.84,2026-06-25T00:03:20.981393+00:00,False,+21.1%,True,$3165.9M,True,+2100.0%,True,1277.8K,True,$21.84 / SMA $21.61,False,1.92%,False,+-1.3%,True,132.8M,True,NYQ,False,
AKRBY,Aker BP ASA,15.6,2026-06-25T23:19:48.614560+00:00,False,+37.0%,True,$19710.2M,True,+34.8%,False,0.7K,False,$15.60 / SMA $18.19,False,2.30%,False,+-1.0%,False,526.8M,False,OQX,False,
AKRTF,Aker Solutions ASA,4.67,2026-06-25T23:23:49.880465+00:00,True,+76.2%,True,$2269.9M,,N/A,False,0.7K,True,$4.67 / SMA $4.66,False,0.21%,,N/A,False,230.5M,False,PNK,False,
AKTS,"Aktis Oncology, Inc.",28.7,2026-06-25T00:05:39.202122+00:00,True,+95.0%,True,$1586.5M,,,False,268.4K,True,$28.70 / SMA $20.28,True,8.25%,,,True,28.2M,True,NMS,False,
AKZOY,Akzo Nobel N.V.,22.65,2026-06-24T23:59:37.935431+00:00,False,+25.6%,True,$11641.0M,True,+350.0%,False,172.4K,True,$22.65 / SMA $20.91,False,1.89%,False,+-8.9%,False,461.9M,False,OQX,False,
ALCO,"Alico, Inc.",40.39,2026-06-25T23:29:29.322807+00:00,False,+29.5%,False,$299.5M,True,+110.2%,False,22.2K,False,$40.39 / SMA $41.11,False,1.74%,False,+-70.3%,True,5.6M,True,NMS,False,
ALDF,Aldel Financial II Inc.,10.66,2026-06-25T23:17:40.098336+00:00,False,+3.5%,True,$318.4M,False,+-15.3%,False,18.1K,True,$10.66 / SMA $10.64,False,0.06%,,,True,17.5M,True,NGM,False,
ALDFU,Aldel Financial II Inc.,10.81,2026-06-25T00:08:28.439652+00:00,False,+3.4%,,,,,False,0.9K,True,$10.81 / SMA $10.79,True,4.06%,,,True,17.5M,True,NGM,False,
ALFFF,"Sigma Foods, S.A.B. de C.V.",0.85,2026-06-25T00:01:29.340614+00:00,False,+14.9%,True,$4724.8M,False,+-66.3%,False,0.1K,False,$0.85 / SMA $0.98,False,0.00%,False,+-2.5%,False,5280.2M,False,PNK,False,
ALFRY,Alfresa Holdings Corporation,13.8,2026-06-25T00:03:24.575886+00:00,False,+11.1%,True,$2420.7M,,,False,0.1K,False,$13.80 / SMA $14.86,False,0.00%,,,False,173.3M,False,PNK,False,
ALG,Alamo Group Inc.,163.52,2026-06-25T00:03:40.013507+00:00,False,+12.2%,True,$1989.8M,False,+-8.7%,False,180.6K,True,$163.52 / SMA $159.49,True,3.10%,False,+6.7%,True,12.0M,True,NYQ,False,
ALGM,"Allegro MicroSystems, Inc.",60.16,2026-06-25T23:08:30.136557+00:00,True,+168.5%,True,$11208.4M,False,+-12.5%,True,2366.6K,True,$60.16 / SMA $47.76,True,7.49%,True,+26.1%,True,124.7M,True,NMS,False,
ALGN,"Align Technology, Inc.",175.71,2026-06-25T23:08:23.812169+00:00,False,+44.0%,True,$12584.0M,False,+23.6%,True,1023.7K,True,$175.71 / SMA $173.38,True,4.16%,False,+6.2%,True,67.0M,True,NMS,False,
ALH,Alliance Laundry Holdings Inc.,26.37,2026-06-25T23:21:56.295503+00:00,False,+41.5%,True,$5237.3M,True,+228.4%,True,843.2K,True,$26.37 / SMA $25.26,True,3.51%,False,+9.6%,True,46.3M,True,NYQ,False,
ALIT,"Alight, Inc.",0.5728,2026-06-25T00:07:55.736403+00:00,False,+19.6%,True,$313.5M,False,+20.0%,True,28278.1K,False,$0.57 / SMA $0.74,True,13.17%,False,+-2.6%,False,463.5M,True,NYQ,False,
ALK,"Alaska Air Group, Inc.",53.29,2026-06-25T23:10:19.849973+00:00,False,+61.3%,True,$5938.1M,False,+-25.2%,True,3969.9K,True,$53.29 / SMA $42.77,True,4.88%,False,+5.2%,True,110.7M,True,NYQ,False,
ALKEF,Alkane Resources Ltd,1.08,2026-06-25T00:05:25.980629+00:00,True,+151.2%,True,$1475.5M,,,False,420.6K,False,$1.08 / SMA $1.12,True,6.02%,,,False,671.3M,False,OQX,False,
ALKT,"Alkami Technology, Inc.",15.95,2026-06-25T00:03:40.621593+00:00,False,+14.1%,True,$1707.0M,False,+-12.5%,True,1635.0K,False,$15.95 / SMA $16.50,True,5.30%,True,+28.9%,True,59.2M,True,NMS,False,
ALLE,Allegion plc,137.0,2026-06-25T23:08:24.603910+00:00,False,+9.6%,True,$11773.2M,False,+-7.0%,True,1025.0K,True,$137.00 / SMA $133.78,False,2.66%,False,+9.7%,True,85.5M,True,NYQ,False,
ALLO,"Allogene Therapeutics, Inc.",2.06,2026-06-25T23:15:40.772380+00:00,True,+110.2%,True,$711.0M,True,+35.7%,True,10350.6K,False,$2.06 / SMA $2.12,True,6.57%,,,False,270.7M,True,NMS,False,
ALLT,Allot Ltd.,7.27,2026-06-25T00:08:20.344510+00:00,False,+18.8%,True,$355.7M,True,+500.0%,False,431.6K,False,$7.27 / SMA $7.47,True,4.57%,False,+14.1%,True,31.7M,True,NMS,False,
ALLY,Ally Financial Inc.,46.32,2026-06-25T23:19:59.358116+00:00,False,+29.0%,True,$14198.1M,True,+213.4%,True,3314.3K,True,$46.32 / SMA $43.52,False,2.43%,True,+34.1%,False,275.2M,True,NYQ,False,
ALM,Almonty Industries Inc.,16.45,2026-06-25T23:10:16.125903+00:00,True,+420.6%,True,$4667.6M,True,+84.6%,True,5095.8K,False,$16.45 / SMA $19.51,True,8.24%,True,+221.2%,False,212.8M,True,NCM,False,
ALMR,"Alamar Biosciences, Inc.",26.87,2026-06-25T23:13:50.963377+00:00,False,+42.5%,True,$1862.4M,,,False,377.8K,True,$26.87 / SMA_short $22.34,True,7.27%,,,True,40.3M,True,NMS,False,
ALMS,Alumis Inc.,25.03,2026-06-25T23:12:01.255680+00:00,True,+757.2%,True,$3191.1M,True,+59.3%,True,1263.3K,True,$25.03 / SMA $23.13,True,6.73%,False,+-90.0%,True,85.8M,True,NMS,False,
ALOY,REalloys Inc.,16.67,2026-06-25T00:06:08.875048+00:00,True,+211.5%,True,$1020.4M,,,True,2098.3K,True,$16.67 / SMA $11.43,True,15.07%,,,True,24.8M,True,NCM,True,
ALPIB,Alpine Banks of Colorado,47.245,2026-06-25T00:06:03.736493+00:00,True,+76.7%,True,$633.6M,True,+46.5%,False,3.9K,False,$47.24 / SMA $47.46,False,1.05%,False,+24.5%,True,7.8M,False,OQX,False,
ALPMF,Astellas Pharma Inc.,12.85,2026-06-25T23:19:46.602414+00:00,False,+37.6%,True,$23020.7M,,N/A,False,3.8K,False,$12.85 / SMA $14.61,True,3.51%,,N/A,False,1791.2M,False,PNK,False,
ALPMY,Astellas Pharma Inc.,13.2,2026-06-25T23:08:09.844185+00:00,False,+43.2%,True,$23647.7M,,,False,182.5K,False,$13.20 / SMA $14.25,False,1.73%,,,False,1791.2M,False,PNK,False,
ALRM,"Alarm.com Holdings, Inc.",44.07,2026-06-25T23:23:51.746057+00:00,False,+6.2%,True,$2179.7M,False,+-9.6%,True,506.5K,False,$44.07 / SMA $44.93,True,3.22%,False,+11.0%,True,46.9M,True,NMS,False,
ALT,"Altimmune, Inc.",2.87,2026-06-25T23:15:45.922576+00:00,False,+12.1%,True,$558.1M,True,+30.8%,True,3852.7K,False,$2.87 / SMA $2.93,True,4.36%,False,+-100.0%,False,164.2M,True,NGM,False,
ALTI,"AlTi Global, Inc.",3.245,2026-06-25T23:15:49.544514+00:00,False,+18.0%,True,$492.0M,True,+111.1%,False,186.3K,False,$3.25 / SMA $3.39,True,6.84%,True,+28.1%,True,49.4M,True,NCM,False,
ALTO,"Alto Ingredients, Inc.",4.98,2026-06-25T23:17:33.528169+00:00,True,+441.3%,True,$385.9M,True,+131.2%,True,2012.8K,False,$4.98 / SMA $5.16,True,6.72%,False,+-0.8%,True,69.4M,True,NCM,False,
ALV,"Autoliv, Inc.",120.81,2026-06-25T23:20:07.121552+00:00,False,+21.8%,True,$9044.2M,False,+-12.1%,True,781.2K,True,$120.81 / SMA $120.43,False,2.53%,False,+6.8%,True,74.5M,True,NYQ,False,
ALVO,Alvotech,3.7,2026-06-25T00:05:46.297755+00:00,False,+25.9%,True,$1251.4M,False,+-100.0%,True,641.7K,True,$3.70 / SMA $3.56,True,7.33%,False,+-20.3%,True,126.7M,True,NGM,False,
AMADF,"Amadeus IT Group, S.A.",59.65,2026-06-24T23:59:11.226437+00:00,False,+10.5%,True,$25571.2M,False,+5.1%,False,7.2K,False,$59.65 / SMA $60.01,True,3.19%,False,+3.1%,False,422.3M,False,PNK,False,
AMAT,"Applied Materials, Inc.",588.97,2026-06-24T23:58:44.276253+00:00,True,+281.3%,True,$467618.3M,True,+33.5%,True,7696.4K,True,$588.97 / SMA $457.84,True,5.49%,False,+11.4%,False,790.7M,True,NMS,False,
AMCCF,Amcor plc,37.35,2026-06-24T23:59:19.849174+00:00,False,+0.0%,True,$17268.6M,False,+-11.8%,False,0.0K,False,$37.35 / SMA $38.67,False,0.00%,True,+77.4%,False,460.0M,False,PNK,False,
AMCR,Amcor plc,42.86,2026-06-25T23:08:16.104577+00:00,False,+18.2%,True,$19816.1M,False,+-11.8%,True,4162.1K,True,$42.86 / SMA $38.91,False,2.44%,True,+77.4%,False,460.0M,True,NYQ,False,
AMDLY,"Amada Co., Ltd.",74.66,2026-06-25T23:21:54.474584+00:00,True,+74.0%,True,$5796.1M,,N/A,False,0.0K,True,$74.66 / SMA $63.66,False,0.00%,,N/A,True,77.6M,False,PNK,False,
AMFN,American Fusion Inc.,0.0997,2026-06-25T23:29:18.142768+00:00,True,+99600.0%,False,$294.6M,,N/A,True,9777.7K,False,$0.10 / SMA $0.10,True,23.35%,,N/A,,N/A,False,OID,False,
AMFPY,Amplifon S.p.A.,46.99,2026-06-25T23:23:46.467969+00:00,False,+0.9%,True,$3116.0M,False,+-73.8%,False,0.0K,False,$46.99 / SMA $53.15,False,0.00%,False,+-12.1%,True,21.1M,False,PNK,False,
AMG,"Affiliated Managers Group, Inc.",339.1,2026-06-24T23:59:43.726647+00:00,True,+81.9%,True,$8956.3M,True,+74.5%,False,340.2K,True,$339.10 / SMA $312.75,True,3.17%,False,+9.7%,True,25.4M,True,NYQ,False,
AMGDF,Aston Martin Lagonda Global Holdings plc,0.548,2026-06-25T23:15:42.936880+00:00,False,+37.0%,True,$555.0M,True,+27.2%,False,35.4K,False,$0.55 / SMA $0.60,True,4.55%,False,+15.6%,False,348.4M,False,PNK,False,
AMIGF,Admiral Group plc,46.24,2026-06-25T23:08:21.092875+00:00,False,+22.5%,True,$13821.2M,,,False,0.1K,True,$46.24 / SMA $44.05,False,0.00%,,,False,265.2M,False,PNK,False,
AMIGY,AMIGY,46.3,2026-06-25T23:19:57.589267+00:00,False,+28.4%,,N/A,,N/A,False,34.0K,True,$46.30 / SMA $45.54,False,2.60%,,N/A,False,265.2M,False,PNK,False,
AMIVF,Atrium Mortgage Investment Corporation,8.4159,2026-06-25T23:29:14.878090+00:00,False,+12.7%,True,$405.5M,False,+0.0%,False,4.2K,False,$8.42 / SMA $8.54,False,0.02%,False,+-8.5%,True,45.8M,False,PNK,False,
AMKR,"Amkor Technology, Inc.",85.62,2026-06-25T23:08:17.535779+00:00,True,+315.8%,True,$21222.8M,True,+266.7%,True,5120.7K,True,$85.62 / SMA $73.88,True,8.58%,True,+27.5%,True,135.5M,True,NMS,True,
AMLX,"Amylyx Pharmaceuticals, Inc.",17.44,2026-06-25T23:25:37.976845+00:00,True,+192.1%,True,$1939.1M,False,+11.9%,True,1229.1K,True,$17.44 / SMA $15.18,True,6.32%,,N/A,True,83.5M,True,NMS,False,
AMNF,"Armanino Foods of Distinction, Inc.",10.18,2026-06-25T23:17:38.332375+00:00,False,+27.6%,True,$316.4M,False,+22.2%,False,75.4K,False,$10.18 / SMA $10.27,False,2.69%,False,+8.3%,,,False,OQX,False,
AMP,"Ameriprise Financial, Inc.",453.29,2026-06-25T23:08:03.639305+00:00,False,+7.3%,True,$40749.5M,True,+66.0%,True,644.5K,False,$453.29 / SMA $460.67,False,2.35%,False,+10.5%,True,89.5M,True,NYQ,False,
AMPH,"Amphastar Pharmaceuticals, Inc.",21.02,2026-06-25T00:05:58.133228+00:00,False,+26.2%,True,$926.8M,False,+-72.5%,True,607.8K,True,$21.02 / SMA $20.04,True,4.20%,False,+0.4%,True,32.8M,True,NMS,False,
AMPL,"Amplitude, Inc.",6.83,2026-06-25T00:05:54.971419+00:00,False,+24.0%,True,$905.8M,False,+0.0%,True,2312.4K,False,$6.83 / SMA $6.95,True,6.67%,False,+16.9%,True,96.3M,True,NCM,False,
AMR,"Alpha Metallurgical Resources, Inc.",168.18,2026-06-25T23:12:05.878543+00:00,True,+70.1%,True,$2138.3M,True,+66.9%,False,262.2K,False,$168.18 / SMA $190.94,True,6.06%,False,+-1.3%,True,10.2M,True,NYQ,False,
AMRQF,Amaroq Ltd.,1.07,2026-06-25T23:27:29.608030+00:00,False,+34.6%,True,$498.7M,True,+72.1%,False,54.4K,False,$1.07 / SMA $1.27,True,7.83%,,N/A,False,388.1M,False,OQX,False,
AMRX,"Amneal Pharmaceuticals, Inc.",17.32,2026-06-25T23:22:02.863769+00:00,True,+126.0%,True,$5525.5M,True,+375.0%,True,1683.1K,True,$17.32 / SMA $13.68,True,3.68%,False,+3.9%,False,178.4M,True,NMS,False,
AMRZ,AMRZ,55.88,2026-06-25T23:08:08.912963+00:00,False,+26.7%,True,$30931.6M,False,+-33.4%,True,2977.2K,True,$55.88 / SMA $53.61,True,3.07%,False,+4.7%,False,493.2M,True,NYQ,False,
AMSSY,ams-OSRAM AG,11.605,2026-06-25T00:03:21.415705+00:00,True,+177.0%,True,$2310.3M,False,+-89.2%,False,4.2K,True,$11.61 / SMA $10.38,True,7.30%,False,+-2.9%,False,197.1M,False,PNK,False,
AMSYF,ArcelorMittal S.A.,63.65,2026-06-25T23:19:39.946995+00:00,True,+105.3%,True,$48153.7M,False,+-27.9%,False,0.0K,True,$63.65 / SMA $59.24,False,0.10%,False,+4.5%,False,420.2M,False,PNK,False,
AMT,American Tower Corporation,168.72,2026-06-25T23:19:34.499385+00:00,False,+2.2%,True,$78605.5M,True,+76.9%,True,3100.4K,False,$168.72 / SMA $179.89,False,2.70%,False,+6.8%,False,464.4M,True,NYQ,False,
AMTB,Amerant Bancorp Inc.,24.67,2026-06-25T00:05:55.530496+00:00,False,+57.9%,True,$966.6M,True,+57.1%,False,250.0K,True,$24.67 / SMA $23.05,False,2.68%,False,+-9.8%,True,35.4M,True,NYQ,False,
AMTD,AMTD IDEA Group,1.0,2026-06-25T00:03:50.547790+00:00,False,+14.4%,False,$94.9M,,,False,19.3K,False,$1.00 / SMA $1.01,True,5.40%,,,True,37.6M,True,NYQ,False,
AMVOY,AMVOY,8.43,2026-06-25T23:10:22.243971+00:00,False,+18.4%,True,$4217.1M,True,+27.6%,False,8.7K,False,$8.43 / SMA $8.69,True,4.10%,False,+-8.3%,False,270.0M,False,PNK,False,
AMWD,American Woodmark Corporation,48.09,2026-06-25T23:27:32.225424+00:00,False,+44.5%,True,$700.7M,False,+-280.8%,False,270.6K,True,$48.09 / SMA_short $40.86,True,5.87%,False,+-18.4%,True,14.3M,True,NGM,False,
AMXEF,Amex Exploration Inc.,2.84,2026-06-25T23:15:50.573291+00:00,True,+173.1%,True,$441.8M,True,+150.0%,False,33.1K,False,$2.84 / SMA $3.48,True,4.66%,,,True,105.9M,False,OQX,False,
AMXOF,"América Móvil, S.A.B. de C.V.",1.23,2026-06-25T23:07:57.434151+00:00,False,+48.1%,True,$73873.8M,True,+25.8%,False,2.2K,False,$1.23 / SMA $1.34,False,0.00%,False,+2.1%,False,17109.8M,False,PNK,False,
AMZN,"Amazon.com, Inc.",234.27,2026-06-24T23:58:48.389559+00:00,False,+19.5%,True,$2520068.1M,True,+74.8%,True,45747.0K,False,$234.27 / SMA $256.89,False,2.98%,False,+16.6%,False,9779.7M,True,NMS,False,
ANCTF,Alimentation Couche-Tard Inc.,65.87,2026-06-25T23:08:01.212719+00:00,False,+39.4%,True,$60491.5M,,,False,109.3K,True,$65.87 / SMA $57.97,False,1.75%,False,+19.8%,False,744.1M,False,PNK,False,
ANDE,"The Andersons, Inc.",70.655,2026-06-25T00:03:30.366502+00:00,True,+121.9%,True,$2406.1M,True,+9600.0%,False,322.2K,False,$70.66 / SMA $72.69,False,2.94%,False,+-1.2%,True,32.3M,True,NMS,False,
ANET,"Arista Networks, Inc.",165.45,2026-06-25T23:19:30.082221+00:00,True,+70.3%,True,$208329.6M,True,+25.0%,True,9306.5K,True,$165.45 / SMA $159.82,True,4.61%,True,+35.1%,False,1043.6M,True,NYQ,False,
ANFGF,Antofagasta plc,49.11,2026-06-24T23:58:56.077389+00:00,True,+98.6%,True,$48415.4M,,,False,5.4K,False,$49.11 / SMA $53.26,True,3.70%,,,False,339.8M,False,PNK,False,
ANGPY,Valterra Platinum Limited,10.72,2026-06-25T23:19:51.540468+00:00,False,+48.1%,True,$16984.9M,,N/A,False,193.2K,False,$10.72 / SMA $13.60,True,3.70%,,N/A,False,1571.8M,False,PNK,False,
ANL,Adlai Nortye Ltd.,10.16,2026-06-25T23:27:36.910623+00:00,True,+1055.9%,True,$654.3M,,N/A,False,346.5K,False,$10.16 / SMA $12.47,True,10.95%,,N/A,True,18.6M,True,NGM,False,
ANNSF,"Aena S.M.E., S.A.",30.334,2026-06-24T23:59:00.090136+00:00,True,+92.2%,True,$46304.3M,False,+-97.1%,False,5.0K,True,$30.33 / SMA $28.83,False,2.06%,False,+-51.8%,False,702.7M,False,PNK,False,
ANNX,"Annexon, Inc.",5.3,2026-06-25T00:05:55.916433+00:00,True,+186.5%,True,$868.4M,True,+37.8%,True,2586.5K,False,$5.30 / SMA $5.49,True,6.67%,,,True,129.3M,True,NMS,False,
ANPDY,ANTA Sports Products Limited,217.1,2026-06-24T23:59:11.107088+00:00,False,+0.4%,True,$24059.0M,,,False,2.1K,False,$217.10 / SMA $247.23,False,1.52%,,,True,52.1M,False,PNK,False,
ANSC,Agriculture & Natural Solutions Acquisition Corporation,11.44,2026-06-25T00:07:52.088750+00:00,False,+5.8%,True,$475.3M,False,+-22.2%,False,39.5K,True,$11.44 / SMA $11.35,False,0.10%,,,True,32.9M,True,NGM,False,
ANSLY,Ansell Limited,84.09,2026-06-25T23:23:46.895336+00:00,False,+13.1%,True,$2968.8M,,N/A,False,0.0K,True,$84.09 / SMA $79.22,False,0.00%,,N/A,True,35.5M,False,PNK,False,
ANZFF,Air New Zealand Limited,0.2469,2026-06-25T23:15:38.118427+00:00,False,+10.4%,True,$798.4M,,,False,1.0K,False,$0.25 / SMA $0.25,False,0.00%,,,False,1590.3M,False,PNK,False,
ANZGY,ANZ Group Holdings Limited,24.12,2026-06-25T23:07:57.942243+00:00,False,+29.8%,True,$72626.1M,,,False,116.7K,False,$24.12 / SMA $25.18,False,1.79%,,,False,3009.8M,False,PNK,False,
AONC,"American Oncology Network, Inc.",11.5,2026-06-25T23:27:34.176545+00:00,True,+1149900.0%,True,$336.4M,,N/A,False,0.5K,True,$11.50 / SMA $9.55,False,0.00%,,N/A,True,10.3M,False,PNK,False,
AONNF,"Aeon Co., Ltd.",9.749,2026-06-25T23:08:09.230062+00:00,False,+41.6%,True,$26971.8M,,,False,0.4K,False,$9.75 / SMA $10.64,False,0.00%,,,False,2558.0M,False,PNK,False,
AORT,"Artivion, Inc.",22.66,2026-06-25T23:13:57.096308+00:00,False,+18.3%,True,$1100.0M,True,+400.0%,True,692.5K,False,$22.66 / SMA $26.84,True,4.82%,False,+17.5%,True,46.0M,True,NYQ,False,
AOSL,Alpha and Omega Semiconductor Limited,45.7,2026-06-25T23:25:44.136747+00:00,True,+168.7%,True,$1367.8M,False,+-24.3%,True,978.3K,True,$45.70 / SMA $42.55,True,11.00%,False,+-0.5%,True,24.6M,True,NMS,False,
APA,APA Corporation,33.325,2026-06-24T23:59:27.339351+00:00,True,+87.9%,True,$11779.4M,True,+31.3%,True,7122.3K,False,$33.33 / SMA $37.39,True,3.15%,False,+-11.7%,False,351.3M,True,NMS,False,
APAM,Artisan Partners Asset Management Inc.,34.84,2026-06-25T23:11:56.794114+00:00,False,+1.4%,True,$2473.4M,False,+-7.3%,True,765.6K,False,$34.84 / SMA $36.56,False,2.66%,False,+9.3%,True,68.9M,True,NYQ,False,
APC,ARKO Petroleum Corp.,18.32,2026-06-25T00:05:48.601871+00:00,False,+7.8%,True,$1512.7M,,,False,152.3K,False,$18.32 / SMA $19.34,True,5.05%,,,True,12.6M,True,NCM,False,
APELY,"Alps Alpine Co., Ltd.",25.75,2026-06-25T23:12:02.294527+00:00,False,+27.3%,True,$2512.1M,,,False,0.8K,False,$25.75 / SMA $27.24,False,2.84%,,,True,88.5M,False,PNK,False,
APG,APi Group Corporation,41.68,2026-06-25T23:08:15.628643+00:00,False,+27.5%,True,$18056.9M,True,+63.6%,True,2925.1K,False,$41.68 / SMA $43.87,True,3.06%,False,+15.3%,False,355.0M,True,NYQ,False,
APGE,"Apogee Therapeutics, Inc.",132.68,2026-06-25T23:10:11.933985+00:00,True,+286.4%,True,$9975.4M,False,+-14.0%,True,2128.7K,True,$132.68 / SMA $88.42,True,5.22%,,,True,57.8M,True,NGM,False,
APH,Amphenol Corporation,165.15,2026-06-25T23:19:30.733362+00:00,True,+73.5%,True,$203173.2M,False,+24.1%,True,9712.2K,True,$165.15 / SMA $144.06,True,3.97%,True,+58.4%,False,1222.4M,True,NYQ,False,
APLD,Applied Digital Corporation,41.98,2026-06-24T23:59:30.878317+00:00,True,+365.4%,True,$11996.6M,False,+-125.0%,True,23131.3K,True,$41.98 / SMA $40.62,True,9.43%,True,+139.3%,False,253.9M,True,NMS,False,
APLE,"Apple Hospitality REIT, Inc.",16.93,2026-06-25T23:11:46.795925+00:00,False,+56.0%,True,$3996.6M,False,+-7.7%,True,3502.9K,True,$16.93 / SMA $14.49,False,2.18%,False,+3.1%,False,219.0M,True,NYQ,False,
APPN,Appian Corporation,20.63,2026-06-25T23:25:36.534626+00:00,False,+10.7%,True,$1514.5M,False,+0.0%,True,950.8K,False,$20.63 / SMA $22.14,True,6.68%,False,+21.5%,True,35.6M,True,NGM,False,
APPS,"Digital Turbine, Inc.",10.16,2026-06-25T23:15:46.740179+00:00,True,+270.8%,True,$1225.9M,True,+66.7%,True,5199.2K,True,$10.16 / SMA $6.14,True,12.54%,False,+19.6%,True,115.0M,True,NCM,False,
APPTF,Automotive Properties Real Estate Investment Trust,8.7,2026-06-25T00:07:50.475635+00:00,False,+12.4%,True,$479.8M,True,+187.0%,False,0.7K,True,$8.70 / SMA $8.55,False,0.00%,False,+21.7%,True,29.6M,False,PNK,False,
APTV,Aptiv PLC,61.97,2026-06-25T23:20:00.877455+00:00,False,+19.9%,True,$13114.1M,True,+1860.0%,True,3503.0K,True,$61.97 / SMA $61.42,True,4.70%,False,+5.4%,False,209.4M,True,NYQ,False,
APXT,Apex Treasury Corporation,10.04,2026-06-25T23:15:50.945708+00:00,False,+1.7%,True,$461.4M,,,False,112.6K,True,$10.04 / SMA $10.02,False,0.13%,,,True,31.8M,True,NGM,False,
APXTU,Apex Treasury Corporation,10.17,2026-06-25T23:27:37.497031+00:00,False,+1.6%,,N/A,,N/A,False,2.0K,True,$10.17 / SMA $10.17,False,0.07%,,N/A,True,31.8M,True,NGM,False,
APYRF,Allied Properties Real Estate Investment Trust,6.95,2026-06-25T23:25:51.232894+00:00,False,+7.6%,True,$1360.6M,False,+2.7%,False,32.8K,False,$6.95 / SMA $7.27,False,0.40%,False,+-4.5%,False,183.3M,False,PNK,False,
AQN,Algonquin Power & Utilities Corp.,5.96,2026-06-25T23:10:19.909005+00:00,False,+12.0%,True,$4587.2M,False,+-8.3%,True,4332.3K,False,$5.96 / SMA $6.05,False,1.92%,False,+14.4%,False,630.4M,True,NYQ,False,
AQST,"Aquestive Therapeutics, Inc.",4.465,2026-06-25T23:15:48.284518+00:00,False,+52.4%,True,$560.1M,True,+70.8%,True,1543.3K,True,$4.46 / SMA $4.22,True,5.05%,True,+65.7%,True,114.6M,True,NGM,False,
AR,Antero Resources Corporation,34.5,2026-06-25T23:20:02.366767+00:00,False,+18.6%,True,$10689.3M,True,+160.6%,True,5046.3K,False,$34.50 / SMA $36.54,False,2.92%,True,+33.8%,False,298.4M,True,NYQ,False,
ARAFF,Arafura Rare Earths Limited,0.17,2026-06-25T23:25:47.382298+00:00,True,+70.0%,True,$910.4M,,N/A,False,404.6K,False,$0.17 / SMA $0.22,True,14.81%,,N/A,False,3780.9M,False,PNK,False,
ARCB,ArcBest Corporation,150.02,2026-06-25T23:12:01.515049+00:00,True,+152.4%,True,$3340.0M,False,+-138.5%,False,358.0K,True,$150.02 / SMA $133.58,True,4.85%,False,+3.3%,True,21.9M,True,NMS,False,
ARCC,Ares Capital Corporation,17.85,2026-06-24T23:59:31.930120+00:00,False,+2.6%,True,$12816.7M,False,+-63.9%,True,5920.0K,False,$17.85 / SMA $18.39,False,1.58%,False,+-49.0%,,,True,NMS,False,
ARCI,Archimedes Tech SPAC Partners III Co.,9.98,2026-06-25T00:08:20.458112+00:00,False,+1.5%,True,$351.9M,,,False,26.7K,True,$9.98 / SMA $9.94,False,0.04%,,,True,3.8M,True,NGM,False,
ARCO,Arcos Dorados Holdings Inc.,8.13,2026-06-25T23:23:56.060852+00:00,False,+24.9%,True,$1712.7M,,N/A,True,1210.6K,False,$8.13 / SMA $8.63,False,2.99%,,N/A,True,120.2M,True,NYQ,False,
ARCVF,Arcadis NV,40.68,2026-06-25T23:23:39.645609+00:00,False,+32.2%,True,$3459.7M,,N/A,False,0.1K,True,$40.68 / SMA $40.38,False,0.01%,,N/A,True,86.0M,False,PNK,False,
ARDC,"Ares Dynamic Credit Allocation Fund, Inc.",12.54,2026-06-25T00:08:32.949843+00:00,False,+8.1%,True,$300.5M,,,False,127.6K,True,$12.54 / SMA $12.44,False,1.11%,,,,,True,NYQ,False,
ARDT,"Ardent Health, Inc.",9.36,2026-06-25T23:25:42.195510+00:00,False,+21.4%,True,$1341.8M,False,+-3.4%,False,469.2K,False,$9.36 / SMA $9.52,True,4.73%,False,+7.0%,True,24.1M,True,NYQ,False,
ARE,"Alexandria Real Estate Equities, Inc.",51.24,2026-06-24T23:59:42.343778+00:00,False,+30.0%,True,$8929.6M,True,+3100.0%,True,2268.3K,True,$51.24 / SMA $48.01,True,4.00%,False,+-12.1%,False,154.6M,True,NYQ,False,
ARES,Ares Management Corporation,113.87,2026-06-24T23:59:10.329501+00:00,False,+18.9%,True,$37559.6M,,,True,2938.7K,False,$113.87 / SMA $122.27,True,4.17%,True,+28.3%,False,216.0M,True,NYQ,False,
ARGX,argenx SE,852.5,2026-06-24T23:58:56.687976+00:00,False,+67.1%,True,$53277.0M,True,+114.0%,False,334.6K,True,$852.50 / SMA $826.68,True,3.27%,True,+64.3%,False,1549.0M,True,NMS,False,
ARHS,"Arhaus, Inc.",7.83,2026-06-25T00:05:55.030274+00:00,False,+40.6%,True,$1108.3M,False,+-33.3%,True,1333.2K,True,$7.83 / SMA $6.89,True,5.80%,False,+0.9%,True,52.0M,True,NMS,False,
ARI,"Apollo Commercial Real Estate Finance, Inc.",10.77,2026-06-25T23:25:39.404199+00:00,False,+13.5%,True,$1410.3M,False,+0.0%,True,1545.1K,False,$10.77 / SMA $10.93,False,1.70%,False,+-13.8%,True,123.6M,True,NYQ,False,
ARLO,"Arlo Technologies, Inc.",12.42,2026-06-25T00:05:26.484098+00:00,False,+12.4%,True,$1348.9M,True,+1400.0%,True,1260.5K,False,$12.42 / SMA $13.57,True,4.09%,True,+26.3%,True,105.4M,True,NYQ,False,
ARLP,"Alliance Resource Partners, L.P.",24.24,2026-06-25T00:03:17.573603+00:00,False,+9.2%,True,$3118.7M,False,+-87.7%,False,367.2K,False,$24.24 / SMA $25.00,False,2.27%,False,+-4.5%,True,90.8M,True,NMS,False,
ARLUF,Aristocrat Leisure Limited,41.84,2026-06-25T23:19:50.715906+00:00,False,+38.1%,True,$25179.0M,,N/A,False,1.1K,True,$41.84 / SMA $35.21,False,0.36%,,N/A,False,531.7M,False,PNK,False,
ARM,Arm Holdings plc,359.08,2026-06-24T23:58:44.430303+00:00,True,+259.0%,True,$383525.7M,True,+45.0%,True,11631.4K,True,$359.08 / SMA $278.07,True,10.09%,False,+20.1%,True,142.6M,True,NMS,False,
AROW,Arrow Financial Corporation,40.14,2026-06-25T23:15:44.277929+00:00,False,+55.3%,True,$663.5M,True,+115.8%,False,86.0K,True,$40.14 / SMA $37.05,False,2.64%,False,+14.2%,True,14.2M,True,NMS,False,
ARR,"ARMOUR Residential REIT, Inc.",17.14,2026-06-25T23:23:53.553972+00:00,False,+22.6%,True,$2126.2M,False,+-253.1%,True,3073.2K,True,$17.14 / SMA $16.86,False,1.63%,False,+-274.1%,True,123.7M,True,NYQ,False,
ARREF,ARREF,4.13,2026-06-25T23:27:07.143523+00:00,True,+184.8%,True,$668.2M,,N/A,False,134.1K,False,$4.13 / SMA $4.65,True,7.50%,True,+27.1%,True,140.5M,False,OQX,False,
ARRY,"Array Technologies, Inc.",7.69,2026-06-25T23:13:52.555998+00:00,False,+42.7%,True,$1182.9M,False,+-550.0%,True,5499.1K,False,$7.69 / SMA $8.15,True,8.10%,False,+-26.1%,True,139.9M,True,NGM,False,
ARSRF,Aeris Resources Limited,0.25455,2026-06-25T23:29:20.074946+00:00,True,+104.5%,True,$304.7M,,N/A,False,5.3K,False,$0.25 / SMA $0.29,False,0.23%,,N/A,False,910.8M,False,PNK,False,
ARSTY,ARSTY,15.79,2026-06-25T23:25:42.769329+00:00,False,+0.0%,True,$5803.0M,,N/A,False,0.0K,False,$15.79 / SMA_short $16.62,False,0.00%,,N/A,True,13.9M,False,PNK,False,
ARTCU,Art Technology Acquisition Corp.,9.99,2026-06-25T23:29:22.467284+00:00,False,+1.1%,,N/A,,N/A,False,1.4K,True,$9.99 / SMA $9.97,False,0.03%,,N/A,True,26.1M,True,NGM,False,
ARTNA,Artesian Resources Corporation,33.02,2026-06-25T00:08:23.349298+00:00,False,+8.3%,True,$340.9M,False,+7.5%,False,42.5K,True,$33.02 / SMA $32.07,False,2.03%,False,+7.3%,True,9.3M,True,NMS,False,
ARX,Accelerant Holdings,13.05,2026-06-25T23:10:25.973023+00:00,False,+42.2%,True,$2847.5M,False,+-166.7%,True,1373.2K,False,$13.05 / SMA $14.30,True,5.88%,True,+58.8%,True,55.8M,True,NYQ,False,
ARXCY,ARXCY,21.213,2026-06-25T23:08:21.636578+00:00,False,+68.6%,True,$12016.4M,True,+49.3%,False,0.4K,False,$21.21 / SMA $21.79,False,0.29%,False,+17.9%,False,563.7M,False,PNK,False,
ARXS,"Arxis, Inc.",44.24,2026-06-25T23:08:19.719698+00:00,False,+33.5%,True,$18153.2M,,,True,1575.3K,True,$44.24 / SMA_short $38.64,True,7.64%,,,True,66.8M,True,NMS,False,
ARYTF,Aryt Industries Ltd.,10.02,2026-06-25T23:13:55.756480+00:00,True,+9920.0%,True,$1019.3M,,,False,0.1K,False,$10.02 / SMA $12.51,False,0.40%,,,True,54.7M,False,PNK,False,
ARZGY,Assicurazioni Generali S.p.A.,24.04,2026-06-24T23:58:53.356079+00:00,False,+38.5%,True,$72026.6M,,,False,52.6K,True,$24.04 / SMA $22.19,False,1.20%,,,False,2172.4M,False,PNK,False,
ASA,ASA Gold and Precious Metals Limited,52.91,2026-06-25T23:13:56.247341+00:00,True,+74.3%,True,$994.1M,,,False,85.3K,False,$52.91 / SMA $62.68,True,5.18%,,,True,11.1M,True,NYQ,False,
ASAAF,AT & S Austria Technologie & Systemtechnik Aktiengesellschaft,228.0,2026-06-25T23:10:13.419218+00:00,True,+1721.1%,True,$8857.8M,,,False,0.1K,True,$228.00 / SMA $139.70,False,0.65%,False,+20.1%,True,25.0M,False,PNK,False,
ASAN,"Asana, Inc.",6.65,2026-06-25T00:03:46.899653+00:00,False,+23.6%,True,$1532.9M,True,+64.7%,True,6798.1K,False,$6.65 / SMA $6.81,True,6.98%,False,+9.5%,True,90.4M,True,NYQ,False,
ASAZF,ASSA ABLOY AB (publ),33.5,2026-06-24T23:59:00.154987+00:00,False,+13.6%,True,$37211.0M,False,+-16.5%,False,0.2K,False,$33.50 / SMA $36.33,False,0.08%,False,+-9.7%,False,999.8M,False,PNK,False,
ASAZY,ASSA ABLOY AB (publ),17.47,2026-06-25T23:08:04.002283+00:00,False,+14.6%,True,$38810.5M,False,+-16.5%,False,343.3K,False,$17.47 / SMA $18.40,False,1.67%,False,+-9.7%,False,1999.6M,False,PNK,False,
ASCCY,ASICS Corporation,25.77,2026-06-24T23:59:17.668293+00:00,False,+16.1%,True,$18268.7M,,,False,36.0K,False,$25.77 / SMA $28.37,False,1.67%,,,False,698.9M,False,PNK,False,
ASEKY,Aisin Corporation,13.98,2026-06-24T23:59:35.893971+00:00,False,+13.7%,True,$10129.5M,,,False,0.9K,False,$13.98 / SMA $14.57,False,1.40%,,,False,661.5M,False,PNK,False,
ASGLY,AGC Inc.,9.23,2026-06-25T23:08:29.791639+00:00,False,+67.5%,True,$9802.0M,,,False,8.2K,True,$9.23 / SMA $8.08,True,3.67%,,,,,False,PNK,False,
ASIC,ASIC,21.42,2026-06-25T23:25:52.133377+00:00,False,+31.0%,True,$1028.9M,True,+193.9%,False,69.4K,True,$21.42 / SMA $20.31,True,3.54%,True,+55.2%,True,9.0M,True,NYQ,False,
ASMIY,ASM International NV,1100.51,2026-06-25T23:19:39.252340+00:00,True,+137.3%,True,$53799.6M,False,+6.1%,False,6.3K,True,$1100.51 / SMA $1028.04,True,3.16%,False,+6.6%,True,46.6M,False,OQX,False,
ASML,ASML Holding N.V.,1841.18,2026-06-25T23:19:28.180625+00:00,True,+169.4%,True,$709623.3M,False,+19.2%,True,1868.8K,True,$1841.18 / SMA $1606.81,True,4.06%,False,+13.2%,False,21403.6M,True,NMS,False,
ASMLF,ASML Holding N.V.,1840.0,2026-06-25T23:07:51.171992+00:00,True,+169.0%,True,$709168.5M,,,False,6.1K,True,$1840.00 / SMA $1606.54,True,4.16%,False,+13.2%,False,385.3M,False,PNK,False,
ASMOF,ASMOF,14.47,2026-06-25T23:23:37.898752+00:00,False,+54.6%,,N/A,,N/A,False,6.7K,True,$14.47 / SMA_short $13.89,,N/A,,N/A,False,166.1M,False,PNK,False,
ASMVY,ASMPT Limited,76.0,2026-06-25T23:20:05.053813+00:00,True,+254.3%,True,$10624.5M,True,+6000.0%,False,35.7K,True,$76.00 / SMA $66.86,False,2.02%,,N/A,True,105.0M,False,PNK,False,
ASO,"Academy Sports and Outdoors, Inc.",48.43,2026-06-25T23:11:47.230431+00:00,False,+17.3%,True,$3003.5M,False,+17.6%,True,1461.5K,False,$48.43 / SMA $52.67,True,4.85%,False,+6.7%,True,61.0M,True,NMS,False,
ASOMF,ASOS Plc,3.7,2026-06-25T23:17:27.491770+00:00,False,+27.1%,True,$442.7M,,,False,0.0K,True,$3.70 / SMA $3.43,False,0.00%,,,True,32.5M,False,PNK,False,
ASPI,ASP Isotopes Inc.,6.35,2026-06-25T23:27:13.891337+00:00,False,+62.0%,True,$799.5M,True,+50.0%,True,4905.6K,True,$6.35 / SMA $6.13,True,11.22%,True,+279.3%,True,98.1M,True,NCM,False,
ASR,"Grupo Aeroportuario del Sureste, S. A. B. de C. V.",302.31,2026-06-24T23:59:40.758389+00:00,False,+9.9%,True,$9079.0M,False,+-20.0%,False,77.5K,True,$302.31 / SMA $302.15,False,2.76%,False,+0.8%,True,7.9M,True,NYQ,False,
ASRHF,ASRHF,7.25,2026-06-25T23:12:07.877897+00:00,True,+82.4%,,,,,False,7.7K,False,$7.25 / SMA $10.23,True,6.88%,,,True,99.5M,False,PNK,False,
ASRMF,"Grupo Aeroportuario del Sureste, S. A. B. de C. V.",30.94,2026-06-24T23:59:39.741556+00:00,False,+16.8%,True,$9282.0M,False,+-20.0%,False,0.3K,False,$30.94 / SMA $31.40,False,1.32%,False,+0.8%,True,78.5M,False,PNK,False,
ASST,"Strive, Inc.",11.4,2026-06-25T23:25:43.694731+00:00,False,+62.4%,True,$929.9M,,N/A,True,4250.6K,False,$11.40 / SMA $15.79,True,8.67%,True,+166.6%,True,56.7M,True,NGM,False,
ASTH,"Astrana Health, Inc.",43.5,2026-06-25T23:23:55.758726+00:00,True,+140.6%,True,$2156.9M,True,+107.1%,False,491.7K,True,$43.50 / SMA $37.01,True,3.72%,True,+55.6%,True,37.6M,True,NCM,False,
ASTL,Algoma Steel Group Inc.,3.99,2026-06-25T00:07:50.084024+00:00,False,+32.1%,True,$420.5M,False,+-204.2%,True,1118.3K,False,$3.99 / SMA $4.91,True,6.27%,False,+-42.6%,True,72.0M,True,NGM,False,
ASTS,"AST SpaceMobile, Inc.",65.62,2026-06-25T23:19:41.331858+00:00,True,+81.9%,True,$25468.7M,False,+-230.0%,True,21924.6K,False,$65.62 / SMA $86.54,True,10.24%,True,+1952.2%,False,266.0M,True,NMS,False,
ASUUY,ASUSTeK Computer Inc.,80.0,2026-06-25T23:19:55.484402+00:00,False,+1.9%,True,$11933.7M,,N/A,False,0.0K,True,$80.00 / SMA $80.00,False,0.00%,True,+31.8%,True,135.8M,False,PNK,False,
ASX,"ASE Technology Holding Co., Ltd.",41.34,2026-06-24T23:58:52.425301+00:00,True,+344.5%,True,$90697.7M,True,+87.8%,True,9209.3K,True,$41.34 / SMA $34.47,True,5.22%,False,+17.2%,False,1629.2M,True,NYQ,False,
ASXFF,ASX Limited,34.5,2026-06-24T23:59:44.268693+00:00,False,+11.7%,True,$6741.6M,,,False,0.4K,False,$34.50 / SMA $37.66,False,0.00%,,,False,193.6M,False,PNK,False,
ATAI,AtaiBeckley Inc.,4.58,2026-06-25T23:25:36.083150+00:00,True,+113.0%,True,$1686.2M,True,+46.7%,True,5603.7K,True,$4.58 / SMA $4.22,True,7.82%,False,+-38.6%,False,303.9M,True,NGM,False,
ATAT,Atour Lifestyle Holdings Limited,31.52,2026-06-25T23:10:19.416708+00:00,False,+1.2%,True,$4355.6M,True,+91.4%,True,1140.1K,False,$31.52 / SMA $35.42,True,3.51%,True,+47.5%,True,73.8M,True,NMS,False,
ATAZF,Atea ASA,17.79,2026-06-25T23:13:44.807829+00:00,False,+46.4%,True,$1982.4M,True,+59.9%,False,0.0K,True,$17.79 / SMA $15.88,False,0.00%,False,+-9.0%,True,70.0M,False,PNK,False,
ATDRY,Autotrader Group plc,1.56,2026-06-25T00:01:30.798890+00:00,False,+14.2%,True,$4930.8M,,,True,1210.3K,False,$1.56 / SMA $1.59,False,2.38%,,,False,3214.3M,False,PNK,False,
ATEC,"Alphatec Holdings, Inc.",8.7,2026-06-25T00:05:32.269093+00:00,False,+27.6%,True,$1338.0M,True,+37.1%,True,3328.7K,False,$8.70 / SMA $8.79,True,5.40%,False,+13.6%,True,121.6M,True,NMS,False,
ATEYY,Advantest Corporation,190.45,2026-06-24T23:58:48.857898+00:00,True,+193.4%,True,$138040.8M,,,False,84.3K,True,$190.45 / SMA $176.88,True,4.44%,,,False,725.1M,False,PNK,False,
ATHOF,Athabasca Oil Corporation,7.08,2026-06-25T23:22:01.294383+00:00,True,+77.4%,True,$3426.7M,,N/A,False,379.4K,False,$7.08 / SMA $8.31,True,3.71%,False,+12.4%,False,473.6M,False,PNK,False,
ATKR,Atkore Inc.,79.96,2026-06-25T23:12:00.828070+00:00,False,+49.5%,True,$2700.0M,False,+-150.3%,False,478.0K,True,$79.96 / SMA $76.93,True,3.70%,False,+4.2%,True,30.7M,True,NYQ,False,
ATLC,Atlanticus Holdings Corporation,108.27,2026-06-25T23:25:43.785056+00:00,True,+136.7%,True,$1636.8M,True,+49.7%,False,99.0K,True,$108.27 / SMA $83.38,True,6.04%,True,+68.0%,True,5.4M,True,NMS,False,
ATLCP,Atlanticus Holdings Corporation,24.25,2026-06-25T23:13:53.461691+00:00,False,+18.5%,,,,,False,5.8K,True,$24.25 / SMA $23.52,False,1.50%,True,+68.0%,True,5.4M,True,NMS,False,
ATLCY,Atlas Copco AB (publ),17.05,2026-06-25T23:07:56.635031+00:00,False,+30.0%,True,$83180.5M,False,+-20.0%,False,29.9K,False,$17.05 / SMA $17.13,False,1.96%,False,+-11.8%,False,3947.2M,False,PNK,False,
ATLCZ,Atlanticus Holdings Corporation 9.25% Senior Notes due 2029,25.56,2026-06-25T00:05:32.853416+00:00,False,+4.1%,,,,,False,20.6K,True,$25.56 / SMA $25.47,False,0.32%,,,,,True,NGM,False,
ATLKY,Atlas Copco AB (publ),19.59,2026-06-25T23:19:34.159867+00:00,False,+31.6%,True,$95572.2M,False,+-20.0%,True,650.3K,True,$19.59 / SMA $19.47,False,2.17%,False,+-11.8%,False,3947.2M,False,PNK,False,
ATMU,Atmus Filtration Technologies Inc.,54.17,2026-06-25T23:22:02.673482+00:00,False,+52.7%,True,$4424.2M,False,+9.3%,True,1274.6K,True,$54.17 / SMA $53.14,True,3.57%,False,+14.8%,True,81.0M,True,NYQ,False,
ATNI,"ATN International, Inc.",26.73,2026-06-25T00:08:00.164996+00:00,True,+92.9%,True,$411.1M,True,+58.0%,False,71.8K,False,$26.73 / SMA $27.27,True,4.66%,False,+1.6%,True,9.9M,True,NMS,False,
ATO,Atmos Energy Corporation,173.67,2026-06-25T23:08:07.962468+00:00,False,+15.8%,True,$28989.0M,False,+14.5%,True,1282.8K,False,$173.67 / SMA $177.05,False,1.60%,False,+0.6%,False,166.2M,True,NYQ,False,
ATS,ATS Corporation,28.12,2026-06-25T23:23:39.699476+00:00,False,+17.9%,True,$2727.8M,,N/A,False,170.9K,False,$28.12 / SMA $31.09,True,4.28%,True,+30.1%,True,73.1M,True,NYQ,False,
ATXRF,ATEX Resources Inc.,1.75,2026-06-25T23:27:01.500304+00:00,False,+23.2%,True,$658.3M,True,+30.0%,False,123.6K,False,$1.75 / SMA $2.20,True,8.32%,,N/A,False,268.7M,False,OQX,False,
ATZAF,Aritzia Inc.,108.1,2026-06-25T23:20:02.016485+00:00,True,+120.1%,True,$12388.5M,,N/A,False,53.9K,True,$108.10 / SMA $107.81,True,3.71%,True,+62.8%,True,95.9M,False,PNK,False,
AU,AngloGold Ashanti plc,78.59,2026-06-24T23:58:57.773567+00:00,True,+80.9%,True,$39737.0M,True,+185.2%,True,2730.2K,False,$78.59 / SMA $93.69,True,4.33%,True,+64.8%,False,504.9M,True,NYQ,False,
AUB,Atlantic Union Bankshares Corporation,41.67,2026-06-25T23:21:54.138837+00:00,False,+37.1%,True,$5963.6M,,N/A,True,1023.5K,True,$41.67 / SMA $37.88,False,2.36%,True,+71.8%,True,141.6M,True,NYQ,False,
AUGO,Aura Minerals Inc.,61.13,2026-06-25T23:10:11.881001+00:00,True,+174.8%,True,$5104.4M,True,+391.5%,True,965.4K,False,$61.13 / SMA $76.25,True,6.40%,True,+123.1%,True,39.9M,True,NMS,False,
AUKNY,Auckland International Airport Limited,23.65,2026-06-25T23:20:10.261960+00:00,False,+14.3%,True,$8045.4M,,N/A,False,0.1K,False,$23.65 / SMA $24.40,False,0.15%,,N/A,False,338.9M,False,PNK,False,
AUNA,AUNA,4.93,2026-06-25T00:08:32.500528+00:00,False,+20.5%,True,$365.1M,False,+-81.3%,False,313.2K,True,$4.93 / SMA $4.92,True,4.89%,False,+13.0%,True,27.5M,True,NYQ,False,
AUOTY,AUO Corporation,8.95,2026-06-25T00:01:28.838103+00:00,True,+175.4%,True,$6754.7M,False,+-134.9%,False,66.3K,True,$8.95 / SMA $6.68,True,5.76%,False,+-4.3%,False,609.5M,False,PNK,False,
AUPH,Aurinia Pharmaceuticals Inc.,17.55,2026-06-25T23:12:08.840524+00:00,True,+140.9%,True,$2257.0M,True,+56.2%,True,1287.9K,True,$17.55 / SMA $15.94,True,4.05%,False,+24.4%,True,126.2M,True,NGM,False,
AUSDF,Perenti Limited,1.6,2026-06-25T00:05:27.005250+00:00,True,+76.8%,True,$1498.2M,,,False,0.1K,False,$1.60 / SMA $1.62,False,0.00%,,,False,854.3M,False,PNK,False,
AUTSF,AUTSF,1.24,2026-06-25T00:01:32.050816+00:00,True,+121.4%,,,,,False,22.1K,False,$1.24 / SMA_short $1.30,,,,,,,False,PNK,False,
AVA,Avista Corporation,40.96,2026-06-25T23:11:46.324900+00:00,False,+15.4%,True,$3384.9M,False,+13.3%,True,674.1K,True,$40.96 / SMA $40.87,False,2.25%,False,+-7.6%,True,81.9M,True,NYQ,False,
AVB,"AvalonBay Communities, Inc.",186.13,2026-06-25T23:19:47.890219+00:00,False,+16.3%,True,$26406.6M,True,+40.4%,True,1111.2K,True,$186.13 / SMA $182.45,False,1.79%,False,+3.3%,True,130.3M,True,NYQ,False,
AVBP,"ArriVent BioPharma, Inc.",33.825,2026-06-25T23:25:44.160315+00:00,True,+110.1%,True,$1575.4M,True,+49.5%,True,514.5K,True,$33.83 / SMA $29.90,True,6.48%,,N/A,True,29.8M,True,NGM,True,
AVCTF,Avacta Group Plc,1.0,2026-06-25T23:17:25.004701+00:00,True,+149.3%,True,$468.5M,,,False,10.3K,False,$1.00 / SMA $1.01,False,0.00%,,,False,427.2M,False,PNK,False,
AVEXF,Avex Inc.,7.49,2026-06-25T23:29:24.707037+00:00,False,+5.6%,True,$318.4M,,N/A,False,0.1K,True,$7.49 / SMA $7.37,False,0.00%,,N/A,True,27.4M,False,PNK,False,
AVGO,Broadcom Inc.,378.91,2026-06-25T23:07:51.140133+00:00,False,+44.3%,True,$1802694.8M,True,+85.4%,True,26050.8K,False,$378.91 / SMA $412.00,True,4.38%,True,+47.9%,False,4698.5M,True,NMS,False,
AVK,Advent Convertible and Income Fund,12.71,2026-06-25T00:07:45.245675+00:00,False,+18.0%,True,$561.1M,,,False,157.3K,True,$12.71 / SMA $12.53,False,1.48%,,,,,True,NYQ,False,
AVLN,Avalyn Pharma Inc.,30.09,2026-06-25T00:05:35.334104+00:00,False,+24.6%,True,$1334.0M,,,True,531.3K,True,$30.09 / SMA_short $28.64,True,10.53%,,,True,14.5M,True,NMS,False,
AVNBF,Avon Technologies Plc,22.4875,2026-06-25T23:27:18.065643+00:00,False,+5.7%,True,$662.3M,,N/A,False,0.3K,False,$22.49 / SMA $23.25,False,0.00%,,N/A,True,24.2M,False,PNK,False,
AVNS,"Avanos Medical, Inc.",24.9,2026-06-25T23:25:46.611105+00:00,True,+167.7%,True,$1166.5M,False,+-21.4%,True,1569.9K,True,$24.90 / SMA $24.80,False,0.39%,False,+8.8%,True,46.0M,True,NYQ,False,
AVNT,Avient Corporation,37.0,2026-06-25T23:11:54.109923+00:00,False,+34.6%,True,$3393.3M,True,+377.3%,True,723.6K,True,$37.00 / SMA $35.84,True,3.08%,False,+2.5%,True,91.1M,True,NYQ,False,
AVVIY,Aviva plc,17.05,2026-06-24T23:59:12.415881+00:00,False,+9.2%,True,$25503.1M,,,False,96.5K,True,$17.05 / SMA $16.85,False,1.30%,,,False,1478.3M,False,OQX,False,
AVY,Avery Dennison Corporation,164.61,2026-06-25T23:20:00.761832+00:00,False,+8.0%,True,$12591.1M,False,+4.3%,True,683.8K,True,$164.61 / SMA $160.48,False,2.43%,False,+7.0%,True,75.9M,True,NYQ,False,
AWK,"American Water Works Company, Inc.",129.64,2026-06-24T23:59:13.383339+00:00,False,+7.5%,True,$25316.2M,False,+-4.8%,True,2000.2K,True,$129.64 / SMA $126.52,False,2.40%,False,+5.7%,False,194.9M,True,NYQ,False,
AWR,American States Water Company,79.87,2026-06-25T00:03:19.921377+00:00,False,+15.0%,True,$3130.3M,False,+8.6%,False,334.2K,True,$79.87 / SMA $76.96,False,2.05%,False,+14.3%,True,38.8M,True,NYQ,False,
AWTRF,Air Water Inc.,14.75,2026-06-25T23:11:48.519865+00:00,False,+33.5%,True,$3381.0M,,,False,0.1K,True,$14.75 / SMA $14.33,False,0.00%,,,False,208.6M,False,PNK,False,
AX,"Axos Financial, Inc.",95.34,2026-06-25T23:10:18.188680+00:00,False,+27.3%,True,$5423.4M,False,+18.8%,False,400.7K,True,$95.34 / SMA $89.66,False,2.46%,True,+27.3%,True,54.4M,True,NYQ,False,
AXAHY,AXA SA,48.79,2026-06-25T23:07:56.185754+00:00,False,+13.4%,True,$99249.8M,,,False,179.3K,True,$48.79 / SMA $46.46,False,1.15%,,,False,1539.7M,False,OQX,False,
AXG,Solowin Holdings,3.3,2026-06-25T23:15:41.793975+00:00,False,+40.4%,True,$628.5M,,,False,224.9K,False,$3.30 / SMA $3.58,True,3.03%,,,True,51.0M,True,NCM,False,
AXIA,AXIA Energia SA,10.61,2026-06-25T23:08:11.288016+00:00,False,+58.1%,True,$23862.2M,True,+675.0%,True,2380.4K,False,$10.61 / SMA $11.24,False,2.47%,False,+22.1%,False,1641.4M,True,NYQ,False,
AXSM,"Axsome Therapeutics, Inc.",237.33,2026-06-25T23:08:22.994374+00:00,True,+147.0%,True,$12212.9M,False,+-3.3%,True,746.1K,True,$237.33 / SMA $222.93,True,3.60%,True,+57.4%,True,43.6M,True,NGM,False,
AXTA,Axalta Coating Systems Ltd.,34.73,2026-06-25T23:10:11.214134+00:00,False,+39.3%,True,$7432.9M,False,+-6.7%,True,2570.1K,True,$34.73 / SMA $30.23,True,3.19%,False,+-0.6%,False,212.8M,True,NYQ,False,
AYAAF,"Ayala Land, Inc.",0.25,2026-06-25T00:01:41.610631+00:00,False,+8.7%,True,$3572.9M,False,+-20.8%,False,1.9K,False,$0.25 / SMA $0.26,False,0.00%,False,+-15.0%,False,6454.2M,False,PNK,False,
AYALY,Ayala Corporation,6.5,2026-06-25T23:21:58.967218+00:00,False,+1.2%,True,$6632.7M,False,+-7.4%,False,0.8K,False,$6.50 / SMA $7.79,False,0.56%,False,+0.9%,False,286.1M,False,PNK,False,
AYI,Acuity Inc.,359.39,2026-06-25T23:20:08.197413+00:00,False,+39.8%,True,$10895.0M,True,+26.1%,False,399.3K,True,$359.39 / SMA $295.54,True,3.89%,False,+4.9%,True,29.9M,True,NYQ,False,
AZTA,"Azenta, Inc.",23.86,2026-06-25T00:05:53.410542+00:00,False,+49.8%,True,$1099.8M,False,+-296.6%,True,1133.6K,True,$23.86 / SMA $22.20,True,4.67%,False,+1.0%,True,40.6M,True,NMS,False,
AZZ,AZZ Inc.,160.17,2026-06-25T23:22:01.704066+00:00,True,+77.0%,True,$4807.8M,False,+-20.9%,False,226.2K,True,$160.17 / SMA $143.16,True,3.60%,False,+9.4%,True,29.3M,True,NYQ,False,
BA,The Boeing Company,220.25,2026-06-24T23:58:46.747194+00:00,False,+24.6%,True,$173623.6M,True,+31.2%,True,6585.3K,False,$220.25 / SMA $224.23,False,2.93%,False,+14.0%,False,756.4M,True,NYQ,False,
BABAF,Alibaba Group Holding Limited,12.848,2026-06-24T23:58:44.926828+00:00,False,+3.7%,True,$246747.4M,True,+100.0%,False,121.0K,False,$12.85 / SMA $16.26,True,10.69%,False,+2.9%,False,17678.5M,False,PNK,False,
BAC,Bank of America Corporation,57.73,2026-06-24T23:58:44.367308+00:00,False,+29.0%,True,$409686.2M,False,+23.3%,True,36060.2K,True,$57.73 / SMA $52.94,False,2.08%,False,+7.2%,False,7069.0M,True,NYQ,False,
BACHF,Bank of China Limited,0.64,2026-06-25T23:19:29.265259+00:00,False,+28.0%,True,$206215.9M,False,+0.0%,False,66.8K,False,$0.64 / SMA $0.66,False,0.44%,False,+8.6%,False,105595.5M,False,PNK,False,
BAESF,BAE Systems plc,24.62,2026-06-25T23:19:35.267501+00:00,False,+16.6%,True,$72205.3M,,N/A,False,33.1K,False,$24.62 / SMA $26.90,True,4.40%,,N/A,False,2864.0M,False,PNK,False,
BAESY,BAE Systems plc,94.535,2026-06-25T23:07:57.842761+00:00,False,+11.9%,True,$69312.8M,,,False,251.0K,False,$94.53 / SMA $106.21,False,1.64%,,,False,716.0M,False,PNK,False,
BAIDF,"Baidu, Inc.",14.245,2026-06-24T23:58:57.830442+00:00,False,+41.7%,True,$38775.2M,False,+-59.3%,False,1.1K,False,$14.24 / SMA $15.60,False,2.60%,False,+-1.2%,False,2126.8M,False,PNK,False,
BAK,Braskem S.A.,2.67,2026-06-25T23:13:48.277560+00:00,False,+15.1%,True,$1064.0M,True,+107.1%,True,2620.0K,False,$2.67 / SMA $3.87,True,7.33%,False,+-20.4%,True,101.2M,True,NYQ,False,
BALY,Bally's Corporation,14.46,2026-06-25T23:15:42.597257+00:00,False,+64.5%,True,$707.8M,True,+47.3%,False,53.2K,True,$14.46 / SMA $13.08,True,6.83%,False,+20.0%,True,10.2M,True,NYQ,False,
BAMGF,Brookfield Corporation,16.8976,2026-06-24T23:58:49.699892+00:00,False,+24.2%,,,,,False,0.0K,True,$16.90 / SMA $16.66,False,0.00%,False,+3.5%,False,1732.7M,False,PNK,False,
BAMIF,Blue Ant Media Corporation,3.52,2026-06-25T23:27:39.366513+00:00,False,+0.0%,False,$97.6M,False,+-5.2%,False,4.1K,False,$3.52 / SMA $4.32,False,1.35%,True,+82.3%,True,18.7M,False,PNK,False,
BAMXF,Bayerische Motoren Werke Aktiengesellschaft,70.01,2026-06-24T23:58:56.530771+00:00,False,+7.2%,True,$42505.1M,,,False,1.1K,False,$70.01 / SMA $87.20,False,1.12%,False,+-14.9%,False,379.6M,False,PNK,False,
BAND,Bandwidth Inc.,52.32,2026-06-25T23:12:08.645676+00:00,True,+318.6%,True,$1675.1M,True,+38.5%,True,1137.9K,True,$52.32 / SMA $48.85,True,9.58%,False,+19.8%,True,29.0M,True,NMS,False,
BANF,BancFirst Corporation,113.3,2026-06-25T23:10:26.093605+00:00,False,+11.6%,True,$3805.3M,False,+10.8%,False,145.6K,True,$113.30 / SMA $111.95,False,2.42%,False,+8.6%,True,23.1M,True,NMS,False,
BAYZF,Bayer Aktiengesellschaft,44.07,2026-06-25T23:19:40.432919+00:00,False,+51.1%,True,$43295.4M,True,+112.9%,False,1.2K,False,$44.07 / SMA $44.07,False,0.85%,False,+-2.4%,False,982.4M,False,OQX,False,
BB,BlackBerry Limited,10.34,2026-06-25T23:21:57.569347+00:00,True,+231.4%,True,$6059.9M,True,+500.0%,True,28848.4K,True,$10.34 / SMA $7.27,True,9.13%,False,+8.4%,False,586.2M,True,NYQ,False,
BBAI,"BigBear.ai Holdings, Inc.",3.41,2026-06-25T23:12:08.397754+00:00,False,+13.3%,True,$1633.2M,True,+52.0%,True,38682.1K,False,$3.41 / SMA $4.13,True,7.56%,False,+-0.9%,False,475.8M,True,NYQ,False,
BBAJF,"Banco del Bajío, S.A., Institución de Banca Múltiple",3.1,2026-06-25T23:10:25.617451+00:00,False,+38.7%,True,$3688.8M,,,False,0.5K,True,$3.10 / SMA $2.45,False,0.00%,False,+-12.1%,False,737.8M,False,PNK,False,
BBAR,Banco BBVA Argentina S.A.,19.06,2026-06-25T23:23:39.904701+00:00,True,+145.6%,True,$3892.8M,False,+0.0%,True,687.1K,True,$19.06 / SMA $16.74,True,5.55%,True,+26.3%,True,53.8M,True,NYQ,False,
BBBY,"Bed Bath & Beyond, Inc.",6.31,2026-06-25T23:17:28.111536+00:00,False,+48.1%,True,$470.1M,True,+67.6%,True,3305.8K,True,$6.31 / SMA $5.60,True,8.47%,False,+6.9%,,,True,NYQ,False,
BBCQU,Bleichroeder Acquisition Corp. II,11.03,2026-06-25T23:17:25.959813+00:00,False,+10.1%,,,,,False,4.2K,False,$11.03 / SMA $11.28,True,3.95%,,,True,20.9M,True,NGM,False,
BBN,BlackRock Taxable Municipal Bond Trust,16.07,2026-06-25T23:13:59.993880+00:00,False,+3.9%,True,$993.0M,,,False,167.7K,True,$16.07 / SMA $15.89,False,0.89%,,,,,True,NYQ,False,
BBNX,"Beta Bionics, Inc.",15.91,2026-06-25T23:27:34.489049+00:00,True,+80.8%,True,$709.0M,True,+47.3%,True,998.3K,True,$15.91 / SMA $11.95,True,7.70%,True,+56.6%,True,25.3M,True,NGM,True,
BBOT,"BridgeBio Oncology Therapeutics, Inc.",7.69,2026-06-25T23:15:40.970080+00:00,False,+9.9%,True,$616.0M,False,+-188819.3%,False,439.6K,False,$7.69 / SMA $8.31,True,6.38%,,,True,35.8M,True,NGM,False,
BBRYF,Burberry Group plc,16.0,2026-06-25T00:01:27.025633+00:00,False,+19.9%,True,$5747.3M,,,False,0.0K,False,$16.00 / SMA $16.04,False,0.00%,,,False,353.2M,False,PNK,False,
BBSEY,BB Seguridade Participações S.A.,7.49,2026-06-25T23:19:58.806660+00:00,False,+29.1%,True,$14540.0M,,N/A,False,163.7K,True,$7.49 / SMA $7.14,False,2.53%,False,+10.6%,False,616.0M,False,PNK,False,
BBSI,"Barrett Business Services, Inc.",34.01,2026-06-25T23:27:05.175308+00:00,False,+34.3%,True,$835.3M,False,+-1375.0%,False,229.2K,True,$34.01 / SMA $31.52,True,3.96%,False,+4.9%,True,23.3M,True,NMS,False,
BBT,Beacon Financial Corporation,30.83,2026-06-25T23:12:04.382742+00:00,False,+35.2%,True,$2584.0M,False,+10.0%,True,774.4K,True,$30.83 / SMA $29.49,False,2.08%,True,+134.7%,True,77.7M,True,NYQ,False,
BBUC,Brookfield Business Corporation,32.01,2026-06-25T23:21:46.358722+00:00,False,+13.1%,True,$6609.8M,False,+-50.0%,False,305.5K,False,$32.01 / SMA $33.11,True,3.32%,False,+-4.6%,True,11.8M,True,NYQ,False,
BBVA,"Banco Bilbao Vizcaya Argentaria, S.A.",24.53,2026-06-25T23:19:31.877011+00:00,False,+67.7%,True,$136090.7M,False,+13.3%,True,1726.6K,True,$24.53 / SMA $22.73,False,1.82%,False,+14.2%,False,5821.3M,True,NYQ,False,
BBVPF,BBVPF,0.562965,2026-06-25T00:01:27.804537+00:00,False,+0.1%,,,,,False,88.0K,True,$0.56 / SMA_short $0.56,,,,,,,False,PNK,False,
BBWI,"Bath & Body Works, Inc.",21.82,2026-06-25T23:11:42.381374+00:00,False,+52.8%,True,$4398.1M,True,+83.7%,True,6174.8K,True,$21.82 / SMA $18.88,True,5.54%,False,+-3.2%,False,189.5M,True,NYQ,False,
BBY,"Best Buy Co., Inc.",77.63,2026-06-24T23:59:29.690664+00:00,False,+40.9%,True,$16361.9M,True,+37.9%,True,4200.1K,True,$77.63 / SMA $65.23,True,3.96%,False,+1.9%,False,196.4M,True,NYQ,False,
BC,Brunswick Corporation,87.96,2026-06-25T23:10:16.298839+00:00,False,+61.2%,True,$5715.2M,False,+6.7%,True,709.5K,True,$87.96 / SMA $80.41,True,3.40%,False,+12.8%,True,64.2M,True,NYQ,False,
BCAR,D. Boral ARC Acquisition I Corp.,10.4,2026-06-25T23:17:25.783392+00:00,False,+5.3%,True,$421.8M,,,True,565.3K,False,$10.40 / SMA $10.55,False,1.92%,,,True,25.5M,True,NGM,False,
BCARU,D. Boral ARC Acquisition I Corp.,11.35,2026-06-25T23:27:38.979450+00:00,False,+14.6%,,N/A,,N/A,False,0.6K,False,$11.35 / SMA $11.36,True,4.26%,,N/A,True,25.5M,True,NGM,False,
BCAX,Bicara Therapeutics Inc.,25.64,2026-06-25T00:05:26.583705+00:00,True,+202.4%,True,$1684.6M,False,+-36.8%,True,565.4K,True,$25.64 / SMA $22.01,True,5.51%,,,True,36.7M,True,NGM,False,
BCCMY,BAIC Motor Corporation Limited,1.135,2026-06-25T23:25:45.042763+00:00,False,+0.0%,True,$909.7M,,N/A,False,0.4K,False,$1.14 / SMA $1.63,False,0.00%,,N/A,False,175.5M,False,PNK,False,
BCDRF,"Banco Santander, S.A.",13.2,2026-06-25T23:07:53.014833+00:00,False,+67.3%,True,$189413.3M,True,+71.4%,False,382.9K,True,$13.20 / SMA $12.41,True,4.75%,False,+2.9%,False,14301.4M,False,PNK,False,
BCEFF,BCE Inc.,15.4,2026-06-25T23:08:11.709500+00:00,False,+29.4%,,,,,False,0.1K,True,$15.40 / SMA $15.20,False,0.00%,False,+4.0%,False,931.4M,False,PNK,False,
BCH,Banco de Chile,38.0,2026-06-24T23:59:18.628291+00:00,False,+40.3%,True,$19193.2M,False,+-18.4%,False,406.5K,False,$38.00 / SMA $38.05,False,2.64%,False,+-3.9%,False,189.1M,True,NYQ,False,
BCKIF,Babcock International Group PLC,13.35,2026-06-25T23:21:47.739538+00:00,False,+9.9%,True,$6531.5M,,N/A,False,4.4K,False,$13.35 / SMA $14.71,False,0.34%,,N/A,False,459.4M,False,PNK,False,
BCKIY,Babcock International Group PLC,13.22,2026-06-24T23:59:47.100070+00:00,False,+5.4%,True,$6467.9M,,,False,47.7K,False,$13.22 / SMA $14.56,False,2.14%,,,False,459.4M,False,PNK,False,
BCMXY,"Bank of Communications Co., Ltd.",24.1,2026-06-24T23:58:51.264940+00:00,False,+20.4%,True,$85182.7M,,,False,0.1K,True,$24.10 / SMA $22.49,False,0.96%,False,+9.8%,False,1150.5M,False,PNK,False,
BCNAF,Barco NV,10.5,2026-06-25T23:25:53.644270+00:00,False,+3.4%,True,$854.6M,,N/A,False,0.1K,False,$10.50 / SMA $10.65,False,0.00%,,N/A,True,53.2M,False,PNK,False,
BCPC,Balchem Corporation,169.23,2026-06-25T23:10:16.588083+00:00,False,+21.6%,True,$5437.3M,False,+10.6%,False,209.2K,True,$169.23 / SMA $164.61,False,2.03%,False,+8.1%,True,31.9M,True,NMS,False,
BCRX,"BioCryst Pharmaceuticals, Inc.",10.0,2026-06-25T00:03:32.987990+00:00,False,+66.7%,True,$2541.6M,,,True,4582.7K,True,$10.00 / SMA $8.90,True,4.37%,False,+7.5%,False,220.8M,True,NMS,False,
BCS,Barclays PLC,27.3,2026-06-25T23:19:35.037536+00:00,False,+54.0%,True,$92046.2M,False,+8.5%,True,6272.7K,True,$27.30 / SMA $24.18,False,2.01%,False,+5.9%,False,3196.4M,True,NYQ,False,
BCSF,"Bain Capital Specialty Finance, Inc.",12.04,2026-06-25T23:25:56.814221+00:00,False,+1.9%,True,$781.0M,False,+-88.6%,False,389.7K,False,$12.04 / SMA $12.79,False,2.56%,False,+-78.1%,,N/A,True,NYQ,False,
BCTCF,OSL Group Limited,1.5,2026-06-25T23:13:51.605084+00:00,True,+14900.0%,True,$1348.8M,,,False,0.0K,False,$1.50 / SMA $1.81,False,0.00%,,,False,563.7M,False,PNK,False,
BCYC,BCYC,4.01,2026-06-25T23:29:27.006501+00:00,False,+1.8%,False,$279.9M,False,+1.1%,False,453.3K,False,$4.01 / SMA $4.54,True,4.37%,False,+-91.1%,,N/A,True,NMS,False,
BDC,Belden Inc.,121.32,2026-06-25T23:10:23.247921+00:00,False,+20.1%,True,$4724.7M,False,+2.0%,False,494.3K,True,$121.32 / SMA $115.30,True,4.15%,False,+11.4%,True,38.4M,True,NYQ,False,
BDCI,BTC Development Corp.,10.06,2026-06-25T23:29:22.347031+00:00,False,+1.0%,True,$349.6M,True,+4358.9%,False,45.6K,True,$10.06 / SMA $10.03,False,0.05%,,N/A,True,23.6M,True,NGM,False,
BDCIU,BTC Development Corp.,10.25,2026-06-25T23:17:35.391077+00:00,False,+1.6%,,,,,False,0.3K,True,$10.25 / SMA $10.15,False,0.01%,,,True,23.6M,True,NGM,False,
BDGIF,Badger Infrastructure Solutions Ltd.,64.11,2026-06-25T00:03:33.836386+00:00,True,+85.7%,True,$2157.9M,False,+-90.6%,False,7.8K,True,$64.11 / SMA $57.78,False,0.12%,False,+8.6%,True,29.1M,False,OQX,False,
BDJ,BlackRock Enhanced Equity Dividend Trust,9.42,2026-06-25T23:13:47.261702+00:00,False,+11.9%,True,$1666.8M,,,True,509.4K,True,$9.42 / SMA $9.11,False,1.10%,,,,,True,NYQ,False,
BDNNY,Boliden AB (publ),108.21,2026-06-25T23:19:55.503710+00:00,True,+77.0%,True,$15367.4M,False,+22.8%,False,12.4K,False,$108.21 / SMA $114.54,False,2.44%,False,+7.9%,True,139.4M,False,PNK,False,
BDORY,Banco do Brasil S.A.,3.89,2026-06-24T23:59:14.506093+00:00,False,+16.1%,True,$22206.8M,False,+-30.0%,False,459.6K,False,$3.89 / SMA $4.28,True,3.03%,False,+-7.0%,False,2586.5M,False,OID,False,
BDOUY,"BDO Unibank, Inc.",19.86,2026-06-25T23:08:26.928749+00:00,False,+8.0%,True,$10595.5M,,,False,72.8K,True,$19.86 / SMA $19.58,True,4.23%,True,+93.3%,False,227.3M,False,PNK,False,
BDRBF,Bombardier Inc.,222.0,2026-06-25T23:19:51.080474+00:00,True,+173.4%,True,$21901.0M,False,+21.6%,False,22.4K,True,$222.00 / SMA $207.08,True,4.77%,False,+4.8%,True,86.5M,False,PNK,False,
BDRFF,Beiersdorf Aktiengesellschaft,82.12,2026-06-24T23:59:19.696116+00:00,False,+2.9%,True,$17945.2M,,,False,2.2K,False,$82.12 / SMA $84.00,False,0.14%,,,True,89.5M,False,PNK,False,
BDRFY,Beiersdorf Aktiengesellschaft,16.85,2026-06-25T23:19:53.153314+00:00,False,+8.4%,True,$18410.6M,,N/A,False,309.0K,True,$16.85 / SMA $16.68,False,1.63%,,N/A,False,447.7M,False,PNK,False,
BDRXF,Bombardier Inc.,18.03,2026-06-24T23:59:16.735571+00:00,False,+23.6%,,,,,False,0.1K,True,$18.03 / SMA $17.44,False,1.38%,False,+4.8%,True,86.5M,False,PNK,False,
BDVSY,The Bidvest Group Limited,29.49,2026-06-25T23:21:56.770359+00:00,False,+22.5%,True,$5011.6M,,N/A,False,14.6K,True,$29.49 / SMA $28.75,False,1.83%,,N/A,False,161.2M,False,PNK,False,
BDWBY,Budweiser Brewing Company APAC Limited,3.295,2026-06-25T23:08:23.387359+00:00,False,+0.8%,True,$10898.0M,,,False,0.9K,False,$3.29 / SMA $3.64,False,2.17%,,,False,413.9M,False,PNK,False,
BDX,"Becton, Dickinson and Company",147.77,2026-06-24T23:59:01.021193+00:00,False,+15.8%,True,$40716.6M,False,+-203.7%,True,2835.1K,True,$147.77 / SMA $147.50,False,2.33%,False,+5.2%,False,274.7M,True,NYQ,False,
BE,Bloom Energy Corporation,309.18,2026-06-25T23:19:34.299068+00:00,True,+1338.0%,True,$87944.4M,True,+330.0%,True,10636.4K,True,$309.18 / SMA $272.93,True,9.05%,True,+130.4%,False,279.0M,True,NYQ,False,
BEAG,Bold Eagle Acquisition Corp.,10.69,2026-06-25T23:27:27.801850+00:00,False,+3.4%,True,$334.8M,False,+-12.5%,False,70.4K,True,$10.69 / SMA $10.59,False,0.33%,,N/A,True,21.7M,True,NGM,False,
BECTY,Bechtle AG,6.75,2026-06-25T23:10:20.531615+00:00,False,+12.5%,True,$4252.5M,False,+16.1%,False,0.1K,False,$6.75 / SMA $7.21,False,0.23%,False,+7.6%,False,409.2M,False,PNK,False,
BELFB,Bel Fuse Inc.,310.32,2026-06-25T23:22:04.149936+00:00,True,+242.0%,True,$4413.6M,False,+-33.1%,False,262.3K,True,$310.32 / SMA $275.86,True,5.58%,False,+17.2%,True,12.1M,True,NMS,False,
BEN,"Franklin Resources, Inc.",32.65,2026-06-25T23:19:55.601207+00:00,False,+54.7%,True,$16966.2M,True,+88.5%,True,4894.8K,True,$32.65 / SMA $30.72,False,2.82%,False,+8.7%,False,302.3M,True,NYQ,False,
BEP,Brookfield Renewable Partners L.P.,35.23,2026-06-25T23:08:25.094244+00:00,False,+46.0%,True,$22662.9M,False,+-14.3%,True,893.1K,True,$35.23 / SMA $34.64,True,3.06%,False,+-4.2%,False,288.9M,True,NYQ,False,
BEPC,Brookfield Renewable Corporation,37.65,2026-06-25T00:01:27.553599+00:00,False,+18.0%,True,$6866.7M,False,+-43154.2%,True,1520.8K,False,$37.65 / SMA $38.11,True,3.18%,False,+-2.6%,True,102.5M,True,NYQ,False,
BEPTF,Beach Energy Limited,0.72,2026-06-25T00:03:39.152772+00:00,False,+2.9%,True,$1642.6M,,,False,0.4K,False,$0.72 / SMA $0.80,False,0.25%,,,False,1559.8M,False,PNK,False,
BEVFF,Diversified Royalty Corp.,3.42,2026-06-25T23:15:44.190039+00:00,False,+52.0%,True,$597.5M,False,+-20.0%,False,34.1K,True,$3.42 / SMA $3.27,False,0.81%,False,+11.8%,False,167.2M,False,PNK,False,
BFAM,Bright Horizons Family Solutions Inc.,67.92,2026-06-25T00:01:42.081291+00:00,False,+17.9%,True,$3573.0M,False,+-6.1%,True,1170.4K,False,$67.92 / SMA $70.90,True,4.08%,False,+7.0%,True,48.8M,True,NYQ,False,
BFC,Bank First Corporation,144.9,2026-06-25T23:25:37.121122+00:00,False,+29.2%,True,$1626.2M,False,+-2.2%,False,92.3K,True,$144.90 / SMA $142.28,False,2.71%,True,+50.0%,True,10.0M,True,NCM,False,
BFH,"Bread Financial Holdings, Inc.",104.91,2026-06-25T00:01:42.633987+00:00,True,+94.9%,True,$4239.1M,True,+49.3%,True,682.8K,True,$104.91 / SMA $90.37,True,3.34%,False,+4.9%,True,39.8M,True,NYQ,False,
BFLBF,Bilfinger SE,103.19,2026-06-25T23:10:25.200498+00:00,False,+14.2%,True,$3811.8M,False,+17.9%,False,0.2K,False,$103.19 / SMA $108.40,False,0.00%,False,+3.6%,True,31.4M,False,PNK,False,
BFLBY,Bilfinger SE,18.8,2026-06-25T23:10:25.516932+00:00,False,+5.3%,True,$3472.3M,False,+17.9%,False,0.3K,False,$18.80 / SMA $21.53,False,0.49%,False,+3.6%,False,157.1M,False,PNK,False,
BFLY,"Butterfly Network, Inc.",8.02,2026-06-25T23:13:55.206081+00:00,True,+507.6%,True,$2098.4M,False,+16.7%,True,6478.5K,True,$8.02 / SMA $5.14,True,10.06%,False,+25.0%,False,192.6M,True,NYQ,False,
BFS,"Saul Centers, Inc.",37.07,2026-06-25T00:05:57.094381+00:00,False,+27.1%,True,$1280.7M,False,+-10.3%,False,66.4K,True,$37.07 / SMA $34.95,False,2.29%,False,+8.9%,True,13.6M,True,NYQ,False,
BFST,"Business First Bancshares, Inc.",30.09,2026-06-25T23:25:54.862204+00:00,False,+33.4%,True,$983.3M,False,+4.6%,False,201.2K,True,$30.09 / SMA $28.07,False,1.93%,False,+14.5%,True,31.0M,True,NMS,False,
BGIN,Bgin Blockchain Limited,1.8,2026-06-25T23:29:18.488322+00:00,False,+0.0%,False,$203.6M,,N/A,False,21.8K,False,$1.80 / SMA $3.10,True,9.92%,,N/A,True,43.4M,True,NGM,False,
BGR,BlackRock Energy and Resources Trust,14.6,2026-06-25T00:08:00.645759+00:00,False,+13.0%,True,$371.7M,,,False,125.7K,False,$14.60 / SMA $15.85,False,2.04%,,,,,True,NYQ,False,
BGSI,Boyd Group Services Inc.,95.05,2026-06-25T00:03:19.719265+00:00,False,+6.8%,True,$2645.2M,False,+-133.3%,False,63.4K,False,$95.05 / SMA $108.99,True,3.42%,True,+28.1%,True,27.8M,True,NYQ,False,
BGY,BlackRock Enhanced International Dividend Trust,5.65,2026-06-25T23:27:34.134136+00:00,False,+8.9%,True,$512.0M,,N/A,False,335.6K,False,$5.65 / SMA $5.68,False,1.34%,,N/A,,N/A,True,NYQ,False,
BH,Biglari Holdings Inc.,375.94,2026-06-25T23:25:55.863138+00:00,False,+60.0%,True,$1180.1M,True,+55.9%,False,73.3K,True,$375.94 / SMA $301.78,True,5.38%,False,+2.6%,True,0.2M,True,NYQ,False,
BHB,Bar Harbor Bankshares,37.79,2026-06-25T00:07:44.110618+00:00,False,+34.7%,True,$632.7M,False,+22.7%,False,107.3K,True,$37.79 / SMA $34.90,False,2.55%,True,+26.8%,True,16.2M,True,ASE,False,
BHE,"Benchmark Electronics, Inc.",97.19,2026-06-25T23:11:57.194870+00:00,True,+182.2%,True,$3486.9M,True,+260.0%,False,436.0K,True,$97.19 / SMA $82.38,True,4.34%,False,+7.2%,True,35.1M,True,NYQ,False,
BHF,"Brighthouse Financial, Inc.",62.72,2026-06-25T23:11:41.380046+00:00,False,+49.1%,True,$3603.0M,False,+-171.4%,True,522.7K,True,$62.72 / SMA $62.42,False,0.91%,False,+-37.1%,True,56.6M,True,NMS,False,
BHFAO,"Brighthouse Financial, Inc.",14.95,2026-06-25T23:23:37.310144+00:00,False,+5.4%,,N/A,,N/A,False,37.5K,False,$14.95 / SMA $15.77,False,1.57%,False,+-37.1%,True,56.6M,True,NMS,False,
BHPLF,BHP Group Limited,41.19,2026-06-25T23:19:29.967100+00:00,True,+86.8%,True,$209273.6M,,N/A,False,177.4K,False,$41.19 / SMA $41.82,False,1.22%,,N/A,False,4924.5M,False,PNK,False,
BHRB,Burke & Herbert Financial Services Corp.,67.85,2026-06-25T00:05:32.460153+00:00,False,+20.9%,True,$1367.2M,False,+-0.6%,False,159.2K,True,$67.85 / SMA $64.01,False,2.17%,False,+2.1%,True,17.1M,True,NCM,False,
BHVN,Biohaven Ltd.,15.34,2026-06-25T23:13:50.563741+00:00,True,+105.1%,True,$2309.6M,True,+59.4%,True,2569.0K,True,$15.34 / SMA $10.71,True,8.76%,,,True,124.0M,True,NYQ,True,
BICEY,Société BIC SA,32.74,2026-06-25T00:03:23.239205+00:00,False,+23.3%,True,$2662.4M,,,False,4.5K,True,$32.74 / SMA $32.53,False,2.41%,,,True,35.1M,False,PNK,False,
BIDU,"Baidu, Inc.",103.99,2026-06-25T23:19:40.331384+00:00,False,+22.9%,True,$35382.9M,False,+-59.3%,True,2358.6K,False,$103.99 / SMA $126.84,True,3.55%,False,+-1.2%,False,265.9M,True,NMS,False,
BIIB,Biogen Inc.,201.96,2026-06-25T23:08:08.369549+00:00,False,+66.8%,True,$29816.8M,True,+31.1%,True,1198.1K,True,$201.96 / SMA $192.34,False,2.88%,False,+1.9%,True,147.2M,True,NMS,False,
BILL,"BILL Holdings, Inc.",33.38,2026-06-25T23:11:41.006346+00:00,False,+6.3%,True,$3324.5M,True,+209.1%,True,2498.7K,False,$33.38 / SMA $36.80,True,5.28%,False,+13.5%,True,88.9M,True,NYQ,False,
BIOA,"BioAge Labs, Inc.",22.62,2026-06-25T23:27:08.854289+00:00,True,+456.5%,True,$1005.5M,False,+-44.4%,False,437.1K,True,$22.62 / SMA $17.83,True,7.45%,True,+91.0%,True,33.7M,True,NMS,False,
BIP,Brookfield Infrastructure Partners L.P.,36.39,2026-06-25T23:08:15.523631+00:00,False,+22.8%,True,$28702.6M,False,+-600.0%,True,837.6K,False,$36.39 / SMA $37.30,False,2.25%,False,+16.9%,False,451.3M,True,NYQ,False,
BIPC,Brookfield Infrastructure Corporation,38.87,2026-06-25T00:01:30.150205+00:00,False,+13.7%,True,$4780.6M,False,+-127.9%,True,1164.5K,False,$38.87 / SMA $40.06,False,2.75%,False,+-4.8%,True,110.0M,True,NYQ,False,
BIXIU,Bitcoin Infrastructure Acquisition Corp Ltd.,10.11,2026-06-25T23:29:30.146047+00:00,False,+1.7%,,N/A,,N/A,False,4.4K,True,$10.11 / SMA $10.08,False,0.14%,,N/A,True,21.0M,True,NGM,False,
BJ,"BJ's Wholesale Club Holdings, Inc.",86.31,2026-06-25T23:08:25.019140+00:00,False,+3.7%,True,$11021.3M,False,+-2.7%,True,2180.2K,False,$86.31 / SMA $91.20,False,2.85%,False,+9.9%,True,127.0M,True,NYQ,False,
BJCHY,Beijing Capital International Airport Company Limited,0.891,2026-06-25T23:13:58.108021+00:00,False,+0.1%,True,$816.0M,,,False,0.2K,False,$0.89 / SMA $1.04,False,0.43%,,,False,348.2M,False,PNK,False,
BKE,"The Buckle, Inc.",42.6,2026-06-25T23:12:03.413304+00:00,False,+0.7%,True,$2194.7M,True,+31.4%,False,446.5K,False,$42.60 / SMA $49.31,True,3.47%,False,+6.1%,True,30.8M,True,NYQ,False,
BKEAF,"The Bank of East Asia, Limited",1.41,2026-06-25T00:01:33.568328+00:00,False,+0.0%,True,$3727.8M,,,False,0.2K,False,$1.41 / SMA $1.64,False,0.30%,,,False,920.8M,False,PNK,False,
BKGFF,The Berkeley Group Holdings plc,46.0,2026-06-25T23:10:21.743371+00:00,False,+7.8%,True,$4241.5M,,,False,0.0K,True,$46.00 / SMA $45.08,False,0.00%,,,True,91.0M,False,PNK,False,
BKH,Black Hills Corporation,74.31,2026-06-25T23:21:52.523157+00:00,False,+33.9%,True,$5657.1M,False,+-7.5%,True,1019.4K,True,$74.31 / SMA $73.41,False,2.63%,False,+-3.0%,True,75.8M,True,NYQ,False,
BKHPF,Bank Hapoalim B.M.,26.95,2026-06-25T23:08:05.310835+00:00,True,+113.0%,True,$35247.7M,False,+-11.5%,False,0.0K,True,$26.95 / SMA $26.01,False,0.00%,False,+-3.2%,False,1307.6M,False,PNK,False,
BKHYY,Bank Hapoalim B.M.,116.0,2026-06-25T23:19:43.345392+00:00,False,+32.2%,True,$30343.1M,False,+-11.5%,False,23.2K,False,$116.00 / SMA $128.75,True,3.62%,False,+-3.2%,False,261.5M,False,PNK,False,
BKKT,"Bakkt, Inc.",7.83,2026-06-25T23:15:47.670024+00:00,False,+14.0%,True,$350.1M,False,+-136.3%,True,1665.4K,False,$7.83 / SMA $9.17,True,9.35%,False,+-77.1%,True,34.9M,True,NYQ,False,
BKNIY,"Bankinter, S.A.",16.62,2026-06-25T23:19:57.356699+00:00,False,+29.7%,True,$14959.7M,True,+25.5%,False,57.9K,True,$16.62 / SMA $16.61,False,2.81%,False,+3.8%,False,667.0M,False,PNK,False,
BKR,Baker Hughes Company,56.94,2026-06-25T23:07:59.176824+00:00,False,+51.7%,True,$56488.4M,True,+132.5%,True,8118.0K,False,$56.94 / SMA $63.85,False,2.98%,False,+2.5%,False,989.9M,True,NMS,False,
BKRIF,Bank of Ireland Group plc,20.85,2026-06-25T23:08:14.914641+00:00,False,+60.1%,True,$19810.0M,,,False,1.1K,True,$20.85 / SMA $19.66,False,1.14%,,,False,952.1M,False,PNK,False,
BKRIY,Bank of Ireland Group plc,20.75,2026-06-24T23:59:29.047410+00:00,False,+58.6%,True,$19715.0M,,,False,34.0K,True,$20.75 / SMA $19.70,False,2.44%,,,False,952.1M,False,PNK,False,
BLBD,Blue Bird Corporation,79.095,2026-06-25T23:23:53.013416+00:00,True,+88.3%,True,$2503.1M,False,+13.9%,False,423.6K,True,$79.09 / SMA $68.43,True,3.60%,False,+-1.7%,True,31.3M,True,NGM,False,
BLCO,Bausch + Lomb Corporation,15.91,2026-06-25T23:21:52.247393+00:00,False,+32.4%,True,$5672.5M,True,+66.7%,False,453.8K,True,$15.91 / SMA $15.76,False,2.53%,False,+9.4%,True,44.9M,True,NYQ,False,
BLFS,"BioLife Solutions, Inc.",25.57,2026-06-25T00:05:37.664386+00:00,False,+43.2%,True,$1249.3M,True,+300.0%,True,546.6K,True,$25.57 / SMA $23.58,True,5.09%,False,+24.7%,True,42.7M,True,NCM,False,
BLKB,"Blackbaud, Inc.",27.61,2026-06-25T00:05:28.597321+00:00,False,+7.9%,True,$1268.2M,True,+570.0%,True,766.9K,False,$27.61 / SMA $32.55,True,5.41%,False,+4.2%,True,34.4M,True,NMS,False,
BLKLF,Blackline Safety Corp.,6.36,2026-06-25T23:27:32.969534+00:00,False,+47.2%,True,$556.1M,False,+0.0%,False,37.0K,False,$6.36 / SMA $6.51,False,0.13%,False,+23.2%,True,61.3M,False,PNK,False,
BLLN,"BillionToOne, Inc.",112.24,2026-06-25T23:22:03.139885+00:00,True,+81.1%,True,$5162.5M,True,+481.3%,True,651.5K,True,$112.24 / SMA $91.00,True,8.00%,True,+83.8%,True,24.1M,True,NMS,True,
BLMIF,Bank Leumi le-Israel B.M.,22.24,2026-06-25T23:19:42.398710+00:00,False,+28.2%,True,$32757.4M,False,+-1.3%,False,0.2K,False,$22.24 / SMA $24.90,False,0.36%,False,+0.6%,False,1478.4M,False,PNK,False,
BLMN,"Bloomin' Brands, Inc.",8.65,2026-06-25T23:15:41.647870+00:00,False,+66.7%,True,$740.6M,True,+30.0%,True,2392.3K,True,$8.65 / SMA $7.43,True,5.78%,False,+1.0%,True,83.2M,True,NMS,False,
BLND,"Blend Labs, Inc.",1.7,2026-06-25T00:08:18.107685+00:00,False,+44.7%,True,$411.6M,False,+0.0%,True,3869.3K,True,$1.70 / SMA $1.57,True,7.74%,False,+14.9%,False,171.3M,True,NYQ,False,
BLTE,"Belite Bio, Inc",149.83,2026-06-25T23:10:14.986564+00:00,True,+167.1%,True,$6005.9M,False,+-51.1%,False,183.2K,True,$149.83 / SMA $149.79,True,5.80%,,,True,18.5M,True,NCM,False,
BMA,Banco Macro S.A.,90.34,2026-06-25T23:10:16.797546+00:00,True,+135.9%,True,$5776.3M,True,+135.8%,False,312.6K,True,$90.34 / SMA $81.44,True,5.04%,True,+30.7%,True,21.7M,True,NYQ,False,
BMBL,Bumble Inc.,2.72,2026-06-25T00:08:02.210510+00:00,False,+4.2%,True,$412.6M,True,+161.5%,True,3193.5K,False,$2.72 / SMA $3.44,True,5.80%,False,+-14.1%,True,106.5M,True,NMS,False,
BMBLF,Brambles Limited,13.4,2026-06-25T23:08:16.930858+00:00,False,+23.7%,True,$17898.4M,,,False,1.2K,False,$13.40 / SMA $14.42,False,1.70%,,,False,1356.5M,False,PNK,False,
BMCLF,BAIC Motor Corporation Limited,0.136,2026-06-25T23:25:40.810546+00:00,False,+0.0%,True,$1090.1M,,N/A,False,0.4K,False,$0.14 / SMA $0.17,False,0.00%,,N/A,False,1754.9M,False,PNK,False,
BME,BlackRock Health Sciences Trust,40.72,2026-06-25T00:07:48.976099+00:00,False,+16.2%,True,$526.3M,,,False,50.3K,True,$40.72 / SMA $39.30,False,1.47%,,,,,True,NYQ,False,
BMNR,"Bitmine Immersion Technologies, Inc.",13.32,2026-06-25T23:20:03.400223+00:00,True,+239.8%,True,$7586.8M,False,+-1348.3%,True,39366.7K,False,$13.32 / SMA $19.42,True,6.78%,True,+627.8%,False,529.6M,True,NYQ,False,
BMO,Bank of Montreal,174.8,2026-06-25T23:07:55.518443+00:00,False,+63.0%,True,$122432.8M,True,+41.2%,True,805.8K,True,$174.80 / SMA $158.68,False,1.72%,False,+9.9%,False,699.6M,True,NYQ,False,
BMY,Bristol-Myers Squibb Company,55.39,2026-06-25T23:19:32.088410+00:00,False,+30.3%,True,$113110.3M,False,+9.2%,True,11196.2K,False,$55.39 / SMA $57.09,False,2.41%,False,+2.6%,False,2038.9M,True,NYQ,False,
BN,Brookfield Corporation,43.0,2026-06-25T23:07:55.982872+00:00,False,+13.4%,True,$96044.6M,True,+200.0%,True,5232.9K,False,$43.00 / SMA $45.26,False,2.30%,False,+3.5%,False,1732.7M,True,NYQ,False,
BNDSF,"Banco de Sabadell, S.A.",3.6,2026-06-25T23:19:51.263486+00:00,False,+14.3%,True,$17458.8M,False,+-22.8%,False,1.4K,True,$3.60 / SMA $3.46,False,0.24%,False,+-4.9%,False,4908.4M,False,PNK,False,
BNED,"Barnes & Noble Education, Inc.",13.43,2026-06-25T23:17:38.598621+00:00,True,+127.6%,True,$460.6M,False,+-17.4%,False,252.1K,True,$13.43 / SMA $10.42,True,5.58%,False,+11.3%,True,17.2M,True,NYQ,False,
BNGRF,Savencia SA,82.35,2026-06-25T00:05:44.799278+00:00,False,+57.5%,True,$1062.8M,,,False,0.0K,True,$82.35 / SMA $74.82,False,0.00%,,,True,2.7M,False,PNK,False,
BNKHF,BOC Hong Kong (Holdings) Limited,6.15,2026-06-25T23:07:59.467708+00:00,False,+44.7%,True,$65022.6M,,,False,4.2K,True,$6.15 / SMA $5.76,False,0.00%,,,False,3588.1M,False,PNK,False,
BNMDF,Banca Mediolanum S.p.A.,21.65,2026-06-24T23:59:22.365965+00:00,True,+107.2%,True,$16006.2M,False,+14.6%,False,0.0K,False,$21.65 / SMA $21.75,False,0.00%,,,False,244.9M,False,PNK,False,
BNNLF,Bannerman Energy Ltd,2.36,2026-06-25T00:07:46.468821+00:00,False,+67.4%,True,$490.2M,,,False,33.5K,False,$2.36 / SMA $2.77,True,5.34%,,,False,179.1M,False,OQX,False,
BNPQF,BNP Paribas SA,116.0,2026-06-24T23:58:49.235533+00:00,False,+58.9%,True,$127611.5M,,,False,6.3K,True,$116.00 / SMA $107.86,True,4.40%,False,+-52.4%,False,972.0M,False,OQX,False,
BNPQY,BNP Paribas SA,57.64,2026-06-24T23:58:48.780100+00:00,False,+53.7%,True,$126819.5M,,,False,392.6K,True,$57.64 / SMA $53.16,False,1.59%,False,+-52.4%,False,1944.0M,False,OQX,False,
BNS,The Bank of Nova Scotia,85.3,2026-06-24T23:58:50.193706+00:00,False,+57.8%,True,$104584.3M,True,+35.1%,True,2599.7K,True,$85.30 / SMA $79.30,False,1.64%,False,+7.7%,False,1211.0M,True,NYQ,False,
BNT,Brookfield Wealth Solutions Ltd.,42.92,2026-06-24T23:59:24.007920+00:00,False,+7.6%,True,$11776.1M,False,+-37.2%,False,26.3K,False,$42.92 / SMA $45.30,False,2.44%,False,+-37.3%,True,20.5M,True,NYQ,False,
BNTGF,Brenntag SE,65.68,2026-06-25T23:08:27.850764+00:00,False,+26.8%,True,$9483.2M,False,+-26.9%,False,0.0K,False,$65.68 / SMA $66.84,False,0.05%,False,+-10.1%,True,115.5M,False,PNK,False,
BNTGY,Brenntag SE,12.34,2026-06-25T23:08:27.489313+00:00,False,+21.1%,True,$8908.6M,False,+-26.9%,False,45.6K,False,$12.34 / SMA $13.35,False,1.53%,False,+-10.1%,False,577.5M,False,PNK,False,
BNY,BNY,145.43,2026-06-25T23:19:33.759276+00:00,False,+62.6%,True,$99820.1M,True,+41.8%,True,3743.6K,True,$145.43 / SMA $138.11,False,2.44%,False,+13.8%,False,684.5M,True,NYQ,False,
BOC,Boston Omaha Corporation,13.22,2026-06-25T00:08:07.671243+00:00,False,+25.7%,True,$401.9M,False,+-250.0%,False,210.7K,True,$13.22 / SMA $12.54,True,3.37%,False,+1.9%,True,21.3M,True,NYQ,False,
BOE,BlackRock Enhanced Global Dividend Trust,11.81,2026-06-25T23:27:17.136775+00:00,False,+11.5%,True,$656.6M,,N/A,False,121.2K,True,$11.81 / SMA $11.71,False,1.27%,,N/A,,N/A,True,NYQ,False,
BOKF,BOK Financial Corporation,137.02,2026-06-24T23:59:43.766797+00:00,False,+45.8%,True,$8325.3M,True,+38.7%,False,302.8K,True,$137.02 / SMA $131.37,False,2.14%,False,+9.5%,True,18.6M,True,NMS,False,
BOLSY,"B3 S.A. - Brasil, Bolsa, Balcão",8.56,2026-06-24T23:59:22.318922+00:00,False,+29.3%,True,$14288.3M,True,+38.9%,False,302.1K,False,$8.56 / SMA $10.20,True,3.79%,False,+20.3%,,,False,PNK,False,
BOOT,"Boot Barn Holdings, Inc.",177.48,2026-06-25T00:01:32.497969+00:00,False,+33.3%,True,$5386.1M,False,+18.9%,True,750.7K,True,$177.48 / SMA $163.50,True,5.00%,False,+18.7%,True,30.2M,True,NYQ,False,
BOPCF,BioPharma Credit PLC,0.98,2026-06-25T23:25:49.825517+00:00,False,+17.2%,,N/A,,N/A,True,530.0K,True,$0.98 / SMA_short $0.95,,N/A,,N/A,False,1125.2M,False,PNK,False,
BORAY,"Bora Pharmaceuticals Co., Ltd.",2.25,2026-06-25T23:13:48.690738+00:00,False,+1.8%,,,,,False,2.3K,False,$2.25 / SMA_short $2.62,,,,,False,371.7M,False,OQX,False,
BORR,Borr Drilling Limited,4.38,2026-06-25T23:13:46.258718+00:00,True,+144.7%,True,$1352.0M,False,+-28.6%,True,8216.7K,False,$4.38 / SMA $5.38,True,5.06%,False,+14.0%,False,239.6M,True,NYQ,False,
BORUF,Borussia Dortmund GmbH & Co. Kommanditgesellschaft auf Aktien,3.57,2026-06-25T23:29:16.623920+00:00,False,+10.2%,True,$394.0M,False,+-340.0%,False,0.3K,False,$3.57 / SMA $3.60,False,0.00%,False,+-16.1%,True,72.0M,False,PNK,False,
BOUYF,Bouygues SA,48.65,2026-06-25T23:19:49.550097+00:00,False,+18.5%,True,$18753.5M,,N/A,False,0.0K,False,$48.65 / SMA $56.43,False,0.00%,False,+-20.0%,False,216.3M,False,PNK,False,
BOW,Bowhead Specialty Holdings Inc.,28.26,2026-06-25T23:18:21.334906+00:00,False,+33.2%,True,$928.0M,True,+41.2%,False,192.1K,True,$28.26 / SMA $26.23,True,3.89%,True,+26.8%,True,30.8M,True,NYQ,False,
BOX,"Box, Inc.",25.46,2026-06-25T00:01:41.629056+00:00,False,+19.3%,True,$3527.0M,True,+300.0%,True,2365.9K,True,$25.46 / SMA $25.15,True,3.70%,False,+10.7%,True,142.8M,True,NYQ,False,
BOZTY,Boozt AB (publ),14.75,2026-06-25T23:27:02.401688+00:00,True,+82.8%,True,$868.0M,True,+183.3%,False,0.0K,True,$14.75 / SMA $11.69,False,0.00%,False,+0.6%,True,57.3M,False,PNK,False,
BP,BP p.l.c.,37.86,2026-06-24T23:58:49.193937+00:00,False,+28.0%,True,$97491.9M,True,+474.5%,True,11021.9K,False,$37.86 / SMA $43.73,False,1.93%,False,+11.4%,False,9986.6M,True,NYQ,False,
BPCGF,"Banco Comercial Português, S.A.",1.05,2026-06-25T23:08:17.277596+00:00,False,+38.2%,True,$15525.8M,True,+30.2%,False,0.1K,True,$1.05 / SMA $1.01,False,0.00%,False,+6.0%,False,8830.4M,False,PNK,False,
BPCGY,"Banco Comercial Português, S.A.",11.822,2026-06-25T23:08:17.044312+00:00,False,+60.2%,True,$17480.6M,True,+30.2%,False,0.4K,True,$11.82 / SMA $10.71,True,3.73%,False,+6.0%,False,883.0M,False,PNK,False,
BPOP,"Popular, Inc.",167.19,2026-06-25T23:08:27.526122+00:00,False,+54.5%,True,$10790.1M,True,+47.7%,True,505.7K,True,$167.19 / SMA $151.03,False,1.90%,False,+10.7%,True,62.7M,True,NMS,False,
BPOPO,"Popular, Inc.",25.1,2026-06-25T23:20:05.559695+00:00,False,+3.5%,,N/A,,N/A,False,0.7K,False,$25.10 / SMA $25.15,False,0.14%,False,+10.7%,True,62.7M,False,PNK,False,
BPOSY,bpost NV/SA,1.75,2026-06-25T23:29:14.324674+00:00,False,+0.0%,True,$350.0M,True,+100.0%,False,0.1K,False,$1.75 / SMA $1.95,False,0.00%,False,+-20.4%,True,6.5M,False,PNK,False,
BPXXY,BPER Banca SpA,33.0,2026-06-25T23:19:46.475183+00:00,True,+76.0%,True,$34383.2M,False,+-14.4%,False,0.2K,True,$33.00 / SMA $28.34,False,0.50%,,N/A,False,780.5M,False,PNK,False,
BQSSF,Boss Energy Limited,0.81,2026-06-25T00:08:08.562024+00:00,False,+13.1%,True,$336.3M,,,False,37.7K,False,$0.81 / SMA $0.99,True,3.62%,,,False,390.7M,False,OQX,False,
BR,"Broadridge Financial Solutions, Inc.",140.1,2026-06-24T23:59:20.265241+00:00,False,+4.7%,True,$16203.7M,False,+15.1%,True,1506.8K,False,$140.10 / SMA $150.12,False,2.74%,False,+7.8%,True,115.1M,True,NYQ,False,
BRAI,Braiin Limited,5.65,2026-06-25T23:13:49.805439+00:00,False,+35.0%,True,$1164.4M,,,False,248.8K,False,$5.65 / SMA $7.88,True,21.57%,,,True,122.2M,True,NGM,False,
BRBI,BRBI BR Partners S.A.,10.96,2026-06-25T23:15:36.720715+00:00,False,+0.6%,False,$287.7M,False,+-14.3%,False,2.0K,False,$10.96 / SMA $13.52,False,1.13%,True,+46.8%,True,26.2M,True,NCM,False,
BRBR,"BellRing Brands, Inc.",11.39,2026-06-25T23:25:50.833645+00:00,False,+45.7%,True,$1324.4M,False,+-35.6%,True,5033.3K,False,$11.39 / SMA $11.42,True,7.54%,False,+1.8%,True,105.8M,True,NYQ,False,
BRDCF,Bridgestone Corporation,19.71,2026-06-25T23:08:08.427116+00:00,False,+8.9%,True,$24637.4M,,,False,4.9K,False,$19.71 / SMA $21.42,True,4.28%,,,False,1169.4M,False,PNK,False,
BRELY,BRELY,16.3,2026-06-25T23:13:52.632382+00:00,True,+136.4%,True,$913.3M,,,False,2.0K,False,$16.30 / SMA $19.65,False,1.13%,,,True,15.9M,False,OQX,False,
BRK.A,BRK.A,,2026-06-24T23:58:43.741652+00:00,False,,False,,False,,False,,False,,False,,False,,False,,False,Unknown,False,No price data available
BRKR,Bruker Corporation,60.89,2026-06-25T23:10:08.378244+00:00,True,+113.4%,True,$9269.0M,False,+-81.8%,True,2394.1K,True,$60.89 / SMA $47.44,True,5.66%,False,+2.7%,True,103.6M,True,NMS,False,
BRKRP,Bruker Corporation,429.94,2026-06-24T23:59:47.188973+00:00,True,+72.0%,,,,,False,21.6K,True,$429.94 / SMA $357.56,False,1.88%,False,+2.7%,True,103.6M,True,NMS,False,
BRLGF,Dominion Lending Centres Inc.,6.09,2026-06-25T23:15:49.053763+00:00,False,+4.1%,True,$469.1M,False,+-25.0%,False,0.1K,False,$6.09 / SMA $6.73,False,0.07%,False,+6.5%,True,35.5M,False,PNK,False,
BROS,Dutch Bros Inc.,66.6,2026-06-25T23:20:08.336230+00:00,False,+49.4%,True,$11633.9M,False,+0.0%,True,4102.5K,True,$66.60 / SMA $57.25,True,4.83%,True,+30.8%,True,127.9M,True,NYQ,False,
BRRLY,Barry Callebaut AG,14.475,2026-06-25T23:08:30.633206+00:00,False,+41.2%,True,$7936.2M,,,False,59.0K,False,$14.47 / SMA $14.67,False,2.69%,,,False,380.9M,False,PNK,False,
BRSGF,Queen's Road Capital Investment Ltd.,9.76,2026-06-25T00:07:45.833176+00:00,True,+885.9%,True,$498.0M,True,+283.1%,False,0.1K,False,$9.76 / SMA $10.67,False,0.00%,False,+23.3%,True,21.0M,False,PNK,False,
BRSL,Brightstar Lottery PLC,10.85,2026-06-25T23:23:52.602039+00:00,False,+4.1%,True,$1996.3M,True,+54.2%,True,1437.4K,False,$10.85 / SMA $11.68,True,3.07%,False,+0.7%,True,95.9M,True,NYQ,False,
BRSP,"BrightSpire Capital, Inc.",5.53,2026-06-25T00:06:01.839286+00:00,False,+14.3%,True,$720.4M,False,+-25.0%,True,950.9K,False,$5.53 / SMA $5.76,False,1.99%,False,+9.6%,True,109.0M,True,NYQ,False,
BRTHY,"Brother Industries, Ltd.",45.5,2026-06-25T23:21:52.703204+00:00,False,+44.0%,True,$5637.4M,,N/A,False,0.1K,True,$45.50 / SMA $41.98,False,0.00%,,N/A,True,110.7M,False,PNK,False,
BRZE,"Braze, Inc.",19.57,2026-06-25T23:12:01.850241+00:00,False,+28.2%,True,$2204.2M,True,+29.4%,True,3166.6K,False,$19.57 / SMA $22.43,True,6.26%,True,+30.2%,True,92.4M,True,NMS,False,
BSAC,Banco Santander-Chile,31.99,2026-06-25T23:08:19.278899+00:00,False,+40.5%,True,$15071.0M,False,+-4.8%,False,456.7K,True,$31.99 / SMA $31.60,False,2.55%,False,+0.6%,False,305.6M,True,NYQ,False,
BSBR,Banco Santander (Brasil) S.A.,5.16,2026-06-25T23:08:14.093411+00:00,False,+11.7%,True,$38635.6M,,,True,1164.9K,False,$5.16 / SMA $5.59,False,2.18%,False,+-15.0%,False,1870.9M,True,NYQ,False,
BSDGF,Bosideng International Holdings Limited,0.507,2026-06-25T00:01:23.498873+00:00,False,+8.3%,True,$5891.6M,,,False,5.5K,False,$0.51 / SMA $0.54,True,5.08%,,,False,5120.5M,False,PNK,False,
BSDGY,Bosideng International Holdings Limited,22.98,2026-06-25T23:10:11.642054+00:00,False,+0.3%,True,$5340.8M,,,False,0.1K,False,$22.98 / SMA $26.97,False,0.49%,,,True,102.4M,False,PNK,False,
BSLAF,BSLAF,34.25,2026-06-25T23:25:56.387273+00:00,True,+246.7%,True,$1053.2M,,N/A,False,0.0K,True,$34.25 / SMA $23.58,False,0.12%,True,+60.9%,True,12.7M,False,PNK,False,
BSM,"Black Stone Minerals, L.P.",13.95,2026-06-25T23:23:43.818024+00:00,False,+18.4%,True,$2964.4M,False,+-25.0%,False,396.1K,True,$13.95 / SMA $13.74,False,2.00%,False,+7.5%,False,157.0M,True,NYQ,False,
BSVN,Bank7 Corp.,47.34,2026-06-25T23:27:40.542783+00:00,False,+23.6%,True,$450.6M,,N/A,False,11.7K,True,$47.34 / SMA $43.89,False,1.92%,,N/A,True,4.3M,True,NMS,False,
BSXGF,Belo Sun Mining Corp,0.7,2026-06-25T23:27:35.203728+00:00,True,+337.5%,True,$397.6M,False,+0.0%,False,185.2K,False,$0.70 / SMA $0.91,True,6.96%,,N/A,False,329.4M,False,OQX,False,
BSY,"Bentley Systems, Incorporated",28.71,2026-06-25T23:08:26.532902+00:00,False,+2.3%,True,$8722.0M,False,+7.1%,True,2745.9K,False,$28.71 / SMA $32.41,True,4.03%,False,+14.5%,False,157.5M,True,NMS,False,
BTBT,"Bit Digital, Inc.",1.93,2026-06-25T00:06:04.136090+00:00,False,+54.4%,True,$673.9M,False,+-40.6%,True,24217.0K,True,$1.93 / SMA $1.81,True,9.52%,False,+11.2%,False,341.3M,True,NCM,False,
BTDPY,Barratt Redrow plc,7.71,2026-06-25T23:10:18.914800+00:00,False,+20.8%,True,$5399.0M,,,False,217.5K,True,$7.71 / SMA $6.94,False,1.99%,,,False,673.8M,False,PNK,False,
BTE,Baytex Energy Corp.,3.91,2026-06-25T00:01:40.063430+00:00,True,+122.2%,True,$2828.5M,False,+-200.0%,True,22044.1K,False,$3.91 / SMA $4.71,True,3.51%,False,+-0.3%,False,669.9M,True,NYQ,False,
BTLCY,British Land Company PLC,5.45,2026-06-25T23:21:53.583049+00:00,False,+27.9%,True,$5583.0M,,N/A,False,11.4K,True,$5.45 / SMA $5.14,False,1.15%,,N/A,False,985.8M,False,PNK,False,
BTO,John Hancock Financial Opportunities Fund,38.45,2026-06-25T00:06:02.448341+00:00,False,+20.1%,True,$762.0M,,,False,43.7K,True,$38.45 / SMA $36.46,False,2.07%,,,,,True,NYQ,False,
BTSG,"BrightSpring Health Services, Inc.",69.7,2026-06-25T23:20:02.534232+00:00,True,+266.6%,True,$13679.2M,True,+378.6%,True,2887.4K,True,$69.70 / SMA $56.66,True,3.10%,True,+25.6%,False,176.7M,True,NMS,False,
BTT,Blackrock Municipal 2030 Target Term Trust,22.62,2026-06-25T23:13:49.977246+00:00,False,+4.9%,True,$1439.2M,,,False,86.5K,False,$22.62 / SMA $22.71,False,0.57%,,,,,True,NYQ,False,
BUD,Anheuser-Busch InBev SA/NV,84.43,2026-06-24T23:58:46.703551+00:00,False,+48.2%,True,$163262.2M,False,+20.4%,True,1818.8K,True,$84.43 / SMA $78.66,False,1.54%,False,+12.0%,False,5810.1M,True,NYQ,False,
BULL,Webull Corporation,6.51,2026-06-25T23:11:50.223518+00:00,False,+44.7%,True,$3462.1M,False,+-113.2%,True,13822.1K,False,$6.51 / SMA $6.71,True,6.88%,True,+36.3%,False,338.3M,True,NCM,False,
BUR,Burford Capital Limited,4.11,2026-06-25T00:05:48.678546+00:00,False,+14.5%,True,$900.4M,False,+-5428.6%,True,4117.6K,False,$4.11 / SMA $4.60,True,4.95%,False,+-2311.2%,False,186.9M,True,NYQ,False,
BV,"BrightView Holdings, Inc.",14.36,2026-06-25T23:13:55.275079+00:00,False,+29.8%,True,$1338.4M,False,+-166.7%,True,572.5K,True,$14.36 / SMA $12.58,True,3.23%,False,+6.1%,True,68.4M,True,NYQ,False,
BVHMF,Vistry Group PLC,3.155,2026-06-25T00:05:39.604273+00:00,False,+5.9%,True,$1002.0M,,,False,20.2K,False,$3.15 / SMA $3.91,False,1.59%,,,False,220.5M,False,PNK,False,
BVHMY,BVHMY,3.45,2026-06-25T23:13:55.736321+00:00,False,+16.0%,True,$1095.7M,,,False,0.3K,False,$3.45 / SMA $4.04,False,0.95%,,,False,220.5M,False,PNK,False,
BVNRY,Bavarian Nordic A/S,8.945,2026-06-25T23:23:49.092692+00:00,False,+3.2%,True,$2043.9M,False,+-92.6%,False,4.6K,False,$8.95 / SMA $9.74,False,1.38%,False,+-21.4%,False,229.3M,False,PNK,False,
BVS,Bioventus Inc.,9.73,2026-06-25T23:15:38.163574+00:00,False,+67.5%,True,$659.2M,True,+200.0%,True,572.3K,True,$9.73 / SMA $9.61,True,4.74%,False,+6.6%,True,33.3M,True,NMS,False,
BVVBY,Bureau Veritas SA,59.36,2026-06-25T23:08:20.249744+00:00,False,+3.5%,True,$13180.5M,,,False,24.9K,False,$59.36 / SMA $59.85,False,1.68%,,,False,162.7M,False,PNK,False,
BWB,"Bridgewater Bancshares, Inc.",20.61,2026-06-25T23:15:48.036387+00:00,False,+38.3%,True,$574.7M,True,+87.1%,False,104.4K,True,$20.61 / SMA $18.90,False,2.56%,True,+44.6%,True,22.2M,True,NCM,False,
BWBBP,"Bridgewater Bancshares, Inc.",20.3001,2026-06-25T23:27:34.652085+00:00,False,+10.6%,,N/A,,N/A,False,1.9K,True,$20.30 / SMA $19.81,False,0.82%,True,+44.6%,True,22.2M,True,NCM,False,
BWMX,"Betterware de México, S.A.P.I. de C.V.",17.64,2026-06-25T00:06:07.594029+00:00,True,+108.8%,True,$657.0M,True,+85.7%,False,82.8K,True,$17.64 / SMA $17.31,True,4.05%,False,+0.3%,True,11.6M,True,NYQ,False,
BX,Blackstone Inc.,112.99,2026-06-24T23:58:47.288833+00:00,False,+11.1%,True,$138103.4M,False,+3.7%,True,5869.5K,False,$112.99 / SMA $120.96,True,3.65%,False,+6.2%,False,746.2M,True,NYQ,False,
BXBLY,Brambles Limited,26.37,2026-06-25T23:19:54.959529+00:00,False,+16.2%,True,$17611.2M,,N/A,False,123.9K,False,$26.37 / SMA $28.37,True,3.78%,,N/A,False,678.2M,False,PNK,False,
BXP,"BXP, Inc.",64.14,2026-06-24T23:59:39.276786+00:00,False,+29.0%,True,$11436.9M,True,+64.1%,True,1727.1K,True,$64.14 / SMA $60.53,False,2.49%,False,+0.8%,True,147.8M,True,NYQ,False,
BYDIF,BYD Electronic (International) Company Limited,2.83,2026-06-24T23:59:44.803702+00:00,False,+16.9%,True,$6356.5M,,,False,19.6K,False,$2.83 / SMA $3.49,True,9.45%,,,False,650.6M,False,PNK,False,
BYITY,Bytes Technology Group plc,9.88,2026-06-25T00:05:39.127818+00:00,False,+8.0%,True,$1155.0M,,,False,0.0K,True,$9.88 / SMA $9.63,False,0.02%,,,False,216.7M,False,PNK,False,
BYND,"Beyond Meat, Inc.",0.6843,2026-06-25T23:29:16.323319+00:00,False,+36.9%,True,$352.6M,True,+91.3%,True,57547.3K,False,$0.68 / SMA $0.81,True,6.81%,False,+-15.3%,False,499.4M,True,NMS,False,
BYNEF,Banyan Tree Holdings Limited,0.4462,2026-06-25T00:08:04.819020+00:00,False,+34.9%,True,$387.1M,,,False,0.8K,True,$0.45 / SMA $0.42,False,0.00%,,,False,213.6M,False,PNK,False,
BYSTF,BYSTF,262.1,2026-06-25T00:07:51.132695+00:00,False,+54.6%,True,$541.1M,,,False,0.0K,False,$262.10 / SMA $282.36,False,0.11%,,,True,0.6M,False,PNK,False,
BZ,Kanzhun Limited,13.14,2026-06-24T23:59:48.971373+00:00,False,+2.3%,True,$5894.5M,True,+110.3%,True,3975.7K,False,$13.14 / SMA $13.83,True,4.08%,False,+7.6%,False,367.5M,True,NMS,False,
BZH,"Beazer Homes USA, Inc.",27.51,2026-06-25T23:27:18.490721+00:00,False,+54.3%,True,$752.0M,False,+-107.1%,True,603.0K,True,$27.51 / SMA $23.83,True,3.97%,False,+-27.5%,True,24.3M,True,NYQ,False,
BZLYF,Beazley plc,16.9614,2026-06-25T23:08:26.789292+00:00,True,+70.2%,True,$10024.9M,,,False,1.5K,False,$16.96 / SMA $17.12,False,0.00%,,,False,542.7M,False,PNK,False,
BZQIY,Bezeq The Israel Telecommunication Corp. Ltd,12.4,2026-06-24T23:59:44.798570+00:00,False,+68.7%,True,$6842.5M,True,+700.0%,False,0.2K,False,$12.40 / SMA $13.50,False,0.18%,False,+-3.0%,False,555.0M,False,PNK,False,
BZZUY,Buzzi S.p.A.,26.8,2026-06-25T23:08:28.311056+00:00,False,+14.5%,True,$9496.0M,,,False,1.2K,False,$26.80 / SMA $27.05,False,0.92%,,,True,109.5M,False,PNK,False,
C,Citigroup Inc.,143.59,2026-06-24T23:58:45.629015+00:00,True,+77.1%,True,$244903.8M,True,+56.1%,True,12268.7K,True,$143.59 / SMA $130.58,False,2.59%,False,+14.2%,False,1700.0M,True,NYQ,False,
CABA,"Cabaletta Bio, Inc.",2.92,2026-06-25T23:27:30.077913+00:00,True,+131.7%,True,$476.1M,True,+45.1%,True,3805.8K,False,$2.92 / SMA $3.34,True,7.78%,,N/A,True,142.9M,True,NMS,False,
CABGY,Carlsberg A/S,26.85,2026-06-25T23:19:52.830375+00:00,False,+16.2%,True,$17744.1M,,N/A,False,65.2K,True,$26.85 / SMA $26.30,False,1.72%,,N/A,False,461.8M,False,PNK,False,
CABJF,Carlsberg A/S,127.131,2026-06-25T23:19:53.439649+00:00,False,+12.3%,True,$16803.2M,,N/A,False,0.0K,False,$127.13 / SMA $131.76,False,0.44%,,N/A,True,92.4M,False,PNK,False,
CAC,Camden National Corporation,53.13,2026-06-25T23:15:36.656400+00:00,False,+51.8%,True,$898.7M,True,+200.0%,False,100.4K,True,$53.13 / SMA $49.94,True,3.38%,False,+7.5%,True,16.5M,True,NMS,False,
CACC,Credit Acceptance Corporation,623.7,2026-06-25T23:21:52.210298+00:00,False,+55.2%,True,$6523.9M,True,+43.2%,False,164.4K,True,$623.70 / SMA $543.63,True,3.57%,False,+2.2%,True,5.9M,True,NMS,False,
CACI,CACI International Inc,462.04,2026-06-24T23:59:35.543490+00:00,False,+6.3%,True,$10207.1M,False,+17.6%,False,294.9K,False,$462.04 / SMA $506.89,True,4.04%,False,+8.5%,True,21.8M,True,NYQ,False,
CADL,"Candel Therapeutics, Inc.",9.27,2026-06-25T00:07:43.404080+00:00,True,+113.1%,True,$679.2M,False,+-207.7%,True,1968.4K,True,$9.27 / SMA $7.78,True,6.86%,,,True,56.8M,True,NGM,False,
CAE,CAE Inc.,24.64,2026-06-25T23:20:12.005932+00:00,False,+8.3%,True,$7923.7M,,N/A,True,916.9K,False,$24.64 / SMA $25.70,True,3.01%,False,+4.0%,False,290.2M,True,NYQ,False,
CAF,"Morgan Stanley China A Share Fund, Inc.",20.21,2026-06-25T00:08:23.535221+00:00,False,+48.5%,True,$339.9M,,,False,54.8K,True,$20.21 / SMA $19.29,False,1.61%,,,,,True,NYQ,False,
CAH,"Cardinal Health, Inc.",234.75,2026-06-25T23:08:02.311188+00:00,True,+70.4%,True,$54979.8M,False,+-19.5%,True,2135.1K,True,$234.75 / SMA $204.91,False,2.42%,False,+11.0%,False,233.7M,True,NYQ,False,
CAI,"Caris Life Sciences, Inc.",18.15,2026-06-25T00:01:34.584653+00:00,False,+27.9%,True,$5130.7M,True,+100.0%,True,2514.9K,True,$18.15 / SMA $17.69,True,6.14%,True,+78.8%,True,103.4M,True,NMS,False,
CAJPY,Canon Inc.,25.94,2026-06-25T23:19:47.725358+00:00,False,+3.5%,True,$22159.7M,False,+-23.2%,False,103.5K,False,$25.94 / SMA $26.69,False,0.92%,,N/A,False,839.7M,False,PNK,False,
CAKE,The Cheesecake Factory Incorporated,79.05,2026-06-25T23:23:42.582255+00:00,True,+83.5%,True,$3927.6M,True,+52.2%,True,1206.3K,True,$79.05 / SMA $65.04,True,3.64%,False,+5.6%,True,45.7M,True,NMS,False,
CALEF,CALEF,4.86,2026-06-25T00:03:26.941873+00:00,False,+10.5%,,,,,False,0.2K,True,$4.86 / SMA_short $4.72,,,,,False,245.9M,False,PNK,False,
CALY,Callaway Golf Company,18.48,2026-06-25T23:12:01.462382+00:00,True,+135.7%,True,$3321.9M,True,+4600.0%,True,2723.7K,True,$18.48 / SMA $15.75,True,3.82%,False,+9.2%,False,155.9M,True,NYQ,False,
CALZF,PolyNovo Limited,0.6786,2026-06-25T00:07:47.975048+00:00,False,+23.4%,True,$468.8M,,,False,1.6K,False,$0.68 / SMA $0.75,False,0.39%,,,False,616.8M,False,PNK,False,
CAMLF,Central Asia Metals plc,1.68,2026-06-25T23:29:22.007466+00:00,False,+0.0%,False,$286.3M,,N/A,False,0.9K,False,$1.68 / SMA $1.89,False,0.95%,,N/A,False,156.2M,False,PNK,False,
CAPL,CrossAmerica Partners LP,22.36,2026-06-25T23:15:35.735603+00:00,False,+14.0%,True,$853.1M,True,+230.0%,False,45.9K,True,$22.36 / SMA $21.70,False,2.67%,False,+-2.4%,True,18.3M,True,NYQ,False,
CAR,"Avis Budget Group, Inc.",165.2,2026-06-25T23:21:51.225253+00:00,True,+92.2%,True,$5835.7M,True,+44.2%,True,2781.5K,False,$165.20 / SMA $214.19,True,5.25%,False,+21.2%,True,14.6M,True,NMS,False,
CARG,"CarGurus, Inc.",31.2,2026-06-25T00:03:25.912701+00:00,False,+18.2%,True,$2813.8M,False,+-8.1%,True,1306.8K,False,$31.20 / SMA $32.05,True,4.39%,False,+14.8%,True,73.5M,True,NMS,False,
CARL,"Carlsmed, Inc.",11.24,2026-06-25T23:29:24.737123+00:00,False,+32.2%,True,$305.6M,True,+78.2%,False,155.1K,True,$11.24 / SMA $10.62,True,7.09%,True,+58.2%,True,15.6M,True,NMS,False,
CARR,Carrier Global Corporation,74.06,2026-06-24T23:58:56.261157+00:00,False,+47.4%,True,$61512.8M,False,+-40.4%,True,6670.7K,True,$74.06 / SMA $65.63,True,3.27%,False,+2.4%,False,790.4M,True,NYQ,False,
CART,Maplebear Inc.,46.8,2026-06-25T23:20:05.531723+00:00,False,+43.0%,True,$10999.4M,True,+54.1%,True,4051.1K,True,$46.80 / SMA $41.85,True,4.39%,False,+13.6%,False,157.5M,True,NMS,False,
CASBF,CanSino Biologics Inc.,2.86,2026-06-25T23:13:46.896633+00:00,False,+0.0%,True,$706.5M,,,False,0.1K,False,$2.86 / SMA $3.57,False,0.00%,,,False,159.9M,False,PNK,False,
CASH,"Pathward Financial, Inc.",86.82,2026-06-25T23:13:45.445588+00:00,False,+31.8%,True,$1832.8M,False,+7.7%,False,205.4K,True,$86.82 / SMA $85.18,False,2.68%,False,+0.9%,True,20.8M,True,NMS,False,
CASY,"Casey's General Stores, Inc.",784.71,2026-06-25T23:19:45.056519+00:00,False,+60.1%,True,$29038.1M,True,+66.2%,True,641.2K,False,$784.71 / SMA $817.80,True,4.29%,False,+14.5%,True,36.8M,True,NMS,False,
CAT,Caterpillar Inc.,994.45,2026-06-24T23:58:44.399966+00:00,True,+169.1%,True,$458035.7M,True,+30.2%,True,2633.3K,True,$994.45 / SMA $885.45,True,3.23%,False,+22.2%,False,459.2M,True,NYQ,False,
CATX,"Perspective Therapeutics, Inc.",3.0,2026-06-25T00:07:53.991688+00:00,False,+53.1%,True,$342.1M,False,+0.0%,True,1420.1K,False,$3.00 / SMA $3.72,True,6.48%,,,True,74.3M,True,ASE,False,
CAZGF,Catapult Sports Ltd,2.1,2026-06-25T00:06:03.524371+00:00,False,+0.3%,True,$648.8M,,,False,0.6K,False,$2.10 / SMA $2.42,False,0.57%,,,False,260.3M,False,PNK,False,
CB,Chubb Limited,330.82,2026-06-25T23:07:54.488715+00:00,False,+25.3%,True,$128311.9M,True,+78.7%,True,1606.5K,True,$330.82 / SMA $323.93,False,2.00%,False,+10.7%,False,351.9M,True,NYQ,False,
CBAN,"Colony Bankcorp, Inc.",21.28,2026-06-25T00:08:00.306186+00:00,False,+34.7%,True,$450.3M,False,+2.6%,False,268.6K,True,$21.28 / SMA $20.11,False,2.01%,True,+33.0%,True,18.2M,True,NYQ,False,
CBC,"Central Bancompany, Inc.",29.3,2026-06-25T23:21:47.239035+00:00,False,+30.2%,True,$7025.2M,,N/A,True,737.6K,True,$29.30 / SMA $27.41,False,2.98%,,N/A,True,80.4M,True,NMS,False,
CBLL,CBLL,19.73,2026-06-25T23:15:40.018906+00:00,True,+81.8%,True,$748.6M,False,+-44.4%,False,302.0K,True,$19.73 / SMA $19.00,True,4.41%,True,+29.3%,True,25.9M,True,NMS,False,
CBLNF,Mersen S.A.,42.4,2026-06-25T00:05:52.518194+00:00,True,+76.0%,True,$1030.6M,,,False,0.0K,True,$42.40 / SMA $37.20,False,0.00%,,,True,21.2M,False,PNK,False,
CBLUY,China BlueChemical Ltd.,16.95,2026-06-25T23:25:39.443131+00:00,False,+51.5%,True,$1562.8M,,N/A,False,0.0K,True,$16.95 / SMA $15.21,False,0.01%,,N/A,True,32.0M,False,PNK,False,
CBOE,"Cboe Global Markets, Inc.",249.59,2026-06-24T23:59:02.226316+00:00,False,+11.7%,True,$26120.5M,True,+54.4%,True,1258.6K,False,$249.59 / SMA $312.80,True,5.19%,False,+6.5%,True,104.2M,False,BTS,False,
CBYDF,Corby Spirit and Wine Limited,11.29,2026-06-25T23:17:42.382863+00:00,False,+17.8%,True,$321.4M,True,+100.0%,False,0.1K,True,$11.29 / SMA $10.78,False,0.03%,False,+21.3%,True,15.8M,False,PNK,False,
CBZ,"CBIZ, Inc.",31.22,2026-06-25T00:03:42.741504+00:00,False,+28.5%,True,$1674.9M,True,+37.7%,True,859.5K,False,$31.22 / SMA $31.61,True,4.88%,False,+1.3%,True,46.7M,True,NYQ,False,
CC,The Chemours Company,21.36,2026-06-25T23:23:41.006598+00:00,True,+104.6%,True,$3212.1M,False,+-533.3%,True,2689.6K,False,$21.36 / SMA $23.14,True,5.41%,False,+1.0%,True,149.9M,True,NYQ,False,
CCAP,"Crescent Capital BDC, Inc.",10.96,2026-06-25T23:17:27.683608+00:00,False,+0.4%,True,$403.8M,False,+-481.8%,False,230.4K,False,$10.96 / SMA $12.20,False,2.44%,False,+-295.2%,,,True,NGM,False,
CCARF,Colonial Coal International Corp.,1.7,2026-06-25T23:29:24.262599+00:00,True,+88.9%,True,$314.8M,,N/A,False,8.2K,False,$1.70 / SMA $1.83,True,5.15%,,N/A,True,110.8M,False,PNK,False,
CCBG,"Capital City Bank Group, Inc.",48.57,2026-06-25T23:15:37.724420+00:00,False,+28.3%,True,$830.6M,False,+-7.1%,False,89.4K,True,$48.57 / SMA $46.09,False,2.62%,False,+2.3%,True,13.6M,True,NMS,False,
CCCC,"C4 Therapeutics, Inc.",4.4,2026-06-25T23:29:16.232885+00:00,True,+215.4%,True,$486.5M,True,+45.9%,True,2811.0K,True,$4.40 / SMA $3.48,True,9.93%,False,+-15.0%,True,83.7M,True,NMS,False,
CCDBF,CCL Industries Inc.,62.89,2026-06-24T23:59:35.529002+00:00,False,+24.2%,True,$10808.0M,False,+0.0%,False,7.1K,True,$62.89 / SMA $62.07,False,2.21%,False,+2.8%,True,145.2M,False,PNK,False,
CCEC,Capital Clean Energy Carriers Corp.,20.59,2026-06-25T23:13:51.976609+00:00,False,+22.8%,True,$1237.7M,False,+-72.6%,False,12.3K,False,$20.59 / SMA $21.08,True,4.21%,False,+-3.9%,True,9.3M,True,NMS,False,
CCEP,Coca-Cola Europacific Partners PLC,99.6,2026-06-25T23:08:03.310622+00:00,False,+17.6%,True,$44100.6M,,,True,1867.1K,True,$99.60 / SMA $94.53,False,1.91%,,,False,199.6M,True,NMS,False,
CCHBF,Coca-Cola HBC AG,60.78,2026-06-25T23:19:51.699338+00:00,False,+32.4%,True,$22152.2M,,N/A,False,0.7K,True,$60.78 / SMA $57.13,False,0.34%,,N/A,False,191.8M,False,PNK,False,
CCHGY,Coca-Cola HBC AG,63.23,2026-06-25T23:19:51.180193+00:00,False,+42.5%,True,$23045.1M,,N/A,False,7.9K,True,$63.23 / SMA $57.83,False,1.01%,,N/A,False,191.8M,False,PNK,False,
CCI,Crown Castle Inc.,82.14,2026-06-24T23:59:01.080422+00:00,False,+8.1%,True,$35850.2M,True,+131.8%,True,3651.6K,False,$82.14 / SMA $88.05,False,2.82%,False,+-4.8%,False,435.5M,True,NYQ,False,
CCII,Cohen Circle Acquisition Corp. II,10.34,2026-06-25T23:17:34.427111+00:00,False,+2.7%,True,$358.7M,True,+28033.0%,False,51.7K,True,$10.34 / SMA $10.27,False,0.33%,,,True,21.8M,True,NGM,False,
CCIIU,Cohen Circle Acquisition Corp. II,10.45,2026-06-25T23:29:21.147387+00:00,False,+3.2%,,N/A,,N/A,False,4.3K,True,$10.45 / SMA $10.43,False,1.94%,,N/A,True,21.8M,True,NGM,False,
CCIX,Churchill Capital Corp IX,10.88,2026-06-25T00:08:03.510945+00:00,False,+4.1%,True,$398.9M,False,+-42.9%,False,145.5K,True,$10.88 / SMA $10.79,False,0.40%,,,True,23.4M,True,NGM,False,
CCJ,Cameco Corporation,103.58,2026-06-25T23:19:40.300451+00:00,False,+50.2%,True,$45112.5M,True,+87.5%,True,3152.5K,False,$103.58 / SMA $112.34,True,5.22%,False,+7.1%,False,434.5M,True,NYQ,False,
CCKRF,CCKRF,15.65,2026-06-25T00:01:39.962421+00:00,False,+0.0%,True,$3659.8M,,,False,0.0K,False,$15.65 / SMA $16.53,False,0.00%,,,False,233.7M,False,PNK,False,
CCL,Carnival Corporation Ltd.,28.46,2026-06-25T23:19:42.740140+00:00,False,+21.4%,True,$43206.2M,False,+-7.1%,True,28158.9K,True,$28.46 / SMA $27.19,True,4.24%,,N/A,False,1367.1M,True,NYQ,False,
CCNEP,CNB Financial Corporation,24.94,2026-06-25T00:05:53.911462+00:00,False,+5.8%,,,,,False,1.4K,True,$24.94 / SMA $24.68,False,0.34%,True,+46.7%,True,28.5M,True,NMS,False,
CCPPF,Shaftesbury Capital PLC,1.82,2026-06-25T23:11:43.682571+00:00,False,+4.1%,True,$3317.9M,,,False,0.0K,True,$1.82 / SMA $1.79,False,0.00%,,,False,1336.2M,False,PNK,False,
CCRDF,"Yokohama Financial Group, Inc.",10.35,2026-06-25T23:08:22.775326+00:00,False,+66.8%,True,$11503.8M,,,False,0.0K,True,$10.35 / SMA $10.14,False,0.00%,,,False,1111.1M,False,PNK,False,
CCRN,"Cross Country Healthcare, Inc.",13.19,2026-06-25T23:27:40.358929+00:00,True,+77.5%,True,$426.1M,False,+-600.0%,True,661.2K,True,$13.19 / SMA $12.18,False,0.28%,False,+-17.8%,True,29.7M,True,NMS,False,
CCS,"Century Communities, Inc.",69.21,2026-06-25T00:03:50.821748+00:00,False,+46.4%,True,$1991.1M,False,+-33.3%,False,314.9K,True,$69.21 / SMA $56.48,True,3.98%,False,+-12.6%,True,24.8M,True,NYQ,False,
CCSI,"Consensus Cloud Solutions, Inc.",35.03,2026-06-25T23:15:48.162571+00:00,True,+80.4%,True,$644.5M,False,+21.5%,False,145.1K,True,$35.03 / SMA $30.47,True,5.21%,False,+1.5%,True,15.6M,True,NMS,False,
CCU,Compañía Cervecerías Unidas S.A.,11.23,2026-06-25T23:12:07.188580+00:00,False,+4.9%,True,$2079.1M,False,+-6.8%,False,152.4K,False,$11.23 / SMA $11.54,True,3.47%,False,+0.2%,True,60.2M,True,NYQ,False,
CCXI,Churchill Capital Corp XI,12.44,2026-06-25T23:15:45.914497+00:00,False,+23.5%,True,$692.9M,,,False,241.1K,True,$12.44 / SMA $10.33,False,1.63%,,,True,41.4M,True,NGM,False,
CCXIU,Churchill Capital Corp XI,12.5,2026-06-25T00:07:44.603848+00:00,False,+23.2%,,,,,False,6.3K,True,$12.50 / SMA $10.34,False,1.24%,,,True,41.4M,True,NGM,False,
CDNTF,"Canadian Tire Corporation, Limited",187.025,2026-06-25T23:08:31.607169+00:00,False,+24.6%,True,$9839.9M,,,False,0.0K,True,$187.03 / SMA $175.28,False,0.00%,False,+-20.8%,True,48.6M,False,PNK,False,
CDP,COPT Defense Properties,35.18,2026-06-25T23:08:33.873078+00:00,False,+30.7%,True,$4063.0M,False,+10.0%,True,951.4K,True,$35.18 / SMA $32.44,False,2.29%,False,+6.8%,True,112.1M,True,NYQ,False,
CDRO,"Codere Online Luxembourg, S.A.",9.32,2026-06-25T23:27:40.217085+00:00,True,+79.9%,True,$423.8M,,N/A,False,31.6K,False,$9.32 / SMA $9.33,True,4.14%,,N/A,True,14.8M,True,NCM,False,
CDUAF,Canadian Utilities Limited,36.69,2026-06-24T23:59:38.556432+00:00,False,+38.8%,True,$9991.3M,False,+-6.3%,False,11.4K,True,$36.69 / SMA $35.81,False,1.07%,False,+-0.1%,True,129.0M,False,OQX,False,
CDW,CDW Corporation,128.02,2026-06-25T23:08:20.061232+00:00,False,+31.8%,True,$16355.0M,False,+7.7%,True,2016.9K,True,$128.02 / SMA $124.43,True,4.40%,False,+9.2%,True,127.3M,True,NMS,False,
CDZI,Cadiz Inc.,3.65,2026-06-25T23:29:21.131813+00:00,False,+26.3%,True,$306.9M,False,+14.3%,True,809.6K,False,$3.65 / SMA $4.40,True,6.62%,False,+-44.8%,True,56.4M,True,NGM,False,
CDZIP,Cadiz Inc.,23.0,2026-06-25T23:17:34.244799+00:00,False,+36.1%,,,,,False,6.6K,True,$23.00 / SMA $21.14,False,2.91%,False,+-44.8%,True,56.4M,True,NGM,False,
CEBCF,China Everbright Bank Company Limited,0.4138,2026-06-24T23:59:08.344720+00:00,False,+9.8%,True,$24449.6M,,,False,2.7K,False,$0.41 / SMA $0.42,False,0.00%,False,+-3.6%,False,28546.6M,False,PNK,False,
CECO,CECO Environmental Corp.,95.09,2026-06-25T23:23:43.850410+00:00,True,+239.5%,True,$5553.5M,False,+-101.0%,True,809.7K,True,$95.09 / SMA $81.25,True,6.62%,False,+16.5%,True,31.6M,True,NMS,False,
CEIEF,Coelacanth Energy Inc.,0.5704,2026-06-25T23:17:29.583054+00:00,False,+11.2%,True,$361.4M,True,+200.0%,False,31.8K,False,$0.57 / SMA $0.61,False,0.99%,True,+731.3%,False,331.1M,False,PNK,False,
CELH,"Celsius Holdings, Inc.",28.22,2026-06-25T23:08:32.592456+00:00,False,+2.7%,True,$7214.2M,True,+120.0%,True,8944.0K,False,$28.22 / SMA $31.02,True,5.49%,True,+137.7%,False,195.9M,True,NCM,False,
CELJF,Cellcom Israel Ltd.,10.56,2026-06-25T00:03:34.390534+00:00,True,+252.0%,True,$1780.2M,False,+20.0%,False,0.4K,False,$10.56 / SMA $11.67,False,2.98%,False,+-8.9%,True,112.0M,False,PNK,False,
CENX,Century Aluminum Company,44.5,2026-06-25T00:01:21.479818+00:00,True,+163.3%,True,$4404.3M,True,+1013.8%,True,1928.3K,False,$44.50 / SMA $60.43,True,6.17%,False,+2.4%,True,68.6M,True,NMS,False,
CEPF,"Cantor Equity Partners IV, Inc.",10.37,2026-06-25T23:15:45.395150+00:00,False,+2.8%,True,$592.6M,True,+13233.2%,False,64.4K,True,$10.37 / SMA $10.30,False,0.30%,,,True,41.9M,True,NGM,False,
CEPV,"Cantor Equity Partners V, Inc.",10.35,2026-06-25T23:29:25.145715+00:00,False,+2.9%,True,$329.0M,True,+437600.0%,False,38.5K,True,$10.35 / SMA $10.26,False,0.18%,,N/A,True,25.0M,True,NGM,False,
CERS,Cerus Corporation,2.86,2026-06-25T23:15:46.793780+00:00,True,+148.7%,True,$573.1M,True,+75.0%,True,2285.2K,True,$2.86 / SMA $2.49,True,6.58%,False,+24.1%,False,181.9M,True,NGM,False,
CESDF,CES Energy Solutions Corp.,11.38,2026-06-25T23:23:44.493605+00:00,True,+138.6%,True,$2399.6M,True,+26.3%,False,61.9K,False,$11.38 / SMA $12.88,False,2.05%,False,+7.8%,False,163.3M,False,OID,False,
CET,Central Securities Corporation,51.83,2026-06-25T00:03:49.894035+00:00,False,+10.0%,True,$1531.5M,,,False,36.8K,False,$51.83 / SMA $52.62,False,2.03%,,,True,17.3M,True,ASE,False,
CEVA,"CEVA, Inc.",43.895,2026-06-25T23:13:56.625382+00:00,True,+157.9%,True,$1222.9M,False,+-14.3%,True,804.4K,True,$43.90 / SMA $37.57,True,8.61%,False,+11.5%,True,24.7M,True,NMS,False,
CEVMY,CTS Eventim AG & Co. KGaA,15.6,2026-06-25T23:10:11.151387+00:00,False,+21.2%,True,$5989.9M,True,+37.5%,False,1.1K,False,$15.60 / SMA $15.82,False,1.62%,False,+23.0%,False,234.6M,False,PNK,False,
CFEIY,China Feihe Limited,4.39,2026-06-25T23:23:37.485289+00:00,False,+0.0%,True,$3866.6M,,N/A,False,0.0K,True,$4.39 / SMA $4.37,False,0.00%,,N/A,False,380.6M,False,PNK,False,
CFG,"Citizens Financial Group, Inc.",70.66,2026-06-25T23:19:47.180533+00:00,False,+63.1%,True,$29880.8M,True,+46.8%,True,4454.4K,True,$70.66 / SMA $64.30,False,2.20%,False,+12.0%,False,418.7M,True,NYQ,False,
CFPZF,Canfor Corporation,9.39,2026-06-25T00:05:42.231105+00:00,False,+19.9%,True,$1103.3M,False,+-17.0%,False,23.3K,False,$9.39 / SMA $9.40,False,2.66%,False,+5.7%,True,53.5M,False,PNK,False,
CFR,"Cullen/Frost Bankers, Inc.",153.5,2026-06-25T23:20:07.942889+00:00,False,+29.0%,True,$9639.3M,False,+15.2%,True,557.3K,True,$153.50 / SMA $140.66,False,2.07%,False,+6.4%,True,61.9M,True,NYQ,False,
CFRHF,Compagnie Financière Richemont SA,229.86,2026-06-25T23:19:32.139647+00:00,False,+46.3%,True,$135144.0M,,N/A,False,1.3K,True,$229.86 / SMA $203.54,True,5.31%,,N/A,False,534.6M,False,PNK,False,
CGASY,China Resources Gas Group Limited,21.81,2026-06-25T00:01:28.104771+00:00,False,+7.7%,True,$4929.6M,,,False,0.0K,False,$21.81 / SMA $22.94,False,0.00%,,,True,87.8M,False,PNK,False,
CGC,Canopy Growth Corporation,0.9131,2026-06-25T23:15:50.482131+00:00,False,+8.2%,True,$409.4M,,,True,9672.3K,False,$0.91 / SMA $1.07,True,5.08%,False,+9.6%,False,421.7M,True,NMS,False,
CGCT,Cartesian Growth Corporation III,11.9,2026-06-25T23:17:36.716625+00:00,False,+28.5%,True,$492.7M,True,+7431.4%,False,235.3K,True,$11.90 / SMA_short $11.90,,,,,True,21.4M,True,NGM,False,
CGCTU,Cartesian Growth Corporation III,12.01,2026-06-25T00:08:22.637682+00:00,False,+30.4%,,,,,False,2.2K,True,$12.01 / SMA_short $11.51,True,10.77%,,,True,21.4M,True,NGM,False,
CGEAF,Cogeco Communications Inc.,45.04,2026-06-25T23:12:08.431594+00:00,False,+14.8%,True,$1892.3M,False,+-20.6%,False,5.2K,False,$45.04 / SMA $45.90,False,0.06%,False,+-6.1%,True,29.8M,False,PNK,False,
CGNMF,CGN Mining Company Limited,0.365,2026-06-25T00:03:18.643458+00:00,False,+46.0%,True,$2774.2M,,,False,26.4K,False,$0.36 / SMA $0.44,False,0.30%,,,False,3321.9M,False,PNK,False,
CHBJF,China CITIC Bank Corporation Limited,0.9894,2026-06-25T23:19:37.425628+00:00,False,+17.7%,True,$55055.3M,,N/A,False,0.3K,True,$0.99 / SMA $0.88,False,0.00%,False,+6.3%,False,13138.9M,False,PNK,False,
CHGCF,"Chugai Pharmaceutical Co., Ltd.",44.23,2026-06-24T23:58:51.341184+00:00,False,+13.3%,True,$72792.1M,,,False,8.5K,False,$44.23 / SMA $50.05,True,4.13%,,,False,639.8M,False,PNK,False,
CHH,"Choice Hotels International, Inc.",112.04,2026-06-25T00:01:29.714868+00:00,False,+33.3%,True,$5097.3M,False,+-53.2%,True,651.7K,True,$112.04 / SMA $110.97,True,3.93%,False,+2.3%,True,35.2M,True,NYQ,False,
CHKGF,CK Asset Holdings Limited,5.895,2026-06-25T23:08:13.543078+00:00,False,+40.7%,True,$20631.2M,,,False,0.1K,False,$5.89 / SMA $6.04,False,0.00%,,,False,1893.9M,False,PNK,False,
CHKP,Check Point Software Technologies Ltd.,122.84,2026-06-25T23:19:58.080622+00:00,False,+9.5%,True,$12778.8M,False,+5.8%,True,1550.7K,False,$122.84 / SMA $127.66,True,3.67%,False,+4.8%,True,79.5M,True,NMS,False,
CHLSY,Chocoladefabriken Lindt & Sprüngli AG,11.858,2026-06-24T23:59:09.761226+00:00,False,+7.9%,True,$27357.6M,,,False,68.3K,False,$11.86 / SMA $11.94,True,5.06%,,,False,225.0M,False,PNK,False,
CHMG,Chemung Financial Corporation,74.4,2026-06-25T00:08:24.186786+00:00,False,+59.8%,True,$358.6M,True,+51.6%,False,31.5K,True,$74.40 / SMA $67.74,True,3.06%,False,+16.3%,True,3.5M,True,NMS,False,
CHNFF,CHNFF,0.4707,2026-06-25T23:25:42.352118+00:00,False,+10.8%,,N/A,,N/A,False,0.1K,True,$0.47 / SMA $0.31,False,0.00%,,N/A,False,724.5M,False,PNK,False,
CHOLF,China Oilfield Services Limited,0.88,2026-06-25T23:20:10.010517+00:00,False,+14.3%,True,$4199.0M,,N/A,False,0.1K,False,$0.88 / SMA $1.12,False,0.54%,False,+-22.8%,False,2344.7M,False,PNK,False,
CHRD,Chord Energy Corporation,119.93,2026-06-24T23:59:43.257893+00:00,False,+42.4%,True,$6752.0M,False,+-48.1%,True,840.9K,False,$119.93 / SMA $136.14,True,3.19%,True,+37.1%,True,52.9M,True,NMS,False,
CHRHF,Chervon Holdings Limited,1.925,2026-06-25T23:25:46.975344+00:00,False,+10.0%,True,$981.0M,,N/A,False,0.1K,True,$1.93 / SMA $1.87,False,0.00%,,N/A,True,126.1M,False,PNK,False,
CHRRF,Chorus Aviation Inc.,17.6,2026-06-25T00:08:01.677218+00:00,False,+23.1%,True,$404.5M,False,+-58.6%,False,0.5K,True,$17.60 / SMA $17.27,False,0.10%,False,+-6.5%,True,17.3M,False,PNK,False,
CHRW,"C.H. Robinson Worldwide, Inc.",180.34,2026-06-25T23:19:51.525732+00:00,True,+94.4%,True,$21257.2M,False,+9.9%,True,1760.0K,True,$180.34 / SMA $178.55,True,3.10%,False,+-0.8%,True,117.4M,True,NMS,False,
CHRYY,Chorus Limited,28.2,2026-06-25T00:03:25.264632+00:00,False,+20.0%,True,$2447.1M,,,False,0.2K,False,$28.20 / SMA $28.54,False,0.25%,,,True,100.0M,False,PNK,False,
CHSCL,CHS Inc.,25.33,2026-06-25T00:08:22.650927+00:00,False,+0.7%,,,,,False,21.0K,True,$25.33 / SMA $25.27,False,0.70%,,,,,True,NMS,False,
CHSCM,CHS Inc.,24.38,2026-06-25T23:29:23.286631+00:00,False,+2.8%,,N/A,,N/A,False,23.5K,False,$24.38 / SMA $24.59,False,0.65%,,N/A,,N/A,True,NMS,False,
CHSCO,CHS Inc.,25.62,2026-06-25T23:17:36.623793+00:00,False,+0.4%,,,,,False,20.8K,False,$25.62 / SMA $25.77,False,0.77%,,,,,True,NMS,False,
CHVKF,"China Vanke Co., Ltd.",0.3446,2026-06-25T23:10:08.909652+00:00,False,+0.0%,True,$5679.5M,False,+5.7%,False,0.9K,False,$0.34 / SMA $0.38,False,0.00%,False,+-23.9%,False,8678.3M,False,PNK,False,
CHXMF,Troilus Mining Corp.,1.161,2026-06-25T23:15:39.556527+00:00,True,+174.5%,True,$643.5M,False,+-100.0%,False,154.1K,False,$1.16 / SMA $1.34,True,5.69%,,,True,35.3M,False,OQX,False,
CHYM,"Chime Financial, Inc.",18.27,2026-06-25T23:21:47.360143+00:00,False,+15.1%,True,$6961.2M,,N/A,True,4538.3K,False,$18.27 / SMA $19.24,True,5.90%,False,+24.8%,False,218.9M,True,NMS,False,
CIADY,China Mengniu Dairy Company Limited,20.47,2026-06-24T23:59:42.758996+00:00,False,+14.9%,True,$7914.4M,,,False,5.4K,False,$20.47 / SMA $20.81,False,0.58%,,,False,292.5M,False,PNK,False,
CIEN,Ciena Corporation,484.69,2026-06-25T23:19:34.877190+00:00,True,+530.4%,True,$68609.3M,True,+2383.3%,True,2815.6K,False,$484.69 / SMA $519.95,True,7.38%,True,+39.5%,True,140.9M,True,NYQ,False,
CIG,Companhia Energética de Minas Gerais - CEMIG,2.1,2026-06-25T23:08:33.554224+00:00,False,+17.3%,True,$6007.4M,False,+-5.8%,True,6600.8K,False,$2.10 / SMA $2.27,False,2.47%,False,+6.6%,False,2373.1M,True,NYQ,False,
CIG.C,CIG.C,,2026-06-25T23:20:12.226913+00:00,False,N/A,False,N/A,False,N/A,False,N/A,False,N/A,False,N/A,False,N/A,False,N/A,False,Unknown,False,No price data available
CIGI,Colliers International Group Inc.,88.81,2026-06-25T23:10:18.086275+00:00,False,+0.4%,True,$4538.5M,False,+-487.5%,False,259.7K,False,$88.81 / SMA $99.72,True,3.27%,False,+15.1%,True,43.6M,True,NMS,False,
CIHHF,"China Merchants Bank Co., Ltd.",5.7,2026-06-25T23:07:54.034596+00:00,False,+0.9%,True,$143753.1M,,,False,1.9K,False,$5.70 / SMA $6.17,False,0.11%,False,+5.8%,False,15365.9M,False,PNK,False,
CIHKY,"China Merchants Bank Co., Ltd.",29.14,2026-06-25T23:19:31.278579+00:00,False,+2.4%,True,$146981.3M,,N/A,False,38.1K,False,$29.14 / SMA $30.67,False,1.28%,False,+5.8%,False,3073.2M,False,PNK,False,
CIM,Chimera Investment Corporation,13.47,2026-06-25T23:25:47.990006+00:00,False,+15.4%,True,$1126.7M,False,+-144.1%,True,683.5K,True,$13.47 / SMA $13.42,False,1.80%,False,+-77.5%,True,81.3M,True,NYQ,False,
CIMN,CIMN,25.301,2026-06-25T23:13:56.209178+00:00,False,+3.8%,,,,,False,5.8K,True,$25.30 / SMA $25.17,False,0.43%,,,,,True,NYQ,False,
CINF,Cincinnati Financial Corporation,178.45,2026-06-24T23:59:11.613382+00:00,False,+24.5%,True,$27603.8M,True,+407.0%,True,725.8K,True,$178.45 / SMA $164.33,False,1.94%,False,+11.6%,False,151.8M,True,NMS,False,
CION,CION Investment Corporation,6.02,2026-06-25T00:08:26.181294+00:00,False,+0.0%,False,$299.7M,True,+43.8%,True,581.6K,False,$6.02 / SMA $6.92,True,3.18%,True,+50.5%,,,True,NYQ,False,
CITAF,"COSCO SHIPPING Development Co., Ltd.",0.12,2026-06-25T23:10:22.371240+00:00,False,+0.6%,True,$1583.7M,,,False,0.9K,False,$0.12 / SMA $0.14,False,0.00%,False,+-22.8%,False,6903.6M,False,PNK,False,
CIVB,"Civista Bancshares, Inc.",27.91,2026-06-25T23:15:47.847838+00:00,False,+47.3%,True,$580.1M,False,+9.1%,False,89.8K,True,$27.91 / SMA $25.46,False,2.32%,False,+16.2%,True,20.3M,True,NCM,False,
CIXPF,"CaixaBank, S.A.",13.0375,2026-06-24T23:58:50.350041+00:00,False,+55.2%,True,$90754.7M,False,+4.3%,False,1.0K,True,$13.04 / SMA $12.89,False,0.00%,False,+1.6%,False,3502.6M,False,PNK,False,
CJEWF,Chow Tai Fook Jewellery Group Limited,1.46,2026-06-25T23:19:57.827438+00:00,False,+4.1%,True,$14402.8M,,N/A,False,0.7K,True,$1.46 / SMA $1.44,False,0.39%,,N/A,False,2095.4M,False,PNK,False,
CJPRY,Central Japan Railway Company,10.29,2026-06-24T23:59:16.589668+00:00,False,+2.6%,True,$19618.1M,,,False,146.8K,False,$10.29 / SMA $11.45,False,0.99%,,,False,1877.8M,False,PNK,False,
CKHGY,Capitec Bank Holdings Limited,141.24,2026-06-25T23:08:07.273173+00:00,False,+50.3%,True,$32726.3M,,,False,2.5K,True,$141.24 / SMA $133.08,False,1.09%,,,False,174.5M,False,PNK,False,
CKHUY,CK Hutchison Holdings Limited,8.58,2026-06-25T23:19:42.836449+00:00,False,+43.0%,True,$32861.8M,,N/A,False,198.0K,True,$8.58 / SMA $8.57,False,1.39%,,N/A,False,2650.5M,False,PNK,False,
CKNHF,Clarkson PLC,57.132,2026-06-25T23:23:53.788478+00:00,False,+25.3%,True,$1755.1M,,N/A,False,0.1K,False,$57.13 / SMA $63.52,False,0.08%,,N/A,True,23.6M,False,PNK,False,
CLBT,Cellebrite DI Ltd.,12.69,2026-06-25T00:03:17.741893+00:00,False,+15.2%,True,$3165.4M,False,+-42.9%,True,2155.6K,False,$12.69 / SMA $13.19,True,4.99%,False,+19.3%,True,122.2M,True,NMS,False,
CLCGY,Clicks Group Limited,27.97,2026-06-25T00:01:42.819962+00:00,False,+1.2%,True,$3270.4M,,,False,21.1K,False,$27.97 / SMA $31.28,False,2.31%,,,True,116.9M,False,PNK,False,
CLCMF,Sinch AB (publ),3.81,2026-06-25T23:23:40.129723+00:00,False,+62.1%,True,$2667.6M,True,+136.8%,False,3.7K,True,$3.81 / SMA $3.80,False,0.69%,False,+-16.0%,False,537.2M,False,PNK,False,
CLDHF,CapitaLand China Trust,0.49504,2026-06-25T23:15:35.591466+00:00,False,+0.0%,True,$869.9M,,,False,0.0K,False,$0.50 / SMA $0.55,False,0.00%,,,False,1287.1M,False,PNK,False,
CLDX,"Celldex Therapeutics, Inc.",34.09,2026-06-25T23:12:04.316733+00:00,True,+74.6%,True,$2675.8M,False,+-45.7%,True,955.2K,True,$34.09 / SMA $32.07,True,4.01%,False,+-97.8%,True,72.5M,True,NCM,False,
CLEGF,Coles Group Limited,15.545,2026-06-24T23:59:17.071508+00:00,False,+17.8%,True,$21846.4M,,,False,0.0K,False,$15.54 / SMA $15.78,False,0.00%,,,False,1334.1M,False,PNK,False,
CLM,"Cornerstone Strategic Investment Fund, Inc.",7.47,2026-06-25T23:23:52.375916+00:00,False,+7.9%,True,$2225.5M,,N/A,True,1697.8K,True,$7.47 / SMA $7.39,False,1.27%,,N/A,,N/A,True,ASE,False,
CLMT,"Calumet, Inc.",32.74,2026-06-25T00:03:20.420281+00:00,True,+153.0%,True,$2853.2M,False,+-94.7%,True,1063.7K,False,$32.74 / SMA $33.37,True,4.04%,False,+3.6%,True,58.4M,True,NMS,False,
CLNE,Clean Energy Fuels Corp.,1.79,2026-06-25T23:27:38.332136+00:00,False,+7.8%,True,$394.2M,True,+90.0%,True,1381.4K,False,$1.79 / SMA $2.09,True,4.45%,False,+13.3%,False,174.3M,True,NMS,False,
CLNFF,Calian Group Ltd.,56.752,2026-06-25T00:06:04.218627+00:00,False,+69.3%,True,$652.1M,True,+2800.0%,False,1.8K,True,$56.75 / SMA $56.71,False,0.41%,False,+18.1%,True,11.4M,False,PNK,False,
CLPBF,Coloplast A/S,57.0,2026-06-24T23:59:26.252409+00:00,False,+0.3%,True,$13211.2M,False,+-193.1%,False,1.2K,False,$57.00 / SMA $62.14,False,0.25%,False,+0.8%,True,143.6M,False,PNK,False,
CLPBY,Coloplast A/S,5.77,2026-06-25T23:08:20.100654+00:00,False,+2.1%,True,$13003.7M,False,+-193.1%,True,601.7K,False,$5.77 / SMA $6.18,False,1.87%,False,+0.8%,False,1435.5M,False,PNK,False,
CLPHF,CLP Holdings Limited,9.03,2026-06-24T23:59:13.260670+00:00,False,+14.3%,True,$22813.8M,,,False,1.6K,False,$9.03 / SMA $9.68,False,0.00%,,,False,1812.3M,False,PNK,False,
CLPHY,CLP Holdings Limited,9.53,2026-06-25T23:19:48.187583+00:00,False,+19.3%,True,$24077.1M,,N/A,False,94.9K,False,$9.53 / SMA $9.56,False,2.58%,,N/A,False,1812.3M,False,PNK,False,
CLS,Celestica Inc.,361.4,2026-06-25T23:08:03.136966+00:00,True,+150.5%,True,$41551.3M,True,+147.3%,True,2246.4K,False,$361.40 / SMA $385.95,True,7.05%,True,+52.8%,True,113.8M,True,NYQ,False,
CLSK,"CleanSpark, Inc.",16.23,2026-06-25T00:01:37.467820+00:00,True,+102.9%,True,$4164.8M,False,+-210.2%,True,21883.2K,True,$16.23 / SMA $14.73,True,8.75%,False,+-24.9%,False,247.7M,True,NCM,False,
CLX,The Clorox Company,95.38,2026-06-24T23:59:34.615108+00:00,False,+12.6%,True,$11533.5M,False,+2.7%,True,2896.5K,True,$95.38 / SMA $94.46,False,2.93%,False,+0.1%,True,120.5M,True,NYQ,False,
CLYM,"Climb Bio, Inc.",12.66,2026-06-25T23:15:43.106792+00:00,True,+972.9%,True,$724.9M,True,+35.5%,True,934.5K,True,$12.66 / SMA $10.65,True,8.97%,,,True,40.2M,True,NGM,True,
CM,Canadian Imperial Bank of Commerce,113.8,2026-06-24T23:58:51.159763+00:00,False,+63.9%,True,$103876.7M,False,+24.0%,True,1414.8K,True,$113.80 / SMA $110.89,False,2.05%,False,+14.0%,False,913.7M,True,NYQ,False,
CMC,Commercial Metals Company,74.09,2026-06-25T23:08:32.263863+00:00,False,+53.9%,True,$8215.6M,True,+277.3%,True,1071.3K,True,$74.09 / SMA $71.77,True,3.35%,False,+21.5%,True,109.8M,True,NYQ,False,
CMCLF,CMOC Group Limited,2.18,2026-06-25T23:19:38.389194+00:00,True,+215.9%,True,$52492.9M,,N/A,False,17.8K,False,$2.18 / SMA $2.39,True,5.68%,,N/A,False,11085.7M,False,PNK,False,
CMCO,Columbus McKinnon Corporation,14.78,2026-06-25T23:27:39.960047+00:00,False,+23.3%,True,$426.1M,,N/A,False,484.8K,False,$14.78 / SMA $14.88,True,6.40%,True,+77.3%,True,27.7M,True,NMS,False,
CMCSA,Comcast Corporation,22.64,2026-06-24T23:58:50.800297+00:00,False,+2.3%,True,$80875.2M,False,+-32.6%,True,31302.3K,False,$22.64 / SMA $25.63,False,2.72%,False,+5.3%,False,3534.5M,True,NMS,False,
CMDB,Costamare Bulkers Holdings Limited,17.62,2026-06-25T00:07:57.516110+00:00,True,+108.3%,True,$427.1M,True,+55007.5%,False,44.3K,True,$17.62 / SMA $17.38,True,4.68%,,,True,8.3M,True,NYQ,False,
CME,CME Group Inc.,231.68,2026-06-24T23:58:49.590047+00:00,False,+0.2%,True,$83711.3M,False,+21.4%,True,2920.4K,False,$231.68 / SMA $275.80,True,3.31%,False,+14.5%,False,357.3M,True,NMS,False,
CMG,"Chipotle Mexican Grill, Inc.",32.28,2026-06-25T23:19:40.932226+00:00,False,+15.1%,True,$41406.7M,False,+-17.9%,True,17542.7K,False,$32.28 / SMA $32.42,True,3.50%,False,+7.4%,False,1273.1M,True,NYQ,False,
CMGMF,Chemring Group PLC,6.64,2026-06-25T00:03:41.732279+00:00,False,+11.6%,True,$1796.5M,,,False,0.7K,False,$6.64 / SMA $6.91,False,0.18%,,,False,240.3M,False,PNK,False,
CMHHY,China Merchants Port Holdings Company Limited,16.63,2026-06-25T23:20:09.215185+00:00,False,+0.0%,True,$6981.3M,,N/A,False,3.6K,False,$16.63 / SMA $19.17,False,0.00%,,N/A,True,116.9M,False,PNK,False,
CMI,Cummins Inc.,727.59,2026-06-25T23:07:56.876761+00:00,True,+127.8%,True,$100399.5M,False,+-21.0%,True,930.5K,True,$727.59 / SMA $668.76,True,3.39%,False,+2.7%,True,137.4M,True,NYQ,False,
CMII,Columbus Circle Capital Corp II,9.99,2026-06-25T23:17:41.629287+00:00,False,+2.4%,True,$313.0M,,,False,23.8K,True,$9.99 / SMA $9.92,False,0.09%,,,True,13.6M,True,NGM,False,
CMOPF,Cosmo N.V.,81.485,2026-06-25T23:13:46.355188+00:00,False,+26.6%,True,$1395.9M,,,False,0.4K,False,$81.48 / SMA $100.34,False,2.65%,,,True,8.7M,False,PNK,False,
CMP,"Compass Minerals International, Inc.",29.6,2026-06-25T23:13:52.929869+00:00,True,+80.5%,True,$1242.0M,True,+139.0%,True,643.4K,True,$29.60 / SMA $28.85,True,4.50%,False,+-8.4%,True,39.3M,True,NYQ,False,
CMPGY,Compass Group PLC,32.51,2026-06-25T23:19:38.692242+00:00,False,+20.6%,True,$55277.2M,,N/A,False,409.3K,True,$32.51 / SMA $30.76,False,1.74%,,N/A,False,1691.9M,False,OQX,False,
CMPNF,Champion Real Estate Investment Trust,0.31,2026-06-25T23:25:34.572587+00:00,False,+34.8%,True,$1907.4M,,N/A,False,0.0K,False,$0.31 / SMA $0.32,False,0.63%,,N/A,False,2485.4M,False,PNK,False,
CMPR,Cimpress plc,89.7,2026-06-25T23:12:03.865132+00:00,True,+113.2%,True,$2173.6M,True,+266.7%,False,183.7K,False,$89.70 / SMA $90.63,True,3.77%,False,+12.3%,True,13.8M,True,NMS,False,
CMPS,COMPASS Pathways plc,12.58,2026-06-25T00:03:47.703544+00:00,True,+409.1%,True,$1697.7M,False,+-25.0%,True,4128.0K,True,$12.58 / SMA $10.53,True,7.89%,,,True,101.5M,True,NMS,False,
CMPX,"Compass Therapeutics, Inc.",2.07,2026-06-25T23:29:19.078727+00:00,False,+28.6%,True,$372.8M,False,+16.7%,True,7905.9K,False,$2.07 / SMA $2.57,True,6.03%,,N/A,True,122.7M,True,NCM,False,
CMRE,Costamare Inc.,15.07,2026-06-25T00:03:35.313762+00:00,False,+68.4%,True,$1819.5M,False,+-21.5%,False,442.7K,False,$15.07 / SMA $16.41,True,3.15%,False,+-5.3%,True,44.0M,True,NYQ,False,
CMRF,"CIM Real Estate Finance Trust, Inc.",2.15,2026-06-25T00:05:46.890322+00:00,True,+179066.7%,True,$1027.1M,,,False,2.3K,False,$2.15 / SMA $2.28,False,0.34%,,,False,436.1M,False,PNK,False,
CMS,CMS Energy Corporation,76.49,2026-06-24T23:59:14.895858+00:00,False,+11.8%,True,$23629.3M,False,+8.4%,True,3068.3K,True,$76.49 / SMA $73.92,False,1.99%,False,+11.6%,False,306.8M,True,NYQ,False,
CMSQF,Computershare Limited,23.98,2026-06-24T23:59:25.283957+00:00,False,+34.2%,True,$13869.7M,,,False,9.6K,True,$23.98 / SMA $23.59,True,4.39%,,,False,578.1M,False,PNK,False,
CMSQY,Computershare Limited,25.54,2026-06-24T23:59:26.863834+00:00,False,+35.7%,True,$14772.0M,,,False,86.6K,True,$25.54 / SMA $23.33,False,1.46%,,,False,578.1M,False,PNK,False,
CMTG,"Claros Mortgage Trust, Inc.",2.42,2026-06-25T00:08:33.666682+00:00,False,+18.3%,True,$339.3M,True,+30.4%,False,487.6K,False,$2.42 / SMA $2.47,True,6.45%,True,+191.4%,True,128.4M,True,NYQ,False,
CMXHF,CSL Limited,76.85,2026-06-25T23:08:06.138750+00:00,False,+20.4%,True,$36804.4M,,,False,2.4K,False,$76.85 / SMA $79.54,False,2.52%,,,False,481.8M,False,OQX,False,
CNGKY,CK Asset Holdings Limited,11.59,2026-06-25T23:08:11.734356+00:00,False,+35.9%,True,$20281.2M,,,False,4.1K,False,$11.59 / SMA $12.21,True,3.31%,,,False,946.9M,False,PNK,False,
CNH,CNH Industrial N.V.,10.93,2026-06-25T23:08:22.435138+00:00,False,+21.4%,True,$13552.7M,False,+-90.0%,True,14286.1K,True,$10.93 / SMA $10.45,True,4.08%,False,+-0.1%,False,1235.5M,True,NYQ,False,
CNK,"Cinemark Holdings, Inc.",32.37,2026-06-25T23:11:55.899121+00:00,False,+49.9%,True,$3780.4M,True,+81.2%,True,2116.7K,True,$32.37 / SMA $29.40,True,3.79%,False,+18.9%,True,102.9M,True,NYQ,False,
CNL,Collective Mining Ltd.,12.6,2026-06-25T23:25:41.303527+00:00,False,+51.8%,True,$1168.5M,True,+40.9%,False,61.1K,False,$12.60 / SMA $16.60,True,7.04%,,N/A,True,50.0M,True,ASE,False,
CNMD,CONMED Corporation,34.56,2026-06-25T23:13:56.203342+00:00,False,+9.9%,True,$1040.6M,True,+136.8%,False,486.5K,False,$34.56 / SMA $36.03,True,4.67%,False,+-1.3%,True,29.8M,True,NYQ,False,
CNNE,"Cannae Holdings, Inc.",13.99,2026-06-25T00:06:08.585441+00:00,False,+33.7%,True,$614.7M,True,+61.3%,True,525.5K,True,$13.99 / SMA $13.63,True,3.74%,False,+-6.8%,True,31.5M,True,NYQ,False,
CNOB,"ConnectOne Bancorp, Inc.",33.29,2026-06-25T23:25:38.473670+00:00,False,+50.8%,True,$1674.1M,True,+46.9%,False,360.5K,True,$33.29 / SMA $30.15,False,2.29%,True,+64.7%,True,47.5M,True,NMS,False,
CNPPF,China Overseas Property Holdings Limited,0.4304,2026-06-25T23:25:32.721076+00:00,False,+0.0%,True,$1413.4M,,N/A,False,0.2K,True,$0.43 / SMA $0.41,False,0.00%,,N/A,False,1272.9M,False,PNK,False,
CNQ,Canadian Natural Resources Limited,39.6,2026-06-25T23:19:33.256257+00:00,False,+35.2%,True,$82594.1M,,N/A,True,10371.1K,False,$39.60 / SMA $45.10,False,2.54%,,N/A,False,2033.4M,True,NYQ,False,
CNR,"Core Natural Resources, Inc.",82.19,2026-06-25T23:22:00.351556+00:00,False,+27.3%,True,$4143.0M,True,+129.7%,True,805.5K,False,$82.19 / SMA $87.78,True,4.27%,False,+6.6%,True,49.2M,True,NYQ,False,
CNSWF,Constellation Software Inc.,1966.67,2026-06-24T23:58:59.641515+00:00,False,+21.9%,True,$41676.7M,True,+170.2%,False,8.7K,True,$1966.67 / SMA $1937.49,True,5.84%,False,+19.9%,True,20.3M,False,PNK,False,
CNTA,Centessa Pharmaceuticals plc,40.5,2026-06-25T00:01:23.111177+00:00,True,+217.9%,True,$6266.6M,False,+-160.0%,True,2932.4K,True,$40.50 / SMA $39.69,False,0.45%,False,+-100.0%,True,92.5M,True,NMS,False,
CNX,CNX Resources Corporation,33.72,2026-06-25T00:01:30.566642+00:00,False,+21.6%,True,$4770.6M,True,+262.7%,True,1891.4K,False,$33.72 / SMA $35.77,False,2.70%,True,+28.2%,True,137.5M,True,NYQ,False,
CNXC,Concentrix Corporation,22.52,2026-06-25T23:25:35.502467+00:00,False,+2.1%,True,$1373.8M,False,+-68.3%,True,1608.0K,False,$22.52 / SMA $25.88,True,6.10%,False,+5.4%,True,45.5M,True,NMS,False,
COCO,"The Vita Coco Company, Inc.",82.55,2026-06-25T23:10:21.381655+00:00,True,+159.7%,True,$4714.6M,True,+61.3%,True,1247.0K,True,$82.55 / SMA $70.58,True,3.90%,True,+37.3%,True,49.4M,True,NMS,True,
COCSF,"Coca-Cola FEMSA, S.A.B. de C.V.",10.4125,2026-06-25T23:21:52.698100+00:00,False,+37.5%,True,$21874.9M,False,+-89.4%,False,1.7K,False,$10.41 / SMA $10.62,False,2.19%,False,+1.1%,False,3282.0M,False,PNK,False,
CODI,Compass Diversified,9.85,2026-06-25T23:25:56.778051+00:00,True,+115.1%,True,$741.1M,False,+-5.1%,True,1087.7K,False,$9.85 / SMA $11.19,True,4.37%,False,+-5.9%,True,63.1M,True,NYQ,False,
COF,Capital One Financial Corporation,204.9,2026-06-25T23:19:32.920663+00:00,False,+17.6%,True,$126222.4M,False,+-3.2%,True,4695.4K,True,$204.90 / SMA $190.48,False,2.96%,True,+52.3%,False,609.4M,True,NYQ,False,
COGNY,Cogna Educação S.A.,0.41,2026-06-25T23:25:51.759718+00:00,False,+13.9%,True,$820.1M,True,+40.0%,False,3.0K,False,$0.41 / SMA $0.53,False,2.68%,True,+31.9%,False,1678.9M,False,PNK,False,
COHR,Coherent Corp.,407.25,2026-06-25T23:19:35.799530+00:00,True,+382.8%,True,$79674.1M,True,+981.8%,True,6174.5K,True,$407.25 / SMA $365.11,True,9.88%,False,+20.5%,False,194.9M,True,NYQ,False,
COHU,"Cohu, Inc.",63.66,2026-06-25T00:03:32.277018+00:00,True,+257.6%,True,$3003.2M,True,+60.6%,True,1365.9K,True,$63.66 / SMA $51.02,True,6.66%,True,+29.3%,True,45.9M,True,NMS,True,
COIHY,Croda International Plc,20.93,2026-06-25T23:10:14.567767+00:00,False,+28.7%,True,$5833.4M,,,False,6.0K,True,$20.93 / SMA $19.83,False,0.94%,,,False,252.9M,False,PNK,False,
COIN,"Coinbase Global, Inc.",150.11,2026-06-24T23:58:57.114586+00:00,False,+7.7%,True,$39548.1M,False,+-720.8%,True,9594.0K,False,$150.11 / SMA $184.44,True,5.88%,False,+-30.5%,False,219.3M,True,NMS,False,
COKE,"Coca-Cola Consolidated, Inc.",177.54,2026-06-24T23:59:34.108021+00:00,False,+65.6%,True,$11817.8M,True,+40.7%,True,538.7K,False,$177.54 / SMA $183.80,True,3.79%,False,+16.9%,True,8.0M,True,NMS,False,
COLB,"Columbia Banking System, Inc.",31.53,2026-06-24T23:59:41.806252+00:00,False,+38.5%,True,$9127.6M,True,+61.0%,True,2791.1K,True,$31.53 / SMA $29.47,False,2.20%,True,+37.9%,False,287.1M,True,NMS,False,
COLL,"Collegium Pharmaceutical, Inc.",34.84,2026-06-25T23:25:48.167626+00:00,False,+19.4%,True,$1130.0M,True,+471.4%,False,458.1K,True,$34.84 / SMA $34.07,True,3.87%,False,+8.9%,True,32.0M,True,NMS,False,
COMP,"Compass, Inc.",11.05,2026-06-25T23:21:49.081458+00:00,True,+81.4%,True,$8256.0M,True,+133.3%,True,13959.9K,True,$11.05 / SMA $8.34,True,6.54%,True,+99.4%,False,725.6M,True,NYQ,False,
COR,"Cencora, Inc.",286.95,2026-06-25T23:19:38.520313+00:00,False,+17.2%,True,$55829.3M,True,+128.3%,True,1762.9K,True,$286.95 / SMA $282.32,False,2.18%,False,+3.8%,False,184.0M,True,NYQ,False,
CORT,Corcept Therapeutics Incorporated,84.75,2026-06-25T23:10:10.362573+00:00,True,+195.7%,True,$9098.0M,False,+-276.5%,True,1182.0K,True,$84.75 / SMA $62.03,True,4.72%,False,+4.9%,True,89.9M,True,NCM,False,
COSO,"CoastalSouth Bancshares, Inc.",26.92,2026-06-25T23:29:27.876092+00:00,False,+39.9%,True,$327.6M,False,+8.5%,False,102.7K,True,$26.92 / SMA $25.84,False,2.00%,False,+16.5%,True,7.9M,True,NYQ,False,
COTY,Coty Inc.,1.88,2026-06-25T23:25:31.205108+00:00,False,+2.2%,True,$1655.3M,False,+0.0%,True,9728.2K,False,$1.88 / SMA $2.17,True,5.57%,False,+-1.3%,False,375.6M,True,NYQ,False,
COUR,"Coursera, Inc.",5.76,2026-06-25T23:25:37.682044+00:00,False,+15.2%,True,$1649.4M,False,+-140.0%,True,6582.2K,True,$5.76 / SMA $5.66,True,5.27%,False,+9.1%,True,147.2M,True,NYQ,False,
COVCF,COVER Corporation,7.63,2026-06-25T23:15:39.901034+00:00,False,+6.0%,True,$489.0M,,,False,0.2K,False,$7.63 / SMA $9.40,False,0.33%,,,True,37.1M,False,PNK,False,
COVTY,Covestro AG,33.58,2026-06-24T23:59:25.749105+00:00,False,+6.2%,True,$14271.6M,,,False,2.9K,False,$33.58 / SMA $34.37,False,2.22%,False,+-19.1%,False,375.2M,False,PNK,False,
CPA,"Copa Holdings, S.A.",157.04,2026-06-25T23:21:52.643991+00:00,False,+49.7%,True,$6407.1M,False,+20.6%,False,429.3K,True,$157.04 / SMA $130.01,True,3.81%,False,+17.0%,True,28.2M,True,NYQ,False,
CPAY,"Corpay, Inc.",325.81,2026-06-25T23:19:49.584226+00:00,False,+28.9%,True,$21295.6M,True,+49.1%,True,568.6K,False,$325.81 / SMA $337.30,True,3.15%,True,+25.4%,True,62.7M,True,NYQ,False,
CPB,The Campbell's Company,22.35,2026-06-25T23:21:49.880602+00:00,False,+14.3%,True,$6664.9M,True,+86.4%,True,9486.5K,True,$22.35 / SMA $21.01,True,3.56%,False,+-4.4%,False,192.2M,True,NMS,False,
CPKRF,Canada Packers Inc.,13.3,2026-06-25T23:29:16.693757+00:00,False,+32.6%,,N/A,,N/A,False,10.6K,False,$13.30 / SMA_short $13.70,False,0.13%,,N/A,True,15.1M,False,PNK,False,
CPNG,"Coupang, Inc.",17.76,2026-06-24T23:59:09.150836+00:00,False,+19.0%,True,$31880.3M,False,+-350.0%,True,23739.6K,False,$17.76 / SMA $17.87,True,5.46%,False,+7.5%,False,1340.9M,True,NYQ,False,
CPPKF,Faraday Copper Corp.,3.87,2026-06-25T23:25:47.888779+00:00,True,+555.9%,True,$1131.1M,False,+0.0%,False,108.3K,False,$3.87 / SMA $3.97,True,8.44%,,N/A,False,229.6M,False,OQX,False,
CPRI,Capri Holdings Limited,19.13,2026-06-25T00:03:31.915489+00:00,False,+14.8%,True,$2196.0M,,,True,3029.2K,False,$19.13 / SMA $19.24,True,4.82%,False,+-23.1%,True,112.0M,True,NYQ,False,
CPXWF,Capital Power Corporation,52.03,2026-06-24T23:59:45.466293+00:00,False,+33.1%,True,$8141.8M,,,False,52.0K,True,$52.03 / SMA $49.20,False,1.13%,True,+41.3%,False,156.3M,False,PNK,False,
CPYYF,Centrica plc,2.33,2026-06-25T23:08:23.271430+00:00,False,+16.5%,True,$10552.6M,,,False,8.3K,False,$2.33 / SMA $2.62,False,0.14%,,,False,4213.5M,False,PNK,False,
CPYYY,Centrica plc,9.29,2026-06-25T23:20:00.599682+00:00,False,+16.6%,True,$10518.6M,,N/A,False,103.1K,False,$9.29 / SMA $10.76,False,1.96%,,N/A,False,1053.4M,False,PNK,False,
CQP,"Cheniere Energy Partners, L.P.",57.06,2026-06-24T23:59:07.868236+00:00,False,+15.2%,True,$27620.1M,False,+-82.4%,False,129.4K,False,$57.06 / SMA $62.47,True,3.74%,False,+20.4%,True,40.4M,True,NYQ,False,
CR,Crane Company,223.59,2026-06-25T23:20:04.005881+00:00,False,+40.1%,True,$12911.4M,False,+-37.7%,True,551.2K,True,$223.59 / SMA $187.58,False,3.00%,False,+24.9%,True,49.3M,True,NYQ,False,
CRAN,Crane Harbor Acquisition Corp. II,10.12,2026-06-25T23:17:33.300998+00:00,False,+2.4%,True,$474.6M,,,False,35.9K,True,$10.12 / SMA $10.03,False,0.05%,,,True,29.3M,True,NGM,False,
CRANU,Crane Harbor Acquisition Corp. II,10.25,2026-06-25T00:08:14.094208+00:00,False,+2.1%,,,,,False,1.7K,True,$10.25 / SMA $10.21,False,0.08%,,,True,29.3M,True,NGM,False,
CRARF,Crédit Agricole S.A.,20.15,2026-06-25T23:07:59.880185+00:00,False,+14.1%,True,$60950.2M,,,False,0.4K,True,$20.15 / SMA $18.79,False,0.42%,True,+33.6%,False,905.3M,False,PNK,False,
CRARY,Crédit Agricole S.A.,9.95,2026-06-24T23:58:54.291918+00:00,False,+12.9%,True,$60194.0M,,,False,243.9K,True,$9.95 / SMA $9.42,False,1.59%,True,+33.6%,False,1810.6M,False,PNK,False,
CRC,California Resources Corporation,53.42,2026-06-25T00:01:27.370718+00:00,False,+23.5%,True,$4743.4M,False,+-736.5%,True,843.0K,False,$53.42 / SMA $61.14,True,3.31%,False,+6.7%,True,83.5M,True,NYQ,False,
CRCL,Circle Internet Group,68.81,2026-06-25T23:19:46.238611+00:00,False,+37.9%,True,$18392.3M,,N/A,True,14131.0K,False,$68.81 / SMA $99.65,True,7.09%,False,+20.0%,False,191.2M,True,NYQ,False,
CRD.A,CRD.A,,2026-06-25T23:15:48.873967+00:00,False,,False,,False,,False,,False,,False,,False,,False,,False,Unknown,False,No price data available
CRD.B,CRD.B,,2026-06-25T00:07:49.531884+00:00,False,,False,,False,,False,,False,,False,,False,,False,,False,Unknown,False,No price data available
CRDIY,"Yokohama Financial Group, Inc.",32.7,2026-06-25T23:20:01.292666+00:00,True,+78.1%,True,$12115.1M,,N/A,False,8.9K,True,$32.70 / SMA $30.47,False,2.69%,,N/A,False,370.4M,False,PNK,False,
CRERF,Carrefour SA,18.38,2026-06-25T23:08:19.635976+00:00,False,+35.1%,True,$13005.9M,,,False,4.6K,False,$18.38 / SMA $18.71,False,0.21%,,,False,587.1M,False,PNK,False,
CRHKY,China Resources Beer (Holdings) Company Limited,5.48,2026-06-25T23:08:25.917178+00:00,False,+1.3%,True,$8888.6M,,,False,137.7K,False,$5.48 / SMA $6.34,False,1.64%,,,False,779.8M,False,PNK,False,
CRK,"Comstock Resources, Inc.",13.87,2026-06-25T23:10:23.665260+00:00,False,+11.5%,True,$4073.6M,True,+195.0%,True,2536.3K,False,$13.87 / SMA $14.79,True,4.29%,False,+14.2%,True,63.5M,True,NYQ,False,
CRLFF,Cardinal Energy Ltd.,7.44,2026-06-25T23:13:47.816613+00:00,False,+51.8%,True,$1304.2M,False,+-53.8%,False,173.2K,False,$7.44 / SMA $8.56,False,2.72%,False,+11.1%,True,136.2M,False,PNK,False,
CRM,"Salesforce, Inc.",150.19,2026-06-25T23:07:53.919094+00:00,False,+2.6%,True,$123005.6M,True,+52.2%,True,15018.7K,False,$150.19 / SMA $176.26,True,4.42%,False,+13.3%,False,793.6M,True,NYQ,False,
CRMD,CorMedix Inc.,7.72,2026-06-25T23:27:24.879700+00:00,False,+25.9%,True,$605.6M,True,+43.3%,True,1240.0K,False,$7.72 / SMA $8.03,True,4.03%,True,+226.1%,True,66.5M,True,NGM,False,
CRNC,Cerence Inc.,9.85,2026-06-25T23:15:49.355706+00:00,False,+68.4%,True,$445.1M,False,+-91.3%,True,984.8K,False,$9.85 / SMA $10.14,True,8.46%,False,+-17.7%,True,43.8M,True,NMS,False,
CRNCY,Capricorn Energy PLC,8.76,2026-06-25T23:17:42.863845+00:00,True,+86.4%,True,$300.8M,,,False,0.4K,True,$8.76 / SMA $8.65,False,0.23%,,,True,19.7M,False,PNK,False,
CRNX,"Crinetics Pharmaceuticals, Inc.",36.18,2026-06-25T00:01:39.389155+00:00,False,+40.1%,True,$3814.8M,False,+-18.3%,True,1156.3K,False,$36.18 / SMA $37.02,True,4.32%,True,+2873.4%,True,95.6M,True,NMS,False,
CRON,Cronos Group Inc.,2.71,2026-06-25T00:05:46.842024+00:00,False,+44.8%,True,$1012.6M,True,+100.0%,True,1495.1K,True,$2.71 / SMA $2.70,True,3.37%,True,+40.1%,False,192.2M,True,NGM,False,
CRPAY,CRPAY,12.83,2026-06-25T23:08:29.343618+00:00,False,+6.9%,True,$8322.1M,,,False,0.0K,False,$12.83 / SMA $13.41,False,0.00%,,,True,57.2M,False,PNK,False,
CRRSF,CRRSF,4.6,2026-06-25T00:05:45.393202+00:00,False,+15.0%,,,,,False,3.1K,False,$4.60 / SMA_short $4.75,False,1.37%,,,True,72.5M,False,PNK,False,
CRTO,Criteo S.A.,18.12,2026-06-25T00:05:55.951337+00:00,False,+16.3%,True,$910.4M,False,+-77.3%,False,303.5K,True,$18.12 / SMA $17.87,True,4.27%,False,+-5.9%,True,44.6M,True,NMS,False,
CRUS,"Cirrus Logic, Inc.",153.98,2026-06-25T23:08:29.844662+00:00,False,+67.3%,True,$7768.7M,False,+19.1%,True,635.8K,False,$153.98 / SMA $166.40,True,4.20%,False,+5.7%,True,50.1M,True,NMS,False,
CRVS,"Corvus Pharmaceuticals, Inc.",13.05,2026-06-25T23:13:58.061474+00:00,True,+251.8%,True,$1097.4M,False,+-15.4%,True,1433.4K,False,$13.05 / SMA $13.66,True,5.94%,,,True,72.8M,True,NGM,False,
CRZBY,Commerzbank AG,42.37,2026-06-25T23:19:39.852194+00:00,False,+36.8%,True,$47926.0M,False,+15.1%,False,50.2K,True,$42.37 / SMA $41.45,False,2.11%,False,+5.1%,False,829.5M,False,PNK,False,
CSAN,Cosan S.A.,2.89,2026-06-25T00:01:43.699050+00:00,False,+14.7%,True,$2849.8M,True,+57.2%,True,2206.1K,False,$2.89 / SMA $3.49,True,4.54%,False,+-6.6%,False,341.7M,True,NYQ,False,
CSCCF,Capstone Copper Corp.,9.076,2026-06-25T23:20:12.416304+00:00,True,+74.0%,True,$6932.2M,True,+1400.0%,False,403.0K,False,$9.08 / SMA $9.58,True,7.02%,False,+22.3%,False,687.6M,False,PNK,False,
CSCMY,"COSCO SHIPPING International (Singapore) Co., Ltd.",0.43,2026-06-25T00:08:01.248393+00:00,False,+13.2%,True,$385.2M,,,False,0.8K,False,$0.43 / SMA $0.43,False,1.90%,,,False,260.1M,False,PNK,False,
CSHR,CoinShares PLC,3.65,2026-06-25T23:15:40.714688+00:00,False,+4.0%,True,$481.0M,,,True,509.0K,False,$3.65 / SMA $5.13,True,6.97%,,,True,19.4M,True,NMS,False,
CSIOY,"Casio Computer Co.,Ltd.",114.46,2026-06-25T23:23:50.336598+00:00,False,+58.6%,True,$2558.1M,,N/A,False,0.1K,True,$114.46 / SMA $107.80,False,2.03%,,N/A,True,20.7M,False,PNK,False,
CSL,Carlisle Companies Incorporated,388.4,2026-06-25T23:08:21.159024+00:00,False,+32.4%,True,$15716.6M,False,+-3.1%,False,388.5K,True,$388.40 / SMA $349.44,True,3.33%,False,+-4.0%,True,39.9M,True,NYQ,False,
CSPKF,COSCO SHIPPING Ports Limited,0.6898,2026-06-25T23:12:01.823813+00:00,False,+31.1%,True,$2774.9M,,,False,0.2K,False,$0.69 / SMA $0.71,False,0.00%,,,False,1097.9M,False,PNK,False,
CSR,Centerspace,56.75,2026-06-25T23:13:55.799851+00:00,False,+7.6%,True,$1005.8M,False,+-250.0%,False,147.8K,False,$56.75 / SMA $63.77,True,3.46%,False,+-3.0%,True,16.7M,True,NYQ,False,
CSTL,"Castle Biosciences, Inc.",22.12,2026-06-25T00:06:08.074268+00:00,False,+51.6%,True,$670.9M,True,+45.6%,False,387.7K,True,$22.12 / SMA $21.82,True,4.64%,False,+-4.9%,True,26.8M,True,NGM,False,
CSUAY,China Shenhua Energy Company Limited,21.46,2026-06-25T23:19:31.404195+00:00,False,+41.0%,True,$116363.8M,False,+-11.8%,False,20.0K,False,$21.46 / SMA $23.17,False,1.87%,False,+1.2%,False,1804.4M,False,PNK,False,
CTBI,"Community Trust Bancorp, Inc.",71.42,2026-06-25T23:25:45.152040+00:00,False,+42.1%,True,$1297.3M,False,+23.0%,False,94.4K,True,$71.42 / SMA $66.41,False,2.21%,False,+12.1%,True,15.6M,True,NMS,False,
CTMX,"CytomX Therapeutics, Inc.",3.32,2026-06-25T00:05:58.159292+00:00,True,+93.0%,True,$722.8M,False,+-137.0%,True,4099.4K,False,$3.32 / SMA $3.75,True,5.74%,False,+-79.9%,False,186.3M,True,NMS,False,
CTNM,"Contineum Therapeutics, Inc.",13.36,2026-06-25T23:27:34.947324+00:00,True,+259.1%,True,$499.5M,True,+37.1%,False,228.7K,True,$13.36 / SMA $13.00,True,7.45%,,N/A,True,27.6M,True,NMS,False,
CTO,"CTO Realty Growth, Inc.",21.25,2026-06-25T00:06:04.669252+00:00,False,+41.0%,True,$717.9M,True,+1200.0%,False,320.0K,True,$21.25 / SMA $20.03,False,1.89%,False,+15.0%,True,32.3M,True,NYQ,False,
CTOS,"Custom Truck One Source, Inc.",11.4,2026-06-25T00:03:38.069573+00:00,True,+135.5%,True,$2592.7M,True,+75.0%,True,985.5K,True,$11.40 / SMA $9.62,True,4.23%,False,+9.3%,True,60.0M,True,NYQ,False,
CTPCF,CITIC Limited,1.8,2026-06-24T23:58:56.271508+00:00,False,+37.4%,True,$52362.5M,,,False,0.1K,True,$1.80 / SMA $1.62,False,0.00%,,,False,4942.1M,False,PNK,False,
CTRE,"CareTrust REIT, Inc.",39.4,2026-06-24T23:59:38.835204+00:00,False,+31.8%,True,$9307.9M,False,+2.9%,True,2533.2K,True,$39.40 / SMA $39.31,False,2.78%,True,+64.8%,False,234.3M,True,NYQ,False,
CTS,CTS Corporation,66.82,2026-06-25T23:25:31.605217+00:00,True,+85.5%,True,$1910.6M,True,+34.1%,False,276.4K,True,$66.82 / SMA $61.17,True,3.74%,False,+10.7%,True,28.1M,True,NYQ,False,
CTTAF,Continental Aktiengesellschaft,83.392,2026-06-25T23:19:56.011339+00:00,False,+35.5%,True,$16678.9M,True,+194.1%,False,0.7K,True,$83.39 / SMA $79.34,True,4.24%,False,+-10.4%,True,102.1M,False,PNK,False,
CTTAY,Continental Aktiengesellschaft,8.35,2026-06-24T23:59:23.504608+00:00,False,+34.5%,True,$16700.5M,True,+194.1%,False,63.9K,True,$8.35 / SMA $7.87,False,2.18%,False,+-10.4%,False,1020.5M,False,PNK,False,
CTVA,"Corteva, Inc.",81.62,2026-06-25T23:08:00.840039+00:00,False,+34.8%,True,$54589.1M,False,+12.6%,True,3910.2K,True,$81.62 / SMA $79.30,False,2.35%,False,+11.0%,False,666.9M,True,NYQ,False,
CTXAY,Ampol Limited,46.47,2026-06-25T00:01:23.775493+00:00,False,+44.4%,True,$5536.9M,,,False,1.2K,False,$46.47 / SMA $48.82,False,1.08%,,,True,118.8M,False,PNK,False,
CUBE,CUBE,40.65,2026-06-25T23:08:29.298224+00:00,False,+15.8%,True,$9252.3M,False,+-7.7%,True,2146.1K,True,$40.65 / SMA $40.07,False,1.99%,False,+3.3%,False,212.4M,True,NYQ,False,
CUBI,"Customers Bancorp, Inc.",78.64,2026-06-25T00:03:25.843563+00:00,False,+41.6%,True,$2660.0M,True,+579.3%,False,329.1K,True,$78.64 / SMA $75.78,False,2.48%,True,+60.4%,True,31.7M,True,NYQ,False,
CUPUF,"Caribbean Utilities Company, Ltd.",14.2,2026-06-25T00:06:09.165570+00:00,False,+21.7%,True,$607.0M,False,+-5.6%,False,2.1K,True,$14.20 / SMA $14.17,False,0.33%,False,+3.6%,True,17.0M,False,PNK,False,
CURB,Curbline Properties Corp.,31.33,2026-06-25T23:11:58.975040+00:00,False,+44.9%,True,$3306.5M,False,+-70.0%,True,807.8K,True,$31.33 / SMA $28.54,False,2.31%,True,+49.9%,True,96.2M,True,NYQ,False,
CURLF,"Curaleaf Holdings, Inc.",10.43,2026-06-25T00:03:25.497202+00:00,True,+382.9%,True,$2756.0M,True,+190.0%,False,454.9K,True,$10.43 / SMA $10.02,True,9.68%,False,+5.7%,False,163.5M,False,PNK,False,
CUSI,"Cuisine Solutions, Inc.",19.25,2026-06-25T23:29:22.000686+00:00,False,+8.5%,True,$338.0M,,N/A,False,0.1K,False,$19.25 / SMA $19.51,False,0.00%,,N/A,,N/A,False,PNK,False,
CV,"CapsoVision, Inc.",6.99,2026-06-25T23:29:24.329894+00:00,True,+103.6%,True,$349.2M,False,+-29.3%,False,133.0K,True,$6.99 / SMA $6.73,True,7.05%,False,+0.3%,True,31.6M,True,NCM,False,
CVBF,CVB Financial Corp.,22.05,2026-06-25T00:01:41.759160+00:00,False,+22.8%,True,$3890.8M,False,+5.6%,True,1803.8K,True,$22.05 / SMA $20.45,False,2.17%,False,+4.3%,False,167.2M,True,NMS,False,
CVCCF,CVC Capital Partners plc,14.8,2026-06-25T23:08:16.759744+00:00,False,+18.4%,True,$15515.6M,,,False,0.3K,True,$14.80 / SMA $13.74,False,0.02%,,,False,943.9M,False,PNK,False,
CVEO,Civeo Corporation,32.99,2026-06-25T00:08:13.024760+00:00,False,+67.0%,True,$361.0M,True,+52.8%,False,74.2K,True,$32.99 / SMA $32.80,True,3.58%,False,+19.9%,True,7.3M,True,NYQ,False,
CVGW,Calavo Growers Inc,26.09,2026-06-25T23:15:50.521438+00:00,False,+41.8%,True,$466.3M,False,+-84.0%,False,299.7K,False,$26.09 / SMA_short $27.09,False,1.58%,False,+-20.8%,True,15.2M,True,NMS,False,
CVI,"CVR Energy, Inc.",27.31,2026-06-25T23:23:40.577707+00:00,False,+39.2%,True,$2745.5M,False,+-56.6%,True,988.9K,False,$27.31 / SMA $32.01,True,4.31%,False,+20.3%,True,29.3M,True,NYQ,False,
CVLLY,CVLLY,7.06,2026-06-25T00:08:31.348000+00:00,False,+12.1%,,,False,+-46.0%,False,0.0K,False,$7.06 / SMA $7.72,False,0.00%,False,+-14.6%,True,39.0M,False,PNK,False,
CVLT,"Commvault Systems, Inc.",133.94,2026-06-25T23:21:59.003150+00:00,True,+86.7%,True,$5548.0M,False,+-50.7%,True,917.3K,True,$133.94 / SMA $109.78,True,4.87%,False,+13.3%,True,40.7M,True,NMS,False,
CVX,Chevron Corporation,172.24,2026-06-25T23:19:28.762979+00:00,False,+21.0%,True,$343032.8M,False,+-44.5%,True,10418.2K,False,$172.24 / SMA $184.93,False,1.84%,False,+3.2%,False,1882.4M,True,NYQ,False,
CW,Curtiss-Wright Corporation,767.73,2026-06-25T23:19:47.008044+00:00,False,+65.8%,True,$28360.8M,True,+29.1%,False,277.3K,True,$767.73 / SMA $734.83,True,3.31%,False,+13.4%,True,36.7M,True,NYQ,False,
CWBC,Community West Bancshares,26.53,2026-06-25T23:27:21.901367+00:00,False,+43.3%,True,$719.9M,True,+36.4%,False,306.6K,True,$26.53 / SMA $24.28,False,2.32%,False,+11.9%,True,23.3M,True,NCM,False,
CWCO,Consolidated Water Co. Ltd.,29.45,2026-06-25T00:07:52.493203+00:00,False,+4.5%,True,$471.2M,False,+-23.3%,False,121.7K,False,$29.45 / SMA $31.05,False,2.46%,False,+-11.1%,True,15.0M,True,NMS,False,
CWH,"Camping World Holdings, Inc.",7.42,2026-06-25T23:15:38.638325+00:00,False,+30.2%,True,$471.3M,False,+-23.8%,True,2869.1K,True,$7.42 / SMA $7.29,True,7.16%,False,+-4.2%,True,48.8M,True,NYQ,False,
CWSRF,Chartwell Retirement Residences,15.5,2026-06-25T00:01:31.308152+00:00,False,+22.5%,True,$5047.7M,False,+-79.1%,False,12.1K,True,$15.50 / SMA $15.21,False,0.79%,False,+22.2%,False,323.9M,False,PNK,False,
CWST,"Casella Waste Systems, Inc.",92.33,2026-06-25T23:21:53.102073+00:00,False,+24.7%,True,$5873.1M,False,+-12.5%,True,766.8K,True,$92.33 / SMA $84.83,True,3.68%,False,+9.6%,True,62.2M,True,NMS,False,
CWT,California Water Service Group,47.3,2026-06-25T00:03:24.726957+00:00,False,+14.6%,True,$2831.1M,False,+-68.2%,True,532.7K,True,$47.30 / SMA $44.54,False,2.19%,False,+5.2%,True,59.3M,True,NYQ,False,
CWXZF,Doman Building Materials Group Ltd.,7.91,2026-06-25T23:27:20.417423+00:00,False,+47.9%,True,$694.2M,False,+0.0%,False,6.7K,True,$7.91 / SMA $7.57,False,0.49%,False,+-3.9%,True,86.4M,False,PNK,False,
CXDO,"Crexendo, Inc.",6.92,2026-06-25T23:17:41.374910+00:00,False,+31.6%,False,$224.3M,False,+-50.0%,True,515.9K,False,$6.92 / SMA $8.13,True,8.14%,True,+29.0%,True,20.9M,True,NCM,False,
CXIIU,Churchill Capital Corp XII,10.5364,2026-06-25T23:17:33.043755+00:00,False,+4.5%,,,,,False,260.6K,True,$10.54 / SMA_short $10.16,False,0.55%,,,True,41.8M,True,NGM,False,
CXM,"Sprinklr, Inc.",5.01,2026-06-25T00:05:33.710914+00:00,False,+6.3%,True,$1173.5M,True,+300.0%,True,4046.5K,False,$5.01 / SMA $5.26,True,4.64%,False,+6.8%,True,112.6M,True,NYQ,False,
CXMSF,"CEMEX, S.A.B. de C.V.",1.25,2026-06-25T23:19:53.371687+00:00,True,+78.6%,True,$20271.4M,False,+-68.7%,False,0.5K,True,$1.25 / SMA $1.24,False,0.89%,False,+11.2%,False,14060.5M,False,PNK,False,
CXOXF,Core Lithium Ltd,0.19815,2026-06-25T00:06:01.145510+00:00,True,+248.2%,True,$641.4M,,,False,19.6K,False,$0.20 / SMA $0.22,True,3.94%,,,False,2530.5M,False,PNK,False,
CXT,"Crane NXT, Co.",48.03,2026-06-25T23:23:49.712377+00:00,False,+34.5%,True,$2763.8M,False,+-71.1%,True,834.7K,True,$48.03 / SMA $42.11,True,4.79%,False,+17.4%,True,57.3M,True,NYQ,False,
CYAGF,"CyberAgent, Inc.",8.87,2026-06-25T23:10:21.750514+00:00,False,+22.4%,True,$4498.0M,,,False,0.0K,True,$8.87 / SMA $8.52,False,0.00%,,,False,409.3M,False,PNK,False,
CYDY,CytoDyn Inc.,0.26,2026-06-25T00:07:53.220653+00:00,False,+23.8%,True,$356.1M,,,True,1956.8K,False,$0.26 / SMA $0.32,True,7.60%,,,False,1365.9M,False,OQB,False,
CYGIY,"CyberAgent, Inc.",3.81,2026-06-25T23:10:20.899406+00:00,False,+1.6%,True,$3864.1M,,,False,0.1K,False,$3.81 / SMA $4.05,False,0.82%,,,False,818.7M,False,PNK,False,
CYRBY,Cyrela Brazil Realty S.A. Empreendimentos e Participações,4.21,2026-06-25T23:13:44.014107+00:00,False,+12.6%,True,$1542.3M,False,+-9.4%,False,9.5K,False,$4.21 / SMA $4.73,True,11.12%,False,+3.7%,False,266.1M,False,PNK,False,
CYRX,"Cryoport, Inc.",15.88,2026-06-25T23:15:40.330038+00:00,True,+137.4%,True,$800.4M,False,+10.7%,True,715.8K,True,$15.88 / SMA $13.27,True,4.56%,False,+16.5%,True,40.8M,True,NCM,False,
CYTK,"Cytokinetics, Incorporated",81.2,2026-06-24T23:59:39.211739+00:00,True,+148.9%,True,$11024.6M,False,+-22.8%,True,2436.0K,True,$81.20 / SMA $71.81,True,4.11%,True,+1125.8%,True,123.9M,True,NMS,False,
CZGZF,Colt CZ Group SE,46.96,2026-06-25T00:03:18.168809+00:00,False,+43.7%,True,$2941.4M,False,+-11.1%,False,0.0K,False,$46.96 / SMA $49.87,False,0.00%,True,+32.7%,True,14.1M,False,PNK,False,
CZMWY,Carl Zeiss Meditec AG,31.395,2026-06-25T23:12:01.887583+00:00,False,+17.8%,True,$2748.2M,False,+-133.3%,False,4.2K,True,$31.39 / SMA $30.52,False,1.96%,False,+-4.8%,True,34.7M,False,PNK,False,
D,"Dominion Energy, Inc.",69.51,2026-06-25T23:07:59.768136+00:00,False,+26.8%,True,$61134.9M,False,+-8.0%,True,6743.6K,True,$69.51 / SMA $64.74,False,1.83%,False,+23.1%,False,877.7M,True,NYQ,False,
DACHF,Daicel Corporation,10.69,2026-06-25T00:03:34.216601+00:00,False,+33.6%,True,$2730.2M,,,False,0.0K,True,$10.69 / SMA $8.04,False,0.00%,,,False,221.6M,False,PNK,False,
DAIPF,DAIHEN Corporation,51.55,2026-06-25T00:03:24.742205+00:00,False,+0.0%,True,$1216.9M,,,False,0.0K,True,$51.55 / SMA $51.55,False,0.00%,,,True,20.7M,False,PNK,False,
DAKT,"Daktronics, Inc.",19.35,2026-06-25T00:05:49.109924+00:00,False,+45.5%,True,$943.3M,True,+116.7%,False,326.6K,False,$19.35 / SMA $19.83,True,4.37%,False,+21.6%,True,40.4M,True,NMS,False,
DALXF,Spartan Delta Corp.,7.98,2026-06-25T00:03:47.487025+00:00,True,+196.1%,True,$1617.0M,False,+-133.3%,False,65.9K,False,$7.98 / SMA $9.06,True,3.83%,True,+60.1%,True,132.5M,False,PNK,False,
DAN,Dana Incorporated,28.45,2026-06-25T23:12:00.445594+00:00,True,+85.8%,True,$3060.5M,True,+5717.6%,True,1255.1K,False,$28.45 / SMA $34.33,True,4.96%,False,+4.9%,True,106.5M,True,NYQ,False,
DAO,"Youdao, Inc.",11.03,2026-06-25T23:25:37.028016+00:00,False,+37.9%,True,$1330.6M,False,+-50.0%,False,83.9K,False,$11.03 / SMA $11.52,True,8.66%,False,+3.8%,True,27.1M,True,NYQ,False,
DAR,Darling Ingredients Inc.,53.08,2026-06-25T23:08:28.444031+00:00,True,+82.1%,True,$8435.9M,True,+618.8%,True,2635.8K,False,$53.08 / SMA $59.58,True,3.00%,False,+12.3%,False,156.7M,True,NYQ,False,
DASH,"DoorDash, Inc.",177.93,2026-06-24T23:58:52.940947+00:00,False,+24.2%,True,$77527.4M,False,+-4.5%,True,4827.6K,True,$177.93 / SMA $165.45,True,5.23%,True,+33.1%,False,376.6M,True,NMS,False,
DASTF,Dassault Systèmes SE,18.14,2026-06-24T23:59:08.590959+00:00,False,+0.0%,True,$23835.8M,False,+10.0%,False,6.2K,False,$18.14 / SMA $21.59,False,2.41%,False,+-4.0%,False,663.6M,False,PNK,False,
DASTY,Dassault Systèmes SE,20.0,2026-06-25T23:08:06.910737+00:00,False,+5.3%,True,$26279.9M,False,+10.0%,False,214.5K,False,$20.00 / SMA $21.98,False,2.28%,False,+-4.0%,False,663.6M,False,PNK,False,
DAVE,Dave Inc.,323.22,2026-06-25T00:03:21.296238+00:00,True,+112.4%,True,$4109.5M,True,+104.1%,True,603.6K,True,$323.22 / SMA $265.51,True,8.51%,True,+46.7%,True,9.4M,True,NGM,True,
DBCA,D. Boral Acquisition I Corp.,9.99,2026-06-25T23:17:26.597708+00:00,False,+1.6%,True,$555.4M,,,False,65.1K,True,$9.99 / SMA $9.93,False,0.18%,,,True,28.7M,True,NGM,False,
DBI,Designer Brands Inc.,5.89,2026-06-25T23:17:33.788886+00:00,True,+159.5%,False,$299.1M,True,+105.4%,True,716.4K,False,$5.89 / SMA $7.23,True,7.70%,False,+1.4%,True,28.8M,True,NYQ,False,
DBLVF,Doubleview Gold Corp.,1.77,2026-06-25T23:27:39.385030+00:00,True,+438.2%,True,$401.2M,,N/A,False,189.7K,False,$1.77 / SMA $2.01,True,8.27%,,N/A,False,194.1M,False,OQB,False,
DBOEF,Deutsche Börse AG,273.9,2026-06-25T23:19:38.482183+00:00,False,+18.3%,True,$50803.3M,,N/A,False,0.9K,False,$273.90 / SMA $290.19,True,3.73%,False,+9.1%,False,182.2M,False,PNK,False,
DBSDF,DBS Group Holdings Ltd,52.29,2026-06-25T23:07:54.262820+00:00,False,+58.9%,True,$151798.5M,,,False,6.4K,True,$52.29 / SMA $48.07,True,4.00%,False,+8.0%,False,2039.1M,False,PNK,False,
DBVT,DBV Technologies S.A.,15.6,2026-06-25T00:05:42.699939+00:00,True,+83.3%,True,$923.3M,True,+57.7%,False,246.8K,False,$15.60 / SMA $18.75,True,5.59%,,,True,35.3M,True,NCM,False,
DC,Dakota Gold Corp.,4.08,2026-06-25T23:15:40.537827+00:00,False,+13.5%,True,$546.4M,False,+-75.0%,True,1358.7K,False,$4.08 / SMA $5.46,True,6.02%,,,True,118.9M,True,ASE,False,
DCBO,Docebo Inc.,16.87,2026-06-25T23:15:48.994285+00:00,False,+17.2%,True,$428.2M,False,+-220.0%,False,152.8K,False,$16.87 / SMA $18.03,True,5.23%,False,+14.5%,True,9.4M,True,NMS,False,
DCCPF,DCC plc,81.15,2026-06-24T23:59:48.646978+00:00,False,+40.4%,True,$6932.2M,,,False,0.1K,True,$81.15 / SMA $74.96,False,0.00%,,,True,78.0M,False,PNK,False,
DCCPY,DCC plc,42.3,2026-06-24T23:59:46.710822+00:00,False,+48.2%,True,$7226.9M,,,False,0.5K,True,$42.30 / SMA $38.75,False,0.00%,,,False,156.0M,False,PNK,False,
DCH,Dauch Corporation,5.57,2026-06-25T00:03:49.510256+00:00,False,+41.4%,True,$1322.1M,False,+-966.7%,True,4075.5K,False,$5.57 / SMA $6.15,True,5.11%,True,+68.6%,False,233.0M,True,NYQ,False,
DCI,"Donaldson Company, Inc.",89.11,2026-06-25T23:08:27.562250+00:00,False,+29.2%,True,$10328.8M,True,+108.3%,True,697.8K,True,$89.11 / SMA $85.31,False,2.55%,False,+5.9%,True,115.1M,True,NYQ,False,
DCO,Ducommun Incorporated,170.41,2026-06-25T23:12:06.470076+00:00,True,+111.2%,True,$2570.7M,True,+611.1%,False,225.1K,True,$170.41 / SMA $148.66,True,3.82%,False,+8.6%,True,14.5M,True,NYQ,False,
DD,"DuPont de Nemours, Inc.",137.8,2026-06-25T23:08:14.487979+00:00,False,+62.1%,True,$18605.7M,True,+127.7%,True,1208.8K,True,$137.80 / SMA $54.80,True,3.04%,False,+4.3%,True,136.1M,True,NYQ,False,
DDD,3D Systems Corporation,2.95,2026-06-25T23:15:50.925526+00:00,True,+110.7%,True,$481.9M,True,+89.3%,True,4369.4K,True,$2.95 / SMA $2.86,True,8.34%,False,+1.1%,True,141.2M,True,NYQ,False,
DDL,Dingdong (Cayman) Limited,1.86,2026-06-25T23:27:32.718687+00:00,False,+12.7%,True,$406.7M,True,+2400.0%,False,442.4K,False,$1.86 / SMA $2.49,True,3.95%,True,+195.2%,True,132.9M,True,NYQ,False,
DDOG,"Datadog, Inc.",220.94,2026-06-25T23:07:57.824435+00:00,True,+125.4%,True,$78645.8M,True,+114.3%,True,5769.0K,True,$220.94 / SMA $195.07,True,5.52%,True,+32.2%,False,328.9M,True,NMS,False,
DDWWF,Dividend Growth Split Corp.,4.1244,2026-06-25T23:29:20.558344+00:00,False,+0.0%,False,$229.1M,,N/A,False,0.0K,True,$4.12 / SMA $4.04,False,0.00%,,N/A,,N/A,False,PNK,False,
DEA,"Easterly Government Properties, Inc.",24.27,2026-06-25T23:13:56.648541+00:00,False,+18.0%,True,$1168.2M,False,+-71.4%,False,378.7K,True,$24.27 / SMA $23.42,False,2.10%,False,+16.4%,True,43.8M,True,NYQ,False,
DEI,"Douglas Emmett, Inc.",11.49,2026-06-25T00:03:36.662963+00:00,False,+27.1%,True,$2310.4M,False,+-108.3%,True,2430.3K,True,$11.49 / SMA $11.49,True,3.10%,False,+-0.2%,False,163.0M,True,NYQ,False,
DELHY,Delivery Hero SE,3.94,2026-06-25T23:08:23.599471+00:00,True,+134.5%,True,$11967.7M,,,False,247.7K,True,$3.94 / SMA $3.37,False,2.31%,,,False,2035.2M,False,PNK,False,
DELKY,Delek Group Ltd.,28.6972,2026-06-25T23:21:50.196966+00:00,False,+49.9%,True,$5248.2M,True,+400.0%,False,1.1K,False,$28.70 / SMA $34.95,True,3.59%,True,+51.3%,True,88.9M,False,PNK,False,
DEUZF,DEUTZ Aktiengesellschaft,10.992,2026-06-25T23:13:46.188009+00:00,False,+33.9%,True,$1677.8M,,,False,0.5K,False,$10.99 / SMA $11.67,False,0.01%,False,+4.4%,True,147.7M,False,PNK,False,
DFDDF,DFDS A/S,20.6375,2026-06-25T23:13:53.058544+00:00,False,+45.6%,True,$1114.8M,,,False,0.0K,True,$20.64 / SMA $17.91,False,0.00%,False,+2.2%,True,32.0M,False,PNK,False,
DFH,"Dream Finders Homes, Inc.",16.79,2026-06-25T23:13:52.042207+00:00,False,+37.6%,True,$1536.9M,False,+-79.6%,True,716.0K,True,$16.79 / SMA $14.66,True,6.24%,False,+-10.3%,True,27.9M,True,NYQ,False,
DFIN,"Donnelley Financial Solutions, Inc.",40.86,2026-06-25T00:05:49.079031+00:00,False,+13.2%,True,$1020.8M,False,+21.0%,False,307.1K,False,$40.86 / SMA $43.01,True,4.23%,False,+2.2%,True,23.7M,True,NYQ,False,
DFKCY,"Daifuku Co., Ltd.",21.64,2026-06-25T23:08:16.550011+00:00,True,+92.9%,True,$15914.5M,,,False,48.3K,False,$21.64 / SMA $21.70,True,3.80%,,,False,683.5M,False,PNK,False,
DFP,Flaherty & Crumrine Dynamic Preferred and Income Fund Inc.,20.35,2026-06-25T23:27:40.467584+00:00,False,+4.0%,True,$418.0M,,N/A,False,60.8K,False,$20.35 / SMA $20.44,False,0.75%,,N/A,,N/A,True,NYQ,False,
DFTX,"Definium Therapeutics, Inc.",42.13,2026-06-25T00:03:27.286600+00:00,True,+558.3%,True,$4595.0M,False,+-102.9%,True,2300.5K,True,$42.13 / SMA $23.60,True,7.04%,,,True,108.2M,True,NMS,False,
DG,Dollar General Corporation,119.17,2026-06-24T23:59:14.279950+00:00,False,+25.3%,True,$26287.3M,False,+12.4%,True,3564.6K,True,$119.17 / SMA $112.31,True,4.00%,False,+3.4%,False,218.7M,True,NYQ,False,
DGIPF,DigiPlus Interactive Corp.,0.1952,2026-06-25T23:13:57.145835+00:00,False,+30.7%,,,,,False,12.2K,False,$0.20 / SMA $0.21,True,10.86%,,,,,False,PNK,False,
DGX,Quest Diagnostics Incorporated,206.24,2026-06-25T23:08:13.080847+00:00,False,+25.3%,True,$22830.0M,False,+15.5%,True,910.7K,True,$206.24 / SMA $195.34,False,2.20%,False,+9.2%,True,110.1M,True,NYQ,False,
DHLGY,Deutsche Post AG,28.99,2026-06-24T23:58:53.667667+00:00,False,+33.1%,True,$66023.5M,False,+7.5%,False,467.0K,True,$28.99 / SMA $28.43,False,1.73%,False,+-1.9%,False,1831.2M,False,OID,False,
DHR,Danaher Corporation,193.21,2026-06-25T23:07:55.108863+00:00,False,+20.1%,True,$136748.4M,False,+9.8%,True,4556.8K,True,$193.21 / SMA $178.79,False,2.81%,False,+3.7%,False,630.6M,True,NYQ,False,
DHTRF,DHTRF,12.7,2026-06-25T23:27:22.452460+00:00,False,+30.9%,True,$698.7M,True,+33.3%,False,10.6K,True,$12.70 / SMA $12.22,False,0.28%,True,+34.4%,,N/A,False,PNK,False,
DIDIY,DiDi Global Inc.,3.56,2026-06-24T23:59:23.039614+00:00,False,+6.3%,True,$16046.8M,False,+-45.3%,True,6770.5K,False,$3.56 / SMA $3.65,True,4.14%,False,+10.3%,False,2430.9M,False,PNK,False,
DIFTY,"Daito Trust Construction Co.,Ltd.",4.63,2026-06-24T23:59:45.952616+00:00,False,+5.0%,True,$6016.9M,,,False,185.4K,False,$4.63 / SMA $5.27,True,4.08%,,,False,1133.5M,False,PNK,False,
DINO,HF Sinclair Corporation,67.78,2026-06-25T23:08:22.250680+00:00,False,+67.6%,True,$12219.1M,True,+17900.0%,True,2272.6K,True,$67.78 / SMA $67.49,True,3.24%,False,+11.8%,False,168.1M,True,NYQ,False,
DIOD,Diodes Incorporated,113.04,2026-06-25T00:01:33.565125+00:00,True,+167.4%,True,$5193.6M,True,+420.0%,True,649.9K,True,$113.04 / SMA $104.85,True,6.69%,False,+22.1%,True,45.0M,True,NMS,False,
DJT,Trump Media & Technology Group Corp.,7.06,2026-06-25T23:12:06.369012+00:00,False,+0.4%,True,$1955.3M,False,+-950.0%,True,3901.6K,False,$7.06 / SMA $8.76,True,6.28%,False,+6.1%,False,159.6M,True,NGM,False,
DKILF,"Daikin Industries,Ltd.",147.71,2026-06-25T23:08:02.696282+00:00,False,+36.7%,True,$41113.0M,,,False,0.8K,True,$147.71 / SMA $144.28,True,9.45%,,,False,292.8M,False,PNK,False,
DKILY,"Daikin Industries,Ltd.",14.69,2026-06-24T23:58:58.314365+00:00,False,+34.6%,True,$40887.6M,,,False,310.2K,True,$14.69 / SMA $14.51,False,1.66%,,,False,2927.9M,False,PNK,False,
DKL,"Delek Logistics Partners, LP",49.01,2026-06-25T00:03:23.781916+00:00,False,+17.5%,True,$2605.8M,False,+-17.8%,False,76.2K,False,$49.01 / SMA $50.74,True,3.82%,False,+19.0%,True,19.1M,True,NYQ,False,
DKNG,DraftKings Inc.,23.1,2026-06-25T23:08:22.526166+00:00,False,+12.9%,True,$11460.6M,True,+142.9%,True,12639.4K,False,$23.10 / SMA $24.95,True,5.31%,False,+16.8%,False,481.4M,True,NMS,False,
DKS,"DICK'S Sporting Goods, Inc.",237.29,2026-06-25T23:08:13.665412+00:00,False,+27.4%,True,$21238.1M,False,+9.3%,True,1181.3K,True,$237.29 / SMA $222.16,True,4.27%,True,+62.7%,True,61.6M,True,NYQ,False,
DLAKF,Deutsche Lufthansa AG,10.56,2026-06-25T23:20:02.180169+00:00,False,+34.9%,True,$12693.6M,True,+25.7%,False,3.8K,True,$10.56 / SMA $9.25,False,0.38%,False,+7.6%,False,1018.8M,False,OQX,False,
DLAKY,Deutsche Lufthansa AG,10.84,2026-06-25T23:20:03.023879+00:00,False,+37.0%,True,$13030.2M,True,+25.7%,False,234.6K,True,$10.84 / SMA $9.27,False,1.98%,False,+7.6%,False,1018.8M,False,OQX,False,
DLB,"Dolby Laboratories, Inc.",52.45,2026-06-25T23:21:54.967540+00:00,False,+3.4%,True,$4961.7M,False,+5.3%,True,768.5K,False,$52.45 / SMA $56.78,False,2.65%,False,+7.1%,True,59.7M,True,NYQ,False,
DLKGF,Delek Group Ltd.,263.12,2026-06-25T23:21:49.550153+00:00,False,+34.0%,True,$4812.0M,True,+400.0%,False,0.0K,False,$263.12 / SMA $325.61,False,0.00%,True,+51.3%,True,8.9M,False,PNK,False,
DLMAF,Dollarama Inc.,134.91,2026-06-25T23:08:05.516055+00:00,False,+20.0%,True,$36530.8M,False,+13.3%,False,15.8K,True,$134.91 / SMA $128.26,False,0.94%,False,+21.4%,False,266.7M,False,PNK,False,
DLO,DLocal Limited,12.34,2026-06-25T23:23:38.191841+00:00,False,+25.8%,True,$3631.3M,False,+-6.7%,True,2216.2K,False,$12.34 / SMA $12.50,True,4.03%,True,+54.9%,True,85.9M,True,NMS,False,
DLR,"Digital Realty Trust, Inc.",192.44,2026-06-25T23:07:59.000174+00:00,False,+31.6%,True,$68835.6M,True,+70.4%,True,2225.7K,True,$192.44 / SMA $191.60,False,2.56%,False,+16.2%,False,329.0M,True,NYQ,False,
DLVHF,Delivery Hero SE,41.0,2026-06-24T23:59:32.761551+00:00,True,+134.6%,True,$12453.7M,,,False,3.2K,True,$41.00 / SMA $32.82,False,1.08%,,,False,203.5M,False,PNK,False,
DLX,Deluxe Corporation,23.27,2026-06-25T23:13:57.297853+00:00,False,+51.0%,True,$1065.4M,True,+148.4%,False,450.4K,False,$23.27 / SMA $25.60,True,3.41%,False,+0.3%,True,44.3M,True,NYQ,False,
DMAC,DiaMedica Therapeutics Inc.,6.15,2026-06-25T23:29:26.757099+00:00,True,+77.0%,True,$331.4M,False,+-5.6%,False,179.8K,True,$6.15 / SMA $6.06,True,6.23%,,N/A,True,28.8M,True,NCM,False,
DMII,Drugs Made In America Acquisition II Corp.,10.07,2026-06-25T23:15:42.703238+00:00,False,+2.1%,True,$641.5M,True,+7618.8%,False,103.1K,True,$10.07 / SMA $10.05,False,0.06%,,,True,50.3M,True,NGM,False,
DMIIU,Drugs Made In America Acquisition II Corp.,10.1601,2026-06-25T00:06:06.789589+00:00,False,+2.3%,,,,,False,1.8K,True,$10.16 / SMA $10.10,False,0.12%,,,True,50.3M,True,NGM,False,
DMPHF,Dermapharm Holding SE,53.0,2026-06-25T00:03:21.259717+00:00,False,+34.0%,True,$2625.7M,True,+35.5%,False,0.0K,True,$53.00 / SMA $40.37,False,0.00%,False,+1.1%,True,7.0M,False,PNK,False,
DMPZF,Domino's Pizza Group plc,2.49,2026-06-25T00:05:56.365692+00:00,False,+13.2%,True,$949.1M,,,False,0.5K,True,$2.49 / SMA $2.33,False,0.00%,,,False,375.2M,False,PNK,False,
DMRA,"Damora Therapeutics, Inc.",22.0,2026-06-25T00:04:10.958141+00:00,True,+798.0%,True,$1354.2M,True,+67.7%,False,342.7K,False,$22.00 / SMA $23.99,True,9.50%,,,True,41.2M,True,NCM,False,
DMRC,Digimarc Corporation,7.53,2026-06-25T00:08:32.864798+00:00,True,+85.0%,False,$168.1M,True,+41.8%,False,234.7K,False,$7.53 / SMA $10.08,True,10.65%,False,+-19.1%,True,16.3M,True,NMS,False,
DMZPY,Domino's Pizza Enterprises Limited,5.64,2026-06-25T00:05:38.156785+00:00,False,+42.4%,True,$1068.7M,,,False,0.2K,False,$5.64 / SMA $5.88,False,0.94%,,,True,131.6M,False,PNK,False,
DNACF,"DeNA Co., Ltd.",15.85,2026-06-25T23:23:55.534812+00:00,False,+13.2%,True,$1548.3M,,N/A,False,0.0K,False,$15.85 / SMA $17.06,False,0.00%,,N/A,True,57.0M,False,PNK,False,
DNBBF,DNB Bank ASA,31.136,2026-06-25T23:08:01.781520+00:00,False,+23.0%,True,$44681.0M,False,+-20.8%,False,4.5K,False,$31.14 / SMA $31.72,True,3.34%,False,+0.4%,False,1452.1M,False,PNK,False,
DNEMF,DNEMF,10.535,2026-06-25T23:23:55.095237+00:00,False,+9.7%,True,$2122.3M,,N/A,False,0.1K,True,$10.54 / SMA $10.18,False,0.00%,,N/A,False,163.0M,False,PNK,False,
DNLMY,Dunelm Group plc,11.15,2026-06-25T23:23:52.811534+00:00,False,+18.6%,True,$2246.2M,,N/A,False,0.1K,True,$11.15 / SMA $10.22,False,0.00%,,N/A,False,163.0M,False,PNK,False,
DNN,Denison Mines Corp.,3.07,2026-06-25T23:23:43.946518+00:00,True,+83.8%,True,$2778.4M,False,+-160.0%,True,25850.7K,False,$3.07 / SMA $3.49,True,5.90%,False,+-19.6%,False,902.0M,True,ASE,False,
DNNGY,Ørsted A/S,7.54,2026-06-24T23:59:04.665437+00:00,False,+31.1%,True,$29882.7M,False,+-72.9%,False,127.8K,False,$7.54 / SMA $8.39,False,2.29%,True,+34.0%,False,1382.9M,False,PNK,False,
DNOPY,Dino Polska S.A.,7.85,2026-06-25T23:08:30.295273+00:00,False,+5.9%,True,$7696.1M,False,+0.0%,False,73.9K,False,$7.85 / SMA $8.56,True,4.33%,False,+14.8%,False,478.1M,False,PNK,False,
DNP,DNP Select Income Fund Inc.,10.88,2026-06-25T23:10:23.773297+00:00,False,+13.1%,True,$4099.8M,,,True,664.0K,True,$10.88 / SMA $10.66,False,1.08%,,,,,True,NYQ,False,
DNPLY,"Dai Nippon Printing Co., Ltd.",8.32,2026-06-25T23:20:12.531286+00:00,False,+13.4%,True,$7155.0M,,N/A,False,9.9K,False,$8.32 / SMA $8.95,True,3.54%,False,+3.7%,False,821.1M,False,PNK,False,
DNTH,"Dianthus Therapeutics, Inc.",91.57,2026-06-25T23:10:19.034160+00:00,True,+430.2%,True,$5005.8M,False,+-3.7%,True,834.1K,True,$91.57 / SMA $86.61,True,6.46%,False,+-60.2%,True,54.6M,True,NCM,False,
DNTUY,Dentsu Group Inc.,17.25,2026-06-25T23:10:17.706376+00:00,False,+5.3%,True,$4477.9M,,,False,0.7K,False,$17.25 / SMA $18.96,False,0.30%,,,False,190.0M,False,PNK,False,
DNUT,"Krispy Kreme, Inc.",3.56,2026-06-25T23:27:32.440265+00:00,False,+39.0%,True,$613.7M,False,+20.0%,True,2411.6K,False,$3.56 / SMA $3.61,True,6.00%,False,+-2.2%,True,90.5M,True,NMS,False,
DOC,"Healthpeak Properties, Inc.",21.23,2026-06-25T23:08:20.218375+00:00,False,+35.2%,True,$14636.4M,True,+366.7%,True,8990.1K,True,$21.23 / SMA $18.72,False,2.50%,False,+7.1%,False,686.7M,True,NYQ,False,
DOCS,"Doximity, Inc.",19.85,2026-06-25T23:11:40.172600+00:00,False,+15.7%,True,$3630.0M,False,+-67.7%,True,3956.0K,False,$19.85 / SMA $22.17,True,4.22%,False,+5.1%,True,128.7M,True,NYQ,False,
DOLE,Dole plc,13.8,2026-06-25T23:13:51.349220+00:00,False,+10.2%,True,$1313.2M,False,+-19.5%,True,986.4K,False,$13.80 / SMA $14.42,False,2.45%,False,+11.6%,True,76.4M,True,NYQ,False,
DOW,Dow Inc.,29.31,2026-06-25T23:19:47.494071+00:00,False,+43.7%,True,$21124.9M,False,+-68.2%,True,13190.2K,False,$29.31 / SMA $35.89,True,3.63%,False,+-6.1%,False,718.9M,True,NYQ,False,
DPSTF,Deutsche Post AG,60.85,2026-06-25T23:07:59.085843+00:00,False,+40.5%,True,$68105.9M,,,False,25.2K,True,$60.85 / SMA $57.58,False,0.63%,False,+-10.1%,False,915.6M,False,OID,False,
DPZUF,Domino's Pizza Enterprises Limited,12.5,2026-06-25T00:05:45.794305+00:00,False,+51.1%,True,$1184.3M,,,False,0.1K,True,$12.50 / SMA $12.21,False,0.00%,,,True,65.8M,False,PNK,False,
DQJCF,Pan Pacific International Holdings Corporation,5.23,2026-06-25T23:08:16.504641+00:00,False,+6.2%,True,$15635.0M,,,False,2.3K,False,$5.23 / SMA $5.52,False,0.68%,,,,,False,PNK,False,
DQJCY,Pan Pacific International Holdings Corporation,9.96,2026-06-24T23:59:20.489421+00:00,False,+5.0%,True,$14887.6M,,,False,299.7K,False,$9.96 / SMA $10.98,True,5.81%,,,,,False,PNK,False,
DRD,DRDGOLD Limited,21.31,2026-06-25T23:23:51.440488+00:00,False,+67.1%,True,$1848.4M,,N/A,False,289.9K,False,$21.31 / SMA $26.61,True,4.19%,,N/A,True,43.2M,True,NYQ,False,
DRDGF,DRDGOLD Limited,2.51,2026-06-25T23:23:51.818199+00:00,True,+91.6%,True,$2177.2M,,N/A,False,0.3K,False,$2.51 / SMA $2.75,False,0.00%,,N/A,False,431.6M,False,PNK,False,
DRI,"Darden Restaurants, Inc.",212.76,2026-06-25T23:19:49.191812+00:00,False,+25.9%,True,$24368.5M,False,+-3.3%,True,1162.3K,True,$212.76 / SMA $200.92,False,2.82%,False,+5.9%,True,114.0M,True,NYQ,False,
DRMKY,dormakaba Holding AG,12.53,2026-06-25T00:03:22.932936+00:00,True,+428.7%,True,$2662.7M,,,False,18.6K,False,$12.53 / SMA $13.31,True,20.07%,,,False,191.2M,False,PNK,False,
DRTS,Alpha Tau Medical Ltd.,11.17,2026-06-25T23:15:35.251773+00:00,True,+289.2%,True,$1008.9M,False,+-116.7%,True,729.0K,True,$11.17 / SMA $9.26,True,8.60%,,,True,61.8M,True,NCM,False,
DRUG,Bright Minds Biosciences Inc.,63.64,2026-06-25T23:26:59.727957+00:00,True,+174.6%,True,$624.4M,False,+-159.5%,False,283.0K,False,$63.64 / SMA $78.83,True,7.46%,,N/A,True,5.1M,True,NCM,False,
DRVN,Driven Brands Holdings Inc.,13.54,2026-06-25T23:23:50.636783+00:00,False,+38.2%,True,$2233.5M,True,+450.0%,True,1532.7K,True,$13.54 / SMA $13.22,True,4.47%,False,+8.2%,True,59.9M,True,NMS,False,
DRWKF,Drägerwerk AG & Co. KGaA,100.47,2026-06-25T00:03:41.338415+00:00,False,+49.3%,True,$1884.8M,,,False,0.0K,False,$100.47 / SMA $109.99,False,0.00%,False,+-29.7%,True,10.6M,False,PNK,False,
DRXGF,Drax Group plc,10.0,2026-06-25T23:11:40.578545+00:00,False,+33.3%,True,$3362.5M,,,False,0.1K,False,$10.00 / SMA $10.75,False,0.00%,,,False,334.1M,False,PNK,False,
DRXGY,Drax Group plc,22.657,2026-06-25T00:01:39.593507+00:00,False,+32.0%,True,$3809.2M,,,False,0.1K,True,$22.66 / SMA $22.60,False,0.00%,,,False,167.1M,False,PNK,False,
DSAC,Daedalus Special Acquisition Corp.,10.045,2026-06-25T23:29:23.821139+00:00,False,+1.5%,True,$341.7M,,N/A,False,55.9K,True,$10.04 / SMA $9.98,False,0.32%,,N/A,True,15.5M,True,NGM,False,
DSACU,Daedalus Special Acquisition Corp.,10.2,2026-06-25T00:08:21.980458+00:00,False,+2.0%,,,,,False,1.9K,True,$10.20 / SMA $10.06,False,0.14%,,,True,15.5M,True,NGM,False,
DSCNF,DSCNF,30.0,2026-06-25T00:05:51.469759+00:00,True,+224.3%,True,$890.3M,,,False,21.1K,True,$30.00 / SMA_short $30.00,,,,,True,16.1M,False,PNK,False,
DSDVF,DSV A/S,233.102,2026-06-24T23:58:54.884879+00:00,False,+19.5%,True,$55610.1M,,,False,0.7K,False,$233.10 / SMA $247.10,True,3.35%,True,+61.8%,False,196.1M,False,PNK,False,
DSEEY,Daiwa Securities Group Inc.,9.88,2026-06-25T23:19:59.934821+00:00,False,+49.2%,True,$13699.6M,,N/A,False,35.6K,True,$9.88 / SMA $9.62,True,4.22%,,N/A,False,1365.6M,False,PNK,False,
DSGN,"Design Therapeutics, Inc.",13.78,2026-06-25T00:06:04.695961+00:00,True,+313.8%,True,$860.7M,False,+6.5%,True,785.0K,True,$13.78 / SMA $12.42,True,6.49%,,,True,32.9M,True,NMS,False,
DSGR,"Distribution Solutions Group, Inc.",27.5,2026-06-25T00:05:33.356567+00:00,False,+44.6%,True,$1270.4M,False,+-85.7%,False,83.8K,True,$27.50 / SMA $27.35,False,2.36%,False,+3.8%,True,42.1M,True,NMS,False,
DSL,DoubleLine Income Solutions Fund,10.83,2026-06-25T23:13:53.656193+00:00,False,+3.2%,True,$1240.8M,,,True,505.4K,True,$10.83 / SMA $10.82,False,0.85%,,,,,True,NYQ,False,
DSMFF,DSM-Firmenich AG,88.19,2026-06-24T23:59:17.345906+00:00,False,+31.6%,True,$21827.5M,,,False,1.2K,True,$88.19 / SMA $77.87,False,0.08%,,,False,218.3M,False,OQX,False,
DSNKY,"Daiichi Sankyo Company, Limited",15.63,2026-06-24T23:59:07.113495+00:00,False,+4.3%,True,$28441.2M,,,False,331.8K,False,$15.63 / SMA $16.61,False,2.74%,,,False,1819.2M,False,PNK,False,
DSU,"BlackRock Debt Strategies Fund, Inc.",9.7,2026-06-25T23:15:47.277633+00:00,False,+4.2%,True,$610.4M,,,False,296.9K,True,$9.70 / SMA $9.68,False,0.72%,,,,,True,NYQ,False,
DT,"Dynatrace, Inc.",40.61,2026-06-24T23:59:33.334809+00:00,False,+28.4%,True,$11836.8M,False,+-53.8%,True,6077.5K,True,$40.61 / SMA $39.14,True,3.82%,False,+19.4%,False,289.6M,True,NYQ,False,
DTEGF,Deutsche Telekom AG,30.26,2026-06-24T23:58:46.783144+00:00,False,+5.4%,True,$146398.6M,False,+-27.6%,False,9.9K,False,$30.26 / SMA $33.05,False,1.64%,False,+0.4%,False,4138.2M,False,OQX,False,
DTEGY,Deutsche Telekom AG,29.85,2026-06-25T23:07:53.514747+00:00,False,+1.4%,True,$145656.4M,False,+-27.6%,True,607.7K,False,$29.85 / SMA $32.54,False,1.62%,False,+0.4%,False,4138.2M,False,OQX,False,
DTM,"DT Midstream, Inc.",147.09,2026-06-24T23:59:23.456727+00:00,False,+50.0%,True,$15005.3M,False,+19.8%,True,751.0K,True,$147.09 / SMA $141.26,False,2.13%,False,+10.9%,True,101.4M,True,NYQ,False,
DTNOF,DNO ASA,1.77,2026-06-25T00:03:33.780215+00:00,False,+47.5%,True,$1725.8M,True,+140.0%,False,2.4K,False,$1.77 / SMA $2.04,False,0.74%,True,+255.0%,False,732.9M,False,PNK,False,
DTRUY,Daimler Truck Holding AG,23.13,2026-06-25T23:19:42.874732+00:00,False,+19.0%,True,$35358.2M,,N/A,False,55.3K,False,$23.13 / SMA $23.96,False,1.74%,False,+-30.4%,False,1068.6M,False,PNK,False,
DTTLF,Datatec Limited,5.58,2026-06-25T23:13:54.318141+00:00,False,+61.7%,True,$1331.5M,,,False,0.0K,True,$5.58 / SMA $4.55,False,0.00%,,,False,167.2M,False,OQX,False,
DTTLY,Datatec Limited,9.03,2026-06-25T23:25:44.601996+00:00,False,+50.5%,True,$1077.4M,,N/A,False,0.0K,False,$9.03 / SMA $9.33,False,0.00%,,N/A,True,83.6M,False,OQX,False,
DUAVF,Dassault Aviation société anonyme,322.0,2026-06-25T23:08:09.275315+00:00,False,+8.2%,True,$24976.4M,,,False,0.2K,False,$322.00 / SMA $344.27,True,3.98%,,,True,17.1M,False,PNK,False,
DUFRY,Avolta AG,6.342,2026-06-24T23:59:43.769821+00:00,False,+26.8%,True,$8974.5M,,,False,76.0K,True,$6.34 / SMA $5.91,False,1.86%,,,False,937.6M,False,PNK,False,
DUK,Duke Energy Corporation,127.11,2026-06-25T23:19:33.511541+00:00,False,+11.6%,True,$99094.5M,False,+11.9%,True,3376.8K,True,$127.11 / SMA $124.62,False,1.84%,False,+11.3%,False,777.5M,True,NYQ,False,
DVCMY,Davide Campari-Milano N.V.,6.2,2026-06-25T23:08:32.497231+00:00,False,+2.6%,True,$7432.5M,,,False,59.7K,False,$6.20 / SMA $6.64,False,2.28%,False,+2.2%,False,572.2M,False,PNK,False,
DVN,Devon Energy Corporation,42.74,2026-06-24T23:58:55.754981+00:00,False,+35.9%,True,$49296.5M,False,+-75.3%,True,14657.8K,False,$42.74 / SMA $46.05,True,3.01%,False,+-14.5%,False,617.0M,True,NYQ,False,
DVSPF,Dividend 15 Split Corp.,6.21,2026-06-25T00:05:51.905202+00:00,False,+37.1%,,,,,False,3.6K,True,$6.21 / SMA $5.83,False,0.18%,,,,,False,PNK,False,
DWHHF,Deutsche Wohnen SE,24.38,2026-06-25T23:08:28.012843+00:00,False,+2.4%,True,$9677.3M,,,False,0.0K,False,$24.38 / SMA $24.42,False,0.00%,,,True,30.3M,False,PNK,False,
DXC,DXC Technology Company,8.23,2026-06-25T23:13:48.403917+00:00,False,+4.2%,True,$1333.9M,False,+-158.7%,True,4712.3K,False,$8.23 / SMA $10.08,True,5.85%,False,+-1.2%,False,152.1M,True,NYQ,False,
E,Eni S.p.A.,47.22,2026-06-24T23:58:52.440681+00:00,False,+48.2%,True,$69076.0M,False,+-5.6%,False,481.0K,False,$47.22 / SMA $53.40,False,2.04%,False,+4.7%,False,934.9M,True,NYQ,False,
EAD,Wells Fargo Advantage Funds - Allspring Income Opportunities Fund,6.36,2026-06-25T00:08:05.635985+00:00,False,+1.9%,True,$375.8M,,,False,193.1K,False,$6.36 / SMA $6.48,False,0.75%,,,,,True,ASE,False,
EADSF,Airbus SE,217.43,2026-06-24T23:58:47.131116+00:00,False,+20.8%,True,$171167.0M,False,+-26.7%,False,4.4K,True,$217.43 / SMA $204.20,True,4.10%,False,+-6.6%,False,584.2M,False,PNK,False,
EBAY,eBay Inc.,108.0,2026-06-25T23:08:01.315398+00:00,False,+48.3%,True,$47952.0M,False,+5.7%,True,5365.4K,False,$108.00 / SMA $108.17,False,2.92%,False,+19.5%,False,441.3M,True,NMS,False,
EBC,"Eastern Bankshares, Inc.",21.85,2026-06-25T23:21:58.102218+00:00,False,+46.8%,True,$4697.3M,True,+126.9%,True,2905.8K,True,$21.85 / SMA $20.06,False,2.27%,True,+630.3%,False,203.8M,True,NMS,False,
EBF,"Ennis, Inc.",21.17,2026-06-25T23:27:35.152972+00:00,False,+29.9%,True,$535.6M,False,+2.6%,False,153.4K,True,$21.17 / SMA $20.54,False,2.27%,,N/A,True,22.5M,True,NYQ,False,
EBGEF,Enbridge Inc.,25.23,2026-06-25T23:19:31.712233+00:00,False,+8.5%,,N/A,,N/A,False,0.7K,True,$25.23 / SMA $25.08,False,0.24%,False,+20.8%,False,2180.0M,False,PNK,False,
EBKDY,Erste Group Bank AG,64.97,2026-06-25T23:08:02.254184+00:00,False,+59.0%,True,$50736.5M,False,+18.1%,False,59.9K,True,$64.97 / SMA $59.53,False,1.64%,True,+35.9%,False,673.2M,False,PNK,False,
EBRCZ,EBRCZ,0.31095,2026-06-25T00:03:48.368442+00:00,False,+66.2%,False,$140.1M,False,+-35.7%,False,5.6K,False,$0.31 / SMA $0.38,True,5.09%,,,False,315.8M,False,PNK,False,
ECHQF,ECHQF,0.9,2026-06-25T23:27:34.580562+00:00,True,+800.0%,True,$594.8M,,N/A,False,16.0K,True,$0.90 / SMA $0.89,False,1.33%,,N/A,,N/A,False,OQB,False,
ECL,Ecolab Inc.,276.29,2026-06-24T23:58:52.959137+00:00,False,+13.6%,True,$77758.4M,False,+7.8%,True,1637.1K,True,$276.29 / SMA $260.37,False,2.49%,False,+10.0%,False,280.8M,True,NYQ,False,
ECO,Okeanis Eco Tankers Corp.,51.88,2026-06-25T23:12:07.735791+00:00,True,+143.9%,True,$2025.6M,True,+492.3%,False,470.9K,True,$51.88 / SMA $51.48,True,4.08%,True,+112.3%,True,9.9M,True,NYQ,False,
ECPG,"Encore Capital Group, Inc.",87.07,2026-06-25T00:03:43.439656+00:00,True,+144.1%,True,$1866.8M,True,+100.0%,False,326.2K,True,$87.07 / SMA $81.82,True,3.04%,False,+21.0%,True,21.0M,True,NMS,False,
ECRAF,Ecora Royalties PLC,1.79,2026-06-25T23:15:50.343960+00:00,True,+115.7%,True,$446.5M,,,False,53.4K,False,$1.79 / SMA $1.91,True,7.88%,,,False,196.0M,False,OQX,False,
ECX,ECARX Holdings Inc.,1.15,2026-06-25T23:29:21.558100+00:00,False,+30.8%,True,$438.2M,True,+62.5%,True,1802.6K,True,$1.15 / SMA $1.14,True,10.69%,False,+-21.6%,True,114.4M,True,NGM,False,
EDD,EDD,5.81,2026-06-25T23:29:21.567698+00:00,False,+17.1%,,N/A,,N/A,False,369.8K,True,$5.81 / SMA $5.56,False,1.35%,,N/A,,N/A,True,NYQ,False,
EDPFY,"EDP, S.A.",49.61,2026-06-25T23:19:51.003406+00:00,False,+17.3%,True,$20551.4M,False,+-10.0%,False,19.4K,False,$49.61 / SMA $51.31,False,1.56%,False,+-0.8%,False,271.6M,False,PNK,False,
EDRVF,"EDP Renewables, S.A.",16.96,2026-06-25T23:19:53.594430+00:00,False,+59.7%,True,$17972.5M,,N/A,False,0.1K,True,$16.96 / SMA $16.41,False,0.00%,,N/A,False,294.7M,False,PNK,False,
EDVGF,Endeavour Group Limited,2.25,2026-06-25T23:22:03.221132+00:00,False,+18.4%,True,$4040.4M,,N/A,False,0.1K,False,$2.25 / SMA $2.26,False,0.38%,,N/A,False,1518.2M,False,PNK,False,
EDVMF,Endeavour Mining plc,51.1,2026-06-24T23:59:26.371660+00:00,True,+76.2%,True,$12319.0M,True,+105.7%,False,17.9K,False,$51.10 / SMA $59.39,True,3.63%,True,+29.5%,False,209.5M,False,OQX,False,
EEX,EEX,5.03,2026-06-25T23:13:59.592688+00:00,False,+51.5%,True,$995.5M,False,+-50.0%,False,267.3K,True,$5.03 / SMA $4.90,False,0.44%,False,+5.2%,True,12.7M,True,NYQ,False,
EFGIF,EFG International AG,21.0,2026-06-25T00:01:22.661847+00:00,False,+58.6%,True,$6309.9M,,,False,0.0K,False,$21.00 / SMA $21.84,False,0.00%,,,True,91.5M,False,PNK,False,
EFOR,EFOR,18.31,2026-06-25T00:05:59.046637+00:00,False,+8.3%,True,$750.7M,False,+-72.9%,True,1251.5K,False,$18.31 / SMA $22.77,True,6.28%,False,+0.0%,True,36.9M,True,NYQ,False,
EFX,Equifax Inc.,157.61,2026-06-24T23:59:17.954782+00:00,False,+4.6%,True,$19013.2M,True,+34.0%,True,1779.2K,False,$157.61 / SMA $169.33,True,4.01%,False,+14.3%,True,118.6M,True,NYQ,False,
EGHT,"8x8, Inc.",1.72,2026-06-25T00:08:32.276417+00:00,False,+9.6%,False,$242.8M,True,+100.0%,True,1608.1K,False,$1.72 / SMA $2.08,True,7.29%,False,+4.6%,True,134.8M,True,NMS,False,
EGIEY,Engie Brasil Energia S.A.,6.76,2026-06-24T23:59:45.351408+00:00,False,+33.9%,True,$7721.9M,False,+-2.2%,False,52.7K,False,$6.76 / SMA $7.04,True,4.14%,False,+13.1%,False,357.4M,False,OID,False,
EGO,Eldorado Gold Corporation,30.43,2026-06-25T23:20:09.850587+00:00,False,+55.6%,True,$7928.1M,True,+94.3%,True,3282.8K,False,$30.43 / SMA $31.97,True,4.73%,True,+49.9%,False,257.4M,True,NYQ,False,
EH,EHang Holdings Limited,6.31,2026-06-25T23:15:39.458456+00:00,False,+1.9%,True,$478.6M,False,+-53.7%,True,909.4K,False,$6.31 / SMA $9.25,True,8.30%,False,+-1.7%,True,54.3M,True,NGM,False,
EHGRF,The Star Entertainment Group Limited,0.11,2026-06-25T23:27:37.075442+00:00,True,+175.0%,True,$730.0M,,N/A,False,0.0K,True,$0.11 / SMA $0.09,False,0.00%,,N/A,False,2072.7M,False,PNK,False,
EHMEF,goeasy Ltd.,28.09,2026-06-25T00:08:02.174002+00:00,False,+38.4%,True,$450.4M,,,False,11.1K,True,$28.09 / SMA $25.36,False,0.81%,False,+16.5%,True,12.3M,False,PNK,False,
EIKN,"Eikon Therapeutics, Inc.",9.63,2026-06-25T00:09:15.224436+00:00,False,+21.9%,True,$521.4M,,,False,306.3K,False,$9.63 / SMA $10.21,True,9.26%,,,True,29.8M,True,NMS,False,
EKTAY,Elekta AB (publ),4.86,2026-06-25T23:23:48.617787+00:00,False,+11.7%,True,$1856.9M,False,+-124.8%,False,1.7K,False,$4.86 / SMA $5.84,False,1.01%,False,+-7.6%,False,318.7M,False,PNK,False,
EKZRF,Eckert & Ziegler SE,18.0,2026-06-25T23:25:47.515519+00:00,False,+0.0%,True,$1126.4M,False,+6.3%,False,0.0K,True,$18.00 / SMA_short $17.82,False,0.00%,False,+7.0%,True,41.0M,False,PNK,False,
ELAN,Elanco Animal Health Incorporated,24.37,2026-06-25T23:20:03.292973+00:00,True,+82.0%,True,$12171.6M,False,+-15.4%,True,5857.2K,True,$24.37 / SMA $22.99,True,4.25%,False,+14.9%,False,494.8M,True,NYQ,False,
ELCPF,"EDP, S.A.",5.11,2026-06-24T23:59:16.525906+00:00,False,+24.9%,True,$21124.3M,False,+-10.0%,False,34.5K,True,$5.11 / SMA $5.04,False,1.83%,False,+-0.8%,False,2716.0M,False,PNK,False,
ELE,Elemental Royalty Corporation,15.16,2026-06-25T23:25:49.383414+00:00,False,+20.5%,True,$976.0M,,N/A,False,298.8K,False,$15.16 / SMA $17.25,True,5.67%,True,+109.0%,True,39.7M,True,NCM,False,
ELEEF,Element Fleet Management Corp.,20.93,2026-06-25T23:20:10.316203+00:00,False,+13.3%,True,$8288.1M,False,+20.0%,False,51.7K,False,$20.93 / SMA $21.08,False,1.50%,False,+16.4%,False,395.2M,False,PNK,False,
ELEZF,"Endesa, S.A.",36.55,2026-06-24T23:59:06.059616+00:00,False,+28.9%,True,$37409.6M,True,+27.3%,False,0.0K,False,$36.55 / SMA $41.06,False,0.00%,False,+-1.3%,False,312.1M,False,PNK,False,
ELEZY,"Endesa, S.A.",22.15,2026-06-25T23:19:40.909627+00:00,False,+54.6%,True,$45323.4M,True,+27.3%,False,22.1K,True,$22.15 / SMA $21.66,False,2.55%,False,+-1.3%,False,624.2M,False,PNK,False,
ELF,"e.l.f. Beauty, Inc.",65.09,2026-06-25T23:23:41.497534+00:00,False,+33.3%,True,$3869.0M,False,+-271.4%,True,3434.7K,True,$65.09 / SMA $59.66,True,6.11%,True,+35.1%,True,21.9M,True,NYQ,False,
ELMD,"Electromed, Inc.",40.05,2026-06-25T23:29:27.260159+00:00,True,+125.9%,True,$331.6M,True,+66.7%,False,57.6K,True,$40.05 / SMA $32.89,True,5.45%,False,+18.4%,True,6.5M,True,ASE,False,
ELMT,The Elmet Group Co.,18.68,2026-06-25T23:17:28.397892+00:00,False,+39.6%,True,$560.0M,,,True,953.0K,True,$18.68 / SMA_short $17.03,True,10.79%,,,True,9.6M,True,NCM,False,
ELMTY,Elementis plc,7.46,2026-06-25T23:13:55.340571+00:00,False,+3.6%,True,$1065.8M,,,False,0.0K,False,$7.46 / SMA $7.70,False,0.00%,,,True,140.7M,False,PNK,False,
ELS,"Equity LifeStyle Properties, Inc.",63.3,2026-06-24T23:59:32.021077+00:00,False,+8.9%,True,$12684.3M,False,+-1.8%,True,1422.6K,True,$63.30 / SMA $63.03,False,2.00%,False,+3.3%,False,192.3M,True,NYQ,False,
ELTP,"Elite Pharmaceuticals, Inc.",0.37,2026-06-25T23:17:32.656292+00:00,False,+12.1%,True,$398.5M,True,+200.0%,True,539.1K,True,$0.37 / SMA $0.36,True,6.94%,True,+119.9%,False,835.9M,False,OQB,False,
ELV,"Elevance Health, Inc.",387.32,2026-06-25T23:07:56.989105+00:00,False,+41.5%,True,$84111.3M,False,+-16.8%,True,1710.0K,True,$387.32 / SMA $379.48,False,2.58%,False,+2.6%,False,216.7M,True,NYQ,False,
ELVA,Electrovaya Inc.,9.55,2026-06-25T00:07:48.566355+00:00,True,+207.1%,True,$472.8M,False,+0.0%,False,416.5K,False,$9.55 / SMA $10.19,True,7.36%,False,+20.2%,True,32.1M,True,NCM,False,
ELVN,"Enliven Therapeutics, Inc.",47.77,2026-06-25T00:03:26.133105+00:00,True,+223.1%,True,$3412.6M,True,+33.3%,True,1364.9K,True,$47.77 / SMA $41.90,True,7.30%,,,True,44.7M,True,NMS,True,
EMBJ,EMBJ,62.8,2026-06-25T23:08:26.062626+00:00,False,+34.9%,True,$11175.8M,False,+-25.3%,True,1610.5K,True,$62.80 / SMA $60.43,True,3.14%,False,+-37.4%,False,168.0M,True,NYQ,False,
EMBVF,"Arca Continental, S.A.B. de C.V.",11.95,2026-06-24T23:59:16.257647+00:00,False,+25.7%,True,$20293.4M,False,+-1.5%,False,3.6K,False,$11.95 / SMA $12.31,False,1.08%,False,+-15.4%,,,False,PNK,False,
EMD,Western Asset Emerging Markets Debt Fund Inc.,10.52,2026-06-25T00:06:08.413240+00:00,False,+9.6%,True,$611.5M,,,False,207.7K,True,$10.52 / SMA $10.47,False,1.39%,,,,,True,NYQ,False,
EME,"EMCOR Group, Inc.",862.66,2026-06-25T23:08:04.575235+00:00,True,+71.0%,True,$38416.5M,True,+30.0%,False,371.1K,True,$862.66 / SMA $859.27,True,3.47%,False,+19.7%,True,43.9M,True,NYQ,False,
EMLAF,Empire Company Limited,35.57,2026-06-24T23:59:44.402767+00:00,False,+9.2%,True,$8006.3M,,,False,4.2K,True,$35.57 / SMA $34.58,False,0.31%,False,+2.2%,True,121.4M,False,PNK,False,
EMLZF,Emmi AG,1099.16,2026-06-25T00:01:26.543038+00:00,False,+28.3%,True,$5880.3M,,,False,0.0K,True,$1099.16 / SMA $1014.62,False,0.00%,,,True,2.1M,False,PNK,False,
EMO,ClearBridge Energy Midstream Opportunity Fund Inc,49.42,2026-06-25T23:13:53.375734+00:00,False,+19.0%,True,$989.1M,,,False,55.0K,False,$49.42 / SMA $49.64,False,1.67%,,,,,True,NYQ,False,
ENAKF,E.ON SE,20.33,2026-06-24T23:58:55.703600+00:00,False,+18.5%,True,$53123.9M,True,+325.0%,False,0.5K,False,$20.33 / SMA $21.72,False,0.89%,False,+-13.5%,False,2139.2M,False,PNK,False,
ENB,Enbridge Inc.,55.29,2026-06-24T23:58:48.366276+00:00,False,+26.8%,True,$120736.6M,False,+-26.2%,True,4439.4K,True,$55.29 / SMA $54.60,False,1.67%,False,+20.8%,False,2180.0M,True,NYQ,False,
ENDTF,Canoe EIT Income Fund,12.14,2026-06-25T00:03:27.779687+00:00,False,+17.9%,True,$2264.1M,,,False,12.3K,False,$12.14 / SMA $12.19,False,0.35%,,,,,False,PNK,False,
ENGIY,Engie SA,30.28,2026-06-25T23:19:35.369487+00:00,False,+50.0%,True,$76939.5M,,N/A,False,172.7K,False,$30.28 / SMA $31.63,False,1.17%,,N/A,False,1188.1M,False,PNK,False,
ENGQF,Engie SA,29.76,2026-06-25T23:07:57.441758+00:00,False,+50.5%,True,$75618.2M,,,False,7.7K,False,$29.76 / SMA $31.69,True,4.21%,,,False,1188.1M,False,PNK,False,
ENHA,Enhanced Group Inc.,3.51,2026-06-25T00:06:06.162819+00:00,False,+49.4%,True,$474.1M,,,True,1624.7K,False,$3.51 / SMA_short $4.24,True,20.08%,,,False,234.0M,True,NYQ,False,
ENIC,Enel Chile S.A.,4.34,2026-06-25T23:10:13.544371+00:00,False,+40.0%,True,$6003.7M,False,+-8.0%,True,716.9K,False,$4.34 / SMA $4.35,False,2.75%,False,+8.7%,False,495.5M,True,NYQ,False,
ENLT,Enlight Renewable Energy Ltd,88.41,2026-06-25T23:08:21.689050+00:00,True,+291.0%,True,$12352.3M,False,+-78.7%,False,205.8K,False,$88.41 / SMA $90.96,True,4.50%,True,+42.6%,True,133.4M,True,NMS,False,
ENPSF,Enplas Corporation,88.5,2026-06-25T23:15:39.107443+00:00,True,+197.9%,True,$795.1M,,,False,0.5K,False,$88.50 / SMA $89.12,False,0.17%,,,True,6.7M,False,PNK,False,
ENS,EnerSys,226.34,2026-06-25T23:08:30.331848+00:00,True,+166.3%,True,$8265.4M,False,+-14.9%,False,415.9K,True,$226.34 / SMA $222.01,True,4.08%,False,+1.3%,True,36.3M,True,NYQ,False,
ENVA,"Enova International, Inc.",221.38,2026-06-25T23:10:24.656130+00:00,True,+122.2%,True,$5509.0M,True,+28.6%,False,265.5K,True,$221.38 / SMA $173.31,True,3.54%,False,+17.4%,True,23.8M,True,NYQ,False,
ENVX,Enovix Corporation,6.05,2026-06-25T23:13:49.955702+00:00,False,+31.1%,True,$1319.8M,False,+-50.0%,True,6623.6K,False,$6.05 / SMA $6.84,True,8.81%,True,+49.1%,False,188.5M,True,NMS,False,
EOG,"EOG Resources, Inc.",133.59,2026-06-25T23:07:58.137957+00:00,False,+31.5%,True,$71153.8M,True,+39.6%,True,4001.4K,False,$133.59 / SMA $135.95,False,2.59%,False,+15.7%,False,530.8M,True,NYQ,False,
EOGSF,Emerald Resources NL,4.18,2026-06-25T23:23:48.264100+00:00,True,+92.6%,True,$2762.0M,,N/A,False,1.5K,False,$4.18 / SMA $4.25,False,0.06%,,N/A,False,528.9M,False,PNK,False,
EONGY,E.ON SE,20.02,2026-06-25T23:19:38.163600+00:00,False,+17.4%,True,$52313.8M,True,+325.0%,False,204.2K,False,$20.02 / SMA $21.36,False,1.68%,False,+-13.5%,False,2139.2M,False,PNK,False,
EOPSF,Electro Optic Systems Holdings Limited,6.59,2026-06-25T23:25:41.684705+00:00,False,+64.3%,True,$1428.1M,,N/A,False,87.4K,False,$6.59 / SMA $6.99,True,8.94%,,N/A,False,161.6M,False,PNK,False,
EOS,Eaton Vance Enhanced Equity Income Fund II,21.45,2026-06-25T00:05:36.171039+00:00,False,+10.3%,True,$1143.6M,,,False,136.0K,False,$21.45 / SMA $22.12,False,1.50%,,,,,True,NYQ,False,
EPAM,"EPAM Systems, Inc.",78.39,2026-06-25T00:01:28.091723+00:00,False,+7.3%,True,$4095.4M,False,+18.8%,True,1846.6K,False,$78.39 / SMA $103.78,True,5.16%,False,+7.6%,True,50.3M,True,NYQ,False,
EPD,Enterprise Products Partners L.P.,36.09,2026-06-24T23:58:51.318273+00:00,False,+20.3%,True,$78081.4M,False,+6.3%,True,4262.0K,False,$36.09 / SMA $37.69,False,1.81%,False,+-6.7%,False,1449.6M,True,NYQ,False,
EPMLF,Empire Metals Limited,0.432,2026-06-25T23:17:39.237970+00:00,False,+58.6%,,,,,False,17.0K,False,$0.43 / SMA_short $0.46,True,9.39%,,,False,612.2M,False,OQX,False,
EPOAY,EPOAY,26.27,2026-06-25T23:19:44.053515+00:00,False,+34.4%,True,$31782.1M,,N/A,False,82.3K,False,$26.27 / SMA $28.23,False,2.02%,False,+-16.8%,False,1001.9M,False,PNK,False,
EPR,EPR Properties,58.94,2026-06-25T00:01:34.117944+00:00,False,+22.5%,True,$4509.4M,False,+-5.1%,True,718.2K,True,$58.94 / SMA $57.13,False,2.03%,False,+4.8%,True,74.6M,True,NYQ,False,
EPRX,Eupraxia Pharmaceuticals Inc.,6.25,2026-06-25T00:07:57.734035+00:00,False,+45.0%,True,$408.3M,False,+-9.5%,False,236.6K,False,$6.25 / SMA $6.90,True,6.49%,,,True,50.3M,True,NCM,False,
EQBBF,EQT AB (publ),27.83,2026-06-24T23:59:02.077381+00:00,False,+0.0%,True,$32559.4M,,,False,0.6K,False,$27.83 / SMA $29.91,False,0.00%,,,False,945.6M,False,PNK,False,
EQBK,"Equity Bancshares, Inc.",48.12,2026-06-25T23:14:00.418669+00:00,False,+33.5%,True,$993.2M,False,+-5.9%,False,103.4K,True,$48.12 / SMA $46.04,False,2.04%,True,+36.9%,True,17.7M,True,NYQ,False,
EQNR,Equinor ASA,31.56,2026-06-25T23:19:33.224880+00:00,False,+41.8%,True,$78573.8M,True,+29.2%,True,5008.5K,False,$31.56 / SMA $37.07,False,2.20%,False,+-5.3%,False,1242.6M,True,NYQ,False,
EQRLF,EQRLF,0.1888,2026-06-25T00:05:50.261375+00:00,True,+214.7%,True,$963.6M,,,True,838.1K,False,$0.19 / SMA $0.19,True,13.94%,,,False,3103.2M,False,PNK,False,
EQT,EQT Corporation,51.65,2026-06-25T23:19:42.759405+00:00,False,+6.6%,True,$32305.9M,True,+490.0%,True,7389.3K,False,$51.65 / SMA $55.67,False,2.26%,True,+49.5%,False,619.9M,True,NYQ,False,
EQX,Equinox Gold Corp.,9.41,2026-06-25T23:20:05.831268+00:00,False,+67.7%,True,$7426.0M,True,+323.5%,True,11280.1K,False,$9.41 / SMA $12.70,True,5.68%,True,+224.3%,False,759.5M,True,ASE,False,
ERAS,"Erasca, Inc.",14.95,2026-06-25T23:11:44.120201+00:00,True,+1135.5%,True,$4649.2M,False,+-445.5%,True,6713.8K,True,$14.95 / SMA $13.60,True,8.35%,,,False,207.9M,True,NMS,False,
ERBKY,Eurobank S.A.,10.1,2026-06-25T23:08:18.286974+00:00,False,+6.3%,True,$36351.0M,,,False,0.8K,False,$10.10 / SMA_short $15.02,,,False,+0.1%,False,1233.0M,False,PNK,False,
ERIC,Telefonaktiebolaget LM Ericsson (publ),11.16,2026-06-24T23:58:58.448831+00:00,False,+55.9%,True,$36978.3M,False,+-78.2%,True,10418.6K,False,$11.16 / SMA $12.19,False,2.74%,False,+-10.3%,False,2907.1M,True,NMS,False,
ERIE,Erie Indemnity Company,229.96,2026-06-25T23:08:26.016062+00:00,False,+12.4%,True,$12024.6M,False,+8.7%,False,213.0K,True,$229.96 / SMA $224.47,True,3.14%,False,+1.2%,True,25.1M,True,NMS,False,
ERLFF,Entrée Resources Ltd.,1.877,2026-06-25T00:08:10.097280+00:00,False,+32.7%,True,$391.5M,False,+0.0%,False,10.1K,True,$1.88 / SMA $1.81,False,2.98%,,,False,168.8M,False,OQB,False,
ESAB,ESAB Corporation,96.85,2026-06-25T00:01:26.871355+00:00,False,+17.8%,True,$5896.4M,False,+-29.1%,True,721.9K,True,$96.85 / SMA $95.90,True,4.50%,False,+9.9%,True,56.8M,True,NYQ,False,
ESBA,"Empire State Realty OP, L.P.",5.02,2026-06-25T00:03:49.672339+00:00,False,+8.0%,True,$1405.2M,False,+-80.0%,False,6.7K,False,$5.02 / SMA $5.36,True,5.05%,False,+5.7%,True,22.9M,True,PCX,False,
ESE,ESCO Technologies Inc.,354.9,2026-06-25T23:08:32.670008+00:00,True,+102.9%,True,$9194.5M,False,+11.7%,False,322.4K,True,$354.90 / SMA $312.54,True,3.25%,True,+33.5%,True,25.8M,True,NYQ,False,
ESI,Element Solutions Inc,47.72,2026-06-25T23:20:04.923291+00:00,True,+112.7%,True,$11624.9M,False,+-42.5%,True,3099.2K,True,$47.72 / SMA $42.11,True,3.91%,True,+41.5%,False,229.2M,True,NYQ,False,
ESLOF,EssilorLuxottica Société anonyme,188.66,2026-06-25T23:07:56.466352+00:00,False,+0.0%,True,$86823.5M,,,False,4.4K,False,$188.66 / SMA $209.87,True,4.79%,,,False,294.4M,False,PNK,False,
ESLOY,EssilorLuxottica Société anonyme,95.66,2026-06-24T23:58:50.359365+00:00,False,+1.3%,True,$88047.7M,,,False,125.1K,False,$95.66 / SMA $104.48,False,1.92%,,,False,588.8M,False,PNK,False,
ESOA,Energy Services of America Corporation,18.7,2026-06-25T23:29:25.589219+00:00,True,+138.5%,True,$348.9M,True,+102.4%,False,132.5K,True,$18.70 / SMA $16.60,True,5.49%,False,+21.5%,True,14.6M,True,NCM,False,
ESOCF,Enel SpA,11.22,2026-06-25T23:19:32.658919+00:00,False,+27.9%,True,$111339.0M,False,+-5.3%,False,12.9K,False,$11.22 / SMA $11.61,False,2.68%,False,+-2.5%,False,7868.0M,False,PNK,False,
ESPR,"Esperion Therapeutics, Inc.",3.15,2026-06-25T23:15:37.172158+00:00,True,+231.6%,True,$811.7M,True,+52.4%,True,13001.1K,True,$3.15 / SMA $2.86,False,0.46%,False,+23.2%,False,234.2M,True,NGM,False,
ESRT,"Empire State Realty Trust, Inc.",5.14,2026-06-25T23:25:52.953569+00:00,False,+5.5%,True,$1573.6M,False,+-80.0%,True,1930.5K,False,$5.14 / SMA $5.46,True,3.50%,False,+4.9%,True,141.4M,True,NYQ,False,
ESTA,Establishment Labs Holdings Inc.,87.21,2026-06-25T00:03:32.705539+00:00,True,+161.5%,True,$2566.6M,True,+35.7%,False,497.1K,True,$87.21 / SMA $72.40,True,6.09%,True,+44.7%,True,19.6M,True,NCM,False,
ESYJY,easyJet plc,7.09,2026-06-25T23:22:04.153788+00:00,False,+55.1%,True,$5300.0M,,N/A,False,27.1K,True,$7.09 / SMA $5.60,False,2.73%,,N/A,False,613.6M,False,PNK,False,
ET,Energy Transfer LP,19.18,2026-06-25T23:07:58.644180+00:00,False,+18.5%,True,$66001.4M,False,+-2.8%,True,13890.3K,False,$19.18 / SMA $19.33,False,1.86%,True,+32.1%,False,3090.4M,True,NYQ,False,
ETD,Ethan Allen Interiors Inc.,21.98,2026-06-25T23:15:49.092629+00:00,False,+20.2%,True,$559.3M,False,+-37.8%,True,542.5K,True,$21.98 / SMA $20.81,True,3.31%,False,+-4.8%,True,23.8M,True,NYQ,False,
ETG,Eaton Vance Tax-Advantaged Global Dividend Income Fund,22.67,2026-06-25T00:03:42.499833+00:00,False,+17.2%,True,$1730.2M,,,False,144.8K,True,$22.67 / SMA $22.43,False,1.64%,,,,,True,NYQ,False,
ETN,Eaton Corporation plc,419.87,2026-06-25T23:07:53.794455+00:00,False,+34.6%,True,$163035.5M,False,+-9.4%,True,2544.9K,True,$419.87 / SMA $405.85,True,3.44%,False,+16.8%,False,387.6M,True,NYQ,False,
ETO,Eaton Vance Tax-Advantaged Global Dividend Opportunities Fund,30.22,2026-06-25T23:27:36.164172+00:00,False,+17.7%,True,$495.2M,,N/A,False,40.8K,True,$30.22 / SMA $29.85,False,2.02%,,N/A,,N/A,True,NYQ,False,
ETON,"Eton Pharmaceuticals, Inc.",34.82,2026-06-25T23:25:55.398203+00:00,True,+161.6%,True,$953.8M,True,+183.3%,False,403.8K,True,$34.82 / SMA $29.52,True,5.57%,True,+40.4%,True,21.1M,True,NGM,False,
ETW,Eaton Vance Tax-Managed Global Buy-Write Opportunities Fund,9.4,2026-06-25T23:25:51.487312+00:00,False,+11.1%,True,$1020.8M,,N/A,False,279.9K,True,$9.40 / SMA $9.29,False,1.00%,,N/A,,N/A,True,NYQ,False,
EULIF,European Lithium Limited,0.295,2026-06-25T23:27:33.944029+00:00,True,+742.9%,True,$509.1M,,N/A,True,2668.1K,True,$0.29 / SMA $0.29,True,7.91%,,N/A,False,1427.7M,False,OQB,False,
EUXTF,Euronext N.V.,164.8,2026-06-25T23:19:53.864432+00:00,False,+20.5%,True,$16437.2M,False,+16.1%,False,0.1K,False,$164.80 / SMA $168.67,False,0.02%,False,+14.8%,True,87.2M,False,PNK,False,
EVAC,EQV Ventures Acquisition Corp. II,10.18,2026-06-25T00:06:09.201265+00:00,False,+2.8%,True,$595.0M,,,False,94.8K,True,$10.18 / SMA $10.15,False,0.16%,,,True,46.2M,True,NYQ,False,
EVAC.U,EVAC.U,,2026-06-25T23:15:44.970072+00:00,False,,False,,False,,False,,False,,False,,False,,False,,False,Unknown,False,No price data available
EVC,Entravision Communications Corporation,11.21,2026-06-25T00:05:54.052800+00:00,True,+474.9%,True,$1031.8M,True,+124.5%,True,2481.2K,True,$11.21 / SMA $7.26,True,7.75%,True,+114.4%,True,69.7M,True,NYQ,True,
EVGGF,Evolution AB (publ),71.054,2026-06-24T23:59:23.910517+00:00,False,+26.5%,True,$13888.9M,False,+-31.1%,False,0.4K,False,$71.05 / SMA $71.94,False,0.43%,False,+-17.9%,True,121.4M,False,PNK,False,
EVGO,"EVgo, Inc.",1.77,2026-06-25T23:27:30.727754+00:00,False,+7.9%,True,$555.5M,False,+-33.3%,True,4175.9K,False,$1.77 / SMA $2.05,True,7.43%,True,+45.5%,True,133.2M,True,NMS,False,
EVH,"Evolent Health, Inc.",5.03,2026-06-25T23:17:25.430220+00:00,True,+140.1%,True,$565.8M,True,+61.9%,True,2667.0K,True,$5.03 / SMA $3.99,True,7.58%,False,+2.6%,True,94.0M,True,NYQ,False,
EVKIY,Evonik Industries AG,9.05,2026-06-25T23:20:06.463985+00:00,False,+25.0%,True,$8434.6M,,N/A,False,2.9K,False,$9.05 / SMA $9.40,False,2.20%,False,+-4.8%,False,250.0M,False,PNK,False,
EVMNY,Evolution Mining Limited,82.825,2026-06-25T23:19:53.877854+00:00,True,+75.3%,True,$17271.8M,,N/A,False,10.7K,False,$82.83 / SMA $89.90,False,2.73%,,N/A,False,201.4M,False,PNK,False,
EVOX,Evolution Global Acquisition Corp,10.02,2026-06-25T23:17:39.657613+00:00,False,+1.6%,True,$320.6M,,,False,23.3K,True,$10.02 / SMA $10.01,False,0.16%,,,True,21.2M,True,NGM,False,
EVOXU,Evolution Global Acquisition Corp,10.18,2026-06-25T00:08:27.411943+00:00,False,+1.3%,,,,,False,1.4K,False,$10.18 / SMA $10.18,False,0.09%,,,True,21.2M,True,NGM,False,
EVR,Evercore Inc.,347.31,2026-06-25T23:19:58.776712+00:00,False,+30.7%,True,$13434.8M,True,+106.9%,False,498.7K,True,$347.31 / SMA $344.90,True,3.73%,True,+100.3%,True,36.6M,True,NYQ,False,
EVRG,"Evergy, Inc.",86.66,2026-06-25T23:19:52.504976+00:00,False,+28.8%,True,$19976.3M,False,+18.5%,True,1889.3K,True,$86.66 / SMA $82.16,False,1.77%,False,+5.0%,False,229.2M,True,NMS,False,
EVTL,Vertical Aerospace Ltd.,1.7,2026-06-25T23:17:37.493661+00:00,False,+0.6%,False,$216.5M,,,True,3604.5K,False,$1.70 / SMA $2.45,True,7.26%,,,True,49.1M,True,NYQ,False,
EWBC,"East West Bancorp, Inc.",130.24,2026-06-25T23:19:54.432586+00:00,False,+40.5%,True,$17842.4M,False,+23.6%,True,938.5K,True,$130.24 / SMA $123.97,False,2.32%,False,+12.1%,True,135.7M,True,NMS,False,
EWIIF,EWIIF,3.63,2026-06-25T23:13:53.882548+00:00,True,+81.5%,,,,,False,6.2K,True,$3.63 / SMA_short $3.52,False,0.87%,,,,,False,PNK,False,
EXALF,Exail Technologies,117.96,2026-06-25T00:03:30.889687+00:00,False,+35.8%,True,$2029.9M,,,False,0.1K,False,$117.96 / SMA $140.41,False,0.23%,,,True,9.9M,False,OQX,False,
EXE,Expand Energy Corporation,88.44,2026-06-25T23:19:49.087350+00:00,False,+2.4%,True,$21157.4M,True,+553.8%,True,3310.3K,False,$88.44 / SMA $94.03,False,2.13%,True,+100.3%,False,238.1M,True,NMS,False,
EXEL,"Exelixis, Inc.",52.87,2026-06-24T23:59:31.262233+00:00,False,+56.6%,True,$13289.1M,True,+43.6%,True,2554.4K,True,$52.87 / SMA $48.94,True,3.08%,False,+10.0%,False,204.4M,True,NMS,False,
EXETF,Extendicare Inc.,24.63,2026-06-25T23:12:05.421247+00:00,True,+185.7%,True,$2335.5M,True,+139.8%,False,47.4K,True,$24.63 / SMA $23.01,False,0.71%,False,+24.2%,True,93.6M,False,PNK,False,
EXPE,"Expedia Group, Inc.",250.95,2026-06-25T23:08:09.777161+00:00,False,+51.6%,True,$30119.5M,True,+96.8%,True,1669.9K,True,$250.95 / SMA $236.72,True,3.84%,False,+14.7%,True,113.6M,True,NMS,False,
EXPGF,Experian plc,33.42,2026-06-25T23:19:44.450103+00:00,False,+1.3%,True,$29713.2M,,N/A,False,1.9K,False,$33.42 / SMA $35.47,False,0.36%,,N/A,False,897.3M,False,OQX,False,
EXSNY,Exosens,17.45,2026-06-25T00:01:39.660168+00:00,False,+8.0%,True,$884.6M,,,False,0.0K,True,$17.45 / SMA_short $17.23,False,0.00%,,,True,130.4M,False,PNK,False,
EXTR,"Extreme Networks, Inc.",30.93,2026-06-25T00:01:43.824856+00:00,True,+129.5%,True,$4045.0M,True,+166.7%,True,2440.0K,True,$30.93 / SMA $24.74,True,4.62%,False,+11.4%,True,126.5M,True,NMS,False,
EYE,"National Vision Holdings, Inc.",18.04,2026-06-25T23:25:40.864393+00:00,False,+22.3%,True,$1445.3M,True,+111.1%,True,2213.9K,False,$18.04 / SMA $19.65,True,5.69%,False,+6.6%,True,78.1M,True,NMS,False,
EZPW,"EZCORP, Inc.",33.28,2026-06-25T23:12:07.695404+00:00,True,+154.4%,True,$2047.9M,True,+84.8%,True,830.3K,True,$33.28 / SMA $32.08,True,5.07%,True,+45.9%,True,55.5M,True,NMS,True,
F,Ford Motor Company,14.11,2026-06-25T23:19:37.379592+00:00,False,+34.8%,True,$56224.0M,True,+425.0%,True,57780.2K,True,$14.11 / SMA $13.67,True,4.19%,False,+6.4%,False,3873.5M,True,NYQ,False,
FANDY,FirstRand Limited,59.35,2026-06-25T23:08:07.537556+00:00,False,+45.4%,True,$33187.5M,,,False,0.4K,True,$59.35 / SMA $55.22,False,0.00%,,,False,555.5M,False,PNK,False,
FANUF,Fanuc Corporation,45.6,2026-06-25T23:19:39.452392+00:00,True,+90.0%,True,$42552.0M,,N/A,False,1.8K,False,$45.60 / SMA $46.01,True,6.76%,,N/A,False,933.0M,False,PNK,False,
FANUY,Fanuc Corporation,22.17,2026-06-25T23:08:02.154353+00:00,True,+80.7%,True,$41376.2M,,,False,477.7K,False,$22.17 / SMA $23.03,True,3.07%,,,False,1866.0M,False,PNK,False,
FAX,Abrdn Asia-Pacific Income Fund Inc,14.4,2026-06-25T23:27:22.976876+00:00,False,+1.9%,True,$594.5M,,N/A,False,187.2K,False,$14.40 / SMA $14.44,False,1.36%,,N/A,,N/A,True,ASE,False,
FBIN,"Fortune Brands Innovations, Inc.",46.34,2026-06-25T23:21:58.595326+00:00,False,+43.3%,True,$5528.1M,False,+-52.4%,True,2612.1K,True,$46.34 / SMA $39.40,True,4.37%,False,+-2.1%,True,118.6M,True,NYQ,False,
FBIZ,"First Business Financial Services, Inc.",62.92,2026-06-25T23:15:50.060004+00:00,False,+37.1%,True,$526.1M,False,+9.1%,False,41.9K,True,$62.92 / SMA $57.57,False,2.32%,False,+8.5%,True,7.8M,True,NMS,False,
FBNC,First Bancorp,62.71,2026-06-25T00:03:27.598122+00:00,False,+50.2%,True,$2594.7M,True,+28.4%,False,214.4K,True,$62.71 / SMA $59.16,False,2.37%,False,+15.7%,True,40.7M,True,NMS,False,
FBP,First BanCorp.,26.42,2026-06-25T00:01:40.648401+00:00,False,+37.9%,True,$4086.8M,False,+21.3%,True,1428.3K,True,$26.42 / SMA $24.05,False,1.73%,False,+3.3%,True,149.7M,True,NYQ,False,
FBRT,"Franklin BSP Realty Trust, Inc.",8.32,2026-06-25T00:06:06.225607+00:00,False,+2.5%,True,$640.3M,False,+-65.0%,True,921.3K,False,$8.32 / SMA $8.75,False,2.33%,False,+-1.9%,True,75.6M,True,NYQ,False,
FCEL,"FuelCell Energy, Inc.",21.56,2026-06-25T00:05:30.122810+00:00,True,+470.4%,True,$1457.6M,False,+19.0%,True,8698.5K,True,$21.56 / SMA $16.90,True,16.62%,False,+-4.9%,True,67.4M,True,NGM,False,
FCELB,"FuelCell Energy, Inc.",430.0,2026-06-25T23:13:52.151140+00:00,False,+49.6%,,,,,False,0.2K,True,$430.00 / SMA $421.54,False,2.45%,False,+-4.9%,True,67.4M,False,PNK,False,
FCFS,"FirstCash Holdings, Inc.",218.88,2026-06-24T23:59:38.388354+00:00,True,+83.6%,True,$9595.0M,True,+29.9%,False,391.6K,False,$218.88 / SMA $220.31,True,3.94%,True,+25.7%,True,40.2M,True,NMS,False,
FCNCB,"First Citizens BancShares, Inc.",1896.0,2026-06-25T23:08:12.225381+00:00,False,+31.7%,True,$21968.9M,False,+23.7%,False,0.1K,True,$1896.00 / SMA $1694.85,True,3.55%,False,+0.7%,True,8.4M,False,PNK,False,
FCNCN,"First Citizens BancShares, Inc. Depositary Shares, each representing a 1/40th interest in a share of 6.625% Non-Cumulative Perpetual Preferred Stock, Series E",25.09,2026-06-24T23:59:15.054239+00:00,False,+5.7%,,,,,False,36.2K,True,$25.09 / SMA $24.70,False,0.68%,False,+0.7%,,,True,NMS,False,
FCPT,"Four Corners Property Trust, Inc.",25.02,2026-06-25T23:12:01.736671+00:00,False,+9.8%,True,$2745.9M,False,+7.7%,True,759.0K,True,$25.02 / SMA $24.97,False,2.02%,False,+9.4%,True,71.8M,True,NYQ,False,
FCSUF,Focus Minerals Limited,1.15,2026-06-25T00:08:25.010937+00:00,True,+858.3%,True,$329.5M,,,False,0.0K,False,$1.15 / SMA $1.24,False,0.00%,,,True,84.5M,False,PNK,False,
FCXXF,First Capital Real Estate Investment Trust,16.21,2026-06-25T23:23:37.714461+00:00,False,+25.7%,True,$3445.5M,False,+9.2%,False,7.5K,False,$16.21 / SMA $16.78,False,0.08%,False,+2.9%,False,211.4M,False,PNK,False,
FDMDF,4DMedical Limited,3.0,2026-06-25T23:13:47.879554+00:00,True,+1746.7%,True,$1786.1M,,,False,1.6K,True,$3.00 / SMA $2.92,False,0.61%,,,False,442.5M,False,PNK,False,
FDMT,"4D Molecular Therapeutics, Inc.",11.52,2026-06-25T23:18:58.113304+00:00,True,+213.0%,True,$602.2M,False,+-17.4%,True,819.1K,True,$11.52 / SMA $9.55,True,8.64%,True,+21664.3%,True,38.8M,True,NMS,False,
FDP,Del Monte Corporation,28.38,2026-06-25T23:13:48.006838+00:00,False,+7.2%,True,$1350.2M,False,+-67.2%,False,455.3K,False,$28.38 / SMA $34.20,True,3.57%,False,+-4.9%,True,42.9M,True,NYQ,False,
FDS,FactSet Research Systems Inc.,208.84,2026-06-25T23:20:08.810762+00:00,False,+12.9%,True,$7608.3M,False,+-4.5%,True,959.1K,False,$208.84 / SMA $230.01,True,4.94%,False,+7.1%,True,36.3M,True,NYQ,False,
FDX,FedEx Corporation,329.44,2026-06-25T23:19:33.821038+00:00,True,+89.2%,True,$78606.6M,False,+17.4%,True,2066.2K,True,$329.44 / SMA $316.32,False,2.96%,False,+8.3%,False,222.6M,True,NYQ,False,
FE,FirstEnergy Corp.,48.01,2026-06-25T23:19:47.219106+00:00,False,+22.0%,True,$27770.5M,False,+12.9%,True,5008.3K,True,$48.01 / SMA $46.62,False,1.89%,False,+11.6%,False,547.7M,True,NYQ,False,
FELE,"Franklin Electric Co., Inc.",108.88,2026-06-25T23:21:59.538091+00:00,False,+22.8%,True,$4810.6M,False,+14.9%,False,294.2K,True,$108.88 / SMA $100.35,False,2.44%,False,+9.9%,True,37.9M,True,NMS,False,
FELTF,"Fuji Electric Co., Ltd.",72.28,2026-06-25T23:19:58.246813+00:00,False,+62.3%,True,$10552.3M,,N/A,False,0.0K,True,$72.28 / SMA $72.28,False,0.00%,,N/A,True,144.6M,False,PNK,False,
FER,Ferrovial N.V.,70.2,2026-06-25T23:19:39.760192+00:00,False,+38.4%,True,$50244.7M,,N/A,True,1514.8K,True,$70.20 / SMA $68.25,False,1.79%,False,+-16.2%,False,431.8M,True,NMS,False,
FERG,Ferguson Enterprises Inc.,240.76,2026-06-25T23:08:03.091252+00:00,False,+16.0%,True,$46692.5M,False,+2.9%,True,1410.9K,True,$240.76 / SMA $239.92,False,2.61%,False,+-2.0%,False,193.5M,True,NYQ,False,
FFIC,Flushing Financial Corporation,15.47,2026-06-25T23:15:47.062332+00:00,False,+39.1%,True,$524.2M,True,+158.6%,False,267.3K,False,$15.47 / SMA_short $15.79,False,2.08%,False,+-1.9%,True,32.3M,True,NMS,False,
FFIN,"First Financial Bankshares, Inc.",34.94,2026-06-25T23:10:19.591305+00:00,False,+24.3%,True,$5006.3M,False,+16.3%,True,774.1K,True,$34.94 / SMA $32.25,False,2.10%,False,+12.5%,True,136.9M,True,NMS,False,
FG,"F&G Annuities & Life, Inc.",26.44,2026-06-25T00:01:40.676121+00:00,False,+28.5%,True,$3502.9M,True,+990.0%,True,799.9K,False,$26.44 / SMA $27.52,True,3.20%,True,+27.3%,True,34.8M,True,NYQ,False,
FGROY,FirstGroup plc,2.04,2026-06-25T23:13:54.267484+00:00,False,+2.0%,True,$1106.9M,,,False,0.1K,False,$2.04 / SMA $2.25,False,1.68%,,,False,479.6M,False,PNK,False,
FHB,"First Hawaiian, Inc.",29.3,2026-06-25T23:11:48.950125+00:00,False,+29.4%,True,$3564.3M,False,+17.0%,True,1658.9K,True,$29.30 / SMA $27.18,False,1.95%,False,+4.4%,True,120.7M,True,NMS,False,
FHI,"Federated Hermes, Inc.",56.38,2026-06-25T00:01:37.181669+00:00,False,+30.4%,True,$4280.0M,False,+1.6%,True,785.2K,True,$56.38 / SMA $56.33,False,2.36%,False,+13.1%,True,69.2M,True,NYQ,False,
FHN,FHN,25.56,2026-06-25T23:20:02.452841+00:00,False,+29.1%,True,$12131.2M,True,+29.3%,True,4425.2K,True,$25.56 / SMA $24.29,False,1.79%,False,+6.1%,False,469.2M,True,NYQ,False,
FIG,"Figma, Inc.",16.84,2026-06-25T23:20:01.201179+00:00,False,+1.4%,True,$8897.9M,False,+-1628.4%,True,18668.1K,False,$16.84 / SMA $20.25,True,7.08%,True,+46.1%,False,234.1M,True,NYQ,False,
FIGR,"Figure Technology Solutions, Inc.",26.91,2026-06-25T23:08:33.156569+00:00,False,+7.6%,True,$5949.8M,True,+4676.7%,True,3966.2K,False,$26.91 / SMA $33.70,True,6.85%,True,+109.3%,True,136.0M,True,NMS,False,
FINV,FinVolution Group,4.71,2026-06-25T23:25:48.870692+00:00,False,+8.3%,True,$1112.0M,False,+-42.1%,True,1019.7K,False,$4.71 / SMA $4.94,True,4.56%,False,+-7.8%,True,105.4M,True,NYQ,False,
FIP,FTAI Infrastructure Inc.,4.91,2026-06-25T23:15:47.248820+00:00,False,+25.9%,True,$580.2M,False,+-248.3%,True,969.5K,False,$4.91 / SMA $4.92,True,5.93%,True,+95.9%,True,108.4M,True,NMS,False,
FISI,"Financial Institutions, Inc.",38.7,2026-06-25T23:27:14.376742+00:00,False,+57.2%,True,$761.9M,True,+28.4%,False,120.8K,True,$38.70 / SMA $35.46,False,2.43%,False,+9.9%,True,17.3M,True,NMS,False,
FISV,"Fiserv, Inc.",47.53,2026-06-25T23:19:45.038015+00:00,False,+1.0%,True,$25345.6M,False,+-29.1%,True,7138.6K,False,$47.53 / SMA $56.15,True,3.84%,False,+-2.0%,,N/A,True,NMS,False,
FITB,Fifth Third Bancorp,56.41,2026-06-25T23:19:40.466229+00:00,False,+40.8%,True,$51125.0M,False,+-78.9%,True,7007.8K,True,$56.41 / SMA $50.70,False,2.37%,True,+31.4%,False,902.3M,True,NYQ,False,
FITBM,Fifth Third Bancorp,26.0,2026-06-24T23:58:58.188675+00:00,False,+3.2%,,,,,False,57.4K,False,$26.00 / SMA $26.05,False,0.78%,True,+31.4%,False,902.3M,True,NGM,False,
FITBP,Fifth Third Bancorp,23.52,2026-06-25T23:08:02.616140+00:00,False,+2.0%,,,,,False,11.4K,False,$23.52 / SMA $23.73,False,0.93%,True,+31.4%,False,902.3M,True,NGM,False,
FIVN,"Five9, Inc.",19.51,2026-06-25T23:13:45.709209+00:00,False,+46.8%,True,$1493.8M,True,+2000.0%,True,3143.7K,False,$19.51 / SMA $20.58,True,6.84%,False,+9.2%,True,67.8M,True,NGM,False,
FIX,"Comfort Systems USA, Inc.",2017.57,2026-06-25T23:19:36.873635+00:00,True,+295.6%,True,$70986.1M,True,+121.3%,False,429.5K,True,$2017.57 / SMA $1860.52,True,5.16%,True,+56.5%,True,35.9M,True,NYQ,False,
FJET,FJET,4.38,2026-06-25T23:29:26.925550+00:00,False,+6.6%,False,$217.4M,False,+-5.0%,True,2021.1K,False,$4.38 / SMA $6.10,True,16.32%,,N/A,True,25.5M,True,ASE,False,
FJIKY,FJIKY,19.5,2026-06-24T23:58:55.708619+00:00,True,+381.5%,True,$64570.7M,,,False,335.1K,True,$19.50 / SMA $17.55,True,6.38%,,,False,3310.6M,False,PNK,False,
FLEX,Flex Ltd.,161.28,2026-06-25T23:08:02.129541+00:00,True,+237.2%,True,$59091.3M,False,+17.5%,True,6589.8K,True,$161.28 / SMA $127.90,True,6.11%,False,+16.9%,False,363.0M,True,NMS,False,
FLGZY,Flughafen Zürich AG,12.3,2026-06-25T23:08:29.420541+00:00,False,+13.5%,True,$9439.6M,,,False,0.2K,True,$12.30 / SMA $11.58,False,0.00%,,,False,470.0M,False,PNK,False,
FLIDY,FLSmidth & Co. A/S,7.5,2026-06-25T23:10:20.100889+00:00,False,+23.6%,True,$4043.4M,True,+195.1%,False,1.2K,False,$7.50 / SMA $7.76,False,0.21%,False,+-11.6%,False,454.6M,False,PNK,False,
FLOC,FLOC,20.97,2026-06-25T23:12:04.282467+00:00,False,+49.5%,True,$2236.4M,False,+-4.2%,True,738.8K,False,$20.97 / SMA $24.36,True,4.42%,False,+8.9%,True,36.9M,True,NYQ,False,
FLR,Fluor Corporation,53.62,2026-06-25T23:21:49.277942+00:00,False,+42.5%,True,$7489.1M,True,+176.1%,True,2746.2K,True,$53.62 / SMA $48.81,True,4.62%,False,+-8.0%,True,137.5M,True,NYQ,False,
FLRAF,Essentra plc,1.21,2026-06-25T00:08:24.664106+00:00,False,+3.4%,True,$339.0M,,,False,0.2K,True,$1.21 / SMA $1.21,False,0.00%,,,False,255.2M,False,PNK,False,
FLTCF,Filtronic plc,4.5098,2026-06-25T00:05:40.527537+00:00,True,+183.6%,True,$991.9M,,,True,586.0K,False,$4.51 / SMA $4.66,True,11.27%,,,False,192.6M,False,PNK,False,
FLUT,Flutter Entertainment plc,98.51,2026-06-24T23:59:21.207413+00:00,False,+7.6%,True,$17081.7M,False,+-21.7%,True,2986.3K,False,$98.51 / SMA $102.91,True,4.86%,False,+17.4%,True,129.2M,True,NYQ,False,
FLY,Firefly Aerospace Inc.,24.61,2026-06-25T23:20:10.893569+00:00,False,+53.8%,True,$4041.8M,False,+-20.8%,True,7868.8K,False,$24.61 / SMA $38.27,True,11.61%,True,+44.8%,True,95.9M,True,NGM,False,
FLYW,Flywire Corporation,16.54,2026-06-25T00:03:35.033403+00:00,False,+63.7%,True,$2041.3M,True,+433.3%,True,2073.1K,True,$16.54 / SMA $15.05,True,4.56%,True,+41.0%,True,84.9M,True,NMS,False,
FMBH,"First Mid Bancshares, Inc.",47.62,2026-06-25T00:05:37.837214+00:00,False,+39.4%,True,$1267.4M,False,+14.0%,False,115.1K,True,$47.62 / SMA $43.90,False,2.42%,False,+15.7%,True,24.1M,True,NGM,False,
FMBRF,FMBRF,,2026-06-25T23:17:42.785568+00:00,False,,False,,False,,False,,False,,False,,False,,False,,False,Unknown,False,No price data available
FMCB,Farmers & Merchants Bancorp,1309.93,2026-06-25T23:25:54.927529+00:00,False,+33.0%,True,$906.8M,False,+7.5%,False,0.2K,True,$1309.93 / SMA $1298.75,False,2.99%,,N/A,True,0.6M,False,OQX,False,
FMCC,Federal Home Loan Mortgage Corporation,6.42,2026-06-25T23:22:01.175289+00:00,True,+88.8%,True,$4173.4M,False,+0.0%,True,3106.2K,False,$6.42 / SMA $6.48,True,7.08%,False,+-3.1%,False,650.1M,False,OQB,False,
FMCCH,Federal Home Loan Mortgage Corporation,14.5,2026-06-25T23:22:01.161966+00:00,False,+14.2%,,N/A,,N/A,False,1.9K,False,$14.50 / SMA $15.74,False,0.79%,False,+-3.1%,False,650.1M,False,OQB,False,
FMCCK,Federal Home Loan Mortgage Corporation,15.32,2026-06-25T23:10:22.648204+00:00,False,+10.2%,,,,,False,0.6K,False,$15.32 / SMA $16.65,False,0.29%,False,+-3.1%,False,650.1M,False,OQB,False,
FMCCL,Federal Home Loan Mortgage Corporation,12.5,2026-06-25T00:01:36.629099+00:00,False,+4.6%,,,,,False,3.1K,False,$12.50 / SMA $14.43,False,1.50%,False,+-3.1%,False,650.1M,False,OQB,False,
FMCCM,Federal Home Loan Mortgage Corporation,12.13,2026-06-25T00:01:36.980114+00:00,False,+4.6%,,,,,False,1.5K,False,$12.13 / SMA $14.40,False,2.93%,False,+-3.1%,False,650.1M,False,OQB,False,
FMCCN,Federal Home Loan Mortgage Corporation,11.85,2026-06-25T23:10:22.602912+00:00,False,+3.2%,,,,,False,0.7K,False,$11.85 / SMA $14.00,False,0.68%,False,+-3.1%,False,650.1M,False,OQB,False,
FMCCP,Federal Home Loan Mortgage Corporation,15.6,2026-06-25T23:10:22.699811+00:00,False,+9.9%,,,,,False,0.7K,False,$15.60 / SMA $17.19,False,0.58%,False,+-3.1%,False,650.1M,False,OQB,False,
FMCCS,Federal Home Loan Mortgage Corporation,14.2,2026-06-25T23:22:01.218381+00:00,False,+12.6%,,N/A,,N/A,False,1.9K,False,$14.20 / SMA $15.26,False,0.61%,False,+-3.1%,False,650.1M,False,OQB,False,
FMCCT,Federal Home Loan Mortgage Corporation,16.25,2026-06-25T23:22:00.809525+00:00,False,+8.8%,,N/A,,N/A,False,1.7K,False,$16.25 / SMA $18.26,False,1.33%,False,+-3.1%,False,650.1M,False,OQB,False,
FMCKI,Federal Home Loan Mortgage Corporation,8.35,2026-06-25T00:01:36.593265+00:00,False,+6.5%,,,,,False,8.2K,False,$8.35 / SMA $9.45,False,1.92%,False,+-3.1%,False,650.1M,False,OQB,False,
FMCKM,Federal Home Loan Mortgage Corporation,8.3,2026-06-25T23:22:00.782824+00:00,False,+5.9%,,N/A,,N/A,False,39.4K,False,$8.30 / SMA $9.32,False,1.68%,False,+-3.1%,False,650.1M,False,OQB,False,
FMCKN,Federal Home Loan Mortgage Corporation,9.15,2026-06-25T23:10:22.793798+00:00,False,+14.7%,,,,,False,11.8K,False,$9.15 / SMA $9.97,False,2.06%,False,+-3.1%,False,650.1M,False,OQB,False,
FMMFF,Fuji Corporation,50.34,2026-06-25T00:01:31.873187+00:00,True,+204.7%,True,$4425.5M,,,False,0.0K,True,$50.34 / SMA $41.42,False,0.00%,,,True,72.6M,False,PNK,False,
FMNB,Farmers National Banc Corp.,14.5,2026-06-25T23:15:36.290062+00:00,False,+19.6%,True,$858.6M,False,+0.0%,False,355.0K,True,$14.50 / SMA $13.99,False,1.62%,True,+25.9%,True,57.2M,True,NCM,False,
FMS,Fresenius Medical Care AG,23.25,2026-06-25T23:08:24.194734+00:00,False,+16.1%,True,$12488.3M,False,+-17.3%,True,711.2K,True,$23.25 / SMA $21.85,False,1.42%,False,+-5.5%,False,369.4M,True,NYQ,False,
FMXUF,"Fomento Económico Mexicano, S.A.B. de C.V.",12.58,2026-06-25T23:19:48.562867+00:00,True,+125700.0%,True,$46644.7M,,N/A,False,0.5K,True,$12.58 / SMA $11.75,False,0.00%,False,+6.1%,False,3374.9M,False,PNK,False,
FNBKY,FinecoBank Banca Fineco S.p.A.,50.9929,2026-06-25T23:08:19.118010+00:00,False,+22.3%,True,$15599.2M,False,+-4.6%,False,0.4K,True,$50.99 / SMA $50.61,False,0.16%,,,False,305.7M,False,PNK,False,
FNCNF,Fincantieri S.p.A.,12.195,2026-06-25T23:21:56.648008+00:00,False,+1.6%,True,$4356.9M,,N/A,False,1.4K,False,$12.20 / SMA $13.71,False,0.82%,,N/A,True,134.0M,False,PNK,False,
FNCSF,North American Financial 15 Split Corp.,7.67,2026-06-25T23:17:25.586461+00:00,False,+59.8%,True,$479.2M,,,False,0.9K,True,$7.67 / SMA $6.85,False,0.05%,,,,,False,PNK,False,
FNCTF,Orange S.A.,19.52,2026-06-24T23:58:55.330559+00:00,False,+29.5%,True,$51876.2M,,,False,9.7K,False,$19.52 / SMA $20.15,False,0.00%,False,+1.9%,False,1854.7M,False,PNK,False,
FND,"Floor & Decor Holdings, Inc.",58.32,2026-06-25T23:21:54.910494+00:00,False,+36.8%,True,$6304.1M,False,+-17.8%,True,3050.9K,True,$58.32 / SMA $50.16,True,5.28%,False,+-0.7%,True,106.4M,True,NYQ,False,
FNF,"Fidelity National Financial, Inc.",46.11,2026-06-25T23:08:21.490030+00:00,False,+7.8%,True,$12410.9M,True,+200.0%,True,1647.1K,False,$46.11 / SMA $48.33,False,2.21%,False,+16.9%,False,254.3M,True,NYQ,False,
FNLC,"The First Bancorp, Inc.",34.05,2026-06-25T23:17:39.408966+00:00,False,+41.4%,True,$383.9M,True,+27.0%,False,21.7K,True,$34.05 / SMA $29.47,True,3.55%,False,+15.3%,True,10.7M,True,NMS,False,
FNMA,Federal National Mortgage Association,6.16,2026-06-24T23:59:42.708509+00:00,True,+71.1%,True,$7133.8M,,,True,5906.3K,False,$6.16 / SMA $7.33,True,6.47%,False,+-12.4%,False,233.7M,False,OQB,False,
FNMAH,Federal National Mortgage Association,8.0,2026-06-25T23:08:30.759964+00:00,False,+6.7%,,,,,False,44.3K,False,$8.00 / SMA $9.19,True,3.48%,False,+-12.4%,False,233.7M,False,OQB,False,
FNMAJ,Federal National Mortgage Association,8.8,2026-06-25T23:20:09.315883+00:00,False,+8.6%,,N/A,,N/A,False,42.6K,False,$8.80 / SMA $9.82,True,3.16%,False,+-12.4%,False,233.7M,False,OQB,False,
FNMAK,Federal National Mortgage Association,16.25,2026-06-25T23:20:09.428961+00:00,False,+25.0%,,N/A,,N/A,False,0.8K,False,$16.25 / SMA $17.04,False,1.15%,False,+-12.4%,False,233.7M,False,OQB,False,
FNMAL,Federal National Mortgage Association,14.01,2026-06-24T23:59:42.735846+00:00,False,+4.0%,,,,,False,1.3K,False,$14.01 / SMA $15.70,False,0.34%,False,+-12.4%,False,233.7M,False,OQB,False,
FNMAN,Federal National Mortgage Association,16.0,2026-06-25T23:20:09.425889+00:00,False,+17.5%,,N/A,,N/A,False,3.1K,False,$16.00 / SMA $17.30,False,1.21%,False,+-12.4%,False,233.7M,False,OQB,False,
FNMAP,Federal National Mortgage Association,12.87,2026-06-24T23:59:42.686429+00:00,False,+14.0%,,,,,False,32.7K,False,$12.87 / SMA $14.24,True,3.61%,False,+-12.4%,False,233.7M,False,OQB,False,
FNMAS,Federal National Mortgage Association,11.55,2026-06-25T23:08:31.128381+00:00,False,+16.3%,,,,,True,648.3K,False,$11.55 / SMA $12.23,True,3.24%,False,+-12.4%,False,233.7M,False,OQB,False,
FNMFN,Federal National Mortgage Association,18.09,2026-06-25T23:08:30.893909+00:00,False,+12.2%,,,,,False,28.8K,False,$18.09 / SMA $19.58,False,1.61%,False,+-12.4%,False,233.7M,False,OQB,False,
FOF,"Cohen & Steers Closed-End Opportunity Fund, Inc.",13.5,2026-06-25T23:29:18.060141+00:00,False,+8.8%,True,$374.9M,,N/A,False,57.3K,False,$13.50 / SMA $13.65,False,1.84%,,N/A,,N/A,True,NYQ,False,
FOJCF,Fortum Oyj,22.0,2026-06-25T23:08:13.161019+00:00,False,+29.0%,True,$19739.8M,False,+17.5%,False,1.5K,False,$22.00 / SMA $24.06,False,0.14%,False,+21.3%,False,412.7M,False,PNK,False,
FOJCY,Fortum Oyj,4.57,2026-06-24T23:59:16.441963+00:00,False,+39.8%,True,$20502.5M,False,+17.5%,False,6.5K,False,$4.57 / SMA $4.87,True,3.73%,False,+21.3%,False,2063.3M,False,PNK,False,
FOX,Fox Corporation,45.37,2026-06-24T23:59:11.935853+00:00,False,+2.7%,True,$19050.9M,False,+-49.3%,True,1606.8K,False,$45.37 / SMA $56.53,True,3.88%,False,+-8.6%,False,329.5M,True,NMS,False,
FPAFF,FPAFF,0.67,2026-06-25T23:12:00.394354+00:00,False,+9.8%,,,,,False,21.3K,False,$0.67 / SMA $0.70,False,1.68%,,,False,2296.2M,False,PNK,False,
FPI,Farmland Partners Inc.,9.6,2026-06-25T23:27:38.089884+00:00,False,+2.5%,True,$425.9M,False,+-66.7%,False,359.9K,False,$9.60 / SMA $10.54,False,1.91%,False,+-1.5%,True,39.9M,True,NYQ,False,
FPLSF,5N Plus Inc.,26.84,2026-06-25T00:03:21.647090+00:00,True,+347.3%,True,$2413.9M,True,+81.8%,False,50.0K,False,$26.84 / SMA $27.94,True,5.54%,True,+32.6%,True,71.1M,False,PNK,False,
FPS,"Forgent Power Solutions, Inc.",58.7,2026-06-25T23:08:19.533125+00:00,True,+126.2%,True,$17870.0M,True,+151.6%,True,5835.3K,True,$58.70 / SMA $47.71,True,8.57%,True,+103.4%,True,133.5M,True,NYQ,True,
FQVLF,First Quantum Minerals Ltd.,27.45,2026-06-24T23:59:15.547458+00:00,True,+76.0%,True,$22733.7M,,,False,375.2K,False,$27.45 / SMA $27.83,True,5.83%,False,+11.8%,False,672.6M,False,PNK,False,
FRA,"BlackRock Floating Rate Income Strategies Fund, Inc.",10.87,2026-06-25T23:17:29.987925+00:00,False,+3.5%,True,$385.2M,,,False,131.3K,False,$10.87 / SMA $10.88,False,0.90%,,,,,True,NYQ,False,
FRBA,First Bank,17.15,2026-06-25T00:08:04.543400+00:00,False,+19.0%,True,$429.9M,False,+-18.9%,False,73.8K,True,$17.15 / SMA $15.83,False,2.81%,False,+6.8%,True,21.5M,True,NGM,False,
FRBP,FRBP,10.25,2026-06-25T23:13:53.758034+00:00,False,+45.5%,True,$1398.4M,False,+-23.5%,False,0.7K,True,$10.25 / SMA $8.57,False,0.00%,False,+-20.7%,,,False,PNK,False,
FRCOF,"Fast Retailing Co., Ltd.",517.31,2026-06-25T23:07:53.599906+00:00,True,+82.2%,True,$158731.3M,,,False,1.8K,True,$517.31 / SMA $475.15,True,5.12%,,,False,184.7M,False,PNK,False,
FREJN,Federal Home Loan Mortgage Corporation,16.61,2026-06-25T00:01:36.889755+00:00,False,+0.7%,,,,,False,0.1K,False,$16.61 / SMA $17.12,False,0.00%,False,+-3.1%,False,650.1M,False,OQB,False,
FREKF,freee K.K.,11.85,2026-06-25T23:27:29.781227+00:00,False,+16.2%,True,$702.4M,,N/A,False,0.2K,False,$11.85 / SMA $13.48,False,0.00%,,N/A,True,32.0M,False,PNK,False,
FRHC,Freedom Holdings Corp.,135.45,2026-06-24T23:59:41.254390+00:00,False,+25.4%,True,$8302.1M,,,False,136.8K,False,$135.45 / SMA $145.78,True,5.80%,False,+19.3%,True,18.1M,True,NCM,False,
FRHLF,Freehold Royalties Ltd.,11.33,2026-06-25T23:23:53.097527+00:00,False,+25.7%,True,$1857.7M,False,+-8.7%,False,72.9K,False,$11.33 / SMA $12.48,True,3.67%,False,+-14.5%,True,137.0M,False,PNK,False,
FRME,First Merchants Corporation,43.37,2026-06-25T23:12:03.879162+00:00,False,+25.1%,True,$2733.3M,False,+-52.1%,False,344.0K,True,$43.37 / SMA $40.19,False,2.23%,False,+-2.0%,True,61.9M,True,NMS,False,
FRMEP,First Merchants Corporation,25.71,2026-06-25T23:23:48.168993+00:00,False,+4.0%,,N/A,,N/A,False,1.5K,True,$25.71 / SMA $25.31,False,0.49%,False,+-2.0%,True,61.9M,True,NMS,False,
FRO,Frontline plc,38.47,2026-06-25T23:08:31.306797+00:00,True,+136.7%,True,$8564.3M,True,+1573.3%,True,3196.7K,True,$38.47 / SMA $35.86,True,4.50%,True,+66.9%,True,142.9M,True,NYQ,True,
FROG,JFrog Ltd.,76.66,2026-06-24T23:59:40.780403+00:00,True,+125.1%,True,$9285.0M,True,+56.2%,True,2683.4K,True,$76.66 / SMA $66.07,True,5.87%,True,+25.8%,True,107.0M,True,NMS,True,
FRPH,"FRP Holdings, Inc.",25.06,2026-06-25T00:07:56.780187+00:00,False,+22.1%,True,$480.4M,False,+-144.4%,False,64.6K,True,$25.06 / SMA $22.52,False,2.30%,False,+2.8%,True,11.4M,True,NMS,False,
FRRFF,4imprint Group plc,50.46,2026-06-25T23:25:40.420495+00:00,False,+21.1%,True,$1415.2M,,N/A,False,0.0K,True,$50.46 / SMA $49.25,False,0.00%,,N/A,True,27.6M,False,PNK,False,
FRST,Primis Financial Corp.,15.75,2026-06-25T23:29:21.480762+00:00,False,+64.9%,True,$390.2M,True,+200.0%,False,236.3K,True,$15.75 / SMA $14.60,False,2.21%,False,+-22.3%,True,23.8M,True,NGM,False,
FRTAY,freenet AG,13.75,2026-06-25T00:01:42.159677+00:00,False,+0.0%,True,$3244.5M,False,+-18.4%,False,0.0K,False,$13.75 / SMA $14.58,False,0.00%,True,+26.1%,False,229.6M,False,PNK,False,
FRUYF,"Furuya Metal Co., Ltd.",20.72,2026-06-25T23:13:49.070625+00:00,False,+1.0%,True,$509.7M,,,False,0.0K,True,$20.72 / SMA $20.72,False,0.00%,,,True,9.4M,False,PNK,False,
FSBC,Five Star Bancorp,47.26,2026-06-25T00:05:54.643710+00:00,True,+72.0%,True,$1010.2M,True,+40.3%,False,105.9K,True,$47.26 / SMA $42.04,False,2.69%,True,+28.1%,True,14.9M,True,NMS,False,
FSBW,"FS Bancorp, Inc.",42.7,2026-06-25T23:29:29.636774+00:00,False,+16.5%,True,$316.6M,False,+1.0%,False,14.0K,True,$42.70 / SMA $40.95,False,2.18%,False,+4.2%,True,4.1M,True,NCM,False,
FSHYF,Shougang Fushan Resources Group Limited,0.3149,2026-06-25T23:25:32.486387+00:00,False,+0.0%,True,$1603.2M,,N/A,False,0.1K,False,$0.31 / SMA $0.35,False,0.00%,,N/A,False,2796.6M,False,PNK,False,
FSK,FS KKR Capital Corp.,10.12,2026-06-25T23:11:58.417274+00:00,False,+4.1%,True,$2834.3M,False,+-465.1%,True,3358.5K,False,$10.12 / SMA $10.46,False,2.34%,False,+-418.7%,,,True,NYQ,False,
FSPKF,Fisher & Paykel Healthcare Corporation Limited,24.25,2026-06-25T23:20:01.049101+00:00,False,+27.6%,True,$14241.8M,,N/A,False,0.2K,True,$24.25 / SMA $22.10,False,0.86%,,N/A,False,584.7M,False,PNK,False,
FSTR,L.B. Foster Company,44.64,2026-06-25T23:29:15.790464+00:00,True,+108.9%,True,$466.9M,True,+170.0%,False,114.3K,True,$44.64 / SMA $38.24,True,4.31%,False,+23.9%,True,9.6M,True,NMS,False,
FSUGY,Fortescue Ltd,26.71,2026-06-24T23:58:57.542640+00:00,False,+40.6%,True,$41119.6M,,,False,65.4K,False,$26.71 / SMA $29.89,False,1.82%,,,False,1539.2M,False,OQX,False,
FSUN,FirstSun Capital Bancorp,37.615,2026-06-25T23:13:48.433681+00:00,False,+25.6%,True,$1758.0M,False,+-8.4%,False,240.3K,True,$37.62 / SMA $36.41,False,2.60%,False,+14.3%,True,36.6M,True,NMS,False,
FSV,FirstService Corporation,136.01,2026-06-25T23:21:50.278220+00:00,False,+13.9%,True,$6254.4M,True,+633.3%,False,226.1K,False,$136.01 / SMA $137.61,True,3.16%,False,+5.3%,True,41.8M,True,NMS,False,
FTAIN,FTAI Aviation Ltd,24.9901,2026-06-24T23:59:11.673669+00:00,False,+0.2%,,,,,False,15.3K,True,$24.99 / SMA $24.90,False,0.07%,True,+65.5%,True,101.4M,True,NGM,False,
FTI,TechnipFMC plc,67.03,2026-06-25T23:08:08.469361+00:00,True,+110.3%,True,$26725.0M,True,+93.9%,True,4514.1K,False,$67.03 / SMA $70.81,True,3.38%,False,+11.6%,False,395.1M,True,NYQ,False,
FTK,"Flotek Industries, Inc.",21.74,2026-06-25T00:06:02.708751+00:00,True,+98.5%,True,$786.5M,False,+-29.4%,False,278.1K,True,$21.74 / SMA $19.69,True,6.84%,True,+26.5%,True,14.2M,True,NYQ,False,
FTNT,"Fortinet, Inc.",149.93,2026-06-25T23:07:56.097726+00:00,True,+113.8%,True,$109846.0M,True,+28.6%,True,6383.0K,True,$149.93 / SMA $119.53,True,4.28%,False,+20.1%,False,617.7M,True,NMS,False,
FTRE,Fortrea Holdings Inc.,17.02,2026-06-25T00:05:33.314507+00:00,True,+290.8%,True,$1609.8M,True,+96.0%,True,1327.2K,True,$17.02 / SMA $13.83,True,6.84%,False,+-2.3%,True,93.7M,True,NMS,False,
FTW,Presidio Production Company,12.09,2026-06-25T00:08:24.237096+00:00,False,+27.3%,True,$334.7M,,,False,110.6K,True,$12.09 / SMA $11.52,False,2.54%,False,+-69.8%,True,0.1M,True,NYQ,False,
FUEMF,Talamore Mining Corp.,5.36137,2026-06-25T23:15:39.101692+00:00,False,+14.1%,True,$756.5M,False,+-150.0%,False,23.2K,False,$5.36 / SMA_short $6.06,,,,,True,69.5M,False,PNK,False,
FUGRF,Fugro N.V.,13.63,2026-06-25T23:13:49.522069+00:00,False,+40.5%,True,$1517.5M,,,False,0.2K,True,$13.63 / SMA $13.59,False,0.00%,,,True,107.2M,False,PNK,False,
FUJHY,Subaru Corporation,7.3,2026-06-25T23:08:25.024682+00:00,False,+1.5%,True,$10445.3M,,,False,296.9K,False,$7.30 / SMA $7.66,False,1.56%,,,False,1106.6M,False,PNK,False,
FUJIF,FUJIFILM Holdings Corporation,20.84,2026-06-25T23:08:11.013964+00:00,False,+22.6%,True,$24916.4M,True,+47.5%,False,0.5K,True,$20.84 / SMA $19.86,False,0.00%,,,False,1204.6M,False,PNK,False,
FUJIY,FUJIFILM Holdings Corporation,10.2,2026-06-24T23:59:13.772613+00:00,False,+14.2%,True,$24390.3M,True,+47.5%,False,324.3K,True,$10.20 / SMA $10.00,False,1.36%,,,False,2409.2M,False,PNK,False,
FULC,"Fulcrum Therapeutics, Inc.",3.76,2026-06-25T00:07:55.771311+00:00,False,+32.9%,False,$250.5M,False,+10.7%,True,2090.9K,False,$3.76 / SMA $6.00,True,6.85%,,,True,48.0M,True,NGM,False,
FULT,Fulton Financial Corporation,24.28,2026-06-25T23:22:01.964711+00:00,False,+46.3%,True,$4640.7M,False,+4.1%,True,1960.8K,True,$24.28 / SMA $21.91,False,2.52%,False,+4.2%,False,188.5M,True,NMS,False,
FULTP,Fulton Financial Corporation,18.21,2026-06-25T23:10:23.282971+00:00,False,+3.0%,,,,,False,10.0K,False,$18.21 / SMA $18.50,False,1.24%,False,+4.2%,False,188.5M,True,NMS,False,
FUND,"Sprott Focus Trust, Inc.",9.52,2026-06-25T00:08:34.155247+00:00,False,+29.5%,False,$284.6M,,,False,26.6K,False,$9.52 / SMA $9.96,False,1.75%,,,,,True,NGM,False,
FUPBY,Fuchs SE,11.167,2026-06-25T23:21:54.567772+00:00,False,+20.4%,True,$5851.5M,False,+15.3%,False,41.4K,True,$11.17 / SMA $11.08,False,1.13%,False,+1.1%,False,361.4M,False,PNK,False,
FUWAF,"Furukawa Electric Co., Ltd.",256.7,2026-06-25T23:08:12.575011+00:00,True,+440.8%,True,$18058.8M,,,False,0.1K,False,$256.70 / SMA $264.18,False,0.14%,,,True,65.1M,False,PNK,False,
FVR,"FrontView REIT, Inc.",19.7,2026-06-25T23:27:35.717764+00:00,True,+76.1%,True,$446.2M,True,+100.0%,False,135.0K,True,$19.70 / SMA $18.20,True,3.17%,False,+12.0%,True,22.3M,True,NYQ,False,
FVRR,Fiverr International Ltd.,10.1,2026-06-25T23:17:29.054502+00:00,False,+5.4%,True,$363.1M,True,+1050.0%,True,890.1K,False,$10.10 / SMA $10.69,True,4.89%,False,+-1.6%,True,30.3M,True,NYQ,False,
FWDI,"Forward Industries, Inc.",3.54,2026-06-25T23:29:23.367212+00:00,False,+1.1%,False,$261.1M,False,+-125.8%,True,951.8K,False,$3.54 / SMA $4.48,True,8.95%,True,+315.0%,True,70.7M,True,NCM,False,
FWONA,Formula One Group,82.96,2026-06-25T23:19:50.460977+00:00,False,+12.6%,True,$20790.2M,False,+-40.0%,False,148.1K,True,$82.96 / SMA $82.26,False,2.83%,True,+59.1%,False,243.2M,True,NMS,False,
FWRG,"First Watch Restaurant Group, Inc.",12.2,2026-06-25T23:15:40.287484+00:00,False,+22.4%,True,$752.1M,False,+-300.0%,True,1410.3K,True,$12.20 / SMA $11.76,True,5.98%,False,+17.3%,True,57.4M,True,NMS,False,
FXCNF,FXCNF,3.0,2026-06-25T23:12:02.840397+00:00,True,+212.5%,True,$2348.2M,,,False,0.1K,False,$3.00 / SMA $3.26,False,0.09%,,,False,260.6M,False,PNK,False,
FYGGY,"Fuyao Glass Industry Group Co., Ltd.",1.71,2026-06-25T23:08:13.620432+00:00,False,+14.0%,True,$17850.6M,False,+-15.4%,False,22.6K,False,$1.71 / SMA $1.84,True,7.36%,False,+5.1%,False,7691.3M,False,PNK,False,
G,Genpact Limited,27.67,2026-06-25T23:21:53.972439+00:00,False,+1.1%,True,$4690.2M,False,+17.8%,True,2907.5K,False,$27.67 / SMA $32.36,True,3.72%,False,+6.7%,True,142.6M,True,NYQ,False,
GAIN,GAIN,14.9,2026-06-25T23:15:43.062171+00:00,False,+13.7%,,,,,False,342.8K,False,$14.90 / SMA $15.77,False,2.27%,True,+381.2%,,,True,NMS,False,
GAM,"General American Investors Company, Inc.",62.42,2026-06-25T23:13:49.376857+00:00,False,+13.3%,True,$1497.2M,,,False,28.4K,False,$62.42 / SMA $63.86,False,1.53%,,,True,21.3M,True,NYQ,False,
GARPY,Golden Agri-Resources Ltd,22.25,2026-06-25T23:23:46.066068+00:00,False,+21.6%,True,$2821.7M,,N/A,False,0.1K,False,$22.25 / SMA $22.30,False,0.00%,,N/A,True,62.7M,False,PNK,False,
GASNF,"Naturgy Energy Group, S.A.",29.37,2026-06-25T23:08:07.362640+00:00,False,+0.0%,True,$28205.1M,,,False,0.0K,False,$29.37 / SMA $31.28,False,0.00%,,,False,258.2M,False,PNK,False,
GASNY,"Naturgy Energy Group, S.A.",6.23,2026-06-25T23:19:43.801833+00:00,False,+11.1%,True,$29068.3M,,N/A,False,93.8K,False,$6.23 / SMA $6.48,False,1.71%,,N/A,False,1291.1M,False,PNK,False,
GASS,StealthGas Inc.,8.1,2026-06-25T23:29:19.563482+00:00,False,+32.4%,True,$301.2M,False,+13.2%,False,131.6K,False,$8.10 / SMA $9.49,True,3.91%,False,+1.9%,True,14.3M,True,NMS,False,
GASXF,NG Energy International Corp.,1.088,2026-06-25T00:08:31.807640+00:00,True,+76.6%,False,$295.8M,True,+1050.0%,False,82.1K,False,$1.09 / SMA $1.15,False,2.35%,True,+48.4%,False,188.2M,False,OQX,False,
GBAB,Guggenheim Taxable Municipal Bond & Investment Grade Debt Trust,14.23,2026-06-25T00:08:11.884664+00:00,False,+5.3%,True,$393.9M,,,False,97.4K,True,$14.23 / SMA $14.04,False,0.98%,,,,,True,NYQ,False,
GBCI,"Glacier Bancorp, Inc.",50.33,2026-06-25T00:01:22.850842+00:00,False,+26.1%,True,$6550.1M,True,+31.3%,True,896.1K,True,$50.33 / SMA $48.13,False,2.18%,True,+38.1%,True,129.5M,True,NYQ,False,
GBERY,Geberit AG,66.89,2026-06-25T23:08:14.054628+00:00,False,+8.9%,True,$22056.1M,,,False,18.6K,True,$66.89 / SMA $65.71,False,1.45%,,,False,328.4M,False,PNK,False,
GBLBF,Groupe Bruxelles Lambert SA,90.64,2026-06-24T23:59:36.212128+00:00,False,+11.1%,True,$10845.7M,,,False,0.2K,True,$90.64 / SMA $90.37,False,0.06%,,,True,120.4M,False,PNK,False,
GBLBY,Groupe Bruxelles Lambert SA,8.91,2026-06-24T23:59:35.071087+00:00,False,+12.8%,True,$10661.4M,,,False,1.8K,False,$8.91 / SMA $9.59,False,2.08%,,,False,1204.3M,False,PNK,False,
GBTG,"Global Business Travel Group, Inc.",9.39,2026-06-25T23:10:17.954150+00:00,True,+89.5%,True,$4896.5M,False,+-37.5%,True,4035.0K,True,$9.39 / SMA $8.48,False,0.51%,True,+35.3%,False,194.8M,True,NYQ,False,
GBX,"The Greenbrier Companies, Inc.",49.9,2026-06-25T23:25:38.851533+00:00,False,+30.5%,True,$1543.8M,False,+-69.9%,False,466.3K,True,$49.90 / SMA $48.74,False,2.54%,False,+-22.9%,True,30.1M,True,NYQ,False,
GCBC,"Greene County Bancorp, Inc.",29.84,2026-06-25T00:07:59.591327+00:00,False,+40.4%,True,$508.0M,True,+31.9%,False,20.2K,True,$29.84 / SMA $25.56,True,4.32%,False,+19.0%,True,6.9M,True,NCM,False,
GCGRU,General Catalyst Global Resilience Merger Corp.,10.21,2026-06-25T23:27:40.370716+00:00,False,+1.8%,,N/A,,N/A,False,226.4K,True,$10.21 / SMA_short $10.19,False,0.37%,,N/A,,N/A,True,NGM,False,
GCO,Genesco Inc.,34.74,2026-06-25T23:29:15.559876+00:00,True,+77.1%,True,$385.9M,True,+29.7%,False,230.8K,False,$34.74 / SMA $35.90,True,6.50%,False,+2.8%,True,9.6M,True,NYQ,False,
GCPEF,GCL Technology Holdings Limited,0.11,2026-06-25T00:01:44.233287+00:00,False,+37.5%,True,$3550.2M,,,False,2.1K,False,$0.11 / SMA $0.12,False,1.06%,,,False,28256.3M,False,PNK,False,
GD,General Dynamics Corporation,344.7,2026-06-25T23:19:33.862408+00:00,False,+20.4%,True,$93217.3M,False,+12.0%,True,1369.9K,True,$344.70 / SMA $341.55,False,2.15%,False,+10.3%,False,254.4M,True,NYQ,False,
GDDY,GoDaddy Inc.,81.33,2026-06-24T23:59:33.207179+00:00,False,+13.6%,True,$10768.9M,False,+6.0%,True,2494.7K,False,$81.33 / SMA $84.90,True,5.08%,False,+6.1%,True,131.4M,True,NYQ,False,
GDERF,GDERF,216.85,2026-06-25T23:19:39.456133+00:00,False,+52.3%,True,$50866.2M,,N/A,False,1.0K,True,$216.85 / SMA $207.86,True,5.28%,,N/A,True,132.6M,False,PNK,False,
GDOT,Green Dot Corporation,13.4,2026-06-25T23:27:10.162252+00:00,False,+43.9%,True,$759.5M,True,+97.9%,False,473.1K,True,$13.40 / SMA $12.66,False,1.83%,False,+17.4%,True,45.7M,True,NYQ,False,
GEAGF,GEA Group Aktiengesellschaft,67.0,2026-06-25T23:08:26.474546+00:00,False,+6.0%,True,$10907.7M,False,+7.0%,False,0.1K,False,$67.00 / SMA $69.99,False,0.00%,False,+1.2%,True,145.7M,False,PNK,False,
GEAHF,Great Eagle Holdings Limited,2.2,2026-06-25T23:13:43.934868+00:00,False,+35.0%,True,$1649.2M,,,False,0.0K,True,$2.20 / SMA $2.18,False,0.00%,,,False,214.0M,False,PNK,False,
GECFF,Gecina,91.25,2026-06-24T23:59:49.183099+00:00,False,+17.2%,True,$6763.4M,,,False,0.0K,True,$91.25 / SMA $84.67,False,0.00%,,,True,45.0M,False,PNK,False,
GEF.B,GEF.B,,2026-06-25T00:03:16.925729+00:00,False,,False,,False,,False,,False,,False,,False,,False,,False,Unknown,False,No price data available
GELYF,Geely Automobile Holdings Limited,2.29,2026-06-24T23:59:10.905840+00:00,False,+19.3%,True,$24696.7M,,,False,75.7K,False,$2.29 / SMA $2.71,True,5.20%,,,False,6271.7M,False,PNK,False,
GEN,Gen Digital Inc.,23.31,2026-06-25T23:19:56.874676+00:00,False,+31.1%,True,$14042.7M,True,+265.2%,True,7677.8K,True,$23.31 / SMA $22.78,True,3.94%,True,+27.0%,False,457.4M,True,NMS,False,
GENSY,Genus plc,31.25,2026-06-25T23:12:06.228462+00:00,False,+28.4%,True,$2075.4M,,,False,0.1K,False,$31.25 / SMA $34.99,False,0.00%,,,True,65.1M,False,PNK,False,
GERN,Geron Corporation,1.385,2026-06-25T00:05:57.661216+00:00,False,+33.2%,True,$888.5M,True,+66.7%,True,15812.7K,True,$1.39 / SMA $1.37,True,5.52%,True,+30.9%,False,535.7M,True,NMS,False,
GETY,"Getty Images Holdings, Inc.",0.9891,2026-06-25T23:27:38.525945+00:00,False,+69.9%,True,$414.4M,True,+96.0%,True,5816.2K,True,$0.99 / SMA $0.87,True,13.23%,False,+1.1%,False,197.4M,True,NYQ,False,
GEV,GE Vernova Inc.,1085.47,2026-06-25T23:07:52.160664+00:00,True,+125.1%,True,$291687.5M,True,+1816.5%,True,2699.0K,True,$1085.47 / SMA $1029.22,True,4.24%,False,+16.3%,False,268.2M,True,NYQ,False,
GEVO,"Gevo, Inc.",1.4,2026-06-25T23:27:39.491139+00:00,False,+25.0%,True,$340.8M,False,+0.0%,True,3947.6K,False,$1.40 / SMA $1.72,True,5.68%,True,+47.5%,False,225.8M,True,NCM,False,
GFI,Gold Fields Limited,32.82,2026-06-25T23:19:43.349842+00:00,False,+46.5%,True,$29354.8M,,N/A,True,3384.5K,False,$32.82 / SMA $40.93,True,3.84%,,N/A,False,1788.2M,True,NYQ,False,
GFIOF,Gold Fields Limited,35.8,2026-06-24T23:59:04.230144+00:00,False,+50.1%,True,$32020.2M,,,False,0.1K,False,$35.80 / SMA $42.03,False,0.19%,,,False,894.1M,False,PNK,False,
GFS,GLOBALFOUNDRIES Inc.,83.7,2026-06-24T23:58:57.713736+00:00,True,+165.6%,True,$45926.3M,False,+-52.6%,True,4696.4K,True,$83.70 / SMA $72.66,True,5.92%,False,+3.1%,True,124.7M,True,NMS,False,
GGAL,Grupo Financiero Galicia S.A.,49.1,2026-06-24T23:59:45.550649+00:00,True,+89.6%,True,$8320.2M,False,+-65.7%,True,1228.7K,True,$49.10 / SMA $46.51,True,4.38%,False,+3.1%,False,931.9M,True,NCM,False,
GGAZF,Goldgroup Mining Inc.,1.15,2026-06-25T23:17:36.201234+00:00,True,+82.5%,True,$346.8M,True,+128.6%,False,273.3K,True,$1.15 / SMA $1.10,True,10.51%,True,+362.8%,False,269.5M,False,OQX,False,
GGGSF,Greggs plc,20.51,2026-06-25T00:03:31.122233+00:00,False,+9.0%,True,$2091.1M,,,False,1.3K,False,$20.51 / SMA $21.58,False,0.58%,,,True,100.2M,False,PNK,False,
GGGSY,Greggs plc,6.79,2026-06-25T23:12:04.716133+00:00,False,+8.6%,True,$2076.8M,,,False,2.0K,False,$6.79 / SMA $7.23,False,0.07%,,,False,301.0M,False,PNK,False,
GH,"Guardant Health, Inc.",142.94,2026-06-25T23:19:55.950188+00:00,True,+254.3%,True,$18953.8M,False,+-10.4%,True,2270.8K,True,$142.94 / SMA $109.90,True,5.25%,True,+48.3%,True,127.9M,True,NMS,False,
GHC,Graham Holdings Company,1172.86,2026-06-25T00:01:32.539731+00:00,False,+32.9%,True,$5051.6M,False,+21.5%,False,17.9K,True,$1172.86 / SMA $1129.12,False,2.64%,False,+6.0%,True,2.9M,True,NYQ,False,
GHM,Graham Corporation,122.83,2026-06-25T23:25:50.392284+00:00,True,+166.6%,True,$1436.0M,,N/A,False,219.2K,True,$122.83 / SMA $99.95,True,7.01%,False,+13.0%,True,10.9M,True,NYQ,False,
GHRS,GH Research PLC,25.34,2026-06-25T23:13:48.883966+00:00,True,+123.9%,True,$1738.6M,False,+-63.2%,False,246.2K,True,$25.34 / SMA $21.45,True,7.97%,,,True,26.7M,True,NGM,False,
GIFLF,"Grifols, S.A.",10.45,2026-06-24T23:59:48.642686+00:00,False,+1.0%,True,$7112.1M,False,+5.8%,False,1.5K,False,$10.45 / SMA $10.71,False,0.05%,False,+-14.0%,False,417.3M,False,PNK,False,
GIII,"G-III Apparel Group, Ltd.",34.4,2026-06-25T00:05:31.260423+00:00,False,+58.7%,True,$1451.4M,True,+782.4%,True,531.0K,True,$34.40 / SMA $31.77,True,3.64%,False,+-8.2%,True,36.5M,True,NMS,False,
GIL,Gildan Activewear Inc.,53.48,2026-06-25T23:08:25.635749+00:00,False,+16.3%,True,$9903.5M,False,+-164.3%,True,1468.4K,False,$53.48 / SMA $57.74,True,4.81%,True,+63.8%,False,183.1M,True,NYQ,False,
GILT,Gilat Satellite Networks Ltd.,12.08,2026-06-25T00:05:36.442310+00:00,True,+77.6%,True,$911.7M,True,+163.6%,True,865.0K,False,$12.08 / SMA $16.52,True,7.24%,False,+20.0%,True,73.6M,True,NMS,False,
GIW,GigCapital8 Corp.,10.08,2026-06-25T23:17:33.096452+00:00,False,+2.1%,True,$476.6M,,,False,17.7K,True,$10.08 / SMA $10.04,False,0.11%,,,True,22.0M,True,NGM,False,
GIWWU,GigCapital8 Corp.,10.35,2026-06-25T23:29:20.072297+00:00,False,+3.4%,,N/A,,N/A,False,0.2K,True,$10.35 / SMA $10.29,False,0.17%,,N/A,True,22.0M,True,NGM,False,
GJNSY,Gjensidige Forsikring ASA,24.98,2026-06-25T23:08:20.141134+00:00,False,+5.3%,True,$12489.1M,True,+41.2%,False,1.2K,False,$24.98 / SMA $27.54,True,3.62%,False,+11.2%,False,189.0M,False,PNK,False,
GLAD,Gladstone Capital Corporation,18.74,2026-06-25T23:17:26.728444+00:00,False,+13.3%,True,$423.4M,True,+74.4%,False,190.0K,False,$18.74 / SMA $18.86,False,2.24%,True,+108.0%,,,True,NMS,False,
GLASF,Glass House Brands Inc.,11.01,2026-06-25T23:15:38.115645+00:00,True,+142.0%,True,$939.2M,False,+-41.6%,False,269.3K,True,$11.01 / SMA $10.62,True,6.64%,False,+-13.3%,True,65.6M,False,OQX,False,
GLAXF,GSK plc,26.82,2026-06-25T23:19:33.172162+00:00,False,+56.4%,True,$107458.1M,False,+8.4%,False,0.9K,True,$26.82 / SMA $26.18,False,1.07%,False,+1.5%,False,3891.9M,False,PNK,False,
GLBE,Global-E Online Ltd.,34.33,2026-06-25T23:21:55.430719+00:00,False,+27.9%,True,$5766.3M,True,+254.5%,True,1575.7K,True,$34.33 / SMA $31.53,True,4.79%,True,+32.8%,True,105.5M,True,NMS,False,
GLIBA,Liberty Capital Corporation,20.42,2026-06-25T23:25:51.697183+00:00,False,+4.1%,True,$814.9M,False,+-60.7%,False,67.8K,False,$20.42 / SMA $27.18,True,5.22%,False,+-4.1%,True,36.7M,True,NMS,False,
GLIBK,Liberty Capital Corporation,19.86,2026-06-25T23:13:59.133078+00:00,False,+2.9%,True,$792.5M,False,+-60.7%,True,719.7K,False,$19.86 / SMA $26.97,True,6.29%,False,+-4.1%,True,36.7M,True,NMS,False,
GLNCY,Glencore plc,13.53,2026-06-25T23:19:33.966263+00:00,True,+81.9%,True,$79254.7M,,N/A,True,825.3K,False,$13.53 / SMA $15.24,False,2.33%,,N/A,False,4567.4M,False,PNK,False,
GLNG,Golar LNG Limited,50.05,2026-06-25T23:10:16.008242+00:00,False,+42.9%,True,$5094.1M,True,+948.7%,True,1515.6K,False,$50.05 / SMA $52.66,False,2.67%,True,+120.1%,True,86.7M,True,NMS,False,
GLNLF,Galan Lithium Limited,0.2371,2026-06-25T23:17:32.681967+00:00,True,+293.2%,False,$299.3M,,,False,28.4K,False,$0.24 / SMA $0.33,False,2.80%,,,False,788.2M,False,PNK,False,
GLOB,Globant S.A.,27.73,2026-06-25T23:25:32.754397+00:00,False,+0.6%,True,$1197.4M,False,+25.0%,True,1645.0K,False,$27.73 / SMA $39.49,True,6.41%,False,+-0.7%,True,38.4M,True,NYQ,False,
GLOO,"Gloo Holdings, Inc.",4.21,2026-06-25T23:27:38.382028+00:00,False,+0.2%,True,$345.7M,True,+37.4%,False,126.0K,False,$4.21 / SMA $5.87,True,7.25%,True,+237.6%,True,14.8M,True,NMS,False,
GLP,Global Partners LP,44.08,2026-06-25T00:03:44.216257+00:00,False,+11.4%,True,$1497.5M,True,+413.9%,False,79.8K,False,$44.08 / SMA $47.20,True,4.36%,False,+15.9%,True,27.6M,True,NYQ,False,
GLPEF,"Galp Energia, SGPS, S.A.",22.12,2026-06-25T23:19:54.497177+00:00,False,+37.6%,True,$17831.0M,False,+-431.0%,False,2.4K,False,$22.12 / SMA $22.27,False,0.00%,False,+2.7%,False,334.9M,False,PNK,False,
GLPEY,"Galp Energia, SGPS, S.A.",10.61,2026-06-24T23:59:21.889879+00:00,False,+31.0%,True,$17105.5M,False,+-431.0%,False,111.1K,False,$10.61 / SMA $11.06,False,1.91%,False,+2.7%,False,669.7M,False,PNK,False,
GLRE,"Greenlight Capital Re, Ltd.",16.08,2026-06-25T23:27:32.248998+00:00,False,+39.0%,True,$533.3M,False,+22.1%,False,198.3K,False,$16.08 / SMA $17.07,False,2.94%,False,+-14.2%,True,24.9M,True,NMS,False,
GLSI,"Greenwich LifeSciences, Inc.",18.33,2026-06-25T23:17:31.830530+00:00,True,+135.6%,False,$269.1M,False,+-85.7%,False,135.8K,False,$18.33 / SMA $24.45,True,10.02%,,,True,7.4M,True,NCM,False,
GLW,Corning Incorporated,228.01,2026-06-25T23:07:53.532811+00:00,True,+344.3%,True,$196234.0M,True,+138.9%,True,13141.1K,True,$228.01 / SMA $182.00,True,7.03%,False,+20.0%,False,789.7M,True,NYQ,False,
GM,General Motors Company,78.53,2026-06-25T23:19:35.891699+00:00,False,+64.6%,True,$70807.8M,False,+-15.8%,True,7539.8K,False,$78.53 / SMA $79.05,True,3.41%,False,+-0.9%,False,898.8M,True,NYQ,False,
GMAB,Genmab A/S,26.14,2026-06-25T23:08:17.819632+00:00,False,+29.2%,True,$16048.3M,False,+-72.8%,True,1819.9K,False,$26.14 / SMA $26.32,False,2.32%,True,+25.3%,False,606.4M,True,NMS,False,
GMTL,Guardian Metal Resources PLC,14.78,2026-06-25T23:15:43.197035+00:00,False,+18.1%,True,$575.9M,,,False,226.0K,False,$14.78 / SMA $16.46,True,9.78%,,,True,100.4M,True,ASE,False,
GMTLF,Guardian Metal Resources PLC,2.84,2026-06-25T23:15:43.610129+00:00,True,+305.1%,True,$553.3M,,,False,72.1K,False,$2.84 / SMA $3.27,True,9.66%,,,True,100.4M,False,OQB,False,
GMVHF,Entain Plc,7.562,2026-06-25T00:01:32.973708+00:00,False,+12.2%,True,$4839.0M,,,False,9.3K,False,$7.56 / SMA $7.70,True,6.17%,,,False,636.8M,False,PNK,False,
GMVHY,Entain Plc,7.28,2026-06-25T00:01:32.902064+00:00,False,+6.2%,True,$4658.5M,,,False,102.2K,False,$7.28 / SMA $7.51,False,2.32%,,,False,636.8M,False,PNK,False,
GMWKF,Games Workshop Group PLC,266.08,2026-06-24T23:59:40.429121+00:00,False,+43.8%,True,$8792.5M,,,False,0.2K,False,$266.08 / SMA $268.04,True,5.89%,,,True,32.4M,False,PNK,False,
GNGYF,Guangshen Railway Company Limited,0.245,2026-06-25T23:23:44.903279+00:00,False,+16.7%,True,$1735.5M,False,+24.2%,False,1.8K,True,$0.24 / SMA $0.17,False,0.00%,False,+7.2%,False,4254.3M,False,PNK,False,
GNMSF,Genmab A/S,257.44,2026-06-25T23:08:18.504706+00:00,False,+29.7%,True,$15805.2M,False,+-72.8%,False,1.9K,False,$257.44 / SMA $260.47,False,0.09%,True,+25.3%,True,60.6M,False,PNK,False,
GNNDY,GN Store Nord A/S,41.05,2026-06-25T23:12:06.931604+00:00,False,+3.2%,True,$1992.5M,,,False,0.4K,False,$41.05 / SMA $44.89,False,1.32%,False,+-58.2%,True,48.5M,False,PNK,False,
GNRC,Generac Holdings Inc.,295.16,2026-06-25T23:19:55.638973+00:00,True,+119.0%,True,$17375.7M,True,+69.9%,True,854.8K,True,$295.16 / SMA $257.19,True,4.84%,False,+12.4%,True,57.8M,True,NYQ,False,
GNTX,Gentex Corporation,25.04,2026-06-25T00:01:31.505857+00:00,False,+22.3%,True,$5332.3M,False,+9.5%,True,2211.8K,True,$25.04 / SMA $23.80,False,2.29%,False,+17.1%,False,211.9M,True,NMS,False,
GNW,"Genworth Financial, Inc.",9.4,2026-06-25T23:23:39.162344+00:00,False,+31.8%,True,$3600.3M,False,+-7.7%,True,2790.3K,True,$9.40 / SMA $8.91,False,1.94%,False,+-2.2%,False,374.2M,True,NYQ,False,
GNZUF,"Guangzhou Automobile Group Co., Ltd.",0.29,2026-06-25T23:20:11.357293+00:00,False,+7.4%,True,$2957.1M,,N/A,False,3.3K,False,$0.29 / SMA $0.34,False,1.63%,False,+-38.8%,False,4265.9M,False,PNK,False,
GOFPY,Allwyn AG,7.79,2026-06-25T23:08:25.546833+00:00,False,+15.4%,True,$12421.2M,False,+-17.6%,False,150.0K,True,$7.79 / SMA $7.58,False,2.81%,False,+17.8%,,,False,PNK,False,
GOLD,"Gold.com, Inc.",41.45,2026-06-25T23:25:44.287589+00:00,True,+101.7%,True,$1202.2M,True,+680.6%,True,544.4K,False,$41.45 / SMA $42.90,True,3.90%,True,+244.0%,True,19.4M,True,NYQ,False,
GOLF,Acushnet Holdings Corp.,109.5,2026-06-25T00:01:29.374660+00:00,False,+53.0%,True,$6411.7M,False,+-16.0%,False,328.2K,True,$109.50 / SMA $93.72,True,3.08%,False,+7.1%,True,27.4M,True,NYQ,False,
GONYF,GONYF,9.6,2026-06-25T23:17:31.543810+00:00,False,+8.4%,,,,,False,9.8K,False,$9.60 / SMA $9.97,False,1.03%,,,True,30.0M,False,OQB,False,
GOOD,Gladstone Commercial Corporation,12.1,2026-06-25T23:27:26.310056+00:00,False,+17.1%,True,$590.8M,True,+100.0%,False,466.2K,False,$12.10 / SMA $12.39,False,2.02%,False,+11.8%,True,47.8M,True,NMS,False,
GOODN,Gladstone Commercial Corporation,22.415,2026-06-25T23:15:43.695916+00:00,False,+7.2%,,,,,False,3.1K,True,$22.41 / SMA $22.19,False,0.93%,False,+11.8%,True,47.8M,True,NMS,False,
GOODO,Gladstone Commercial Corporation,19.87,2026-06-25T00:06:07.797644+00:00,False,+2.3%,,,,,False,4.8K,False,$19.87 / SMA $19.91,False,0.88%,False,+11.8%,,,True,NMS,False,
GOOGL,Alphabet Inc.,343.71,2026-06-25T23:19:28.215963+00:00,True,+102.3%,True,$4194146.2M,True,+81.9%,True,30402.0K,False,$343.71 / SMA $369.11,False,2.87%,False,+21.8%,False,10822.7M,True,NMS,False,
GPAT,GP-Act III Acquisition Corp.,10.88,2026-06-25T23:17:30.535224+00:00,False,+3.6%,True,$391.0M,False,+-25.0%,False,176.0K,True,$10.88 / SMA $10.84,False,0.55%,,,True,26.9M,True,NGM,False,
GPATU,GP-Act III Acquisition Corp.,10.98,2026-06-25T23:29:17.090490+00:00,False,+3.0%,,N/A,,N/A,False,0.1K,True,$10.98 / SMA $10.98,False,0.48%,,N/A,True,26.9M,True,NGM,False,
GPEAF,Great Portland Estates Plc,4.01,2026-06-25T23:25:35.054251+00:00,False,+8.1%,True,$1617.7M,,N/A,False,0.1K,True,$4.01 / SMA $3.82,False,0.00%,,N/A,False,351.4M,False,PNK,False,
GPGI,"GPGI, Inc.",14.24,2026-06-25T00:01:42.439096+00:00,False,+26.9%,True,$4127.6M,False,+-1342.9%,True,3065.5K,True,$14.24 / SMA $13.86,True,5.47%,False,+-100.0%,False,158.5M,True,NYQ,False,
GPK,Graphic Packaging Holding Company,10.91,2026-06-25T23:11:58.557608+00:00,False,+24.1%,True,$3228.1M,False,+-133.3%,True,7063.8K,True,$10.91 / SMA $10.18,True,4.45%,False,+1.7%,False,290.8M,True,NYQ,False,
GPN,Global Payments Inc.,68.16,2026-06-25T23:19:51.877762+00:00,False,+11.4%,True,$18644.7M,False,+-631.5%,True,3586.3K,False,$68.16 / SMA $69.08,True,4.41%,True,+63.1%,False,228.5M,True,NYQ,False,
GPRK,GeoPark Limited,9.12,2026-06-25T23:27:24.379116+00:00,False,+58.6%,True,$589.9M,,N/A,True,787.0K,False,$9.12 / SMA $9.90,True,4.99%,,N/A,True,19.4M,True,NYQ,False,
GRBK,"Green Brick Partners, Inc.",80.22,2026-06-25T00:03:22.144185+00:00,False,+32.7%,True,$3461.1M,False,+-16.8%,False,228.3K,True,$80.22 / SMA $68.55,False,2.90%,False,+-4.9%,True,30.0M,True,NYQ,False,
GRC,The Gorman-Rupp Company,90.85,2026-06-25T23:13:43.121221+00:00,True,+149.5%,True,$2399.4M,True,+47.8%,False,165.1K,True,$90.85 / SMA $76.66,False,2.95%,False,+7.7%,True,20.8M,True,NYQ,False,
GRIQ,"GrocerIQ Holdings, Inc.",3.98,2026-06-25T23:17:41.104458+00:00,True,+148.7%,False,$290.3M,,,False,1.1K,False,$3.98 / SMA $4.66,True,9.25%,,,,,False,OID,False,
GRMN,Garmin Ltd.,235.41,2026-06-25T23:19:39.972836+00:00,False,+26.1%,True,$45400.3M,False,+21.5%,True,806.4K,False,$235.41 / SMA $241.54,False,2.73%,False,+14.2%,False,164.6M,True,NYQ,False,
GRMZF,GRMZF,18.44,2026-06-25T00:07:58.804822+00:00,False,+63.2%,True,$426.4M,,,False,0.0K,True,$18.44 / SMA $15.16,False,0.00%,,,True,7.9M,False,PNK,False,
GRNCY,GrainCorp Limited,7.15,2026-06-25T00:06:01.035794+00:00,False,+0.7%,True,$794.8M,,,False,0.0K,False,$7.15 / SMA $8.15,False,0.00%,,,True,93.6M,False,PNK,False,
GROY,Gold Royalty Corp.,2.68,2026-06-25T23:15:39.515214+00:00,False,+25.8%,True,$618.6M,True,+200.0%,True,2041.9K,False,$2.68 / SMA $3.26,True,4.81%,True,+128.7%,False,196.8M,True,ASE,False,
GRRMY,Gerresheimer AG,7.2264,2026-06-25T23:25:48.635392+00:00,False,+53.4%,True,$998.4M,,N/A,False,0.1K,True,$7.23 / SMA $6.67,False,0.00%,,N/A,True,128.2M,False,PNK,False,
GRRR,Gorilla Technology Group Inc.,16.9,2026-06-25T23:29:15.339522+00:00,True,+86.9%,True,$469.1M,False,+-517.4%,True,1219.8K,True,$16.90 / SMA $15.55,True,10.77%,True,+54.6%,True,24.0M,True,NCM,False,
GRYRF,Geo Energy Resources Limited,0.36465,2026-06-25T23:15:43.427816+00:00,False,+44.4%,True,$649.6M,False,+-75.8%,False,0.7K,False,$0.36 / SMA $0.42,False,0.00%,False,+-42.4%,False,730.6M,False,PNK,False,
GS,"The Goldman Sachs Group, Inc.",1065.09,2026-06-25T23:19:29.240400+00:00,False,+58.8%,True,$314209.4M,False,+24.3%,True,2125.9K,True,$1065.09 / SMA $985.83,True,3.08%,False,+14.4%,False,304.9M,True,NYQ,False,
GSAT,"Globalstar, Inc.",80.14,2026-06-24T23:59:36.800921+00:00,True,+258.6%,True,$10321.1M,False,+0.0%,True,1676.3K,False,$80.14 / SMA $81.61,False,1.56%,False,+16.7%,True,51.6M,True,NMS,False,
GSCCF,ioneer Ltd,0.094,2026-06-25T23:29:25.190920+00:00,True,+9300.0%,False,$289.0M,,N/A,False,44.4K,False,$0.09 / SMA $0.10,True,507.22%,,N/A,False,2345.1M,False,PNK,False,
GSHD,"Goosehead Insurance, Inc.",43.97,2026-06-25T23:13:49.566631+00:00,False,+30.6%,True,$1565.6M,True,+111.1%,False,470.8K,True,$43.97 / SMA $40.60,True,6.97%,False,+23.1%,True,21.6M,True,NMS,False,
GSHRF,Gold X2 Mining Inc.,0.8254,2026-06-25T23:15:41.696535+00:00,True,+230.2%,True,$500.4M,False,+0.0%,False,100.9K,False,$0.83 / SMA $1.05,True,5.74%,,,False,514.3M,False,OQB,False,
GSISF,Genesis Minerals Limited,4.06,2026-06-25T23:21:57.068691+00:00,True,+75.8%,True,$4637.9M,,N/A,False,0.8K,False,$4.06 / SMA $4.42,False,1.31%,,N/A,False,1063.2M,False,PNK,False,
GSIT,"GSI Technology, Inc.",6.89,2026-06-25T23:17:35.373033+00:00,True,+144.3%,False,$263.5M,False,+-44.4%,True,1605.8K,False,$6.89 / SMA $8.43,True,9.99%,False,+7.4%,True,31.7M,True,NMS,False,
GSL,"Global Ship Lease, Inc.",38.09,2026-06-25T23:13:51.386474+00:00,False,+46.5%,True,$1372.6M,False,+-25.3%,False,319.7K,False,$38.09 / SMA $38.87,False,2.84%,False,+2.2%,True,30.8M,True,NYQ,False,
GSM,Ferroglobe PLC,3.42,2026-06-25T23:15:37.258865+00:00,False,+1.6%,True,$639.1M,True,+88.9%,True,1276.9K,False,$3.42 / SMA $4.17,True,4.98%,False,+13.2%,True,104.7M,True,NCM,False,
GSVRF,Guanajuato Silver Company Ltd.,0.3148,2026-06-25T00:08:33.247432+00:00,True,+85.1%,False,$234.1M,,,True,911.4K,False,$0.31 / SMA $0.43,True,11.85%,True,+101.8%,False,715.3M,False,OQX,False,
GT,The Goodyear Tire & Rubber Company,6.44,2026-06-25T23:13:46.505934+00:00,False,+18.6%,True,$1851.1M,False,+-315.0%,True,8462.8K,True,$6.44 / SMA $6.34,True,4.35%,False,+-8.7%,False,256.2M,True,NMS,False,
GTBIF,Green Thumb Industries Inc.,7.03,2026-06-25T23:25:36.597367+00:00,False,+38.7%,True,$1539.5M,True,+75.0%,True,649.4K,False,$7.03 / SMA $7.67,True,5.87%,False,+7.4%,False,190.0M,False,OQX,False,
GTENU,"Gores Holdings X, Inc.",10.5501,2026-06-25T23:27:37.341746+00:00,False,+2.9%,,N/A,,N/A,False,0.5K,True,$10.55 / SMA $10.48,False,0.00%,,N/A,True,30.9M,True,NGM,False,
GTLB,GitLab Inc.,27.49,2026-06-25T23:10:20.408365+00:00,False,+46.8%,True,$4643.1M,True,+86.4%,True,6401.4K,True,$27.49 / SMA $25.84,True,6.26%,False,+23.1%,True,140.6M,True,NMS,False,
GTM,ZoomInfo Technologies Inc.,2.61,2026-06-25T23:25:49.962521+00:00,False,+2.8%,True,$769.2M,True,+25.0%,True,11728.4K,False,$2.61 / SMA $4.38,True,7.79%,False,+1.5%,False,229.5M,True,NMS,False,
GTN,"Gray Media, Inc.",3.58,2026-06-25T23:27:37.863531+00:00,False,+2.3%,True,$367.8M,False,+-47.8%,True,1320.0K,False,$3.58 / SMA $4.50,True,4.39%,False,+-1.8%,True,81.9M,True,NYQ,False,
GTY,Getty Realty Corp.,33.86,2026-06-25T00:03:35.351948+00:00,False,+33.4%,True,$2047.4M,True,+72.0%,False,427.4K,True,$33.86 / SMA $33.15,False,1.93%,False,+10.5%,True,58.0M,True,NYQ,False,
GVA,Granite Construction Incorporated,151.88,2026-06-25T00:01:26.656853+00:00,False,+69.1%,True,$6644.2M,False,+-24.7%,True,718.2K,True,$151.88 / SMA $135.91,True,3.08%,True,+30.4%,True,43.4M,True,NYQ,False,
GVDNY,Givaudan SA,80.94,2026-06-24T23:59:05.488077+00:00,False,+22.7%,True,$37350.6M,,,False,42.4K,True,$80.94 / SMA $73.41,False,1.36%,,,False,460.9M,False,PNK,False,
GWKSY,GWKSY,29.2,2026-06-25T23:20:07.386507+00:00,False,+53.6%,True,$9649.0M,,N/A,False,0.5K,True,$29.20 / SMA $28.02,False,0.54%,,N/A,False,324.4M,False,PNK,False,
GWLIF,Great-West Lifeco Inc.,62.09,2026-06-25T23:19:38.894609+00:00,False,+68.9%,True,$55759.2M,,N/A,False,47.5K,True,$62.09 / SMA $55.97,False,0.89%,True,+143.7%,False,260.0M,False,PNK,False,
GXO,"GXO Logistics, Inc.",50.95,2026-06-25T23:21:53.564320+00:00,False,+12.2%,True,$5861.7M,True,+103.7%,True,1354.4K,False,$50.95 / SMA $51.29,True,3.03%,False,+10.8%,True,113.7M,True,NYQ,False,
GYRE,"Gyre Therapeutics, Inc.",6.23,2026-06-25T23:15:45.175798+00:00,False,+14.5%,True,$694.6M,,,False,80.8K,False,$6.23 / SMA $6.74,True,5.27%,False,+2.1%,True,21.3M,True,NCM,False,
GZPZY,Gaztransport & Technigaz SA,46.58,2026-06-24T23:59:41.346827+00:00,False,+28.1%,True,$8642.0M,,,False,0.4K,True,$46.58 / SMA $45.85,False,0.00%,,,False,183.5M,False,PNK,False,
H,Hyatt Hotels Corporation,197.32,2026-06-24T23:59:21.651276+00:00,False,+47.8%,True,$18580.0M,True,+110.5%,True,852.5K,True,$197.32 / SMA $177.39,True,3.26%,False,+1.7%,True,39.8M,True,NYQ,False,
HACQ,HCM IV Acquisition Corp.,10.02,2026-06-25T23:17:32.459439+00:00,False,+1.6%,True,$374.5M,,,False,22.7K,True,$10.02 / SMA $9.97,False,0.12%,,,True,28.7M,True,NGM,False,
HAE,Haemonetics Corporation,77.62,2026-06-25T23:11:59.251364+00:00,False,+64.0%,True,$3527.5M,,,True,885.1K,True,$77.62 / SMA $64.58,True,4.21%,False,+4.8%,True,44.9M,True,NYQ,False,
HAGHY,Hensoldt AG,8.06,2026-06-24T23:59:33.239106+00:00,False,+6.5%,True,$9309.3M,True,+38.5%,False,238.0K,False,$8.06 / SMA $9.02,False,2.96%,True,+25.6%,False,618.7M,False,PNK,False,
HAL,Halliburton Company,33.9,2026-06-24T23:59:04.862089+00:00,False,+68.7%,True,$28320.0M,True,+129.2%,True,12897.2K,False,$33.90 / SMA $39.51,False,2.91%,False,+-0.3%,False,830.6M,True,NYQ,False,
HALO,"Halozyme Therapeutics, Inc.",72.635,2026-06-25T23:08:32.005320+00:00,False,+42.3%,True,$8615.5M,True,+31.2%,True,1666.2K,True,$72.64 / SMA $68.12,True,3.16%,True,+42.2%,True,117.2M,True,NMS,False,
HAS,"Hasbro, Inc.",83.28,2026-06-24T23:59:31.672811+00:00,False,+19.8%,True,$11783.3M,True,+98.6%,True,1967.0K,False,$83.28 / SMA $89.73,False,2.29%,False,+12.7%,True,140.8M,True,NMS,False,
HAWK,"HawkEye 360, Inc.",19.66,2026-06-25T23:12:00.784324+00:00,False,+0.3%,True,$1925.9M,,,True,1544.2K,False,$19.66 / SMA_short $28.21,True,9.72%,,,True,2.8M,True,NYQ,False,
HBANM,Huntington Bancshares Incorporated,20.52,2026-06-25T23:08:07.029500+00:00,False,+0.3%,,,,,False,13.3K,False,$20.52 / SMA $21.50,False,1.10%,True,+34.0%,False,2014.5M,True,NMS,False,
HBANP,Huntington Bancshares Incorporated,16.15,2026-06-25T23:19:44.335277+00:00,False,+0.9%,,N/A,,N/A,False,51.0K,False,$16.15 / SMA $16.67,False,0.99%,True,+34.0%,False,2014.5M,True,NMS,False,
HBANZ,Huntington Bancshares Incorporated,19.855,2026-06-24T23:59:06.535647+00:00,False,+0.9%,,,,,False,11.1K,False,$19.86 / SMA $20.53,False,0.78%,True,+34.0%,False,2014.5M,True,NMS,False,
HBCP,"Home Bancorp, Inc.",68.18,2026-06-25T00:07:49.210735+00:00,False,+37.8%,True,$534.7M,False,+5.8%,False,102.2K,True,$68.18 / SMA $64.45,False,2.28%,False,+6.9%,True,6.8M,True,NMS,False,
HBCYF,HSBC Holdings plc,18.58,2026-06-25T23:19:28.925911+00:00,False,+60.9%,True,$318613.7M,False,+2.6%,False,13.5K,True,$18.58 / SMA $17.80,True,6.88%,False,+7.8%,False,16975.4M,False,PNK,False,
HBGRF,Heidelberger Druckmaschinen Aktiengesellschaft,1.585,2026-06-25T23:15:49.928257+00:00,False,+0.0%,True,$482.4M,,,False,0.2K,False,$1.58 / SMA $2.04,False,0.00%,False,+-10.4%,False,255.4M,False,PNK,False,
HBGRY,Heidelberger Druckmaschinen Aktiengesellschaft,0.75,2026-06-25T00:07:51.939792+00:00,False,+7.1%,True,$508.3M,,,False,1.9K,False,$0.75 / SMA $0.81,False,0.60%,False,+-10.4%,False,510.7M,False,PNK,False,
HBNC,"Horizon Bancorp, Inc.",19.8,2026-06-25T00:05:53.011716+00:00,False,+33.4%,True,$1016.3M,False,+-5.6%,False,375.0K,True,$19.80 / SMA $18.46,False,2.12%,False,+6.2%,True,50.2M,True,NMS,False,
HBRIY,Harbour Energy plc,3.05,2026-06-25T23:21:46.511678+00:00,False,+23.0%,True,$4785.1M,,N/A,False,30.6K,False,$3.05 / SMA $3.76,True,3.96%,,N/A,False,876.3M,False,PNK,False,
HCA,"HCA Healthcare, Inc.",387.76,2026-06-24T23:58:51.204815+00:00,False,+17.5%,True,$86020.6M,False,+10.9%,True,1386.4K,False,$387.76 / SMA $413.77,False,2.75%,False,+4.3%,True,149.5M,True,NYQ,False,
HCHDF,Hochschild Mining plc,6.24,2026-06-25T23:10:24.218373+00:00,True,+86.8%,True,$3210.2M,,,False,7.8K,False,$6.24 / SMA $8.14,True,3.85%,,,False,315.2M,False,OQX,False,
HCMLF,Holcim AG,95.7,2026-06-24T23:58:57.302596+00:00,False,+32.6%,True,$52934.1M,,,False,0.2K,True,$95.70 / SMA $92.91,False,0.04%,,,False,503.3M,False,PNK,False,
HCMLY,Holcim AG,18.67,2026-06-25T23:08:01.685812+00:00,False,+23.3%,True,$51634.2M,,,False,110.8K,True,$18.67 / SMA $18.50,False,2.09%,,,False,2516.7M,False,PNK,False,
HD,"The Home Depot, Inc.",345.0,2026-06-25T23:07:51.735292+00:00,False,+19.3%,True,$344005.2M,False,+-4.3%,True,4684.1K,True,$345.00 / SMA $320.81,False,2.49%,False,+4.8%,False,995.4M,True,NYQ,False,
HDALF,Haidilao International Holding Ltd.,1.5,2026-06-25T23:08:28.965177+00:00,False,+3.4%,True,$8719.0M,,,False,16.9K,False,$1.50 / SMA $1.80,False,2.22%,,,False,1737.2M,False,PNK,False,
HDB,HDFC Bank Limited,25.56,2026-06-24T23:58:48.317999+00:00,False,+11.6%,True,$131214.0M,,,True,9371.6K,True,$25.56 / SMA $24.85,False,2.15%,,,False,25557.5M,True,NYQ,False,
HDL,Super Hi International Holding Ltd.,12.0,2026-06-25T23:27:00.649427+00:00,False,+0.0%,True,$706.0M,False,+-50.0%,False,1.5K,False,$12.00 / SMA $13.57,False,1.09%,False,+14.2%,True,36.2M,True,NGM,False,
HDLMY,HDLMY,41.73,2026-06-24T23:59:15.778054+00:00,False,+14.0%,True,$36798.6M,,,False,116.4K,False,$41.73 / SMA $42.71,False,2.39%,,,False,628.4M,False,PNK,False,
HEI,HEICO Corporation,335.3,2026-06-24T23:59:03.613810+00:00,False,+30.9%,True,$46827.8M,True,+48.2%,True,689.4K,True,$335.30 / SMA $303.93,False,2.95%,True,+25.3%,True,123.9M,True,NYQ,False,
HEI.A,HEI.A,,2026-06-25T23:08:05.148554+00:00,False,,False,,False,,False,,False,,False,,False,,False,,False,Unknown,False,No price data available
HELE,Helen of Troy Limited,27.83,2026-06-25T23:15:44.546542+00:00,True,+100.9%,True,$648.2M,,,True,654.9K,True,$27.83 / SMA $24.70,True,6.02%,False,+-3.3%,True,22.7M,True,NMS,False,
HELFY,HelloFresh SE,1.07,2026-06-25T23:27:09.278550+00:00,False,+10.3%,True,$613.5M,True,+50.6%,False,4.5K,False,$1.07 / SMA $1.19,False,0.03%,False,+-13.2%,False,474.5M,False,PNK,False,
HENKY,Henkel AG & Co. KGaA,19.63,2026-06-25T23:08:07.513194+00:00,False,+16.6%,True,$31789.3M,,,False,122.0K,True,$19.63 / SMA $17.92,False,1.42%,,,False,982.1M,False,PNK,False,
HENOF,Henkel AG & Co. KGaA,74.64,2026-06-24T23:59:08.032760+00:00,False,+2.9%,True,$30218.4M,,,False,0.0K,False,$74.64 / SMA $74.79,False,0.00%,,,False,245.5M,False,PNK,False,
HENOY,Henkel AG & Co. KGaA,20.75,2026-06-25T23:19:45.338102+00:00,False,+16.7%,True,$33603.0M,,N/A,False,24.0K,True,$20.75 / SMA $19.09,False,1.37%,,N/A,False,982.1M,False,PNK,False,
HESAY,Hermès International Société en commandite par actions,182.34,2026-06-24T23:58:46.060355+00:00,False,+1.0%,True,$190982.6M,,,False,112.9K,False,$182.34 / SMA $191.16,False,1.88%,,,False,343.0M,False,PNK,False,
HFWA,Heritage Financial Corporation,29.29,2026-06-25T23:25:47.687053+00:00,False,+37.4%,True,$1207.3M,False,+20.0%,False,260.7K,True,$29.29 / SMA $27.43,False,2.37%,True,+35.3%,True,40.6M,True,NMS,False,
HG,"Hamilton Insurance Group, Ltd.",32.22,2026-06-25T23:23:41.705697+00:00,False,+57.6%,True,$3198.0M,True,+70.1%,False,447.5K,True,$32.22 / SMA $31.32,False,2.48%,False,+-1.1%,True,47.8M,True,NYQ,False,
HGCTF,HGCTF,4.85,2026-06-25T23:23:54.173015+00:00,False,+0.0%,,N/A,,N/A,False,0.8K,False,$4.85 / SMA_short $5.10,,N/A,,N/A,,N/A,False,PNK,False,
HGKGY,Power Assets Holdings Limited,7.33,2026-06-24T23:59:20.095423+00:00,False,+24.0%,True,$15621.0M,,,False,2.7K,False,$7.33 / SMA $7.76,False,1.67%,,,False,1363.4M,False,PNK,False,
HGMCF,Harmony Gold Mining Company Limited,17.45,2026-06-25T23:20:03.125225+00:00,False,+36.8%,True,$10903.4M,,N/A,False,0.1K,True,$17.45 / SMA $16.83,False,0.00%,,N/A,False,544.4M,False,PNK,False,
HGRAF,HydroGraph Clean Power Inc.,4.35,2026-06-25T00:03:44.681722+00:00,True,+2800.0%,True,$1523.3M,,,True,1210.1K,False,$4.35 / SMA $5.05,True,5.90%,True,+125.4%,False,338.3M,False,OQB,False,
HGTY,"Hagerty, Inc.",11.11,2026-06-25T23:23:38.407452+00:00,False,+26.1%,True,$3814.7M,False,+-185.7%,False,166.5K,True,$11.11 / SMA $10.56,True,3.82%,False,+-5.0%,True,47.3M,True,NYQ,False,
HGV,Hilton Grand Vacations Inc.,53.98,2026-06-25T23:10:25.052686+00:00,False,+46.7%,True,$4238.3M,True,+564.7%,True,1030.1K,True,$53.98 / SMA $48.76,True,3.53%,False,+11.9%,True,48.9M,True,NYQ,False,
HHUSF,Hua Hong Grace Semiconductor Limited,19.45,2026-06-25T23:08:06.339347+00:00,True,+437.3%,True,$37719.2M,True,+180.0%,False,1.2K,True,$19.45 / SMA $16.54,False,1.18%,,,False,891.9M,False,PNK,False,
HIFS,Hingham Institution for Savings,301.65,2026-06-25T23:15:43.657830+00:00,False,+28.4%,True,$662.8M,False,+-60.2%,False,36.5K,True,$301.65 / SMA $284.81,True,3.49%,False,+-28.8%,True,1.6M,True,NGM,False,
HII,"Huntington Ingalls Industries, Inc.",279.09,2026-06-25T23:20:00.067891+00:00,False,+18.2%,True,$10997.3M,False,+0.0%,True,513.7K,False,$279.09 / SMA $324.61,False,2.80%,False,+13.4%,True,39.1M,True,NYQ,False,
HIMS,"Hims & Hers Health, Inc.",32.71,2026-06-25T23:10:15.636961+00:00,True,+138.1%,True,$7571.0M,False,+-300.0%,True,25767.4K,True,$32.71 / SMA $27.65,True,8.34%,False,+3.8%,False,210.7M,True,NYQ,False,
HIMX,"Himax Technologies, Inc.",15.73,2026-06-25T00:01:41.024583+00:00,True,+129.6%,True,$2743.7M,False,+-59.6%,True,4335.1K,False,$15.73 / SMA $16.66,True,8.65%,False,+-7.5%,True,123.5M,True,NMS,False,
HIO,Western Asset High Income Opportunity Fund Inc.,3.62,2026-06-25T23:29:22.821237+00:00,False,+2.8%,True,$344.3M,,N/A,False,320.2K,True,$3.62 / SMA $3.58,False,0.85%,,N/A,,N/A,True,NYQ,False,
HIPO,Hippo Holdings Inc.,25.87,2026-06-25T23:15:41.224983+00:00,False,+7.4%,True,$673.5M,True,+114.1%,False,112.3K,False,$25.87 / SMA $26.61,True,3.46%,False,+10.2%,True,22.0M,True,NYQ,False,
HIW,"Highwoods Properties, Inc.",28.91,2026-06-25T00:03:22.180164+00:00,False,+41.4%,True,$3247.1M,False,+-68.1%,True,1417.6K,True,$28.91 / SMA $25.97,False,2.88%,False,+6.8%,True,107.9M,True,NYQ,False,
HKEPF,"Hokkaido Electric Power Company, Incorporated",5.64,2026-06-25T23:25:44.745409+00:00,False,+5.6%,True,$1158.2M,,N/A,False,0.5K,False,$5.64 / SMA $6.34,False,1.11%,,N/A,False,187.1M,False,PNK,False,
HKHHY,Heineken Holding N.V.,37.52,2026-06-24T23:59:17.402405+00:00,False,+11.7%,True,$20673.2M,,,False,38.0K,True,$37.52 / SMA $35.88,False,1.36%,,,False,241.6M,False,OQX,False,
HKMPF,Hikma Pharmaceuticals PLC,19.29,2026-06-25T00:01:37.827444+00:00,False,+18.0%,True,$4060.1M,,,False,0.1K,True,$19.29 / SMA $19.00,False,0.00%,,,True,149.8M,False,PNK,False,
HKMPY,Hikma Pharmaceuticals PLC,39.83,2026-06-25T00:01:36.500565+00:00,False,+25.3%,True,$4191.6M,,,False,0.2K,True,$39.83 / SMA $38.56,False,0.01%,,,True,74.9M,False,PNK,False,
HKTTF,HKT Trust and HKT Limited,1.6617,2026-06-24T23:59:33.569466+00:00,False,+47.1%,True,$12596.9M,,,False,0.1K,True,$1.66 / SMA $1.48,False,0.00%,,,False,3528.5M,False,PNK,False,
HKUOY,Hakuhodo DY Holdings Inc,14.44,2026-06-25T23:23:46.473007+00:00,False,+13.3%,True,$2614.4M,,N/A,False,0.1K,True,$14.44 / SMA $13.98,False,0.00%,,N/A,True,96.6M,False,PNK,False,
HKXCF,Hong Kong Exchanges and Clearing Limited,47.09,2026-06-24T23:58:53.350309+00:00,False,+0.4%,True,$61460.3M,,,False,9.2K,False,$47.09 / SMA $52.02,True,3.95%,,,False,1186.9M,False,PNK,False,
HL,Hecla Mining Company,15.15,2026-06-25T23:08:24.474878+00:00,True,+176.5%,True,$10161.3M,False,+-160.0%,True,16955.6K,False,$15.15 / SMA $17.37,True,5.39%,True,+100.4%,False,662.4M,True,NYQ,False,
HLBZF,Heidelberg Materials AG,209.34,2026-06-25T23:19:42.434208+00:00,False,+15.7%,True,$36920.3M,,N/A,False,1.3K,False,$209.34 / SMA $212.00,True,6.44%,,N/A,True,125.7M,False,PNK,False,
HLDCY,Henderson Land Development Company Limited,3.22,2026-06-25T23:08:14.097254+00:00,False,+3.9%,True,$15589.3M,,,False,26.5K,False,$3.22 / SMA $3.74,False,2.34%,,,False,1332.0M,False,PNK,False,
HLF,Herbalife Ltd.,11.97,2026-06-25T23:25:42.851645+00:00,False,+58.3%,True,$1240.9M,False,+16.3%,True,1418.0K,False,$11.97 / SMA $13.64,True,4.68%,False,+7.8%,True,78.1M,True,NYQ,False,
HLFFF,HelloFresh SE,4.5,2026-06-25T23:15:39.099032+00:00,False,+19.4%,True,$712.7M,True,+50.6%,False,1.1K,False,$4.50 / SMA $4.79,False,0.58%,False,+-13.2%,True,118.6M,False,PNK,False,
HLIT,Harmonic Inc.,14.54,2026-06-25T00:03:46.296301+00:00,True,+86.4%,True,$1577.5M,True,+40.0%,True,2748.4K,True,$14.54 / SMA $13.07,True,6.53%,True,+43.4%,True,106.5M,True,NMS,True,
HLMAF,Halma plc,51.177,2026-06-25T23:08:11.224912+00:00,False,+22.5%,True,$19328.4M,,,False,8.5K,False,$51.18 / SMA $60.02,False,2.49%,,,False,373.3M,False,PNK,False,
HLN,Haleon plc,9.27,2026-06-25T23:08:03.529450+00:00,False,+7.2%,True,$40855.6M,,,True,8940.1K,True,$9.27 / SMA $9.19,False,1.49%,,,False,4430.2M,True,NYQ,False,
HLPPF,Hang Lung Properties Limited,1.18,2026-06-25T23:21:51.177134+00:00,False,+40.8%,True,$6139.6M,,N/A,False,0.0K,True,$1.18 / SMA $1.16,False,0.00%,,N/A,False,1713.1M,False,PNK,False,
HLPPY,Hang Lung Properties Limited,4.6,2026-06-25T23:10:15.699926+00:00,False,+3.8%,True,$4786.8M,,,False,2.0K,False,$4.60 / SMA $5.29,False,2.32%,,,False,342.6M,False,OID,False,
HLT,Hilton Worldwide Holdings Inc.,343.42,2026-06-24T23:58:52.919941+00:00,False,+36.5%,True,$78179.0M,True,+35.0%,True,1604.3K,True,$343.42 / SMA $330.46,False,2.32%,False,+9.0%,False,223.3M,True,NYQ,False,
HLTFF,Hilton Food Group plc,7.23,2026-06-25T23:15:42.132910+00:00,False,+13.0%,True,$650.4M,,,False,6.3K,True,$7.23 / SMA $6.96,False,0.03%,,,True,79.3M,False,PNK,False,
HLUBF,H. Lundbeck A/S,5.5,2026-06-25T23:21:55.396833+00:00,False,+48.6%,True,$5838.0M,True,+47.8%,False,0.0K,True,$5.50 / SMA $5.29,False,0.00%,False,+14.3%,False,305.0M,False,PNK,False,
HLX,"Helix Energy Solutions Group, Inc.",8.57,2026-06-25T00:05:25.591832+00:00,False,+55.3%,True,$1263.1M,False,+-550.0%,True,1762.5K,False,$8.57 / SMA $9.68,True,3.55%,False,+3.6%,True,137.2M,True,NYQ,False,
HMC,"Honda Motor Co., Ltd.",26.14,2026-06-25T23:08:05.859400+00:00,False,+12.4%,True,$33917.3M,,,True,1996.2K,True,$26.14 / SMA $25.58,False,1.54%,False,+8.6%,False,1297.1M,True,NYQ,False,
HMDCF,HUTCHMED (China) Limited,2.16,2026-06-25T23:23:55.546486+00:00,False,+0.0%,True,$1857.1M,,N/A,False,0.0K,False,$2.16 / SMA $2.49,False,0.00%,,N/A,False,508.4M,False,PNK,False,
HMDPF,Hammond Power Solutions Inc.,218.02,2026-06-25T23:12:03.214090+00:00,True,+167.8%,True,$2595.5M,,,False,13.7K,True,$218.02 / SMA $217.69,True,3.42%,True,+27.0%,True,8.7M,False,PNK,False,
HMMCF,HMMCF,3.8,2026-06-25T23:13:52.620014+00:00,True,+2433.4%,True,$1126.2M,,,False,36.6K,False,$3.80 / SMA $4.44,True,5.11%,,,False,241.0M,False,OQX,False,
HMNTY,Hemnet Group AB (publ),7.26,2026-06-25T23:25:52.628272+00:00,False,+3.6%,True,$661.6M,False,+-58.1%,False,0.4K,False,$7.26 / SMA $11.01,False,0.46%,False,+-32.1%,True,57.3M,False,PNK,False,
HMRZF,H & M Hennes & Mauritz AB (publ),17.41,2026-06-24T23:59:10.784188+00:00,False,+28.6%,True,$27792.9M,False,+21.6%,False,0.2K,False,$17.41 / SMA $18.11,False,0.02%,False,+-10.3%,False,476.4M,False,PNK,False,
HNI,HNI Corporation,37.33,2026-06-25T00:03:31.378928+00:00,False,+29.0%,True,$2687.5M,False,+-289.7%,True,699.2K,True,$37.33 / SMA $33.37,True,4.25%,True,+124.7%,True,70.8M,True,NYQ,False,
HNNMY,H & M Hennes & Mauritz AB (publ),3.41,2026-06-25T23:08:08.849818+00:00,False,+32.2%,True,$27218.2M,False,+21.6%,False,159.6K,False,$3.41 / SMA $3.49,False,1.91%,False,+-10.3%,False,2381.9M,False,PNK,False,
HNRG,Hallador Energy Company,18.15,2026-06-25T23:15:36.256180+00:00,False,+25.5%,True,$855.4M,False,+-187.0%,True,973.6K,True,$18.15 / SMA $17.49,True,6.12%,False,+-13.5%,True,36.1M,True,NCM,False,
HNTIF,Hunting PLC,6.47,2026-06-25T00:05:48.113981+00:00,True,+74.9%,True,$944.0M,,,False,0.6K,False,$6.47 / SMA $6.54,False,0.21%,,,True,105.1M,False,PNK,False,
HNWAF,"Hanwa Co., Ltd.",11.0,2026-06-25T00:03:29.131116+00:00,False,+66.2%,True,$2135.0M,,,False,0.1K,True,$11.00 / SMA $10.65,False,0.36%,,,True,146.1M,False,PNK,False,
HOCPF,HOYA Corporation,173.362,2026-06-25T23:08:00.711151+00:00,False,+58.2%,True,$57992.1M,,,False,0.1K,False,$173.36 / SMA $175.52,False,0.00%,,,False,334.5M,False,PNK,False,
HOCPY,HOYA Corporation,159.89,2026-06-25T23:08:00.678275+00:00,False,+42.7%,True,$53485.5M,,,False,36.9K,False,$159.89 / SMA $173.10,False,1.88%,,,False,334.5M,False,PNK,False,
HOEGF,Höegh Autoliners ASA,15.526,2026-06-25T23:23:44.331282+00:00,True,+86.5%,True,$2961.9M,False,+-25.0%,False,1.6K,True,$15.53 / SMA $14.96,False,1.17%,False,+2.2%,True,121.3M,False,PNK,False,
HOG,"Harley-Davidson, Inc.",25.46,2026-06-25T23:12:03.816264+00:00,False,+49.0%,True,$2680.1M,False,+-79.4%,True,2954.7K,True,$25.46 / SMA $24.26,True,3.59%,False,+-11.8%,True,104.1M,True,NYQ,False,
HOMB,"Home BancShares, Inc.",28.71,2026-06-25T23:21:54.050350+00:00,False,+12.6%,True,$5782.6M,False,+3.4%,True,1558.3K,True,$28.71 / SMA $26.87,False,1.76%,False,+2.4%,False,188.5M,True,NYQ,False,
HON,Honeywell International Inc.,231.24,2026-06-25T23:19:31.334700+00:00,False,+23.8%,True,$146525.9M,False,+-41.9%,True,4379.1K,True,$231.24 / SMA $220.85,True,3.12%,False,+2.4%,False,600.9M,True,NMS,False,
HOOD,"Robinhood Markets, Inc.",93.47,2026-06-25T23:07:59.038134+00:00,False,+47.2%,True,$84170.2M,False,+2.7%,True,31497.8K,True,$93.47 / SMA $84.99,True,7.84%,False,+15.1%,False,784.2M,True,NMS,False,
HOV,"Hovnanian Enterprises, Inc.",141.91,2026-06-25T00:06:05.712555+00:00,False,+55.1%,True,$831.5M,False,+-118.9%,False,118.7K,True,$141.91 / SMA $112.56,True,5.75%,False,+-2.7%,True,4.3M,True,NYQ,False,
HPE,Hewlett Packard Enterprise Company,46.72,2026-06-25T23:08:01.682774+00:00,True,+155.7%,True,$61866.8M,True,+153.7%,True,24854.8K,True,$46.72 / SMA $37.59,True,6.73%,True,+40.0%,False,1318.3M,True,NYQ,False,
HPF,John Hancock Preferred Income Fund II,15.73,2026-06-25T23:29:22.980783+00:00,False,+4.4%,True,$340.6M,,N/A,False,36.5K,False,$15.73 / SMA $15.77,False,1.14%,,N/A,,N/A,True,NYQ,False,
HPGLY,Hapag-Lloyd Aktiengesellschaft,65.0,2026-06-25T23:08:11.647064+00:00,False,+2.3%,True,$22848.8M,False,+-149.8%,False,0.8K,False,$65.00 / SMA $65.91,False,0.21%,False,+-16.8%,True,12.7M,False,PNK,False,
HPHTF,Hamamatsu Photonics K.K.,15.8,2026-06-25T23:10:13.851409+00:00,True,+72.7%,True,$4577.7M,,,False,0.8K,True,$15.80 / SMA $15.12,False,0.73%,,,False,282.0M,False,PNK,False,
HPHTY,Hamamatsu Photonics K.K.,8.08,2026-06-25T23:10:14.295707+00:00,False,+63.9%,True,$4682.0M,,,False,0.3K,True,$8.08 / SMA $7.58,False,0.53%,,,False,564.1M,False,PNK,False,
HPIFF,Huadian Power International Corporation Limited,0.614,2026-06-24T23:59:39.708039+00:00,False,+24.8%,True,$7129.6M,False,+-17.6%,False,1.6K,True,$0.61 / SMA $0.58,False,0.00%,False,+-9.4%,False,5392.7M,False,PNK,False,
HPK,"HighPeak Energy, Inc.",6.975,2026-06-25T23:13:59.489730+00:00,True,+81.2%,True,$881.3M,False,+-492.3%,True,868.2K,True,$6.97 / SMA $6.97,True,6.98%,False,+-20.7%,True,21.7M,True,NGM,False,
HQH,Abrdn Healthcare Investors,21.22,2026-06-25T23:13:56.206428+00:00,False,+37.7%,True,$1213.6M,,,False,147.1K,True,$21.22 / SMA $19.42,False,1.97%,,,,,True,NYQ,False,
HQY,"HealthEquity, Inc.",85.0,2026-06-24T23:59:45.306104+00:00,False,+16.8%,True,$7106.2M,True,+34.4%,True,980.4K,True,$85.00 / SMA $84.99,True,3.70%,False,+7.2%,True,82.0M,True,NMS,False,
HR,Healthcare Realty Trust Incorporated,20.31,2026-06-25T23:10:07.892375+00:00,False,+32.8%,True,$7123.8M,True,+100.0%,True,4072.2K,True,$20.31 / SMA $19.63,False,2.17%,False,+-6.7%,False,344.2M,True,NYQ,False,
HRI,Herc Holdings Inc.,153.0,2026-06-25T23:21:59.904899+00:00,True,+73.0%,True,$5109.1M,False,+-14.3%,True,593.2K,True,$153.00 / SMA $132.91,True,5.91%,True,+32.3%,True,29.0M,True,NYQ,False,
HRIBF,"HORIBA, Ltd.",157.64,2026-06-25T23:10:09.899631+00:00,True,+158.3%,True,$6622.7M,,,False,0.0K,True,$157.64 / SMA $146.43,False,0.00%,,,True,32.5M,False,PNK,False,
HRNNF,Hydro One Limited,40.36,2026-06-25T23:19:47.684609+00:00,False,+11.6%,True,$24219.9M,False,+8.3%,False,89.5K,False,$40.36 / SMA $41.65,False,0.49%,False,+10.0%,False,600.1M,False,PNK,False,
HRTG,"Heritage Insurance Holdings, Inc.",24.33,2026-06-25T23:27:14.868120+00:00,False,+44.6%,True,$736.6M,False,+20.2%,False,418.7K,False,$24.33 / SMA $24.60,True,3.72%,False,+-1.6%,True,22.6M,True,NYQ,False,
HRUFF,H&R Real Estate Investment Trust,7.77,2026-06-25T00:03:34.703016+00:00,False,+15.5%,True,$2175.7M,True,+33.5%,False,27.5K,True,$7.77 / SMA $7.62,False,0.94%,False,+-10.4%,False,263.0M,False,PNK,False,
HRZRF,HRZRF,0.51,2026-06-25T23:08:24.622312+00:00,False,+0.0%,,,,,False,13.4K,False,$0.51 / SMA_short $0.80,False,1.97%,,,False,11151.0M,False,PNK,False,
HSAI,Hesai Group,15.02,2026-06-25T23:11:48.122392+00:00,False,+2.2%,True,$2360.3M,True,+184.6%,True,1807.8K,False,$15.02 / SMA $20.51,True,4.85%,True,+29.6%,True,125.9M,True,NMS,False,
HSBC,HSBC Holdings plc,95.06,2026-06-25T23:19:28.885728+00:00,False,+58.6%,True,$326021.7M,False,+2.6%,True,1798.7K,True,$95.06 / SMA $91.40,False,1.53%,False,+7.8%,False,13580.3M,True,NYQ,False,
HSHCY,"Haier Smart Home Co., Ltd.",10.13,2026-06-25T23:08:09.320546+00:00,False,+4.5%,True,$26893.6M,False,+-15.3%,False,106.8K,False,$10.13 / SMA $10.61,False,1.75%,False,+-6.9%,False,1388.8M,False,PNK,False,
HSIC,"Henry Schein, Inc.",83.69,2026-06-25T23:08:30.441502+00:00,False,+35.1%,True,$9533.7M,False,+4.5%,True,1387.4K,True,$83.69 / SMA $76.22,False,2.30%,False,+6.3%,True,93.9M,True,NMS,False,
HSKCF,HSKCF,17.62,2026-06-25T00:01:32.504463+00:00,False,+38.3%,True,$4663.0M,,,False,0.0K,True,$17.62 / SMA $16.63,False,0.00%,,,False,238.2M,False,PNK,False,
HSY,The Hershey Company,176.68,2026-06-25T23:08:04.157755+00:00,False,+10.4%,True,$35838.4M,True,+93.6%,True,2079.8K,False,$176.68 / SMA $185.65,False,2.94%,False,+10.6%,True,146.1M,True,NYQ,False,
HSYDF,Harmonic Drive Systems Inc.,48.375,2026-06-25T23:22:00.168208+00:00,True,+222.5%,True,$4579.5M,,N/A,False,6.1K,True,$48.38 / SMA $39.97,True,6.60%,,N/A,True,54.6M,False,PNK,False,
HTB,"HomeTrust Bancshares, Inc.",48.98,2026-06-25T00:05:59.549716+00:00,False,+33.1%,True,$823.1M,False,+19.3%,False,78.2K,True,$48.98 / SMA $46.32,False,2.20%,False,+4.9%,True,13.2M,True,NYQ,False,
HTCMF,"Hitachi Construction Machinery Co., Ltd.",32.9,2026-06-24T23:59:45.896931+00:00,False,+31.8%,True,$6999.0M,,,False,0.0K,False,$32.90 / SMA $33.17,False,0.28%,,,True,120.1M,False,PNK,False,
HTCMY,"Hitachi Construction Machinery Co., Ltd.",65.82,2026-06-25T23:10:09.784770+00:00,False,+17.7%,True,$7001.1M,,,False,0.0K,False,$65.82 / SMA $68.50,False,0.00%,,,True,60.1M,False,PNK,False,
HTD,John Hancock Tax-Advantaged Dividend Income Fund,25.35,2026-06-25T23:15:34.713419+00:00,False,+11.3%,True,$898.2M,,,False,58.7K,True,$25.35 / SMA $25.20,False,1.63%,,,,,True,NYQ,False,
HTH,Hilltop Holdings Inc.,39.18,2026-06-25T00:03:31.734765+00:00,False,+34.2%,True,$2293.2M,False,+-1.5%,False,312.2K,True,$39.18 / SMA $37.45,False,2.50%,False,+-5.6%,True,39.4M,True,NYQ,False,
HTHIY,"Hitachi, Ltd.",27.88,2026-06-25T23:07:54.114676+00:00,False,+11.5%,True,$125370.6M,,,True,533.5K,False,$27.88 / SMA $31.29,False,2.44%,,,False,4355.9M,False,PNK,False,
HTSUY,HTSUY,2.94,2026-06-25T23:25:43.200057+00:00,False,+0.0%,,N/A,,N/A,False,0.0K,False,$2.94 / SMA $5.39,False,0.00%,,N/A,False,281.6M,False,PNK,False,
HTWSF,Helios Towers plc,2.9,2026-06-25T23:23:39.274440+00:00,True,+90.8%,True,$2959.6M,,N/A,False,4.9K,False,$2.90 / SMA $2.97,False,1.57%,,N/A,False,1009.9M,False,PNK,False,
HTZ,"Hertz Global Holdings, Inc.",2.68,2026-06-25T23:13:46.679264+00:00,False,+6.8%,True,$846.2M,True,+26.4%,True,12071.5K,False,$2.68 / SMA $5.55,True,6.84%,False,+10.5%,True,129.3M,True,NMS,False,
HUBB,Hubbell Incorporated,518.18,2026-06-24T23:59:12.779753+00:00,False,+30.0%,True,$27381.6M,False,+8.3%,True,623.1K,True,$518.18 / SMA $500.86,False,2.89%,False,+11.1%,True,52.6M,True,NYQ,False,
HUBS,"HubSpot, Inc.",170.28,2026-06-25T23:08:26.097543+00:00,False,+0.4%,True,$8716.8M,True,+247.6%,True,1886.7K,False,$170.28 / SMA $208.50,True,6.64%,False,+23.4%,True,49.3M,True,NYQ,False,
HUN,Huntsman Corporation,11.33,2026-06-25T23:23:47.974302+00:00,False,+55.2%,True,$1987.1M,False,+-933.3%,True,5762.9K,False,$11.33 / SMA $13.96,True,5.08%,False,+0.7%,False,152.9M,True,NYQ,False,
HUNGF,"Huaneng Power International, Inc.",0.9514,2026-06-25T23:08:17.767191+00:00,False,+61.3%,True,$19323.4M,,,False,1.5K,True,$0.95 / SMA $0.45,False,0.20%,False,+-7.2%,False,7455.5M,False,PNK,False,
HUPHY,Hutchison Port Holdings Trust,4.4,2026-06-25T00:03:39.832617+00:00,False,+25.7%,True,$1916.4M,,,False,0.2K,False,$4.40 / SMA $4.49,False,0.00%,,,False,242.0M,False,PNK,False,
HUYA,HUYA Inc.,2.19,2026-06-25T23:15:45.510923+00:00,False,+0.7%,True,$503.2M,,,True,1031.1K,False,$2.19 / SMA $2.64,True,3.54%,False,+14.6%,True,79.2M,True,NYQ,False,
HVT,"Haverty Furniture Companies, Inc.",25.14,2026-06-25T23:29:20.251359+00:00,False,+28.7%,True,$404.6M,False,+13.0%,False,99.5K,True,$25.14 / SMA $22.45,True,3.12%,False,+4.1%,True,13.6M,True,NYQ,False,
HWC,Hancock Whitney Corporation,73.0,2026-06-25T00:01:27.576276+00:00,False,+35.1%,True,$5924.5M,False,+-58.0%,True,873.1K,True,$73.00 / SMA $67.89,False,2.09%,False,+-19.9%,True,80.6M,True,NMS,False,
HWKN,"Hawkins, Inc.",165.51,2026-06-25T23:23:41.073987+00:00,False,+40.3%,True,$3460.2M,False,+-5.1%,False,153.3K,True,$165.51 / SMA $160.10,True,3.22%,False,+8.4%,True,9.7M,True,NMS,False,
HXGBY,Hexagon AB (publ),8.19,2026-06-24T23:59:12.712815+00:00,False,+1.2%,True,$21985.1M,True,+450.0%,True,616.6K,False,$8.19 / SMA $8.79,True,4.96%,False,+-33.5%,False,2017.0M,False,PNK,False,
HYLN,Hyliion Holdings Corp.,4.86,2026-06-25T23:13:57.750453+00:00,True,+272.4%,True,$866.7M,True,+30.0%,True,3890.1K,True,$4.86 / SMA $4.55,True,15.31%,True,+479.1%,True,123.1M,True,ASE,True,
HYMC,Hycroft Mining Holding Corporation,21.89,2026-06-25T23:11:59.425372+00:00,True,+647.1%,True,$1999.9M,False,+-14.9%,True,2247.7K,False,$21.89 / SMA $33.65,True,7.78%,,,True,53.3M,True,NCM,False,
HYPMY,Hypera S.A.,4.14,2026-06-25T23:11:53.646891+00:00,False,+11.6%,True,$2914.5M,True,+347.4%,False,29.3K,False,$4.14 / SMA $4.43,False,2.35%,True,+86.7%,False,304.9M,False,OID,False,
HYSNY,Hysan Development Company Limited,4.19,2026-06-25T00:03:26.565760+00:00,False,+19.0%,True,$2268.6M,,,False,0.1K,False,$4.19 / SMA $4.55,False,0.75%,,,False,296.0M,False,PNK,False,
HZO,"MarineMax, Inc.",37.0,2026-06-25T23:27:05.649561+00:00,True,+72.8%,True,$815.0M,False,+-185.7%,False,333.1K,True,$37.00 / SMA $32.62,True,4.15%,False,+-16.5%,True,19.6M,True,NYQ,False,
IAC,People Inc,42.24,2026-06-25T00:03:18.727797+00:00,False,+42.9%,True,$3142.1M,True,+64.4%,True,1179.5K,False,$42.24 / SMA $42.80,True,3.74%,False,+-12.2%,True,55.1M,True,NGM,False,
IACOU,Idea Acquisition Corp.,10.01,2026-06-25T23:17:25.827147+00:00,False,+1.4%,,,,,False,24.6K,True,$10.01 / SMA $9.99,False,0.04%,,,True,35.0M,True,NGM,False,
IAFNF,iA Financial Corporation Inc.,133.711,2026-06-24T23:59:35.017384+00:00,False,+36.7%,True,$11937.0M,False,+-24.7%,False,2.2K,True,$133.71 / SMA $124.50,False,0.00%,False,+-8.7%,True,89.9M,False,PNK,False,
IAUFF,AIC Mines Limited,0.51,2026-06-25T00:08:19.028897+00:00,True,+200.0%,True,$406.8M,,,False,1.1K,True,$0.51 / SMA $0.45,False,0.85%,,,False,487.1M,False,PNK,False,
IAUGF,Insurance Australia Group Limited,5.565,2026-06-25T23:19:59.302100+00:00,False,+32.5%,True,$13010.7M,,N/A,False,0.7K,True,$5.57 / SMA $5.41,False,0.00%,,N/A,False,2181.6M,False,PNK,False,
IBDRY,"Iberdrola, S.A.",95.9,2026-06-25T23:19:30.971700+00:00,False,+37.7%,True,$158004.1M,False,+3.6%,False,96.1K,True,$95.90 / SMA $92.78,False,1.08%,False,+-45.6%,False,1600.3M,False,OID,False,
IBIDY,"Ibiden Co.,Ltd.",38.55,2026-06-25T23:19:43.602333+00:00,True,+634.3%,True,$43059.7M,,N/A,False,9.1K,True,$38.55 / SMA $26.93,True,7.19%,,N/A,False,1035.7M,False,PNK,False,
IBM,International Business Machines Corporation,258.27,2026-06-25T23:19:29.625033+00:00,False,+21.6%,True,$242744.2M,False,+14.3%,True,8443.0K,True,$258.27 / SMA $251.79,True,4.60%,False,+9.5%,False,937.9M,True,NYQ,False,
IBN,ICICI Bank Limited,29.14,2026-06-25T23:07:56.328494+00:00,False,+16.2%,True,$104505.4M,False,+8.1%,True,7177.6K,True,$29.14 / SMA $26.92,False,1.57%,False,+10.3%,False,3565.3M,True,NYQ,False,
IBOC,International Bancshares Corporation,76.46,2026-06-25T00:01:33.603877+00:00,False,+21.0%,True,$4754.4M,False,+5.1%,False,337.7K,True,$76.46 / SMA $72.71,False,1.79%,False,+5.2%,True,56.2M,True,NMS,False,
IBP,"Installed Building Products, Inc.",223.3,2026-06-25T00:01:25.787978+00:00,False,+27.8%,True,$6015.9M,False,+-21.3%,False,438.5K,False,$223.30 / SMA $238.23,True,4.25%,False,+-3.5%,True,23.1M,True,NYQ,False,
IBTA,"Ibotta, Inc.",31.98,2026-06-25T00:06:05.960904+00:00,False,+67.4%,True,$744.3M,False,+-2250.0%,False,199.0K,False,$31.98 / SMA $33.61,True,5.54%,False,+-2.5%,True,6.7M,True,NYQ,False,
ICAGY,International Consolidated Airlines Group S.A.,12.64,2026-06-25T23:19:49.024863+00:00,False,+38.9%,True,$28040.4M,True,+78.4%,False,103.6K,True,$12.64 / SMA $10.94,False,1.76%,False,+1.9%,False,1588.3M,False,PNK,False,
ICE,"Intercontinental Exchange, Inc.",124.49,2026-06-25T23:07:57.034728+00:00,False,+0.1%,True,$70400.7M,True,+79.7%,True,3762.7K,False,$124.49 / SMA $148.79,False,2.93%,False,+13.5%,False,561.6M,True,NYQ,False,
ICGUF,ICG plc,26.0,2026-06-24T23:59:46.713535+00:00,False,+25.9%,True,$7539.8M,,,False,0.2K,True,$26.00 / SMA $23.91,False,0.00%,,,False,273.7M,False,PNK,False,
ICHGF,InterContinental Hotels Group PLC,173.5,2026-06-25T23:08:12.005682+00:00,False,+57.2%,True,$25703.1M,,,False,0.2K,True,$173.50 / SMA $151.15,False,0.13%,,,True,140.3M,False,PNK,False,
ICHR,"Ichor Holdings, Ltd.",95.03,2026-06-25T23:23:49.424927+00:00,True,+624.3%,True,$3313.4M,True,+46.2%,True,996.0K,True,$95.03 / SMA $73.57,True,8.37%,False,+4.7%,True,33.9M,True,NMS,False,
ICLR,ICON Public Limited Company,160.96,2026-06-25T23:20:07.626169+00:00,True,+141.8%,True,$12329.8M,False,+-31.7%,True,1171.9K,True,$160.96 / SMA $127.80,True,5.84%,False,+0.9%,True,76.3M,True,NMS,False,
ICTEF,"International Container Terminal Services, Inc.",15.24,2026-06-25T23:08:08.859463+00:00,True,+122.5%,True,$30773.3M,,,False,2.1K,True,$15.24 / SMA $13.49,True,5.65%,True,+29.1%,False,709.6M,False,PNK,False,
ICUI,"ICU Medical, Inc.",142.95,2026-06-25T00:01:44.123555+00:00,False,+33.6%,True,$3572.8M,True,+290.5%,False,282.0K,True,$142.95 / SMA $129.90,True,3.35%,False,+-12.3%,True,24.5M,True,NMS,False,
IDCBF,Industrial and Commercial Bank of China Limited,0.82,2026-06-25T23:19:28.668444+00:00,False,+18.8%,True,$382405.3M,,N/A,False,42.4K,False,$0.82 / SMA $0.88,False,0.21%,False,+17.5%,False,209680.9M,False,PNK,False,
IDCBY,Industrial and Commercial Bank of China Limited,16.86,2026-06-25T23:07:51.696591+00:00,False,+21.1%,True,$392521.5M,,,False,48.3K,False,$16.86 / SMA $17.59,False,1.07%,False,+17.5%,False,10484.0M,False,PNK,False,
IDCC,"InterDigital, Inc.",273.2,2026-06-25T23:21:47.567757+00:00,False,+28.2%,True,$7060.9M,False,+-38.0%,False,370.2K,False,$273.20 / SMA $291.99,True,3.97%,False,+-2.4%,True,25.3M,True,NMS,False,
IDWM,"IDW Media Holdings, Inc.",32.25,2026-06-25T00:05:53.932024+00:00,True,+6223.5%,False,$9.3M,,,False,0.0K,False,$32.25 / SMA $32.49,False,0.00%,,,,,False,OQB,False,
IDYA,"IDEAYA Biosciences, Inc.",36.29,2026-06-25T23:23:47.828759+00:00,True,+77.0%,True,$3493.8M,False,+-35.4%,True,1299.2K,True,$36.29 / SMA $30.02,True,5.46%,,N/A,True,87.0M,True,NMS,False,
IE,Ivanhoe Electric Inc.,9.35,2026-06-25T23:13:43.527454+00:00,False,+10.0%,True,$1480.0M,True,+208.3%,True,2128.9K,False,$9.35 / SMA $12.78,True,7.36%,False,+16.7%,True,126.9M,True,ASE,False,
IESC,"IES Holdings, Inc.",766.54,2026-06-25T23:19:59.146548+00:00,True,+173.5%,True,$15272.5M,True,+55.4%,False,212.7K,True,$766.54 / SMA $665.04,True,6.39%,False,+16.8%,True,9.3M,True,NGM,False,
IESFY,Interconexión Eléctrica S.A. E.S.P.,224.4,2026-06-25T23:20:08.887204+00:00,True,+100.5%,True,$10189.7M,False,+-19.7%,False,0.1K,True,$224.40 / SMA $204.99,True,15.29%,False,+-3.8%,,N/A,False,OQX,False,
IEX,IDEX Corporation,228.07,2026-06-25T23:19:56.320916+00:00,False,+45.0%,True,$16880.6M,True,+27.8%,True,712.6K,True,$228.07 / SMA $212.86,False,2.36%,False,+8.9%,True,73.8M,True,NYQ,False,
IFCZF,Intact Financial Corporation,200.15,2026-06-24T23:59:04.142024+00:00,False,+14.7%,True,$35384.3M,False,+11.7%,False,5.9K,True,$200.15 / SMA $191.87,False,1.14%,False,+-0.2%,False,176.0M,False,PNK,False,
IFF,International Flavors & Fragrances Inc.,75.08,2026-06-25T23:19:52.584219+00:00,False,+27.0%,True,$19168.2M,True,+116.6%,True,1853.0K,True,$75.08 / SMA $74.29,False,2.98%,False,+-3.6%,False,254.6M,True,NYQ,False,
IFJPY,Informa plc,23.01,2026-06-24T23:59:26.763641+00:00,False,+18.3%,True,$14436.3M,,,False,47.6K,True,$23.01 / SMA $22.05,False,2.23%,,,False,633.3M,False,PNK,False,
IFN,"Aberdeen India Fund, Inc.",11.41,2026-06-25T23:27:36.890716+00:00,False,+6.4%,True,$486.7M,,N/A,False,174.6K,True,$11.41 / SMA $11.37,False,1.49%,,N/A,,N/A,True,NYQ,False,
IFNNY,Infineon Technologies AG,89.72,2026-06-25T23:19:32.635873+00:00,True,+150.0%,True,$116591.1M,,N/A,True,506.4K,True,$89.72 / SMA $78.16,True,4.00%,False,+6.2%,False,1299.5M,False,OQX,False,
IFS,Intercorp Financial Services Inc.,54.76,2026-06-25T00:01:26.277048+00:00,False,+54.5%,True,$6082.3M,True,+37.3%,False,335.3K,True,$54.76 / SMA $48.53,True,3.68%,False,+13.4%,True,49.0M,True,NYQ,False,
IFUUF,Infratil Limited,8.55,2026-06-25T23:20:07.201110+00:00,False,+58.3%,True,$8544.1M,,N/A,False,0.6K,True,$8.55 / SMA $7.76,False,0.00%,,N/A,False,939.2M,False,PNK,False,
IGD,Voya Global Equity Dividend and Premium Opportunity Fund,6.13,2026-06-25T23:27:36.035410+00:00,False,+9.9%,True,$483.5M,,N/A,False,295.6K,True,$6.13 / SMA $6.08,False,1.31%,,N/A,,N/A,True,NYQ,False,
IGIC,International General Insurance Holdings Ltd.,25.74,2026-06-25T23:25:49.131121+00:00,False,+23.6%,True,$1098.1M,False,+-16.7%,False,59.4K,True,$25.74 / SMA $25.40,False,2.54%,False,+-9.5%,True,14.9M,True,NCM,False,
IGR,CBRE Global Real Estate Income Fund,4.5,2026-06-25T00:06:03.203733+00:00,False,+8.4%,True,$681.3M,,,True,593.2K,False,$4.50 / SMA $4.58,False,1.70%,,,,,True,NYQ,False,
IHICF,IHI Corporation,20.0,2026-06-24T23:59:21.498093+00:00,False,+30.3%,True,$21203.2M,,,False,0.1K,False,$20.00 / SMA $20.27,False,0.00%,,,False,1025.3M,False,PNK,False,
IIDDY,IGO Limited,11.59,2026-06-25T23:21:56.064896+00:00,True,+112.7%,True,$4388.4M,,N/A,False,0.0K,True,$11.59 / SMA $10.90,False,0.00%,,N/A,False,335.4M,False,PNK,False,
IIIV,"i3 Verticals, Inc.",20.09,2026-06-25T23:27:32.686698+00:00,False,+8.8%,True,$561.1M,True,+800.0%,False,392.7K,False,$20.09 / SMA $20.62,True,4.42%,False,+6.2%,True,4.9M,True,NMS,False,
IIJIF,Internet Initiative Japan Inc.,18.51,2026-06-25T00:01:44.103426+00:00,False,+27.6%,True,$3282.4M,,,False,0.1K,True,$18.51 / SMA $18.01,False,0.00%,False,+9.8%,True,102.2M,False,OID,False,
IIM,Invesco Value Municipal Income Trust,12.7,2026-06-25T00:07:44.709442+00:00,False,+13.4%,True,$598.2M,,,False,125.7K,True,$12.70 / SMA $12.22,False,0.91%,,,,,True,NYQ,False,
IKTSY,Intertek Group plc,76.81,2026-06-25T23:20:02.617889+00:00,False,+62.2%,True,$11809.4M,,N/A,False,12.2K,True,$76.81 / SMA $70.18,False,1.24%,,N/A,False,150.4M,False,PNK,False,
ILKAY,Iluka Resources Limited,24.8,2026-06-25T23:12:03.884279+00:00,True,+115.7%,True,$2138.7M,,,False,2.3K,False,$24.80 / SMA $27.77,False,2.85%,,,True,82.6M,False,PNK,False,
ILLU,Illumination Acquisition Corp I,9.9,2026-06-25T23:17:31.116390+00:00,False,+0.8%,True,$309.8M,,,False,12.4K,True,$9.90 / SMA_short $9.88,False,0.06%,,,,,True,NGM,False,
ILLUU,Illumination Acquisition Corp I,10.05,2026-06-25T23:29:17.607503+00:00,False,+1.5%,,N/A,,N/A,False,15.6K,True,$10.05 / SMA $10.00,False,0.00%,,N/A,,N/A,True,NGM,False,
ILMN,"Illumina, Inc.",175.09,2026-06-24T23:59:16.212524+00:00,True,+99.0%,True,$26491.1M,False,+6.1%,True,1682.3K,True,$175.09 / SMA $147.17,True,4.37%,False,+4.8%,True,148.0M,True,NMS,False,
IMAX,IMAX Corporation,43.36,2026-06-25T23:12:06.875153+00:00,True,+79.2%,True,$2385.5M,True,+75.0%,True,1112.2K,True,$43.36 / SMA $38.21,True,3.56%,False,+-6.1%,True,41.7M,True,NYQ,False,
IMBBF,IMBBF,35.81,2026-06-25T23:19:45.479717+00:00,False,+2.5%,True,$27483.1M,,N/A,False,3.8K,False,$35.81 / SMA $37.45,True,4.19%,,N/A,False,751.0M,False,OQX,False,
IMCDY,IMCD N.V.,45.315,2026-06-25T00:01:22.140963+00:00,False,+14.0%,True,$5350.1M,,,False,63.6K,False,$45.31 / SMA $53.53,False,1.80%,,,True,110.6M,False,PNK,False,
IMIUY,IMI plc,38.88,2026-06-24T23:59:40.852238+00:00,False,+14.1%,True,$9208.1M,,,False,27.6K,True,$38.88 / SMA $38.11,False,2.52%,,,False,242.8M,False,PNK,False,
IMNM,"Immunome, Inc.",19.4,2026-06-25T23:12:04.244908+00:00,True,+143.7%,True,$2197.1M,False,+7.7%,True,1212.3K,False,$19.40 / SMA $21.32,True,4.74%,False,+-100.0%,True,108.3M,True,NCM,False,
IMO,Imperial Oil Limited,112.5,2026-06-24T23:58:53.927163+00:00,False,+44.2%,True,$55939.3M,False,+-23.0%,True,605.7K,False,$112.50 / SMA $125.10,False,2.86%,False,+1.6%,True,146.9M,True,ASE,False,
IMPJY,Webuild S.p.A.,5.373,2026-06-25T23:23:44.940187+00:00,False,+0.4%,True,$2656.4M,,N/A,False,0.5K,False,$5.37 / SMA $5.88,False,0.08%,,N/A,False,227.3M,False,PNK,False,
IMPUF,Impala Platinum Holdings Limited,10.75,2026-06-25T23:08:22.928310+00:00,False,+31.4%,True,$9655.2M,,,False,0.3K,False,$10.75 / SMA $13.72,False,0.27%,,,False,743.6M,False,OQX,False,
IMYSY,Imerys S.A.,5.09,2026-06-25T00:03:31.876905+00:00,False,+7.4%,True,$2157.0M,,,False,1.2K,False,$5.09 / SMA $5.16,False,2.68%,,,False,160.7M,False,PNK,False,
INDV,"Indivior Pharmaceuticals, Inc.",41.29,2026-06-25T23:10:20.003810+00:00,True,+206.5%,True,$4880.7M,True,+81.6%,True,1923.5K,True,$41.29 / SMA $36.87,True,3.70%,False,+19.2%,True,110.1M,True,NMS,False,
INGM,Ingram Micro Holding Corporation,27.63,2026-06-25T00:01:23.069339+00:00,False,+52.7%,True,$6367.2M,True,+44.8%,True,1519.0K,False,$27.63 / SMA $28.41,True,3.98%,False,+13.7%,True,51.0M,True,NYQ,False,
INGR,Ingredion Incorporated,96.82,2026-06-25T23:21:48.651583+00:00,False,+0.3%,True,$6105.4M,False,+-26.0%,True,821.0K,False,$96.82 / SMA $104.88,False,2.41%,False,+-1.2%,True,62.6M,True,NYQ,False,
INGVF,ING Groep N.V.,31.03,2026-06-24T23:58:50.845592+00:00,False,+53.2%,True,$88789.4M,False,+14.9%,False,2.9K,True,$31.03 / SMA $29.65,False,0.27%,False,+3.3%,False,2876.2M,False,PNK,False,
INNV,InnovAge Holding Corp.,10.35,2026-06-25T23:13:59.530349+00:00,True,+230.7%,True,$1404.9M,False,+-175.0%,False,299.8K,True,$10.35 / SMA $8.01,True,5.37%,False,+15.5%,True,21.5M,True,NMS,False,
INOD,Innodata Inc.,73.18,2026-06-25T23:23:41.832690+00:00,True,+113.8%,True,$2389.7M,True,+90.9%,True,1915.9K,False,$73.18 / SMA $79.57,True,11.83%,True,+54.4%,True,31.2M,True,NGM,False,
INRE,"Inland Real Estate Income Trust, Inc.",10.4516,2026-06-25T23:17:30.705179+00:00,True,+2612800.0%,True,$377.5M,,,False,2.5K,False,$10.45 / SMA_short $10.62,,,,,,,False,PNK,False,
INRLF,Valneva SE,2.5,2026-06-25T23:27:36.161303+00:00,False,+1.6%,True,$474.1M,False,+-200.0%,False,0.2K,False,$2.50 / SMA $2.74,False,0.00%,False,+-37.2%,True,147.8M,False,PNK,False,
INV,"Innventure, Inc.",4.985,2026-06-25T23:15:46.300387+00:00,True,+111.2%,True,$419.0M,True,+91.3%,True,2238.6K,False,$4.99 / SMA $6.18,True,11.50%,True,+544.2%,True,68.3M,True,NGM,False,
INVH,Invitation Homes Inc.,29.91,2026-06-25T23:19:53.897867+00:00,False,+23.3%,True,$17767.8M,False,+-3.7%,True,5833.5K,True,$29.91 / SMA $28.61,False,1.89%,False,+8.8%,False,539.5M,True,NYQ,False,
IPFX,Inflection Point Acquisition Corp. VI,10.29,2026-06-25T23:29:23.841439+00:00,False,+3.4%,True,$347.1M,,N/A,False,400.7K,True,$10.29 / SMA_short $10.29,False,1.03%,,N/A,True,5.3M,True,NGM,False,
IPGLF,IPGLF,51.0,2026-06-25T23:10:24.546169+00:00,False,+36.9%,True,$5359.8M,False,+0.8%,False,0.0K,True,$51.00 / SMA $50.83,False,0.00%,False,+0.6%,True,76.2M,False,PNK,False,
IPGP,IPG Photonics Corporation,110.23,2026-06-25T23:10:17.482546+00:00,False,+65.0%,True,$4678.6M,False,+-55.6%,True,517.9K,False,$110.23 / SMA $114.21,True,6.31%,False,+16.6%,True,27.4M,True,NMS,False,
IPI,"Intrepid Potash, Inc.",33.93,2026-06-25T23:15:47.557825+00:00,False,+50.5%,True,$455.8M,True,+60.0%,False,268.2K,False,$33.93 / SMA $37.93,True,3.99%,False,+4.4%,True,10.6M,True,NYQ,False,
IPSC,"Century Therapeutics, Inc.",2.3,2026-06-25T23:17:28.594017+00:00,True,+428.7%,True,$414.8M,False,+-112.4%,True,978.9K,True,$2.30 / SMA $2.28,True,7.87%,False,+-100.0%,True,97.9M,True,NCM,False,
IPSEY,Ipsen S.A.,46.5,2026-06-24T23:59:23.957001+00:00,False,+60.1%,True,$15373.2M,,,False,0.7K,False,$46.50 / SMA $47.22,False,0.53%,,,True,120.4M,False,PNK,False,
IPXHY,Inpex Corporation,20.57,2026-06-25T23:08:08.327797+00:00,False,+52.1%,True,$23906.2M,,,False,71.6K,False,$20.57 / SMA $23.73,False,2.14%,,,False,843.7M,False,PNK,False,
IPZYF,IP Group Plc,0.85,2026-06-25T23:15:38.595083+00:00,False,+38.2%,True,$750.9M,,,False,3.6K,True,$0.85 / SMA $0.84,False,0.00%,,,False,871.7M,False,PNK,False,
IQ,"iQIYI, Inc.",1.01,2026-06-25T00:05:45.791322+00:00,False,+2.6%,True,$974.7M,False,+-233.3%,True,7983.4K,False,$1.01 / SMA $1.15,True,4.41%,False,+-13.4%,False,517.0M,True,NMS,False,
IQEPY,IQE plc,16.5,2026-06-25T00:06:08.588592+00:00,True,+842.9%,True,$873.8M,,,False,28.7K,False,$16.50 / SMA $16.58,True,10.79%,,,True,25.9M,False,PNK,False,
IQI,Invesco Quality Municipal Income Trust,10.04,2026-06-25T23:15:48.575098+00:00,False,+10.8%,True,$531.0M,,,False,151.3K,True,$10.04 / SMA $9.79,False,0.85%,,,,,True,NYQ,False,
IRCUF,Irish Continental Group plc,7.0,2026-06-25T23:13:57.125027+00:00,False,+12.2%,True,$1039.0M,,,False,0.1K,False,$7.00 / SMA $7.45,False,0.00%,,,True,105.4M,False,PNK,False,
IRD,"Opus Genetics, Inc.",3.72,2026-06-25T23:29:22.433589+00:00,True,+313.3%,True,$307.1M,False,+-212.5%,True,827.8K,False,$3.72 / SMA $4.62,True,7.53%,False,+-50.6%,True,63.4M,True,NCM,False,
IRDM,Iridium Communications Inc.,41.84,2026-06-25T23:21:54.984587+00:00,True,+167.3%,True,$4423.6M,False,+-25.9%,True,2556.4K,False,$41.84 / SMA $43.78,True,7.83%,False,+1.9%,True,93.1M,True,NMS,False,
IRLTF,Bally's Intralot S.A.,1.0,2026-06-25T23:23:55.974153+00:00,False,+0.0%,True,$1846.8M,True,+410.0%,False,0.0K,False,$1.00 / SMA $1.04,False,0.00%,True,+180.5%,False,1166.1M,False,PNK,False,
IRMD,IRADIMED CORPORATION,93.87,2026-06-25T23:13:54.893316+00:00,True,+70.3%,True,$1199.9M,False,+21.6%,False,126.4K,True,$93.87 / SMA $90.07,True,3.78%,False,+12.6%,True,8.3M,True,NGM,False,
IRPSY,IRPC Public Company Limited,6.21,2026-06-25T00:05:32.828580+00:00,True,+148.4%,True,$1267.5M,,,False,0.0K,True,$6.21 / SMA $5.13,False,0.08%,False,+3.7%,False,10186.3M,False,PNK,False,
IRS,IRSA Inversiones y Representaciones Sociedad Anónima,15.84,2026-06-25T00:05:34.911312+00:00,False,+45.7%,True,$1340.2M,False,+-134.0%,False,179.1K,True,$15.84 / SMA $15.03,True,4.96%,False,+-4.4%,True,24.8M,True,NYQ,False,
ISBA,Isabella Bank Corporation,39.92,2026-06-25T00:08:30.053274+00:00,False,+40.1%,False,$292.6M,True,+28.3%,False,37.8K,False,$39.92 / SMA $42.25,True,4.23%,False,+17.7%,True,6.8M,True,NCM,False,
ISLMF,ISLMF,5.55,2026-06-25T23:11:58.816348+00:00,False,+32.1%,,,,,False,3.4K,False,$5.55 / SMA $6.71,True,3.11%,,,False,438.8M,False,PNK,False,
ISOU,IsoEnergy Ltd.,9.96,2026-06-25T23:27:20.858745+00:00,False,+67.7%,True,$603.9M,False,+-130.0%,False,130.4K,False,$9.96 / SMA $11.37,True,8.13%,,N/A,True,38.3M,True,ASE,False,
ISRG,"Intuitive Surgical, Inc.",399.69,2026-06-25T23:19:30.764379+00:00,False,+0.8%,True,$141555.4M,False,+18.7%,True,2316.9K,False,$399.69 / SMA $435.25,False,2.85%,False,+23.0%,False,352.1M,True,NMS,False,
ISTR,Investar Holding Corporation,29.46,2026-06-25T23:17:29.928383+00:00,False,+56.2%,True,$406.4M,False,+22.2%,False,164.6K,True,$29.46 / SMA $28.57,False,2.53%,True,+75.1%,True,11.7M,True,NGM,False,
IT,"Gartner, Inc.",126.63,2026-06-25T23:20:03.496837+00:00,False,+1.9%,True,$8478.1M,False,+17.3%,True,1595.9K,False,$126.63 / SMA $151.58,True,4.75%,False,+-1.5%,True,60.9M,True,NYQ,False,
ITFS,Itafos Inc.,1.72,2026-06-25T23:17:31.967914+00:00,False,+1.3%,True,$335.0M,False,+-94.4%,False,78.9K,False,$1.72 / SMA $2.10,True,3.94%,False,+4.8%,True,66.5M,False,OQX,False,
ITGR,Integer Holdings Corporation,93.12,2026-06-25T23:11:58.053656+00:00,False,+50.2%,True,$3161.9M,True,+172.7%,True,505.8K,True,$93.12 / SMA $88.92,False,2.64%,False,+0.5%,True,33.5M,True,NYQ,False,
ITIC,Investors Title Company,264.64,2026-06-25T00:08:03.745541+00:00,False,+32.9%,True,$499.6M,True,+91.6%,False,28.7K,True,$264.64 / SMA $241.86,False,2.24%,False,+12.6%,True,1.5M,True,NMS,False,
ITRG,Integra Resources Corp.,2.39,2026-06-25T00:07:50.975261+00:00,False,+69.5%,True,$483.4M,True,+500.0%,True,2959.4K,False,$2.39 / SMA $2.70,True,6.08%,False,+8.2%,False,184.7M,True,ASE,False,
ITRI,"Itron, Inc.",82.95,2026-06-25T23:11:57.990659+00:00,False,+6.7%,True,$3677.9M,False,+-16.9%,True,775.5K,False,$82.95 / SMA $84.10,False,2.96%,False,+-3.3%,True,43.6M,True,NMS,False,
ITRN,Ituran Location and Control Ltd.,62.12,2026-06-25T23:13:54.790133+00:00,True,+89.9%,True,$1228.7M,False,+16.4%,False,143.7K,True,$62.12 / SMA $60.12,True,3.75%,False,+18.8%,True,15.9M,True,NMS,False,
ITUB,Itaú Unibanco Holding S.A.,8.03,2026-06-25T23:19:34.370318+00:00,False,+35.4%,True,$88505.6M,False,+11.7%,True,22681.6K,False,$8.03 / SMA $8.13,False,2.18%,False,+-3.4%,False,5850.6M,True,NYQ,False,
ITVPY,ITV plc,10.91,2026-06-25T23:22:02.135907+00:00,False,+25.8%,True,$4166.6M,,N/A,False,38.9K,False,$10.91 / SMA $10.93,True,4.09%,,N/A,False,366.3M,False,PNK,False,
ITW,Illinois Tool Works Inc.,270.6,2026-06-25T23:19:35.965778+00:00,False,+13.3%,True,$77851.6M,False,+11.8%,True,1357.9K,True,$270.60 / SMA $257.69,False,1.72%,False,+4.6%,False,260.6M,True,NYQ,False,
IVR,Invesco Mortgage Capital Inc.,7.83,2026-06-25T23:27:09.738578+00:00,False,+10.3%,True,$768.9M,False,+-207.7%,True,2276.6K,False,$7.83 / SMA $7.84,False,1.53%,False,+-161.8%,True,92.5M,True,NYQ,False,
IVSXF,Investor AB (publ),39.16,2026-06-25T23:07:54.841517+00:00,False,+34.2%,True,$119975.1M,True,+332.3%,False,0.3K,False,$39.16 / SMA $39.73,False,0.07%,True,+169.9%,False,2441.7M,False,PNK,False,
IVT,InvenTrust Properties Corp.,35.88,2026-06-25T23:12:03.312314+00:00,False,+35.3%,True,$2796.3M,False,+-22.2%,True,823.4K,True,$35.88 / SMA $32.93,False,2.26%,False,+11.9%,True,77.2M,True,NYQ,False,
J,Jacobs Solutions Inc.,124.39,2026-06-25T23:19:58.689331+00:00,False,+17.7%,True,$14688.1M,False,+-666.7%,True,1213.0K,True,$124.39 / SMA $121.94,True,3.38%,True,+27.0%,True,116.6M,True,NYQ,False,
JAPAF,Japan Tobacco Inc.,37.74,2026-06-24T23:58:53.146758+00:00,False,+40.0%,True,$66997.6M,,,False,2.4K,False,$37.74 / SMA $38.77,False,1.96%,,,False,1066.0M,False,PNK,False,
JAPAY,Japan Tobacco Inc.,18.32,2026-06-25T23:07:58.807723+00:00,False,+30.7%,True,$65044.9M,,,False,163.6K,False,$18.32 / SMA $18.88,False,1.46%,,,False,2132.0M,False,PNK,False,
JAZZ,Jazz Pharmaceuticals plc,226.2,2026-06-25T23:08:18.781457+00:00,True,+115.4%,True,$14209.3M,True,+391.4%,True,935.8K,True,$226.20 / SMA $222.73,False,2.94%,False,+19.1%,True,60.8M,True,NMS,False,
JBARF,Julius Bär Gruppe AG,83.23,2026-06-25T23:08:17.376116+00:00,False,+28.7%,True,$17061.8M,,,False,2.1K,True,$83.23 / SMA $83.17,False,0.70%,,,False,204.2M,False,PNK,False,
JBAXY,Julius Bär Gruppe AG,16.29,2026-06-24T23:59:21.368728+00:00,False,+26.6%,True,$16894.9M,,,False,149.2K,False,$16.29 / SMA $16.39,False,1.59%,,,False,1021.2M,False,PNK,False,
JBFCY,Jollibee Foods Corporation,9.0,2026-06-25T23:23:48.513470+00:00,False,+10.4%,True,$2521.6M,False,+-40.3%,False,3.8K,False,$9.00 / SMA $9.81,False,2.56%,False,+9.0%,True,109.3M,False,PNK,False,
JBGS,JBG SMITH Properties,14.39,2026-06-25T23:25:57.255995+00:00,False,+5.0%,True,$872.8M,True,+42.9%,True,552.8K,False,$14.39 / SMA $14.77,False,2.99%,False,+5.7%,True,53.4M,True,NYQ,False,
JBI,"Janus International Group, Inc.",5.53,2026-06-25T23:27:12.477035+00:00,False,+29.8%,True,$754.3M,False,+-100.0%,True,1815.3K,True,$5.53 / SMA $5.23,True,4.26%,False,+5.8%,True,129.9M,True,NYQ,False,
JBIO,"Jade Biosciences, Inc.",21.81,2026-06-25T23:13:56.684149+00:00,True,+227.0%,True,$1327.4M,True,+51.9%,True,935.1K,True,$21.81 / SMA $21.44,True,9.97%,,,True,39.7M,True,NCM,True,
JBLU,JetBlue Airways Corporation,5.92,2026-06-25T23:13:43.418215+00:00,False,+53.0%,True,$2202.4M,False,+-45.8%,True,26842.8K,True,$5.92 / SMA $5.10,True,5.29%,False,+4.7%,False,332.5M,True,NMS,False,
JBSS,"John B. Sanfilippo & Son, Inc.",84.94,2026-06-25T23:15:34.807339+00:00,False,+43.8%,True,$992.9M,False,+-16.9%,False,112.2K,True,$84.94 / SMA $77.77,False,2.47%,False,+8.0%,True,9.0M,True,NMS,False,
JCAP,"Jefferson Capital, Inc.",18.21,2026-06-25T23:14:00.388691+00:00,False,+17.5%,True,$1009.2M,False,+-44.7%,False,270.6K,False,$18.21 / SMA $18.25,True,3.51%,False,+13.9%,True,14.7M,True,NMS,False,
JCI,Johnson Controls International plc,142.81,2026-06-24T23:58:51.712298+00:00,False,+39.9%,True,$87130.6M,True,+38.9%,True,3655.2K,True,$142.81 / SMA $141.35,True,3.17%,False,+8.2%,False,608.2M,True,NYQ,False,
JD,"JD.com, Inc.",25.19,2026-06-25T23:19:42.215053+00:00,False,+2.8%,True,$34019.1M,False,+-50.7%,True,9488.4K,False,$25.19 / SMA $29.79,False,2.00%,False,+4.9%,False,1199.1M,True,NMS,False,
JDCMF,"JD.com, Inc.",13.7,2026-06-25T23:19:41.952455+00:00,False,+9.6%,True,$37423.5M,False,+-50.7%,False,0.9K,False,$13.70 / SMA $14.79,False,0.47%,False,+4.9%,False,2398.2M,False,PNK,False,
JDSPY,JD Sports Fashion Plc,1.06,2026-06-25T23:21:55.862029+00:00,False,+26.3%,True,$5071.6M,,N/A,False,15.2K,True,$1.06 / SMA $1.01,False,2.63%,,N/A,False,2150.3M,False,OQX,False,
JELCF,Johnson Electric Holdings Limited,3.47,2026-06-25T23:23:41.500941+00:00,False,+28.5%,True,$3215.7M,,N/A,False,0.0K,True,$3.47 / SMA $3.44,False,0.00%,,N/A,False,292.4M,False,PNK,False,
JGCCY,JGC Holdings Corporation,34.95,2026-06-25T23:10:23.514011+00:00,True,+128.3%,True,$4226.3M,,,False,0.1K,True,$34.95 / SMA $30.14,False,0.27%,,,True,110.6M,False,PNK,False,
JGHAF,Jungheinrich Aktiengesellschaft,33.84,2026-06-25T23:12:00.238531+00:00,False,+0.0%,True,$3451.7M,,,False,0.0K,True,$33.84 / SMA $33.69,False,0.00%,,,True,48.0M,False,PNK,False,
JHPCY,JHPCY,13.6,2026-06-24T23:58:57.048339+00:00,False,+0.0%,True,$45133.0M,,,False,0.4K,False,$13.60 / SMA_short $16.12,False,0.00%,False,+4.4%,False,1887.2M,False,PNK,False,
JINFF,China Gold International Resources Corp. Ltd.,16.03,2026-06-25T23:20:10.857773+00:00,True,+96.7%,True,$6354.5M,True,+175.2%,False,5.0K,False,$16.03 / SMA $20.63,False,1.23%,True,+66.0%,False,237.8M,False,PNK,False,
JJSF,J&J Snack Foods Corp.,73.24,2026-06-25T23:13:51.097820+00:00,False,+6.3%,True,$1373.5M,False,+-64.0%,False,255.2K,False,$73.24 / SMA $76.81,True,3.38%,False,+-3.2%,True,14.8M,True,NMS,False,
JMHLY,Jardine Matheson Holdings Limited,62.65,2026-06-24T23:59:16.788745+00:00,False,+35.7%,True,$18456.0M,,,False,16.4K,False,$62.65 / SMA $68.15,True,3.06%,,,False,275.3M,False,PNK,False,
JNPKF,Jenoptik AG,51.29,2026-06-25T00:03:20.381830+00:00,True,+165.3%,True,$2935.7M,True,+81.2%,False,2.1K,True,$51.29 / SMA $46.22,False,0.48%,False,+-1.0%,True,49.8M,False,PNK,False,
JOUT,Johnson Outdoors Inc.,46.0,2026-06-25T23:17:25.161565+00:00,False,+59.7%,True,$481.8M,True,+304.5%,False,81.8K,False,$46.00 / SMA $47.21,True,3.49%,False,+15.5%,True,5.8M,True,NMS,False,
JOYY,JOYY Inc.,65.91,2026-06-25T00:03:23.424288+00:00,False,+35.8%,True,$3320.7M,False,+-97.2%,False,309.3K,True,$65.91 / SMA $62.12,True,3.59%,False,+12.4%,True,25.1M,True,NMS,False,
JPC,Nuveen Preferred & Income Opportunities Fund,7.76,2026-06-25T23:12:01.307518+00:00,False,+7.5%,True,$2911.8M,,,True,1013.2K,False,$7.76 / SMA $7.80,False,1.04%,,,,,True,NYQ,False,
JPDYY,Japan Display Inc.,3.77,2026-06-25T23:25:31.033607+00:00,True,+219.5%,True,$1608.1M,,N/A,False,0.0K,False,$3.77 / SMA $4.91,False,0.00%,,N/A,True,47.6M,False,PNK,False,
JPNPY,"Japan Post Insurance Co., Ltd.",9.65,2026-06-25T23:08:25.503231+00:00,False,+4.3%,True,$10456.9M,,,False,0.0K,False,$9.65 / SMA $9.89,False,0.00%,,,False,517.4M,False,PNK,False,
JPPHY,"Japan Post Holdings Co., Ltd.",14.0,2026-06-25T23:08:04.481669+00:00,False,+57.7%,True,$39288.4M,,,False,3.3K,True,$14.00 / SMA $13.22,True,8.31%,,,False,1613.7M,False,PNK,False,
JPPTY,"JAPAN POST BANK Co., Ltd.",18.7,2026-06-25T23:07:58.567045+00:00,True,+98.5%,True,$66608.4M,,,False,106.5K,True,$18.70 / SMA $18.47,True,3.23%,,,False,1778.7M,False,PNK,False,
JPSWY,"The Japan Steel Works, Ltd.",24.89,2026-06-25T23:23:38.866281+00:00,False,+13.7%,True,$3664.3M,,N/A,False,0.3K,False,$24.89 / SMA $27.08,True,5.01%,,N/A,True,145.0M,False,PNK,False,
JPXGY,"Japan Exchange Group, Inc.",12.68,2026-06-24T23:59:30.697575+00:00,False,+34.2%,True,$13034.1M,,,False,236.0K,True,$12.68 / SMA $12.23,False,2.23%,,,False,1027.0M,False,PNK,False,
JREIF,Japan Real Estate Investment Corporation,658.41,2026-06-25T23:21:55.400291+00:00,False,+0.0%,True,$4795.6M,,N/A,False,0.0K,False,$658.41 / SMA $749.27,False,0.00%,,N/A,True,1.4M,False,PNK,False,
JRI,Nuveen Real Asset Income and Growth Fund,12.58,2026-06-25T23:17:34.897124+00:00,False,+7.8%,True,$345.3M,,,False,140.0K,False,$12.58 / SMA $12.68,False,1.75%,,,,,True,NYQ,False,
JSGRY,LIXIL Corporation,21.05,2026-06-25T23:23:43.285539+00:00,False,+13.3%,True,$3026.7M,,N/A,False,0.9K,True,$21.05 / SMA $20.53,False,0.30%,,N/A,True,126.8M,False,PNK,False,
JTCPF,JTC PLC,17.325,2026-06-25T23:23:42.646734+00:00,False,+53.3%,True,$2985.1M,,N/A,False,0.5K,False,$17.32 / SMA $17.57,False,0.00%,,N/A,False,152.1M,False,PNK,False,
JVTSF,Juventus Football Club S.p.A.,2.45,2026-06-25T23:25:52.674087+00:00,False,+8.4%,True,$1021.7M,,N/A,False,0.4K,True,$2.45 / SMA $2.45,False,0.73%,,N/A,False,417.0M,False,PNK,False,
JWLLF,Jamieson Wellness Inc.,26.58,2026-06-25T23:25:50.993559+00:00,False,+11.3%,True,$1102.6M,,N/A,False,0.4K,True,$26.58 / SMA $25.14,False,0.33%,False,+-30.7%,True,41.1M,False,PNK,False,
JXHGF,"ENEOS Holdings, Inc.",7.96,2026-06-25T23:19:50.840922+00:00,False,+67.2%,True,$21393.8M,,N/A,False,0.1K,False,$7.96 / SMA $8.27,False,0.00%,,N/A,False,2689.9M,False,PNK,False,
JXHLY,"ENEOS Holdings, Inc.",14.92,2026-06-25T23:08:12.590411+00:00,False,+63.1%,True,$20049.9M,,,False,2.3K,False,$14.92 / SMA $16.60,True,5.63%,,,False,1344.9M,False,PNK,False,
KAEPF,"The Kansai Electric Power Company, Incorporated",14.65,2026-06-25T23:19:56.466781+00:00,False,+40.5%,True,$16320.9M,,N/A,False,0.6K,False,$14.65 / SMA $15.21,False,0.68%,,N/A,False,1000.3M,False,PNK,False,
KALU,Kaiser Aluminum Corporation,181.73,2026-06-25T23:23:44.758617+00:00,True,+154.4%,True,$2969.6M,True,+183.2%,False,252.0K,True,$181.73 / SMA $174.65,True,4.39%,True,+42.4%,True,16.0M,True,NMS,False,
KAOCF,Kao Corporation,37.81,2026-06-25T23:19:54.337724+00:00,False,+7.8%,True,$17102.3M,,N/A,False,0.1K,False,$37.81 / SMA $37.98,False,0.00%,,N/A,False,373.7M,False,PNK,False,
KBGGY,Kongsberg Gruppen ASA,14.71,2026-06-25T23:19:45.521849+00:00,False,+32.4%,True,$25878.1M,False,+15.8%,False,48.9K,False,$14.71 / SMA $16.33,False,2.97%,True,+26.1%,False,824.3M,False,PNK,False,
KBON,Karbon Capital Partners Corp.,10.07,2026-06-25T00:08:21.671952+00:00,False,+0.5%,True,$443.2M,,,False,31.0K,False,$10.07 / SMA $10.09,False,0.11%,,,True,28.6M,True,NGM,False,
KBONU,Karbon Capital Partners Corp.,10.2701,2026-06-25T23:17:35.146188+00:00,False,+2.6%,,,,,False,11.2K,True,$10.27 / SMA $10.24,False,0.24%,,,True,28.6M,True,NGM,False,
KBR,"KBR, Inc.",32.25,2026-06-25T23:10:21.917609+00:00,False,+7.7%,True,$4089.0M,False,+-9.1%,True,1748.0K,False,$32.25 / SMA $34.34,True,3.72%,False,+-4.7%,True,125.2M,True,NYQ,False,
KC,Kingsoft Cloud Holdings Limited,9.24,2026-06-25T00:01:36.178984+00:00,False,+0.1%,True,$2766.2M,False,+0.0%,True,1420.6K,False,$9.24 / SMA $14.13,True,3.93%,True,+37.2%,False,171.0M,True,NMS,False,
KCHVU,Kochav Defense Acquisition Corp.,10.52,2026-06-25T00:08:19.464399+00:00,False,+4.0%,,,,,False,0.0K,True,$10.52 / SMA $10.43,False,0.08%,,,True,21.2M,True,NGM,False,
KD,"Kyndryl Holdings, Inc.",10.79,2026-06-25T23:23:45.599567+00:00,False,+6.8%,True,$2379.4M,False,+-71.4%,True,4176.4K,False,$10.79 / SMA $12.45,True,5.04%,False,+-0.8%,False,202.4M,True,NYQ,False,
KDDIF,KDDI Corporation,16.7,2026-06-25T23:07:59.421060+00:00,False,+17.8%,True,$63578.2M,,,False,0.1K,False,$16.70 / SMA $16.75,False,0.18%,,,False,2881.2M,False,PNK,False,
KDKWF,Kadokawa Corporation,19.82,2026-06-25T00:03:24.091174+00:00,False,+10.7%,True,$2913.0M,,,False,0.0K,False,$19.82 / SMA $20.49,False,0.00%,,,True,70.7M,False,PNK,False,
KEEL,Keel Infrastructure Corp.,5.87,2026-06-25T23:12:00.362110+00:00,True,+693.2%,True,$3544.5M,False,+-118.2%,True,43568.7K,True,$5.87 / SMA $4.58,True,11.79%,False,+-22.4%,False,577.6M,True,NGM,False,
KELTF,Kelt Exploration Ltd.,6.05,2026-06-25T23:25:38.892655+00:00,False,+39.1%,True,$1223.3M,False,+-100.0%,False,61.0K,False,$6.05 / SMA $6.84,False,2.61%,False,+18.0%,True,125.5M,False,PNK,False,
KELYA,"Kelly Services, Inc.",11.85,2026-06-25T23:17:30.073482+00:00,False,+48.5%,True,$410.8M,False,+-206.2%,False,435.2K,True,$11.85 / SMA $10.53,True,3.90%,False,+-10.7%,True,29.4M,True,NMS,False,
KELYB,"Kelly Services, Inc.",18.12,2026-06-25T00:08:04.113466+00:00,True,+116.2%,True,$628.2M,False,+-206.2%,False,11.7K,True,$18.12 / SMA $17.33,True,5.09%,False,+-10.7%,True,29.4M,True,NMS,False,
KGC,Kinross Gold Corporation,24.04,2026-06-25T23:08:05.987557+00:00,False,+63.4%,True,$28706.4M,True,+133.3%,True,8499.6K,False,$24.04 / SMA $29.12,True,4.23%,True,+60.8%,False,1187.5M,True,NYQ,False,
KGDEY,Kingdee International Software Group Company Limited,77.95,2026-06-25T23:23:38.657737+00:00,False,+2.6%,True,$2724.3M,,N/A,False,0.1K,False,$77.95 / SMA $104.39,True,4.70%,,N/A,True,28.1M,False,PNK,False,
KGHPF,KGHM Polska Miedz S.A.,101.575,2026-06-25T23:19:52.997383+00:00,True,+198.8%,True,$20315.0M,True,+969.7%,False,0.1K,True,$101.58 / SMA $90.99,False,0.00%,True,+32.8%,True,136.4M,False,PNK,False,
KGTHY,Krungthai Card Public Company Limited,9.38,2026-06-25T00:03:29.742224+00:00,False,+31.1%,True,$2580.7M,False,+16.7%,False,2.7K,True,$9.38 / SMA $9.30,False,0.00%,False,+2.7%,True,111.5M,False,PNK,False,
KHOLY,Koç Holding A.S.,20.19,2026-06-24T23:59:37.853541+00:00,False,+14.0%,True,$10236.4M,True,+128.2%,False,1.2K,False,$20.19 / SMA $21.19,False,0.75%,False,+4.8%,True,37.6M,False,PNK,False,
KIGRY,KION GROUP AG,11.58,2026-06-24T23:59:48.121685+00:00,False,+12.9%,True,$6155.2M,,,False,11.7K,False,$11.58 / SMA $12.53,False,2.10%,False,+-9.7%,False,280.4M,False,PNK,False,
KIM,Kimco Realty Corporation,25.42,2026-06-24T23:59:21.844192+00:00,False,+28.6%,True,$17143.0M,True,+27.8%,True,4999.0K,True,$25.42 / SMA $23.86,False,1.94%,False,+4.0%,False,658.1M,True,NYQ,False,
KKKUF,"Kakaku.com, Inc.",20.64,2026-06-25T23:10:22.208754+00:00,True,+85.1%,True,$4136.9M,,,False,0.5K,True,$20.64 / SMA $18.33,False,0.03%,,,True,82.3M,False,PNK,False,
KKOYY,Kesko Oyj,11.01,2026-06-24T23:59:39.460284+00:00,False,+8.9%,True,$8771.5M,False,+-31.6%,False,37.8K,False,$11.01 / SMA $11.93,False,1.20%,False,+-0.4%,False,703.3M,False,PNK,False,
KKPNF,Koninklijke KPN N.V.,4.91,2026-06-25T23:08:13.701289+00:00,False,+15.5%,True,$18526.7M,False,+20.2%,False,58.2K,False,$4.91 / SMA $5.24,True,5.20%,,,False,3811.5M,False,PNK,False,
KKPNY,Koninklijke KPN N.V.,5.03,2026-06-24T23:59:17.340288+00:00,False,+15.4%,True,$18979.5M,False,+20.2%,False,380.6K,False,$5.03 / SMA $5.24,False,1.79%,,,False,3811.5M,False,PNK,False,
KLAC,KLA Corporation,258.8,2026-06-25T23:07:52.251483+00:00,True,+211.0%,True,$338064.0M,False,+11.8%,True,10866.2K,True,$258.80 / SMA $199.82,True,6.24%,False,+11.5%,False,1303.3M,True,NMS,False,
KLBAY,Klabin S.A.,6.5,2026-06-25T23:22:02.760140+00:00,False,+8.7%,True,$19997.0M,False,+-232.1%,False,4.9K,False,$6.50 / SMA $6.92,False,1.70%,False,+1.8%,False,614.3M,False,PNK,False,
KLIC,"Kulicke and Soffa Industries, Inc.",123.28,2026-06-25T00:01:27.633548+00:00,True,+293.6%,True,$6451.6M,True,+141.5%,True,843.5K,True,$123.28 / SMA $99.56,True,6.73%,True,+49.8%,True,50.6M,True,NMS,True,
KLYCY,Kunlun Energy Company Limited,8.23,2026-06-24T23:59:44.308679+00:00,False,+0.9%,True,$7104.8M,,,False,0.4K,False,$8.23 / SMA $9.27,False,0.55%,,,False,379.8M,False,PNK,False,
KMB,Kimberly-Clark Corporation,108.1,2026-06-25T23:19:43.994778+00:00,False,+17.0%,True,$35882.7M,False,+17.6%,True,4676.4K,True,$108.10 / SMA $97.97,False,2.60%,False,+2.7%,False,330.7M,True,NMS,False,
KMDA,Kamada Ltd.,7.135,2026-06-25T00:07:54.118914+00:00,False,+9.8%,True,$411.6M,False,+0.0%,False,49.5K,False,$7.13 / SMA $7.86,False,1.93%,False,+2.8%,True,31.5M,True,NMS,False,
KMI,"Kinder Morgan, Inc.",33.01,2026-06-25T23:19:35.781038+00:00,False,+28.9%,True,$73441.5M,True,+37.5%,True,11124.9K,True,$33.01 / SMA $32.05,False,2.07%,False,+13.8%,False,1933.4M,True,NYQ,False,
KMT,Kennametal Inc.,36.53,2026-06-25T23:23:45.985784+00:00,True,+107.3%,True,$2784.0M,True,+82.9%,True,1289.1K,True,$36.53 / SMA $36.18,True,3.62%,False,+21.8%,True,75.6M,True,NYQ,False,
KMTS,"Kestra Medical Technologies, Ltd.",22.58,2026-06-25T23:25:43.661925+00:00,True,+70.4%,True,$1318.1M,False,+-21.7%,False,288.3K,True,$22.58 / SMA $20.94,True,6.92%,True,+62.7%,True,32.8M,True,NMS,False,
KMTUF,Komatsu Ltd.,40.82,2026-06-25T23:19:43.413259+00:00,False,+35.4%,True,$36485.1M,,N/A,False,13.1K,False,$40.82 / SMA $42.21,True,4.53%,,N/A,False,888.8M,False,PNK,False,
KN,Knowles Corporation,40.15,2026-06-25T00:03:18.201010+00:00,True,+131.5%,True,$3435.3M,True,+650.0%,True,927.3K,True,$40.15 / SMA $35.43,True,4.19%,False,+15.8%,True,84.0M,True,NYQ,False,
KNBWY,"Kirin Holdings Company, Limited",17.31,2026-06-25T23:19:58.267784+00:00,False,+31.6%,True,$13832.9M,,N/A,False,36.8K,True,$17.31 / SMA $16.52,False,1.32%,,N/A,False,778.8M,False,PNK,False,
KNCAY,"Konica Minolta, Inc.",7.22,2026-06-25T23:25:30.267677+00:00,False,+28.9%,True,$1784.0M,,N/A,False,0.1K,True,$7.22 / SMA $6.89,False,0.00%,,N/A,False,220.2M,False,PNK,False,
KNCRY,Konecranes Plc,7.481,2026-06-25T23:08:33.088875+00:00,True,+139.3%,True,$7111.2M,False,+-9.7%,False,0.6K,False,$7.48 / SMA $8.16,False,0.00%,False,+-7.7%,False,751.5M,False,PNK,False,
KNKZF,KWS SAAT SE & Co. KGaA,84.83,2026-06-25T23:23:45.485045+00:00,False,+30.2%,True,$2799.4M,True,+466.0%,False,0.0K,False,$84.83 / SMA $87.62,False,0.00%,True,+455.9%,True,10.1M,False,PNK,False,
KNRRY,Knorr-Bremse AG,28.78,2026-06-25T23:08:15.179682+00:00,False,+27.2%,True,$18557.3M,,,False,15.1K,False,$28.78 / SMA $29.28,False,1.48%,False,+-2.5%,False,245.8M,False,PNK,False,
KNSA,"Kiniksa Pharmaceuticals International, plc",59.13,2026-06-25T00:01:37.578432+00:00,True,+125.1%,True,$4549.3M,True,+125.0%,True,661.8K,True,$59.13 / SMA $51.79,True,3.86%,True,+55.5%,True,39.3M,True,NMS,True,
KNTNF,K92 Mining Inc.,15.701,2026-06-25T00:01:35.495739+00:00,False,+57.0%,True,$3848.6M,True,+62.1%,False,100.0K,False,$15.70 / SMA $18.05,True,5.06%,True,+63.4%,False,238.3M,False,OQX,False,
KNX,Knight-Swift Transportation Holdings Inc.,74.52,2026-06-24T23:59:34.574307+00:00,True,+92.9%,True,$12109.1M,False,+-105.3%,True,4081.3K,True,$74.52 / SMA $69.95,True,3.64%,False,+1.4%,False,157.8M,True,NYQ,False,
KNYJF,KONE Oyj,54.64,2026-06-25T23:08:07.801659+00:00,False,+0.8%,True,$28319.0M,False,+-12.8%,False,0.6K,False,$54.64 / SMA $60.13,False,0.51%,False,+-9.0%,False,367.0M,False,PNK,False,
KOD,Kodiak Sciences Inc.,34.09,2026-06-25T23:12:05.718018+00:00,True,+846.9%,True,$2133.3M,False,+13.8%,True,1093.1K,False,$34.09 / SMA $38.42,True,8.20%,,,True,39.3M,True,NGM,False,
KODK,Eastman Kodak Company,9.39,2026-06-25T00:05:50.798646+00:00,True,+90.1%,True,$916.5M,False,+-75.0%,True,1367.2K,False,$9.39 / SMA $11.03,True,4.78%,False,+7.3%,True,71.3M,True,NYQ,False,
KOF,"Coca-Cola FEMSA, S.A.B. de C.V.",105.99,2026-06-25T23:10:14.372825+00:00,False,+32.1%,True,$22266.7M,False,+-89.4%,False,144.4K,True,$105.99 / SMA $105.14,False,2.43%,False,+1.1%,False,328.2M,True,NYQ,False,
KONMY,Konami Group Corporation,59.7,2026-06-25T23:19:54.667430+00:00,False,+3.0%,True,$16185.4M,False,+17.8%,False,0.3K,False,$59.70 / SMA $61.82,False,0.08%,False,+1.1%,False,191.0M,False,PNK,False,
KOP,Koppers Holdings Inc.,43.88,2026-06-25T00:06:00.136565+00:00,True,+75.5%,True,$843.9M,True,+151.5%,False,179.5K,True,$43.88 / SMA $41.13,True,3.30%,False,+-0.3%,True,16.7M,True,NYQ,False,
KOPN,Kopin Corporation,3.79,2026-06-25T23:25:53.912571+00:00,True,+163.2%,True,$702.3M,False,+0.0%,True,8774.5K,False,$3.79 / SMA $4.67,True,10.88%,False,+-32.5%,False,151.4M,True,NCM,False,
KOS,Kosmos Energy Ltd.,2.18,2026-06-25T23:13:44.464954+00:00,True,+159.5%,True,$1293.2M,False,+-95.7%,True,16715.7K,False,$2.18 / SMA $2.83,True,5.94%,True,+27.8%,False,571.3M,True,NYQ,False,
KOTMY,"Koito Manufacturing Co., Ltd.",15.65,2026-06-25T23:21:56.393050+00:00,False,+32.1%,True,$4106.7M,,N/A,False,0.3K,False,$15.65 / SMA $16.66,False,0.03%,,N/A,False,207.6M,False,PNK,False,
KOYN,"CSLM Digital Asset Acquisition Corp III, Ltd",10.135,2026-06-25T00:08:27.848381+00:00,False,+2.9%,True,$319.8M,True,+6400.6%,False,10.9K,True,$10.13 / SMA $10.11,False,0.08%,,,True,23.3M,True,NGM,False,
KOYNU,"CSLM Digital Asset Acquisition Corp III, Ltd",10.38,2026-06-25T23:17:39.828648+00:00,False,+3.8%,,,,,False,0.3K,True,$10.38 / SMA $10.24,False,0.11%,,,True,23.3M,True,NGM,False,
KOZAY,Turk Altin Isletmeleri A.S.,10.1,2026-06-25T23:23:43.047593+00:00,False,+68.3%,True,$3234.5M,True,+162.0%,False,0.0K,True,$10.10 / SMA $7.52,False,0.00%,True,+60.8%,True,32.0M,False,PNK,False,
KPCPY,Kasikornbank Public Company Limited,25.67,2026-06-24T23:59:25.916889+00:00,False,+44.5%,True,$15205.2M,False,+10.1%,False,29.6K,True,$25.67 / SMA $24.75,False,2.86%,False,+-2.4%,False,2041.2M,False,PNK,False,
KPELF,Keppel Ltd.,8.21,2026-06-25T23:19:57.089722+00:00,False,+42.8%,True,$14795.8M,,N/A,False,0.5K,False,$8.21 / SMA $8.51,False,0.00%,,N/A,False,1407.8M,False,PNK,False,
KPLUF,K+S Aktiengesellschaft,16.8,2026-06-25T23:11:51.153413+00:00,False,+28.8%,True,$3033.9M,False,+-283.3%,False,0.0K,False,$16.80 / SMA $17.83,False,0.00%,False,+10.0%,False,179.1M,False,OQX,False,
KRC,Kilroy Realty Corporation,37.51,2026-06-25T23:10:24.510517+00:00,False,+37.1%,True,$4404.1M,False,+-148.5%,True,1932.4K,True,$37.51 / SMA $34.76,False,2.77%,False,+-0.3%,True,96.1M,True,NYQ,False,
KRNGY,Karoon Energy Ltd,1.9,2026-06-25T00:05:44.826591+00:00,False,+8.0%,True,$675.0M,,,False,0.0K,False,$1.90 / SMA $2.62,False,1.49%,,,False,346.2M,False,PNK,False,
KRNT,Kornit Digital Ltd.,15.8,2026-06-25T23:15:41.245816+00:00,False,+32.4%,True,$732.2M,False,+-72.7%,False,293.9K,False,$15.80 / SMA $15.83,True,4.52%,False,+4.5%,True,40.0M,True,NMS,False,
KRSP,Rice Acquisition Corporation 3,10.47,2026-06-25T00:07:51.551987+00:00,False,+2.5%,True,$481.6M,,,False,36.6K,True,$10.47 / SMA $10.40,False,1.10%,,,True,27.4M,True,NYQ,False,
KRSP.U,KRSP.U,,2026-06-25T23:15:50.180310+00:00,False,,False,,False,,False,,False,,False,,False,,False,,False,Unknown,False,No price data available
KRT,Karat Packaging Inc.,30.66,2026-06-25T00:07:47.445509+00:00,False,+48.8%,True,$612.1M,False,+6.3%,False,94.7K,True,$30.66 / SMA $28.25,False,2.93%,False,+12.9%,True,8.5M,True,NMS,False,
KRUS,"Kura Sushi USA, Inc.",54.87,2026-06-25T23:15:41.944394+00:00,False,+28.7%,True,$666.6M,True,+54.8%,False,387.9K,True,$54.87 / SMA $52.86,True,6.79%,False,+23.3%,True,7.0M,True,NGM,False,
KRYAF,Kerry Group plc,81.42,2026-06-25T23:08:20.562173+00:00,False,+7.7%,True,$13013.0M,,,False,0.1K,False,$81.42 / SMA $81.67,False,0.00%,,,False,160.8M,False,OID,False,
KSRYY,KSRYY,,2026-06-25T23:15:14.272493+00:00,False,,False,,False,,False,,False,,False,,False,,False,,False,Unknown,False,Too Many Requests. Rate limited. Try after a while.
KSS,KSS,,2026-06-25T00:06:55.341148+00:00,False,,False,,False,,False,,False,,False,,False,,False,,False,Unknown,False,Too Many Requests. Rate limited. Try after a while.
KTB,"Kontoor Brands, Inc.",78.0,2026-06-25T00:01:39.282214+00:00,False,+45.7%,True,$4311.2M,True,+117.1%,True,756.2K,True,$78.00 / SMA $72.13,True,4.17%,True,+45.0%,True,54.3M,True,NYQ,False,
KTF,DWS Municipal Income Trust,9.22,2026-06-25T00:08:21.077344+00:00,False,+8.7%,True,$361.2M,,,False,132.0K,True,$9.22 / SMA $9.07,False,0.75%,,,,,True,NYQ,False,
KTWIF,Kurita Water Industries Ltd.,52.6,2026-06-25T00:01:23.309586+00:00,False,+59.9%,True,$5728.1M,,,False,0.0K,True,$52.60 / SMA $51.97,False,0.14%,,,True,106.4M,False,PNK,False,
KTWIY,Kurita Water Industries Ltd.,122.41,2026-06-25T23:10:11.662249+00:00,True,+3319.3%,True,$6665.2M,,,False,0.8K,True,$122.41 / SMA $105.64,False,0.38%,,,True,53.2M,False,PNK,False,
KUASF,Kuaishou Technology,6.13,2026-06-25T23:19:47.971312+00:00,False,+15.7%,True,$26509.0M,False,+-12.0%,False,1.3K,True,$6.13 / SMA $6.09,False,0.25%,,N/A,False,2799.6M,False,PNK,False,
KUBTF,Kubota Corporation,16.6,2026-06-25T23:19:50.010784+00:00,False,+56.0%,True,$18879.9M,,N/A,False,0.5K,False,$16.60 / SMA $17.42,False,0.16%,,N/A,False,1103.7M,False,PNK,False,
KURRY,"Kuraray Co., Ltd.",30.96,2026-06-25T23:23:42.418461+00:00,False,+12.0%,True,$3109.4M,,N/A,False,0.2K,False,$30.96 / SMA $31.28,False,0.72%,,N/A,True,92.9M,False,PNK,False,
KVYO,"Klaviyo, Inc.",14.03,2026-06-25T23:10:20.782308+00:00,False,+12.0%,True,$4198.9M,True,+160.0%,True,6309.1K,False,$14.03 / SMA $16.39,True,6.16%,True,+27.9%,True,139.9M,True,NYQ,False,
KW,"Kennedy-Wilson Holdings, Inc.",10.92,2026-06-25T23:25:37.499449+00:00,False,+64.6%,True,$1521.2M,True,+133.3%,True,1377.6K,True,$10.92 / SMA $10.84,False,0.28%,False,+-8.7%,True,121.2M,True,NYQ,False,
KWHIY,"Kawasaki Heavy Industries, Ltd.",7.62,2026-06-25T23:19:56.017108+00:00,False,+63.2%,True,$15922.9M,,N/A,False,242.9K,False,$7.62 / SMA $7.83,False,2.46%,,N/A,False,1985.2M,False,PNK,False,
KWR,Quaker Chemical Corporation,156.59,2026-06-25T23:23:48.961605+00:00,False,+40.5%,True,$2719.4M,True,+54.8%,False,163.4K,True,$156.59 / SMA $142.11,True,3.35%,False,+8.5%,True,13.5M,True,NYQ,False,
KXHCF,KXHCF,579.0,2026-06-25T23:07:52.560924+00:00,True,+911.2%,,,,,False,11.5K,True,$579.00 / SMA_short $372.84,True,4.54%,,,False,364.7M,False,PNK,False,
KXSCF,Kinaxis Inc.,105.01,2026-06-25T23:12:00.314254+00:00,False,+24.0%,True,$2868.9M,,,False,12.1K,False,$105.01 / SMA $108.21,False,2.40%,True,+33.6%,True,27.2M,False,PNK,False,
KYKOF,"Kyowa Kirin Co., Ltd.",14.425,2026-06-25T23:08:32.963801+00:00,False,+16.1%,True,$7551.3M,,,False,0.6K,False,$14.43 / SMA $14.68,False,0.00%,,,False,229.4M,False,PNK,False,
KYMR,"Kymera Therapeutics, Inc.",116.46,2026-06-25T23:21:48.587949+00:00,True,+217.8%,True,$9579.7M,False,+13.4%,True,635.8K,True,$116.46 / SMA $84.33,True,6.16%,True,+55.5%,True,55.0M,True,NGM,False,
KYN,"Kayne Anderson Energy Infrastructure Fund, Inc.",13.77,2026-06-25T23:12:04.792419+00:00,False,+21.8%,True,$2328.9M,,,False,446.0K,True,$13.77 / SMA $13.75,False,2.01%,,,,,True,NYQ,False,
KYSEF,"Kyushu Electric Power Company, Incorporated",10.35,2026-06-25T23:21:55.482748+00:00,False,+9.2%,True,$4893.3M,,N/A,False,0.0K,False,$10.35 / SMA $10.99,False,0.54%,,N/A,False,435.2M,False,PNK,False,
KYTX,"Kyverna Therapeutics, Inc.",8.2,2026-06-25T23:15:47.701854+00:00,True,+225.4%,True,$498.5M,True,+35.9%,True,957.1K,False,$8.20 / SMA $8.83,True,5.62%,,,True,35.5M,True,NMS,False,
LAB,Standard BioTools Inc.,0.7401,2026-06-25T23:17:29.107867+00:00,False,+1.0%,False,$289.7M,True,+571.4%,True,3042.8K,False,$0.74 / SMA $0.96,True,10.39%,False,+4.6%,False,210.3M,True,NMS,False,
LAD,"Lithia Motors, Inc.",296.73,2026-06-25T23:21:49.175117+00:00,False,+23.8%,True,$6767.2M,False,+-46.1%,False,308.7K,True,$296.73 / SMA $287.02,True,3.22%,False,+1.0%,True,20.0M,True,NYQ,False,
LAES,SEALSQ Corp,3.17,2026-06-25T23:27:04.139911+00:00,False,+59.3%,True,$706.2M,,N/A,True,16114.8K,True,$3.17 / SMA $3.10,True,9.38%,,N/A,False,171.5M,True,NMS,False,
LAND,Gladstone Land Corporation,8.6,2026-06-25T00:08:00.821651+00:00,False,+1.5%,True,$371.0M,False,+-196.0%,True,570.8K,False,$8.60 / SMA $9.42,False,2.29%,False,+-1.5%,True,41.7M,True,NGM,False,
LANDO,Gladstone Land Corporation,20.5,2026-06-25T23:17:28.009805+00:00,False,+10.8%,,,,,False,14.2K,False,$20.50 / SMA $20.62,False,1.49%,False,+-1.5%,True,41.7M,True,NGM,False,
LANDP,Gladstone Land Corporation,20.22,2026-06-25T23:30:48.068104+00:00,False,+9.8%,,N/A,,N/A,False,25.1K,False,$20.22 / SMA $20.28,False,0.95%,False,+-1.5%,True,41.7M,True,NGM,False,
LAUR,"Laureate Education, Inc.",36.5,2026-06-25T23:10:19.501192+00:00,False,+69.5%,True,$5109.2M,False,+-15.4%,True,1321.3K,True,$36.50 / SMA $33.55,True,3.36%,False,+15.4%,True,125.5M,True,NMS,False,
LAZ,"Lazard, Inc.",40.49,2026-06-25T00:01:32.385262+00:00,False,+4.7%,True,$3985.7M,True,+62.5%,True,1889.6K,False,$40.49 / SMA $46.28,True,5.26%,False,+17.4%,True,97.6M,True,NYQ,False,
LB,LandBridge Company LLC,60.91,2026-06-25T23:10:12.079560+00:00,False,+39.2%,True,$4691.1M,False,+12.6%,False,335.5K,False,$60.91 / SMA $68.60,True,5.32%,False,+16.0%,True,27.7M,True,NYQ,False,
LBRDB,Liberty Broadband Corporation,29.89,2026-06-25T00:01:31.714851+00:00,False,+0.0%,True,$4407.1M,False,+-25.0%,False,0.1K,False,$29.89 / SMA $37.41,False,1.14%,,,True,130.7M,False,OQB,False,
LBRT,Liberty Energy Inc.,27.25,2026-06-25T23:21:54.942110+00:00,True,+175.3%,True,$4447.0M,False,+16.7%,True,3820.3K,False,$27.25 / SMA $30.43,True,4.61%,False,+4.5%,False,160.2M,True,NYQ,False,
LBRX,LB Pharmaceuticals Inc,30.48,2026-06-25T00:05:58.752069+00:00,True,+128.1%,True,$874.1M,False,+-183.4%,False,236.6K,True,$30.48 / SMA $29.77,True,5.96%,,,True,18.1M,True,NGM,False,
LBTYA,Liberty Global Ltd.,11.09,2026-06-25T23:22:01.758280+00:00,False,+15.3%,True,$3749.5M,True,+125.0%,True,1990.0K,False,$11.09 / SMA $11.91,True,3.29%,False,+8.8%,False,276.1M,True,NMS,False,
LCII,LCI Industries,95.85,2026-06-25T23:12:02.109976+00:00,False,+13.7%,True,$2327.7M,True,+30.4%,False,376.3K,False,$95.85 / SMA $107.20,True,3.43%,False,+4.3%,True,23.4M,True,NYQ,False,
LCSHF,Lancashire Holdings Limited,8.4,2026-06-25T00:03:36.666209+00:00,False,+13.8%,True,$2037.5M,,,False,0.3K,True,$8.40 / SMA $7.86,False,0.20%,,,False,201.4M,False,PNK,False,
LDI,"loanDepot, Inc.",1.2,2026-06-25T00:07:59.646016+00:00,False,+9.6%,True,$778.3M,False,+-45.5%,True,1888.0K,False,$1.20 / SMA $1.35,True,6.48%,False,+5.9%,True,111.0M,True,NYQ,False,
LDP,"Cohen & Steers Limited Duration Preferred and Income Fund, Inc.",20.73,2026-06-25T00:07:43.718857+00:00,False,+7.1%,True,$602.8M,,,False,67.3K,True,$20.73 / SMA $20.58,False,1.09%,,,,,True,NYQ,False,
LDSCY,Land Securities Group Plc,8.3,2026-06-25T00:01:24.637565+00:00,False,+20.6%,True,$6183.9M,,,False,140.5K,True,$8.30 / SMA $8.05,False,2.96%,,,False,732.2M,False,PNK,False,
LDSVF,Chocoladefabriken Lindt & Sprüngli AG,11729.48,2026-06-25T23:08:08.491429+00:00,False,+5.8%,True,$27061.1M,,,False,0.0K,False,$11729.48 / SMA $11960.91,False,0.24%,,,True,0.2M,False,PNK,False,
LE,"Lands' End, Inc.",11.73,2026-06-25T23:29:20.687739+00:00,False,+17.2%,True,$360.6M,True,+4011.1%,False,321.3K,True,$11.73 / SMA $11.58,True,6.53%,False,+-8.5%,True,11.7M,True,NCM,False,
LEA,Lear Corporation,138.22,2026-06-25T23:21:46.388199+00:00,False,+50.8%,True,$6924.1M,True,+124.2%,True,618.7K,True,$138.22 / SMA $135.55,True,3.01%,False,+4.7%,True,49.8M,True,NYQ,False,
LEG,"Leggett & Platt, Incorporated",11.6,2026-06-25T23:25:41.396619+00:00,False,+47.6%,True,$1582.6M,False,+-36.4%,True,3103.8K,True,$11.60 / SMA $10.50,True,3.58%,False,+-10.2%,True,133.0M,True,NYQ,False,
LEGH,Legacy Housing Corporation,25.43,2026-06-25T23:27:33.149640+00:00,False,+39.1%,True,$604.8M,False,+12.2%,False,83.1K,True,$25.43 / SMA $22.99,True,4.26%,False,+-3.7%,True,10.8M,True,NMS,False,
LEGN,Legend Biotech Corporation,28.43,2026-06-25T23:10:15.286909+00:00,True,+75.1%,True,$5499.5M,True,+44.4%,True,2706.3K,True,$28.43 / SMA $28.39,True,8.46%,True,+56.5%,True,82.5M,True,NMS,True,
LEGO.U,LEGO.U,,2026-06-25T23:29:25.396340+00:00,False,N/A,False,N/A,False,N/A,False,N/A,False,N/A,False,N/A,False,N/A,False,N/A,False,Unknown,False,No price data available
LEN,Lennar Corporation,93.86,2026-06-25T23:19:50.625701+00:00,False,+15.6%,True,$23117.6M,False,+-31.5%,True,2916.7K,True,$93.86 / SMA $89.50,True,3.42%,,N/A,False,204.9M,True,NYQ,False,
LEO,"BNY Mellon Strategic Municipals, Inc.",6.44,2026-06-25T00:08:04.067597+00:00,False,+12.8%,True,$401.2M,,,False,213.8K,True,$6.44 / SMA $6.33,False,0.72%,,,,,True,NYQ,False,
LGDTF,Liberty Gold Corp.,0.98,2026-06-25T00:07:46.465196+00:00,True,+345.5%,True,$519.8M,False,+0.0%,True,537.5K,False,$0.98 / SMA $1.09,True,8.45%,,,False,524.5M,False,OQX,False,
LGIH,"LGI Homes, Inc.",62.61,2026-06-25T23:25:49.854521+00:00,True,+86.6%,True,$1454.6M,False,+-47.1%,False,430.4K,True,$62.61 / SMA $48.38,True,5.49%,False,+-9.0%,True,20.3M,True,NMS,False,
LGN,Legence Corp.,81.1,2026-06-25T23:20:07.817577+00:00,True,+200.8%,True,$13320.5M,True,+133.7%,True,1765.4K,False,$81.10 / SMA $85.29,True,6.36%,True,+105.1%,True,57.4M,True,NMS,False,
LGYRF,Landis+Gyr Group AG,57.0,2026-06-25T23:13:43.858022+00:00,False,+0.0%,True,$1620.6M,,,False,0.0K,False,$57.00 / SMA $63.02,False,0.00%,,,True,25.3M,False,PNK,False,
LIFNF,Lifenet Insurance Company,11.61,2026-06-25T23:25:54.067589+00:00,True,+262.8%,True,$932.8M,,N/A,False,0.0K,False,$11.61 / SMA $12.09,False,0.00%,,N/A,True,23.3M,False,PNK,False,
LIFZF,Labrador Iron Ore Royalty Corporation,19.75,2026-06-25T00:05:31.520818+00:00,False,+4.5%,True,$1264.0M,,,False,23.8K,False,$19.75 / SMA $20.55,True,3.05%,False,+-36.7%,True,63.9M,False,PNK,False,
LIN,Linde plc,522.28,2026-06-25T23:07:52.383455+00:00,False,+34.7%,True,$241474.8M,False,+13.4%,True,2229.3K,True,$522.28 / SMA $505.83,False,2.02%,False,+8.2%,False,461.0M,True,NMS,False,
LIND,"Lindblad Expeditions Holdings, Inc.",28.6,2026-06-25T23:13:51.768580+00:00,True,+161.4%,True,$1876.2M,,,True,739.4K,True,$28.60 / SMA $21.16,True,4.91%,False,+15.7%,True,49.6M,True,NCM,False,
LINE,"Lineage, Inc.",42.61,2026-06-25T23:20:06.558656+00:00,False,+36.0%,True,$10684.4M,False,+-1900.0%,True,1000.5K,True,$42.61 / SMA $40.01,True,3.30%,False,+0.4%,True,57.7M,True,NMS,False,
LION,Lionsgate Studios Corp.,15.82,2026-06-25T23:10:21.343703+00:00,True,+185.3%,True,$4597.8M,True,+127.6%,True,3715.2K,True,$15.82 / SMA $13.23,True,4.57%,False,+-15.3%,,,True,NYQ,False,
LIVN,LivaNova PLC,81.05,2026-06-25T23:22:02.236574+00:00,True,+97.6%,True,$4452.4M,True,+106.7%,True,797.2K,True,$81.05 / SMA $71.20,True,3.13%,False,+14.3%,True,54.7M,True,NMS,False,
LKFN,Lakeland Financial Corporation,61.64,2026-06-25T23:25:38.521077+00:00,False,+13.4%,True,$1535.7M,True,+33.3%,False,167.9K,True,$61.64 / SMA $60.22,False,2.30%,False,+9.3%,True,24.1M,True,NMS,False,
LKQ,LKQ Corporation,26.23,2026-06-24T23:59:47.478680+00:00,False,+9.4%,True,$6683.2M,False,+-52.3%,True,2892.7K,False,$26.23 / SMA $27.44,False,2.91%,False,+4.3%,False,253.2M,True,NMS,False,
LKTEF,LKTEF,0.4031,2026-06-25T23:15:46.325430+00:00,False,+0.0%,True,$550.0M,,,False,0.0K,False,$0.40 / SMA $0.42,False,0.00%,,,False,506.8M,False,PNK,False,
LLESY,Lendlease Group,1.81,2026-06-25T23:13:51.250002+00:00,False,+1.7%,True,$1250.5M,,,False,0.6K,False,$1.81 / SMA $2.15,False,0.60%,,,False,646.5M,False,PNK,False,
LLOBF,Lloyds Banking Group plc 9.25% NON-CUM IRR PRF SHS GBP0.25,2.0,2026-06-25T23:07:57.986210+00:00,False,+7.5%,,,,,False,0.1K,False,$2.00 / SMA $2.07,False,0.00%,False,+10.4%,,,False,PNK,False,
LLY,Eli Lilly and Company,1127.69,2026-06-25T23:07:51.254474+00:00,True,+80.8%,True,$1005607.8M,True,+169.9%,True,3203.5K,True,$1127.69 / SMA $1024.53,True,3.16%,True,+55.5%,False,889.3M,True,NYQ,False,
LLYVK,"Liberty Live Holdings, Inc.",102.08,2026-06-25T23:20:07.382554+00:00,False,+33.8%,True,$9391.8M,,N/A,False,369.9K,True,$102.08 / SMA $96.80,True,3.54%,,N/A,True,58.0M,True,NMS,False,
LNC,Lincoln National Corporation,36.34,2026-06-25T23:10:08.944585+00:00,False,+12.9%,True,$6948.7M,True,+75.1%,True,1781.8K,True,$36.34 / SMA $36.11,False,2.91%,False,+12.9%,False,171.3M,True,NYQ,False,
LNDMY,Lundin Mining Corporation,25.0,2026-06-24T23:59:14.242604+00:00,False,+13.6%,True,$21384.5M,True,+120.0%,False,0.0K,False,$25.00 / SMA $27.09,False,0.00%,True,+26.0%,False,676.6M,False,PNK,False,
LNG,"Cheniere Energy, Inc.",235.1,2026-06-25T23:19:39.295293+00:00,False,+26.3%,True,$49265.6M,False,+-1160.5%,True,2484.6K,False,$235.10 / SMA $245.08,False,2.93%,False,+7.8%,False,208.1M,True,NYQ,False,
LNNGY,Li Ning Company Limited,47.48,2026-06-25T23:21:50.290083+00:00,False,+1.0%,True,$4843.8M,,N/A,False,8.4K,False,$47.48 / SMA $59.23,True,3.54%,,N/A,True,87.9M,False,PNK,False,
LNRCF,LNRCF,13.86,2026-06-25T23:25:48.939331+00:00,False,+46.7%,,N/A,,N/A,False,30.3K,False,$13.86 / SMA $16.25,True,16.12%,,N/A,True,35.4M,False,PNK,False,
LNT,Alliant Energy Corporation,76.19,2026-06-25T23:08:15.046554+00:00,False,+27.4%,True,$19678.1M,False,+4.8%,True,2332.4K,True,$76.19 / SMA $72.52,False,1.81%,False,+5.0%,False,257.5M,True,NMS,False,
LNTH,"Lantheus Holdings, Inc.",109.01,2026-06-25T23:10:09.824652+00:00,True,+130.7%,True,$7097.2M,True,+76.5%,True,903.5K,True,$109.01 / SMA $94.69,True,3.26%,False,+1.2%,True,58.4M,True,NGM,False,
LOAR,Loar Holdings Inc.,77.37,2026-06-25T23:21:51.345015+00:00,False,+45.6%,True,$7243.7M,False,+-25.0%,True,880.1K,True,$77.37 / SMA $63.11,True,4.51%,True,+36.1%,True,43.5M,True,NYQ,False,
LOB,"Live Oak Bancshares, Inc.",40.96,2026-06-25T23:13:45.894660+00:00,False,+40.0%,True,$1894.9M,True,+185.7%,False,245.3K,True,$40.96 / SMA $37.56,False,2.64%,False,+16.4%,True,36.0M,True,NYQ,False,
LOCO,"El Pollo Loco Holdings, Inc.",16.23,2026-06-25T00:07:58.136572+00:00,True,+80.6%,True,$494.3M,True,+42.1%,False,323.9K,True,$16.23 / SMA $14.18,True,3.67%,False,+5.9%,True,25.1M,True,NMS,False,
LOECF,Logan Energy Corp.,0.575,2026-06-25T23:29:16.097118+00:00,False,+39.1%,True,$397.7M,,N/A,False,86.3K,False,$0.57 / SMA $0.67,False,2.54%,True,+36.5%,False,537.1M,False,PNK,False,
LOGC,ContextLogic Holdings Inc.,9.15,2026-06-25T00:08:04.179809+00:00,False,+38.6%,True,$418.4M,False,+-550.0%,False,96.3K,True,$9.15 / SMA $8.89,True,3.53%,,,True,26.0M,False,OQB,False,
LOKV,Teamshares Inc.,11.52,2026-06-25T23:29:30.045091+00:00,False,+33.1%,True,$331.2M,True,+100.0%,False,281.2K,True,$11.52 / SMA $10.47,True,3.98%,,N/A,,N/A,True,NGM,False,
LOKVU,Teamshares Inc.,11.99,2026-06-25T23:17:43.019844+00:00,False,+18.7%,,,,,False,1.1K,False,$11.99 / SMA $12.59,True,11.23%,,,,,True,NGM,False,
LOMA,Loma Negra Compañía Industrial Argentina Sociedad Anónima,11.44,2026-06-25T00:05:28.056991+00:00,False,+62.5%,True,$1335.0M,True,+44.0%,False,407.7K,True,$11.44 / SMA $11.36,True,4.97%,False,+1.1%,True,50.9M,True,NYQ,False,
LOPE,"Grand Canyon Education, Inc.",143.03,2026-06-25T23:10:23.050583+00:00,False,+2.1%,True,$3792.3M,False,+11.1%,False,288.8K,False,$143.03 / SMA $157.67,False,2.96%,False,+6.7%,True,25.6M,True,NMS,False,
LOT,Lotus Technology Inc.,1.08,2026-06-25T23:25:56.461247+00:00,False,+8.0%,True,$700.0M,True,+78.8%,False,117.5K,False,$1.08 / SMA $1.28,True,6.55%,False,+-39.8%,True,78.7M,True,NMS,False,
LOTBY,Lotus Bakeries NV,114.5,2026-06-25T23:20:04.367256+00:00,False,+50.7%,True,$9306.3M,,N/A,False,0.0K,True,$114.50 / SMA $114.01,False,0.00%,,N/A,True,40.4M,False,PNK,False,
LOW,"Lowe's Companies, Inc.",221.93,2026-06-25T23:19:32.105726+00:00,False,+9.1%,True,$124437.7M,False,+-0.7%,True,2861.2K,False,$221.93 / SMA $224.93,False,2.61%,False,+10.3%,False,559.5M,True,NYQ,False,
LPAA,Launch One Acquisition Corp.,10.84,2026-06-25T23:29:28.811083+00:00,False,+4.3%,True,$311.7M,False,+-25.0%,False,30.7K,True,$10.84 / SMA $10.77,False,0.07%,,N/A,True,16.0M,True,NGM,False,
LPAAU,Launch One Acquisition Corp.,10.81,2026-06-25T23:17:41.812307+00:00,False,+2.5%,,,,,False,0.0K,True,$10.81 / SMA $10.75,False,0.17%,,,True,16.0M,True,NGM,False,
LPBB,Launch Two Acquisition Corp.,10.72,2026-06-25T00:08:31.921402+00:00,False,+3.3%,True,$308.2M,False,+-12.5%,False,29.9K,True,$10.72 / SMA $10.66,False,0.08%,,,True,19.5M,True,NGM,False,
LPG,Dorian LPG Ltd.,36.95,2026-06-25T23:23:54.230988+00:00,False,+55.5%,True,$1580.8M,True,+900.0%,True,592.2K,False,$36.95 / SMA $40.05,True,4.25%,True,+102.0%,True,36.8M,True,NYQ,False,
LPL,"LG Display Co., Ltd.",3.96,2026-06-25T23:21:55.857432+00:00,False,+20.0%,True,$3960.0M,False,+-117.3%,True,2262.8K,False,$3.96 / SMA $4.70,True,4.35%,False,+-8.8%,False,613.8M,True,NYQ,False,
LPLA,LPL Financial Holdings Inc.,282.15,2026-06-24T23:59:14.730410+00:00,False,+8.5%,True,$22567.2M,False,+4.5%,True,918.9K,False,$282.15 / SMA $301.38,True,3.85%,True,+34.6%,True,79.4M,True,NMS,False,
LPTH,"LightPath Technologies, Inc.",13.63,2026-06-25T23:13:58.101866+00:00,True,+395.6%,True,$855.8M,False,+22.2%,True,3483.2K,False,$13.63 / SMA $14.25,True,11.24%,True,+108.9%,True,62.0M,True,NCM,False,
LPX,Louisiana-Pacific Corporation,79.69,2026-06-25T00:01:31.175896+00:00,False,+20.5%,True,$5567.5M,False,+-70.0%,True,1126.8K,True,$79.69 / SMA $73.25,True,3.89%,False,+-20.7%,True,63.3M,True,NYQ,False,
LQDT,"Liquidity Services, Inc.",38.14,2026-06-25T23:25:49.553862+00:00,True,+76.0%,True,$1189.3M,False,+4.5%,False,163.7K,True,$38.14 / SMA $35.80,False,2.68%,False,+3.7%,True,23.5M,True,NMS,False,
LRCDF,Laurentian Bank of Canada,28.61,2026-06-25T00:05:30.770781+00:00,False,+31.9%,True,$1281.5M,False,+-172.5%,False,0.1K,False,$28.61 / SMA $29.15,False,0.00%,False,+-11.9%,True,41.2M,False,PNK,False,
LRCX,Lam Research Corporation,401.82,2026-06-25T23:07:51.647768+00:00,True,+341.9%,True,$502504.5M,True,+40.8%,True,10207.6K,True,$401.82 / SMA $307.88,True,5.80%,False,+23.8%,False,1245.6M,True,NMS,False,
LRLCF,L'Oréal S.A.,431.86,2026-06-25T23:19:29.631220+00:00,False,+13.5%,True,$229921.9M,,N/A,False,1.2K,True,$431.86 / SMA $429.35,True,4.97%,,N/A,False,255.7M,False,PNK,False,
LRLCY,L'Oréal S.A.,87.98,2026-06-25T23:07:52.661096+00:00,False,+11.6%,True,$234202.4M,,,False,277.8K,True,$87.98 / SMA $85.83,False,1.47%,,,False,1278.3M,False,PNK,False,
LRMR,"Larimar Therapeutics, Inc.",3.63,2026-06-25T00:08:16.836140+00:00,False,+33.7%,True,$377.1M,True,+32.6%,True,1733.4K,False,$3.63 / SMA $3.87,True,6.41%,,,True,60.0M,True,NGM,False,
LRN,"Stride, Inc.",86.11,2026-06-25T23:22:04.201529+00:00,False,+42.1%,True,$3661.8M,False,+-4.5%,True,788.8K,False,$86.11 / SMA $92.52,True,4.30%,False,+2.7%,True,40.6M,True,NYQ,False,
LSAK,"Lesaka Technologies, Inc.",4.55,2026-06-25T23:17:27.212303+00:00,False,+25.7%,True,$390.1M,True,+103.6%,False,138.3K,False,$4.55 / SMA $4.85,False,2.94%,False,+13.4%,True,49.9M,True,NMS,False,
LSCC,Lattice Semiconductor Corporation,144.2,2026-06-25T23:08:14.521864+00:00,True,+210.6%,True,$19756.5M,True,+300.0%,True,2086.0K,True,$144.20 / SMA $132.81,True,5.96%,True,+42.2%,True,135.8M,True,NMS,True,
LSEGY,London Stock Exchange Group plc,27.3,2026-06-25T23:19:36.974711+00:00,False,+13.4%,True,$53170.6M,,N/A,True,925.4K,False,$27.30 / SMA $31.10,False,2.10%,,N/A,False,1784.3M,False,OQX,False,
LSHGF,LSHGF,,2026-06-25T23:26:59.188013+00:00,False,N/A,False,N/A,False,N/A,False,N/A,False,N/A,False,N/A,False,N/A,False,N/A,False,Unknown,False,Too Many Requests. Rate limited. Try after a while.
LSRCF,Lasertec Corporation,318.896,2026-06-24T23:59:16.973417+00:00,True,+228.4%,True,$28582.9M,,,False,0.1K,True,$318.90 / SMA $264.64,False,0.81%,,,True,78.2M,False,PNK,False,
LSTR,"Landstar System, Inc.",210.12,2026-06-25T23:21:48.332591+00:00,True,+76.1%,True,$7129.0M,True,+36.5%,False,473.4K,True,$210.12 / SMA $194.30,True,3.19%,False,+1.6%,True,31.8M,True,NMS,False,
LTH,"Life Time Group Holdings, Inc.",39.86,2026-06-25T23:08:33.820469+00:00,False,+65.1%,True,$8872.9M,,,True,2729.8K,True,$39.86 / SMA $31.91,True,3.60%,,,False,189.3M,True,NYQ,False,
LUCK,Lucky Strike Entertainment Corporation,7.64,2026-06-25T23:25:40.417016+00:00,False,+33.9%,True,$1042.0M,False,+6.1%,False,97.8K,False,$7.64 / SMA $8.10,True,7.46%,False,+0.7%,True,8.9M,True,NYQ,False,
LUGDF,Lundin Gold Inc.,53.76,2026-06-24T23:59:24.667831+00:00,False,+24.7%,True,$13000.9M,,,False,60.6K,False,$53.76 / SMA $62.58,True,5.15%,True,+66.0%,True,100.2M,False,OQX,False,
LUNMF,Lundin Mining Corporation,23.78,2026-06-25T23:08:11.571337+00:00,True,+148.7%,True,$20340.9M,True,+157.9%,False,157.8K,False,$23.78 / SMA $27.58,True,7.85%,True,+252.2%,False,676.6M,False,PNK,False,
LUNR,"Intuitive Machines, Inc.",19.13,2026-06-24T23:59:42.817263+00:00,True,+145.9%,True,$3069.5M,False,+-127.3%,True,15672.5K,False,$19.13 / SMA $29.54,True,13.28%,True,+193.7%,True,130.4M,True,NGM,False,
LUXE,LuxExperience B.V.,7.39,2026-06-25T23:25:53.128597+00:00,False,+13.0%,True,$1014.4M,False,+-316.7%,False,251.4K,False,$7.39 / SMA $7.96,True,5.20%,True,+155.0%,True,17.6M,True,NYQ,False,
LVS,Las Vegas Sands Corp.,47.76,2026-06-24T23:59:06.403214+00:00,False,+12.1%,True,$31647.6M,True,+73.5%,True,4360.0K,False,$47.76 / SMA $51.81,False,2.57%,True,+25.3%,False,307.1M,True,NYQ,False,
LWAY,"Lifeway Foods, Inc.",30.33,2026-06-25T23:29:17.712241+00:00,True,+75.2%,True,$463.5M,True,+30.4%,False,128.0K,True,$30.33 / SMA $25.55,True,4.18%,True,+36.7%,True,7.2M,True,NGM,False,
LWLG,"Lightwave Logic, Inc.",8.16,2026-06-25T23:12:08.574993+00:00,True,+585.7%,True,$1257.3M,False,+0.0%,True,7714.0K,False,$8.16 / SMA $12.36,True,10.57%,True,+27.3%,False,151.8M,True,NCM,False,
LWSCF,Sienna Senior Living Inc.,15.36,2026-06-25T00:03:47.452231+00:00,False,+20.1%,True,$1630.2M,False,+-5.6%,False,17.3K,False,$15.36 / SMA $16.10,False,0.09%,False,+17.6%,True,106.0M,False,PNK,False,
LYB,LyondellBasell Industries N.V.,56.12,2026-06-24T23:59:15.321385+00:00,False,+35.0%,True,$18114.7M,False,+-29.6%,True,6132.1K,False,$56.12 / SMA $68.51,True,3.41%,False,+-6.3%,False,257.4M,True,NYQ,False,
LYEL,"Lyell Immunopharma, Inc.",12.49,2026-06-25T23:29:15.320185+00:00,False,+47.6%,False,$291.4M,True,+68.9%,False,100.7K,False,$12.49 / SMA $17.62,True,9.27%,False,+-71.4%,True,6.5M,True,NMS,False,
LYFT,"Lyft, Inc.",14.08,2026-06-25T23:21:54.398391+00:00,False,+13.0%,True,$5345.9M,True,+300.0%,True,14325.6K,True,$14.08 / SMA $14.03,True,4.34%,False,+13.8%,False,341.2M,True,NMS,False,
LYG,Lloyds Banking Group plc,5.75,2026-06-25T23:19:35.404281+00:00,False,+44.5%,True,$83650.3M,True,+41.2%,True,22650.9K,True,$5.75 / SMA $5.41,False,1.91%,False,+10.4%,False,13881.3M,True,NYQ,False,
LYSCF,Lynas Rare Earths Limited,12.95,2026-06-24T23:59:27.342192+00:00,True,+148.6%,True,$13034.2M,,,False,36.7K,False,$12.95 / SMA $13.51,True,5.11%,,,False,893.1M,False,OQX,False,
LYSDY,Lynas Rare Earths Limited,12.86,2026-06-24T23:59:27.725296+00:00,True,+144.5%,True,$12943.6M,,,False,263.5K,False,$12.86 / SMA $13.52,True,3.31%,,,False,893.1M,False,OQX,False,
LYTS,LSI Industries Inc.,26.8,2026-06-25T23:25:57.048496+00:00,False,+62.2%,True,$983.9M,False,+-53.8%,False,464.0K,True,$26.80 / SMA $23.64,True,4.00%,False,+13.6%,True,34.0M,True,NMS,False,
LYV,"Live Nation Entertainment, Inc.",175.11,2026-06-25T23:08:04.114194+00:00,False,+39.7%,True,$40750.3M,False,+-478.1%,True,2760.3K,True,$175.11 / SMA $164.13,False,2.79%,False,+12.1%,False,156.9M,True,NYQ,False,
LZAGF,Lonza Group AG,666.47,2026-06-25T23:19:40.947389+00:00,False,+17.9%,True,$46549.1M,,N/A,False,0.3K,True,$666.47 / SMA $632.59,True,6.26%,,N/A,True,69.8M,False,PNK,False,
LZAGY,Lonza Group AG,66.24,2026-06-25T23:08:03.177650+00:00,False,+13.2%,True,$47132.0M,,,False,69.9K,True,$66.24 / SMA $62.51,False,1.34%,,,False,698.1M,False,PNK,False,
LZB,La-Z-Boy Incorporated,41.85,2026-06-25T00:03:50.612498+00:00,False,+44.2%,True,$1669.7M,True,+125.0%,False,473.3K,True,$41.85 / SMA $36.22,True,3.71%,False,+-0.1%,True,39.1M,True,NYQ,False,
LZM,Lifezone Metals Limited,4.03,2026-06-25T00:07:53.645152+00:00,False,+31.3%,True,$367.6M,,,True,740.9K,False,$4.03 / SMA $4.87,True,9.24%,,,True,33.4M,True,NYQ,False,
MAC,The Macerich Company,25.41,2026-06-25T00:01:25.578067+00:00,False,+60.9%,True,$7852.5M,True,+30.0%,True,3181.2K,True,$25.41 / SMA $22.44,False,2.71%,False,+-3.1%,False,260.7M,True,NYQ,False,
MAGN,Magnera Corporation,12.42,2026-06-25T23:29:18.999046+00:00,False,+58.8%,True,$442.2M,True,+73.8%,False,391.4K,True,$12.42 / SMA $11.11,True,4.19%,,N/A,True,28.0M,True,NYQ,False,
MAIFF,Minera Alamos Inc.,3.38,2026-06-25T23:15:49.813691+00:00,True,+616.1%,True,$371.6M,True,+332.6%,False,181.4K,False,$3.38 / SMA $4.52,True,7.51%,True,+1519.5%,True,107.5M,False,OQX,False,
MALJF,Magellan Aerospace Corporation,22.09,2026-06-25T23:13:54.398159+00:00,True,+103.6%,True,$1297.8M,True,+52.6%,False,4.1K,True,$22.09 / SMA $20.53,False,2.64%,False,+9.3%,True,11.8M,False,PNK,False,
MAMTF,MCAN Mortgage Corporation,17.88,2026-06-25T23:27:10.659125+00:00,False,+27.9%,True,$727.7M,True,+32.6%,False,0.1K,True,$17.88 / SMA $17.56,False,0.00%,False,+21.4%,True,39.2M,False,PNK,False,
MAN,ManpowerGroup Inc.,32.59,2026-06-25T00:05:28.578119+00:00,False,+29.6%,True,$1515.7M,False,+-58.3%,True,988.2K,True,$32.59 / SMA $30.16,True,4.52%,False,+10.3%,True,41.9M,True,NYQ,False,
MANDF,Mandatum Oyj,7.6582,2026-06-25T00:01:39.495322+00:00,True,+81.0%,True,$3853.7M,False,+-120.0%,False,0.0K,True,$7.66 / SMA $7.46,False,0.00%,False,+-48.6%,False,428.9M,False,PNK,False,
MANE,MANE,117.29,2026-06-25T00:01:36.011275+00:00,True,+266.5%,True,$4900.2M,,,True,579.7K,True,$117.29 / SMA $96.27,True,7.75%,,,True,27.2M,True,NYQ,True,
MANH,"Manhattan Associates, Inc.",127.87,2026-06-25T23:08:31.150893+00:00,False,+7.4%,True,$7565.4M,False,+-3.5%,True,659.9K,False,$127.87 / SMA $139.11,True,4.55%,False,+7.4%,True,55.4M,True,NMS,False,
MANU,MANU,21.96,2026-06-25T23:23:39.365663+00:00,False,+50.5%,,N/A,False,+-335.0%,False,371.3K,True,$21.96 / SMA $20.02,True,4.82%,False,+18.0%,True,38.2M,True,NYQ,False,
MAPGF,Mapletree Logistics Trust,1.01,2026-06-25T23:21:59.425725+00:00,False,+23.9%,True,$5171.1M,False,+-36.4%,False,2.4K,True,$1.01 / SMA $0.94,False,0.29%,False,+-3.1%,False,3735.8M,False,PNK,False,
MAQAF,Atlas Arteria Limited,3.58,2026-06-25T23:21:56.258356+00:00,False,+33.1%,True,$5194.7M,,N/A,False,0.6K,True,$3.58 / SMA $3.35,False,0.24%,,N/A,False,1430.8M,False,PNK,False,
MARIF,Marimaca Copper Corp.,4.95,2026-06-25T23:15:38.591127+00:00,False,+0.2%,True,$668.2M,False,+-250.0%,False,33.3K,False,$4.95 / SMA $5.94,True,4.12%,,,True,109.1M,False,OQX,False,
MATV,"Mativ Holdings, Inc.",8.0,2026-06-25T23:27:36.705127+00:00,False,+29.7%,True,$440.9M,True,+97.2%,False,446.3K,False,$8.00 / SMA $8.60,True,4.64%,False,+-1.1%,True,50.0M,True,NYQ,False,
MATX,"Matson, Inc.",196.37,2026-06-25T23:21:53.299237+00:00,True,+125.8%,True,$5942.8M,False,+-15.1%,False,244.2K,True,$196.37 / SMA $183.71,False,2.88%,False,+-3.1%,True,29.5M,True,NYQ,False,
MAURY,"Marui Group Co., Ltd.",33.95,2026-06-25T23:23:42.152406+00:00,False,+7.1%,True,$3033.6M,,N/A,False,0.9K,False,$33.95 / SMA $35.60,False,1.26%,,N/A,True,87.1M,False,PNK,False,
MAWHF,Man Wah Holdings Limited,0.55,2026-06-25T00:03:32.424515+00:00,False,+12.2%,True,$2114.2M,,,False,0.0K,False,$0.55 / SMA $0.57,False,0.00%,,,False,1439.9M,False,PNK,False,
MBAVU,M3-Brigade Acquisition V Corp.,10.95,2026-06-25T23:29:17.204350+00:00,False,+16.5%,,N/A,,N/A,False,2.0K,True,$10.95 / SMA $10.76,True,10.32%,,N/A,True,15.4M,True,NGM,False,
MBGAF,Mercedes-Benz Group AG,50.49,2026-06-25T23:19:38.016709+00:00,False,+1.0%,True,$48335.6M,,N/A,False,28.3K,False,$50.49 / SMA $57.69,False,2.32%,False,+-17.8%,False,702.4M,False,PNK,False,
MBGYY,Mercedes-Benz Group AG,12.79,2026-06-24T23:58:55.128159+00:00,False,+2.3%,True,$48977.0M,,,False,438.2K,False,$12.79 / SMA $14.42,False,1.75%,False,+-17.8%,False,2809.7M,False,PNK,False,
MBINN,Merchants Bancorp,19.98,2026-06-25T23:23:52.772343+00:00,False,+9.4%,,N/A,,N/A,False,8.3K,False,$19.98 / SMA $20.18,False,1.89%,False,+20.0%,True,28.8M,True,NCM,False,
MBUU,"Malibu Boats, Inc.",29.11,2026-06-25T23:27:33.536712+00:00,False,+22.1%,True,$571.6M,False,+-119.7%,False,358.2K,True,$29.11 / SMA $26.77,True,4.60%,False,+3.1%,True,18.3M,True,NGM,False,
MBWM,Mercantile Bank Corporation,55.79,2026-06-25T00:05:54.523834+00:00,False,+30.5%,True,$963.7M,False,+9.1%,False,122.5K,True,$55.79 / SMA $52.14,False,2.77%,False,+18.1%,True,16.8M,True,NMS,False,
MBX,"MBX Biosciences, Inc.",50.37,2026-06-25T23:25:37.560856+00:00,True,+423.1%,True,$2397.5M,True,+29.6%,True,671.3K,True,$50.37 / SMA $34.32,True,8.58%,,N/A,True,29.5M,True,NMS,True,
MCARY,"Mercari, Inc.",12.61,2026-06-25T23:21:59.386586+00:00,True,+83.3%,True,$4162.4M,,N/A,False,0.5K,True,$12.61 / SMA $12.37,False,0.58%,,N/A,False,207.2M,False,PNK,False,
MCBS,"MetroCity Bankshares, Inc.",35.17,2026-06-25T00:05:52.960279+00:00,False,+43.4%,True,$1008.0M,False,+22.2%,False,83.8K,True,$35.17 / SMA $32.65,False,2.58%,True,+41.2%,True,21.9M,True,NMS,False,
MCD,McDonald's Corporation,273.88,2026-06-24T23:58:46.124784+00:00,False,+1.4%,True,$194593.3M,False,+6.9%,True,3920.2K,False,$273.88 / SMA $283.70,False,1.76%,False,+9.4%,False,709.5M,True,NYQ,False,
MCEM,The Monarch Cement Company,286.95,2026-06-25T23:15:39.610177+00:00,False,+38.6%,True,$1071.7M,,,False,0.5K,True,$286.95 / SMA $277.04,False,2.56%,,,True,2.8M,False,OQX,False,
MCFT,"MasterCraft Boat Holdings, Inc.",25.64,2026-06-25T23:27:31.990159+00:00,False,+49.2%,True,$621.1M,False,+-121.7%,False,149.5K,True,$25.64 / SMA $23.51,True,3.59%,False,+3.0%,True,9.0M,True,NGM,False,
MCK,McKesson Corporation,766.55,2026-06-24T23:58:50.685360+00:00,False,+20.3%,True,$89745.9M,True,+37.0%,True,1065.4K,False,$766.55 / SMA $783.04,False,2.18%,False,+6.0%,True,120.0M,True,NYQ,False,
MCRI,"Monarch Casino & Resort, Inc.",130.64,2026-06-25T23:23:53.337730+00:00,False,+53.0%,True,$2318.8M,True,+44.8%,False,157.2K,True,$130.64 / SMA $118.67,False,2.67%,False,+8.9%,True,11.9M,True,NMS,False,
MCRNF,Micro-Mechanics (Holdings) Ltd.,2.45,2026-06-25T00:08:09.650777+00:00,True,+107.6%,True,$340.6M,False,+18.8%,False,7.8K,True,$2.45 / SMA $2.09,False,0.42%,False,+16.2%,True,48.8M,False,PNK,False,
MDA,MDA Space Ltd.,36.04,2026-06-25T23:10:12.350640+00:00,False,+55.1%,True,$5000.6M,False,+-17.9%,True,1048.0K,False,$36.04 / SMA $37.38,True,6.76%,True,+32.2%,,,True,NYQ,False,
MDCKF,MDCKF,37.0,2026-06-25T00:05:56.023393+00:00,False,+22.6%,True,$882.2M,,,False,3.6K,True,$37.00 / SMA $35.92,False,1.66%,,,,,False,PNK,False,
MDDNF,Meridian Energy Limited,3.372,2026-06-25T23:08:28.790268+00:00,False,+18.7%,True,$8897.9M,,,False,0.4K,False,$3.37 / SMA $3.39,False,0.00%,,,False,1300.7M,False,PNK,False,
MDRX,Veradigm Inc.,4.74,2026-06-25T23:27:34.979446+00:00,False,+58.0%,True,$516.6M,,N/A,False,116.1K,False,$4.74 / SMA $4.74,True,7.89%,,N/A,True,52.1M,False,PNK,False,
MEDP,"Medpace Holdings, Inc.",519.96,2026-06-25T23:08:22.563904+00:00,True,+70.1%,True,$14849.9M,False,+16.6%,False,367.2K,True,$519.96 / SMA $449.86,True,3.70%,True,+26.5%,True,23.0M,True,NMS,False,
MEGI,NYLI CBRE Global Infrastructure Megatrends Term Fund,15.15,2026-06-25T23:15:37.580505+00:00,False,+12.9%,True,$788.5M,,,False,145.7K,True,$15.15 / SMA $14.98,False,1.39%,,,,,True,NYQ,False,
MELI,"MercadoLibre, Inc.",1619.25,2026-06-25T23:07:57.345023+00:00,False,+8.3%,True,$82091.4M,False,+-15.5%,True,543.6K,False,$1619.25 / SMA $1698.45,True,3.50%,True,+49.0%,True,50.6M,True,NMS,False,
MEOH,Methanex Corporation,48.52,2026-06-25T23:21:57.606868+00:00,False,+51.6%,True,$3753.7M,False,+-112.5%,True,1224.9K,False,$48.52 / SMA $59.24,True,3.45%,False,+8.6%,True,74.2M,True,NMS,False,
MEQYF,Mainstreet Equity Corp.,119.25,2026-06-25T00:05:40.037275+00:00,False,+1.1%,True,$1107.8M,False,+-99.9%,False,0.5K,False,$119.25 / SMA $125.30,False,0.10%,False,+5.4%,True,4.3M,False,PNK,False,
MESHU,Meshflow Acquisition Corp.,10.15,2026-06-25T23:17:25.381198+00:00,False,+2.0%,,,,,False,4.1K,True,$10.15 / SMA $10.05,False,0.01%,,,True,34.5M,True,NGM,False,
MESO,Mesoblast Limited,15.55,2026-06-25T00:03:35.730981+00:00,False,+50.7%,True,$2010.3M,,,False,191.2K,True,$15.55 / SMA $14.99,True,3.23%,,,True,83.4M,True,NMS,False,
METOF,Meteoric Resources NL,0.107,2026-06-25T23:29:17.228637+00:00,False,+52.6%,True,$311.0M,,N/A,True,713.8K,False,$0.11 / SMA $0.13,True,13.16%,,N/A,False,2189.2M,False,PNK,False,
MFA,"MFA Financial, Inc.",9.61,2026-06-25T00:05:52.520522+00:00,False,+9.5%,True,$981.1M,False,+-135.5%,True,1427.6K,False,$9.61 / SMA $9.68,False,1.77%,False,+-55.4%,True,99.1M,True,NYQ,False,
MFC,Manulife Financial Corporation,40.18,2026-06-25T23:19:36.830603+00:00,False,+35.3%,True,$66926.8M,True,+160.0%,True,2224.2K,True,$40.18 / SMA $38.83,False,1.83%,True,+31.1%,False,1666.0M,True,NYQ,False,
MFG,"Mizuho Financial Group, Inc.",9.59,2026-06-25T23:07:55.316001+00:00,True,+77.9%,True,$116827.2M,,,True,4079.1K,True,$9.59 / SMA $9.03,False,1.92%,True,+63.2%,False,12190.9M,True,NYQ,False,
MFGI,"Merchants Financial Group, Inc.",39.0,2026-06-25T23:29:28.462484+00:00,False,+59.2%,True,$319.0M,True,+94.2%,False,1.5K,True,$39.00 / SMA $37.13,False,0.64%,False,+6.9%,,N/A,False,OID,False,
MFIC,MidCap Financial Investment Corporation,9.8,2026-06-25T23:15:35.333808+00:00,False,+3.4%,True,$807.3M,False,+-193.8%,True,796.5K,False,$9.80 / SMA $10.69,False,2.64%,False,+-173.7%,,,True,NMS,False,
MG,"Mistras Group, Inc.",18.78,2026-06-25T23:27:33.117385+00:00,True,+142.6%,True,$597.5M,True,+170.0%,False,169.3K,True,$18.78 / SMA $18.07,True,3.91%,False,+4.6%,True,8.1M,True,NYQ,False,
MGA,Magna International Inc.,65.35,2026-06-25T23:08:15.911193+00:00,True,+74.0%,True,$17789.9M,False,+-107.7%,True,1416.5K,True,$65.35 / SMA $63.18,False,2.63%,False,+3.1%,False,271.5M,True,NYQ,False,
MGCLY,MGCLY,10.425,2026-06-24T23:58:50.822777+00:00,False,+13.2%,True,$79370.1M,,,False,66.7K,False,$10.43 / SMA $10.72,False,1.33%,True,+48.3%,False,4995.4M,False,PNK,False,
MGDDY,Compagnie Générale des Établissements Michelin Société en commandite par actions,19.17,2026-06-25T23:08:10.250237+00:00,False,+29.4%,False,$0.0M,,,False,135.1K,True,$19.17 / SMA $18.10,False,1.57%,,,,,False,PNK,False,
MGEE,"MGE Energy, Inc.",78.72,2026-06-25T00:03:23.093354+00:00,False,+9.1%,True,$2971.4M,False,+15.8%,False,282.6K,True,$78.72 / SMA $76.66,False,2.35%,False,+10.8%,True,36.7M,True,NMS,False,
MGHTF,Mercury NZ Limited,4.37,2026-06-25T00:01:22.617785+00:00,True,+115.8%,True,$6194.0M,,,False,0.5K,True,$4.37 / SMA $4.24,False,0.00%,,,False,701.2M,False,PNK,False,
MGLUY,Magazine Luiza S.A.,3.26,2026-06-25T23:25:54.458632+00:00,False,+0.0%,True,$631.7M,False,+-530.5%,False,0.1K,False,$3.26 / SMA $5.45,False,0.46%,False,+-2.0%,True,78.9M,False,PNK,False,
MGM,MGM Resorts International,47.2,2026-06-25T23:20:05.335858+00:00,False,+61.7%,True,$12076.2M,False,+-5.9%,True,4864.2K,True,$47.20 / SMA $41.93,True,3.15%,False,+4.2%,False,185.5M,True,NYQ,False,
MGNI,"Magnite, Inc.",18.29,2026-06-25T00:03:37.558582+00:00,False,+69.0%,True,$2619.4M,True,+142.9%,True,2683.1K,True,$18.29 / SMA $14.36,True,5.46%,False,+5.5%,True,141.1M,True,NMS,False,
MGPPF,Megaport Limited,14.35,2026-06-25T00:03:43.374916+00:00,True,+194.1%,True,$3169.4M,,,False,0.6K,True,$14.35 / SMA $8.95,False,2.17%,,,False,173.0M,False,PNK,False,
MGRC,McGrath RentCorp,123.31,2026-06-25T23:12:02.387235+00:00,False,+29.8%,True,$3028.7M,False,+-4.3%,False,221.4K,True,$123.31 / SMA $113.33,False,2.52%,False,+1.6%,True,24.4M,True,NMS,False,
MGRT,Mega Fortune Company Limited,79.53,2026-06-25T23:13:54.896790+00:00,True,+5202.0%,True,$1093.5M,,,False,74.3K,False,$79.53 / SMA $106.52,True,11.40%,,,True,2.0M,True,NCM,False,
MGTX,MeiraGTx Holdings plc,11.6,2026-06-25T00:05:56.504663+00:00,True,+85.9%,True,$1074.3M,False,+-11.8%,True,913.5K,True,$11.60 / SMA $9.84,True,5.99%,False,+-84.8%,True,52.3M,True,NMS,False,
MH,"McGraw Hill, Inc.",9.15,2026-06-25T23:12:05.335254+00:00,False,+2.3%,True,$1750.2M,,,True,512.4K,False,$9.15 / SMA $11.94,True,7.07%,False,+-2.0%,True,25.0M,True,NYQ,False,
MHCUF,Flagship Communities Real Estate Investment Trust,20.59,2026-06-25T23:27:36.648103+00:00,False,+18.1%,True,$518.3M,True,+111.5%,False,2.3K,True,$20.59 / SMA $19.52,False,0.70%,False,+20.6%,True,19.3M,False,OQX,False,
MHEYF,Keo Capital AB (publ),0.9633,2026-06-25T23:17:31.337084+00:00,False,+33.8%,,,,,False,7.9K,False,$0.96 / SMA_short $1.22,False,0.96%,,,True,115.4M,False,PNK,False,
MIAX,"Miami International Holdings, Inc.",36.49,2026-06-25T00:01:31.619230+00:00,False,+27.5%,True,$3531.8M,True,+678.5%,True,1602.6K,False,$36.49 / SMA $45.86,True,6.11%,False,+13.0%,True,89.0M,True,NYQ,False,
MICC,The Magnum Ice Cream Company N.V.,17.21,2026-06-25T23:08:27.006208+00:00,False,+33.0%,True,$10546.9M,,,True,1538.5K,True,$17.21 / SMA $15.66,False,2.14%,,,False,489.7M,True,NYQ,False,
MIELY,Mitsubishi Electric Corporation,74.12,2026-06-25T23:19:34.782881+00:00,True,+84.4%,True,$75840.9M,,N/A,False,118.9K,False,$74.12 / SMA $77.02,False,2.30%,,N/A,False,1001.7M,False,PNK,False,
MINBY,MINEBEA MITSUMI Inc.,30.43,2026-06-25T23:08:26.540779+00:00,True,+135.7%,True,$12220.6M,,,False,3.5K,True,$30.43 / SMA $24.64,True,4.14%,,,False,363.1M,False,PNK,False,
MIY,"BlackRock MuniYield Michigan Quality Fund, Inc.",12.2,2026-06-25T23:17:35.700089+00:00,False,+15.4%,True,$353.4M,,,False,65.2K,True,$12.20 / SMA $11.95,False,1.50%,,,,,True,NYQ,False,
MKC.V,MKC.V,,2026-06-25T23:19:59.809357+00:00,False,N/A,False,N/A,False,N/A,False,N/A,False,N/A,False,N/A,False,N/A,False,N/A,False,Unknown,False,No price data available
MKEWF,Makita Corporation,31.02,2026-06-25T23:08:26.358196+00:00,False,+6.6%,True,$7992.5M,,,False,0.0K,False,$31.02 / SMA $38.37,False,0.00%,,,False,243.1M,False,PNK,False,
MKL,Markel Group Inc.,1883.38,2026-06-25T23:08:11.612691+00:00,False,+9.5%,True,$23568.1M,False,+-256.5%,False,71.8K,True,$1883.38 / SMA $1851.63,False,1.84%,False,+-13.5%,True,12.2M,True,NYQ,False,
MKTAY,Makita Corporation,35.15,2026-06-24T23:59:38.912960+00:00,False,+31.4%,True,$9056.6M,,,False,15.8K,False,$35.15 / SMA $35.45,False,1.98%,,,False,243.1M,False,PNK,False,
MKTX,MarketAxess Holdings Inc.,109.09,2026-06-25T23:10:18.496997+00:00,False,+0.3%,True,$3877.0M,True,+450.0%,True,611.4K,False,$109.09 / SMA $138.43,True,3.55%,False,+11.9%,True,30.8M,True,NMS,False,
MLAAU,Mountain Lake Acquisition Corp. II,10.03,2026-06-25T23:15:48.590189+00:00,False,+1.0%,,,,,False,10.4K,False,$10.03 / SMA $10.23,False,0.47%,,,True,36.5M,True,NGM,False,
MLCO,Melco Resorts & Entertainment Limited,5.17,2026-06-25T23:12:07.801763+00:00,False,+2.0%,True,$2007.5M,True,+150.0%,True,1956.1K,False,$5.17 / SMA $5.58,True,3.76%,False,+10.9%,False,354.2M,True,NMS,False,
MLFNF,Maple Leaf Foods Inc.,21.79,2026-06-25T23:12:02.679138+00:00,False,+30.6%,True,$2711.3M,,,False,21.4K,True,$21.79 / SMA $21.36,False,0.34%,False,+-21.1%,True,74.6M,False,PNK,False,
MLLGF,Mullen Group Ltd.,15.37,2026-06-25T23:25:38.264883+00:00,True,+80.8%,True,$1474.2M,,N/A,False,11.0K,True,$15.37 / SMA $15.32,False,0.27%,False,+9.8%,True,89.3M,False,PNK,False,
MLSPF,Melrose Industries PLC,6.38,2026-06-24T23:59:41.809336+00:00,False,+10.2%,True,$7951.2M,,,False,30.0K,False,$6.38 / SMA $6.69,True,7.13%,,,False,1157.5M,False,PNK,False,
MLXEF,Metals X Limited,0.91,2026-06-25T23:13:58.141336+00:00,True,+166.9%,True,$811.8M,,,False,33.6K,False,$0.91 / SMA $1.06,True,4.70%,,,False,629.4M,False,PNK,False,
MMI,"Marcus & Millichap, Inc.",29.66,2026-06-25T00:05:43.498280+00:00,False,+21.4%,True,$1121.8M,True,+27.3%,False,234.5K,True,$29.66 / SMA $28.86,False,3.00%,False,+18.2%,True,23.0M,True,NYQ,False,
MMILF,Metro Mining Limited,1.15085,2026-06-25T23:29:29.731170+00:00,True,+1992.5%,True,$354.1M,,N/A,False,0.4K,True,$1.15 / SMA $0.99,False,2.18%,,N/A,False,251.9M,False,PNK,False,
MMS,"Maximus, Inc.",56.78,2026-06-25T00:03:17.107176+00:00,False,+6.3%,True,$2983.2M,False,+6.5%,True,734.7K,False,$56.78 / SMA $62.41,True,3.15%,False,+-4.1%,True,51.8M,True,NYQ,False,
MMSI,"Merit Medical Systems, Inc.",70.83,2026-06-25T23:22:03.717307+00:00,False,+18.6%,True,$4225.4M,True,+38.8%,True,764.2K,True,$70.83 / SMA $65.21,True,3.15%,False,+7.5%,True,58.2M,True,NMS,False,
MMSMY,"Mitsui Kinzoku Company, Limited",57.3,2026-06-25T23:08:15.753388+00:00,True,+768.2%,True,$16391.3M,,,False,3.1K,True,$57.30 / SMA $56.14,False,1.96%,,,False,276.6M,False,PNK,False,
MMTOF,Mitsubishi Motors Corporation,2.02,2026-06-25T00:03:19.525119+00:00,False,+15.4%,True,$2703.5M,,,False,0.4K,False,$2.02 / SMA $2.10,False,0.61%,True,+34.9%,False,645.9M,False,PNK,False,
MNBEF,MINEBEA MITSUMI Inc.,26.63,2026-06-24T23:59:38.693172+00:00,True,+89.5%,True,$10694.5M,,,False,0.2K,True,$26.63 / SMA $22.12,False,0.79%,,,False,363.1M,False,PNK,False,
MNDY,monday.com Ltd.,67.09,2026-06-25T23:10:23.959639+00:00,False,+16.7%,True,$3458.6M,False,+9.6%,True,1805.5K,False,$67.09 / SMA $74.85,True,5.76%,False,+24.5%,True,38.0M,True,NMS,False,
MNGPF,Man Group Plc,3.85,2026-06-25T23:22:03.182655+00:00,True,+83.3%,True,$4293.4M,,N/A,False,0.5K,True,$3.85 / SMA $3.74,False,0.00%,,N/A,False,1078.0M,False,PNK,False,
MNHVF,Mowi ASA,20.24,2026-06-25T23:20:02.840125+00:00,False,+10.5%,True,$10699.8M,True,+480.0%,False,0.3K,False,$20.24 / SMA $21.41,False,0.38%,False,+14.1%,False,393.1M,False,PNK,False,
MNODF,Mondi plc,9.7,2026-06-25T00:01:35.134354+00:00,False,+0.0%,True,$4708.1M,,,False,0.1K,False,$9.70 / SMA $10.24,False,0.00%,,,False,437.2M,False,PNK,False,
MNRO,"Monro, Inc.",15.71,2026-06-25T00:07:49.634706+00:00,False,+28.1%,True,$471.7M,True,+68.1%,True,1096.6K,False,$15.71 / SMA $16.14,True,6.11%,False,+-7.2%,True,27.8M,True,NMS,False,
MNSAF,Mineros S.A.,4.32,2026-06-25T23:25:45.531277+00:00,True,+145.5%,True,$1280.6M,,N/A,False,15.9K,True,$4.32 / SMA $4.04,True,4.25%,True,+94.3%,True,60.4M,False,OQX,False,
MNST,Monster Beverage Corporation,95.83,2026-06-25T23:19:34.766579+00:00,False,+65.0%,True,$93722.5M,True,+28.9%,True,5305.2K,True,$95.83 / SMA $85.02,False,2.01%,True,+26.9%,False,700.6M,True,NMS,False,
MNTN,"MNTN, Inc.",8.4,2026-06-25T23:27:25.772204+00:00,False,+9.5%,True,$621.0M,True,+107.8%,True,814.9K,False,$8.40 / SMA $9.12,True,6.77%,False,+14.2%,True,35.5M,True,NYQ,False,
MO,"Altria Group, Inc.",73.21,2026-06-25T23:19:31.996146+00:00,False,+33.8%,True,$122252.7M,True,+106.3%,True,8896.8K,True,$73.21 / SMA $69.32,False,2.13%,False,+5.3%,False,1666.5M,True,NYQ,False,
MOBI,"Mobia Medical, Inc.",13.01,2026-06-25T23:17:27.700239+00:00,False,+27.7%,True,$432.6M,,,False,264.9K,True,$13.01 / SMA_short $12.84,True,8.76%,,,True,22.2M,True,NMS,False,
MONDY,Mondi plc,18.62,2026-06-25T23:10:21.264758+00:00,False,+0.7%,True,$4103.8M,,,False,82.8K,False,$18.62 / SMA $20.66,False,2.14%,,,False,218.6M,False,PNK,False,
MONOY,"MonotaRO Co., Ltd.",10.58,2026-06-25T23:21:49.978025+00:00,False,+3.1%,True,$5202.9M,,N/A,False,172.6K,False,$10.58 / SMA $11.58,False,1.33%,,N/A,False,241.3M,False,PNK,False,
MONRF,Moncler S.p.A.,61.0,2026-06-25T23:08:16.496409+00:00,False,+10.8%,True,$16591.1M,,,False,0.4K,False,$61.00 / SMA $62.73,False,0.11%,,,False,225.9M,False,PNK,False,
MOV,"Movado Group, Inc.",38.04,2026-06-25T00:07:55.087134+00:00,True,+157.4%,True,$845.5M,True,+400.0%,False,215.7K,True,$38.04 / SMA $31.25,True,4.49%,False,+8.1%,True,16.0M,True,NYQ,False,
MP,MP Materials Corp.,56.51,2026-06-24T23:59:34.502996+00:00,True,+91.0%,True,$10060.0M,True,+71.4%,True,6189.5K,False,$56.51 / SMA $62.67,True,6.46%,True,+49.1%,True,144.2M,True,NYQ,False,
MPB,"Mid Penn Bancorp, Inc.",34.16,2026-06-25T23:29:32.009218+00:00,False,+28.9%,True,$865.8M,False,+-49.3%,False,160.9K,True,$34.16 / SMA $32.99,False,2.33%,True,+35.2%,True,21.9M,True,NGM,False,
MPFRF,"Mapfre, S.A.",4.86,2026-06-24T23:59:24.496838+00:00,False,+35.0%,True,$14890.4M,,,False,0.8K,True,$4.86 / SMA $4.80,False,0.00%,,,False,916.6M,False,PNK,False,
MPFRY,"Mapfre, S.A.",9.775,2026-06-25T23:08:19.226777+00:00,False,+25.8%,True,$16621.4M,,,False,0.5K,True,$9.78 / SMA $9.55,False,1.34%,,,False,458.3M,False,PNK,False,
MPGPY,PageGroup plc,3.8,2026-06-25T00:07:51.591620+00:00,False,+37.7%,True,$591.6M,,,False,0.7K,False,$3.80 / SMA $4.24,True,6.05%,,,True,144.1M,False,PNK,False,
MPJPY,Metaplanet Inc.,1.26,2026-06-25T23:12:02.904376+00:00,False,+0.0%,,,,,True,753.9K,False,$1.26 / SMA $1.86,True,5.68%,,,False,394.4M,False,OQX,False,
MPLX,MPLX LP,56.23,2026-06-24T23:58:54.795503+00:00,False,+17.6%,True,$57058.5M,False,+-18.2%,True,2042.1K,True,$56.23 / SMA $55.35,False,1.87%,False,+-2.8%,False,364.1M,True,NYQ,False,
MPT,"Medical Properties Trust, Inc.",4.35,2026-06-25T23:11:57.644654+00:00,False,+10.1%,True,$2601.7M,True,+125.0%,True,5528.5K,False,$4.35 / SMA $4.92,False,2.59%,False,+12.6%,False,490.7M,True,NYQ,False,
MPZAF,Mips AB (publ),25.4788,2026-06-25T23:27:07.577052+00:00,False,+1.9%,True,$675.0M,False,+-45.2%,False,0.1K,False,$25.48 / SMA $30.25,False,0.00%,False,+4.9%,True,26.3M,False,PNK,False,
MPZZF,MPC Container Ships ASA,2.55,2026-06-25T00:05:45.961504+00:00,True,+77.1%,True,$1148.5M,False,+-30.8%,False,13.7K,True,$2.55 / SMA $2.47,False,2.97%,False,+-6.4%,False,369.7M,False,PNK,False,
MQBKY,Macquarie Group Limited,173.38,2026-06-25T23:07:59.464649+00:00,False,+41.7%,True,$66081.8M,,,False,16.9K,True,$173.38 / SMA $169.29,False,1.50%,,,False,363.4M,False,PNK,False,
MQY,"BlackRock MuniYield Quality Fund, Inc.",11.48,2026-06-25T23:25:34.050953+00:00,False,+6.5%,True,$824.6M,,N/A,False,403.1K,True,$11.48 / SMA $11.31,False,0.77%,,N/A,,N/A,True,NYQ,False,
MRAAY,"Murata Manufacturing Co., Ltd.",35.75,2026-06-25T23:07:57.463294+00:00,True,+414.4%,True,$130150.8M,,,True,696.8K,True,$35.75 / SMA $23.52,True,5.04%,False,+5.4%,False,3634.1M,False,PNK,False,
MRAM,"Everspin Technologies, Inc.",21.84,2026-06-25T23:15:37.663763+00:00,True,+279.2%,True,$512.1M,True,+80.0%,True,3352.9K,False,$21.84 / SMA $24.61,True,13.29%,False,+13.2%,True,17.3M,True,NGM,False,
MRCBF,Morguard Corporation,87.14,2026-06-25T23:25:53.412948+00:00,False,+5.7%,True,$930.5M,,N/A,False,0.0K,False,$87.14 / SMA $87.45,False,0.00%,False,+-5.2%,True,3.8M,False,PNK,False,
MRCY,"Mercury Systems, Inc.",105.0,2026-06-25T00:01:24.584552+00:00,True,+111.9%,True,$6304.5M,True,+87.9%,True,618.5K,True,$105.00 / SMA $96.70,True,6.38%,False,+11.5%,True,55.5M,True,NMS,False,
MRETF,Martinrea International Inc.,7.16,2026-06-25T00:07:46.767011+00:00,False,+18.7%,True,$507.6M,True,+62.5%,False,10.4K,False,$7.16 / SMA $7.52,False,0.60%,False,+-3.7%,True,69.4M,False,PNK,False,
MRLN,"Merlin, Inc.",5.28,2026-06-25T23:27:16.192806+00:00,False,+0.0%,True,$509.6M,,N/A,True,2475.3K,False,$5.28 / SMA $8.58,True,12.55%,,N/A,True,28.6M,True,NGM,False,
MRNFF,Meren Energy Inc.,1.38,2026-06-25T00:05:38.325113+00:00,False,+16.9%,True,$933.0M,False,+-154.5%,False,116.4K,False,$1.38 / SMA $1.65,False,2.99%,True,+49.6%,False,433.4M,False,OQX,False,
MRPLY,Mr Price Group Limited,10.32,2026-06-25T00:03:27.914500+00:00,False,+18.3%,True,$2653.3M,,,False,0.4K,True,$10.32 / SMA $9.71,False,0.47%,,,False,252.1M,False,PNK,False,
MRSH,"Marsh & McLennan Companies, Inc.",162.23,2026-06-25T23:19:35.300941+00:00,False,+3.6%,True,$78161.5M,False,+-15.4%,True,2881.0K,False,$162.23 / SMA $166.08,False,2.19%,False,+7.6%,False,480.8M,True,NYQ,False,
MRUWY,MRUWY,16.5,2026-06-25T23:21:51.710861+00:00,False,+63.4%,False,$203.6M,,N/A,False,88.7K,True,$16.50 / SMA_short $16.45,,N/A,False,+18.9%,False,206.9M,False,PNK,False,
MRVGF,Mirvac Group,1.108,2026-06-25T23:21:58.034301+00:00,False,+7.6%,True,$4372.0M,,N/A,False,0.2K,False,$1.11 / SMA $1.15,False,0.00%,,N/A,False,3935.8M,False,PNK,False,
MRVL,"Marvell Technology, Inc.",281.26,2026-06-25T23:07:53.466797+00:00,True,+357.8%,True,$246046.3M,False,+-80.0%,True,42181.0K,True,$281.26 / SMA $210.57,True,10.50%,True,+27.6%,False,872.3M,True,NMS,False,
MSA,MSA Safety Incorporated,167.62,2026-06-25T23:21:48.083093+00:00,False,+10.9%,True,$6470.8M,False,+21.2%,False,304.2K,True,$167.62 / SMA $166.67,False,2.48%,False,+10.0%,True,36.2M,True,NYQ,False,
MSBI,"Midland States Bancorp, Inc.",30.51,2026-06-25T23:15:45.605463+00:00,True,+114.3%,True,$632.5M,True,+29.8%,False,150.9K,True,$30.51 / SMA $27.14,False,2.56%,False,+1.6%,True,19.5M,True,NMS,False,
MSBIP,"Midland States Bancorp, Inc.",25.1,2026-06-25T00:07:44.132224+00:00,False,+13.9%,,,,,False,2.9K,True,$25.10 / SMA $24.92,False,0.30%,False,+1.6%,True,19.5M,True,NMS,False,
MSBPF,"Mitsubishi Pencil Co., Ltd.",17.25,2026-06-25T23:15:36.662441+00:00,False,+40.9%,True,$862.7M,,,False,0.0K,True,$17.25 / SMA $16.46,False,0.00%,,,True,38.5M,False,PNK,False,
MSCI,MSCI Inc.,544.56,2026-06-25T23:08:03.173642+00:00,False,+8.7%,True,$39604.5M,True,+49.1%,True,606.2K,False,$544.56 / SMA $590.85,False,2.76%,False,+14.1%,True,68.9M,True,NYQ,False,
MSEX,Middlesex Water Company,54.02,2026-06-25T00:05:49.651283+00:00,False,+22.3%,True,$1006.1M,False,+7.5%,False,146.2K,True,$54.02 / SMA $52.02,False,2.32%,False,+10.0%,True,18.1M,True,NMS,False,
MSI,"Motorola Solutions, Inc.",397.01,2026-06-25T23:19:36.473437+00:00,False,+10.5%,True,$65901.9M,False,+-13.8%,True,1096.7K,False,$397.01 / SMA $414.10,False,2.30%,False,+7.4%,False,165.2M,True,NYQ,False,
MSIF,"MSC Income Fund, Inc.",11.22,2026-06-25T00:07:46.869385+00:00,False,+0.5%,True,$508.8M,False,+-19.4%,False,288.7K,False,$11.22 / SMA $12.27,False,2.87%,False,+-7.1%,,,True,NYQ,False,
MSILF,MS INTERNATIONAL plc,24.0,2026-06-25T00:08:03.446421+00:00,False,+44.6%,,,,,False,1.6K,True,$24.00 / SMA_short $21.43,,,,,,,False,PNK,False,
MSLOY,"Mitsui O.S.K. Lines, Ltd.",16.45,2026-06-24T23:59:30.218129+00:00,False,+20.0%,True,$11305.0M,,,False,52.2K,False,$16.45 / SMA $18.24,False,1.43%,,,False,686.1M,False,PNK,False,
MSM,"MSC Industrial Direct Co., Inc.",119.37,2026-06-25T23:21:50.858293+00:00,False,+51.5%,True,$6664.9M,False,+8.6%,True,681.5K,True,$119.37 / SMA $107.81,False,2.65%,False,+2.9%,True,45.6M,True,NYQ,False,
MSSMY,MISUMI Group Inc.,12.0,2026-06-25T23:10:14.054434+00:00,True,+93.5%,True,$6353.1M,,,False,0.3K,True,$12.00 / SMA $10.81,False,0.26%,,,False,524.9M,False,PNK,False,
MT,ArcelorMittal S.A.,61.82,2026-06-25T23:08:01.814818+00:00,True,+104.9%,True,$46769.3M,False,+-27.9%,True,1921.2K,False,$61.82 / SMA $63.60,True,3.13%,False,+4.5%,False,840.5M,True,NYQ,False,
MTA,Metalla Royalty & Streaming Ltd.,6.93,2026-06-25T23:27:23.403024+00:00,True,+89.9%,True,$647.6M,True,+110.0%,False,479.0K,False,$6.93 / SMA $7.10,True,5.46%,True,+78.0%,True,67.8M,True,ASE,False,
MTASF,MTASF,26.5,2026-06-25T23:13:45.273233+00:00,False,+2.4%,True,$1725.8M,True,+112.5%,False,0.9K,False,$26.50 / SMA $28.06,False,0.18%,False,+4.1%,True,33.4M,False,PNK,False,
MTB,M&T Bank Corporation,233.26,2026-06-24T23:59:07.107194+00:00,False,+33.5%,True,$34159.8M,False,+24.4%,True,1049.1K,True,$233.26 / SMA $216.61,False,1.84%,False,+4.4%,True,145.7M,True,NYQ,False,
MTC,"MMTec, Inc.",2.78,2026-06-25T00:06:07.224564+00:00,True,+1007.6%,False,$276.9M,,,False,105.6K,False,$2.78 / SMA $5.47,True,16.69%,,,True,99.5M,True,NCM,False,
MTD,Mettler-Toledo International Inc.,1243.42,2026-06-25T23:08:12.469394+00:00,False,+21.5%,True,$25126.5M,False,+6.7%,False,191.0K,True,$1243.42 / SMA $1184.24,False,2.88%,False,+7.2%,True,20.1M,True,NYQ,False,
MTDR,Matador Resources Company,50.09,2026-06-24T23:59:47.150700+00:00,False,+34.9%,True,$6220.1M,False,+-115.1%,True,1759.8K,False,$50.09 / SMA $56.51,True,3.28%,False,+-6.4%,True,116.0M,True,NYQ,False,
MTH,Meritage Homes Corporation,83.34,2026-06-25T23:22:00.119199+00:00,False,+43.6%,True,$5567.2M,False,+-51.5%,True,916.3K,True,$83.34 / SMA $67.65,True,3.37%,False,+-17.7%,True,65.0M,True,NYQ,False,
MTLPF,MTLPF,47.9,2026-06-25T23:10:10.728921+00:00,False,+29.1%,,,,,False,0.7K,True,$47.90 / SMA_short $41.69,False,0.85%,,,True,110.9M,False,PNK,False,
MTN,"Vail Resorts, Inc.",133.34,2026-06-25T23:21:58.444485+00:00,False,+12.5%,True,$4751.4M,False,+-15.8%,True,813.0K,True,$133.34 / SMA $129.88,True,4.26%,False,+-7.0%,True,33.0M,True,NYQ,False,
MTNOY,MTN Group Limited,13.64,2026-06-25T23:08:12.680616+00:00,True,+78.3%,True,$25001.7M,,,False,14.0K,True,$13.64 / SMA $12.97,False,2.00%,,,False,1356.3M,False,PNK,False,
MTRJF,MTR Corporation Limited,4.55,2026-06-24T23:59:09.613686+00:00,False,+37.9%,True,$28274.5M,,,False,0.1K,True,$4.55 / SMA $4.04,False,0.00%,,,False,1587.1M,False,PNK,False,
MTRN,Materion Corporation,269.62,2026-06-25T00:01:34.152172+00:00,True,+243.9%,True,$5608.5M,False,+8.2%,False,280.8K,True,$269.62 / SMA $211.41,True,4.48%,True,+30.8%,True,20.5M,True,NYQ,False,
MTRX,Matrix Service Company,13.82,2026-06-25T23:17:34.021048+00:00,False,+39.9%,True,$388.8M,True,+125.0%,False,238.6K,True,$13.82 / SMA $13.00,True,4.02%,False,+3.3%,True,26.9M,True,NMS,False,
MTSFY,"Mitsui Fudosan Co., Ltd.",26.69,2026-06-24T23:59:12.218205+00:00,False,+2.5%,True,$23943.5M,,,False,112.7K,False,$26.69 / SMA $30.25,False,1.35%,,,False,891.9M,False,PNK,False,
MTUAF,MTU Aero Engines AG,409.725,2026-06-25T23:08:15.066627+00:00,False,+30.2%,True,$22056.1M,,,False,0.6K,True,$409.73 / SMA $358.52,True,3.71%,,,True,54.0M,False,PNK,False,
MTUAY,MTU Aero Engines AG,203.41,2026-06-25T23:19:53.052451+00:00,False,+28.8%,True,$21927.5M,,N/A,False,29.8K,True,$203.41 / SMA $177.46,False,2.23%,,N/A,True,108.0M,False,PNK,False,
MTX,Minerals Technologies Inc.,78.67,2026-06-25T00:03:28.175225+00:00,False,+45.8%,True,$2439.5M,True,+125.9%,False,204.0K,True,$78.67 / SMA $75.96,False,2.49%,False,+11.2%,True,30.5M,True,NYQ,False,
MUA,"BlackRock MuniAssets Fund, Inc.",10.78,2026-06-25T00:07:47.666614+00:00,False,+7.6%,True,$542.8M,,,False,110.7K,True,$10.78 / SMA $10.58,False,0.85%,,,,,True,NYQ,False,
MUC,"BlackRock MuniHoldings California Quality Fund, Inc.",10.9,2026-06-25T23:25:41.926742+00:00,False,+9.0%,True,$1026.6M,,N/A,False,288.9K,True,$10.90 / SMA $10.70,False,0.67%,,N/A,,N/A,True,NYQ,False,
MUEL,Paul Mueller Company,443.0,2026-06-25T00:07:42.809526+00:00,False,+53.8%,True,$398.2M,,,False,0.2K,False,$443.00 / SMA $459.76,False,2.36%,,,True,0.5M,False,OID,False,
MURGF,Münchener Rückversicherungs-Gesellschaft Aktiengesellschaft in München,542.45,2026-06-25T23:19:36.177924+00:00,False,+7.2%,True,$69523.8M,True,+60.8%,False,0.5K,False,$542.45 / SMA $568.56,True,3.75%,False,+-0.9%,True,127.4M,False,PNK,False,
MUSA,Murphy USA Inc.,523.73,2026-06-25T23:20:04.811812+00:00,False,+51.7%,True,$9673.7M,True,+176.8%,False,340.2K,False,$523.73 / SMA $550.96,True,3.93%,False,+6.5%,True,16.7M,True,NYQ,False,
MVBF,MVB Financial Corp.,28.56,2026-06-25T23:17:37.750354+00:00,False,+32.8%,True,$367.0M,True,+44.4%,False,41.1K,True,$28.56 / SMA $26.44,True,3.04%,False,+7.0%,True,11.7M,True,NCM,False,
MVST,"Microvast Holdings, Inc.",1.125,2026-06-25T23:15:49.588206+00:00,False,+5.1%,True,$374.8M,False,+-180.0%,True,4537.4K,False,$1.12 / SMA $1.56,True,8.72%,False,+-48.0%,False,158.5M,True,NCM,False,
MWTCY,"Manila Water Company, Inc.",15.43,2026-06-25T00:03:39.809391+00:00,False,+9.8%,True,$1829.9M,False,+23.1%,False,0.0K,False,$15.43 / SMA $17.76,False,0.00%,False,+11.4%,True,43.1M,False,PNK,False,
MXF,"The Mexico Fund, Inc.",21.71,2026-06-25T23:17:41.231031+00:00,False,+31.0%,True,$313.1M,,,False,53.9K,False,$21.71 / SMA $21.72,False,2.33%,,,,,True,NYQ,False,
MXL,"MaxLinear, Inc.",94.47,2026-06-25T23:20:07.684267+00:00,True,+639.8%,True,$8459.4M,False,+10.3%,True,4705.3K,True,$94.47 / SMA $77.55,True,11.53%,True,+43.0%,True,83.6M,True,NMS,False,
MYE,"Myers Industries, Inc.",30.58,2026-06-25T23:27:31.771531+00:00,True,+136.0%,True,$1148.5M,False,+-127.8%,False,267.0K,True,$30.58 / SMA $23.22,True,3.50%,False,+1.8%,True,36.5M,True,NYQ,False,
MZDAF,Mazda Motor Corporation,6.9,2026-06-25T00:01:35.704774+00:00,False,+23.2%,True,$4352.4M,,,False,0.6K,True,$6.90 / SMA $6.74,False,1.66%,,,False,598.7M,False,PNK,False,
MZDAY,Mazda Motor Corporation,3.24,2026-06-25T00:01:35.966370+00:00,False,+16.1%,True,$4087.5M,,,False,54.6K,False,$3.24 / SMA $3.35,False,1.61%,,,False,1197.4M,False,PNK,False,
MZHOF,"Mizuho Financial Group, Inc.",47.2,2026-06-25T23:07:55.344363+00:00,True,+85.8%,True,$114999.9M,,,False,36.1K,True,$47.20 / SMA $44.81,False,1.99%,True,+63.2%,False,2438.2M,False,PNK,False,
MZTFF,Mizrahi Tefahot Bank Ltd.,68.32,2026-06-25T23:19:51.694542+00:00,True,+97.0%,True,$17769.4M,False,+-4.5%,False,0.1K,False,$68.32 / SMA $73.77,False,0.00%,False,+-1.8%,False,152.8M,False,PNK,False,
NABL,"N-able, Inc.",3.19,2026-06-25T23:27:15.311478+00:00,False,+9.2%,True,$600.9M,True,+100.0%,True,1692.4K,False,$3.19 / SMA $4.10,True,7.26%,False,+13.1%,True,73.1M,True,NYQ,False,
NABZY,National Australia Bank Limited,13.24,2026-06-24T23:58:51.861991+00:00,False,+12.6%,True,$81064.1M,,,False,348.8K,False,$13.24 / SMA $13.65,False,2.16%,,,False,6120.9M,False,PNK,False,
NAC,Nuveen California Quality Municipal Income Fund,11.99,2026-06-25T23:13:44.375221+00:00,False,+10.0%,True,$1874.4M,,,True,609.4K,True,$11.99 / SMA $11.83,False,0.67%,,,,,True,NYQ,False,
NAK,Northern Dynasty Minerals Ltd.,1.81,2026-06-25T23:25:46.580952+00:00,True,+147.9%,True,$1014.2M,True,+112.5%,True,8089.6K,False,$1.81 / SMA $2.07,True,8.04%,,N/A,False,550.0M,True,ASE,False,
NAMS,NewAmsterdam Pharma Company N.V.,31.73,2026-06-25T23:10:23.109570+00:00,True,+77.2%,True,$3709.4M,False,+-17.6%,True,1247.3K,False,$31.73 / SMA $32.68,True,5.30%,False,+2.1%,True,80.7M,True,NGM,False,
NAPRF,Naspers Limited,275.0,2026-06-25T23:19:41.789006+00:00,True,+479.7%,True,$207702.8M,,N/A,False,0.0K,True,$275.00 / SMA $53.69,False,0.00%,,N/A,False,783.3M,False,PNK,False,
NATKY,National Atomic Company Kazatomprom JSC,71.8,2026-06-25T23:19:53.413407+00:00,False,+42.0%,True,$18865.5M,False,+-130.3%,False,0.5K,False,$71.80 / SMA $77.73,False,1.50%,False,+-28.1%,True,96.0M,False,PNK,False,
NATL,NCR Atleos Corporation,43.31,2026-06-25T23:11:49.823055+00:00,True,+83.8%,True,$3196.2M,True,+26.1%,True,858.3K,False,$43.31 / SMA $44.48,False,1.16%,False,+6.5%,True,73.3M,True,NYQ,False,
NAUT,"Nautilus Biotechnology, Inc.",2.36,2026-06-25T00:08:26.958676+00:00,True,+280.6%,False,$299.9M,False,+7.7%,False,383.7K,False,$2.36 / SMA $2.61,True,6.77%,,,True,52.2M,True,NCM,False,
NAVI,Navient Corporation,8.46,2026-06-25T23:27:02.879529+00:00,False,+15.4%,True,$795.2M,True,+950.0%,True,1116.9K,True,$8.46 / SMA $8.28,True,4.39%,False,+-2.6%,True,62.4M,True,NMS,False,
NAVN,"Navan, Inc.",21.78,2026-06-25T00:01:30.676559+00:00,True,+168.7%,True,$5539.3M,True,+67.6%,True,4285.5K,True,$21.78 / SMA $18.85,True,7.55%,True,+39.9%,True,108.8M,True,NMS,True,
NB,NioCorp Developments Ltd.,4.6,2026-06-25T23:27:03.738632+00:00,True,+112.0%,True,$669.7M,True,+109.1%,True,4046.9K,False,$4.60 / SMA $5.64,True,7.10%,,N/A,True,142.2M,True,NGM,False,
NBB,Nuveen Taxable Municipal Income Fund,15.63,2026-06-25T00:07:53.507778+00:00,False,+4.5%,True,$459.4M,,,False,50.5K,True,$15.63 / SMA $15.61,False,1.26%,,,,,True,NYQ,False,
NBCLF,"Nitto Boseki Co., Ltd.",127.5,2026-06-25T23:21:50.709403+00:00,True,+93.2%,True,$4641.7M,,N/A,False,0.9K,False,$127.50 / SMA $155.26,True,3.77%,,N/A,True,27.7M,False,PNK,False,
NBGIF,National Bank of Greece S.A.,17.8,2026-06-24T23:59:25.315905+00:00,False,+46.5%,True,$15999.9M,True,+333.3%,False,2.8K,True,$17.80 / SMA $16.74,False,1.23%,False,+5.5%,False,821.1M,False,PNK,False,
NBH,Neuberger Berman Income Funds - Neuberger Municipal Fund Inc.,10.44,2026-06-25T23:17:42.537607+00:00,False,+7.7%,True,$309.2M,,,False,97.1K,True,$10.44 / SMA $10.29,False,0.89%,,,,,True,ASE,False,
NBHC,National Bank Holdings Corporation,44.56,2026-06-25T00:03:38.015714+00:00,False,+27.1%,True,$1995.9M,False,+-27.0%,False,352.6K,True,$44.56 / SMA $42.08,False,2.30%,False,+24.5%,True,42.8M,True,NYQ,False,
NBIS,NBIS,259.66,2026-06-24T23:58:55.670027+00:00,True,+491.6%,True,$65927.2M,True,+539.6%,True,17464.3K,True,$259.66 / SMA $204.85,True,10.61%,True,+683.9%,False,210.2M,True,NMS,False,
NBITF,NBITF,17.99,2026-06-25T00:05:31.816440+00:00,False,+9.4%,,,,,False,0.4K,False,$17.99 / SMA_short $20.26,,,,,,,False,PNK,False,
NBN,Northeast Bank,130.25,2026-06-25T23:25:52.264537+00:00,False,+61.3%,True,$1114.3M,True,+58.3%,False,129.4K,True,$130.25 / SMA $123.75,True,4.02%,True,+26.1%,True,7.4M,True,NGM,False,
NCA,Nuveen California Municipal Value Fund,9.29,2026-06-25T23:29:29.093438+00:00,False,+10.6%,True,$307.7M,,N/A,False,58.1K,False,$9.29 / SMA $9.30,False,0.85%,,N/A,,N/A,True,NYQ,False,
NCBDF,BANDAI NAMCO Holdings Inc.,22.5,2026-06-25T23:19:57.000129+00:00,False,+9.5%,True,$14430.7M,,N/A,False,0.1K,False,$22.50 / SMA $23.39,False,0.00%,,N/A,False,534.8M,False,PNK,False,
NCBDY,BANDAI NAMCO Holdings Inc.,11.23,2026-06-24T23:59:24.365880+00:00,False,+2.7%,True,$14405.1M,,,False,136.6K,False,$11.23 / SMA $11.63,False,1.06%,,,False,1069.7M,False,PNK,False,
NCDL,Nuveen Churchill Direct Lending Corp.,12.22,2026-06-25T00:06:06.837618+00:00,False,+2.1%,True,$603.5M,False,+-37.9%,False,214.0K,False,$12.22 / SMA $13.39,False,2.85%,False,+-24.1%,,,True,NYQ,False,
NCLTF,"Nitori Holdings Co., Ltd.",18.23,2026-06-25T23:08:29.723269+00:00,False,+37.6%,True,$10301.0M,,,False,0.5K,True,$18.23 / SMA $15.03,False,0.14%,,,False,441.6M,False,PNK,False,
NCLTY,"Nitori Holdings Co., Ltd.",7.29,2026-06-25T23:20:06.905160+00:00,False,+5.7%,True,$8238.5M,,N/A,False,152.4K,False,$7.29 / SMA $7.68,True,5.01%,,N/A,False,883.2M,False,PNK,False,
NCNO,"nCino, Inc.",14.7,2026-06-25T00:03:42.024124+00:00,False,+6.5%,True,$1610.4M,True,+140.0%,True,3619.5K,False,$14.70 / SMA $16.33,True,6.02%,False,+10.6%,True,93.7M,True,NMS,False,
NCSYF,NICE Ltd.,83.97,2026-06-25T00:01:29.643030+00:00,False,+0.0%,True,$4920.4M,False,+-61.7%,False,0.0K,False,$83.97 / SMA $91.73,False,0.00%,False,+9.8%,True,59.5M,False,PNK,False,
NCTKF,Nabtesco Corporation,31.94,2026-06-25T00:01:38.128560+00:00,True,+102.0%,True,$3742.9M,,,False,0.0K,True,$31.94 / SMA $29.67,False,0.02%,,,True,100.7M,False,PNK,False,
NDBKY,Nedbank Group Limited,17.1,2026-06-24T23:59:47.007438+00:00,False,+43.9%,True,$7837.5M,,,False,34.3K,True,$17.10 / SMA $16.04,False,2.25%,,,False,434.5M,False,PNK,False,
NDCVF,Nordic Semiconductor ASA,18.44,2026-06-25T00:01:34.499664+00:00,False,+50.5%,True,$3641.2M,True,+783.3%,False,3.9K,False,$18.44 / SMA $20.41,False,1.50%,False,+24.1%,False,157.7M,False,PNK,False,
NDEKY,Nitto Denko Corporation,19.43,2026-06-25T23:20:00.164886+00:00,False,+18.3%,True,$12975.7M,,N/A,False,133.5K,False,$19.43 / SMA $19.48,False,2.36%,,N/A,False,673.1M,False,PNK,False,
NDGPY,Nine Dragons Paper (Holdings) Limited,16.75,2026-06-25T23:10:25.002960+00:00,True,+101.8%,True,$3929.7M,,,False,0.0K,True,$16.75 / SMA $16.29,False,0.00%,,,True,76.4M,False,PNK,False,
NDMO,Nuveen Dynamic Municipal Opportunities Fund,10.4,2026-06-25T23:27:28.222483+00:00,False,+8.7%,True,$620.2M,,N/A,False,112.8K,True,$10.40 / SMA $10.25,False,0.83%,,N/A,,N/A,True,NYQ,False,
NDVLY,New World Development Company Limited,0.4,2026-06-25T23:23:45.990738+00:00,False,+25.0%,True,$2273.0M,,N/A,False,4.0K,False,$0.40 / SMA $0.48,True,6.30%,,N/A,False,2733.6M,False,PNK,False,
NE,Noble Corporation plc,39.17,2026-06-25T23:08:31.173322+00:00,False,+55.2%,True,$6249.4M,False,+11.9%,True,1467.5K,False,$39.17 / SMA $47.74,True,3.33%,False,+-10.2%,True,125.8M,True,NYQ,False,
NECPY,NECPY,12.69,2026-06-25T23:19:43.180478+00:00,False,+14.3%,False,$0.0M,,N/A,False,4.7K,False,$12.69 / SMA $13.37,True,3.16%,,N/A,False,2521.9M,False,PNK,False,
NEE,"NextEra Energy, Inc.",87.7,2026-06-25T23:19:30.196104+00:00,False,+30.5%,True,$182907.6M,True,+160.0%,True,10756.7K,False,$87.70 / SMA $89.61,False,1.81%,False,+7.3%,False,2080.9M,True,NYQ,False,
NEGG,"Newegg Commerce, Inc.",16.55,2026-06-25T23:27:39.989421+00:00,False,+45.2%,True,$347.1M,,N/A,False,90.2K,False,$16.55 / SMA $25.55,True,10.54%,,N/A,True,1.3M,True,NCM,False,
NEM,Newmont Corporation,95.35,2026-06-25T23:19:32.700362+00:00,True,+72.2%,True,$101791.2M,True,+79.2%,True,8218.1K,False,$95.35 / SMA $108.26,True,3.84%,True,+45.8%,False,1065.1M,True,NYQ,False,
NEO,"NeoGenomics, Inc.",13.73,2026-06-25T23:13:54.492468+00:00,True,+190.9%,True,$1787.8M,True,+35.0%,True,2350.2K,True,$13.73 / SMA $9.66,True,6.21%,False,+11.1%,True,118.2M,True,NCM,False,
NEOG,Neogen Corporation,9.18,2026-06-25T00:03:36.124982+00:00,True,+101.3%,True,$1998.2M,False,+-58.5%,True,2513.8K,True,$9.18 / SMA $9.09,True,3.65%,False,+-4.4%,False,216.3M,True,NMS,False,
NESR,National Energy Services Reunited Corp.,26.98,2026-06-25T23:23:47.525245+00:00,True,+366.8%,True,$2720.9M,True,+109.1%,True,1970.7K,True,$26.98 / SMA $24.86,True,5.47%,True,+33.5%,True,70.6M,True,NCM,True,
NET,"Cloudflare, Inc.",223.48,2026-06-24T23:58:52.330675+00:00,False,+40.7%,True,$79321.9M,True,+36.4%,True,4424.6K,True,$223.48 / SMA $220.21,True,6.06%,True,+33.5%,False,317.4M,True,NYQ,False,
NETLF,NetLink NBN Trust,0.769,2026-06-25T23:11:58.835612+00:00,False,+13.0%,True,$2996.8M,,,False,0.0K,False,$0.77 / SMA $0.77,False,0.00%,,,False,2895.6M,False,PNK,False,
NEU,NewMarket Corporation,790.85,2026-06-24T23:59:48.088800+00:00,False,+36.3%,True,$7274.3M,False,+-4.8%,False,109.9K,True,$790.85 / SMA $725.37,False,2.94%,False,+-4.5%,True,7.6M,True,NYQ,False,
NEWT,"NewtekOne, Inc.",14.12,2026-06-25T00:08:05.076747+00:00,False,+47.2%,True,$407.5M,False,+22.9%,False,197.4K,True,$14.12 / SMA $13.30,True,3.48%,False,+8.0%,True,25.0M,True,NGM,False,
NEWTG,"NewtekOne, Inc. 8.50% Fixed Rate Senior Notes due 2029",25.1686,2026-06-25T23:17:30.963053+00:00,False,+2.7%,,,,,False,3.3K,True,$25.17 / SMA $25.04,False,0.47%,,,,,True,NGM,False,
NEWTP,"NewtekOne, Inc.",24.63,2026-06-25T23:29:17.597704+00:00,False,+9.4%,,N/A,,N/A,False,4.0K,True,$24.63 / SMA $23.99,False,0.74%,False,+8.0%,True,25.0M,True,NGM,False,
NEXOY,"NEXON Co., Ltd.",13.12,2026-06-25T23:20:02.905571+00:00,False,+0.8%,True,$10372.4M,,N/A,False,42.6K,False,$13.12 / SMA $15.26,False,1.28%,,N/A,False,325.5M,False,PNK,False,
NEXT,NextDecade Corporation,7.44,2026-06-25T23:23:50.973629+00:00,False,+56.6%,True,$1971.5M,False,+-50.0%,True,3829.3K,False,$7.44 / SMA $7.96,True,5.68%,,N/A,True,128.5M,True,NCM,False,
NEXXY,Nexi S.p.A.,3.78,2026-06-25T23:21:57.960680+00:00,False,+26.0%,True,$4440.5M,,N/A,False,8.4K,False,$3.78 / SMA $4.07,False,0.53%,,N/A,False,456.8M,False,PNK,False,
NFBK,"Northfield Bancorp, Inc.",14.55,2026-06-25T23:27:30.516154+00:00,False,+46.8%,True,$607.7M,True,+57.9%,False,258.9K,True,$14.55 / SMA $14.13,False,1.39%,False,+16.0%,True,39.6M,True,NMS,False,
NFG,National Fuel Gas Company,76.51,2026-06-25T23:20:11.070708+00:00,False,+1.8%,True,$7271.2M,False,+9.3%,True,777.5K,False,$76.51 / SMA $81.08,False,1.77%,False,+17.6%,True,93.6M,True,NYQ,False,
NFJ,"Virtus Dividend, Interest & Premium Strategy Fund",14.97,2026-06-25T00:05:28.115913+00:00,False,+23.1%,True,$1408.7M,,,False,176.6K,True,$14.97 / SMA $14.28,False,1.45%,,,,,True,NYQ,False,
NFYEF,NFI Group Inc.,15.83,2026-06-25T23:23:55.299162+00:00,True,+78.7%,True,$1885.5M,True,+276.9%,False,22.8K,True,$15.83 / SMA $15.64,False,2.24%,False,+0.1%,True,91.7M,False,PNK,False,
NG,NovaGold Resources Inc.,6.2,2026-06-25T00:01:43.624188+00:00,True,+71.7%,True,$2720.4M,False,+-33.3%,True,3132.0K,False,$6.20 / SMA $8.34,True,6.85%,,,False,310.2M,True,ASE,False,
NGCRF,NagaCorp Ltd.,0.49,2026-06-25T23:23:49.979546+00:00,False,+8.9%,True,$2167.3M,,N/A,False,15.5K,False,$0.49 / SMA $0.51,False,0.00%,,N/A,False,1047.1M,False,PNK,False,
NGL,NGL Energy Partners LP,16.01,2026-06-25T23:12:06.026319+00:00,True,+305.3%,True,$1998.3M,,,False,286.8K,True,$16.01 / SMA $15.98,True,5.81%,True,+215.8%,True,111.2M,True,NYQ,False,
NGLOY,Anglo American plc,24.5,2026-06-25T23:08:00.427219+00:00,True,+80.7%,True,$52502.9M,,,False,495.1K,False,$24.50 / SMA $25.86,False,2.89%,,,False,1901.8M,False,OQX,False,
NGS,"Natural Gas Services Group, Inc.",43.37,2026-06-25T23:27:33.767440+00:00,True,+90.9%,True,$558.5M,True,+39.5%,False,102.7K,True,$43.37 / SMA $40.86,True,4.16%,False,+17.1%,True,12.3M,True,NYQ,False,
NGVC,"Natural Grocers by Vitamin Cottage, Inc.",32.69,2026-06-25T00:06:05.662076+00:00,False,+39.3%,True,$753.2M,False,+3.6%,False,126.7K,True,$32.69 / SMA $28.84,True,3.96%,False,+0.5%,True,10.6M,True,NYQ,False,
NGVT,Ingevity Corporation,74.17,2026-06-25T23:23:50.126068+00:00,True,+86.6%,True,$2579.0M,True,+196.4%,False,253.3K,True,$74.17 / SMA $71.53,False,2.97%,False,+4.1%,True,34.4M,True,NYQ,False,
NGXXF,NGEx Minerals Ltd.,17.13,2026-06-25T23:10:24.999782+00:00,False,+60.8%,True,$3714.8M,False,+-17.6%,False,37.3K,False,$17.13 / SMA $19.39,True,5.02%,,,True,135.9M,False,OQX,False,
NHC,National HealthCare Corporation,201.53,2026-06-25T23:23:42.403442+00:00,True,+115.4%,True,$3147.8M,False,+9.7%,False,127.2K,True,$201.53 / SMA $185.10,True,3.53%,False,+2.2%,True,12.6M,True,ASE,False,
NHNKY,Nihon Kohden Corporation,8.67,2026-06-25T00:03:48.585490+00:00,False,+6.7%,True,$1387.0M,,,False,29.1K,False,$8.67 / SMA $9.11,False,1.67%,,,False,154.2M,False,PNK,False,
NHPEF,New Hope Corporation Limited,3.93,2026-06-25T23:11:50.701807+00:00,True,+78.6%,True,$3364.4M,,,False,17.0K,False,$3.93 / SMA $3.94,True,3.17%,,,False,485.3M,False,PNK,False,
NHYKF,Norsk Hydro ASA,9.64,2026-06-24T23:59:13.841405+00:00,True,+75.9%,True,$18945.3M,False,+-11.8%,False,8.6K,False,$9.64 / SMA $11.58,False,2.34%,False,+-11.7%,False,1123.6M,False,OQX,False,
NI,NiSource Inc.,47.81,2026-06-25T23:19:49.655231+00:00,False,+24.3%,True,$22922.0M,False,+6.0%,True,4329.9K,True,$47.81 / SMA $47.15,False,1.84%,False,+8.2%,False,477.5M,True,NYQ,False,
NIABY,NIBE Industrier AB (publ),3.65,2026-06-25T23:20:08.176874+00:00,False,+9.6%,True,$7358.6M,True,+31.6%,False,0.8K,False,$3.65 / SMA $4.30,False,0.54%,False,+-0.2%,False,1457.4M,False,PNK,False,
NIC,"Nicolet Bankshares, Inc.",156.38,2026-06-25T00:03:19.749718+00:00,False,+37.0%,True,$3323.4M,False,+-61.1%,False,240.8K,True,$156.38 / SMA $145.21,True,3.07%,True,+50.8%,True,20.1M,True,NYQ,False,
NICE,NICE Ltd.,87.6,2026-06-25T23:10:15.694198+00:00,False,+5.4%,True,$5133.1M,False,+-61.7%,True,724.6K,False,$87.60 / SMA $95.51,True,4.23%,False,+9.8%,False,1487.4M,True,NMS,False,
NIKA,NIKA,0.444,2026-06-25T23:15:47.279899+00:00,True,+122.0%,True,$465.6M,,,False,0.3K,True,$0.44 / SMA $0.42,False,0.75%,,,False,275.8M,False,OQB,False,
NINOF,Nikon Corporation,11.4,2026-06-25T00:01:35.986189+00:00,False,+20.3%,True,$3755.4M,,,False,0.4K,False,$11.40 / SMA $13.00,False,2.40%,,,False,264.0M,False,PNK,False,
NINOY,Nikon Corporation,13.27,2026-06-25T23:22:03.586106+00:00,False,+46.0%,True,$4371.4M,,N/A,False,6.8K,True,$13.27 / SMA $12.18,True,5.02%,,N/A,False,264.0M,False,PNK,False,
NIO,NIO Inc.,4.9,2026-06-24T23:59:30.770092+00:00,False,+45.0%,True,$12277.8M,True,+93.9%,True,37583.8K,False,$4.90 / SMA $5.83,True,4.56%,True,+112.2%,False,1888.4M,True,NYQ,False,
NJR,New Jersey Resources Corporation,56.7,2026-06-25T23:21:51.693397+00:00,False,+30.5%,True,$5722.3M,False,+6.9%,True,585.2K,True,$56.70 / SMA $55.45,False,2.38%,False,+2.9%,True,100.3M,True,NYQ,False,
NKOKF,"Noritsu Koki Co., Ltd.",12.445,2026-06-25T23:13:50.123493+00:00,True,+86.7%,True,$1319.3M,,,False,0.0K,False,$12.45 / SMA $13.03,False,0.00%,,,True,18.2M,False,PNK,False,
NKRKF,Nokian Renkaat Oyj,13.344,2026-06-25T23:25:34.398158+00:00,True,+91.9%,True,$1839.8M,False,+-500.0%,False,0.1K,True,$13.34 / SMA $12.02,False,0.51%,False,+-32.6%,True,123.7M,False,PNK,False,
NKX,Nuveen California AMT-Free Quality Municipal Income Fund,12.38,2026-06-25T23:15:42.192412+00:00,False,+7.9%,True,$661.6M,,,False,163.8K,True,$12.38 / SMA $12.33,False,0.87%,,,,,True,NYQ,False,
NL,"NLI Holdings, Inc.",5.76,2026-06-25T23:17:36.303744+00:00,False,+14.3%,False,$281.7M,True,+800.0%,False,58.1K,False,$5.76 / SMA $6.14,True,5.99%,False,+0.7%,True,8.3M,True,NYQ,False,
NLLSF,Nel ASA,0.249,2026-06-25T23:27:13.438666+00:00,False,+37.6%,True,$457.7M,False,+-100.0%,False,37.5K,False,$0.25 / SMA $0.31,True,7.53%,False,+-64.4%,False,1670.6M,False,PNK,False,
NMAX,NMAX,6.67,2026-06-25T23:25:52.507573+00:00,False,+30.5%,True,$861.5M,True,+95.9%,True,1912.1K,False,$6.67 / SMA $7.38,True,8.03%,False,+14.0%,True,30.9M,True,NYQ,False,
NMCO,Nuveen Municipal Credit Opportunities Fund,10.75,2026-06-25T23:27:30.918966+00:00,False,+8.0%,True,$595.4M,,N/A,False,144.9K,True,$10.75 / SMA $10.64,False,0.80%,,N/A,,N/A,True,NYQ,False,
NMG,Nouveau Monde Graphite Inc.,1.45,2026-06-25T23:17:42.012020+00:00,False,+5.8%,True,$477.2M,True,+62.5%,True,1187.0K,False,$1.45 / SMA $1.87,True,5.97%,,,True,93.8M,True,NYQ,False,
NMIH,"NMI Holdings, Inc.",39.45,2026-06-25T00:03:21.933683+00:00,False,+13.2%,True,$2997.1M,False,+0.0%,True,511.1K,True,$39.45 / SMA $38.03,False,1.98%,False,+5.9%,True,74.5M,True,NGM,False,
NML,Neuberger Berman Income Funds - Neuberger Energy Infrastructure and Income Fund Inc.,9.89,2026-06-25T23:15:44.880034+00:00,False,+25.3%,True,$560.4M,,,False,156.5K,False,$9.89 / SMA $10.00,False,2.63%,,,,,True,ASE,False,
NMM,Navios Maritime Partners L.P.,69.73,2026-06-25T23:23:52.332043+00:00,True,+90.4%,True,$1982.0M,True,+163.8%,False,138.1K,False,$69.73 / SMA $71.95,False,2.94%,False,+17.4%,True,14.2M,True,NYQ,False,
NMRA,"Neumora Therapeutics, Inc.",1.46,2026-06-25T00:08:22.226594+00:00,True,+103.9%,False,$270.5M,True,+28.6%,True,2100.6K,False,$1.46 / SMA $1.90,True,12.53%,,,True,113.2M,True,NMS,False,
NMRK,"Newmark Group, Inc.",15.02,2026-06-25T00:03:25.260613+00:00,False,+30.5%,True,$3743.1M,True,+260.0%,True,1443.1K,False,$15.02 / SMA $15.29,True,3.58%,True,+27.2%,False,150.1M,True,NMS,False,
NMRSF,NMRSF,23.9,2026-06-25T23:13:46.773806+00:00,True,+86.0%,True,$1660.2M,,,False,0.1K,False,$23.90 / SMA $24.51,False,0.07%,,,True,49.9M,False,PNK,False,
NMZ,Nuveen Municipal High Income Opportunity Fund,10.37,2026-06-25T23:12:06.740755+00:00,False,+5.5%,True,$1218.5M,,,True,627.8K,True,$10.37 / SMA $10.17,False,0.86%,,,,,True,NYQ,False,
NNCSF,Nanosonics Limited,2.55,2026-06-25T23:27:11.115261+00:00,False,+26.9%,True,$762.2M,,N/A,False,0.2K,True,$2.55 / SMA $2.50,False,1.72%,,N/A,False,255.7M,False,PNK,False,
NNDM,Nano Dimension Ltd.,1.39,2026-06-25T23:17:35.815170+00:00,False,+16.8%,False,$290.8M,False,+-183.3%,True,3936.9K,False,$1.39 / SMA $1.64,True,8.37%,True,+106.4%,False,193.6M,True,NCM,False,
NNGPF,NN Group N.V.,87.52,2026-06-24T23:59:15.608750+00:00,False,+35.3%,True,$24058.0M,,,False,1.4K,True,$87.52 / SMA $85.46,False,0.00%,,,False,262.1M,False,PNK,False,
NOA,North American Construction Group Ltd.,13.75,2026-06-25T23:17:27.285389+00:00,False,+13.9%,True,$372.7M,False,+-9.5%,False,129.1K,False,$13.75 / SMA $14.11,False,2.79%,False,+-6.3%,True,24.2M,True,NYQ,False,
NOG,"Northern Oil and Gas, Inc.",19.74,2026-06-25T23:12:03.780838+00:00,False,+6.0%,True,$2147.4M,False,+-482.0%,True,2701.8K,False,$19.74 / SMA $23.31,True,3.37%,False,+-6.2%,True,102.3M,True,NYQ,False,
NOMD,Nomad Foods Limited,10.65,2026-06-25T00:05:25.459720+00:00,False,+18.5%,True,$1488.8M,False,+-4.8%,True,1371.2K,True,$10.65 / SMA $9.82,False,2.60%,False,+-5.9%,True,113.8M,True,NYQ,False,
NONOF,Novo Nordisk A/S,47.79,2026-06-25T23:07:52.883339+00:00,False,+40.6%,True,$211559.4M,True,+67.1%,False,135.3K,True,$47.79 / SMA $43.27,True,5.90%,False,+24.0%,False,3185.1M,False,PNK,False,
NOW,"ServiceNow, Inc.",89.52,2026-06-25T23:07:55.788153+00:00,False,+10.2%,True,$92322.7M,False,+2.3%,True,28865.3K,False,$89.52 / SMA $99.70,True,5.61%,False,+22.1%,False,1028.8M,True,NYQ,False,
NPAC,New Providence Acquisition Corp. III,10.3793,2026-06-25T00:08:03.080709+00:00,False,+3.1%,True,$398.5M,True,+2371.4%,False,64.2K,True,$10.38 / SMA $10.34,False,0.07%,,,True,28.1M,True,NGM,False,
NPACU,New Providence Acquisition Corp. III,10.42,2026-06-25T23:17:29.365567+00:00,False,+4.2%,,,,,False,4.7K,True,$10.42 / SMA $10.39,False,0.07%,,,True,28.1M,True,NGM,False,
NPCE,"NeuroPace, Inc.",16.36,2026-06-25T23:27:31.697763+00:00,True,+116.3%,True,$557.8M,False,+4.8%,False,178.5K,True,$16.36 / SMA $16.34,True,4.78%,False,+-2.0%,True,23.3M,True,NGM,False,
NPCPF,"Nippon Paint Holdings Co., Ltd.",7.052,2026-06-25T23:19:57.934780+00:00,False,+17.5%,True,$16356.8M,,N/A,False,0.9K,True,$7.05 / SMA $6.40,False,0.03%,,N/A,False,818.4M,False,PNK,False,
NPIFF,Northland Power Inc.,15.77,2026-06-25T00:01:34.640782+00:00,False,+38.0%,True,$4123.9M,True,+32.0%,False,99.6K,False,$15.77 / SMA $16.67,False,0.53%,False,+16.5%,False,261.3M,False,PNK,False,
NPK,"National Presto Industries, Inc.",125.99,2026-06-25T00:05:52.486091+00:00,False,+38.0%,True,$902.8M,False,+-13.1%,False,114.0K,False,$125.99 / SMA $135.55,True,3.73%,False,+14.5%,True,5.0M,True,NYQ,False,
NPKI,NPK International Inc.,15.52,2026-06-25T23:25:42.409786+00:00,True,+90.0%,True,$1310.6M,False,+20.0%,True,870.4K,True,$15.52 / SMA $15.11,True,4.49%,True,+30.5%,True,80.3M,True,NYQ,False,
NPKYY,"Nippon Kayaku Co., Ltd.",13.16,2026-06-25T23:13:42.962164+00:00,False,+55.6%,True,$1952.0M,,,False,0.0K,True,$13.16 / SMA $12.39,False,0.00%,,,True,133.6M,False,PNK,False,
NPNYY,Nippon Yusen Kabushiki Kaisha,6.6,2026-06-25T23:19:58.357940+00:00,False,+9.1%,True,$13317.4M,,N/A,False,95.1K,False,$6.60 / SMA $6.98,False,1.00%,,N/A,False,2027.5M,False,PNK,False,
NPO,Enpro Inc.,380.22,2026-06-25T23:21:48.269316+00:00,True,+101.1%,True,$8032.8M,False,+12.2%,False,246.9K,True,$380.22 / SMA $314.20,True,3.68%,False,+10.9%,True,20.9M,True,NYQ,False,
NPPNY,"Nippon Shinyaku Co., Ltd.",6.1592,2026-06-25T00:03:40.705046+00:00,False,+22.5%,True,$1660.5M,,,False,0.1K,False,$6.16 / SMA $7.22,False,0.16%,,,False,251.1M,False,PNK,False,
NPPXF,"NTT, Inc.",0.9,2026-06-25T23:07:57.539319+00:00,False,+5.9%,True,$73281.3M,,,False,190.5K,False,$0.90 / SMA $0.94,False,0.73%,,,False,49591.1M,False,PNK,False,
NPSKY,NSK Ltd.,12.85,2026-06-25T00:01:40.980001+00:00,False,+43.1%,True,$3143.9M,,,False,0.4K,False,$12.85 / SMA $15.24,False,0.50%,,,False,234.2M,False,PNK,False,
NPTLF,Northam Platinum Holdings Limited,24.0,2026-06-25T23:20:06.270430+00:00,True,+140.0%,True,$9449.4M,,N/A,False,0.1K,True,$24.00 / SMA $22.50,False,0.00%,,N/A,False,372.6M,False,PNK,False,
NPWR,NET Power Inc.,1.77,2026-06-25T23:17:26.819625+00:00,False,+21.6%,False,$156.4M,True,+92.3%,True,789.6K,False,$1.77 / SMA $1.87,True,8.34%,,,True,42.3M,True,NYQ,False,
NRC,NRC Health,20.7,2026-06-25T00:07:58.159826+00:00,True,+87.9%,True,$466.5M,False,+-44.0%,False,115.8K,True,$20.70 / SMA $18.60,True,6.06%,False,+3.7%,True,12.2M,True,NMS,False,
NRG,"NRG Energy, Inc.",147.11,2026-06-25T23:19:45.856131+00:00,False,+22.5%,True,$31038.2M,False,+-85.6%,True,2675.6K,True,$147.11 / SMA $140.88,True,3.87%,False,+19.5%,False,210.1M,True,NYQ,False,
NRGIY,Neoenergia S.A.,24.0,2026-06-25T23:20:09.886736+00:00,False,+52.4%,True,$7292.5M,,N/A,False,0.0K,True,$24.00 / SMA_short $1.00,False,0.00%,False,+-7.5%,True,23.3M,False,PNK,False,
NRILY,"Nomura Research Institute, Ltd.",26.75,2026-06-24T23:59:20.878958+00:00,False,+17.7%,True,$14995.4M,,,False,58.0K,False,$26.75 / SMA $28.93,False,2.22%,,,False,384.9M,False,PNK,False,
NRIM,"Northrim BanCorp, Inc.",26.68,2026-06-25T00:07:46.010623+00:00,False,+36.1%,True,$593.5M,False,+2.5%,False,130.9K,True,$26.68 / SMA $24.54,True,3.18%,False,+11.7%,True,21.5M,True,NMS,False,
NRIX,"Nurix Therapeutics, Inc.",19.3,2026-06-25T00:03:40.250560+00:00,True,+135.5%,True,$1995.7M,False,+-17.9%,True,1783.4K,True,$19.30 / SMA $16.71,True,7.21%,False,+-66.1%,True,82.4M,True,NGM,False,
NRKBF,NKT A/S,158.3,2026-06-25T23:08:28.961814+00:00,True,+95.4%,True,$8461.2M,False,+10.0%,False,0.0K,True,$158.30 / SMA $134.70,False,0.00%,False,+3.2%,True,50.9M,False,PNK,False,
NRSCF,"Nomura Holdings, Inc.",8.8,2026-06-24T23:59:14.204870+00:00,False,+51.7%,True,$25722.1M,False,+4.1%,False,2.3K,True,$8.80 / SMA $8.19,False,0.00%,False,+11.9%,False,2734.2M,False,PNK,False,
NRSDY,Nordic Semiconductor ASA,19.0,2026-06-25T23:21:58.702169+00:00,False,+50.8%,True,$3751.8M,True,+783.3%,False,1.0K,False,$19.00 / SMA $20.22,False,0.15%,False,+24.1%,False,157.7M,False,PNK,False,
NRXXY,Nordex SE,29.2,2026-06-24T23:59:37.052632+00:00,True,+189.1%,True,$13833.3M,,,False,0.3K,True,$29.20 / SMA $26.71,False,0.38%,False,+-27.6%,False,236.8M,False,PNK,False,
NSA,National Storage Affiliates Trust,44.84,2026-06-25T23:10:13.839700+00:00,False,+63.5%,True,$6583.4M,True,+60.0%,True,905.8K,True,$44.84 / SMA $42.74,False,2.16%,False,+-1.6%,True,71.2M,True,NYQ,False,
NSHBY,Nisshinbo Holdings Inc.,31.35,2026-06-25T00:03:28.470206+00:00,True,+194.4%,True,$2448.4M,,,False,0.1K,True,$31.35 / SMA $28.74,False,0.00%,,,True,79.2M,False,PNK,False,
NSIT,"Insight Enterprises, Inc.",113.9,2026-06-25T23:23:43.502618+00:00,True,+79.0%,True,$3440.2M,True,+340.9%,True,517.0K,True,$113.90 / SMA $93.29,True,5.21%,False,+1.2%,True,29.7M,True,NMS,False,
NSP,"Insperity, Inc.",38.41,2026-06-25T23:13:54.116400+00:00,True,+106.8%,True,$1466.1M,False,+-34.8%,True,831.9K,True,$38.41 / SMA $32.84,True,6.63%,False,+1.7%,True,35.7M,True,NYQ,False,
NSRGY,Nestlé S.A.,103.12,2026-06-25T23:07:52.204453+00:00,False,+18.6%,True,$265247.3M,,,False,398.2K,True,$103.12 / SMA $99.36,False,1.24%,,,False,2570.1M,False,OID,False,
NSSC,"Napco Security Technologies, Inc.",37.42,2026-06-25T00:05:29.646411+00:00,False,+30.7%,True,$1336.9M,False,+-103.6%,False,422.5K,False,$37.42 / SMA $39.46,True,3.50%,False,+11.8%,True,34.4M,True,NMS,False,
NTAP,"NetApp, Inc.",154.59,2026-06-25T23:19:46.717359+00:00,False,+65.0%,True,$30287.3M,False,+23.0%,True,2971.4K,True,$154.59 / SMA $135.00,True,4.89%,False,+12.5%,False,194.5M,True,NMS,False,
NTCT,"NetScout Systems, Inc.",40.57,2026-06-25T23:11:59.826396+00:00,True,+99.0%,True,$2900.6M,,,True,607.0K,True,$40.57 / SMA $38.24,True,3.20%,False,+-1.0%,True,67.5M,True,NMS,False,
NTIOF,National Bank of Canada,158.22,2026-06-24T23:58:54.377271+00:00,False,+59.8%,True,$60937.3M,True,+41.0%,False,43.1K,True,$158.22 / SMA $149.37,False,1.24%,False,+6.8%,False,384.7M,False,PNK,False,
NTLA,"Intellia Therapeutics, Inc.",16.03,2026-06-25T23:25:32.196050+00:00,True,+101.6%,True,$2239.7M,True,+26.4%,True,6441.4K,True,$16.03 / SMA $13.88,True,8.85%,False,+-9.5%,True,134.2M,True,NGM,False,
NTOIY,Neste Oyj,15.34,2026-06-24T23:59:12.213177+00:00,True,+135.6%,True,$23570.9M,True,+1480.0%,False,56.9K,False,$15.34 / SMA $16.10,True,3.16%,False,+2.9%,False,836.9M,False,PNK,False,
NTR,Nutrien Ltd.,60.96,2026-06-25T23:19:43.872561+00:00,False,+15.0%,True,$29262.2M,True,+1250.0%,True,3068.4K,False,$60.96 / SMA $69.57,False,2.25%,False,+18.5%,False,479.3M,True,NYQ,False,
NTRA,"Natera, Inc.",259.97,2026-06-24T23:59:09.051847+00:00,True,+97.2%,True,$37231.7M,False,+-20.0%,True,1444.7K,True,$259.97 / SMA $210.39,True,5.47%,True,+38.8%,True,138.9M,True,NMS,False,
NTRS,Northern Trust Corporation,175.97,2026-06-25T23:08:07.101029+00:00,False,+47.9%,True,$32562.8M,True,+42.6%,True,1100.7K,True,$175.97 / SMA $166.48,False,2.31%,False,+13.7%,False,181.9M,True,NMS,False,
NTRSO,Northern Trust Corporation,18.35,2026-06-25T23:19:44.808902+00:00,False,+0.6%,,N/A,,N/A,False,42.2K,False,$18.35 / SMA $18.65,False,0.75%,False,+13.7%,False,181.9M,True,NMS,False,
NUFMF,Nufarm Limited,1.92,2026-06-25T23:15:39.907726+00:00,True,+93.9%,True,$748.5M,,,False,1.3K,True,$1.92 / SMA $1.87,False,0.45%,,,False,378.9M,False,PNK,False,
NURAF,"Nomura Research Institute, Ltd.",25.65,2026-06-25T23:08:16.928080+00:00,False,+9.8%,True,$14378.8M,,,False,0.2K,False,$25.65 / SMA $28.36,False,0.00%,,,False,384.9M,False,PNK,False,
NURPF,Neuren Pharmaceuticals Limited,8.69,2026-06-25T00:05:43.408260+00:00,False,+12.9%,True,$1101.7M,,,False,0.1K,False,$8.69 / SMA $8.83,False,0.00%,,,True,109.7M,False,PNK,False,
NUTX,Nutex Health Inc.,149.105,2026-06-25T23:15:36.764607+00:00,True,+93.1%,True,$1026.0M,True,+95.8%,False,157.0K,True,$149.10 / SMA $128.44,True,5.86%,False,+2.2%,True,4.2M,True,NCM,False,
NUV,"Nuveen Municipal Value Fund, Inc.",9.16,2026-06-25T00:03:38.711955+00:00,False,+8.4%,True,$1901.1M,,,True,534.6K,True,$9.16 / SMA $9.08,False,0.64%,,,,,True,NYQ,False,
NUVB,Nuvation Bio Inc.,5.81,2026-06-25T23:13:47.037566+00:00,True,+221.0%,True,$2023.1M,True,+106.2%,True,4223.0K,True,$5.81 / SMA $4.90,True,7.72%,True,+2598.7%,False,254.7M,True,NYQ,False,
NUVL,"Nuvalent, Inc.",123.53,2026-06-25T23:08:31.658052+00:00,True,+73.7%,True,$9774.7M,False,+-17.8%,True,2063.8K,True,$123.53 / SMA $107.20,False,2.77%,,,True,49.0M,True,NMS,False,
NVAAF,NVAAF,,2026-06-25T23:29:28.582558+00:00,False,N/A,False,N/A,False,N/A,False,N/A,False,N/A,False,N/A,False,N/A,False,N/A,False,Unknown,False,No price data available
NVCR,NovoCure Limited,14.72,2026-06-25T00:03:33.405977+00:00,False,+49.9%,True,$1704.9M,False,+-100.0%,True,1598.5K,False,$14.72 / SMA $15.83,True,6.41%,False,+12.3%,True,95.2M,True,NMS,False,
NVDA,NVIDIA Corporation,195.74,2026-06-25T23:07:51.059349+00:00,False,+29.2%,True,$4741018.4M,True,+214.5%,True,161737.4K,False,$195.74 / SMA $210.04,True,3.30%,True,+85.2%,False,23225.7M,True,NMS,False,
NVEC,NVE Corporation,94.32,2026-06-25T23:27:38.911257+00:00,False,+64.9%,True,$456.2M,,N/A,False,145.7K,True,$94.32 / SMA $93.25,True,7.53%,False,+5.3%,True,4.8M,True,NCM,False,
NVG,Nuveen AMT-Free Municipal Credit Income Fund,12.66,2026-06-25T23:23:47.084749+00:00,False,+10.1%,True,$2703.9M,,N/A,True,560.5K,True,$12.66 / SMA $12.48,False,0.78%,,N/A,,N/A,True,NYQ,False,
NVGS,Navigator Holdings Ltd.,21.54,2026-06-25T00:03:46.482633+00:00,False,+55.0%,True,$1329.5M,True,+38.5%,False,396.1K,False,$21.54 / SMA $22.12,False,2.95%,False,+-7.1%,True,33.8M,True,NYQ,False,
NVO,Novo Nordisk A/S,47.64,2026-06-25T23:07:52.964756+00:00,False,+35.6%,True,$210895.4M,True,+67.1%,True,15456.5K,True,$47.64 / SMA $43.65,True,3.10%,False,+24.0%,False,3185.1M,True,NYQ,False,
NVR,"NVR, Inc.",6814.44,2026-06-25T23:19:55.150536+00:00,False,+23.9%,True,$18394.2M,False,+-28.5%,False,26.7K,True,$6814.44 / SMA $6258.79,False,2.79%,False,+-21.7%,True,2.7M,True,NYQ,False,
NVS,Novartis AG,155.12,2026-06-25T23:19:29.189124+00:00,False,+38.1%,True,$295983.2M,False,+-9.3%,True,1637.0K,True,$155.12 / SMA $148.81,False,1.51%,False,+-0.7%,False,1812.2M,True,NYQ,False,
NVZMF,Novozymes A/S,62.7,2026-06-24T23:59:10.361521+00:00,False,+20.3%,True,$29232.5M,False,+-18.9%,False,1.5K,True,$62.70 / SMA $59.04,False,1.31%,False,+14.1%,False,344.4M,False,PNK,False,
NVZMY,Novozymes A/S,62.9,2026-06-25T23:19:46.800438+00:00,False,+26.1%,True,$29325.8M,False,+-18.9%,False,69.5K,True,$62.90 / SMA $59.40,False,2.96%,False,+14.1%,False,344.4M,False,PNK,False,
NWARF,Norwegian Air Shuttle ASA,1.685,2026-06-25T00:03:44.822887+00:00,False,+31.1%,True,$1772.1M,False,+-25.9%,False,3.4K,True,$1.69 / SMA $1.59,True,4.27%,False,+-16.1%,False,781.4M,False,PNK,False,
NWE,"NorthWestern Energy Group, Inc.",71.44,2026-06-25T23:10:20.891693+00:00,False,+41.4%,True,$4394.1M,False,+-17.6%,True,516.5K,True,$71.44 / SMA $70.46,False,2.61%,False,+6.6%,True,61.1M,True,NMS,False,
NWG,NatWest Group plc,17.35,2026-06-25T23:19:36.952452+00:00,False,+34.4%,True,$69047.9M,False,+15.6%,True,4239.0K,True,$17.35 / SMA $15.99,False,1.90%,False,+9.5%,False,3966.2M,True,NYQ,False,
NWL,Newell Brands Inc.,5.89,2026-06-25T23:13:48.614726+00:00,True,+91.9%,True,$2502.8M,False,+11.1%,True,7859.7K,True,$5.89 / SMA $4.16,True,7.41%,False,+-1.1%,False,391.2M,True,NMS,False,
NWPX,"NWPX Infrastructure, Inc.",146.63,2026-06-25T23:25:49.299540+00:00,True,+266.5%,True,$1413.1M,True,+176.9%,False,154.3K,True,$146.63 / SMA $111.93,True,4.57%,False,+19.1%,True,9.3M,True,NMS,False,
NXDR,NXDR,2.17,2026-06-25T00:06:00.003178+00:00,False,+63.2%,True,$827.6M,True,+50.0%,True,2803.7K,True,$2.17 / SMA $1.91,True,5.35%,False,+13.8%,False,245.5M,True,NYQ,False,
NXPI,NXP Semiconductors N.V.,294.06,2026-06-24T23:58:51.946579+00:00,False,+60.7%,True,$74241.6M,True,+130.7%,True,3861.6K,True,$294.06 / SMA $286.93,True,4.56%,False,+12.2%,False,252.0M,True,NMS,False,
NXPRF,Nexans S.A.,178.25,2026-06-25T23:08:32.093703+00:00,False,+49.7%,True,$7796.6M,,,False,0.1K,True,$178.25 / SMA $170.83,False,0.01%,,,True,35.6M,False,PNK,False,
NXRT,"NexPoint Residential Trust, Inc.",27.73,2026-06-25T00:06:00.645125+00:00,False,+16.6%,True,$1429.4M,False,+0.0%,False,215.7K,False,$27.73 / SMA $27.85,False,2.44%,False,+0.5%,True,21.7M,True,NYQ,False,
NXSNF,"NextVision Stabilized Systems, Ltd.",85.505,2026-06-25T23:08:28.544859+00:00,True,+180.3%,True,$7891.3M,True,+63.6%,False,0.3K,False,$85.50 / SMA $101.87,False,0.39%,True,+86.3%,True,71.5M,False,PNK,False,
NXT,Nextpower Inc.,113.18,2026-06-25T23:19:52.207562+00:00,True,+119.0%,True,$17224.1M,False,+-7.6%,True,2216.7K,False,$113.18 / SMA $125.78,True,7.60%,False,+-4.7%,True,147.9M,True,NMS,False,
O,Realty Income Corporation,62.04,2026-06-25T23:08:00.005483+00:00,False,+11.1%,True,$57851.8M,False,+17.9%,True,5882.7K,True,$62.04 / SMA $62.01,False,1.66%,False,+10.2%,False,930.3M,True,NYQ,False,
OBA,Oxley Bridge Acquisition Limited,10.24,2026-06-25T23:29:25.811687+00:00,False,+3.1%,True,$323.8M,True,+14962.0%,False,8.6K,True,$10.24 / SMA $10.20,False,0.01%,,N/A,True,25.3M,True,NGM,False,
OBDC,Blue Owl Capital Corporation,10.68,2026-06-25T23:21:53.487190+00:00,False,+1.5%,True,$5300.5M,False,+-110.2%,True,4210.1K,False,$10.68 / SMA $11.25,False,2.04%,False,+-100.8%,,N/A,True,NYQ,False,
OBE,Obsidian Energy Ltd.,8.02,2026-06-25T00:05:58.428202+00:00,False,+52.2%,True,$535.5M,False,+-240.0%,True,1022.1K,False,$8.02 / SMA $11.79,True,5.14%,False,+-29.8%,True,59.3M,True,ASE,False,
OBT,"Orange County Bancorp, Inc.",36.89,2026-06-25T23:27:38.031048+00:00,False,+60.5%,True,$494.6M,False,+10.4%,False,65.1K,True,$36.89 / SMA $34.70,True,3.46%,False,+14.6%,True,10.7M,True,NCM,False,
OCDDY,Ocado Group plc,4.65,2026-06-25T23:12:05.431669+00:00,False,+4.0%,True,$1936.2M,,,False,6.0K,False,$4.65 / SMA $5.32,False,1.60%,,,False,228.8M,False,PNK,False,
OCDGF,Ocado Group plc,2.6,2026-06-25T23:23:51.125731+00:00,False,+15.6%,True,$2165.3M,,N/A,False,0.3K,False,$2.60 / SMA $2.68,False,0.07%,,N/A,False,457.6M,False,PNK,False,
OCFC,OceanFirst Financial Corp.,18.87,2026-06-25T23:13:57.639011+00:00,False,+17.3%,True,$1086.9M,False,+2.9%,True,812.7K,True,$18.87 / SMA $18.56,False,2.31%,False,+5.5%,True,50.3M,True,NMS,False,
OCPNF,Olympus Corporation,10.01,2026-06-25T23:08:22.616310+00:00,False,+25.1%,True,$10632.2M,False,+-56.9%,False,1.0K,False,$10.01 / SMA $10.29,False,0.08%,,,False,1100.7M,False,PNK,False,
OCS,Oculis Holding AG,11.74,2026-06-25T23:25:33.763565+00:00,False,+11.6%,True,$709.0M,True,+29.0%,True,677.5K,False,$11.74 / SMA $22.51,True,9.70%,,N/A,True,52.1M,True,NGM,False,
OCSL,Oaktree Specialty Lending Corporation,11.41,2026-06-25T23:13:58.634309+00:00,False,+7.3%,True,$1005.1M,True,+50.0%,True,872.2K,False,$11.41 / SMA $11.84,False,2.31%,True,+61.9%,,,True,NMS,False,
ODC,Oil-Dri Corporation of America,98.96,2026-06-25T00:05:47.459456+00:00,True,+117.0%,True,$1433.8M,False,+12.4%,False,75.3K,True,$98.96 / SMA $79.80,True,4.09%,False,+8.1%,True,9.7M,True,NYQ,False,
ODFL,"Old Dominion Freight Line, Inc.",220.12,2026-06-25T23:08:02.775231+00:00,True,+74.7%,True,$45778.0M,False,+-4.2%,True,2030.7K,True,$220.12 / SMA $217.62,True,3.77%,False,+-2.9%,False,186.3M,True,NMS,False,
ODTX,"Odyssey Therapeutics, Inc.",18.47,2026-06-25T00:05:57.695229+00:00,False,+20.3%,True,$887.1M,,,False,466.5K,True,$18.47 / SMA_short $17.43,True,7.87%,,,True,25.6M,True,NCM,False,
OFIX,Orthofix Medical Inc.,9.31,2026-06-25T23:27:39.417686+00:00,False,+5.2%,True,$376.3M,True,+61.5%,False,366.5K,False,$9.31 / SMA $10.92,True,4.75%,False,+1.6%,True,40.1M,True,NMS,False,
OGC,OceanaGold Corporation,24.85,2026-06-25T23:10:10.300284+00:00,True,+88.8%,True,$5560.6M,True,+140.5%,False,305.3K,False,$24.85 / SMA $29.70,True,5.22%,True,+98.5%,False,222.9M,True,NYQ,False,
OGCP,"Empire State Realty OP, L.P.",5.715,2026-06-25T23:13:48.928846+00:00,False,+21.3%,True,$1599.8M,False,+-80.0%,False,1.8K,True,$5.71 / SMA $5.44,False,0.30%,False,+5.7%,True,22.9M,True,PCX,False,
OGFGF,Origin Energy Limited,8.06,2026-06-25T23:19:58.508510+00:00,False,+16.5%,True,$14325.4M,,N/A,False,0.0K,False,$8.06 / SMA $8.24,False,0.00%,,N/A,False,1702.8M,False,PNK,False,
OGN,Organon & Co.,13.48,2026-06-25T00:01:42.330598+00:00,True,+136.9%,True,$3540.0M,True,+66.7%,True,8547.3K,True,$13.48 / SMA $12.64,False,0.36%,False,+-3.5%,False,261.1M,True,NYQ,False,
OGS,"ONE Gas, Inc.",78.63,2026-06-25T23:10:16.626125+00:00,False,+10.8%,True,$4935.0M,False,+3.0%,True,588.9K,False,$78.63 / SMA $82.09,False,2.26%,False,+-11.1%,True,62.1M,True,NYQ,False,
OI,"O-I Glass, Inc.",9.57,2026-06-25T00:05:29.031631+00:00,False,+23.5%,True,$1467.1M,False,+-380.0%,True,2627.1K,True,$9.57 / SMA $9.21,True,4.45%,False,+-1.7%,True,150.0M,True,NYQ,False,
OILRF,Oil Refineries Ltd.,0.451,2026-06-25T00:03:32.396755+00:00,True,+125.5%,True,$1407.6M,True,+70.0%,False,4.8K,False,$0.45 / SMA $0.51,True,25.16%,False,+24.4%,False,1823.5M,False,PNK,False,
OIM,OneIM Acquisition Corp.,10.05,2026-06-25T00:08:16.395514+00:00,False,+5.8%,True,$363.2M,,,False,37.9K,True,$10.05 / SMA $10.02,False,0.09%,,,True,26.5M,True,NGM,False,
OIS,"Oil States International, Inc.",7.95,2026-06-25T23:27:34.042014+00:00,False,+67.4%,True,$478.5M,False,+-60.0%,True,840.4K,False,$7.95 / SMA $9.22,True,3.56%,False,+-9.1%,True,55.4M,True,NYQ,False,
OKE,"ONEOK, Inc.",89.52,2026-06-25T23:19:37.564470+00:00,False,+39.8%,True,$56400.5M,False,+18.3%,True,4194.5K,True,$89.52 / SMA $87.98,False,2.70%,False,+19.6%,False,628.3M,True,NYQ,False,
OKLO,Oklo Inc.,51.01,2026-06-25T23:08:24.107502+00:00,False,+13.7%,True,$8875.3M,False,+-171.4%,True,13458.9K,False,$51.01 / SMA $65.24,True,8.32%,,,False,161.8M,True,NYQ,False,
OKTA,"Okta, Inc.",119.26,2026-06-25T23:08:17.497281+00:00,True,+90.3%,True,$20728.3M,False,+20.0%,True,4078.0K,True,$119.26 / SMA $95.66,True,6.15%,False,+11.2%,False,165.6M,True,NMS,False,
OLCLY,"Oriental Land Co., Ltd.",14.64,2026-06-25T23:19:50.407557+00:00,False,+13.1%,True,$24005.5M,,N/A,False,132.5K,True,$14.64 / SMA $14.38,True,4.24%,,N/A,False,1148.9M,False,PNK,False,
OLED,OLED,87.54,2026-06-25T23:10:20.920161+00:00,False,+4.7%,True,$4092.6M,False,+-43.7%,True,859.8K,False,$87.54 / SMA $91.97,True,4.26%,False,+-14.5%,True,42.9M,True,NMS,False,
OLMA,"Olema Pharmaceuticals, Inc.",11.43,2026-06-25T23:25:45.590099+00:00,True,+177.4%,True,$998.4M,False,+-44.4%,True,1230.9K,False,$11.43 / SMA $13.06,True,7.66%,,N/A,True,59.7M,True,NMS,False,
OLN,Olin Corporation,21.39,2026-06-25T23:11:59.418302+00:00,False,+18.3%,True,$2438.0M,False,+-7400.0%,True,2526.6K,False,$21.39 / SMA $25.86,True,4.93%,False,+-3.7%,True,113.2M,True,NYQ,False,
OLPX,"Olaplex Holdings, Inc.",2.05,2026-06-25T23:25:40.829089+00:00,True,+106.7%,True,$1377.8M,,N/A,True,6160.2K,True,$2.05 / SMA $2.04,False,0.67%,False,+2.5%,False,168.8M,True,NMS,False,
OMCL,"Omnicell, Inc.",39.53,2026-06-25T23:12:08.197703+00:00,False,+47.2%,True,$1797.8M,True,+266.7%,True,585.1K,False,$39.53 / SMA $41.27,True,4.35%,False,+14.9%,True,41.9M,True,NMS,False,
OMF,"OneMain Holdings, Inc.",59.89,2026-06-25T23:21:49.683324+00:00,False,+30.8%,True,$6919.1M,False,+8.4%,True,1114.9K,True,$59.89 / SMA $55.79,False,2.47%,False,+6.4%,True,115.0M,True,NYQ,False,
OMRNY,OMRON Corporation,35.17,2026-06-25T23:10:09.354295+00:00,False,+51.4%,True,$6915.5M,,,False,69.9K,False,$35.17 / SMA $35.38,False,2.50%,,,False,192.6M,False,PNK,False,
OMVJF,OMV Aktiengesellschaft,64.25,2026-06-25T23:08:10.798923+00:00,False,+28.0%,True,$20945.6M,True,+394.6%,False,0.1K,False,$64.25 / SMA $66.30,False,0.46%,False,+-10.8%,True,140.9M,False,OQX,False,
OMVKY,OMV Aktiengesellschaft,15.63,2026-06-25T23:08:11.196225+00:00,False,+24.8%,True,$20381.6M,True,+394.6%,False,29.3K,False,$15.63 / SMA $16.58,False,1.87%,False,+-10.8%,True,140.9M,False,OQX,False,
OMZNF,Osisko Metals Incorporated,1.17,2026-06-25T00:05:55.503586+00:00,True,+321.5%,True,$877.6M,False,+-400.0%,False,216.9K,False,$1.17 / SMA $1.20,True,4.30%,,,False,597.6M,False,OQX,False,
ONBPO,Old National Bancorp,24.9,2026-06-24T23:59:40.206574+00:00,False,+1.5%,,,,,False,6.9K,True,$24.90 / SMA $24.80,False,0.44%,True,+44.3%,False,383.2M,True,NMS,False,
ONC,BeOne Medicines AG,277.12,2026-06-24T23:59:04.222852+00:00,False,+15.8%,True,$28751.5M,,,False,244.6K,False,$277.12 / SMA $293.45,False,2.71%,True,+35.5%,True,78.0M,True,NMS,False,
ONDS,Ondas Inc.,7.675,2026-06-25T23:10:20.358037+00:00,True,+401.6%,True,$4041.2M,True,+473.3%,True,66635.3K,False,$7.67 / SMA $10.07,True,9.80%,True,+1079.9%,False,491.4M,True,NCM,False,
ONON,On Holding AG,36.92,2026-06-24T23:59:28.613750+00:00,False,+17.5%,True,$12306.5M,True,+82.4%,True,6761.7K,False,$36.92 / SMA $37.04,True,3.88%,False,+14.5%,False,245.4M,True,NYQ,False,
ONT,"Onterris, Inc.",18.19,2026-06-25T23:27:28.643992+00:00,False,+28.7%,True,$657.4M,True,+45.3%,True,558.8K,True,$18.19 / SMA $17.92,True,5.67%,False,+-5.2%,True,33.4M,True,NYQ,False,
ONTO,Onto Innovation Inc.,322.24,2026-06-24T23:59:29.395447+00:00,True,+260.4%,True,$16029.4M,False,+-48.5%,True,1086.6K,True,$322.24 / SMA $285.66,True,6.33%,False,+9.5%,True,49.4M,True,NYQ,False,
OPAL,OPAL Fuels Inc.,2.09,2026-06-25T23:17:32.245812+00:00,False,+26.7%,True,$365.2M,False,+-800.0%,False,217.9K,False,$2.09 / SMA $2.15,True,6.32%,False,+-14.1%,True,16.9M,True,NCM,False,
OPCH,"Option Care Health, Inc.",21.48,2026-06-25T23:23:40.547968+00:00,False,+19.3%,True,$3373.0M,False,+3.6%,True,3151.8K,False,$21.48 / SMA $22.47,True,3.30%,False,+1.3%,True,145.9M,True,NMS,False,
OPFI,OppFi Inc.,8.8,2026-06-25T00:05:37.315208+00:00,False,+19.6%,True,$1267.5M,True,+216.7%,True,635.5K,True,$8.80 / SMA $8.70,True,4.10%,False,+8.3%,True,33.7M,True,NYQ,False,
OPHLY,"Ono Pharmaceutical Co., Ltd.",4.78,2026-06-25T23:20:12.051943+00:00,False,+40.2%,True,$6739.1M,,N/A,False,34.6K,False,$4.78 / SMA $4.89,False,1.69%,,N/A,False,1361.8M,False,PNK,False,
OPMXF,"Operadora de Sites Mexicanos, S.A.B. de C.V.",0.95216,2026-06-25T23:11:59.918982+00:00,False,+35.3%,True,$2778.2M,True,+41.7%,False,4.4K,True,$0.95 / SMA $0.64,False,1.66%,False,+5.4%,False,2932.3M,False,PNK,False,
OPTU,OPTU,1.6,2026-06-25T23:17:41.547563+00:00,True,+174.4%,True,$626.4M,False,+-3712.5%,True,8167.0K,True,$1.60 / SMA $1.20,True,13.87%,False,+-4.0%,False,261.5M,True,NYQ,False,
OPY,Oppenheimer Holdings Inc.,104.84,2026-06-25T23:13:59.567627+00:00,False,+64.3%,True,$1122.6M,False,+-171.0%,False,87.7K,True,$104.84 / SMA $101.92,True,4.10%,False,+21.0%,True,6.1M,True,NYQ,False,
ORA,"Ormat Technologies, Inc.",120.03,2026-06-25T23:20:09.813876+00:00,False,+45.8%,True,$7376.3M,False,+7.6%,True,893.5K,False,$120.03 / SMA $126.53,True,3.20%,True,+75.8%,True,58.3M,True,NYQ,False,
ORANY,Orange S.A.,19.32,2026-06-25T23:08:00.347102+00:00,False,+29.8%,True,$51344.7M,,,False,147.1K,False,$19.32 / SMA $20.26,False,1.48%,False,+1.9%,False,1854.7M,False,PNK,False,
ORC,"Orchid Island Capital, Inc.",6.86,2026-06-25T23:13:51.570193+00:00,False,+6.9%,True,$1376.8M,False,+-161.1%,True,5459.4K,True,$6.86 / SMA $6.76,False,1.85%,False,+-158.8%,False,200.3M,True,NYQ,False,
ORCL,Oracle Corporation,157.53,2026-06-24T23:58:43.794658+00:00,False,+17.1%,True,$453760.6M,,,True,26627.2K,False,$157.53 / SMA $189.71,True,6.09%,False,+20.6%,False,1711.5M,True,NYQ,False,
ORGO,Organogenesis Holdings Inc.,2.43,2026-06-25T23:17:36.243284+00:00,False,+19.1%,True,$312.7M,False,+-158.8%,True,1520.0K,False,$2.43 / SMA $2.46,True,5.33%,False,+-58.2%,True,57.4M,True,NCM,False,
ORKA,"Oruka Therapeutics, Inc.",86.63,2026-06-25T23:23:36.854240+00:00,True,+699.9%,True,$5224.8M,False,+-20.0%,True,1682.8K,True,$86.63 / SMA $66.37,True,6.51%,,N/A,True,51.1M,True,NGM,False,
ORKLY,Orkla ASA,10.52,2026-06-25T23:08:24.566747+00:00,False,+6.2%,True,$10219.6M,False,+-4.5%,False,84.6K,False,$10.52 / SMA $11.48,False,1.90%,False,+1.3%,False,647.5M,False,PNK,False,
ORLA,Orla Mining Ltd.,9.38,2026-06-25T00:01:37.125184+00:00,False,+2.4%,True,$3520.4M,True,+190.9%,True,3277.2K,False,$9.38 / SMA $12.92,True,5.77%,True,+169.3%,False,263.3M,True,ASE,False,
OROVY,Orient Overseas (International) Limited,78.2,2026-06-24T23:59:32.577346+00:00,False,+2.6%,True,$10328.2M,,,False,0.2K,False,$78.20 / SMA $88.56,False,0.01%,,,True,26.0M,False,PNK,False,
ORZCF,Orezone Gold Corporation,1.53,2026-06-25T23:13:55.733050+00:00,True,+104.0%,True,$1020.5M,True,+100.0%,False,200.1K,False,$1.53 / SMA $1.69,True,6.01%,True,+124.8%,False,429.8M,False,OQX,False,
OSCR,"Oscar Health, Inc.",29.16,2026-06-25T00:01:23.999887+00:00,True,+172.8%,True,$8791.5M,True,+125.0%,True,7437.4K,True,$29.16 / SMA $22.20,True,6.65%,True,+52.6%,False,246.8M,True,NYQ,False,
OSGSY,"Osaka Gas Co., Ltd.",67.85,2026-06-24T23:59:26.256956+00:00,True,+106.8%,True,$12935.8M,,,False,0.7K,False,$67.85 / SMA $73.77,False,0.56%,,,False,191.8M,False,PNK,False,
OSIS,"OSI Systems, Inc.",218.93,2026-06-25T23:11:59.892286+00:00,False,+11.0%,True,$3608.6M,False,+-2.9%,False,299.0K,False,$218.93 / SMA $239.75,True,4.20%,False,+2.0%,True,15.6M,True,NMS,False,
OSK,Oshkosh Corporation,150.99,2026-06-25T23:20:10.417337+00:00,False,+37.5%,True,$9414.4M,False,+-60.5%,True,708.5K,True,$150.99 / SMA $138.01,True,3.29%,False,+0.2%,True,61.9M,True,NYQ,False,
OSPN,OneSpan Inc.,13.53,2026-06-25T23:27:36.506434+00:00,False,+34.4%,True,$501.6M,False,+-18.9%,True,513.5K,True,$13.53 / SMA $12.81,True,3.75%,False,+4.1%,True,36.3M,True,NCM,False,
OSS,"One Stop Systems, Inc.",16.11,2026-06-25T00:07:55.211123+00:00,True,+365.6%,True,$399.0M,True,+77.8%,True,1694.5K,True,$16.11 / SMA $14.67,True,9.09%,True,+55.0%,True,21.5M,True,NCM,True,
OSW,OneSpaWorld Holdings Limited,27.26,2026-06-25T23:12:04.342280+00:00,False,+43.0%,True,$2767.3M,True,+40.0%,True,749.0K,True,$27.26 / SMA $24.58,True,3.55%,False,+12.7%,True,98.7M,True,NCM,False,
OTCM,OTC Markets Group Inc.,51.48,2026-06-25T00:06:07.516537+00:00,False,+4.3%,True,$620.0M,False,+18.0%,False,8.0K,False,$51.48 / SMA $52.89,False,1.68%,False,+14.5%,,,False,OQX,False,
OTEX,Open Text Corporation,21.2,2026-06-25T00:01:26.100800+00:00,False,+7.2%,True,$5144.4M,True,+100.0%,True,2433.8K,False,$21.20 / SMA $22.67,True,4.35%,False,+2.2%,False,238.5M,True,NMS,False,
OTIS,Otis Worldwide Corporation,72.63,2026-06-24T23:59:10.169051+00:00,False,+5.0%,True,$27869.3M,True,+42.6%,True,3728.9K,False,$72.63 / SMA $73.90,False,1.80%,False,+6.4%,False,383.0M,True,NYQ,False,
OTSKY,"Otsuka Holdings Co., Ltd.",33.09,2026-06-24T23:59:01.610357+00:00,False,+52.6%,True,$34818.5M,,,False,40.6K,False,$33.09 / SMA $34.43,False,1.62%,,,False,882.0M,False,PNK,False,
OUKPY,Metso Oyj,8.35,2026-06-25T23:19:56.916985+00:00,False,+38.7%,True,$13829.5M,False,+-21.1%,False,37.2K,False,$8.35 / SMA $8.95,True,3.63%,False,+-3.8%,False,1399.3M,False,PNK,False,
OUT,OUTFRONT Media Inc.,31.65,2026-06-25T23:21:51.026968+00:00,True,+99.1%,True,$5572.4M,True,+178.6%,True,1586.4K,True,$31.65 / SMA $31.21,False,2.55%,False,+10.0%,False,171.4M,True,NYQ,False,
OUTKY,Outokumpu Oyj,3.1,2026-06-25T23:11:55.009028+00:00,False,+64.0%,True,$2922.5M,True,+85.7%,False,0.2K,False,$3.10 / SMA $3.30,False,0.81%,False,+3.3%,False,775.5M,False,PNK,False,
OVHFF,OVH Groupe S.A.,18.175,2026-06-25T23:12:07.312045+00:00,True,+117.9%,True,$2716.8M,,,False,0.5K,True,$18.18 / SMA $15.24,False,0.46%,,,True,22.0M,False,PNK,False,
OVID,Ovid Therapeutics Inc.,2.5,2026-06-25T00:07:53.264505+00:00,True,+765.1%,True,$466.6M,False,+14.3%,True,2524.6K,False,$2.50 / SMA $2.59,True,7.38%,False,+-100.0%,False,152.4M,True,NCM,False,
OWL,Blue Owl Capital Inc.,8.48,2026-06-25T23:08:18.204562+00:00,False,+6.7%,True,$13220.7M,,,True,27877.3K,False,$8.48 / SMA $9.64,True,4.86%,False,+10.3%,False,640.5M,True,NYQ,False,
OWLS,Obook Holdings Inc.,5.58,2026-06-25T00:07:50.184961+00:00,False,+8.3%,True,$492.9M,,,False,34.9K,False,$5.58 / SMA $5.82,True,3.21%,,,True,15.7M,True,NGM,False,
OXINF,Oxford Instruments plc,39.1175,2026-06-25T23:23:49.818969+00:00,False,+65.1%,True,$2157.6M,,N/A,False,0.8K,False,$39.12 / SMA $39.57,False,0.55%,,N/A,True,55.3M,False,PNK,False,
OXY,Occidental Petroleum Corporation,51.21,2026-06-25T23:19:37.513999+00:00,False,+32.0%,True,$50935.2M,True,+306.5%,True,13257.6K,False,$51.21 / SMA $56.44,False,2.73%,False,+-8.3%,False,990.6M,True,NYQ,False,
PAA,"Plains All American Pipeline, L.P.",21.47,2026-06-24T23:59:20.784093+00:00,False,+36.8%,True,$15147.8M,False,+-71.4%,True,2977.5K,False,$21.47 / SMA $22.20,False,2.10%,False,+8.7%,False,465.0M,True,NMS,False,
PAAS,Pan American Silver Corp.,44.39,2026-06-24T23:59:15.165324+00:00,False,+65.8%,True,$18703.7M,True,+129.8%,True,5073.0K,False,$44.39 / SMA $53.68,True,4.72%,True,+49.3%,False,420.9M,True,NYQ,False,
PAC,"Grupo Aeroportuario del Pacífico, S.A.B. de C.V.",252.21,2026-06-25T23:20:01.329579+00:00,False,+21.9%,True,$15007.0M,False,+15.9%,False,130.2K,True,$252.21 / SMA $245.22,True,3.15%,False,+2.8%,False,4680.6M,True,NYQ,False,
PACK,Ranpak Holdings Corp.,7.24,2026-06-25T23:27:33.621004+00:00,True,+124.8%,True,$619.3M,False,+7.7%,True,583.4K,True,$7.24 / SMA $6.06,True,5.21%,False,+11.0%,True,47.1M,True,NYQ,False,
PACS,"PACS Group, Inc.",40.68,2026-06-25T23:21:50.664729+00:00,True,+442.4%,True,$6438.5M,True,+194.1%,True,853.5K,True,$40.68 / SMA $36.08,True,4.61%,False,+11.2%,True,47.4M,True,NYQ,False,
PAG,"Penske Automotive Group, Inc.",183.84,2026-06-25T23:08:25.388830+00:00,False,+31.2%,True,$12087.3M,False,+-2.7%,False,282.6K,True,$183.84 / SMA $168.18,False,2.59%,False,+-1.1%,True,17.6M,True,NYQ,False,
PAGS,PagSeguro Digital Ltd.,8.74,2026-06-25T23:23:48.020597+00:00,False,+13.0%,True,$2443.0M,False,+12.2%,True,3554.7K,False,$8.74 / SMA $9.50,True,3.07%,False,+3.2%,True,145.3M,True,NYQ,False,
PAHC,Phibro Animal Health Corporation,31.36,2026-06-25T00:05:29.064314+00:00,False,+27.6%,True,$1272.1M,False,+15.7%,False,360.7K,False,$31.36 / SMA $40.53,True,4.76%,False,+10.3%,True,20.9M,True,NGM,False,
PAKTY,PAKTY,1.23,2026-06-25T23:15:32.523110+00:00,False,+69.7%,True,$1753.0M,True,+41.7%,False,0.1K,True,$1.23 / SMA $0.91,False,0.51%,False,+14.7%,False,437.5M,False,PNK,False,
PAM,Pampa Energía S.A.,79.93,2026-06-25T23:21:57.519022+00:00,False,+45.5%,True,$4295.8M,True,+45.5%,False,250.7K,False,$79.93 / SMA $82.69,True,3.90%,True,+38.4%,True,26.8M,True,NYQ,False,
PANL,Pangaea Logistics Solutions Ltd.,7.27,2026-06-25T00:07:48.101155+00:00,False,+63.0%,True,$475.6M,True,+800.0%,True,564.4K,False,$7.27 / SMA $7.66,True,4.37%,True,+38.9%,True,25.7M,True,NCM,False,
PARXF,Parex Resources Inc.,15.84,2026-06-25T23:13:44.334967+00:00,False,+56.7%,True,$1523.5M,,,False,37.5K,False,$15.84 / SMA $18.94,True,4.50%,False,+-2.6%,True,95.4M,False,PNK,False,
PASTF,OPmobility SE,17.7,2026-06-25T23:23:46.966909+00:00,True,+86.3%,True,$2529.6M,,N/A,False,0.0K,False,$17.70 / SMA $18.86,False,0.01%,,N/A,True,53.0M,False,PNK,False,
PATH,"UiPath, Inc.",9.93,2026-06-25T23:21:52.179105+00:00,False,+7.9%,True,$5144.9M,True,+200.0%,True,35238.9K,False,$9.93 / SMA $10.71,True,6.36%,False,+17.3%,False,410.2M,True,NYQ,False,
PATK,"Patrick Industries, Inc.",90.28,2026-06-25T00:03:20.341331+00:00,False,+9.6%,True,$2969.6M,False,+-0.9%,True,504.3K,False,$90.28 / SMA $92.25,True,3.69%,False,+-0.6%,True,31.5M,True,NMS,False,
PAX,Patria Investments Limited,10.88,2026-06-25T23:13:44.855665+00:00,False,+1.5%,True,$1735.7M,,,True,940.5K,False,$10.88 / SMA $11.80,False,3.00%,False,+-15.3%,True,63.5M,True,NMS,False,
PAY,"Paymentus Holdings, Inc.",21.73,2026-06-25T00:03:20.777428+00:00,False,+8.1%,True,$2733.4M,True,+45.5%,True,641.7K,False,$21.73 / SMA $24.57,True,4.38%,True,+30.2%,True,58.0M,True,NYQ,False,
PAYP,PayPay Corporation,13.89,2026-06-24T23:59:30.328272+00:00,False,+15.1%,True,$9401.8M,,,True,1285.9K,False,$13.89 / SMA $18.40,True,6.68%,,,False,240.6M,True,NMS,False,
PB,"Prosperity Bancshares, Inc.",73.38,2026-06-25T23:10:08.769592+00:00,False,+20.2%,True,$7400.7M,False,+-15.3%,True,929.0K,True,$73.38 / SMA $69.08,False,1.85%,False,+18.4%,True,90.5M,True,NYQ,False,
PBA,Pembina Pipeline Corporation,47.14,2026-06-25T23:19:46.049415+00:00,False,+33.0%,True,$27408.8M,False,+0.0%,True,1324.9K,True,$47.14 / SMA $46.21,False,2.04%,False,+-7.7%,False,580.7M,True,NYQ,False,
PBCRF,PT Bank Central Asia Tbk,0.349,2026-06-25T23:08:04.401052+00:00,False,+29.3%,True,$42883.8M,,,False,33.1K,True,$0.35 / SMA $0.33,False,2.22%,False,+1.1%,False,48241.2M,False,PNK,False,
PBF,PBF Energy Inc.,42.29,2026-06-25T23:10:19.011239+00:00,True,+101.6%,True,$5003.3M,True,+146.7%,True,2970.9K,True,$42.29 / SMA $41.03,True,5.44%,False,+11.9%,True,97.5M,True,NYQ,False,
PBFS,"Pioneer Bancorp, Inc.",17.23,2026-06-25T00:08:11.070012+00:00,False,+49.8%,True,$420.7M,False,+-4.3%,False,17.2K,True,$17.23 / SMA $15.26,True,3.99%,False,+7.9%,True,7.6M,True,NCM,False,
PBH,Prestige Consumer Healthcare Inc.,47.18,2026-06-25T23:12:05.856800+00:00,False,+10.7%,True,$2235.0M,,,True,690.5K,False,$47.18 / SMA $50.76,True,3.71%,False,+-5.0%,True,46.8M,True,NYQ,False,
PBMRY,PT Bumi Resources Tbk,2.23,2026-06-25T23:22:03.652774+00:00,True,+102.7%,True,$7370.5M,,N/A,False,0.0K,False,$2.23 / SMA $2.61,False,0.00%,False,+-3.5%,False,900.3M,False,PNK,False,
PBSFY,ProSiebenSat 1 Media SE,1.07,2026-06-25T00:05:46.401550+00:00,False,+9.3%,True,$996.4M,True,+30.8%,False,1.8K,False,$1.07 / SMA_short $1.10,False,0.48%,False,+-9.4%,True,54.7M,False,PNK,False,
PBYI,"Puma Biotechnology, Inc.",7.95,2026-06-25T00:08:21.148692+00:00,True,+162.4%,True,$404.7M,False,+-216.7%,False,264.4K,True,$7.95 / SMA $7.27,True,4.11%,False,+-2.6%,True,39.1M,True,NMS,False,
PCAPU,PCAPU,10.37,2026-06-25T00:08:25.874098+00:00,False,+12.0%,,,,,False,5.4K,True,$10.37 / SMA $10.32,False,0.30%,,,True,22.8M,True,NGM,False,
PCCYF,PetroChina Company Limited,1.17,2026-06-24T23:58:44.841139+00:00,False,+41.0%,True,$288248.7M,,,False,53.7K,False,$1.17 / SMA $1.37,True,6.10%,False,+8.0%,False,29658.5M,False,PNK,False,
PCFBY,Pacific Basin Shipping Limited,7.58,2026-06-25T23:12:07.456412+00:00,False,+62.3%,True,$1954.8M,,,False,0.9K,False,$7.58 / SMA $7.93,False,1.79%,,,False,202.0M,False,PNK,False,
PCG,PG&E Corporation,17.08,2026-06-25T23:08:05.015470+00:00,False,+31.7%,True,$37614.0M,True,+39.3%,True,20450.7K,True,$17.08 / SMA $16.61,False,2.25%,False,+15.0%,False,2194.9M,True,NYQ,False,
PCN,PIMCO Corporate & Income Strategy Fund,11.78,2026-06-25T23:15:35.778819+00:00,False,+3.3%,True,$880.2M,,,False,329.6K,True,$11.78 / SMA $11.71,False,0.86%,,,,,True,NYQ,False,
PCOR,"Procore Technologies, Inc.",38.3,2026-06-25T23:10:08.966025+00:00,False,+0.5%,True,$5779.1M,True,+72.7%,True,2599.5K,False,$38.30 / SMA $49.24,True,4.91%,False,+15.7%,True,136.3M,True,NYQ,False,
PCRHY,PCRHY,28.18,2026-06-25T23:08:01.139117+00:00,True,+203.0%,True,$65795.9M,,,False,251.8K,True,$28.18 / SMA $22.07,False,2.62%,,,False,2264.4M,False,PNK,False,
PCRX,"Pacira BioSciences, Inc.",24.37,2026-06-25T23:15:32.922865+00:00,False,+29.6%,True,$958.9M,False,+-30.0%,True,523.9K,True,$24.37 / SMA $23.62,True,3.46%,False,+5.0%,True,33.7M,True,NMS,False,
PCT,"PureCycle Technologies, Inc.",8.0,2026-06-25T00:03:34.137135+00:00,False,+62.3%,True,$1605.7M,False,+-520.0%,True,5268.3K,False,$8.00 / SMA $9.60,True,8.53%,True,+161.2%,True,141.8M,True,NCM,False,
PCVX,"Vaxcyte, Inc.",53.87,2026-06-24T23:59:47.584181+00:00,True,+85.2%,True,$7778.7M,False,+-121.2%,True,1434.8K,True,$53.87 / SMA $53.19,True,4.31%,,,True,132.1M,True,NMS,False,
PCWLF,PCCW Limited,0.7,2026-06-25T00:01:25.791521+00:00,False,+11.1%,True,$5423.4M,,,False,0.9K,False,$0.70 / SMA $0.73,False,2.99%,,,False,4022.4M,False,PNK,False,
PDD,PDD Holdings Inc.,73.3,2026-06-25T23:07:54.369601+00:00,False,+0.1%,True,$104335.0M,False,+-14.9%,True,8746.5K,False,$73.30 / SMA $91.76,True,3.04%,False,+11.0%,False,753.1M,True,NMS,False,
PDLB,"Ponce Financial Group, Inc.",19.55,2026-06-25T23:27:38.505451+00:00,False,+43.9%,True,$472.9M,True,+44.0%,False,64.6K,True,$19.55 / SMA $18.35,False,2.65%,False,+24.6%,True,18.9M,True,NGM,False,
PDO,Pimco Dynamic Income Opportunities Fund,12.96,2026-06-25T23:25:30.532449+00:00,False,+4.8%,True,$1846.6M,,N/A,True,660.8K,True,$12.96 / SMA $12.93,False,1.05%,,N/A,,N/A,True,NYQ,False,
PEBO,Peoples Bancorp Inc.,37.71,2026-06-25T00:05:33.888419+00:00,False,+37.2%,True,$1354.7M,False,+19.1%,False,235.0K,True,$37.71 / SMA $34.61,False,1.78%,False,+5.8%,True,34.6M,True,NMS,False,
PECO,"Phillips Edison & Company, Inc.",42.21,2026-06-25T23:10:14.815781+00:00,False,+28.5%,True,$5855.1M,False,+14.3%,True,949.5K,True,$42.21 / SMA $40.04,False,1.71%,False,+7.0%,True,125.2M,True,NMS,False,
PEFDF,Delfi Limited,0.67,2026-06-25T00:07:51.451685+00:00,False,+26.4%,True,$409.5M,,,False,15.9K,False,$0.67 / SMA $0.81,False,0.35%,,,False,281.8M,False,PNK,False,
PEGRF,Pennon Group Plc,6.375,2026-06-25T23:11:52.730633+00:00,False,+8.5%,True,$3007.3M,,,False,0.1K,False,$6.38 / SMA $7.06,False,0.14%,,,False,470.4M,False,PNK,False,
PEN,"Penumbra, Inc.",316.36,2026-06-24T23:59:29.944139+00:00,False,+43.0%,True,$12442.9M,False,+-18.0%,False,489.0K,False,$316.36 / SMA $323.63,False,0.77%,False,+15.6%,True,38.2M,True,NYQ,False,
PENN,"PENN Entertainment, Inc.",20.38,2026-06-25T00:03:30.851988+00:00,True,+74.9%,True,$2727.7M,False,+-102.9%,True,3743.0K,True,$20.38 / SMA $18.07,True,4.50%,False,+6.4%,True,124.9M,True,NMS,False,
PEYUF,Peyto Exploration & Development Corp.,17.26,2026-06-25T00:01:38.866347+00:00,False,+33.0%,True,$3535.9M,True,+43.9%,False,103.6K,False,$17.26 / SMA $18.32,True,3.11%,True,+32.8%,False,198.2M,False,PNK,False,
PFE,Pfizer Inc.,24.04,2026-06-24T23:58:47.333275+00:00,False,+4.0%,True,$137014.6M,False,+-9.6%,True,37348.5K,False,$24.04 / SMA $25.94,False,1.87%,False,+5.4%,False,5691.5M,True,NYQ,False,
PFG,"Principal Financial Group, Inc.",105.44,2026-06-25T23:08:12.185081+00:00,False,+40.6%,True,$22776.3M,True,+819.0%,True,1271.0K,True,$105.44 / SMA $102.34,False,2.08%,False,+-4.5%,False,214.6M,True,NMS,False,
PFL,PIMCO Income Strategy Fund,7.65,2026-06-25T00:08:15.644058+00:00,False,+1.7%,True,$380.4M,,,False,178.9K,,,,,,,,,True,NYQ,False,
PFLT,PennantPark Floating Rate Capital Ltd.,7.27,2026-06-25T23:27:01.085668+00:00,False,+1.3%,True,$721.3M,True,+2800.0%,True,1109.4K,False,$7.27 / SMA $8.23,False,2.61%,True,+921.3%,,N/A,True,NYQ,False,
PFS,"Provident Financial Services, Inc.",23.62,2026-06-25T23:12:00.851362+00:00,False,+38.7%,True,$3078.0M,False,+24.5%,True,972.5K,True,$23.62 / SMA $22.39,False,2.15%,False,+7.9%,True,126.2M,True,NYQ,False,
PFSI,"PennyMac Financial Services, Inc.",83.35,2026-06-25T00:01:34.050114+00:00,False,+7.3%,True,$4327.9M,False,+7.7%,True,540.3K,False,$83.35 / SMA $86.33,False,3.00%,False,+-9.6%,True,27.5M,True,NYQ,False,
PFSTY,PFSTY,14.0,2026-06-25T23:12:07.306823+00:00,False,+12.9%,False,$253.3M,True,+53.8%,,,,,,,True,+26.7%,,,False,PNK,False,
PGNY,"Progyny, Inc.",27.38,2026-06-25T23:12:08.760504+00:00,True,+70.1%,True,$2144.7M,,,True,1500.3K,True,$27.38 / SMA $22.95,True,3.04%,,,True,71.6M,True,NMS,True,
PGPEF,Publicis Groupe S.A.,103.0,2026-06-25T23:08:10.806399+00:00,False,+25.5%,True,$25592.8M,,,False,1.2K,True,$103.00 / SMA $94.69,False,0.00%,,,False,218.0M,False,OQX,False,
PGPHF,Partners Group Holding AG,801.0,2026-06-24T23:59:08.771841+00:00,False,+0.1%,True,$21314.9M,,,False,0.1K,False,$801.00 / SMA $1063.16,False,1.51%,,,True,21.3M,False,PNK,False,
PGY,Pagaya Technologies Ltd.,15.48,2026-06-25T23:25:50.288027+00:00,False,+48.8%,True,$1282.8M,True,+190.0%,True,3683.9K,True,$15.48 / SMA $14.40,True,8.00%,False,+5.8%,True,67.2M,True,NCM,False,
PH,Parker-Hannifin Corporation,961.09,2026-06-24T23:58:49.510052+00:00,False,+43.0%,True,$121180.4M,False,+-4.2%,True,747.8K,True,$961.09 / SMA $905.61,False,2.47%,False,+10.6%,True,125.7M,True,NYQ,False,
PHAR,Pharming Group N.V.,13.27,2026-06-25T23:25:54.528218+00:00,False,+39.2%,True,$937.2M,True,+68.2%,False,12.2K,False,$13.27 / SMA $14.10,True,3.48%,False,+-8.4%,True,73.3M,True,NGM,False,
PHG,Koninklijke Philips N.V.,27.29,2026-06-25T23:08:09.837542+00:00,False,+14.9%,True,$26525.4M,True,+100.0%,True,1173.4K,True,$27.29 / SMA $26.36,False,1.75%,False,+-4.7%,False,951.2M,True,NYQ,False,
PHGPY,Pets at Home Group Plc,10.42,2026-06-25T23:25:48.483634+00:00,False,+9.0%,True,$1152.1M,,N/A,False,0.1K,True,$10.42 / SMA $10.28,False,0.00%,,N/A,False,408.2M,False,PNK,False,
PHGUF,Pharming Group N.V.,1.15,2026-06-25T23:25:54.977442+00:00,False,+0.9%,True,$895.9M,True,+68.2%,False,5.4K,False,$1.15 / SMA $1.39,False,0.56%,False,+-8.4%,False,732.9M,False,PNK,False,
PHIG,"PHI Group, Inc.",30.0,2026-06-25T23:15:38.601417+00:00,False,+22.4%,True,$729.3M,,,False,2.5K,False,$30.00 / SMA $30.78,False,0.00%,,,True,24.2M,False,PNK,False,
PHJMF,PT Hanjaya Mandala Sampoerna Tbk,0.05,2026-06-25T00:01:23.570396+00:00,False,+66.7%,True,$5815.9M,,,False,19.0K,True,$0.05 / SMA $0.05,True,3.33%,False,+-7.5%,False,8794.8M,False,PNK,False,
PHK,PIMCO High Income Fund,4.59,2026-06-25T23:15:36.210651+00:00,False,+4.1%,True,$855.9M,,,True,682.7K,True,$4.59 / SMA $4.54,False,1.01%,,,,,True,NYQ,False,
PHM,"PulteGroup, Inc.",135.71,2026-06-24T23:59:15.961383+00:00,False,+32.8%,True,$25850.9M,False,+-30.4%,True,1844.9K,True,$135.71 / SMA $120.32,True,3.02%,False,+-12.4%,False,189.0M,True,NYQ,False,
PHOE,Phoenix Asia Holdings Limited,17.85,2026-06-25T23:29:19.709486+00:00,True,+205.1%,True,$385.6M,,N/A,False,59.6K,True,$17.85 / SMA $17.28,True,8.77%,,N/A,True,5.5M,True,NCM,False,
PHPPY,Signify N.V.,11.897,2026-06-25T23:23:44.936354+00:00,False,+15.4%,True,$2827.1M,False,+-94.5%,False,0.3K,True,$11.90 / SMA $11.64,False,0.15%,False,+-23.0%,False,231.2M,False,PNK,False,
PHPRF,Primary Health Properties Plc,1.31,2026-06-25T00:03:18.831384+00:00,False,+20.8%,True,$3399.6M,,,False,0.2K,True,$1.31 / SMA $1.19,False,0.00%,,,False,2220.1M,False,PNK,False,
PHR,"Phreesia, Inc.",9.59,2026-06-25T00:07:45.691775+00:00,False,+23.4%,True,$592.8M,True,+171.4%,True,1898.9K,True,$9.59 / SMA $9.35,True,5.79%,False,+12.9%,True,50.0M,True,NYQ,False,
PI,"Impinj, Inc.",134.32,2026-06-25T23:21:58.160300+00:00,False,+53.8%,True,$4091.3M,False,+-176.7%,False,465.9K,False,$134.32 / SMA $135.02,True,5.95%,False,+-0.0%,True,29.5M,True,NMS,False,
PICS,PicS N.V.,9.92,2026-06-25T23:25:39.941190+00:00,False,+19.2%,True,$1285.5M,True,+72.2%,False,452.3K,False,$9.92 / SMA $11.33,True,8.58%,True,+59.0%,True,34.3M,True,NMS,False,
PILBF,PLS Group Limited,3.775,2026-06-24T23:59:27.374023+00:00,True,+393.5%,True,$12278.3M,,,False,34.2K,False,$3.77 / SMA $4.29,True,4.81%,,,False,2997.4M,False,PNK,False,
PINE,"Alpine Income Property Trust, Inc.",20.25,2026-06-25T23:17:39.883777+00:00,False,+54.6%,True,$359.4M,True,+175.0%,False,157.3K,True,$20.25 / SMA $19.20,False,2.87%,True,+29.6%,True,15.1M,True,NYQ,False,
PINXF,The People's Insurance Company (Group) of China Limited,0.66,2026-06-24T23:58:59.119146+00:00,False,+1.5%,True,$29187.8M,,,False,56.5K,False,$0.66 / SMA $0.68,False,0.00%,,,False,11530.5M,False,PNK,False,
PIPR,Piper Sandler Companies,79.08,2026-06-25T00:01:25.667300+00:00,False,+16.0%,True,$5344.0M,False,+0.8%,True,591.0K,False,$79.08 / SMA $81.55,False,2.77%,True,+33.3%,True,68.8M,True,NYQ,False,
PJT,PJT Partners Inc.,152.39,2026-06-25T23:22:02.432055+00:00,False,+19.3%,True,$6217.2M,False,+11.1%,False,379.2K,False,$152.39 / SMA $155.39,True,3.36%,True,+28.9%,True,24.0M,True,NYQ,False,
PKBK,"Parke Bancorp, Inc.",32.74,2026-06-25T00:08:12.381094+00:00,False,+66.1%,True,$387.7M,True,+52.3%,False,89.9K,True,$32.74 / SMA $30.82,False,2.64%,True,+31.9%,True,9.0M,True,NCM,False,
PKCOY,"PARK24 Co., Ltd.",13.2,2026-06-25T23:23:55.123270+00:00,False,+24.0%,True,$2253.7M,,N/A,False,0.1K,True,$13.20 / SMA $11.77,False,0.22%,,N/A,True,116.8M,False,PNK,False,
PKG,Packaging Corporation of America,237.85,2026-06-24T23:59:18.289549+00:00,False,+27.7%,True,$21192.1M,False,+-15.5%,True,763.8K,True,$237.85 / SMA $218.22,False,2.65%,False,+10.6%,True,86.9M,True,NYQ,False,
PKOH,Park-Ohio Holdings Corp.,36.53,2026-06-25T00:07:54.728218+00:00,True,+135.4%,True,$526.0M,False,+-5.0%,False,64.0K,True,$36.53 / SMA $30.99,True,4.04%,False,+3.8%,True,9.1M,True,NMS,False,
PL,Planet Labs PBC,26.51,2026-06-25T23:08:18.591626+00:00,True,+380.3%,True,$9448.2M,False,+-900.0%,True,13445.2K,False,$26.51 / SMA $37.81,True,10.91%,True,+42.1%,False,294.8M,True,NYQ,False,
PLBC,Plumas Bancorp,57.61,2026-06-25T00:08:13.510688+00:00,False,+45.1%,True,$401.4M,False,+15.0%,False,57.6K,True,$57.61 / SMA $52.84,False,2.74%,True,+28.8%,True,6.4M,True,NCM,False,
PLBL,Polibeli Group Ltd,8.16,2026-06-25T23:23:46.734929+00:00,False,+56.6%,True,$2989.7M,,N/A,False,49.4K,True,$8.16 / SMA $7.01,True,15.44%,,N/A,True,6.4M,True,NGM,False,
PLCQF,PLCQF,9.42,2026-06-24T23:59:37.777098+00:00,True,+125.9%,,,,,False,0.5K,True,$9.42 / SMA_short $9.31,,,,,,,False,PNK,False,
PLD,"Prologis, Inc.",140.87,2026-06-24T23:58:47.816034+00:00,False,+36.2%,True,$132001.4M,True,+66.7%,True,3572.7K,False,$140.87 / SMA $142.16,False,2.29%,False,+7.4%,False,927.8M,True,NYQ,False,
PLGO,PLGO,23.77,2026-06-25T23:23:54.826334+00:00,False,+60.6%,True,$2032.3M,True,+402.6%,False,434.5K,True,$23.77 / SMA $21.84,False,2.67%,False,+-6.9%,True,46.4M,True,NYQ,False,
PLMR,"Palomar Holdings, Inc.",117.84,2026-06-25T23:23:42.808569+00:00,False,+16.9%,True,$3123.2M,False,+0.0%,False,253.0K,True,$117.84 / SMA $115.75,True,3.63%,True,+59.7%,True,25.8M,True,NMS,False,
PLNT,"Planet Fitness, Inc.",51.94,2026-06-25T23:22:01.650788+00:00,False,+40.3%,True,$4126.3M,True,+30.0%,True,2348.8K,False,$51.94 / SMA $56.59,True,3.82%,False,+21.9%,True,73.9M,True,NYQ,False,
PLOW,"Douglas Dynamics, Inc.",53.54,2026-06-25T23:13:58.978648+00:00,True,+93.8%,True,$1238.1M,,,False,221.2K,True,$53.54 / SMA $45.69,False,2.81%,False,+19.8%,True,22.7M,True,NYQ,False,
PLUS,ePlus inc.,81.06,2026-06-25T23:23:50.814979+00:00,False,+30.5%,True,$2119.8M,False,+-20.0%,False,217.5K,False,$81.06 / SMA $83.57,True,4.57%,False,+16.8%,True,25.3M,True,NMS,False,
PLXNF,PLXNF,13.025,2026-06-25T23:23:45.158373+00:00,False,+8.5%,True,$1805.8M,,N/A,False,0.2K,False,$13.03 / SMA $13.57,False,0.00%,,N/A,True,74.9M,False,PNK,False,
PLXS,Plexus Corp.,296.79,2026-06-25T23:21:45.897827+00:00,True,+157.3%,True,$7941.0M,True,+29.1%,False,326.0K,True,$296.79 / SMA $266.75,True,4.04%,False,+18.7%,True,26.3M,True,NMS,False,
PM,Philip Morris International Inc.,178.93,2026-06-25T23:07:52.199580+00:00,False,+25.9%,True,$278872.9M,False,+-9.3%,True,4844.0K,True,$178.93 / SMA $175.40,False,2.60%,False,+9.1%,False,1554.6M,True,NYQ,False,
PMCUF,Pro Medicus Limited,129.0,2026-06-25T23:08:27.855055+00:00,True,+73.1%,True,$14112.5M,,,False,0.5K,True,$129.00 / SMA $102.31,False,1.02%,,,True,53.0M,False,PNK,False,
PMDIY,PMDIY,24.45,2026-06-24T23:59:39.342708+00:00,True,+72.2%,True,$12771.5M,,,False,0.5K,True,$24.45 / SMA $21.21,False,1.57%,,,False,265.0M,False,PNK,False,
PMETF,PMET Resources Inc.,4.37,2026-06-25T23:15:35.226534+00:00,True,+181.9%,True,$812.6M,,,False,33.7K,False,$4.37 / SMA $4.61,True,5.42%,,,False,167.0M,False,OQX,False,
PMMAF,PUMA SE,30.972,2026-06-25T23:10:18.561833+00:00,True,+77.9%,True,$4601.2M,,,False,0.2K,True,$30.97 / SMA $30.79,False,0.69%,False,+-18.6%,True,97.9M,False,PNK,False,
PMNXF,Perseus Mining Limited,3.42,2026-06-25T23:10:17.276079+00:00,True,+34100.0%,True,$4552.3M,,,False,7.3K,False,$3.42 / SMA $3.69,False,2.35%,,,False,1345.6M,False,PNK,False,
PMREF,Primaris Real Estate Investment Trust,14.3,2026-06-25T23:25:35.294446+00:00,False,+37.0%,True,$1965.3M,False,+16.1%,False,7.0K,True,$14.30 / SMA $14.05,False,0.00%,False,+17.9%,True,104.9M,False,PNK,False,
PNR,Pentair plc,74.81,2026-06-24T23:59:33.106638+00:00,False,+7.0%,True,$12089.7M,False,+12.9%,True,2017.3K,False,$74.81 / SMA $77.80,False,2.49%,False,+2.6%,False,160.3M,True,NYQ,False,
PNSPF,Pensana Plc,1.08,2026-06-25T23:27:37.320773+00:00,False,+35.9%,True,$381.8M,,N/A,False,0.9K,False,$1.08 / SMA $1.27,False,0.04%,,N/A,False,209.1M,False,PNK,False,
PNXGF,Standard Life plc,10.1,2026-06-25T23:20:04.225857+00:00,False,+21.0%,True,$10120.0M,,N/A,False,0.3K,False,$10.10 / SMA $10.14,False,0.27%,,N/A,False,851.6M,False,PNK,False,
PODD,Insulet Corporation,153.82,2026-06-25T23:08:25.435563+00:00,False,+10.8%,True,$10654.3M,True,+160.0%,True,1416.1K,False,$153.82 / SMA $160.89,True,4.07%,True,+33.9%,True,69.0M,True,NMS,False,
POET,POET Technologies Inc.,10.66,2026-06-25T00:03:30.886522+00:00,True,+175.5%,True,$1839.9M,False,+-200.0%,True,41962.3K,False,$10.66 / SMA $11.70,True,13.86%,True,+201.9%,False,153.0M,True,NCM,False,
POGHF,Pilot Corporation,32.0,2026-06-25T00:05:53.456455+00:00,False,+21.7%,True,$1281.1M,,,False,0.0K,True,$32.00 / SMA $30.04,False,0.00%,,,True,33.2M,False,PNK,False,
POLE,Andretti Acquisition Corp. II,10.75,2026-06-25T00:08:30.115864+00:00,False,+3.8%,True,$317.2M,False,+-25.0%,False,14.7K,True,$10.75 / SMA $10.71,False,0.08%,,,True,23.8M,True,NGM,False,
POOL,Pool Corporation,207.38,2026-06-25T23:10:09.450132+00:00,False,+20.1%,True,$7557.6M,False,+2.1%,True,971.1K,True,$207.38 / SMA $196.37,True,3.88%,False,+6.2%,True,35.2M,True,NMS,False,
POPMF,POPMF,19.6175,2026-06-25T23:08:10.220507+00:00,False,+17.5%,,,,,False,8.8K,False,$19.62 / SMA_short $20.16,False,1.51%,,,False,660.9M,False,PNK,False,
POST,"Post Holdings, Inc.",89.26,2026-06-25T23:21:59.239021+00:00,False,+3.3%,True,$4045.5M,True,+51.5%,True,791.6K,False,$89.26 / SMA $97.36,False,2.99%,False,+4.7%,True,35.4M,True,NYQ,False,
PPAAF,PT Perusahaan Gas Negara (Persero) Tbk,0.0766,2026-06-25T23:12:03.355149+00:00,False,+0.0%,True,$1856.9M,True,+42.3%,False,0.5K,True,$0.08 / SMA $-107.79,,,False,+-3.8%,False,10428.5M,False,PNK,False,
PPC,Pilgrim's Pride Corporation,27.56,2026-06-24T23:59:48.066714+00:00,False,+4.0%,True,$6557.1M,False,+-65.3%,True,1388.0K,False,$27.56 / SMA $30.04,True,3.30%,False,+1.6%,True,42.2M,True,NMS,False,
PPERY,PT Bank Mandiri (Persero) Tbk,8.87,2026-06-25T23:08:13.198548+00:00,False,+8.2%,True,$20696.7M,False,+16.7%,False,180.7K,False,$8.87 / SMA $9.45,False,2.35%,False,+-0.5%,False,938.5M,False,PNK,False,
PPHC,"Public Policy Holding Company, Inc.",7.68,2026-06-25T00:08:22.900131+00:00,False,+1.7%,False,$225.4M,False,+22.2%,False,96.4K,False,$7.68 / SMA $11.77,True,8.78%,True,+27.5%,True,15.4M,True,NGM,False,
PPL,PPL Corporation,37.0,2026-06-25T23:08:09.055986+00:00,False,+11.5%,True,$27837.0M,False,+7.1%,True,8742.7K,True,$37.00 / SMA $36.33,False,1.96%,False,+10.8%,False,750.2M,True,NYQ,False,
PPLC,PPL Corporation,49.46,2026-06-24T23:59:10.579454+00:00,False,+5.3%,,,,,False,259.9K,True,$49.46 / SMA $48.95,False,1.77%,False,+10.8%,False,750.2M,True,NYQ,False,
PPLFF,PT Perusahaan Perkebunan London Sumatra Indonesia Tbk,0.08588,2026-06-25T23:15:45.480337+00:00,False,+17.6%,True,$585.7M,,,False,1.0K,True,$0.09 / SMA $0.08,False,0.00%,False,+-19.0%,False,2753.8M,False,PNK,False,
PPRQF,Choice Properties Real Estate Investment Trust,11.37,2026-06-24T23:59:43.220640+00:00,False,+16.7%,True,$8274.5M,False,+9.4%,False,22.7K,True,$11.37 / SMA $11.32,False,0.10%,False,+4.1%,False,315.3M,False,PNK,False,
PPRUF,Kering SA,302.02,2026-06-25T23:19:43.353276+00:00,False,+46.8%,True,$37033.5M,,N/A,False,0.1K,True,$302.02 / SMA $289.27,False,1.05%,,N/A,True,70.0M,False,PNK,False,
PPTA,Perpetua Resources Corp.,21.2,2026-06-25T23:11:53.125196+00:00,True,+81.5%,True,$2652.0M,False,+-225.0%,True,1670.0K,False,$21.20 / SMA $26.99,True,6.12%,,,True,83.9M,True,NCM,False,
PPTDF,PeptiDream Inc.,6.0,2026-06-25T23:15:33.349365+00:00,False,+0.3%,True,$771.0M,,,False,0.3K,False,$6.00 / SMA $7.02,False,0.89%,,,True,90.7M,False,PNK,False,
PRA,ProAssurance Corporation,25.0,2026-06-25T23:13:53.192890+00:00,False,+9.7%,True,$1290.2M,True,+245.5%,True,987.9K,True,$25.00 / SMA $24.60,False,0.77%,False,+-2.3%,True,47.4M,True,NYQ,False,
PRAA,"PRA Group, Inc.",18.0,2026-06-25T00:07:45.511601+00:00,True,+75.6%,True,$686.5M,True,+711.1%,True,603.5K,True,$18.00 / SMA $17.56,True,5.55%,False,+16.7%,True,33.5M,True,NMS,False,
PRCH,"Porch Group, Inc.",12.93,2026-06-25T23:25:50.480367+00:00,True,+103.3%,True,$1414.6M,False,+-150.0%,True,1832.0K,True,$12.93 / SMA $10.06,True,6.34%,False,+15.6%,True,84.4M,True,NCM,False,
PRDO,Perdoceo Education Corporation,32.89,2026-06-25T00:03:32.679866+00:00,False,+23.4%,True,$2062.3M,True,+30.8%,True,626.7K,False,$32.89 / SMA $33.95,False,2.87%,False,+4.1%,True,58.5M,True,NMS,False,
PRDSY,Prada S.p.A.,9.32,2026-06-25T23:08:23.424312+00:00,False,+4.7%,True,$11987.2M,,,False,33.6K,False,$9.32 / SMA $9.40,False,1.99%,,,False,256.2M,False,PNK,False,
PREKF,PrairieSky Royalty Ltd.,22.41,2026-06-25T23:10:13.023742+00:00,False,+35.8%,True,$5208.1M,,,False,46.9K,False,$22.41 / SMA $24.20,False,2.42%,False,+-1.3%,False,230.7M,False,PNK,False,
PRG,"PROG Holdings, Inc.",43.41,2026-06-25T23:25:41.854445+00:00,False,+68.3%,True,$1739.2M,False,+7.2%,False,453.2K,True,$43.41 / SMA $35.19,True,4.17%,False,+11.1%,True,38.6M,True,NYQ,False,
PRGO,Perrigo Company plc,9.68,2026-06-25T23:25:37.080192+00:00,False,+4.9%,True,$1339.4M,False,+-5640.0%,True,2927.1K,False,$9.68 / SMA $10.90,True,5.07%,False,+-7.2%,True,137.6M,True,NYQ,False,
PRI,"Primerica, Inc.",281.52,2026-06-24T23:59:41.341580+00:00,False,+22.4%,True,$8778.9M,False,+18.2%,False,201.1K,True,$281.52 / SMA $274.38,False,2.08%,False,+8.4%,True,31.0M,True,NYQ,False,
PRIM,PRIM,,2026-06-25T00:02:54.188534+00:00,False,,False,,False,,False,,False,,False,,False,,False,,False,Unknown,False,Too Many Requests. Rate limited. Try after a while.
PRKS,United Parks & Resorts Inc.,46.4,2026-06-25T23:13:45.765393+00:00,False,+61.3%,True,$2187.1M,False,+-137.9%,True,1052.0K,True,$46.40 / SMA $38.90,True,4.41%,False,+-3.0%,True,19.1M,True,NYQ,False,
PRLB,"Proto Labs, Inc.",81.22,2026-06-25T23:25:33.496701+00:00,True,+111.1%,True,$1932.6M,True,+120.0%,False,189.0K,True,$81.22 / SMA $71.59,True,3.80%,False,+10.4%,True,23.5M,True,NYQ,False,
PRLD,Prelude Therapeutics Incorporated,4.1,2026-06-25T23:29:23.439350+00:00,True,+446.7%,True,$326.5M,True,+69.0%,False,407.2K,False,$4.10 / SMA $4.38,True,8.31%,,N/A,True,27.6M,True,NMS,False,
PRLPF,Propel Holdings Inc.,16.64,2026-06-25T23:27:29.051579+00:00,False,+33.0%,True,$655.0M,True,+69.0%,False,8.9K,True,$16.64 / SMA $16.03,False,0.44%,True,+27.8%,True,28.3M,False,PNK,False,
PRMB,Primo Brands Corporation,24.98,2026-06-25T23:20:08.679326+00:00,True,+74.0%,True,$9064.5M,False,+-12.5%,True,3903.5K,True,$24.98 / SMA $22.48,True,3.20%,False,+0.8%,False,242.3M,True,NYQ,False,
PRME,"Prime Medicine, Inc.",3.12,2026-06-25T00:07:47.028376+00:00,False,+43.1%,True,$563.5M,True,+30.0%,True,2467.5K,False,$3.12 / SMA $3.29,True,9.45%,False,+-41.1%,True,115.0M,True,NGM,False,
PRNDY,Pernod Ricard SA,14.9,2026-06-25T23:08:14.996568+00:00,False,+11.2%,True,$18759.5M,,,True,822.3K,True,$14.90 / SMA $14.82,False,1.69%,,,False,964.8M,False,PNK,False,
PROSF,Prosus N.V.,42.25,2026-06-25T23:19:33.659237+00:00,False,+0.0%,True,$89970.4M,,N/A,False,2.3K,False,$42.25 / SMA $46.39,False,0.02%,,N/A,False,1272.0M,False,PNK,False,
PRRFY,Premier Foods plc,13.01,2026-06-25T23:23:49.539989+00:00,False,+23.9%,True,$2242.1M,,N/A,False,0.1K,False,$13.01 / SMA $13.16,False,0.00%,,N/A,True,125.1M,False,PNK,False,
PRTA,Prothena Corporation plc,9.27,2026-06-25T23:15:48.542606+00:00,False,+59.0%,True,$485.3M,True,+153.6%,True,508.8K,False,$9.27 / SMA $9.79,True,5.73%,True,+1706.4%,True,36.7M,True,NMS,False,
PRTCY,PureTech Health plc,17.282,2026-06-25T00:07:54.541827+00:00,False,+19.2%,True,$420.7M,,,False,8.1K,False,$17.28 / SMA $17.48,False,1.05%,,,True,15.7M,False,PNK,False,
PRTH,"Priority Technology Holdings, Inc.",7.01,2026-06-25T23:27:37.185043+00:00,False,+57.9%,True,$577.3M,False,+20.0%,False,309.5K,True,$7.01 / SMA $5.88,True,5.11%,False,+11.1%,True,33.3M,True,NCM,False,
PRVFF,Pro Real Estate Investment Trust,4.95,2026-06-25T23:29:27.789652+00:00,False,+31.3%,True,$434.7M,True,+34.8%,False,0.0K,True,$4.95 / SMA $4.83,False,0.00%,False,+4.5%,True,48.0M,False,PNK,False,
PRYMF,Prysmian S.p.A.,170.79,2026-06-25T23:19:39.348314+00:00,True,+164.9%,True,$49912.5M,True,+53.8%,False,4.1K,True,$170.79 / SMA $166.04,False,1.15%,False,+9.4%,False,286.8M,False,PNK,False,
PRYMY,Prysmian S.p.A.,84.45,2026-06-24T23:58:57.244408+00:00,True,+154.4%,True,$49360.1M,True,+53.8%,False,87.7K,True,$84.45 / SMA $81.67,False,2.88%,False,+9.4%,False,573.6M,False,PNK,False,
PS,Pershing Square Inc.,29.62,2026-06-25T23:19:57.788227+00:00,False,+34.6%,True,$11848.0M,,N/A,True,653.2K,False,$29.62 / SMA_short $36.38,True,7.40%,,N/A,True,77.9M,True,NYQ,False,
PSEC,Prospect Capital Corporation,2.22,2026-06-25T00:05:38.638246+00:00,False,+5.2%,True,$1112.2M,True,+112.8%,True,5570.8K,False,$2.22 / SMA $2.42,True,3.50%,True,+153.6%,,,True,NMS,False,
PSFE,Paysafe Limited,6.63,2026-06-25T23:29:18.098332+00:00,False,+11.4%,True,$342.6M,False,+-115.2%,False,337.2K,False,$6.63 / SMA $7.95,True,5.16%,False,+10.4%,True,23.6M,True,NYQ,False,
PSKRF,Protector Forsikring ASA,48.62,2026-06-25T23:22:02.259982+00:00,True,+322.8%,True,$4002.1M,False,+-80.0%,False,0.0K,True,$48.62 / SMA $47.26,False,0.00%,False,+-11.5%,True,73.5M,False,PNK,False,
PSKY,Paramount Skydance Corporation,9.43,2026-06-25T23:20:01.842265+00:00,False,+9.4%,True,$10553.8M,,N/A,True,10291.1K,False,$9.43 / SMA $10.55,True,4.46%,False,+-8.0%,False,489.8M,True,NMS,False,
PSLV,Sprott Physical Silver Trust,18.37,2026-06-25T23:19:56.382362+00:00,False,+51.6%,True,$11679.3M,False,+-41.6%,True,9294.7K,False,$18.37 / SMA $23.70,True,3.61%,False,+-28.9%,,N/A,True,ASE,False,
PSMMY,Persimmon Plc,28.6,2026-06-25T23:21:57.610209+00:00,False,+6.4%,True,$4590.7M,,N/A,False,62.9K,True,$28.60 / SMA $28.09,False,1.95%,,N/A,False,158.4M,False,PNK,False,
PSN,Parsons Corporation,47.05,2026-06-25T23:21:51.775082+00:00,False,+0.4%,True,$5033.3M,False,+-18.3%,True,1206.7K,False,$47.05 / SMA $53.74,True,4.41%,False,+-4.1%,True,37.4M,True,NYQ,False,
PSNL,"Personalis, Inc.",12.59,2026-06-25T23:15:35.163815+00:00,True,+227.9%,True,$1318.4M,False,+-61.1%,True,2516.9K,True,$12.59 / SMA $8.14,True,10.18%,False,+-24.9%,True,64.5M,True,NGM,False,
PSO,Pearson plc,15.06,2026-06-24T23:59:40.868775+00:00,False,+25.3%,True,$9042.3M,,,True,999.0K,True,$15.06 / SMA $14.94,False,1.56%,,,False,629.0M,True,NYQ,False,
PSPSF,PSP Swiss Property AG,180.89,2026-06-25T23:08:30.247920+00:00,False,+8.8%,True,$8352.5M,False,+6.8%,False,0.0K,False,$180.89 / SMA $192.78,False,0.00%,False,+1.0%,True,45.6M,False,PNK,False,
PSTVY,"Postal Savings Bank of China Co., Ltd.",12.728,2026-06-24T23:58:53.855921+00:00,False,+16.0%,True,$85715.4M,,,False,0.3K,False,$12.73 / SMA $13.24,False,0.34%,,,False,847.1M,False,PNK,False,
PSUS,"Pershing Square USA, Ltd.",37.74,2026-06-25T00:01:37.419282+00:00,False,+1.6%,,,,,True,1027.1K,False,$37.74 / SMA_short $40.25,False,2.28%,,,,,True,NYQ,False,
PSX,Phillips 66,171.76,2026-06-25T23:07:58.499460+00:00,False,+45.6%,True,$68864.6M,False,+-56.8%,True,2738.9K,False,$171.76 / SMA $172.37,False,2.81%,False,+6.9%,False,400.0M,True,NYQ,False,
PSZKF,Powszechna Kasa Oszczednosci Bank Polski Spólka Akcyjna,26.92,2026-06-24T23:59:02.671235+00:00,False,+47.0%,True,$33650.0M,False,+2.0%,False,2.3K,False,$26.92 / SMA $27.65,False,0.77%,False,+1.8%,False,880.9M,False,PNK,False,
PSZKY,Powszechna Kasa Oszczednosci Bank Polski Spólka Akcyjna,27.37,2026-06-25T23:08:05.451305+00:00,False,+55.2%,True,$34212.5M,False,+2.0%,False,47.7K,False,$27.37 / SMA $27.62,True,6.65%,False,+1.8%,False,880.9M,False,PNK,False,
PTALF,PetroTal Corp.,0.32,2026-06-25T23:29:15.822021+00:00,False,+33.3%,False,$294.5M,False,+-33.3%,False,347.3K,False,$0.32 / SMA $0.39,True,6.82%,False,+-40.2%,False,612.8M,False,OQX,False,
PTBRY,PT Bank Negara Indonesia (Persero) Tbk,9.8,2026-06-24T23:59:44.090788+00:00,False,+16.9%,True,$7362.9M,False,+5.6%,False,15.6K,False,$9.80 / SMA $10.84,True,5.58%,False,+11.5%,False,14832.0M,False,PNK,False,
PTCAY,PT Chandra Asri Pacific Tbk,8.0,2026-06-24T23:59:39.040615+00:00,False,+0.0%,True,$6919.4M,,,False,0.1K,False,$8.00 / SMA $27.73,False,0.33%,True,+334.1%,False,254.6M,False,PNK,False,
PTITF,PT Indosat Ooredoo Hutchison Tbk,0.126,2026-06-25T23:21:59.691451+00:00,False,+23.8%,True,$4892.9M,,N/A,False,0.1K,False,$0.13 / SMA $0.13,False,0.80%,False,+8.1%,False,8377.5M,False,PNK,False,
PTLO,Portillo's Inc.,4.34,2026-06-25T00:08:32.479554+00:00,False,+15.0%,True,$314.1M,False,+-120.0%,True,1699.0K,False,$4.34 / SMA $4.73,True,5.25%,False,+3.5%,True,67.3M,True,NMS,False,
PTOR,Praetorian Acquisition Corp.,9.94,2026-06-25T23:17:37.086129+00:00,False,+1.7%,True,$421.0M,,,False,28.9K,True,$9.94 / SMA $9.89,False,0.08%,,,True,25.5M,True,NGM,False,
PTTMF,PT TIMAH Tbk,0.2078,2026-06-25T00:03:48.842192+00:00,True,+748.2%,True,$2491.8M,,,False,0.0K,True,$0.21 / SMA $-87.85,,,True,+110.1%,False,2156.9M,False,PNK,False,
PTY,PIMCO Corporate & Income Opportunity Fund,11.7,2026-06-25T00:03:26.806610+00:00,False,+1.0%,True,$2480.2M,,,True,1093.3K,False,$11.70 / SMA $11.83,False,0.82%,,,,,True,NYQ,False,
PUBGY,Publicis Groupe S.A.,25.17,2026-06-24T23:59:13.409910+00:00,False,+27.6%,True,$25016.3M,,,False,249.7K,True,$25.17 / SMA $24.09,False,2.00%,,,False,872.1M,False,OQX,False,
PUMP,ProPetro Holding Corp.,14.8,2026-06-25T23:23:53.373306+00:00,True,+228.2%,True,$1814.7M,False,+-133.3%,True,4614.7K,False,$14.80 / SMA $15.90,True,5.44%,False,+-24.7%,True,106.6M,True,NYQ,False,
PUODY,"Promotora y Operadora de Infraestructura, S. A. B. de C. V.",315.0,2026-06-25T23:21:47.797709+00:00,False,+43.1%,True,$5903.5M,False,+-26.5%,False,0.1K,False,$315.00 / SMA $321.55,False,0.84%,False,+8.7%,True,10.7M,False,PNK,False,
PURR,Hyperliquid Strategies Inc.,8.02,2026-06-25T23:13:58.571551+00:00,True,+166.4%,True,$1576.4M,,,True,11979.9K,True,$8.02 / SMA $7.68,True,9.49%,,,,,True,NCM,False,
PUTKF,PT United Tractors Tbk,1.6,2026-06-25T23:21:51.526043+00:00,False,+14.3%,True,$5643.1M,,N/A,False,0.0K,False,$1.60 / SMA $1.62,False,0.00%,False,+-18.1%,False,1352.4M,False,PNK,False,
PUTKY,PT United Tractors Tbk,24.42,2026-06-25T23:21:56.586328+00:00,False,+5.3%,True,$4306.4M,,N/A,False,30.6K,False,$24.42 / SMA $30.02,False,2.75%,False,+-18.1%,True,67.6M,False,PNK,False,
PUTRY,PTT Public Company Limited,5.9,2026-06-25T23:08:06.597910+00:00,False,+26.6%,True,$33422.7M,False,+12.3%,False,0.0K,True,$5.90 / SMA $5.68,False,0.00%,False,+2.6%,False,2601.7M,False,PNK,False,
PVLA,"Palvella Therapeutics, Inc.",136.2,2026-06-25T23:13:47.079630+00:00,True,+569.3%,True,$1953.5M,False,+-62.2%,False,245.8K,True,$136.20 / SMA $118.93,True,6.25%,,,True,9.6M,True,NGM,False,
PWCDF,Power Corporation of Canada,60.56,2026-06-25T23:08:04.524623+00:00,False,+59.8%,True,$38163.9M,False,+21.0%,False,124.4K,True,$60.56 / SMA $58.23,False,2.64%,False,+-29.6%,False,580.6M,False,PNK,False,
PWR,"Quanta Services, Inc.",718.59,2026-06-25T23:07:55.545847+00:00,True,+98.0%,True,$107831.7M,True,+51.0%,True,1149.6K,True,$718.59 / SMA $701.83,True,3.97%,True,+26.3%,True,148.7M,True,NYQ,True,
PXED,"Phoenix Education Partners, Inc.",30.58,2026-06-25T23:13:57.603881+00:00,False,+30.0%,True,$1095.1M,False,+-38.2%,False,109.0K,True,$30.58 / SMA $29.62,True,4.51%,False,+-0.4%,True,5.3M,True,NYQ,False,
PYPL,"PayPal Holdings, Inc.",42.38,2026-06-25T23:19:41.928119+00:00,False,+10.2%,True,$37383.6M,False,+-6.2%,True,15050.5K,False,$42.38 / SMA $45.40,False,2.91%,False,+7.2%,False,880.0M,True,NMS,False,
PYTCY,Playtech plc,8.9,2026-06-25T00:05:27.472688+00:00,False,+42.8%,True,$1236.4M,,,False,0.6K,False,$8.90 / SMA $10.29,False,0.00%,,,True,97.6M,False,PNK,False,
PZAKY,Powszechny Zaklad Ubezpieczen SA,18.79,2026-06-25T23:08:18.684890+00:00,False,+44.5%,True,$17364.3M,False,+-22.5%,False,0.3K,True,$18.79 / SMA $18.44,True,3.16%,False,+-4.3%,False,568.0M,False,PNK,False,
PZZA,"Papa John's International, Inc.",36.02,2026-06-25T00:05:41.527214+00:00,False,+21.9%,True,$1185.1M,False,+-22.2%,True,1058.7K,True,$36.02 / SMA $34.08,True,4.78%,False,+-7.7%,True,32.4M,True,NMS,False,
QABSY,Qantas Airways Limited,35.17,2026-06-24T23:59:39.978805+00:00,False,+24.9%,True,$10643.8M,,,False,57.5K,True,$35.17 / SMA $32.12,False,1.83%,,,False,298.7M,False,PNK,False,
QBCRF,Quebecor Inc.,48.32,2026-06-24T23:59:37.412229+00:00,True,+79.4%,True,$10889.0M,True,+27.6%,False,11.3K,True,$48.32 / SMA $44.87,False,0.03%,False,+-6.9%,False,154.6M,False,PNK,False,
QBIEY,QBE Insurance Group Limited,17.04,2026-06-25T23:19:48.215577+00:00,False,+36.8%,True,$25458.2M,,N/A,False,87.3K,True,$17.04 / SMA $16.40,False,2.17%,,N/A,False,1498.8M,False,PNK,False,
QBTS,D-Wave Quantum Inc.,22.98,2026-06-24T23:59:36.279939+00:00,True,+80.2%,True,$8512.8M,False,+-150.0%,True,34735.2K,False,$22.98 / SMA $23.08,True,10.11%,False,+-80.9%,False,358.2M,True,NYQ,False,
QCOM,QUALCOMM Incorporated,197.41,2026-06-24T23:58:45.314944+00:00,False,+61.8%,True,$208070.1M,True,+173.0%,True,21083.1K,True,$197.41 / SMA $195.65,True,7.36%,False,+-3.5%,False,1051.7M,True,NMS,False,
QDEL,QuidelOrtho Corporation,13.52,2026-06-25T23:15:37.216537+00:00,False,+36.3%,True,$921.9M,False,+-610.5%,True,2260.7K,True,$13.52 / SMA $12.56,True,7.95%,False,+-10.5%,True,62.1M,True,NMS,False,
QFIN,"Qfin Holdings, Inc.",15.01,2026-06-25T23:13:49.134375+00:00,False,+32.7%,True,$1827.5M,False,+-43.3%,True,1455.5K,True,$15.01 / SMA $13.98,True,5.67%,False,+-26.6%,True,90.9M,True,NMS,False,
QKIE,QKIE,2.27,2026-06-25T23:25:45.154682+00:00,True,+887.0%,True,$1189.2M,,N/A,False,0.3K,True,$2.27 / SMA $1.94,True,10.53%,,N/A,,N/A,False,OID,False,
QNTQY,QinetiQ Group plc,22.68,2026-06-25T23:11:49.393905+00:00,False,+6.4%,True,$2914.0M,,,False,4.6K,False,$22.68 / SMA $24.65,False,1.31%,,,True,104.2M,False,PNK,False,
QRVO,"Qorvo, Inc.",95.37,2026-06-25T23:20:06.358155+00:00,False,+27.3%,True,$8393.9M,False,+-3.0%,True,1225.7K,True,$95.37 / SMA $94.50,True,4.76%,False,+-7.0%,True,81.5M,True,NMS,False,
QS,QuantumScape Corporation,7.13,2026-06-25T23:21:55.893140+00:00,False,+27.3%,True,$4386.0M,False,+23.8%,True,22853.4K,False,$7.13 / SMA $7.71,True,7.85%,,N/A,False,484.6M,True,NMS,False,
QSR,Restaurant Brands International Inc.,72.76,2026-06-24T23:59:05.441981+00:00,False,+18.6%,True,$33203.1M,True,+98.0%,True,3374.4K,False,$72.76 / SMA $75.61,False,2.36%,False,+7.3%,False,298.3M,True,NYQ,False,
QUAD,"Quad/Graphics, Inc.",8.03,2026-06-25T23:29:19.263602+00:00,False,+60.3%,True,$414.0M,False,+18.2%,False,198.3K,True,$8.03 / SMA $7.48,False,2.84%,False,+-7.7%,True,29.8M,True,NYQ,False,
QUEXF,Q2 Metals Corp.,2.14,2026-06-25T23:27:39.927501+00:00,True,+543.6%,True,$418.8M,True,+100.0%,False,50.2K,True,$2.14 / SMA $2.11,True,4.62%,,N/A,False,188.9M,False,OQB,False,
QXO,"QXO, Inc.",18.0,2026-06-25T23:08:23.240496+00:00,False,+22.0%,True,$13055.5M,False,+-1066.7%,True,15651.8K,False,$18.00 / SMA $18.31,True,5.80%,True,+12716.3%,False,722.8M,True,NYQ,False,
RA,Brookfield Real Assets Income Fund Inc.,12.71,2026-06-25T00:06:03.588032+00:00,False,+1.7%,True,$702.3M,,,False,164.1K,True,$12.71 / SMA $12.66,False,0.89%,,,,,True,NYQ,False,
RADLY,Raia Drogasil S.A.,3.35,2026-06-25T23:10:10.882637+00:00,False,+45.7%,True,$5857.6M,False,+-3.4%,False,64.3K,False,$3.35 / SMA $3.99,True,3.58%,False,+14.0%,False,1309.5M,False,PNK,False,
RAIFF,Raiffeisen Bank International AG,62.6,2026-06-25T23:08:16.259859+00:00,True,+150.4%,True,$20553.9M,,,False,0.1K,True,$62.60 / SMA $51.43,False,0.00%,False,+2.8%,True,127.1M,False,PNK,False,
RAIFY,Raiffeisen Bank International AG,15.28,2026-06-25T23:08:16.045518+00:00,True,+129.7%,True,$20068.0M,,,False,6.6K,True,$15.28 / SMA $13.97,True,3.02%,False,+2.8%,False,508.5M,False,PNK,False,
RAL,Ralliant Corporation,72.2,2026-06-24T23:59:47.778231+00:00,True,+93.7%,True,$8081.6M,False,+-31.0%,True,1495.5K,True,$72.20 / SMA $56.26,True,3.55%,False,+11.0%,True,111.4M,True,NYQ,False,
RAMP,"LiveRamp Holdings, Inc.",37.43,2026-06-25T23:23:50.784955+00:00,True,+72.4%,True,$2249.1M,True,+1220.0%,True,1511.9K,True,$37.43 / SMA $33.78,False,0.56%,False,+9.2%,True,57.0M,True,NYQ,False,
RANJY,Randstad N.V.,15.03,2026-06-25T00:01:28.323103+00:00,False,+20.6%,True,$5274.0M,True,+140.7%,False,56.7K,True,$15.03 / SMA $14.86,False,1.70%,False,+-9.4%,False,154.6M,False,PNK,False,
RAPP,"Rapport Therapeutics, Inc.",38.91,2026-06-25T23:25:30.737899+00:00,True,+252.1%,True,$1860.9M,True,+38.2%,False,329.8K,True,$38.91 / SMA $37.05,True,6.02%,,N/A,True,31.8M,True,NGM,False,
RARE,Ultragenyx Pharmaceutical Inc.,29.25,2026-06-25T23:23:50.286661+00:00,False,+59.9%,True,$2880.8M,False,+-17.2%,True,1803.3K,True,$29.25 / SMA $24.73,True,5.00%,False,+-2.2%,True,94.5M,True,NMS,False,
RAYGF,RAYGF,10.8991,2026-06-25T00:06:06.393206+00:00,False,+38.3%,,,,,False,4.8K,True,$10.90 / SMA_short $9.53,,,,,,,False,PNK,False,
RBA,"RB Global, Inc.",115.5,2026-06-25T23:08:14.723455+00:00,False,+23.4%,True,$21517.6M,False,+20.0%,True,1112.1K,True,$115.50 / SMA $105.35,False,2.66%,False,+11.4%,False,185.8M,True,NYQ,False,
RBB,RBB Bancorp,26.605,2026-06-25T00:08:02.583797+00:00,False,+58.9%,True,$450.6M,True,+407.7%,False,118.2K,True,$26.61 / SMA $23.98,False,2.87%,False,+22.1%,True,14.3M,True,NMS,False,
RBBN,Ribbon Communications Inc.,2.31,2026-06-25T00:07:50.623699+00:00,False,+28.3%,True,$406.9M,False,+-33.3%,True,970.9K,False,$2.31 / SMA $2.73,True,6.46%,False,+-10.3%,True,89.9M,True,NMS,False,
RBGLY,Reckitt Benckiser Group plc,12.8,2026-06-25T23:08:03.844187+00:00,False,+6.5%,True,$40643.1M,,,True,990.5K,True,$12.80 / SMA $12.72,False,1.36%,,,False,3202.9M,False,OQX,False,
RBGPF,Reckitt Benckiser Group plc,61.3,2026-06-25T23:08:03.567642+00:00,False,+4.5%,True,$38928.5M,,,False,1.7K,False,$61.30 / SMA $62.99,False,0.22%,,,False,640.6M,False,OQX,False,
RBRK,RBRK,71.02,2026-06-25T23:19:58.300045+00:00,False,+68.1%,True,$14617.9M,True,+60.4%,True,3816.3K,True,$71.02 / SMA $64.56,True,6.37%,True,+39.0%,False,157.2M,True,NYQ,False,
RBSFY,Rubis,7.62,2026-06-25T23:10:21.347115+00:00,False,+27.0%,True,$3915.9M,,,False,0.4K,False,$7.62 / SMA $8.05,False,0.86%,,,False,377.2M,False,PNK,False,
RBSPF,NatWest Group plc,8.39,2026-06-24T23:59:03.742490+00:00,False,+36.0%,True,$66779.5M,False,+15.6%,False,16.4K,True,$8.39 / SMA $7.97,True,4.38%,False,+9.5%,False,7932.4M,False,PNK,False,
RBTEF,Robertet SA,920.0,2026-06-25T23:13:43.559727+00:00,False,+0.0%,True,$1928.5M,,,False,0.0K,False,$920.00 / SMA $988.10,False,0.00%,,,True,1.3M,False,PNK,False,
RCDTF,Recordati Industria Chimica e Farmaceutica S.p.A.,58.0,2026-06-25T23:20:01.082690+00:00,False,+3.8%,True,$11800.8M,False,+22.4%,False,0.0K,True,$58.00 / SMA $57.36,False,0.00%,False,+4.9%,True,107.5M,False,PNK,False,
RCI,Rogers Communications Inc.,35.48,2026-06-24T23:59:18.309579+00:00,False,+23.8%,True,$19167.2M,True,+60.0%,True,1310.8K,False,$35.48 / SMA $36.30,False,2.47%,False,+10.2%,False,385.1M,True,NYQ,False,
RCIAF,Rogers Communications Inc.,39.0,2026-06-24T23:59:17.866929+00:00,False,+29.9%,True,$21068.8M,True,+60.0%,False,0.1K,True,$39.00 / SMA $37.03,False,0.00%,False,+10.2%,False,385.1M,False,PNK,False,
RCRRF,"Recruit Holdings Co., Ltd.",68.54,2026-06-24T23:58:51.769048+00:00,True,+76.7%,True,$95417.2M,,,False,20.8K,True,$68.54 / SMA $57.05,False,2.33%,,,False,1361.9M,False,PNK,False,
RCRUY,"Recruit Holdings Co., Ltd.",13.75,2026-06-24T23:58:51.678028+00:00,True,+81.6%,True,$95709.6M,,,True,968.8K,True,$13.75 / SMA $11.36,False,2.98%,,,False,6809.4M,False,PNK,False,
RDEIY,"Redeia Corporación, S.A.",8.63,2026-06-24T23:59:39.864964+00:00,False,+6.8%,True,$9326.4M,,,False,88.6K,False,$8.63 / SMA $8.64,True,3.56%,True,+87.2%,False,811.3M,False,PNK,False,
RDN,Radian Group Inc.,37.0,2026-06-25T23:10:18.763376+00:00,False,+17.5%,True,$4920.1M,False,+-9.2%,True,1214.5K,True,$37.00 / SMA $35.42,False,2.46%,True,+58.2%,True,130.5M,True,NYQ,False,
RDNW,"RideNow Group, Inc.",6.81,2026-06-25T23:29:30.129565+00:00,True,+254.7%,False,$262.8M,True,+57.7%,False,71.8K,False,$6.81 / SMA $7.41,True,7.64%,False,+6.4%,True,13.6M,True,NCM,False,
RDVT,"Red Violet, Inc.",56.22,2026-06-25T23:27:11.530841+00:00,False,+68.3%,True,$793.2M,False,+25.0%,False,147.0K,True,$56.22 / SMA $48.36,True,4.91%,False,+17.4%,True,12.9M,True,NCM,False,
REA,"Rare Earths Americas, Inc.",14.05,2026-06-25T23:27:39.817464+00:00,False,+1.2%,False,$279.7M,,N/A,False,406.6K,False,$14.05 / SMA_short $20.13,True,9.25%,,N/A,True,6.4M,True,ASE,False,
REAX,The Real Brokerage Inc.,1.77,2026-06-25T00:08:08.151152+00:00,False,+14.2%,True,$379.9M,False,+0.0%,True,3201.5K,False,$1.77 / SMA $1.97,True,6.06%,True,+31.5%,True,146.2M,True,NCM,False,
REDLF,REDLF,3.16,2026-06-25T23:23:41.391867+00:00,True,+239.8%,True,$3269.2M,,N/A,False,3.0K,False,$3.16 / SMA $3.23,False,1.39%,,N/A,False,986.6M,False,PNK,False,
REEMF,Rare Element Resources Ltd.,0.46,2026-06-25T23:17:27.044328+00:00,False,+17.3%,False,$296.9M,,,False,203.6K,False,$0.46 / SMA $0.65,True,10.15%,,,False,179.7M,False,OQB,False,
REG,Regency Centers Corporation,80.25,2026-06-25T23:19:57.424358+00:00,False,+20.0%,True,$15001.5M,False,+17.2%,True,1484.2K,True,$80.25 / SMA $77.95,False,1.54%,False,+8.3%,False,164.2M,True,NMS,False,
REGCO,Regency Centers Corporation,22.02,2026-06-25T23:08:19.633070+00:00,False,+3.1%,,,,,False,3.8K,False,$22.02 / SMA $22.29,False,0.82%,False,+8.3%,False,164.2M,True,NMS,False,
REGCP,Regency Centers Corporation,22.96,2026-06-24T23:59:25.347961+00:00,False,+2.7%,,,,,False,4.2K,False,$22.96 / SMA $23.23,False,0.71%,False,+8.3%,False,164.2M,True,NMS,False,
REPL,"Replimune Group, Inc.",11.13,2026-06-25T23:17:28.956556+00:00,True,+642.0%,True,$919.0M,False,+2.5%,True,7669.2K,True,$11.13 / SMA $5.86,True,9.94%,,,True,58.3M,True,NMS,False,
REPX,"Riley Exploration Permian, Inc.",32.69,2026-06-25T00:05:57.188203+00:00,False,+35.8%,True,$709.2M,False,+-348.5%,False,393.2K,False,$32.69 / SMA $35.32,True,4.05%,False,+11.2%,True,15.9M,True,ASE,False,
REPYF,"Repsol, S.A.",24.35,2026-06-24T23:59:09.757936+00:00,False,+68.2%,True,$26645.7M,True,+720.0%,False,0.7K,False,$24.35 / SMA $25.62,False,0.17%,False,+-42.6%,False,1131.3M,False,OQX,False,
REPYY,"Repsol, S.A.",23.91,2026-06-25T23:19:46.148946+00:00,False,+65.6%,True,$26136.1M,True,+720.0%,False,127.7K,False,$23.91 / SMA $25.80,False,1.55%,False,+-42.6%,False,1131.3M,False,OQX,False,
RERE,ATRenew Inc.,3.72,2026-06-25T23:13:58.593851+00:00,False,+23.6%,True,$823.9M,True,+223.1%,True,1048.6K,False,$3.72 / SMA $4.45,True,4.81%,True,+32.4%,True,131.5M,True,NYQ,False,
RES,"RPC, Inc.",5.72,2026-06-25T00:03:48.284760+00:00,False,+36.8%,True,$1267.8M,False,+-100.0%,True,1964.0K,False,$5.72 / SMA $7.07,True,4.31%,True,+36.6%,True,86.3M,True,NYQ,False,
REXR,"Rexford Industrial Realty, Inc.",33.5,2026-06-25T23:08:31.364453+00:00,False,+4.2%,True,$7750.7M,True,+26.7%,True,2355.0K,False,$33.50 / SMA $35.24,False,2.28%,False,+-2.9%,False,222.3M,True,NYQ,False,
REYN,Reynolds Consumer Products Inc.,25.73,2026-06-25T00:01:33.007861+00:00,False,+25.9%,True,$5423.0M,True,+86.7%,True,1125.9K,True,$25.73 / SMA $21.91,False,2.31%,False,+7.2%,True,54.2M,True,NMS,False,
RFAFF,RFAFF,18.43,2026-06-25T00:05:53.448683+00:00,True,+338.8%,True,$852.6M,,,False,1.4K,False,$18.43 / SMA_short $18.82,,,True,+32.6%,True,24.6M,False,OQX,False,
RFI,"Cohen & Steers Total Return Realty Fund, Inc.",11.15,2026-06-25T23:17:43.351179+00:00,False,+3.4%,False,$298.2M,,,False,96.9K,False,$11.15 / SMA $11.28,False,1.36%,,,,,True,NYQ,False,
RFMZ,"RiverNorth Flexible Municipal Income Fund II, Inc.",13.48,2026-06-25T23:17:40.346307+00:00,False,+9.6%,True,$328.3M,,,False,62.5K,True,$13.48 / SMA $13.08,False,0.87%,,,,,True,NYQ,False,
RFNDF,Rural Funds Group,1.4,2026-06-25T23:15:46.339334+00:00,False,+34.6%,True,$604.2M,,,False,0.1K,False,$1.40 / SMA $1.41,False,0.00%,,,False,377.4M,False,PNK,False,
RGAKF,RGAKF,16.9,2026-06-25T23:23:36.827026+00:00,True,+234.7%,,N/A,,N/A,False,9.0K,False,$16.90 / SMA $16.95,True,5.06%,,N/A,True,55.0M,False,PNK,False,
RGC,Regencell Bioscience Holdings Limited,7.49,2026-06-25T23:19:59.694351+00:00,False,+4.5%,True,$3703.7M,,N/A,False,147.3K,False,$7.49 / SMA $23.98,True,13.97%,,N/A,True,56.3M,True,NCM,False,
RGEDF,Gedeon Richter PLC,38.8813,2026-06-25T23:20:12.444272+00:00,False,+43.1%,True,$7091.5M,,N/A,False,0.7K,True,$38.88 / SMA $-416.50,False,1.89%,,N/A,False,182.9M,False,PNK,False,
RGEN,Repligen Corporation,145.23,2026-06-25T23:10:10.402235+00:00,False,+43.8%,True,$8192.1M,True,+50.0%,True,1094.1K,True,$145.23 / SMA $122.30,True,5.17%,False,+14.8%,True,53.4M,True,NMS,False,
RGLD,"Royal Gold, Inc.",202.24,2026-06-24T23:59:18.861181+00:00,False,+34.2%,True,$17163.4M,True,+91.9%,True,816.2K,False,$202.24 / SMA $229.72,True,3.36%,True,+142.5%,True,84.6M,True,NMS,False,
RGNX,REGENXBIO Inc.,9.97,2026-06-25T00:08:25.074683+00:00,True,+82.8%,True,$515.4M,False,+-1533.3%,True,1499.4K,True,$9.97 / SMA $8.00,True,9.16%,False,+-92.8%,True,43.0M,True,NMS,False,
RH,RH,159.92,2026-06-25T23:23:47.622824+00:00,False,+50.4%,True,$3022.6M,False,+-282.5%,True,1190.2K,True,$159.92 / SMA $139.45,True,6.75%,False,+-1.7%,True,13.7M,True,NYQ,False,
RHHBY,Roche Holding AG,51.94,2026-06-25T23:07:51.700916+00:00,False,+38.5%,True,$334539.7M,,,True,2077.5K,True,$51.94 / SMA $51.11,False,1.55%,,,False,5223.5M,False,OQX,False,
RHHVF,Roche Holding AG,411.84,2026-06-25T23:19:28.671705+00:00,False,+37.2%,True,$331291.9M,,N/A,False,5.2K,True,$411.84 / SMA $406.72,True,6.58%,,N/A,False,652.9M,False,OQX,False,
RHI,Robert Half Inc.,30.09,2026-06-25T23:23:45.470034+00:00,False,+37.8%,True,$3078.0M,False,+-18.6%,True,2521.2K,True,$30.09 / SMA $28.05,True,4.75%,False,+-3.8%,True,90.3M,True,NYQ,False,
RICFY,Recordati Industria Chimica e Farmaceutica S.p.A.,14.52,2026-06-25T23:20:00.539456+00:00,False,+56.3%,True,$11817.1M,False,+22.4%,False,0.7K,True,$14.52 / SMA $13.61,False,1.36%,False,+4.9%,False,430.0M,False,PNK,False,
RICOY,"Ricoh Company, Ltd.",8.96,2026-06-25T23:10:16.516458+00:00,False,+12.0%,True,$5085.3M,True,+1468.7%,False,0.2K,True,$8.96 / SMA $8.94,False,0.29%,,,False,426.3M,False,PNK,False,
RIG,Transocean Ltd.,5.21,2026-06-25T23:08:32.769842+00:00,True,+107.6%,True,$5766.2M,True,+154.5%,True,33106.4K,False,$5.21 / SMA $6.27,True,3.68%,False,+19.3%,False,916.7M,True,NYQ,False,
RILY,"BRC Group Holdings, Inc.",7.11,2026-06-25T23:17:29.506818+00:00,True,+145.2%,False,$285.8M,True,+1784.6%,True,938.8K,False,$7.11 / SMA $8.75,True,8.00%,True,+78.0%,True,25.1M,True,NGM,False,
RILYP,"BRC Group Holdings, Inc.",15.56,2026-06-25T00:08:03.046697+00:00,True,+799.4%,,,,,False,17.0K,True,$15.56 / SMA $14.91,True,3.13%,True,+78.0%,True,25.1M,True,NGM,False,
RIOFF,Rio2 Limited,1.715,2026-06-25T23:25:54.031285+00:00,True,+71.5%,True,$940.6M,,N/A,False,449.0K,False,$1.72 / SMA $2.07,True,7.34%,,N/A,False,510.4M,False,OQX,False,
RIOT,"Riot Platforms, Inc.",27.76,2026-06-25T23:08:28.504827+00:00,True,+186.1%,True,$10497.5M,False,+-60.0%,True,17489.2K,True,$27.76 / SMA $23.52,True,7.82%,False,+3.6%,False,348.7M,True,NCM,False,
RIVN,"Rivian Automotive, Inc.",14.64,2026-06-24T23:59:19.639835+00:00,False,+26.5%,True,$19659.6M,True,+31.2%,True,28529.0K,False,$14.64 / SMA $15.61,True,6.67%,False,+11.4%,False,784.4M,True,NMS,False,
RJF,"Raymond James Financial, Inc.",154.79,2026-06-24T23:59:08.727219+00:00,False,+11.5%,True,$30165.9M,False,+15.3%,True,1409.0K,True,$154.79 / SMA $152.96,False,2.36%,False,+13.3%,False,174.2M,True,NYQ,False,
RKLB,Rocket Lab Corporation,85.41,2026-06-24T23:58:52.121559+00:00,True,+168.8%,True,$53365.8M,True,+41.7%,True,27309.2K,False,$85.41 / SMA $105.41,True,8.95%,True,+63.5%,False,534.4M,True,NMS,False,
RKT,"Rocket Companies, Inc.",14.78,2026-06-25T23:08:04.068337+00:00,False,+21.4%,True,$41819.0M,True,+225.0%,True,26470.9K,True,$14.78 / SMA $14.26,True,5.89%,True,+161.3%,False,967.8M,True,NYQ,False,
RKUNY,"Rakuten Group, Inc.",4.33,2026-06-25T23:20:03.561179+00:00,False,+1.9%,True,$9412.1M,,N/A,False,106.5K,False,$4.33 / SMA $4.86,True,3.57%,,N/A,False,1095.0M,False,PNK,False,
RKUSF,RKUSF,6.12,2026-06-25T23:12:08.681386+00:00,False,+28.0%,True,$2167.1M,,,False,0.0K,True,$6.12 / SMA $5.59,False,0.01%,,,False,248.2M,False,PNK,False,
RLGT,"Radiant Logistics, Inc.",9.16,2026-06-25T23:29:16.760337+00:00,False,+58.5%,True,$429.0M,True,+100.0%,False,147.8K,True,$9.16 / SMA $8.52,True,3.16%,False,+0.1%,True,33.9M,True,ASE,False,
RLJ,RLJ Lodging Trust,11.53,2026-06-25T23:25:39.440327+00:00,True,+76.3%,True,$1760.6M,False,+-150.0%,True,2386.9K,True,$11.53 / SMA $9.51,False,2.61%,False,+3.6%,True,121.4M,True,NYQ,False,
RLLCF,Rolls-Royce Holdings plc,0.0016,2026-06-24T23:58:47.611866+00:00,False,+14.3%,,,,,True,2149.6K,False,$0.00 / SMA $0.00,True,14.03%,,,False,8187.5M,False,PNK,False,
RLMD,"Relmada Therapeutics, Inc.",6.45,2026-06-25T23:15:39.025739+00:00,True,+1140.4%,True,$677.2M,True,+62.1%,True,1284.0K,False,$6.45 / SMA $6.97,True,6.24%,,,True,7.7M,True,NCM,False,
RLXXF,RELX PLC,30.52,2026-06-25T23:07:59.846275+00:00,False,+13.3%,True,$53510.5M,,,False,17.0K,False,$30.52 / SMA $33.84,True,4.18%,,,False,1803.9M,False,PNK,False,
RMBS,Rambus Inc.,123.69,2026-06-25T23:08:18.252835+00:00,True,+102.2%,True,$13375.5M,False,+-1.8%,True,2598.9K,False,$123.69 / SMA $135.44,True,9.02%,False,+8.1%,True,107.3M,True,NMS,False,
RMGGF,Resolute Mining Limited,0.71,2026-06-25T23:13:43.071374+00:00,True,+86.8%,True,$1517.6M,,,False,5.8K,False,$0.71 / SMA $0.87,False,2.97%,,,False,1792.9M,False,PNK,False,
RMLFF,Rusoro Mining Ltd.,0.768,2026-06-25T00:07:49.089218+00:00,False,+22.9%,True,$487.7M,False,+-50.0%,False,63.0K,False,$0.77 / SMA $0.81,False,2.48%,,,False,399.5M,False,PNK,False,
RMLRF,Ramelius Resources Limited,2.0,2026-06-25T23:10:20.434371+00:00,False,+37.0%,True,$3792.9M,,,False,9.0K,False,$2.00 / SMA $2.48,False,2.45%,,,False,1886.3M,False,PNK,False,
RMR,The RMR Group Inc.,20.81,2026-06-25T23:15:42.434896+00:00,False,+45.8%,True,$355.7M,False,+-76.2%,False,160.2K,True,$20.81 / SMA $19.29,False,2.28%,False,+-12.6%,True,14.2M,True,NCM,False,
RMT,"Royce Micro-Cap Trust, Inc.",14.12,2026-06-25T23:15:40.058069+00:00,False,+57.4%,True,$755.1M,,,False,130.3K,True,$14.12 / SMA $13.44,False,2.19%,,,,,True,NYQ,False,
RNDOF,Round One Corporation,6.2,2026-06-25T00:03:46.860987+00:00,False,+17.2%,True,$1629.8M,,,False,0.1K,True,$6.20 / SMA $5.87,False,0.26%,,,False,168.0M,False,PNK,False,
RNGT,Range Capital Acquisition Corp II,10.09,2026-06-25T23:17:40.729385+00:00,False,+1.9%,True,$316.1M,,,False,17.4K,True,$10.09 / SMA $10.06,False,0.13%,,,True,21.5M,True,NGM,False,
RNLSY,Renault SA,5.9,2026-06-25T23:08:28.370043+00:00,False,+0.0%,True,$8643.6M,,,False,146.7K,False,$5.90 / SMA $6.49,False,2.14%,,,False,856.2M,False,PNK,False,
RNMBF,Rheinmetall AG,1077.5,2026-06-25T23:19:36.645307+00:00,False,+2.1%,True,$50149.0M,True,+26.7%,False,0.8K,False,$1077.50 / SMA $1474.28,True,5.21%,False,+7.7%,True,46.5M,False,PNK,False,
RNMBY,Rheinmetall AG,214.24,2026-06-25T23:19:36.433347+00:00,False,+1.4%,True,$49855.8M,True,+26.7%,False,85.6K,False,$214.24 / SMA $293.93,False,2.41%,False,+7.7%,False,232.7M,False,PNK,False,
RNP,"Cohen & Steers REIT and Preferred Income Fund, Inc.",20.21,2026-06-25T23:25:51.977527+00:00,False,+4.9%,True,$970.1M,,N/A,False,107.9K,False,$20.21 / SMA $20.58,False,1.70%,,N/A,,N/A,True,NYQ,False,
RNSHF,Renishaw plc,71.94,2026-06-25T23:10:17.020839+00:00,True,+140.4%,True,$6859.8M,,,False,0.1K,True,$71.94 / SMA $67.02,False,0.00%,,,True,33.9M,False,PNK,False,
RNST,Renasant Corporation,43.34,2026-06-25T23:22:04.186038+00:00,False,+31.2%,True,$3999.1M,True,+44.6%,True,686.2K,True,$43.34 / SMA $40.42,False,2.13%,True,+60.5%,True,90.3M,True,NYQ,False,
RNW,ReNew Energy Global Plc,6.37,2026-06-25T23:12:06.826068+00:00,False,+45.3%,True,$2319.9M,False,+-80.4%,True,1152.8K,True,$6.37 / SMA $5.74,True,3.68%,,,True,66.7M,True,NMS,False,
ROCK,"Gibraltar Industries, Inc.",44.19,2026-06-25T23:25:48.348096+00:00,False,+31.7%,True,$1310.8M,False,+-427.5%,False,360.9K,True,$44.19 / SMA $38.71,True,4.66%,True,+44.6%,True,29.3M,True,NMS,False,
ROG,Rogers Corporation,167.09,2026-06-25T23:23:49.381484+00:00,True,+173.2%,True,$2982.3M,True,+412.5%,False,275.7K,True,$167.09 / SMA $140.48,True,4.73%,False,+5.2%,True,16.5M,True,NYQ,False,
ROK,"Rockwell Automation, Inc.",479.39,2026-06-25T23:08:01.737226+00:00,False,+57.0%,True,$53343.6M,True,+39.6%,True,739.2K,True,$479.39 / SMA $440.47,False,2.43%,False,+11.9%,True,110.9M,True,NYQ,False,
ROKU,"Roku, Inc.",134.73,2026-06-25T23:08:15.334814+00:00,True,+71.6%,True,$19986.1M,True,+400.0%,True,4022.1K,True,$134.73 / SMA $125.01,True,4.46%,False,+22.4%,True,130.1M,True,NMS,False,
ROOT,"Root, Inc.",52.24,2026-06-25T23:15:33.770910+00:00,False,+27.7%,True,$826.8M,True,+95.3%,False,288.5K,False,$52.24 / SMA $54.67,True,6.58%,False,+12.6%,True,12.6M,True,NMS,False,
ROST,"Ross Stores, Inc.",228.59,2026-06-24T23:58:52.458847+00:00,True,+83.6%,True,$73327.3M,True,+37.4%,True,2836.9K,True,$228.59 / SMA $226.28,False,2.50%,False,+20.6%,False,313.1M,True,NMS,False,
ROYUY,Royal Unibrew A/S,6.85,2026-06-25T00:03:17.613090+00:00,False,+0.0%,True,$3281.9M,True,+40.0%,False,0.0K,True,$6.85 / SMA_short $6.85,False,0.00%,False,+3.3%,False,487.4M,False,PNK,False,
RPBPF,RPBPF,9.458,2026-06-25T23:23:54.660625+00:00,True,+166.4%,,N/A,,N/A,False,27.9K,False,$9.46 / SMA $9.94,True,6.42%,,N/A,True,78.2M,False,PNK,False,
RPGSF,RPGSF,15.0,2026-06-25T23:13:54.792988+00:00,False,+0.0%,,,,,False,24.2K,False,$15.00 / SMA_short $20.18,,,,,,,False,PNK,False,
RPHCF,"Rohto Pharmaceutical Co.,Ltd.",15.0,2026-06-25T23:11:44.539530+00:00,False,+4.6%,True,$3389.5M,,,False,0.0K,False,$15.00 / SMA $15.09,False,0.00%,,,False,200.8M,False,PNK,False,
RQI,"Cohen & Steers Quality Income Realty Fund, Inc.",12.59,2026-06-25T00:03:40.624688+00:00,False,+11.4%,True,$1693.0M,,,False,489.3K,False,$12.59 / SMA $12.98,False,1.80%,,,,,True,NYQ,False,
RR,Richtech Robotics Inc.,1.89,2026-06-25T23:15:44.368554+00:00,False,+9.2%,True,$422.6M,False,+0.0%,True,11224.8K,False,$1.89 / SMA $2.52,True,9.07%,False,+-8.8%,True,143.4M,True,NCM,False,
RREV,RRE Ventures Acquisition Corp.,9.88,2026-06-25T23:17:38.044200+00:00,False,+0.2%,,,,,False,12.7K,False,$9.88 / SMA_short $9.88,False,0.07%,,,,,True,NGM,False,
RREVU,RRE Ventures Acquisition Corp.,10.05,2026-06-25T00:08:29.345774+00:00,False,+0.9%,,,,,False,206.4K,True,$10.05 / SMA_short $10.00,False,0.79%,,,,,True,NGM,False,
RSGUF,Rogers Sugar Inc.,4.86,2026-06-25T23:27:25.364665+00:00,False,+20.0%,True,$623.4M,False,+-28.6%,False,16.6K,True,$4.86 / SMA $4.84,False,0.13%,False,+-17.0%,True,126.6M,False,PNK,False,
RSNHF,"Resona Holdings, Inc.",13.45,2026-06-24T23:59:08.053650+00:00,False,+54.1%,True,$30240.3M,,,False,96.2K,True,$13.45 / SMA $12.58,True,9.16%,,,False,2252.4M,False,PNK,False,
RSTRF,Restaurant Brands International Limited Partnership,72.33,2026-06-25T23:19:42.979989+00:00,False,+10.6%,True,$24274.2M,True,+98.0%,False,0.0K,False,$72.33 / SMA $78.61,False,0.15%,False,+7.3%,True,10.1M,False,PNK,False,
RSVR,"Reservoir Media, Inc.",10.21,2026-06-25T00:06:05.207542+00:00,False,+44.4%,True,$670.4M,True,+75.0%,False,71.7K,True,$10.21 / SMA $10.15,True,4.22%,False,+14.7%,True,14.0M,True,NGM,False,
RTMVF,Rightmove plc,5.89,2026-06-25T23:21:58.914668+00:00,False,+11.3%,True,$4375.5M,,N/A,False,0.3K,True,$5.89 / SMA $5.88,False,0.28%,,N/A,False,748.8M,False,PNK,False,
RTNTF,Rio Tinto Group,129.57,2026-06-24T23:58:46.138858+00:00,True,+85.7%,True,$210708.5M,,,False,0.2K,True,$129.57 / SMA $126.68,False,0.29%,,,False,1431.3M,False,PNK,False,
RTPPF,Rio Tinto Group,94.32,2026-06-25T23:19:30.233830+00:00,False,+62.9%,True,$153388.1M,,N/A,False,0.7K,False,$94.32 / SMA $101.59,False,0.32%,,N/A,False,1431.3M,False,PNK,False,
RUN,Sunrun Inc.,14.42,2026-06-25T00:01:42.664950+00:00,True,+106.6%,True,$3439.9M,True,+210.0%,True,8354.5K,True,$14.42 / SMA $13.51,True,6.96%,True,+43.2%,False,219.9M,True,NMS,False,
RUPRF,Rupert Resources Ltd.,7.31,2026-06-25T23:25:33.268059+00:00,True,+115.6%,True,$1721.0M,False,+0.0%,False,137.8K,True,$7.31 / SMA $7.10,True,3.28%,,N/A,False,200.5M,False,PNK,False,
RUSHA,"Rush Enterprises, Inc.",73.25,2026-06-25T23:10:16.074486+00:00,False,+60.4%,True,$5692.4M,False,+5.5%,False,449.0K,True,$73.25 / SMA $70.66,True,3.09%,False,+-9.0%,True,68.3M,True,NMS,False,
RUSHB,"Rush Enterprises, Inc.",74.49,2026-06-25T00:01:29.011685+00:00,False,+56.1%,True,$5788.8M,False,+5.5%,False,72.7K,True,$74.49 / SMA $69.24,False,2.84%,False,+-9.0%,True,68.3M,True,NMS,False,
RVRF,River Financial Corporation,48.0,2026-06-25T23:17:30.329152+00:00,False,+47.9%,True,$375.0M,True,+65.7%,False,0.1K,False,$48.00 / SMA $49.62,False,0.00%,True,+32.0%,True,7.0M,False,PNK,False,
RVT,"Royce Small-Cap Trust, Inc.",18.31,2026-06-25T23:23:51.661514+00:00,False,+23.9%,True,$2240.5M,,N/A,False,243.3K,True,$18.31 / SMA $17.93,False,2.05%,,N/A,,N/A,True,NYQ,False,
RVTY,"Revvity, Inc.",113.53,2026-06-25T23:20:03.441111+00:00,False,+39.8%,True,$12665.4M,False,+2.9%,True,1311.3K,True,$113.53 / SMA $96.52,True,3.91%,False,+7.0%,True,102.1M,True,NYQ,False,
RWTN,RWTN,24.9,2026-06-25T23:27:18.920847+00:00,False,+6.2%,,N/A,,N/A,False,7.4K,True,$24.90 / SMA $24.78,False,0.97%,,N/A,,N/A,True,NYQ,False,
RXEEY,Rexel S.A.,42.69,2026-06-24T23:59:31.371154+00:00,False,+46.2%,True,$12529.5M,,,False,20.4K,True,$42.69 / SMA $42.39,False,2.80%,,,False,233.2M,False,PNK,False,
RXLSF,Rexel S.A.,42.12,2026-06-25T23:19:59.199078+00:00,False,+48.7%,True,$12362.2M,,N/A,False,0.2K,False,$42.12 / SMA $42.66,False,0.13%,,N/A,False,233.2M,False,PNK,False,
RXRX,"Recursion Pharmaceuticals, Inc.",3.34,2026-06-25T23:13:47.848791+00:00,False,+20.6%,True,$1772.7M,True,+56.0%,True,15808.9K,True,$3.34 / SMA $3.32,True,8.50%,False,+-57.5%,False,513.1M,True,NMS,False,
RY,Royal Bank of Canada,202.16,2026-06-24T23:58:44.956780+00:00,False,+58.7%,True,$280934.2M,True,+27.5%,True,1585.6K,True,$202.16 / SMA $186.66,False,1.44%,False,+11.3%,False,1388.5M,True,NYQ,False,
RYAOF,Ryanair Holdings plc,30.26,2026-06-25T23:19:47.153191+00:00,False,+19.6%,True,$31487.0M,,N/A,False,0.2K,True,$30.26 / SMA $27.25,False,0.00%,False,+9.4%,False,900.9M,False,PNK,False,
RYDAF,Shell plc,38.95,2026-06-25T23:19:29.370031+00:00,False,+16.1%,True,$215939.3M,True,+26.6%,False,9.5K,False,$38.95 / SMA $43.12,True,3.23%,False,+0.7%,False,5493.9M,False,PNK,False,
RYTM,"Rhythm Pharmaceuticals, Inc.",108.26,2026-06-25T23:10:12.423663+00:00,True,+78.1%,True,$7425.9M,False,+-2.5%,True,798.5K,True,$108.26 / SMA $89.93,True,4.98%,True,+83.8%,True,55.7M,True,NGM,False,
RZLT,"Rezolute, Inc.",5.03,2026-06-25T00:08:31.444262+00:00,True,+370.1%,True,$484.4M,True,+40.7%,True,1943.1K,True,$5.03 / SMA $3.65,True,8.90%,,,True,66.0M,True,NCM,True,
S,"SentinelOne, Inc.",15.12,2026-06-25T00:01:22.327271+00:00,False,+28.0%,True,$5183.2M,True,+63.5%,True,8103.5K,False,$15.12 / SMA $15.70,True,4.98%,False,+20.8%,False,307.6M,True,NYQ,False,
SA,Seabridge Gold Inc.,25.54,2026-06-25T23:11:51.949469+00:00,True,+82.4%,True,$2748.7M,False,+-154.5%,True,939.7K,False,$25.54 / SMA $30.14,True,7.81%,,,True,107.6M,True,NYQ,False,
SAABY,Saab AB (publ),25.869,2026-06-24T23:59:07.566997+00:00,False,+11.1%,True,$27905.8M,False,+-0.4%,False,127.4K,False,$25.87 / SMA $29.14,False,2.79%,False,+-8.1%,False,745.2M,False,PNK,False,
SAAQ,Space Asset Acquisition Corp.,10.13,2026-06-25T23:29:26.036416+00:00,False,+2.5%,True,$394.9M,,N/A,False,62.8K,False,$10.13 / SMA $10.31,False,1.99%,,N/A,True,19.6M,True,NGM,False,
SAAQU,Space Asset Acquisition Corp.,10.62,2026-06-25T23:17:37.941581+00:00,False,+5.3%,,,,,False,4.5K,True,$10.62 / SMA $10.53,False,0.54%,,,True,19.6M,True,NGM,False,
SAC,Safeguard Acquisition Corp.,10.02,2026-06-25T00:08:30.427754+00:00,False,+1.2%,True,$314.3M,,,False,57.1K,False,$10.02 / SMA $10.05,False,0.18%,,,True,21.4M,True,NYQ,False,
SAEYY,Redcare Pharmacy NV,7.55,2026-06-25T00:05:45.429825+00:00,True,+110.3%,True,$1518.4M,False,+2.8%,False,0.4K,True,$7.55 / SMA $5.94,False,0.00%,False,+18.4%,True,138.2M,False,PNK,False,
SAFLY,Safilo Group S.p.A.,3.76,2026-06-25T23:27:07.992568+00:00,False,+68.6%,True,$737.9M,,N/A,False,0.1K,False,$3.76 / SMA $3.99,False,0.00%,,N/A,True,104.6M,False,PNK,False,
SAH,"Sonic Automotive, Inc.",83.62,2026-06-25T00:03:26.897101+00:00,False,+54.5%,True,$2642.7M,False,+-12.3%,False,267.2K,True,$83.62 / SMA $77.61,True,3.21%,False,+1.0%,True,12.1M,True,NYQ,False,
SAIA,"Saia, Inc.",428.44,2026-06-24T23:59:32.534316+00:00,True,+71.8%,True,$11397.3M,False,+0.0%,False,448.5K,False,$428.44 / SMA $449.57,True,4.38%,False,+2.4%,True,26.5M,True,NMS,False,
SAIC,Science Applications International Corporation,108.47,2026-06-25T00:01:35.529637+00:00,False,+33.8%,True,$4585.8M,True,+83.8%,True,558.6K,True,$108.47 / SMA $101.07,True,4.24%,False,+1.5%,True,39.7M,True,NMS,False,
SALRY,SalMar ASA,13.708,2026-06-25T23:20:08.412829+00:00,False,+39.4%,True,$7431.8M,False,+-44.7%,False,14.6K,False,$13.71 / SMA $14.45,False,1.87%,False,+-17.8%,False,276.3M,False,PNK,False,
SAM,"The Boston Beer Company, Inc.",180.21,2026-06-25T23:23:54.368288+00:00,False,+13.6%,True,$1876.6M,False,+-742.6%,False,266.4K,False,$180.21 / SMA $196.07,True,3.66%,False,+-4.4%,True,6.8M,True,NYQ,False,
SAN,"Banco Santander, S.A.",13.37,2026-06-24T23:58:46.599751+00:00,False,+66.7%,True,$191852.7M,True,+71.4%,True,8834.8K,True,$13.37 / SMA $12.34,False,1.97%,False,+2.9%,False,14301.4M,True,NYQ,False,
SANA,"Sana Biotechnology, Inc.",3.26,2026-06-25T23:15:36.056495+00:00,False,+25.4%,True,$907.2M,False,+19.0%,True,3810.9K,True,$3.26 / SMA $3.21,True,7.49%,,,False,177.7M,True,NMS,False,
SAP,SAP SE,148.06,2026-06-25T23:19:29.779922+00:00,False,+0.0%,True,$174552.7M,False,+9.3%,True,3436.0K,False,$148.06 / SMA $171.01,False,2.83%,False,+6.0%,False,1038.8M,True,NYQ,False,
SAPGF,SAP SE,150.0,2026-06-25T23:07:52.741913+00:00,False,+1.6%,True,$177791.2M,False,+9.3%,False,150.8K,False,$150.00 / SMA $171.63,True,3.38%,False,+6.0%,False,1038.8M,False,PNK,False,
SAPMF,Saipem SpA,5.08,2026-06-24T23:59:39.130049+00:00,True,+103.2%,True,$9856.6M,False,+-21.3%,False,5.1K,False,$5.08 / SMA $5.12,False,0.60%,,,False,1261.6M,False,PNK,False,
SAR,Saratoga Investment Corp.,22.1,2026-06-25T23:29:20.542298+00:00,False,+6.4%,True,$359.5M,,N/A,False,102.0K,False,$22.10 / SMA $22.24,False,1.58%,False,+-48.3%,,N/A,True,NYQ,False,
SARTF,Sartorius Aktiengesellschaft,192.43,2026-06-25T23:08:18.049174+00:00,False,+6.0%,True,$13287.7M,,,False,0.0K,False,$192.43 / SMA $214.94,False,0.00%,False,+-0.8%,True,27.5M,False,PNK,False,
SATS,EchoStar Corporation,103.915,2026-06-25T23:08:05.072096+00:00,True,+326.6%,True,$30116.0M,True,+28.2%,True,8308.0K,False,$103.92 / SMA $123.68,True,7.83%,False,+-5.2%,True,136.6M,True,NMS,False,
SAUHY,Straumann Holding AG,12.68,2026-06-24T23:59:19.284890+00:00,False,+34.3%,True,$20555.4M,,,False,111.1K,True,$12.68 / SMA $11.37,True,3.25%,,,False,1079.2M,False,PNK,False,
SAXJY,Sa Sa International Holdings Limited,1.975,2026-06-25T23:29:22.874910+00:00,True,+79.5%,True,$306.4M,,N/A,False,0.3K,False,$1.98 / SMA $2.09,False,0.00%,,N/A,True,55.6M,False,PNK,False,
SAXPY,Sampo Oyj,20.42,2026-06-25T23:19:45.961642+00:00,False,+2.5%,True,$26981.8M,False,+-133.3%,False,96.3K,False,$20.42 / SMA $20.87,False,1.45%,True,+36.6%,False,1021.7M,False,PNK,False,
SB,"Safe Bulkers, Inc.",6.6,2026-06-25T23:27:17.619878+00:00,True,+85.4%,True,$672.1M,True,+300.0%,True,611.3K,False,$6.60 / SMA $6.73,True,4.19%,False,+15.6%,True,51.0M,True,NYQ,False,
SBCF,Seacoast Banking Corporation of Florida,32.26,2026-06-25T00:03:20.439608+00:00,False,+25.5%,True,$3137.2M,False,+-21.6%,True,758.7K,True,$32.26 / SMA $30.85,False,2.38%,False,+16.5%,True,89.0M,True,NMS,False,
SBET,"Sharplink, Inc.",4.72,2026-06-25T00:05:34.416669+00:00,False,+1.9%,True,$1002.5M,False,+-76.6%,True,7936.2K,False,$4.72 / SMA $6.52,True,6.76%,True,+3143.0%,False,184.7M,True,NCM,False,
SBFFF,SBM Offshore N.V.,38.0,2026-06-24T23:59:49.168144+00:00,False,+46.9%,True,$6307.6M,,,False,0.0K,False,$38.00 / SMA $40.37,False,0.00%,,,True,135.2M,False,PNK,False,
SBFFY,SBM Offshore N.V.,38.03,2026-06-25T23:10:09.453071+00:00,False,+61.7%,True,$6307.4M,,,False,1.0K,False,$38.03 / SMA $40.75,False,0.00%,,,True,135.2M,False,PNK,False,
SBGI,"Sinclair, Inc.",14.03,2026-06-25T00:05:48.040811+00:00,False,+18.0%,True,$1012.5M,True,+112.2%,False,447.4K,False,$14.03 / SMA $14.40,True,3.25%,False,+4.0%,True,38.9M,True,NMS,False,
SBGOF,Standard Bank Group Limited,18.8,2026-06-24T23:59:11.230654+00:00,True,+70.6%,True,$30510.3M,,,False,2.5K,False,$18.80 / SMA $19.52,False,2.90%,,,False,1295.6M,False,PNK,False,
SBGSY,Schneider Electric S.E.,63.54,2026-06-25T23:07:53.227630+00:00,False,+30.5%,True,$178666.9M,,,False,415.6K,True,$63.54 / SMA $63.06,False,2.27%,,,False,2811.1M,False,PNK,False,
SBH,"Sally Beauty Holdings, Inc.",14.32,2026-06-25T00:05:35.437449+00:00,False,+65.4%,True,$1366.2M,False,+13.2%,True,1483.2K,True,$14.32 / SMA $13.37,True,4.29%,False,+2.3%,True,93.9M,True,NYQ,False,
SBKFF,State Bank of India,106.0,2026-06-25T23:07:56.527691+00:00,False,+17.5%,True,$97844.5M,False,+-3.1%,False,0.1K,False,$106.00 / SMA $107.90,False,0.06%,False,+-0.2%,False,408.6M,False,PNK,False,
SBMFF,Sino Biopharmaceutical Limited,0.7779,2026-06-24T23:59:31.844593+00:00,False,+29.2%,True,$13874.9M,,,False,0.2K,True,$0.78 / SMA $0.69,False,0.00%,,,False,8768.7M,False,PNK,False,
SBNC,"Southern BancShares (N.C.), Inc.",12100.0,2026-06-25T23:25:55.792529+00:00,False,+44.0%,True,$918.9M,,N/A,False,0.0K,True,$12100.00 / SMA $11804.08,False,0.31%,,N/A,,N/A,False,OID,False,
SBS,Companhia de Saneamento Básico do Estado de São Paulo - SABESP,5.63,2026-06-25T23:08:14.210412+00:00,False,+49.1%,True,$19743.3M,False,+16.3%,True,6463.8K,False,$5.63 / SMA $6.01,False,2.71%,False,+18.3%,False,2343.5M,True,NYQ,False,
SBSI,"Southside Bancshares, Inc.",35.13,2026-06-25T23:14:00.051700+00:00,False,+33.5%,True,$1045.2M,False,+9.9%,False,93.0K,True,$35.13 / SMA $32.97,False,2.79%,False,+9.7%,True,28.1M,True,NYQ,False,
SBSNY,Vend Marketplaces ASA,25.58,2026-06-25T23:21:53.015375+00:00,False,+42.1%,True,$5264.5M,False,+-123.1%,False,7.1K,False,$25.58 / SMA $26.28,True,3.39%,False,+1.6%,False,184.3M,False,PNK,False,
SBSW,Sibanye Stillwater Limited,8.8,2026-06-25T23:20:10.337023+00:00,False,+26.6%,True,$6365.7M,,N/A,True,5053.1K,False,$8.80 / SMA $11.63,True,4.35%,,N/A,False,1409.7M,True,NYQ,False,
SBUX,Starbucks Corporation,103.16,2026-06-25T23:07:55.006466+00:00,False,+32.3%,True,$117571.5M,True,+32.6%,True,7603.3K,True,$103.16 / SMA $101.25,False,2.59%,False,+8.8%,False,1137.4M,True,NMS,False,
SBYSF,Sibanye Stillwater Limited,2.54,2026-06-24T23:59:42.223843+00:00,False,+45.1%,True,$7303.3M,,,False,0.5K,False,$2.54 / SMA $2.96,False,0.00%,,,False,2819.4M,False,PNK,False,
SCAFF,SCAFF,9.63,2026-06-25T23:20:03.916845+00:00,True,+83.4%,,N/A,,N/A,False,4.8K,False,$9.63 / SMA_short $10.40,False,0.73%,,N/A,False,208.0M,False,PNK,False,
SCBFF,Standard Chartered PLC,26.98,2026-06-24T23:58:55.302405+00:00,False,+69.6%,True,$58684.5M,,,False,13.9K,True,$26.98 / SMA $25.30,False,2.24%,False,+6.4%,False,1764.3M,False,PNK,False,
SCBFY,Standard Chartered PLC,54.24,2026-06-25T23:08:00.244070+00:00,False,+67.7%,True,$58974.4M,,,False,212.0K,True,$54.24 / SMA $51.67,False,1.98%,False,+6.4%,False,17641.4M,False,PNK,False,
SCCTY,Scout24 SE,43.81,2026-06-25T00:01:24.099725+00:00,False,+8.4%,True,$6274.2M,,,False,0.2K,True,$43.81 / SMA $43.34,False,0.00%,,,True,137.5M,False,PNK,False,
SCL,Stepan Company,55.05,2026-06-25T00:05:36.879273+00:00,False,+31.6%,True,$1250.4M,False,+-310.5%,False,141.5K,True,$55.05 / SMA $51.66,False,2.79%,False,+1.9%,True,21.4M,True,NYQ,False,
SCRPF,Sembcorp Industries Ltd,4.85,2026-06-25T23:08:28.787792+00:00,False,+14.5%,True,$8633.9M,,,False,0.5K,False,$4.85 / SMA $5.20,False,0.05%,,,False,868.8M,False,PNK,False,
SCSC,"ScanSource, Inc.",50.53,2026-06-25T23:25:55.435077+00:00,False,+49.7%,True,$1027.0M,False,+5.4%,False,232.3K,True,$50.53 / SMA $44.47,True,3.16%,False,+8.8%,True,19.9M,True,NMS,False,
SCSHF,The Scottish Oriental Smaller Companies Trust plc,3.5,2026-06-25T00:08:01.501908+00:00,False,+12.5%,,,,,False,5.5K,True,$3.50 / SMA_short $3.40,,,,,,,False,PNK,False,
SCTBF,Securitas AB (publ),15.43,2026-06-25T23:20:06.498129+00:00,False,+6.4%,True,$9248.4M,False,+22.3%,False,0.2K,False,$15.43 / SMA $17.20,False,0.24%,False,+-8.6%,False,467.6M,False,PNK,False,
SCTBY,Securitas AB (publ),17.0,2026-06-25T23:08:28.055810+00:00,False,+21.1%,True,$10189.5M,False,+22.3%,False,0.7K,False,$17.00 / SMA $17.97,False,2.24%,False,+-8.6%,False,467.6M,False,PNK,False,
SCZM,Santacruz Silver Mining Ltd.,6.44,2026-06-25T23:27:08.440431+00:00,True,+140.8%,True,$597.3M,True,+172.7%,True,526.0K,False,$6.44 / SMA $8.02,True,7.59%,True,+81.4%,True,86.4M,True,NCM,False,
SDHC,Smith Douglas Homes Corp.,14.28,2026-06-25T23:27:30.236710+00:00,False,+33.2%,False,$119.2M,False,+-80.0%,False,102.4K,True,$14.28 / SMA $13.05,True,6.65%,False,+-8.1%,True,6.1M,True,NYQ,False,
SDHI,Siddhi Acquisition Corp.,10.42,2026-06-25T23:17:33.468134+00:00,False,+3.3%,True,$363.0M,,,False,31.8K,True,$10.42 / SMA $10.39,False,0.06%,,,True,26.2M,True,NGM,False,
SDHIU,Siddhi Acquisition Corp.,10.6,2026-06-25T00:08:15.042804+00:00,False,+10.4%,,,,,False,0.0K,True,$10.60 / SMA $10.57,False,0.00%,,,True,26.2M,True,NGM,False,
SDVKY,Sandvik AB (publ),40.34,2026-06-24T23:58:56.650668+00:00,True,+81.9%,True,$50601.9M,False,+4.0%,False,102.3K,False,$40.34 / SMA $40.89,False,2.17%,False,+4.7%,False,1024.9M,False,PNK,False,
SDZNY,Sandoz Group AG,87.135,2026-06-24T23:59:03.111304+00:00,False,+66.6%,True,$37800.2M,,,False,29.7K,True,$87.14 / SMA $83.17,False,1.59%,,,False,414.3M,False,OQX,False,
SEEMF,Seeing Machines Limited,0.06167,2026-06-25T23:29:26.483740+00:00,True,+93.3%,False,$296.0M,,N/A,False,39.3K,True,$0.06 / SMA $0.06,True,3.08%,,N/A,False,3255.9M,False,PNK,False,
SEG,Seaport Entertainment Group Inc.,26.35,2026-06-25T23:17:42.055442+00:00,False,+50.0%,True,$337.3M,False,+-38.2%,False,59.1K,True,$26.35 / SMA $23.55,True,4.08%,False,+-20.7%,True,7.4M,True,NYQ,False,
SEGXF,SEGRO Plc,11.48,2026-06-25T23:19:59.783755+00:00,False,+40.3%,True,$15530.3M,,N/A,False,1.1K,True,$11.48 / SMA $9.74,False,0.37%,,N/A,False,1230.6M,False,PNK,False,
SEI,"Solaris Energy Infrastructure, Inc.",79.43,2026-06-25T23:10:15.232143+00:00,True,+223.3%,True,$7419.3M,True,+128.6%,True,2345.5K,True,$79.43 / SMA $73.13,True,6.90%,True,+55.3%,True,55.4M,True,NYQ,True,
SENEA,Seneca Foods Corporation,168.16,2026-06-25T23:15:34.477879+00:00,True,+76.0%,True,$1139.6M,,,False,143.5K,True,$168.16 / SMA $144.99,True,5.57%,False,+13.9%,True,4.7M,True,NMS,False,
SENEB,Seneca Foods Corporation,158.5,2026-06-25T23:13:59.965228+00:00,False,+63.4%,True,$1074.2M,,,False,0.2K,True,$158.50 / SMA $145.15,False,0.94%,False,+13.9%,True,4.7M,True,NMS,False,
SEOAY,Stora Enso Oyj,10.68,2026-06-24T23:59:41.219313+00:00,False,+7.7%,True,$8422.5M,True,+109.3%,False,49.8K,False,$10.68 / SMA $11.43,False,1.81%,False,+1.6%,False,695.5M,False,OQX,False,
SEOJF,Stora Enso Oyj,8.73,2026-06-25T23:21:46.863989+00:00,False,+2.0%,True,$6884.7M,True,+109.3%,False,0.2K,False,$8.73 / SMA $9.80,False,0.00%,False,+1.6%,False,695.5M,False,OQX,False,
SEPN,"Septerna, Inc.",34.54,2026-06-25T23:13:53.007927+00:00,True,+236.6%,True,$1556.9M,True,+61.2%,False,324.9K,True,$34.54 / SMA $28.68,True,6.51%,True,+12011.0%,True,23.1M,True,NGM,False,
SESPF,SeSa S.p.A.,104.0,2026-06-25T23:13:47.471711+00:00,False,+16.9%,True,$1568.3M,,,False,0.0K,True,$104.00 / SMA $95.90,False,0.00%,False,+10.6%,True,6.7M,False,PNK,False,
SEYMF,"Solaria Energía y Medio Ambiente, S.A.",27.0,2026-06-25T23:22:03.737595+00:00,True,+242.6%,True,$3581.2M,False,+15.8%,False,0.0K,False,$27.00 / SMA $27.00,False,0.00%,True,+45.4%,True,37.1M,False,PNK,False,
SEZL,Sezzle Inc.,159.27,2026-06-25T00:01:43.133804+00:00,True,+221.8%,True,$5355.8M,True,+47.0%,True,717.7K,True,$159.27 / SMA $106.72,True,6.91%,True,+29.2%,True,17.0M,True,NCM,True,
SF,Stifel Financial Corp.,71.47,2026-06-25T23:20:02.866367+00:00,False,+5.4%,True,$10963.6M,True,+469.2%,True,1392.1K,False,$71.47 / SMA $74.35,False,2.36%,False,+18.1%,True,139.6M,True,NYQ,False,
SFBQF,SoftBank Corp.,1.28,2026-06-24T23:58:53.315330+00:00,False,+9.4%,True,$61221.0M,,,False,76.8K,False,$1.28 / SMA $1.36,True,6.38%,,,False,28412.1M,False,PNK,False,
SFFLY,Schaeffler AG,10.53,2026-06-25T23:20:03.963578+00:00,True,+123.6%,True,$9949.6M,,N/A,False,4.3K,False,$10.53 / SMA $10.61,True,3.89%,False,+-3.2%,False,208.0M,False,PNK,False,
SFHOY,SFHOY,14.96,2026-06-24T23:59:12.926396+00:00,False,+2.0%,True,$19692.3M,False,+11.1%,False,29.8K,False,$14.96 / SMA $16.79,True,3.90%,False,+6.1%,False,583.5M,False,PNK,False,
SFRRF,Sandfire Resources Limited,14.505,2026-06-25T00:01:25.162394+00:00,True,+107.2%,True,$6773.1M,,,False,0.3K,True,$14.51 / SMA $12.62,False,0.04%,,,False,460.0M,False,PNK,False,
SGBAF,SES S.A.,7.35,2026-06-25T23:21:59.926212+00:00,False,+33.2%,True,$3112.1M,,N/A,False,2.1K,False,$7.35 / SMA $8.92,False,2.79%,True,+70.4%,False,301.0M,False,PNK,False,
SGGEF,The Sage Group plc,10.9,2026-06-25T23:08:26.478393+00:00,False,+3.3%,True,$9820.6M,,,False,0.7K,False,$10.90 / SMA $11.88,False,0.10%,,,False,853.9M,False,PNK,False,
SGHC,Super Group (SGHC) Limited,13.32,2026-06-24T23:59:47.620590+00:00,False,+57.4%,True,$6767.6M,True,+46.7%,True,3608.2K,True,$13.32 / SMA $12.87,True,4.18%,False,+18.4%,False,265.5M,True,NYQ,False,
SGI,Somnigroup International Inc.,78.59,2026-06-25T23:19:57.899508+00:00,False,+30.1%,True,$16532.6M,True,+388.2%,True,3119.5K,True,$78.59 / SMA $72.34,True,3.94%,False,+12.3%,False,187.5M,True,NYQ,False,
SGIOY,"Shionogi & Co., Ltd.",8.7,2026-06-25T23:19:54.901479+00:00,False,+13.7%,True,$14807.0M,,N/A,False,159.5K,False,$8.70 / SMA $9.41,False,2.06%,,N/A,False,1702.0M,False,PNK,False,
SGML,Sigma Lithium Corporation,12.48,2026-06-25T00:03:45.687818+00:00,True,+193.6%,True,$1398.6M,True,+150.0%,True,3888.6K,False,$12.48 / SMA $17.57,True,7.02%,False,+-11.2%,True,59.9M,True,NCM,False,
SGMT,Sagimet Biosciences Inc.,6.86,2026-06-25T23:17:26.234761+00:00,False,+52.4%,True,$423.6M,True,+41.1%,True,1616.4K,False,$6.86 / SMA $7.01,True,5.27%,,,True,59.1M,True,NGM,False,
SGP,"SpyGlass Pharma, Inc.",19.55,2026-06-25T00:06:03.984381+00:00,False,+14.6%,True,$653.6M,,,False,73.1K,False,$19.55 / SMA $21.65,True,6.43%,,,True,6.5M,True,NMS,False,
SGRY,"Surgery Partners, Inc.",15.46,2026-06-25T23:13:45.337080+00:00,False,+35.5%,True,$2022.0M,False,+6.7%,True,1357.3K,True,$15.46 / SMA $14.15,True,3.83%,False,+4.5%,True,54.2M,True,NMS,False,
SGSOF,SGS SA,115.0,2026-06-25T23:19:49.941553+00:00,False,+19.4%,True,$22745.3M,,N/A,False,0.2K,True,$115.00 / SMA $111.07,False,0.71%,,N/A,False,165.7M,False,PNK,False,
SHAK,Shake Shack Inc.,54.75,2026-06-25T00:03:24.138122+00:00,False,+6.1%,True,$2342.3M,False,+-110.0%,True,2145.6K,False,$54.75 / SMA $73.73,True,5.10%,False,+14.3%,True,38.5M,True,NYQ,False,
SHASF,Shamaran Petroleum Ltd,0.1,2026-06-25T00:08:04.576757+00:00,True,+900.0%,False,$288.8M,,,False,15.4K,False,$0.10 / SMA $0.13,True,2386.96%,False,+6.0%,False,2119.1M,False,PNK,False,
SHBBF,SHBBF,72.34,2026-06-25T23:08:31.778858+00:00,False,+50.5%,True,$7376.3M,False,+-13.3%,False,1.3K,True,$72.34 / SMA $71.24,False,0.87%,False,+-11.8%,True,69.2M,False,PNK,False,
SHCAF,Sharp Corporation,3.646,2026-06-25T23:12:04.872578+00:00,False,+0.0%,True,$2367.4M,,,False,0.0K,False,$3.65 / SMA $3.93,False,0.00%,,,False,238.7M,False,PNK,False,
SHECF,"Shin-Etsu Chemical Co., Ltd.",42.85,2026-06-25T23:19:34.772516+00:00,False,+60.2%,True,$79681.7M,,N/A,False,11.3K,False,$42.85 / SMA $44.68,True,6.64%,,N/A,False,1855.4M,False,PNK,False,
SHECY,"Shin-Etsu Chemical Co., Ltd.",21.79,2026-06-25T23:07:56.893547+00:00,False,+59.8%,True,$81039.1M,,,False,449.4K,False,$21.79 / SMA $22.54,False,2.85%,,,False,3710.9M,False,PNK,False,
SHEL,Shell plc,77.7,2026-06-24T23:58:45.667379+00:00,False,+15.5%,True,$215384.9M,True,+26.6%,True,7638.6K,False,$77.70 / SMA $85.62,False,1.49%,False,+0.7%,False,2747.0M,True,NYQ,False,
SHEN,Shenandoah Telecommunications Company,15.03,2026-06-25T23:25:55.944968+00:00,False,+55.4%,True,$831.5M,False,+-63.2%,False,332.4K,False,$15.03 / SMA $15.91,True,3.97%,False,+4.8%,True,44.9M,True,NMS,False,
SHJBF,"Shanghai Junshi Biosciences Co., Ltd.",3.35,2026-06-25T00:01:27.127247+00:00,True,+70.1%,True,$4841.9M,,,False,0.0K,True,$3.35 / SMA $3.22,False,0.00%,,,False,727.4M,False,PNK,False,
SHLRF,Schindler Holding AG,314.5,2026-06-24T23:59:05.971973+00:00,False,+3.0%,True,$35121.6M,False,+-0.4%,False,0.0K,False,$314.50 / SMA $320.61,False,0.09%,False,+-9.2%,True,63.0M,False,PNK,False,
SHMDF,Shimano Inc.,102.74,2026-06-25T23:08:29.854428+00:00,False,+9.1%,True,$8763.9M,,,False,0.0K,True,$102.74 / SMA $102.73,False,0.00%,,,True,71.8M,False,PNK,False,
SHOO,"Steven Madden, Ltd.",42.29,2026-06-25T00:03:19.281791+00:00,True,+90.0%,True,$3090.8M,True,+75.4%,True,1031.8K,True,$42.29 / SMA $40.85,True,3.39%,False,+18.0%,True,71.4M,True,NMS,False,
SHOP,Shopify Inc.,111.62,2026-06-25T23:19:31.548622+00:00,False,+18.7%,True,$144844.2M,False,+15.1%,True,10238.5K,False,$111.62 / SMA $113.64,True,4.92%,True,+34.3%,False,1216.5M,True,NMS,False,
SHTDF,Sinopharm Group Co. Ltd.,2.29,2026-06-25T23:20:12.577969+00:00,False,+8.5%,True,$7146.3M,,N/A,False,0.1K,False,$2.29 / SMA $2.38,False,0.00%,,N/A,False,1341.8M,False,PNK,False,
SHTLF,South32 Limited,3.03,2026-06-24T23:59:25.810915+00:00,True,+78.2%,True,$13932.5M,,,False,0.3K,False,$3.03 / SMA $3.16,False,0.74%,,,False,4230.9M,False,PNK,False,
SHW,The Sherwin-Williams Company,339.08,2026-06-25T23:19:35.627610+00:00,False,+17.0%,True,$83629.2M,False,+7.5%,True,2076.2K,True,$339.08 / SMA $316.02,False,2.53%,False,+6.8%,False,228.6M,True,NYQ,False,
SHWDF,Resonac Holdings Corporation,111.7,2026-06-24T23:59:19.138980+00:00,True,+382.5%,True,$20215.9M,,,False,0.9K,True,$111.70 / SMA $93.35,False,0.05%,,,False,180.9M,False,PNK,False,
SHWDY,Resonac Holdings Corporation,112.02,2026-06-25T23:08:13.731628+00:00,True,+421.3%,True,$20273.8M,,,False,0.1K,True,$112.02 / SMA $100.39,False,0.38%,,,False,180.9M,False,PNK,False,
SHWGY,Shandong Weigao Group Medical Polymer Company Limited,1.58,2026-06-25T23:12:08.200713+00:00,False,+0.0%,True,$1756.9M,,,False,0.6K,False,$1.58 / SMA $1.68,False,0.50%,,,False,594.1M,False,PNK,False,
SIDU,"Sidus Space, Inc.",2.5,2026-06-25T23:29:15.127384+00:00,True,+298.1%,False,$243.4M,True,+77.1%,True,25953.2K,False,$2.50 / SMA $3.90,True,13.70%,True,+50.7%,True,80.7M,True,NCM,False,
SIELF,"Shanghai Electric Group Co., Ltd.",0.57,2026-06-25T23:08:17.727224+00:00,False,+54.7%,True,$19182.4M,True,+30.3%,False,0.2K,True,$0.57 / SMA $0.55,False,0.00%,False,+9.3%,False,7509.5M,False,PNK,False,
SIG,Signet Jewelers Limited,85.09,2026-06-25T00:05:59.517455+00:00,False,+18.8%,True,$3305.7M,False,+0.0%,True,853.1K,False,$85.09 / SMA $85.86,True,4.84%,False,+0.8%,True,34.7M,True,NYQ,False,
SIGA,"SIGA Technologies, Inc.",3.95,2026-06-25T23:17:37.224649+00:00,False,+1.7%,False,$283.3M,False,+-400.0%,True,558.5K,False,$3.95 / SMA $4.48,False,2.89%,False,+-11.3%,True,41.0M,True,NGM,False,
SIGCY,SIG Group AG,15.73,2026-06-25T23:10:13.842516+00:00,False,+61.7%,True,$6078.6M,,,False,2.6K,True,$15.73 / SMA $15.26,False,0.75%,,,False,315.0M,False,PNK,False,
SIGI,"Selective Insurance Group, Inc.",94.51,2026-06-25T23:21:53.867562+00:00,False,+31.7%,True,$5658.3M,False,+-10.2%,True,546.2K,True,$94.51 / SMA $86.85,False,2.32%,False,+5.7%,True,55.4M,True,NMS,False,
SIGIP,"Selective Insurance Group, Inc.",15.8765,2026-06-25T23:10:15.507831+00:00,False,+2.8%,,,,,False,20.0K,False,$15.88 / SMA $16.16,False,0.87%,False,+5.7%,True,55.4M,True,NMS,False,
SILA,"Sila Realty Trust, Inc.",30.33,2026-06-25T00:03:45.723527+00:00,False,+38.2%,True,$1675.5M,True,+69.2%,True,786.7K,True,$30.33 / SMA $29.76,False,0.13%,False,+9.1%,True,54.7M,True,NYQ,False,
SIMO,Silicon Motion Technology Corporation,321.66,2026-06-24T23:59:40.171234+00:00,True,+358.7%,True,$10906.8M,True,+251.4%,True,1000.9K,True,$321.66 / SMA $241.93,True,8.21%,True,+105.5%,True,32.1M,True,NMS,True,
SITE,"SiteOne Landscape Supply, Inc.",111.53,2026-06-25T00:01:30.283049+00:00,False,+11.0%,True,$4941.7M,False,+1.6%,True,833.5K,False,$111.53 / SMA $119.37,True,3.48%,False,+0.1%,True,41.3M,True,NYQ,False,
SITIY,SITC International Holdings Company Limited,40.36,2026-06-25T23:20:01.858214+00:00,False,+41.0%,True,$10859.4M,,N/A,False,1.1K,False,$40.36 / SMA $43.35,False,1.32%,,N/A,True,132.1M,False,PNK,False,
SITM,SiTime Corporation,675.7,2026-06-25T23:08:14.619176+00:00,True,+262.3%,True,$17836.3M,True,+80.2%,False,498.9K,True,$675.70 / SMA $668.28,True,7.15%,True,+88.3%,True,23.0M,True,NGM,False,
SIVEF,Sivers Semiconductors AB (publ),7.39,2026-06-25T23:12:06.405231+00:00,True,+669.8%,True,$2183.1M,True,+26.3%,True,6068.9K,True,$7.39 / SMA $6.53,True,12.13%,False,+-21.5%,False,228.8M,False,PNK,False,
SJM,The J. M. Smucker Company,112.5,2026-06-25T23:08:25.070919+00:00,False,+27.5%,True,$11999.5M,True,+153.1%,True,1853.6K,True,$112.50 / SMA $102.17,False,2.81%,False,+5.8%,True,104.3M,True,NYQ,False,
SJMHY,SJM Holdings Limited,0.714,2026-06-25T23:13:45.875358+00:00,False,+0.0%,True,$1267.7M,,,False,0.3K,False,$0.71 / SMA $1.04,False,0.17%,,,False,607.3M,False,PNK,False,
SKE,Skeena Resources Limited,25.52,2026-06-25T00:01:43.356315+00:00,True,+84.8%,True,$3166.6M,False,+-138.9%,True,805.3K,False,$25.52 / SMA $30.04,True,5.85%,,,True,91.5M,True,NYQ,False,
SKFRY,AB SKF (publ),25.58,2026-06-24T23:59:34.075633+00:00,False,+16.4%,True,$11647.9M,False,+7.9%,False,21.3K,True,$25.58 / SMA $25.54,False,2.06%,False,+-11.5%,False,454.8M,False,PNK,False,
SKHCF,Sonic Healthcare Limited,12.76,2026-06-25T00:01:24.991881+00:00,False,+6.3%,True,$6757.6M,,,False,0.6K,False,$12.76 / SMA $13.25,False,0.00%,,,False,458.2M,False,PNK,False,
SKHSY,"Sekisui House, Ltd.",19.88,2026-06-24T23:59:28.078959+00:00,False,+0.9%,True,$12887.0M,True,+75.2%,False,125.6K,False,$19.88 / SMA $21.20,False,1.54%,False,+1.7%,False,611.6M,False,OID,False,
SKLTF,SEEK Limited,8.825,2026-06-25T00:01:40.536157+00:00,False,+0.0%,True,$3159.1M,,,False,0.0K,False,$8.82 / SMA $10.68,False,0.00%,,,False,342.8M,False,PNK,False,
SKLTY,SEEK Limited,17.49,2026-06-25T23:11:51.518332+00:00,False,+1.8%,True,$3130.4M,,,False,9.0K,False,$17.49 / SMA $19.43,False,1.39%,,,False,171.4M,False,PNK,False,
SKSBF,Skanska AB (publ),26.4,2026-06-25T23:20:03.763130+00:00,False,+17.3%,True,$10931.7M,False,+3.7%,False,0.5K,True,$26.40 / SMA $26.26,False,0.00%,False,+-10.0%,False,372.2M,False,PNK,False,
SKSUF,"Sekisui Chemical Co., Ltd.",14.69,2026-06-25T00:01:24.158649+00:00,False,+0.0%,True,$5930.4M,,,False,0.0K,False,$14.69 / SMA $15.69,False,0.00%,,,False,375.9M,False,PNK,False,
SKWD,"Skyward Specialty Insurance Group, Inc.",55.4,2026-06-25T23:23:55.183347+00:00,False,+36.5%,True,$2246.1M,False,+7.9%,False,393.2K,True,$55.40 / SMA $46.88,True,3.38%,True,+44.4%,True,36.7M,True,NMS,False,
SKY,"Champion Homes, Inc.",88.23,2026-06-25T00:01:39.037403+00:00,False,+46.7%,True,$4843.3M,False,+-15.9%,True,685.2K,True,$88.23 / SMA $75.66,True,4.38%,False,+4.6%,True,54.0M,True,NYQ,False,
SKYH,Sky Harbour Group Corporation,9.49,2026-06-25T00:06:04.632684+00:00,False,+15.5%,True,$726.3M,False,+15.8%,False,140.6K,False,$9.49 / SMA $9.74,True,3.15%,True,+56.0%,True,19.3M,True,NYQ,False,
SKYW,"SkyWest, Inc.",98.29,2026-06-25T23:11:47.702235+00:00,False,+26.2%,True,$3898.2M,False,+3.3%,False,396.6K,True,$98.29 / SMA $87.46,True,3.09%,False,+6.8%,True,39.0M,True,NMS,False,
SLAB,Silicon Laboratories Inc.,217.95,2026-06-25T23:08:33.970407+00:00,True,+88.7%,True,$7188.4M,True,+48.9%,False,406.5K,True,$217.95 / SMA $217.24,False,0.69%,False,+20.1%,True,32.4M,True,NMS,False,
SLCVF,SLCVF,0.26,2026-06-25T00:05:31.988338+00:00,True,+116.7%,True,$1237.1M,False,+-455.6%,False,1.0K,False,$0.26 / SMA $0.28,False,0.00%,False,+-0.9%,False,3235.0M,False,PNK,False,
SLDB,Solid Biosciences Inc.,8.86,2026-06-25T23:15:42.238431+00:00,True,+133.8%,True,$872.3M,False,+11.9%,True,1473.7K,True,$8.86 / SMA $7.40,True,7.61%,,,True,53.7M,True,NMS,False,
SLDE,"Slide Insurance Holdings, Inc.",18.06,2026-06-25T23:23:52.299668+00:00,False,+44.1%,True,$2068.9M,True,+37.8%,True,1424.8K,True,$18.06 / SMA $18.05,True,3.68%,True,+38.2%,True,56.1M,True,NMS,False,
SLDP,"Solid Power, Inc.",2.6,2026-06-25T23:15:41.009972+00:00,False,+36.1%,True,$585.0M,True,+25.0%,True,6556.1K,False,$2.60 / SMA $3.14,True,6.58%,False,+-58.9%,False,193.0M,True,NMS,False,
SLF,Sun Life Financial Inc.,77.5,2026-06-25T23:19:41.518431+00:00,False,+37.9%,True,$42958.2M,False,+-48.1%,True,723.3K,True,$77.50 / SMA $72.46,False,1.49%,False,+-22.7%,False,553.0M,True,NYQ,False,
SLGN,Silgan Holdings Inc.,45.33,2026-06-25T23:22:02.727036+00:00,False,+27.0%,True,$4790.5M,False,+-4.8%,True,825.0K,True,$45.33 / SMA $39.32,False,2.86%,False,+6.4%,True,88.4M,True,NYQ,False,
SLI,Standard Lithium Ltd.,2.93,2026-06-25T23:15:34.193383+00:00,False,+62.8%,True,$714.5M,False,+0.0%,True,1794.3K,False,$2.93 / SMA $3.73,True,5.51%,,,False,236.3M,True,ASE,False,
SLLDY,Sanlam Limited,11.14,2026-06-24T23:59:38.175215+00:00,False,+18.8%,True,$11639.9M,,,False,60.3K,True,$11.14 / SMA $10.65,False,1.89%,,,False,844.4M,False,PNK,False,
SLOIY,Soitec SA,60.78,2026-06-25T23:20:12.013186+00:00,True,+362.9%,True,$4342.1M,,N/A,False,10.6K,False,$60.78 / SMA $78.91,True,6.40%,,N/A,True,54.2M,False,PNK,False,
SLS,"SELLAS Life Sciences Group, Inc.",10.53,2026-06-25T23:13:50.200552+00:00,True,+657.6%,True,$2070.5M,True,+28.6%,True,7465.0K,True,$10.53 / SMA $6.87,True,9.21%,,,False,185.2M,True,NCM,False,
SLSR,Solaris Resources Inc.,8.12,2026-06-25T23:13:47.448678+00:00,True,+83.3%,True,$1356.3M,True,+70.0%,False,127.2K,False,$8.12 / SMA $9.83,True,6.26%,,,True,81.1M,True,ASE,False,
SLTCY,Siltronic AG,10.3156,2026-06-25T00:03:17.464447+00:00,True,+129.2%,True,$3244.9M,,,False,1.8K,True,$10.32 / SMA $9.99,False,0.79%,False,+-15.0%,False,150.9M,False,PNK,False,
SLVM,Sylvamo Corporation,39.82,2026-06-25T00:03:50.054744+00:00,False,+12.1%,True,$1582.3M,False,+-112.3%,False,355.8K,False,$39.82 / SMA $40.49,True,3.48%,False,+-8.0%,True,30.7M,True,NYQ,False,
SLVTF,Silver Tiger Metals Inc.,0.517,2026-06-25T23:29:26.528460+00:00,True,+72.3%,False,$292.6M,,N/A,False,416.6K,False,$0.52 / SMA $0.59,True,10.43%,,N/A,False,543.7M,False,OQX,False,
SLVYY,Solvay SA,3.04,2026-06-25T00:03:17.925524+00:00,False,+9.7%,True,$3236.9M,False,+-68.8%,False,40.8K,True,$3.04 / SMA $2.99,False,1.49%,False,+-8.1%,False,661.2M,False,PNK,False,
SMA,"SmartStop Self Storage REIT, Inc.",32.85,2026-06-25T00:03:39.209024+00:00,False,+11.7%,True,$1818.7M,True,+148.6%,True,665.0K,True,$32.85 / SMA $31.58,False,2.28%,False,+19.7%,True,54.9M,True,NYQ,False,
SMAWF,Siemens Aktiengesellschaft,307.12,2026-06-24T23:58:45.447224+00:00,False,+34.6%,True,$234253.7M,,,False,5.5K,True,$307.12 / SMA $301.50,True,4.69%,False,+-0.0%,False,777.3M,False,PNK,False,
SMBC,"Southern Missouri Bancorp, Inc.",74.76,2026-06-25T23:27:06.689094+00:00,False,+57.1%,True,$823.5M,False,+15.1%,False,99.7K,True,$74.76 / SMA $69.07,False,2.50%,False,+8.9%,True,9.3M,True,NGM,False,
SMBK,"SmartFinancial, Inc.",46.66,2026-06-25T23:27:12.011585+00:00,False,+43.5%,True,$797.8M,False,+20.9%,False,76.3K,True,$46.66 / SMA $42.38,False,2.87%,False,+14.9%,True,15.2M,True,NYQ,False,
SMBMY,Seatrium Limited,15.0,2026-06-25T00:01:24.751171+00:00,False,+0.0%,True,$5083.1M,,,False,0.2K,False,$15.00 / SMA $17.94,False,0.01%,,,False,216.4M,False,PNK,False,
SMCAY,SMC Corporation,21.55,2026-06-25T23:19:47.225175+00:00,False,+50.6%,True,$27181.2M,,N/A,False,316.7K,False,$21.55 / SMA $22.32,False,2.51%,,N/A,False,1118.0M,False,PNK,False,
SMDRF,Sierra Madre Gold and Silver Ltd.,1.15,2026-06-25T00:08:29.533779+00:00,True,+178.3%,False,$226.3M,,,False,64.3K,False,$1.15 / SMA $1.33,True,6.19%,True,+103.8%,True,131.6M,False,OQX,False,
SMECF,SMC Corporation,438.24,2026-06-24T23:59:13.766569+00:00,False,+56.0%,True,$27637.8M,,,False,1.0K,False,$438.24 / SMA $442.69,True,5.88%,,,True,55.9M,False,PNK,False,
SMEGF,Siemens Energy AG,182.11,2026-06-25T23:19:30.410209+00:00,True,+85.8%,True,$154948.0M,,N/A,False,6.4K,False,$182.11 / SMA $197.61,True,4.03%,False,+3.3%,False,788.7M,False,PNK,False,
SMFNF,"Sumitomo Mitsui Financial Group, Inc.",38.69,2026-06-25T23:19:30.988904+00:00,True,+73.9%,True,$147486.3M,,N/A,False,33.3K,True,$38.69 / SMA $37.34,True,4.40%,True,+25.4%,False,3815.0M,False,PNK,False,
SMFRF,"Sumitomo Forestry Co., Ltd.",7.98,2026-06-25T00:01:31.258740+00:00,False,+6.5%,True,$4893.1M,,,False,1.6K,False,$7.98 / SMA $8.62,False,1.46%,,,False,161.6M,False,PNK,False,
SMG,The Scotts Miracle-Gro Company,69.33,2026-06-25T23:11:45.810002+00:00,False,+33.3%,True,$4033.8M,False,+8.6%,True,982.2K,True,$69.33 / SMA $61.06,True,4.13%,False,+5.0%,True,44.5M,True,NYQ,False,
SMGKF,Smiths Group plc,34.15,2026-06-25T23:08:27.012338+00:00,False,+38.9%,True,$10216.6M,,,False,0.1K,True,$34.15 / SMA $33.64,False,0.00%,,,False,319.1M,False,OID,False,
SMGRF,Summerset Group Holdings Limited,4.7,2026-06-25T00:05:40.969491+00:00,False,+4.0%,True,$1140.3M,,,False,0.0K,False,$4.70 / SMA $4.78,False,0.00%,,,False,228.9M,False,PNK,False,
SMMNY,Siemens Healthineers AG,19.35,2026-06-25T23:19:40.397319+00:00,False,+0.2%,True,$43313.0M,,N/A,False,178.6K,False,$19.35 / SMA $20.37,False,1.49%,False,+3.6%,False,356.4M,False,PNK,False,
SMMT,Summit Therapeutics Inc.,14.18,2026-06-25T23:19:59.495611+00:00,False,+13.0%,True,$11006.0M,False,+-171.4%,True,5194.6K,False,$14.18 / SMA $17.63,True,6.53%,,N/A,True,134.5M,True,NGM,False,
SMNNY,Shimano Inc.,10.63,2026-06-25T23:08:28.865905+00:00,False,+13.6%,True,$9067.6M,,,False,168.5K,True,$10.63 / SMA $10.42,False,1.29%,,,False,717.7M,False,PNK,False,
SMOPF,Smartoptics Group ASA,5.15,2026-06-25T23:15:45.038612+00:00,True,+178.4%,True,$504.9M,True,+100.0%,False,18.9K,False,$5.15 / SMA $5.25,True,5.86%,True,+59.6%,True,42.3M,False,PNK,False,
SMP,"Standard Motor Products, Inc.",39.43,2026-06-25T00:05:57.207511+00:00,False,+33.9%,True,$877.8M,True,+33.9%,False,118.7K,True,$39.43 / SMA $38.28,True,3.28%,False,+9.1%,True,21.0M,True,NYQ,False,
SMPNY,"Sompo Holdings, Inc.",18.81,2026-06-25T23:08:06.417915+00:00,False,+35.0%,True,$33566.1M,,,False,171.0K,True,$18.81 / SMA $18.70,False,1.99%,,,False,1639.4M,False,PNK,False,
SMSGY,Samsonite Group S.A.,9.16,2026-06-25T23:23:47.490591+00:00,False,+10.0%,True,$2498.5M,,N/A,False,54.9K,False,$9.16 / SMA $9.54,True,4.09%,,N/A,False,250.7M,False,PNK,False,
SMSMY,Sims Limited,18.05,2026-06-25T23:11:52.342204+00:00,True,+121.2%,True,$3545.7M,,,False,3.3K,True,$18.05 / SMA $16.80,True,3.43%,,,False,158.6M,False,PNK,False,
SMSOF,Samsonite Group S.A.,1.79,2026-06-25T23:12:03.304175+00:00,False,+13.3%,True,$2441.2M,,,False,2.2K,False,$1.79 / SMA $1.87,False,0.00%,,,False,1253.4M,False,PNK,False,
SMSSY,"SMS Co., Ltd.",6.4,2026-06-25T00:05:44.370514+00:00,False,+44.8%,True,$1264.3M,,,False,0.0K,True,$6.40 / SMA $5.77,False,0.00%,,,True,93.9M,False,PNK,False,
SMTEF,Smart Eye AB (publ),8.6,2026-06-25T23:17:32.889800+00:00,False,+58.7%,True,$337.1M,True,+59.9%,False,0.5K,True,$8.60 / SMA $7.62,False,0.27%,True,+40.4%,True,32.9M,False,PNK,False,
SMTOF,"Sumitomo Electric Industries, Ltd.",73.06,2026-06-25T23:19:37.908021+00:00,True,+260.8%,True,$56980.9M,,N/A,False,5.3K,False,$73.06 / SMA $73.91,False,0.72%,,N/A,False,766.8M,False,PNK,False,
SMUPF,Sims Limited,20.41,2026-06-25T23:23:41.999721+00:00,True,+140.7%,True,$3978.1M,,N/A,False,0.5K,True,$20.41 / SMA $16.14,False,0.10%,,N/A,False,158.6M,False,PNK,False,
SMWB,Similarweb Ltd.,5.15,2026-06-25T23:17:33.998137+00:00,True,+132.0%,True,$451.1M,True,+36.4%,True,749.0K,True,$5.15 / SMA $3.69,True,7.81%,False,+10.1%,True,41.2M,True,NYQ,False,
SN,"SharkNinja, Inc.",142.85,2026-06-25T23:08:17.945833+00:00,True,+71.9%,True,$20216.2M,False,+2.4%,True,2021.4K,True,$142.85 / SMA $119.69,True,4.29%,False,+15.6%,True,83.4M,True,NYQ,False,
SNA,Snap-on Incorporated,392.14,2026-06-24T23:59:18.584929+00:00,False,+28.5%,True,$20313.6M,False,+4.0%,False,369.5K,True,$392.14 / SMA $375.59,False,1.93%,False,+5.2%,True,50.5M,True,NYQ,False,
SNAP,Snap Inc.,4.34,2026-06-25T23:20:06.027203+00:00,False,+13.9%,True,$7192.1M,True,+37.5%,True,52875.3K,False,$4.34 / SMA $5.63,True,5.79%,False,+12.1%,False,1078.2M,True,NYQ,False,
SNCAF,AtkinsRéalis Group Inc.,63.26,2026-06-25T23:08:27.340217+00:00,False,+11.6%,True,$10285.0M,True,+43.6%,False,38.2K,True,$63.26 / SMA $63.10,False,2.45%,False,+17.8%,False,161.9M,False,PNK,False,
SNDA,"Sonida Senior Living, Inc.",39.28,2026-06-25T23:25:32.287520+00:00,False,+65.2%,True,$1859.8M,False,+-210.4%,True,660.6K,True,$39.28 / SMA $36.14,True,4.67%,True,+33.4%,True,28.7M,True,NYQ,False,
SNDL,SNDL Inc.,1.34,2026-06-25T23:29:18.582236+00:00,False,+16.5%,True,$348.8M,True,+33.4%,True,2292.0K,False,$1.34 / SMA $1.45,True,3.65%,False,+-4.4%,False,225.8M,True,NCM,False,
SNDX,"Syndax Pharmaceuticals, Inc.",19.81,2026-06-25T23:25:32.069509+00:00,True,+130.8%,True,$1755.4M,True,+51.0%,True,1743.6K,False,$19.81 / SMA $20.08,True,4.34%,True,+223.6%,True,79.6M,True,NMS,False,
SNEX,StoneX Group Inc.,137.28,2026-06-25T23:08:29.412745+00:00,True,+156.5%,True,$10879.6M,True,+120.2%,True,775.3K,True,$137.28 / SMA $115.84,True,4.81%,False,+24.0%,True,69.5M,True,NMS,False,
SNHIY,SNHIY,11.25,2026-06-25T23:08:11.221987+00:00,False,+3.7%,True,$103443.8M,,,False,0.9K,True,$11.25 / SMA_short $11.20,False,0.00%,False,+20.6%,False,1453.1M,False,PNK,False,
SNLAY,Sino Land Company Limited,7.0,2026-06-24T23:59:24.465134+00:00,False,+40.8%,True,$13420.6M,,,False,4.4K,False,$7.00 / SMA $7.90,True,6.17%,,,False,763.0M,False,PNK,False,
SNLC,Security National Corporation,204.0,2026-06-25T23:29:23.863720+00:00,False,+27.5%,True,$334.8M,,N/A,False,0.0K,True,$204.00 / SMA $199.27,False,0.56%,,N/A,,N/A,False,OID,False,
SNLGF,San Lorenzo Gold Corp.,2.9,2026-06-25T23:17:38.778048+00:00,True,+1856.8%,True,$300.9M,,,False,36.0K,False,$2.90 / SMA $3.17,True,6.46%,,,True,88.4M,False,PNK,False,
SNMCY,Suncorp Group Limited,13.19,2026-06-25T23:08:20.693854+00:00,False,+39.9%,True,$13982.1M,,,False,189.9K,True,$13.19 / SMA $12.59,False,2.38%,,,False,1068.8M,False,PNK,False,
SNMRF,Snam S.p.A.,7.39,2026-06-25T23:08:09.814259+00:00,False,+36.9%,True,$25228.4M,False,+-7.7%,False,0.5K,False,$7.39 / SMA $7.68,False,0.35%,False,+3.0%,False,2051.8M,False,PNK,False,
SNMRY,Snam S.p.A.,14.28,2026-06-25T23:08:10.372497+00:00,False,+24.5%,True,$23960.4M,False,+-7.7%,False,47.8K,False,$14.28 / SMA $14.54,False,2.02%,False,+3.0%,False,1025.9M,False,PNK,False,
SNNUF,Smith & Nephew plc,13.1,2026-06-25T23:08:21.992831+00:00,False,+0.0%,True,$11083.4M,,,False,1.3K,False,$13.10 / SMA $15.08,False,0.30%,,,False,839.7M,False,PNK,False,
SNOW,Snowflake Inc.,225.95,2026-06-24T23:58:54.251486+00:00,True,+91.0%,True,$78314.3M,True,+33.3%,True,8610.4K,True,$225.95 / SMA $185.71,True,5.94%,True,+33.5%,False,337.8M,True,NYQ,False,
SNPMF,China Petroleum & Chemical Corporation,0.55,2026-06-25T23:07:56.534376+00:00,False,+14.6%,True,$66485.3M,,,False,31.6K,False,$0.55 / SMA $0.57,False,1.26%,,,False,33838.6M,False,PNK,False,
SNPTF,Sunny Optical Technology (Group) Company Limited,9.6,2026-06-24T23:59:42.108672+00:00,False,+45.2%,True,$10312.1M,,,False,0.0K,True,$9.60 / SMA $8.09,False,0.00%,,,False,648.9M,False,PNK,False,
SNROF,"Sanrio Company, Ltd.",6.14,2026-06-25T23:10:09.954669+00:00,False,+21.8%,True,$7444.5M,,,False,1.4K,True,$6.14 / SMA $5.74,False,1.74%,,,False,942.1M,False,PNK,False,
SNTMF,SenseTime Group Inc.,0.17896,2026-06-24T23:59:37.856732+00:00,True,+257.9%,True,$7452.8M,,,False,0.3K,False,$0.18 / SMA $0.25,False,0.00%,,,False,30558.1M,False,PNK,False,
SNX,TD SYNNEX Corporation,277.63,2026-06-25T23:19:52.539364+00:00,True,+107.6%,True,$22384.3M,True,+104.0%,True,877.8K,True,$277.63 / SMA $247.19,True,4.05%,False,+18.1%,True,74.1M,True,NYQ,False,
SNYYF,Sany Heavy Equipment International Holdings Company Limited,0.8788,2026-06-25T23:22:03.296362+00:00,False,+8.0%,True,$2891.0M,,N/A,False,2.4K,False,$0.88 / SMA $1.26,False,0.84%,,N/A,False,1172.8M,False,PNK,False,
SO,The Southern Company,95.91,2026-06-25T23:19:33.206284+00:00,False,+14.5%,True,$108119.5M,False,+-0.8%,True,5658.7K,True,$95.91 / SMA $93.16,False,1.92%,False,+8.0%,False,1124.8M,True,NYQ,False,
SOBO,South Bow Corporation,36.57,2026-06-25T23:20:10.492042+00:00,False,+46.2%,True,$7627.9M,False,+-11.9%,True,1020.0K,True,$36.57 / SMA $35.52,False,2.46%,False,+-1.4%,False,208.2M,True,NYQ,False,
SOC,Sable Offshore Corp.,7.93,2026-06-25T00:03:30.253820+00:00,True,+113.2%,True,$1224.1M,False,+-5.4%,True,3823.6K,False,$7.93 / SMA $13.05,True,9.78%,,,True,100.5M,True,NYQ,False,
SOCNF,SOCNF,15.6,2026-06-25T23:11:55.411642+00:00,False,+48.6%,True,$2734.5M,,,False,0.1K,True,$15.60 / SMA $14.14,False,0.86%,,,False,175.0M,False,PNK,False,
SOHU,Sohu.com Limited,11.74,2026-06-25T23:17:34.714502+00:00,False,+0.3%,True,$353.0M,False,+-102.8%,False,60.7K,False,$11.74 / SMA $14.34,True,3.33%,False,+4.2%,True,14.5M,True,NMS,False,
SOIEF,Stolt-Nielsen Limited,31.75,2026-06-25T23:25:33.199308+00:00,False,+28.3%,True,$2108.2M,False,+-68.6%,False,0.3K,False,$31.75 / SMA $31.95,False,0.16%,False,+6.1%,True,18.3M,False,PNK,False,
SOLS,"Solstice Advanced Materials, Inc.",86.91,2026-06-25T23:08:21.558347+00:00,True,+115.0%,True,$13801.7M,False,+-37.2%,True,1886.2K,True,$86.91 / SMA $82.78,True,4.30%,False,+10.6%,False,158.6M,True,NMS,False,
SOLTF,"Nxera Pharma Co., Ltd.",6.37,2026-06-25T00:06:05.033066+00:00,False,+30.0%,True,$584.3M,,,False,1.1K,False,$6.37 / SMA $6.54,False,0.00%,,,True,69.1M,False,PNK,False,
SOLV,Solventum Corporation,77.92,2026-06-25T23:08:21.089917+00:00,False,+24.9%,True,$13493.8M,False,+-91.0%,True,1716.9K,True,$77.92 / SMA $73.98,True,3.17%,False,+-3.1%,True,147.1M,True,NYQ,False,
SOMLY,"SECOM CO., LTD.",9.86,2026-06-25T23:19:53.751165+00:00,False,+22.3%,True,$15900.7M,,N/A,False,115.2K,True,$9.86 / SMA $9.62,False,1.18%,,N/A,False,1617.6M,False,PNK,False,
SOMMY,"Sumitomo Chemical Company, Limited",16.07,2026-06-25T23:10:12.086312+00:00,False,+36.9%,True,$5307.6M,,,False,1.2K,False,$16.07 / SMA $17.21,False,0.92%,,,False,323.6M,False,PNK,False,
SONVY,Sonova Holding AG,47.74,2026-06-25T23:08:18.605522+00:00,False,+13.0%,True,$14179.9M,,,False,40.5K,False,$47.74 / SMA $48.31,False,1.62%,,,False,296.1M,False,PNK,False,
SONY,Sony Group Corporation,20.01,2026-06-24T23:58:47.892177+00:00,False,+3.2%,True,$117856.2M,False,+-57.4%,True,6375.8K,False,$20.01 / SMA $21.17,False,1.64%,False,+15.4%,False,5905.3M,True,NYQ,False,
SOPH,SOPHiA GENETICS SA,5.52,2026-06-25T00:08:20.887048+00:00,True,+96.4%,True,$463.1M,False,+-3.8%,False,136.1K,True,$5.52 / SMA $5.05,True,6.35%,False,+22.0%,True,54.3M,True,NMS,False,
SORN,Soren Acquisition Corp.,9.94,2026-06-25T00:08:21.923301+00:00,False,+1.3%,True,$345.2M,,,False,12.5K,True,$9.94 / SMA $9.92,False,0.05%,,,True,20.7M,True,NGM,False,
SORNU,Soren Acquisition Corp.,10.0,2026-06-25T23:17:35.828829+00:00,False,+0.8%,,,,,False,1.2K,True,$10.00 / SMA $10.00,False,0.05%,,,True,20.7M,True,NGM,False,
SOTDF,Ströer SE & Co. KGaA,40.5,2026-06-25T23:12:05.296192+00:00,False,+0.0%,True,$2259.1M,False,+-14.9%,False,0.0K,False,$40.50 / SMA $40.89,False,0.00%,False,+4.2%,True,31.3M,False,PNK,False,
SOTDY,Ströer SE & Co. KGaA,10.37,2026-06-25T23:23:49.155189+00:00,False,+15.2%,True,$2313.8M,False,+-14.9%,False,0.3K,True,$10.37 / SMA $10.03,False,0.00%,False,+4.2%,True,125.1M,False,PNK,False,
SOTGY,Sunny Optical Technology (Group) Company Limited,97.43,2026-06-25T23:20:04.360493+00:00,False,+49.7%,True,$10465.7M,,N/A,False,0.5K,True,$97.43 / SMA $89.15,True,5.63%,,N/A,True,64.9M,False,PNK,False,
SOUN,"SoundHound AI, Inc.",6.21,2026-06-25T23:23:38.858689+00:00,False,+6.5%,True,$2687.5M,False,+-135.5%,True,27329.0K,False,$6.21 / SMA $8.01,True,6.43%,True,+51.7%,False,393.2M,True,NGM,False,
SPFI,"South Plains Financial, Inc.",42.85,2026-06-25T23:27:04.646126+00:00,False,+21.7%,True,$820.4M,False,+18.1%,False,112.9K,True,$42.85 / SMA $41.30,False,2.58%,False,+10.1%,True,15.3M,True,NMS,False,
SPG,"Simon Property Group, Inc.",222.15,2026-06-24T23:58:53.892282+00:00,False,+41.5%,True,$84412.5M,False,+16.5%,True,1672.5K,True,$222.15 / SMA $204.32,False,1.88%,False,+19.3%,False,320.6M,True,NYQ,False,
SPGI,S&P Global Inc.,395.14,2026-06-25T23:07:54.878121+00:00,False,+3.5%,True,$116961.4M,True,+32.5%,True,2014.8K,False,$395.14 / SMA $421.51,False,2.67%,False,+10.4%,False,295.3M,True,NYQ,False,
SPGNY,Springer Nature AG & Co. KGaA,11.36,2026-06-25T00:01:33.105675+00:00,False,+3.0%,True,$2259.4M,,,False,0.1K,True,$11.36 / SMA_short $11.11,False,0.00%,,,True,53.3M,False,PNK,False,
SPHXF,"SM Prime Holdings, Inc.",0.28014,2026-06-25T23:08:29.718010+00:00,False,+0.0%,True,$8018.4M,False,+0.2%,False,0.1K,True,$0.28 / SMA $0.14,False,0.00%,False,+1.5%,False,9864.4M,False,PNK,False,
SPKKY,Spark New Zealand Limited,5.12,2026-06-25T23:23:51.328951+00:00,False,+1.0%,True,$1935.5M,,N/A,False,46.1K,False,$5.12 / SMA $5.82,False,2.76%,,N/A,False,377.6M,False,PNK,False,
SPNT,SiriusPoint Ltd.,23.06,2026-06-25T23:23:45.881424+00:00,False,+34.3%,True,$2710.5M,True,+67.3%,True,751.3K,True,$23.06 / SMA $22.89,False,2.92%,False,+6.0%,True,103.0M,True,NYQ,False,
SPOT,Spotify Technology S.A.,441.21,2026-06-25T23:07:55.612610+00:00,False,+8.9%,True,$90721.6M,True,+222.4%,True,2123.7K,False,$441.21 / SMA $475.73,True,3.83%,False,+8.2%,False,157.1M,True,NYQ,False,
SPSC,"SPS Commerce, Inc.",55.71,2026-06-25T23:23:54.657639+00:00,False,+13.6%,True,$2045.3M,False,+-8.6%,True,659.6K,True,$55.71 / SMA $55.09,True,4.75%,False,+5.8%,True,36.3M,True,NMS,False,
SPTJF,Sinopec Shanghai Petrochemical Company Limited,0.155,2026-06-25T00:01:43.165270+00:00,False,+19.5%,True,$3546.4M,True,+587.5%,False,2.9K,False,$0.15 / SMA $0.16,False,0.12%,False,+-9.5%,False,3734.6M,False,PNK,False,
SPTX,"Seaport Therapeutics, Inc.",19.36,2026-06-25T23:25:54.425692+00:00,False,+30.4%,True,$1036.4M,,N/A,False,427.9K,True,$19.36 / SMA_short $17.25,True,7.82%,,N/A,True,28.3M,True,NMS,False,
SPXC,"SPX Technologies, Inc.",237.22,2026-06-24T23:59:37.554292+00:00,False,+47.1%,True,$11876.4M,False,+9.2%,True,600.2K,True,$237.22 / SMA $218.93,True,4.51%,False,+17.4%,True,48.9M,True,NYQ,False,
SPXCF,Singapore Exchange Limited,18.5,2026-06-24T23:59:19.153025+00:00,False,+68.2%,True,$19807.6M,,,False,1.3K,True,$18.50 / SMA $17.10,False,1.31%,,,False,1063.1M,False,OQX,False,
SPXCY,Singapore Exchange Limited,36.39,2026-06-25T23:19:53.000363+00:00,False,+59.6%,True,$19481.0M,,N/A,False,31.4K,True,$36.39 / SMA $34.16,False,1.99%,,N/A,False,531.6M,False,OQX,False,
SPXSF,Spirax Group plc,91.1,2026-06-25T23:20:11.890184+00:00,False,+16.1%,True,$6744.5M,,N/A,False,0.0K,False,$91.10 / SMA $92.93,False,0.02%,,N/A,True,72.9M,False,PNK,False,
SPXSY,Spirax Group plc,45.31,2026-06-25T23:10:08.457818+00:00,False,+13.1%,True,$6687.4M,,,False,8.9K,False,$45.31 / SMA $47.73,False,1.82%,,,True,145.8M,False,PNK,False,
SPXX,Nuveen S&P 500 Dynamic Overwrite Fund,17.96,2026-06-25T00:03:27.390365+00:00,False,+13.8%,True,$322.9M,,,False,262.7K,True,$17.96 / SMA $17.50,False,1.25%,,,,,True,NYQ,False,
SQM,Sociedad Química y Minera de Chile S.A.,73.11,2026-06-25T23:19:50.780620+00:00,True,+112.3%,True,$20883.0M,True,+166.7%,True,1333.0K,False,$73.11 / SMA $84.24,True,3.96%,True,+69.8%,True,104.3M,True,NYQ,False,
SQNNY,"Square Enix Holdings Co., Ltd.",7.24,2026-06-25T23:10:11.416372+00:00,False,+6.5%,True,$5221.8M,,,False,0.8K,False,$7.24 / SMA $8.08,False,2.13%,,,False,331.4M,False,PNK,False,
SQZZF,Serica Energy plc,2.84,2026-06-25T23:25:43.236490+00:00,True,+118.5%,True,$1305.3M,,N/A,False,0.8K,False,$2.84 / SMA $3.18,False,0.43%,,N/A,False,243.4M,False,PNK,False,
SR,Spire Inc.,79.29,2026-06-25T23:10:17.075932+00:00,False,+11.3%,True,$4687.4M,True,+31.1%,False,462.8K,False,$79.29 / SMA $84.30,False,2.37%,False,+4.5%,True,57.7M,True,NYQ,False,
SRAD,Sportradar Group AG,14.45,2026-06-25T23:10:24.002655+00:00,False,+23.9%,True,$4276.5M,False,+-128.6%,True,3647.9K,True,$14.45 / SMA $14.19,True,5.07%,False,+11.3%,True,147.0M,True,NMS,False,
SRAIF,Stadler Rail AG,28.47,2026-06-25T23:23:46.316704+00:00,False,+22.6%,True,$2846.9M,,N/A,False,0.0K,True,$28.47 / SMA $26.55,False,0.00%,,N/A,True,54.5M,False,PNK,False,
SRBEF,Vusion S.A.,130.93,2026-06-25T23:23:48.405524+00:00,False,+10.3%,True,$2186.0M,,N/A,False,0.0K,False,$130.93 / SMA $148.38,False,0.00%,,N/A,True,8.3M,False,PNK,False,
SRBIF,Serabi Gold plc,3.55,2026-06-25T23:17:37.551727+00:00,False,+57.1%,False,$270.9M,True,+139.4%,False,2.3K,False,$3.55 / SMA $4.52,True,3.37%,True,+83.3%,True,74.5M,False,OQX,False,
SRGHY,SRGHY,18.02,2026-06-25T23:20:05.369977+00:00,False,+25.8%,,N/A,,N/A,False,5.0K,True,$18.02 / SMA $17.63,False,1.61%,,N/A,False,404.4M,False,PNK,False,
SRPT,"Sarepta Therapeutics, Inc.",16.02,2026-06-25T23:13:44.939923+00:00,False,+53.7%,True,$1691.3M,True,+162.6%,True,2940.0K,False,$16.02 / SMA $18.41,True,4.85%,False,+-1.9%,True,94.6M,True,NMS,False,
SRRTF,Slate Grocery REIT,12.15,2026-06-25T00:06:01.759502+00:00,False,+23.0%,True,$722.2M,False,+16.7%,False,15.1K,True,$12.15 / SMA $11.93,False,1.34%,False,+11.8%,True,59.0M,False,PNK,False,
SRUUF,Sprott Physical Uranium Trust Fund,18.26,2026-06-25T23:21:48.146377+00:00,False,+15.4%,True,$5680.1M,,N/A,False,397.8K,False,$18.26 / SMA $19.80,True,3.23%,,N/A,,N/A,False,OQX,False,
SSAAY,SSAB AB (publ),5.165,2026-06-25T23:20:05.742574+00:00,True,+84.5%,True,$10295.1M,True,+235.4%,False,0.3K,True,$5.17 / SMA $4.83,False,0.07%,False,+7.3%,False,1992.3M,False,PNK,False,
SSEZF,SSE plc,32.56,2026-06-25T23:19:41.690455+00:00,False,+48.3%,True,$39270.4M,,N/A,False,0.8K,False,$32.56 / SMA $33.89,False,1.01%,,N/A,False,1193.8M,False,PNK,False,
SSEZY,SSE plc,31.05,2026-06-25T23:19:41.842993+00:00,False,+43.1%,True,$37449.2M,,N/A,False,293.0K,False,$31.05 / SMA $33.28,False,1.62%,,N/A,False,1193.8M,False,PNK,False,
SSII,"SS Innovations International, Inc.",3.62,2026-06-25T23:15:38.195053+00:00,False,+16.4%,True,$724.5M,True,+33.3%,False,53.0K,False,$3.62 / SMA $3.97,True,8.74%,True,+116.8%,True,40.3M,True,NCM,False,
SSMXY,Sysmex Corporation,8.37,2026-06-25T23:21:53.122673+00:00,False,+4.5%,True,$5150.1M,,N/A,False,220.0K,False,$8.37 / SMA $8.70,False,1.94%,,N/A,False,529.3M,False,PNK,False,
SSNC,"SS&C Technologies Holdings, Inc.",65.97,2026-06-24T23:59:23.943241+00:00,False,+2.5%,True,$15887.8M,False,+8.3%,True,2526.8K,False,$65.97 / SMA $67.96,False,2.41%,False,+8.8%,False,206.8M,True,NMS,False,
SSREF,Swiss Re AG,158.02,2026-06-25T23:19:41.283870+00:00,False,+11.2%,True,$46680.0M,,N/A,False,0.4K,True,$158.02 / SMA $156.52,False,0.47%,,N/A,False,277.2M,False,PNK,False,
SSRM,SSR Mining Inc.,28.46,2026-06-25T23:21:49.752297+00:00,True,+143.2%,True,$5905.2M,False,+-285.7%,True,3272.2K,False,$28.46 / SMA $30.17,True,5.21%,True,+83.7%,False,205.7M,True,NMS,False,
SSSAF,Shurgard Self Storage Ltd,28.5,2026-06-25T23:12:00.831167+00:00,False,+8.4%,True,$2877.7M,,,False,1.3K,False,$28.50 / SMA $29.06,False,1.14%,,,True,33.0M,False,PNK,False,
SSSGY,Sartorius Aktiengesellschaft,43.9325,2026-06-25T23:19:54.498746+00:00,False,+16.0%,True,$15168.2M,,N/A,False,0.1K,True,$43.93 / SMA $43.28,False,0.20%,False,+-0.8%,True,137.3M,False,PNK,False,
SSSS,SuRo Capital Corp.,12.14,2026-06-25T00:08:14.523109+00:00,False,+52.3%,True,$316.5M,True,+17366.7%,False,341.7K,False,$12.14 / SMA $13.45,True,3.88%,True,+7498.2%,True,23.9M,True,NMS,False,
SSTK,"Shutterstock, Inc.",14.19,2026-06-25T00:06:09.080836+00:00,False,+11.8%,True,$521.3M,False,+-352.8%,False,408.7K,False,$14.19 / SMA $15.39,True,6.30%,False,+-17.9%,True,25.2M,True,NYQ,False,
SSUMY,Sumitomo Corporation,37.71,2026-06-25T23:08:00.740980+00:00,False,+57.1%,True,$44875.0M,,,False,96.3K,False,$37.71 / SMA $41.83,False,1.99%,,,False,1192.1M,False,PNK,False,
ST,Sensata Technologies Holding plc,49.18,2026-06-25T23:21:47.341599+00:00,True,+74.6%,True,$7152.3M,True,+25.5%,True,2159.9K,True,$49.18 / SMA $46.55,True,3.87%,False,+2.6%,True,144.1M,True,NYQ,False,
STAA,STAAR Surgical Company,31.21,2026-06-25T23:13:47.358654+00:00,True,+100.2%,True,$1553.9M,True,+109.1%,True,966.2K,True,$31.21 / SMA $28.62,True,4.18%,True,+119.6%,True,24.5M,True,NGM,True,
STAG,"STAG Industrial, Inc.",39.09,2026-06-25T23:08:33.602592+00:00,False,+15.9%,True,$7630.5M,False,+-34.7%,True,1223.3K,True,$39.09 / SMA $38.31,False,1.93%,False,+9.1%,False,190.4M,True,NYQ,False,
STBGY,Scandinavian Tobacco Group A/S,5.01,2026-06-25T23:15:35.774366+00:00,False,+0.2%,True,$789.0M,False,+-28.6%,False,0.4K,False,$5.01 / SMA $5.34,False,0.23%,False,+-5.8%,True,117.6M,False,PNK,False,
STBMF,St Barbara Limited,0.352,2026-06-25T23:15:51.006972+00:00,True,+107.1%,True,$512.9M,,,False,2.7K,False,$0.35 / SMA $0.42,False,0.51%,,,False,1154.6M,False,PNK,False,
STC,Stewart Information Services Corporation,64.56,2026-06-25T23:12:07.907933+00:00,False,+14.5%,True,$1964.4M,True,+400.0%,False,186.5K,False,$64.56 / SMA $66.75,False,2.66%,True,+27.7%,True,29.8M,True,NYQ,False,
STCGF,Stack Capital Group Inc.,15.0,2026-06-25T23:17:31.791369+00:00,True,+73.6%,False,$216.4M,,,False,21.0K,False,$15.00 / SMA $20.55,True,12.33%,True,+210.1%,True,12.6M,False,PNK,False,
STEL,"Stellar Bancorp, Inc.",39.19,2026-06-25T23:13:42.219223+00:00,False,+41.5%,True,$1995.6M,False,+15.2%,False,321.1K,True,$39.19 / SMA $37.52,False,1.30%,False,+6.0%,True,46.1M,True,NYQ,False,
STEP,StepStone Group Inc.,40.91,2026-06-25T23:21:48.800107+00:00,False,+0.8%,True,$5156.1M,True,+58.3%,True,1126.9K,False,$40.91 / SMA $49.52,True,5.57%,True,+55.8%,True,69.3M,True,NMS,False,
STEW,"SRH Total Return Fund, Inc.",17.82,2026-06-25T00:03:43.442576+00:00,False,+7.7%,True,$1718.6M,,,False,80.5K,True,$17.82 / SMA $17.64,False,1.17%,,,,,True,NYQ,False,
STHRF,Strathcona Resources Ltd.,29.2,2026-06-24T23:59:45.241971+00:00,False,+60.2%,True,$6272.8M,,,False,45.4K,False,$29.20 / SMA $31.11,True,3.60%,False,+-13.3%,True,62.9M,False,PNK,False,
STJPF,St. James's Place plc,15.73,2026-06-25T23:08:30.734587+00:00,False,+14.7%,True,$8003.4M,,,False,0.1K,False,$15.73 / SMA $16.60,False,0.02%,,,False,517.7M,False,PNK,False,
STK,Columbia Seligman Premium Technology Growth Fund,53.36,2026-06-25T23:14:00.297338+00:00,True,+78.2%,True,$942.4M,,,False,65.9K,True,$53.36 / SMA $50.89,True,3.68%,,,,,True,NYQ,False,
STKAF,Stockland,3.53,2026-06-25T23:21:46.791272+00:00,False,+43.5%,True,$8583.7M,,N/A,False,1.7K,True,$3.53 / SMA $2.92,False,0.23%,,N/A,False,2398.1M,False,PNK,False,
STLA,Stellantis N.V.,5.84,2026-06-24T23:59:09.317966+00:00,False,+0.2%,True,$16921.4M,,,True,20008.8K,False,$5.84 / SMA $7.49,True,3.37%,,,False,2441.4M,True,NYQ,False,
STLD,"Steel Dynamics, Inc.",251.0,2026-06-25T23:08:05.573862+00:00,True,+109.4%,True,$36197.4M,True,+93.1%,True,1179.3K,True,$251.00 / SMA $242.74,True,3.65%,False,+19.1%,True,134.4M,True,NMS,False,
STMEF,STMicroelectronics N.V.,72.094,2026-06-24T23:58:54.761545+00:00,True,+211.8%,True,$64076.7M,False,+-33.3%,False,167.4K,True,$72.09 / SMA $61.44,False,1.59%,False,+23.0%,False,637.7M,False,PNK,False,
STMNF,"Sumitomo Metal Mining Co., Ltd.",48.99,2026-06-25T23:08:17.200163+00:00,True,+130.7%,True,$13161.6M,,,False,0.2K,False,$48.99 / SMA $59.65,False,0.00%,,,False,255.7M,False,PNK,False,
STNE,StoneCo Ltd.,10.82,2026-06-25T00:03:24.263894+00:00,False,+14.5%,True,$2631.7M,True,+273.9%,True,5617.9K,False,$10.82 / SMA $11.14,True,3.88%,False,+6.5%,False,216.4M,True,NMS,False,
STOK,"Stoke Therapeutics, Inc.",30.4,2026-06-25T23:25:31.316914+00:00,True,+171.7%,True,$1893.4M,False,+-141.6%,True,634.6K,False,$30.40 / SMA $31.72,True,4.81%,False,+-96.1%,True,46.8M,True,NMS,False,
STOSF,Santos Limited,5.21,2026-06-25T23:08:14.549288+00:00,False,+42.7%,True,$16920.9M,,,False,3.3K,False,$5.21 / SMA $5.56,False,1.75%,,,False,3197.2M,False,PNK,False,
STRA,"Strategic Education, Inc.",76.91,2026-06-25T00:03:41.306824+00:00,False,+10.3%,True,$1748.2M,False,+19.4%,False,287.2K,False,$76.91 / SMA $78.35,False,2.73%,False,+0.8%,True,21.5M,True,NMS,False,
STRC,Strategy Inc,75.69,2026-06-25T23:19:37.903494+00:00,False,+2.8%,,N/A,,N/A,True,3756.1K,False,$75.69 / SMA $95.53,True,3.54%,False,+11.9%,False,329.9M,True,NMS,False,
STRK,Strategy Inc,51.72,2026-06-25T23:08:00.315728+00:00,False,+2.1%,,,,,False,161.0K,False,$51.72 / SMA $70.24,True,4.45%,False,+11.9%,False,329.9M,True,NMS,False,
STRL,"Sterling Infrastructure, Inc.",881.92,2026-06-25T23:08:12.086611+00:00,True,+306.3%,True,$27062.6M,True,+141.4%,True,628.0K,True,$881.92 / SMA $744.28,True,7.55%,True,+91.6%,True,30.0M,True,NMS,True,
STRNY,Severn Trent PLC,38.53,2026-06-24T23:59:31.147612+00:00,False,+14.2%,True,$11626.4M,,,False,21.0K,False,$38.53 / SMA $40.95,False,1.49%,,,False,264.2M,False,PNK,False,
STRO,"Sutro Biopharma, Inc.",30.03,2026-06-25T00:07:59.262561+00:00,True,+348.2%,True,$497.6M,True,+67.6%,False,274.7K,False,$30.03 / SMA $32.05,True,10.15%,False,+-16.5%,True,10.3M,True,NGM,False,
STTK,"Shattuck Labs, Inc.",6.01,2026-06-25T00:07:52.510851+00:00,True,+744.1%,True,$574.0M,True,+51.9%,True,699.7K,False,$6.01 / SMA $6.12,True,11.57%,,,True,46.3M,True,NMS,False,
STX,Seagate Technology Holdings plc,1025.36,2026-06-25T23:07:53.160035+00:00,True,+643.0%,True,$231989.9M,True,+108.3%,True,4119.9K,True,$1025.36 / SMA $802.25,True,6.72%,True,+44.1%,False,223.5M,True,NMS,False,
STZ,"Constellation Brands, Inc.",144.45,2026-06-25T23:19:47.626360+00:00,False,+14.2%,True,$24775.9M,True,+155.5%,True,2128.8K,False,$144.45 / SMA $147.22,False,2.81%,False,+-11.3%,False,155.1M,True,NYQ,False,
SUBCY,Subsea 7 S.A.,35.08,2026-06-24T23:59:38.368909+00:00,True,+97.2%,True,$10409.8M,True,+466.7%,False,44.6K,True,$35.08 / SMA $33.85,False,1.48%,False,+17.0%,False,197.5M,False,PNK,False,
SUCEF,"Sumitomo Osaka Cement Co., Ltd.",26.04,2026-06-25T23:13:59.980112+00:00,False,+3.5%,True,$825.2M,,,False,0.0K,False,$26.04 / SMA $27.91,False,0.00%,,,True,31.7M,False,PNK,False,
SULZF,Sulzer AG,191.0,2026-06-24T23:59:48.497418+00:00,False,+13.4%,True,$6742.7M,,,False,0.0K,False,$191.00 / SMA $196.25,False,0.03%,,,True,17.0M,False,PNK,False,
SUN,Sunoco LP,64.72,2026-06-25T23:08:19.593420+00:00,False,+34.9%,True,$12194.0M,True,+135.5%,False,479.3K,False,$64.72 / SMA $66.31,True,3.22%,True,+106.4%,True,107.8M,True,NYQ,False,
SUNB,"Sunbelt Rentals Holdings, Inc.",73.22,2026-06-24T23:59:06.617004+00:00,False,+20.0%,True,$30261.8M,False,+-23.5%,True,3162.4K,False,$73.22 / SMA $76.52,True,3.47%,,,False,407.6M,True,NYQ,False,
SUNC,SunocoCorp LLC,63.32,2026-06-25T00:01:41.071659+00:00,False,+34.7%,True,$3262.1M,,,True,516.9K,False,$63.32 / SMA $65.63,False,2.61%,,,True,51.5M,True,NYQ,False,
SUPX,SuperX AI Technology Limited,8.32,2026-06-25T00:08:25.479361+00:00,False,+25.9%,True,$359.8M,,,False,331.2K,False,$8.32 / SMA $9.05,True,13.28%,,,True,33.9M,True,NCM,False,
SURDF,"Sumitomo Realty & Development Co., Ltd.",21.25,2026-06-25T23:19:50.039953+00:00,False,+0.0%,True,$19626.8M,,N/A,False,0.1K,False,$21.25 / SMA $27.23,False,0.00%,,N/A,False,833.2M,False,PNK,False,
SUUIF,Superior Plus Corp.,5.54,2026-06-25T23:25:45.723617+00:00,False,+27.6%,True,$1188.7M,False,+-7.4%,False,148.4K,False,$5.54 / SMA $5.62,False,0.56%,False,+-11.0%,False,213.8M,False,PNK,False,
SVAC,Spring Valley Acquisition Corp. III,10.28,2026-06-25T00:08:27.659874+00:00,False,+2.5%,True,$315.3M,,,False,261.9K,False,$10.28 / SMA $10.44,False,0.96%,,,True,23.0M,True,NGM,False,
SVAQU,Silicon Valley Acquisition Corp.,10.58,2026-06-25T23:17:43.158700+00:00,False,+6.5%,,,,,False,3.6K,True,$10.58 / SMA $10.11,False,0.54%,,,True,21.7M,True,NGM,False,
SVC,Service Properties Trust,1.7,2026-06-25T23:13:56.729477+00:00,False,+50.4%,True,$1100.3M,False,+-30.0%,True,12180.4K,True,$1.70 / SMA $1.62,True,4.65%,False,+-16.3%,False,535.0M,True,NMS,False,
SVCBF,Svenska Cellulosa Aktiebolaget SCA (publ),10.55,2026-06-25T23:08:33.213841+00:00,False,+0.5%,True,$7409.7M,False,+-52.6%,False,1.6K,False,$10.55 / SMA $11.02,False,0.00%,False,+-8.2%,False,644.3M,False,PNK,False,
SVCTF,Senvest Capital Inc.,282.0,2026-06-25T23:15:41.466080+00:00,False,+17.5%,True,$682.7M,True,+85.2%,False,0.0K,True,$282.00 / SMA $269.96,False,0.00%,True,+93.2%,True,0.9M,False,PNK,False,
SVIV,Spring Valley Acquisition Corp. IV,10.18,2026-06-25T23:29:29.179360+00:00,False,+6.6%,True,$312.2M,,N/A,False,33.5K,True,$10.18 / SMA $10.07,False,0.84%,,N/A,True,20.9M,True,NGM,False,
SVIVU,Spring Valley Acquisition Corp. IV,10.35,2026-06-25T23:29:27.411329+00:00,False,+3.0%,,N/A,,N/A,False,1.7K,True,$10.35 / SMA $10.24,False,0.36%,,N/A,True,20.9M,True,NGM,False,
SVM,Silvercorp Metals Inc.,10.61,2026-06-25T23:12:02.897594+00:00,True,+163.6%,True,$2347.0M,,,True,3921.3K,False,$10.61 / SMA $12.26,True,6.68%,True,+96.2%,False,194.6M,True,ASE,False,
SVMB,"Jingbo Technology, Inc.",1.0,2026-06-25T00:06:05.544658+00:00,False,+17.9%,True,$555.3M,,,False,0.2K,False,$1.00 / SMA $1.36,False,0.00%,,,False,521.4M,False,PNK,False,
SVNDY,"Seven & i Holdings Co., Ltd.",11.82,2026-06-25T23:19:45.242818+00:00,False,+5.4%,True,$27324.8M,,N/A,False,333.7K,False,$11.82 / SMA $11.98,False,1.41%,,N/A,False,2035.0M,False,PNK,False,
SVNLY,Svenska Handelsbanken AB (publ),7.21,2026-06-25T23:08:08.024497+00:00,False,+24.3%,True,$28576.0M,False,+0.6%,False,249.2K,True,$7.21 / SMA $7.11,False,1.28%,False,+-1.2%,False,3251.2M,False,PNK,False,
SVRSF,Silver Storm Mining Ltd.,0.3,2026-06-25T23:29:24.701950+00:00,True,+233.3%,False,$227.0M,,N/A,True,689.1K,False,$0.30 / SMA $0.38,True,12.30%,,N/A,False,541.8M,False,OQX,False,
SVTRF,Severn Trent PLC,38.23,2026-06-25T23:20:01.490212+00:00,False,+10.7%,True,$11535.9M,,N/A,False,0.1K,False,$38.23 / SMA $40.47,False,0.03%,,N/A,False,264.2M,False,PNK,False,
SW,Smurfit Westrock Plc,46.84,2026-06-25T23:19:51.973960+00:00,False,+43.1%,True,$24565.9M,False,+-83.6%,True,5343.2K,True,$46.84 / SMA $40.83,True,4.13%,False,+0.7%,False,520.6M,True,NYQ,False,
SWBI,"Smith & Wesson Brands, Inc.",15.69,2026-06-25T23:27:15.733333+00:00,True,+103.0%,True,$701.8M,True,+89.5%,True,676.5K,True,$15.69 / SMA $15.07,True,4.73%,True,+26.7%,True,43.3M,True,NMS,True,
SWDBY,Swedbank AB (publ),36.22,2026-06-25T23:08:03.610414+00:00,False,+45.6%,True,$40700.9M,False,+-13.3%,False,33.1K,True,$36.22 / SMA $35.81,False,1.41%,False,+-8.5%,False,855.2M,False,PNK,False,
SWDHY,Skyworth Group Limited,20.87,2026-06-25T23:25:40.331377+00:00,True,+98.8%,True,$1313.6M,,N/A,False,0.0K,True,$20.87 / SMA $17.27,False,0.00%,,N/A,True,19.6M,False,PNK,False,
SWGAF,The Swatch Group AG,257.43,2026-06-25T23:08:21.561578+00:00,False,+56.0%,True,$13385.3M,,,False,0.1K,True,$257.43 / SMA $246.72,False,0.22%,,,True,36.8M,False,PNK,False,
SWIM,"Latham Group, Inc.",6.34,2026-06-25T23:27:26.772337+00:00,False,+36.6%,True,$744.4M,False,+-40.0%,True,706.8K,True,$6.34 / SMA $5.58,True,4.46%,False,+5.3%,True,57.2M,True,NMS,False,
SWK,"Stanley Black & Decker, Inc.",92.31,2026-06-25T23:08:23.683848+00:00,False,+49.1%,True,$14350.1M,False,+-35.0%,True,1919.6K,True,$92.31 / SMA $78.22,True,3.45%,False,+2.7%,False,155.0M,True,NYQ,False,
SWMR,"Swarmer, Inc",38.23,2026-06-25T00:07:56.201924+00:00,True,+239.8%,True,$415.1M,,,True,1061.5K,False,$38.23 / SMA $42.63,True,18.01%,,,True,4.3M,True,NCM,False,
SWQGF,Swissquote Group Holding SA,49.008,2026-06-25T23:20:12.446914+00:00,False,+0.0%,True,$7345.5M,,N/A,False,0.1K,False,$49.01 / SMA $49.48,False,0.00%,,N/A,True,116.0M,False,PNK,False,
SWZCF,Swisscom AG,780.0,2026-06-25T23:08:02.704766+00:00,False,+14.7%,True,$41925.4M,False,+-9.6%,False,0.0K,False,$780.00 / SMA $833.09,False,0.05%,False,+-4.1%,True,25.4M,False,OID,False,
SXGCF,Southern Cross Gold Consolidated Ltd.,6.13,2026-06-25T23:13:45.364873+00:00,True,+84.1%,True,$1590.7M,True,+100.0%,False,90.4K,False,$6.13 / SMA $7.28,True,6.80%,,,False,212.5M,False,OQX,False,
SXI,Standex International Corporation,338.14,2026-06-25T23:23:42.089089+00:00,True,+121.5%,True,$4096.5M,True,+207.2%,False,196.2K,True,$338.14 / SMA $278.12,True,4.01%,False,+8.1%,True,11.9M,True,NYQ,False,
SXT,Sensient Technologies Corporation,121.82,2026-06-25T23:10:18.517648+00:00,False,+47.5%,True,$5185.8M,True,+28.4%,False,439.6K,True,$121.82 / SMA $113.87,True,3.11%,False,+11.1%,True,41.9M,True,NYQ,False,
SYRE,"Spyre Therapeutics, Inc.",88.67,2026-06-25T23:21:48.779357+00:00,True,+533.4%,True,$7700.2M,False,+-23.3%,True,1326.5K,True,$88.67 / SMA $75.57,True,6.10%,,N/A,True,80.9M,True,NMS,False,
T,AT&T Inc.,22.42,2026-06-25T23:19:30.461000+00:00,False,+2.0%,True,$155781.8M,False,+-5.4%,True,42200.3K,False,$22.42 / SMA $24.57,False,2.46%,False,+3.6%,False,6933.5M,True,NYQ,False,
TACH,Titan Acquisition Corp,10.41,2026-06-25T23:29:20.981959+00:00,False,+3.5%,True,$359.1M,True,+2073.2%,False,59.9K,True,$10.41 / SMA $10.37,False,0.16%,,N/A,True,23.4M,True,NGM,False,
TAK,Takeda Pharmaceutical Company Limited,15.65,2026-06-25T23:08:01.239123+00:00,False,+20.5%,True,$49450.1M,,,True,3066.5K,False,$15.65 / SMA $16.26,False,1.38%,False,+3.9%,False,3156.4M,True,NYQ,False,
TAKOF,Volatus Aerospace Inc.,0.413,2026-06-25T00:08:29.160032+00:00,True,+129.4%,False,$279.5M,False,+0.0%,False,307.1K,False,$0.41 / SMA $0.48,True,10.59%,False,+-1.4%,False,546.3M,False,OQX,False,
TAL,TAL Education Group,8.95,2026-06-25T23:10:12.822072+00:00,False,+0.8%,True,$4964.6M,True,+3375.0%,True,3714.4K,False,$8.95 / SMA $10.43,True,3.35%,True,+31.5%,False,362.2M,True,NYQ,False,
TALK,"Talkspace, Inc.",5.19,2026-06-25T23:25:56.282507+00:00,True,+133.8%,True,$869.4M,,N/A,True,2023.4K,False,$5.19 / SMA $5.20,False,0.27%,False,+18.2%,True,129.6M,True,NCM,False,
TAOFF,IperionX Limited,3.25,2026-06-25T00:05:34.383006+00:00,False,+40.1%,True,$1103.0M,,,False,2.6K,False,$3.25 / SMA $3.58,False,0.50%,,,False,270.0M,False,PNK,False,
TARS,"Tarsus Pharmaceuticals, Inc.",64.34,2026-06-25T23:23:46.525040+00:00,False,+67.1%,True,$2768.2M,True,+75.0%,True,635.8K,True,$64.34 / SMA $62.63,True,4.30%,True,+106.9%,True,32.1M,True,NMS,False,
TASK,"TaskUs, Inc.",4.88,2026-06-25T00:07:45.231385+00:00,False,+4.3%,True,$446.9M,False,+13.0%,True,642.6K,False,$4.88 / SMA $6.07,True,4.82%,False,+10.3%,True,18.5M,True,NMS,False,
TATYF,Tate & Lyle plc,7.27,2026-06-25T00:03:19.250041+00:00,False,+67.9%,True,$3217.4M,,,False,2.7K,True,$7.27 / SMA $5.87,False,0.14%,,,False,354.3M,False,OQX,False,
TBCCF,TBC Bank Group PLC,60.28,2026-06-25T23:23:39.726089+00:00,False,+14.4%,True,$3320.3M,,N/A,False,0.2K,True,$60.28 / SMA $59.76,False,0.02%,False,+-2.9%,True,43.8M,False,PNK,False,
TBLA,Taboola.com Ltd.,4.65,2026-06-25T00:05:29.564811+00:00,False,+64.0%,True,$1271.0M,True,+766.7%,True,2522.6K,True,$4.65 / SMA $4.50,True,4.54%,False,+9.1%,True,136.8M,True,NMS,False,
TBLD,Thornburg Income Builder Opportunities Trust,21.85,2026-06-25T23:27:12.889709+00:00,False,+16.4%,True,$701.0M,,N/A,False,62.0K,False,$21.85 / SMA $21.91,False,2.21%,,N/A,,N/A,True,NGM,False,
TBVPF,Thai Beverage Public Company Limited,0.336,2026-06-24T23:59:44.563421+00:00,False,+10.2%,True,$8523.7M,,,False,2.0K,True,$0.34 / SMA $0.33,False,0.00%,,,False,7253.3M,False,PNK,False,
TCBK,TriCo Bancshares,53.22,2026-06-25T00:03:47.197901+00:00,False,+34.1%,True,$1711.1M,True,+30.0%,False,120.3K,True,$53.22 / SMA $50.33,False,2.24%,False,+10.2%,True,30.3M,True,NMS,False,
TCEHY,Tencent Holdings Limited,53.42,2026-06-25T23:07:51.241636+00:00,False,+0.8%,True,$481304.8M,False,+22.9%,True,4260.0K,False,$53.42 / SMA $58.77,False,1.73%,,,False,6235.2M,False,PNK,False,
TCHBF,Tecan Group AG,177.55,2026-06-25T00:03:30.454347+00:00,False,+14.4%,True,$2247.1M,,,False,0.0K,False,$177.55 / SMA $179.28,False,0.00%,,,True,12.5M,False,PNK,False,
TCI,"Transcontinental Realty Investors, Inc.",41.49,2026-06-25T00:08:31.292954+00:00,False,+31.8%,True,$358.4M,False,+-96.2%,False,5.3K,True,$41.49 / SMA $37.40,True,3.85%,False,+2.0%,True,1.2M,True,NYQ,False,
TCKRF,Teck Resources Limited,58.36,2026-06-25T23:08:06.849629+00:00,True,+79.1%,True,$28572.1M,True,+128.8%,False,0.2K,False,$58.36 / SMA $61.76,False,1.42%,True,+72.2%,False,468.3M,False,PNK,False,
TCLAF,Transcontinental Inc.,3.57,2026-06-25T23:29:24.299788+00:00,False,+16.3%,False,$298.5M,True,+542.9%,False,32.3K,False,$3.57 / SMA $3.82,False,0.87%,False,+-5.0%,True,65.4M,False,PNK,False,
TCOM,Trip.com Group Limited,46.3,2026-06-24T23:59:07.503785+00:00,False,+3.7%,True,$29155.4M,True,+97.7%,True,2845.2K,False,$46.30 / SMA $50.12,False,2.30%,False,+20.8%,False,568.3M,True,NMS,False,
TCTZF,Tencent Holdings Limited,55.1,2026-06-25T23:19:28.154332+00:00,False,+7.0%,True,$496441.3M,False,+22.9%,False,8.0K,False,$55.10 / SMA $59.58,True,4.92%,,N/A,False,6235.2M,False,PNK,False,
TD,The Toronto-Dominion Bank,118.82,2026-06-24T23:58:46.190954+00:00,False,+66.6%,True,$196296.7M,False,+-61.2%,True,2346.7K,True,$118.82 / SMA $110.37,False,1.62%,False,+6.0%,False,1612.2M,True,NYQ,False,
TDC,Teradata Corporation,31.69,2026-06-25T00:03:18.331038+00:00,False,+59.8%,True,$2982.0M,True,+671.1%,True,2242.4K,True,$31.69 / SMA $30.98,True,4.39%,False,+6.2%,True,85.4M,True,NYQ,False,
TDHOF,"T&D Holdings, Inc.",30.25,2026-06-25T23:20:01.646870+00:00,False,+40.8%,True,$14515.9M,,N/A,False,0.1K,True,$30.25 / SMA $23.91,False,0.00%,,N/A,False,479.5M,False,PNK,False,
TDHOY,"T&D Holdings, Inc.",14.3,2026-06-25T23:20:00.248603+00:00,False,+45.0%,True,$13724.2M,,N/A,False,2.6K,True,$14.30 / SMA $12.96,False,1.59%,,N/A,False,959.1M,False,PNK,False,
TDS,"Telephone and Data Systems, Inc.",37.24,2026-06-25T23:22:00.715874+00:00,False,+9.1%,True,$4239.8M,True,+1311.1%,True,964.3K,False,$37.24 / SMA $41.83,False,2.75%,False,+6.5%,True,88.0M,True,NYQ,False,
TE,T1 Energy Inc.,8.5,2026-06-25T23:12:05.810426+00:00,True,+639.1%,True,$2373.8M,True,+27.3%,True,31179.1K,True,$8.50 / SMA $7.49,True,13.86%,True,+232.3%,False,194.8M,True,NYQ,False,
TECH,Bio-Techne Corporation,58.875,2026-06-24T23:59:44.822652+00:00,False,+36.3%,True,$9218.0M,True,+128.6%,True,2689.8K,True,$58.88 / SMA $52.48,True,3.98%,False,+-1.5%,False,156.0M,True,NMS,False,
TECK,Teck Resources Limited,59.0,2026-06-25T23:08:07.440322+00:00,True,+90.4%,True,$28903.8M,True,+128.8%,True,3194.8K,False,$59.00 / SMA $62.10,True,3.52%,True,+72.2%,False,468.3M,True,NYQ,False,
TEFOF,"Telefónica, S.A.",4.2,2026-06-25T23:08:10.579679+00:00,False,+14.8%,True,$23679.3M,True,+62.5%,False,2.1K,False,$4.20 / SMA $4.53,False,1.24%,,,False,3924.4M,False,PNK,False,
TELDY,Telefónica Deutschland Holding AG,11.75,2026-06-25T23:08:33.880569+00:00,False,+1.7%,True,$6990.2M,,,False,0.0K,False,$11.75 / SMA $12.12,False,0.00%,,,True,18.7M,False,PNK,False,
TELNF,Telenor ASA,16.112,2026-06-25T23:19:49.457346+00:00,False,+37.4%,True,$22014.5M,True,+757.1%,False,0.0K,False,$16.11 / SMA $16.72,False,0.00%,False,+-5.6%,False,629.1M,False,OQX,False,
TEM,"Tempus AI, Inc.",54.87,2026-06-25T23:20:09.739039+00:00,False,+31.5%,True,$9852.7M,False,+-77.5%,True,6323.9K,True,$54.87 / SMA $50.35,True,8.17%,True,+36.1%,True,114.1M,True,NMS,False,
TENB,"Tenable Holdings, Inc.",27.44,2026-06-25T23:23:45.373187+00:00,True,+74.4%,True,$3025.9M,True,+105.3%,True,3500.4K,True,$27.44 / SMA $24.02,True,5.76%,False,+9.6%,True,108.8M,True,NMS,False,
TENX,"Tenax Therapeutics, Inc.",12.89,2026-06-25T23:29:26.324309+00:00,True,+129.0%,True,$341.9M,False,+-25.0%,True,706.4K,True,$12.89 / SMA $12.33,True,6.36%,,N/A,True,26.5M,True,NCM,False,
TEZNY,Terna S.p.A.,34.82,2026-06-25T23:19:49.154048+00:00,False,+21.6%,True,$23315.4M,False,+0.4%,False,18.8K,True,$34.82 / SMA $34.25,False,1.15%,False,+9.6%,False,468.6M,False,PNK,False,
TFC,Truist Financial Corporation,50.67,2026-06-25T23:19:37.255355+00:00,False,+24.3%,True,$63128.7M,True,+25.3%,True,9385.8K,True,$50.67 / SMA $49.04,False,2.49%,False,+5.2%,False,1242.6M,True,NYQ,False,
TFX,Teleflex Incorporated,126.51,2026-06-25T00:01:25.219500+00:00,False,+26.3%,True,$5600.6M,False,+-108.7%,True,778.8K,False,$126.51 / SMA $129.36,False,2.80%,True,+32.3%,True,44.1M,True,NYQ,False,
TGLVY,Top Glove Corporation Bhd.,0.7032,2026-06-25T23:25:35.166860+00:00,False,+53.5%,True,$1409.6M,True,+134.9%,False,1.4K,False,$0.70 / SMA $0.74,True,5.91%,True,+31.9%,False,1237.2M,False,PNK,False,
TGONF,Tetragon Financial Group Limited,13.0,2026-06-25T00:05:44.070669+00:00,False,+8.6%,True,$1093.3M,,,False,6.1K,False,$13.00 / SMA $13.01,False,0.38%,,,,,False,PNK,False,
TGRNF,Tong Ren Tang Technologies Co. Ltd.,0.4949,2026-06-25T00:06:07.136120+00:00,False,+0.0%,True,$633.9M,,,False,0.0K,False,$0.49 / SMA $0.52,False,0.00%,,,False,585.3M,False,PNK,False,
TGSGY,TGS ASA,13.69,2026-06-25T23:23:40.673422+00:00,True,+92.8%,True,$2690.1M,False,+-126.3%,False,105.6K,False,$13.69 / SMA $15.54,False,2.18%,False,+-41.5%,False,180.0M,False,OQX,False,
TGSNF,TGS ASA,14.17,2026-06-25T00:03:16.676927+00:00,True,+102.4%,True,$2784.4M,False,+-126.3%,False,0.7K,False,$14.17 / SMA $15.64,False,0.68%,False,+-41.5%,False,180.0M,False,OQX,False,
TGT,Target Corporation,139.57,2026-06-25T23:19:37.851225+00:00,False,+67.3%,True,$63391.5M,False,+-24.7%,True,5133.6K,True,$139.57 / SMA $127.18,False,2.90%,False,+6.7%,False,452.8M,True,NYQ,False,
TGTX,"TG Therapeutics, Inc.",53.63,2026-06-25T23:10:12.465987+00:00,True,+112.1%,True,$8209.9M,True,+300.0%,True,2231.2K,True,$53.63 / SMA $41.32,True,5.02%,True,+69.6%,True,135.1M,True,NCM,True,
THC,Tenet Healthcare Corporation,183.94,2026-06-25T23:08:19.058828+00:00,False,+25.5%,True,$15844.0M,True,+87.6%,True,1437.0K,True,$183.94 / SMA $181.72,True,4.16%,False,+10.7%,True,85.1M,True,NYQ,False,
THG,"The Hanover Insurance Group, Inc.",207.56,2026-06-25T23:10:09.296512+00:00,False,+29.2%,True,$7261.9M,True,+48.6%,False,307.0K,True,$207.56 / SMA $189.38,False,2.11%,False,+5.9%,True,34.6M,True,NYQ,False,
THLLY,Thales S.A.,50.92,2026-06-25T23:19:38.345256+00:00,False,+3.3%,True,$52315.6M,,N/A,False,75.4K,False,$50.92 / SMA $54.25,False,1.65%,,N/A,False,445.2M,False,PNK,False,
THNBY,THNBY,80.8,2026-06-25T23:19:48.617420+00:00,True,+267.3%,,N/A,,N/A,False,1.1K,True,$80.80 / SMA_short $76.15,False,1.71%,,N/A,,N/A,False,PNK,False,
THNPF,Technip Energies N.V.,40.15,2026-06-25T23:08:33.626271+00:00,False,+10.4%,True,$6978.4M,,,False,0.1K,False,$40.15 / SMA $41.83,False,0.00%,,,True,134.6M,False,PNK,False,
THNPY,Technip Energies N.V.,38.98,2026-06-25T23:20:11.477462+00:00,False,+7.9%,True,$6775.1M,,N/A,False,10.7K,False,$38.98 / SMA $42.75,False,1.14%,,N/A,True,134.6M,False,PNK,False,
THQ,Abrdn Healthcare Opportunities Fund,18.33,2026-06-25T23:27:06.157326+00:00,False,+21.1%,True,$759.5M,,N/A,False,149.4K,True,$18.33 / SMA $18.08,False,2.04%,,N/A,,N/A,True,NYQ,False,
THRM,Gentherm Incorporated,36.14,2026-06-25T23:13:59.071684+00:00,False,+33.9%,True,$1108.3M,,,False,290.2K,True,$36.14 / SMA $32.70,True,4.01%,False,+11.3%,True,30.1M,True,NMS,False,
THUPY,Thule Group AB (publ),10.13,2026-06-25T23:23:47.308215+00:00,False,+2.3%,True,$2379.6M,True,+874.3%,False,0.6K,False,$10.13 / SMA $11.86,False,0.31%,True,+53.3%,False,215.3M,False,PNK,False,
THVB,"Thomasville Bancshares, Inc.",102.0,2026-06-25T23:27:21.424531+00:00,False,+33.3%,True,$645.9M,,N/A,False,0.2K,True,$102.00 / SMA $100.02,False,0.42%,,N/A,,N/A,False,OID,False,
THXPF,Thor Explorations Ltd.,0.777,2026-06-25T00:06:06.682880+00:00,False,+50.6%,True,$517.9M,True,+34.6%,False,105.9K,False,$0.78 / SMA $0.94,True,5.38%,False,+16.0%,False,477.9M,False,PNK,False,
TIGR,UP Fintech Holding Limited,4.66,2026-06-25T00:05:59.940738+00:00,False,+16.5%,True,$832.7M,False,+-190.9%,True,4623.6K,False,$4.66 / SMA $5.81,True,5.69%,True,+26.3%,True,138.4M,True,NMS,False,
TIPT,Tiptree Inc.,17.63,2026-06-25T00:06:06.076013+00:00,False,+13.8%,True,$662.4M,True,+161.5%,False,268.0K,True,$17.63 / SMA $17.29,False,2.67%,False,+-123.1%,True,23.0M,True,NCM,False,
TISCY,TISCY,21.605,2026-06-25T23:08:20.567087+00:00,True,+74.8%,True,$14087.2M,,,False,1.1K,False,$21.61 / SMA $23.60,True,4.53%,,,False,602.1M,False,PNK,False,
TITN,Titan Machinery Inc.,21.47,2026-06-25T23:17:26.208745+00:00,False,+62.5%,True,$500.3M,False,+5.2%,False,177.8K,True,$21.47 / SMA $20.79,True,5.89%,False,+-12.1%,True,18.8M,True,NMS,False,
TKAMY,thyssenkrupp AG,12.59,2026-06-25T23:08:32.193468+00:00,False,+54.3%,True,$7922.8M,False,+-100.0%,False,19.3K,True,$12.59 / SMA $12.16,False,2.36%,False,+-2.3%,False,477.3M,False,PNK,False,
TKC,Turkcell Iletisim Hizmetleri A.S.,6.02,2026-06-25T23:10:17.588285+00:00,False,+12.5%,True,$5240.9M,,,True,1384.8K,False,$6.02 / SMA $6.12,False,1.88%,True,+31.3%,False,257.6M,True,NYQ,False,
TKECY,"Tokyo Electric Power Company Holdings, Incorporated",3.05,2026-06-25T23:10:14.775481+00:00,False,+4.8%,True,$4888.2M,,,False,3.1K,False,$3.05 / SMA $3.66,False,2.57%,,,False,1510.6M,False,PNK,False,
TKGSF,"Tokyo Gas Co.,Ltd.",39.85,2026-06-25T23:19:57.464082+00:00,False,+28.1%,True,$13229.6M,,N/A,False,0.1K,False,$39.85 / SMA $41.31,False,0.00%,,N/A,False,301.6M,False,PNK,False,
TKMCY,TKMS AG & Co KGaA,8.31,2026-06-25T23:10:13.337503+00:00,False,+0.0%,,,,,False,0.1K,False,$8.31 / SMA_short $8.89,,,,,True,31.7M,False,PNK,False,
TKMSF,TKMS AG & Co KGaA,87.99,2026-06-25T00:01:26.476436+00:00,False,+20.5%,,,,,False,0.4K,False,$87.99 / SMA_short $92.82,False,0.35%,,,,,False,PNK,False,
TKMTY,TKMTY,8.35,2026-06-25T23:10:15.187957+00:00,False,+0.0%,True,$4848.0M,,,False,0.4K,False,$8.35 / SMA $9.81,False,0.27%,,,False,271.8M,False,PNK,False,
TKR,The Timken Company,144.01,2026-06-25T23:20:09.189036+00:00,True,+104.1%,True,$10007.9M,True,+26.1%,True,966.7K,True,$144.01 / SMA $121.71,True,3.06%,False,+8.0%,True,66.9M,True,NYQ,False,
TLGPY,Telstra Group Limited,17.63,2026-06-25T23:19:40.913086+00:00,False,+16.3%,True,$39276.6M,,N/A,False,57.8K,False,$17.63 / SMA $18.79,True,3.63%,,N/A,False,2268.8M,False,PNK,False,
TLK,Perusahaan Perseroan (Persero) PT Telekomunikasi Indonesia Tbk,14.23,2026-06-24T23:59:22.105075+00:00,False,+4.2%,True,$14044.9M,False,+-21.6%,True,970.9K,False,$14.23 / SMA $15.36,False,2.42%,False,+1.5%,False,932.9M,True,NYQ,False,
TLN,Talen Energy Corporation,416.8,2026-06-25T23:08:16.849068+00:00,False,+63.1%,True,$19921.0M,True,+145.2%,True,764.3K,True,$416.80 / SMA $372.03,True,4.78%,True,+96.7%,True,38.0M,True,NMS,False,
TLNC,Talon Capital Corp.,10.22,2026-06-25T00:08:21.300128+00:00,False,+3.5%,True,$432.1M,,,False,13.6K,False,$10.22 / SMA $10.24,False,0.10%,,,True,23.1M,True,NGM,False,
TLPFY,Teleperformance SE,28.93,2026-06-25T23:10:17.522684+00:00,False,+10.2%,True,$3364.2M,,,False,7.1K,False,$28.93 / SMA $33.84,False,2.12%,,,True,74.7M,False,PNK,False,
TLPPF,Telix Pharmaceuticals Limited,10.04,2026-06-25T23:23:40.132450+00:00,False,+69.9%,True,$3401.3M,,N/A,False,2.4K,True,$10.04 / SMA $10.02,False,1.20%,,N/A,False,272.7M,False,PNK,False,
TLRY,"Tilray Brands, Inc.",4.46,2026-06-25T23:27:23.937605+00:00,False,+14.4%,True,$538.9M,True,+97.2%,True,4836.8K,False,$4.46 / SMA $5.63,True,5.21%,False,+11.3%,False,444.1M,True,NMS,False,
TLS,Telos Corporation,4.34,2026-06-25T00:08:21.579032+00:00,True,+83.1%,True,$324.7M,True,+125.0%,True,725.3K,False,$4.34 / SMA $4.46,True,7.51%,True,+55.9%,True,52.8M,True,NGM,False,
TLSNF,Telia Company AB (publ),5.35,2026-06-24T23:59:16.966905+00:00,False,+54.2%,True,$21036.8M,True,+223.1%,False,0.1K,True,$5.35 / SMA $5.24,False,0.00%,False,+-0.3%,False,2314.7M,False,PNK,False,
TLSNY,Telia Company AB (publ),9.96,2026-06-25T23:19:51.356670+00:00,False,+49.3%,True,$19581.9M,True,+223.1%,False,58.5K,False,$9.96 / SMA $10.41,False,1.18%,False,+-0.3%,False,1157.4M,False,PNK,False,
TLTZY,Tele2 AB (publ),9.05,2026-06-24T23:59:27.760383+00:00,False,+31.5%,True,$12553.4M,True,+559.0%,False,86.4K,False,$9.05 / SMA $9.67,False,2.68%,False,+-6.9%,False,1386.2M,False,PNK,False,
TLX,Telix Pharmaceuticals Limited,10.86,2026-06-25T23:23:40.828622+00:00,True,+72.9%,True,$3679.1M,,N/A,False,192.1K,True,$10.86 / SMA $10.17,False,2.72%,,N/A,False,272.7M,True,NMS,False,
TMC,TMC the metals company Inc.,4.56,2026-06-25T00:03:28.597670+00:00,False,+16.0%,True,$2544.1M,False,+-16.7%,True,6030.8K,False,$4.56 / SMA $5.39,True,7.54%,,,False,248.6M,True,NMS,False,
TMHC,Taylor Morrison Home Corporation,71.93,2026-06-25T00:01:28.192218+00:00,False,+32.8%,True,$6617.6M,False,+-51.2%,True,2631.2K,True,$71.93 / SMA $63.62,False,0.73%,False,+-26.8%,True,92.7M,True,NYQ,False,
TMICY,Trend Micro Incorporated,34.9,2026-06-25T23:10:17.083164+00:00,False,+12.3%,True,$4528.9M,,,False,16.5K,False,$34.90 / SMA $36.79,False,1.79%,,,True,122.3M,False,PNK,False,
TMNSF,Temenos AG,85.63,2026-06-25T23:10:10.923882+00:00,False,+15.0%,True,$6727.5M,False,+-46.3%,False,0.0K,False,$85.63 / SMA $90.54,False,0.00%,False,+-20.7%,True,50.1M,False,PNK,False,
TMSNY,Temenos AG,80.74,2026-06-25T23:21:52.006199+00:00,False,+15.0%,True,$5592.5M,False,+-46.3%,False,1.5K,False,$80.74 / SMA $89.28,False,2.34%,False,+-20.7%,True,50.1M,False,PNK,False,
TMTNF,Toromont Industries Ltd.,169.25,2026-06-24T23:59:28.213460+00:00,True,+88.0%,True,$13799.5M,,,False,4.6K,True,$169.25 / SMA $157.84,False,0.02%,False,+-6.0%,True,81.4M,False,PNK,False,
TMTNY,TMTNY,32.01,2026-06-25T23:08:21.258451+00:00,False,+33.4%,True,$13049.4M,False,+24.2%,False,16.7K,False,$32.01 / SMA $32.04,True,16.31%,False,+12.7%,False,407.0M,False,PNK,False,
TMUS,"T-Mobile US, Inc.",180.79,2026-06-24T23:58:45.755345+00:00,False,+3.9%,True,$195651.8M,False,+-12.0%,True,5748.5K,False,$180.79 / SMA $188.25,False,2.78%,False,+10.6%,False,495.8M,True,NMS,False,
TMVWY,TeamViewer SE,3.0,2026-06-25T23:13:58.506351+00:00,False,+25.0%,True,$943.3M,False,+0.0%,False,2.0K,False,$3.00 / SMA $3.09,False,0.72%,False,+3.5%,False,297.3M,False,PNK,False,
TNABF,Tenaga Nasional Berhad,3.56,2026-06-25T23:08:13.011150+00:00,False,+31.9%,True,$22072.1M,False,+3.7%,False,3.3K,False,$3.56 / SMA $3.62,False,2.39%,False,+6.6%,False,3317.4M,False,PNK,False,
TNABY,Tenaga Nasional Berhad,13.93,2026-06-25T23:08:13.269403+00:00,False,+20.1%,True,$20300.0M,False,+3.7%,False,0.9K,False,$13.93 / SMA $14.75,False,0.32%,False,+6.6%,False,829.4M,False,PNK,False,
TNC,Tennant Company,91.05,2026-06-25T23:13:50.503966+00:00,False,+51.3%,True,$1551.4M,False,+-98.6%,False,226.4K,True,$91.05 / SMA $84.01,False,2.60%,False,+2.7%,True,16.6M,True,NYQ,False,
TNET,"TriNet Group, Inc.",47.21,2026-06-25T00:03:38.494214+00:00,False,+40.5%,True,$2169.0M,False,+11.1%,False,422.9K,True,$47.21 / SMA $43.35,True,4.37%,False,+-5.1%,True,26.8M,True,NYQ,False,
TNGRF,Thungela Resources Limited,6.45,2026-06-25T23:25:46.968460+00:00,False,+51.8%,True,$821.0M,,N/A,False,13.9K,False,$6.45 / SMA $8.34,False,2.92%,,N/A,True,125.6M,False,PNK,False,
TNGZF,Tivan Limited,0.17,2026-06-25T23:17:26.362433+00:00,True,+315.6%,True,$385.9M,,,False,14.8K,False,$0.17 / SMA $0.21,False,0.01%,,,False,1585.4M,False,PNK,False,
TNISY,"Técnicas Reunidas, S.A.",7.2516,2026-06-25T23:12:01.304198+00:00,True,+90.3%,True,$2831.5M,False,+-45.2%,False,0.2K,False,$7.25 / SMA $7.68,False,0.00%,False,+20.9%,False,206.3M,False,PNK,False,
TNK,Teekay Tankers Ltd.,70.28,2026-06-25T23:12:02.432676+00:00,True,+71.2%,True,$2434.8M,True,+100.9%,False,424.5K,False,$70.28 / SMA $75.10,True,4.02%,False,+23.5%,True,23.9M,True,NYQ,False,
TNL,Travel + Leisure Co.,76.68,2026-06-25T00:01:38.101625+00:00,False,+53.4%,True,$4786.7M,False,+14.0%,True,882.9K,True,$76.68 / SMA $68.73,False,2.77%,False,+2.9%,True,61.0M,True,NYQ,False,
TOELF,Tokyo Electron Limited,443.58,2026-06-25T23:07:53.990143+00:00,True,+240.8%,True,$201764.6M,,,False,9.5K,True,$443.58 / SMA $342.04,True,6.37%,,,False,439.5M,False,PNK,False,
TOELY,Tokyo Electron Limited,227.8,2026-06-24T23:58:47.822247+00:00,True,+244.6%,True,$207231.9M,,,False,253.7K,True,$227.80 / SMA $170.40,True,4.02%,,,False,879.0M,False,PNK,False,
TOI,"The Oncology Institute, Inc.",5.12,2026-06-25T23:27:37.826576+00:00,True,+154.1%,True,$511.9M,True,+90.5%,True,1641.8K,True,$5.12 / SMA $4.31,True,7.53%,True,+41.2%,True,87.4M,True,NCM,True,
TOITF,Topicus.com Inc.,64.31,2026-06-25T23:10:13.323226+00:00,False,+6.3%,True,$5359.5M,,,False,26.5K,False,$64.31 / SMA $70.86,True,3.85%,False,+19.4%,True,41.7M,False,PNK,False,
TOL,"Toll Brothers, Inc.",162.08,2026-06-25T23:08:22.066572+00:00,False,+46.5%,True,$15149.8M,False,+-22.3%,True,1137.1K,True,$162.08 / SMA $141.58,True,3.26%,False,+-7.6%,True,92.7M,True,NYQ,False,
TOPPY,TOPPAN Holdings Inc.,16.0,2026-06-25T23:08:32.677027+00:00,False,+48.6%,True,$9012.0M,,,False,2.6K,True,$16.00 / SMA $14.80,False,2.03%,,,False,512.0M,False,PNK,False,
TORXF,Torex Gold Resources Inc.,39.19,2026-06-25T23:10:24.079805+00:00,False,+44.7%,True,$3658.2M,,,False,38.9K,False,$39.19 / SMA $43.67,True,5.53%,True,+82.8%,True,92.9M,False,OQX,False,
TOST,"Toast, Inc.",25.77,2026-06-25T23:08:20.979214+00:00,False,+15.8%,True,$14946.6M,True,+122.2%,True,11086.0K,False,$25.77 / SMA $25.93,True,4.30%,False,+21.9%,False,485.4M,True,NYQ,False,
TOTZF,Total Energy Services Inc.,15.44,2026-06-25T00:06:02.740957+00:00,True,+99.2%,True,$566.1M,True,+32.7%,False,30.2K,False,$15.44 / SMA $17.42,True,3.99%,True,+25.0%,True,28.1M,False,PNK,False,
TOYO,"TOYO Co., Ltd.",7.38,2026-06-25T23:27:33.458544+00:00,True,+117.7%,False,$281.7M,,N/A,False,466.3K,False,$7.38 / SMA $12.93,True,13.31%,,N/A,True,8.7M,True,NCM,False,
TPB,"Turning Point Brands, Inc.",84.74,2026-06-25T00:03:42.308098+00:00,False,+28.8%,True,$1641.2M,False,+-25.9%,False,498.3K,True,$84.74 / SMA $83.74,True,4.83%,False,+16.8%,True,17.0M,True,NYQ,False,
TPC,Tutor Perini Corporation,81.56,2026-06-25T23:10:25.553509+00:00,True,+87.4%,True,$4305.7M,False,+-9.4%,True,512.5K,True,$81.56 / SMA $80.32,True,4.29%,False,+11.5%,True,44.9M,True,NYQ,False,
TPRKY,Travis Perkins plc,7.01,2026-06-25T00:03:49.060888+00:00,False,+3.4%,True,$1485.0M,,,False,3.6K,False,$7.01 / SMA $7.28,False,0.32%,,,False,208.7M,False,PNK,False,
TPZEF,Topaz Energy Corp.,20.864,2026-06-25T23:22:04.473381+00:00,False,+20.0%,True,$3229.7M,,N/A,False,90.9K,False,$20.86 / SMA $22.72,False,0.44%,,N/A,True,72.0M,False,PNK,False,
TR,"Tootsie Roll Industries, Inc.",36.86,2026-06-25T23:11:59.855919+00:00,False,+15.0%,True,$2770.8M,False,+-1.1%,False,154.6K,False,$36.86 / SMA $39.86,False,2.74%,False,+2.1%,True,21.1M,True,NYQ,False,
TRAUF,Transurban Group,10.94,2026-06-25T23:08:05.929082+00:00,False,+26.2%,True,$34134.8M,,,False,0.8K,True,$10.94 / SMA $10.32,False,1.46%,,,False,3114.4M,False,PNK,False,
TREE,"LendingTree, Inc.",38.12,2026-06-25T23:27:35.472031+00:00,False,+16.8%,True,$531.9M,True,+232.6%,False,252.0K,False,$38.12 / SMA $39.97,True,5.00%,True,+36.5%,True,13.1M,True,NMS,False,
TRIP,"Tripadvisor, Inc.",12.8,2026-06-25T23:25:46.182132+00:00,False,+42.1%,True,$1489.4M,False,+-250.0%,True,3988.7K,True,$12.80 / SMA $11.22,True,5.55%,False,+-4.0%,True,114.9M,True,NMS,False,
TRMD,TORM plc,27.7,2026-06-25T23:23:41.190518+00:00,False,+69.3%,True,$2835.6M,True,+90.3%,True,896.8K,False,$27.70 / SMA $30.25,True,3.69%,False,+22.2%,True,64.1M,True,NMS,False,
TRMLF,Tourmaline Oil Corp.,42.58,2026-06-24T23:59:18.817621+00:00,False,+6.4%,True,$16534.1M,,,False,243.9K,False,$42.58 / SMA $45.91,True,3.06%,False,+17.0%,False,369.7M,False,PNK,False,
TRN,"Trinity Industries, Inc.",35.32,2026-06-25T00:03:26.236774+00:00,False,+57.8%,True,$2808.1M,False,+15.4%,True,695.4K,True,$35.32 / SMA $33.70,False,2.90%,False,+-16.0%,True,78.3M,True,NYQ,False,
TRNO,Terreno Realty Corporation,65.35,2026-06-25T23:21:46.045373+00:00,False,+23.3%,True,$6908.6M,True,+40.4%,True,703.1K,False,$65.35 / SMA $65.64,False,2.35%,False,+12.7%,True,104.7M,True,NYQ,False,
TRNS,"Transcat, Inc.",91.88,2026-06-25T23:27:16.626616+00:00,True,+82.9%,True,$858.2M,False,+-56.3%,False,159.1K,True,$91.88 / SMA $81.55,True,6.53%,False,+15.8%,True,9.1M,True,NGM,False,
TROLB,"Tootsie Roll Industries, Inc.",39.5,2026-06-25T23:23:44.028613+00:00,False,+16.2%,True,$2969.3M,False,+-1.1%,False,0.0K,True,$39.50 / SMA $38.36,False,0.00%,False,+2.1%,True,21.1M,False,PNK,False,
TROO,"TROOPS, Inc.",2.53,2026-06-25T23:27:36.350697+00:00,True,+314.8%,True,$309.1M,,N/A,False,352.0K,False,$2.53 / SMA $3.35,True,15.69%,,N/A,True,58.6M,True,NCM,False,
TROW,"T. Rowe Price Group, Inc.",106.34,2026-06-25T23:19:50.217859+00:00,False,+24.8%,True,$22785.1M,False,+3.7%,True,2161.0K,True,$106.34 / SMA $102.54,False,2.12%,False,+5.3%,False,210.1M,True,NMS,False,
TRPPF,TRPPF,18.2,2026-06-24T23:58:52.587002+00:00,False,+34.0%,,,,,False,0.8K,True,$18.20 / SMA $18.06,False,0.00%,False,+6.6%,,,False,PNK,False,
TRPRF,TRPRF,,2026-06-25T23:07:58.526678+00:00,False,,False,,False,,False,,False,,False,,False,,False,,False,Unknown,False,No price data available
TRRSF,Trisura Group Ltd.,29.32,2026-06-25T23:13:50.803250+00:00,False,+13.2%,True,$1385.0M,True,+90.4%,False,11.0K,False,$29.32 / SMA $31.23,False,0.28%,False,+3.0%,True,46.1M,False,PNK,False,
TRRVF,TerraVest Industries Inc.,83.4675,2026-06-25T23:23:51.325852+00:00,False,+19.2%,True,$1810.1M,False,+-67.6%,False,7.5K,False,$83.47 / SMA $95.75,True,3.82%,True,+42.1%,True,13.7M,False,PNK,False,
TRS,TriMas Corporation,44.07,2026-06-25T23:13:50.406525+00:00,False,+59.4%,True,$1578.9M,True,+7033.3%,True,502.8K,True,$44.07 / SMA $39.92,False,2.87%,False,+10.4%,True,28.8M,True,NMS,False,
TRUMF,Terumo Corporation,12.73,2026-06-25T23:19:54.215176+00:00,False,+10.8%,True,$18777.8M,,N/A,False,3.2K,False,$12.73 / SMA $13.29,False,0.00%,,N/A,False,1445.3M,False,PNK,False,
TRVG,trivago N.V.,5.14,2026-06-25T00:03:46.332911+00:00,True,+98.5%,True,$363.4M,False,+0.0%,False,73.3K,True,$5.14 / SMA $3.51,True,9.18%,False,+15.1%,True,9.8M,True,NMS,False,
TRX,TRX Gold Corporation,0.787,2026-06-25T00:08:18.606965+00:00,True,+145.9%,False,$256.3M,False,+-600.0%,True,3232.3K,False,$0.79 / SMA $1.12,True,6.73%,True,+274.1%,False,317.7M,True,ASE,False,
TRYIY,"Toray Industries, Inc.",14.13,2026-06-25T23:20:04.758995+00:00,False,+20.8%,True,$10296.1M,,N/A,False,33.7K,False,$14.13 / SMA $14.23,False,1.76%,,N/A,False,727.6M,False,PNK,False,
TS,Tenaris S.A.,56.52,2026-06-24T23:59:06.019175+00:00,False,+68.0%,True,$28532.4M,False,+14.9%,True,1753.5K,False,$56.52 / SMA $60.77,False,2.16%,False,+6.1%,False,316.7M,True,NYQ,False,
TSAT,Telesat Corporation,41.77,2026-06-25T23:27:00.223838+00:00,True,+113.2%,True,$2146.1M,False,+-176.8%,False,252.7K,False,$41.77 / SMA $49.52,True,10.50%,False,+-25.4%,True,1.8M,True,NMS,False,
TSCDF,Tesco PLC,5.92,2026-06-25T23:19:41.410586+00:00,False,+12.8%,True,$37065.9M,,N/A,False,29.9K,False,$5.92 / SMA $6.18,False,2.52%,,N/A,False,6084.3M,False,OQX,False,
TSEM,Tower Semiconductor Ltd.,275.32,2026-06-24T23:59:07.023296+00:00,True,+554.3%,True,$32760.1M,True,+62.9%,True,2569.8K,True,$275.32 / SMA $244.66,True,7.95%,False,+15.5%,True,112.4M,True,NMS,False,
TSGTF,Tsingtao Brewery Company Limited,5.8,2026-06-25T23:20:03.882922+00:00,False,+4.7%,True,$9547.3M,False,+5.2%,False,1.9K,False,$5.80 / SMA $6.37,False,0.26%,False,+-1.5%,False,881.6M,False,PNK,False,
TSGTY,Tsingtao Brewery Company Limited,28.05,2026-06-24T23:59:37.328892+00:00,False,+8.7%,True,$9089.6M,False,+5.2%,False,0.1K,False,$28.05 / SMA $32.41,False,0.55%,False,+-1.5%,False,176.3M,False,PNK,False,
TSLTF,TransAlta Corporation,18.8194,2026-06-25T00:01:38.387140+00:00,False,+12.8%,,,,,False,0.0K,True,$18.82 / SMA $18.48,False,0.00%,False,+-25.5%,False,246.3M,False,PNK,False,
TSLX,"Sixth Street Specialty Lending, Inc.",16.2,2026-06-25T23:25:34.832978+00:00,False,+1.0%,True,$1539.3M,False,+-169.2%,True,719.6K,False,$16.20 / SMA $17.44,False,2.49%,False,+-136.9%,,N/A,True,NYQ,False,
TSM,Taiwan Semiconductor Manufacturing Company Limited,434.99,2026-06-25T23:19:28.400052+00:00,True,+96.7%,True,$2256064.2M,True,+58.4%,True,13655.2K,True,$434.99 / SMA $410.74,True,3.86%,True,+35.1%,False,37818.5M,True,NYQ,False,
TSPCF,Cleanaway Waste Management Limited,1.58,2026-06-25T23:23:38.345663+00:00,False,+14.5%,True,$3541.1M,,N/A,False,1.3K,False,$1.58 / SMA $1.63,False,0.15%,,N/A,False,2219.0M,False,PNK,False,
TSSI,"TSS, Inc.",11.65,2026-06-25T23:17:37.063779+00:00,False,+69.6%,True,$327.1M,False,+-33.3%,True,1579.6K,False,$11.65 / SMA $13.57,True,8.65%,False,+-44.1%,True,21.5M,True,NCM,False,
TSYHF,TravelSky Technology Limited,1.07,2026-06-25T23:11:44.966796+00:00,False,+18.9%,True,$3131.0M,,,False,38.3K,False,$1.07 / SMA $1.21,True,5.66%,,,False,932.6M,False,PNK,False,
TSYHY,TravelSky Technology Limited,10.5,2026-06-25T23:11:45.358376+00:00,False,+0.0%,True,$3096.1M,,,False,11.4K,False,$10.50 / SMA $12.05,True,3.32%,,,True,93.3M,False,PNK,False,
TT,Trane Technologies plc,483.15,2026-06-24T23:58:49.849201+00:00,False,+38.8%,True,$106802.9M,False,+-1.9%,True,1353.1K,True,$483.15 / SMA $468.75,False,2.65%,False,+6.0%,False,220.5M,True,NYQ,False,
TTAPY,TTW Public Company Limited,15.105,2026-06-25T23:25:47.146705+00:00,False,+16.6%,True,$1205.4M,False,+0.0%,False,0.0K,True,$15.11 / SMA $14.48,False,0.00%,False,+1.3%,False,1440.4M,False,PNK,False,
TTCIF,Titan S.A.,61.5,2026-06-25T23:21:58.468707+00:00,False,+44.7%,True,$4599.0M,,N/A,False,0.2K,False,$61.50 / SMA $62.48,False,0.02%,,N/A,True,41.5M,False,PNK,False,
TTD,"The Trade Desk, Inc.",17.7,2026-06-24T23:59:37.349790+00:00,False,+2.8%,True,$8320.9M,False,+-20.0%,True,20163.3K,False,$17.70 / SMA $21.50,True,5.68%,False,+11.8%,False,418.3M,True,NGM,False,
TTDKY,TDK Corporation,24.01,2026-06-24T23:59:00.707620+00:00,True,+122.3%,True,$45574.7M,True,+756.9%,False,251.5K,True,$24.01 / SMA $20.26,True,3.76%,,,False,1897.8M,False,PNK,False,
TTEK,"Tetra Tech, Inc.",28.58,2026-06-24T23:59:46.001280+00:00,False,+10.7%,True,$7417.2M,True,+1700.0%,True,3471.3K,False,$28.58 / SMA $29.11,True,3.40%,False,+-7.7%,False,257.9M,True,NMS,False,
TTMI,"TTM Technologies, Inc.",210.57,2026-06-25T23:19:52.014583+00:00,True,+437.2%,True,$21867.7M,True,+51.6%,True,2265.8K,True,$210.57 / SMA $169.33,True,7.80%,True,+30.4%,True,102.2M,True,NMS,True,
TTNDF,Techtronic Industries Company Limited,16.85,2026-06-25T23:19:46.720091+00:00,False,+56.7%,True,$30807.6M,,N/A,False,1.7K,True,$16.85 / SMA $15.26,False,0.50%,,N/A,False,1422.9M,False,OQX,False,
TTRAF,Telstra Group Limited,3.8,2026-06-24T23:58:59.555110+00:00,False,+31.9%,True,$42328.7M,,,False,2.5K,True,$3.80 / SMA $3.71,False,0.18%,,,False,11343.9M,False,PNK,False,
TTVSY,TTVSY,10.44,2026-06-25T23:22:04.510143+00:00,False,+0.2%,True,$3028.6M,,N/A,False,60.4K,False,$10.44 / SMA $12.63,True,5.23%,,N/A,False,223.6M,False,PNK,False,
TU,TELUS Corporation,11.08,2026-06-25T23:19:52.283071+00:00,False,+0.4%,True,$17299.7M,False,+-57.1%,True,5803.5K,False,$11.08 / SMA $12.01,False,1.94%,False,+-0.6%,False,1570.6M,True,NYQ,False,
TUWLF,Tullow Oil plc,0.2,2026-06-25T23:17:31.065683+00:00,True,+300.0%,True,$303.0M,,,False,10.6K,True,$0.20 / SMA $0.20,False,0.00%,,,False,1087.6M,False,PNK,False,
TUYA,Tuya Inc.,1.78,2026-06-25T00:05:30.034188+00:00,False,+0.3%,True,$1091.3M,True,+50.0%,True,1044.7K,False,$1.78 / SMA $2.18,True,4.39%,False,+8.3%,False,287.6M,True,NYQ,False,
TVACU,Texas Ventures Acquisition III Corp,10.6,2026-06-25T23:29:27.431682+00:00,False,+3.8%,,N/A,,N/A,False,0.2K,False,$10.60 / SMA $10.66,False,0.05%,,N/A,True,19.3M,True,NGM,False,
TW,Tradeweb Markets Inc.,91.5,2026-06-25T23:19:48.164383+00:00,False,+0.1%,True,$19949.4M,True,+39.1%,True,1607.4K,False,$91.50 / SMA $106.59,True,3.02%,False,+21.2%,True,115.7M,True,NMS,False,
TWFG,"TWFG, Inc.",21.39,2026-06-25T23:25:51.268455+00:00,False,+29.2%,False,$278.0M,True,+33.3%,False,265.1K,True,$21.39 / SMA $19.62,True,5.03%,True,+35.9%,True,11.3M,True,NMS,False,
TWODY,Taylor Wimpey plc,10.865,2026-06-25T23:10:25.992152+00:00,False,+11.0%,True,$3773.9M,,,False,57.8K,True,$10.87 / SMA $10.72,False,1.70%,,,False,349.2M,False,PNK,False,
TWST,Twist Bioscience Corporation,91.35,2026-06-25T00:01:40.027521+00:00,True,+292.1%,True,$5688.5M,False,+-7.6%,True,1596.5K,True,$91.35 / SMA $64.75,True,7.27%,False,+19.3%,True,55.4M,True,NMS,False,
TX,Ternium S.A.,44.96,2026-06-24T23:59:40.358378+00:00,False,+52.6%,True,$8826.0M,True,+266.7%,False,369.3K,False,$44.96 / SMA $45.27,True,3.40%,False,+0.0%,True,43.0M,True,NYQ,False,
TXG,"10x Genomics, Inc.",35.73,2026-06-25T23:23:42.869675+00:00,True,+220.2%,True,$4536.1M,True,+64.3%,True,2858.2K,True,$35.73 / SMA $26.14,True,8.14%,False,+-2.6%,True,114.8M,True,NMS,False,
TXN,Texas Instruments Incorporated,303.11,2026-06-24T23:58:45.101687+00:00,True,+98.5%,True,$275858.2M,True,+31.2%,True,8006.2K,True,$303.11 / SMA $287.10,True,3.96%,False,+18.6%,False,907.9M,True,NMS,False,
TXNM,"TXNM Energy, Inc.",57.47,2026-06-24T23:59:48.738577+00:00,False,+2.3%,True,$6362.3M,False,+-70.0%,True,1499.8K,False,$57.47 / SMA $58.65,False,0.83%,False,+4.6%,True,94.5M,True,NYQ,False,
TXRH,"Texas Roadhouse, Inc.",190.61,2026-06-25T23:08:23.983262+00:00,False,+23.9%,True,$12528.7M,False,+10.0%,True,1178.1K,True,$190.61 / SMA $169.66,True,3.54%,False,+12.8%,True,61.7M,True,NMS,False,
TY,Tri-Continental Corporation,34.88,2026-06-25T00:03:39.355968+00:00,False,+14.2%,True,$1856.8M,,,False,33.4K,True,$34.88 / SMA $33.84,False,1.55%,,,,,True,NYQ,False,
TYCMY,Tingyi (Cayman Islands) Holding Corp.,24.98,2026-06-24T23:59:42.222515+00:00,False,+2.0%,True,$7040.0M,,,False,22.4K,False,$24.98 / SMA $28.83,True,3.83%,,,True,93.1M,False,PNK,False,
TYEKF,thyssenkrupp AG,11.5,2026-06-25T23:20:11.541956+00:00,False,+43.8%,True,$7432.3M,False,+-100.0%,False,0.3K,False,$11.50 / SMA $11.87,False,0.19%,False,+-2.3%,False,477.3M,False,PNK,False,
TYHOY,Toyota Tsusho Corporation,19.53,2026-06-25T23:08:02.182140+00:00,True,+120.9%,True,$41238.6M,,,False,13.0K,False,$19.53 / SMA $20.90,True,3.69%,,,False,1855.5M,False,PNK,False,
TYL,"Tyler Technologies, Inc.",281.09,2026-06-25T23:19:58.985859+00:00,False,+3.8%,True,$11564.2M,False,+2.2%,True,717.9K,False,$281.09 / SMA $315.41,True,4.03%,False,+8.6%,True,39.5M,True,NYQ,False,
UA,"Under Armour, Inc.",5.88,2026-06-25T00:03:28.958869+00:00,False,+48.9%,True,$2506.8M,,,True,2840.0K,True,$5.88 / SMA $5.73,True,4.28%,False,+-0.8%,False,302.0M,True,NYQ,False,
UAA,"Under Armour, Inc.",6.08,2026-06-25T23:12:05.249360+00:00,False,+47.2%,True,$2592.1M,True,+37.5%,True,7954.7K,True,$6.08 / SMA $5.89,True,4.64%,False,+-0.8%,False,302.0M,True,NYQ,False,
UAL,"United Airlines Holdings, Inc.",134.605,2026-06-25T23:19:44.287279+00:00,True,+75.0%,True,$43688.7M,True,+84.5%,True,6787.8K,True,$134.60 / SMA $103.29,True,4.36%,False,+10.6%,False,321.8M,True,NMS,False,
UBS,UBS Group AG,49.94,2026-06-25T23:19:31.234124+00:00,False,+52.8%,True,$163693.6M,True,+84.3%,True,2437.1K,True,$49.94 / SMA $46.06,False,1.61%,False,+14.9%,False,3087.4M,True,NYQ,False,
UBSFY,Ubisoft Entertainment SA,1.14,2026-06-25T00:05:57.497329+00:00,False,+42.5%,True,$774.9M,,,False,194.5K,True,$1.14 / SMA $1.12,True,3.94%,,,False,494.4M,False,PNK,False,
UCB,"United Community Banks, Inc.",34.55,2026-06-25T00:01:38.761675+00:00,False,+20.6%,True,$4137.7M,False,+19.0%,True,854.6K,True,$34.55 / SMA $33.10,False,1.99%,False,+11.3%,True,119.0M,True,NYQ,False,
UCBJF,UCB SA,288.4,2026-06-25T23:19:38.966088+00:00,False,+48.1%,True,$54900.2M,,N/A,False,0.5K,False,$288.40 / SMA $292.45,True,3.57%,,N/A,True,119.9M,False,PNK,False,
UE,Urban Edge Properties,23.23,2026-06-25T00:03:22.274563+00:00,False,+26.5%,True,$3084.0M,True,+157.1%,True,864.6K,True,$23.23 / SMA $22.03,False,2.10%,False,+12.2%,True,125.9M,True,NYQ,False,
UELKY,Ülker Bisküvi Sanayi A.S.,26.9,2026-06-25T23:15:34.539782+00:00,False,+7.0%,True,$993.4M,False,+-49.8%,False,0.0K,True,$26.90 / SMA $25.75,False,0.00%,False,+-3.9%,True,19.5M,False,PNK,False,
UFPI,"UFP Industries, Inc.",89.8,2026-06-25T00:01:35.333392+00:00,False,+15.3%,True,$5071.9M,False,+-31.5%,False,474.2K,True,$89.80 / SMA $85.51,False,2.96%,False,+-8.4%,True,55.4M,True,NMS,False,
UFPT,"UFP Technologies, Inc.",242.95,2026-06-25T00:03:41.121452+00:00,False,+39.7%,True,$1879.7M,False,+1.4%,False,210.1K,True,$242.95 / SMA $217.04,True,4.25%,False,+4.1%,True,7.4M,True,NCM,False,
UGI,UGI Corporation,35.16,2026-06-25T23:20:11.451411+00:00,False,+11.2%,True,$7538.1M,False,+6.4%,True,1842.7K,True,$35.16 / SMA $34.72,False,2.24%,False,+0.7%,False,213.9M,True,NYQ,False,
UGP,Ultrapar Participações S.A.,4.86,2026-06-25T23:10:11.410615+00:00,True,+73.6%,True,$5197.2M,True,+167.4%,True,3134.0K,False,$4.86 / SMA $5.48,False,2.81%,False,+10.3%,False,644.7M,True,NYQ,False,
UHOIF,Ushio Inc.,28.64,2026-06-25T23:23:54.639263+00:00,True,+201.5%,True,$2272.5M,,N/A,False,0.0K,True,$28.64 / SMA $22.48,False,0.00%,,N/A,True,77.4M,False,PNK,False,
UHT,Universal Health Realty Income Trust,41.67,2026-06-25T00:08:30.031002+00:00,False,+18.2%,True,$578.2M,False,+5.9%,False,120.3K,True,$41.67 / SMA $40.02,False,2.88%,False,+-0.1%,True,12.7M,True,NYQ,False,
UI,Ubiquiti Inc.,550.0,2026-06-24T23:59:02.612151+00:00,False,+44.7%,True,$33287.1M,True,+29.5%,False,123.0K,False,$550.00 / SMA $751.46,True,4.59%,False,+18.7%,True,4.2M,True,NYQ,False,
UL,Unilever PLC,59.97,2026-06-24T23:58:48.369710+00:00,False,+9.5%,True,$129141.7M,,,True,4585.2K,True,$59.97 / SMA $57.45,False,1.36%,,,False,2162.5M,True,NYQ,False,
ULTA,"Ulta Beauty, Inc.",478.93,2026-06-24T23:59:15.691626+00:00,False,+6.8%,True,$20588.9M,False,+15.5%,True,760.2K,False,$478.93 / SMA $506.62,True,3.06%,False,+11.1%,True,42.8M,True,NMS,False,
UMAC,"Unusual Machines, Inc.",19.52,2026-06-25T00:05:58.653684+00:00,True,+169.4%,True,$932.9M,True,+200.0%,True,6021.5K,True,$19.52 / SMA $19.26,True,15.81%,True,+296.4%,True,44.8M,True,ASE,True,
UMBF,UMB Financial Corporation,143.41,2026-06-25T23:20:05.025818+00:00,False,+39.1%,True,$10896.1M,True,+176.9%,True,669.7K,True,$143.41 / SMA $129.21,False,2.90%,True,+34.3%,True,72.3M,True,NMS,False,
UMBFO,UMB Financial Corporation,26.27,2026-06-25T23:08:26.897238+00:00,False,+3.0%,,,,,False,16.2K,False,$26.27 / SMA $26.58,False,1.20%,True,+34.3%,True,72.3M,True,NMS,False,
UMC,United Microelectronics Corporation,28.01,2026-06-24T23:58:58.145615+00:00,True,+327.0%,True,$70285.1M,True,+108.1%,True,15382.9K,True,$28.01 / SMA $17.57,True,5.40%,False,+5.5%,False,2204.4M,True,NYQ,False,
UMGNF,Universal Music Group N.V.,20.75,2026-06-24T23:58:58.691363+00:00,False,+19.5%,True,$38253.5M,,,False,45.3K,False,$20.75 / SMA $22.41,True,3.20%,,,False,1037.8M,False,PNK,False,
UMH,"UMH Properties, Inc.",15.12,2026-06-25T23:25:42.734300+00:00,False,+8.5%,True,$1287.7M,,N/A,True,692.2K,False,$15.12 / SMA $15.25,False,1.84%,False,+7.5%,True,80.0M,True,NYQ,False,
UMICF,UMICF,,2026-06-25T23:11:39.691327+00:00,False,,False,,False,,False,,False,,False,,False,,False,,False,Unknown,False,Too Many Requests. Rate limited. Try after a while.
UNCFF,UniCredit S.p.A.,91.71,2026-06-24T23:58:48.202912+00:00,False,+39.8%,True,$137407.0M,False,+20.1%,False,4.8K,True,$91.71 / SMA $83.11,False,2.08%,False,+7.9%,False,1493.9M,False,PNK,False,
UNCHF,Unicharm Corporation,5.55,2026-06-24T23:59:36.759389+00:00,False,+5.1%,True,$9550.4M,False,+-19.6%,False,4.6K,False,$5.55 / SMA $5.88,False,0.03%,False,+2.9%,False,1099.7M,False,PNK,False,
UNCRY,UniCredit S.p.A.,44.2,2026-06-25T23:07:54.529611+00:00,False,+35.3%,True,$132447.7M,False,+20.1%,False,414.8K,True,$44.20 / SMA $41.48,False,1.73%,False,+7.9%,False,2987.8M,False,PNK,False,
UNIKF,Unitika Ltd.,10.175,2026-06-25T23:27:31.156862+00:00,True,+587.5%,True,$586.6M,,N/A,False,0.3K,False,$10.18 / SMA $12.52,False,0.00%,,N/A,True,57.7M,False,PNK,False,
UNIT,Uniti Group Inc.,11.46,2026-06-25T23:12:02.347661+00:00,True,+116.2%,True,$2782.7M,False,+-780.0%,True,2579.3K,False,$11.46 / SMA $11.49,True,3.93%,True,+236.0%,False,178.9M,True,NMS,False,
UNLRY,PT Unilever Indonesia Tbk,1.86,2026-06-25T23:10:25.938475+00:00,False,+7.5%,True,$3773.7M,,,False,13.0K,True,$1.86 / SMA $1.80,False,1.03%,False,+9.3%,False,277.9M,False,PNK,False,
UNM,Unum Group,88.92,2026-06-25T23:19:58.826032+00:00,False,+30.2%,True,$14207.3M,True,+33.0%,True,1350.3K,True,$88.92 / SMA $83.60,False,2.03%,False,+8.3%,True,143.2M,True,NYQ,False,
UNTC,Unit Corporation,32.2,2026-06-25T00:08:24.623236+00:00,False,+26.3%,True,$318.7M,False,+-73.9%,False,21.3K,True,$32.20 / SMA $32.13,False,1.96%,False,+2.4%,,,False,OQX,False,
UNTY,"Unity Bancorp, Inc.",57.94,2026-06-25T23:15:46.537320+00:00,False,+30.7%,True,$581.8M,False,+23.9%,False,53.2K,True,$57.94 / SMA $54.15,False,2.68%,False,+14.5%,True,7.3M,True,NGM,False,
UNVGY,Universal Music Group N.V.,10.35,2026-06-25T23:19:40.793188+00:00,False,+17.2%,True,$37963.1M,,N/A,True,637.9K,False,$10.35 / SMA $11.08,False,2.51%,,N/A,False,2075.6M,False,PNK,False,
UOLGY,UOL Group Limited,30.14,2026-06-25T23:21:47.045518+00:00,False,+57.8%,True,$6379.1M,,N/A,False,12.4K,False,$30.14 / SMA $31.93,False,1.13%,,N/A,True,113.4M,False,PNK,False,
UOVEY,United Overseas Bank Limited,61.51,2026-06-25T23:19:39.854785+00:00,False,+23.0%,True,$50796.5M,,N/A,False,43.2K,True,$61.51 / SMA $58.56,False,1.19%,,N/A,False,577.1M,False,PNK,False,
UPB,"Upstream Bio, Inc.",6.36,2026-06-25T23:17:24.590087+00:00,False,+8.7%,True,$346.1M,False,+-46.7%,True,622.8K,False,$6.36 / SMA $8.19,True,6.51%,True,+82.7%,True,35.0M,True,NMS,False,
UPBD,"Upbound Group, Inc.",19.84,2026-06-25T23:25:50.782025+00:00,False,+25.4%,True,$1156.5M,True,+45.2%,True,839.2K,True,$19.84 / SMA $18.31,True,4.05%,False,+3.7%,True,52.7M,True,NMS,False,
UPCHY,Uni-President China Holdings Ltd,86.5,2026-06-25T23:22:00.422550+00:00,False,+1.1%,True,$3736.2M,,N/A,False,0.0K,False,$86.50 / SMA $90.27,False,0.41%,,N/A,True,11.7M,False,PNK,False,
UPMKF,UPM-Kymmene Oyj,29.33,2026-06-24T23:59:23.510896+00:00,False,+20.2%,True,$15466.4M,True,+294.7%,False,0.4K,False,$29.33 / SMA $30.18,False,0.00%,False,+-4.8%,False,511.0M,False,PNK,False,
UPST,"Upstart Holdings, Inc.",32.65,2026-06-25T00:03:23.645119+00:00,False,+36.2%,True,$3125.0M,False,+-133.3%,True,4637.9K,True,$32.65 / SMA $31.18,True,7.16%,True,+44.4%,True,82.2M,True,NMS,False,
UPWK,Upwork Inc.,8.22,2026-06-25T00:05:43.916935+00:00,False,+10.5%,True,$1015.3M,False,+-11.1%,True,4087.0K,False,$8.22 / SMA $9.33,True,4.16%,False,+1.4%,True,114.4M,True,NMS,False,
URBN,"Urban Outfitters, Inc.",71.37,2026-06-25T23:21:49.292507+00:00,False,+19.9%,True,$6111.8M,False,+12.1%,True,1270.3K,False,$71.37 / SMA $72.09,True,3.82%,False,+11.4%,True,60.6M,True,NMS,False,
URI,"United Rentals, Inc.",1083.72,2026-06-24T23:58:54.567147+00:00,False,+54.5%,True,$67891.3M,False,+6.6%,True,542.4K,True,$1083.72 / SMA $968.36,False,2.91%,False,+7.2%,True,62.3M,True,NYQ,False,
UROY,Uranium Royalty Corp.,2.73,2026-06-25T23:15:49.433757+00:00,False,+19.5%,True,$400.2M,True,+200.0%,True,2561.3K,False,$2.73 / SMA $3.52,True,6.54%,True,+416400.0%,True,125.3M,True,NCM,False,
USAC,"USA Compression Partners, LP",26.39,2026-06-25T23:10:22.193367+00:00,False,+20.8%,True,$3825.8M,True,+92.9%,False,230.2K,False,$26.39 / SMA $27.52,True,3.67%,True,+35.1%,True,88.0M,True,NYQ,False,
USAR,"USA Rare Earth, Inc.",20.66,2026-06-25T23:10:14.288081+00:00,True,+121.7%,True,$5054.7M,False,+-158.6%,True,16922.6K,False,$20.66 / SMA $24.13,True,9.61%,,,False,177.3M,True,NGM,False,
USAS,Americas Gold and Silver Corporation,4.79,2026-06-25T23:13:42.633850+00:00,True,+148.8%,True,$1616.8M,True,+137.5%,True,5113.9K,False,$4.79 / SMA $5.86,True,7.42%,True,+187.9%,False,268.5M,True,ASE,False,
USNZY,Usinas Siderúrgicas de Minas Gerais S.A.,1.73,2026-06-25T00:03:27.386904+00:00,True,+147.1%,True,$2129.5M,,,False,217.0K,False,$1.73 / SMA $1.79,True,7.69%,False,+-9.4%,False,494.7M,False,PNK,False,
USPH,"U.S. Physical Therapy, Inc.",66.32,2026-06-25T23:15:34.292501+00:00,False,+14.0%,True,$1009.3M,False,+-115.0%,False,202.6K,True,$66.32 / SMA $66.20,True,3.53%,False,+7.9%,True,14.8M,True,NYQ,False,
USSJY,"USS Co., Ltd.",25.75,2026-06-25T00:01:29.813988+00:00,False,+30.6%,True,$5845.8M,,,False,0.0K,True,$25.75 / SMA $23.33,False,0.00%,,,False,182.5M,False,PNK,False,
UTF,"Cohen & Steers Infrastructure Fund, Inc",27.29,2026-06-25T00:03:24.776383+00:00,False,+16.5%,True,$3051.3M,,,False,311.7K,True,$27.29 / SMA $26.69,False,1.10%,,,,,True,NYQ,False,
UTG,Reaves Utility Income Fund,41.1,2026-06-25T00:01:40.538790+00:00,False,+16.5%,True,$3757.7M,,,False,212.6K,False,$41.10 / SMA $41.73,False,2.09%,,,,,True,ASE,False,
UWMC,UWM Holdings Corporation,2.12,2026-06-25T23:10:17.976286+00:00,False,+6.0%,True,$3425.3M,True,+175.0%,True,19170.6K,False,$2.12 / SMA $2.92,True,6.56%,True,+1124.8%,False,273.7M,True,NYQ,False,
UXIN,Uxin Limited,1.62,2026-06-25T23:15:50.855877+00:00,False,+5.2%,True,$356.4M,,,False,174.5K,False,$1.62 / SMA $2.44,True,8.47%,True,+112.9%,True,85.1M,True,NMS,False,
UZAPF,Flughafen Zürich AG,315.314,2026-06-25T23:08:29.214490+00:00,False,+17.3%,True,$9679.5M,,,False,0.1K,True,$315.31 / SMA $294.76,False,0.46%,,,True,18.8M,False,PNK,False,
VACI,Viking Acquisition Corp. I,10.22,2026-06-25T00:08:26.520341+00:00,False,+3.7%,True,$320.2M,,,False,255.2K,True,$10.22 / SMA $10.20,False,0.64%,,,True,21.9M,True,NYQ,False,
VACI.U,VACI.U,,2026-06-25T23:17:39.380073+00:00,False,,False,,False,,False,,False,,False,,False,,False,,False,Unknown,False,No price data available
VACNY,VAT Group AG,81.12,2026-06-25T23:19:48.943824+00:00,True,+153.6%,True,$24309.2M,,N/A,False,8.3K,True,$81.12 / SMA $77.13,False,2.32%,,N/A,False,269.1M,False,PNK,False,
VAIAF,Vaisala Oyj,58.65,2026-06-25T00:03:32.840256+00:00,False,+24.1%,True,$2328.6M,False,+-37.3%,False,0.0K,True,$58.65 / SMA $57.95,False,0.00%,False,+-18.3%,True,24.4M,False,PNK,False,
VAL,Valaris Limited,77.33,2026-06-25T23:10:07.996594+00:00,True,+87.6%,True,$5355.2M,True,+54.7%,True,930.7K,False,$77.33 / SMA $93.38,True,3.53%,False,+-25.0%,True,56.9M,True,NYQ,False,
VALE,Vale S.A.,15.12,2026-06-25T23:19:36.347341+00:00,False,+63.1%,True,$64372.0M,True,+33.3%,True,24245.0K,False,$15.12 / SMA $16.30,False,2.31%,False,+14.0%,False,3965.4M,True,NYQ,False,
VALN,Valneva SE,5.21,2026-06-25T23:27:33.331772+00:00,False,+3.2%,True,$494.0M,False,+-200.0%,False,67.1K,False,$5.21 / SMA $5.63,True,3.90%,False,+-37.2%,True,73.9M,True,NMS,False,
VARRY,Vår Energi ASA,8.52,2026-06-25T23:08:21.963206+00:00,False,+41.4%,True,$10634.0M,False,+-22.2%,False,12.2K,False,$8.52 / SMA $9.73,True,7.81%,True,+45.0%,False,451.9M,False,PNK,False,
VARXF,BOE Varitronix Limited,0.6343,2026-06-25T23:27:35.622645+00:00,False,+23.7%,True,$488.9M,,N/A,False,0.1K,True,$0.63 / SMA $0.59,False,0.00%,,N/A,False,367.8M,False,PNK,False,
VBNK,VersaBank,19.04,2026-06-25T23:15:45.887033+00:00,True,+88.5%,True,$613.0M,False,+-11.5%,False,78.5K,True,$19.04 / SMA $18.31,True,5.45%,True,+27.1%,True,20.1M,True,NMS,False,
VBVBF,Verbio SE,44.05,2026-06-25T23:12:02.806229+00:00,True,+264.0%,True,$2806.7M,True,+263.6%,False,0.2K,True,$44.05 / SMA $43.62,False,0.00%,False,+13.2%,True,41.0M,False,PNK,False,
VCEL,Vericel Corporation,42.9,2026-06-25T23:25:31.853244+00:00,False,+48.2%,True,$2190.8M,True,+47.8%,True,640.6K,True,$42.90 / SMA $35.83,True,4.38%,True,+30.1%,True,50.4M,True,NGM,False,
VCHYF,"V Technology Co., Ltd.",37.41,2026-06-25T23:17:40.321924+00:00,True,+80.5%,True,$353.6M,,,False,0.0K,True,$37.41 / SMA $29.75,False,0.01%,,,True,8.1M,False,PNK,False,
VCV,Invesco California Value Municipal Income Trust,10.64,2026-06-25T23:27:35.557868+00:00,False,+6.8%,True,$522.6M,,N/A,False,97.8K,True,$10.64 / SMA $10.55,False,0.87%,,N/A,,N/A,True,NYQ,False,
VCVOF,VinaCapital Vietnam Opportunity Fund Limited,6.04,2026-06-25T00:06:01.019597+00:00,False,+9.8%,,,,,False,2.5K,False,$6.04 / SMA $6.22,False,0.30%,,,,,False,PNK,False,
VCX,"Fundrise Growth Tech Fund, LLC",83.0,2026-06-24T23:59:44.858467+00:00,True,+165.9%,,,,,False,412.0K,False,$83.00 / SMA $152.05,True,16.02%,,,,,True,NYQ,False,
VECO,Veeco Instruments Inc.,71.16,2026-06-25T00:01:41.110596+00:00,True,+268.9%,True,$4343.1M,False,+-105.0%,True,1519.2K,True,$71.16 / SMA $58.94,True,8.07%,False,+-5.4%,True,59.8M,True,NMS,False,
VEEV,Veeva Systems Inc.,158.08,2026-06-25T23:08:09.515770+00:00,False,+6.8%,True,$25679.0M,False,+14.6%,True,3105.7K,False,$158.08 / SMA $164.24,True,4.48%,False,+16.3%,True,149.0M,True,NYQ,False,
VEMLY,Venture Corporation Limited,69.86,2026-06-25T00:01:38.467284+00:00,False,+67.7%,True,$4017.4M,,,False,0.1K,True,$69.86 / SMA $69.52,False,0.00%,,,True,53.0M,False,PNK,False,
VEOEY,Veolia Environnement SA,20.62,2026-06-25T23:08:07.875627+00:00,False,+28.8%,True,$30196.6M,,,False,381.5K,True,$20.62 / SMA $20.19,False,1.23%,,,False,1269.0M,False,PNK,False,
VEON,VEON Ltd.,51.56,2026-06-25T00:01:39.145719+00:00,False,+27.2%,True,$3570.1M,False,+0.0%,False,93.1K,False,$51.56 / SMA $52.59,True,4.21%,False,+17.1%,True,63.5M,True,NMS,False,
VET,Vermilion Energy Inc.,9.42,2026-06-25T00:03:38.758333+00:00,False,+34.6%,True,$1443.1M,False,+-1050.0%,True,1719.6K,False,$9.42 / SMA $11.81,True,3.17%,False,+7.0%,False,151.8M,True,NYQ,False,
VFS,VinFast Auto Ltd.,3.08,2026-06-25T23:20:08.919718+00:00,False,+10.8%,True,$7205.8M,False,+-58.7%,True,843.2K,False,$3.08 / SMA $3.73,True,3.96%,True,+41.7%,True,49.6M,True,NMS,False,
VG,VG,10.83,2026-06-25T23:08:05.618351+00:00,True,+89.3%,True,$26905.6M,True,+26.7%,True,20564.6K,False,$10.83 / SMA $12.47,True,4.93%,True,+58.9%,False,506.7M,True,NYQ,False,
VGM,Invesco Trust for Investment Grade Municipals,10.41,2026-06-25T00:07:46.215694+00:00,False,+11.1%,True,$564.6M,,,False,198.1K,True,$10.41 / SMA $10.13,False,1.00%,,,,,True,NYQ,False,
VGNT,Versigent PLC,42.22,2026-06-25T00:03:21.238578+00:00,False,+60.3%,True,$2993.1M,,,True,2307.5K,True,$42.22 / SMA $41.52,True,5.86%,,,True,70.1M,True,NYQ,False,
VHCPU,Vine Hill Capital Investment Corp. II,10.09,2026-06-25T23:29:29.652400+00:00,False,+1.0%,,N/A,,N/A,False,22.2K,True,$10.09 / SMA $10.05,False,0.10%,,N/A,True,21.4M,True,NGM,False,
VIAV,Viavi Solutions Inc.,49.41,2026-06-24T23:59:32.714402+00:00,True,+413.6%,True,$12188.7M,False,+-66.7%,True,7200.6K,True,$49.41 / SMA $49.26,True,8.96%,True,+42.8%,False,231.5M,True,NMS,False,
VICR,Vicor Corporation,322.28,2026-06-24T23:59:32.174290+00:00,True,+671.7%,True,$14690.0M,True,+633.3%,True,843.3K,True,$322.28 / SMA $283.16,True,8.54%,False,+20.2%,True,25.0M,True,NMS,False,
VISN,"Vistance Networks, Inc.",12.55,2026-06-25T00:03:23.509412+00:00,True,+75.9%,True,$2830.9M,True,+703.8%,True,6779.4K,True,$12.55 / SMA $11.53,True,3.25%,False,+21.6%,False,214.9M,True,NMS,False,
VIV,Telefônica Brasil S.A.,13.37,2026-06-25T23:19:50.194954+00:00,False,+23.9%,True,$21362.6M,False,+18.2%,True,1039.4K,False,$13.37 / SMA $14.02,False,2.20%,False,+7.4%,False,350.7M,True,NYQ,False,
VKI,Invesco Advantage Municipal Income Trust II,9.34,2026-06-25T23:17:30.603497+00:00,False,+14.7%,True,$414.9M,,,False,119.3K,True,$9.34 / SMA $8.87,False,1.28%,,,,,True,ASE,False,
VKTX,"Viking Therapeutics, Inc.",36.99,2026-06-25T23:11:41.871393+00:00,False,+61.1%,True,$4294.7M,False,+-234.1%,True,2317.9K,True,$36.99 / SMA $31.55,True,5.41%,,,True,113.3M,True,NCM,False,
VLERF,Valeura Energy Inc.,7.332,2026-06-25T23:15:32.110758+00:00,False,+68.9%,True,$781.1M,False,+-61.5%,False,77.9K,False,$7.33 / SMA $8.79,False,2.77%,False,+-37.7%,True,84.8M,False,OQX,False,
VLKAF,Volkswagen AG,88.0,2026-06-25T23:19:38.995355+00:00,False,+2.2%,True,$44767.1M,,N/A,False,0.7K,False,$88.00 / SMA $104.15,True,4.53%,False,+-13.4%,False,234.7M,False,PNK,False,
VLOUF,Vallourec S.A.,24.23,2026-06-25T23:21:47.770491+00:00,False,+43.5%,True,$5562.1M,False,+-14.7%,False,0.1K,False,$24.23 / SMA $28.47,False,0.00%,False,+-15.9%,False,184.2M,False,PNK,False,
VLOWY,Vallourec S.A.,4.94,2026-06-25T23:10:10.215416+00:00,False,+43.6%,True,$5670.0M,False,+-14.7%,False,176.6K,False,$4.94 / SMA $5.75,True,4.87%,False,+-15.9%,False,920.8M,False,PNK,False,
VLPNY,Voestalpine AG,9.7,2026-06-25T23:20:06.081689+00:00,True,+83.0%,True,$8315.4M,,N/A,False,7.5K,False,$9.70 / SMA $10.38,False,0.65%,False,+-1.9%,False,726.0M,False,PNK,False,
VLSOF,Velesto Energy Berhad,0.0864,2026-06-25T00:06:01.424552+00:00,False,+0.0%,,,,,False,16.0K,False,$0.09 / SMA_short $0.09,,,,,False,4170.5M,False,PNK,False,
VLVCY,Volvo Car AB (publ.),4.0264,2026-06-25T23:08:33.508553+00:00,False,+9.1%,True,$6084.7M,False,+-35.7%,False,0.3K,False,$4.03 / SMA $4.82,False,1.00%,False,+-35.2%,False,298.3M,False,PNK,False,
VLVLY,AB Volvo (publ),32.52,2026-06-25T23:19:36.295718+00:00,False,+24.5%,True,$66127.9M,False,+-15.8%,False,134.8K,False,$32.52 / SMA $34.19,False,1.93%,False,+-9.1%,False,1943.7M,False,PNK,False,
VLXGF,Volex plc,7.5,2026-06-25T23:13:46.602209+00:00,False,+58.6%,True,$1382.0M,,,False,6.1K,False,$7.50 / SMA $8.28,False,2.66%,,,True,129.5M,False,PNK,False,
VLYPN,Valley National Bancorp,25.55,2026-06-24T23:59:44.938899+00:00,False,+3.7%,,,,,False,23.3K,False,$25.55 / SMA $25.59,False,0.76%,False,+12.9%,False,546.4M,True,NMS,False,
VMD,"Viemed Healthcare, Inc.",11.69,2026-06-25T23:29:19.606027+00:00,True,+97.1%,True,$448.2M,False,+0.0%,False,259.3K,True,$11.69 / SMA $9.85,True,3.31%,True,+27.5%,True,30.2M,True,NCM,False,
VMET,Versamet Royalties Corporation,11.36,2026-06-25T23:15:44.101505+00:00,False,+24.8%,True,$1233.6M,True,+576.5%,False,194.1K,False,$11.36 / SMA $12.06,True,6.83%,True,+593.9%,True,28.8M,True,NCM,False,
VMO,Invesco Municipal Opportunity Trust,9.87,2026-06-25T00:06:06.685749+00:00,False,+10.9%,True,$665.6M,,,False,269.7K,True,$9.87 / SMA $9.62,False,0.74%,,,,,True,NYQ,False,
VNET,"VNET Group, Inc.",8.15,2026-06-25T00:03:25.092492+00:00,False,+40.5%,True,$2320.2M,False,+-806.7%,True,7532.1K,False,$8.15 / SMA $9.31,True,6.50%,False,+19.8%,True,59.1M,True,NMS,False,
VNNVF,Vonovia SE,25.0,2026-06-24T23:59:17.453062+00:00,False,+13.6%,True,$21210.6M,False,+-58.3%,False,1.4K,False,$25.00 / SMA $25.15,False,1.46%,False,+-4.4%,False,729.7M,False,PNK,False,
VNO,Vornado Realty Trust,38.08,2026-06-25T23:21:50.562693+00:00,False,+55.0%,True,$7798.5M,False,+-127.9%,True,1827.2K,True,$38.08 / SMA $32.93,False,2.95%,False,+-0.5%,False,158.2M,True,NYQ,False,
VNOM,"Viper Energy, Inc.",43.32,2026-06-24T23:59:20.922579+00:00,False,+23.4%,True,$15551.7M,False,+-14.5%,True,1813.6K,False,$43.32 / SMA $46.23,False,2.36%,True,+108.6%,False,193.7M,True,NMS,False,
VNT,Vontier Corporation,30.25,2026-06-25T00:01:36.497424+00:00,False,+11.0%,True,$4259.2M,False,+11.9%,True,1677.0K,False,$30.25 / SMA $31.42,False,2.74%,False,+1.3%,True,139.8M,True,NYQ,False,
VODPF,Vodafone Group Public Limited Company,1.45,2026-06-25T23:08:05.020872+00:00,False,+43.6%,True,$33388.8M,,,False,2.8K,False,$1.45 / SMA $1.56,False,0.97%,,,False,18019.5M,False,PNK,False,
VOLAF,AB Volvo (publ),28.5,2026-06-25T23:07:58.369853+00:00,False,+6.0%,True,$57953.4M,False,+-15.8%,False,0.0K,False,$28.50 / SMA $35.69,False,0.00%,False,+-9.1%,False,1943.7M,False,PNK,False,
VOXR,Vox Royalty Corp.,4.8,2026-06-25T23:17:28.638376+00:00,False,+58.4%,True,$330.7M,True,+3500.0%,False,433.3K,False,$4.80 / SMA $5.55,True,5.34%,True,+498.3%,True,63.7M,True,NCM,False,
VOYA,"Voya Financial, Inc.",89.5,2026-06-25T23:08:33.177688+00:00,False,+38.8%,True,$8114.6M,False,+23.2%,True,1288.5K,True,$89.50 / SMA $82.82,False,2.58%,False,+2.9%,True,90.2M,True,NYQ,False,
VOYJF,Valmet Oyj,36.05,2026-06-25T23:21:57.066085+00:00,False,+50.2%,True,$6641.6M,False,+-64.2%,False,0.0K,True,$36.05 / SMA $28.98,False,0.00%,False,+-18.6%,True,146.1M,False,PNK,False,
VPG,"Vishay Precision Group, Inc.",134.02,2026-06-25T23:25:37.938969+00:00,True,+423.9%,True,$1782.6M,True,+71.4%,False,466.6K,True,$134.02 / SMA $98.05,True,9.39%,False,+17.6%,True,10.8M,True,NYQ,False,
VRBCF,Virbac SA,408.0,2026-06-25T00:01:43.552085+00:00,False,+17.9%,True,$3419.7M,,,False,0.0K,True,$408.00 / SMA $398.70,False,0.00%,,,True,4.1M,False,PNK,False,
VRDN,"Viridian Therapeutics, Inc.",17.39,2026-06-25T23:25:31.682870+00:00,False,+31.9%,True,$1920.3M,False,+-3.4%,True,2915.6K,True,$17.39 / SMA $16.06,True,4.49%,True,+95.8%,True,103.0M,True,NCM,False,
VREOF,Vireo Growth Inc.,11.275,2026-06-25T00:07:52.747200+00:00,True,+2648.0%,True,$773.5M,False,+0.0%,False,11.6K,False,$11.28 / SMA $12.61,True,6.93%,True,+333.5%,True,5.7M,False,PNK,False,
VRNO,Verano Holdings Corp,5.67,2026-06-25T23:25:36.051652+00:00,True,+384.6%,True,$419.1M,False,+-66.7%,False,269.6K,False,$5.67 / SMA $5.97,True,7.61%,False,+-0.8%,True,60.3M,False,PNK,False,
VRNS,"Varonis Systems, Inc.",38.56,2026-06-25T23:11:42.781954+00:00,True,+95.7%,True,$4528.8M,False,+0.0%,True,2363.4K,True,$38.56 / SMA $29.91,True,6.07%,True,+26.9%,True,111.3M,True,NMS,False,
VRTS,"Virtus Investment Partners, Inc.",135.69,2026-06-25T23:25:53.218575+00:00,False,+11.6%,True,$906.7M,False,+-74.1%,False,109.0K,False,$135.69 / SMA $141.66,True,3.76%,False,+-8.7%,True,6.2M,True,NYQ,False,
VSAT,"Viasat, Inc.",60.0,2026-06-25T23:20:04.461996+00:00,True,+330.1%,True,$8194.1M,True,+121.7%,True,2170.5K,False,$60.00 / SMA $67.81,True,8.97%,False,+2.1%,True,134.2M,True,NMS,False,
VSH,"Vishay Intertechnology, Inc.",59.91,2026-06-25T23:10:10.705721+00:00,True,+409.0%,True,$8154.1M,True,+266.7%,True,5738.3K,True,$59.91 / SMA $43.63,True,10.85%,False,+17.3%,True,123.4M,True,NYQ,False,
VSOGF,"Vista Energy, S.A.B. de C.V.",75.0,2026-06-24T23:59:46.176905+00:00,True,+126.9%,True,$8358.2M,False,+19.0%,False,0.0K,True,$75.00 / SMA $72.10,False,0.00%,True,+97.3%,True,90.2M,False,PNK,False,
VST,Vistra Corp.,167.77,2026-06-25T23:19:38.806242+00:00,False,+26.5%,True,$56569.1M,True,+410.9%,True,4657.6K,True,$167.77 / SMA $154.57,True,4.12%,True,+43.4%,False,314.5M,True,NYQ,False,
VTEX,VTEX,3.68,2026-06-25T23:15:43.914964+00:00,False,+29.5%,True,$627.4M,True,+360.0%,True,1404.0K,False,$3.68 / SMA $3.76,True,4.63%,False,+12.1%,True,44.2M,True,NYQ,False,
VTKLY,Vtech Holdings Limited,6.81,2026-06-25T23:25:33.005992+00:00,False,+9.0%,True,$1724.9M,,N/A,False,1.4K,False,$6.81 / SMA $7.45,False,2.85%,,N/A,False,157.4M,False,PNK,False,
VTR,"Ventas, Inc.",86.57,2026-06-24T23:58:59.679830+00:00,False,+40.2%,True,$42087.7M,False,+10.0%,True,4214.3K,True,$86.57 / SMA $85.19,False,2.77%,False,+22.0%,False,483.7M,True,NYQ,False,
VTRS,Viatris Inc.,15.93,2026-06-24T23:59:18.032011+00:00,True,+84.6%,True,$18551.3M,True,+105.9%,True,10600.1K,True,$15.93 / SMA $15.70,False,2.75%,False,+8.1%,False,1155.2M,True,NMS,False,
VTXPF,Victrex plc,8.18,2026-06-25T00:06:02.900007+00:00,False,+5.7%,True,$712.7M,,,False,0.1K,True,$8.18 / SMA $8.02,False,0.00%,,,True,68.4M,False,PNK,False,
VWAGY,Volkswagen AG,8.87,2026-06-25T23:08:01.113567+00:00,False,+1.7%,True,$44464.9M,,,False,230.9K,False,$8.87 / SMA $9.76,False,1.84%,False,+-13.4%,False,2346.8M,False,PNK,False,
VWAPY,Volkswagen AG,8.8,2026-06-24T23:58:56.219913+00:00,False,+3.0%,True,$44114.0M,,,False,116.4K,False,$8.80 / SMA $9.57,False,1.61%,False,+-13.4%,False,2346.8M,False,PNK,False,
VWDRY,Vestas Wind Systems A/S,8.57,2026-06-25T23:19:45.475628+00:00,True,+74.9%,True,$25252.0M,,N/A,False,335.7K,False,$8.57 / SMA $9.62,False,2.26%,False,+14.4%,False,3075.6M,False,PNK,False,
VZLA,Vizsla Silver Corp.,3.11,2026-06-25T00:05:37.010112+00:00,False,+10.5%,True,$1086.9M,False,+-4300.0%,True,6822.6K,False,$3.11 / SMA $3.52,True,6.55%,,,False,329.4M,True,ASE,False,
W,Wayfair Inc.,92.79,2026-06-24T23:59:41.169335+00:00,True,+90.2%,True,$12248.0M,False,+10.1%,True,4038.0K,True,$92.79 / SMA $72.20,True,6.41%,False,+7.4%,True,109.0M,True,NYQ,False,
WACLY,Wacoal Holdings Corp.,137.22,2026-06-25T23:25:38.999424+00:00,False,+18.8%,True,$1356.8M,,N/A,False,0.2K,False,$137.22 / SMA $142.66,False,1.83%,,N/A,True,8.7M,False,PNK,False,
WB,Weibo Corporation,7.29,2026-06-25T00:03:35.631754+00:00,False,+1.1%,True,$1791.0M,False,+-65.9%,True,1310.1K,False,$7.29 / SMA $8.10,False,2.04%,False,+6.2%,True,83.7M,True,NMS,False,
WBTN,WEBTOON Entertainment Inc.,11.04,2026-06-25T23:25:34.733738+00:00,False,+33.0%,True,$1493.0M,True,+58.8%,False,330.8K,False,$11.04 / SMA $12.06,True,4.54%,False,+-1.5%,True,22.5M,True,NMS,False,
WCC,"WESCO International, Inc.",351.97,2026-06-24T23:59:19.919840+00:00,True,+93.6%,True,$17142.7M,True,+48.1%,True,557.4K,True,$351.97 / SMA $346.14,True,3.39%,False,+13.8%,True,47.9M,True,NYQ,False,
WCCB,West Coast Community Bancorp,49.55,2026-06-25T00:07:48.118795+00:00,False,+29.4%,True,$520.3M,True,+297.2%,False,2.3K,True,$49.55 / SMA $49.34,False,0.63%,False,+5.2%,True,9.6M,False,OQX,False,
WCN,"Waste Connections, Inc.",166.45,2026-06-24T23:59:01.280068+00:00,False,+13.3%,True,$42291.8M,False,+-7.5%,True,1670.9K,True,$166.45 / SMA $156.63,False,2.17%,False,+6.4%,False,253.2M,True,NYQ,False,
WCPRF,Whitecap Resources Inc.,11.05,2026-06-24T23:59:35.360679+00:00,True,+74.0%,True,$13430.9M,,,False,469.5K,False,$11.05 / SMA $11.47,True,4.23%,True,+108.0%,False,1204.9M,False,OQX,False,
WDAY,"Workday, Inc.",113.77,2026-06-25T23:19:44.368644+00:00,False,+3.1%,True,$28098.2M,True,+248.0%,True,5215.2K,False,$113.77 / SMA $127.66,True,5.27%,False,+13.5%,False,199.1M,True,NMS,False,
WDC,Western Digital Corporation,675.39,2026-06-25T23:19:30.704487+00:00,True,+980.1%,True,$232794.9M,True,+477.5%,True,8088.6K,True,$675.39 / SMA $506.39,True,7.03%,True,+45.5%,False,342.1M,True,NMS,False,
WDH,Waterdrop Inc.,1.15,2026-06-25T00:07:48.762597+00:00,False,+4.5%,True,$413.2M,False,+0.0%,False,213.9K,False,$1.15 / SMA $1.52,True,3.89%,True,+64.8%,True,141.1M,True,NYQ,False,
WEBNF,Westpac Banking Corporation,24.11,2026-06-25T23:07:57.071347+00:00,False,+22.1%,True,$82333.4M,,,False,2.2K,False,$24.11 / SMA $25.96,False,0.92%,,,False,3411.3M,False,PNK,False,
WEC,"WEC Energy Group, Inc.",117.07,2026-06-25T23:08:04.704261+00:00,False,+14.2%,True,$38132.7M,False,+7.9%,True,2059.4K,True,$117.07 / SMA $112.91,False,1.88%,False,+9.0%,False,324.8M,True,NYQ,False,
WENNU,Wen Acquisition Corp.,10.41,2026-06-25T00:08:05.006006+00:00,False,+1.8%,,,,,False,11.5K,True,$10.41 / SMA $10.38,False,0.11%,,,True,30.0M,True,NGM,False,
WERN,"Werner Enterprises, Inc.",42.2,2026-06-25T23:12:04.864793+00:00,True,+83.0%,True,$2529.9M,True,+56.4%,True,1035.8K,True,$42.20 / SMA $38.46,True,3.37%,False,+13.6%,True,58.7M,True,NMS,False,
WES,"Western Midstream Partners, LP",42.11,2026-06-24T23:59:19.422676+00:00,False,+14.1%,True,$17398.6M,False,+7.6%,True,1405.8K,False,$42.11 / SMA $43.15,False,2.27%,False,+22.5%,False,242.5M,True,NYQ,False,
WEST,Westrock Coffee Company,9.73,2026-06-25T23:15:37.137414+00:00,True,+171.0%,True,$949.2M,True,+69.0%,True,680.0K,True,$9.73 / SMA $7.53,True,6.45%,True,+44.4%,True,27.8M,True,NGM,True,
WEX,WEX Inc.,134.48,2026-06-25T00:01:28.806921+00:00,False,+7.3%,True,$4662.2M,False,+22.7%,True,578.3K,False,$134.48 / SMA $147.47,True,3.72%,False,+5.8%,True,31.9M,True,NYQ,False,
WF,Woori Financial Group Inc.,57.36,2026-06-25T23:19:56.645518+00:00,False,+17.5%,True,$13914.6M,False,+-0.9%,False,157.0K,False,$57.36 / SMA $64.66,False,2.69%,False,+6.4%,False,225.6M,True,NYQ,False,
WFAFY,Wesfarmers Limited,30.85,2026-06-25T23:07:59.693306+00:00,False,+25.9%,True,$70046.9M,,,False,126.3K,True,$30.85 / SMA $27.44,False,1.51%,,,False,2263.4M,False,PNK,False,
WGO,"Winnebago Industries, Inc.",30.88,2026-06-25T23:25:57.340120+00:00,False,+15.2%,True,$872.8M,True,+950.0%,True,713.8K,True,$30.88 / SMA $29.89,True,4.69%,False,+6.0%,True,27.1M,True,NYQ,False,
WGS,GeneDx Holdings Corp.,68.67,2026-06-25T23:13:50.864731+00:00,True,+113.2%,True,$2038.7M,False,+-839.1%,True,1319.5K,True,$68.67 / SMA $54.75,True,8.06%,False,+17.4%,True,18.6M,True,NMS,False,
WHGLY,WH Group Limited,21.8,2026-06-25T23:19:56.881232+00:00,False,+18.7%,True,$14105.1M,,N/A,False,28.6K,False,$21.80 / SMA $23.79,True,3.14%,,N/A,False,373.4M,False,PNK,False,
WHGRF,WH Group Limited,1.1,2026-06-25T23:08:20.641164+00:00,False,+21.5%,True,$14164.2M,,,False,5.7K,True,$1.10 / SMA $0.96,False,0.04%,,,False,7467.3M,False,PNK,False,
WHITF,Whitehaven Coal Limited,5.64,2026-06-25T23:21:57.180571+00:00,False,+65.4%,True,$4637.9M,,N/A,False,17.6K,False,$5.64 / SMA $5.95,True,3.46%,,N/A,False,741.6M,False,PNK,False,
WHR,Whirlpool Corporation,37.86,2026-06-25T00:03:22.814671+00:00,False,+5.0%,True,$2454.2M,False,+-211.7%,True,2822.1K,False,$37.86 / SMA $46.08,True,4.99%,False,+-9.6%,True,64.3M,True,NYQ,False,
WILLF,Demant A/S,37.89,2026-06-24T23:59:48.974310+00:00,False,+34.9%,True,$7990.9M,,,False,0.1K,True,$37.89 / SMA $34.28,False,0.04%,,,True,83.8M,False,PNK,False,
WILWY,Wallenius Wilhelmsen ASA,26.0,2026-06-25T23:10:14.769382+00:00,True,+85.6%,True,$5496.3M,False,+-41.3%,False,0.1K,True,$26.00 / SMA $25.14,False,0.00%,False,+-6.0%,True,130.4M,False,PNK,False,
WILYY,Demant A/S,19.25,2026-06-25T23:08:32.196602+00:00,False,+43.1%,True,$8119.6M,,,False,0.2K,True,$19.25 / SMA $18.15,False,0.02%,,,False,167.5M,False,PNK,False,
WINA,Winmark Corporation,430.25,2026-06-25T00:05:30.557055+00:00,False,+27.2%,True,$1539.3M,False,+-7.7%,False,55.6K,True,$430.25 / SMA $381.22,True,3.64%,False,+-4.9%,True,2.8M,True,NGM,False,
WIT,Wipro Limited,2.19,2026-06-24T23:59:16.123213+00:00,False,+21.7%,True,$22976.7M,False,+-1.8%,True,11745.1K,True,$2.19 / SMA $2.11,True,7.09%,False,+7.7%,False,3052.5M,True,NYQ,False,
WJRYF,West Japan Railway Company,17.02,2026-06-25T23:20:10.811436+00:00,False,+8.8%,True,$7745.5M,,N/A,False,0.7K,False,$17.02 / SMA $17.55,False,0.00%,,N/A,False,449.1M,False,PNK,False,
WJRYY,West Japan Railway Company,16.11,2026-06-24T23:59:44.305403+00:00,False,+6.8%,True,$7331.4M,,,False,100.2K,False,$16.11 / SMA $17.29,True,4.52%,,,False,449.1M,False,PNK,False,
WJXFF,Wajax Corporation,21.2,2026-06-25T23:27:38.859941+00:00,False,+32.6%,True,$461.7M,True,+1500.0%,False,1.1K,False,$21.20 / SMA $21.87,False,0.19%,False,+-11.3%,True,21.7M,False,PNK,False,
WK,Workiva Inc.,46.31,2026-06-25T23:12:00.921920+00:00,False,+6.9%,True,$2598.9M,True,+186.8%,True,1095.8K,False,$46.31 / SMA $50.65,True,4.88%,False,+19.9%,True,50.7M,True,NYQ,False,
WKCMF,Wacker Chemie AG,110.11,2026-06-25T23:10:12.942745+00:00,False,+52.4%,True,$5470.0M,True,+231.2%,False,0.1K,False,$110.11 / SMA $112.84,False,0.34%,False,+-4.9%,True,18.7M,False,PNK,False,
WLDN,"Willdan Group, Inc.",80.73,2026-06-25T00:05:27.002624+00:00,False,+39.2%,True,$1219.9M,True,+71.9%,False,380.9K,False,$80.73 / SMA $86.48,True,4.99%,False,+1.8%,True,13.3M,True,NGM,False,
WLMIY,Wilmar International Limited,28.4,2026-06-25T23:08:16.110131+00:00,False,+29.6%,True,$17941.6M,,,False,47.7K,False,$28.40 / SMA $28.47,False,1.54%,,,False,178.0M,False,PNK,False,
WLWHY,Woolworths Holdings Limited,3.45,2026-06-25T00:03:23.892776+00:00,False,+29.7%,True,$3032.9M,,,False,1.5K,True,$3.45 / SMA $3.28,False,0.00%,,,False,882.0M,False,PNK,False,
WLY,"John Wiley & Sons, Inc.",45.56,2026-06-25T23:23:51.999901+00:00,False,+60.5%,True,$2312.6M,True,+108.8%,False,434.2K,True,$45.56 / SMA $42.29,True,4.03%,False,+1.2%,True,39.1M,True,NYQ,False,
WLYB,"John Wiley & Sons, Inc.",44.92,2026-06-25T00:03:33.639265+00:00,False,+51.7%,True,$2305.4M,True,+108.8%,False,0.3K,True,$44.92 / SMA $42.17,False,0.38%,,,True,39.1M,True,NYQ,False,
WMB,"The Williams Companies, Inc.",75.87,2026-06-24T23:58:50.140222+00:00,False,+35.9%,True,$92788.9M,False,+25.0%,True,6463.3K,True,$75.87 / SMA $73.09,False,2.35%,False,+-0.6%,False,1216.0M,True,NYQ,False,
WMG,Warner Music Group Corp.,26.29,2026-06-25T23:08:15.577423+00:00,False,+12.6%,True,$13713.3M,True,+385.7%,True,2407.4K,False,$26.29 / SMA $30.24,True,3.58%,False,+16.7%,True,144.6M,True,NMS,False,
WMK,"Weis Markets, Inc.",78.01,2026-06-25T23:13:44.892858+00:00,False,+30.0%,True,$1930.3M,True,+48.7%,False,149.9K,True,$78.01 / SMA $73.32,False,3.00%,False,+4.6%,True,22.5M,True,NYQ,False,
WMMVY,"Wal-Mart de México, S.A.B. de C.V.",29.3,2026-06-25T23:08:00.370477+00:00,False,+7.5%,True,$50666.2M,False,+-16.9%,False,111.3K,False,$29.30 / SMA $31.08,True,3.34%,False,+-10.8%,False,494.2M,False,OQX,False,
WMT,Walmart Inc.,115.78,2026-06-25T23:19:28.288376+00:00,False,+22.9%,True,$921386.4M,False,+19.6%,True,20404.1K,False,$115.78 / SMA $124.33,False,2.25%,False,+7.3%,False,4371.9M,True,NMS,False,
WNC,Wabash National Corporation,13.94,2026-06-25T23:17:40.670254+00:00,True,+110.3%,True,$567.0M,False,+-120.7%,True,798.5K,True,$13.94 / SMA $8.59,True,7.06%,False,+-20.4%,True,37.3M,True,NYQ,False,
WNGRF,George Weston Limited,71.16,2026-06-25T23:08:09.399544+00:00,False,+18.3%,True,$26830.4M,True,+28.6%,False,13.8K,True,$71.16 / SMA $70.92,False,0.18%,False,+4.2%,False,153.3M,False,PNK,False,
WOLTF,Wolters Kluwer N.V.,64.0,2026-06-24T23:59:22.824045+00:00,False,+2.0%,True,$14298.3M,,,False,2.6K,False,$64.00 / SMA $73.23,False,1.44%,,,False,225.6M,False,PNK,False,
WOLWF,Woolworths Group Limited,18.9,2026-06-25T23:08:08.006297+00:00,False,+18.1%,True,$25955.8M,,,False,0.0K,False,$18.90 / SMA $25.84,False,0.00%,,,False,1219.4M,False,PNK,False,
WOOF,"Petco Health and Wellness Company, Inc.",2.59,2026-06-25T00:06:00.675383+00:00,False,+15.6%,True,$739.6M,False,+-25.0%,True,1933.5K,False,$2.59 / SMA $2.78,True,6.40%,False,+0.2%,True,89.3M,True,NMS,False,
WOSGF,Watches of Switzerland Group PLC,9.396,2026-06-25T00:03:32.181549+00:00,True,+116.8%,True,$2174.3M,,,False,5.2K,True,$9.40 / SMA $8.32,False,0.77%,,,False,217.4M,False,PNK,False,
WPC,W. P. Carey Inc.,73.35,2026-06-25T23:19:54.895552+00:00,False,+20.1%,True,$16337.9M,True,+40.4%,True,1432.4K,False,$73.35 / SMA $73.74,False,1.85%,False,+10.9%,False,220.2M,True,NYQ,False,
WPP,WPP plc,16.57,2026-06-25T00:01:38.648427+00:00,False,+11.9%,True,$3574.2M,,,True,544.5K,False,$16.57 / SMA $17.78,True,3.30%,,,False,1078.0M,True,NYQ,False,
WPPGF,WPP plc,3.486,2026-06-25T23:10:25.461647+00:00,False,+18.6%,True,$3759.7M,,,False,0.5K,False,$3.49 / SMA $3.56,False,0.40%,,,False,1077.9M,False,PNK,False,
WRBY,Warby Parker Inc.,26.85,2026-06-25T00:03:18.913120+00:00,True,+79.5%,True,$3294.9M,False,+0.0%,True,3089.3K,True,$26.85 / SMA $24.99,True,7.03%,False,+8.3%,True,93.4M,True,NYQ,False,
WRFRF,Wharf Real Estate Investment Company Limited,2.7,2026-06-24T23:59:37.175883+00:00,False,+6.5%,True,$8197.8M,,,False,0.2K,False,$2.70 / SMA $3.10,False,0.00%,,,False,1599.5M,False,PNK,False,
WRLD,World Acceptance Corporation,201.84,2026-06-25T23:27:03.320570+00:00,True,+83.5%,True,$936.6M,False,+-5.3%,False,147.9K,True,$201.84 / SMA $160.11,True,4.53%,False,+6.6%,True,2.0M,True,NMS,False,
WRN,Western Copper and Gold Corporation,2.09,2026-06-25T00:06:07.921881+00:00,True,+77.1%,True,$471.6M,,,True,2000.7K,False,$2.09 / SMA $2.74,True,5.73%,,,False,196.7M,True,ASE,False,
WRTBF,Wärtsilä Oyj Abp,39.5,2026-06-24T23:59:16.090146+00:00,True,+80.0%,True,$23287.1M,False,+-7.4%,False,1.2K,False,$39.50 / SMA $40.76,False,0.49%,False,+-16.1%,False,468.6M,False,PNK,False,
WRTBY,Wärtsilä Oyj Abp,7.48,2026-06-25T23:08:10.721706+00:00,True,+74.4%,True,$22049.0M,,,False,39.5K,False,$7.48 / SMA $8.24,True,3.31%,False,+-16.1%,False,2343.2M,False,PNK,False,
WS,"Worthington Steel, Inc.",36.83,2026-06-25T23:12:08.157290+00:00,False,+35.3%,True,$1838.6M,False,+-25.9%,False,278.5K,False,$36.83 / SMA $39.39,True,4.87%,False,+12.0%,True,45.0M,True,NYQ,False,
WSBC,"WesBanco, Inc.",38.545,2026-06-25T23:23:40.223894+00:00,False,+32.1%,True,$3707.3M,True,+686.7%,True,1056.9K,True,$38.55 / SMA $34.62,False,2.37%,True,+33.1%,True,92.7M,True,NMS,False,
WSM,"Williams-Sonoma, Inc.",240.06,2026-06-25T23:19:49.671396+00:00,False,+51.5%,True,$28266.3M,False,+4.3%,True,1208.6K,True,$240.06 / SMA $197.91,True,3.40%,False,+4.4%,True,116.2M,True,NYQ,False,
WSO,"Watsco, Inc.",412.19,2026-06-25T23:19:56.552295+00:00,False,+27.6%,True,$16977.4M,False,+-3.0%,False,433.2K,True,$412.19 / SMA $402.87,True,3.06%,False,+0.1%,True,35.6M,True,NYQ,False,
WSO.B,WSO.B,,2026-06-25T23:19:55.764781+00:00,False,N/A,False,N/A,False,N/A,False,N/A,False,N/A,False,N/A,False,N/A,False,N/A,False,Unknown,False,No price data available
WSR,Whitestone REIT,18.96,2026-06-25T00:03:36.159907+00:00,False,+65.9%,True,$986.5M,False,+14.3%,True,607.0K,True,$18.96 / SMA $18.86,False,0.19%,False,+9.3%,True,45.4M,True,NYQ,False,
WST,"West Pharmaceutical Services, Inc.",346.56,2026-06-25T23:08:12.325966+00:00,False,+67.6%,True,$24483.6M,True,+56.1%,True,840.4K,True,$346.56 / SMA $311.12,False,2.41%,False,+21.0%,True,70.2M,True,NYQ,False,
WTBFA,W.T.B. Financial Corporation,700.0,2026-06-25T00:05:47.471993+00:00,False,+26.4%,True,$1716.8M,True,+59.0%,False,0.0K,True,$700.00 / SMA $680.66,False,0.00%,False,+21.1%,,,False,OID,False,
WTBFB,W.T.B. Financial Corporation,397.32,2026-06-25T23:13:59.087504+00:00,False,+39.1%,True,$1001.6M,True,+59.0%,False,0.5K,True,$397.32 / SMA $394.13,False,0.79%,False,+21.1%,,,False,OID,False,
WTCHF,WiseTech Global Limited,18.95,2026-06-25T23:08:27.951892+00:00,False,+0.0%,True,$6369.3M,,,False,0.3K,False,$18.95 / SMA $27.95,False,0.44%,,,False,189.6M,False,PNK,False,
WTFCN,Wintrust Financial Corporation,26.2,2026-06-24T23:59:38.005517+00:00,False,+2.7%,,,,,False,29.4K,False,$26.20 / SMA $26.30,False,0.47%,False,+10.9%,True,66.5M,True,NMS,False,
WTI,"W&T Offshore, Inc.",3.19,2026-06-25T23:27:19.427193+00:00,True,+112.7%,True,$474.6M,True,+28.6%,True,7413.6K,False,$3.19 / SMA $3.86,True,6.16%,False,+15.5%,True,97.0M,True,NYQ,False,
WTM,"White Mountains Insurance Group, Ltd.",2019.7,2026-06-25T23:21:54.504327+00:00,False,+22.6%,True,$5002.1M,False,+-195.5%,False,20.4K,False,$2019.70 / SMA $2123.48,False,2.18%,False,+-10.4%,True,2.4M,True,NYQ,False,
WTRG,"Essential Utilities, Inc.",37.78,2026-06-24T23:59:36.866920+00:00,False,+4.6%,True,$10715.7M,False,+-23.3%,True,1978.5K,True,$37.78 / SMA $37.64,False,2.28%,False,+10.0%,False,282.7M,True,NYQ,False,
WTS,"Watts Water Technologies, Inc.",375.09,2026-06-25T23:20:04.525135+00:00,False,+54.5%,True,$12524.6M,True,+34.4%,False,315.3K,True,$375.09 / SMA $310.41,False,2.79%,False,+21.4%,True,27.1M,True,NYQ,False,
WTW,Willis Towers Watson Public Limited Company,257.69,2026-06-25T23:19:48.668294+00:00,False,+7.1%,True,$24338.3M,True,+33.0%,True,748.9K,False,$257.69 / SMA $264.14,False,2.43%,False,+8.5%,True,94.0M,True,NMS,False,
WTWGF,Westwing Group SE,18.45,2026-06-25T00:08:19.995700+00:00,True,+115.5%,True,$347.6M,False,+-96.0%,False,0.0K,True,$18.45 / SMA $17.68,False,0.00%,False,+11.3%,True,11.2M,False,PNK,False,
WULF,TeraWulf Inc.,26.06,2026-06-25T23:08:24.529622+00:00,True,+604.3%,True,$12913.6M,False,+-531.2%,True,29757.9K,True,$26.06 / SMA $23.84,True,7.96%,False,+-1.1%,False,382.3M,True,NCM,False,
WUXAY,"WuXi AppTec Co., Ltd.",17.91,2026-06-25T23:08:02.657273+00:00,True,+87.5%,True,$53439.1M,False,+23.4%,False,1.5K,True,$17.91 / SMA $16.40,False,1.22%,True,+28.8%,False,2514.6M,False,PNK,False,
WWLNF,Worldline SA,12.13,2026-06-25T00:05:56.720964+00:00,True,+3646.1%,True,$27397.4M,,,False,0.1K,False,$12.13 / SMA $13.63,False,0.00%,,,True,5.4M,False,PNK,False,
WXIBF,WuXi Biologics (Cayman) Inc.,4.0,2026-06-25T23:08:16.341161+00:00,False,+40.4%,True,$16434.0M,,,False,0.3K,False,$4.00 / SMA $4.35,False,0.00%,,,False,3732.3M,False,PNK,False,
WXXWY,WuXi Biologics (Cayman) Inc.,8.13,2026-06-25T23:19:54.060217+00:00,False,+31.1%,True,$16701.0M,,N/A,False,82.7K,False,$8.13 / SMA $8.42,True,5.34%,,N/A,False,1866.1M,False,PNK,False,
WYFI,"WhiteFiber, Inc.",36.82,2026-06-25T23:25:46.532812+00:00,True,+250.3%,True,$1421.8M,False,+-890.7%,True,1686.0K,True,$36.82 / SMA $25.31,True,14.47%,True,+30.7%,True,11.2M,True,NCM,False,
WYGPF,Worley Limited,9.1,2026-06-25T23:22:00.676424+00:00,False,+27.1%,True,$4709.3M,,N/A,False,0.2K,True,$9.10 / SMA $8.71,False,0.00%,,N/A,False,461.7M,False,PNK,False,
WYGPY,Worley Limited,8.38,2026-06-25T00:01:35.091338+00:00,False,+29.1%,True,$4375.8M,,,False,1.5K,False,$8.38 / SMA $8.81,False,1.00%,,,False,461.7M,False,PNK,False,
WYNMY,"Wynn Macau, Limited",6.86,2026-06-25T23:22:04.511625+00:00,False,+7.5%,True,$3593.1M,,N/A,False,9.9K,False,$6.86 / SMA $6.97,False,2.74%,,N/A,True,147.8M,False,PNK,False,
WZZAF,Wizz Air Holdings Plc,14.96,2026-06-25T23:13:55.289736+00:00,False,+34.3%,True,$1547.8M,,,False,0.3K,True,$14.96 / SMA $11.30,False,0.00%,,,True,87.0M,False,PNK,False,
WZZZY,Wizz Air Holdings Plc,3.97,2026-06-25T23:25:41.270697+00:00,False,+36.9%,True,$1643.0M,,N/A,False,0.2K,True,$3.97 / SMA $3.41,False,0.49%,,N/A,False,347.9M,False,PNK,False,
XE,"X-Energy, Inc.",18.48,2026-06-25T23:20:02.311706+00:00,False,+6.4%,True,$5312.2M,,N/A,True,6869.0K,False,$18.48 / SMA_short $26.39,True,9.95%,,N/A,False,184.5M,True,NMS,False,
XEL,Xcel Energy Inc.,81.47,2026-06-24T23:58:56.850318+00:00,False,+22.4%,True,$50859.2M,False,+6.0%,True,5339.9K,True,$81.47 / SMA $78.97,False,2.17%,False,+2.9%,False,622.6M,True,NMS,False,
XENE,Xenon Pharmaceuticals Inc.,55.58,2026-06-25T00:01:28.787803+00:00,True,+85.3%,True,$5372.7M,False,+-41.0%,True,1153.2K,True,$55.58 / SMA $54.88,True,3.23%,False,+-100.0%,True,90.8M,True,NGM,False,
XERS,"Xeris Biopharma Holdings, Inc.",7.4,2026-06-25T00:05:45.259331+00:00,False,+63.7%,True,$1277.6M,True,+116.7%,True,1662.2K,True,$7.40 / SMA $6.35,True,3.76%,True,+38.3%,False,163.7M,True,NMS,False,
XFABF,X-FAB Silicon Foundries SE,10.5,2026-06-25T23:25:46.069884+00:00,True,+103.7%,True,$1377.9M,False,+-88.9%,False,6.7K,True,$10.50 / SMA $9.35,True,10.43%,False,+-4.2%,True,50.4M,False,PNK,False,
XIORF,Xior Student Housing NV,29.6216,2026-06-25T23:13:49.512885+00:00,False,+1.5%,True,$1383.2M,,,False,0.2K,False,$29.62 / SMA $31.11,False,0.19%,,,True,38.6M,False,PNK,False,
XJNGF,"Goldwind Science&Technology Co., Ltd.",1.27,2026-06-25T23:08:20.612328+00:00,False,+49.4%,True,$5364.2M,True,+61.0%,False,0.6K,False,$1.27 / SMA $1.84,False,0.34%,True,+63.5%,False,3335.4M,False,PNK,False,
XMAX,XMax Inc.,8.34,2026-06-25T00:07:47.203520+00:00,True,+551.6%,True,$530.4M,True,+100.0%,True,1260.9K,True,$8.34 / SMA $8.09,True,4.19%,False,+-32.4%,True,58.3M,True,NCM,False,
XMTR,"Xometry, Inc.",92.53,2026-06-25T23:10:19.279506+00:00,True,+202.1%,True,$5111.9M,True,+66.7%,True,867.7K,True,$92.53 / SMA $75.29,True,5.18%,True,+35.9%,True,48.7M,True,NMS,True,
XNGSF,ENN Energy Holdings Limited,8.6,2026-06-24T23:59:41.590091+00:00,False,+66.7%,True,$9562.0M,,,False,3.1K,True,$8.60 / SMA $7.48,False,0.57%,,,False,720.6M,False,PNK,False,
XNYIF,Xinyi Solar Holdings Limited,0.25255,2026-06-25T23:23:40.413606+00:00,False,+0.0%,True,$2397.4M,,N/A,False,0.4K,False,$0.25 / SMA $0.35,False,0.00%,,N/A,False,4513.9M,False,PNK,False,
XOM,Exxon Mobil Corporation,136.9,2026-06-24T23:58:43.879684+00:00,False,+29.7%,True,$567443.3M,False,+-43.2%,True,19177.9K,False,$136.90 / SMA $148.88,False,2.12%,False,+2.6%,False,4136.2M,True,NYQ,False,
XOMAP,XOMA Royalty Corporation,25.475,2026-06-25T00:07:48.402848+00:00,False,+1.3%,,,,,False,2.5K,False,$25.48 / SMA $25.51,False,0.20%,False,+-92.8%,True,0.9M,True,NGM,False,
XPEL,"XPEL, Inc.",47.9,2026-06-25T23:13:53.912623+00:00,False,+53.2%,True,$1320.2M,False,+19.4%,False,257.7K,True,$47.90 / SMA $45.36,True,3.75%,False,+13.1%,True,23.0M,True,NCM,False,
XPNGF,XPeng Inc.,6.5,2026-06-25T23:08:19.098305+00:00,False,+0.0%,True,$12435.4M,False,+-165.7%,False,0.5K,False,$6.50 / SMA $8.02,False,2.24%,False,+-17.6%,False,1416.9M,False,PNK,False,
XPRO,Expro Group Holdings N.V.,13.96,2026-06-25T23:13:44.372286+00:00,False,+69.4%,True,$1583.0M,False,+-108.3%,True,1100.3K,False,$13.96 / SMA $16.04,True,4.85%,False,+-6.0%,True,100.6M,True,NYQ,False,
XRAY,DENTSPLY SIRONA Inc.,10.78,2026-06-25T23:23:53.749012+00:00,False,+14.6%,True,$2159.5M,False,+-150.0%,True,4779.7K,True,$10.78 / SMA $10.77,True,4.55%,False,+0.1%,False,199.2M,True,NMS,False,
XRN,Chiron Real Estate Inc.,36.12,2026-06-25T23:15:46.837206+00:00,False,+24.3%,True,$478.0M,False,+-140.0%,False,149.7K,True,$36.12 / SMA $35.24,False,2.64%,False,+9.9%,True,12.3M,True,NYQ,False,
XRPN,Armada Acquisition Corp. II,10.4,2026-06-25T23:17:38.358452+00:00,False,+3.7%,True,$410.5M,,,False,74.7K,True,$10.40 / SMA $10.39,False,0.22%,,,True,13.4M,True,NGM,False,
XRPNU,Armada Acquisition Corp. II,10.8,2026-06-25T00:08:25.464215+00:00,False,+6.9%,,,,,False,5.1K,False,$10.80 / SMA $10.87,False,0.65%,,,True,13.4M,True,NGM,False,
XRX,Xerox Holdings Corporation,3.22,2026-06-25T23:29:18.759883+00:00,True,+170.6%,True,$421.1M,False,+-12.0%,True,6472.2K,True,$3.22 / SMA $2.67,True,8.93%,True,+26.7%,True,119.1M,True,NMS,False,
XYIGY,Xinyi Glass Holdings Limited,21.42,2026-06-25T00:01:25.101632+00:00,False,+14.3%,True,$4738.2M,,,False,0.1K,False,$21.42 / SMA $24.22,False,0.25%,,,True,80.0M,False,PNK,False,
XYL,Xylem Inc.,112.04,2026-06-24T23:59:11.359196+00:00,False,+6.4%,True,$26631.2M,False,+14.5%,True,2154.5K,False,$112.04 / SMA $113.35,False,2.07%,False,+2.7%,False,237.1M,True,NYQ,False,
XYZ,"Block, Inc.",75.68,2026-06-24T23:59:00.617076+00:00,False,+57.0%,True,$45043.3M,False,+-273.3%,True,5726.4K,True,$75.68 / SMA $71.21,True,4.08%,False,+4.9%,False,530.0M,True,NYQ,False,
YACAF,Yancoal Australia Ltd,4.37,2026-06-24T23:59:49.120405+00:00,False,+35.7%,True,$5864.5M,,,False,15.8K,False,$4.37 / SMA $4.94,True,3.61%,,,False,395.9M,False,PNK,False,
YAHOF,LY Corporation,2.66,2026-06-25T23:19:52.725280+00:00,False,+16.4%,True,$18244.9M,,N/A,False,2.1K,False,$2.66 / SMA $2.67,False,0.13%,,N/A,False,2566.1M,False,PNK,False,
YAHOY,LY Corporation,4.96,2026-06-24T23:59:20.323891+00:00,False,+8.3%,True,$17010.3M,,,False,306.9K,False,$4.96 / SMA $5.19,False,1.12%,,,False,1283.0M,False,PNK,False,
YALA,Yalla Group Limited,5.07,2026-06-25T23:25:53.604940+00:00,False,+1.2%,True,$769.8M,False,+-20.0%,False,324.5K,False,$5.07 / SMA $6.17,True,3.21%,False,+-5.8%,True,48.0M,True,NYQ,False,
YAMCY,Yamaha Corporation,6.99,2026-06-25T23:11:54.529777+00:00,False,+10.4%,True,$3074.9M,,,False,0.5K,False,$6.99 / SMA $7.13,False,0.69%,,,False,425.2M,False,PNK,False,
YAMHF,"Yamaha Motor Co., Ltd.",7.08,2026-06-25T23:20:11.458248+00:00,False,+7.3%,True,$6870.3M,,N/A,False,0.5K,False,$7.08 / SMA $7.33,False,0.46%,,N/A,False,879.1M,False,PNK,False,
YASKY,YASKAWA Electric Corporation,87.36,2026-06-25T23:08:24.004629+00:00,True,+132.8%,True,$11329.2M,,,False,12.1K,True,$87.36 / SMA $79.55,False,2.18%,,,True,129.6M,False,PNK,False,
YB,Yuanbao Inc.,14.575,2026-06-25T23:27:31.541635+00:00,False,+21.4%,True,$671.6M,False,+14.4%,False,41.3K,False,$14.57 / SMA $15.45,True,5.70%,True,+35.6%,True,4.8M,True,NGM,False,
YELP,Yelp Inc.,22.92,2026-06-25T23:25:44.598742+00:00,False,+16.9%,True,$1260.4M,False,+-16.7%,True,1190.9K,False,$22.92 / SMA $24.83,True,4.56%,False,+0.8%,True,53.2M,True,NYQ,False,
YETI,"YETI Holdings, Inc.",50.01,2026-06-25T23:23:39.271238+00:00,False,+67.6%,True,$3788.7M,False,+-35.0%,True,1527.2K,True,$50.01 / SMA $44.06,True,4.03%,False,+8.3%,True,75.0M,True,NYQ,False,
YMM,Full Truck Alliance Co. Ltd.,7.81,2026-06-24T23:59:41.694124+00:00,False,+3.2%,True,$8168.4M,False,+-16.7%,True,8311.7K,False,$7.81 / SMA $8.60,True,4.01%,False,+5.5%,False,745.1M,True,NYQ,False,
YNAJF,"Yantai North Andre Juice Co., Ltd.",1.1,2026-06-25T23:12:06.239574+00:00,False,+0.0%,True,$362.6M,,,False,0.0K,False,$1.10 / SMA $2.08,False,0.00%,,,True,64.7M,False,PNK,False,
YNGFF,Yangzijiang Financial Holding Ltd.,0.1771,2026-06-25T23:15:40.478981+00:00,False,+0.0%,True,$616.4M,,,False,2.3K,False,$0.18 / SMA $0.20,False,0.00%,,,False,1847.2M,False,PNK,False,
YOKEF,Yokogawa Electric Corporation,33.41,2026-06-24T23:59:41.813958+00:00,True,+74.9%,True,$8435.1M,,,False,0.0K,True,$33.41 / SMA $33.38,False,0.00%,,,False,246.3M,False,PNK,False,
YOKEY,Yokogawa Electric Corporation,71.09,2026-06-25T23:20:11.025818+00:00,False,+47.6%,True,$8974.2M,,N/A,False,0.0K,True,$71.09 / SMA $68.07,False,0.20%,,N/A,True,123.2M,False,PNK,False,
YOU,"Clear Secure, Inc.",52.95,2026-06-24T23:59:43.693494+00:00,True,+101.0%,True,$7077.4M,True,+50.0%,True,1574.6K,False,$52.95 / SMA $55.30,True,4.48%,False,+19.7%,True,88.5M,True,NYQ,False,
YSHLF,Yangzijiang Shipbuilding (Holdings) Ltd.,2.63,2026-06-25T23:08:23.079805+00:00,False,+52.0%,True,$10364.8M,,,False,2.5K,False,$2.63 / SMA $3.02,False,0.36%,,,False,2537.7M,False,PNK,False,
YSS,"York Space Systems, Inc.",24.54,2026-06-25T00:01:40.203427+00:00,False,+44.9%,True,$3182.7M,,,True,2409.3K,False,$24.54 / SMA $31.73,True,14.03%,,,True,98.7M,True,NYQ,False,
YSWY,"Yesway, Inc.",19.61,2026-06-25T23:25:39.876826+00:00,False,+2.1%,True,$1239.2M,,N/A,True,693.4K,False,$19.61 / SMA_short $23.38,True,8.85%,,N/A,True,16.1M,True,NMS,False,
YUEIF,Yue Yuen Industrial (Holdings) Limited,1.81,2026-06-25T00:03:21.746262+00:00,False,+23.1%,True,$3007.8M,,,False,0.2K,False,$1.81 / SMA $1.83,False,0.78%,,,False,778.9M,False,PNK,False,
YUGVF,YouGov plc,2.85,2026-06-25T23:29:27.831453+00:00,False,+27.8%,True,$333.9M,,N/A,False,0.2K,True,$2.85 / SMA $2.70,False,0.18%,,N/A,True,103.9M,False,PNK,False,
YUMC,"Yum China Holdings, Inc.",40.18,2026-06-25T23:19:56.131341+00:00,False,+0.1%,True,$13877.0M,False,+13.0%,True,1562.8K,False,$40.18 / SMA $45.28,False,1.99%,False,+9.7%,False,330.1M,True,NYQ,False,
YUPRF,Yuexiu Property Company Limited,0.5001,2026-06-25T00:05:34.914021+00:00,True,+103.8%,True,$2013.1M,,,False,0.0K,True,$0.50 / SMA $0.35,True,5.45%,,,False,2272.9M,False,PNK,False,
YZCAY,Yankuang Energy Group Company Limited,15.6,2026-06-25T23:19:48.439055+00:00,False,+63.7%,True,$15657.5M,,N/A,False,1.2K,False,$15.60 / SMA $18.55,False,1.63%,False,+6.5%,False,459.4M,False,OQX,False,
YZCHF,Yankuang Energy Group Company Limited,1.4,2026-06-25T23:08:10.108438+00:00,False,+41.7%,True,$14051.6M,,,False,0.1K,False,$1.40 / SMA $1.81,False,0.00%,False,+6.5%,False,4594.5M,False,OQX,False,
YZOFF,Yangtze Optical Fibre And Cable Joint Stock Limited Company,33.28,2026-06-24T23:59:01.630035+00:00,True,+3131.1%,True,$27353.0M,,,False,0.2K,True,$33.28 / SMA $29.92,False,0.00%,,,False,374.1M,False,PNK,False,
Z,"Zillow Group, Inc.",30.54,2026-06-24T23:59:42.217196+00:00,False,+1.5%,True,$6987.6M,True,+533.3%,True,4110.5K,False,$30.54 / SMA $38.66,True,4.94%,False,+18.4%,False,210.0M,True,NMS,False,
ZBH,"Zimmer Biomet Holdings, Inc.",90.96,2026-06-25T23:19:54.934657+00:00,False,+15.0%,True,$17597.3M,True,+34.1%,True,2335.4K,True,$90.96 / SMA $86.61,False,2.49%,False,+9.3%,False,192.9M,True,NYQ,False,
ZD,"Ziff Davis, Inc.",48.18,2026-06-25T00:03:47.413259+00:00,True,+114.6%,True,$1774.7M,False,+5.4%,True,608.7K,True,$48.18 / SMA $45.09,True,4.39%,False,+-1.9%,True,33.2M,True,NMS,False,
ZEGLF,ZEGLF,21.32,2026-06-25T00:01:27.149744+00:00,False,+0.3%,True,$4812.2M,,,False,0.2K,False,$21.32 / SMA_short $24.23,False,0.01%,,,False,172.9M,False,PNK,False,
ZG,"Zillow Group, Inc.",29.14,2026-06-25T23:08:30.730138+00:00,False,+0.4%,True,$6667.3M,True,+533.3%,True,1163.9K,False,$29.14 / SMA $38.67,True,4.98%,False,+18.4%,False,210.0M,True,NMS,False,
ZIJMY,Zijin Mining Group Company Limited,76.29,2026-06-24T23:58:48.841716+00:00,False,+54.3%,True,$101430.3M,True,+95.7%,False,32.9K,False,$76.29 / SMA $87.75,False,2.47%,False,+24.8%,False,201458.8M,False,PNK,False,
ZIM,ZIM Integrated Shipping Services Ltd.,25.58,2026-06-25T00:03:19.335002+00:00,True,+107.5%,True,$3082.9M,False,+-129.0%,True,1312.6K,False,$25.58 / SMA $25.72,False,2.98%,False,+-30.4%,True,114.9M,True,NYQ,False,
ZIZTF,Zip Co Limited,2.18,2026-06-25T23:23:53.846897+00:00,True,+129.5%,True,$2734.1M,,N/A,False,1.6K,True,$2.18 / SMA $1.73,False,0.43%,,N/A,False,1233.2M,False,PNK,False,
ZJLMF,ZJLMF,,2026-06-25T23:23:18.286785+00:00,False,N/A,False,N/A,False,N/A,False,N/A,False,N/A,False,N/A,False,N/A,False,N/A,False,Unknown,False,Too Many Requests. Rate limited. Try after a while.
ZKH,ZKH Group Limited,2.57,2026-06-25T23:29:14.825216+00:00,False,+16.8%,True,$409.3M,True,+100.0%,False,199.1K,False,$2.57 / SMA $2.88,True,5.17%,False,+9.2%,True,90.9M,True,NYQ,False,
ZKPU,Lafayette Digital Acquisition Corp. I,10.44,2026-06-25T00:08:02.640104+00:00,False,+5.5%,,,,,False,0.2K,True,$10.44 / SMA $9.94,False,0.36%,,,True,29.1M,True,NGM,False,
ZLAB,Zai Lab Limited,18.52,2026-06-25T23:12:07.231122+00:00,False,+16.0%,True,$2091.3M,False,+-25.0%,True,872.5K,False,$18.52 / SMA $19.62,True,3.69%,False,+-6.5%,True,91.8M,True,NGM,False,
ZLDSF,Zalando SE,26.0,2026-06-25T23:10:12.868230+00:00,False,+14.4%,True,$6745.5M,False,+-950.0%,False,0.0K,False,$26.00 / SMA $27.06,False,0.00%,False,+23.8%,False,229.1M,False,PNK,False,
ZM,"Zoom Communications, Inc.",82.88,2026-06-25T23:19:44.766617+00:00,False,+19.9%,True,$24303.1M,True,+75.3%,True,4755.4K,False,$82.88 / SMA $97.21,True,4.44%,False,+5.5%,False,260.3M,True,NMS,False,
ZNKKY,"ZENKOKU HOSHO Co.,Ltd.",8.66,2026-06-25T23:23:47.171758+00:00,False,+5.4%,True,$2301.2M,,N/A,False,0.2K,False,$8.66 / SMA $9.74,False,0.37%,,N/A,False,262.5M,False,PNK,False,
ZNZNF,Zinzino AB (publ),14.5,2026-06-25T23:15:44.653882+00:00,False,+23.7%,True,$563.9M,True,+81.2%,False,0.2K,True,$14.50 / SMA $11.17,False,0.64%,True,+27.4%,True,22.1M,False,PNK,False,
ZS,"Zscaler, Inc.",123.8,2026-06-25T23:19:45.667097+00:00,False,+8.0%,True,$20019.6M,False,+-200.0%,True,4609.6K,False,$123.80 / SMA $141.06,True,6.14%,True,+25.4%,True,105.1M,True,NMS,False,
ZSQR,Z Squared Inc.,12.2,2026-06-25T23:27:37.587752+00:00,False,+69.2%,True,$627.5M,,N/A,False,225.9K,False,$12.20 / SMA $12.40,True,13.53%,,N/A,True,3.4M,True,NGM,False,
ZTO,ZTO Express (Cayman) Inc.,21.96,2026-06-24T23:59:20.376732+00:00,False,+26.3%,True,$16732.7M,False,+9.8%,True,1624.1K,False,$21.96 / SMA $23.79,False,1.69%,False,+22.0%,False,377.4M,True,NYQ,False,
ZTR,Virtus Global Dividend & Income Fund Inc.,6.73,2026-06-25T00:08:10.644730+00:00,False,+10.9%,,,,,False,138.6K,True,$6.73 / SMA $6.68,False,1.02%,,,,,True,NYQ,False,
ZTS,Zoetis Inc.,78.17,2026-06-24T23:59:05.320323+00:00,False,+8.0%,True,$32771.1M,False,+0.7%,True,6365.7K,False,$78.17 / SMA $91.75,False,2.95%,False,+2.9%,False,418.4M,True,NYQ,False,
ZUMZ,Zumiez Inc.,18.2,2026-06-25T23:17:28.062409+00:00,False,+44.8%,True,$307.1M,False,+-3.8%,False,170.5K,False,$18.20 / SMA $22.43,True,5.97%,False,+4.9%,True,13.0M,True,NMS,False,
ZURA,Zura Bio Limited,4.26,2026-06-25T00:08:01.124268+00:00,True,+326.0%,True,$404.2M,False,+-15.8%,True,779.5K,False,$4.26 / SMA $4.55,True,7.02%,,,True,50.8M,True,NCM,False,
ZURVY,Zurich Insurance Group AG,36.12,2026-06-25T23:19:32.703219+00:00,False,+7.4%,True,$107904.4M,,N/A,False,150.2K,True,$36.12 / SMA $35.40,False,1.02%,,N/A,False,2840.5M,False,OQX,False,
ZZHGY,"ZhongAn Online P & C Insurance Co., Ltd.",1.34,2026-06-25T23:23:50.392811+00:00,False,+0.0%,True,$2257.6M,,N/A,False,0.0K,False,$1.34 / SMA $1.73,False,0.00%,,N/A,False,1026.4M,False,PNK,False,
