ticker,name,price,fetched_at,c1_price_vs_52w_low_passes,c1_price_vs_52w_low_value,c2_market_cap_passes,c2_market_cap_value,c3_eps_growth_passes,c3_eps_growth_value,c4_avg_volume_passes,c4_avg_volume_value,c5_price_vs_sma50_passes,c5_price_vs_sma50_value,c6_volatility_1m_passes,c6_volatility_1m_value,c7_revenue_growth_passes,c7_revenue_growth_value,c8_float_passes,c8_float_value,c9_us_market_passes,c9_us_market_value,passes_all,error
AACI,Armada Acquisition Corp. III,10.0,2026-08-05T22:59:44.733590+00:00,False,+2.7%,True,$340.3M,,N/A,False,24.5K,True,$10.00 / SMA $9.97,False,0.04%,,N/A,True,25.1M,True,NGM,False,
AAUKF,Anglo American plc,50.21,2026-08-05T22:49:31.474065+00:00,True,+84.7%,True,$53799.4M,,N/A,False,3.7K,False,$50.21 / SMA $50.27,False,0.18%,,N/A,False,951.8M,False,OQX,False,
AAVMY,ABN AMRO Bank N.V.,46.26,2026-08-05T22:49:39.907215+00:00,True,+70.3%,True,$37698.9M,False,+13.0%,False,26.1K,True,$46.26 / SMA $42.13,False,1.22%,False,+6.8%,False,522.4M,False,PNK,False,
AB,AB,37.1,2026-08-05T22:52:17.393794+00:00,False,+6.2%,,N/A,False,+20.3%,False,302.7K,True,$37.10 / SMA $36.82,False,1.59%,,N/A,True,92.3M,True,NYQ,False,
ABBRF,AbraSilver Resource Corp.,11.12,2026-08-05T22:54:10.579092+00:00,True,+187.3%,True,$1829.3M,False,+-50.0%,False,190.5K,True,$11.12 / SMA $10.57,True,6.31%,,N/A,True,139.4M,False,OQX,False,
ABM,ABM Industries Incorporated,48.93,2026-08-05T22:54:05.018416+00:00,False,+32.4%,True,$2866.4M,False,+9.0%,True,570.8K,True,$48.93 / SMA $44.66,False,2.32%,False,+8.4%,True,57.9M,True,NYQ,False,
ABR,ABR,5.17,2026-08-05T22:56:02.760731+00:00,False,+9.3%,True,$1048.1M,False,+-100.0%,True,4811.7K,False,$5.17 / SMA $5.18,True,3.55%,False,+-12.3%,False,178.2M,True,NYQ,False,
ACA,"Arcosa, Inc.",145.32,2026-08-05T22:51:59.013916+00:00,True,+71.6%,True,$7136.2M,True,+60.4%,True,671.4K,True,$145.32 / SMA $138.45,False,0.39%,False,+4.4%,True,48.1M,True,NYQ,False,
ACAA,Averin Capital Acquisition Corp.,10.0,2026-08-05T22:59:42.122188+00:00,False,+4.6%,True,$356.8M,,N/A,False,16.0K,False,$10.00 / SMA $10.00,False,0.15%,,N/A,True,26.0M,True,NGM,False,
ACCO,ACCO,4.36,2026-08-05T22:59:42.550178+00:00,False,+55.2%,True,$402.5M,False,+-51.6%,True,853.8K,True,$4.36 / SMA $4.04,True,3.70%,,N/A,True,88.1M,True,NYQ,False,
ACGBF,Agricultural Bank of China Limited,0.77,2026-08-05T22:49:18.844913+00:00,False,+24.2%,True,$269486.9M,False,+5.3%,False,1.2K,True,$0.77 / SMA $0.72,False,0.00%,False,+10.5%,False,200428.3M,False,PNK,False,
ACGLO,Arch Capital Group Ltd.,19.41,2026-08-05T22:49:39.240259+00:00,False,+3.7%,,N/A,,N/A,False,32.0K,True,$19.41 / SMA $19.25,False,0.79%,False,+-4.7%,False,327.3M,True,NMS,False,
ACI,"Albertsons Companies, Inc.",11.85,2026-08-05T22:50:16.908885+00:00,False,+9.1%,True,$5751.1M,False,+-58.5%,True,8509.6K,False,$11.85 / SMA $13.98,True,4.16%,False,+0.2%,False,324.9M,True,NYQ,False,
ACIC,American Coastal Insurance Corporation,10.95,2026-08-05T22:57:56.713829+00:00,False,+12.1%,True,$530.7M,False,+-9.3%,False,310.2K,True,$10.95 / SMA $10.67,True,3.30%,False,+-1.3%,True,23.9M,True,NCM,False,
ACNDF,CapitaLand India Trust,0.85,2026-08-05T22:55:57.549721+00:00,False,+16.4%,False,$1.3M,,N/A,False,7.8K,True,$0.85 / SMA $0.80,True,3.70%,,N/A,False,624.9M,False,PNK,False,
ACRFF,Accor SA,52.02,2026-08-05T22:50:03.827476+00:00,False,+15.5%,True,$12099.3M,,N/A,False,0.4K,False,$52.02 / SMA $54.11,False,0.20%,,N/A,False,159.5M,False,PNK,False,
ACRXF,"Acerinox, S.A.",18.135,2026-08-05T22:52:13.523826+00:00,False,+62.6%,True,$4518.5M,,N/A,False,0.1K,True,$18.14 / SMA $18.09,False,0.00%,False,+5.0%,False,177.9M,False,PNK,False,
ADAMN,"Adamas Trust, Inc.",23.64,2026-08-05T22:56:10.924796+00:00,False,+12.5%,,N/A,,N/A,False,7.7K,True,$23.64 / SMA $23.51,False,1.12%,True,+100.7%,True,83.8M,True,NMS,False,
ADBE,Adobe Inc.,259.32,2026-08-05T22:49:24.713211+00:00,False,+36.4%,True,$103079.7M,False,+7.9%,True,6479.2K,True,$259.32 / SMA $228.85,True,4.36%,False,+12.7%,False,396.2M,True,NMS,False,
ADTTF,Advantest Corporation,205.99,2026-08-05T22:49:23.259053+00:00,True,+203.3%,True,$149129.9M,,N/A,False,1.6K,True,$205.99 / SMA $178.41,True,3.30%,,N/A,False,723.5M,False,PNK,False,
AEOXF,Aeroports de Paris SA,138.105,2026-08-05T22:50:02.900042+00:00,False,+22.7%,True,$13664.7M,,N/A,False,0.1K,True,$138.10 / SMA $128.86,False,0.20%,,N/A,True,31.5M,False,PNK,False,
AFB,AFB,10.95,2026-08-05T22:59:48.455119+00:00,False,+8.2%,,N/A,,N/A,False,91.8K,False,$10.95 / SMA $11.16,False,0.72%,,N/A,,N/A,True,NYQ,False,
AFRAF,Air France-KLM SA,14.74,2026-08-05T22:53:56.125969+00:00,False,+39.3%,True,$3868.4M,,N/A,False,0.1K,True,$14.74 / SMA $13.97,False,0.00%,False,+9.9%,True,114.4M,False,OID,False,
AFRM,"Affirm Holdings, Inc.",78.47,2026-08-05T22:49:49.119131+00:00,True,+86.4%,True,$26279.5M,True,+2900.0%,True,4574.6K,True,$78.47 / SMA $74.72,True,4.29%,True,+32.6%,False,281.3M,True,NMS,False,
AGCC,Agencia Comercial Spirits Ltd,15.06,2026-08-05T22:57:50.033868+00:00,True,+311.5%,True,$343.2M,,N/A,False,45.1K,False,$15.06 / SMA $15.36,True,5.91%,,N/A,True,8.3M,True,NCM,False,
AGLXY,AGL Energy Limited,5.99,2026-08-05T22:52:09.913033+00:00,False,+15.0%,True,$4029.8M,,N/A,False,1.0K,False,$5.99 / SMA $6.00,False,0.70%,,N/A,False,598.0M,False,PNK,False,
AGMB,AgomAb Therapeutics NV,14.32,2026-08-05T22:57:54.057108+00:00,False,+63.7%,True,$705.2M,,N/A,False,93.0K,True,$14.32 / SMA $12.12,True,8.04%,,N/A,True,16.4M,True,NMS,False,
AGNCP,AGNC Investment Corp.,25.2,2026-08-05T22:50:05.267438+00:00,False,+6.7%,,N/A,,N/A,False,56.0K,True,$25.20 / SMA $24.82,False,0.29%,False,+-246.2%,False,1177.9M,True,NMS,False,
AHG,Akso Health Group,1.46,2026-08-05T22:55:56.296014+00:00,False,+32.7%,True,$1250.8M,,N/A,False,33.0K,True,$1.46 / SMA $1.45,True,7.96%,,N/A,False,854.0M,True,NCM,False,
AHR,"American Healthcare REIT, Inc.",55.5,2026-08-05T22:50:10.412237+00:00,False,+41.2%,True,$11473.1M,True,+425.0%,True,3248.0K,True,$55.50 / SMA $51.80,False,2.46%,False,+20.4%,False,191.3M,True,NYQ,False,
AI,AI,9.91,2026-08-05T22:55:56.085245+00:00,False,+29.1%,,N/A,False,+-31.7%,True,6386.7K,True,$9.91 / SMA $9.62,True,5.06%,False,+-52.5%,True,139.1M,True,NYQ,False,
AINSF,Ainsworth Game Technology Limited,0.82,2026-08-05T22:59:46.564148+00:00,False,+49.1%,False,$276.2M,,N/A,False,24.0K,False,$0.82 / SMA $0.97,False,0.26%,,N/A,True,29.8M,False,PNK,False,
AIO,Virtus Artificial Intelligence & Technology Opportunities Fund,26.21,2026-08-05T22:56:07.774190+00:00,False,+25.3%,True,$902.6M,,N/A,False,81.5K,False,$26.21 / SMA $26.48,False,2.43%,,N/A,,N/A,True,NYQ,False,
AIOT,"PowerFleet, Inc.",4.22,2026-08-05T22:58:00.659395+00:00,False,+51.8%,True,$566.4M,True,+77.8%,True,1509.7K,True,$4.22 / SMA $4.02,True,4.60%,False,+10.5%,True,124.0M,True,NGM,False,
AIRS,"AirSculpt Technologies, Inc.",4.95,2026-08-05T22:58:07.916134+00:00,True,+227.8%,True,$349.2M,True,+40.0%,True,740.3K,True,$4.95 / SMA $4.79,True,6.35%,False,+0.0%,True,15.0M,True,NGM,False,
AJNMY,"Ajinomoto Co., Inc.",33.82,2026-08-05T22:49:40.545343+00:00,False,+64.3%,True,$32283.3M,,N/A,False,55.7K,True,$33.82 / SMA $33.33,False,1.77%,,N/A,False,952.0M,False,PNK,False,
AKAAF,Aker ASA,138.039,2026-08-05T22:50:07.928353+00:00,True,+103.0%,True,$10231.6M,,N/A,False,0.1K,True,$138.04 / SMA $126.88,False,0.00%,,N/A,True,21.8M,False,PNK,False,
ALDF,Aldel Financial II Inc.,10.73,2026-08-05T22:59:47.641126+00:00,False,+4.2%,True,$320.5M,False,+-11.7%,False,19.8K,True,$10.73 / SMA $10.69,False,0.03%,,N/A,True,17.5M,True,NGM,False,
ALGM,"Allegro MicroSystems, Inc.",41.8,2026-08-05T22:50:14.324935+00:00,True,+86.5%,True,$7791.6M,True,+214.3%,True,3032.5K,False,$41.80 / SMA $51.13,True,6.98%,,N/A,True,125.1M,True,NMS,False,
ALGN,"Align Technology, Inc.",174.83,2026-08-05T22:50:05.326253+00:00,False,+43.3%,True,$12521.0M,False,+-12.2%,True,1029.3K,True,$174.83 / SMA $174.37,True,3.93%,,N/A,True,67.0M,True,NMS,False,
ALK,"Alaska Air Group, Inc.",52.05,2026-08-05T22:52:07.688128+00:00,False,+57.6%,True,$5807.1M,False,+-147.9%,True,3273.9K,True,$52.05 / SMA $47.59,True,4.39%,,N/A,True,110.8M,True,NYQ,False,
ALLE,Allegion plc,168.58,2026-08-05T22:50:06.594802+00:00,False,+34.9%,True,$14335.5M,False,+16.2%,True,1220.5K,True,$168.58 / SMA $139.38,False,2.93%,False,+12.7%,True,84.6M,True,NYQ,False,
ALLO,"Allogene Therapeutics, Inc.",1.95,2026-08-05T22:57:47.679411+00:00,True,+99.0%,True,$673.1M,True,+35.7%,True,8281.0K,False,$1.95 / SMA $1.97,True,6.34%,,N/A,False,270.6M,True,NMS,False,
ALM,Almonty Industries Inc.,13.31,2026-08-05T22:52:03.235760+00:00,True,+242.8%,True,$3776.6M,True,+84.6%,True,5860.5K,False,$13.31 / SMA $16.04,True,8.92%,True,+221.2%,False,215.4M,True,NCM,False,
ALMR,"Alamar Biosciences, Inc.",28.35,2026-08-05T22:55:54.483393+00:00,False,+50.4%,True,$1965.0M,,N/A,False,288.5K,True,$28.35 / SMA $23.91,True,7.76%,,N/A,True,36.1M,True,NMS,False,
ALMS,Alumis Inc.,27.12,2026-08-05T22:53:59.753529+00:00,True,+621.3%,True,$3457.6M,True,+59.3%,True,1316.8K,True,$27.12 / SMA $25.25,True,6.69%,False,+-90.0%,True,85.8M,True,NMS,False,
ALPMY,Astellas Pharma Inc.,14.12,2026-08-05T22:49:44.747154+00:00,False,+40.8%,True,$25295.9M,,N/A,False,203.4K,True,$14.12 / SMA $13.43,False,1.52%,,N/A,False,1791.2M,False,PNK,False,
ALT,"Altimmune, Inc.",3.03,2026-08-05T22:57:54.121256+00:00,False,+18.4%,True,$589.3M,True,+30.8%,True,3922.7K,True,$3.03 / SMA $2.90,True,5.64%,False,+-100.0%,False,164.2M,True,NGM,False,
ALTI,"AlTi Global, Inc.",4.62,2026-08-05T22:57:58.532584+00:00,False,+68.0%,True,$700.5M,True,+111.1%,False,199.2K,True,$4.62 / SMA $3.38,True,7.36%,True,+28.1%,True,48.1M,True,NCM,False,
ALTO,"Alto Ingredients, Inc.",5.06,2026-08-05T22:59:40.408733+00:00,True,+450.0%,True,$392.1M,True,+131.2%,True,2546.6K,False,$5.06 / SMA $5.29,True,8.01%,False,+-0.8%,True,69.3M,True,NCM,False,
AMCR,Amcor plc,47.75,2026-08-05T22:49:53.937621+00:00,False,+31.7%,True,$22077.0M,False,+-11.8%,True,3790.0K,True,$47.75 / SMA $42.17,False,2.74%,True,+77.4%,False,460.0M,True,NYQ,False,
AMGDF,Aston Martin Lagonda Global Holdings plc,0.49,2026-08-05T22:57:50.367730+00:00,False,+22.5%,True,$497.3M,,N/A,False,30.2K,False,$0.49 / SMA $0.54,True,3.40%,True,+62.4%,False,348.6M,False,PNK,False,
AMIGF,Admiral Group plc,48.65,2026-08-05T22:50:01.509338+00:00,False,+28.9%,True,$14541.6M,,N/A,False,0.1K,True,$48.65 / SMA $46.97,False,0.00%,,N/A,False,265.4M,False,PNK,False,
AMKR,"Amkor Technology, Inc.",53.86,2026-08-05T22:49:55.871486+00:00,True,+144.6%,True,$13381.7M,True,+218.2%,True,5873.4K,False,$53.86 / SMA $70.36,True,7.48%,True,+25.6%,True,108.7M,True,NMS,False,
AMNF,"Armanino Foods of Distinction, Inc.",10.38,2026-08-05T22:59:45.870765+00:00,False,+30.1%,True,$322.6M,False,+22.2%,False,65.2K,True,$10.38 / SMA $10.28,False,1.24%,False,+8.3%,,N/A,False,OQX,False,
AMP,AMP,561.03,2026-08-05T22:49:35.760277+00:00,False,+32.8%,True,$49595.1M,False,+11.6%,True,671.7K,True,$561.03 / SMA $488.30,False,2.51%,,N/A,True,88.0M,True,NYQ,False,
AMR,"Alpha Metallurgical Resources, Inc.",146.12,2026-08-05T22:54:06.373337+00:00,False,+19.4%,True,$1853.6M,True,+66.9%,False,269.6K,False,$146.12 / SMA $168.96,True,4.41%,False,+-1.3%,True,10.2M,True,NYQ,False,
AMRZ,AMRZ,52.88,2026-08-05T22:49:43.343707+00:00,False,+19.9%,True,$29271.0M,False,+-33.4%,True,2991.3K,True,$52.88 / SMA $52.01,False,2.53%,False,+4.7%,False,493.2M,True,NYQ,False,
AMVOY,AMVOY,8.8,2026-08-05T22:52:10.697091+00:00,False,+23.6%,True,$4402.2M,True,+27.6%,False,6.8K,True,$8.80 / SMA $8.69,True,3.03%,False,+-8.3%,False,270.0M,False,PNK,False,
AMXEF,Amex Gold Mining Inc.,3.06,2026-08-05T22:57:59.981396+00:00,True,+140.0%,True,$476.1M,True,+150.0%,False,26.7K,True,$3.06 / SMA $3.00,True,5.13%,,N/A,True,107.3M,False,OQX,False,
AMXOF,"América Móvil, S.A.B. de C.V.",1.28,2026-08-05T22:49:26.818882+00:00,False,+40.1%,True,$76801.3M,False,+8.1%,False,2.2K,True,$1.28 / SMA $1.14,False,0.00%,False,+3.1%,False,17029.7M,False,PNK,False,
ANCTF,Alimentation Couche-Tard Inc.,65.13,2026-08-05T22:49:32.066236+00:00,False,+37.9%,True,$59786.9M,,N/A,False,149.6K,True,$65.13 / SMA $61.93,False,1.10%,False,+19.8%,False,744.0M,False,PNK,False,
ANZFF,Air New Zealand Limited,0.25,2026-08-05T22:56:11.650973+00:00,False,+11.8%,True,$808.4M,,N/A,False,1.9K,True,$0.25 / SMA $0.24,False,0.10%,,N/A,False,1590.3M,False,PNK,False,
ANZGY,ANZ Group Holdings Limited,26.7,2026-08-05T22:49:27.563770+00:00,False,+35.3%,True,$80394.5M,,N/A,False,126.9K,True,$26.70 / SMA $24.93,False,1.02%,,N/A,False,3009.8M,False,PNK,False,
AONNF,"Aeon Co., Ltd.",8.39,2026-08-05T22:49:43.568855+00:00,False,+0.0%,True,$23212.0M,,N/A,False,0.5K,False,$8.39 / SMA $9.61,False,0.00%,,N/A,False,2559.3M,False,PNK,False,
AORT,"Artivion, Inc.",26.17,2026-08-05T22:56:01.914745+00:00,False,+36.6%,True,$1270.4M,True,+400.0%,True,830.6K,True,$26.17 / SMA $23.34,True,3.83%,False,+17.5%,True,46.0M,True,NYQ,False,
APAM,Artisan Partners Asset Management Inc.,42.78,2026-08-05T22:53:56.317145+00:00,False,+26.0%,True,$3037.2M,False,+18.1%,True,840.5K,True,$42.78 / SMA $37.36,False,2.96%,,N/A,True,68.9M,True,NYQ,False,
APELY,"Alps Alpine Co., Ltd.",27.48,2026-08-05T22:54:01.458890+00:00,False,+27.5%,True,$2680.9M,,N/A,False,0.5K,True,$27.48 / SMA $26.34,False,1.91%,,N/A,True,88.5M,False,PNK,False,
APG,APi Group Corporation,41.78,2026-08-05T22:49:53.220937+00:00,False,+25.1%,True,$18055.7M,True,+25.0%,True,2870.1K,True,$41.78 / SMA $41.25,True,3.15%,False,+13.3%,False,353.9M,True,NYQ,False,
APGE,"Apogee Therapeutics, Inc.",134.23,2026-08-05T22:51:57.840260+00:00,True,+290.9%,True,$10151.4M,False,+-14.0%,True,2660.0K,True,$134.23 / SMA $115.92,False,0.22%,,N/A,True,58.0M,True,NGM,False,
APLE,"Apple Hospitality REIT, Inc.",16.55,2026-08-05T22:52:18.642004+00:00,False,+52.5%,True,$3906.9M,False,+-7.7%,True,2952.3K,True,$16.55 / SMA $16.17,False,1.87%,False,+3.1%,False,219.0M,True,NYQ,False,
APPS,"Digital Turbine, Inc.",13.17,2026-08-05T22:57:54.841956+00:00,True,+380.7%,True,$1592.7M,True,+66.7%,True,5945.4K,True,$13.17 / SMA $9.54,True,8.69%,False,+19.6%,True,109.1M,True,NCM,False,
APXT,Apex Treasury Corporation,10.1,2026-08-05T22:58:00.424826+00:00,False,+2.3%,True,$464.2M,,N/A,False,237.2K,True,$10.10 / SMA $10.07,False,0.21%,,N/A,True,31.8M,True,NGM,False,
AQN,Algonquin Power & Utilities Corp.,5.77,2026-08-05T22:52:07.737222+00:00,False,+8.5%,True,$4441.0M,False,+-8.3%,True,4518.4K,False,$5.77 / SMA $5.83,False,2.06%,False,+14.4%,False,630.5M,True,NYQ,False,
AQST,"Aquestive Therapeutics, Inc.",3.755,2026-08-05T22:57:57.099238+00:00,False,+28.2%,True,$471.1M,True,+70.8%,True,2007.5K,False,$3.75 / SMA $4.10,True,4.89%,True,+65.7%,True,114.6M,True,NGM,False,
ARCB,ArcBest Corporation,141.67,2026-08-05T22:53:59.886436+00:00,True,+138.4%,True,$3166.5M,False,+-155.4%,False,409.8K,False,$141.67 / SMA $149.21,True,4.67%,False,+15.9%,True,21.9M,True,NMS,False,
AROW,Arrow Financial Corporation,40.53,2026-08-05T22:57:51.913707+00:00,False,+56.6%,True,$669.9M,False,+1.5%,False,90.6K,True,$40.53 / SMA $39.55,False,2.72%,,N/A,True,14.2M,True,NMS,False,
ARRY,"Array Technologies, Inc.",5.64,2026-08-05T22:55:56.293108+00:00,False,+18.2%,True,$867.6M,False,+-550.0%,True,6196.0K,False,$5.64 / SMA $7.04,True,6.05%,False,+-26.1%,True,139.9M,True,NGM,False,
ARX,Accelerant Holdings,12.26,2026-08-05T22:52:15.202238+00:00,False,+33.6%,True,$2675.1M,False,+-166.7%,True,2053.8K,False,$12.26 / SMA $13.61,True,6.95%,True,+58.8%,True,50.7M,True,NYQ,False,
ARXCY,ARXCY,22.55,2026-08-05T22:50:02.239886+00:00,True,+79.3%,True,$12760.5M,False,+-8.8%,False,0.2K,True,$22.55 / SMA $21.80,False,0.09%,True,+57.0%,False,564.0M,False,PNK,False,
ARXS,"Arxis, Inc.",59.6,2026-08-05T22:49:59.393695+00:00,True,+79.8%,True,$24881.5M,,N/A,True,1050.3K,True,$59.60 / SMA $44.00,True,6.80%,,N/A,True,74.0M,True,NMS,True,
ARYTF,Aryt Industries Ltd.,8.17,2026-08-05T22:56:00.348966+00:00,True,+8070.0%,True,$831.1M,,N/A,False,0.0K,False,$8.17 / SMA $9.84,False,0.00%,,N/A,True,54.7M,False,PNK,False,
ASA,ASA,54.72,2026-08-05T22:56:00.569904+00:00,False,+66.3%,,N/A,,N/A,False,92.9K,True,$54.72 / SMA $54.58,True,3.01%,,N/A,True,10.7M,True,NYQ,False,
ASAAF,AT & S Austria Technologie & Systemtechnik Aktiengesellschaft,171.6,2026-08-05T22:52:00.270911+00:00,True,+1270.6%,True,$6666.7M,,N/A,False,0.2K,False,$171.60 / SMA $194.81,False,0.69%,False,+20.1%,True,28.3M,False,PNK,False,
ASAZY,ASSA ABLOY AB (publ),19.26,2026-08-05T22:49:36.276908+00:00,False,+16.0%,True,$42787.1M,True,+80.1%,False,486.6K,True,$19.26 / SMA $17.68,False,1.44%,False,+3.5%,False,1999.6M,False,PNK,False,
ASGLY,AGC Inc.,7.11,2026-08-05T22:50:13.948216+00:00,False,+21.1%,True,$7550.6M,,N/A,False,7.8K,False,$7.11 / SMA $8.44,True,3.94%,,N/A,,N/A,False,PNK,False,
ASMLF,ASML Holding N.V.,1684.16,2026-08-05T22:49:17.909305+00:00,True,+145.7%,True,$646885.9M,,N/A,False,9.0K,False,$1684.16 / SMA $1755.11,True,3.32%,False,+21.3%,False,384.0M,False,PNK,False,
ASO,"Academy Sports and Outdoors, Inc.",47.87,2026-08-05T22:52:18.592711+00:00,False,+15.9%,True,$2968.8M,False,+17.6%,True,1527.5K,False,$47.87 / SMA $49.20,True,3.68%,False,+6.7%,True,61.0M,True,NMS,False,
ASOMF,ASOS Plc,3.7,2026-08-05T22:58:03.652182+00:00,False,+27.1%,True,$442.7M,,N/A,False,0.0K,True,$3.70 / SMA $3.66,False,0.00%,,N/A,True,32.1M,False,PNK,False,
ASRHF,ASRHF,7.4,2026-08-05T22:54:09.194069+00:00,True,+86.2%,,N/A,,N/A,False,8.1K,False,$7.40 / SMA_short $9.90,False,2.05%,,N/A,True,96.7M,False,PNK,False,
ATAT,Atour Lifestyle Holdings Limited,34.84,2026-08-05T22:52:07.149561+00:00,False,+13.2%,True,$4814.4M,True,+91.4%,True,1018.6K,True,$34.84 / SMA $32.96,True,3.25%,True,+47.5%,True,84.9M,True,NMS,False,
ATAZF,Atea ASA,17.79,2026-08-05T22:54:13.355917+00:00,False,+46.4%,True,$1983.3M,True,+33.3%,False,0.0K,True,$17.79 / SMA $17.35,False,0.00%,False,+21.9%,True,70.8M,False,PNK,False,
ATKR,Atkore Inc.,93.68,2026-08-05T22:53:59.149604+00:00,True,+75.1%,True,$3163.8M,False,+-150.3%,True,553.8K,True,$93.68 / SMA $77.71,True,3.40%,False,+4.2%,True,30.7M,True,NYQ,False,
ATLCP,Atlanticus Holdings Corporation,24.505,2026-08-05T22:55:57.509317+00:00,False,+19.8%,,N/A,,N/A,False,4.8K,True,$24.50 / SMA $24.20,False,0.47%,True,+68.0%,True,5.4M,True,NMS,False,
ATLCY,Atlas Copco AB (publ),19.42,2026-08-05T22:49:25.620130+00:00,False,+48.0%,True,$94742.8M,False,+7.4%,False,24.0K,True,$19.42 / SMA $17.62,False,1.43%,False,+5.3%,False,3947.5M,False,PNK,False,
ATO,Atmos Energy Corporation,172.2,2026-08-05T22:49:41.744932+00:00,False,+10.7%,True,$28743.6M,False,+14.5%,True,1436.0K,False,$172.20 / SMA $173.52,False,1.72%,False,+0.6%,False,166.2M,True,NYQ,False,
AUGO,Aura Minerals Inc.,65.76,2026-08-05T22:51:58.147643+00:00,True,+166.6%,True,$5491.0M,True,+391.5%,True,1007.4K,True,$65.76 / SMA $61.10,True,5.87%,True,+123.1%,True,40.0M,True,NMS,True,
AUPH,Aurinia Pharmaceuticals Inc.,15.19,2026-08-05T22:54:10.536062+00:00,False,+46.9%,True,$1953.5M,True,+56.2%,True,1509.4K,False,$15.19 / SMA $15.89,True,3.47%,False,+24.4%,True,126.2M,True,NGM,False,
AVA,Avista Corporation,38.84,2026-08-05T22:52:18.425650+00:00,False,+9.4%,True,$3253.0M,True,+152.9%,True,744.3K,False,$38.84 / SMA $41.26,False,1.96%,,N/A,True,83.0M,True,NYQ,False,
AVCTF,Avacta Group Plc,0.94,2026-08-05T22:58:01.355153+00:00,False,+46.4%,True,$440.4M,,N/A,False,10.5K,False,$0.94 / SMA $0.98,False,0.00%,,N/A,False,427.2M,False,PNK,False,
AVGO,Broadcom Inc.,418.28,2026-08-05T22:49:18.111239+00:00,False,+48.4%,True,$1990000.6M,True,+85.4%,True,26204.2K,True,$418.28 / SMA $394.72,True,3.80%,True,+47.9%,False,4698.9M,True,NMS,False,
AVNT,Avient Corporation,37.92,2026-08-05T22:53:55.445737+00:00,False,+38.0%,True,$3477.6M,True,+377.3%,True,870.4K,True,$37.92 / SMA $36.40,True,3.19%,False,+2.5%,True,91.1M,True,NYQ,False,
AWTRF,Air Water Inc.,13.91,2026-08-05T22:52:19.140874+00:00,False,+3.1%,True,$3188.5M,,N/A,False,0.1K,False,$13.91 / SMA $14.45,False,0.00%,,N/A,False,182.2M,False,PNK,False,
AX,"Axos Financial, Inc.",103.81,2026-08-05T22:52:05.780448+00:00,False,+38.6%,True,$5889.6M,,N/A,False,389.8K,True,$103.81 / SMA $94.21,False,2.63%,,N/A,True,54.3M,True,NYQ,False,
AXAHY,AXA SA,51.66,2026-08-05T22:49:24.907571+00:00,False,+20.0%,True,$105096.4M,,N/A,False,156.0K,True,$51.66 / SMA $49.24,False,0.92%,,N/A,False,1592.2M,False,OQX,False,
AXG,Solowin Holdings,2.78,2026-08-05T22:57:48.973736+00:00,False,+18.3%,True,$529.5M,,N/A,False,143.8K,False,$2.78 / SMA $3.29,False,2.69%,,N/A,True,51.5M,True,NCM,False,
AXIA,AXIA Energia SA,10.47,2026-08-05T22:49:45.627725+00:00,False,+50.4%,True,$23860.4M,True,+675.0%,True,2082.4K,True,$10.47 / SMA $10.25,False,2.27%,False,+22.1%,False,1642.5M,True,NYQ,False,
AXSM,"Axsome Therapeutics, Inc.",212.85,2026-08-05T22:50:04.199057+00:00,True,+110.5%,True,$10953.2M,False,+-3.3%,True,857.1K,False,$212.85 / SMA $237.31,True,4.20%,True,+57.4%,True,43.6M,True,NGM,False,
AXTA,Axalta Coating Systems Ltd.,38.07,2026-08-05T22:51:56.794868+00:00,False,+52.7%,True,$8147.7M,False,+-18.0%,True,2311.6K,True,$38.07 / SMA $33.27,False,2.67%,False,+3.1%,False,212.8M,True,NYQ,False,
BAESY,BAE Systems plc,116.3,2026-08-05T22:49:27.423674+00:00,False,+37.6%,True,$85229.5M,,N/A,False,303.2K,True,$116.30 / SMA $103.29,False,1.69%,,N/A,False,715.8M,False,PNK,False,
BAK,Braskem S.A.,2.26,2026-08-05T22:55:49.169561+00:00,False,+2.7%,True,$900.6M,True,+107.1%,True,2376.4K,False,$2.26 / SMA $2.97,True,6.22%,False,+-20.4%,True,101.2M,True,NYQ,False,
BALY,Bally's Corporation,14.01,2026-08-05T22:57:49.794568+00:00,False,+59.4%,True,$685.8M,,N/A,False,57.0K,True,$14.01 / SMA $13.93,True,6.04%,,N/A,True,10.2M,True,NYQ,False,
BAND,Bandwidth Inc.,45.67,2026-08-05T22:54:10.483963+00:00,True,+265.4%,True,$1469.7M,True,+56.2%,True,1363.0K,False,$45.67 / SMA $60.56,True,9.42%,False,+22.2%,True,29.1M,True,NMS,False,
BANF,BancFirst Corporation,114.12,2026-08-05T22:52:15.237387+00:00,False,+12.5%,True,$3832.9M,False,+5.9%,False,175.3K,True,$114.12 / SMA $113.15,False,2.08%,,N/A,True,23.2M,True,NMS,False,
BBAI,"BigBear.ai Holdings, Inc.",3.03,2026-08-05T22:54:09.748668+00:00,False,+17.0%,True,$1452.9M,True,+93.0%,True,36197.2K,False,$3.03 / SMA $3.61,True,6.48%,False,+13.2%,False,475.3M,True,NYQ,False,
BBAJF,"Banco del Bajío, S.A., Institución de Banca Múltiple",3.3,2026-08-05T22:52:14.797593+00:00,False,+47.7%,True,$3926.8M,False,+-11.0%,False,0.6K,True,$3.30 / SMA $3.16,False,0.00%,False,+-6.1%,False,552.3M,False,PNK,False,
BBBY,"Bed Bath & Beyond, Inc.",4.62,2026-08-05T22:58:04.043790+00:00,False,+8.5%,True,$440.1M,True,+67.6%,True,2470.3K,False,$4.62 / SMA $5.67,True,5.79%,False,+6.9%,,N/A,True,NYQ,False,
BBCQU,Bleichroeder Acquisition Corp. II,10.429,2026-08-05T22:58:02.042957+00:00,False,+4.1%,,N/A,,N/A,False,2.2K,False,$10.43 / SMA $11.29,False,0.16%,,N/A,True,20.9M,True,NGM,False,
BBN,BlackRock Taxable Municipal Bond Trust,15.86,2026-08-05T22:56:05.279955+00:00,False,+2.5%,True,$980.0M,,N/A,False,158.7K,True,$15.86 / SMA $15.85,False,0.82%,,N/A,,N/A,True,NYQ,False,
BBOT,"BridgeBio Oncology Therapeutics, Inc.",8.96,2026-08-05T22:57:48.178039+00:00,False,+28.0%,True,$717.8M,False,+-188819.3%,False,418.9K,True,$8.96 / SMA $8.21,True,6.98%,,N/A,True,35.7M,True,NGM,False,
BBT,Beacon Financial Corporation,31.76,2026-08-05T22:54:04.215510+00:00,False,+39.2%,True,$2679.4M,True,+29.4%,True,811.5K,True,$31.76 / SMA $30.08,False,2.36%,,N/A,True,78.0M,True,NYQ,False,
BBWI,"Bath & Body Works, Inc.",20.79,2026-08-05T22:52:16.918770+00:00,False,+45.6%,True,$4190.5M,True,+83.7%,True,5744.0K,True,$20.79 / SMA $20.16,True,4.08%,False,+-3.2%,False,189.7M,True,NYQ,False,
BC,Brunswick Corporation,83.58,2026-08-05T22:52:03.526319+00:00,False,+49.7%,True,$5430.6M,True,+88.8%,True,672.7K,True,$83.58 / SMA $81.30,True,3.66%,,N/A,True,64.6M,True,NYQ,False,
BCAR,D. Boral ARC Acquisition I Corp.,4.4,2026-08-05T22:58:01.836517+00:00,False,+10.0%,False,$181.3M,,N/A,True,662.6K,False,$4.40 / SMA $9.69,True,11.24%,,N/A,True,25.5M,True,NGM,False,
BCDRF,"Banco Santander, S.A.",14.75,2026-08-05T22:49:20.606276+00:00,True,+74.1%,True,$210690.2M,,N/A,False,181.3K,True,$14.75 / SMA $13.34,True,4.79%,False,+8.3%,False,14083.8M,False,PNK,False,
BCEFF,BCE Inc.,15.4,2026-08-05T22:49:47.408932+00:00,False,+13.2%,,N/A,,N/A,False,0.1K,True,$15.40 / SMA $15.25,False,0.00%,False,+4.0%,False,931.4M,False,PNK,False,
BCPC,Balchem Corporation,178.79,2026-08-05T22:52:03.983738+00:00,False,+28.5%,True,$5699.5M,False,+18.8%,False,221.8K,True,$178.79 / SMA $164.38,False,2.49%,,N/A,True,31.7M,True,NMS,False,
BCTCF,OSL Group Limited,1.5,2026-08-05T22:55:55.477609+00:00,True,+14900.0%,True,$1348.9M,,N/A,False,0.0K,True,$1.50 / SMA $1.50,False,0.00%,,N/A,False,563.7M,False,PNK,False,
BDC,BDC,128.18,2026-08-05T22:52:11.946154+00:00,False,+30.8%,True,$5009.0M,False,+13.7%,True,578.9K,True,$128.18 / SMA $111.25,True,4.04%,False,+11.6%,True,38.5M,True,NYQ,False,
BDCIU,BTC Development Corp.,10.2,2026-08-05T22:59:43.211787+00:00,False,+1.1%,,N/A,,N/A,False,1.3K,True,$10.20 / SMA $10.20,False,0.12%,,N/A,True,23.6M,True,NGM,False,
BDJ,BlackRock Enhanced Equity Dividend Trust,9.81,2026-08-05T22:54:16.179376+00:00,False,+16.5%,True,$1735.8M,,N/A,True,516.9K,True,$9.81 / SMA $9.42,False,0.90%,,N/A,,N/A,True,NYQ,False,
BDOUY,"BDO Unibank, Inc.",20.45,2026-08-05T22:50:09.881648+00:00,False,+11.2%,True,$10910.8M,False,+5.5%,False,72.4K,True,$20.45 / SMA $20.32,True,3.59%,False,+13.9%,False,227.2M,False,PNK,False,
BDWBY,Budweiser Brewing Company APAC Limited,3.3,2026-08-05T22:50:04.791439+00:00,False,+8.8%,True,$10914.6M,,N/A,False,1.1K,False,$3.30 / SMA $3.43,False,0.57%,,N/A,False,414.5M,False,PNK,False,
BECTY,Bechtle AG,8.53,2026-08-05T22:52:08.586152+00:00,False,+42.2%,True,$5373.9M,False,+16.1%,False,0.1K,True,$8.53 / SMA $7.48,False,0.00%,False,+7.6%,False,409.2M,False,PNK,False,
BEP,BEP,32.7,2026-08-05T22:50:07.248651+00:00,False,+35.5%,True,$15941.0M,False,+-68.2%,True,886.3K,False,$32.70 / SMA $34.20,True,3.18%,,N/A,False,227.7M,True,NYQ,False,
BEVFF,Diversified Royalty Corp.,3.33,2026-08-05T22:57:52.005775+00:00,False,+48.0%,True,$622.9M,False,+-20.0%,False,142.1K,True,$3.33 / SMA $3.31,False,0.93%,False,+11.8%,False,167.6M,False,PNK,False,
BFLBF,Bilfinger SE,94.72,2026-08-05T22:52:14.206702+00:00,False,+5.3%,True,$3498.9M,False,+17.9%,False,0.2K,False,$94.72 / SMA $97.83,False,0.00%,False,+3.6%,True,31.4M,False,PNK,False,
BFLBY,Bilfinger SE,18.32,2026-08-05T22:52:14.494343+00:00,False,+1.0%,True,$3383.7M,False,+17.9%,False,0.2K,False,$18.32 / SMA $19.04,False,0.00%,False,+3.6%,False,157.1M,False,PNK,False,
BFLY,"Butterfly Network, Inc.",8.42,2026-08-05T22:55:59.627075+00:00,True,+537.9%,True,$2242.1M,False,+16.7%,True,8046.1K,True,$8.42 / SMA $6.76,True,8.90%,True,+39.5%,False,203.1M,True,NYQ,False,
BHE,BHE,84.06,2026-08-05T22:53:56.340964+00:00,True,+134.1%,True,$3019.4M,True,+1733.3%,False,485.9K,False,$84.06 / SMA $85.76,True,5.09%,False,+17.7%,True,35.2M,True,NYQ,False,
BHF,"Brighthouse Financial, Inc.",61.86,2026-08-05T22:52:16.658118+00:00,False,+47.0%,True,$3553.6M,False,+-171.4%,True,535.2K,False,$61.86 / SMA $63.51,False,1.70%,False,+-37.1%,True,56.6M,True,NMS,False,
BHVN,Biohaven Ltd.,13.63,2026-08-05T22:55:53.797607+00:00,True,+82.2%,True,$2052.1M,True,+59.4%,True,2881.1K,False,$13.63 / SMA $13.63,True,5.96%,,N/A,True,123.8M,True,NYQ,False,
BIIB,Biogen Inc.,206.63,2026-08-05T22:49:42.518481+00:00,False,+62.7%,True,$30530.4M,False,+-84.8%,True,1265.8K,True,$206.63 / SMA $201.44,True,4.10%,False,+3.4%,True,147.3M,True,NMS,False,
BILL,"BILL Holdings, Inc.",48.32,2026-08-05T22:52:16.521006+00:00,False,+53.8%,True,$4812.5M,True,+209.1%,True,2785.6K,True,$48.32 / SMA $39.06,True,4.51%,False,+13.5%,True,88.8M,True,NYQ,False,
BIP,BIP,39.65,2026-08-05T22:49:53.168895+00:00,False,+33.8%,,N/A,,N/A,True,874.8K,True,$39.65 / SMA $38.62,False,2.86%,False,+19.4%,False,451.3M,True,NYQ,False,
BJ,"BJ's Wholesale Club Holdings, Inc.",96.69,2026-08-05T22:50:06.991258+00:00,False,+16.2%,True,$12346.7M,False,+-2.7%,True,2158.5K,True,$96.69 / SMA $90.17,False,2.74%,False,+9.9%,True,127.0M,True,NYQ,False,
BJCHY,Beijing Capital International Airport Company Limited,0.97,2026-08-05T22:56:03.151745+00:00,False,+9.0%,True,$888.4M,,N/A,False,0.2K,False,$0.97 / SMA $0.97,False,0.00%,,N/A,False,344.5M,False,PNK,False,
BKE,BKE,45.42,2026-08-05T22:54:02.852105+00:00,False,+11.5%,,N/A,True,+31.4%,True,516.4K,True,$45.42 / SMA $43.74,False,2.65%,False,+6.1%,True,30.8M,True,NYQ,False,
BKGFF,The Berkeley Group Holdings plc,42.35,2026-08-05T22:52:10.301881+00:00,False,+0.0%,True,$3881.7M,,N/A,False,0.0K,False,$42.35 / SMA $45.42,False,0.00%,,N/A,True,90.9M,False,PNK,False,
BKHPF,Bank Hapoalim B.M.,23.0,2026-08-05T22:49:38.297829+00:00,False,+25.8%,True,$30081.5M,False,+-11.5%,False,0.0K,False,$23.00 / SMA $25.12,False,0.00%,False,+-3.2%,False,1307.7M,False,PNK,False,
BKKT,"Bakkt, Inc.",7.39,2026-08-05T22:57:56.112091+00:00,False,+9.5%,True,$330.4M,False,+-136.3%,True,1694.8K,False,$7.39 / SMA $8.45,True,6.60%,False,+-77.1%,True,35.3M,True,NYQ,False,
BKR,Baker Hughes Company,61.67,2026-08-05T22:49:29.000209+00:00,False,+47.0%,True,$61218.2M,False,+-4.2%,True,8902.0K,True,$61.67 / SMA $59.49,False,2.97%,False,+-2.4%,False,990.6M,True,NMS,False,
BKRIF,Bank of Ireland Group plc,20.1,2026-08-05T22:49:52.097223+00:00,False,+47.4%,True,$18954.3M,,N/A,False,0.9K,False,$20.10 / SMA $20.17,False,0.54%,,N/A,False,942.9M,False,PNK,False,
BLMN,"Bloomin' Brands, Inc.",11.85,2026-08-05T22:57:48.968025+00:00,True,+128.3%,True,$1014.5M,True,+30.0%,True,2371.1K,True,$11.85 / SMA $8.32,True,5.06%,False,+1.0%,True,83.2M,True,NMS,False,
BLTE,"Belite Bio, Inc",158.5,2026-08-05T22:52:01.770705+00:00,True,+164.2%,True,$6353.5M,False,+-51.1%,False,206.4K,True,$158.50 / SMA $148.78,True,4.10%,,N/A,True,18.5M,True,NCM,False,
BMA,Banco Macro S.A.,89.57,2026-08-05T22:52:03.945946+00:00,True,+133.9%,True,$5727.0M,True,+135.8%,False,272.5K,False,$89.57 / SMA $91.27,True,4.71%,True,+30.7%,True,21.1M,True,NYQ,False,
BMBLF,Brambles Limited,14.01,2026-08-05T22:49:55.132791+00:00,False,+29.4%,True,$18713.2M,,N/A,False,2.5K,True,$14.01 / SMA $13.25,False,1.23%,,N/A,False,1356.5M,False,PNK,False,
BMO,Bank of Montreal,180.94,2026-08-05T22:49:24.139063+00:00,False,+61.4%,True,$126733.4M,True,+41.2%,True,825.9K,True,$180.94 / SMA $172.23,False,1.73%,False,+9.9%,False,699.6M,True,NYQ,False,
BN,Brookfield Corporation,44.54,2026-08-05T22:49:24.669414+00:00,False,+17.4%,True,$99484.4M,True,+200.0%,True,4422.3K,True,$44.54 / SMA $43.79,False,2.11%,False,+3.5%,False,1743.8M,True,NYQ,False,
BNED,"Barnes & Noble Education, Inc.",12.68,2026-08-05T22:59:46.170136+00:00,True,+114.9%,True,$439.3M,,N/A,False,352.8K,True,$12.68 / SMA $11.70,True,5.02%,False,+-4.0%,True,17.4M,True,NYQ,False,
BNKHF,BOC Hong Kong (Holdings) Limited,6.14,2026-08-05T22:49:29.665757+00:00,False,+44.5%,True,$64916.9M,,N/A,False,0.1K,True,$6.14 / SMA $5.96,False,0.00%,,N/A,False,3588.1M,False,PNK,False,
BNTGF,Brenntag SE,69.64,2026-08-05T22:50:10.894769+00:00,False,+34.4%,True,$10055.0M,False,+-26.9%,False,0.0K,True,$69.64 / SMA $65.92,False,0.00%,False,+-10.1%,True,115.5M,False,PNK,False,
BNTGY,Brenntag SE,14.53,2026-08-05T22:50:10.604432+00:00,False,+42.6%,True,$10489.6M,False,+-26.9%,False,39.0K,True,$14.53 / SMA $13.08,False,1.16%,False,+-10.1%,False,577.5M,False,PNK,False,
BORAY,"Bora Pharmaceuticals Co., Ltd.",2.59,2026-08-05T22:55:50.721634+00:00,False,+15.1%,True,$329.7M,False,+-98.2%,False,0.0K,True,$2.59 / SMA_short $2.54,False,0.00%,False,+-10.7%,False,371.7M,False,OQX,False,
BORR,Borr Drilling Limited,3.89,2026-08-05T22:54:14.913421+00:00,True,+81.8%,True,$1200.8M,False,+-28.6%,True,6742.3K,False,$3.89 / SMA $4.43,True,4.32%,False,+14.0%,False,237.6M,True,NYQ,False,
BOW,Bowhead Specialty Holdings Inc.,33.62,2026-08-05T22:56:06.645498+00:00,False,+58.5%,True,$1104.0M,True,+41.2%,False,213.8K,True,$33.62 / SMA $29.26,True,3.90%,True,+26.8%,True,30.9M,True,NYQ,False,
BPCGF,"Banco Comercial Português, S.A.",1.24,2026-08-05T22:49:55.741079+00:00,False,+53.1%,True,$18230.9M,True,+30.2%,False,0.1K,True,$1.24 / SMA $1.09,False,0.00%,False,+6.0%,False,8763.8M,False,PNK,False,
BPCGY,"Banco Comercial Português, S.A.",12.25,2026-08-05T22:49:55.464773+00:00,False,+66.0%,True,$18010.3M,True,+30.2%,False,0.5K,True,$12.25 / SMA $11.95,False,0.38%,False,+6.0%,False,876.4M,False,PNK,False,
BPOP,"Popular, Inc.",177.52,2026-08-05T22:50:10.643181+00:00,False,+63.3%,True,$11337.6M,True,+40.8%,True,519.4K,True,$177.52 / SMA $164.38,False,2.23%,,N/A,True,62.0M,True,NMS,False,
BRAI,Braiin Limited,5.65,2026-08-05T22:55:53.044152+00:00,False,+35.0%,True,$1164.4M,,N/A,False,437.2K,False,$5.65 / SMA $7.06,True,15.01%,,N/A,True,40.0M,True,NGM,False,
BRBI,BRBI BR Partners S.A.,11.45,2026-08-05T22:56:09.943518+00:00,False,+5.0%,True,$300.6M,False,+-14.3%,False,0.8K,False,$11.45 / SMA $11.80,False,0.14%,True,+46.8%,True,26.2M,True,NCM,False,
BRDCF,Bridgestone Corporation,24.6,2026-08-05T22:49:42.995439+00:00,False,+35.9%,True,$30618.3M,,N/A,False,3.7K,True,$24.60 / SMA $22.18,False,1.45%,,N/A,False,1169.0M,False,PNK,False,
BRELY,BRELY,13.51,2026-08-05T22:55:56.545551+00:00,True,+95.9%,True,$757.0M,,N/A,False,0.4K,False,$13.51 / SMA $16.99,False,0.13%,,N/A,True,15.9M,False,OQX,False,
BRKR,Bruker Corporation,52.47,2026-08-05T22:50:21.290951+00:00,True,+83.9%,True,$7987.3M,False,+-81.8%,True,2487.1K,False,$52.47 / SMA $58.19,True,5.37%,False,+2.7%,True,103.6M,True,NMS,False,
BRLGF,Dominion Lending Centres Inc.,6.09,2026-08-05T22:57:58.188356+00:00,False,+4.1%,True,$469.1M,False,+-25.0%,False,0.1K,False,$6.09 / SMA $6.19,False,0.00%,False,+6.5%,True,35.5M,False,PNK,False,
BRRLY,Barry Callebaut AG,13.58,2026-08-05T22:50:15.117550+00:00,False,+19.5%,True,$7445.5M,,N/A,False,48.3K,False,$13.58 / SMA $14.16,False,2.33%,,N/A,False,380.9M,False,PNK,False,
BRZE,"Braze, Inc.",26.22,2026-08-05T22:54:00.582889+00:00,True,+71.8%,True,$2953.2M,True,+29.4%,True,2855.3K,True,$26.22 / SMA $23.55,True,6.22%,True,+30.2%,True,92.4M,True,NMS,True,
BSAC,Banco Santander-Chile,35.25,2026-08-05T22:49:58.664948+00:00,False,+52.5%,True,$16606.8M,True,+40.4%,False,388.9K,True,$35.25 / SMA $32.84,False,2.22%,False,+13.6%,False,305.6M,True,NYQ,False,
BSBR,Banco Santander (Brasil) S.A.,5.79,2026-08-05T22:49:51.080715+00:00,False,+21.9%,True,$21676.4M,False,+-7.1%,True,1801.8K,True,$5.79 / SMA $5.24,False,2.17%,False,+-3.0%,False,1870.2M,True,NYQ,False,
BSDGY,Bosideng International Holdings Limited,31.0,2026-08-05T22:51:57.525736+00:00,False,+34.9%,True,$7204.7M,,N/A,False,0.0K,True,$31.00 / SMA $28.03,False,0.00%,,N/A,True,103.8M,False,PNK,False,
BSY,"Bentley Systems, Incorporated",36.04,2026-08-05T22:50:09.238103+00:00,False,+28.4%,True,$10948.8M,False,+7.1%,True,3141.8K,True,$36.04 / SMA $32.08,True,4.33%,False,+14.5%,False,157.5M,True,NMS,False,
BTDPY,Barratt Redrow plc,8.43,2026-08-05T22:52:06.830861+00:00,False,+32.1%,True,$5896.2M,,N/A,False,146.6K,True,$8.43 / SMA $7.35,False,1.53%,,N/A,False,672.5M,False,PNK,False,
BTT,Blackrock Municipal 2030 Target Term Trust,22.46,2026-08-05T22:55:53.155080+00:00,False,+1.4%,True,$1429.0M,,N/A,False,82.9K,False,$22.46 / SMA $22.62,False,0.58%,,N/A,,N/A,True,NYQ,False,
BULL,Webull Corporation,7.38,2026-08-05T22:53:53.633675+00:00,False,+64.0%,True,$3924.8M,False,+-113.2%,True,11649.0K,True,$7.38 / SMA $6.93,True,4.77%,True,+36.3%,False,347.6M,True,NCM,False,
BV,"BrightView Holdings, Inc.",10.6,2026-08-05T22:55:59.650442+00:00,False,+1.6%,True,$987.9M,False,+-166.7%,True,777.3K,False,$10.60 / SMA $13.46,True,3.32%,False,+6.1%,True,68.4M,True,NYQ,False,
BVHMY,BVHMY,4.0,2026-08-05T22:56:00.365680+00:00,False,+34.5%,True,$1270.4M,,N/A,False,0.3K,True,$4.00 / SMA $3.47,False,0.04%,,N/A,False,221.9M,False,PNK,False,
BVS,Bioventus Inc.,15.26,2026-08-05T22:56:11.907673+00:00,True,+144.0%,True,$1033.8M,True,+200.0%,True,703.3K,True,$15.26 / SMA $10.57,True,5.81%,False,+6.6%,True,33.3M,True,NMS,False,
BVVBY,Bureau Veritas SA,65.88,2026-08-05T22:50:00.059396+00:00,False,+14.9%,True,$14628.4M,,N/A,False,26.9K,True,$65.88 / SMA $61.05,False,1.04%,,N/A,False,162.8M,False,PNK,False,
BWB,"Bridgewater Bancshares, Inc.",21.07,2026-08-05T22:57:56.695055+00:00,False,+39.1%,True,$587.5M,False,+18.4%,False,170.6K,True,$21.07 / SMA $20.45,False,2.74%,False,+13.9%,True,22.2M,True,NCM,False,
BZLYF,Beazley plc,17.17,2026-08-05T22:50:09.254652+00:00,True,+72.3%,True,$10148.3M,,N/A,False,0.1K,True,$17.17 / SMA $17.06,False,0.00%,,N/A,,N/A,False,PNK,False,
BZZUY,Buzzi S.p.A.,25.2,2026-08-05T22:50:11.552026+00:00,False,+8.7%,True,$8896.2M,,N/A,False,1.7K,False,$25.20 / SMA $25.60,False,0.77%,,N/A,True,109.5M,False,PNK,False,
CAC,CAC,59.37,2026-08-05T22:56:09.880360+00:00,False,+69.6%,True,$1003.1M,True,+62.7%,False,108.8K,True,$59.37 / SMA $53.20,False,2.85%,,N/A,True,16.5M,True,NMS,False,
CAH,"Cardinal Health, Inc.",239.23,2026-08-05T22:49:33.608659+00:00,True,+73.7%,True,$56029.1M,False,+-19.5%,True,2403.4K,True,$239.23 / SMA $223.61,False,2.15%,False,+11.0%,False,233.7M,True,NYQ,False,
CALY,Callaway Golf Company,19.11,2026-08-05T22:54:00.254892+00:00,True,+138.9%,True,$3435.2M,True,+263.6%,True,2575.9K,True,$19.11 / SMA $17.68,True,3.43%,,N/A,False,155.9M,True,NYQ,False,
CAPL,CrossAmerica Partners LP,21.22,2026-08-05T22:56:08.750524+00:00,False,+8.2%,True,$809.6M,True,+230.0%,False,43.2K,False,$21.22 / SMA $21.62,False,2.09%,False,+-2.4%,True,18.3M,True,NYQ,False,
CASBF,CanSino Biologics Inc.,3.145,2026-08-05T22:54:15.928167+00:00,False,+21.0%,True,$777.0M,,N/A,False,0.1K,True,$3.15 / SMA $3.01,False,0.00%,,N/A,False,159.9M,False,PNK,False,
CASH,"Pathward Financial, Inc.",89.49,2026-08-05T22:54:14.207947+00:00,False,+35.9%,True,$1889.1M,False,+-24.3%,False,220.0K,True,$89.49 / SMA $85.95,False,2.69%,,N/A,True,20.7M,True,NMS,False,
CB,Chubb Limited,352.54,2026-08-05T22:49:22.583047+00:00,False,+32.9%,True,$136009.9M,False,+-0.7%,True,1795.0K,True,$352.54 / SMA $338.76,False,2.06%,False,+7.2%,False,349.9M,True,NYQ,False,
CBLL,CBLL,18.29,2026-08-05T22:57:46.282688+00:00,False,+68.6%,True,$694.0M,False,+-44.4%,False,366.7K,False,$18.29 / SMA $18.52,True,4.20%,True,+29.3%,True,26.1M,True,NMS,False,
CBYDF,Corby Spirit and Wine Limited,11.72,2026-08-05T22:59:49.526154+00:00,False,+22.3%,True,$333.7M,True,+100.0%,False,0.1K,True,$11.72 / SMA $11.12,False,0.24%,False,+21.3%,True,15.8M,False,PNK,False,
CCAP,"Crescent Capital BDC, Inc.",11.28,2026-08-05T22:58:03.626560+00:00,False,+6.0%,True,$415.6M,False,+-481.8%,False,252.2K,True,$11.28 / SMA $10.99,False,2.27%,False,+-295.2%,,N/A,True,NGM,False,
CCBG,"Capital City Bank Group, Inc.",52.3,2026-08-05T22:56:11.317990+00:00,False,+37.4%,True,$895.0M,False,+8.0%,False,94.2K,True,$52.30 / SMA $48.68,False,2.59%,False,+2.7%,True,13.7M,True,NMS,False,
CCEC,Capital Clean Energy Carriers Corp.,22.83,2026-08-05T22:55:55.600313+00:00,False,+36.1%,True,$1372.4M,False,+-72.6%,False,13.6K,True,$22.83 / SMA $21.87,False,2.70%,False,+-3.9%,True,7.6M,True,NMS,False,
CCEP,Coca-Cola Europacific Partners PLC,108.58,2026-08-05T22:49:35.370853+00:00,False,+28.3%,True,$48007.4M,,N/A,True,1990.4K,True,$108.58 / SMA $101.55,False,2.14%,,N/A,False,199.2M,True,NMS,False,
CCII,Cohen Circle Acquisition Corp. II,10.33,2026-08-05T22:59:41.778436+00:00,False,+2.6%,True,$358.4M,True,+28033.0%,False,34.8K,True,$10.33 / SMA $10.33,False,0.14%,,N/A,True,21.8M,True,NGM,False,
CCPPF,Shaftesbury Capital PLC,1.82,2026-08-05T22:52:17.528709+00:00,False,+4.1%,True,$3330.2M,,N/A,False,0.0K,False,$1.82 / SMA $1.82,False,0.00%,,N/A,False,1343.5M,False,PNK,False,
CCRDF,"Yokohama Financial Group, Inc.",11.57,2026-08-05T22:50:03.774090+00:00,True,+71.4%,True,$12859.8M,,N/A,False,0.1K,True,$11.57 / SMA $10.89,False,0.00%,,N/A,False,1111.1M,False,PNK,False,
CCSI,"Consensus Cloud Solutions, Inc.",38.17,2026-08-05T22:57:56.783858+00:00,True,+90.7%,True,$702.2M,False,+21.5%,False,165.5K,True,$38.17 / SMA $35.66,True,4.24%,False,+1.5%,True,15.6M,True,NMS,False,
CCU,CCU,11.69,2026-08-05T22:54:07.826657+00:00,False,+9.2%,,N/A,False,+-84.5%,False,164.4K,True,$11.69 / SMA $11.38,True,3.25%,False,+4.8%,True,60.2M,True,NYQ,False,
CCXI,Churchill Capital Corp XI,15.93,2026-08-05T22:57:53.827977+00:00,False,+58.2%,True,$887.3M,,N/A,True,2156.6K,True,$15.93 / SMA $13.15,True,8.73%,,N/A,True,41.4M,True,NGM,False,
CDNTF,"Canadian Tire Corporation, Limited",155.7,2026-08-05T22:50:16.572381+00:00,False,+3.7%,True,$8191.8M,,N/A,False,0.0K,False,$155.70 / SMA $176.88,False,0.11%,False,+-20.8%,True,48.6M,False,PNK,False,
CDP,COPT Defense Properties,37.38,2026-08-05T22:50:19.836657+00:00,False,+38.1%,True,$4330.3M,False,+17.6%,True,1021.5K,True,$37.38 / SMA $35.37,False,1.91%,False,+3.9%,True,112.1M,True,NYQ,False,
CDW,CDW,140.1,2026-08-05T22:49:59.498296+00:00,False,+44.3%,,N/A,False,+7.7%,True,2177.3K,True,$140.10 / SMA $134.48,True,4.94%,False,+9.2%,True,127.3M,True,NMS,False,
CDZIP,Cadiz Inc.,22.4,2026-08-05T22:59:41.860082+00:00,False,+31.3%,,N/A,,N/A,False,6.5K,True,$22.40 / SMA $22.19,False,1.15%,False,+-44.8%,True,56.3M,True,NGM,False,
CEIEF,Coelacanth Energy Inc.,0.5635,2026-08-05T22:58:05.315215+00:00,False,+9.8%,True,$357.1M,True,+200.0%,False,27.8K,False,$0.56 / SMA $0.58,False,0.44%,True,+731.3%,False,331.2M,False,PNK,False,
CELH,"Celsius Holdings, Inc.",29.15,2026-08-05T22:50:17.953599+00:00,False,+9.8%,True,$7451.9M,True,+120.0%,True,9623.2K,False,$29.15 / SMA $29.67,True,4.37%,True,+137.7%,False,195.9M,True,NCM,False,
CEPF,"Cantor Equity Partners IV, Inc.",10.3759,2026-08-05T22:57:53.284497+00:00,False,+2.8%,True,$593.0M,True,+13233.2%,False,55.8K,False,$10.38 / SMA $10.39,False,0.40%,,N/A,True,41.9M,True,NGM,False,
CERS,Cerus Corporation,2.27,2026-08-05T22:57:55.338745+00:00,True,+97.4%,True,$457.5M,True,+66.7%,True,2619.7K,False,$2.27 / SMA $2.82,True,6.19%,False,+9.5%,False,184.1M,True,NGM,False,
CEVA,"CEVA, Inc.",34.24,2026-08-05T22:56:01.449197+00:00,True,+101.2%,True,$953.9M,False,+-14.3%,True,874.7K,False,$34.24 / SMA $42.03,True,6.90%,False,+11.5%,True,24.7M,True,NMS,False,
CEVMY,CTS Eventim AG & Co. KGaA,15.42,2026-08-05T22:51:56.532920+00:00,False,+19.8%,True,$5920.7M,True,+37.5%,False,1.4K,False,$15.42 / SMA $15.58,False,0.52%,False,+23.0%,False,234.6M,False,PNK,False,
CGC,Canopy Growth Corporation,0.9317,2026-08-05T22:57:59.899546+00:00,False,+10.4%,True,$417.8M,,N/A,True,5344.7K,False,$0.93 / SMA $0.97,True,3.66%,False,+9.6%,False,421.3M,True,NMS,False,
CGCT,Cartesian Growth Corporation III,11.9,2026-08-05T22:59:44.467634+00:00,False,+28.5%,True,$492.7M,,N/A,False,235.3K,,N/A,,N/A,,N/A,True,21.4M,True,NGM,False,
CGEAF,Cogeco Communications Inc.,42.79,2026-08-05T22:54:09.936540+00:00,False,+9.1%,True,$1797.8M,False,+-1934.1%,False,3.8K,False,$42.79 / SMA $44.68,False,0.13%,False,+-4.9%,True,29.8M,False,PNK,False,
CHKGF,CK Asset Holdings Limited,6.14,2026-08-05T22:49:50.072554+00:00,False,+44.5%,True,$21488.6M,,N/A,False,0.1K,True,$6.14 / SMA $5.93,False,0.08%,,N/A,False,1893.9M,False,PNK,False,
CHSCO,CHS Inc.,25.75,2026-08-05T22:59:44.303645+00:00,False,+0.9%,,N/A,,N/A,False,25.4K,False,$25.75 / SMA $25.79,False,0.61%,,N/A,,N/A,True,NMS,False,
CHVKF,"China Vanke Co., Ltd.",0.31606,2026-08-05T22:50:21.485332+00:00,False,+2.4%,True,$5209.1M,False,+5.7%,False,1.1K,False,$0.32 / SMA $0.34,False,0.00%,False,+-23.9%,False,8678.3M,False,PNK,False,
CHXMF,Troilus Mining Corp.,1.29,2026-08-05T22:57:48.220924+00:00,True,+165.4%,True,$715.0M,False,+-100.0%,False,159.9K,True,$1.29 / SMA $1.26,True,3.33%,,N/A,True,35.3M,False,OQX,False,
CIG,CIG,2.14,2026-08-05T22:50:19.132434+00:00,False,+16.3%,,N/A,False,+-5.8%,True,6669.0K,True,$2.14 / SMA $2.10,False,2.10%,False,+6.6%,False,2373.1M,True,NYQ,False,
CIGI,Colliers International Group Inc.,101.26,2026-08-05T22:52:06.261818+00:00,False,+14.6%,True,$5174.8M,True,+600.0%,False,264.8K,True,$101.26 / SMA $96.83,True,3.57%,False,+16.7%,True,43.6M,True,NMS,False,
CIHHF,"China Merchants Bank Co., Ltd.",6.1,2026-08-05T22:49:22.123416+00:00,False,+8.0%,True,$153841.1M,,N/A,False,5.8K,True,$6.10 / SMA $5.85,False,0.01%,False,+5.8%,False,15365.9M,False,PNK,False,
CIMN,CIMN,24.99,2026-08-05T22:56:00.949744+00:00,False,+2.5%,,N/A,,N/A,False,7.4K,True,$24.99 / SMA $24.76,False,0.30%,,N/A,,N/A,True,NYQ,False,
CITAF,"COSCO SHIPPING Development Co., Ltd.",0.1154,2026-08-05T22:52:11.014918+00:00,False,+4.9%,True,$1518.2M,,N/A,False,1.0K,True,$0.12 / SMA $0.11,False,0.10%,False,+-22.8%,False,6793.0M,False,PNK,False,
CIVB,"Civista Bancshares, Inc.",28.84,2026-08-05T22:57:56.305601+00:00,False,+51.7%,True,$599.7M,False,+-2.8%,False,118.7K,True,$28.84 / SMA $27.44,False,2.65%,,N/A,True,20.3M,True,NCM,False,
CKHGY,Capitec Limited,149.0,2026-08-05T22:49:40.921055+00:00,False,+57.4%,True,$34515.2M,,N/A,False,2.2K,True,$149.00 / SMA $140.66,False,1.15%,,N/A,False,174.5M,False,PNK,False,
CLDHF,CapitaLand China Trust,0.49,2026-08-05T22:56:08.494072+00:00,False,+0.0%,True,$861.0M,,N/A,False,0.1K,False,$0.49 / SMA $0.49,False,0.00%,,N/A,,N/A,False,PNK,False,
CLDX,"Celldex Therapeutics, Inc.",41.06,2026-08-05T22:54:04.235250+00:00,True,+108.2%,True,$3222.9M,False,+-45.7%,True,1017.7K,True,$41.06 / SMA $34.62,True,4.40%,False,+-97.8%,True,72.5M,True,NCM,False,
CLPBY,Coloplast A/S,6.66,2026-08-05T22:49:59.644297+00:00,False,+18.1%,True,$15009.4M,False,+-193.1%,False,454.9K,True,$6.66 / SMA $6.14,False,1.91%,False,+0.8%,False,1445.7M,False,PNK,False,
CLS,CLS,362.76,2026-08-05T22:49:35.184690+00:00,True,+109.4%,True,$41710.9M,True,+74.2%,True,2277.7K,True,$362.76 / SMA $360.66,True,7.71%,True,+62.4%,True,113.8M,True,NYQ,True,
CLYM,"Climb Bio, Inc.",12.47,2026-08-05T22:57:50.657268+00:00,True,+709.7%,True,$714.1M,True,+35.5%,True,1219.3K,True,$12.47 / SMA $12.23,True,7.80%,,N/A,True,41.4M,True,NGM,True,
CMC,CMC,75.67,2026-08-05T22:50:17.254917+00:00,False,+46.9%,,N/A,True,+112.3%,True,1226.5K,True,$75.67 / SMA $70.06,True,3.07%,False,+22.9%,True,109.5M,True,NYQ,False,
CMI,Cummins Inc.,650.25,2026-08-05T22:49:25.796791+00:00,True,+74.8%,True,$89727.4M,False,+4.7%,True,1033.2K,False,$650.25 / SMA $668.47,True,3.78%,False,+9.4%,True,137.4M,True,NYQ,False,
CMII,Columbus Circle Capital Corp II,10.03,2026-08-05T22:59:49.083926+00:00,False,+2.8%,True,$314.3M,,N/A,False,146.7K,True,$10.03 / SMA $10.03,False,0.22%,,N/A,True,21.6M,True,NGM,False,
CMOPF,Cosmo N.V.,73.0,2026-08-05T22:54:15.226327+00:00,False,+-1.4%,True,$1254.9M,,N/A,False,0.3K,False,$73.00 / SMA $84.46,False,0.84%,,N/A,True,9.7M,False,PNK,False,
CMP,CMP,30.03,2026-08-05T22:55:56.814213+00:00,True,+83.1%,,N/A,True,+139.0%,True,584.3K,False,$30.03 / SMA $30.22,True,3.49%,False,+-8.4%,True,39.3M,True,NYQ,False,
CMPR,Cimpress plc,100.71,2026-08-05T22:54:03.427520+00:00,True,+85.7%,True,$2440.4M,,N/A,False,217.1K,True,$100.71 / SMA $96.35,True,4.53%,,N/A,True,13.9M,True,NMS,False,
CMXHF,CSL Limited,90.28,2026-08-05T22:49:39.485109+00:00,False,+41.4%,True,$43236.2M,,N/A,False,2.9K,True,$90.28 / SMA $78.66,False,0.28%,,N/A,False,481.8M,False,OQX,False,
CNGKY,CK Asset Holdings Limited,12.59,2026-08-05T22:49:47.615192+00:00,False,+42.3%,True,$22031.1M,,N/A,False,4.1K,True,$12.59 / SMA $11.96,False,2.68%,,N/A,False,946.9M,False,PNK,False,
CNH,CNH Industrial N.V.,10.79,2026-08-05T22:50:03.127812+00:00,False,+19.9%,True,$13379.1M,False,+-90.0%,True,12263.1K,True,$10.79 / SMA $10.62,True,3.94%,False,+-0.1%,False,1233.3M,True,NYQ,False,
CNK,CNK,37.77,2026-08-05T22:53:55.792528+00:00,True,+74.9%,True,$4378.0M,,N/A,True,2401.6K,True,$37.77 / SMA $32.02,True,3.76%,False,+15.5%,True,102.0M,True,NYQ,False,
CNMD,CONMED Corporation,49.3,2026-08-05T22:56:00.674979+00:00,False,+56.8%,True,$1476.6M,False,+11.6%,True,634.3K,True,$49.30 / SMA $38.22,True,5.57%,False,+0.3%,True,29.7M,True,NYQ,False,
COCO,"The Vita Coco Company, Inc.",64.84,2026-08-05T22:52:09.870719+00:00,True,+104.0%,True,$3751.9M,True,+115.8%,True,1178.5K,False,$64.84 / SMA $73.64,True,5.18%,True,+28.1%,True,49.9M,True,NMS,False,
COIHY,Croda International Plc,22.09,2026-08-05T22:52:01.247710+00:00,False,+35.9%,True,$6156.7M,,N/A,False,6.5K,True,$22.09 / SMA $20.22,False,0.87%,,N/A,False,255.5M,False,PNK,False,
CORT,Corcept Therapeutics Incorporated,110.69,2026-08-05T22:51:55.892303+00:00,True,+286.2%,True,$11965.4M,False,+24.1%,True,1190.5K,True,$110.69 / SMA $86.83,True,5.31%,True,+31.7%,True,90.7M,True,NCM,False,
COVCF,COVER Corporation,9.55,2026-08-05T22:57:45.544410+00:00,False,+30.8%,True,$609.0M,,N/A,False,0.2K,True,$9.55 / SMA $9.52,False,0.00%,,N/A,True,37.1M,False,PNK,False,
CPYYF,Centrica plc,2.13,2026-08-05T22:50:04.405178+00:00,False,+6.5%,True,$9646.8M,,N/A,False,8.4K,False,$2.13 / SMA $2.35,False,0.00%,,N/A,False,4230.6M,False,PNK,False,
CRAN,Crane Harbor Acquisition Corp. II,10.14,2026-08-05T22:59:40.003783+00:00,False,+2.6%,True,$475.6M,,N/A,False,56.7K,True,$10.14 / SMA $10.12,False,0.16%,,N/A,True,29.3M,True,NGM,False,
CRARF,Crédit Agricole S.A.,21.56,2026-08-05T22:49:29.996412+00:00,False,+19.1%,True,$65229.5M,False,+5.4%,False,0.5K,True,$21.56 / SMA $19.84,False,0.02%,,N/A,False,906.1M,False,PNK,False,
CRD.A,CRD.A,,2026-08-05T22:57:57.813340+00:00,False,N/A,False,N/A,False,N/A,False,N/A,False,N/A,False,N/A,False,N/A,False,N/A,False,Unknown,False,No price data available
CRERF,Carrefour SA,17.86,2026-08-05T22:49:59.310921+00:00,False,+29.0%,True,$12613.3M,,N/A,False,0.6K,False,$17.86 / SMA $18.55,False,0.14%,,N/A,False,588.4M,False,PNK,False,
CRHKY,China Resources Beer (Holdings) Company Limited,5.8,2026-08-05T22:50:08.359445+00:00,False,+10.5%,True,$9407.6M,,N/A,False,180.8K,False,$5.80 / SMA $5.92,False,2.67%,,N/A,False,779.8M,False,PNK,False,
CRK,CRK,12.96,2026-08-05T22:52:12.205770+00:00,False,+6.9%,True,$3805.3M,False,+-93.2%,True,2823.7K,False,$12.96 / SMA $13.42,True,4.43%,False,+-25.2%,True,63.5M,True,NYQ,False,
CRLFF,Cardinal Energy Ltd.,7.66,2026-08-05T22:55:48.990943+00:00,False,+50.9%,True,$1346.2M,True,+280.0%,False,372.9K,False,$7.66 / SMA $7.91,False,1.96%,True,+81.3%,True,136.6M,False,PNK,False,
CRM,CRM,192.98,2026-08-05T22:49:21.727862+00:00,False,+31.9%,,N/A,True,+52.2%,True,15110.6K,True,$192.98 / SMA $171.58,True,4.17%,False,+13.3%,False,793.7M,True,NYQ,False,
CRNC,Cerence Inc.,9.22,2026-08-05T22:57:58.377695+00:00,False,+57.6%,True,$416.6M,False,+-91.3%,True,1005.6K,False,$9.22 / SMA $10.26,True,6.62%,False,+-17.7%,True,43.8M,True,NMS,False,
CRNCY,Capricorn Energy PLC,10.03,2026-08-05T22:59:49.961863+00:00,True,+113.4%,True,$344.4M,,N/A,False,0.0K,True,$10.03 / SMA $9.02,False,0.01%,,N/A,True,19.8M,False,PNK,False,
CRPAY,CRPAY,12.33,2026-08-05T22:50:13.296328+00:00,False,+2.8%,True,$8003.4M,,N/A,False,0.1K,False,$12.33 / SMA $13.06,False,0.16%,,N/A,True,57.1M,False,PNK,False,
CRUS,"Cirrus Logic, Inc.",129.42,2026-08-05T22:50:14.102817+00:00,False,+40.6%,True,$6529.6M,False,+19.1%,True,628.8K,False,$129.42 / SMA $151.41,True,3.41%,False,+5.7%,True,50.1M,True,NMS,False,
CRVS,"Corvus Pharmaceuticals, Inc.",13.93,2026-08-05T22:56:02.998874+00:00,True,+243.9%,True,$1171.4M,False,+-15.4%,True,1438.9K,True,$13.93 / SMA $13.33,True,5.19%,,N/A,True,72.8M,True,NGM,False,
CSHR,CoinShares PLC,4.9,2026-08-05T22:57:47.547512+00:00,False,+39.6%,True,$645.7M,,N/A,False,266.3K,True,$4.90 / SMA $4.27,True,6.94%,,N/A,True,19.4M,True,NMS,False,
CSL,Carlisle Companies Incorporated,385.32,2026-08-05T22:50:00.963248+00:00,False,+31.3%,True,$15302.6M,False,+7.1%,False,472.7K,True,$385.32 / SMA $350.10,True,3.71%,False,+8.3%,True,39.1M,True,NYQ,False,
CSPKF,COSCO SHIPPING Ports Limited,0.6992,2026-08-05T22:54:00.386792+00:00,False,+7.9%,True,$2808.5M,,N/A,False,0.0K,True,$0.70 / SMA $0.69,False,0.00%,,N/A,False,1138.4M,False,PNK,False,
CSR,Centerspace,56.9,2026-08-05T22:55:59.891910+00:00,False,+7.7%,True,$1008.4M,True,+92.0%,False,156.3K,False,$56.90 / SMA $57.28,False,2.77%,False,+-4.0%,True,15.4M,True,NYQ,False,
CTVA,"Corteva, Inc.",78.67,2026-08-05T22:49:31.797949+00:00,False,+30.0%,True,$52488.3M,False,+-9.9%,True,4137.4K,False,$78.67 / SMA $81.90,False,2.66%,,N/A,False,665.2M,True,NYQ,False,
CUBE,CUBE,41.95,2026-08-05T22:50:12.807056+00:00,False,+19.5%,True,$9548.2M,False,+-7.7%,True,2132.6K,True,$41.95 / SMA $40.60,False,2.13%,False,+3.3%,False,211.2M,True,NYQ,False,
CURB,Curbline Properties Corp.,30.06,2026-08-05T22:53:57.072344+00:00,False,+38.2%,True,$3458.0M,False,+-39.2%,True,1195.6K,False,$30.06 / SMA $30.28,False,2.30%,True,+52.9%,True,105.8M,True,NYQ,False,
CVCCF,CVC Capital Partners plc,16.43,2026-08-05T22:49:54.875991+00:00,False,+31.4%,True,$17945.8M,,N/A,False,0.2K,True,$16.43 / SMA $14.95,False,0.00%,,N/A,False,935.8M,False,PNK,False,
CVGW,Calavo Growers Inc,26.09,2026-08-05T22:57:59.741843+00:00,False,+41.8%,True,$466.3M,,N/A,False,299.7K,False,$26.09 / SMA_short $26.09,,N/A,,N/A,True,15.2M,True,NMS,False,
CWH,"Camping World Holdings, Inc.",6.49,2026-08-05T22:56:12.051401+00:00,False,+18.3%,True,$670.4M,False,+-12.5%,True,2460.8K,False,$6.49 / SMA $6.90,True,6.49%,False,+-2.1%,True,55.0M,True,NYQ,False,
CXDO,"Crexendo, Inc.",6.625,2026-08-05T22:59:48.703814+00:00,False,+26.0%,False,$214.8M,False,+-50.0%,True,645.8K,False,$6.62 / SMA $7.74,True,6.09%,True,+29.0%,True,20.9M,True,NCM,False,
CXIIU,Churchill Capital Corp XII,10.86,2026-08-05T22:59:43.527120+00:00,False,+7.7%,,N/A,,N/A,False,39.1K,True,$10.86 / SMA $10.58,False,1.23%,,N/A,True,41.8M,True,NGM,False,
CYAGF,"CyberAgent, Inc.",8.8399,2026-08-05T22:52:09.948539+00:00,False,+22.0%,True,$4482.7M,,N/A,False,0.0K,False,$8.84 / SMA $8.85,False,0.00%,,N/A,False,409.1M,False,PNK,False,
CYGIY,"CyberAgent, Inc.",4.3,2026-08-05T22:52:09.180013+00:00,False,+14.7%,True,$4361.1M,,N/A,False,0.0K,True,$4.30 / SMA $4.28,False,0.75%,,N/A,False,818.2M,False,PNK,False,
CYRBY,Cyrela Brazil Realty S.A. Empreendimentos e Participações,4.25,2026-08-05T22:54:12.551968+00:00,False,+13.6%,True,$1557.0M,False,+-23.5%,False,10.4K,False,$4.25 / SMA $4.42,True,5.58%,False,+3.7%,False,266.4M,False,PNK,False,
CYRX,"Cryoport, Inc.",15.25,2026-08-05T22:57:46.948800+00:00,True,+103.1%,True,$768.6M,False,+10.7%,True,813.3K,False,$15.25 / SMA $15.46,True,4.63%,False,+16.5%,True,43.8M,True,NCM,False,
CZMWY,Carl Zeiss Meditec AG,35.22,2026-08-05T22:54:00.560687+00:00,False,+32.2%,True,$3083.0M,False,+-133.3%,False,3.5K,True,$35.22 / SMA $31.76,False,1.29%,False,+-4.8%,True,34.7M,False,PNK,False,
D,"Dominion Energy, Inc.",68.27,2026-08-05T22:49:29.879238+00:00,False,+22.2%,True,$60045.2M,False,+-58.0%,True,6903.5K,False,$68.27 / SMA $68.75,False,1.74%,False,+17.6%,False,877.8M,True,NYQ,False,
DAN,DAN,28.02,2026-08-05T22:52:15.745283+00:00,False,+69.0%,,N/A,True,+5717.6%,True,1531.9K,False,$28.02 / SMA $29.57,True,3.70%,False,+4.9%,True,106.5M,True,NYQ,False,
DAR,DAR,57.8,2026-08-05T22:50:11.969702+00:00,True,+98.3%,,N/A,True,+2912.5%,True,2329.2K,False,$57.80 / SMA $58.69,True,3.26%,,N/A,False,156.7M,True,NYQ,False,
DASTY,Dassault Systèmes SE,24.72,2026-08-05T22:49:40.638143+00:00,False,+30.2%,True,$32482.0M,,N/A,False,211.6K,True,$24.72 / SMA $21.61,False,2.26%,False,+2.1%,False,669.3M,False,PNK,False,
DBCA,D. Boral Acquisition I Corp.,9.99,2026-08-05T22:58:02.649559+00:00,False,+1.6%,True,$555.4M,,N/A,False,61.4K,True,$9.99 / SMA $9.98,False,0.12%,,N/A,True,28.7M,True,NGM,False,
DBI,Designer Brands Inc.,6.67,2026-08-05T22:59:41.136643+00:00,True,+140.8%,True,$338.7M,True,+105.6%,True,646.5K,True,$6.67 / SMA $6.45,True,5.57%,False,+1.4%,True,28.8M,True,NYQ,False,
DBSDF,DBS Group Holdings Ltd,59.62,2026-08-05T22:49:22.323392+00:00,False,+63.1%,True,$169180.0M,,N/A,False,5.0K,True,$59.62 / SMA $53.12,True,3.01%,False,+8.0%,False,2039.1M,False,PNK,False,
DC,Dakota Gold Corp.,5.36,2026-08-05T22:57:47.018536+00:00,False,+43.3%,True,$717.9M,False,+-75.0%,True,1490.9K,True,$5.36 / SMA $4.76,True,4.64%,,N/A,True,119.0M,True,ASE,False,
DCBO,Docebo Inc.,20.36,2026-08-05T22:57:57.810785+00:00,False,+41.5%,True,$516.8M,False,+-220.0%,False,125.8K,True,$20.36 / SMA $18.57,True,4.75%,False,+14.5%,True,9.0M,True,NMS,False,
DCI,DCI,97.25,2026-08-05T22:50:10.679628+00:00,False,+35.9%,,N/A,True,+108.3%,True,768.9K,True,$97.25 / SMA $88.39,False,2.40%,False,+5.9%,True,115.1M,True,NYQ,False,
DCO,DCO,191.72,2026-08-05T22:54:07.120761+00:00,True,+126.2%,,N/A,True,+611.1%,False,280.0K,True,$191.72 / SMA $168.68,True,4.19%,False,+8.6%,True,14.5M,True,NYQ,False,
DD,DD,147.37,2026-08-05T22:49:51.365201+00:00,False,+68.9%,,N/A,True,+150.0%,True,1456.5K,True,$147.37 / SMA $139.93,False,2.85%,False,+4.0%,True,136.1M,True,NYQ,False,
DDD,3D Systems Corporation,3.57,2026-08-05T22:58:00.477665+00:00,True,+115.1%,True,$583.1M,True,+89.3%,True,4510.6K,True,$3.57 / SMA $3.04,True,7.32%,False,+1.1%,False,159.7M,True,NYQ,False,
DDOG,"Datadog, Inc.",283.17,2026-08-05T22:49:27.276033+00:00,True,+188.9%,True,$100797.3M,True,+114.3%,True,5606.6K,True,$283.17 / SMA $248.72,True,5.17%,True,+32.2%,False,328.9M,True,NMS,False,
DEA,"Easterly Government Properties, Inc.",25.04,2026-08-05T22:56:01.307206+00:00,False,+21.8%,True,$1205.3M,False,+-71.4%,False,402.1K,True,$25.04 / SMA $24.54,False,1.98%,False,+16.4%,True,44.6M,True,NYQ,False,
DELHY,Delivery Hero SE,4.26,2026-08-05T22:50:04.996377+00:00,True,+153.6%,True,$12939.7M,,N/A,False,162.2K,True,$4.26 / SMA $4.25,False,2.07%,,N/A,False,2035.2M,False,PNK,False,
DEUZF,DEUTZ Aktiengesellschaft,12.05,2026-08-05T22:54:14.799503+00:00,False,+36.1%,True,$1839.3M,,N/A,False,0.2K,True,$12.05 / SMA $11.39,False,0.10%,False,+4.4%,True,147.7M,False,PNK,False,
DFDDF,DFDS A/S,20.6375,2026-08-05T22:55:57.269511+00:00,False,+45.6%,True,$1114.8M,,N/A,False,0.0K,True,$20.64 / SMA $19.94,False,0.00%,False,+2.2%,True,32.0M,False,PNK,False,
DFH,"Dream Finders Homes, Inc.",14.82,2026-08-05T22:55:55.887714+00:00,False,+21.5%,True,$1344.5M,False,+-51.8%,True,743.8K,False,$14.82 / SMA $15.36,True,6.34%,False,+-7.6%,True,27.2M,True,NYQ,False,
DFKCY,"Daifuku Co., Ltd.",19.66,2026-08-05T22:49:54.706248+00:00,True,+75.2%,True,$14458.4M,,N/A,False,51.7K,False,$19.66 / SMA $20.81,True,3.85%,,N/A,False,683.5M,False,PNK,False,
DGIPF,DigiPlus Interactive Corp.,0.175,2026-08-05T22:56:02.040740+00:00,False,+28.4%,,N/A,,N/A,False,20.2K,False,$0.17 / SMA $0.18,True,9.62%,,N/A,,N/A,False,PNK,False,
DGX,Quest Diagnostics Incorporated,235.84,2026-08-05T22:49:49.680535+00:00,False,+37.8%,True,$26030.5M,False,+15.0%,True,942.2K,True,$235.84 / SMA $208.82,False,2.72%,False,+10.2%,True,109.8M,True,NYQ,False,
DHR,Danaher Corporation,199.66,2026-08-05T22:49:23.139425+00:00,False,+24.1%,True,$140358.2M,True,+59.7%,True,5232.1K,True,$199.66 / SMA $189.02,True,3.18%,False,+5.5%,False,625.8M,True,NYQ,False,
DINO,HF Sinclair Corporation,82.98,2026-08-05T22:50:03.081052+00:00,True,+93.8%,True,$14752.5M,True,+348.2%,True,2532.3K,True,$82.98 / SMA $76.89,True,4.01%,,N/A,False,165.6M,True,NYQ,False,
DJT,Trump Media & Technology Group Corp.,9.96,2026-08-05T22:54:07.026137+00:00,False,+43.1%,True,$2758.5M,False,+-950.0%,True,4767.9K,True,$9.96 / SMA $8.75,True,6.67%,False,+6.1%,False,159.6M,True,NGM,False,
DKILF,"Daikin Industries,Ltd.",141.5,2026-08-05T22:49:34.441996+00:00,False,+30.1%,True,$39384.6M,,N/A,False,36.0K,False,$141.50 / SMA $147.86,True,9.22%,,N/A,False,278.3M,False,PNK,False,
DKNG,DraftKings Inc.,21.76,2026-08-05T22:50:03.217796+00:00,False,+6.4%,True,$10795.8M,True,+142.9%,True,12538.7K,False,$21.76 / SMA $25.36,True,4.04%,False,+16.8%,False,481.3M,True,NMS,False,
DKS,"DICK'S Sporting Goods, Inc.",200.32,2026-08-05T22:49:50.519101+00:00,False,+7.3%,True,$17929.1M,False,+9.3%,True,1223.0K,False,$200.32 / SMA $218.52,True,3.28%,True,+62.7%,True,61.0M,True,NYQ,False,
DLMAF,Dollarama Inc.,137.4,2026-08-05T22:49:38.353926+00:00,False,+22.2%,True,$37205.1M,False,+13.3%,False,22.9K,True,$137.40 / SMA $132.23,False,0.21%,False,+21.4%,False,266.7M,False,PNK,False,
DLR,"Digital Realty Trust, Inc.",194.93,2026-08-05T22:49:28.867952+00:00,False,+33.3%,True,$73357.8M,False,+-58.8%,True,2976.6K,True,$194.93 / SMA $184.91,True,3.12%,,N/A,False,347.6M,True,NYQ,False,
DLX,Deluxe Corporation,26.62,2026-08-05T22:56:02.093888+00:00,False,+67.7%,True,$1218.8M,True,+148.4%,False,462.5K,True,$26.62 / SMA $24.55,False,2.79%,False,+0.3%,True,44.3M,True,NYQ,False,
DMII,Drugs Made In America Acquisition II Corp.,10.11,2026-08-05T22:57:50.296308+00:00,False,+2.5%,True,$644.0M,True,+7618.8%,False,91.5K,True,$10.11 / SMA $10.09,False,0.15%,,N/A,True,50.3M,True,NGM,False,
DNBBF,DNB Bank ASA,33.728,2026-08-05T22:49:33.316599+00:00,False,+32.2%,True,$48213.4M,False,+-7.7%,False,3.3K,True,$33.73 / SMA $31.44,False,2.03%,False,+-0.5%,False,705.1M,False,PNK,False,
DNOPY,Dino Polska S.A.,8.51,2026-08-05T22:50:14.741144+00:00,False,+18.8%,True,$8343.2M,False,+0.0%,False,97.3K,True,$8.51 / SMA $7.97,True,3.39%,False,+14.8%,False,478.1M,False,PNK,False,
DNP,DNP Select Income Fund Inc.,10.69,2026-08-05T22:52:12.750789+00:00,False,+10.3%,True,$4028.2M,,N/A,True,661.5K,False,$10.69 / SMA $10.75,False,1.05%,,N/A,,N/A,True,NYQ,False,
DNTH,"Dianthus Therapeutics, Inc.",112.5,2026-08-05T22:52:06.869754+00:00,True,+522.2%,True,$6150.0M,False,+-3.7%,True,1034.2K,True,$112.50 / SMA $93.94,True,5.89%,False,+-60.2%,True,54.6M,True,NCM,False,
DNTUY,Dentsu Group Inc.,20.85,2026-08-05T22:52:05.387502+00:00,False,+27.3%,True,$5412.4M,,N/A,False,1.0K,True,$20.85 / SMA $19.86,False,0.00%,,N/A,False,190.0M,False,PNK,False,
DOC,DOC,21.79,2026-08-05T22:50:00.171034+00:00,False,+38.8%,,N/A,True,+60.0%,True,8192.0K,True,$21.79 / SMA $21.00,False,2.09%,,N/A,False,686.6M,True,NYQ,False,
DOCS,"Doximity, Inc.",21.63,2026-08-05T22:52:16.194184+00:00,False,+26.1%,True,$3888.1M,False,+-67.7%,True,4098.8K,True,$21.63 / SMA $21.12,True,3.79%,False,+5.1%,True,127.4M,True,NYQ,False,
DOLE,Dole plc,13.77,2026-08-05T22:55:54.880681+00:00,False,+10.0%,True,$1310.3M,False,+-19.5%,True,1156.4K,False,$13.77 / SMA $14.09,False,2.10%,False,+11.6%,True,76.4M,True,NYQ,False,
DPSTF,Deutsche Post AG,65.14,2026-08-05T22:49:29.024516+00:00,False,+50.4%,True,$72907.5M,,N/A,False,2.8K,True,$65.14 / SMA $62.08,False,0.14%,False,+-10.1%,False,915.3M,False,OID,False,
DQJCF,Pan Pacific International Holdings Corporation,5.395,2026-08-05T22:49:54.854300+00:00,False,+18.6%,True,$16128.2M,,N/A,False,2.2K,True,$5.39 / SMA $2.57,False,1.51%,,N/A,,N/A,False,PNK,False,
DRTS,Alpha Tau Medical Ltd.,13.26,2026-08-05T22:56:08.100238+00:00,True,+342.0%,True,$1197.7M,False,+-116.7%,True,914.1K,True,$13.26 / SMA $11.35,True,7.06%,,N/A,True,62.0M,True,NCM,False,
DRXGF,Drax Group plc,9.7755,2026-08-05T22:52:16.922561+00:00,False,+30.3%,True,$3290.3M,,N/A,False,0.1K,False,$9.78 / SMA $10.02,False,0.00%,,N/A,False,333.4M,False,PNK,False,
DSL,DoubleLine Income Solutions Fund,10.67,2026-08-05T22:55:57.707978+00:00,False,+1.7%,True,$1222.5M,,N/A,True,519.2K,False,$10.67 / SMA $10.74,False,0.88%,,N/A,,N/A,True,NYQ,False,
DSU,"BlackRock Debt Strategies Fund, Inc.",9.43,2026-08-05T22:57:55.554211+00:00,False,+1.3%,True,$593.4M,,N/A,False,335.1K,False,$9.43 / SMA $9.54,False,0.77%,,N/A,,N/A,True,NYQ,False,
DTEGY,Deutsche Telekom AG,31.82,2026-08-05T22:49:21.373701+00:00,False,+18.3%,True,$155269.3M,False,+-27.6%,True,703.4K,True,$31.82 / SMA $31.05,False,1.36%,False,+0.4%,False,4135.8M,False,OQX,False,
DTTLF,Datatec Limited,5.58,2026-08-05T22:55:58.526631+00:00,False,+61.7%,True,$1354.0M,,N/A,False,0.0K,True,$5.58 / SMA $3.89,False,0.00%,,N/A,False,167.2M,False,OQX,False,
DUAVF,Dassault Aviation société anonyme,340.25,2026-08-05T22:49:43.948075+00:00,False,+13.5%,True,$26215.4M,,N/A,False,0.2K,True,$340.25 / SMA $338.57,False,2.46%,,N/A,True,16.6M,False,PNK,False,
DVCMY,Davide Campari-Milano N.V.,6.74,2026-08-05T22:50:17.664474+00:00,False,+12.3%,True,$8083.7M,,N/A,False,89.4K,True,$6.74 / SMA $6.34,False,2.69%,,N/A,False,573.7M,False,PNK,False,
DWHHF,Deutsche Wohnen SE,24.38,2026-08-05T22:50:11.381449+00:00,False,+2.4%,True,$9677.3M,,N/A,False,0.0K,True,$24.38 / SMA $23.82,False,0.00%,,N/A,True,30.3M,False,PNK,False,
DXC,DXC Technology Company,11.12,2026-08-05T22:55:50.016334+00:00,False,+40.8%,True,$1776.7M,True,+711.1%,True,5740.8K,True,$11.12 / SMA $9.53,True,5.34%,,N/A,True,139.1M,True,NYQ,False,
EBAY,eBay Inc.,111.15,2026-08-05T22:49:32.203671+00:00,False,+42.4%,True,$49350.6M,False,+5.7%,True,4235.5K,True,$111.15 / SMA $111.13,False,2.86%,False,+19.5%,False,398.8M,True,NMS,False,
EBKDY,Erste Group Bank AG,69.98,2026-08-05T22:49:33.973590+00:00,False,+49.4%,True,$54367.6M,False,+18.9%,False,50.0K,True,$69.98 / SMA $64.15,False,1.53%,True,+40.5%,False,673.2M,False,PNK,False,
ECO,Okeanis Eco Tankers Corp.,60.62,2026-08-05T22:54:09.083718+00:00,True,+154.5%,True,$2366.9M,True,+492.3%,False,463.5K,True,$60.62 / SMA $53.44,True,3.74%,True,+112.3%,True,9.9M,True,NYQ,False,
ECRAF,Ecora Royalties PLC,1.96,2026-08-05T22:57:59.322533+00:00,True,+125.3%,True,$488.9M,,N/A,False,56.9K,True,$1.96 / SMA $1.81,True,5.07%,,N/A,False,194.8M,False,OQX,False,
EEX,EEX,5.039999961853027,2026-08-05T22:56:04.952856+00:00,,N/A,,N/A,,N/A,False,0.0K,True,$5.04 / SMA_short $5.04,,N/A,,N/A,,N/A,,Unknown,False,
EH,EHang Holdings Limited,5.35,2026-08-05T22:57:44.923792+00:00,False,+9.5%,True,$405.8M,False,+-53.7%,True,1118.1K,False,$5.35 / SMA $6.64,True,5.69%,False,+-1.7%,True,54.3M,True,NGM,False,
ELMT,The Elmet Group Co.,15.805,2026-08-05T22:58:04.339832+00:00,False,+26.5%,True,$473.8M,,N/A,True,613.0K,False,$15.80 / SMA $16.89,True,7.30%,,N/A,True,9.6M,True,NCM,False,
ELMTY,Elementis plc,7.46,2026-08-05T22:55:59.695889+00:00,False,+2.1%,True,$1061.0M,,N/A,False,0.0K,False,$7.46 / SMA $7.46,False,0.00%,,N/A,True,141.0M,False,PNK,False,
ELTP,"Elite Pharmaceuticals, Inc.",0.3609,2026-08-05T22:58:08.149578+00:00,False,+9.4%,True,$388.7M,,N/A,True,575.8K,False,$0.36 / SMA $0.37,True,5.26%,True,+27.4%,False,836.0M,False,OQB,False,
ELV,"Elevance Health, Inc.",391.24,2026-08-05T22:49:26.155585+00:00,False,+42.9%,True,$84847.9M,False,+-13.1%,True,1672.8K,False,$391.24 / SMA $395.69,True,3.34%,False,+1.4%,False,216.4M,True,NYQ,False,
EMBJ,EMBJ,72.78,2026-08-05T22:50:08.483547+00:00,False,+35.9%,True,$12951.8M,False,+-25.3%,True,1420.6K,True,$72.78 / SMA $62.62,False,2.54%,False,+-37.4%,False,168.0M,True,NYQ,False,
EME,"EMCOR Group, Inc.",822.16,2026-08-05T22:49:37.042432+00:00,False,+45.5%,True,$36265.4M,True,+34.8%,False,444.2K,True,$822.16 / SMA $800.56,True,3.68%,False,+19.8%,True,43.6M,True,NYQ,False,
EMO,EMO,50.29,2026-08-05T22:55:57.229772+00:00,False,+21.1%,,N/A,,N/A,False,47.9K,True,$50.29 / SMA $50.17,False,1.97%,,N/A,,N/A,True,NYQ,False,
ENGQF,Engie SA,31.712,2026-08-05T22:49:26.761192+00:00,False,+60.4%,True,$80577.8M,,N/A,False,27.6K,True,$31.71 / SMA $30.95,True,3.64%,,N/A,False,1243.2M,False,PNK,False,
ENIC,Enel Chile S.A.,4.49,2026-08-05T22:52:00.365269+00:00,False,+38.6%,True,$6211.2M,True,+53.4%,True,586.6K,True,$4.49 / SMA $4.40,False,2.76%,False,+-11.3%,False,484.1M,True,NYQ,False,
ENLT,Enlight Renewable Energy Ltd,82.39,2026-08-05T22:50:02.293173+00:00,True,+255.3%,True,$11518.7M,False,+-78.7%,False,241.0K,False,$82.39 / SMA $90.30,True,3.90%,True,+42.6%,True,133.4M,True,NMS,False,
ENPSF,Enplas Corporation,75.28,2026-08-05T22:56:12.551512+00:00,True,+153.4%,True,$679.9M,,N/A,False,0.1K,False,$75.28 / SMA $80.30,False,0.01%,,N/A,True,6.7M,False,PNK,False,
ENS,EnerSys,189.87,2026-08-05T22:50:14.930533+00:00,True,+109.8%,True,$6921.9M,False,+-14.9%,True,527.3K,False,$189.87 / SMA $212.87,True,3.75%,False,+1.3%,True,36.4M,True,NYQ,False,
ENVA,"Enova International, Inc.",263.02,2026-08-05T22:52:13.550278+00:00,True,+156.8%,True,$6548.8M,True,+39.9%,False,344.8K,True,$263.02 / SMA $214.04,True,3.85%,False,+21.6%,True,23.8M,True,NYQ,False,
ENVX,Enovix Corporation,4.29,2026-08-05T22:55:53.530482+00:00,False,+16.9%,True,$935.9M,False,+-50.0%,True,6927.7K,False,$4.29 / SMA $5.87,True,7.02%,True,+49.1%,False,188.4M,True,NMS,False,
EOG,"EOG Resources, Inc.",134.23,2026-08-05T22:49:27.603135+00:00,False,+32.1%,True,$71494.7M,True,+109.3%,True,3558.1K,False,$134.23 / SMA $136.64,False,2.57%,True,+58.6%,False,530.9M,True,NYQ,False,
EPMLF,Empire Metals Limited,0.4,2026-08-05T22:59:46.658918+00:00,False,+46.8%,,N/A,,N/A,False,14.5K,False,$0.40 / SMA_short $0.46,True,6.59%,,N/A,,N/A,False,PNK,False,
EQBK,"Equity Bancshares, Inc.",51.5,2026-08-05T22:56:06.027663+00:00,False,+41.8%,True,$1059.2M,True,+47.7%,False,128.5K,True,$51.50 / SMA $48.44,False,2.53%,,N/A,True,17.7M,True,NYQ,False,
ERAS,"Erasca, Inc.",18.62,2026-08-05T22:52:17.663644+00:00,True,+1300.0%,True,$6463.5M,False,+-445.5%,True,5121.8K,True,$18.62 / SMA $16.41,True,6.62%,,N/A,False,247.6M,True,NMS,False,
ERBKY,Eurobank S.A.,11.888,2026-08-05T22:49:57.204207+00:00,False,+33.1%,True,$42786.2M,False,+0.0%,False,1.6K,True,$11.89 / SMA_short $11.62,True,3.04%,False,+6.8%,False,1267.2M,False,PNK,False,
ERIE,Erie Indemnity Company,250.79,2026-08-05T22:50:08.419247+00:00,False,+22.6%,True,$13113.8M,False,+3.3%,False,241.7K,True,$250.79 / SMA $229.77,True,4.91%,False,+1.7%,True,25.1M,True,NMS,False,
ESE,ESE,327.63,2026-08-05T22:50:18.209732+00:00,True,+87.3%,,N/A,False,+11.7%,False,262.8K,True,$327.63 / SMA $321.95,True,3.37%,True,+33.5%,True,25.8M,True,NYQ,False,
ESLOF,EssilorLuxottica Société anonyme,196.0,2026-08-05T22:49:25.320100+00:00,False,+8.0%,True,$90080.0M,,N/A,False,4.6K,True,$196.00 / SMA $195.85,True,3.82%,,N/A,False,292.1M,False,PNK,False,
ESPR,Esperion Therapeutics Inc,3.18,2026-08-05T22:56:10.521987+00:00,True,+162.8%,True,$819.5M,True,+52.4%,True,14520.3K,False,$3.18 / SMA_short $3.18,,N/A,False,+23.2%,False,234.9M,True,NGM,False,
ET,Energy Transfer LP,20.34,2026-08-05T22:49:28.342268+00:00,False,+25.7%,True,$69993.2M,False,+-2.8%,True,9361.1K,True,$20.34 / SMA $19.60,False,1.54%,True,+32.1%,False,3090.4M,True,NYQ,False,
ETD,Ethan Allen Interiors Inc.,24.13,2026-08-05T22:57:57.717208+00:00,False,+32.0%,True,$614.0M,False,+-4.2%,True,585.2K,True,$24.13 / SMA $21.95,False,2.91%,,N/A,True,23.9M,True,NYQ,False,
ETN,ETN,447.28,2026-08-05T22:49:21.583650+00:00,False,+43.4%,,N/A,False,+-15.9%,True,2568.0K,True,$447.28 / SMA $406.99,True,3.97%,False,+21.4%,False,387.8M,True,NYQ,False,
EVAC.U,EVAC.U,,2026-08-05T22:57:53.146389+00:00,False,N/A,False,N/A,False,N/A,False,N/A,False,N/A,False,N/A,False,N/A,False,N/A,False,Unknown,False,No price data available
EVH,"Evolent Health, Inc.",3.08,2026-08-05T22:58:01.575363+00:00,False,+47.0%,True,$346.4M,True,+61.9%,True,2969.2K,False,$3.08 / SMA $4.71,True,8.67%,False,+2.6%,True,93.6M,True,NYQ,False,
EVOX,Evolution Global Acquisition Corp,10.07,2026-08-05T22:59:46.941487+00:00,False,+2.1%,True,$322.2M,,N/A,False,21.1K,True,$10.07 / SMA $10.04,False,0.04%,,N/A,True,21.2M,True,NGM,False,
EVTL,Vertical Aerospace Ltd.,1.3,2026-08-05T22:59:45.125805+00:00,False,+8.3%,False,$165.5M,,N/A,True,2644.5K,False,$1.30 / SMA $1.88,True,8.50%,,N/A,True,49.1M,True,NYQ,False,
EWIIF,EWIIF,3.1,2026-08-05T22:55:58.181525+00:00,False,+55.0%,,N/A,,N/A,False,6.7K,False,$3.10 / SMA_short $3.55,False,0.66%,,N/A,,N/A,False,PNK,False,
EXETF,Extendicare Inc.,24.21,2026-08-05T22:54:05.484385+00:00,True,+162.0%,True,$2295.6M,True,+139.8%,False,96.4K,False,$24.21 / SMA $24.93,True,6.38%,False,+24.2%,True,93.6M,False,PNK,False,
EXPE,"Expedia Group, Inc.",319.66,2026-08-05T22:49:44.596680+00:00,True,+76.0%,True,$38366.3M,True,+96.8%,True,1677.5K,True,$319.66 / SMA $256.33,True,4.11%,False,+14.7%,True,113.6M,True,NMS,False,
EZPW,"EZCORP, Inc.",29.78,2026-08-05T22:54:08.826383+00:00,True,+101.1%,True,$1832.5M,True,+84.8%,True,950.2K,False,$29.78 / SMA $31.99,True,5.55%,True,+45.9%,True,55.6M,True,NMS,False,
FANDY,FirstRand Limited,64.11,2026-08-05T22:49:41.344978+00:00,False,+57.1%,True,$35849.2M,,N/A,False,0.0K,True,$64.11 / SMA $58.23,False,0.00%,,N/A,False,555.5M,False,PNK,False,
FANUY,Fanuc Corporation,20.46,2026-08-05T22:49:33.391517+00:00,False,+50.4%,True,$38184.8M,,N/A,True,542.1K,False,$20.46 / SMA $22.18,True,3.19%,,N/A,False,1866.0M,False,PNK,False,
FBIZ,"First Business Financial Services, Inc.",71.85,2026-08-05T22:57:59.296071+00:00,False,+56.0%,True,$601.3M,True,+36.3%,False,52.5K,True,$71.85 / SMA $62.96,False,2.88%,False,+13.8%,True,7.8M,True,NMS,False,
FCELB,"FuelCell Energy, Inc.",491.5,2026-08-05T22:55:55.864437+00:00,False,+67.0%,,N/A,,N/A,False,0.2K,True,$491.50 / SMA $454.07,True,4.15%,False,+-4.9%,True,64.4M,False,PNK,False,
FCNCB,"First Citizens BancShares, Inc.",1865.07,2026-08-05T22:49:48.106155+00:00,False,+29.5%,True,$21243.9M,True,+31.1%,False,0.1K,True,$1865.07 / SMA $1821.54,False,1.65%,,N/A,True,8.2M,False,PNK,False,
FCPT,"Four Corners Property Trust, Inc.",25.27,2026-08-05T22:54:00.461328+00:00,False,+10.9%,True,$2773.4M,False,+-3.6%,True,833.4K,True,$25.27 / SMA $24.90,False,1.91%,False,+7.7%,True,71.8M,True,NYQ,False,
FDMDF,4DMedical Limited,3.15,2026-08-05T22:55:52.358433+00:00,True,+1838.5%,True,$1888.9M,,N/A,False,0.5K,True,$3.15 / SMA $2.65,False,0.39%,,N/A,False,442.7M,False,PNK,False,
FDMT,"4D Molecular Therapeutics, Inc.",10.28,2026-08-05T22:58:01.392098+00:00,True,+92.9%,True,$537.4M,False,+-17.4%,True,862.1K,False,$10.28 / SMA $10.57,True,6.81%,True,+21664.3%,True,39.0M,True,NMS,False,
FDP,Del Monte Corporation,29.22,2026-08-05T22:55:52.107084+00:00,False,+10.4%,True,$1390.2M,False,+-62.7%,True,511.6K,False,$29.22 / SMA_short $29.33,,N/A,,N/A,True,42.9M,True,NYQ,False,
FERG,Ferguson Enterprises Inc.,255.25,2026-08-05T22:49:34.772867+00:00,False,+22.9%,True,$49502.6M,False,+2.9%,True,1525.3K,True,$255.25 / SMA $232.00,False,2.68%,False,+-2.0%,False,193.5M,True,NYQ,False,
FFIC,Flushing Financial Corporation,15.47,2026-08-05T22:57:55.476052+00:00,False,+39.1%,True,$524.2M,,N/A,False,267.3K,False,$15.47 / SMA_short $15.49,,N/A,,N/A,True,32.3M,True,NMS,False,
FFIN,"First Financial Bankshares, Inc.",35.31,2026-08-05T22:52:07.557641+00:00,False,+25.6%,True,$5060.6M,False,+6.4%,True,916.5K,True,$35.31 / SMA $34.02,False,1.85%,False,+10.8%,True,137.8M,True,NMS,False,
FGROY,FirstGroup plc,2.29,2026-08-05T22:55:58.408292+00:00,False,+14.5%,True,$1211.5M,,N/A,False,0.2K,True,$2.29 / SMA $2.18,False,0.02%,,N/A,False,475.2M,False,PNK,False,
FHB,"First Hawaiian, Inc.",27.77,2026-08-05T22:52:19.237772+00:00,False,+22.6%,True,$3378.9M,False,+3.4%,True,2089.1K,False,$27.77 / SMA $28.44,False,2.32%,,N/A,True,120.7M,True,NMS,False,
FIGR,"Figure Technology Solutions, Inc.",28.73,2026-08-05T22:50:19.058846+00:00,False,+19.2%,True,$6352.2M,True,+4676.7%,True,3845.9K,False,$28.73 / SMA $29.77,True,7.28%,True,+109.3%,True,136.2M,True,NMS,False,
FIP,FTAI Infrastructure Inc.,3.41,2026-08-05T22:57:56.011973+00:00,False,+1.8%,True,$402.9M,False,+-248.3%,True,1059.4K,False,$3.41 / SMA $4.39,True,6.46%,True,+95.9%,True,108.4M,True,NMS,False,
FITBP,Fifth Third Bancorp,23.52,2026-08-05T22:49:34.098169+00:00,False,+2.0%,,N/A,,N/A,False,11.4K,True,$23.52 / SMA_short $22.92,,N/A,True,+45.3%,False,902.3M,True,NGM,False,
FIVN,"Five9, Inc.",29.6,2026-08-05T22:54:14.044104+00:00,True,+122.7%,True,$2266.3M,True,+2000.0%,True,3155.9K,True,$29.60 / SMA $23.68,True,6.28%,False,+9.2%,True,68.4M,True,NGM,False,
FLEX,Flex Ltd.,121.88,2026-08-05T22:49:33.375690+00:00,True,+154.8%,True,$45022.8M,True,+52.0%,True,7377.7K,False,$121.88 / SMA $138.50,True,6.49%,,N/A,False,366.4M,True,NMS,False,
FLGZY,Flughafen Zürich AG,12.23,2026-08-05T22:50:13.446123+00:00,False,+11.2%,True,$9385.9M,,N/A,False,0.3K,True,$12.23 / SMA $11.90,False,0.28%,,N/A,False,470.0M,False,PNK,False,
FLIDY,FLSmidth & Co. A/S,7.7,2026-08-05T22:52:08.209739+00:00,False,+26.9%,True,$4125.3M,True,+195.1%,False,0.1K,True,$7.70 / SMA $7.60,False,0.61%,False,+-11.6%,False,454.6M,False,PNK,False,
FLOC,FLOC,20.72,2026-08-05T22:54:04.011547+00:00,False,+47.7%,True,$2209.7M,False,+-4.2%,True,716.0K,False,$20.72 / SMA $21.66,True,4.02%,False,+8.9%,True,36.9M,True,NYQ,False,
FMBRF,FMBRF,,2026-08-05T22:59:50.242953+00:00,False,N/A,False,N/A,False,N/A,False,N/A,False,N/A,False,N/A,False,N/A,False,N/A,False,Unknown,False,No price data available
FMCCK,Federal Home Loan Mortgage Corporation,14.0,2026-08-05T22:52:11.179060+00:00,False,+17.7%,,N/A,,N/A,False,0.7K,False,$14.00 / SMA $14.61,False,1.32%,False,+2.4%,False,650.1M,False,OQB,False,
FMCCN,Federal Home Loan Mortgage Corporation,12.34,2026-08-05T22:52:11.193809+00:00,False,+15.3%,,N/A,,N/A,False,0.5K,True,$12.34 / SMA $12.05,False,0.89%,False,+2.4%,False,650.1M,False,OQB,False,
FMCCP,Federal Home Loan Mortgage Corporation,14.1,2026-08-05T22:52:11.492792+00:00,False,+0.0%,,N/A,,N/A,False,0.4K,False,$14.10 / SMA $15.44,False,0.00%,False,+2.4%,False,650.1M,False,OQB,False,
FMCKN,Federal Home Loan Mortgage Corporation,8.0,2026-08-05T22:52:11.378423+00:00,False,+12.5%,,N/A,,N/A,False,9.4K,False,$8.00 / SMA $8.81,False,1.43%,False,+2.4%,False,650.1M,False,OQB,False,
FMNB,Farmers National Banc Corp.,15.89,2026-08-05T22:56:09.533211+00:00,False,+31.1%,True,$940.9M,False,+5.4%,False,432.0K,True,$15.89 / SMA $14.61,False,1.96%,,N/A,True,57.3M,True,NCM,False,
FMS,Fresenius Medical Care AG,23.89,2026-08-05T22:50:05.882276+00:00,False,+19.3%,True,$12832.0M,False,+5.2%,True,750.0K,True,$23.89 / SMA $23.39,False,1.73%,False,+1.4%,False,367.1M,True,NYQ,False,
FNBKY,FinecoBank Banca Fineco S.p.A.,57.3,2026-08-05T22:49:58.174212+00:00,False,+34.6%,True,$17528.6M,,N/A,False,0.2K,True,$57.30 / SMA $51.17,False,0.13%,,N/A,False,305.7M,False,PNK,False,
FNCSF,North American Financial 15 Split Corp.,7.43,2026-08-05T22:58:01.839309+00:00,True,+70.3%,True,$510.6M,,N/A,False,0.6K,True,$7.43 / SMA $7.02,False,0.25%,,N/A,,N/A,False,PNK,False,
FNF,"Fidelity National Financial, Inc.",51.1,2026-08-05T22:50:01.766146+00:00,False,+19.4%,True,$13753.9M,True,+200.0%,True,1624.1K,True,$51.10 / SMA $48.75,False,2.67%,False,+16.9%,False,254.3M,True,NYQ,False,
FNLC,"The First Bancorp, Inc.",35.39,2026-08-05T22:59:47.009195+00:00,False,+47.0%,True,$399.2M,False,+18.1%,False,33.1K,True,$35.39 / SMA $32.60,True,3.35%,,N/A,True,10.7M,True,NMS,False,
FNMAH,Federal National Mortgage Association,7.9,2026-08-05T22:50:15.481050+00:00,False,+22.5%,,N/A,,N/A,False,41.4K,False,$7.90 / SMA $8.11,True,4.57%,False,+4.6%,False,1158.1M,False,OQB,False,
FNMAS,Federal National Mortgage Association,10.33,2026-08-05T22:50:15.765416+00:00,False,+12.3%,,N/A,,N/A,True,663.5K,False,$10.33 / SMA $10.89,True,3.51%,False,+4.6%,False,1158.1M,False,OQB,False,
FNMFN,Federal National Mortgage Association,16.6,2026-08-05T22:50:15.561401+00:00,False,+16.3%,,N/A,,N/A,False,16.9K,False,$16.60 / SMA $17.27,False,1.78%,False,+4.6%,False,1158.1M,False,OQB,False,
FOJCF,Fortum Oyj,23.29,2026-08-05T22:49:49.722062+00:00,False,+36.5%,True,$20897.3M,False,+0.0%,False,0.2K,True,$23.29 / SMA $22.91,False,0.07%,False,+15.4%,False,412.7M,False,PNK,False,
FPAFF,FPAFF,0.67,2026-08-05T22:53:58.546609+00:00,False,+9.8%,,N/A,,N/A,False,22.2K,True,$0.67 / SMA $0.66,False,0.74%,,N/A,False,2296.2M,False,PNK,False,
FPS,"Forgent Power Solutions, Inc.",38.49,2026-08-05T22:49:58.715535+00:00,False,+48.3%,True,$11717.5M,True,+151.6%,True,8367.8K,False,$38.49 / SMA $48.74,True,7.89%,True,+103.4%,False,160.8M,True,NYQ,False,
FRA,FRA,10.84,2026-08-05T22:58:05.928378+00:00,False,+3.2%,,N/A,,N/A,False,135.4K,True,$10.84 / SMA $10.77,False,0.76%,,N/A,,N/A,True,NYQ,False,
FRBP,FRBP,10.25,2026-08-05T22:55:57.839882+00:00,False,+46.4%,True,$1368.2M,False,+-23.5%,False,0.5K,True,$10.25 / SMA $7.82,False,0.00%,False,+-20.7%,,N/A,False,PNK,False,
FRCOF,"Fast Retailing Co., Ltd.",515.53,2026-08-05T22:49:21.328039+00:00,True,+78.5%,True,$158190.9M,,N/A,False,1.8K,True,$515.53 / SMA $498.44,True,5.49%,,N/A,False,185.1M,False,PNK,False,
FRME,First Merchants Corporation,43.37,2026-08-05T22:54:03.218771+00:00,False,+25.1%,True,$2723.7M,False,+-28.6%,False,416.7K,True,$43.37 / SMA $42.23,False,2.31%,,N/A,True,61.6M,True,NMS,False,
FRO,Frontline plc,37.97,2026-08-05T22:50:16.161031+00:00,True,+107.9%,True,$8453.0M,True,+1573.3%,True,2868.4K,True,$37.97 / SMA $37.13,True,3.54%,True,+66.9%,True,142.9M,True,NYQ,True,
FRUYF,"Furuya Metal Co., Ltd.",20.72,2026-08-05T22:55:51.713827+00:00,False,+1.0%,True,$509.7M,,N/A,False,0.0K,True,$20.72 / SMA $-56.78,False,0.00%,,N/A,True,9.4M,False,PNK,False,
FSK,FS KKR Capital Corp.,11.04,2026-08-05T22:53:56.872377+00:00,False,+13.6%,True,$3091.9M,False,+-465.1%,True,2993.5K,True,$11.04 / SMA $10.58,False,2.77%,False,+-418.7%,,N/A,True,NYQ,False,
FSUN,FirstSun Capital Bancorp,39.8,2026-08-05T22:55:49.707215+00:00,False,+32.9%,True,$1965.3M,False,+-152.7%,False,263.5K,True,$39.80 / SMA $36.68,True,3.42%,,N/A,True,34.7M,True,NMS,False,
FTI,FTI,69.27,2026-08-05T22:49:42.582268+00:00,True,+102.1%,True,$27165.2M,True,+40.6%,True,4787.6K,False,$69.27 / SMA $69.61,True,3.33%,False,+9.0%,False,386.3M,True,NYQ,False,
FTNT,"Fortinet, Inc.",164.13,2026-08-05T22:49:24.755867+00:00,True,+134.1%,True,$120424.4M,True,+43.9%,True,6452.0K,True,$164.13 / SMA $151.72,True,4.72%,True,+25.6%,False,618.7M,True,NMS,False,
FUEMF,Talamore Mining Corp.,6.0,2026-08-05T22:56:12.628425+00:00,False,+27.7%,True,$846.7M,False,+-150.0%,False,23.6K,True,$6.00 / SMA_short $5.93,,N/A,,N/A,True,69.5M,False,PNK,False,
FUGRF,Fugro N.V.,13.63,2026-08-05T22:55:52.391038+00:00,False,+40.5%,True,$1517.5M,,N/A,False,0.1K,False,$13.63 / SMA $13.64,False,0.00%,,N/A,True,106.8M,False,PNK,False,
FUJHY,Subaru Corporation,7.76,2026-08-05T22:50:07.080581+00:00,False,+9.3%,True,$10935.0M,,N/A,False,348.5K,False,$7.76 / SMA $7.79,False,2.06%,,N/A,,N/A,False,PNK,False,
FUJIF,FUJIFILM Holdings Corporation,22.0,2026-08-05T22:49:46.488704+00:00,False,+29.4%,True,$26311.7M,,N/A,False,0.2K,True,$22.00 / SMA $21.52,False,0.00%,,N/A,False,1194.9M,False,PNK,False,
FULTP,Fulton Financial Corporation,17.68,2026-08-05T22:52:12.058883+00:00,False,+0.0%,,N/A,,N/A,False,13.6K,False,$17.68 / SMA $18.02,False,0.98%,False,+4.2%,False,188.7M,True,NMS,False,
FUWAF,"Furukawa Electric Co., Ltd.",20.08,2026-08-05T22:49:48.884400+00:00,False,+1.5%,True,$14126.2M,,N/A,False,2.8K,False,$20.08 / SMA $162.75,False,0.00%,,N/A,False,650.7M,False,PNK,False,
FVRR,Fiverr International Ltd.,9.45,2026-08-05T22:58:05.016880+00:00,False,+8.0%,True,$339.7M,True,+33.3%,True,853.4K,False,$9.45 / SMA $10.51,True,4.87%,False,+-10.0%,True,30.9M,True,NYQ,False,
FWRG,"First Watch Restaurant Group, Inc.",12.86,2026-08-05T22:57:46.313522+00:00,False,+29.0%,True,$792.8M,False,+-300.0%,True,1228.2K,True,$12.86 / SMA $12.04,True,4.65%,False,+17.3%,True,60.7M,True,NMS,False,
FXCNF,FXCNF,3.0,2026-08-05T22:54:01.818385+00:00,False,+66.7%,True,$2344.9M,,N/A,False,0.0K,False,$3.00 / SMA $3.12,False,0.00%,,N/A,False,260.6M,False,PNK,False,
FYGGY,"Fuyao Glass Industry Group Co., Ltd.",1.85,2026-08-05T22:49:50.338318+00:00,False,+23.3%,True,$19312.1M,False,+-15.4%,False,35.6K,True,$1.85 / SMA $1.71,True,6.23%,False,+5.1%,False,7691.3M,False,PNK,False,
GAIN,GAIN,16.45,2026-08-05T22:57:50.481056+00:00,False,+25.5%,,N/A,,N/A,False,277.1K,True,$16.45 / SMA $15.72,False,2.32%,True,+381.2%,,N/A,True,NMS,False,
GAM,"General American Investors Company, Inc.",66.29,2026-08-05T22:55:52.367394+00:00,False,+17.9%,True,$1590.1M,,N/A,False,28.2K,True,$66.29 / SMA $63.98,False,1.05%,,N/A,True,21.2M,True,NYQ,False,
GASNF,"Naturgy Energy Group, S.A.",33.9,2026-08-05T22:49:41.180765+00:00,False,+15.4%,True,$32555.4M,,N/A,False,0.1K,True,$33.90 / SMA $33.14,False,0.00%,,N/A,False,258.5M,False,PNK,False,
GBERY,Geberit AG,69.93,2026-08-05T22:49:50.731397+00:00,False,+13.9%,True,$23058.5M,,N/A,False,18.1K,True,$69.93 / SMA $64.88,False,1.19%,,N/A,False,328.4M,False,PNK,False,
GBTG,"Global Business Travel Group, Inc.",9.43,2026-08-05T22:52:05.474197+00:00,True,+90.3%,True,$4925.2M,False,+-37.5%,True,2738.7K,True,$9.43 / SMA $9.39,False,0.23%,True,+35.3%,False,195.4M,True,NYQ,False,
GEAGF,GEA Group Aktiengesellschaft,67.0,2026-08-05T22:50:09.083730+00:00,False,+6.0%,True,$10907.7M,False,+7.0%,False,0.1K,True,$67.00 / SMA $64.87,False,0.00%,False,+1.2%,True,145.7M,False,PNK,False,
GEAHF,Great Eagle Holdings Limited,2.21,2026-08-05T22:54:12.270279+00:00,False,+35.6%,True,$1656.9M,,N/A,False,0.0K,True,$2.21 / SMA $2.21,False,0.00%,,N/A,False,214.1M,False,PNK,False,
GENSY,Genus plc,28.38,2026-08-05T22:54:06.836081+00:00,False,+16.6%,True,$1884.8M,,N/A,False,0.1K,False,$28.38 / SMA $30.35,False,0.00%,,N/A,True,65.1M,False,PNK,False,
GEV,GE Vernova Inc.,1017.96,2026-08-05T22:49:19.273669+00:00,True,+92.0%,True,$271116.9M,True,+32.8%,True,2885.5K,False,$1017.96 / SMA $1023.39,True,5.36%,False,+21.9%,False,265.8M,True,NYQ,False,
GGAZF,Goldgroup Mining Inc.,2.58,2026-08-05T22:59:44.039483+00:00,True,+166.2%,False,$194.5M,True,+128.6%,False,144.1K,False,$2.58 / SMA_short $2.87,,N/A,True,+362.8%,True,67.4M,False,PNK,False,
GGGSY,Greggs plc,8.9,2026-08-05T22:54:04.924126+00:00,False,+42.4%,True,$2722.2M,,N/A,False,2.0K,True,$8.90 / SMA $7.29,False,0.03%,,N/A,False,301.1M,False,PNK,False,
GHRS,GH Research PLC,29.13,2026-08-05T22:55:51.461670+00:00,True,+157.3%,True,$1998.6M,False,+-63.2%,False,265.8K,True,$29.13 / SMA $25.33,True,5.39%,,N/A,True,26.7M,True,NGM,False,
GIL,Gildan Activewear Inc.,58.09,2026-08-05T22:50:07.676048+00:00,False,+26.3%,True,$10757.8M,False,+-129.7%,True,1591.3K,True,$58.09 / SMA $54.61,True,3.57%,True,+72.3%,False,183.1M,True,NYQ,False,
GIW,GigCapital8 Corp.,10.11,2026-08-05T22:59:41.217412+00:00,False,+2.4%,True,$478.1M,,N/A,False,43.1K,True,$10.11 / SMA $10.08,False,0.06%,,N/A,True,22.0M,True,NGM,False,
GJNSY,Gjensidige Forsikring ASA,30.76,2026-08-05T22:49:59.917661+00:00,False,+29.6%,True,$15378.9M,True,+60.8%,False,1.1K,True,$30.76 / SMA $27.72,False,2.95%,False,+15.9%,False,187.6M,False,PNK,False,
GLAD,Gladstone Capital Corporation,19.08,2026-08-05T22:58:02.715210+00:00,False,+15.4%,True,$431.1M,True,+78.8%,False,170.1K,False,$19.08 / SMA $19.09,False,2.26%,True,+87.2%,,N/A,True,NMS,False,
GLASF,Glass House Brands Inc.,11.81,2026-08-05T22:56:11.367301+00:00,True,+159.6%,True,$1007.5M,False,+-41.6%,False,339.2K,True,$11.81 / SMA_short $10.79,,N/A,False,+-13.3%,True,63.9M,False,PNK,False,
GLIBK,Liberty Capital Corporation,23.49,2026-08-05T22:56:04.448992+00:00,False,+21.7%,True,$937.4M,False,+-60.7%,True,894.7K,True,$23.49 / SMA $21.94,True,4.52%,False,+-4.1%,True,36.7M,True,NMS,False,
GLNG,Golar LNG Limited,50.21,2026-08-05T22:52:03.174604+00:00,False,+43.4%,True,$5110.4M,True,+862.5%,True,1401.1K,True,$50.21 / SMA $50.10,False,2.58%,True,+120.1%,True,86.7M,True,NMS,False,
GLNLF,Galan Lithium Limited,0.21,2026-08-05T22:58:08.328571+00:00,True,+164.2%,False,$266.0M,,N/A,False,17.1K,False,$0.21 / SMA $0.27,True,3.23%,,N/A,False,775.4M,False,PNK,False,
GLSI,"Greenwich LifeSciences, Inc.",14.39,2026-08-05T22:58:07.263069+00:00,True,+85.0%,False,$211.2M,False,+-85.7%,False,157.8K,False,$14.39 / SMA $20.17,True,10.67%,,N/A,True,7.4M,True,NCM,False,
GLW,GLW,156.7,2026-08-05T22:49:21.184595+00:00,True,+148.1%,True,$134705.2M,False,+18.5%,True,15798.5K,False,$156.70 / SMA $180.40,True,6.75%,False,+16.6%,False,790.5M,True,NYQ,False,
GMAB,Genmab A/S,29.26,2026-08-05T22:49:56.553623+00:00,False,+39.4%,True,$17963.8M,False,+-72.8%,True,2014.7K,True,$29.26 / SMA $27.16,False,2.30%,True,+25.3%,False,606.4M,True,NMS,False,
GMTL,Guardian Metal Resources PLC,11.36,2026-08-05T22:57:50.720586+00:00,False,+32.1%,True,$442.6M,,N/A,False,229.6K,False,$11.36 / SMA $13.31,True,10.80%,,N/A,True,104.8M,True,ASE,False,
GMTLF,Guardian Metal Resources PLC,2.2,2026-08-05T22:57:51.260771+00:00,True,+213.8%,True,$428.6M,,N/A,False,56.8K,False,$2.20 / SMA $2.65,True,8.82%,,N/A,True,104.8M,False,OQB,False,
GNMSF,Genmab A/S,290.0,2026-08-05T22:49:57.228906+00:00,False,+34.1%,True,$17804.1M,False,+-72.8%,False,1.7K,True,$290.00 / SMA $267.27,False,0.65%,True,+25.3%,True,60.6M,False,PNK,False,
GNNDY,GN Store Nord A/S,45.75,2026-08-05T22:54:07.674281+00:00,False,+16.0%,True,$2220.6M,,N/A,False,0.5K,True,$45.75 / SMA $42.61,False,0.42%,False,+-58.2%,True,48.5M,False,PNK,False,
GOFPY,Allwyn AG,7.73,2026-08-05T22:50:07.832752+00:00,False,+14.5%,True,$12325.5M,False,+-17.6%,False,151.7K,True,$7.73 / SMA $7.66,False,2.61%,False,+17.8%,False,190.4M,False,PNK,False,
GONYF,GONYF,9.75,2026-08-05T22:58:07.180392+00:00,False,+10.0%,,N/A,,N/A,False,20.5K,True,$9.75 / SMA $9.63,False,1.17%,,N/A,True,30.0M,False,OQB,False,
GOODN,Gladstone Commercial Corporation,23.56,2026-08-05T22:57:51.300769+00:00,False,+12.7%,,N/A,,N/A,False,2.8K,True,$23.56 / SMA $22.55,False,0.91%,False,+11.8%,True,47.8M,True,NMS,False,
GPAT,GP-Act III Acquisition Corp.,11.1,2026-08-05T22:58:06.134192+00:00,False,+5.7%,True,$398.9M,False,+-25.0%,False,84.8K,True,$11.10 / SMA $10.91,False,0.33%,,N/A,True,26.9M,True,NGM,False,
GPK,GPK,11.9,2026-08-05T22:53:57.117243+00:00,False,+35.4%,,N/A,False,+-76.5%,True,6327.0K,True,$11.90 / SMA $10.78,True,4.14%,False,+-0.7%,False,290.8M,True,NYQ,False,
GRC,The Gorman-Rupp Company,85.22,2026-08-05T22:54:11.160168+00:00,True,+109.2%,True,$2250.7M,False,+23.3%,False,179.2K,True,$85.22 / SMA $81.71,True,4.38%,False,+3.9%,True,20.8M,True,NYQ,False,
GRIQ,"GrocerIQ Holdings, Inc.",3.1,2026-08-05T22:59:48.499546+00:00,True,+103.9%,False,$226.1M,,N/A,False,1.4K,False,$3.10 / SMA $3.68,True,10.85%,,N/A,,N/A,False,OID,False,
GROY,Gold Royalty Corp.,2.89,2026-08-05T22:57:45.635809+00:00,False,+18.0%,True,$667.0M,True,+200.0%,True,1903.4K,True,$2.89 / SMA $2.79,True,3.34%,True,+128.7%,False,194.6M,True,ASE,False,
GRYRF,Geo Energy Resources Limited,0.36465,2026-08-05T22:57:51.088025+00:00,False,+44.4%,True,$647.7M,False,+-75.8%,False,0.7K,False,$0.36 / SMA $0.37,False,0.00%,False,+-42.4%,False,730.6M,False,PNK,False,
GSHD,"Goosehead Insurance, Inc.",66.95,2026-08-05T22:55:53.040191+00:00,True,+98.8%,True,$3176.9M,True,+127.8%,True,580.7K,True,$66.95 / SMA $48.28,True,7.41%,False,+20.6%,True,20.8M,True,NMS,False,
GSHRF,Gold X2 Mining Inc,5.12,2026-08-05T22:57:49.139640+00:00,True,+572.9%,True,$517.7M,False,+0.0%,False,18.3K,False,$5.12 / SMA $5.31,True,5.91%,,N/A,False,514.3M,False,PNK,False,
GSIT,"GSI Technology, Inc.",6.53,2026-08-05T22:59:43.023295+00:00,True,+131.6%,False,$250.6M,False,+-62.5%,True,1693.5K,False,$6.53 / SMA $7.24,True,8.34%,,N/A,True,31.8M,True,NMS,False,
GSL,GSL,42.69,2026-08-05T22:55:55.178588+00:00,False,+56.5%,,N/A,False,+-25.3%,False,322.8K,True,$42.69 / SMA $39.80,False,2.31%,False,+2.2%,True,30.8M,True,NYQ,False,
GSM,GSM,4.15,2026-08-05T22:56:10.640511+00:00,False,+34.7%,,N/A,True,+88.9%,True,1626.4K,True,$4.15 / SMA $3.63,True,4.66%,False,+13.2%,False,172.8M,True,NCM,False,
GT,GT,6.94,2026-08-05T22:54:15.290573+00:00,False,+27.8%,,N/A,False,+-315.0%,True,9999.5K,True,$6.94 / SMA $6.56,True,4.52%,False,+-8.7%,False,256.3M,True,NMS,False,
GTLB,GitLab Inc.,36.16,2026-08-05T22:52:08.284827+00:00,True,+93.1%,True,$6107.4M,True,+86.4%,True,5580.7K,True,$36.16 / SMA $31.02,True,6.23%,False,+23.1%,True,140.5M,True,NMS,False,
GYRE,"Gyre Therapeutics, Inc.",6.23,2026-08-05T22:57:53.088825+00:00,False,+14.5%,True,$694.6M,,N/A,False,94.5K,True,$6.23 / SMA $6.18,True,4.62%,False,+2.1%,True,33.9M,True,NCM,False,
HACQ,HCM IV Acquisition Corp.,10.06,2026-08-05T22:58:07.855637+00:00,False,+2.0%,True,$376.0M,,N/A,False,26.8K,True,$10.06 / SMA $10.03,False,0.03%,,N/A,True,28.7M,True,NGM,False,
HAE,Haemonetics Corporation,83.6,2026-08-05T22:53:57.354736+00:00,True,+76.7%,True,$3799.3M,False,+-137.6%,True,896.0K,True,$83.60 / SMA $75.90,True,3.09%,False,+4.8%,True,44.8M,True,NYQ,False,
HALO,"Halozyme Therapeutics, Inc.",83.59,2026-08-05T22:50:16.756084+00:00,False,+36.5%,True,$9914.9M,True,+31.2%,True,1879.0K,True,$83.59 / SMA $75.18,False,2.90%,True,+42.2%,True,117.3M,True,NMS,False,
HAWK,"HawkEye 360, Inc.",23.53,2026-08-05T22:53:59.084957+00:00,False,+38.2%,True,$2305.0M,,N/A,True,1353.3K,True,$23.53 / SMA $22.80,True,7.67%,,N/A,True,67.1M,True,NYQ,False,
HBANM,Huntington Bancshares Incorporated,20.86,2026-08-05T22:49:39.928592+00:00,False,+4.2%,,N/A,,N/A,False,15.8K,True,$20.86 / SMA $20.84,False,0.78%,True,+46.4%,False,2007.4M,True,NMS,False,
HBGRF,Heidelberger Druckmaschinen Aktiengesellschaft,1.7,2026-08-05T22:57:59.137030+00:00,False,+7.3%,True,$517.4M,,N/A,False,0.0K,True,$1.70 / SMA $1.64,False,0.00%,False,+-10.4%,False,255.4M,False,PNK,False,
HCHDF,Hochschild Mining plc,6.49,2026-08-05T22:52:13.143175+00:00,True,+88.1%,True,$3338.8M,,N/A,False,6.4K,False,$6.49 / SMA $6.69,False,2.67%,,N/A,False,315.2M,False,OQX,False,
HCMLY,Holcim AG,17.95,2026-08-05T22:49:32.687720+00:00,False,+16.2%,True,$49643.0M,,N/A,False,98.9K,False,$17.95 / SMA $18.54,False,1.64%,,N/A,False,2520.0M,False,PNK,False,
HD,HD,353.14,2026-08-05T22:49:18.930208+00:00,False,+22.2%,,N/A,False,+-4.3%,True,4849.9K,True,$353.14 / SMA $332.72,False,2.35%,False,+4.8%,False,995.4M,True,NYQ,False,
HDALF,Haidilao International Holding Ltd.,1.47,2026-08-05T22:50:12.633741+00:00,False,+8.9%,True,$8544.7M,,N/A,False,22.5K,False,$1.47 / SMA $1.58,False,2.67%,,N/A,False,1737.2M,False,PNK,False,
HEI.A,HEI.A,,2026-08-05T22:49:38.166980+00:00,False,N/A,False,N/A,False,N/A,False,N/A,False,N/A,False,N/A,False,N/A,False,N/A,False,Unknown,False,No price data available
HELE,Helen of Troy Limited,29.56,2026-08-05T22:57:52.315023+00:00,True,+113.4%,True,$688.5M,True,+107.7%,True,586.2K,True,$29.56 / SMA $27.55,True,5.96%,False,+8.2%,True,23.1M,True,NMS,False,
HENKY,Henkel AG & Co. KGaA,20.92,2026-08-05T22:49:41.389026+00:00,False,+24.3%,True,$33878.3M,,N/A,False,79.9K,True,$20.92 / SMA $19.48,False,1.14%,,N/A,False,982.1M,False,PNK,False,
HGV,Hilton Grand Vacations Inc.,47.09,2026-08-05T22:52:14.165613+00:00,False,+28.0%,True,$3660.0M,False,+-40.0%,True,1186.1K,False,$47.09 / SMA $50.54,True,3.65%,False,+7.3%,True,47.6M,True,NYQ,False,
HHUSF,Hua Hong Grace Semiconductor Limited,17.55,2026-08-05T22:49:39.806141+00:00,True,+251.0%,True,$34034.5M,True,+180.0%,False,1.2K,False,$17.55 / SMA $19.64,False,0.00%,,N/A,False,1052.5M,False,PNK,False,
HIFS,Hingham Institution for Savings,303.06,2026-08-05T22:57:51.117442+00:00,False,+26.9%,True,$665.9M,False,+-60.2%,False,31.7K,True,$303.06 / SMA $290.95,True,3.70%,False,+-28.8%,True,1.6M,True,NGM,False,
HIMS,"Hims & Hers Health, Inc.",31.65,2026-08-05T22:52:02.396701+00:00,True,+130.3%,True,$7325.6M,False,+-300.0%,True,19070.1K,True,$31.65 / SMA $31.20,True,8.94%,False,+3.8%,False,210.6M,True,NYQ,False,
HIPO,Hippo Holdings Inc.,32.33,2026-08-05T22:57:48.481142+00:00,False,+34.3%,True,$853.2M,True,+660.0%,False,148.9K,True,$32.33 / SMA $27.66,True,3.96%,False,+23.4%,True,22.4M,True,NYQ,False,
HL,Hecla Mining Company,16.54,2026-08-05T22:50:06.169056+00:00,True,+173.8%,True,$11093.6M,True,+88.9%,True,29145.0K,True,$16.54 / SMA $15.61,True,4.87%,True,+52.4%,False,662.0M,True,NYQ,False,
HLDCY,Henderson Land Development Company Limited,3.68,2026-08-05T22:49:51.094703+00:00,False,+19.5%,True,$17816.3M,,N/A,False,63.1K,True,$3.68 / SMA $3.43,False,1.70%,,N/A,False,1332.0M,False,PNK,False,
HLFFF,HelloFresh SE,4.42,2026-08-05T22:56:12.691279+00:00,False,+17.9%,True,$700.1M,True,+50.6%,False,2.2K,False,$4.42 / SMA $4.49,True,4.12%,False,+-13.2%,True,117.1M,False,PNK,False,
HLMAF,Halma plc,50.0,2026-08-05T22:49:46.659729+00:00,False,+17.7%,True,$18883.9M,,N/A,False,11.6K,False,$50.00 / SMA $52.90,True,3.43%,,N/A,False,373.2M,False,PNK,False,
HLN,Haleon plc,9.95,2026-08-05T22:49:35.507874+00:00,False,+15.0%,True,$43818.4M,,N/A,True,10394.2K,True,$9.95 / SMA $9.47,False,1.66%,,N/A,False,4427.4M,True,NYQ,False,
HLPPY,Hang Lung Properties Limited,5.0,2026-08-05T22:52:02.958262+00:00,False,+17.4%,True,$5203.1M,,N/A,False,7.3K,True,$5.00 / SMA $4.75,False,1.88%,,N/A,False,336.9M,False,OID,False,
HLTFF,Hilton Food Group plc,7.6,2026-08-05T22:57:49.472942+00:00,False,+18.7%,True,$683.7M,,N/A,False,1.4K,True,$7.60 / SMA $7.03,False,0.00%,,N/A,True,74.8M,False,PNK,False,
HMC,HMC,30.6,2026-08-05T22:49:39.135864+00:00,False,+31.6%,,N/A,,N/A,True,1803.2K,True,$30.60 / SMA $27.74,False,1.50%,False,+8.6%,False,1297.1M,True,NYQ,False,
HMDPF,Hammond Power Solutions Inc.,199.5,2026-08-05T22:54:02.408000+00:00,True,+145.1%,True,$2375.0M,False,+-64.1%,False,9.6K,False,$199.50 / SMA $215.74,False,2.51%,True,+61.3%,True,8.7M,False,PNK,False,
HMMCF,HMMCF,3.9,2026-08-05T22:55:56.541546+00:00,True,+2500.0%,True,$1155.8M,,N/A,False,49.0K,False,$3.90 / SMA $4.22,True,6.36%,,N/A,False,280.6M,False,OQX,False,
HNNMY,H & M Hennes & Mauritz AB (publ),3.68,2026-08-05T22:49:42.860133+00:00,False,+37.3%,True,$29373.3M,False,+0.4%,False,165.7K,True,$3.68 / SMA $3.44,False,1.46%,False,+-3.3%,False,2327.4M,False,PNK,False,
HNRG,Hallador Energy Company,14.77,2026-08-05T22:56:09.162768+00:00,False,+8.2%,True,$696.1M,False,+-187.0%,True,860.7K,False,$14.77 / SMA $16.79,True,5.25%,False,+-13.5%,True,36.0M,True,NCM,False,
HOCPF,HOYA Corporation,154.17,2026-08-05T22:49:31.344649+00:00,False,+28.3%,True,$51572.7M,,N/A,False,0.1K,False,$154.17 / SMA $162.03,False,0.00%,,N/A,False,334.6M,False,PNK,False,
HOCPY,HOYA Corporation,163.74,2026-08-05T22:49:31.193210+00:00,False,+32.9%,True,$54774.1M,,N/A,False,36.7K,True,$163.74 / SMA $160.37,False,1.53%,,N/A,False,334.6M,False,PNK,False,
HOG,HOG,26.19,2026-08-05T22:54:03.271931+00:00,False,+53.2%,,N/A,False,+-14.8%,True,2787.8K,True,$26.19 / SMA $25.27,True,4.08%,,N/A,True,104.0M,True,NYQ,False,
HOOD,"Robinhood Markets, Inc.",92.8,2026-08-05T22:49:28.958913+00:00,False,+46.1%,True,$83434.8M,True,+47.6%,True,27008.8K,False,$92.80 / SMA $97.66,True,5.90%,True,+32.3%,False,783.6M,True,NMS,False,
HPE,Hewlett Packard Enterprise Company,53.22,2026-08-05T22:49:32.741356+00:00,True,+170.8%,True,$70474.1M,True,+153.7%,True,26521.7K,True,$53.22 / SMA $46.93,True,5.76%,True,+40.0%,False,1317.7M,True,NYQ,False,
HPGLY,Hapag-Lloyd Aktiengesellschaft,71.45,2026-08-05T22:49:47.315495+00:00,False,+12.9%,True,$25116.1M,False,+-149.8%,False,0.5K,True,$71.45 / SMA $67.95,False,0.39%,False,+-16.8%,True,12.7M,False,PNK,False,
HPHTF,Hamamatsu Photonics K.K.,14.675,2026-08-05T22:52:00.405735+00:00,False,+60.4%,True,$4242.4M,,N/A,False,0.7K,False,$14.68 / SMA $15.89,False,0.00%,,N/A,False,282.0M,False,PNK,False,
HPHTY,Hamamatsu Photonics K.K.,7.223,2026-08-05T22:52:01.039016+00:00,False,+46.5%,True,$4176.2M,,N/A,False,0.3K,False,$7.22 / SMA $8.01,False,0.00%,,N/A,False,564.1M,False,PNK,False,
HPK,"HighPeak Energy, Inc.",6.72,2026-08-05T22:56:04.635735+00:00,True,+74.5%,True,$849.1M,False,+-492.3%,True,696.9K,False,$6.72 / SMA $7.26,True,5.90%,False,+-20.7%,True,21.7M,True,NGM,False,
HQH,HQH,22.6,2026-08-05T22:56:00.955109+00:00,False,+45.7%,,N/A,,N/A,False,203.6K,True,$22.60 / SMA $20.75,False,2.21%,,N/A,,N/A,True,NYQ,False,
HR,Healthcare Realty Trust Incorporated,20.39,2026-08-05T22:50:20.558404+00:00,False,+25.6%,True,$7151.8M,True,+71.1%,True,4098.7K,False,$20.39 / SMA $20.56,False,1.87%,False,+-5.3%,False,340.4M,True,NYQ,False,
HRIBF,"HORIBA, Ltd.",162.47,2026-08-05T22:50:22.728618+00:00,True,+166.2%,True,$6825.6M,,N/A,False,0.0K,True,$162.47 / SMA $88.15,False,0.00%,,N/A,True,32.5M,False,PNK,False,
HRZRF,HRZRF,0.7015,2026-08-05T22:50:06.486896+00:00,False,+37.5%,,N/A,,N/A,False,11.0K,True,$0.70 / SMA_short $0.69,False,2.09%,,N/A,False,11132.1M,False,PNK,False,
HSAI,Hesai Group,17.91,2026-08-05T22:52:18.968115+00:00,False,+25.3%,True,$22515.3M,True,+184.6%,True,1863.1K,True,$17.91 / SMA $17.19,True,4.27%,True,+29.6%,True,125.9M,True,NMS,False,
HSHCY,"Haier Smart Home Co., Ltd.",10.63,2026-08-05T22:49:43.890295+00:00,False,+9.7%,True,$24921.0M,False,+-15.3%,False,112.2K,True,$10.63 / SMA $10.09,False,0.92%,False,+-6.9%,False,1389.6M,False,PNK,False,
HSIC,"Henry Schein, Inc.",89.59,2026-08-05T22:50:14.801810+00:00,False,+44.6%,True,$10205.8M,False,+17.1%,True,1490.6K,True,$89.59 / SMA $82.68,False,2.57%,False,+6.7%,True,93.9M,True,NMS,False,
HSY,The Hershey Company,179.58,2026-08-05T22:49:36.436088+00:00,False,+11.2%,True,$36082.2M,True,+629.0%,True,2064.9K,True,$179.58 / SMA $178.87,False,2.50%,False,+6.6%,True,144.5M,True,NYQ,False,
HTCMY,"Hitachi Construction Machinery Co., Ltd.",65.82,2026-08-05T22:50:22.608988+00:00,False,+17.7%,True,$7001.1M,,N/A,False,0.0K,True,$65.82 / SMA $65.72,False,0.00%,,N/A,True,60.1M,False,PNK,False,
HTD,John Hancock Tax-Advantaged Dividend Income Fund,25.39,2026-08-05T22:56:07.753854+00:00,False,+9.7%,True,$899.6M,,N/A,False,65.7K,False,$25.39 / SMA $25.46,False,1.42%,,N/A,,N/A,True,NYQ,False,
HTHIY,"Hitachi, Ltd.",34.7,2026-08-05T22:49:22.001854+00:00,False,+38.8%,True,$155609.2M,,N/A,True,645.5K,True,$34.70 / SMA $30.44,False,2.57%,,N/A,False,4404.4M,False,PNK,False,
HTZ,HTZ,1.56,2026-08-05T22:54:15.518047+00:00,False,+7.6%,,N/A,True,+26.4%,True,16907.7K,False,$1.56 / SMA $3.24,True,8.78%,False,+10.5%,True,129.3M,True,NMS,False,
HUBS,"HubSpot, Inc.",250.21,2026-08-05T22:50:08.543249+00:00,False,+47.5%,True,$12808.4M,True,+247.6%,True,1951.6K,True,$250.21 / SMA $207.46,True,7.16%,False,+23.4%,True,49.4M,True,NYQ,False,
HUNGF,"Huaneng Power International, Inc.",0.76815,2026-08-05T22:49:56.502306+00:00,False,+11.9%,True,$15601.5M,,N/A,False,1.4K,True,$0.77 / SMA $0.68,False,0.05%,False,+-7.2%,False,7551.1M,False,PNK,False,
HUYA,HUYA Inc.,2.43,2026-08-05T22:57:53.419914+00:00,False,+13.0%,True,$558.4M,,N/A,True,944.1K,True,$2.43 / SMA $2.38,True,3.10%,False,+14.6%,True,79.3M,True,NYQ,False,
HYLN,Hyliion Holdings Corp.,3.94,2026-08-05T22:56:02.670516+00:00,True,+168.0%,True,$702.6M,True,+30.0%,True,5004.6K,False,$3.94 / SMA $5.27,True,9.53%,True,+479.1%,True,125.6M,True,ASE,False,
HYMC,Hycroft Mining Holding Corporation,24.48,2026-08-05T22:53:57.878276+00:00,True,+632.9%,True,$2281.1M,True,+46.5%,True,2135.6K,True,$24.48 / SMA $24.11,True,6.91%,,N/A,True,55.1M,True,NCM,True,
HYPMY,Hypera S.A.,4.18,2026-08-05T22:53:55.044627+00:00,False,+12.7%,True,$2942.7M,True,+347.4%,False,21.2K,True,$4.18 / SMA $4.09,False,1.61%,True,+86.7%,False,305.2M,False,OID,False,
IACOU,Idea Acquisition Corp.,10.03,2026-08-05T22:58:02.009495+00:00,False,+1.6%,,N/A,,N/A,False,9.7K,False,$10.03 / SMA $10.05,False,0.15%,,N/A,True,35.0M,True,NGM,False,
IBN,IBN,30.4,2026-08-05T22:49:24.941554+00:00,False,+21.2%,,N/A,False,+13.8%,True,7491.5K,True,$30.40 / SMA $28.25,False,1.41%,False,+7.7%,False,3572.3M,True,NYQ,False,
ICE,ICE,149.84,2026-08-05T22:49:26.107737+00:00,False,+23.0%,True,$84119.3M,,N/A,True,4512.4K,True,$149.84 / SMA $139.99,False,2.63%,False,+10.7%,False,557.5M,True,NYQ,False,
ICHGF,InterContinental Hotels Group PLC,156.41,2026-08-05T22:49:47.675571+00:00,False,+41.7%,True,$23079.9M,,N/A,False,0.2K,False,$156.41 / SMA $162.26,False,0.00%,,N/A,True,140.3M,False,PNK,False,
ICTEF,"International Container Terminal Services, Inc.",17.1,2026-08-05T22:49:43.172969+00:00,True,+115.4%,True,$34529.1M,,N/A,False,3.4K,True,$17.10 / SMA $15.34,True,3.03%,True,+29.1%,False,505.5M,False,PNK,False,
IDCBY,Industrial and Commercial Bank of China Limited,18.25,2026-08-05T22:49:18.616724+00:00,False,+31.1%,True,$424882.4M,,N/A,False,53.9K,True,$18.25 / SMA $17.61,False,1.06%,False,+17.5%,False,10484.0M,False,PNK,False,
IE,Ivanhoe Electric Inc.,10.65,2026-08-05T22:54:11.921616+00:00,False,+35.6%,True,$1685.8M,True,+208.3%,True,2175.8K,True,$10.65 / SMA $10.32,True,6.26%,False,+16.7%,True,126.0M,True,ASE,False,
ILKAY,Iluka Resources Limited,23.36,2026-08-05T22:54:03.491498+00:00,False,+37.4%,True,$2014.5M,,N/A,False,2.4K,False,$23.36 / SMA $24.30,True,4.89%,,N/A,True,82.6M,False,PNK,False,
ILLU,Illumination Acquisition Corp I,9.92,2026-08-05T22:58:06.878060+00:00,False,+1.0%,True,$310.4M,,N/A,False,7.6K,False,$9.92 / SMA $9.92,False,0.00%,,N/A,,N/A,True,NGM,False,
IMAX,IMAX Corporation,50.63,2026-08-05T22:54:07.781558+00:00,True,+109.2%,True,$2776.7M,True,+35.0%,True,1281.2K,True,$50.63 / SMA $41.82,True,4.23%,False,+12.2%,True,41.7M,True,NYQ,False,
IMNM,"Immunome, Inc.",25.52,2026-08-05T22:54:03.888389+00:00,True,+194.5%,True,$2890.2M,False,+7.7%,True,1370.3K,True,$25.52 / SMA $21.39,True,5.01%,False,+-100.0%,True,108.3M,True,NCM,False,
IMPUF,Impala Platinum Holdings Limited,10.245,2026-08-05T22:50:03.963037+00:00,False,+25.2%,True,$9201.6M,,N/A,False,0.3K,False,$10.24 / SMA $11.58,False,0.30%,,N/A,False,743.6M,False,OQX,False,
INDV,"Indivior Pharmaceuticals, Inc.",38.73,2026-08-05T22:52:07.914203+00:00,True,+80.3%,True,$4578.1M,True,+81.6%,True,1896.5K,False,$38.73 / SMA $39.12,True,4.16%,False,+19.2%,True,109.3M,True,NMS,False,
INNV,InnovAge Holding Corp.,11.09,2026-08-05T22:56:04.946403+00:00,True,+249.3%,True,$1505.3M,False,+-175.0%,False,364.8K,True,$11.09 / SMA $10.11,True,5.48%,False,+15.5%,True,21.3M,True,NMS,False,
INRE,"Inland Real Estate Income Trust, Inc.",9.5,2026-08-05T22:58:06.584945+00:00,True,+2374900.0%,True,$343.1M,,N/A,False,1.6K,False,$9.50 / SMA_short $10.34,,N/A,,N/A,,N/A,False,PNK,False,
INV,"Innventure, Inc.",3.42,2026-08-05T22:57:54.521185+00:00,False,+44.9%,False,$287.4M,True,+91.3%,True,2239.9K,False,$3.42 / SMA $4.85,True,10.91%,True,+544.2%,True,68.3M,True,NGM,False,
IPGLF,IPGLF,51.0,2026-08-05T22:52:13.429116+00:00,False,+36.9%,True,$5359.8M,False,+0.8%,False,0.0K,True,$51.00 / SMA $51.00,False,0.00%,False,+0.6%,True,49.1M,False,PNK,False,
IPGP,IPG Photonics Corporation,91.75,2026-08-05T22:52:04.751419+00:00,False,+28.6%,True,$3894.2M,False,+-55.6%,False,468.7K,False,$91.75 / SMA $106.00,True,6.05%,False,+16.6%,True,26.0M,True,NMS,False,
IPI,IPI,33.75,2026-08-05T22:57:56.057299+00:00,False,+49.7%,,N/A,True,+60.0%,False,217.9K,False,$33.75 / SMA $35.05,True,4.07%,False,+4.4%,True,10.6M,True,NYQ,False,
IPSC,"Century Therapeutics, Inc.",1.96,2026-08-05T22:58:04.629812+00:00,True,+350.6%,True,$353.5M,False,+-112.4%,True,1273.1K,False,$1.96 / SMA $2.23,True,6.25%,False,+-100.0%,True,100.1M,True,NCM,False,
IPXHY,Inpex Corporation,21.47,2026-08-05T22:49:42.180782+00:00,False,+47.2%,True,$24952.2M,,N/A,False,88.6K,False,$21.47 / SMA $21.69,False,1.87%,,N/A,False,843.7M,False,PNK,False,
IPZYF,IP Group Plc,0.9054,2026-08-05T22:56:12.294563+00:00,False,+33.5%,True,$799.9M,,N/A,False,0.2K,True,$0.91 / SMA $0.88,False,0.00%,,N/A,False,865.8M,False,PNK,False,
IQI,IQI,9.98,2026-08-05T22:57:57.630244+00:00,False,+7.8%,,N/A,,N/A,False,145.2K,True,$9.98 / SMA $9.97,False,0.93%,,N/A,,N/A,True,NYQ,False,
IRCUF,Irish Continental Group plc,8.84,2026-08-05T22:56:01.595772+00:00,False,+40.1%,True,$1312.1M,,N/A,False,11.2K,True,$8.84 / SMA $7.43,False,0.20%,,N/A,True,112.6M,False,PNK,False,
IRMD,IRADIMED CORPORATION,91.86,2026-08-05T22:55:59.143811+00:00,False,+36.1%,True,$1174.6M,False,+21.6%,False,135.9K,False,$91.86 / SMA $94.36,True,3.51%,False,+12.6%,True,8.3M,True,NGM,False,
ISLMF,ISLMF,5.4,2026-08-05T22:52:16.064996+00:00,False,+28.6%,,N/A,,N/A,False,35.7K,False,$5.40 / SMA $5.49,False,2.98%,,N/A,False,486.5M,False,PNK,False,
ISTR,Investar Holding Corporation,30.51,2026-08-05T22:58:06.023886+00:00,False,+43.5%,True,$420.3M,True,+32.6%,False,190.6K,True,$30.51 / SMA $29.40,False,2.20%,,N/A,True,11.7M,True,NGM,False,
ITFS,Itafos Inc.,1.6,2026-08-05T22:58:07.617546+00:00,False,+4.6%,True,$311.6M,False,+-94.4%,False,50.7K,False,$1.60 / SMA $1.74,True,3.02%,False,+4.8%,True,66.5M,False,OQX,False,
ITGR,Integer Holdings Corporation,125.0,2026-08-05T22:53:56.493383+00:00,True,+101.6%,True,$4244.4M,False,+-33.7%,True,717.9K,True,$125.00 / SMA $95.87,True,3.54%,False,+-2.6%,True,33.5M,True,NYQ,False,
ITRI,"Itron, Inc.",105.57,2026-08-05T22:52:15.673621+00:00,False,+35.7%,True,$4622.6M,False,+-19.0%,True,822.2K,True,$105.57 / SMA $85.99,True,3.96%,,N/A,True,43.0M,True,NMS,False,
ITRN,Ituran Location and Control Ltd.,55.7,2026-08-05T22:55:58.965548+00:00,True,+70.3%,True,$1101.8M,False,+16.4%,False,155.5K,False,$55.70 / SMA $59.81,True,3.19%,False,+18.8%,True,15.9M,True,NMS,False,
IVSXF,Investor AB (publ),42.93,2026-08-05T22:49:23.164154+00:00,False,+45.9%,True,$131517.3M,True,+469.7%,False,0.4K,True,$42.93 / SMA $40.02,False,0.25%,True,+856.6%,False,2441.5M,False,PNK,False,
IVT,InvenTrust Properties Corp.,33.49,2026-08-05T22:54:02.471270+00:00,False,+24.9%,True,$2610.1M,False,+-22.2%,True,967.0K,False,$33.49 / SMA $34.82,False,2.13%,False,+11.9%,True,77.3M,True,NYQ,False,
JAPAY,Japan Tobacco Inc.,21.66,2026-08-05T22:49:28.560023+00:00,False,+39.2%,True,$76908.5M,,N/A,False,76.0K,True,$21.66 / SMA $19.37,False,1.12%,,N/A,False,2132.1M,False,PNK,False,
JAZZ,Jazz Pharmaceuticals plc,261.57,2026-08-05T22:49:57.842420+00:00,True,+149.1%,True,$16431.2M,True,+391.4%,True,874.0K,True,$261.57 / SMA $240.60,False,2.98%,False,+19.1%,True,62.9M,True,NMS,False,
JBARF,Julius Bär Gruppe AG,91.49,2026-08-05T22:49:55.944580+00:00,False,+41.5%,True,$18825.4M,,N/A,False,2.9K,True,$91.49 / SMA $86.43,False,0.64%,,N/A,False,205.0M,False,PNK,False,
JBIO,"Jade Biosciences, Inc.",21.7,2026-08-05T22:56:01.849411+00:00,True,+225.3%,True,$1320.7M,True,+51.9%,True,1054.3K,True,$21.70 / SMA $19.74,True,8.07%,,N/A,True,37.1M,True,NCM,True,
JBLU,JetBlue Airways Corporation,6.36,2026-08-05T22:54:11.884831+00:00,False,+64.3%,True,$2399.7M,False,+-214.3%,True,30699.0K,True,$6.36 / SMA $5.50,True,5.88%,False,+14.5%,False,337.8M,True,NMS,False,
JBSS,"John B. Sanfilippo & Son, Inc.",85.18,2026-08-05T22:56:07.811791+00:00,False,+44.2%,True,$995.7M,False,+-16.9%,False,121.5K,True,$85.18 / SMA $81.55,True,3.45%,False,+8.0%,True,9.0M,True,NMS,False,
JCAP,"Jefferson Capital, Inc.",20.43,2026-08-05T22:56:05.553659+00:00,False,+31.8%,True,$1258.8M,False,+-44.7%,False,310.8K,True,$20.43 / SMA $18.26,True,3.33%,False,+13.9%,True,14.7M,True,NMS,False,
JGCCY,JGC Holdings Corporation,26.54,2026-08-05T22:52:12.435328+00:00,False,+46.5%,True,$3209.4M,,N/A,False,0.1K,False,$26.54 / SMA $31.07,False,0.00%,,N/A,True,110.6M,False,PNK,False,
JGHAF,Jungheinrich Aktiengesellschaft,33.84,2026-08-05T22:53:58.375481+00:00,False,+0.0%,True,$3451.7M,,N/A,False,0.0K,False,$33.84 / SMA $33.84,False,0.00%,,N/A,True,48.0M,False,PNK,False,
JJSF,J&J Snack Foods Corp.,84.66,2026-08-05T22:55:54.455201+00:00,False,+22.9%,True,$1587.7M,False,+-64.0%,False,248.3K,True,$84.66 / SMA $76.23,True,3.10%,False,+-3.2%,True,14.8M,True,NMS,False,
JOUT,Johnson Outdoors Inc.,48.56,2026-08-05T22:58:01.206021+00:00,False,+40.0%,True,$508.7M,True,+304.5%,False,67.1K,True,$48.56 / SMA $45.54,False,2.94%,False,+15.5%,True,5.8M,True,NMS,False,
JPC,Nuveen Preferred & Income Opportunities Fund,7.74,2026-08-05T22:53:59.756449+00:00,False,+7.2%,True,$2904.3M,,N/A,True,900.8K,False,$7.74 / SMA $7.75,False,0.79%,,N/A,,N/A,True,NYQ,False,
JPNPY,"Japan Post Insurance Co., Ltd.",10.25,2026-08-05T22:50:07.838120+00:00,False,+10.8%,True,$11107.0M,,N/A,False,0.0K,True,$10.25 / SMA $9.59,False,0.00%,,N/A,False,501.0M,False,PNK,False,
JPPHY,"Japan Post Holdings Co., Ltd.",13.07,2026-08-05T22:49:37.047986+00:00,False,+47.2%,True,$36678.6M,,N/A,False,2.5K,False,$13.07 / SMA $14.47,True,4.45%,,N/A,False,1572.2M,False,PNK,False,
JPPTY,"JAPAN POST BANK Co., Ltd.",20.19,2026-08-05T22:49:28.257807+00:00,True,+114.3%,True,$71915.7M,,N/A,False,86.8K,True,$20.19 / SMA $19.82,False,2.21%,,N/A,False,1777.6M,False,PNK,False,
JRI,Nuveen Real Asset Income and Growth Fund,12.67,2026-08-05T22:59:42.554752+00:00,False,+8.6%,True,$347.8M,,N/A,False,133.4K,False,$12.67 / SMA $12.73,False,1.13%,,N/A,,N/A,True,NYQ,False,
JXHLY,"ENEOS Holdings, Inc.",17.49,2026-08-05T22:49:49.062055+00:00,True,+77.6%,True,$23344.1M,,N/A,False,2.0K,True,$17.49 / SMA $15.98,False,2.96%,,N/A,False,1332.0M,False,PNK,False,
KBONU,Karbon Capital Partners Corp.,10.29,2026-08-05T22:59:42.817267+00:00,False,+2.8%,,N/A,,N/A,False,12.1K,True,$10.29 / SMA $10.26,False,0.19%,,N/A,True,28.6M,True,NGM,False,
KBR,"KBR, Inc.",36.33,2026-08-05T22:52:10.481123+00:00,False,+21.3%,True,$4580.0M,True,+33.9%,True,1950.5K,True,$36.33 / SMA $35.18,True,3.52%,False,+1.6%,True,124.4M,True,NYQ,False,
KDDIF,KDDI Corporation,19.83,2026-08-05T22:49:29.308522+00:00,False,+39.9%,True,$75499.5M,,N/A,False,0.5K,True,$19.83 / SMA $17.64,False,0.88%,,N/A,False,2988.6M,False,PNK,False,
KEEL,Keel Infrastructure Corp.,3.93,2026-08-05T22:53:58.533077+00:00,True,+235.9%,True,$2373.0M,False,+-118.2%,True,46241.7K,False,$3.93 / SMA $5.08,True,10.17%,False,+-22.4%,False,576.2M,True,NGM,False,
KELYA,"Kelly Services, Inc.",15.22,2026-08-05T22:58:05.727576+00:00,True,+90.7%,True,$527.7M,False,+-206.2%,False,458.0K,True,$15.22 / SMA $13.17,True,3.53%,False,+-10.7%,True,29.4M,True,NMS,False,
KGC,Kinross Gold Corporation,25.7,2026-08-05T22:49:39.277191+00:00,False,+42.1%,True,$30486.4M,True,+65.1%,True,8147.0K,True,$25.70 / SMA $25.13,True,3.38%,True,+29.5%,False,1179.6M,True,NYQ,False,
KKKUF,"Kakaku.com, Inc.",22.675,2026-08-05T22:52:10.512160+00:00,True,+103.4%,True,$4544.8M,,N/A,False,0.5K,True,$22.68 / SMA $21.23,False,0.00%,,N/A,True,82.3M,False,PNK,False,
KKPNF,Koninklijke KPN N.V.,4.55,2026-08-05T22:49:50.440489+00:00,False,+7.1%,True,$17448.0M,False,+0.0%,False,57.9K,False,$4.55 / SMA $4.93,True,7.66%,False,+0.5%,False,3768.2M,False,PNK,False,
KLAC,KLA Corporation,192.8,2026-08-05T22:49:19.485588+00:00,True,+131.7%,True,$251849.9M,False,+14.8%,True,12994.9K,False,$192.80 / SMA $221.54,True,5.78%,,N/A,False,1303.4M,True,NMS,False,
KNCRY,Konecranes Plc,7.85,2026-08-05T22:50:18.679066+00:00,True,+151.1%,True,$7462.0M,False,+-9.5%,False,0.2K,True,$7.85 / SMA $7.71,False,0.03%,False,+-3.1%,False,751.6M,False,PNK,False,
KNRRY,Knorr-Bremse AG,29.83,2026-08-05T22:49:52.767733+00:00,False,+31.9%,True,$19234.4M,,N/A,False,18.8K,True,$29.83 / SMA $29.45,False,1.59%,False,+9.4%,False,244.4M,False,PNK,False,
KNYJF,KONE Oyj,58.4,2026-08-05T22:49:41.592899+00:00,False,+10.8%,True,$30267.8M,False,+12.2%,False,0.8K,True,$58.40 / SMA $56.36,False,0.15%,False,+9.9%,False,367.0M,False,PNK,False,
KOD,Kodiak Sciences Inc.,43.61,2026-08-05T22:54:06.101526+00:00,True,+489.3%,True,$2729.0M,False,+13.8%,True,716.3K,True,$43.61 / SMA $37.85,True,7.27%,,N/A,True,39.3M,True,NGM,False,
KOF,KOF,108.28,2026-08-05T22:52:01.098510+00:00,False,+35.0%,,N/A,False,+-85.4%,False,136.3K,True,$108.28 / SMA $105.52,False,2.54%,False,+4.7%,True,52.4M,True,NYQ,False,
KOS,KOS,2.35,2026-08-05T22:54:12.923825+00:00,True,+179.8%,True,$1399.4M,False,+-95.7%,True,14783.5K,False,$2.35 / SMA $2.50,True,7.17%,True,+27.8%,False,573.2M,True,NYQ,False,
KOYNU,"CSLM Digital Asset Acquisition Corp III, Ltd",10.25,2026-08-05T22:59:47.229014+00:00,False,+2.5%,,N/A,,N/A,False,0.3K,False,$10.25 / SMA $10.29,False,0.03%,,N/A,True,23.3M,True,NGM,False,
KPLUF,K+S Aktiengesellschaft,16.04,2026-08-05T22:53:54.895074+00:00,False,+23.0%,True,$2896.7M,False,+-283.3%,False,0.0K,False,$16.04 / SMA $16.90,False,0.00%,False,+10.0%,False,179.1M,False,OQX,False,
KRC,KRC,38.65,2026-08-05T22:52:13.469451+00:00,False,+41.3%,True,$4539.2M,False,+-70.2%,True,1521.4K,True,$38.65 / SMA $37.74,False,2.74%,,N/A,True,96.2M,True,NYQ,False,
KRNT,Kornit Digital Ltd.,16.85,2026-08-05T22:57:48.360428+00:00,False,+41.2%,True,$780.8M,False,+-72.7%,False,271.5K,True,$16.85 / SMA $15.79,True,3.59%,False,+4.5%,True,40.0M,True,NMS,False,
KRSP.U,KRSP.U,,2026-08-05T22:57:59.692512+00:00,False,N/A,False,N/A,False,N/A,False,N/A,False,N/A,False,N/A,False,N/A,False,N/A,False,Unknown,False,No price data available
KRUS,"Kura Sushi USA, Inc.",49.23,2026-08-05T22:57:49.178886+00:00,False,+15.5%,True,$598.1M,False,+-40.0%,False,370.4K,False,$49.23 / SMA $50.03,True,5.66%,False,+16.2%,True,7.0M,True,NGM,False,
KRYAF,Kerry Group plc,94.25,2026-08-05T22:50:00.721946+00:00,False,+24.7%,True,$14979.2M,,N/A,False,0.1K,True,$94.25 / SMA $89.18,False,0.05%,,N/A,False,158.6M,False,OID,False,
KSRYY,KOSE Holdings Corporation,7.34,2026-08-05T22:54:11.239067+00:00,False,+23.8%,True,$2082.2M,,N/A,False,0.2K,True,$7.34 / SMA $6.50,False,0.07%,,N/A,False,161.8M,False,PNK,False,
KTWIY,Kurita Water Industries Ltd.,109.0,2026-08-05T22:51:57.638878+00:00,True,+2944.7%,True,$5893.9M,,N/A,False,0.7K,False,$109.00 / SMA $109.56,False,0.45%,,N/A,True,53.2M,False,PNK,False,
KVYO,"Klaviyo, Inc.",19.3,2026-08-05T22:52:08.924859+00:00,False,+54.0%,True,$5776.1M,True,+160.0%,True,6455.7K,True,$19.30 / SMA $16.15,True,6.41%,True,+27.9%,True,139.9M,True,NYQ,False,
KXHCF,KXHCF,353.155,2026-08-05T22:49:19.973980+00:00,True,+516.8%,,N/A,,N/A,False,18.1K,False,$353.15 / SMA $449.70,True,4.02%,,N/A,False,371.9M,False,PNK,False,
KXSCF,Kinaxis Inc.,125.11,2026-08-05T22:53:58.483935+00:00,False,+47.7%,True,$3418.0M,,N/A,False,13.0K,True,$125.11 / SMA $111.96,False,2.85%,True,+33.6%,True,27.2M,False,PNK,False,
KYKOF,"Kyowa Kirin Co., Ltd.",14.425,2026-08-05T22:50:18.418018+00:00,False,+16.1%,True,$7551.3M,,N/A,False,0.6K,False,$14.43 / SMA $14.43,False,0.00%,,N/A,,N/A,False,PNK,False,
KYN,"Kayne Anderson Energy Infrastructure Fund, Inc.",14.09,2026-08-05T22:54:04.669693+00:00,False,+24.6%,True,$2383.0M,,N/A,False,390.8K,True,$14.09 / SMA $14.02,False,1.71%,,N/A,,N/A,True,NYQ,False,
KYTX,"Kyverna Therapeutics, Inc.",7.64,2026-08-05T22:57:56.267486+00:00,True,+172.9%,True,$464.5M,True,+35.9%,True,1059.1K,False,$7.64 / SMA $8.09,True,7.11%,,N/A,True,35.5M,True,NMS,False,
LAB,Standard BioTools Inc.,0.7841,2026-08-05T22:58:04.994324+00:00,False,+12.0%,True,$306.9M,True,+571.4%,True,3534.9K,False,$0.78 / SMA $0.90,True,8.27%,False,+4.6%,False,209.6M,True,NMS,False,
LANDO,Gladstone Land Corporation,21.98,2026-08-05T22:58:03.979173+00:00,False,+18.8%,,N/A,,N/A,False,16.3K,True,$21.98 / SMA $20.73,False,1.22%,False,+-1.5%,True,41.7M,True,NGM,False,
LAUR,"Laureate Education, Inc.",38.05,2026-08-05T22:52:07.600485+00:00,False,+60.0%,True,$5241.4M,True,+50.8%,True,1226.0K,True,$38.05 / SMA $36.61,True,3.50%,False,+17.5%,True,123.3M,True,NMS,False,
LB,LandBridge Company LLC,75.63,2026-08-05T22:51:58.235088+00:00,True,+72.9%,True,$5824.8M,False,+12.6%,False,351.1K,True,$75.63 / SMA $72.52,True,3.77%,False,+16.0%,True,27.6M,True,NYQ,False,
LCII,LCI Industries,107.17,2026-08-05T22:54:01.057843+00:00,False,+27.1%,True,$2605.5M,True,+30.4%,False,452.6K,True,$107.17 / SMA $101.38,True,3.45%,False,+4.3%,True,23.5M,True,NYQ,False,
LDSVF,Chocoladefabriken Lindt & Sprüngli AG,11300.0,2026-08-05T22:49:42.868476+00:00,False,+2.5%,True,$26070.2M,,N/A,False,0.0K,False,$11300.00 / SMA $11585.92,False,0.40%,,N/A,True,0.2M,False,PNK,False,
LEGN,Legend Biotech Corporation,19.05,2026-08-05T22:52:02.461393+00:00,False,+17.3%,True,$3685.0M,True,+44.4%,True,2754.1K,False,$19.05 / SMA $27.38,True,4.87%,True,+56.5%,True,86.7M,True,NMS,False,
LGYRF,Landis+Gyr Group AG,52.1,2026-08-05T22:54:11.890010+00:00,False,+1.6%,True,$1481.3M,,N/A,False,0.0K,False,$52.10 / SMA $57.25,False,0.00%,,N/A,True,25.3M,False,PNK,False,
LIN,Linde plc,491.05,2026-08-05T22:49:19.611645+00:00,False,+26.6%,True,$226364.3M,False,+11.3%,True,2301.1K,False,$491.05 / SMA $512.62,False,1.92%,,N/A,False,459.4M,True,NMS,False,
LIND,"Lindblad Expeditions Holdings, Inc.",34.11,2026-08-05T22:55:55.380319+00:00,True,+200.0%,True,$2237.6M,,N/A,True,906.1K,True,$34.11 / SMA $26.13,True,4.48%,False,+15.7%,True,49.4M,True,NCM,False,
LION,Lionsgate Studios Corp.,12.98,2026-08-05T22:52:09.628615+00:00,True,+129.7%,True,$3861.4M,True,+127.6%,True,3444.2K,False,$12.98 / SMA $14.09,True,3.83%,False,+-15.3%,,N/A,True,NYQ,False,
LKTEF,LKTEF,0.4031,2026-08-05T22:57:54.589381+00:00,False,+0.0%,True,$550.0M,,N/A,False,0.0K,False,$0.40 / SMA $0.40,False,0.00%,,N/A,False,506.8M,False,PNK,False,
LLESY,Lendlease Group,1.9,2026-08-05T22:55:54.671300+00:00,False,+6.7%,True,$1312.7M,,N/A,False,0.6K,False,$1.90 / SMA $2.03,False,0.86%,,N/A,False,646.5M,False,PNK,False,
LLOBF,Lloyds Banking Group plc 9.25% NON-CUM IRR PRF SHS GBP0.25,2.0,2026-08-05T22:49:27.515825+00:00,False,+7.5%,,N/A,,N/A,False,0.1K,False,$2.00 / SMA $2.01,False,0.32%,False,+14.7%,,N/A,False,PNK,False,
LLY,LLY,1169.86,2026-08-05T22:49:18.173295+00:00,True,+87.5%,,N/A,True,+169.9%,True,2998.4K,True,$1169.86 / SMA $1152.95,True,3.04%,True,+55.5%,False,889.3M,True,NYQ,False,
LNC,Lincoln National Corporation,46.91,2026-08-05T22:50:21.352629+00:00,False,+45.8%,True,$8980.8M,True,+76.8%,True,1975.3K,True,$46.91 / SMA $38.57,False,2.96%,False,+12.5%,False,171.5M,True,NYQ,False,
LNT,Alliant Energy Corporation,70.2,2026-08-05T22:49:52.155172+00:00,False,+10.9%,True,$18201.8M,False,+4.8%,True,2510.9K,False,$70.20 / SMA $73.32,False,1.97%,False,+5.0%,False,258.5M,True,NMS,False,
LNTH,"Lantheus Holdings, Inc.",101.5,2026-08-05T22:50:22.190378+00:00,True,+114.8%,True,$6608.3M,True,+76.5%,True,1151.9K,False,$101.50 / SMA $103.73,True,3.17%,False,+1.2%,True,58.4M,True,NGM,False,
LOB,"Live Oak Bancshares, Inc.",43.76,2026-08-05T22:54:14.660729+00:00,False,+49.0%,True,$2025.4M,True,+185.7%,False,259.5K,True,$43.76 / SMA $40.39,False,2.58%,False,+16.4%,True,36.0M,True,NYQ,False,
LOKVU,Live Oak Acquisition Corp V,11.99,2026-08-05T22:59:49.998792+00:00,False,+18.7%,,N/A,,N/A,False,1.2K,True,$11.99 / SMA_short $11.99,,N/A,,N/A,,N/A,True,NGM,False,
LOPE,"Grand Canyon Education, Inc.",150.56,2026-08-05T22:52:11.700911+00:00,False,+12.1%,True,$3924.4M,False,+18.2%,False,350.5K,True,$150.56 / SMA $147.39,True,3.45%,False,+6.7%,True,25.1M,True,NMS,False,
LPAAU,Launch One Acquisition Corp.,11.13,2026-08-05T22:59:49.139963+00:00,False,+5.5%,,N/A,,N/A,False,0.1K,True,$11.13 / SMA $10.87,False,0.26%,,N/A,True,16.0M,True,NGM,False,
LPTH,"LightPath Technologies, Inc.",11.99,2026-08-05T22:56:02.712391+00:00,True,+256.8%,True,$752.8M,False,+22.2%,True,3638.7K,False,$11.99 / SMA $13.52,True,9.23%,True,+108.9%,True,62.1M,True,NCM,False,
LRCX,Lam Research Corporation,307.42,2026-08-05T22:49:18.539536+00:00,True,+226.7%,True,$384667.9M,True,+34.1%,True,11805.6K,False,$307.42 / SMA $338.25,True,6.49%,,N/A,False,1246.3M,True,NMS,False,
LRLCY,L'Oréal S.A.,89.81,2026-08-05T22:49:19.905761+00:00,False,+13.9%,True,$239073.9M,,N/A,False,306.2K,True,$89.81 / SMA $87.66,False,1.50%,,N/A,False,1271.3M,False,PNK,False,
LSAK,"Lesaka Technologies, Inc.",4.75,2026-08-05T22:58:03.240807+00:00,False,+31.2%,True,$407.5M,True,+103.6%,False,155.0K,False,$4.75 / SMA $4.76,True,3.27%,False,+13.4%,True,53.0M,True,NMS,False,
LSCC,Lattice Semiconductor Corporation,128.31,2026-08-05T22:49:51.425211+00:00,True,+130.7%,True,$18187.8M,True,+600.0%,True,2075.8K,False,$128.31 / SMA $138.28,True,6.04%,True,+62.2%,True,135.9M,True,NMS,False,
LTH,"Life Time Group Holdings, Inc.",45.31,2026-08-05T22:50:20.127985+00:00,True,+87.7%,True,$10125.1M,True,+40.6%,True,3122.8K,True,$45.31 / SMA $38.96,True,3.37%,False,+13.7%,False,190.2M,True,NYQ,False,
LUNMF,Lundin Mining Corporation,27.53,2026-08-05T22:49:46.969380+00:00,True,+171.2%,True,$23503.3M,True,+157.9%,False,171.3K,True,$27.53 / SMA $26.02,True,5.33%,True,+252.2%,False,676.2M,False,PNK,False,
LWLG,"Lightwave Logic, Inc.",7.27,2026-08-05T22:54:09.961885+00:00,True,+265.3%,True,$1120.2M,False,+0.0%,True,5626.8K,False,$7.27 / SMA $8.42,True,8.35%,True,+27.3%,False,151.8M,True,NCM,False,
LYV,LYV,183.52,2026-08-05T22:49:36.525642+00:00,False,+46.4%,True,$42752.7M,True,+156.1%,True,2544.4K,True,$183.52 / SMA $175.54,False,2.63%,False,+9.4%,False,157.1M,True,NYQ,False,
LZAGY,Lonza Group AG,69.51,2026-08-05T22:49:34.980910+00:00,False,+18.8%,True,$49458.7M,,N/A,False,62.2K,True,$69.51 / SMA $66.55,False,1.39%,,N/A,False,697.4M,False,PNK,False,
MAIFF,Mining Americas Inc.,3.74,2026-08-05T22:57:58.858389+00:00,True,+692.4%,True,$411.2M,True,+332.6%,False,170.3K,True,$3.74 / SMA $3.72,True,4.13%,True,+1519.5%,True,107.0M,False,OQX,False,
MALJF,Magellan Aerospace Corporation,27.0,2026-08-05T22:55:58.510998+00:00,True,+148.8%,True,$1586.3M,True,+52.6%,False,4.6K,True,$27.00 / SMA $23.63,False,1.85%,False,+9.3%,True,11.8M,False,PNK,False,
MANH,"Manhattan Associates, Inc.",192.08,2026-08-05T22:50:16.187756+00:00,False,+61.3%,True,$11199.2M,False,+-8.6%,True,714.1K,True,$192.08 / SMA $153.41,True,4.94%,False,+9.3%,True,54.5M,True,NMS,False,
MARIF,Marimaca Copper Corp.,5.66,2026-08-05T22:56:12.009988+00:00,False,+15.7%,True,$764.0M,False,+-250.0%,False,26.1K,True,$5.66 / SMA $5.39,False,1.94%,,N/A,True,103.6M,False,OQX,False,
MCEM,The Monarch Cement Company,267.7,2026-08-05T22:57:48.011794+00:00,False,+29.3%,True,$999.8M,True,+320.8%,False,0.4K,False,$267.70 / SMA $281.82,False,1.86%,True,+27.5%,True,2.8M,False,OQX,False,
MDA,MDA Space Ltd.,33.94,2026-08-05T22:51:58.968402+00:00,False,+46.1%,True,$5495.5M,False,+-17.9%,True,1535.4K,False,$33.94 / SMA $36.72,True,5.34%,True,+32.2%,,N/A,True,NYQ,False,
MDDNF,Meridian Energy Limited,3.28,2026-08-05T22:50:12.339326+00:00,False,+15.5%,True,$8655.2M,,N/A,False,0.3K,False,$3.28 / SMA $3.40,False,0.03%,,N/A,False,1300.7M,False,PNK,False,
MEDP,"Medpace Holdings, Inc.",587.75,2026-08-05T22:50:03.484974+00:00,False,+57.6%,True,$16405.1M,True,+37.1%,False,341.9K,True,$587.75 / SMA $513.34,True,3.64%,False,+17.2%,True,22.4M,True,NMS,False,
MEGI,NYLI CBRE Global Infrastructure Megatrends Term Fund,15.15,2026-08-05T22:56:10.867861+00:00,False,+12.9%,True,$788.5M,,N/A,False,130.8K,True,$15.15 / SMA $15.10,False,1.67%,,N/A,,N/A,True,NYQ,False,
MELI,"MercadoLibre, Inc.",1922.57,2026-08-05T22:49:26.578182+00:00,False,+28.6%,True,$97468.9M,False,+-15.5%,True,540.1K,True,$1922.57 / SMA $1741.60,False,2.70%,True,+49.0%,True,50.6M,True,NMS,False,
MESHU,Meshflow Acquisition Corp.,10.1,2026-08-05T22:58:01.139788+00:00,False,+1.5%,,N/A,,N/A,False,8.2K,True,$10.10 / SMA $10.10,False,0.08%,,N/A,True,34.5M,True,NGM,False,
MFG,"Mizuho Financial Group, Inc.",10.7,2026-08-05T22:49:23.835375+00:00,True,+77.2%,True,$130349.5M,,N/A,True,3967.4K,True,$10.70 / SMA $9.93,False,1.82%,True,+63.2%,False,12165.7M,True,NYQ,False,
MFIC,MidCap Financial Investment Corporation,9.48,2026-08-05T22:56:08.448806+00:00,False,+1.5%,True,$780.9M,False,+-193.8%,True,563.8K,False,$9.48 / SMA $9.96,False,2.25%,False,+-173.7%,,N/A,True,NMS,False,
MGA,Magna International Inc.,71.76,2026-08-05T22:49:53.514743+00:00,True,+72.1%,True,$19197.2M,True,+27.4%,True,1233.6K,True,$71.76 / SMA $66.15,False,2.76%,False,+3.3%,False,264.8M,True,NYQ,False,
MGDDY,Compagnie Générale des Établissements Michelin Société en commandite par actions,19.7,2026-08-05T22:49:45.279100+00:00,False,+32.9%,False,$0.0M,,N/A,False,104.4K,True,$19.70 / SMA $19.24,False,1.40%,,N/A,,N/A,False,PNK,False,
MGRC,McGrath RentCorp,121.01,2026-08-05T22:54:01.182206+00:00,False,+27.4%,True,$2955.7M,False,+-6.2%,False,188.7K,True,$121.01 / SMA $115.62,False,2.65%,False,+-6.2%,True,24.1M,True,NMS,False,
MGRT,Mega Fortune Company Limited,94.33,2026-08-05T22:55:59.091345+00:00,True,+3452.9%,True,$1297.0M,,N/A,False,16.7K,True,$94.33 / SMA $82.39,True,8.19%,,N/A,True,2.0M,True,NCM,False,
MH,"McGraw Hill, Inc.",11.67,2026-08-05T22:54:05.611104+00:00,False,+30.5%,True,$2232.2M,,N/A,True,724.4K,True,$11.67 / SMA $10.68,True,5.79%,False,+-2.0%,True,25.0M,True,NYQ,False,
MHEYF,Keo Capital AB (publ),1.16,2026-08-05T22:58:07.193600+00:00,False,+61.1%,,N/A,,N/A,False,34.7K,True,$1.16 / SMA_short $1.04,True,3.03%,,N/A,True,115.4M,False,PNK,False,
MICC,The Magnum Ice Cream Company N.V.,18.85,2026-08-05T22:50:09.847980+00:00,False,+45.7%,True,$11552.0M,,N/A,True,1322.6K,True,$18.85 / SMA $17.72,False,1.87%,,N/A,False,489.7M,True,NYQ,False,
MINBY,MINEBEA MITSUMI Inc.,25.725,2026-08-05T22:50:09.124998+00:00,False,+68.5%,True,$10331.0M,,N/A,False,7.0K,False,$25.73 / SMA $27.23,True,4.87%,,N/A,,N/A,False,PNK,False,
MIY,"BlackRock MuniYield Michigan Quality Fund, Inc.",12.08,2026-08-05T22:59:43.384181+00:00,False,+10.1%,True,$349.9M,,N/A,False,59.4K,False,$12.08 / SMA $12.14,False,1.14%,,N/A,,N/A,True,NYQ,False,
MKEWF,Makita Corporation,31.02,2026-08-05T22:50:08.503232+00:00,False,+6.6%,True,$7992.5M,,N/A,False,0.0K,False,$31.02 / SMA $37.90,False,0.00%,,N/A,False,242.4M,False,PNK,False,
MKL,Markel Group Inc.,1878.03,2026-08-05T22:49:47.226826+00:00,False,+9.2%,True,$23268.7M,True,+86.8%,False,74.5K,False,$1878.03 / SMA $1900.60,False,1.98%,False,+17.8%,True,12.1M,True,NYQ,False,
MKTX,MarketAxess Holdings Inc.,162.41,2026-08-05T22:52:06.111703+00:00,False,+49.3%,True,$5715.7M,False,+1.0%,True,911.8K,True,$162.41 / SMA $122.76,False,2.28%,,N/A,True,30.5M,True,NMS,False,
MLAAU,Mountain Lake Acquisition Corp. II,10.05,2026-08-05T22:57:57.413247+00:00,False,+1.2%,,N/A,,N/A,False,0.9K,False,$10.05 / SMA $10.13,False,0.00%,,N/A,True,36.5M,True,NGM,False,
MLCO,Melco Resorts & Entertainment Limited,5.65,2026-08-05T22:54:08.463074+00:00,False,+11.4%,True,$2193.8M,True,+150.0%,True,2618.2K,True,$5.65 / SMA $5.50,True,3.17%,False,+10.9%,True,147.4M,True,NMS,False,
MLFNF,Maple Leaf Foods Inc.,20.61,2026-08-05T22:54:01.842915+00:00,False,+23.6%,True,$2564.5M,,N/A,False,21.3K,False,$20.61 / SMA $21.22,False,0.46%,False,+-21.1%,True,74.6M,False,PNK,False,
MLXEF,Metals X Limited,1.135,2026-08-05T22:56:03.252628+00:00,True,+215.3%,True,$1012.5M,,N/A,False,31.8K,True,$1.14 / SMA $1.02,True,4.30%,,N/A,False,629.4M,False,PNK,False,
MMSMY,"Mitsui Kinzoku Company, Limited",45.11,2026-08-05T22:49:53.519429+00:00,True,+404.0%,True,$12904.2M,,N/A,False,10.7K,False,$45.11 / SMA $49.44,True,3.01%,,N/A,False,276.6M,False,PNK,False,
MNDY,monday.com Ltd.,91.45,2026-08-05T22:52:12.724255+00:00,False,+59.0%,True,$3866.0M,False,+9.6%,True,1756.0K,True,$91.45 / SMA $80.40,True,6.13%,False,+24.5%,True,35.3M,True,NMS,False,
MOBI,"Mobia Medical, Inc.",12.25,2026-08-05T22:58:03.760247+00:00,False,+20.2%,True,$407.3M,,N/A,False,192.2K,False,$12.25 / SMA $12.58,True,7.98%,,N/A,True,15.7M,True,NMS,False,
MONDY,Mondi plc,24.39,2026-08-05T22:52:09.305546+00:00,False,+36.5%,True,$5375.5M,,N/A,False,81.5K,True,$24.39 / SMA $19.95,False,2.00%,,N/A,False,218.6M,False,PNK,False,
MONRF,Moncler S.p.A.,58.9,2026-08-05T22:49:54.525073+00:00,False,+11.4%,True,$16020.2M,,N/A,False,1.4K,False,$58.90 / SMA $61.80,False,0.20%,,N/A,False,222.0M,False,PNK,False,
MPFRY,"Mapfre, S.A.",9.49,2026-08-05T22:49:58.602646+00:00,False,+19.2%,True,$14563.9M,,N/A,False,0.5K,False,$9.49 / SMA $9.60,False,0.05%,,N/A,False,460.9M,False,PNK,False,
MPJPY,Metaplanet Inc.,1.38,2026-08-05T22:54:02.132397+00:00,False,+14.2%,,N/A,,N/A,True,926.1K,False,$1.38 / SMA $1.48,True,6.30%,,N/A,False,394.4M,False,OQX,False,
MPT,"Medical Properties Trust, Inc.",4.66,2026-08-05T22:53:56.543482+00:00,False,+18.0%,True,$2787.1M,True,+125.0%,True,5813.2K,False,$4.66 / SMA $4.72,False,2.74%,False,+12.6%,False,490.6M,True,NYQ,False,
MQBKY,Macquarie Group Limited,188.1,2026-08-05T22:49:29.569847+00:00,False,+53.7%,True,$71692.1M,,N/A,False,13.9K,True,$188.10 / SMA $174.66,False,0.82%,,N/A,False,363.4M,False,PNK,False,
MRAAY,"Murata Manufacturing Co., Ltd.",24.95,2026-08-05T22:49:26.842535+00:00,True,+227.0%,True,$90832.4M,,N/A,True,868.3K,False,$24.95 / SMA $29.06,True,4.14%,,N/A,False,3634.1M,False,PNK,False,
MRAM,"Everspin Technologies, Inc.",16.14,2026-08-05T22:56:11.257451+00:00,True,+180.3%,True,$378.4M,True,+80.0%,True,3372.2K,False,$16.14 / SMA $21.15,True,8.87%,False,+13.2%,True,18.7M,True,NGM,False,
MRVL,"Marvell Technology, Inc.",211.02,2026-08-05T22:49:21.001576+00:00,True,+243.5%,True,$189399.8M,False,+-80.0%,True,42056.7K,False,$211.02 / SMA $240.40,True,6.94%,True,+27.6%,False,872.2M,True,NMS,False,
MSBI,"Midland States Bancorp, Inc.",34.24,2026-08-05T22:57:53.810693+00:00,True,+140.4%,True,$710.6M,True,+86.4%,False,173.4K,True,$34.24 / SMA $30.49,True,3.06%,False,+0.4%,True,19.5M,True,NMS,False,
MSBPF,"Mitsubishi Pencil Co., Ltd.",14.66,2026-08-05T22:56:09.838932+00:00,False,+19.8%,True,$733.1M,,N/A,False,0.0K,True,$14.66 / SMA $2.68,False,0.00%,,N/A,True,34.4M,False,PNK,False,
MSCI,MSCI Inc.,571.87,2026-08-05T22:49:34.799809+00:00,False,+14.1%,True,$41574.9M,False,+19.6%,True,720.0K,False,$571.87 / SMA $594.76,False,2.77%,False,+12.2%,True,68.8M,True,NYQ,False,
MSSMY,MISUMI Group Inc.,13.0,2026-08-05T22:52:00.984382+00:00,True,+95.8%,True,$6859.0M,,N/A,False,0.4K,True,$13.00 / SMA $11.73,False,0.49%,,N/A,False,525.8M,False,PNK,False,
MT,ArcelorMittal S.A.,75.35,2026-08-05T22:49:32.978853+00:00,True,+142.6%,True,$56817.0M,False,+-62.0%,True,1953.1K,True,$75.35 / SMA $66.62,False,2.71%,False,+5.2%,False,826.4M,True,NYQ,False,
MTASF,MTASF,31.024,2026-08-05T22:54:13.635610+00:00,False,+20.7%,True,$2020.4M,True,+112.5%,False,0.5K,True,$31.02 / SMA $27.34,False,0.15%,False,+4.1%,True,33.6M,False,PNK,False,
MTD,MTD,1421.52,2026-08-05T22:49:48.388274+00:00,False,+38.9%,True,$28482.4M,False,+18.3%,False,219.0K,True,$1421.52 / SMA $1251.83,False,2.95%,False,+4.5%,True,19.9M,True,NYQ,False,
MTLPF,MTLPF,53.7,2026-08-05T22:51:58.192336+00:00,False,+44.7%,,N/A,,N/A,False,0.2K,True,$53.70 / SMA_short $48.17,,N/A,,N/A,True,110.7M,False,PNK,False,
MTNOY,MTN Group Limited,12.67,2026-08-05T22:49:49.019346+00:00,False,+63.5%,True,$23223.8M,,N/A,False,16.3K,False,$12.67 / SMA $13.60,False,1.65%,,N/A,False,1356.3M,False,PNK,False,
MTRX,Matrix Service Company,11.55,2026-08-05T22:59:41.672168+00:00,False,+16.9%,True,$324.9M,True,+125.0%,False,253.2K,False,$11.55 / SMA $12.92,True,3.98%,False,+3.3%,True,26.9M,True,NMS,False,
MTUAF,MTU Aero Engines AG,432.151,2026-08-05T22:49:52.509280+00:00,False,+37.4%,True,$23263.6M,,N/A,False,0.7K,True,$432.15 / SMA $388.51,True,4.20%,,N/A,True,52.2M,False,PNK,False,
MVBF,MVB Financial Corp.,30.5,2026-08-05T22:59:45.427238+00:00,False,+33.5%,True,$394.9M,True,+520.0%,False,48.2K,True,$30.50 / SMA $28.52,True,3.10%,,N/A,True,11.8M,True,NCM,False,
MVST,"Microvast Holdings, Inc.",0.8431,2026-08-05T22:57:58.468709+00:00,False,+18.4%,False,$280.9M,False,+-180.0%,True,5314.2K,False,$0.84 / SMA $1.11,True,7.99%,False,+-48.0%,False,158.5M,True,NCM,False,
MXF,"The Mexico Fund, Inc.",21.76,2026-08-05T22:59:48.439517+00:00,False,+22.9%,True,$313.8M,,N/A,False,43.4K,True,$21.76 / SMA $21.45,False,2.45%,,N/A,,N/A,True,NYQ,False,
MZHOF,"Mizuho Financial Group, Inc.",51.89,2026-08-05T22:49:23.528769+00:00,True,+78.9%,True,$126426.8M,,N/A,False,34.8K,True,$51.89 / SMA $48.58,False,1.93%,True,+63.2%,False,2433.1M,False,PNK,False,
NAC,NAC,11.85,2026-08-05T22:54:12.646732+00:00,False,+7.0%,,N/A,,N/A,False,485.5K,False,$11.85 / SMA $11.90,False,0.78%,,N/A,,N/A,True,NYQ,False,
NAMS,NewAmsterdam Pharma Company N.V.,27.42,2026-08-05T22:52:11.870793+00:00,False,+29.1%,True,$3205.5M,False,+-17.6%,True,1295.7K,False,$27.42 / SMA $31.80,True,5.79%,False,+2.1%,True,80.7M,True,NGM,False,
NATL,NCR Atleos Corporation,46.81,2026-08-05T22:52:19.375855+00:00,False,+49.6%,True,$3454.5M,True,+26.1%,True,748.1K,True,$46.81 / SMA $45.20,False,1.62%,False,+6.5%,True,73.3M,True,NYQ,False,
NBH,NBH,10.17,2026-08-05T22:59:49.858351+00:00,False,+4.2%,,N/A,,N/A,False,93.8K,False,$10.17 / SMA $10.30,False,1.03%,,N/A,,N/A,True,ASE,False,
NCLTF,"Nitori Holdings Co., Ltd.",18.23,2026-08-05T22:50:13.652054+00:00,False,+37.6%,True,$10301.0M,,N/A,False,0.4K,True,$18.23 / SMA $15.10,False,0.00%,,N/A,False,441.6M,False,PNK,False,
NDGPY,Nine Dragons Paper (Holdings) Limited,18.49,2026-08-05T22:52:14.071332+00:00,False,+52.8%,True,$4338.0M,,N/A,False,0.0K,True,$18.49 / SMA $17.27,False,0.00%,,N/A,True,76.4M,False,PNK,False,
NE,Noble Corporation plc,39.9,2026-08-05T22:50:16.038862+00:00,False,+52.3%,True,$6369.7M,False,+-185.2%,True,1583.8K,False,$39.90 / SMA $42.37,True,3.49%,False,+-15.2%,True,125.9M,True,NYQ,False,
NEO,"NeoGenomics, Inc.",15.73,2026-08-05T22:55:58.845371+00:00,True,+192.9%,True,$2020.9M,True,+105.7%,True,2746.4K,True,$15.73 / SMA $13.02,True,5.30%,False,+11.2%,True,116.5M,True,NCM,False,
NETLF,NetLink NBN Trust,0.769,2026-08-05T22:53:56.969266+00:00,False,+3.1%,True,$2996.8M,,N/A,False,0.0K,True,$0.77 / SMA $0.77,False,0.00%,,N/A,False,2895.6M,False,PNK,False,
NEWTG,"NewtekOne, Inc. 8.50% Fixed Rate Senior Notes due 2029",25.532,2026-08-05T22:58:06.906583+00:00,False,+4.2%,,N/A,,N/A,False,3.5K,True,$25.53 / SMA $25.38,False,0.36%,,N/A,,N/A,True,NGM,False,
NGL,NGL,17.0,2026-08-05T22:54:06.317896+00:00,True,+330.4%,,N/A,,N/A,False,268.8K,True,$17.00 / SMA $15.89,True,5.32%,True,+215.8%,True,111.4M,True,NYQ,False,
NGLOY,Anglo American plc,27.2,2026-08-05T22:49:30.846757+00:00,True,+93.6%,True,$58288.9M,,N/A,False,429.3K,True,$27.20 / SMA $25.37,False,2.75%,,N/A,False,1903.6M,False,OQX,False,
NGXXF,NGEx Minerals Ltd.,19.35,2026-08-05T22:52:13.820959+00:00,False,+37.7%,True,$4196.2M,False,+-17.6%,False,37.2K,True,$19.35 / SMA $18.46,True,3.78%,,N/A,True,136.4M,False,OQX,False,
NHPEF,New Hope Corporation Limited,3.63,2026-08-05T22:53:53.800873+00:00,False,+44.6%,True,$3107.6M,,N/A,False,13.7K,False,$3.63 / SMA $3.93,True,4.97%,,N/A,False,485.3M,False,PNK,False,
NICE,NICE Ltd.,99.35,2026-08-05T22:52:02.638679+00:00,False,+19.6%,True,$5821.6M,False,+-61.7%,True,717.7K,True,$99.35 / SMA $94.16,True,4.30%,False,+9.8%,False,1485.7M,True,NMS,False,
NIKA,NIKA,0.51,2026-08-05T22:57:55.654024+00:00,True,+155.0%,True,$534.8M,,N/A,False,0.1K,False,$0.51 / SMA $0.52,True,4.34%,,N/A,False,275.8M,False,OQB,False,
NKOKF,"Noritsu Koki Co., Ltd.",12.445,2026-08-05T22:55:53.121317+00:00,True,+86.7%,True,$1319.3M,,N/A,False,0.0K,True,$12.45 / SMA $-6.18,False,0.00%,,N/A,True,18.2M,False,PNK,False,
NKX,Nuveen California AMT-Free Quality Municipal Income Fund,12.25,2026-08-05T22:57:49.644317+00:00,False,+5.0%,True,$654.7M,,N/A,False,133.3K,False,$12.25 / SMA $12.38,False,0.62%,,N/A,,N/A,True,NYQ,False,
NL,NL,5.75,2026-08-05T22:59:43.999360+00:00,False,+14.1%,,N/A,True,+800.0%,False,64.4K,False,$5.75 / SMA $6.04,True,3.22%,False,+0.7%,True,8.3M,True,NYQ,False,
NMG,Nouveau Monde Graphite Inc.,1.36,2026-08-05T22:59:49.293359+00:00,False,+7.9%,True,$447.6M,True,+62.5%,True,853.2K,False,$1.36 / SMA $1.53,True,5.76%,,N/A,True,93.8M,True,NYQ,False,
NML,Neuberger Berman Income Funds - Neuberger Energy Infrastructure and Income Fund Inc.,10.02,2026-08-05T22:57:52.679039+00:00,False,+27.0%,True,$567.7M,,N/A,False,129.4K,False,$10.02 / SMA $10.08,False,2.45%,,N/A,,N/A,True,ASE,False,
NMRSF,NMRSF,23.88,2026-08-05T22:54:15.539628+00:00,False,+15.7%,True,$1660.7M,,N/A,False,0.1K,True,$23.88 / SMA $23.32,False,0.00%,,N/A,True,49.9M,False,PNK,False,
NMZ,Nuveen Municipal High Income Opportunity Fund,10.16,2026-08-05T22:54:07.500318+00:00,False,+2.4%,True,$2188.1M,,N/A,True,661.7K,False,$10.16 / SMA $10.26,False,0.66%,,N/A,,N/A,True,NYQ,False,
NNDM,Nano Dimension Ltd.,1.56,2026-08-05T22:59:43.773976+00:00,False,+31.1%,True,$328.4M,False,+-183.3%,True,4177.6K,True,$1.56 / SMA $1.50,True,3.88%,True,+106.4%,False,200.5M,True,NCM,False,
NOA,North American Construction Group Ltd.,14.32,2026-08-05T22:58:03.364020+00:00,False,+18.6%,True,$388.1M,False,+-9.5%,False,105.5K,True,$14.32 / SMA $13.58,False,2.83%,False,+-6.3%,True,24.2M,True,NYQ,False,
NOG,"Northern Oil and Gas, Inc.",19.77,2026-08-05T22:54:03.187842+00:00,False,+15.1%,True,$2150.7M,False,+-482.0%,True,3131.7K,False,$19.77 / SMA $20.09,True,3.62%,False,+-6.2%,True,102.3M,True,NYQ,False,
NONOF,Novo Nordisk A/S,44.61,2026-08-05T22:49:20.347474+00:00,False,+31.2%,True,$197209.7M,True,+67.1%,False,17.0K,False,$44.61 / SMA $46.68,True,5.70%,False,+24.0%,False,3183.4M,False,PNK,False,
NOW,"ServiceNow, Inc.",117.22,2026-08-05T22:49:24.212584+00:00,False,+44.3%,True,$121189.3M,False,+-21.6%,True,28209.8K,True,$117.22 / SMA $106.51,True,5.69%,False,+24.0%,False,1031.3M,True,NYQ,False,
NPACU,New Providence Acquisition Corp. III,10.46,2026-08-05T22:58:05.169954+00:00,False,+2.8%,,N/A,,N/A,False,1.5K,True,$10.46 / SMA $10.44,False,0.02%,,N/A,True,28.1M,True,NGM,False,
NPKYY,"Nippon Kayaku Co., Ltd.",13.16,2026-08-05T22:54:10.868984+00:00,False,+55.6%,True,$1952.0M,,N/A,False,0.0K,True,$13.16 / SMA $13.16,False,0.00%,,N/A,,N/A,False,PNK,False,
NPPXF,"NTT, Inc.",0.94,2026-08-05T22:49:26.938288+00:00,False,+10.6%,True,$76538.2M,,N/A,False,213.5K,True,$0.94 / SMA $0.92,False,1.20%,,N/A,False,49622.6M,False,PNK,False,
NPWR,NET Power Inc.,1.52,2026-08-05T22:58:02.884412+00:00,False,+12.6%,False,$134.3M,True,+92.3%,True,831.9K,False,$1.52 / SMA $1.66,True,6.72%,,N/A,True,46.2M,True,NYQ,False,
NRKBF,NKT A/S,158.3,2026-08-05T22:50:12.843884+00:00,True,+95.4%,True,$8461.2M,False,+10.0%,False,0.0K,True,$158.30 / SMA $152.56,False,0.00%,False,+3.2%,True,50.9M,False,PNK,False,
NSA,National Storage Affiliates Trust,43.41,2026-08-05T22:52:00.460868+00:00,False,+58.3%,True,$6391.4M,True,+60.0%,True,1337.2K,False,$43.41 / SMA_short $44.50,,N/A,False,+-1.6%,True,71.3M,True,NYQ,False,
NSP,NSP,51.12,2026-08-05T22:55:58.218094+00:00,True,+175.3%,True,$1952.5M,True,+171.4%,True,738.8K,True,$51.12 / SMA $42.54,True,5.47%,False,+1.7%,True,35.7M,True,NYQ,False,
NSRGY,Nestlé S.A.,100.64,2026-08-05T22:49:19.423618+00:00,False,+15.2%,True,$258868.2M,,N/A,False,457.4K,False,$100.64 / SMA $101.07,False,1.43%,,N/A,False,2570.9M,False,OID,False,
NTCT,"NetScout Systems, Inc.",41.02,2026-08-05T22:53:58.343622+00:00,True,+101.2%,True,$2982.2M,,N/A,True,646.1K,False,$41.02 / SMA $41.38,True,3.20%,False,+-1.0%,True,67.9M,True,NMS,False,
NTRS,Northern Trust Corporation,184.38,2026-08-05T22:49:40.705997+00:00,False,+52.2%,True,$33733.4M,True,+98.6%,True,1081.4K,True,$184.38 / SMA $176.82,False,2.21%,True,+35.0%,False,179.8M,True,NMS,False,
NUFMF,Nufarm Limited,1.94,2026-08-05T22:57:45.638877+00:00,True,+96.0%,True,$745.5M,,N/A,False,0.7K,False,$1.94 / SMA $1.95,False,0.00%,,N/A,False,378.9M,False,OQX,False,
NURAF,"Nomura Research Institute, Ltd.",29.3,2026-08-05T22:49:55.283281+00:00,False,+25.4%,True,$16399.1M,,N/A,False,0.4K,False,$29.30 / SMA $29.68,False,0.32%,,N/A,False,384.9M,False,PNK,False,
NUTX,Nutex Health Inc.,157.26,2026-08-05T22:56:10.196278+00:00,True,+103.7%,True,$1082.2M,True,+95.8%,False,127.9K,True,$157.26 / SMA $154.06,True,5.74%,False,+2.2%,True,4.2M,True,NCM,False,
NUVB,Nuvation Bio Inc.,6.37,2026-08-05T22:54:15.884360+00:00,True,+192.2%,True,$2218.0M,True,+106.2%,True,6406.3K,True,$6.37 / SMA $5.66,True,6.09%,True,+2598.7%,False,254.6M,True,NYQ,False,
NUVL,Nuvalent Inc,123.96,2026-08-05T22:50:16.819261+00:00,True,+74.3%,True,$9808.7M,False,+-17.8%,True,2330.0K,True,$123.96 / SMA_short $123.96,,N/A,,N/A,True,49.1M,True,NGM,False,
NVDA,NVIDIA Corporation,219.22,2026-08-05T22:49:17.859567+00:00,False,+33.6%,True,$5309727.8M,True,+214.5%,True,153482.8K,True,$219.22 / SMA $205.73,True,3.69%,True,+85.2%,False,23225.5M,True,NMS,False,
NVO,NVO,44.53,2026-08-05T22:49:20.229546+00:00,False,+26.8%,True,$196856.0M,True,+67.1%,True,12266.2K,False,$44.53 / SMA $46.87,False,2.75%,False,+24.0%,False,3183.4M,True,NYQ,False,
NWE,NWE,69.14,2026-08-05T22:52:09.025659+00:00,False,+27.7%,True,$4253.3M,False,+14.3%,False,485.7K,False,$69.14 / SMA $70.71,False,2.11%,False,+14.6%,True,61.1M,True,NMS,False,
NWL,Newell Brands Inc.,6.17,2026-08-05T22:55:50.536748+00:00,True,+101.0%,True,$2627.8M,True,+127.3%,True,11474.7K,True,$6.17 / SMA $4.97,True,7.37%,False,+3.0%,False,392.1M,True,NMS,False,
NXPRF,Nexans S.A.,149.24,2026-08-05T22:50:17.395351+00:00,False,+9.1%,True,$6528.5M,,N/A,False,0.1K,False,$149.24 / SMA $169.68,False,0.00%,,N/A,True,35.6M,False,PNK,False,
NXSNF,"NextVision Stabilized Systems, Ltd.",75.81,2026-08-05T22:50:12.042353+00:00,True,+93.4%,True,$6996.5M,True,+63.6%,False,0.1K,False,$75.81 / SMA $87.87,False,0.00%,True,+86.3%,True,71.5M,False,PNK,False,
O,O,62.7,2026-08-05T22:49:30.486091+00:00,False,+12.2%,,N/A,False,+17.9%,True,5977.0K,True,$62.70 / SMA $62.41,False,1.69%,False,+10.2%,False,930.3M,True,NYQ,False,
OCDDY,Ocado Group plc,5.64,2026-08-05T22:54:05.631354+00:00,False,+42.4%,True,$2348.7M,,N/A,False,11.3K,True,$5.64 / SMA $5.09,False,1.87%,,N/A,False,270.4M,False,PNK,False,
OCFC,OceanFirst Financial Corp.,19.87,2026-08-05T22:56:02.316960+00:00,False,+22.0%,True,$1726.2M,False,+-114.3%,True,990.3K,True,$19.87 / SMA $18.99,False,2.10%,,N/A,True,86.2M,True,NMS,False,
OCPNF,Olympus Corporation,11.3,2026-08-05T22:50:03.613629+00:00,False,+41.3%,True,$12009.9M,,N/A,False,1.3K,True,$11.30 / SMA $10.83,False,0.00%,,N/A,False,1061.8M,False,PNK,False,
OCSL,Oaktree Specialty Lending Corporation,12.06,2026-08-05T22:56:03.410847+00:00,False,+13.5%,True,$1062.3M,True,+50.0%,True,582.4K,True,$12.06 / SMA $11.81,False,2.07%,True,+61.9%,,N/A,True,NMS,False,
ODFL,"Old Dominion Freight Line, Inc.",215.45,2026-08-05T22:49:34.686334+00:00,True,+71.0%,True,$44806.8M,True,+32.3%,True,1842.9K,False,$215.45 / SMA $226.68,True,3.41%,,N/A,False,186.0M,True,NMS,False,
OGC,OceanaGold Corporation,26.86,2026-08-05T22:50:22.938050+00:00,True,+89.3%,True,$5974.9M,True,+140.5%,False,399.6K,True,$26.86 / SMA $25.60,True,3.88%,True,+98.5%,False,222.9M,True,NYQ,False,
OGCP,"Empire State Realty OP, L.P.",4.9,2026-08-05T22:55:51.156901+00:00,False,+8.6%,True,$1371.6M,False,+-80.0%,False,1.2K,False,$4.90 / SMA $5.43,False,1.40%,False,+5.7%,True,13.8M,True,PCX,False,
OGS,OGS,79.25,2026-08-05T22:52:03.910884+00:00,False,+10.5%,,N/A,False,+3.0%,True,663.6K,True,$79.25 / SMA $78.26,False,2.06%,False,+-11.1%,True,62.1M,True,NYQ,False,
OKLO,Oklo Inc.,42.99,2026-08-05T22:50:05.915790+00:00,False,+17.4%,True,$7479.9M,False,+-171.4%,True,11796.8K,False,$42.99 / SMA $52.20,True,7.02%,,N/A,True,138.3M,True,NYQ,False,
OKTA,"Okta, Inc.",147.04,2026-08-05T22:49:56.114271+00:00,True,+134.7%,True,$25556.6M,False,+20.0%,True,3728.7K,True,$147.04 / SMA $130.88,True,5.39%,False,+11.2%,False,165.6M,True,NMS,False,
OLED,OLED,85.93,2026-08-05T22:52:08.983392+00:00,False,+12.4%,True,$3949.9M,False,+-24.8%,True,782.6K,True,$85.93 / SMA $85.10,True,3.60%,False,+-11.4%,True,42.1M,True,NMS,False,
OLN,OLN,18.72,2026-08-05T22:53:57.701039+00:00,False,+5.6%,,N/A,False,+-1100.0%,True,3011.6K,False,$18.72 / SMA $22.50,True,5.01%,False,+-0.9%,True,113.3M,True,NYQ,False,
OMCL,"Omnicell, Inc.",37.17,2026-08-05T22:54:09.541859+00:00,False,+27.9%,True,$1690.5M,True,+333.3%,True,699.3K,False,$37.17 / SMA $41.68,True,4.89%,,N/A,True,42.1M,True,NMS,False,
OMRNY,OMRON Corporation,42.12,2026-08-05T22:50:21.946278+00:00,True,+81.3%,True,$8282.0M,,N/A,False,54.1K,True,$42.12 / SMA $35.31,False,2.09%,,N/A,False,192.6M,False,PNK,False,
OMVJF,OMV Aktiengesellschaft,71.9,2026-08-05T22:49:45.961694+00:00,False,+43.2%,True,$23439.5M,True,+268.2%,False,0.1K,True,$71.90 / SMA $67.30,False,0.00%,True,+29.6%,True,141.1M,False,OQX,False,
OMVKY,OMV Aktiengesellschaft,18.33,2026-08-05T22:49:46.650284+00:00,False,+46.4%,True,$23902.4M,True,+268.2%,False,37.8K,True,$18.33 / SMA $17.07,False,1.11%,True,+29.6%,True,141.1M,False,OQX,False,
ONDS,Ondas Inc.,8.87,2026-08-05T22:52:08.336997+00:00,True,+203.8%,True,$5054.5M,True,+613.4%,True,86276.3K,True,$8.87 / SMA $8.80,True,8.76%,True,+1079.9%,False,463.5M,True,NCM,False,
OPAL,OPAL Fuels Inc.,2.36,2026-08-05T22:58:07.830885+00:00,False,+43.0%,True,$412.4M,False,+-800.0%,False,284.4K,True,$2.36 / SMA $2.16,True,6.20%,False,+-14.1%,True,16.9M,True,NCM,False,
OPMXF,"Operadora de Sites Mexicanos, S.A.B. de C.V.",1.0,2026-08-05T22:53:57.836355+00:00,False,+42.1%,True,$2913.7M,True,+41.7%,False,3.2K,True,$1.00 / SMA $0.93,False,2.27%,False,+5.4%,False,2914.5M,False,PNK,False,
OPTU,OPTU,0.7841,2026-08-05T22:59:48.612903+00:00,False,+34.5%,True,$307.0M,False,+-3712.5%,True,11543.9K,False,$0.78 / SMA $1.06,True,12.65%,False,+-4.0%,False,262.8M,True,NYQ,False,
OPY,Oppenheimer Holdings Inc.,115.92,2026-08-05T22:56:04.561903+00:00,True,+81.7%,True,$1241.3M,False,+24.6%,False,109.2K,True,$115.92 / SMA $106.87,True,4.20%,False,+21.9%,True,6.1M,True,NYQ,False,
ORANY,Orange S.A.,18.35,2026-08-05T22:49:30.774251+00:00,False,+19.5%,True,$48770.1M,,N/A,False,162.8K,False,$18.35 / SMA $19.22,False,1.29%,False,+9.2%,False,1853.1M,False,PNK,False,
ORC,ORC,6.42,2026-08-05T22:55:55.154785+00:00,False,+1.7%,,N/A,True,+251.7%,True,5062.0K,False,$6.42 / SMA $6.57,False,2.10%,True,+435.7%,False,199.2M,True,NYQ,False,
ORGO,Organogenesis Holdings Inc.,2.37,2026-08-05T22:59:44.082363+00:00,False,+16.2%,True,$305.0M,False,+-158.8%,True,967.5K,False,$2.37 / SMA $2.45,True,5.59%,False,+-58.2%,True,57.4M,True,NCM,False,
ORKLY,Orkla ASA,11.18,2026-08-05T22:50:06.345819+00:00,False,+12.8%,True,$10752.2M,False,+-4.5%,False,95.1K,True,$11.18 / SMA $10.77,False,1.38%,False,+1.3%,False,640.6M,False,PNK,False,
ORZCF,Orezone Gold Corporation,1.78,2026-08-05T22:56:00.288050+00:00,True,+137.3%,True,$1187.2M,True,+100.0%,False,159.5K,True,$1.78 / SMA $1.66,True,4.13%,True,+124.8%,False,464.4M,False,OQX,False,
OSIS,"OSI Systems, Inc.",235.09,2026-08-05T22:52:15.965973+00:00,False,+19.2%,True,$3875.0M,False,+-2.9%,False,267.0K,True,$235.09 / SMA $217.54,True,3.33%,False,+2.0%,True,15.6M,True,NMS,False,
OSW,OneSpaWorld Holdings Limited,26.61,2026-08-05T22:54:03.971346+00:00,False,+39.6%,True,$2700.9M,False,+21.1%,True,806.1K,True,$26.61 / SMA $26.12,True,3.01%,False,+8.5%,True,98.7M,True,NCM,False,
OUTKY,Outokumpu Oyj,3.02,2026-08-05T22:53:55.743972+00:00,False,+59.8%,True,$2847.1M,True,+225.0%,False,0.3K,False,$3.02 / SMA $3.20,False,0.19%,False,+3.8%,False,775.5M,False,PNK,False,
OVHFF,OVH Groupe S.A.,17.15,2026-08-05T22:54:08.400497+00:00,True,+105.6%,True,$2563.6M,,N/A,False,1.3K,True,$17.15 / SMA $17.11,False,0.03%,,N/A,True,22.0M,False,PNK,False,
OWL,Blue Owl Capital Inc.,11.55,2026-08-05T22:49:56.820190+00:00,False,+45.3%,True,$18007.0M,,N/A,True,22259.1K,True,$11.55 / SMA $9.61,True,3.86%,False,+10.3%,False,648.6M,True,NYQ,False,
PAG,"Penske Automotive Group, Inc.",215.76,2026-08-05T22:50:07.211119+00:00,False,+54.0%,True,$14167.4M,False,+4.8%,False,373.1K,True,$215.76 / SMA $189.28,False,2.71%,False,+6.0%,True,17.5M,True,NYQ,False,
PAKTY,PAKTY,1.23,2026-08-05T22:56:07.062155+00:00,False,+69.7%,True,$1753.0M,,N/A,False,0.1K,True,$1.23 / SMA $1.18,False,0.00%,False,+15.5%,False,437.5M,False,PNK,False,
PARXF,Parex Resources Inc.,16.91,2026-08-05T22:54:12.643479+00:00,False,+49.1%,True,$1626.4M,True,+462.2%,False,82.8K,False,$16.91 / SMA $16.92,False,2.97%,True,+74.9%,True,95.4M,False,PNK,False,
PAX,Patria Investments Limited,11.34,2026-08-05T22:54:13.332527+00:00,False,+7.5%,True,$1830.2M,False,+-86.3%,True,989.0K,True,$11.34 / SMA $11.18,False,2.76%,False,+22.0%,True,64.5M,True,NMS,False,
PB,"Prosperity Bancshares, Inc.",74.62,2026-08-05T22:50:21.238523+00:00,False,+22.2%,True,$8943.6M,False,+17.6%,True,1138.6K,True,$74.62 / SMA $71.77,False,1.94%,,N/A,True,90.0M,True,NYQ,False,
PBCRF,PT Bank Central Asia Tbk,0.353,2026-08-05T22:49:36.736587+00:00,False,+30.7%,True,$43363.1M,,N/A,False,34.6K,True,$0.35 / SMA $0.33,False,0.08%,False,+4.4%,False,48206.8M,False,PNK,False,
PBF,PBF Energy Inc.,61.17,2026-08-05T22:52:06.827286+00:00,True,+185.0%,True,$7250.9M,,N/A,True,2926.3K,True,$61.17 / SMA $50.59,True,6.51%,True,+56.2%,True,100.1M,True,NYQ,True,
PBH,PBH,52.98,2026-08-05T22:54:06.157528+00:00,False,+24.3%,,N/A,,N/A,True,699.6K,True,$52.98 / SMA $48.54,True,3.45%,False,+-5.0%,True,46.7M,True,NYQ,False,
PCFBY,Pacific Basin Shipping Limited,7.89,2026-08-05T22:54:08.486697+00:00,False,+60.7%,True,$2033.0M,,N/A,False,0.9K,True,$7.89 / SMA $7.78,False,2.30%,,N/A,False,202.0M,False,PNK,False,
PCG,PG&E Corporation,17.2,2026-08-05T22:49:37.539040+00:00,False,+20.3%,True,$37880.7M,True,+37.5%,True,19661.8K,True,$17.20 / SMA $17.03,False,2.49%,False,+0.1%,False,2195.2M,True,NYQ,False,
PCN,PCN,11.75,2026-08-05T22:56:08.788408+00:00,False,+3.1%,,N/A,,N/A,False,311.7K,True,$11.75 / SMA $11.64,False,0.95%,,N/A,,N/A,True,NYQ,False,
PCOR,"Procore Technologies, Inc.",55.69,2026-08-05T22:50:20.452675+00:00,False,+46.4%,True,$8462.4M,True,+178.6%,True,3048.9K,True,$55.69 / SMA $45.57,True,5.56%,,N/A,True,137.4M,True,NYQ,False,
PCRHY,PCRHY,28.47,2026-08-05T22:49:32.079625+00:00,True,+193.5%,True,$66475.3M,,N/A,False,286.9K,True,$28.47 / SMA $25.41,True,3.27%,,N/A,False,2296.2M,False,PNK,False,
PCRX,"Pacira BioSciences, Inc.",24.87,2026-08-05T22:56:07.112822+00:00,False,+32.3%,True,$978.6M,False,+-30.0%,True,506.3K,True,$24.87 / SMA $24.63,True,3.75%,False,+5.0%,True,33.7M,True,NMS,False,
PDD,PDD Holdings Inc.,90.94,2026-08-05T22:49:22.408173+00:00,False,+26.4%,True,$129443.7M,False,+-14.9%,True,9015.7K,True,$90.94 / SMA $83.77,False,2.27%,False,+11.0%,False,753.1M,True,NMS,False,
PECO,"Phillips Edison & Company, Inc.",41.58,2026-08-05T22:52:01.731412+00:00,False,+26.6%,True,$5869.9M,True,+230.0%,True,1040.9K,False,$41.58 / SMA $41.67,False,1.70%,False,+6.7%,True,127.9M,True,NMS,False,
PEGRF,Pennon Group Plc,6.592,2026-08-05T22:53:54.586221+00:00,False,+13.7%,True,$3109.7M,,N/A,False,0.1K,True,$6.59 / SMA $6.11,False,0.12%,,N/A,False,470.4M,False,PNK,False,
PFG,PFG,114.85,2026-08-05T22:49:48.351714+00:00,False,+52.5%,True,$24589.9M,False,+2.8%,True,1404.9K,True,$114.85 / SMA $109.53,False,2.21%,False,+6.4%,False,212.8M,True,NMS,False,
PFS,PFS,25.11,2026-08-05T22:53:59.054521+00:00,False,+41.9%,True,$3274.9M,False,+9.1%,True,1039.4K,True,$25.11 / SMA $23.43,False,1.93%,,N/A,True,126.3M,True,NYQ,False,
PFSTY,PFSTY,14.0,2026-08-05T22:54:08.283117+00:00,False,+12.9%,False,$253.3M,True,+53.8%,,N/A,,N/A,,N/A,True,+26.7%,,N/A,False,PNK,False,
PGNY,"Progyny, Inc.",31.37,2026-08-05T22:54:10.601770+00:00,True,+94.8%,True,$2457.3M,True,+70.6%,True,1441.7K,True,$31.37 / SMA $28.82,False,2.97%,False,+1.4%,True,71.7M,True,NMS,False,
PGPEF,Publicis Groupe S.A.,104.63,2026-08-05T22:49:46.193343+00:00,False,+27.5%,True,$26128.3M,,N/A,False,3.4K,True,$104.63 / SMA $99.59,False,0.26%,,N/A,False,217.1M,False,OQX,False,
PHG,Koninklijke Philips N.V.,26.59,2026-08-05T22:49:44.643502+00:00,False,+11.5%,True,$25989.8M,True,+60.0%,True,1257.5K,False,$26.59 / SMA $26.61,False,2.34%,False,+0.5%,False,976.6M,True,NYQ,False,
PHIG,"PHI Group, Inc.",31.995,2026-08-05T22:56:12.385837+00:00,False,+28.0%,True,$777.8M,,N/A,False,2.8K,True,$32.00 / SMA $30.33,False,0.14%,,N/A,True,24.2M,False,PNK,False,
PHK,PHK,4.66,2026-08-05T22:56:09.478166+00:00,False,+5.7%,,N/A,,N/A,True,835.3K,True,$4.66 / SMA $4.57,False,1.02%,,N/A,,N/A,True,NYQ,False,
PINE,"Alpine Income Property Trust, Inc.",19.99,2026-08-05T22:59:47.332900+00:00,False,+52.6%,True,$354.8M,True,+233.3%,False,173.4K,False,$19.99 / SMA $20.09,True,3.06%,True,+34.6%,True,16.3M,True,NYQ,False,
PL,Planet Labs PBC,22.35,2026-08-05T22:49:57.545554+00:00,True,+266.4%,True,$7965.6M,False,+-900.0%,True,12400.7K,False,$22.35 / SMA $29.90,True,7.13%,True,+42.1%,False,294.8M,True,NYQ,False,
PLOW,"Douglas Dynamics, Inc.",45.63,2026-08-05T22:56:03.940705+00:00,False,+60.0%,True,$1055.2M,,N/A,False,258.7K,False,$45.63 / SMA $46.25,True,4.28%,False,+19.8%,True,22.7M,True,NYQ,False,
PM,PM,188.93,2026-08-05T22:49:19.170679+00:00,False,+32.9%,True,$294468.8M,False,+-7.7%,True,5111.1K,True,$188.93 / SMA $182.93,False,2.86%,False,+10.4%,False,1554.6M,True,NYQ,False,
PMCUF,Pro Medicus Limited,122.01,2026-08-05T22:50:11.063595+00:00,False,+63.7%,True,$13347.8M,,N/A,False,0.5K,True,$122.01 / SMA $119.61,False,1.58%,,N/A,True,53.0M,False,PNK,False,
PMETF,PMET Resources Inc.,3.1,2026-08-05T22:56:08.485753+00:00,False,+42.9%,True,$576.4M,,N/A,False,33.8K,False,$3.10 / SMA $3.94,True,3.42%,,N/A,False,167.0M,False,OQX,False,
PMMAF,PUMA SE,33.0,2026-08-05T22:52:06.288663+00:00,True,+89.5%,True,$4902.5M,,N/A,False,0.1K,True,$33.00 / SMA $31.91,False,0.01%,False,+-18.6%,True,97.8M,False,PNK,False,
PMNXF,Perseus Mining Limited,3.49,2026-08-05T22:52:04.577108+00:00,True,+34800.0%,True,$4631.7M,,N/A,False,6.4K,True,$3.49 / SMA $3.43,True,1626.32%,,N/A,False,1345.6M,False,PNK,False,
PODD,Insulet Corporation,133.26,2026-08-05T22:50:07.710395+00:00,False,+5.3%,True,$9230.2M,True,+160.0%,True,1556.2K,False,$133.26 / SMA $155.35,True,3.82%,True,+33.9%,True,69.0M,True,NMS,False,
POOL,Pool Corporation,206.63,2026-08-05T22:50:22.150898+00:00,False,+19.7%,True,$7509.1M,False,+0.0%,True,1027.7K,True,$206.63 / SMA $196.92,True,4.09%,False,+2.2%,True,35.1M,True,NMS,False,
POPMF,POPMF,19.95,2026-08-05T22:49:45.235905+00:00,False,+19.5%,,N/A,,N/A,False,11.0K,False,$19.95 / SMA_short $20.58,False,0.83%,,N/A,False,656.1M,False,PNK,False,
PPAAF,PT Perusahaan Gas Negara (Persero) Tbk,0.09,2026-08-05T22:54:02.761219+00:00,False,+17.5%,True,$2181.7M,True,+42.3%,False,0.6K,True,$0.09 / SMA $-22.52,False,0.00%,False,+-3.8%,False,10427.5M,False,PNK,False,
PPERY,PT Bank Mandiri (Persero) Tbk,9.36,2026-08-05T22:49:49.761708+00:00,False,+14.1%,True,$21840.0M,,N/A,False,187.7K,True,$9.36 / SMA $9.24,False,2.07%,False,+-5.3%,False,940.8M,False,PNK,False,
PPL,PPL,34.95,2026-08-05T22:49:43.735901+00:00,False,+5.4%,,N/A,False,+7.1%,True,9079.5K,False,$34.95 / SMA $35.76,False,1.81%,False,+10.8%,False,750.2M,True,NYQ,False,
PPLFF,PT Perusahaan Perkebunan London Sumatra Indonesia Tbk,0.08588,2026-08-05T22:57:53.308160+00:00,False,+17.6%,True,$585.7M,,N/A,False,1.0K,True,$0.09 / SMA $-46.39,False,0.00%,False,+-19.0%,False,2753.8M,False,PNK,False,
PPTA,Perpetua Resources Corp.,22.93,2026-08-05T22:53:54.932264+00:00,False,+40.8%,True,$2868.4M,False,+-225.0%,True,1612.1K,True,$22.93 / SMA $21.45,True,5.33%,,N/A,True,83.9M,True,NCM,False,
PPTDF,PeptiDream Inc.,6.0,2026-08-05T22:56:07.122489+00:00,False,+0.3%,True,$771.0M,,N/A,False,0.1K,False,$6.00 / SMA $6.28,False,0.42%,,N/A,True,90.7M,False,PNK,False,
PRA,ProAssurance Corporation,25.0,2026-08-05T22:55:56.989050+00:00,False,+5.9%,True,$1290.2M,,N/A,True,979.2K,True,$25.00 / SMA_short $25.00,,N/A,False,+-2.3%,True,47.4M,True,NYQ,False,
PRDSY,Prada S.p.A.,11.45,2026-08-05T22:50:04.635490+00:00,False,+28.7%,True,$14726.8M,,N/A,False,24.9K,True,$11.45 / SMA $9.96,False,2.04%,,N/A,False,256.2M,False,PNK,False,
PREKF,PrairieSky Royalty Ltd.,23.63,2026-08-05T22:51:59.723317+00:00,False,+41.1%,True,$5492.6M,True,+64.0%,False,63.5K,False,$23.63 / SMA $23.72,False,1.97%,,N/A,False,230.7M,False,PNK,False,
PRKS,United Parks & Resorts Inc.,46.06,2026-08-05T22:54:14.460509+00:00,False,+60.1%,True,$2171.1M,False,+-137.9%,True,928.0K,True,$46.06 / SMA $44.90,True,4.70%,False,+-3.0%,True,19.1M,True,NYQ,False,
PRNDY,Pernod Ricard SA,15.79,2026-08-05T22:49:52.626828+00:00,False,+17.8%,True,$19880.6M,,N/A,True,664.3K,True,$15.79 / SMA $14.39,False,2.11%,,N/A,False,964.8M,False,PNK,False,
PRTA,Prothena Corporation plc,8.49,2026-08-05T22:57:56.955504+00:00,False,+16.6%,True,$444.5M,True,+153.6%,True,586.1K,False,$8.49 / SMA $8.99,True,4.66%,True,+1706.4%,True,36.8M,True,NMS,False,
PSNL,"Personalis, Inc.",13.52,2026-08-05T22:56:08.034329+00:00,True,+252.1%,True,$1443.3M,False,+-61.1%,True,3975.5K,True,$13.52 / SMA $12.18,True,7.42%,False,+-24.9%,True,64.5M,True,NGM,False,
PSPSF,PSP Swiss Property AG,180.89,2026-08-05T22:50:14.238134+00:00,False,+8.8%,True,$8352.5M,False,+6.8%,False,0.0K,False,$180.89 / SMA $183.30,False,0.00%,False,+1.0%,True,45.6M,False,PNK,False,
PSX,Phillips 66,202.55,2026-08-05T22:49:28.187514+00:00,True,+71.6%,True,$81209.4M,False,+-56.8%,True,2553.5K,True,$202.55 / SMA $187.41,True,3.06%,False,+6.9%,False,400.0M,True,NYQ,False,
PSZKY,Powszechna Kasa Oszczednosci Bank Polski Spólka Akcyjna,30.11,2026-08-05T22:49:38.579774+00:00,True,+70.7%,True,$37637.5M,False,+2.0%,False,46.2K,True,$30.11 / SMA $28.81,True,6.34%,False,+1.8%,False,880.9M,False,PNK,False,
PTOR,Praetorian Acquisition Corp.,9.93,2026-08-05T22:59:44.751569+00:00,False,+1.6%,True,$420.6M,,N/A,False,18.3K,False,$9.93 / SMA $9.95,False,0.21%,,N/A,True,25.5M,True,NGM,False,
PURR,Hyperliquid Strategies Inc.,6.82,2026-08-05T22:56:03.684877+00:00,True,+126.6%,True,$1367.8M,,N/A,True,14313.7K,False,$6.82 / SMA $8.02,True,6.58%,,N/A,,N/A,True,NCM,False,
PUTRY,PTT Public Company Limited,5.17,2026-08-05T22:49:40.232565+00:00,False,+10.9%,True,$29287.4M,False,+12.3%,False,0.1K,False,$5.17 / SMA $5.51,False,0.00%,False,+2.6%,False,2601.7M,False,PNK,False,
PVLA,"Palvella Therapeutics, Inc.",154.91,2026-08-05T22:54:16.109116+00:00,True,+315.0%,True,$2221.9M,False,+-62.2%,False,267.0K,True,$154.91 / SMA $131.67,True,7.90%,,N/A,True,9.6M,True,NGM,False,
PWCDF,Power Corporation of Canada,68.05,2026-08-05T22:49:37.125374+00:00,True,+73.5%,True,$42884.0M,False,+-9.2%,False,199.3K,True,$68.05 / SMA $62.87,True,3.32%,True,+29.6%,False,578.2M,False,PNK,False,
PWR,"Quanta Services, Inc.",682.99,2026-08-05T22:49:23.930833+00:00,True,+88.1%,True,$102683.0M,True,+94.7%,True,1288.2K,True,$682.99 / SMA $679.15,True,3.92%,True,+41.1%,True,149.0M,True,NYQ,True,
PXED,"Phoenix Education Partners, Inc.",30.21,2026-08-05T22:56:02.519442+00:00,False,+28.4%,True,$1089.0M,False,+-33.2%,False,114.7K,False,$30.21 / SMA $30.87,True,4.80%,False,+0.0%,True,5.5M,True,NYQ,False,
PZAKY,Powszechny Zaklad Ubezpieczen SA,20.0,2026-08-05T22:49:57.895063+00:00,False,+53.8%,True,$18482.5M,False,+-22.5%,False,0.3K,True,$20.00 / SMA $18.96,False,0.25%,False,+-4.3%,False,568.0M,False,PNK,False,
QDEL,QuidelOrtho Corporation,17.495,2026-08-05T22:56:10.598071+00:00,True,+76.4%,True,$1193.0M,False,+-610.5%,True,1740.8K,True,$17.50 / SMA $15.55,True,6.34%,False,+-10.5%,True,62.1M,True,NMS,False,
QFIN,"Qfin Holdings, Inc.",13.14,2026-08-05T22:55:52.343096+00:00,False,+16.2%,True,$1599.8M,False,+-43.3%,True,1505.5K,False,$13.14 / SMA $14.47,True,4.14%,False,+-26.6%,True,90.9M,True,NMS,False,
QNTQY,QinetiQ Group plc,29.64,2026-08-05T22:52:19.530576+00:00,False,+39.0%,True,$3827.8M,,N/A,False,4.9K,True,$29.64 / SMA $24.99,False,0.97%,,N/A,True,103.8M,False,PNK,False,
QXO,"QXO, Inc.",15.9,2026-08-05T22:50:04.570593+00:00,False,+20.6%,True,$16501.1M,False,+-1066.7%,True,22099.0K,True,$15.90 / SMA $15.68,True,5.79%,True,+12716.3%,False,723.4M,True,NYQ,False,
RADLY,Raia Drogasil S.A.,3.77,2026-08-05T22:51:56.121725+00:00,False,+22.8%,True,$6592.0M,False,+-3.4%,False,104.1K,True,$3.77 / SMA $3.56,True,6.06%,False,+14.0%,,N/A,False,PNK,False,
RAIFF,Raiffeisen Bank International AG,69.5,2026-08-05T22:49:54.180122+00:00,True,+150.1%,True,$22819.5M,True,+241.1%,False,0.1K,True,$69.50 / SMA $59.89,False,0.00%,False,+-1.5%,True,127.2M,False,PNK,False,
RAIFY,Raiffeisen Bank International AG,18.36,2026-08-05T22:49:53.883628+00:00,True,+154.6%,True,$24113.1M,,N/A,False,7.7K,True,$18.36 / SMA $15.53,True,3.06%,False,+-1.5%,False,508.9M,False,PNK,False,
RBA,"RB Global, Inc.",95.63,2026-08-05T22:49:51.850417+00:00,False,+2.2%,True,$17815.9M,False,+20.0%,True,1064.2K,False,$95.63 / SMA $109.61,False,2.94%,False,+11.4%,False,185.8M,True,NYQ,False,
RBGLY,Reckitt Benckiser Group plc,14.43,2026-08-05T22:49:36.090581+00:00,False,+20.0%,True,$45821.3M,,N/A,True,792.0K,True,$14.43 / SMA $13.15,False,1.38%,,N/A,False,3151.2M,False,OQX,False,
RBGPF,Reckitt Benckiser Group plc,69.74,2026-08-05T22:49:35.799703+00:00,False,+18.9%,True,$44290.7M,,N/A,False,1.6K,True,$69.74 / SMA $64.68,False,0.28%,,N/A,False,630.2M,False,OQX,False,
RBSFY,Rubis,7.6,2026-08-05T22:52:09.673807+00:00,False,+24.2%,True,$3926.7M,,N/A,False,0.3K,False,$7.60 / SMA $7.67,False,0.77%,,N/A,False,377.2M,False,PNK,False,
RBTEF,Robertet SA,906.315,2026-08-05T22:54:11.893352+00:00,False,+0.0%,True,$1901.4M,,N/A,False,0.0K,False,$906.32 / SMA $928.12,False,0.00%,,N/A,True,1.3M,False,PNK,False,
RDN,RDN,39.17,2026-08-05T22:52:06.488016+00:00,False,+24.3%,,N/A,False,+-9.2%,True,1342.7K,True,$39.17 / SMA $36.75,False,2.66%,True,+58.2%,True,130.5M,True,NYQ,False,
REEMF,Rare Element Resources Ltd.,0.46,2026-08-05T22:58:03.117195+00:00,False,+24.3%,False,$296.9M,,N/A,False,192.8K,False,$0.46 / SMA $0.49,True,10.58%,,N/A,False,179.7M,False,OQB,False,
REGCO,Regency Centers Corporation,21.895,2026-08-05T22:49:58.913296+00:00,False,+2.6%,,N/A,,N/A,False,3.6K,True,$21.89 / SMA $21.86,False,0.60%,False,+8.3%,False,164.9M,True,NMS,False,
REPL,"Replimune Group, Inc.",11.83,2026-08-05T22:58:04.668376+00:00,True,+688.7%,True,$994.0M,,N/A,True,6394.2K,True,$11.83 / SMA $9.66,True,11.93%,,N/A,True,59.7M,True,NMS,True,
RERE,ATRenew Inc.,4.36,2026-08-05T22:56:03.856153+00:00,False,+28.6%,True,$965.7M,True,+223.1%,True,1129.9K,True,$4.36 / SMA $4.09,True,4.29%,True,+32.4%,True,131.5M,True,NYQ,False,
REXR,"Rexford Industrial Realty, Inc.",37.04,2026-08-05T22:50:16.263274+00:00,False,+15.2%,True,$8468.7M,False,+-570.8%,True,2593.7K,True,$37.04 / SMA $35.16,False,2.75%,False,+-1.6%,False,220.7M,True,NYQ,False,
RFI,RFI,11.53,2026-08-05T22:59:50.656369+00:00,False,+7.0%,,N/A,,N/A,False,113.4K,True,$11.53 / SMA $11.30,False,1.26%,,N/A,,N/A,True,NYQ,False,
RFMZ,"RiverNorth Flexible Municipal Income Fund II, Inc.",13.07,2026-08-05T22:59:47.736750+00:00,False,+6.3%,True,$318.3M,,N/A,False,51.2K,False,$13.07 / SMA $13.29,False,1.08%,,N/A,,N/A,True,NYQ,False,
RFNDF,Rural Funds Group,1.47,2026-08-05T22:57:54.725042+00:00,False,+25.9%,True,$634.4M,,N/A,False,0.1K,True,$1.47 / SMA $1.41,False,0.00%,,N/A,False,377.4M,False,PNK,False,
RGEN,Repligen Corporation,158.59,2026-08-05T22:50:23.219944+00:00,False,+57.0%,True,$8950.1M,,N/A,True,1216.4K,True,$158.59 / SMA $135.98,True,5.06%,,N/A,True,53.4M,True,NMS,False,
RHHBY,Roche Holding AG,56.38,2026-08-05T22:49:18.688121+00:00,False,+50.3%,True,$359373.3M,,N/A,True,2131.2K,True,$56.38 / SMA $52.00,False,1.76%,,N/A,False,5232.7M,False,OQX,False,
RICOY,"Ricoh Company, Ltd.",9.41,2026-08-05T22:52:03.710305+00:00,False,+17.6%,True,$5314.9M,,N/A,False,0.2K,True,$9.41 / SMA $9.27,False,0.03%,,N/A,False,426.4M,False,PNK,False,
RIG,RIG,5.14,2026-08-05T22:50:18.261369+00:00,True,+86.2%,,N/A,True,+154.5%,True,36592.9K,False,$5.14 / SMA $5.47,True,3.84%,False,+19.3%,False,916.7M,True,NYQ,False,
RILY,"BRC Group Holdings, Inc.",7.41,2026-08-05T22:58:05.380230+00:00,True,+103.6%,False,$297.8M,True,+1784.6%,True,914.1K,False,$7.41 / SMA $8.05,True,5.23%,True,+78.0%,True,26.1M,True,NGM,False,
RIOT,"Riot Platforms, Inc.",21.5,2026-08-05T22:50:12.141845+00:00,True,+103.0%,True,$8130.3M,False,+-60.0%,True,17124.5K,False,$21.50 / SMA $24.16,True,9.33%,False,+3.6%,False,348.8M,True,NCM,False,
RKT,RKT,13.86,2026-08-05T22:49:36.397262+00:00,False,+13.9%,,N/A,True,+225.0%,True,29887.5K,False,$13.86 / SMA $14.00,True,4.61%,True,+161.3%,False,967.8M,True,NYQ,False,
RKUSF,RKUSF,6.12,2026-08-05T22:54:10.191140+00:00,False,+28.0%,True,$2167.1M,,N/A,False,0.0K,True,$6.12 / SMA $6.09,False,0.00%,,N/A,False,248.2M,False,PNK,False,
RLMD,"Relmada Therapeutics, Inc.",5.44,2026-08-05T22:57:44.900172+00:00,True,+889.1%,True,$571.1M,True,+62.1%,True,1715.3K,False,$5.44 / SMA $6.16,True,6.67%,,N/A,True,7.7M,True,NCM,False,
RLXXF,RELX PLC,36.95,2026-08-05T22:49:30.172590+00:00,False,+37.1%,True,$64457.8M,,N/A,False,11.3K,True,$36.95 / SMA $33.22,True,4.29%,,N/A,False,1735.1M,False,PNK,False,
RMBS,Rambus Inc.,97.3,2026-08-05T22:49:57.270089+00:00,False,+44.9%,True,$10553.3M,False,+15.1%,True,3019.9K,False,$97.30 / SMA $122.31,True,6.74%,False,+20.4%,True,107.7M,True,NMS,False,
RMGGF,Resolute Mining Limited,0.69,2026-08-05T22:54:11.598789+00:00,False,+68.3%,True,$1474.8M,,N/A,False,4.9K,False,$0.69 / SMA $0.72,False,0.15%,,N/A,False,1770.2M,False,PNK,False,
RMLRF,Ramelius Resources Limited,2.23,2026-08-05T22:52:08.476359+00:00,False,+43.9%,True,$4213.5M,,N/A,False,12.8K,True,$2.23 / SMA $2.20,True,4.86%,,N/A,False,1886.1M,False,PNK,False,
RMR,The RMR Group Inc.,18.95,2026-08-05T22:57:49.899382+00:00,False,+32.8%,True,$323.9M,False,+-76.2%,False,157.8K,False,$18.95 / SMA $19.92,False,2.53%,False,+-12.6%,True,14.3M,True,NCM,False,
RMT,"Royce Micro-Cap Trust, Inc.",14.15,2026-08-05T22:57:46.363658+00:00,False,+50.7%,True,$756.7M,,N/A,False,137.8K,True,$14.15 / SMA $13.96,False,1.90%,,N/A,,N/A,True,NYQ,False,
RNGT,Range Capital Acquisition Corp II,10.1256,2026-08-05T22:59:47.986211+00:00,False,+2.3%,True,$317.2M,,N/A,False,13.6K,True,$10.13 / SMA $10.10,False,0.05%,,N/A,True,21.5M,True,NGM,False,
RNLSY,Renault SA,6.46,2026-08-05T22:50:11.677103+00:00,False,+15.4%,True,$9464.0M,,N/A,False,188.1K,True,$6.46 / SMA $6.16,False,1.93%,,N/A,False,903.5M,False,PNK,False,
RNSHF,Renishaw plc,68.17,2026-08-05T22:52:04.341084+00:00,False,+3.6%,True,$6500.3M,,N/A,False,0.2K,True,$68.17 / SMA_short $67.71,,N/A,,N/A,True,33.9M,False,PNK,False,
RNW,ReNew Energy Global Plc,6.11,2026-08-05T22:54:07.580717+00:00,False,+39.3%,True,$2226.5M,False,+-80.4%,True,1353.1K,False,$6.11 / SMA $6.21,False,2.80%,False,+9.5%,True,66.9M,True,NMS,False,
ROK,"Rockwell Automation, Inc.",450.05,2026-08-05T22:49:32.796372+00:00,False,+47.3%,True,$50078.8M,True,+39.6%,True,805.9K,False,$450.05 / SMA $464.59,False,2.95%,False,+11.9%,True,110.9M,True,NYQ,False,
ROKU,"Roku, Inc.",146.96,2026-08-05T22:49:52.826445+00:00,True,+87.1%,True,$21800.4M,True,+400.0%,True,4277.6K,True,$146.96 / SMA $137.13,False,1.15%,False,+22.4%,True,130.1M,True,NMS,False,
ROOT,"Root, Inc.",60.28,2026-08-05T22:56:07.360228+00:00,False,+47.3%,True,$954.0M,True,+95.3%,False,269.3K,True,$60.28 / SMA $57.08,True,5.35%,False,+12.6%,True,12.6M,True,NMS,False,
RPGSF,RPGSF,19.91,2026-08-05T22:55:59.082196+00:00,False,+32.7%,,N/A,,N/A,False,13.2K,True,$19.91 / SMA_short $15.00,,N/A,,N/A,,N/A,False,PNK,False,
RPHCF,"Rohto Pharmaceutical Co.,Ltd.",15.0,2026-08-05T22:52:17.921117+00:00,False,+4.6%,True,$3389.5M,,N/A,False,0.0K,True,$15.00 / SMA $15.00,False,0.00%,,N/A,False,200.8M,False,PNK,False,
RR,Richtech Robotics Inc.,1.55,2026-08-05T22:57:51.936597+00:00,False,+19.2%,True,$346.6M,False,+0.0%,True,10970.4K,False,$1.55 / SMA $2.04,True,6.41%,False,+-8.8%,True,143.5M,True,NCM,False,
RREV,RRE Ventures Acquisition Corp.,9.9,2026-08-05T22:59:45.817740+00:00,False,+0.4%,,N/A,,N/A,False,21.4K,True,$9.90 / SMA $9.89,False,0.07%,,N/A,,N/A,True,NGM,False,
RUSHA,"Rush Enterprises, Inc.",81.8,2026-08-05T22:52:03.275731+00:00,True,+79.1%,True,$6357.0M,False,+1.1%,True,521.4K,True,$81.80 / SMA $73.24,True,3.21%,,N/A,True,68.4M,True,NMS,False,
RVRF,River Financial Corporation,46.0,2026-08-05T22:58:06.057534+00:00,False,+41.5%,True,$359.4M,True,+65.7%,False,0.0K,False,$46.00 / SMA $48.36,False,0.00%,True,+32.0%,True,7.0M,False,PNK,False,
RXRX,"Recursion Pharmaceuticals, Inc.",3.17,2026-08-05T22:55:51.757366+00:00,False,+14.4%,True,$1682.5M,True,+56.0%,True,20956.3K,False,$3.17 / SMA $3.31,True,5.67%,False,+-57.5%,False,513.0M,True,NMS,False,
RYTM,"Rhythm Pharmaceuticals, Inc.",110.71,2026-08-05T22:51:58.797775+00:00,False,+48.6%,True,$7594.0M,False,+-2.5%,True,788.0K,True,$110.71 / SMA $100.98,True,4.39%,True,+83.8%,True,55.7M,True,NGM,False,
SA,Seabridge Gold Inc.,29.15,2026-08-05T22:53:54.955016+00:00,True,+84.7%,True,$3137.2M,False,+-154.5%,True,806.4K,True,$29.15 / SMA $27.79,True,4.67%,,N/A,True,107.4M,True,NYQ,False,
SAAQU,Space Asset Acquisition Corp.,10.44,2026-08-05T22:59:45.444808+00:00,False,+3.5%,,N/A,,N/A,False,2.6K,False,$10.44 / SMA $10.59,False,0.02%,,N/A,True,19.6M,True,NGM,False,
SANA,"Sana Biotechnology, Inc.",3.51,2026-08-05T22:56:09.189581+00:00,False,+34.5%,True,$976.8M,False,+19.0%,True,3721.0K,True,$3.51 / SMA $3.27,True,6.36%,,N/A,False,177.7M,True,NMS,False,
SAPGF,SAP SE,196.5,2026-08-05T22:49:20.049694+00:00,False,+35.3%,True,$226801.1M,True,+30.6%,False,59.3K,True,$196.50 / SMA $167.52,False,2.90%,False,+9.4%,False,1029.5M,False,PNK,False,
SARTF,Sartorius Aktiengesellschaft,212.8,2026-08-05T22:49:56.792594+00:00,False,+17.2%,True,$14694.3M,True,+35.7%,False,0.0K,True,$212.80 / SMA $212.37,False,0.00%,False,+3.3%,True,27.5M,False,PNK,False,
SATS,EchoStar Corporation,103.915,2026-08-05T22:49:37.769614+00:00,True,+299.1%,True,$30116.0M,True,+28.2%,True,8540.6K,True,$103.92 / SMA_short $92.03,,N/A,False,+-5.2%,True,136.6M,True,NGM,False,
SBFFY,SBM Offshore N.V.,38.36,2026-08-05T22:50:22.202256+00:00,False,+63.1%,True,$6333.1M,,N/A,False,0.8K,True,$38.36 / SMA $37.73,False,0.00%,,N/A,True,135.1M,False,PNK,False,
SBGSY,Schneider Electric S.E.,69.45,2026-08-05T22:49:20.694227+00:00,False,+42.7%,True,$195742.8M,,N/A,False,364.0K,True,$69.45 / SMA $62.98,False,1.83%,,N/A,False,2711.1M,False,PNK,False,
SBKFF,State Bank of India,113.46,2026-08-05T22:49:25.382389+00:00,False,+25.8%,True,$104730.6M,False,+-3.1%,False,0.1K,True,$113.46 / SMA $106.71,False,0.12%,False,+-0.2%,False,407.0M,False,PNK,False,
SBS,Companhia de Saneamento Básico do Estado de São Paulo - SABESP,5.43,2026-08-05T22:49:51.137598+00:00,False,+38.4%,True,$19095.7M,False,+16.3%,True,6292.2K,False,$5.43 / SMA $5.60,False,2.48%,False,+18.3%,False,2343.5M,True,NYQ,False,
SBSI,"Southside Bancshares, Inc.",32.69,2026-08-05T22:56:05.248757+00:00,False,+24.2%,True,$972.6M,True,+25.0%,False,123.4K,False,$32.69 / SMA $33.81,False,2.37%,False,+7.6%,True,28.2M,True,NYQ,False,
SBUX,Starbucks Corporation,106.0,2026-08-05T22:49:23.434715+00:00,False,+35.9%,True,$120840.0M,True,+85.7%,True,7844.8K,True,$106.00 / SMA $102.35,False,2.82%,False,+-1.4%,False,1137.7M,True,NMS,False,
SCBFY,Standard Chartered PLC,59.26,2026-08-05T22:49:30.259962+00:00,False,+69.5%,True,$64898.4M,,N/A,False,219.3K,True,$59.26 / SMA $55.39,False,1.55%,False,+6.0%,False,17378.8M,False,PNK,False,
SCRPF,Sembcorp Industries Ltd,4.34,2026-08-05T22:50:12.198929+00:00,False,+5.6%,True,$7726.0M,,N/A,False,0.9K,False,$4.34 / SMA $4.78,False,0.56%,,N/A,False,868.7M,False,PNK,False,
SCTBY,Securitas AB (publ),15.941,2026-08-05T22:50:11.275597+00:00,False,+13.5%,True,$9125.3M,False,+12.5%,False,0.9K,False,$15.94 / SMA $17.11,False,0.34%,False,+-1.9%,False,467.6M,False,PNK,False,
SDHI,Siddhi Acquisition Corp.,10.48,2026-08-05T22:59:40.743369+00:00,False,+3.9%,True,$365.1M,,N/A,False,33.2K,True,$10.48 / SMA $10.43,False,0.04%,,N/A,True,25.9M,True,NGM,False,
SEG,Seaport Entertainment Group Inc.,26.88,2026-08-05T22:59:49.248774+00:00,False,+51.5%,True,$344.1M,False,+-38.2%,False,64.2K,True,$26.88 / SMA $25.59,False,2.24%,False,+-20.7%,True,7.4M,True,NYQ,False,
SEI,"Solaris Energy Infrastructure, Inc.",55.57,2026-08-05T22:52:02.292189+00:00,True,+126.2%,True,$5339.0M,True,+128.6%,True,2850.0K,False,$55.57 / SMA $67.95,True,8.20%,True,+55.3%,True,55.6M,True,NYQ,False,
SENEA,Seneca Foods Corporation,170.74,2026-08-05T22:56:06.272581+00:00,True,+71.5%,True,$1157.1M,,N/A,False,139.1K,True,$170.74 / SMA $163.10,True,3.60%,False,+13.9%,True,4.7M,True,NMS,False,
SENEB,Seneca Foods Corporation,170.91,2026-08-05T22:56:05.347228+00:00,False,+65.8%,True,$1158.3M,,N/A,False,0.1K,True,$170.91 / SMA $160.98,False,0.07%,False,+13.9%,True,4.7M,True,NMS,False,
SEPN,"Septerna, Inc.",38.76,2026-08-05T22:55:56.915404+00:00,True,+265.1%,True,$1747.1M,True,+61.2%,False,397.4K,True,$38.76 / SMA $33.87,True,6.89%,True,+12011.0%,True,23.2M,True,NGM,False,
SESPF,SeSa S.p.A.,104.0,2026-08-05T22:54:16.591627+00:00,False,+16.9%,True,$1568.3M,,N/A,False,0.0K,True,$104.00 / SMA $104.00,False,0.00%,,N/A,True,6.7M,False,PNK,False,
SGGEF,The Sage Group plc,12.79,2026-08-05T22:50:09.204179+00:00,False,+21.2%,True,$11479.5M,,N/A,False,0.9K,True,$12.79 / SMA $11.56,False,0.58%,,N/A,False,853.9M,False,PNK,False,
SGMT,Sagimet Biosciences Inc.,8.64,2026-08-05T22:58:02.633263+00:00,True,+92.0%,True,$533.5M,True,+41.1%,True,1079.2K,True,$8.64 / SMA $7.18,True,6.88%,,N/A,True,59.0M,True,NGM,True,
SGRY,"Surgery Partners, Inc.",15.32,2026-08-05T22:54:14.107371+00:00,False,+34.3%,True,$2003.7M,False,+6.7%,True,1487.0K,True,$15.32 / SMA $15.27,True,5.31%,False,+4.5%,True,54.1M,True,NMS,False,
SHBBF,SHBBF,91.58,2026-08-05T22:50:16.932818+00:00,True,+90.5%,True,$9338.1M,False,+-13.3%,False,0.7K,True,$91.58 / SMA $78.38,False,0.15%,False,+-11.8%,True,69.2M,False,PNK,False,
SHCAF,Sharp Corporation,3.646,2026-08-05T22:54:04.718578+00:00,False,+0.0%,True,$2367.4M,,N/A,False,0.0K,True,$3.65 / SMA $3.65,False,0.00%,,N/A,False,238.7M,False,PNK,False,
SHECY,"Shin-Etsu Chemical Co., Ltd.",19.31,2026-08-05T22:49:26.008512+00:00,False,+41.6%,True,$71821.4M,,N/A,False,417.6K,False,$19.31 / SMA $21.75,True,3.74%,,N/A,False,3716.8M,False,PNK,False,
SHMDF,Shimano Inc.,110.34,2026-08-05T22:50:14.692204+00:00,False,+17.2%,True,$9377.9M,,N/A,False,0.0K,True,$110.34 / SMA $103.94,False,0.39%,,N/A,True,70.8M,False,PNK,False,
SHWDY,Resonac Holdings Corporation,96.0,2026-08-05T22:49:50.447719+00:00,True,+299.7%,True,$17374.4M,,N/A,False,0.1K,False,$96.00 / SMA $103.96,False,0.19%,,N/A,False,178.3M,False,PNK,False,
SHWGY,Shandong Weigao Group Medical Polymer Company Limited,1.6,2026-08-05T22:54:09.792828+00:00,False,+7.4%,True,$1778.2M,,N/A,False,0.2K,False,$1.60 / SMA $1.63,False,0.00%,,N/A,False,587.5M,False,PNK,False,
SIELF,"Shanghai Electric Group Co., Ltd.",0.57,2026-08-05T22:49:56.211705+00:00,False,+54.7%,True,$19182.4M,True,+30.3%,False,0.0K,True,$0.57 / SMA $0.57,False,0.00%,False,+9.3%,False,7823.1M,False,PNK,False,
SIGA,"SIGA Technologies, Inc.",3.15,2026-08-05T22:59:45.175809+00:00,False,+4.7%,False,$225.9M,False,+-400.0%,True,645.5K,False,$3.15 / SMA $3.87,True,4.99%,False,+-11.3%,True,41.0M,True,NGM,False,
SIGCY,SIG Group AG,18.77,2026-08-05T22:52:00.573628+00:00,True,+92.9%,True,$7253.3M,,N/A,False,1.7K,True,$18.77 / SMA $16.26,False,0.48%,,N/A,False,315.1M,False,PNK,False,
SIGIP,"Selective Insurance Group, Inc.",15.82,2026-08-05T22:52:02.662399+00:00,False,+2.4%,,N/A,,N/A,False,33.1K,False,$15.82 / SMA $15.95,False,0.66%,False,+4.5%,True,55.1M,True,NMS,False,
SITM,SiTime Corporation,543.12,2026-08-05T22:49:52.117909+00:00,True,+189.6%,True,$16269.4M,True,+80.2%,True,596.6K,False,$543.12 / SMA $639.85,True,6.44%,True,+88.3%,True,19.5M,True,NGM,False,
SIVEF,Sivers Semiconductors AB (publ),3.63,2026-08-05T22:54:06.952431+00:00,True,+278.1%,True,$1072.4M,True,+26.3%,True,4864.3K,False,$3.63 / SMA $6.28,True,13.82%,False,+-21.5%,False,230.2M,False,PNK,False,
SJM,The J. M. Smucker Company,119.21,2026-08-05T22:50:07.043994+00:00,False,+35.1%,True,$12741.2M,True,+153.1%,True,1739.4K,True,$119.21 / SMA $112.38,False,2.73%,False,+5.8%,True,104.4M,True,NYQ,False,
SJMHY,SJM Holdings Limited,0.74,2026-08-05T22:54:14.719603+00:00,False,+7.2%,True,$1313.8M,,N/A,False,0.8K,False,$0.74 / SMA $0.80,False,0.00%,,N/A,False,607.3M,False,PNK,False,
SKLTY,SEEK Limited,21.28,2026-08-05T22:53:54.328287+00:00,False,+23.9%,True,$3808.8M,,N/A,False,8.9K,True,$21.28 / SMA $18.84,False,1.07%,,N/A,False,171.4M,False,PNK,False,
SKYW,"SkyWest, Inc.",115.94,2026-08-05T22:52:18.775916+00:00,False,+48.9%,True,$4598.2M,False,+-12.7%,False,433.9K,True,$115.94 / SMA $96.11,True,3.35%,False,+6.5%,True,38.1M,True,NMS,False,
SLAB,Silicon Laboratories Inc.,218.23,2026-08-05T22:50:19.775561+00:00,True,+88.9%,True,$7197.6M,True,+48.9%,False,425.1K,False,$218.23 / SMA $218.24,False,0.54%,False,+20.1%,True,32.4M,True,NMS,False,
SLDB,Solid Biosciences Inc.,8.73,2026-08-05T22:57:49.638257+00:00,True,+130.3%,True,$859.5M,False,+11.9%,True,1722.4K,True,$8.73 / SMA $8.40,True,5.76%,,N/A,True,51.0M,True,NMS,False,
SLDP,"Solid Power, Inc.",2.14,2026-08-05T22:57:47.723193+00:00,False,+8.1%,True,$481.5M,True,+25.0%,True,5438.8K,False,$2.14 / SMA $2.62,True,5.16%,False,+-58.9%,False,192.8M,True,NMS,False,
SLI,SLI,2.25,2026-08-05T22:56:07.389178+00:00,False,+17.8%,True,$554.2M,False,+0.0%,True,1811.3K,False,$2.25 / SMA $2.89,True,6.10%,,N/A,False,236.3M,True,ASE,False,
SLS,"SELLAS Life Sciences Group, Inc.",11.86,2026-08-05T22:55:53.692898+00:00,True,+753.2%,True,$2332.1M,True,+28.6%,True,9849.5K,True,$11.86 / SMA $10.68,True,11.02%,,N/A,False,185.3M,True,NCM,False,
SLSR,Solaris Resources Inc.,8.0,2026-08-05T22:54:16.623766+00:00,False,+63.6%,True,$1336.3M,True,+70.0%,False,160.3K,False,$8.00 / SMA $8.51,True,4.82%,,N/A,True,81.4M,True,ASE,False,
SMG,The Scotts Miracle-Gro Company,66.13,2026-08-05T22:52:18.235393+00:00,False,+27.2%,True,$3847.6M,False,+-25.2%,True,954.2K,True,$66.13 / SMA $64.97,True,4.22%,,N/A,True,44.5M,True,NYQ,False,
SMGKF,Smiths Group plc,35.55,2026-08-05T22:50:09.890606+00:00,False,+25.4%,True,$10480.8M,,N/A,False,0.1K,True,$35.55 / SMA $34.07,False,0.02%,,N/A,False,319.0M,False,OID,False,
SMNNY,Shimano Inc.,12.3,2026-08-05T22:50:12.622388+00:00,False,+31.4%,True,$10453.9M,,N/A,False,119.0K,True,$12.30 / SMA $10.87,False,1.51%,,N/A,False,708.3M,False,PNK,False,
SMOPF,Smartoptics Group ASA,5.0,2026-08-05T22:57:52.748225+00:00,True,+170.3%,True,$490.2M,True,+600.0%,False,15.3K,False,$5.00 / SMA $5.33,True,4.00%,True,+54.6%,True,42.3M,False,PNK,False,
SMPNY,"Sompo Holdings, Inc.",22.0,2026-08-05T22:49:39.607186+00:00,False,+52.7%,True,$39188.4M,,N/A,False,194.3K,True,$22.00 / SMA $20.02,False,1.41%,,N/A,False,1639.1M,False,PNK,False,
SMSMY,Sims Limited,19.4,2026-08-05T22:53:54.231775+00:00,True,+137.7%,True,$3810.9M,,N/A,False,2.7K,True,$19.40 / SMA $18.59,False,2.32%,,N/A,False,158.6M,False,PNK,False,
SMSOF,Samsonite Group S.A.,1.8,2026-08-05T22:54:02.531177+00:00,False,+16.1%,True,$2454.8M,,N/A,False,1.6K,True,$1.80 / SMA $1.75,False,0.00%,,N/A,False,1253.2M,False,PNK,False,
SMTEF,Smart Eye AB (publ),8.91,2026-08-05T22:59:41.018762+00:00,False,+64.4%,True,$349.3M,True,+59.9%,False,0.6K,False,$8.91 / SMA $8.99,False,0.18%,True,+40.4%,True,32.9M,False,PNK,False,
SMWB,Similarweb Ltd.,7.44,2026-08-05T22:59:41.410205+00:00,True,+235.1%,True,$651.7M,True,+36.4%,True,954.5K,True,$7.44 / SMA $5.73,True,7.03%,False,+10.1%,True,41.2M,True,NYQ,False,
SN,SN,182.11,2026-08-05T22:49:56.584528+00:00,True,+119.1%,,N/A,False,+2.4%,True,2080.2K,True,$182.11 / SMA $142.65,True,3.74%,False,+15.6%,True,86.5M,True,NYQ,False,
SNCAF,AtkinsRéalis Group Inc.,63.7,2026-08-05T22:50:10.011630+00:00,False,+12.4%,True,$10356.6M,True,+43.6%,False,53.8K,True,$63.70 / SMA $61.50,False,1.82%,False,+17.8%,False,161.9M,False,PNK,False,
SNEX,StoneX Group Inc.,76.02,2026-08-05T22:50:13.391687+00:00,True,+113.0%,True,$9195.6M,True,+120.2%,True,1280.5K,False,$76.02 / SMA $79.41,True,4.51%,False,+24.0%,True,107.4M,True,NMS,False,
SNHIY,SNHIY,9.55,2026-08-05T22:49:47.032800+00:00,False,+0.0%,True,$87812.3M,,N/A,False,0.4K,False,$9.55 / SMA $10.72,False,0.00%,False,+20.6%,False,1659.9M,False,PNK,False,
SNLGF,San Lorenzo Gold Corp.,3.812,2026-08-05T22:59:46.057905+00:00,True,+1790.9%,True,$395.5M,,N/A,False,28.9K,True,$3.81 / SMA $3.31,True,4.83%,,N/A,True,88.4M,False,PNK,False,
SNMCY,Suncorp Group Limited,13.71,2026-08-05T22:50:00.861088+00:00,False,+45.4%,True,$14533.3M,,N/A,False,151.0K,True,$13.71 / SMA $13.15,False,1.52%,,N/A,False,1068.8M,False,PNK,False,
SNMRF,Snam S.p.A.,6.58,2026-08-05T22:49:44.855001+00:00,False,+10.8%,True,$22463.2M,False,+-7.7%,False,1.1K,False,$6.58 / SMA $7.33,False,0.33%,False,+3.0%,False,2054.4M,False,PNK,False,
SNMRY,Snam S.p.A.,13.43,2026-08-05T22:49:45.749198+00:00,False,+15.4%,True,$22534.1M,False,+-7.7%,False,57.7K,False,$13.43 / SMA $14.09,False,1.77%,False,+3.0%,False,1027.2M,False,PNK,False,
SNNUF,Smith & Nephew plc,15.48,2026-08-05T22:50:02.832362+00:00,False,+18.2%,True,$13001.0M,,N/A,False,1.5K,True,$15.48 / SMA $14.24,False,0.56%,,N/A,False,840.7M,False,PNK,False,
SNPMF,China Petroleum & Chemical Corporation,0.52,2026-08-05T22:49:25.414514+00:00,False,+8.3%,True,$62794.7M,,N/A,False,32.4K,False,$0.52 / SMA $0.54,False,0.74%,,N/A,False,33718.9M,False,PNK,False,
SNROF,"Sanrio Company, Ltd.",8.0,2026-08-05T22:50:22.826378+00:00,False,+58.7%,True,$9699.4M,,N/A,False,1.2K,True,$8.00 / SMA $6.47,False,1.06%,,N/A,False,980.0M,False,PNK,False,
SOCNF,SOCNF,13.685,2026-08-05T22:53:55.629767+00:00,False,+30.3%,True,$2398.8M,,N/A,False,0.1K,False,$13.69 / SMA $15.30,False,0.00%,,N/A,False,175.1M,False,PNK,False,
SOHU,Sohu.com Limited,13.77,2026-08-05T22:59:42.382941+00:00,False,+18.6%,True,$414.0M,False,+-102.8%,False,51.3K,True,$13.77 / SMA $13.08,False,3.00%,False,+4.2%,True,14.5M,True,NMS,False,
SOLS,"Solstice Advanced Materials, Inc.",62.5,2026-08-05T22:50:02.133751+00:00,False,+54.6%,True,$9928.0M,False,+22.7%,True,3131.7K,False,$62.50 / SMA $73.27,True,5.00%,False,+11.1%,False,158.7M,True,NMS,False,
SOLV,Solventum Corporation,87.47,2026-08-05T22:50:01.440329+00:00,False,+40.2%,True,$15147.6M,False,+-91.0%,True,1678.4K,True,$87.47 / SMA $79.04,False,2.72%,False,+-3.1%,True,147.1M,True,NYQ,False,
SOMMY,"Sumitomo Chemical Company, Limited",14.68,2026-08-05T22:51:58.521880+00:00,False,+13.1%,True,$4849.9M,,N/A,False,0.8K,False,$14.68 / SMA $16.88,False,0.45%,,N/A,False,323.6M,False,PNK,False,
SONVY,Sonova Holding AG,57.64,2026-08-05T22:49:57.607326+00:00,False,+36.4%,True,$17120.4M,,N/A,False,25.9K,True,$57.64 / SMA $51.17,False,1.32%,,N/A,False,296.1M,False,PNK,False,
SORNU,Soren Acquisition Corp.,10.255,2026-08-05T22:59:43.362417+00:00,False,+3.4%,,N/A,,N/A,False,1.3K,True,$10.26 / SMA $10.03,False,0.15%,,N/A,True,20.7M,True,NGM,False,
SOTDF,Ströer SE & Co. KGaA,40.5,2026-08-05T22:54:05.319587+00:00,False,+0.0%,True,$2259.1M,False,+-14.9%,False,0.0K,True,$40.50 / SMA $40.45,False,0.00%,False,+4.2%,True,31.3M,False,PNK,False,
SPGI,S&P Global Inc.,410.03,2026-08-05T22:49:22.866905+00:00,False,+13.6%,True,$120876.8M,False,+17.7%,True,2363.1K,False,$410.03 / SMA $411.99,False,2.76%,False,+10.4%,False,294.1M,True,NYQ,False,
SPHXF,"SM Prime Holdings, Inc.",0.29645,2026-08-05T22:50:13.612739+00:00,False,+5.8%,True,$8485.8M,False,+0.2%,False,0.4K,True,$0.30 / SMA $0.29,False,0.00%,False,+1.5%,False,9826.5M,False,PNK,False,
SPOT,Spotify Technology S.A.,482.23,2026-08-05T22:49:24.079620+00:00,False,+19.1%,True,$99156.2M,True,+222.4%,True,2013.8K,False,$482.23 / SMA $485.57,True,4.00%,False,+8.2%,False,157.1M,True,NYQ,False,
SPXSY,Spirax Group plc,49.88,2026-08-05T22:50:21.182515+00:00,False,+23.6%,True,$7361.9M,,N/A,False,9.0K,True,$49.88 / SMA $46.24,False,1.47%,,N/A,True,145.9M,False,PNK,False,
SQNNY,"Square Enix Holdings Co., Ltd.",8.0,2026-08-05T22:51:57.208811+00:00,False,+18.5%,True,$5769.9M,,N/A,False,0.7K,True,$8.00 / SMA $7.86,False,0.87%,,N/A,False,331.5M,False,PNK,False,
SR,SR,80.78,2026-08-05T22:52:04.390199+00:00,False,+9.3%,,N/A,True,+31.1%,True,563.8K,True,$80.78 / SMA $80.36,False,2.22%,False,+4.5%,True,57.7M,True,NYQ,False,
SRAD,Sportradar Group AG,12.65,2026-08-05T22:52:12.646303+00:00,False,+9.5%,True,$3743.8M,False,+-128.6%,True,2599.2K,False,$12.65 / SMA $14.72,True,4.32%,False,+11.3%,True,83.6M,True,NMS,False,
SRBIF,Serabi Gold plc,3.51,2026-08-05T22:59:45.384129+00:00,False,+35.0%,False,$267.8M,True,+139.4%,False,3.3K,False,$3.51 / SMA $4.00,False,2.45%,True,+83.3%,True,74.8M,False,OQX,False,
SRPT,"Sarepta Therapeutics, Inc.",15.93,2026-08-05T22:54:13.403494+00:00,False,+8.5%,True,$1681.8M,True,+162.6%,True,3444.9K,False,$15.93 / SMA $16.89,True,5.38%,False,+-1.9%,True,94.6M,True,NMS,False,
SSII,"SS Innovations International, Inc.",3.85,2026-08-05T22:56:11.739334+00:00,False,+23.8%,True,$770.5M,True,+33.3%,False,66.9K,True,$3.85 / SMA $3.70,True,8.85%,True,+116.8%,True,40.3M,True,NCM,False,
SSSAF,Shurgard Self Storage Ltd,29.5,2026-08-05T22:53:59.153875+00:00,False,+12.2%,True,$2978.7M,,N/A,False,1.3K,True,$29.50 / SMA $28.61,False,0.28%,,N/A,True,33.0M,False,PNK,False,
SSUMY,Sumitomo Corporation,10.87,2026-08-05T22:49:31.424112+00:00,False,+66.0%,True,$51511.3M,,N/A,False,359.1K,True,$10.87 / SMA $10.09,True,3.17%,,N/A,,N/A,False,PNK,False,
STAA,STAAR Surgical Company,22.86,2026-08-05T22:54:16.176378+00:00,False,+46.6%,True,$1138.2M,True,+109.1%,True,902.1K,False,$22.86 / SMA $27.58,True,5.89%,True,+119.6%,True,24.5M,True,NGM,False,
STAG,"STAG Industrial, Inc.",37.27,2026-08-05T22:50:19.563742+00:00,False,+9.0%,True,$7334.8M,False,+3.7%,True,1529.7K,False,$37.27 / SMA $38.67,False,2.02%,False,+8.1%,False,191.9M,True,NYQ,False,
STBGY,Scandinavian Tobacco Group A/S,5.49,2026-08-05T22:56:09.122434+00:00,False,+13.2%,True,$864.6M,False,+-28.6%,False,0.4K,True,$5.49 / SMA $5.19,False,0.09%,False,+-5.8%,True,117.6M,False,PNK,False,
STBMF,St Barbara Limited,0.35,2026-08-05T22:58:00.564419+00:00,True,+105.9%,True,$510.0M,,N/A,False,1.8K,True,$0.35 / SMA $0.34,False,0.20%,,N/A,False,1154.6M,False,PNK,False,
STC,Stewart Information Services Corporation,68.08,2026-08-05T22:54:09.112965+00:00,False,+19.2%,True,$2073.0M,False,+7.1%,False,227.0K,True,$68.08 / SMA $67.09,True,3.15%,,N/A,True,29.8M,True,NYQ,False,
STCGF,Stack Capital Group Inc.,12.5,2026-08-05T22:58:07.528025+00:00,False,+44.7%,False,$180.4M,,N/A,False,20.4K,False,$12.50 / SMA $16.47,True,4.22%,True,+210.1%,,N/A,False,PNK,False,
STEL,"Stellar Bancorp, Inc.",39.32,2026-08-05T22:54:11.194653+00:00,False,+39.3%,True,$2002.2M,False,+15.2%,False,470.4K,True,$39.32 / SMA_short $39.32,,N/A,False,+6.0%,True,50.7M,True,NYQ,False,
STJPF,St. James's Place plc,14.128,2026-08-05T22:50:15.371386+00:00,False,+0.0%,True,$7144.6M,,N/A,False,0.1K,False,$14.13 / SMA $15.61,False,0.00%,,N/A,False,478.9M,False,PNK,False,
STK,STK,51.39,2026-08-05T22:56:05.924364+00:00,False,+69.3%,,N/A,,N/A,False,70.5K,False,$51.39 / SMA $51.78,True,3.26%,,N/A,,N/A,True,NYQ,False,
STLD,"Steel Dynamics, Inc.",265.96,2026-08-05T22:49:38.504097+00:00,True,+121.8%,True,$38119.5M,True,+83.6%,True,1210.6K,True,$265.96 / SMA $249.94,True,3.48%,True,+33.4%,True,133.6M,True,NMS,True,
STMNF,"Sumitomo Metal Mining Co., Ltd.",43.7505,2026-08-05T22:49:55.496999+00:00,True,+90.2%,True,$11746.3M,,N/A,False,0.2K,False,$43.75 / SMA $49.79,False,0.00%,,N/A,False,253.6M,False,PNK,False,
STOSF,Santos Limited,5.28,2026-08-05T22:49:51.854432+00:00,False,+44.7%,True,$17148.2M,,N/A,False,6.7K,False,$5.28 / SMA $5.34,False,1.43%,,N/A,False,3197.2M,False,PNK,False,
STRK,Strategy Inc,64.91,2026-08-05T22:49:30.670346+00:00,False,+30.3%,,N/A,,N/A,False,148.5K,True,$64.91 / SMA $62.85,False,2.84%,False,+6.9%,False,351.7M,True,NMS,False,
STRL,"Sterling Infrastructure, Inc.",536.03,2026-08-05T22:49:48.542363+00:00,True,+103.5%,True,$16396.4M,True,+141.4%,True,811.6K,False,$536.03 / SMA $753.30,True,7.31%,True,+91.6%,True,30.0M,True,NMS,False,
STX,STX,837.66,2026-08-05T22:49:20.756635+00:00,True,+478.7%,True,$190148.8M,True,+149.1%,True,4663.3K,False,$837.66 / SMA $892.90,True,7.85%,,N/A,False,226.3M,True,NMS,False,
SUCEF,"Sumitomo Osaka Cement Co., Ltd.",26.04,2026-08-05T22:56:05.643449+00:00,False,+3.5%,True,$825.2M,,N/A,False,0.0K,False,$26.04 / SMA $30.00,False,0.00%,,N/A,True,31.6M,False,PNK,False,
SUN,Sunoco LP,73.36,2026-08-05T22:49:59.063884+00:00,False,+52.9%,True,$13821.9M,True,+135.5%,False,495.3K,True,$73.36 / SMA $69.12,False,2.55%,True,+106.4%,True,107.7M,True,NYQ,False,
SVAQU,Silicon Valley Acquisition Corp.,10.35,2026-08-05T22:59:50.311349+00:00,False,+4.2%,,N/A,,N/A,False,3.9K,True,$10.35 / SMA $10.32,False,0.02%,,N/A,True,21.7M,True,NGM,False,
SVC,Service Properties Trust,7.88,2026-08-05T22:56:01.174334+00:00,False,+39.5%,True,$1020.7M,False,+-30.0%,True,1867.0K,False,$7.88 / SMA $8.39,True,3.97%,False,+-16.3%,True,107.0M,True,NMS,False,
SVCBF,Svenska Cellulosa Aktiebolaget SCA (publ),11.17,2026-08-05T22:50:19.015931+00:00,False,+12.0%,True,$7845.2M,False,+-52.3%,False,1.6K,True,$11.17 / SMA $10.54,False,0.04%,False,+-4.2%,False,651.2M,False,PNK,False,
SVCTF,Senvest Capital Inc.,307.7,2026-08-05T22:57:48.790866+00:00,False,+28.2%,True,$744.9M,True,+85.2%,False,0.1K,True,$307.70 / SMA $280.60,False,0.44%,True,+93.2%,True,0.9M,False,PNK,False,
SVM,SVM,10.82,2026-08-05T22:54:02.051148+00:00,True,+152.2%,,N/A,,N/A,True,3517.5K,True,$10.82 / SMA $10.49,True,4.75%,True,+96.2%,False,194.6M,True,ASE,False,
SVNLY,Svenska Handelsbanken AB (publ),7.75,2026-08-05T22:49:42.105033+00:00,False,+26.2%,True,$30716.2M,False,+-6.1%,False,151.8K,True,$7.75 / SMA $7.30,False,1.04%,False,+-2.4%,False,3243.1M,False,PNK,False,
SWDBY,Swedbank AB (publ),40.7,2026-08-05T22:49:35.565656+00:00,False,+49.2%,True,$45735.2M,False,+-12.3%,False,27.7K,True,$40.70 / SMA $37.49,False,1.02%,False,+4.6%,False,854.9M,False,PNK,False,
SWGAF,The Swatch Group AG,207.3,2026-08-05T22:50:01.782487+00:00,False,+22.8%,True,$10778.8M,,N/A,False,0.1K,False,$207.30 / SMA $250.12,False,0.63%,,N/A,True,36.8M,False,PNK,False,
SWK,"Stanley Black & Decker, Inc.",103.27,2026-08-05T22:50:05.058752+00:00,False,+66.8%,True,$15595.5M,True,+247.8%,True,1719.2K,True,$103.27 / SMA $87.30,True,3.44%,False,+0.4%,False,150.5M,True,NYQ,False,
SWZCF,Swisscom AG,767.0,2026-08-05T22:49:34.362804+00:00,False,+12.8%,True,$41226.7M,False,+-9.6%,False,0.0K,False,$767.00 / SMA $795.17,False,0.04%,False,+-4.1%,True,25.4M,False,OID,False,
SXGCF,Southern Cross Gold Consolidated Ltd.,7.65,2026-08-05T22:54:14.006844+00:00,True,+117.9%,True,$1985.1M,True,+100.0%,False,85.9K,True,$7.65 / SMA $6.64,True,4.64%,,N/A,False,212.5M,False,OQX,False,
SXT,Sensient Technologies Corporation,130.23,2026-08-05T22:52:06.140073+00:00,False,+57.7%,True,$5543.8M,True,+36.4%,True,512.3K,True,$130.23 / SMA $118.00,True,3.63%,,N/A,True,41.7M,True,NYQ,False,
TAK,Takeda Pharmaceutical Company Limited,16.72,2026-08-05T22:49:32.543817+00:00,False,+28.7%,True,$53395.4M,False,+-9.8%,True,3459.6K,True,$16.72 / SMA $16.29,False,1.44%,False,+10.2%,False,3156.1M,True,NYQ,False,
TAL,TAL,12.09,2026-08-05T22:51:59.260662+00:00,False,+36.1%,,N/A,True,+1360.0%,True,4015.3K,True,$12.09 / SMA $10.07,True,3.46%,True,+31.9%,False,361.0M,True,NYQ,False,
TCEHY,Tencent Holdings Limited,61.55,2026-08-05T22:49:17.944418+00:00,False,+16.5%,True,$554050.3M,False,+22.9%,True,4362.2K,True,$61.55 / SMA $57.70,False,1.81%,,N/A,False,6225.9M,False,PNK,False,
TCKRF,Teck Resources Limited,66.12,2026-08-05T22:49:40.326562+00:00,True,+98.9%,True,$32438.5M,True,+324.4%,False,0.2K,True,$66.12 / SMA $60.32,False,0.04%,True,+78.2%,False,469.3M,False,PNK,False,
TE,T1 Energy Inc.,5.47,2026-08-05T22:54:06.240220+00:00,True,+355.8%,True,$1527.6M,True,+27.3%,True,40571.8K,False,$5.47 / SMA $7.84,True,11.86%,True,+232.3%,False,194.5M,True,NYQ,False,
TECK,Teck Resources Limited,66.05,2026-08-05T22:49:41.019968+00:00,True,+113.2%,True,$32404.1M,True,+324.4%,True,3344.4K,True,$66.05 / SMA $61.35,True,3.37%,True,+78.2%,False,469.3M,True,NYQ,False,
TEFOF,"Telefónica, S.A.",3.87,2026-08-05T22:49:45.590517+00:00,False,+5.7%,True,$21781.3M,True,+62.5%,False,3.4K,False,$3.87 / SMA $4.27,False,0.46%,,N/A,False,3925.3M,False,PNK,False,
TELDY,Telefónica Deutschland Holding AG,11.75,2026-08-05T22:50:20.455662+00:00,False,+1.7%,True,$6990.2M,,N/A,False,0.0K,True,$11.75 / SMA $11.75,False,0.00%,,N/A,True,18.7M,False,PNK,False,
TGTX,"TG Therapeutics, Inc.",49.88,2026-08-05T22:51:59.059831+00:00,True,+97.3%,True,$7635.8M,False,+-70.6%,True,2527.2K,False,$49.88 / SMA $50.46,True,4.84%,,N/A,True,135.1M,True,NCM,False,
THC,Tenet Healthcare Corporation,261.74,2026-08-05T22:49:58.026980+00:00,False,+66.1%,True,$21075.0M,True,+213.4%,True,1435.0K,True,$261.74 / SMA $196.40,True,4.30%,False,+14.6%,True,79.5M,True,NYQ,False,
THG,"The Hanover Insurance Group, Inc.",229.12,2026-08-05T22:50:22.030667+00:00,False,+38.4%,True,$7978.0M,False,+22.9%,False,328.3K,True,$229.12 / SMA $208.08,False,2.22%,False,+4.3%,True,34.5M,True,NYQ,False,
THNPF,Technip Energies N.V.,34.176,2026-08-05T22:50:19.859715+00:00,False,+-6.1%,True,$5919.5M,,N/A,False,0.1K,False,$34.18 / SMA $39.51,False,0.00%,,N/A,True,129.7M,False,PNK,False,
THRM,Gentherm Incorporated,41.67,2026-08-05T22:56:04.212703+00:00,False,+54.3%,True,$1279.5M,True,+600.0%,False,399.6K,True,$41.67 / SMA $37.00,True,5.52%,False,+11.0%,True,30.2M,True,NMS,False,
TISCY,TISCY,19.658,2026-08-05T22:50:00.318305+00:00,False,+26.3%,,N/A,,N/A,False,0.8K,False,$19.66 / SMA $21.01,True,3.40%,,N/A,False,602.1M,False,PNK,False,
TITN,Titan Machinery Inc.,19.66,2026-08-05T22:58:02.188366+00:00,False,+48.8%,True,$458.1M,False,+5.2%,False,206.5K,False,$19.66 / SMA $20.02,True,4.43%,False,+-12.1%,True,18.9M,True,NMS,False,
TKAMY,thyssenkrupp AG,14.54,2026-08-05T22:50:17.638631+00:00,True,+78.2%,True,$9149.9M,False,+-100.0%,False,18.4K,True,$14.54 / SMA $13.16,False,1.91%,False,+-2.3%,False,608.2M,False,PNK,False,
TKC,Turkcell Iletisim Hizmetleri A.S.,5.43,2026-08-05T22:52:05.110174+00:00,False,+2.6%,True,$4727.2M,,N/A,True,2107.9K,False,$5.43 / SMA $5.79,False,1.74%,True,+31.3%,False,352.3M,True,NYQ,False,
TKECY,"Tokyo Electric Power Company Holdings, Incorporated",3.31,2026-08-05T22:52:01.689409+00:00,False,+19.9%,True,$5304.9M,,N/A,False,3.0K,True,$3.31 / SMA $3.16,False,2.39%,,N/A,False,1510.6M,False,PNK,False,
TKMCY,TKMS AG & Co KGaA,9.7,2026-08-05T22:51:59.883391+00:00,False,+16.7%,,N/A,,N/A,False,0.4K,True,$9.70 / SMA_short $9.35,,N/A,,N/A,True,31.7M,False,PNK,False,
TKMTY,TKMTY,8.87,2026-08-05T22:52:01.898510+00:00,False,+6.2%,True,$5149.9M,,N/A,False,0.5K,True,$8.87 / SMA $8.80,False,0.00%,,N/A,False,271.8M,False,PNK,False,
TLN,Talen Energy Corporation,329.84,2026-08-05T22:49:54.849413+00:00,False,+9.4%,True,$15764.7M,True,+145.2%,True,829.0K,False,$329.84 / SMA $374.85,True,5.15%,True,+96.7%,True,36.1M,True,NMS,False,
TLPFY,Teleperformance SE,38.65,2026-08-05T22:52:04.960999+00:00,False,+50.4%,True,$4493.7M,,N/A,False,6.9K,True,$38.65 / SMA $32.53,False,2.26%,,N/A,True,56.8M,False,PNK,False,
TMICY,Trend Micro Incorporated,40.91,2026-08-05T22:52:04.620298+00:00,False,+31.6%,True,$5308.8M,,N/A,False,8.9K,True,$40.91 / SMA $38.57,False,1.15%,,N/A,True,122.3M,False,PNK,False,
TMNSF,Temenos AG,85.63,2026-08-05T22:51:58.276483+00:00,False,+13.7%,True,$5764.8M,True,+150.0%,False,0.0K,True,$85.63 / SMA $82.29,False,0.00%,,N/A,True,49.8M,False,PNK,False,
TMTNY,TMTNY,31.39,2026-08-05T22:50:01.592922+00:00,False,+30.8%,True,$12801.3M,False,+-0.7%,False,58.2K,False,$31.39 / SMA $32.06,True,4.94%,False,+16.1%,False,407.2M,False,PNK,False,
TMVWY,TeamViewer SE,3.64,2026-08-05T22:56:03.377451+00:00,False,+51.7%,True,$1144.6M,False,+0.0%,False,1.7K,True,$3.64 / SMA $3.19,False,0.48%,False,+3.5%,False,297.2M,False,PNK,False,
TNABF,Tenaga Nasional Berhad,3.6,2026-08-05T22:49:49.298499+00:00,False,+33.3%,True,$22320.1M,False,+3.7%,False,3.5K,True,$3.60 / SMA $3.47,False,2.24%,False,+6.6%,False,3407.4M,False,PNK,False,
TNABY,Tenaga Nasional Berhad,15.09,2026-08-05T22:49:49.800970+00:00,False,+30.1%,True,$21990.4M,False,+3.7%,False,0.7K,True,$15.09 / SMA $14.54,False,0.39%,False,+6.6%,False,851.9M,False,PNK,False,
TNC,Tennant Company,87.25,2026-08-05T22:55:53.881047+00:00,False,+45.0%,True,$1486.6M,False,+-98.6%,False,162.7K,True,$87.25 / SMA $86.68,True,3.34%,False,+2.7%,True,16.6M,True,NYQ,False,
TNGZF,Tivan Limited,0.169,2026-08-05T22:58:02.519364+00:00,True,+313.2%,True,$393.1M,,N/A,False,20.3K,False,$0.17 / SMA $0.20,False,0.83%,,N/A,False,1583.3M,False,PNK,False,
TNISY,"Técnicas Reunidas, S.A.",6.5,2026-08-05T22:53:59.845313+00:00,False,+32.0%,True,$2536.9M,,N/A,False,0.0K,False,$6.50 / SMA $7.16,False,0.00%,False,+3.0%,False,206.3M,False,PNK,False,
TNK,Teekay Tankers Ltd.,74.42,2026-08-05T22:54:01.363493+00:00,True,+73.6%,True,$2578.2M,True,+259.4%,False,369.9K,True,$74.42 / SMA $72.92,True,3.62%,True,+63.0%,True,23.9M,True,NYQ,False,
TOELF,Tokyo Electron Limited,360.0,2026-08-05T22:49:21.893515+00:00,True,+176.6%,True,$163674.4M,,N/A,False,15.4K,False,$360.00 / SMA $406.43,True,6.65%,,N/A,False,439.3M,False,PNK,False,
TOITF,Topicus.com Inc.,74.0,2026-08-05T22:51:59.795864+00:00,False,+22.3%,True,$15775.4M,,N/A,False,30.2K,True,$74.00 / SMA $69.07,True,3.38%,False,+19.4%,True,41.8M,False,PNK,False,
TOL,TOL,154.97,2026-08-05T22:50:02.519604+00:00,False,+26.9%,,N/A,False,+-22.3%,True,1100.4K,True,$154.97 / SMA $149.13,False,2.90%,False,+-7.6%,True,92.7M,True,NYQ,False,
TOPPY,TOPPAN Holdings Inc.,14.35,2026-08-05T22:50:18.304491+00:00,False,+33.2%,True,$8049.8M,,N/A,False,1.3K,False,$14.35 / SMA $14.90,False,1.36%,,N/A,False,511.8M,False,PNK,False,
TORXF,Torex Gold Resources Inc.,43.29,2026-08-05T22:52:12.893843+00:00,False,+49.8%,True,$4041.0M,,N/A,False,40.5K,True,$43.29 / SMA $40.54,True,4.06%,True,+82.8%,True,93.1M,False,OQX,False,
TOST,"Toast, Inc.",34.8,2026-08-05T22:50:01.067503+00:00,False,+56.3%,True,$20184.0M,True,+122.2%,True,12779.9K,True,$34.80 / SMA $27.96,True,4.12%,False,+21.9%,False,486.5M,True,NYQ,False,
TPC,TPC,84.55,2026-08-05T22:52:14.273224+00:00,True,+81.8%,,N/A,False,+-9.4%,True,747.6K,True,$84.55 / SMA $78.42,True,3.84%,False,+11.5%,True,44.9M,True,NYQ,False,
TR,TR,39.84,2026-08-05T22:53:57.750943+00:00,False,+19.1%,,N/A,False,+-22.8%,False,234.0K,True,$39.84 / SMA $38.39,False,2.83%,,N/A,True,21.1M,True,NYQ,False,
TRAUF,Transurban Group,9.54,2026-08-05T22:49:38.966760+00:00,False,+10.0%,True,$29766.6M,,N/A,False,0.6K,False,$9.54 / SMA $10.35,False,0.20%,,N/A,False,3114.4M,False,PNK,False,
TRPRF,TRPRF,16.75,2026-08-05T22:49:27.909541+00:00,False,+0.0%,,N/A,,N/A,,N/A,,N/A,,N/A,,N/A,,N/A,False,PNK,False,
TRRSF,Trisura Group Ltd.,29.92,2026-08-05T22:55:54.217676+00:00,False,+15.5%,True,$1413.3M,True,+90.4%,False,11.7K,False,$29.92 / SMA $30.54,False,0.35%,False,+3.0%,True,46.1M,False,PNK,False,
TRS,TRS,40.91,2026-08-05T22:55:53.743618+00:00,False,+34.4%,True,$1467.6M,False,+-9.8%,False,484.1K,False,$40.91 / SMA $41.20,True,3.32%,,N/A,True,28.9M,True,NMS,False,
TSSI,"TSS, Inc.",11.16,2026-08-05T22:59:44.787814+00:00,False,+62.4%,True,$313.3M,False,+-33.3%,True,1246.2K,False,$11.16 / SMA $11.81,True,6.97%,False,+-44.1%,True,21.3M,True,NCM,False,
TSYHF,TravelSky Technology Limited,1.08,2026-08-05T22:52:17.946537+00:00,False,+20.0%,True,$3160.3M,,N/A,False,50.6K,False,$1.08 / SMA $1.11,True,4.59%,,N/A,False,932.6M,False,PNK,False,
TSYHY,TravelSky Technology Limited,10.6,2026-08-05T22:52:18.049679+00:00,False,+4.8%,True,$3125.5M,,N/A,False,5.6K,False,$10.60 / SMA $10.78,False,2.86%,,N/A,True,93.3M,False,PNK,False,
TUWLF,Tullow Oil plc,0.19,2026-08-05T22:58:06.641354+00:00,True,+280.0%,False,$287.9M,,N/A,False,9.1K,True,$0.19 / SMA $0.19,False,2.33%,,N/A,False,1062.5M,False,PNK,False,
TWODY,Taylor Wimpey plc,11.18,2026-08-05T22:52:15.537946+00:00,False,+14.2%,True,$3883.5M,,N/A,False,50.3K,True,$11.18 / SMA $10.68,False,1.75%,,N/A,False,347.2M,False,PNK,False,
TXRH,"Texas Roadhouse, Inc.",208.5,2026-08-05T22:50:05.615095+00:00,False,+35.5%,True,$13704.6M,False,+10.0%,True,1138.2K,True,$208.50 / SMA $186.19,False,2.45%,False,+12.8%,True,61.7M,True,NMS,False,
TYHOY,Toyota Tsusho Corporation,22.91,2026-08-05T22:49:33.735289+00:00,True,+118.8%,True,$48375.7M,,N/A,False,21.6K,True,$22.91 / SMA $20.02,True,3.87%,,N/A,False,1855.4M,False,PNK,False,
UAA,"Under Armour, Inc.",6.76,2026-08-05T22:54:05.408008+00:00,False,+63.7%,True,$2882.0M,True,+37.5%,True,8748.0K,True,$6.76 / SMA $6.37,True,4.77%,False,+-0.8%,False,303.2M,True,NYQ,False,
UELKY,Ülker Bisküvi Sanayi A.S.,26.9,2026-08-05T22:56:06.683616+00:00,False,+13.1%,True,$993.4M,False,+-49.8%,False,0.0K,True,$26.90 / SMA $26.43,False,0.00%,False,+-3.9%,True,19.5M,False,PNK,False,
UGP,UGP,6.26,2026-08-05T22:51:57.022013+00:00,True,+108.7%,,N/A,True,+167.4%,True,3754.1K,True,$6.26 / SMA $5.52,False,2.53%,False,+10.3%,False,633.1M,True,NYQ,False,
UMBFO,UMB Financial Corporation,26.58,2026-08-05T22:50:09.778647+00:00,False,+4.2%,,N/A,,N/A,False,13.3K,True,$26.58 / SMA $26.27,False,1.02%,False,+14.2%,True,72.2M,True,NMS,False,
UMICF,Umicore SA,27.2,2026-08-05T22:50:20.495625+00:00,True,+80.7%,True,$6546.2M,,N/A,False,1.0K,True,$27.20 / SMA $25.41,False,1.40%,,N/A,False,215.9M,False,PNK,False,
UNCRY,UniCredit S.p.A.,49.05,2026-08-05T22:49:22.612769+00:00,False,+45.9%,True,$146981.0M,False,+-10.2%,False,456.9K,True,$49.05 / SMA $45.07,False,1.23%,,N/A,False,2991.0M,False,PNK,False,
UNIT,Uniti Group Inc.,9.69,2026-08-05T22:54:01.129878+00:00,True,+82.8%,True,$2352.0M,False,+-871.4%,True,2437.5K,False,$9.69 / SMA $11.14,True,4.81%,True,+202.5%,False,178.8M,True,NMS,False,
UNLRY,UNLRY,1.92,2026-08-05T22:52:14.902337+00:00,False,+11.0%,,N/A,,N/A,False,12.2K,True,$1.92 / SMA $1.87,False,0.39%,False,+3.0%,False,277.9M,False,PNK,False,
UNTY,"Unity Bancorp, Inc.",59.83,2026-08-05T22:57:54.871162+00:00,False,+34.9%,True,$600.7M,False,+-11.8%,False,60.9K,True,$59.83 / SMA $56.86,False,2.98%,,N/A,True,7.3M,True,NGM,False,
UPB,"Upstream Bio, Inc.",6.74,2026-08-05T22:58:00.848398+00:00,False,+15.2%,True,$366.8M,False,+-46.7%,True,588.1K,False,$6.74 / SMA $6.95,True,5.69%,True,+82.7%,True,40.6M,True,NMS,False,
UROY,Uranium Royalty Corp.,3.56,2026-08-05T22:57:58.417023+00:00,False,+41.8%,True,$1356.6M,,N/A,True,3009.4K,True,$3.56 / SMA $3.03,True,7.08%,True,+3906.1%,True,145.4M,True,NCM,False,
USAC,"USA Compression Partners, LP",25.71,2026-08-05T22:52:10.561570+00:00,False,+17.7%,True,$3727.2M,True,+92.9%,False,242.2K,False,$25.71 / SMA $26.27,False,3.00%,True,+35.1%,True,88.0M,True,NYQ,False,
USAR,"USA Rare Earth, Inc.",17.16,2026-08-05T22:52:01.032945+00:00,False,+49.9%,True,$4198.6M,False,+-158.6%,True,14235.1K,False,$17.16 / SMA $20.32,True,7.02%,,N/A,False,193.5M,True,NGM,False,
USAS,Americas Gold and Silver Corporation,4.81,2026-08-05T22:54:11.233072+00:00,True,+121.1%,True,$1623.6M,True,+137.5%,True,4527.5K,True,$4.81 / SMA $4.77,True,6.63%,True,+187.9%,False,270.9M,True,ASE,False,
USPH,"U.S. Physical Therapy, Inc.",77.71,2026-08-05T22:56:06.054880+00:00,False,+33.5%,True,$1182.7M,False,+-115.0%,False,246.3K,True,$77.71 / SMA $69.39,True,4.27%,False,+7.9%,True,14.8M,True,NYQ,False,
UWMC,UWM Holdings Corporation,1.84,2026-08-05T22:52:05.382085+00:00,False,+7.3%,True,$2972.9M,True,+175.0%,True,21858.3K,False,$1.84 / SMA $2.20,True,5.56%,True,+1124.8%,False,294.4M,True,NYQ,False,
UXIN,Uxin Limited,1.22,2026-08-05T22:58:00.180601+00:00,False,+7.0%,False,$268.4M,,N/A,False,252.7K,False,$1.22 / SMA $1.78,True,8.53%,True,+112.9%,True,85.1M,True,NMS,False,
UZAPF,Flughafen Zürich AG,295.75,2026-08-05T22:50:13.055982+00:00,False,+10.0%,True,$9078.9M,,N/A,False,0.1K,False,$295.75 / SMA $299.71,False,0.63%,,N/A,True,18.8M,False,PNK,False,
VACI.U,VACI.U,,2026-08-05T22:59:47.116161+00:00,False,N/A,False,N/A,False,N/A,False,N/A,False,N/A,False,N/A,False,N/A,False,N/A,False,Unknown,False,No price data available
VAL,Valaris Limited,76.97,2026-08-05T22:50:20.772748+00:00,True,+76.8%,True,$5330.3M,True,+54.7%,True,927.0K,False,$76.97 / SMA $81.33,True,3.59%,False,+-25.0%,True,56.9M,True,NYQ,False,
VARRY,Vår Energi ASA,9.65,2026-08-05T22:50:02.434435+00:00,False,+60.1%,True,$12044.4M,True,+312.5%,False,11.6K,True,$9.65 / SMA $9.58,True,4.04%,True,+102.7%,False,451.9M,False,PNK,False,
VBNK,VersaBank,19.36,2026-08-05T22:57:53.884092+00:00,True,+91.7%,True,$623.3M,False,+-11.5%,False,102.9K,False,$19.36 / SMA $20.02,True,3.54%,True,+27.1%,True,20.8M,True,NMS,False,
VBVBF,Verbio SE,44.05,2026-08-05T22:54:01.738115+00:00,True,+264.0%,True,$2806.7M,True,+263.6%,False,0.0K,True,$44.05 / SMA $43.94,False,0.00%,False,+13.2%,True,41.0M,False,PNK,False,
VCHYF,"V Technology Co., Ltd.",33.08,2026-08-05T22:59:47.696292+00:00,False,+59.6%,True,$312.7M,,N/A,False,0.0K,False,$33.08 / SMA $36.81,False,0.00%,,N/A,True,8.2M,False,PNK,False,
VEEV,Veeva Systems Inc.,213.51,2026-08-05T22:49:44.220806+00:00,False,+44.2%,True,$34683.3M,False,+14.6%,True,2909.7K,True,$213.51 / SMA $181.02,True,3.58%,False,+16.3%,True,148.9M,True,NYQ,False,
VEOEY,Veolia Environnement SA,20.46,2026-08-05T22:49:41.878242+00:00,False,+27.8%,True,$29967.7M,,N/A,False,384.0K,False,$20.46 / SMA $20.61,False,1.09%,,N/A,False,1269.8M,False,PNK,False,
VG,VG,12.43,2026-08-05T22:49:38.792475+00:00,True,+117.3%,True,$30880.6M,True,+26.7%,True,15964.6K,False,$12.43 / SMA $12.46,True,5.49%,True,+58.9%,False,506.7M,True,NYQ,False,
VKI,Invesco Advantage Municipal Income Trust II,8.97,2026-08-05T22:58:06.480955+00:00,False,+8.7%,True,$398.5M,,N/A,False,95.2K,False,$8.97 / SMA $9.10,False,1.25%,,N/A,,N/A,True,ASE,False,
VKTX,"Viking Therapeutics, Inc.",33.51,2026-08-05T22:52:17.086887+00:00,False,+46.0%,True,$3909.0M,False,+-89.7%,True,2320.5K,False,$33.51 / SMA $34.17,True,5.15%,,N/A,True,113.7M,True,NCM,False,
VLERF,Valeura Energy Inc.,8.45,2026-08-05T22:56:06.405095+00:00,True,+94.7%,True,$900.2M,False,+-61.5%,False,60.8K,True,$8.45 / SMA $8.05,False,2.46%,False,+-37.7%,True,85.0M,False,OQX,False,
VLOWY,Vallourec S.A.,5.28,2026-08-05T22:50:22.858860+00:00,False,+53.5%,True,$6989.7M,False,+-6.3%,False,186.1K,True,$5.28 / SMA $5.19,True,5.89%,False,+-11.7%,False,912.8M,False,PNK,False,
VLVCY,Volvo Car AB (publ.),4.7,2026-08-05T22:50:19.392415+00:00,False,+26.0%,True,$7102.6M,False,+5.0%,False,0.3K,True,$4.70 / SMA $4.37,False,0.33%,False,+-6.4%,False,298.3M,False,PNK,False,
VLXGF,Volex plc,7.2364,2026-08-05T22:54:15.372820+00:00,False,+53.0%,True,$1328.3M,,N/A,False,8.1K,False,$7.24 / SMA $7.68,False,0.29%,,N/A,True,130.2M,False,PNK,False,
VMET,Versamet Royalties Corporation,9.6,2026-08-05T22:57:51.811895+00:00,False,+13.2%,True,$1042.5M,True,+576.5%,False,198.6K,False,$9.60 / SMA $10.93,True,5.27%,True,+593.9%,True,37.5M,True,NCM,False,
VODPF,Vodafone Group Public Limited Company,1.65,2026-08-05T22:49:37.777309+00:00,False,+57.1%,True,$38131.5M,,N/A,False,27.2K,True,$1.65 / SMA $1.50,False,0.09%,,N/A,False,21987.2M,False,PNK,False,
VOLAF,AB Volvo (publ),28.5,2026-08-05T22:49:28.151669+00:00,False,+6.0%,True,$57953.4M,True,+40.1%,False,0.0K,False,$28.50 / SMA $34.76,False,0.00%,False,+2.7%,False,1942.4M,False,PNK,False,
VOXR,Vox Royalty Corp.,4.93,2026-08-05T22:58:04.488134+00:00,False,+57.5%,True,$339.7M,True,+3500.0%,False,480.5K,True,$4.93 / SMA $4.85,True,3.93%,True,+498.3%,True,63.5M,True,NCM,False,
VOYA,"Voya Financial, Inc.",100.11,2026-08-05T22:50:18.874212+00:00,False,+55.2%,True,$9076.6M,False,+23.2%,True,1154.5K,True,$100.11 / SMA $92.90,False,2.45%,False,+2.9%,True,90.2M,True,NYQ,False,
VRNS,"Varonis Systems, Inc.",43.4,2026-08-05T22:52:17.232404+00:00,True,+120.3%,True,$4984.9M,False,+-28.1%,True,2172.6K,True,$43.40 / SMA $39.61,True,5.01%,False,+18.3%,True,111.4M,True,NMS,False,
VSH,"Vishay Intertechnology, Inc.",33.18,2026-08-05T22:51:56.343728+00:00,True,+181.9%,True,$5089.1M,True,+266.7%,True,7457.8K,False,$33.18 / SMA $48.69,True,8.25%,False,+17.3%,True,124.8M,True,NYQ,False,
VTEX,VTEX,4.4,2026-08-05T22:57:51.529259+00:00,False,+54.9%,True,$750.1M,True,+360.0%,True,1427.9K,True,$4.40 / SMA $3.94,True,4.41%,False,+12.1%,True,42.3M,True,NYQ,False,
VWAGY,Volkswagen AG,8.79,2026-08-05T22:49:31.984314+00:00,False,+8.9%,True,$44063.9M,False,+-29.5%,False,331.9K,False,$8.79 / SMA $9.01,False,1.65%,False,+6.3%,False,2346.8M,False,PNK,False,
WEBNF,Westpac Banking Corporation,26.55,2026-08-05T22:49:26.291627+00:00,False,+30.2%,True,$90665.8M,,N/A,False,2.6K,True,$26.55 / SMA $25.29,False,0.70%,,N/A,False,3411.3M,False,PNK,False,
WEC,WEC,108.26,2026-08-05T22:49:37.316351+00:00,False,+5.2%,True,$35276.5M,False,+19.7%,True,2114.4K,False,$108.26 / SMA $113.49,False,1.94%,,N/A,False,324.9M,True,NYQ,False,
WERN,"Werner Enterprises, Inc.",37.82,2026-08-05T22:54:04.786050+00:00,False,+64.0%,True,$2268.3M,False,+-85.3%,True,1198.6K,False,$37.82 / SMA $42.28,True,3.96%,,N/A,True,58.8M,True,NMS,False,
WEST,Westrock Coffee Company,8.19,2026-08-05T22:56:10.240966+00:00,True,+128.1%,True,$799.0M,True,+69.0%,True,812.5K,True,$8.19 / SMA $8.09,True,5.63%,True,+44.4%,True,36.0M,True,NGM,True,
WFAFY,Wesfarmers Limited,32.18,2026-08-05T22:49:29.588439+00:00,False,+31.3%,True,$73066.8M,,N/A,False,97.2K,True,$32.18 / SMA $30.35,False,1.30%,,N/A,False,2263.4M,False,PNK,False,
WGS,GeneDx Holdings Corp.,69.91,2026-08-05T22:55:54.766952+00:00,True,+117.0%,True,$2075.5M,False,+-839.1%,True,1166.8K,True,$69.91 / SMA $61.37,True,8.23%,False,+17.4%,True,19.0M,True,NMS,False,
WHGRF,WH Group Limited,1.075,2026-08-05T22:50:00.695350+00:00,False,+18.7%,True,$14229.1M,,N/A,False,19.4K,True,$1.07 / SMA $1.05,False,0.00%,,N/A,False,7467.3M,False,PNK,False,
WILWY,Wallenius Wilhelmsen ASA,26.0,2026-08-05T22:52:01.630776+00:00,True,+85.6%,True,$5496.3M,False,+-41.3%,False,0.0K,True,$26.00 / SMA $26.00,False,0.00%,False,+-6.0%,True,130.4M,False,PNK,False,
WILYY,Demant A/S,22.1,2026-08-05T22:50:17.497315+00:00,False,+64.3%,True,$9321.7M,,N/A,False,0.1K,True,$22.10 / SMA $20.06,False,0.00%,,N/A,False,167.5M,False,PNK,False,
WK,Workiva Inc.,61.7,2026-08-05T22:53:59.272173+00:00,False,+42.4%,True,$3462.6M,True,+186.8%,True,1019.8K,True,$61.70 / SMA $52.05,True,5.22%,False,+19.9%,True,50.7M,True,NYQ,False,
WKCMF,Wacker Chemie AG,107.56,2026-08-05T22:51:59.660179+00:00,False,+48.2%,True,$5343.4M,True,+231.2%,False,0.1K,False,$107.56 / SMA $109.33,False,0.00%,False,+-4.9%,True,18.9M,False,PNK,False,
WLMIY,Wilmar International Limited,30.9,2026-08-05T22:49:54.126144+00:00,False,+41.0%,True,$19521.0M,,N/A,False,45.1K,True,$30.90 / SMA $28.71,False,1.24%,,N/A,False,178.0M,False,PNK,False,
WMG,Warner Music Group Corp.,26.0,2026-08-05T22:49:53.463510+00:00,False,+11.4%,True,$13562.0M,True,+385.7%,True,2532.0K,False,$26.00 / SMA $28.48,True,3.92%,False,+16.7%,True,144.6M,True,NMS,False,
WMK,WMK,74.66,2026-08-05T22:54:13.277710+00:00,False,+24.5%,,N/A,True,+48.7%,False,165.1K,False,$74.66 / SMA $77.43,False,2.98%,False,+4.6%,True,13.5M,True,NYQ,False,
WMMVY,"Wal-Mart de México, S.A.B. de C.V.",28.17,2026-08-05T22:49:31.041264+00:00,False,+5.8%,True,$48712.2M,False,+-8.5%,False,146.8K,False,$28.17 / SMA $29.08,True,3.40%,False,+4.1%,False,490.5M,False,OQX,False,
WNC,WNC,12.71,2026-08-05T22:59:47.966659+00:00,True,+91.7%,True,$517.8M,False,+-143.5%,True,1115.9K,True,$12.71 / SMA $11.38,True,5.89%,False,+-9.1%,True,37.3M,True,NYQ,False,
WNGRF,George Weston Limited,74.95,2026-08-05T22:49:44.106419+00:00,False,+24.6%,True,$28259.4M,False,+-47.7%,False,17.4K,True,$74.95 / SMA $72.26,False,0.03%,False,+4.1%,False,151.8M,False,PNK,False,
WOLWF,Woolworths Group Limited,18.9,2026-08-05T22:49:42.108140+00:00,False,+18.1%,True,$25955.8M,,N/A,False,0.1K,False,$18.90 / SMA $27.91,False,0.91%,,N/A,False,1219.4M,False,PNK,False,
WPPGF,WPP plc,4.064,2026-08-05T22:52:14.991434+00:00,False,+38.2%,True,$4384.3M,,N/A,False,0.3K,True,$4.06 / SMA $3.70,False,0.21%,,N/A,False,1077.9M,False,PNK,False,
WRTBY,Wärtsilä Oyj Abp,6.74,2026-08-05T22:49:46.036728+00:00,False,+25.7%,True,$19867.7M,,N/A,False,59.5K,False,$6.74 / SMA $7.37,False,2.44%,False,+-0.1%,False,2343.1M,False,PNK,False,
WS,"Worthington Steel, Inc.",38.09,2026-08-05T22:54:09.155383+00:00,False,+39.9%,True,$1940.6M,False,+-189.1%,False,292.0K,True,$38.09 / SMA $37.75,True,4.40%,False,+11.6%,True,45.1M,True,NYQ,False,
WST,"West Pharmaceutical Services, Inc.",351.02,2026-08-05T22:49:48.421346+00:00,False,+56.8%,True,$24703.3M,False,+18.1%,True,818.7K,True,$351.02 / SMA $340.18,False,2.86%,False,+13.8%,True,69.9M,True,NYQ,False,
WTBFB,W.T.B. Financial Corporation,449.89,2026-08-05T22:56:04.170560+00:00,False,+46.3%,True,$1134.1M,True,+59.0%,False,0.3K,True,$449.89 / SMA $406.16,False,0.90%,False,+21.1%,,N/A,False,OID,False,
WTCHF,WiseTech Global Limited,28.07,2026-08-05T22:50:11.278259+00:00,False,+48.1%,True,$9440.0M,,N/A,False,1.0K,True,$28.07 / SMA $24.90,False,0.49%,,N/A,False,189.6M,False,PNK,False,
WULF,TeraWulf Inc.,18.07,2026-08-05T22:50:06.275430+00:00,True,+286.9%,True,$8954.3M,False,+-531.2%,True,31996.9K,False,$18.07 / SMA $22.93,True,8.79%,False,+-1.1%,False,382.1M,True,NCM,False,
WUXAY,"WuXi AppTec Co., Ltd.",23.025,2026-08-05T22:49:34.029435+00:00,True,+84.9%,True,$68701.0M,False,+23.4%,False,1.9K,True,$23.02 / SMA $18.38,False,0.82%,True,+28.8%,False,2452.2M,False,PNK,False,
WXIBF,WuXi Biologics (Cayman) Inc.,4.65,2026-08-05T22:49:54.270512+00:00,False,+20.8%,True,$19094.1M,,N/A,False,0.7K,True,$4.65 / SMA $4.40,False,0.16%,,N/A,False,3731.1M,False,PNK,False,
WZZAF,Wizz Air Holdings Plc,14.96,2026-08-05T22:55:59.767184+00:00,False,+34.3%,True,$1548.1M,,N/A,False,0.0K,True,$14.96 / SMA $11.14,False,0.00%,,N/A,True,87.0M,False,PNK,False,
XIORF,Xior Student Housing NV,32.0,2026-08-05T22:55:52.761043+00:00,False,+9.7%,True,$1494.2M,,N/A,False,0.5K,True,$32.00 / SMA $31.17,False,0.22%,,N/A,True,38.6M,False,PNK,False,
XJNGF,"Goldwind Science&Technology Co., Ltd.",1.16,2026-08-05T22:50:00.222824+00:00,False,+30.3%,True,$4899.6M,True,+61.0%,False,0.5K,False,$1.16 / SMA $1.40,False,0.84%,True,+63.5%,False,3331.5M,False,PNK,False,
XMTR,"Xometry, Inc.",92.34,2026-08-05T22:52:07.015243+00:00,True,+157.5%,True,$5101.4M,True,+66.7%,True,953.8K,True,$92.34 / SMA $90.79,True,6.07%,True,+35.9%,True,48.7M,True,NMS,True,
XPEL,"XPEL, Inc.",50.29,2026-08-05T22:55:57.924150+00:00,False,+59.7%,True,$1386.0M,False,+19.4%,False,264.2K,True,$50.29 / SMA $45.66,True,4.50%,False,+13.1%,True,23.0M,True,NCM,False,
XPNGF,XPeng Inc.,6.365,2026-08-05T22:49:58.202114+00:00,False,+0.0%,True,$12177.4M,False,+-165.7%,False,0.3K,False,$6.37 / SMA $7.11,False,0.00%,False,+-17.6%,False,1418.3M,False,PNK,False,
XPRO,Expro Ltd,16.32,2026-08-05T22:54:12.599764+00:00,False,+66.4%,True,$1833.5M,False,+-87.5%,True,1169.4K,True,$16.32 / SMA $15.33,True,5.47%,False,+-7.0%,True,99.6M,True,NYQ,False,
XRN,Chiron Real Estate Inc.,35.06,2026-08-05T22:57:55.412866+00:00,False,+20.7%,True,$551.1M,False,+-140.0%,False,148.7K,False,$35.06 / SMA $36.37,False,2.57%,False,+9.9%,True,12.3M,True,NYQ,False,
XRPN,Armada Acquisition Corp. II,10.4688,2026-08-05T22:59:45.974426+00:00,False,+4.4%,True,$413.2M,,N/A,False,49.4K,True,$10.47 / SMA $10.43,False,0.29%,,N/A,True,13.4M,True,NGM,False,
YAMCY,Yamaha Corporation,8.25,2026-08-05T22:53:55.555583+00:00,False,+30.3%,True,$3629.1M,,N/A,False,0.6K,True,$8.25 / SMA $7.20,False,1.42%,,N/A,False,425.2M,False,PNK,False,
YASKY,YASKAWA Electric Corporation,67.74,2026-08-05T22:50:05.636300+00:00,True,+76.6%,True,$8784.8M,,N/A,False,11.8K,False,$67.74 / SMA $77.88,False,2.34%,,N/A,True,129.6M,False,PNK,False,
YNAJF,"Yantai North Andre Juice Co., Ltd.",1.1,2026-08-05T22:54:06.745626+00:00,False,+0.0%,True,$362.6M,,N/A,False,0.0K,False,$1.10 / SMA $2.09,False,0.00%,,N/A,True,64.7M,False,PNK,False,
YNGFF,Yangzijiang Financial Holding Ltd.,0.1677,2026-08-05T22:57:47.092633+00:00,False,+3.9%,True,$583.7M,,N/A,False,0.1K,False,$0.17 / SMA $0.18,False,0.00%,,N/A,False,1847.2M,False,PNK,False,
YSHLF,Yangzijiang Shipbuilding (Holdings) Ltd.,2.88,2026-08-05T22:50:04.269799+00:00,False,+39.1%,True,$11350.1M,,N/A,False,2.1K,True,$2.88 / SMA $2.77,False,0.00%,,N/A,False,2537.7M,False,PNK,False,
YZCHF,Yankuang Energy Group Company Limited,1.4,2026-08-05T22:49:44.881745+00:00,False,+22.8%,True,$14051.6M,,N/A,False,0.1K,False,$1.40 / SMA $1.77,False,0.00%,False,+6.5%,False,4647.6M,False,OQX,False,
ZG,"Zillow Group, Inc.",36.89,2026-08-05T22:50:15.466960+00:00,False,+27.1%,True,$8440.5M,True,+533.3%,True,1328.2K,True,$36.89 / SMA $33.37,True,4.81%,False,+18.4%,False,210.0M,True,NMS,False,
ZLAB,Zai Lab Limited,18.37,2026-08-05T22:54:08.184055+00:00,False,+15.1%,True,$2074.4M,False,+-25.0%,True,878.8K,False,$18.37 / SMA $18.59,True,3.62%,False,+-6.5%,True,91.7M,True,NGM,False,
ZLDSF,Zalando SE,26.0,2026-08-05T22:51:59.497594+00:00,False,+14.4%,True,$6349.8M,False,+-950.0%,False,0.0K,True,$26.00 / SMA $25.93,False,0.00%,False,+23.8%,False,221.4M,False,PNK,False,
ZNZNF,Zinzino AB (publ),13.8,2026-08-05T22:57:52.675107+00:00,False,+17.7%,True,$540.5M,True,+81.2%,False,0.5K,False,$13.80 / SMA $13.82,False,0.54%,True,+27.4%,True,22.1M,False,PNK,False,
ZUMZ,Zumiez Inc.,19.58,2026-08-05T22:58:04.300268+00:00,False,+39.5%,True,$330.4M,False,+-3.8%,False,217.1K,True,$19.58 / SMA $19.43,True,3.25%,False,+4.9%,True,13.0M,True,NMS,False,
